,title,review
0,DP,"This show is primarily a scathing indictment of the institutional bullying that takes place in compulsory military service in South Korea. Told with an ironic brisk tone and occasional sardonic dark comedy, the horror is real, never exaggerated but portrayed in a matter of fact way that makes it so much more effective and powerfully moving. Some other reasons for desertion are also shown like economic reasons. But the torture is the main thing here.this show is a success because the subject matter is a universal problem in any country where men are forced into so called military service and killed or injured mentally and physically. Akin to a normal innocent person being sentenced to prison and torture for a crime they didn't commit.There is an onward momentum and a fast pace unlike many other shows because this one has only 6 episodes. No slow moments or wasted scenes and all things come together. Sometimes you need to concentrate to keep clear who is who as there are many soldiers.Jung Hae In was so good in Something in the Rain but his recent projects like a Piece of Your Mind weren't good enough for him. He is such a terrific actor showing a sympathetic dramatic side here. In D. P. the bullying he suffers is so much more painful to watch because it is him and the viewer can feel his righteous indignation under his self control. Kudos to Shin Seung Ho who is well cast and very effective as a bullying sadist.There is a lot more to tell and season 2 should be a good one. Congratulations to the cast and crew and writer."
1,DP,This drama deals with very hard and sensitive topics that most people know but we tend to ignore. Raw emotions and feelings dealing with traumatic experiences caused by human nature ( although I should be saying men) . The story speaks about mandatory military enlistment for males in South Korea and how rotten those institutions and its hierarchical society is.The struggle of those men trapped in a system that doesn't help them and silences them and the constant battle of some good individuals trying to fight against it.The performances of the cast were outstanding and all the deep feelings and emotions were spectacularly portrayed.I also enjoyed the fighting scenes with Jung Hae-in actually boxing.The ending was surprisingly explosive I really hope there's a second season.Absolutely worth the watch.
2,DP,I am grateful that South Korea made this type of show as it's unimaginable to be made in my country.
3,DP,"This is a stunning example of how cinema or TV can be used to get people to be aware of and discuss something important.I can only imagine what it must be like to live in a country with compulsory military service, but this show and all of the cast do an excellent job of humanising (as in tells a human story) the situations that must occur when service is only a choice if you are rich or connected enough to make use of the loopholes.A must watch. But not an easy one."
4,DP,"D. P. (2021) has a good start and a great ending. The story, actors, music, direction, you name it, everything was well put together.Anyway, I don't know what else to say except to encourage you to watch this series. (*There are only six episodes.) It is worth your time. And whether or not there is a second season, this season already speaks volumes."
5,DP,"Wow! D. P. Is fast moving and gripping - I had to hold back from binge watching all six episodes in one sitting. So much sadness balanced by bits of light. Makes me pray that all militaries are working to end the hazing and cruelty that seem to abound when the wrong people are given power. Beautifully acted, don't miss it."
6,DP,"Must watch series from Netflix KOREA.1. The problems are most definitely real and you will sympathize with every character.2. I did not actually expect the series to be funny ....but it was.3. The CHEMISTRY between the actors is everything.Even the Cameos and the whole cast was excellent.Especially the relationship between the two leads.4. The storyline was unique but (seemed) very much true ,and even inspiring at a point.5. You might even cry.For everyone who wants to watch a slice of life, real, non-romantic, a binge watchable series this is IT."
7,DP,"Trailer gave me a good impression. Supporting cast done a great job especially hero partner done a great job with a humor.story show reality of army abuse. Because its 6 episode ,so they made it short and crisp. Overall well balanced show."
8,DP,"This drama far exceeded my expectations. Cinematography and direction are just exquisite. Every one of the actors gave it their best. OST is amazing. The story was well written and certainly important to tell. It does deal with graphic and brutal bullying including sexual assault. I can't recommend it highly enough, thank you to everyone who worked hard to bring this gem to life."
9,DP,A new recruit is assigned to the DP who are responsible for bringing back soldiers who have gone AWOL. A well acted drama which looks at the the unfair treatment of soldiers of all ranks and how bullying can become systematic. Each episode deals with the causes of why the soldier deserted and the efforts to return him. In a country where conscription is compulsory it will hopefully make the people look at the vicious cycle of bullying from all ranks against ordinary people carrying out service.
10,DP,"D. P. is a very realistic and dark series with excellent cinematography and acting. The way it tackles the sensitive issue in south korean military is mind-blowing and makes me think and reflect alot since such kind of issues are everywhere in our society in either direct or indirect way and the fact that if you want to make something change, you must at least do something calls out the people who normalize bullying and do nothing but ignore even if such happens in front of their eyes. The plot itself is interesting but the realistic acting skills of Jung Hae In make it shine more plus all the casts in the series did their great job. For me, it's the best series of 2021 so far."
11,DP,"Quite possibly the most riveting and affecting TV programme ever. After each episode I am left speechless, could just sit in my armchair and say....wow....wow.... Having recently switched on to Kdrama I'd thought it was really just good entertainment, but it also proves to be gritty, bold, brave, unswervingly critical, searingly honest, insightful and single-mindedly brilliant as well. This is a new series and it must win all screen production awards next time round. Wow........"
12,DP,"When you say ""military drama"", we usually think of difficult missions, war, spies, or back and forth shootings and explosions. However, this drama chooses to focus on the behind the scenes of a soldier and their human aspect.What really happens inside a training base? Why do soldiers deserts their positions and go into hiding?Well, watch it. And find out. It's worth it!Great work team."
13,DP,"D. P is fascinating film, i can't stop to go to sleep, 6 eposides is not enough, hope make season 2 soon. Jung Hae In did very well, proud of you."
14,DP,Netflix Korea has done it again. Here's another well written/directed/acted series that deals with a difficult subject so often buried by a system that does not support the victims. This series doesn't pull its punches and just gets better and better as each episode progresses. Superb cast.
15,DP,"Review By Kamal KPretty good show, a little on the slower side at times, but with intriguing characters and situations. The two leads in the show do an excellent job playing their roles, and their chemistry together was one of the best parts of the show in my opinion.Acting is great, story is good. This show will definitely make you angry, keep that in mind. There are so many characters who deserve severe punishment for how they treat others during service, but unfortunately not too many of them get what they deserve. Plenty of gruesome, humiliating, and downright infuriating bullying scenes with little payoff at the end in terms of change in behaviors or punishment for their actions. One of the things I hate the most in this world is when people think too highly of themselves and treat others poorly, and this show has a lot of that. This show is mostly just scenes of individuals who think they're better than others and abuse their power, only for the victim of the abuse to turn around and abuse the next person down the ladder. Almost like a domino effect.Overall, a good show with a decent story and great acting. Just prepare to be very angry."
16,DP,A drama that shows the naked army of Korea as it is without filtration.
17,DP,"Having made my compulsory military service in Switzerland, more than
40 years ago, compared to what is shown in this serie, it was almost
a pleasant time, even though I was and still am a convinced pacifist.But the general idea was and is still the same in most of our societies.Most of the people abuse of their rank or power. That is also valid
in the civil society.I remember at the beginning of my training period, about 60 to 80 %
were against the army system. At the end of my first four monthes,
there was almost none who didn't shift their view. I did not.Most men are just sheeps going with the stronger current,
and are afraid to confront abuses. Hopefully, there are
everywhere some who are not (...so much).A few times, I was really on the verge to have bad problems,
punishments (had some), jail (could avoid it :-) and by the fact
I stood my ground, and was lucky not to have such crazy bullying
people like in this series, could avoid the problems shown in D. C.In the civil society, it works the same way.You have to develop (if you don't have it in your genes) a self
confidence to know exacty where is the green and the red line,
and at any cost, are forever decided not to cross to the
wrong direction.This Korean serie is very interesting, because it's courageous.The acting is excellent, and even though, for my taste, it had
sometimes a little too slow pace, the story unfolds very well.The end is one of the logical possible ones. Nevertheless very sad.In two words : Great serie !"
18,DP,"Loved the story, especially the way each episode takes us through different issues faced by the individuals. The cast is another highlight in the series, everyone's acting in the series is amazing, my personal favorite is the actor who has played the role of Suk Bong.Didn't expect the series to be this intense, Left me curious to know more about what else happens in the Army which never is revealed."
19,DP,The past three years there have been produced some absolute gems from the Korean peninsula. And Netflix has had a hand in alot of them. This right here is another Korean masterpiece. I hit the thumbs up in the middle of the second episode. 🎭
20,DP,"This TV show bluntly depicts the dark side of military life set in the early 2010s. As a Korean man who finished the military service a little prior to this show, I praise the writer and director for their efforts to put every detail of Korean Army life into the show which reminds me of those days for a while. I'm surprised that the director contains every possible bad accident and unfair system a newly-assigned soldier in the troops should feel, experience, endure, and finally accept. (but actually not all of those bad things happen to one person or one troop at the same time.) Anyways, watch this show. This will leave you many things to rethink in your life, relationship, and community you're in."
21,DP,I have watched a lot but this series takes it all. A very capturing art. It has left me with lots to think of for many days. Praying for a season 2. Best spent six hours.
22,DP,"Six episodes that talk about bullying and the consequences of it in the Korean Army, the kind of story that you won't hear. It's dark, it's realistic and if there is truth to it, *smh* Good acting, great music and there's some decent action as well. But it's mostly a drama and if you like drama, I'd recommend this."
23,DP,"I was always curious about why going to military service has to be mandatory for all? When people with connections can easily skip it and take advantage. They just end up forcing people to go for two long year for fulfilling the countrys demand. However, the same country keeps failing people when they need it. Military bullying is something that EVERYONE knows. But no one wants to talk about it. This whole series portrait the rotten side of the service. It was a short series with only 6 episodes. Still, they did a good job with it. The characters played theirs roles very very well and everything was balanced.I really hope someday Korea can change their system and policy regarding this.Anyways,
It is a MUST WATCH K drama. Give it a try."
24,DP,"Short , well acted , really good characters , the series touch interesting things ,loved it . From argentina."
25,DP,Funny and sad=and more-shame only 6 eps pref 10/12 eps be better-not sure if a one off of if s2 will come.
26,DP,"This film informs viewers of the reality of the Korean conscription army, 100% without any manipulation or beautification. I joined the Korean military in 2012 and was discharged in 2014. I guarantee that there is no malicious description of the Korean military in this film. This is 100% real, but there are more terrible things in reality. Even though Korea is a free democratic country, it is dragging young men and treating like slaves. And without paying fair treatment, he put it in a beast cage like that drama and forced everything. Despite living in such an environment, Korea does not pay any respect or compensation for the soldier. KPOP, K DRAMA, and so on are all false. This is the reality of Korea. I hope you guys don't admire this beastly country. And i hope you guys respect all soldier in this world."
27,DP,Shows the transformation of an average human being after being knocked down in the army for 18 months (South Korea) and enduring all sorts of physical and psychological abuse. A man is not supposed to complain about pain. And worse If it is in the army not in front of his peers.
28,DP,"Finished 6 episodes in 6 hours nonstop. I admire how it deals with the reality of military service in Korea. Bullying, abuse, bystander, connections, toxic hierarchy and seniority- so many real issues that we see are portrayed in this short series. I cried in a few episodes of how sad yet unfortunately real are the reasons why soldiers flee. The system sucks, no justice is served - no wonder why men dread doing their service. Man, I have no words to explain what I felt and what I learnt from this. Amazing series! Loved the cast."
29,DP,"I don't feel so good when I see it all.Because this is so realistic and heartbreaking.All Korean men should go to the military.At home, they were a precious family, but when
they go to the military, they are just small items."
30,DP,"Beautifully written,well acted,what more you want. All the episodes were beautiful which makes it difficult to pick which one is the best Wished there were more episodes
The mid credit scene hits hard."
31,DP,"Truly realistic. Mad respect to everyone who work hard for this. I hope more people check this great one too. Must watch, it's really great."
32,DP,"This is such a RAW tv show that will make you shocked, appalled, and excited while watching every single episode. If you are not watching this show because you think it's only about the conscription in south korea, then you are missing out big time. This show is more about people who have gotten driven into the dark side of their own life pushed by the social system. It's not just about army dudes in south korea. It's about anyone who are in any organization wherever they are. Just because you are free to go in and out of any situation, that doesn't mean you are free from obligation. We all have to bear humiliation and desperation at some point and that is what this show is about."
33,DP,"This is good takes awhile for it to build its not a quick paced series and a little tough for caucasian people to recognize the characters as a lot of them look alike dressed up in the same military outfits.The military hazing in Korea is somewhat different than that in the USA they don't hit you here just physical punishment and they leave your mother out of it other than calling you a momma's boy.Episode 6 was the lest favorite they seem to be running low on ideals and than there is the ending that you won't see unless you let the credits play out, was Korean stupid."
34,DP,"Intense, humorous at times, and really heartbreaking to see what some of the soldiers go through. The soundtrack was really great as well."
35,DP,"Good action serie. What bullying can do to a person. Shown very well in this serie. Really moving to see. And also the other reasons to help family. I would have loved to save him myself. I was just fighting along in my mind, very sad. Just a warning that this can cause bullying. But of course taking revenge is not good."
36,DP,"It definitely shows the hazing and issues in the South Korean Military, the acting was amazing, the plot is really good, the chemistry was great for the 2 leads, and the comedy or funny parts in the show were timed perfectly. If you still havent watched it you should watch it now!"
37,DP,"I usually don't enjoy Kdramas, the over the top long camera shots where the main character is in despair.... the gratititious romance. But this show really made me want to watch more Korean content. Is is a great mix of humour and drama. Have you laughing one moment and feeling despair the next. Great all round series..... highly recommend it."
38,DP,"Its one of the best antiwar and violence film/series I have ever seen.No need for S2 or anything, the ending says it all.Now I want to read the webtoon that inspired it.Its beautiful, short, concise and brave.Koreans are killing it, they are the best at long form film storytelling these days."
39,DP,"I didn't know what to expect with this one, but from start to finish I was sucked in. This is one show that really can show the dark side of being in the military, it doesn't matter what country your from, the rumours are there, this show just brought it to your screen. It was well done had good fight scenes and great filming as they ran all over the place. I really must say, I appreciated the actors emotions in how they delivered the message of thier disappointment in not getting fair justice for thier comrades. It also showed that the higher ups have to grapple and work with corrupt power hungry people above them while they themselves know the system is not fair. I liked seeing the 2 DPs trying to find thier way, in how to be humane about thier job, knowing it is not easy and each story was not simple but complicated, sometimes more complicated than they expected. Here is where you could see them holding onto thier own humanity as they had to do thier jobs and adhere to military rules that were just sometimes unfair.I hope I haven't spoilt anything for you, season 1 is only 6 episodes, I really enjoyed it and yep a spoiler alert here, cant wait for season 2, they are waiting for Netflix to pick it up. I gave 10/10 as it was well written, acted, and filmed."
40,DP,"I liked it so much. It's funny and it was different, realistic."
41,DP,"This series is good overall, but the episodes fluctuate from 7-9 in my ratings. Last two episodes are really good and a lot darker in tone. As fellow citizen living in conscription country (not South Korea) I can see the importance in this series. Our country doesn't have it nearly as bad as this series implies it is in South Korea, but nonetheless I feel this heavily.This series has few problems. Firstly it has overarching story, but it breaks in the middle somewhat. Episodes 3-4 are more stand-alone episodes, but they have some parts for the overarching story.Secondly sometimes the series seems too action-comedy movie. There are times where the episode should turn into more dramatic, but it sort of cheaps out and turns into action film fist fight action, when it implied before it might turn into more violent dramatic fight.Thirdly it seems there was lack of funding and the series feels it revolves around same sets too much (this might be somewhat used as intended effect, but it just breaks the illusion about great military complex). Out in the cities the series uses more sets and is more detailed.I can't really analyze acting that well, because I don't speak Korean and don't know their culture enough to understand nuances. For me it was good enough even though the main character seems bit ""cold"" until 5-6 episodes."
42,DP,"It's not the genre I'd usually watch but with such a cast, it was hard not to try and give it a chance. Insanely moving. Mesmerizing and heart breaking. Kudos to the whole team for such a beautifully produced show."
43,DP,"This drama is a mixture of appropriate fiction of the problems that are occurring in the true Korean army, and you can see the cruelty of the conscription army in this drama. And how young men Korea is exploiting.During World War II, the conscription rate for men in Germany was 78%. At this time, Germany was at war in an extreme militaristic state. But look at Korea. Only young men have already exceeded 90% from the conscription rate and are expected to reach 98% When reached 2022.I have no intention of maliciously criticizing any particular country. However, we have to face the reality, and we wantto let foreigners who have seen this post know how serious Korea is now.This film informs viewers of the reality of the Korean conscription army, 100% without any manipulation or beautification. I joined the Korean military in 2012 and was discharged in 2014. I guarantee that there is no malicious description of the Korean military in this film. This is 100% real, but there are more terrible things in reality. Even though Korea is a free democratic country, it is dragging young men and treating them like slaves. And without paying fair treatment, he put it in a beast cage like that drama and forced everything. Despite living in such an environment, Korea does not pay any respect or compensation for the soldier. KPOP, K DRAMA, and so on are all false.This is the reality of Korea. I hope you guys don't admire this beastly country. And I hope you guys respect all soldiers in this world.During World War II, the conscription rate for men in Germany was 78%. At this time, Germany was at war in an extreme militaristic state.But look at Korea. Only young men have already exceeded 90% from the conscription rate and are expected to reach 98% by 2022 by on national defense obligations even though they are not at war. Is this something that can be done in a free democracy? If a Korean man refuses to be conscripted, he will go to prison. Human rights are completely ignored. Those who are fond of Korea, please do not judge this country by looking at KPOP and KDRAMA. Please. Korea is now facing militarism, and even after implementing the conscription system, it did not pay soldiers properly, did not provide proper meals, forced them to get the coronavirus vaccine, and sometimes injected saline solution. Nevertheless, a person named Seo-uk, South Korea's defense minister, has not come up with any solutions.This is the average diet of the Korean military, and the second picture shows Korean veterans and American veterans.Korean soldiers are thoroughly isolated from society and consumed like machines under the custom of national defense obligations. The reality of the South Korean military has been known around the world through a Netflix drama called D. P., but South Korea's Ministry of National Defense says it will continue to implement the conscription system. I can't move on from this problem anymore. It will inform the world of this problem. If you have seen this article, I would like to tell you. This is Korea."
44,DP,"I ensure that only when we come up to watch this drama with whether your expectation or not, do you seem immersed into the blowing-up atmosphere of the realistic facts hidden or kept out of our vision. The best meaning through all scenes I really sympatize to each characters is TO GET OWN RIGHT EQUALLY, WE HAVE TO PAY SO MUCH,"
45,DP,"Korean Drama ""D. P."" is an intense drama that takes its strength from the reality that it presents.The drama follows the main character as he discovers along with the viewer the small cases that build up to the final one. That main character is presented more like a blank canvas, with few clues of who he is and what sets him apart from the rest. He is probably there to be the eyes and ears of the viewer and even his decisions are closer to the ones everyone would have opted to.The other characters were more colorful and dominated the scenes in a more powerful way. Nevertheless, the actual story was pretty intense and emotional, being tragic because it felt and probably is close to reality.Finally, the performances were all great and walked side long with a great script and well paced story.So, overall, 8 out of 10."
46,DP,"Jung Hae-In does a wonderful performance. It's so much more complex than his usual romance roles, he really does this series justice and should be recognised for the quality of his acting.The overall story is beautifully heart wrenching. What I appreciate though is the honesty of everything. Of the state of things, the false promise of change as well as the inability to do so. But also the irreversible and damaging consequences of being mistreated.The whole soundtrack is absolutely incredible too, consistently so.Watch this if you want something that will touch you but is also wholeheartedly real. Much grit and harsh reality throughout."
47,DP,"Yeah of course, the genre is not a romance but a military-related action. The whole series is tense and dark but in some parts, the tension is reduced by some comedies in an enjoyable way. The plot is surprisingly interesting and the acting of main lead Jung Hae In is legendary in this series. His chemistry with his co-stars and supporting actors make this series shine more. The issue in which this series highlights has to be discussed more widely and eliminated from our society permeantly. Such a great series with great message."
48,DP,"D. P. is a very dark and ironic series in that there are no enemies in the tunnels dug by the enemy, only comrades who kill each other. The soldier's kettle has been in use since 1953, so what is expected to change the army just because of a few deserters?For me, the series is excellent, with an outstanding ending and a wonderful cast, this is the best Korean drama I've seen in 2021."
49,DP,"Storyline: This series makes us to feel that bullying is not acceptable at any place school, work every new place we'll go. All characters played the role properly except the action part.The action part, we can see clearly that the punch don't connect, the camera view hmm. Disappointing, other part is good.Binge on watching: Not really cause every episode is a new story. You don't crave badly that want to know what's next but this series only 6 episode, maybe you will absorb all."
50,DP,"Netflix should immediately write a fat pay check to the whole team behind this project, even though I had reservation with the director due to his previous work history but God damn this show completely blew everything. The camera setting, editing work. Serious acting unlike cringe acting that we find on other korean show. This is huge ground breaking new direction of korean cinema."
51,DP,"Korean movie industry are better for me than Hollywood. I just hope there are more tv shows like this, instead of those cutesy dramas. The latest shows of Jung Hea In and Lee Jee Hoon just had me hooked. Great actors, quality shows."
52,DP,"Very raw, realistic, full of tension... Overall great drama."
53,DP,"This Netflix D. P. K-Drama focusing on compulsory military service in South Korea is definitely worth watching. I never watch war themed shows and only watched it after a search for the lead actor which I loved in other K-Drama. So if I say it is worth watching, that says a lot because normally I would have turned something like that off. But it intrigued me from the beginning because I was wondering what the ""D. P."" was. That mystery title is divulged in the first episode and I suddenly realized what this show was all about. I was surprised to see my favorite actor in such a serious role, and he did an excellent job. Jung Hae-in played Private Aho Joon-ho, who grew up street fighting to protect himself and his sister and mother, was disadvantaged, and had an abusive step-dad, and is empathetic to those that get bullied. He had no connections whatsoever. He himself was immediately bullied by the upper ranks during basic training and managed to standout during his placement interview. He had no real previous skills other than delivering pizza but because of his height was placed on the military police detail. Very soon, he was chosen to go ""outside"" to find deserters and bring them back. The other senior elites are wondering why this junior is chosen so quick to go ""outside"". His first trip outside quickly changes him and the way he thinks about everything and you will have to watch to see why. There is violence, fights and blood, but also empathetic scenes and lessons to be learned from the series. Season 2 will be coming soon."
54,DP,"This was both one of the very best and most depressing shows I have watched. Superb acting, story, directing, everything. The story's theme is quite heavy, but phenomenally scripted and performed. The series gives insights into the life of soldiers and officers in the South Korean military. Watching this will change you."
55,DP,Wow I am totally blown away.I was going to just watch first ep while eating late dinner but ended up watching whole series in one seating. LolI didn't even know there is such military unit exists. Really interesting subject.6 episodes is way too short. I wish they will come out with season 2 soon.
56,DP,"SPOILERS: I just wanted to vent. But ffs I can see the show ending the way it did but I hope to God it ends up being a dream after they got knock out when they crashed the car in the tunnel. However, it sucks that I can can certainly see it ending the way they did. The last scene after the last scene just seemed like maybe it wasn't the case. Plus it states this show is still running 2021-"
57,DP,"I'm the first person who gives it 5, so let me write why:
by the episode intro, it looks like it's about one guythe first episode is a good setup, i was personally rooting for himfrom episode 2 it starts to be a drama and comedywe learn almost nothing about the main guy (also close to nothing about the other guys)we're supposed to root for one guy for being bullied/harassed, although we barely see himthe last scene, between the credits, is understanble. Or what, should I be surprised, after seeing the decission of that soldier, minutes before season 1 ends?it's only 6 episodesthe family relationship of the main guy is poorly explainedSeason 1 feels like a story a friend tells you over dinner. You listen to it and you try to relate, but the next day, it's already forgotten."
58,DP,The main lead is just awesome. He portrayed the role to the fullest. Every scene he acted came out so well. He got this eye's that can literally convey every emotion. And the plot is very interesting just like the titles every episode has it's own story. Overall the series is a must watch if you ever wondered what happens inside the military. What the soldiers go thriugh both physically and mentally during their serving period. A must watch!!!!!
59,DP,"It's an amazing story and wonderful piece of tv, that I strongly recommend watching even if for no other reason then just how wonderfully it is made and filmed. But even with how wonderfully it is made the best part is without a doubt how amazing the story is, although it's truly a horrifying tale. A story so gruesome and yet still very human. While I think it's based on reality I sincerely hope it's not. Altogether an amazingly horrifying tale."
60,DP,"1. The performance of the cast was fantastic, you can feel the same with the character in the series and the chemistry between two actors can make you smile the whole series.2. This series were filmed satisfactory, it can make you feel like being in the scene, the technics that they used were absolutely new and awesome.3. The music, is the thing that you shouldn't miss it because it was absolutely great.It's worth watching this, you shouldn't miss it.It doesn't take a long time to watch it because it's just 6 episodes."
61,DP,I need season 2 with more than just 6 episodes. The whole cast are amazing and talented.
62,DP,"This six-episode celluloid revealingly modernizes the menace to the serene society.It is the generated danger from accompanying the well-raised essences with the degenerated persons in one room.This work made me remind how I was vicious at some time I wasted during my compulsory enlistment service time, and how injustices inverted to be typical and fair to ranks based on their lousy law toward any and every fresh conscript and civilian as well.I remember how was the leave of a private (from an old enlistment batch) with dropping tears on his cheeks, distributing apologies for attitudes and sleaziness he made toward me and many others of privates, what he-formed to act by ranks orders-unintendedly pushed to execute.This work, like many military-society works-made, I do respect it, has true performances for real issues-showed."
63,DP,"This series talks about military life in South Korea and the ethics that each soldier must abide by in the service of their country.We saw in it the harms of discrimination according to the rank of the military, and the opposite of that is the brotherhood between its members."
64,DP,Binge watched the entire series. Didn't expected it to be this good. One of the best Korean series. Loved it. Wonderful acting by all main leads. Very nice story and emotional drama. Hope season 2 will be there.
65,DP," TIghtly written, scathing indictment
"
66,DP," Will make you hate human nature, brilliant performances.
"
67,DP," It's the same thing with Indian army.
"
68,DP," Doesn't pull its punches
"
69,DP," One of the best 2021 series on Netflix!
"
70,DP," Dark and insightful
"
71,DP," Eye opening. Must watch
"
72,DP," Worth it
"
73,DP," Must see
"
74,DP," How hard can it be
"
75,DP," I'm now suffering the pain for days after finishing D.P.
"
76,DP," Unswervingly critical and searingly honest.
"
77,DP," Not your usual Military Drama
"
78,DP," fascinating film
"
79,DP," ""If he was so kind and diligent, why didn't you do anything when he was getting bullied?""
"
80,DP," Dark And Unhuman
"
81,DP," awesome drama
"
82,DP," Great serie, indeed. Can be extended to all human society, unfortunately...
"
83,DP," Totally Binge worthy series!!
"
84,DP," Wow!
"
85,DP," Hyperrealism
"
86,DP," Best mini-series of this year
"
87,DP," More of a drama than a thriller.
"
88,DP," A must watch
"
89,DP," Amazing
"
90,DP," loved it
"
91,DP," As a man who once served in the military in Korea, I write a review of this film.
"
92,DP," Being in the army is not a human right
"
93,DP," Raw and straight to the issue
"
94,DP," Once you start watching a drama, you watch it to the end.
"
95,DP," Touching drama mini series
"
96,DP," An eye opener to what reality is.
"
97,DP," Profounding is the word to express about this show
"
98,DP," very good nice change
"
99,DP," Too short
"
100,DP," A very good action serie!
"
101,DP," Worth watching
"
102,DP," One of my favorites
"
103,DP," Fullmetaljacket, but with more humanity and soul
"
104,DP," Intriguing and dark
"
105,DP," Wowww Woooww Wowww
"
106,DP," Serious drama that has few comedy-action elements to tone it down.
"
107,DP," Incredibly filmed
"
108,DP," I convey the reality to everyone who watched this drama.
"
109,DP," It's overwhelmingly amazing!
"
110,DP," Good Enough
"
111,DP," Will break your heart but you'll have no regrets
"
112,DP," Best series of 2021 even without a female lead
"
113,DP," Best Netflix Korea series in 2021
"
114,DP," GOOD
"
115,DP," Best korean drama
"
116,DP," Great acting, great tv series.
"
117,DP," Finally Korean drama without cringy romance.
"
118,DP," Enthralling Eye Opening Military Drama
"
119,DP," Thought Provoking
"
120,DP," My only complaint is it is too short!!
"
121,DP," Such a great first 5 episodes. I really hope the 6th episode ending was something than what it really was.
"
122,DP," Why is 7 the lowest?
"
123,DP," ACTION and DRAMA
"
124,DP," Amazing yet horrifying
"
125,DP," Worth watching this
"
126,DP," It is awesome!!
"
127,DP," The Decriminalized Conscription
"
128,DP," welcome
"
129,DP," Superb
"
