,title,review
0,검법남녀,"I have watched a japanese, US drama on forensic doctor too. This korean made drama is the best. Seeing it do I know that actually the room for a forensic doctor to examine the dead bodies does not allow entrance of nonrelated staff or police. You must look at the examination process through a glass wall outside the examin room. Everything in the drama is so authentic.The plot of each case is terrific too, attracting you to follow till the end.
Male lead is not a handsome oppa, but a black skin nasty middle aged man. His character and appearance makes this drama so atypical to normal kdrama.All in all, a drama that is seriously produced to reflect the actual work of a forensic doctor."
1,검법남녀,I still have hope for season 3 but i dont think they will continue this series. I actually think that season 1 is better than season 2.
2,검법남녀,I lower my rating to 8 since I did not like the season 2 that much. I will wait for season 3 to finalize the review.
3,검법남녀,A reclusive forensic examiner and a bubbly prosecutor cross paths regularly in the carrying out of their duties. Like many of these programmes it is the science that is the real star. A well acted nicely paced series with lots of twists and turns but be aware there are lots of realistic autopsy scenes. As a footnote I read an article recently that said programmes like this make it harder for prosecutors to convince jury's that people are guilty because they expect definitive information like this type of programme produces.
4,검법남녀,"This drama Season 1 was very poorly made and the standard is similar to all those average dramas in 2015. It is far worse than the Season 2 which is also nothing outstanding in the end.
All of the stories like to make lousy coincidence with non realistic and common sense. Its another bad directorship. It also like to emphasize English speaking but it damages the style. A lot of the human to human interacts are very non realistic and the Korean or other countries system never work like this drama showed. The director knows nothing about government levels systems and procedures.
A lot of styles of acting and story line are back dated and can be said worst than lots of Asian dramas."
5,검법남녀,A wonder detective drama with 0% vulgarity and 100% entertainment!!
6,검법남녀,"You must watch this drama, it has absolutely unique plot, used accessories such as body parts, ""corpses"" are like real ones. all actor specially who played as Dr.Baek are charismatic, they all can impress all the feellings every characters perfectly. this drama keeps you on your toes from the beginning and always surprises you with unexpected ending."
7,검법남녀,Thoroughly enjoyed S2 and hoping to see some loose ends tied up. Need Eun and Do to take down Gal once and for all.
8,검법남녀,"This is (at least, it's supposed to be) a procedural drama - the procedures being those of the Forensic Service and the Prosecution Service. So it is not unreasonable to expect that while the cast may break the rules from time to time, they do at least know what the rules are supposed to be. Forensics-wise that works okay - procedures are followed and explained, and the science is (more or less) respected. That said, I suspect a half-decent defence lawyer could shred them on cross-contamination of DNA evidence.Where the drama falls down almost to slapstick is with the Prosecutors, especially the heroine. Every one of them is corrupt, lazy, personally over-involved with a case, highly partial or/and incompetent. Our newbie Prosecutor heroine at her first crime - Moves. The. Body (I mean, come on!) for no particular reason, and contaminates the scene by not wearing protective clothing. She routinely rushes from one half-formed conclusion to another as new pieces of evidence arrive, acts on hunches, and constantly gets over-emotional when she should be calm. In one episode she tests the thesis that a boy had over-dosed by taking an overdose of the same pills herself - when on her own! No-one to observe or help if anything goes wrong - and then ""proves"" his state of mind based on the hallucinations she experiences. It's ludicrous. We are supposed to believe she is the top product of years of legal training to reach her position - did they teach her nothing? Frankly, her behaviour is just ditzy and worse than amateurish.Now, pitting an uber-rational Forensic scientist against an over-emotional Prosecutor is where the dramatic tension is supposed to come from. But when, as here, the Prosecutor is made not just over-emotional but dangerously unmoored from due (and basic common-sense) professional process, the tension fizzles out very quickly, to be replaced by OFFS irritation. The result is not an exciting match of mutual respect between two professionals each with their own different approach, but between someone who is good at his job and someone who is downright at hers.Poor."
9,검법남녀,This drama open our eyes about spirit of seeking the truth!
10,검법남녀,"An average show. It's not obviously bad, but it's clearly not good either. Too much artificial drama that's not based on anything, mediocre acting and generic storylines that are interrupted all the time by hectic and cliché looking animations/effects that probably are supposed to look scientific."
11,검법남녀,"The plot is ok, even when is a asian copy of CSI, but what really bother is the amount of surgeries in the young actors, faces in a Japanese anime looks more real."
12,검법남녀,"The storyline is hooking, and I enjoyed watching it. However the behaviour of the prosecutor was horribly cringey. I understand why she was written like that being a green horn, but it put me off quite a few times."
13,검법남녀,"I watched both the 1st and the 2nd series and it was nothing but a pleasure to explore the story of this series. Crime genre uplifted by some of the most interesting investigation methods ever explored lead by Jeong Jae-yeong. The casting for this series played a crucial part in it's success along this ever evolving story. If you think you saw it all, let me tell you, you haven't until you've seen this series. A must watch!!!"
14,검법남녀,"My opinion is that season 2 is far better than season 1. After finishing season 1, i was not even going to watch season 2. However, since it gets harder to find something to watch after a year of quarantine, i gave it a chance and i really loved it. Season 2 is much more suspenseful, and the dose of unfunny comedy elements is lower. I hope to see a new toxicologist in the next season who does not speak even a word in English."
15,검법남녀,"The lead characters are just screaming on top of their voice. I understand that in Korean culture, people can be a bit vocal, but this is just too much. Apart from that, the pathologist and cops just keeps interfering in the other person's jobs, telling them what to do and lot of screaming and shouting. Couldn't want more that just a couple of episodes."
16,검법남녀,"So the story is a 10 out of 10, one of the best series I've ever seen. The down sides for the 8 instead of 10 are:-> The constant blurring of weapons and corpses, which I understand why but it shouldn't be censored in a series in which a lot of its content is based on dead bodies' examination.-> On the second season, the new girl from the NFS (toxicology) is a little annoying when she speaks in english. I guess it's because the first one spoke too, however her english was very clear but the one from the new girl is not at all.The writing is incredible and the way they revealed the bed was empty was just magical. I'm patiently waiting for the 3rd season!"
17,검법남녀,"Great plot ,directing ,production,acting and all autopsy details. Have to look by yourself"
18,검법남녀,"Every actor in this series acts over the top. Everything is an absolute drama, even eating pork skin (apparently its a Korean delicacy, pork scratching don't do much for me). But the story lines are addictive as is the main forensic pathologist Dr. Baek Beom. I haven't quite got to season 2 yet but apparently the English speaking head of toxicology is a different person in season 2. The woman in season 1 was ridiculously annoying if stunning to look at.I will definitely watch season 2 and hopefully the overacting is toned down a little bit. One of the better Korean dramas but not the best.(edit)
I've now watched season 2 and the overacting is toned down a little. The replacement for the English speaking head of toxicology is just as annoying as the original but not as pretty. The storylines were probably better than season 1 so that's a good thing.Its just a pity that the two lead characters didn't evolve, they remain the same throughout the two seasons. Baek Beom (pathologist) remains grumpy, and Eun Sol (prosecutor) remains completely useless at her job.A new character in season 2 is Doctor Jang Chul, now this character has a great storyline and the actor (Min-woo No) does an excellent job. Its a pity its basically all over and done in two episodes. He does carry on throughout the series but the storyline reduces somewhat.All in all a very good K-drama to while away the time."
19,검법남녀,"A no-nonsense man meticulously in his job of post mortem and finds hard-to-find clues.A newbie girl as prosecutor. Lots of gore and bloody cutting scenes (some blurred), including of bodies buried years ago, or burnt body.Genre: medical, crime, mystery, false arrests, trauma past, apartment neighbour.Positives: the man's cold brilliance. Educational content on finding clues and best practices of securing evidence.Negative: Neither of the lead actors are good looking enough. Lot of unnecessary shouting, forced dialogues (to make the viewer understand some procedure). Dialogues unnaturally distributed between the people present in a scene. Too fast cuts. Wannabe English show off. The villains/culprits are far from smart..instead, somewhat kiddish or cartoonish, who suddenly confess and narrate everything.The man mouthing 'don't write fiction' was good at start, but later was like a catchline used inconsistently.There is scope for many more episodes, given the format of adding a new case once the previous case is solved.One time watch. 5/10."
20,검법남녀,"Just after I got annoyed by the whole show for being so loud in arguments, over dramatic, all the high end CSI lab would've been wasted, also on how the top seed prosecutor Kang and his team did not even examine forensic progress or reconstruct all the evidence to complete a murder case, that eps 5 changed the course; the head of forensic and rookie prosecutor said it in his face. It's a worth watching show. I can tolerate all the other cringey and annoying parts."
21,검법남녀,"The plot is really good but the main characters especially the male prosecutor was horribly annoying. The female lead also was very tiresome at times. And the lines ""Don't write fiction"" by Baek Beom feels extremely forced to be something like his tagline. Had high hopes for this swries but the characters are just overwhelmingly irritating."
22,검법남녀,"This series is awesome in many ways, I like the twist when the prosecutor interrogate and the autopsy results make the epic twist int the storyline.Season 2 took it to the next level with Doctor K and bringing back to the S01E01."
23,검법남녀,"My name is Jella and I am a filipino avid fan of Partners for justice currently residing in Qatar. I would like to express my commendations to the entire staff and crew. Especially to the handsome men of partners for justice (dr baek, dr jang, investigator choo, prosecutor do and cutie dr. Jong, investigator yang and the rest!). You all make it worth watching! And i cant wait to see the 3rd season! Dr. Baek and Dr. Jang (aka Doctor K), i will try to come to Korea one day to personally express my gratitude to you guys! In case you wanna drop a message, you can reach me on my fb acct as jasmine jella from Doha, Qatar or on my whatsapp number at +974 5091 9975.I know you guys are busy, but i would love to hear anything from you!Love lots, Jella!Keep up the good work!"
24,검법남녀,"I felt like this was a bad rip-off of Bones and it definitely doesnt deserve the rating it has as of now (8/10).the scripting feels weird and unrealistic, compared to many other Korean crime series. It's not bad acting, actually I felt most actors really represent their characters well. But some scenes just has overdone it with their drama - to the point where it's utterly senselesscharacter (d)evolvement: usually, most characters have their own stories incorporated into the whole thing and develop with it. Here, some character stories just dabble around one or two main plots and backstories dont dive deep enough to explain connectionsbut most of all, what drove me near mad, was the really bad science-ing. It was like the producers didn't have enough money left to hire a consultant on those matters. Just to name a few enraging scenes: useless medical masks not even covering the nose when dealing with fine particulates; non-laboratory staff just waltzing in the forensic room and contaminating everything around them; the blurring of some scenes ?! Like what's the point in blurring someone holding a knife ffsEDIT: I lowered my rating further after watching season 2. Again, the science is just bad but the way they represent people with schizophrenia as crazy violent individuals is just wrong - literally. This depiction of all schizophrenic people being violent just fuels stigma and misconception. While a small percentage do experience anger issues, not all do and it's also not a symptom of schizophrenia.On the other hand, the comedy part of this series is nicely developed. I chuckled a few times and on par with Korean Drama tradition, it captures emotions really well.Tl;dr
show runners need to invest more time and thought into the subject at hand - forensic sciences, because it's just really bad. Some nice slapstick comedy moments tho."
25,검법남녀," I cannot find IP 2 here, which is even better
"
26,검법남녀," Quite a good Series.
"
27,검법남녀," Waiting for Season 3
"
28,검법남녀," Locard's principle
"
29,검법남녀," A poorly made drama with the standard of Korean Dramas in 2015
"
30,검법남녀," Sensational detective tagline
"
31,검법남녀," Amazing drama
"
32,검법남녀," Fingers crossed season 3
"
33,검법남녀," A good premise ruined by a ridiculous script
"
34,검법남녀," EXCELLENT
"
35,검법남녀," Average
"
36,검법남녀," Too much esthetic surgeries.
"
37,검법남녀," Cringey
"
38,검법남녀," Rocked The Crime Genre!!!
"
39,검법남녀," Season 3 is awaited
"
40,검법남녀," Too much screaming and shouting.
"
41,검법남녀," Story-wise It's A 10/10
"
42,검법남녀," Really good serie
"
43,검법남녀," Medal for overacting goes to...
"
44,검법남녀," okay, one time watch
"
45,검법남녀," Eps 5
"
46,검법남녀," Plot was great but..
"
47,검법남녀," I have watched it 3 times now.
"
48,검법남녀," Interest piquing!
"
49,검법남녀," Generally nice idea, but bad scripting and science
"
