,title,review
0,괴물,Confounded. The story seems unique. The development of the characters is good. Confusing to say the least. The lead is manic. It keeps you guessing.
1,괴물,"I don't know how to say this in the right words but this drama is a rare masterpiece and it would be a crime to miss it , first , the story, it is just beyond good the style is so cinematically deep ,dark and heart breaking in the most artistic way ever.
The music, I actually consider it as one of the main characters in this drama because of how powerful and haunting the sound of it is and how it just makes the scene better if that is possible.
And for the main dish ( the acting) iam sure if shin hakyun was an American actor this guy would have made all the important awards easily his, one of the best character and acting I have seen in years, also Jin goo is doing a great job playing han juwon a character that I won't forget his gaze for a long time .
And for last we have THE CHEMISTRY I swear I didn't witness a chemistry like that since long years ago like !! Dong shik and juwon can just exist in the same place and their chemistry would be a burning fire , surely the one how picked them together is a genius.
To conclude it would be a shame if this drama didn't get the popularity it deserves because I have a good eye for this and i can say with confidence that we won't get anything like it for a long time so don't miss it."
2,괴물,"This was incredible. The story is compelling and it's a show that keeps you guessing. The characters are unpredictable and there are hidden and darker sides to them that we get glimpses of as the show progresses, like the layers of an onion being peeled. The show is definitely confusing at some parts but everything gets revealed in due time.And the character development of Han Juwon and Lee Dongsik is so satisfying as they work together to unravel the truth of what happened 20+ years ago. And the actors who played them were phenomenal. What I really liked about this show is how it makes you think about the things people are willing to do to save themselves or to achieve a goal, and what lengths they'll go to to keep their reputation. It strips humanity's ugliest parts and incorporates them into this crime and mystery show, showing that ordinary people are more than capable of doing evil things to each other."
3,괴물,"This is obvious, the series is made for actors from the writer. The whole series is set of twins. Every 2 episode is a set, and 1-8 is one bigger set, then 9-16 is the second large set. And everything is combined as a whole. And of course, the two main characters are kind of twins that slowly merge together. The city counsel woman and the developer is another set of twins? Any more?In the 1st 8 episode, the ground works are lay down for the next 8 episode. And the characters are built up, ever so slowly. The pace is tactfully slow since the events and reveals are at a faster pace, a thriller's pace. It gives the audience time to think (or to participate) about what is REALLY going on here.The 2 main actors are excellent, especially the manic veteran cop. I'm reading subtitles, so the 2nd half has a bit more complex plot wise but not over done IMHO. The twists if any are relative minor and believable, but impactful. Well written.The young leuitenent's sacrifice is well telegraphed, along with his crushing realization that he long syspected. Loud as the express train on a rainy night. But the manic cop's revenge plan is a bit more problematic. Much too calculated. But he's a bit crazy so I give you that.The entire supporting cast is also excellent. The blues music score is very fitting. The serial killer themed type of thriller is only scratching the surface of the plot. I'm seeing lot of this onion layering recently in plot reveals and it's a effective tool in hooking the audience in. Here the writer also uses a simile of a new cop going into a small town's precinct, just like us, the audience going into the plot half blind and has to get to know the culture of the plot.Very well done.P.s. I'm rewatching the series again on Netflix and is catching more of the great writing with English subtitles instead of Chinese. The dialogue is just full of irony. Often from either the manic veteran cop or more often from the pretty boy. And all characters in the show are mulit dimensional too. From the substation chief, to Park Jeung-ji, the meat shop owner, down to the tertiary characters. They get meaningful dialogue and closeups to express their feelings, predicament and personality. In subtle ways. And the small town mentality is so spot on.And the quiet meat shop gathering is very cozy... comes with a slogan too ""Got money? No! Got good health? No !..."""
4,괴물,"Beyond Evil was a unique show to say the least. Full of fantastic acting performances and a really well written mystery with lots of red herrings and twists that keep you guessing. The soundtrack was also unique but fit the atmosphere of the show really well. The cinematography was dark, creepy, and perfect for the story. There was also a decent amount of character development that is usually lacking in these plot-heavy thrillers, so that was very rewarding. Overall this show is very well done and definitely worth a watch.I think some people complained that the show should have ended sooner, and I don't want to spoil the mystery at all, so I will just say that I thought it ended perfectly and exactly when it should have by resolving the main conflict/mystery presented at the very beginning of the show."
5,괴물,"Beyond Evil is not a typical crime or detective drama. It focuses not only who the culprit is but also how the incidents influence and change suspects' and victims' lives. Watching BE is like doing a difficult jigsaw puzzle. Patience is needed, but it's worth it. No plot holes, and all cast did a brilliant job. The music also goes well with the scenes. In addition, the cinematography is awesome. BE is a drama that makes you think a lot and gives you profound feelings especially during your second watch."
6,괴물,"A very good series with 70% suspense in the screenplay, 95% superb acting and a 80-85% engaging and thrilling flow throughout. I saw the high praises, gave it a watch and my honest opinion is that it shines more because of its awesome acting above anything else; the deep & meticulous storylines, plots and events of the 2000 to 2021 period come next.The acting by the awesome cast, spearheaded by the amazing, shiny and super charismatic Shin Ha-kyun, the tender, sensitive and enigmatic Yeo Jin-gu and the whole band of charismatically mischievous antagonists was a real treat to watch and follow. Heartfelt congrats to them for their believable camaraderie, animosity and their super yummy stews and broths eaten together between friends. Loved the Manyang butcher shop and its warm and very beautiful owner Sung-eun Choi.Overall very satisfying; I will skip the weaknesses, it's not my place here to judge and above all the greatness of the show supersede the few cheesiness and weaknesses noticed by keen eyes.Worth the time spent watching it and the awards that it deservedly won."
7,괴물,"Excellent. You will no regret watching it, very well written and the actors did an amazing job."
8,괴물,Personally I really like this drama. I just love the way how this drama was produced. The story was engaging from the first episode. I really like Shin Ha-kyun character in this drama which is Lee Dong-sik. He's giving a good vibe to this drama.
9,괴물,"Don't hesitate, just watch it! It's beautiful and very well written. Keeps you at the edge of your seat!"
10,괴물,An awesome drama! One of the best I have watched! Fully deserved all the awards it got too. My only complaint was Yeo Jingoo should have gotten more awards as well for his portrayal just like Shin Hakyun did.
11,괴물,"I cannot lie it's been a while since I've been this attached to a programme. The characters have so much depth to them it's almost like they are actually living the story, and the acting couldn't feel or look any more real, the emotion is completely raw, the actors did an absolutely amazing job, even the background characters looked like pros. The OST!!! The songs in the background add so much atmosphere and match the characters and story perfectly, the songs are great especially Choi baek ho's the night, his voice is incredible!! Some episodes were quite slow but the acting and characters get you through it and the build up is definitely worth it because when the emotions reach the climax everything just explodes in a great way. They also wrapped up the series very nicely. I also love how the director decided to do certain shots, at some points it felt like I was right there and I was looking right at the characters, some beautiful shots taken too. Although this is a fairly male dominated series, the female characters had quite high ranks and were very strong minded and weren't damsels in distress, apart from the female victims, which is nice to see. It kept me guessing a lot as to who the monster truly was, maybe there was more than one? Guimul is the original Korean title for this and it means monster, matches well to the storyline obviously, Beyond evil is also a pretty good title for it. Highly, highly HIGHLY recommend because it's enticing and insanely gripping!! Wow I could literally go on and on about how this is a masterpiece, definitely won't forget this!!"
12,괴물,"GENRE: This drama is a full package psychological thriller - one that focuses on psychological narratives in a thriller setting. Acting, writing, directing, cinematography and music all monstrously good. One is totally missing something if one just thinks it's a mere crime-solving / detective / find-the-culprit drama. Beyond Evil tells the story of the pain, sorrow and wounds of the families and friends of the victims who are left behind. Its key message is to bring out how the selfishness of one person could have a knock-on effect to turn everyone into a monster, how one mistake can grow into multiple bigger ones which inflict pain on people, as they find ways to cover things up (hence the title ""monster"" - the name of the drama in Korean, ""gwemul"", means ""monster"" literally. ""Beyond Evil"" is the official name of this drama in English). It also explores various issues like the loopholes and injustice of the legal system, and ""necessary evil"".STARTING: It is one of those rare dramas that lingers long after it's ended. The first few episodes are slow-burning, focus on setting the scenes, laying the leads meticulously (so if you re-watch the first few episodes after finishing the whole series, you will find that all the dots are amazingly connected).ACTING: The chemistry between Shin Ha Kyun and Yeo Jin Goo is no joke. The intense gazes, ""hate-to-heal"" dynamics just keep you on the edge of your seat! Shin Ha Kyun won the best actor award for his role in Baeksang Arts Award and Yeo Jin Goo, who is just 23-year-old now, is critically acclaimed for his mature performance in the drama. Han Ju Won played by Yeo Jin Goo is a complex character - someone who appears calm and cold about everything on the surface, someone who has a somewhat broken childhood, who holds up to his belief in justice, who is extremely startled but not shaken when the truth is unraveled. Yeo Jin Goo, who has been an actor for over 15 years despite his young age, shows you the change and growth in Han Ju Won with his excellent and natural acting. There is a heavy use of close-up shots - the director explained it is to show the subtle changes in gazes and micro-expressions of the actors/actresses such that various subtexts could be understood by viewers even they are not explicitly depicted by way of dialogues.SCRIPT: Even though the ""main dish"" of the drama is the deeper psychological narratives, Beyond Evil delivers perfectly in the crime-solving side as well. There is a plot twist in basically every episode. But note that the twists are not unnecessary at all for the sake of creating suspense - every twist is meaningful and if you watch till the end you will marvel at how meticulously the dots are tied together so well. Even the seemingly ""not-so-important"" scenes embody certain subtexts! The amount of careful design is just breathtaking. Beyond Evil thrives so much on subtexts and deeper meanings which makes it so fun to watch.DIRECTING: I usually prefer movies over dramas for the better cinematography (in general) but Beyond Evil really surprises me - excellent camera movement and mise-en-scène (roughly, the stage design and arrangement of actors). For example, in the scene where Han Ju Won learnt of something important, a train passed by at the backdrop quickly, as if Han Ju Won's complicated emotions were splashing out at that very moment. There are countless metaphors and stage-setting like this - one has to watch it to find them all out!MUSIC: The OST just match very perfectly with the theme, from the song ""That Night"" which conveys loneliness and sadness to the instrumental background music designed for various scenes (especially the opening title - that's my favourite. To add, if you review the opening title after you have finished the whole drama, you will find a lot of clues and hints in it. Yes, this is how meticulous the whole production is!!!).CONCLUSION: Beyond Evil is a masterpiece of acting, writing, directing, cinematography and music which carries very meaningful messages. It totally deserves the awards and positive reviews it got. I have watched it 3 times to date and every time I re-watch it, I find something new (either something I missed in my previous watching, or a metaphor/subtext that I come to realise a certain scene is getting at). It is definitely my ""YOLO"" drama and I would highly recommend it to you."
13,괴물,"Phew, What a ride has it been since I started Gwimul about four days ago. Right from the start Gwimul sets the tone, it's intense and gripping, with a storyline filled with a lot of suspense and of many mysterious characters. There are a number of sub plots to keep the viewer very interested in bargain, The first ten episodes focuses on a serial killer genre like Hollywood's Silence of the lambs, and travels at a breakneck speed but then the director for some reasons unknown tries to pull an ""à la Chinatown"" from the eleventh episode onwards after which the series goes into a lazy cruise mode till the very end. The season one contains a whopping sixteen, hour long episodes and runs a little over seventeen hours for it to end.Cinematography is brilliant and is very atypical of Korean movies in the recent years. Music and background score is good and grows on the viewer as the series progresses. Screenplay is both brilliant & terrific at times and confusing & boring at times, The writers gave away too much material early on but couldn't keep up the tempo after a while. Their usage and recall of a, unusually large number of character's names time and again, gets very confusing for non Korean viewers. Production design, costumes and makeup were decent. The editor makes a little impression in series that runs a whopping seventeen hours long. All the actors and the supporting actors were good and deliver some good performances, the many scenes where voices and tempers are raised are just terrific.Overall, Gwimul definitely entertains the viewer thoroughly for the major part of the series but strangely goes flat on the later part of the series. During the later episodes things are repeated over and over again, sometimes to very annoying levels. If one is a fan of serial killer or Korean movies, Gwimul would be a treat for sure, and is unmissable. I would advise viewers to binge watch the first ten episodes and watch not more than one episode per day after that, for better results. Trust me it will be easy on your head. It is not recommended for young audiences as the series features a lot of blood and gore. 6.9 stars out of 10 for a highly entertaining series, which could have been even better if edited well."
14,괴물,"This drama is awesome, especially the story line, when you think you know a very suspense drama, then watch this Beyond evil. It will keep you at the edge of your sit. I really appreciate and enjoyed this drama. Thank you all❤"
15,괴물,Great storyline keeps you guessing from beginning to end! Great acting by both leads. Wonderful Bromance. They both deserve awards. Supporting cast was also very good. If you like suspense this one's for you.
16,괴물,"Loved the series. Just a bit of a quibble with some filler scenes that I don't have patience with. That's just me, for I thought it was an amazing series with SHK giving the award winning performance of a lifetime. YJG held his own brilliantly as well, and the two actors moved me deeply. Serious Korean cinema just gets better and better."
17,괴물,"I just finished watching the finale and I'm uncertain as to how to honor the remarkable quality of this series. It is all just so, so damn good.If you like Korean crime series, this is the one. It's an absolute masterpiece."
18,괴물,"It has been ages, since I ve seen a well executed thriller drama. It keeps you guessing n in the edge... It's a must watch. Great acting.... Simply brilliance. Both main leads compliment n contradict each other soooo well..shin han kyun deserved the best award. Yeo jin gu was amazing as always."
19,괴물,"... struggling to stay awake during some episodes.That is weird isn't it! Usually I would give up on a series which failed to keep me awake. What's more, I didn't just persevere with it - here I am awarding it a 9.This series boasts a layered plot that keeps you guessing, well-drawn characters and believable relationships. But such things are no more than you learn to expect from Korean drama. It also showcases some fine acting - the quality of acting on display in Korean TV series is always outstanding. But here the two leads manage to deliver performances that stand out even against such a high standard. Simply marvellous!So what's my excuse for dropping off from time to time? Some episodes have far more talking than action. And I must be getting old!"
20,괴물,"I have been waiting for this drama since they announced it, and I wasn't disappointed! In FACT, It's already made it's way to my all time favorite drama, regardless of how it will END...it really doesn't matter since it's gonna be LIT!Psychological Thrillers are always a treat to those who love suspense and making things out in your mind before stuff happen on screen! To top that with a heart-wrenching emotional ride isn't the most common stuff coming out these days, so I urge you please, DON'T miss THIS ONE!!!Without further ado, let's get to the actual review,STORY: It's a very DARK STORY-LINE. The main character (Dong Shik) who is a demoted detective, is suspected of killing his own sister, and the others on his team aren't totally innocent. The drama unfolds when a frightening murder happens which resembles ones happening in the span of 20 years to the past! And the young detective from Seoul vows to catch ""Dong Shik"" for he thinks it must be his doing and he must be the culprit of the serial murder case!Acting/Characters: Lee Do Hyun gave an outstanding (tho very short) performance as the young Dong Shik.Shin Ha Kyun's acting is stellar! Once again beyond words! His voice is so fitting, calming and apologetic, as if he have done the world wrong! Yet his laugh is so creepy, it's quite a thrill to look at him smirking. Jin Goo's character is usually cold and unwavering... yet with is amazing acting, he manages to make way into anyone's heart early in the drama!
All the rest of the cast are doing immensely great job, with their acting naturally flowing in, very realistic and never feel forced!
Special thanks to the lovely rookie actress, Choi Sung Eun as ""Yoo Jae Yi"" and much respect for the amazing portrayal of
""Park Jung Je"" by Choi Dae Hoon and ""Oh Ji Hoon"" by Nam Yoon Su.
Music: The score is DRAMATIC, SUSPENSEFUL and very pleasant to listen to. The main theme grabbed my attention from the opening scene, with the beautiful blend of the violin and the percussion. and as for the songs. The song ""THAT NIGHT"" is the PERFECT music to give anyone chills watching this PERFECT DRAMA! It feels like a sorrowful man's screams and says letting out his long held grudges to be heard by someone in a corner... An absolute classic masterpiece that would easily have won best music awards, was it released in 1990s! With those said, I just love the theme song so much I want it to win some awards of 2021 too! And the rest of the songs are all amazing, especially love ""Timeless"" by BIBI, will surely be in my playlist for a while!LAST WORDS:
This drama is GREATNESS beyond WORDS! and I'm quite bad with crafty expressions, so all I can do, to give this drama justice, is ask you to start watching the first episode RIGHT AWAY, and don't let anything get your attention till you're done with the first! The rest will be history, as a matter of fact, you won't be able to stop watching! Guaranteed!**Unless you're the type who can't stand very dark and regretful stories!**A MUST WATCH! If you're looking for a DEEP and FASCINATING HUMANE STORY."
21,괴물,"Acting, directing, script, music, camera movement are all top-notched. It is not an everyday detective story that just focus on catching the killer - the messages the drama brings out are very meaningful and are the major focus. Shin Ha Kyun and Yeo Jin Goo have a pretty big age gap there but that was exactly why the chemistry was so well - the contrast in terms of age, personality, approach to issues brings out so much sparks and chemistry between them. The acting is natural yet impactful. The supporting actors/actresses all deliver very well. Music gives me goosebumps. Heavy use of metaphors, hidden meanings and subtexts. Clues and leads are set out in a subtle manner throughout - there is no meaningless or useless scenes if you understand the story correctly. It is one of a kind indeed. Highly recommended."
22,괴물,"SPOILER FREE
Everyone can appreciate some aspects of this drama, like the acting or the OST, but plot-wise this is not a series for everyone. Beyond Evil is a character-driven drama, that some may find slow paced. Anyone who likes multilayered and morally gray characters will appreciate it. The acting (especially from the two main leads) is probably one of the best I have seen.SPOILERS
It's been a while since I saw such an intriguing series. Was it perfect without even a single flaw? No. However the flaws were minor, so I didn't really care about them.Beyond Evil is a gripping drama from the beginning. The plot is very well written and the characters are so interesting and complex. The acting is outstanding. Shin Ha Kyun delivered one of the best performances I have ever seen. He is an amazing actor, and Yeo Jin Goo was such a great choice to play Han Joo Won. I don't know who thought of putting Shin Ha Kyun and Yeo Jin Goo together in a series, but whoever did, thank you very much! This series would definitely not be the same without this great cast and the phenomenal chemistry of the two main leads.Generally, I don't pay too much attention to the directing, since most of the times it is good or at least decent. Nonetheless, it was impossible not to notice the great directing of this series. I loved how it was like seeing the POV of another character and it led the viewers to certain assumptions to distract them from the truth. The color tones were all so dark yet not too dark, which made the series even more appealing and disturbing (especially in the first episodes). The OST fits the series in an unimaginably good way.Did this get draggy, tiring or just not as good comparing to the first half? Kind of, but it was inevitable. This isn't a series that reveals everything on the last episode, so of course every single clue added a piece to the puzzle and when things started getting clearer it was natural for the series to not be as mysterious as it was in the first episodes.What I really loved, is the fact that everything was revealed slowly but surely and we didn't wait till the last episode to find out who the killer is.I loved how Beyond Evil tackled many issues like the stigma that follows a falsely accused person or the pain that people who are left behind are going through."
23,괴물,"Not so many Korean dramas have a nice ending like this, mostly it's gonna end weirdly."
24,괴물,"Watching any film or series from South Korea does take a bit of time to settle in but once it gets going and you are use to the characters, their inflections and the storyline...it's all good.If Shin Ha-kyun doesn't have the best smile...I don't know what actor does.It's basically a 10 rating, but a few parts did drag and were implausible, yet it's a blockbuster!Too bad that 99% of the American public that are on Netflix will pass by a lot of foreign films and series because they can't seem to read subtitles.Really?It takes nano-second to do, yet to read a subtitle for most is like a huge undertaking.Too bad for them...they are missing some amazing films and series."
25,괴물,"Outstanding show. Phenomenal characters, great acting, plot twists, drama, thrilling and creepy moments, precise and bulletproof writing. It's not easy to keep you invested for 16 hours on a thriller show (without stand alone episodes) but this was fantastic. 🙌"
26,괴물,"It is currently available on Netflix & Viki TV. I have watched this series 5 times. It is without a doubt the best writing, screenplay, acting & music I have ever seen. After seeing the performance of Yeo Jin-gu(Han Ju Won) in ""Hwayi: A Monster Boy"" 2013, which was like watching a young Brando in ""On The Waterfront"", I thought I 'd check this out. He plays the younger detective Ju won to Shin Ha-kyan (Lee Dong Shik) to the older detective, who is amazing. I couldn't take my eyes off of him. He clearly is an experienced actor who made this character his own. The entire cast of great performances made this a great series. Check out the number of awards this is getting. I would highly recommend this series to everyone. I think it will become a classic & a cult film at the same time."
27,괴물,"This is a very good investigation drama . It is a little bit slow but it pays off at the end .If you like thriller , detectives , twists and guessing you should see beyond evil !"
28,괴물,"This is one of the best crime/thriller series I have ever watched. And, believe me I watch a lot. The two main characters were outstanding and the rest of the cast definitely weren't shabby. I thought after they found the serial killer that it would get boring. Wow, was I wrong. So many twists and turns. I didn't mind the lack of sleep trying to watch every episode as fast as I could. I'd give it higher than a 10 if I could."
29,괴물,"The plot of Beyond Evil is well twisted, and a new intrigue is revealed behind each denouement. But at the same time, already in the first episodes, I felt that Beyond Evil could be more than just a good detective. And I was not wrong.From the very first episodes, we plunge into the drama, like into a fabulous whirlpool. We get to know the life of a provincial town. We watch Lee Dong Sik intently, trying to figure out what is behind his extravagant behavior. Shin Ha Kyun in this role masterfully balances on the border of light and shadow, sober calculation and madness. In the meantime, we are wondering who he is - a ""fallen angel"" or a bright angel who fell from a height and broke his wings. We look into the faces of all the heroes, trying to determine which of them is the monster. And gradually we are imbued with the mesmerizing beauty of this world and its inhabitants.At first, Han Joo Won was perceived as an outsider. ""Young master"" in an expensive suit, completely alien among the ordinary people of Manyang. And it's not just about social status. Han Joo Won chose this role for himself - an independent observer who looks from above at the ugliness of this world and does not touch the dirt. However, the further he progresses in his research, the more personal it becomes, and the mask of equanimity slips from his face. This is how a classic detective story turns into a psychological journey - to feelings and memories walled up in the basements of the soul, into a journey to someone else and to oneself. Because these two processes always go together - to find yourself, you need to see the other and be seen. Find your own reflection in the other person's eyes.The drama Beyond Evil is a real maze of reflections. Each significant event, the history of each hero has its own reflection. Some of them are false, some of them are true, but all these fragments, put together, allow you to see the truth. There is such a method of image restoration - from several dull and even distorted reflections, you can recreate a real image. We recognize heroes by the way they are reflected in each other. And each new meeting, each new dialogue is another step towards finding a real face. This approach makes the image of each character multidimensional and deep.The drama really captures all aspects of the relationship. Family relationships - healthy or toxic. Relations with oneself, relationships with the world, social relationships - the law and its implementation. Morality as the ability to contact. Breaking up relationships like disappearing. The attitude towards the deceased loved ones and the ways of dealing with loss, with death. Relationships are alive, supportive and healing. Relationships are codependent, burdensome and suffocating. Personality always lives in a relationship. Fencing off from the world, a person cuts off a part of himself and, ultimately, can completely die as a person. This is how a person turns into a monster.""Everyone in the city is like one family,"" says Han Joo Won of the residents of Manyang. And he is absolutely right. All heroes are connected to each other by a whole network of threads. But somewhere these are the supporting threads of life, and somewhere they are suffocating fetters. The family image is central to the drama. Everything begins with it - everything ends with it. For each of the heroes, this word means something different - a project, a burden, a duty, a dream of absolute happiness. But for everyone, it carries a lot of weight. Thus, a small town turns out to be a global metaphor for a community, a social family, in which our humanity is born, but sometimes dies.The density of connections and meanings in the drama is so great that not only each character, but the whole world of the drama is felt as something living, animated. The city of Manyang is not just a place of action, but an independent character. The whole city, as an integral living system, exists according to its own laws. The Beyond Evil story is the story of Manyang's illness and healing.What's also great about the Beyond Evil is that there is no moralizing in it. Despite the great semantic load, the author does not reduce everything to one idea, does not teach, but shows reality in its complexity, even paradoxicality. Each character is a part of a big picture, an element of the inner life of an integral system. But also everyone is a separate unique person, with their own choice and responsibility for this choice. The story of the Beyond Evil is the story of Manyang, but it's just as much the story of two people meeting. It is no coincidence that all the main scenes are ""doubled"". If you look at the titles of the episodes, you can see that the pairing is ""sewn"" into the very structure of the script. As if the whole story is a long dialogue between two, a series of questions and answers. Each character in the drama is interesting. Each has its own story, its own drama, its own unique personality. But the main axis of the whole story is the meeting and dialogue of the two main characters.Lee Dong Sik and Han Joo Won, so different, but equally extraordinary, strong in spirit, but practically buried under the rubble of their own psychological trauma. Throughout the drama, they continually drift apart and collide, let go and catch each other, meeting again each time on a deeper level. They go a long way from mutual irritation, exploitation, projecting their fears and expectations onto each other, to true mutual understanding. Throughout the entire drama, the characters stare at each other - with suspicion, with rage, with interest, admiration, tenderness. But invariably - with intense attention, as if looking for something very important in each other's eyes. And in the end they find and return to each other the opportunity to be themselves - whole, feeling, alive.In my opinion, Beyond Evil, like no other drama, showed us an example of perfect human contact. At that difficultly attainable level, when you see and accept another as he is, in his true essence. The bromance of the main characters of the Beyond Evil is so beautiful that it overshadowed all the drama love lines for me. In fact, this is a ""love story"" - like the love of one soul for another soul. Someone sees them as a mentor and student. Someone sees them as father and son or even as a couple in love. In my opinion, we were specially shown these relations at such a level of generalization that each viewer is free to interpret them in his own way. For me, they are the embodiment of the idea of an existential meeting, beyond any categories.The Beyond Evil is a theatrical chamber drama. But this simplicity of the means has a deep meaning. The real challenge for an artist is to show everyday reality as something magical, wonderful, and sometimes monstrous. And the Beyond Evil succeeded to create a heroic epic in the scenery of a small provincial town, where a butcher's shop, the basement of an old house or a reed field feel like a mystical place. Where dramatic battles and wonderful metamorphoses take place in the dialogues between the characters. Magic is created in the Beyond Evil, not taking away from reality, but immersing it in it. This is the fantasy world that really exists - in the space of the human psyche, in relationships between people.This is a huge burden on the actors. They don't just need to play their characters, the actors pretty much create the world and atmosphere of the drama. And they also need to show the development and even the rebirth of their characters. Many characters in the drama wear masks. But in the end all the masks will be removed, ripped off or washed away by the rain. And under someone's mask we will find a monstrous grin, and under someone's - a beautiful face. Shin Ha Kyun and Yeo Jin Goo play characters whose faces change throughout the drama. In each new episode, they experience new trials, different emotions, but their eyes express not only situational emotions, but also profound personality changes. In some scenes, they need to act so subtly that it is like walking on a tightrope. A slightly different expression - and the impression would be wrong. But the actors are perfect in every shot.The talent of all the participants has created an amazing artistic world. It's like the famous Doctor Who machine - more inside than outside. And you can dive into this depth over and over again, finding new nuances and meanings."
30,괴물,"I did not hear much about Beyond Evil from the news and media in my country but my friend spoke so highly of it so I watched it on Netflix recently. It was so good that I just binge-watched it in 2 days! The story revolves around a small neighborhood called Manyang and the people who live there. It started off with a flashback to 20 years ago where Lee Dong Shik was accused of murdering the victims in a serial killing case. 20 years later, as an up-and-coming inspector Han Ju Won arrived at Manyang to re-open the investigation, another victim emerged, drawing resemblance with the serial killing case 20 years ago. The drama starts off with a slow pace with a major plot twist kicking in just at the end of the second episode. Thereafter there are decent twists and turns throughout, with Episode 8 being the end of the first major plot. While I wondered how the drama will develop after episode 8, as I went on I realised episode 8 was an important turning point that brings out the climax, which I am not going to spoil here. I can't explain more about why a psychological thriller drama can be a ""therapeutic"" one without spoiling so I will let you find out by watching it :)"
31,괴물,"Really enjoyed the series and all its twists, but most loved the acting - so very impressive! Not just that of the main actors, but the supporting roles too!A not to be missed series for those who enjoy a good drama that's suspenseful and a psychological thriller!I would have given it a 9 ½, as it's not exactly all perfect, but I chose to round up instead as overall I think they have done a great job!!Definitely one of my recent favorites and highly recommend it."
32,괴물,I've seen so many tv shows about crime i can't even count them but this one however like how am i supposed to recover from this? This just threw me into the washing machine of feelings or smth and now im out and wtf am i supposed to do.
33,괴물,"Just finished Beyond Evil. Great plot, wonderful acting. Tremendous suspense. Great characters . If you like crime series , this one is as good as it gets. No spoilers here. Just sit back and enjoy."
34,괴물,"Saw some weird ass reviews here calling Yeo Jin Goo ugly and what not. Jin-goo is one of the most celebrated young veteran actor. So people who will scream ""Beyond Evil is overhyped "" but then turn around and watch the ""actually overhyped dramas with just good looking leads but not much acting and plot"", let's not delude ourselves here, ok ?And to the people looking for reviews and thinking whether they should watch it, I'd say give it a shot.Beyond Evil is a PSYCHOLOGICAL THRILLER. I always put the genre in caps so that it's clear for everyone and they get an idea of what to expect from the drama. Watching it once isn't even enough to be honest because you don't end up catching all the details during the first watch. I really don't have anything to say about the acting because the performance of the actors speak for themselves. Just that you're in for a ride !!!"
35,괴물,"* Beyond Evil is among the most cinematic korean dramas I have watched. Some of the camera movements and detailed stage setting are normally found in movies only. The music is so profound and the blue tone of the OSTs is just perfect for the theme. I feel like watching 16 movies (which are tightly tied together). Hands down a masterpiece.* In terms of acting, the performances of the actors and actresses (basically everyone, regardless of whether it's the main or supporting) far exceeded my expectations. I have always known the two male leads Shin Ha Kyun and Yeo Jingoo are excellent actors, each of which has won a number of major awards for their good acting skills. I can't imagine anyone else playing Lee Dong Sik or Han Ju Won after watching the whole series. They are the characters themselves.* In terms of plot, there is no major plot hole. A lot of suspense and questions were thrown out in the first part of the drama but all of these questions were answered in the subsequent episodes. As such the drama is not difficult to understand at all because you will be given the answers if you follow through even if you do not understand everything at first.* Most importantly the director and writer did not forget a good drama cannot come without meaningful messages that provoke the reflection and thinking of the audience. This is also the reason why I think notwithstanding a number of other K-dramas were also very well done in this year, Beyond Evil is simply on another level because it is able to deliver an intriguing story with perfect execution of the actors/actresses while not losing sight of giving audience a thought-provoking message."
36,괴물,"'Beyond Evil' is a 16-episode long Korean drama, starring Shin Ha Kyun and Yeo Jin Goo in pivotal roles. The story is about two police officers who are determined to solve the case of a 20-year old murder case. Their desire to uncover the truth is strong enough to lead them to bend laws and reach a stage where they question everyone around them, including themselves. The main reason behind me starting this drama was the amount of appreciation it got in the recent Baeksang Arts Awards. The drama was easily able to sweep away the 'Best Actor', 'Best Drama' and 'Best Screenplay' among many other titles, which perked up my curiosity and led me into giving it a watch.Talking about the acting, one man that stands over all others will be Shin Ha Kyun. He is the brightest star in the big galaxy of actors in the show (haha, poetic much--:P). He has done a very good job and deserves all the appreciation that he has been getting after this show. The finesse with which he is able to convey each and every emotion to the viewer is highly commendable. On the other hand, Yeo Jin Goo also has done a stupendous job of maintaining a steady love-hate relationship towards Shin Ha Kyun's character. Both the actors' chemistry is very well maintained throughout the drama, and makes it a delightful watch.While the first half of the drama was very intriguing, scary and full of suspense, the second half doesn't seem to match up to the already maintained thrill. Things get a tad bit slow and predictable but the show is still watchable and holds adequate amount of suspense to keep you hooked. Overall, 'Beyond Evil' is a very compelling drama to watch. It talks about the actual power that a cop holds and throws light on the evil face of people in power, which is hidden by their mask of good deeds. For people who enjoy watching thriller and suspense-filled dramas, this show is a very good pick and is worth a try."
37,괴물,"A successful young police officer with powerful connections joins a substation and becomes involved in solving the murder 20 years earlier of one his colleagues sister. Is it a serial killer who is still operating and what are the dark secrets that the members of the station and local community are hiding. Interesting plot, well acted but too many psychological problems for all the actors and little real character development makes it a little heavy going."
38,괴물,"BEYOND EVIL was an insanely good drama. Going into it, I really had no expectations set and so I was very pleased to realize this was going to be a stellar drama. I realized that right off the bat. It wasn't hard to guess it would turn out to be great, given the super great acting, intriguing storyline and mystery, and awesome music. The first episode was very compelling. There was so much to love about this show. It was very addictive and masterfully executed. This isn't your run of the mill crime kdrama by far.Being a psychological thriller, and featuring a lot of crime, involving some gruesome murders and some graphic and highly emotional scenes, this series is rather dark and certainly not for everyone. It has a way of getting in your head and under your skin, without being classified horror. However, the complexity of this drama is pretty mind blowing. Definitely a series to try if you enjoy dark, gritty, psychological crime thrillers.While there certainly is crime, murder, mystery, intrigue and heavy psychological elements, this drama is wholly original in flavor and it's hard to peg down why. Certainly the two male leads (Shin Ha-kyun as the jaded and misunderstood Lee Dong Shik, and Yeo Jin-gu as the determined and incorruptible Han Ju Won) are fantastic actors with definite on-screen chemistry. Though the story is non-romantic, and not sexual in nature, the two partners gradually form a deep bond hard to describe. They grow from enemies to partners to true friends, of course, but the platonic bond they later share is something truly powerful. Possibly result of a shared trauma, or a trauma bond. Either way it's incredibly moving. A Bromance unlike any other, especially in this genre.The story itself was excellent and kept me on the edge of my seat. The entire drama is a rollercoaster ride, from one thrilling point to the next. The characterizations were great and memorable. There were so many likable characters besides the main leads, and all were so well written and existing in various shades of grey. I really loved the connections and friendships between the people of the small town. Great casting and great acting. On top of all that, the visuals, cinematography, script, music, it was all top notch. This show makes you feel so much. Just prepare for a wild ride. I really hope there will be another season/series.STORY: 10/10
CINEMATOGRAPHY: 10/10
ART/DESIGN/VISUALS: 10/10
MUSIC: 10/10
OVERALL RATING: 10/10."
39,괴물,"Let's get this out of the way, the acting was really good, there were no major flaws, at least that I noticed.In relation to the story there are a lot o episode endings that lead you to believe something and then it isn't which can be a good suspense tool, however they overused it so I never believed what was showing on the end because I knew that it was super misleading.Also worth noting that the final felt incomplete. There was no major interest in wanting to portray how they got arrested (we know how but we don't see some people getting arrested, we don't get a follow up of how those guys were doing in prison or how their imprisonment changed the redevelopment of the city for example) and what happened during the ""time skip"" at the last episode.Overall I give this a 7/10 but I easily recommend this series."
40,괴물,"One of the best series for this year, and they are not a lot btw I can say it's only three.. the mystery of the series guides you for another secret episode by episode definitely amazing.. really worth to watch it."
41,괴물,"I am a fans of dramas/movies which are not shallow and carry certain social messages that warrant reflections. At first I thought Beyond Evil is just a crime thriller drama depicting a typical detective story as I read some reviews here before starting watching it on Netflix. But as I finished the whole drama I think it is simplistic, if not incorrect at all, to characterize this drama as just a crime thriller - Beyond Evil delivers much more over and above a typical catch-the-killer story. It carries much more depth and meaning than that. If you follow through the series, you will see that the focus of this drama is actually on the psychological states, sorrow and pain of the missing persons' families, and the prejudice and bias of people towards people whom they think have committed a crime. It is also about the devastating effects of selfishness of human nature and how people not making choices just for their own benefits could have led to entirely different outcomes. In short, it talks about how evil human nature can be. If you are into dramas that explore human nature that make you think and ponder on issues Beyond Evil will be something that you dearly like."
42,괴물,"I am a huge fan of psychological thrillers. This one actually is not that creepy compared to most serial killers thrillers, it instead focuses on justice. My vows to all the actors who did amazing jobs. And the best thing about this drama is chemistry between two leads, episode 1 to 16. I am in love with their love- hate relationship. They are really on fire !"
43,괴물,"This is my first ever review and im compelled to show my support, Shin Ha Kyun delivers a masterpiece in his portrayal of this character just like Walter White in breaking bad. The amount of emotions expressed and character development is nothing short of amazing. The story might not be the best or smartest, but the execution, story telling, characters development is definitely the best i have seen in a long time. Well done Beyond Evil."
44,괴물,I shall say that is the best drama ever I watched.
45,괴물,"I gave this drama five stars because the the first 8 episodes revolving around the serial murders was really quite well done. There were numerous plot twists, smoke screens, red herrings and all these plot devices kept me guessing. It was well acted, and pacing was just right.The second half of the drama is about police and gov't corruption. This second storyline was dismal compared to the first. There was no creativity in it. It was complex to the point of dragging down the pacing. The eerie atmosphere of the first half had dissipated, but the suspenseful plot twists that one would expect from a drama about corruption just could not hold up.Korean dramas need to stop recycling the corruption plot line. It's over-used and too predictable now."
46,괴물,"Episodes 1-12 were nicely done but from episode 13 startd to be nonsense illogical and no common sense. As the episodes proceeded from ep 13, it was getting more worst, especially the last episodes was so full of craps. The director and writer obviously dont know how police and prosecutor operate.It is foolish to appoint 1 big enemy to investigate internally and worst employ a second enemy to do the same job! You can see the whole time they refused to employ lawyers when investigated. What a petty director on saving some cost on more actors. There were too many flaws too. This is a very budgeted drama and many rushed to complete without putting too much effort into the storylines.Due to the over-nonsenses in ep 13 to 16, I decided to drop from 10 to 6 points because this is like below average standard drama from Korea. The main actor is good but the story is worsened by too many nonsenses.So sorry, my expectations is higher than many and I do not care if they are my favourite actors or actresses. I only care that I tell the truth from my experiences watchiing dramas for 40 years since I was a kid."
47,괴물,First K-drama i've watched and it did not disappoint. The series had so many unexpected twists and kept me continuously entertained. Main characters had good character development too. Highly recommend if you like mystery thrillers.
48,괴물,"Keep you on the edge till the end! Very well written, 10/10 acting and soundtrack!"
49,괴물,"The story is unnecessarily confusing. Best screenplay? It jumbles up the time sequence for no good reason. The acting is one dimensional. Shin Ha Kyun smiles inappropriately and that is supposed to be great acting? Too much is filmed in the dark. Same morose tone for too long. The 2 heroes are so uninteresting as characters and so unlikeable. In contrast to the better K dramas the villains here are just defined by their crimes and don't have any justification. The plot doesn't have that much to it. They could have fit the whole
story in 12 episodes if they left out unnecessary scenes and lengthy repeats at the start of each episode. Best series? IOTNBO was so much better more original and more enjoyable. As a crime show Flower of Evil was way more involving and 10 times more exciting. The Baeksang awards got it wrong this year.Skip this heavy going boring dud."
50,괴물,"I would say the real hero here is Shin Ha Kyun with his amazing performance.The Plot itself, despite all the plot twists and mystery it has is not enough to get 10/10, yet the acting of characters is what making this show best thriller of 2021."
51,괴물,Acting is fine in fact it's top level but this goes on to long with little happening and its very boring.i did waste 9 hours of my time before just going to the end to finish this series that had potential.
52,괴물,"Good story, the execution was smooth and the mystery was gripping. It managed to hold my attention while I was watching it. However, the characters, while well-acted, did not pique my fancy well enough to make me want to watch it again."
53,괴물,"It's a 16 part series . At episode 7, I thought it was dragging on a bit and presumed it was going get tedious to watch the remaining episodes but I was wrong! It was actually a good watch . It was predictable at times but very well constructed . The acting was excellent . An actor who played the main thug in Squid Game was in it too!"
54,괴물,"If you're looking for dry-logic crime solving this one isn't for you, the story focuses on the emotional structure of the characters, I've watched too many psychological thrillers (it's my fav genre) what makes Beyond Evil special is that it has a realistic sense when it comes to the characters emotions you can easily understand and relate to, nothing exaggerated or artistic, they go through their own struggles while they have a twisted way of messing with each other's minds, especially Dong Sik and Joo Won, it's a very interesting dynamic and you needs some good attention to truly understand what they're thinking, especially Han Joo Won, for most viewers at first he's hard to read cause he's not self expressive but once you understand him he's one of the purest characters ever written, i find his emotional involvement in justice beautifully heart breaking, Yeo Jin Goo is one young genius actor."
55,괴물,Solid watch for anyone into Korean crime drama. A slow burn that unravels and hooks you in. The two main protagonists fizz with intensity and keep you entertained. Shin Ha-Kyun is an absolute delight to watch on screen with a great supporting performance from Dae Hoon. Well worth your time.
56,괴물,"Words can't describe how beautiful this k-drama is!!! After watching The devil judge I was hoping to find a k-drama that can satisfy me as TDJ did and this one did not disappoint me , love it and would recommend to everyone who want to watch it."
57,괴물,"I thoroughly enjoyed this series. It had me screaming and trying to figure out all the twist and turns of who did it. Then, they impressed me by letting me know and showed me how it all comes together. Brilliant!"
58,괴물,This is a masterclass for acting aspirants all the major casts where just outstanding in their performances.. The script has encapculated all the element of a good mystery thriller along with a great drama style story telling. Love cliffhangers at every episodes keeps you on your toes for the next one.
59,괴물,This series is so phooking good...I literally binged watch really had goosebumps while watching everything from the starting to ending you felt immersed in this series... really awesome ! Highly recommended !
60,괴물,"After mostly liking the show for the first 75% the writers just had to throw in one twist too many. I have no desire to see how many more twists and turns they have managed to shoehorn into the final four episodes just to make sure they reach their quota. Perhaps if Rube Goldberg had written murder mystery cop shows this is what it would look like. In the USA in the 1990s there were a handful of movies that began with the protagonist about to die that would then go back a matter of days or weeks to a real beginning point. Now it seems that about 40% or better of American movies do that in the best METOO run it into the ground tradition. Korean writers seem to be doing the METOO run it into the ground on cop shows by adding more and more convulutions, twists, turns, mazes etc. At a certain point it just gets beyond ridiculous and further willing suspension of disbelief is too much work."
61,괴물,"As someone who has enjoyed some great Korean films this was a huge disappointment. The way the music would ratchet up every few minutes to try and make something seem dramatic when it wasn't at all. The writing was interminably slow, if you want people to continue to watch a series things have to happen that make you want to watch. Also even if the plot is not believable the way the characters act should be. In the natural way humans do, not in this melodramatic cod acting that had died out in cinema some 70 years agoGot to the end of episode 5 and stopped."
62,괴물,This drama will keep you on edge about who's the real culprit. If you're a fan of k-thriller then this is for you.
63,괴물,Rivetting murder mystery which keep you guessing where the 2 main protagonists did justice to this amazing TV Show. Was not really a conoisseur where K dramas are concerned but have to admit this GWIMUL is up there with others in this kind.
64,괴물,"Good story ruined by superfluous soap-opera drama. This series quickly becomes dull, plodding, predictable, and OFTEN illogical. Could have been a great show if the HOURS of mind-numbingly redundant filler was edited out."
65,괴물,"Started off really great kept my attention with a whodunit, dark, crime, mystery series. However this is very much a slow burn type series snd can be complicated with all the different characters. The hard part with the series is that you end up not having a favourite character because, like the Korean title means it Monster, every character is portrayed with a dark side. Thus with a slow burn and the disconnect with characters, it's really hard to really engage.Biggest complaint is it tends to be very slow, especially after the seventh episode it seems to have lost a lot of its momentum. Overall 6.5/10, I have seen better slow burn detective thriller dramas that is cohesive throughout."
66,괴물,"This series too much conflict that didnt need too
I just stop in ep 3 and didnt continue...very boring."
67,괴물,"I'm usually a big fan of gritty crime dramas, but I just couldn't get into this show. I watched three episodes and found it irritating. The writers spent almost the entirety of those three episodes trying absurdly hard to make the main character look like the guilty party, to the point that there was no on-screen detecting at all and I could no longer suspend my disbelief that all the things that were happening could be ""just coincidences"". I also don't understand some of the acting decisions that were made - I know the main character is supposed to be a bit unhinged, but would anyone really behave like that in those situations? It flip-flopped between bizarre and boring. In the end I was just so annoyed that I gave up watching."
68,괴물,"Saw another reviewer write keeps you guessing and it does but only as to why you are watching it and how it's rated so high the horror props are so bad it's like something you would find on the dollar store shelves at Halloween if you are looking for a good Korean show to watch Mouse is one of the best shows in general i have ever seen in my effort to find something even half as good i have failed so far tried the devil judge beyond evil and sweet home but every one of them is overrated, and downright boring."
69,괴물,Love the series but only up to when they revealed the serial killer. The series should had stopped there. It's anti climax thereafter.
70,괴물,"This is a top-notch TV series ruined by its final couple of episodes where things turn a bit too melodramatic. It seems like a common feature of Korean TV series to have soap opera like finales which is such a shame because the show was so fresh and original.The soundtrack is amazing, and so is the acting. Shin Ha-kyun, in particular, gives a hypnotising performance."
71,괴물,"Overall, not a bad show. Its a crime thriller and is definitely gripping at quite a few places. What I didn't like about this is that there are too many subplots for my liking, and the timeline shifts could have been executed a little better. The two lead detectives are ok and just about deliver. There are few scenes where they get annoying but thankfully doesn't linger for too long. Could have finished in 12 episodes instead of being dragged till 16."
72,괴물,"The acting was 9/10 but the storyline had repetitive theme of accusing each other and too much boring conversation ,, too many psychotic people , not colorful ,dry , dark sorry .Vincenzo and it's okay not to be okay, we're top two plus start up , law school, and the others , were overwhelmingly better dramas that were exciting , adventurous, humorous, fun action pack and romantic."
73,괴물,"Starts off strong. But devolves to high school writing by nonsensical character thoughts/ action/motivations that are inconsistent with the previous 10 episodes for cheap surprise twists. Eg when jeong je's mom reveals that she actually hated him the entire time. There are also major logical inconsistencies such as when when trying to figure out who killed Mi Jeong, the police officers blame each other and themselves because they thought they were the last to see her however it has already been established that they know that her father was the last to see her! Why does dong shik smile in a devilish way only up to the episode where it's revealed that he actually is not the serial killer?? Why does Ju won get surprised when his father gets angry at him for acting like a insecure malignant son the entire series??"
74,괴물,"If there's one thing that needs to be said about Beyond Evil is that is the most perfect example of how lots of 16 episode Korean shows are too long for their own good with the last half not being up to scratch.In no other show is this more prominent than here. The first half is a legit masterpiece. A psychological thriller about hunting a serial killer filled with great and realistic twists, fantastic acting (especially from the lead Shin Ha-kyun who gives the performance his life), music, atmosphere, tension. It did not surprise me after reading about the show to learn that it was inspired by Memories of Murder, a must-watch K-movie. This is the Korean True Detective but in some ways even better.Unfortunately the second half is totally different. To call it a second season or wholy different show would not be an overstatement. Its twists are far too many, all of them predictable and implausible, its characterization lacking, its pacing terrible. Even the actors start going through the motions of a plot that is essentially over at this point but doesn't know it.So all in all I would definitely suggest watching this, just for the first 7-8 episodes and if you don't mind the huge drop in quality, by all means watch it to the end."
75,괴물,"I think Joo-Won and Jae-Yi deserved a relationship, but I guess it's my thing for a little romance. Besides, the serie is perfect. Everything on point."
76,괴물,I was not expecting so many juicy plot twists that left me at the edge of my seat. I'm a sucker for cliff hangers & this show definitely gave me that. The acting was done superbly and I recommend this to a lot of family and friends!!
77,괴물,"Have really enjoyed every Korean program I have watched. The likes of Signal for example is terrific. This however is simply awful. Managed 4 episodes before giving up. Slow, boring, annoying and unlikeable main characters, not even sure what the plot was as they didn't do any work trying to find the killer. A massive disappointment."
78,괴물,"To be honest, I had lofty expectations about this drama but it turned out to be very underwhelming. The whole plot could have been told in a single movie. The movie My Name did way better than this 16-episode drama. The actors were great but the story is not as good as others make it out to be. This is the first time ever that a ""villain grand revelation"" did not surprise me and as soon as I found out, I immediately wanted to jump to the last episode cause it was dragging on. Maybe because I have seen so many Kdrama thrillers that made the ""unexpected'"" expected for me or maybe the drama was just poorly organized. You may not take my words for it but really, it would have been more interesting if they have just tried making the antagonists ""invincible"" for a few episodes by making them make lots of ploys that would drive me really frustrated but the drama only showed the villains falling from grace helplessly and then a resounding dead end. It's very anticlimatic."
79,괴물," It keeps you guessing.
"
80,괴물," Iam speechless
"
81,괴물," Wow...
"
82,괴물," A writer and an actor's dream series
"
83,괴물," Well Written Mystery Thriller
"
84,괴물," A masterpiece you shouldn't miss.
"
85,괴물," [9.2] The diluted Korean Forbrydelsen
"
86,괴물," One of the best
"
87,괴물," One of the best K-drama I watch this year!
"
88,괴물," MASTERPIECE
"
89,괴물," A twist after a twist and keeps you engaged till the very end
"
90,괴물," Insanely gripping!!
"
91,괴물," Excellent *psychological thriller* which totally deserves the 3 awards at Baeksang for good reasons
"
92,괴물," A brilliant first half and a dramatic second !!
"
93,괴물," Awesome
"
94,괴물," Masterpiece!
"
95,괴물," Complex and Rewarding
"
96,괴물," Exceptional
"
97,괴물," Brilliant! Don't miss it.
"
98,괴물," I am giving this a 9 despite ....
"
99,괴물," All he wants is to resolve his deep sorrow!
"
100,괴물," Can't miss it for the world - acting, directing, script, music, cinematography all top-notched
"
101,괴물," It's been a while
"
102,괴물," It's good until the end
"
103,괴물," DAMN ASS GOOD!
"
104,괴물," Wow
"
105,괴물," BEYOND EVIL DESERVES A 20 RATING!
"
106,괴물," Wow .... what a great drama !
"
107,괴물," Riveting till the very last episode
"
108,괴물," The drama Beyond Evil as a philosophical parable about human relationships.
"
109,괴물," A therapeutic story about two men with good social messages
"
110,괴물," Wow!! one of the best series of this genre
"
111,괴물," i am emotionally wrecked
"
112,괴물," Top notch series. I don't give 10's. Lots of intelligent twists and turns
"
113,괴물," Watch it.
"
114,괴물," Excellent production. Every episode is like a movie.
"
115,괴물," A compelling suspense show
"
116,괴물," The silence of the deers
"
117,괴물," BEYOND EVIL: A Dark Psychological Crime Thriller
"
118,괴물," Excellent Entertainment But I Felt That Something Was Missing
"
119,괴물," Perfect
"
120,괴물," Who is the monster? Much more than just a crime thriller with meaningful messages.
"
121,괴물," Beyond evil is beyond words !
"
122,괴물," Top drama with perfect portrayal of emotions
"
123,괴물," Best one
"
124,괴물," Get 2 for 1 drama
"
125,괴물," Nice start but rotten as you watched
"
126,괴물," Great suspenseful thriller
"
127,괴물," Masterpiece!
"
128,괴물," Overrated heavy going and confusing
"
129,괴물," Shin Ha Kyun Shines!
"
130,괴물," to slow to many people to follow
"
131,괴물," Well done
"
132,괴물," Worth watching !
"
133,괴물," WILL INVADE YOUR HEART AND MIND
"
134,괴물," Terrific show with an incredible cast
"
135,괴물," Amazing!!!!!
"
136,괴물," So impressed
"
137,괴물," Its a prefect rollercoaster ride of mystery, thriller and drama
"
138,괴물," MUST WATCH !
"
139,괴물," Not even going to bother with the final four episodes.
"
140,괴물," Interminable!
"
141,괴물," I WAS HERE AFTER JENNIE'S RECOMMENDATION BUT ENDED UP FALLING IN LOVE WITH THE DRAMA
"
142,괴물," Top notch script
"
143,괴물," Should be condensed to 10 episodes...
"
144,괴물," Strong detective film but slow
"
145,괴물," BORING
"
146,괴물," Not for me
"
147,괴물," Another Overrated Dud
"
148,괴물," Only if
"
149,괴물," Almost Perfect
"
150,괴물," Little too heavy
"
151,괴물," Repetitive and dry
"
152,괴물," Insidious devolution to high school writing
"
153,괴물," 2 in 1 Thriller-Detective show
"
154,괴물," Perfect
"
155,괴물," Amazing storytelling
"
156,괴물," Boring
"
157,괴물," ANTICLIMATIC
"
