,title,review
0,구경이,"Inspector Koo, or A Wonderful Sight is cleverly written and fairly stylish. The performances are all good-to-excellent, especially the leads. The best Korean comedy/drama? Perhaps not, but I have never seen a show have its imdb rating score swoop about so much!At this time of writing, 88 out of 117 viewers rating it gave it a score of 7 or higher, with the largest group by far giving it a ""10"". Yet it now stands at 6.6, which might put future audiences from giving the show a try. Give it a try, anyway, I say.There are claims it is trying to be a Korean version of Killing Eve. In a way, it's closer in feel to Sherlock. Not at that level of quality, but in the sense of it using graphics and structure to tell a story about a deeply flawed detective using almost superhuman skills to track a killer of near-supervillainous talent.Inspector Koo is a fun play on manga comic books, and has some great comic moments. I would actually rate it a 7ish but felt there should be something countering its low score."
1,구경이,"I didn't expect much from this based on the synopsis, but I'm glad I took a punt. The supporting characterisations are really interesting, and the two leads are different and dysfunctional in quite separate ways. I'm really interested to see where they go with this and how the character arcs develop.I'm also really interested to see how the cartoon/manga aspects are further used, as they allow you to take a step back from what is otherwise a quite blasé consideration for violence."
2,구경이,"I'm picking up some very strong 'Killing Eve' vibes. BUT only on episode 2, so just saying, wonder how they'll run with it. Some harsh critics on just exposition, come on, enjoy each quirky personality--sociopaths or genius?***edit*** i'm on episode 3 and i just realized it's trying to be like a manga comic--makes more sense now."
3,구경이,"I am totally in love. She is the most impressive person I have ever seen since Arnold and ABBA. Yes I am old, like that hehehe. But this is good. So good. I am only onto episode 2, but I am so impressed. So much fun, so impressive I just have to say Thank You for this."
4,구경이,"I loved the cat and mouse interplay between the inspector and K. Very good show reminiscent of DeathNote and HBO's Miss Sherlock, except the inspector is a distrustful sloth, more like Dr. House. The supporting cast are also terrific, and I have a soft spot for the seemingly mute Santa. The show evolves into something very different from the first episode. Very good progression, and looking forward to a second season."
5,구경이,"For some, this show may take a while to get into. The deep intricate (not weak) plot and constant switching back and forth between past and present; and between sets, requires one's full unflinching attention to fully capture its mosaic-piece revelations and contextualise the manic scene jumps.Having freshly emerged from Saimdang into Inspector Koo, one needed to reset one's expectations to appreciate this completely different genre. Not something to watch whilst multitasking, especially when fully reliant on English subtitles.Thanks to TheReviewGeek.com episode reviews, the lights came on and Inspector Koo turned out to be highly enjoyable kooky hilarious life manga cat and mouse thriller. The cast chemistry fitted well together apart from a really annoying hapless Santa. Both female leads were stellar. ALee Young Ae was very brave to have accepted this role, which goes to show her versatility and willingness to explore/ portray vastly different genre characters. Initially off putting to see her eccentric character, however in hingsight she fitted in like a glove. The showcase was Yi-Kung's characterCrime dramas are best told in 1-2 episodes but this has managed to pull off 12 hence a little protracted but highly engaging after all (on third take).Actually rather entertaining with many cartoon moments which (if you flip the switch) can be hilarious."
6,구경이,Don't know Why this show has been underrated. I enjoyed this and waited for each episode. Finished ep 11. Good show and I sincerely loved it so far. Lots of love S Korea.... GAMSAHABNIDAAAAAAAAA.
7,구경이,"I like it because i know Jang Geum character for a long time and i think she nailed the character of inspector koo and as a comedian, she is okay.I will keep watching this despite the other review . For me i will still watch this second third or more time."
8,구경이,"Interestingly the star of Lady Vengeance Lee Young-ae plays an ex police officer in pursuit of a serial killer played by Kim Hye-jun, who kills evil people. It is well acted particularly by these two ladies and parts of the story and interaction with the leads are very entertaining. Sadly the series is let down by the writers as the story takes a quirky individual in Lee Young-ae and makes her stupidly annoying. The ending is a little cobbled together and the humour within the series is mostly a miss. So disappointed as with this cast it could have been brilliant and it parts of the series it is, but then it dips to mundane."
9,구경이,"Just two episodes in but its a nice change good writing and acting, this is a welcomed change from the typical KD out there, not sure they can keep it up for 16 hours though.Episode 3 was pretty dang boring don't think this can last im not investing a series of viewing on this premiss."
10,구경이,"This is so nice to see Lee Yeong-ae surrounded by amazing cast and display her talent as a serious, clever and funny character. This is a refreshing portrait of a drunk devasted detective ! Original as all the clues come and go. We appreciate all the roles and it is cool to see this gang becoming attached to each others. Lee Yeong-ae is perfect and the outfit is legendary. We get more in 1 season than we usually get from other series, this shows how generous korean series are ! This serie has some flaws but overall it Is so pleasant to watch that it is ok."
11,구경이,"I gave Inspector Koo a chance to settle into the individual characterizations, but the overacting by the FL is just too distracting for me. After 3 episodes her attempt to act quirky is beyond annoying. It's a shame because all the other characters are great. What was enjoyable was seeing 3 former cast members from Hospital Playlist."
12,구경이,"Maybe it's a cultural thing but this just seemed to me like an amateurish art school project.It attempted to be wacky or quirky but just came off as a weird mess.The camera tricks to add a surreal, cartoonish style were badly done."
13,구경이,"Netflix has just seen how Western audience is so fascinated by Asian culture, and since then, is on a spree, producing and creating tons of Korean and Japanese series and films. Unfortunately with Netflix, it's money first, quality later (or never)...
This kind of Korean comedy has already been seen many times.I read some good reviews that got my curiousity so I gave it a try.2 episodes down, and I was so bored that I started watching youtube on my computer while the series was still on...
There's much better Comedy/mystery series out there, don't waste your time. It's not because it's Korean that it's better, especially when Netflix is involved."
14,구경이,"Korean Drama ""Inspector Koo"" has a truly dynamic duo. Though, to be fair, Miss Koo herself is a delightful mess. But K too was intriguing and a complex character that, alas, was not well explored and left half baked in the end.But, first thing first. The main story is pretty entertaining, filled with action, and with an interesting take when it came to explaining the events in a theatrical way. However, things got bleak quickly and overcomplicated towards the ending.The two leading ladies, on the other hand, were incredible together. They had chemistry and their interactions were something to look forward in each episode, other than their individual arcs. The other side characters were interesting as well, not matching the main leads, but being fairly complex themselves.Finally, the performances were all enjoyable and great by everyone.So, overall, 7 out of 10."
15,구경이,"Long drawn out series with overly contrived female fantasy figures, the hard drinking scotch/beer/soju conflicted hero, the conniving elder big boss, the too-smart villainess. All the male figures are silly, mama's boys, evil, gay, and/or weak and stupid. If you like that kind of thing."
16,구경이,"Lee Young-ae's is once again starring in a production under the helm of director/writer Kim Seung-woo, their previous collaboration was Bring Me Home, a manipulative and embarrassingly melodramatic thriller and this series is just another failure. Our main character is supposed to be quirky and humorous, but comes off as fake and cringey. The music and editing heavily contribute to the cringe factor, it's trying so hard to be quirky and stylish it becomes annoying pretty quickly. This is not a compelling mystery, I was bored and uninterested since the first episode and I found most of the cast very bland and forgettable. Young-ae deserves better, she should be working with a director of Park Chan-wook's caliber, one can only hope she won't be wasting her acting skills for a third time with this man."
17,구경이,"I loved this show so much. Its clever, the characters are great and likeable, the plot was detailed and engaging and it has plenty of opportunities for more stories. I've only started getting into K-dramas but this is one of my favourites so far so I'm really hoping Netflix will bring it back!!"
18,구경이,"Three episodes in & although I am enjoying it, I feel like I'm not watching an original crime series. Some of the scenes (a chase scene) feels a bit far fetched. I do like the characters, the quirky inspector with her side kick Santa are a great pairing. The serious Oh Gyeong-Su gets his buttons pushed by Inspector Koo - that's fun to watch. I'm not feeling Song Yi-Kyung's character - she's like a poor man's Villanelle (Killing Eve). However it's still early days so my opinions might change."
19,구경이,"Everything was half-hearted, rough and sloppy, but somehow I got addicted and keep watched the final episode.I think the storyline of Episode 1 wasn't too bad."
20,구경이,"Has a strong start with quirky unique characters, then fades off as there are many plot holes, namely the ease of which the antagonist is not apprehended. There is an absence of any actual police with crime happening in mostly every episode which dumbs down the immersion. It doesn't really take itself seriously where it needs to be, Lee Yeong-ae's character is well played and keeps things interesting throughout although she is not backed up by any physically stronger character (or a gun) or any actual combat skill) which was her main weakness. Koo made her impressive detective tactics seemingly useless even though she outsmarted the antagonist on most occasions, it becomes very needlessly frustrating."
21,구경이,"Such a good concept, mesmerising intro, and the best soundtrack I've seen in k-drama so far. Lead is really strong too, it has real Death Note vibe. Shame that action is going downhill pretty quickly. It's not bad, but it could be better. Visually 10/10, writing let's it down..."
22,구경이,"I admit first couple episodes I wasnt into and unsure of what was happening, but as I continued watching, it all falls into place. From about episode four on I binged watch it and hope they will give it another season.(It's that good) Kim hye-junk was really fun to watch as her character 'K'. It is a cat and mouse game between the characters who are both interesting and strong females. Do Not rate this show based on two or three episodes, My advice, Finish it then rate."
23,구경이," Once again, IMDB's scoring system confuses
"
24,구경이," Quirky and compelling
"
25,구경이," 6.7 and only at ep. 2? let it breathe, mates.
"
26,구경이," WoW. What happened
"
27,구경이," Female live action DeathNote?
"
28,구경이," An Extraordinary Cat & Mouse Thriller
"
29,구경이," I'm S Korean Now
"
30,구경이," Jewel in The Palace star comeback is Okay ! Just try to understand the plot
"
31,구경이," Don't chase money, chase power.
"
32,구경이," going downhill quickly
"
33,구경이," Season 2 please !!!
"
34,구경이," Kooky? Not Really.
"
35,구경이," A Fail
"
36,구경이," Another Netflix crop
"
37,구경이," Good Enough
"
38,구경이," Feminized Tripe
"
39,구경이," Lee Young-ae's acting skills wasted once again
"
40,구경이," Please let there be a season two!!!
"
41,구경이," Koreas version of Killing Eve?
"
42,구경이," Weird
"
43,구경이," Fizzles out
"
44,구경이," Lead cast & soundtrack
"
45,구경이," Give it a chance.
"
