,title,review
0,기름진멜로,"First off I have to admit I'm a serious fangirl of Junho, but even though I'm slightly biased, this was a very good show with lots of twists, turns, drama, laughter, food and just plain good fun. My only criticism is that they suddenly forgot the horse for about 10 episodes (seriously one of the best characters) and a few differing dishes would have been nice, but all in all it was a great show and i'll totally recommend it, even if you're not a JH fangirl like me."
1,기름진멜로,"I love the two male leads, most of the cast. The romance was lukewarm until the end when it was playful, but still not very believable. Jang Hyuk is already an established, great actor, but he wasn't used well. JunHo is even better in Rain or Shine and Confession; has a terrific future because he's super gifted. Enjoyed much of the series but found the writing erratic especially in the final episodes. Really tired of intrusive mother figures, and this one is a dolt. Good series, but not great."
2,기름진멜로,"Seo Poong (Lee Jun-Ho) worked hard to become a star chef and the hotel restaurant has raised the status of the entire hotel. He is on the verge of marrying the daughter of his deceased mentor not only because he loves her but to fulfill a promise to take care of her. He is also receiving recognition for his skill and anticioates a promotion. Little does he know that jealousy and greed have caused a turn of events where he loses all he holds dear. Seo-Poong swallows his pride and strikes up a deal with the former gangster loan shark who bought a restaurant to provide honest work for his friends who are also former gangsters. The restaurant owned by the former gang members failed in the shadow of the prestigious hotel restaurant. Now it looks like the star chef has vowed to turn the failed restaurant into a winning competitor to draw business and get his revenge on the hotel executives who back stabbed him. Doo Chi-Sung (Jang Hyuk) was a tough gangster but hides a kind and soft side along with a deep loyalty for those he considers friends. He agrees to help Seo Pong if he will turn the former gangsters into successful cooks. Training former gangsters with no respect for authority is a challenge Seo Poong may not be up to. Both men had chance encounters with Dan Sae-woo (Jung Ryeo-won) whose husband left her after her father suffered financial scandal and rJin. This down on her luck heiress keeps bumping into the men and tugging their heartstrings. Can this unlikely group make a successful go at the restaurant and will Seo Poong get his revenge? Which of the men will the damsel in distress choose?I really liked this and am surprised this is not more prominent in searches of good Asian romantic comedies. I loved so many of the characters in this. The ""thugs"", in particular boss thug, Chi-sung, had great character depth. He was someone who became who he was in order to survive being orphaned at a young age. He seemed tough on the surface but, in reality, he had a warm heart and giving nature to all of those in his inner circle. Poong approached him early on to strike a deal to be able to get revenge on those that had stabbed him in the back. The love/hate relationship between Poong and Chi-sung was destined to be a great bromance. I really was not sure, until toward the end, who the lead lady would choose. Both seemed like they were great for her in their way. The story was interesting and compelling, it was well acted, the plot moved along at an appropriate pace, and it ended well. The only thing I did not like was there was some loose ends. There was an almost romance between Chi-sung and a woman he kept encountering that you never know what happens to. Chi-sung's mother - you do not know the outcome with her. You suspect that the two that end up together get married but do not know for sure. Still, it was not enough to totally detract from how good this story was. I was interested from beginning to end and was sad to have it end. I know when I get drama withdrawal that I really liked the series. And I felt that way with this one."
3,기름진멜로,"I really liked the story and the characters,but the scenario had some flaws,as we couldve seen much intercation between the two main leads especially on the later episodes,the mother disapproval was a bit unecessary especially if we keep in mind that the chef helped them by hiring them in their time of need.Poong's wife diasappeared suddenly although she was the main reason behind the revenge,poong's disappointment should've been written more detailed,and also I wanted to see a happy ending for chill-sung with the veterinerian.
Over all I enjoyed the show and almost finished it in 1 day,i recommend it."
4,기름진멜로,An outstanding chef who is about to be married unfairly loses his job at a top hotel and falls in with a gangster who runs a wok restaurant opposite the hotel. They both have links with a rich young lady who too is about to be married and their separate lives will soon come together. A well acted drama with both the leads portraying a romance blossoming and plenty of wok cooking action.
5,기름진멜로,"It was very entertaining for me in all aspects. Started it only for Junho but came to like all the characters. It has FOOD,so much of it that I couldn't give it any less than an 8. Loved the success story too."
6,기름진멜로,"Story: An uptight young cook displaced from his hotel job by the conspiring CEO, sets a new restaurant. A cheerful young girl whose family is suddenly penniless, works at his restaurant along with her family. The restaurant's good hearted owner who was a gangster in the past, flirts her and later helps the duo.Some animal cutting/boiling scenes for the kitchen which may be disturbing to some.Lovely Chinese-kind-of flute music throughout.Genre: food, divorce, love triangle, revenge, contest/game, sneaky romance, love without breakup, happy ending, remarriage.Watch for the girl...so beautiful and a delight to watch. The guy is good at the start and fell short of being handsome towards the end. The second guy is good and his mannerisms are memorable.Some silly ideas towards the end episodes like a contest deciding the owner of the hotel, silly hand fights, family's opposition without much conviction, but tolerable. The lead couple's clean open conveying of love for each other, that remained pure and unhindered till the end was exactly the type that pleases me, so a big thumbs up from me. The girl's maturity in dealing with harsh behaviour at work and family friction- rare to see in kdrama.It had my interest right from the start and i finished it nonstop and I will definitely watch it again. A 7+/-1 from me."
7,기름진멜로,Enjoyable even though the script doesn't have depth and sometimes doesn't make much sense. However just watch and be entertained and don't think too much. Then you will enjoy it as the cute lead actor and actress will make you smile and laugh and even teary eyed with their antics.
8,기름진멜로,"Wok of love had only one thing going for it : food. That's it. The love story was boring, as the two characters had no chemistry and not reason to be together. The love triangle tried to spicen thing up a little, but in the end, it was a failure as well. I'm only rating this one with 3,5 stars out of 10 because of the performances that were nice and decent and because at some point, the revenge story was entertaining. Other than that, this one is a boring drama easily dropped. It didn't bring something new or at least manage to entertain as a whole. And it is a shame, because the premises of the story were promising."
9,기름진멜로,"I really enjoyed this show. It's sometimes a bit convoluted and I think the plot could have done with some more work but wow, Lee Jun Ho is fabulous in this!! He really immerses himself in his roles!! Loved his work as a Chef!! It is wonderful to see all the wok ways!! Inspiring actually! It's enjoyable to watch and worth it!!"
10,기름진멜로,"For one, the situational humor was fun. Second no overacting esp by the heroine. Third great actors. Fourth not tacky . Yet many underated it.Watch it for the actors . For some fun.food techniques."
11,기름진멜로,"This show had a number of great characters that are all well developed. Poong is a great main character played by the fabulous Lee Jun-Ho. He is a super talented actor, and while this role was a lot less heavy than the others I have seen him in, he brings his all to the table and it shows in his very well-rounded character. His chemistry with the FL was amazing, they had such a great journey of awkward to flirty to outright affectionate. It was a very organic and natural relationship that was enjoyable to see develop. Sae Woo was a lovely and likeable FL and I enjoyed watching her and Poong overcome the garbage previous relationships they were in.As for the legendary Jang Hyuk, as in everything, he is a scene stealer. Jang Hyuk just has this certain ""je ne sais quoi"" factor that makes him utterly magnetizing. Two gripes I had with how his character was written - why the love triangle? It was unnecessary and didn't even help move the plot along, or even create drama, it just sort of existed. And second, why portray him as a chef in the posters?? Just weird.The plot was actually really interesting and held my attention every episode. Was this a hang by the seat of your pants type of show? No, but you definitely feel invested in what will happen to our main characters. I felt like the restaurant business was portrayed fairly realistically, to the point where I was getting flashback's to the stress of being a waitress. I enjoyed the cooking scenes a lot, they were beautifully filmed and always made me hungry.Now for what I disliked - the second half of the show is immensely better than the first. For the first half the writing and tone are all over the place for many episodes, with some weird quirky scenes with a horse who is in love with the FL? I feel like they tried really hard to make the FL into some weird, eccentric girl, but then about halfway they decided okay now she's just cute and normal. I really hated how this tone carried into some of the more serious scenes of the show, making them feel cheap and tacky instead of poignant. And lastly, the FL's mother is absolutely intolerable. Particularly in the second half of the show. I am shuddering just thinking about her annoying facial expressions and whiny tone.Overall this was a decent watch, but I wouldn't re-watch and I don't know if I would recommend it, because you have to get through a LOT of episodes before this felt worthwhile."
12,기름진멜로,"Chef Poong most annoying main character. I hate drama with too much screaming. This drama may not suitable for individuals with depression. The chef screaming and emotions might trigger negativity. However, i love the heroin poker face character. She is beautiful and very soothing smile."
13,기름진멜로," Surprisingly wonderful
"
14,기름진멜로," Okay KDrama but flawed.
"
15,기름진멜로," Rated too low by most
"
16,기름진멜로," Liked it but...
"
17,기름진멜로," Love always walks behind
"
18,기름진멜로," Surprisingly good
"
19,기름진멜로," Entertaining
"
20,기름진멜로," Entertaining
"
21,기름진멜로," Not Good Enough
"
22,기름진멜로," Worth watching just for the cooking!
"
23,기름진멜로," Unrated for some reason
"
24,기름진멜로," A Mostly Enjoyable Mish-mash of Good and Bad
"
25,기름진멜로," Too much screaming
"
