,title,review
0,김비서가왜그럴까,"What's Wrong with Secretary Kim is just an okay drama. It has a cute approach to the story, that also involves some mystery about a kidnapping and a chilhood drama, but they kind of overeploit that theme and it got tiring towards the end. The romance, for me, it was so so. There was chemistry and everything, but the script didn't help to create the right mood. In the end, the romance scenes seemed forced to be funny when they weren't. The performances, in addition, were nice and enjoyable at least. The side stories interesting as well. Overall, the drama is just a cute romance drama and it doesn't really have any originality in it to make it the great drama that most viewers claim it to be."
1,김비서가왜그럴까,"I enjoyed it a lot but I feel that the plot was unnecessarily lengthened, even so, each chapter was the most beautiful in the world and it is very satisfying to see through the chapters the development of the past history of the protagonists, I loved it."
2,김비서가왜그럴까,"Firstly the chemistry between the leads is successful. A connection is palpable . They are both good at making fun of their characters quirks. PSJ is quite funny and well cast as the narcissistic arrogant VP. The way he treats her initially is refreshingly politically incorrect. Its nice how they show how valuable she is. PMY is sweet and very attractive as the long suffering secretary. She has an expressive face unlike some of the actresses popular today. Like the way she smiles
through his conceited remarks. Their love isn't as timid as in many K drama comedies are. Beyond first base for a change.
The comedy is good in how he interacts with her family and the wedding preparations. Also the workplace issues about them dating are funny. The dramatic kidnap back story and his relationship with his brother is quite diverting. What does not quite work is the side stories about the colleagues. Some jokes are painful and repetitive.For a romantic comedy it is quite enjoyable. Some episodes could have
been shortened."
3,김비서가왜그럴까,"I thought this show had plenty of strong points, but since they have already been covered in other reviews, I will limit my comments to the aspects in which IMO this film stands out from its peers:1) The main leads. There are plenty of other celebrities whom I personally find more attractive than PSJ and PMY. However, by the end of the first episode I was totally in love! Their couple chemistry was insane and their performances (both together and alone) were amazing. They are by far the best thing about this show.2) A Truely Couple-Oriented Plot. Unlike many romance stories which focus on the complications of a love triangle, this one kept its focus firmly on the main pair, despite the potential for a triangle. Additionally, it realistically highlighted many of the struggles a normal couple would face in developing a new relationship (especially inexperienced first-timers), but kept the contrived angst to a refreshing minimum with (gasp!) actual communication.3) Plenty of Adult Romantic Payoff! Most mainstream K-Dramas tend to stick to the ""G-Rated Love"" standard, with (sometimes frustratingly) limited romantic contact between the leads and little resolution to any sexual tension. This show, however, follows through on all the buildup, rewarding viewers with 6+ very invested kiss scenes, as well as (gasp!) a passionate bedroom scene.If you are looking for something ""fresh"" or ""unique,"" this probably won't be your cup of tea. But if you are in the mood for a classic, RomCom K-Drama with an old school fairytale ending which pulls no punches in the physical contact department, you would be hard pressed to find one more satisfying than this. Highly Recommended!"
4,김비서가왜그럴까,"This is the second series starring Park Seo Joon that I have watched (before I watched She Was Pretty) and I am amazed not only of the high calibre of the young stars but the beauty of filming and the perfection of the production. The love stories are similar but still leave the viewer spellbound and anxious for the next episode. The Koreans should export these productions world-wide, as audiences everywhere will totally enjoy these beautiful young actors and actresses mesmerise the viewers with their performances. Thanks for great entertainment!"
5,김비서가왜그럴까,I found nothing wrong with this show at all. I enjoyed every minute of it. It was a nice and enjoyable show. The characters made it even more enjoyable! I loved the main cast and the ending is superb!
6,김비서가왜그럴까,"Started off well. Good acting by all characters. However climax ended too early and looked like forced romance thereafter. Couldn't bear to see last few episodes and complete the series. Noo storyline. Dragged in the end. Expected better from the rating this series received.
Disappointed."
7,김비서가왜그럴까,"I cried watching episode 15 literally. Even though the drama didn't have much deeper story and the mystery got solved my episode 12, I still loved the meaningless laughter and romance after that. Cause maybe that's what I was longing to watch. Watch a guy propose 5 times to his girl until she says yes. Watch a guy fulfill his girl's bucket list. Watch a guy convince the girl's family. Maybe I love a show off guy like Young Joon who wants to show the world the love of his life and not hide it. Definitely definitely a must watch if u r fairy tale lover!"
8,김비서가왜그럴까,"Ahhh, yep, another favourite K-drama here for me. At first you see mostly the funny side of things, with the hero being so amazingly arrogant you just have to laugh.The chemistry between the two leads is undeniable from the start, but the most amusing aspect for me was the hero getting a rude awakening when he has to come to terms with his secretary's decision to resign her position ... after nine long years of being a well paid servant.He's baffled, confused, stunned, because who wouldn't want to be at his beck and call all day, every day?That's what we see at first, but as the series progresses we go a lot deeper into the shared history of both lead characters (that goes right back to childhood), and inevitably take a more sympathetic view toward that arrogant hero. The story is moving.I will definitely be watching this series again, because I adored it the first time. Great acting, and numerous captivating side stories to watch unfold as well."
9,김비서가왜그럴까,"This is one of the best romantic comedies with a dash of drama that I've ever had the pleasure of watching. It's funny, romantic af and the chemistry between the leads is off the charts. The male lead is fantastic, the female lead is super cute and the supporting cast is awesome too. Basically, Secretary Kim has been working for nine years as the assistant of the Vice Chairman of a company and now she's resigning. Why? She's paid off the debts of her father and sisters, and is ready to have a life of her own. For nine years, she's been at the Vice Chairman's beck and call, at night, in the weekend and even during holidays. On top of that, her boss is self-absorbed to the point of narcissism. So, she's done.The Vice Chairman is shocked when she announces her decision to quit - because he thinks he is the best boss and most perfect guy ever - and immediately starts to come up with schemes to get her to stay. Somehow he gets it into his pretty little head that Secretary Kim is in love with him, so he starts to woo her. With hilarious results, because she hates his guts.Seriously, just watch this series! It's so good and so satisfying. You'll laugh and cry and sigh (mostly laugh and sigh, though, at how adorable the main couple is). The male lead is gorgeous and hilarious, the female lead has got a great evil smirk, the sound effects are the best and the side stories of the other characters are absolutely worth your time too. I'm probably just going to watch the whole series again real soon, because watching anything else after this can only lead to disappointment."
10,김비서가왜그럴까,This is one of the best romcoms I have ever watched. It sets itself apart from most series. The creators incorporated sound effects to portray the actors emotions which will definitely bring you laughing and rolling on the ground sometimes. I enjoyed the romance a lot and the history that the main characters shared. This series has its hard and tough moments as well. The series pretty much wrapped up before the last two episodes. I liked that as it gave me two episodes as the ending to fully enjoy. Series do not do this at all as most give us sometimes nothing more than 2 minutes.
11,김비서가왜그럴까,"From the moment I read the synopsis I knew this was a drama I would LOVE - & I absolutely did!! I am extremely picky with kdramas & I honestly wish I wasn't since it's so hard to pick something that will grab my attention in the first few minutes of a drama lol but man oh man this was amazing! If you're looking for a pinkish drama, light hearted rom com with a bit of suspense - THEN THIS IS FOR YOU. This drama gave me absolutely every single thing I could ever ask for in a perfect drama - great chemistry between the two main leads ( who are incredibly attractive btw ) , lots of comedy and lots & lots of kissing scenes - which were adorable to watch *squeals* PSJ is an extremely talented actor & so is PMY, I was so impressed with this drama, the director did an amazing job and so did all the actors. Each week I was looking forward for each and every single episode & I was never disappointed or ever bored. Did I mention the chemistry was fantastic? If you're wondering whether or not to give this a shot - I AM BEGGING YOU PLEASE DO. I wasn't disappointed & I hope you won't be. PSJ is quite the eye candy."
12,김비서가왜그럴까,"I'm a big fan of K-dramas specifically, but not the romantic ones. I originally never intended to watch this to begin with, I was searching for some good ones. After finishing the first episode, I was completely hooked and fascinated by the wonderful story line up and ended up watching the whole 16 episodes in 2 days. The actors have done a marvelous job, they portrayed their characters exceptionally. Loved every bit of it. The romance, the comedy, the sorrounding mystery between the two brothers, everything was fabulous! Just give it a shot. You'll regret later if you don't. It's from one of those ""must watch"" categories. Even if you ain't a romantic fan, you'll love it!"
13,김비서가왜그럴까,"So so so so so so BEAUTIFUL, AMAZING and ROMANTIC!!!!!It's like a DREAM story, that fills your heart with BEAUTY and HAPPINESS!!!Both leads were sooooo GREAT and with such a WONDERFUL CHEMISTRY!!!!!They were filling the screen with their AMAZING LOOKS and such an EXCELLENT ACTING!!!One of the TOP LOVE STORIES!!!!VERY WELL DONE!!!!!"
14,김비서가왜그럴까,"This is one of the best contemporary KDramas I've watched . I was intrigued and mesmerized by the story, and acting in this series. The handsome Park Seo Joon and the lovely Park Min Young captured your attention and then your heart early in the series - he with his pompous behavior and she with her loyalty and patience. The entire cast was great, but PSJ and PMY were the absolute best that I've seen in a long time. This series will tug at your heart strings. You will find yourself crying tears of anguish and tears of joy for the lead couple. I 've watched it several times already and cried every time it ended. What a wonderful show! Kudos to every one. Watch it!"
15,김비서가왜그럴까,"What's Wrong with Secretary Kim was on my watch-list for a very long time, and I initially didn't really have an interest. Then I saw Park Seo-Joon in Itaewon Class and fell in love with his shy character and amazing acting skills. So I gave this a shot.Overall, I feel that this show is quite overrated. Based on reviews I was expecting a lot, and perhaps that's why I felt underwhelmed. I liked the kidnapping subplot - I think it was done well, made sense, and added a tragic undertone to our couple. But this subplot was resolved rather early, and it felt like the will-they/won't-they aspect also reached it's climax too early. I got bored and skipped through the last two episodes. The fatal flaw for me was the lack of chemistry between our couple - in my opinion Min-Young felt very stiff towards Seo-Joon. Every time they kissed it seemed like she just wasn't into it. Seo-Joon was always very sweet and into her, so I'm not sure if she just didn't like him in real life and that translated onto the screen, or if she just felt awkward filming those types of scenes - I haven't seen her in anything else so I'm not sure what to make of it. I seem to be in the minority here, especially since apparently people thought they were a real couple because of this show, so it might just be me. Either way, I didn't particularly like this show."
16,김비서가왜그럴까,Absolutely loving this haven't seen a drama yet he is in that I have not enjoyed he is one along with Hungshik. and Ji Chang I could watch anything they are in so happy for their success
17,김비서가왜그럴까,"An entertaining romantic comedy with great chemistry between the leads. Certainly does not tax your brain and while they did try to throw in a little mystery with the kidnapping story when they were children, it too was predictable as was the progress of the romance. I did enjoy the humor and the audacious ego of the main lead. If you are looking for fun and escapism, this will fit the bill."
18,김비서가왜그럴까,Park Seo Joon is a really versatile actor and I thoroughly enjoyed his performance in this drama as well. I know that this was based on a webtoon which explains why the writing was good. This was a feel-good drama but the PSJ and Park Min Young brought depth to the show.
19,김비서가왜그럴까,"It's a shame this series got this huge a rating. It was almost painful to watch. Atleast the episodes 1 - 12 made some type of sense. But the horror of the rest. How can such a cheesy, nauseouating romance get such rating. I am more disappointed at the misleading rating more than the series itself. After watching drama like Goblin, memories of Alhambra. This is such a shame. I have nothing to say. This is over the top to be even called a fairytale romance. I give up"
20,김비서가왜그럴까,"She is so feminine, so lovely.. He is good looking and sweet. Both caught a great chemistry. The storyline is beautiful, 90% of each episode makes you laugh. Definitely this drama deserves to be watched"
21,김비서가왜그럴까,"After Fight for my way with Seojoon, I was really expecting that he and Minyoung will have the best chemistry. But there's always an empty feeling whenever they have romantic scenes together. The story was a little unique but the ending did not deliver much. I like the guy best friend though. He is hilarious in kdramas where he portray the role of sidekick bestfriend."
22,김비서가왜그럴까,"This drama was just okay. There were a lot of things I didn't like about this show and it was hard for me to finish. This show gets really high reviews and I will never understand why there are lots of other dramas that are worth your time. Most episodes were very boring. Young-joon (leading male)'s narcissism was funny at first but it became annoying very fast and it made him unlikable, Mi-so (leading female) was also unlikable and kind of annoying which is what made it hard to continue. Honestly the side characters like Ji-Ah saved the show, I never would've gotten through it without them. I'm also seeing a lot of people that they had amazing chemistry but I don't feel the chemistry at all.Okay, now the good things. As I said earlier the side characters are what encouraged me to finish the show, I liked that the show also focused on the side couples which a lot of dramas don't really do. And I'll admit I enjoyed the first 3 episodes but it honestly went downhill from there. Park Seo-Joon did a great job with his role, although the character was unlikable he is really an amazing actor, watching this show after Itaewon Class really showed how he can tackle any role. This is the first drama I've watched with Park Min-Young (I've watched Busted though) and I think she also did an amazing job, the actors in this show are amazing. And this show did make me laugh sometimes."
23,김비서가왜그럴까,"To me the story was predictable, it got boring and i didn't even finish 3/4 episodes in the end because it was cringe 😬 and just meh"
24,김비서가왜그럴까,"I absolutely loved this series. Along witht the Legend of the blue sea, it's now my favourite. I never laughed as much. And their love story, adorable. I highly recommend."
25,김비서가왜그럴까,"I believe the title of my review sums this show up pretty well. :) With the addition that it's not as melodramatic as other K-dramas. Also, after watching this show, ""Min-Young Park"" became my favorite South-Korean actress."
26,김비서가왜그럴까,"I'm new to KDramas and after Crash Landing on You, which is soooooo magical, I needed something that would keep me watching, and this was just the thing! It's a lovely story! The leads are lovely, and I have to say the kids especially beautifully cast. The only thing I didn't like is the annoying tracks used sometimes in the episodes, but that was only occasionally. A lovely support cast and a beautiful story. I loved it!"
27,김비서가왜그럴까,"This romantic comedy drama was a refreshing change to most K-dramas. It had a great story-line, loads of witty humour, lovable characters and a dramatic and emotional twist to the story.
What I loved most was how Young Joon's character did develop but he managed to remain his usual pompous self but it was never serious and he was actually really kind a caring underneath. In the same way, Mi So just accepted him being so full of himself, not feeling the need to set him down because she knew he was really lovely and kind.
The other thing I liked was the lack of misunderstandings and wasted opportunities so prevalent in many of these dramas. I loved the part where she says, I want to make things clear, so there are no misunderstandings and the scene in the cupboard, where he maturely doesn't take offence, but rather doesn't want to argue with her unnecessarily.
The only thing I didn't like, was the ridiculously annoying woman Se Ra. I assume it's a Korean thing, but the stupid side characters are so unnecessary and really annoying. The actual humour was so good throughout, no silly side characters are needed.
This series had more passion than most K-dramas but still very decent which I really like. Great acting and characters I will miss."
28,김비서가왜그럴까,"If you're into rom-coms, this is a cute one. The leads are bothgboth looking and talented, at least in comedy."
29,김비서가왜그럴까,"Me and my wife watched together, we laughinh together. I can learn some new things for our relationship. Very good movie"
30,김비서가왜그럴까,"What a cute story it was. This was my eleventh K-Drama and almost all of them I have watched during lockdown. It all started with the drama ""The Legend of the Blue Sea"". The character development was top notch and romance between the two main leads were on another level. The story was beautifully portrayed. The romance was slowly and nicely put together. As with other K-Dramas I have experienced, you will quickly feel attached to the characters and get totally immersed in their daily lives. This is something special about K-Dramas that they make you fall in love with the characters. Even the side story and the characters romance were beautifully done. Overall this is a very good show. Definitely among my favourites. Now next TV show I have decided to watch is Hotel Del Luna. Check my profile page to see all the K-Dramas I have reviewed and watched."
31,김비서가왜그럴까,"Okay drama, quite bland, predictable and very cringing at some points, it could have been better if they had exploited the backstory better. Sometimes is funny but quite forced. I can give it a 6 rating just because the actors are good."
32,김비서가왜그럴까,"This is must watch show if you are watching Korean drama for the first time as because it all kind of emotions, comedy, love and lots of other beautiful thing which you'll definitely love to watch. I'm sure after watching this drama you're gonna be fan of Korean drama shows."
33,김비서가왜그럴까,"I loved this show. It's about a professional woman who gives her life to the man she works for so much that he can't do with out her. So, that, when she says she's resigning after 10 years he's at a loss and figures out he can't be with out her.
This woman Is very well put together, in style, personality and career wise. She compliments him. They both don't realize they are a power couple.
I enjoyed the coworkers and some scenes were just too funny!
There's a history of these two but they don't realize it goes back to their childhood.
The music was fabulous, I will watch again because it's a great story."
34,김비서가왜그럴까,"The writer obviously had an understanding of corporate life to catch the subtle nuances of romance and work in the office. There were parts that were extra funny because if you've ever worked in a large firm you just.got.it. The graphics were excellent! The love devil that appears and he just gets pushed around. Or the sound affects from an eye movement were so excellently done. The friendship between the Vice President and his friend was very well portrayed but with a hidden hierarchy in place. The coworkers were close. And, so many hormones running loose with all the office romances. The soundtrack was beautiful. And, their love scene was very sexy I think for a KDrama. The whole film was very real that's why it gets rated a 10 from me.
Here is a Vice President trying to woo his 9 Years long secretary And she challenges him. Not only that she keeps him work focused while he's Love focused. She is very sharp and just what he needs to make him the best he can be. And, he knows this. His best quality is he Wants to do for her and respects what shE is ready for.
I'd like to see a series 2 on this. All the players in this film were excellent."
35,김비서가왜그럴까,It's cute to pass the time but it's boring at a point. Everything turns around their romance and sometimes it's tiring to watch. good actors but that's all. muais..:😒
36,김비서가왜그럴까,"It is my first time to make such complaint. Too many kisses unecessary to the plot, making rhe drama ilogical to watch. The storyline is weak and is not pacted closely. But not able to give it up totally, i fast forward to finish it."
37,김비서가왜그럴까,Hang in there and enjoy this. Its soo soo beautiful!
38,김비서가왜그럴까,"The romance was really good but yes at some points it was cringe but controllable. The comedy was also pretty good I liked it a lot. It's a story related to the characters' past trauma which was an okay side of the story. However, the romance was really nice as Kim Mi so and Lee Young Joon looked really good together in the show. It is recommended if you want comedic romance."
39,김비서가왜그럴까,"The first series I've watched from their 16 episode format. it is fresh to me and its on Hulu for my area in the US. Netflix has many also from the same production folks. The love theme is well written throughout, and with the subplots there are several ongoing but never overbearing to the main plot. You may cry a time or three in the more deeper drama moments. The characters mature with the passing episodes and the end is proper. i watched it more than once to get it all."
40,김비서가왜그럴까,"Decided to watch it because I was attracted to the synopsis.
Right off the bat, there was no chemistry between the two characters.
Dialogue was horribly delivered. Both the main characters had no chemistry at all. Plot was stiffly done.
The entire show was very stiff. And yes, I watched the entire thing just to make sure I was certain about my negative review.
The 3 stars given was for the plot itself. It was such an interesting story. Sad that everything else totally killed it."
41,김비서가왜그럴까,"Simply put: I just love it. Everything, the plot, the twists, the love story, the way the main male character was portrait... I love it all.Update: so far I've watched this show toooo many times. I wish i could give it a 100 stars! I love the writing and the acting that much!"
42,김비서가왜그럴까,"With every thing going on in the world, give yourself a break! This is a perfect k-drama that is light hearted and feel good. It is a perfect distraction from the real world! Not every show has to make you think, has shocking surprises, etc. This show is entertaining and relaxing. It made me happy and I hope it makes you happy too!One of the things I like about k-dramas is how they wrap up all the loose ends. Every time my mind wonders, ""What about..."" they normally have an answer. This drama does this so well! It is a light hearted romance and I was left feeling fully satisfied.It is a little longer in places, but I have seen k-dramas that extended the plot way longer than this. Plus, who doesn't want more of the stars great chemistry, heart warming moments, and progress for side characters? Savor it all!"
43,김비서가왜그럴까,"The first time I saw this I had very mixed emotions about it, especially in the first few episodes. Knowing the characters better and watching it the second time, I truly liked it.
It's a sweet romance with many unexpected twists. I didn't care for the hero's attitude in some ways the first time, nor the creepy stuff either time, making this a 9.
When the hero awakens to his need and love for the heroine and is determined to win her, it becomes a fantastic story and a very beautiful romance. It was easier the second time around to focus on the romance and not the negatives since I understood where this was headed, making the second time a much more enjoyable viewing."
44,김비서가왜그럴까,"This show deserves lesser than 1 star. No chemistry!!!No storyline. No logic
They try and bring animations to a few scenes which is not consistent throughout the episodes.The girl has a plastic smile.....i mean does she think she will look like a doll if she smiles? Because sometimes she sits soo still that she looks like she is made of porcelain.......ugghhhhNo chemistry!!!!Lead actress seems to be pretending to smile (read forced) in episodes 1-3....but later on (am on 11th episode now) it seems as if that's her default expression.The brother seems to be a nicer person in life who notices other people....cares and even apologize for his mistakes....but the girl falls for rude one...If this boss was soo hell bant in keeping her beside him for the rest of his life....why didn't he court her or make her life easier?Instead of trapping her in a job she didn't like and from which she wanted to be free as soon as her debts were paid off?Edit:
Do not watch episodes 12-16. They are utterly time waste
You could do soo much with those 4 hours of your life!!!"
45,김비서가왜그럴까,"The female lead is played by Park Min-young. Kim Mi-so (Park Min-young) has been secretary to Lee Young-joon (Park Seo-joon) for 9 years and feels like it has consumed her life. Vice Chairman, as Secretary Kim mostly calls him is narcissistic, handsome and very capable but also very difficult to work with. Overly the 9 years they both have developed feelings for each other though neither fully realizes it. When Secretary Kim announces she is going to resign, it is a wake up call for both. There is also a mystery surrounding the childhood of both.I really liked this one. The plot was relatively simple although there were the love triangles, friend groups and side romances. There was also a bit of mystery and flashbacks to childhood. The child characters were adorable and amazing at acting for children so young. It was cute to watch the romance develop. Secretary Kim would annoy me sometimes because she could be very insensitive to Vice Chairman's feelings. She was also more ""chaste"" than is even usual in this culture and I would feel frustrated for him. But it was really good. They looked perfect together and the male lead character evolved quickly to be super sweet."
46,김비서가왜그럴까,"Thats all im gonna say,not gonna waste my time for explaining why cuz i already wasted too much watching it."
47,김비서가왜그럴까,It was funny and extremely cute love story! The couple is too cute!
48,김비서가왜그럴까,"HAha, sorry for the joke to get your attention. More on the very un-ugly PMY soon ( much more ! ), but this is a really enjoyable show which, like ""I'm Not A Robot"", thrives on the chemistry between 2 excellent leads. Yes, the set-up for them to work together is incredibly artificial/convenient, but not a huge deal.
Park Seo Joon is lovably pompous as the imperious Vice Chairman, and Park Min Young as the secretary of the title, well...even her pic in the small thumbnail on the VIKI show guide compelled me to explore further..sigh...she's a classic Asian beauty in the same vein as, say, the Chinese actress Li Bing Bing ( who btw is insanely well kept for 45 ), yet PMY has 2 crucial weapons in her physical arsenal: 1 - those cheekbones, & 2- that SMILE ! Combine the 2 + when she also shows her teeth...sigh...Words like GODDESS & ANGEL have been used for her, but they really only scratch the surface of this divine being. And from what I've read about her kindness to fans, the warmth and joy in that smile is totally genuine. Plainly, the Korean Govt needs to designate her a national treasure & a public holiday on her birthday is also justified. And her voice is lovely too.
Oh yes, um, back to the show ! The writing is very good ( the eps with the toy machine and the beach are especially memorable ) , lots of humour and tears of course too, & even the last ep had some small surprises in store. The support cast are great, though Hwang Bo Ra as Chief Bong is irritating early on ( but does improve ) while the lovely Pyo Je Jin as the replacement secretary lights up the screen whenever she's on.
As to the S word, how can KTV be so prudish when KPop is so raunchy ? There's a scene where a a woman enters a room & a man appears in a modest bathrobe having just showered, so she averts her eyes as if there's a tentpole going on ! I laughed out loud. And since these 2 are both presumed virgins & have never dated anyone, the lack of realism in that regard is absurd & will stop Hallyu from reaching viewers around the world who know how boys interract with girls. Another time, an event unfolds which is VERY pivotal for the couple involved, but it's treated as an amusing diversion ! ..sigh...
My advice : tackle these issues please, & it can be easily done with humour and without anything remotely graphic being shown. They're not called the Facts of Life for nothing, yet I recall a simple comment the VC makes to PMY which was actually overtly erotic & quite compelling as a result ! So there's hope.
Alright; you need to watch this show, & I'll conclude, naturally, with the celestial PMY : if I was ever to meet her in person I would obviously die on the spot, but at least I'd die happy....sigh...."
49,김비서가왜그럴까,"If it wasn't for my friend's deal of treating me to a free dinner for watching this show, I would have stopped at the early episodes.I get why some girls like the show, well for starters, they found the guy (vice chairman) cute. The whole ambience of the show is light and funny but along the way, I kept feeling that something is just off about it. Usually with rom-com movies, you expect a nice plot where you get to witness how both characters fall in love with each other (in a cute way) but this one seemed forced. The leading man was introduced as a narcissist and in real life, its honestly damn hard to fall in love with one, not to mention, he, being your boss. Another thing that I dont like about the love story is that the leading lady, as the secretary, planned resigning so she can finally taste freedom from work and to find herself along the way as she reaches her dreams in life. She has been in the industry for 9 years as his secretary and now being told that she wants to resign prompted him to stop that because of the mere fact that he has this childhood promise of marrying her. Its confusing in the very start and it makes you hate him even more as to why would you attempt to discourage a person youre in love with from living her life and be free. I mean you can always court someone and start love in a better way, rather than keeping them chained with you forever. And if youre gonna reason out that trauma he had in the past, well thats just bull$hiz.Now, talking about the girl, at first I was proud of her for taking a stand and be firm of her decisions in resigning but as the show progressed, it seems as if she is being tolerant of the narcissist to step beyond bounderies like holding her hand or to even kiss her. That first date with the fireworks is not at all romantic because the intention was to make her feel 'hangover' for him. Its all about him and it makes me feel nausious; not to mention his constant boasting and self praise. The writers never gave justice to the love story as the whole thing just progressed to the secretary adapting and falling in love, proly due to pity from the past. Its unrealistic and an insult for strong females out there.What made up for the movie though are the supporting characters of the show and a huge kudos for them for carrying their parts well. Like i said, if it wasnt for that dinner deal, i wouldnt be forcing myself to finish the movie.Anyway thats my two cents, more than actually."
50,김비서가왜그럴까,"First I like the two Park(s) so there is no surprise of rating it to 9...
If you need entertainment and don't think about story, script andthing new etc., etc., then this is for you.
Lost of characters and small and cute story in it..
Full of Romance and good comedy....
Everyone given their best...
But my favourite Park Min-young who has given her extraordinary and cuteness overall the Episodes...
Either it is a romance, comedy, sentiments, angry anything...Her bodylanguage, face expressions are top the notch...
So pretty she is.. you can watch this series only for her...
Park Seo-joon and his friend Kang Ki-young ...superb acting and excellent...
Park Seo-joon is so smart and handsome ...
Superb music & excellent photography
Go and watch ...don't miss it."
51,김비서가왜그럴까,"Boring, stretched, predictable, nauseating love story. You can skip and skip and then watch and you'll be fine. Maybe I would have liked it if it was a 2 episode drama or something... Well with another lead actress.. Park seo joon is a great actor and his other roles like in itaweon class shows the length of his great acting skills.. but I didn't like the lead actress at all, I mean she is pretty and all but she just isn't a good actor! She has exactly one facial expression which is staring and acting awkward. Don't get what the hype is all about."
52,김비서가왜그럴까,"I just gave this one a try during the pandemic. Lol. The plot wasn't too interesting but I wanted to watch something light and funny. I like PSJ. However, it's weird that he didn't give justice to his 'boss' role. The entire drama got really annoying that It made me drop in the beginning."
53,김비서가왜그럴까,"It's funny, cute, fluttering, romantic and beautiful!
Their chemistry is really good u can't help to swooning over every romantic scene!"
54,김비서가왜그럴까,"So cringe, both characters are so annoying, no real conflict, it's boring. All they do is kissing and saying stupid things."
55,김비서가왜그럴까,"The drama is okay, but it should have ended on episod 12"
56,김비서가왜그럴까,"This serious is fantastic, really make me crying so much 😭😭😭💔,"
57,김비서가왜그럴까,The strong story line for each main lead and they acted it well.
58,김비서가왜그럴까,One of the 2 dramas which I would go back and watched it again and again. Love interactions between them are hard to find.
59,김비서가왜그럴까,"I just smiled the whole time while watching this, love this! Watch it!"
60,김비서가왜그럴까,"While i like this show and find it amusing and rather addictive and unlike boring Australian shows - here you'd be hit with a workplace harassment charge within 30 seconds of the boss' behaviour first occurring, particularly the apartment watching. It's tv though and sweet in a way, but I'm not really sure whether it's a fabulous message. Maybe i should get over myself and just enjoy the story!? Hmm"
61,김비서가왜그럴까,"Kdramas have always given me the most pleasurable time of my life. But this is the first Kdrama in which there were actually 4 leads and that made the series completely up to the mark.The beginning was itself fabulous as you remain excited from the first episode that what will happen next. The time the main lead role spend with each other was also outstanding. Though sometimes I felt that the main female lead is not showing love to the main lead even if there was nothing to be worried about between them. It has comedy,Mystery and Romance which makes you to watch it until the end. I also enjoyed a lot this series, laughing,felling romance and even crying sometimes. This series has all episodes unique. I didn't fell that is was being dragged. It is completely perfect so I would rate it 9 star. 1 star less just because of a few feelings of the female lead. At the end, I would just say it a meaningful time if you give it to this series."
62,김비서가왜그럴까,"Honestly speaking, best romantic comedy I have ever seen. With some suspense in the story will make you addicted to this drama. Chemistry of PSJ & PMY is another thing to watch. In a nutshell, this is a perfect combination of romance and comedy with some mystery."
63,김비서가왜그럴까,"You have to watch it (or at least the opening titles) to get the tagline. But this is a funny, romantic series about a high level executive falling for his hard-working secretary (whose decided to resign) and desperately trying to keep her from quitting. The executive is often described as ""narcissistic"" but I think that's not really his problem. He has a kind of blinkered self-regard where his belief in his ""perfect brain"" and ""handsome face"" don't keep him from being kind. It just makes him oblivious...to a lot of things. Otherwise, why would someone as competent and intelligent as Secretary Kim even be interested? The odd kidnapping plotline seems to belong in a different series and, if all you're interested in is romantic comedy, you can skip over those episodes with little ill effect. All the characters (including those in supporting roles) are goofy and attractive in their own unique way and, yes, the series goes on a little longer than it should but it's fun and who wants fun to end too soon?"
64,김비서가왜그럴까,It was my first k-drama. The best I have ever seen.
65,김비서가왜그럴까,"This is another kdrama touted as one of the better ones, yet I couldn't get drawn to the lead characters. Seems to me their acting is not natural and I couldn't feel the chemistry between them."
66,김비서가왜그럴까,"It was awesome and lovely. One of my favorite for it's love , romance and thriller."
67,김비서가왜그럴까,"The storyline and the writings was so cheesy and meaningless, the romance scenes are comercial and fake.I hate it"
68,김비서가왜그럴까,"The best swoonworthy romantic k drama ever! From start to ending! Totally swoonworthy! If i can give more than 10 stars, this drama will be it! The right moments with the kisses, & not just a peck on the lips! The I love yous, the holding hands, they give totally such a romantic awesomeness! The shyness & subtlety is real not fake ones! The gradual developed of mutual likeness & love. With the fantastic, beautifully setup wedding. Not just a quick so called wedding. The erdding here is elaborate & beautifully done!The leads have such a fantastic chemistry together! Park Min Young always have such an awesome chemistry with her partners. So real & not stiff or fake. She makes her partners comfortable with her that gives the best chemistry. This is the 3rd drama with Park Min Young, she is not only beautiful, real, sexy & also talented actress! Loved her dramas! Looking forward to her new drama!Park Seo Joon May have watch his drama but not memorable but in this one, it will last as he is not only handsome but he potraits an intelligent, young & romantic lead. Will look forward more his drama.For once I watch a kdrama that has no deceit, lies, betrayal & unnecessary back-stabbing! Just 1 scene of office gossip. All these unnecessary storyline are so tiresome & dull to watch. The same lies & betrayal again & again. Even the rich chaebol in this drama is like ordinary people no unnecessary extravagant that need to be flaunt. No unnecessary condescending remarks because she is a secretary. The team in the office is also so supportive. Family supports each other. All in all my top favourite! Definitely will binge watch again!Superb leads & supporting casts!For once a drama that gives good vibes after watching!"
69,김비서가왜그럴까,This drama shows the relationship between the vice president of a famous company and his secretary. The vice president is a narcissistic self absorbed man and his secretary is a hardworking woman who has been beside him for the past nine years. The plot is good and the background scores are also amazing that syns well with the scenes and emotions depicted. Though there are chances for a lve trinagle it mainly focuses on the lead couple and there are also some twists in the plot. This drama also shows the conflicts between a normal couple and how they resolve them. And everything ends well like a fairytale. This is definitely a feel good drama. If you like the classic rom-com kdramas then this is perfect for you.
70,김비서가왜그럴까,"If you're looking for a feel-good and light drama, this one's perfect. It's a great drama and it tops the list of my favorite of all time. The chemistry of Min Young and Seo Joon goes off the charts, it's spot on. The casts' comedic timing, especially the leads are spot on, Would recommend this show highly 10/10 ! You won't get enough of it"
71,김비서가왜그럴까,"My type of dramas are the romance one but mixed with some very good action. Even though here the action was replaced with comedy, I perfectly enjoyed it. The first drama where I see not only a lot of kissing but a scene which actually implies some sex. This is very unusual for Kdramas and I love that they finally did this step in cinematography. It was enjoyable that it was described a relationship between 2 lovers with all its up and downs, insecurities, jealousies, arguments, love, confessions, feelings and so on. Also the idea of family was very well integrated.
As a bad thing, I did not like at all the side stories and I always ended up fast forwarding when none of the main leads were involved."
72,김비서가왜그럴까,"Absolutely amazing !!.... reallyyyy enjoyed this drama!! Omg secretary Kim is straight up perfection like no jokes !!!
It's definitely a mussssst watch drama !!"
73,김비서가왜그럴까,"This had all the potential to be a truly fantastic drama with it's dynamic casting, bright energy, and quirky sound effects, but halfway through, I found myself not caring whether or not I finished the series. I was way more invested in the side character's romances at the end.I loved the first episode and how feisty Mi So was in her resignation. This series would have been greatly improved if Mi So actually got to live out her mission of discovering what makes her happy, and THEN came back to the office. I also had a huge problem with her immediately being okay that the Vice Chairman had lied to her for years about his identity and there was never any trust issues in their relationship stemming from that.The kidnapping subplot was interesting, but it was resolved too quickly, leaving the brother to be a limp and useless character ultimately. It would have been nice if he would have been able to find new inspiration or romance after discovering his true identity. Ji Ah was a huge fan of his writing, so that could have been an interesting romance to explore to give the brother character a use other than shopping with mom.The goofiness and comedy kept me going ultimately. I loved the Jane The Virgin style energy and the heightened drama. It would have been a better series ultimately had Mi So had more time at the beginning to explore her free will instead of being bulldozed by Vice Chairman from date 1. She never had a choice. Even though he was putting in the effort, I didn't find it to be a healthy mutually loving dynamic. She was never excited about him. She wanted to hide the relationship from her sisters, her dad, the office, everyone, and she wasn't even excited to plan her own damn wedding. The poor writing was a waste for two talented leads."
74,김비서가왜그럴까,"I just like first 3 episodes. After that it get worse! For me it's Not funny at all, and don't have that good story. And its plot very very weak! After all I can't colmpete it. Stopped at 9ep."
75,김비서가왜그럴까,I learnt a lot of not lagging behind in any mode of my life... From the female actor...n her determination of being actually what she is... frankly speaking to young Joon about her wishes n how to lead her life in the way she likes to..even not being so rich... that's must be the perspective of every woman in life.and man who deliberately to understand no matter whatever she wants and needs...the best message to young generation..go on u people are really going good!!!!!!😁
76,김비서가왜그럴까,"I do not understand the hype for this drama. I had high expectations for this when watching it since I like Park Minyoung. And episode 1 and 2 were great. But, it quickly went downhill from there. Apart from few good scenes between the character's past selves (The child acting was excellent), there is nothing good nor realistic about this series.The office staff were not even funny and were just plain annoying as well. Though I wanted to give up watching this from episode 4 onwards I still kept on going for the sake of completing the series. And what a waste of time it was!Good:
Great chemistry between the two leadsChild actorsStory line about the childhoodBad
Acting from the leadsOffice staff acing was too lame and too over the topThe jokes are not funnyThe main lead's relationship is hilariously unrealistic and toxicThe ending is forcedNothing in this drama makes sense."
77,김비서가왜그럴까,"Romance , comedy and humor . Leaves you smiling in every episode!"
78,김비서가왜그럴까,"I have not been a big fan of romcom but every now and then something good comes along. This is one show that should be watched by everyone. Simple but elegant and funny at the right time. I enjoyed every episode of this show, it was just great."
79,김비서가왜그럴까,"This show is a romantic comedy and I was kind of scared the comedy part would be over the top like in many other rom com dramas but thankfully, this show pretty much never turned ridiculous.The plot as well as the characters are very cliché (rich, arrogant CEO and the smart, skillful secretary from a poor family background, both sharing a hurtful past like is the case in most kdramas), yet I couldn't help but binge watch the first 10 or so episodes because it was pretty great to watch an overconfident conglomerate who knows nothing about dating trying to win over his secretary's heart. The supporting characters plus their sideplots made that whole thing even more fun.One of the main couple's obstacle is their hurtful past but that part was solved around episode 10 to 12 and while I appreciated that the writers didn't drag on that story until the end, they didn't do anything to make the remaining four episodes as fun and interesting as the previous ones. Instead, they dragged on the things that the viewer knows are coming anyways since they're talked about forever: proposal, wedding. Oh, and in episode 15 the characters (in different groups) get drunk 3 times. 3 TIMES. So that's basically what episode 15 consisted of: the characters getting drunk. It was kind of unnecessary. Also, the main couple's relationship didn't evolve much after that compared to the first 12 episodes. Yes, proposal and marriage, but the female main character called her boyfriend still vice chairman and never by his true name and used formal language until the very last episode and it bothered me. That's not how a couple who's in love refers to each other and/or talks to each other. All in all, my desire to keep watching the show decreased episode by episode to the point where I kept looking at the time in the final episode - I was kind of disappointed to say the least, specifically because 3/4 of the show were so amazing, entertaining and addicting in a way.Conclusion:
plot and characters are very cliché but still adorable and fun to watch until episode 12. After that, I can't guarantee you won't start to feel bored at some point. But if you asked me if it was worth watching the show, according to 3/4 of the show I'd say yes. But there's no way I'll ever rewatch."
80,김비서가왜그럴까,One of the best Kdrama'sI have watched in a while. Like a rollercoaster set of emotions. Absolutely brill
81,김비서가왜그럴까,"What a cute story it was. This was my eleventh K-Drama and almost all of them I have watched during lockdown. It all started with the drama ""The Legend of the Blue Sea"". The character development was top notch and romance between the two main leads were on another level. The story was beautifully portrayed. The romance was slowly and nicely put together. As with other K-Dramas I have experienced, you will quickly feel attached to the characters and get totally immersed in their daily lives. This is something special about K-Dramas that they make you fall in love with the characters. Even the side story and the characters romance were beautifully done. Overall this is a very good show. Definitely among my favourites."
82,김비서가왜그럴까,"The drama starts really good with an interesting romance between the main couple and a mysterious story about their childhood. However, the flirt game and the childhood story finished very fast. Concerning the dark past of Mr. Lee ,I have to say that it starts great but the real story behind it was totally silly. Moreover, there were some characters like their family members whose were totally annoying and I wanted to skip them all. The last episodes were really boring and I believe that some episodes could have been shortened.I really enjoy the comedy part with their friends/collegue at work and the relationships among them."
83,김비서가왜그럴까,"The overall drama is alright and watchable with the leads having a good chemistry. The comedy in the drama is not the greatest, I prefer comedy in the show's such as ""Legend of the blue sea"" and "" My love front the star"". The story is quite fine until the thriller section. In the thriller section it shows Kim Mi So and Lee Young Hoon being kidnapped while they were kids. This section of the drama builds up quite a lot of intensity but the ending to the kidnapping section is quite disappointing. The kidnapper feels bad and kills herself and Lee Young Join, witnesses this. Later on in the drama they focus a lot on the trauma caused by this, it is understandable that the character has trauma but he was not harmed by the kidnapper in any way to have trauma to that extent and I find this strange. The kidnapping background of the leads is the main experience that brings them together as a couple so I am quite disappointed that section was done poorly foe my standards.If you do not care about the thriller area of the drama you will most probably enjoy watching it however if you do like some good thriller sections in dramas you may feel a bit disappointed."
84,김비서가왜그럴까,"Started watching this because of the great cast. But it turned out to be very disappointing. The story is too cliche and unrealistic at many instances.The childhood background was interesting but how he pursued secretary kim was too fantasy-like.As a kid who faced emotional trauma, the plot looks lame when he acts very superficial, even around her."
85,김비서가왜그럴까,One of the best shows I have ever seen. Its not at all hyper rated. It's totally worth the hype. Park seo joon has captured everyone's heart. The way the lead looks at his girl melts every girl's heart
86,김비서가왜그럴까,"It's an average romance story, nothing out of the ordinary, just as it is expected to be, which isn't a bad thing, it's what I was looking for anyways. But it does also have a twist to it, once you learn about the backgrounds of them and how it ends up you'll realize a lot of things you didn't realize at the beginning. It definitely makes things a lot sweeter than they already are and if you really want it to, it could teach you a few lessons here and there. But overall it's a great drama and I love the comedy in it."
87,김비서가왜그럴까,"I don't know if anything is wrong with Secretary Kim or not; but there's definitely tens of thousands of wrongs with the show.1. 8.2 RATING!!! ARE YOU KIDDING ME? Better shows have less than 7 rating.2. AGAIN, my problem with 90% of K dramas, 16 (1+ hr long) episodes. I actually thought the drama was well paced till episode 9 but after that, it went dooooownhillllllll. We did not need the last 6 episodes. All the issues could've been solved in one way or the other in the first 10 episodes.3. So you're telling me that Vice Chairman knew who Secretary Kim actually was and did not harbour ANY feelings for her for 9 Y E A R S. I don't know about the world you live in, but in the one that I live, it's not easy to not even 'feel' or show anything for 9 years especially when at the back of your mind you're emotionally invested.And on top of that, suddenly have EVERYTHING develop in days. Like?????The good?1. If you don't want to use your brain, it's a pretty enjoyable show that gives you laughs and teary eyed moments.2. The chemistry between the MCs is nice.3. Well, that's about it."
88,김비서가왜그럴까,Yes Such a beautiful story with deep emotional support and with lovely cinematography.Impressive series. I Never watch such a romantic serie.Must watch if you want a Korean series .
89,김비서가왜그럴까,Watched this series twice during the 2020 quarantine. This has become my favorite series of all time. I never thought I would be so into it since I don't like to watch foreign films. I don't like reading the captions because it takes away the viewing experience. But this series changed all that. I hope there is follow up season again. I am sure it would be a big hit!
90,김비서가왜그럴까,"Huge PSJ fan; not just for his acting chops but because he always delivers. This time, though, he had to carry his co-star. She seemed more like an android; totally plastic and unyielding. Not to say she's not drop dead gorgeous, it's just like there's nothing there. Must have been tough for PSJ to act around her; she really gave him nothing to work with.Maybe her depiction is a culture thing, maybe bad direction. Or maybe it's her. Haven't seen her in anything else so I can't tell.There was lots of filler toward the end, with a nugget or two of fun surprises making their way through but the series really ends after episode 12.This one gets props for well-developed secondary character stories, for the dramatic sub-plot and for PSJ, who's always spot-on."
91,김비서가왜그럴까,"Simple Pitch, but so effective.Again screewriters did it.So fluent that you won't believe you spent almost 15 hours to see it.And you will ask for more..."
92,김비서가왜그럴까,"One of the best TV shows I have ever watched! It's full of love, full of life! I wish I had my own Secretary Kim 💘
I really have enjoyed every minute of it 😊"
93,김비서가왜그럴까,I can't say it is very good...... Overall okk..... Comedy and romance is good.
94,김비서가왜그럴까,"The story isn't typical, but if you are looking for a show that will make you feel emotions, this is really not it.The plot is a deviated kind of romantic-comedy which will make you feel relaxed on your busy and chaotic days.I am not saying that this show isn't good. I am just saying it lacks something. Overall, it may be good for some. Depending on what you are looking for in a show."
95,김비서가왜그럴까,"Storyline: Perfect moving drama, entertaining every episode. One of the romance drama that MUST WATCH.Binge On Watching: Yes, you can't stop to watch only one episode."
96,김비서가왜그럴까,"This series is charming, playful, funny and has a strong male and female lead. I caught myself giggling throughout, and there were little moments that really warmed my heart too. I would definitely recommend it to anyone who enjoyed series like ""It's Ok To Not Be Ok"" and ""Crash Landing Onto You""."
97,김비서가왜그럴까,"Story-9/10
Cast-11/10
Romance-8/10
Comedy-8/10
Recommendation- Totally worth watching❤
(Must watch)"
98,김비서가왜그럴까,"I really do not understand, what's so good about this series ? The storyline was okay , but other than that there are absolutely no entertainment factors ! The comedy , romance and drama , all are just low key ! Acting is definitely outstanding , but even the dialog uses are just okay ish! The comedy is only when the male lead tries to be over the top narcissist ! Me lead parents seem to be homophobic ! I mean in which Era are we really living ? I just felt quite bored while watching this series."
99,김비서가왜그럴까,Wowwwww the two main actors are amazing. The chemistry they bring on scene is excellent without even being disgraceful.They pull of their roles so well that you even forgot watching a comedy. They seem so natural togetherI really enjoyed Park Young movies he is really amazing but I was take back by the female leader character as well. She's amazing too.
100,김비서가왜그럴까,"Love the whole story, cast and more over the chemistry between Kim and Mr. President... After 2 years still the series is a refreshment... In love with whole series."
101,김비서가왜그럴까,"Boring.. Make like real kissing real life..
Kaku banget aktingnya"
102,김비서가왜그럴까,"It's a treat for people who love good humour, good story and well written characters and romance as the cherry on cake."
103,김비서가왜그럴까,I was wondering that this melodrama didnt bother me even in a single episode.. it's a complete package for those who want really a pure romantic comedy drama🖤
104,김비서가왜그럴까,"I just loved this show. Everything about it. I usually find that some series, as much as I'm enjoying, tend to drag out. This one never did. I watched every episode voraciously. I loved the humour, the little animations and the sound effects. I am sorry it ended.To the Cast and Crew... a heartfelt thank you."
105,김비서가왜그럴까,"I found it really nice to watch because of the nice plot and good acting. Had many funny jokes which made it even more enjoyable! My only problem with it was that the climax ended a bit too early, and even though it's nice to see our beloved characters relaxed after the storm, I have to admit that the last few episodes are less interesting to watch. One other thing I really liked though was the character development of all characters, including side-characters."
106,김비서가왜그럴까,"This series is fantastic, this series make me cry so much 😭😭😭💔 i love Park min Young so much."
107,김비서가왜그럴까,"I don't usually write reviews but I will for this show. I really enjoyed watching this- in fact I binge watched it while on break. It was great mixture of romance, mystery, and comedy. The main characters were great and had believable chemistry and the plot was interesting. I love the story arcs of the side characters as well. So far, this has been my favorite show!"
108,김비서가왜그럴까,I don't know why it is so overrated.nothing special..i dont want to give any stars to its rating.. Garbage drama.
109,김비서가왜그럴까,Really interesting and fun series. The instrumental chemistry of the main actors just worked. I totally agree with one other commentator Jasmin_tan about the versatility of a male lead actor. Itaewon Class hero from character to evil boss. I haven't seen any other series he starred in.The downside to the series itself is the soundtrack in places was really disturbing when the same songs were played in different scenes with subtitles (Rakuten Tv) and the rest of the series was really typical of romantic K- drama. It would be nice to see more than just a basic ending.. The name of the series could have been someone other than What's wrong with Secretary Kim was bothering when that head of concern was someone other than herself.
110,김비서가왜그럴까,What's wrong with Secretary Kim is a funny romance I do not know why they didn't put it as a comedian Romeo because I only hear crying laughing I cannot take vice chairman serious he is too funny and too bold.
111,김비서가왜그럴까,This is the best kdrama I watched till date. It's so romantic. I liked how Young joon proposed Mi So for marriage. It was so addictive I couldn't get out of my laptop for continuous four days. I would like the season 2 also. I love this drama so much
112,김비서가왜그럴까,I had a very good time watching this drama.. its very unique in concept and the love story between main pair is very refreshing and filled my heart with butterflies....very funny the characters are well written a bit witty yet funny to watch...specially the chemistry between main pair surprised me the most as it was one of the best i saw so far....definitely give it a try it shall not disappoint you... i will give it 10/10. Thank you south korea for another beautiful experience of watching drama. This love story has increase my expectations of love....
113,김비서가왜그럴까,"Im new on this webbsite and i dont get it, how do i look at the eposodes!!!!"
114,김비서가왜그럴까,"So basically I like o watch tv shows with horror sci-fi zombie thrill that will put me through a situation where my heartbeat goes increasing, but here is a twist. I wanted to enter the drama world so I searched for the top 10 famous from which I picked secretary Kim i don't know why but as I watched 1st episodes i couldn't resist to watch another and each episode is worth it and you won't be bored for a min."
115,김비서가왜그럴까,"This is one of the best romantic kdramas that I've ever seen so far. Loved every bit of this amazing tale and enjoyed the perfection with which the actors portrayed their specific roles.The soundtrack is decent and complements with the narrative beautifully.I wanted to see more of the story, as it still had the potential to create such exquisite charm further! Never was the story dull or boring. It had its own carefully-carved pace with surprising twists and turns that won't ever let you down.Park Seo Joon and Park Min Young do make a stunningly gorgeous pair. The magnanimous aura of their lovable chemistry is sure the cherry on top of the cake!!HIGHLY RECOMMENDED for Romantic Comedy fans!"
116,김비서가왜그럴까,"After watching strong girl someone recommended this to me and I was very much disappointed, tbh I just couldn't understand why does it have such a high rating. There's almost no story, just a simple romcom and the chemistry between the leads were so-so nothing like the chemistry in strong girl. Wouldn't recommend to anyone."
117,김비서가왜그럴까," So so
"
118,김비서가왜그럴까," Not perfect but nice and funny
"
119,김비서가왜그럴까," The romance works, the comedy can be painful
"
120,김비서가왜그럴까," Classic Romantic K-Drama with Lots of Payoff
"
121,김비서가왜그럴까," Captivating
"
122,김비서가왜그럴까," Nothing wrong with this show!
"
123,김비서가왜그럴까," Don't go with rating
"
124,김비서가왜그럴까," The final proposal though..Made me cry..
"
125,김비서가왜그럴까," Funny, moving, romantic
"
126,김비서가왜그럴까," Adorable
"
127,김비서가왜그럴까," Super Funny and Romantic!!!
"
128,김비서가왜그럴까," LOVE LOVE LOVE
"
129,김비서가왜그럴까," One of the best Romantic drama, I've laid my eyes on.
"
130,김비서가왜그럴까," So so so so so so BEAUTIFUL, AMAZING and ROMANTIC!!!!!
"
131,김비서가왜그럴까," Loved, LOVED, LOVED THIS KOREAN ROM-COM!
"
132,김비서가왜그럴까," A Bit Overrated
"
133,김비서가왜그럴까," Park couple
"
134,김비서가왜그럴까," Wonderful pairing
"
135,김비서가왜그럴까," So Funny!
"
136,김비서가왜그럴까," How on Earth did this get this rating
"
137,김비서가왜그럴까," Lovin' it
"
138,김비서가왜그럴까," Had high expectations
"
139,김비서가왜그럴까," Not as great as people say it is
"
140,김비서가왜그럴까," I don't get why everyone makes it seem sooo great
"
141,김비서가왜그럴까," The exact amount of funny and romantic
"
142,김비서가왜그럴까," Fun, sweet and relaxing
"
143,김비서가왜그럴까," Lovely to watch
"
144,김비서가왜그럴까," Romantic, hilarious and perfectly paced rom-com!
"
145,김비서가왜그럴까," Cute rom-com
"
146,김비서가왜그럴까," Funny and Romantic
"
147,김비서가왜그럴까," Another beautiful and cute romantic gem from Korea.
"
148,김비서가왜그럴까," Its okay but many times is just bland
"
149,김비서가왜그럴까," The must watch show if you like romantic comedy genre...
"
150,김비서가왜그럴까," You will remember this show
"
151,김비서가왜그럴까," Funny, Romantic, Corporate Love Affair
"
152,김비서가왜그럴까," not as good as many other so so
"
153,김비서가왜그럴까," Too many kisses
"
154,김비서가왜그럴까," PERFECT BLEND OF COMEDY AND CUTE ROMANCE!!
"
155,김비서가왜그럴까," Nice romance
"
156,김비서가왜그럴까," Wonderful rom drama from Korean TV.
"
157,김비서가왜그럴까," Cringe-y, no chemistry, stiff-y...
"
158,김비서가왜그럴까," Love it
"
159,김비서가왜그럴까," Uplifting and Fun
"
160,김비서가왜그럴까," A Promise Kept - Wholeheartedly
"
161,김비서가왜그럴까," 2 star only because guy is cute
"
162,김비서가왜그럴까," Entertaining look into the life of a secretary
"
163,김비서가왜그럴까," Awful
"
164,김비서가왜그럴까," Favourite one!
"
165,김비서가왜그럴까," Could this be the UGLIEST ACTRESS in Korea ?
"
166,김비서가왜그럴까," Tragic for a realistic love story
"
167,김비서가왜그럴까," Entertaining
"
168,김비서가왜그럴까," No
"
169,김비서가왜그럴까," Overrated
"
170,김비서가왜그럴까," Drama that makes ur heart flutter
"
171,김비서가왜그럴까," So CRINGE
"
172,김비서가왜그럴까," Okay romance
"
173,김비서가왜그럴까," 😭😭😭💔😭😭😭💔
"
174,김비서가왜그럴까," 100% com-romance vibe
"
175,김비서가왜그럴까," Explosion of love and happiness
"
176,김비서가왜그럴까," The best!
"
177,김비서가왜그럴까," Curiously interesting
"
178,김비서가왜그럴까," Pleasurable Experience
"
179,김비서가왜그럴까," Romantic Comedy at its very best.
"
180,김비서가왜그럴까," AURA!
"
181,김비서가왜그럴까," The cutest romantic k-drama
"
182,김비서가왜그럴까," Another supposedly good kdrama I couldn't get drawn in to
"
183,김비서가왜그럴까," romance
"
184,김비서가왜그럴까," disappointed & waste of time
"
185,김비서가왜그럴까," Such a beautiful love story! The best ever! Top swoonworthy kdrama!
"
186,김비서가왜그럴까," An overwhelimingly wonderful rom-com
"
187,김비서가왜그럴까," Feel good & light drama
"
188,김비서가왜그럴까," Cheesy but funny romance
"
189,김비서가왜그럴까," LOVE IT!
"
190,김비서가왜그럴까," So much potential!
"
191,김비서가왜그럴까," Bad k-drama
"
192,김비서가왜그럴까," This is the best k drama till I have seen .... really enjoyed a lot!!!
"
193,김비서가왜그럴까," Waste of time
"
194,김비서가왜그럴까," Love it !!
"
195,김비서가왜그럴까," Simple but fun RomCom
"
196,김비서가왜그럴까," 3/4 great, 1/4 meh
"
197,김비서가왜그럴까," Best drama
"
198,김비서가왜그럴까," Kdrama's are masters of romance genre
"
199,김비서가왜그럴까," So-so
"
200,김비서가왜그럴까," Weird Thriller section
"
201,김비서가왜그럴까," Typical cliche
"
202,김비서가왜그럴까," The best of all
"
203,김비서가왜그럴까," Just your average romance kdrama with a twist
"
204,김비서가왜그럴까," How does this series even have an 8.2 rating?
"
205,김비서가왜그럴까," IF YOU WANT A SWEET REALISTIC ROMANTIC SERIES
"
206,김비서가왜그럴까," A Saving Grace
"
207,김비서가왜그럴까," An Act-Around Masterclass
"
208,김비서가왜그럴까," Perfect
"
209,김비서가왜그럴까," So much lovely, So much refreshing!
"
210,김비서가왜그럴까," Good......
"
211,김비서가왜그럴까," Relaxed story, fun show.
"
212,김비서가왜그럴까," PERFECT
"
213,김비서가왜그럴까," A delightful romance that doesn't take itself too seriously.
"
214,김비서가왜그럴까," Heart warming rom-com
"
215,김비서가왜그럴까," Average
"
216,김비서가왜그럴까," BEST ACTING IN THE WHOLE K-drama
"
217,김비서가왜그럴까," Love the story
"
218,김비서가왜그럴까," Make better Whats wrong secretary kim
"
219,김비서가왜그럴까," Boss - employee love story
"
220,김비서가왜그럴까," It's a Korean masterpiece
"
221,김비서가왜그럴까," Awesome fantastic Splendid
"
222,김비서가왜그럴까," Funny and enjoyable K-Drama!
"
223,김비서가왜그럴까," Best forever 😭😭😭💔💔
"
224,김비서가왜그럴까," Genuine fun
"
225,김비서가왜그럴까," Total Waste Of Time
"
226,김비서가왜그럴까," A very funny and lively tv-serie.
"
227,김비서가왜그럴까," Funny
"
228,김비서가왜그럴까," One of my favorite kdramas
"
229,김비서가왜그럴까," too sweet and a very beautiful well executed love story
"
230,김비서가왜그럴까," vv
"
231,김비서가왜그럴까," For kdrama begginers
"
232,김비서가왜그럴까," Best Romantic, Comedy Drama of my life
"
233,김비서가왜그럴까," No story
"
