,title,review
0,꽃피면달생각하고,"This would have had more reviews if it was on Netflix. Enjoyable film with likable characters. It's well balanced and have a good storyline. It is a good change of pace, nice light comedy (actually made me lol a few times) with some seriousness along with decent fight scenes. I must say that Korea has always done well with their female leads. Hyeri done well, great supporting cast, and I can say watch this. It is a nice binge worthy series."
1,꽃피면달생각하고,"The show has its moments, but I'd say most of it is cliché/predictable, and there's 0 chemistry between the two leads. Hyeri has more chemistry with the 2nd male lead. It's also a very lighthearted comedy, which isn't really my style, but could be anyone else's, so I gave it a 7. I was excited to watch this and got bored, unfortunately."
2,꽃피면달생각하고,"I actually really enjoyed this show, despite a rocky first few episodes that almost turned me off of watching. Thankfully the tone and pacing evened out rather quickly, and I became rather attached to the characters.I loved Hyeri's character, she was smart, feisty, and brave. Seung Ho's character was pretty unlikeable at first, which was different from his other characters that I have seen and who have all been very likeable from the start. However, his character develops along the way and I grew to really like the awkward, stuffy Nam Young. The side characters were quite fun as well, and I thought Choi Won Young was particularly great as the villain; nuanced and flawed, he never over acted and was human at his core.My only real gripe with the show is that the comedy was all over the place and sometimes poorly timed. It often stuck out at the wrong moment, or was placed back to back with a serious scene that took me as a viewer out of the experience.However, I do think this was a good watch, with a really great ending that tied everything up without rushing or dragging out the conclusions of the characters. I would recommend giving it a try!"
3,꽃피면달생각하고," Bottles up on this Moonshine
"
4,꽃피면달생각하고," ""Meh"" kind of comedy
"
5,꽃피면달생각하고," Lovely With Some Unfortunately Spotty Comedy
"
