,title,review
0,나빌레라,I have to say that this drama has moved into my top 3 favorite shows. I can't wait to see the next show and I find myself becoming more and more emotional with the development of Lee Chae Rok and Shim Deok Chul's heartwarming relationship. The director Dong-Hwa Han should be given a standing ovation as well as an academy award in my opinion. I look forward to seeing many more shows by this amazing director and awesome writers Lee Eun-Mi and Hun. The cast is also academy award worthy. They work so well together.... outstanding job of cast choice!
1,나빌레라,"Amazing story, the acting is great, you can feel both main characters dreams! You can definitely enjoy this show."
2,나빌레라,I wish more people would watch this drama. It's not a typical romantic or action series which interest the majority but the story alone can move anyone cuz it's so heart-warming and touching. Plus the acting is superb.
3,나빌레라,Just finished watching the last episode with tears in my eyes but also with the biggest grin. It was a very satisfying ending to a beautifully done story of a man achieving his dream long after an age when most wouldn't even begin trying. The love and respect between the teacher and student is obvious but so is the love of family and friends. A great family show that can be enjoyed by a wide audience.
4,나빌레라,What an incredible acting! I knew that koreans are good artists but the performances of In-Hwan Park and Song Kang are worthy of a Golden Globe. I waited until the last episode to write this review. This is an amazing drama about life itself from the very beginning to the end. This series made me cry and I must point out that I am not an emotional person.
5,나빌레라,"No spoilers here, but this excellent series is even more well-done than most Korean dramas. It puts American TV to shame. I don't give many ""10"" scores but this one effortlessly earns it. Acting, story, staging, music ... this one scores in every category. Not to be missed."
6,나빌레라,"Much like the image of the butterfly and the soul in poetry and art, this series is superb, sweet, and compassionate with the grace and elegance of ballet as the frame for the deeply touching real story. The cast, direction, cinematography, and writing are outstanding: not a misstep anywhere as all involved work to tell the story of discovery, friendship, love, support, forgiveness, and healing. Filmed with such love and gentleness, this is one of Korea's finest series in its relatively short but brilliant history. Strongly recommended."
7,나빌레라,"This is the only Kdrama in which I cried on all episodes! Bravo, Song Kang (Chae-Rok) and Park In-wan (Shim Deok-chul)! You both deserve awards for this drama.I am truly impressed on how all the actors delivered their characters magnificently!Massive salute to the Director, Han Dong-hwa and Screenwriter Lee Eun-mi!10/10 without a doubt! Highly recommended!Grand jeté! 💞
Soar high, everyone!!! 💙"
8,나빌레라,"The aged ""Mr. Sim"" is a loving grandfather in a touching tale about an old man's battle to fulfil his frustrated childhood ambition to learn Ballet, but Mr. Sim, in his battle to find his most cherished desires becomes an unwitting agent of change for almost e-v-e-r-y-b-o-d-y around him. The nice thing about this human drama is that no actor stands out too far from the crew, though all make a genuine contribution to presenting the audience with this sometimes sad but often heart-warming tale."
9,나빌레라,"A beautiful story told in a beautiful way. I really enjoyed watching this programming regardless of my lack of interest in ballet. I thought I wouldn't enjoy it since ballet doesn't pique my interest. The acting was good, the cinematography was good, the cast was good and the directing was good. Everything was good!! Some parts were quite emotional and very well executed!!"
10,나빌레라,"Heartwarming story of a friendship and care being developed between a young man and an old one.Never give up on your dreams no matter what, is the 1st message.Talent with no hard work and practice is not enough to win, is the 2nd message.Forgiveness and understanding warms and heals people's hearts, is the 3rd message.What can I say about this MASTERPIECE!!! I am speechless!!!The 2 leads were performing so amazingly that they were capturing the screen and our hearts! Park In-Hwan was so great!!!! Song Kang (OMG!!!) was stunning, a God of acting and beauty!!! I admired him for his versatility and his skills!!!The aesthetics of this series in the ballet scenes was out of this world!!! I loved them especially in the last episode, where I watched them again and again!!!I have seen about 90 kdrama series so far, and this one is definitely now one of my top favorites in my list.Very well done to all cast, director, script writer and the rest crew. You all did a great job! :)"
11,나빌레라,"One of the best dramas I have seen. Is a reminder never to let go of your dreams no matter how old you are, it is inspiring and so beautiful.Had me crying so many times, specially touching as someone in my family suffered from dementia.You can't miss going on this journey with Duk-Chol.Thanks for making this wonderful show."
12,나빌레라,"A story that is worth watching .
Best plot and great acting."
13,나빌레라,"Words fail me for how beautiful this show is. It combines two aspects that have touched my life greatly at one time or another, the first being ballet -- I danced as a kid, but had to give it up due to my own disability -- and dementia -- something which has affected my grandmother for many years now. This is the most honest portrayal of dementia I have ever seen on screen, which made it heartbreaking at times, and I cried through various episodes, but that only lends to the power of this show. Truly magical. Park In-Hwan and Song Kang have done a fantastic job playing these two men. I can't say enough."
14,나빌레라,"Really THE best K-Drama of the year for me.It's really moving, so refreshing, and thought provoking.I cried for every episode, but I also feel so healed and encouraged by the show.It really touched some of the softest part of my heart.The first episode is a little bit slow, but it really builds the foundation well. Recommend it to everyone.Also strong shout out to amazing acting of Park In-Hwa and Song Kang! I'm surprised by Song Kang's flexibility and range of acting (plus his ballet scenes in the snow at end of EP8 is absolutely gorgeous.)"
15,나빌레라,"1.) They picked the cutest old man for this roleI really almost could not finish this series because of the emotions it made me feel. I was in tears.It took me through the full spectrum: Inspiration, joy, sadness, grief, and hope. I felt a longing for family or the familial in a very visceral way.2.) They picked the cutest youngin' for the roleThere is a beautiful juxtaposition between youth and age. Being at the peak of youth and sunsetting after well after you prime. It was poetic watching the two main characters interact, feed each other, motivating each other, and the ultimate take away for me:You can learn at every stage of your life, that family/security is important, and that it is never too late to dream.10/10 recommended."
16,나빌레라,"Although I'm not very interested in ballet, this doesn't matter in that drama. I thought it would be just another ""you can reach everything if you try"" series, but it's so much more and ballet and dance is just like a platform for a really big story. I cried tears in the last episode and I swear, I don't do that in many occasions. You must see that drama.And thanks to all actors especially the two main characters, who did an Oscar-worth job."
17,나빌레라,"Why did I upgrade from a 9/10 to a 10/10? Because this series deserves all of it. I am still very emotional when I think of it and honestly I do not believe this Series? Movie? Could be done any better than it was. The Chemistry between the two Leads is incredible, the lessons you will learn are important! Your life will be made better and your heart will be moved when you watch this. Do not miss out!"
18,나빌레라,A rewarding drama with considerable emotional heft. The unlikely relationship at the centre of this series never felt forced or false.Well worth the watch.
19,나빌레라,Absolutely beautiful show wih amazing casting and well written story... each episode leaves us with wanting more to warm our hearts.. simplicity is the essence of this drama and yet it touches the heart.
20,나빌레라,"I usually give a longer review. However «Navillera» needs just two words... beautiful and touching. Just watch and enjoy every episode!Ps. If you shed some tears while watching, that makes your session complete."
21,나빌레라,"Almost immediately, the characters are introduced and from then on it is a heart wrenching story of challenge, rising from the ashes and maybe being born anew.I think it teaches us that what we love in life is far more important than what others think we need. One of the best movies I have seen in a long time."
22,나빌레라,"If you loved Dear My Friends (2016), you're gonna love this one. It's good to see a male ballet dancer being the protagonist for a change. I had to present a project on Alzheimer's disease and it's genetic component last year. I instinctively studied Alzheimer's and made a cool project. I even discussed Alzheimer's with my assessor quite matter-of-factly. I actually looked up some case studies on Alzheimer's and dementia but I had never felt what an Alzheimer's patient probably feels, so closely. It must be heart-wrenching."
23,나빌레라,"I cannot believe how much I cried with this drama. I was probably in tears every single episode. Each of the characters has a struggle and a story of their own, and the series could not have told these stories any better than it did. Having said this, if the prospect of a depressing drama concerns you, worry not! I laughed a lot too -- deep down this drama is quite lighthearted and uplifting. The ending was also very satisfying, with all subnarratives coming to a natural resolution by the end. Definitely recommend!"
24,나빌레라,"This is not typical romantic story, or typical K-Drama. It carries heavy message. I hope lots of people will watch this series. It will help to understand about people, dream, passion, support, family, humanity, love and all kind of emotions feelings well explained and directed. Thank you for this 2 main actors. They nailed it. Everyone have rights soar , can soar. Navillera."
25,나빌레라,"Korean Drama ""Navillera"" is a bittersweet story about an unusual friendship.The drama starts slowly, with a simple plot prompt: an elder wants to learn how to dance ballet, the ballerino who is forced to teach him doesn't really want to. From then the drama builds up the melodrama element, adding family drama here and there, a few twists, and then finally it let things come together and creates a puzzle of a heartbreaking story and a strong, warm friendship.What, however, makes the drama even more special are the performances and the dancing scenes that were perfectly executed. The atmosphere was nicely created with the settings and a suitable soundtrack that was simple, melodic and in the background, creating a more intense drama. The pace was perfect as well and, fortunately, the drama didn't overdo it with the length and it ended when it was needed.So, overall, nine out of ten."
26,나빌레라,"A touchy and heartwarming story about an unusual friendship between a young boy and an old man. Awesome performances from all the cast. Great moral messages about dreams, love, friends and family relationships. A totally must watch kdrama!"
27,나빌레라,A ballet dancing protégé ends up reluctantly training an old man in his dream of learning to dance Swan lake. Soon they begin to learn life lessons from each other. Heartwarming story even if a bit formulaic.
28,나빌레라,"I, too, cried in certain parts of the show. I watched it intently and couldn't believe how well the love for ballet was depicted. I felt like jumping up and down because I feel the same way. I had to stop taking ballet in my 20's as I was never going to be a professional dancer. But at age 60 I started again and my life is filled with so much joy; I could even understand the unspoken words in this movie. I fell in love with each character. Funny, a fellow ballet student/friend of mine, age 75, told me to watch this. I loved it."
29,나빌레라,"This kdrama is one of my favourites , I have just ended it and I feel so blessed that I choose such a brilliant kdrama to watch this period of my life !To begin with ,the soundtrack is so cute and emotional ,also the direction is top!Song-kang act soo good for his age and all the cast play fantastic too
There are a lot of emotional moments that made me almost cry and I totally felt every character !Finally it offers good messages to the viewers that everyone has a dream and should never stop believing in it .The only thing that prevents me from rate this masterpiece with 9/10 is because the last ep was somehow boring but nevermind i totally recomend ''Nabillera'' to everyone !! It totally worth watching it."
30,나빌레라,This is one of the most beautiful shows I've come across.
31,나빌레라,"Look, the fact that I took time to write this review because I never thought that giving review is important.......This is a must watch!!This is not a romance, comedy or whatever genre that you probably used to for a Kdrama. It's a really simple and relaxing drama. I mean, it brings me to tears a lot but I don't wanna say it's a sad story. It's just a beautiful story!!Oh my god, if I can erase my memory for a movie/series so I can rewatch it again without knowing the entire story, this is it. This is really it.Sad that I can not rate it more than 10 score!!"
32,나빌레라,"Gives you that feel good vibe, also inspiring, gets you emotional and helps you appreciate the work behind the scenes of a successful ballerina! The story actually made me want to stay more in touch with my mum."
33,나빌레라,"If you think this would be a boring drama so decided not to try it, you are missing out one of the best K drama.Can't recommend it More!!!Not only it is heartwarming feel good drama that would make you smile and crackle so many times, it's also heart-breaking in such a beautiful way.Acting is superb... can't find better actors, actresses for this drama. Casting was amazing even to every supporting roles.Park Inhwan (grandpa) is just one of THE best K actor, He is 76, huge respect for him as he said in the later interview that he needed lot of courage before accepting this role thinking he might not do well but he couldnt have done a better job!!!! Thank God he accepted this role. Such an inspiring character, he kept it alive and so realistic yet with such a huge charm... you will fall in love with him!First time seeing Songkang and he impressed me so much with his acting and beautiful ballet scenery he created (he actually learned ballet for 6 months just for this drama)Love a drama with every supporting roles aren't just simple one dimentional character. Awesome realistic acting.Unique, heartwarming drama with beautiful, emotional yet realistic storyline, exquisite yet not overpowering, amazing cinematography, incredible acting, PERFECT from beginning to the end...Just Watch it!!! You wont regret it!"
34,나빌레라,"This series touched so many personal sensitive issues. I fell in love with the characters. The acting was exceptional and I was sad when it ended..
I could have lived in this series forever."
35,나빌레라,"A very nice story. Touching to see. Something different from other series. I could already see from the notebook at some point and that he forgot things, where this was going. Losing yourself and not recognizing others. I think this is terrible. Well played everyone, applause!"
36,나빌레라,"I finished this series last night. I must admit I am a K-drama addict as most are well written, well acted and extremely moving. This one tops out in all regards. It can touch any age group above pubescence. The actors are amazing. The screenplay gracefully moves through the lives of family and their friends and nemesis. I laughed, got angry and cried throughout the show. The cinematography is elegant and beautiful. My words are woefully inadequate."
37,나빌레라,Im speechless.. i don't like much korean drama but this one caught my attention and this old man touch my heart.. ready your tissue if you watch this..
38,나빌레라,"I came across this by accident. It turned out to be perfect and better than I expected.It made me laugh, smile, get really angry and cry.I thought about myself and what my passion is, my parents and how grateful I am for them. How I'll be growing this much old.Just great. I recommend it. Highly."
39,나빌레라,Again I find myself offering an opinion for the 2nd? Maybe 3rd time.Not being a Ballet fan I thoought...But I felt the characters and the dancing were absolutely beautiful and was well worth the watch.
40,나빌레라,"I would like to thank all whoever worked on this master piece ✨ utterly beautiful story
A Must watch drama."
41,나빌레라,"I really loved this drama, the chemistry between the two main characters was more than I expected. The history was beautiful made, and I clearly can recommend if you want to cry a little bit, one of my favorite so far."
42,나빌레라,It touches my heart and soul. And it is nice to watch that older people can still act very well.
43,나빌레라,Every episode is worth watching. I was bawling my eyes out for the whole episodes! THUMBS UP to everyone. It literally brought a new perspective in life upon watching it.
44,나빌레라,"This kdrama is so beautiful, with a thoughtful message that u are never too late to soar in your life there are always second chances😇 do what you love❤ this kdrama is so heartwarming, Park In hwan and Song kang has done a beautiful job and worked hard learning beautiful ballet💜💜 and not just them all the cast is so amazing❤❤"
45,나빌레라,"What can I say about this beautiful masterpiece of a drama? I usually do not cry. However, this drama brought me to tears multiple times.I like watching K-dramas and dramas from other cultures or countries, and though I have seen many dramas and movies from various cultures and countries, this drama led me to write my first review on IMDb.A quote from the drama that I would like whoever is reading my review to take away, and that is also seen from the trailer on NETFLIX is this: ""Before I die, I want to take off just once."" I do not think it sums up the entire show, but I think the quote in and of itself is inspiring and leaves a lasting impression. I hope whoever watches this drama gains knowledge from it that can be positively influential in their lives.For me, this drama is a 10/10!"
46,나빌레라,Promising at first. An old man who wants to do ballet and a young dancer form an affecting friendship. The problem is there was too much about the old man's Alzheimer's and not enough about the young man's dancing. The focus should have been more on the dancer's career instead of illness. The obstacles like the young man's injury and family opposition for the old man felt cliched and forced. The back stories of each one and family history were interesting at first then were draggy. 12 episodes was too much. 10 would have sufficed.Some good points. Expert blending of Song Kang and a body double dancer so that it looked like he really was dancing. He got into shape and practiced for the role and it shows.
47,나빌레라,"The story is simple about young ballet dancer Chae-rok who starts to teach elder man Deok-chul. I didnt think it was my type, as it started slow, but then suddenly I was too attached to the main characters, especially the dynamic between Chae-rok and Deok-chul. The acting is really good, especially Song Kang. And so, he almost becomes a father figure to Chae-rok, in a touching way, he is better father figure than his own father. ""Even if you dont remember me, I'll remember you"" must be one of my favorite lines ever here, and totally sobbed at the scene.I think there was some plot flaws, of course, and wished the situation of Chae-rok's father was explained, or why he suddenly left at the ending (for a competition i think? It wasnt really explained..)The last episodes were better, and more emotional. It was heartbreaking to watch Deok-chul lose his memory an try remember ballet. The last performance was wonderful, and ending emotional. I wish were more to their meeting, and maybe see the show, but it was still beautiful ending."
48,나빌레라,"Wonderful cast, and a very touching story! Definitely recommend this one."
49,나빌레라,"Absolutely LOVED this show! Every single episode revels depth of character. Warmth, humor and uncomfortable feelings that truly bring out the truths in all of us. I highly recommend this TV show to everyone. Especially those who struggle to live for their lifelong dream in a life altering state. Great acting."
50,나빌레라,"This series is very touching! I cried in every episodes. The grandpa acting is excellent! So warm & he has loving laugh :)
The storyline is quite slow but its very enjoyable :)"
51,나빌레라,"This is the first Korean series I have watched. I was drawn to it because of the ballet. It turned out that there really isn't that much ballet in this drama but I kept watching because I really felt for all the characters and wanted to see what would happen to them. However, I feel that the series was too drawn out and could have been told just as successfully with fewer and shorter episodes."
52,나빌레라,"Only for the most sensitive and aware of the young. Definitely for mature folk and those parents sandwiched between children and older parents.Draaags in parts...but do not stop watching, fast forward if need be but do not give up on series. You will be glad, and thankful, that you watched the entire series."
53,나빌레라,From Canada français. For purist It is not perfect but who cares it is full of tenderness and love. We really enjoy this serie. Hope that Netflix could translate more Korean show in french.
54,나빌레라,"This series becomes my top 2 favourite kdrama of all time - wondering why the overall rating is 8.8 because it should 9/10
I just love how they executed it and the casts are so good. I will surely recommend this to my friends."
55,나빌레라,"It's great to see this show give me the biggest motivation to keep trying, even if it fails so many times, and there's Another opportunity at any time and at any age I was, whether you were young, that an old man and that motivation and dream existed, so take this opportunity and do not lose it at all costs, and no matter how bad the circumstances, I advise everyone to watch it in order to be aware of life and not to waste his time on trivial things. I hope that my comment reached you even a little bit of the idea of the series (remember: Keep fighting and have a good time)"
56,나빌레라,"I liked Song Kang in Love Alarm and Sweet Home, but even he can't save this. This show is just so boring. It's boring from the very start but as it goes on it becomes even more boring. I can't even finish the seventh episode.I don't know what it is trying to even tell, it feels like there is no story to convey. It is like watching some random 20-year-old man's life that is not interesting. The fact that he trains ballet could be interesting but him actually doing it is shown maybe a minute per episode - very weird, since the whole premise kind of revolves around it. Otherwise, there would be no plot at ALL.So, I don't understand why is this even a show. Why not show more of Song Kang dancing rather than focus on all the pointless drama that goes no where? Episodes are filled with pointless dialogue and drama. Some scenes are entertaining but rather than that, lead to no where or give any substance to the story whatsoever. I don't get the high raitings for this one. It's not an 8.8. I'd say it's one of the worst dramas of 2021 (if not the worst). The actors did a great job but other than that, the show is bland. The main character is bland and so is his love interest (though she's a good actor). I liked the grandpa but even he gets boring around the sixth or fifth episode. There is just no interesting story. Even the bully and his motives aren't clear and it feels like the writer is keeping things from the viewer, as for waiting to reveal more in the future episodes, what ends up filling episodes with pointless drama and stupid dialogue, and scenes. Who cares if the grandpa's son does not like that the grandpa does ballet!? No one!Most of this is just pointless filler but the vibe is fine. The characters are boring but work well. 5 stars for the acting (especially for Song Kang's effort). But I can't finish this.Don't watch it even if you like slow ""slice of life"" type of shows like Romance is a bonus book. You'll be disappointed."
57,나빌레라,"Such a beautiful story! This series is set in the ballet world and focuses on a young man , a ballerino in training and an elderly man who has always dreamed of learning ballet. Their paths come together and what followed is a beautiful, heartwarming relationship between the two. The characters are really brought to life by the actors, Park In-Hwan and Song Kang. They did a wonderful job! The show made me smile, laugh and cry. I would highly recommend this show! I hope to find this series on DVD so I can add it to my growing collection of Korean television programs."
58,나빌레라,"I have never ever seen such a drama, that touched me from the beginning to the end. Navillera is from funny over exciting to heartbreaking... So many emotions, so many tears on my side. The acting is fabulous!!! I was absolutely impressed because it was so so honest and true. Love both main actors...!!! It's a MUST WATCH!"
59,나빌레라,Nothing to say just.crying will make you understand. Its the first K-drama i realy like . I cried a lot in the end of this drama.and this is the first time i write something in imdb.
60,나빌레라," Oscar worthy
"
61,나빌레라," Not your typical drama
"
62,나빌레라," 10/10 for me
"
63,나빌레라," Absolutely heartwarming
"
64,나빌레라," This show deserve a golden globe.
"
65,나빌레라," Outstanding
"
66,나빌레라," Grace and Elegance
"
67,나빌레라," Dream. Love. Warmth. Time.
"
68,나빌레라," From Black hair to Grey hair
"
69,나빌레라," Heartfelt and very heartwarming!!
"
70,나빌레라," If it was a movie it would worth an OSCAR!
"
71,나빌레라," The beauty in following your dreams
"
72,나빌레라," Nabillera the best and cutest series
"
73,나빌레라," Did You Soar?
"
74,나빌레라," Truly amazing story that touches my heart
"
75,나빌레라," Navillera pulls at the heart strings like a puppeteer to a puppet
"
76,나빌레라," A really big drama
"
77,나빌레라," I upgraded my rating.
"
78,나빌레라," Moving
"
79,나빌레라," Heartwarming drama
"
80,나빌레라," Heartwarming
"
81,나빌레라," A movie from the heart!
"
82,나빌레라," EPIC!
"
83,나빌레라," Truly one of the very best k-dramas I've seen
"
84,나빌레라," Love it
"
85,나빌레라," Good Enough
"
86,나빌레라," Heartwarming
"
87,나빌레라," And that you had a dream
"
88,나빌레라," I enjoyed this immensely
"
89,나빌레라," ABSOLUTELY Worth watching !!
"
90,나빌레라," Most beautiful
"
91,나빌레라," STOP THIS IS THE MOST BEAUTIFUL KDRAMA EVER
"
92,나빌레라," Lovely!
"
93,나빌레라," Best K Drama in 10 years! Just watch and thank me later^^
"
94,나빌레라," I was sad to see it end
"
95,나빌레라," something different, very well played
"
96,나빌레라," A moving drama for all ages.
"
97,나빌레라," OMG
"
98,나빌레라," Just perfect
"
99,나빌레라," Beautiful
"
100,나빌레라," The Best drama since this year started
"
101,나빌레라," Beautiful 👏🏻
"
102,나빌레라," Heart-warming
"
103,나빌레라," A MUST WATCH SERIES
"
104,나빌레라," Beautiful and heartwarming❤❤
"
105,나빌레라," ""Before I die, I want to take off just once.""
"
106,나빌레라," Too much of the old and not enough of the young
"
107,나빌레라," Simple, but beautiful and emotional story
"
108,나빌레라," Beautiful drama
"
109,나빌레라," SOAR
"
110,나빌레라," Touching & inspirational
"
111,나빌레라," Could have been better
"
112,나빌레라," Well Worth Any Frustration
"
113,나빌레라," Food for Soul
"
114,나빌레라," The Best Series of 2021
"
115,나빌레라," I'll continue no matter how hard the circumstances.
"
116,나빌레라," Boring
"
117,나빌레라," Loved it!
"
118,나빌레라," This is breathtaking...
"
119,나빌레라," its just like a dream
"
