,title,review
0,낭만닥터김사부,"It took me so much time to find the right words to express how much this drama is a gem. So basically, I would say that Romantic Doctor Kim is a master piece. I have rarely been immersed in a drama this way. No wonder it became one of my few all-time favorites. To me, this is definitely the best medical drama ever. Amazing scenario, great plot,high accuracy with the medical jargon and techniques. Excellent acting from the entire cast including actors cameo. I mean some of them got me really crying with their painful stories... And what would be a good drama without life lessons? The trappings of our world are wonderfully depicted through the lives of the characters. The casting director deserves an award. He surely made no mistakes in the selection of the actors. The cast is flawless and the OST is perfect. 'Mention spéciale' to the talented Han Suk Kyu that I discovered in this drama. Happy he received the Grand Prize for his role in this drama (Dr Kim is a hero). He truly deserved it. Do not let yourself be fooled by the title of this drama and just watch it. You will understand a fewepisodes later the true meaning of it."
1,낭만닥터김사부,Well the title suggests a light fluffy romantic piece but this series is in fact a brilliantly acted edge of your seat hospital drama. A wrongly disgraced doctor works at a small local hospital where his brilliance attracts young like minded talent. The characters in this drama all have excellent back stories and the incidents that happen daily with death and trauma make for riveting and often emotional viewing.
2,낭만닥터김사부,"The first season was longer, it wasn't boring for a second, and I couldn't tear myself away. The tension was held by the interesting characters and their special personality as well as their life situations. Each episode created a lot of emotions, probably because more feelings were put into it.I've seen everything from amusement to grief.The hot kissing scene at the beginning surprised me the most, especially since it was really already in the first episode and therefore original.The only thing I found a pity was that the focus was no other relationship than that of Dr. Kang and Yoon. I mean maybe Eunsoo with Dr. Do wäre the second pair.In the second part I missed the focus of the main couple. The relationship between Dr. Sei and Dr. Cha was a bit bland because they were rarely shown. For this, the couple Nurse In-beuk and Dr. Ah-Rehm has been able to develop.The ""most wanted"" Boo Yong Joon was then replaced in season two. His impossible way, which simply went on everyone's head, suddenly disappeared and he became an angel who only creates peace in the world. In contrast to its soft core, I missed its sassy side. The other characters from the first season should have been more integrated, at least give more information about them. Well, you don't really get to know much and, unfortunately, you don't see them.Over time it got boring, because the villain was already known to everyone, it had nothing mysterious, but was predictable where all this would lead to.And another thing: can it be that the second season was less realistic?"
3,낭만닥터김사부,""" Romantic Doctor, Teacher Kim "" was better than I have expected.Even though it was twenty episodes long, the pace was great adn it didn't get boring or tiring to watch. They handled the main story nicely and the small cases in every episode were interesting.The romance, moreover, was subtle and sweet, progressing on a nice pace. However, they never dealed with the leading lady's mental problems. They only talked about it in the first episodes and then they just ""cured"" her? So, that was not well handled. On the other hand, the performances were pretty great.So, overall, eight out of ten."
4,낭만닥터김사부,One of the best heartfelt dramas for me. I loved the surgeries and the character of teacher kim with other details as well. It was a beautiful journey .
5,낭만닥터김사부,"Hoping for a third season, this show is one of the best medical drama I have seen so far. The writers did an awesome job with the characters development. The plot and twist is outstanding. Im hoping to see all the characters from 1 and 2 to get together. Please please please, let there be a season 3!!"
6,낭만닥터김사부,I found season 1 of Dr romantic more interesting than season 2 . Right amount of suspens and excitement . But season 2 was too childish for me as it only focused on the main couple instead of Kim Sabu.
7,낭만닥터김사부,"As a medical professional, I avoided this drama as much as I could but had to watch it bcz of so many recommendations and honestly I wasn't disappointed. A teacher like him is truly precious. Everyone needs a teacher kim in their life to point in their faults and teach a lesson. But it was so hilarious how they diagnosed rarest diseases with just mere symptoms! Lol. I felt bad for Do's son! But u can't just go around saying lies about the surgeries u haven't done at least once. It's not easy! But overall well portrayed. Will miss the lead couple in season 2!"
8,낭만닥터김사부,"It's the best medical drama I've ever seen. Along with treating the drama's patients, the characters heal your painful heart too.As a medical student, meeting a professor like Dr. Kim and living my life in a hospital like Doldam became one of my pleasant dreams💫💙"
9,낭만닥터김사부,""" Romantic Doctor, Teacher Kim "" was better than I have expected.Even though it was twenty episodes long, the pace was great adn it didn't get boring or tiring to watch. They handled the main story nicely and the small cases in every episode were interesting.The romance, moreover, was subtle and sweet, progressing on a nice pace. However, they never dealed with the leading lady's mental problems. They only talked about it in the first episodes and then they just ""cured"" her? So, that was not well handled. On the other hand, the performances were pretty great.So, overall, eight out of ten.
"" Romantic Doctor Teacher Kim season 2 "", as a stand alone drama and without comparing it to the first season, it was okay.The medical cases of the first part were interesting and there were some others that were emotional and touching, but that's about it. The rest of them were few and unfinished. The only character that was interesting, in addition, was Doctor Kim, of course, and probably the second couple, which, however, didn't have any solid time to have character development, or get ot know them. The main characters however, felt watered down. There were some scenes, but very very few, that showed a bit about their past, but they never really explained things about them, like why the girl was getting nausea in the operating room, or some more details about Woo Jin's family. The two didn't have any chemistry and the few romantic scenes that they shared did not help them at all. The characters, overall, where boring and too typical. The political drama was just okay. There were however some nice notes to this drama. There was some character development for doctor Kim and we got to see a more human side of him. The nostalgia with the familiar settings and well known characters helped with the entartainment of the drama too.Now, compared to the first season, this one was not as good. The political drama was boring as we already knew the ""bad"" guy and it was more like been there done that. The first season had more interesting characters whom we had time to get to know, which helped a lot with the romance. The characters had chemistry too, which this season was lacking. The medical cases were better too. Finally, there was more time to get familiar with the hospital and the crew.So, overall, six out of ten."
10,낭만닥터김사부,"I like the second one better so I made my rating to 9. Master Kim is still the best and the medical stories on part 2 was also more interesting. I also liked the love lines and funny acts. I felt sad for lee sungkyung coz Ahn yeo sep looked like Nam joo hyuk, her ex bf. Either way, it was still romantic."
11,낭만닥터김사부,"It is just stunning to see a hot kiss scene in first epd, which usually happens in eighth epd in kdrama. The plot is quite ok.An alright medical drama."
12,낭만닥터김사부,If you can deal with scenes involving the dissection of human body and are a fan of medical dramas that involve inspiring content and amazing actors then this series is the right place for you to come to.
13,낭만닥터김사부,"In Midway of the season 2 I thought season 1 was better. But after finishing.. I can't decide which season was better..I honestly loved how the new season started. Again they showed struggles of doctors and overcoming it. The paramedic donar episode was so emotional! But it was annoying to see someone who had a nausea problem and was a 2nd yr resident performing surgery in a hybrid room while someone who was already a resident in 2011(season 1 episode 1) was just standing there. Probably bcz she's a CS and he was EM. This season, rather than showing more cases they focused more on teacher kim himself.. Insecurities between doctors sometimes.. hospital politics.. more side couples.. Even Nurses had no many lines lol.The entire loan shark story line didn't appeal me cz it's not hard for a surgeon to earn money. Moreover a general surgeon! This season was packed with more unrealistic cases like other medical dramas like performing open cardiac massage in ICU in front of everyone lol. But the ENDING HAS EVERYTHING! SUCH A PERFECT ENDING. But I wish Seo Woo Jin and Cha Eun Jae had more chemistry and scenes together! This drama has the most interrupted kissing scene with annoying lighting haha"
14,낭만닥터김사부,"Everything about this drama is perfection !!!
I truly enjoyed this drama alooooot !!
The story .. the plot everything was so so so good !!
It's definitely a must watch !!!"
15,낭만닥터김사부,"It's truly difficult to fine good medical drama and one that both it's seasons are equally as good! Really hoping for season 3. The drama, crew and cast deserves it! Dr. Kim sabo!!?"
16,낭만닥터김사부,"I like it , but the first one is better
The ending is amazing."
17,낭만닥터김사부,"This series is such a masterpiece, I was waiting for Dr. Kang Dong ju and Dr. Hyun Su jun but they made their appearance in season 2, I'm waiting for season 3 now."
18,낭만닥터김사부,"A perfect wholesale entertainment.there is not a single scene where one will get bored..the first season was fabulous..followed by the 2nd which is really awesome ..the cast have done a good job...all the characters starting from dr Kim,the leads to mr Gu,everyone has done a great job..."
19,낭만닥터김사부,"Honestly, I cried on all of the episodes. Not that it is too much drama but because each episode simply reflects many life lessons.Absolutely stunning. The pacing, the settings, the story line, the artists are exactly fit for their characters, amazing acting skill sets. Emotions would pull you in brought by the characters and by the story telling. Just wow.I know many people would say that this is a cliffhanger because it leaves questions in the end as to what then would happen to each of the characters and as to what the ambition of Teacher Kim for the hospital would become. But for me? It was fitting for an ending. Nice, smooth, and somehow very realistic.To the whole production of this film. You deserve so much spotlight!"
20,낭만닥터김사부,"Dont think that u will see so many romantic scene by watching dr. Romantic. It is classical doctor drama no more no less. I dont like this type dramas thats why I was disappointed, but if u into medical issues, this can be a good drama for you. Briefly i think it is overrated."
21,낭만닥터김사부,"For a long time i didnt even consider to watch this show because of its title. But after I watched it, I realised that it is not just a typical romentic k drama. It is much more than that. Depthness and procedures of the surgery was literally good. Actors also played their characters very well."
22,낭만닥터김사부,For me this is the best k-drama ever......... I have no words to explain this how much I love this k-drama ❤❤❤❤........
23,낭만닥터김사부,"S1, Team building from hardest situation, intrigues and struggle with clueless young doctors. Many questionable situation about law, rules, social culture in Korea, but medical situation is believable. The romance between two main lead young doctors is annoying and childish and no foundation of chemistry built up for viewers and this part took a lot of time and scenes, only based on a history. Awkward because of no strong build up. Skipping this part all the time. While Teacher Kim with a ex lover from the pst (a doctor) in 1 eps already can give that fluttering feeling and hope. Teacher Kim is really a romantic doctor in having relationship even it's struggling ones with each character. His relationship with Team and both Chairmen are so romantic."
24,낭만닥터김사부,"The best Korean dorama 10/10+
MUST WATCH DORAMA...."
25,낭만닥터김사부,"Doctor romantic season 1 is awesome. One of the best I have ever seen. I enjoyed it alot, but if I talk about season 2 I gave up in middle I am not saying that the season 2 is not good, but actually I feel if it includes the same cast as season 1 it would be a dope. Mostly cast is the same as season 1 but main couple is changed."
26,낭만닥터김사부,"I had never rate a drama or movie like this.and i did it now because this drama really made me feel better.i was sad and depressed but as i started this drama it really changed my mood.i had seen the second episode before but i hadnt watch the first one. I started the first one a few days a go.as the drama goes on,unlike many other dramas,it becomes more and more interesting.you should absolutely watch it..."
27,낭만닥터김사부,"Ok .first of all ,i really really don't like medical drama.but i really really want to watch doctor romantic season 2 cause I love lee sungkyung.people told me to watch season1 first .At first I was was not interested to watch season1. But after I watch episode 1 , I swear I can't help but I watch from 10 pm untill 11.32 am .and I was like .... seriously....i really really love this drama ,their chemistry,how good doctor treat their patient .this is a must watch drama... Give it a try ,you won't regret :)sorry if my English is bad:)"
28,낭만닥터김사부,This is a simple but efficient drama. There is no redundancy between each season. You get used and love each character naturally. Dr Kim's generosity is comforting and I hope there will be a season 3.
29,낭만닥터김사부,Waiting for season 3 .... and with Master kim alongwith same crew.
30,낭만닥터김사부,"Love to see season 3 with Yang Se-Jong
as Dr. Do In Bum coming back to take over the medical centre."
31,낭만닥터김사부,"I watch season 1 and kind of hate it but also like it. In some scenes there are a clear story, but other scene like no meaning at all. What i hate from this drama is when conflict has no meaning and no conclusion. Like when one of main female character has injury with her wrist. In one scene, she cannot do medical treatment because her injury wrist. But, suddenly with more episode, she can do medical treatment without any explanation to her wrist condition. I don't know why many people give 10/10. Also, mybe because i watched the good doctor series and found this drama is not enough to compare. Well, everyone have its own taste i guess."
32,낭만닥터김사부,I am on season 2 and crying so badly for the young kind hearted medic lady who enlisted as a donor. The scene where all staff and her colleagues give her final respect on her way to OR with her mother crying. Omg.
33,낭만닥터김사부,"La primera temporada, ya me dejó alucinada no esperaba que fuese una serie tan buena y su nombre ""Dr Romantic"" no le hace justicia. Se trata de una serie de tematica hospitalaria que se desarrolla en un pequeño hospital rural con un reparto de lujo en las dos temporadas si bien, no puedo dejar de mencionar de la primera temporada a los actores Han Suk-kyu,Yoo Yeon-seok y Yang Se-jong cada vez que se meten en quirofano es pura adrenalina y la química entre los actores Yoo Yeon-seok y Yang Se-jong es espectacular...lastima que no los traigan de regreso en una tercera."
34,낭만닥터김사부," Dr romantic
"
35,낭만닥터김사부," Regret is worse then failure
"
36,낭만닥터김사부," First Part was much better
"
37,낭만닥터김사부," Good Enough
"
38,낭만닥터김사부," A must watch category drama
"
39,낭만닥터김사부," I watch a lot of korean dramas and this is a MUST WATCH!!
"
40,낭만닥터김사부," Season 1 is best. Season 2 is childish
"
41,낭만닥터김사부," So gooood.. This drama doesn't disappoint! NOT A SINGLE BORING EPISODE amongst 21 of them!
"
42,낭만닥터김사부," Healing drama
"
43,낭만닥터김사부," Good Enough
"
44,낭만닥터김사부," Part 2 is better
"
45,낭만닥터김사부," Hot kiss scene in first epd
"
46,낭만닥터김사부," A MUST WATCH
"
47,낭만닥터김사부," In season 2, I was JUSTTTT lost in the Messy hair and Tears of Ahn Hyo Seop! Eyeeee candy!
"
48,낭만닥터김사부," AMAZINGGGGGG
"
49,낭만닥터김사부," Best medical drama to-date
"
50,낭만닥터김사부," Lovely
"
51,낭만닥터김사부," The Masterpiece
"
52,낭만닥터김사부," A wholesome entertainment
"
53,낭만닥터김사부," Deserves so much spotlight
"
54,낭만닥터김사부," Just name is Romantic
"
55,낭만닥터김사부," Must watch & waiting for the season 3 !
"
56,낭만닥터김사부," Best ever drama
"
57,낭만닥터김사부," Teacher Kim is a romantic doctor
"
58,낭만닥터김사부," AMAZINGGGG !!!
"
59,낭만닥터김사부," A great drama
"
60,낭만닥터김사부," It makes your day
"
61,낭만닥터김사부," Masterpiece drama!
"
62,낭만닥터김사부," Such a beautiful drama both seasons
"
63,낭만닥터김사부," Brilliant, Mind-blowing and the best
"
64,낭만닥터김사부," best med drama
"
65,낭만닥터김사부," It is not bad but not good also
"
66,낭만닥터김사부," Donor
"
67,낭만닥터김사부," Muy buena serie , el nombre no le hace justicia.
"
