,title,review
0,내뒤에테리우스,"Terius Behind me is a funny spy drama, with cute kids and a solid bromance. The action scenes were plenty and well made, cinema quality level. The comic moments were good as well, especially with the parents, who were funny and the real everyday heroes. Another thing that this drama had going for it was the character development. The lead lady was really good with her character overcoming all the obstacles and herself as well. So, the performances were really good from every actor and actress, even the kids. However, the story god boring towards the end. The love story was really weak as well. Finally, the last episode and the conclusion of the story was out of the blue . So, 7 out of 10."
1,내뒤에테리우스,Sometimes it's obvious but it's quite good. Great acting by So Ji sub and Jung in sun. She has changed a lot since 12 Years Promise. So Ji sub delivers another power packed performance after Oh My Venus. This show doesn't get boring but it could have been tightened a bit more.
2,내뒤에테리우스,"This series maintained its quality the whole way through. Great cliffhangers, fantastic acting from everyone, and Ji-seob So like always brings something special to the show.Great drama with a strong plot. Highly recommended. You'll binge it and not regret a thing."
3,내뒤에테리우스,"Idk what to tell you I love to watch foreign movies and tv shows... it can be a bit hard if you're not flexible to see something not in English but I recommend you do...The series brings something new and unique to the table and mixes very well between a very ""fun"" cute innocent childish ""kinda"" perfect world
with great set great sounds and music and... (unimpaired by reality and life )while keeping very well the ""secret"" and the thriller narrative
secret agent style....
The violence the murders the corruption the businessthe series perfectly connects to worlds together...
(for full disclaimer I haven't finished watching the show yet...)
but to my opinion it is a bit cheesy and stereotypical from time to time...
But all of that's fine and forgivable with how well done it is...
I can talk about the series a lot... Analyze it deeply... But I don't feel the need... I'm just here to recommend...
Which I do... Very highly....it perfectly connects tow worlds...
Both ""childish"" both ""interesting""
it's just unique... (maybe it's not but I haven't got to see anything like this in all of my TV loving life)should you watch it...?
ask your self this... It's in Korean if that's something you're OK with... Either by understanding or with subtitles/...
Then you should definitely try it... As simple as that..."
4,내뒤에테리우스,It is a lighter hearted spy thriller with lots of camaraderie and fun. It is hilarious watching how a network of ahjummas can beat the spies at their game. There's a little romance thrown in but the story is much more about the love in the community and how they all support each other. Son Ji Sub is his always very cool self but absolutely enchanting interacting with the Joon- Joon twins who he babysits as a cover. Highly recommended as an entertaining series.
5,내뒤에테리우스,"I like So Jisub in action Kdrama. He is very manly and mysterious, lots of charisma. I liked his action scenes and he delivers emotions on his dialogues. I just didn't like the female lead. I know they needed a weakling personality but they could have chosen someone better in terms of chemistry. She acts well though but she doesn't quite fit to the role."
6,내뒤에테리우스,Wow! Kinda puts things in perpective. I think about this a lot
7,내뒤에테리우스,"Great cast and moments of charm and humor especially when focused on family, friends, and So Ji Sub with the precious kids. As an action film pretty uneven, though, but I enjoyed the light moments very much. It was obvious Ji Sub had worked with the kids, and they adored him, which you can see in the Behind the Scenes out takes. Recommended."
8,내뒤에테리우스,"Watched this in like four days so it had to be good, one of the better supporting cast ive seen usually dont care for young kids but these actually added to the series.The short hated actress is a pretty good actress first time i remember being her, a few more killing would have helped, not really a romcom if thats what your looking for"
9,내뒤에테리우스,This series is what the doctor ordered. I mean it took a serious plot and made it funny. It was that easy. And it packs a punch when it comes to comedy. It was always unexpected and always gives you that full out laughter. No wonder So Ji-seob landed Best Actor for his role on this series.
10,내뒤에테리우스,I didn't like the story line. It was quite obvious from the first episode. You could never be in a hurry to watch next episode.
11,내뒤에테리우스,"I liked this show enough to finish it but didn't love it. There was something missing and I cannot pinpoint it. I can, though, mention some of the things I didn't like about the show. One of the themes that ruin a show for me is too many unrealistic visits to hell's gates. I mean, c'mon!!! How many times can a person survive gunshots! I know it's the genre but still.Another downside was the whole hidden mastermind thing. All the characters, no exceptions, are portrayed as extremely smart. Nobody doubted Director Shim with all the clues! I figured him out in the first scene which I also disliked because I lost the element of suspense.The biggest flaw was the lack of chemistry. I love both leads and they're terrific actors. But seriously. So Ji Sub had more chemistry with Son Ho Jun and Kang Ki Young than he had in any of his scenes with Jung In Sun.No chances of rewatching this. Got it off my plan-to-watch list and that's all."
12,내뒤에테리우스,A mother of twins husband is murdered and because of this a disgraced agent who happens to be her neighbour comes to her aid. Plenty of espionage action with some amusing moments on the side. Very well acted by all the cast and even though the story is predictable it moves at a good pace. Will the agent expose his innocence and also find love along the way ?
13,내뒤에테리우스,"It's a good spy series. Light comedy. What ruined it for me is the character they made of for the female lead.Why make a love line? Her husband just died, there's only a day of grieving, her children aren't that young to have forgotten about their father so quickly. Next thing you know there's an unspoken development of feelings between the two leads. Adding romance wasn't such a good idea.They made the female lead a little too nosy. She had to find out that the others are agents but they seem to have rushed it and in a way that makes the female lead annoying."
14,내뒤에테리우스,Was it the casting for the Go Ae-Rin's character that spoiled the whole series? I guess so. No building up in the importance as the main role to level up the other character's quality of acting and the good quality of production. I kept skipping and stopped watching after some episodes. Sorry for So Ji-sub's efforts.
15,내뒤에테리우스,"If you like action, comedy & a little romance thrown in it, then this is drama for you. And if you are expecting its to be swoonworthy then it is not. That is a little disappointing, as hoping to see them hugging and a little romance there isn't any, they stay neutral.Not so much in favour of the lead actress, as she doesn't gives that romantic vibes towards the guy. The lead action SJS is so awesome, handsome & full of difference emotion! He has more chemistry with the 2 kids than the mom.This is the second drama with him at Netflix that is worth watching.Binge watch him again in this drama might consider but with the lead actress may not so encouraging though."
16,내뒤에테리우스,Up till about episode 12 I was scoring his an easy 10 wit is original ideas and fresh mature comedy. Then something happened and it turned into a rather ordinary spy caper with a big twist you could see from Mars. Only in the final episode did they try and bring it all back with the very cute kids and the KIS squad but the ending as trite and everything was too neat.The beginning is really original but the producers lost their nerve about half way through.
17,내뒤에테리우스,A don't think u feel bored while watching this drama... Worth for watching... Everything is good.
18,내뒤에테리우스,"Enjoyed it for what it was, but it could have been so much better if they developed the sub-plots involving the neighbourhood watch and the grandparents, and properly developed the romance between the two main characters.It reminded me of the US series Chuck, but pales in comparison."
19,내뒤에테리우스,"You might want to watch it if you're looking for a comedy secret agent series. Unlike most secret agent stories, it concludes happily. Wow, how cool is it to predict what is happening today, like in Episode 10 about the Corona virus?"
20,내뒤에테리우스,"This series is a mash-up of Bourne Identity, Mission Impossible, Kingsman, Taken, and The Pacifier.Son Ji-Sub is a good actor, and I don't know why he accepted this project. The lead actress' acting has no depth, no wonder she was not the first choice to portray the character of Go Ae Rin.The Writers of this series have no talent or whatsoever. The writers lacked creativity and just took parts from different Hollywood blockbuster movies, stitched them up together and gave it the title ""Terius Behind Me.""The writers could not even come up of another name for a shop, that they just changed ""Kingsman"" to ""King's bag."" Lacking creativity aren't we now.If I could give this a .5 star, I would.Hopefully Ji-Sub will not take projects like this, ever again."
21,내뒤에테리우스,"My first Korean Web Series to watch. Much impress with Content, a great web with Drama & Action. All Characters are absolutely awesome."
22,내뒤에테리우스,"I saw the episodes on TV and I really liked it. I think it was just a coincidence of the virus. I want to see it again cause I really liked it, but can't find where to watch it."
23,내뒤에테리우스," Good Enough
"
24,내뒤에테리우스," Pretty good show
"
25,내뒤에테리우스," Funny Thriller with Class
"
26,내뒤에테리우스," In the simplest way to put it unique... Fun interesting cute yet thrilling
"
27,내뒤에테리우스," Super fun semi rom com
"
28,내뒤에테리우스," Mystery Action Guy
"
29,내뒤에테리우스," Watch Season 1 Episode 10 at 52 minute mark
"
30,내뒤에테리우스," So Ji Sub and the Kids.
"
31,내뒤에테리우스," fun show, not annoying
"
32,내뒤에테리우스," Super Funny!!!
"
33,내뒤에테리우스," Story was quite obvious
"
34,내뒤에테리우스," Something was missing
"
35,내뒤에테리우스," The one that mentions Corona virus
"
36,내뒤에테리우스," Why the love line
"
37,내뒤에테리우스," What's wrong with the casting
"
38,내뒤에테리우스," SJS is so awesome with the kids!
"
39,내뒤에테리우스," Looses its appeal half way through
"
40,내뒤에테리우스," I love this drama.....
"
41,내뒤에테리우스," Missed Opportunity
"
42,내뒤에테리우스," The average score is too low.
"
43,내뒤에테리우스," A Mash-up of different Hollywood Films, very disappointing
"
44,내뒤에테리우스," Great Series.. The first Korean Web I ever saw.
"
45,내뒤에테리우스," Good TV show.
"
