,title,review
0,녹두꽃,Historical drama where the poor rise up against the powerful and two brothers find themselves on opposite sides. An interesting story and well acted but the pace is too slow and my interest wanes as each episode goes nowhere very fast. If they had cut down the episodes it could have been tighter and more entertaining.
1,녹두꽃,Decent entertainment if you've run out of things to watch. Even though its based on real events I hope those main battle strategies were fiction or that General is probably the worst General in World history having his men continuously run into a hail of bullets.
2,녹두꽃,"Very good acting from all the actors and actresses. Slow but has a meaningful and exciting storyline. Sometimes things get really ""fictional"", which means that some things in the drama are unlikely to happen in real life. But overall a really good drama!"
3,녹두꽃,"""The Nokdu Flower"" drama was endearing to watch. It was not just the drama of the story, but some parts of it were too slow and ended up being boring and tiring to watch.Nevertheless, the performances were top notch. Yoon Shi Yoo was really good as the bad guy and the transformation of his character from the innocent royal boy to a rougthless politician was amazing. The ending was good as well. Another thing that worked for the drama was the intensity of the story. As it was based on true events, the drama was even more powerful.However, other than the parts of it that were boring, the romance had only a few good moments as well. I understand that they wanted to focus more on the tragedy and less on the love story. However, a milde romance just didn't feat well.So, six out of ten."
4,녹두꽃,"This is a satisfying drama with an involving plot, believable relationships and great performances, most particularly from Yeri Han, an actress I would like to see again."
5,녹두꽃,"Good drama to watch ,acting was also good must watch it."
6,녹두꽃," Revolting peasants
"
7,녹두꽃," Slow but watchable
"
8,녹두꽃," loved it!
"
9,녹두꽃," Good Enough
"
10,녹두꽃," Recommended
"
11,녹두꽃," Nice drama
"
