,title,review
0,단하나의사랑,"I watched all 16 episodes in a row, in a single day, because I couldn't stop watching. I could barely sleep, eat or drink or think of anything else. Prepare a serious emotional reserve, though, because this story is absolutely heartbreaking. Seriously, it's really heartbreaking. It's drama hard-core level. You'll love it though. :)"
1,단하나의사랑,Please get your paper towels ready because this drama is a roller coaster of emotions. The lead roles were so devoted to each other in their relationship and it blew me away.i was sobbing for the most part and no I do not regret the 16 hours I spend watching the drama.
2,단하나의사랑,"After Yeon-seo (Shin Hye-sun) is in an accident that leaves her blind, she has very little use for the world and everyone in it. Formerly a beautiful starring ballerina in the Fantasia Ballet Company, owned by her wealthy family, she now spends her days making it difficult for those around her. She is cynical, angry and so hostile few but her loyal secretary and butler can tolerate being around her for long. In stark contrast, Dan (Kim Myung-soo) is a trouble making angel who sees the good but is mischievous enough to cause trouble for his superiors. His last chance to return to heaven centers around finding love for Yeon-Seo whose great talent currently is driving everyone away. Who can see past the young woman's bitter and surly exterior to the heart of a woman worthy of love?A lot of this reminded me of ""The Taming of the Shrew"" with some ""The Gift of the Magi"" sprinkled in. She was very difficult and not very nice but had many reasons to be angry with life. I really enjoyed getting to know her character and the reasons behind her behavior and why some were so loyal to her It was predictable in the sense that you knew it was going to be very sad at some point. I really did not know how things would end up and was very concerned that it would not be a happy ending. It did officially get to a happy moment but it really was only just a moment and we spent a lot of episodes that made you very sad and feel a bit down in general.Still I would recommend this it is a very good story I just wish they had spent more time with the happy parts and had a little less cynicism. At the end there were a lot of loose pieces on how aspects would be explained."
3,단하나의사랑,"This series is in turns romantic funny and magical. It's a different series that is worth watching. The ballet Giselle is quite nicely integrated into the story. And the supporting cast has some real ballet dancers. More authentic than the movie ""Black Swan"". In fact Ni Na is played by a pretty good dancer Kim Bo Mi. The casting is good. Lead actress Shin Hye Sun is slim enough to be convincing and can dance. She is expressive and convincing even though she doesn't have the prettiest face. The angel is played by Kim Myung Soo who has an angelic looking face. The wings are well done.
Some faults: There is a drag in the last third about becoming human. It is quite satisfying when the horrid relatives get their just desserts. The very ending feels a bit cut off. Some more of them together at the end would have been more complete."
4,단하나의사랑,"Oh my heart! This is one of the sweetest, most romantic Korean Drama's I have seen. The leads have unbelievable chemistry! I have seen a lot of Kdramas at this point and more often than not, the couples feel somewhat stiff and awkward, but these two felt so real as a couple it hurt my heart. The dance scenes are incredible; I read that Hye-Sun trained for 7 (yes 7!) months in ballet for this show, and it really paid off. Accompanied by a wonderful soundtrack, L is the absolute cutest male lead as the charming and naive Angel Dan. But truly it was Hye-Sun's performance that deserves a shout out, she was absolutely incredible in this. This is a wonderful, super sweet and romantic story that is so worth a watch. However I did knock a star off because I had a few big questions that were never answered..."
5,단하나의사랑,"This had the making of a very good series but as it turned out was just average, the two leads were good together but for some reason the writers gave the 2nd male character more lines than the lead who was much better and hes supposed to be the lead, go figure.
Dong-geon Lee cannot act and his role in the series was annoying i had to fast forward his parts just to watch this."
6,단하나의사랑,"There are so many parts in the kdrama that I thought that this is it, this is the climax and it is just in one episode. It kinda made the drama dragging that I just want to watch the end. I also don't like the tandem of the leads. Although they had lots of sweet moments, they didn't have much of the chemistry that I was expecting. The ending is also confusing and again there's so much point in the drama that I think it is close to end and needs to be intensified to give a good ending. They also have a very weak villain character. I also hated that the angel sunbae had to die and how was she able to dance without blood when she is already stabbed?"
7,단하나의사랑,"I really enjoyed the first 2/3 of this series. Strong echoes of ""It's a Wonderful Life"" with Angel Dan on his final mission to return to Paradise (ie earn his wings). All this time he's looked after animals not people, but he finds himself saving a wilful, beautiful blind ballerina who was supposed to die. There are some fine performances here on the part of the main actors, though the ""ballerina"" mostly moves her arms and lifts one leg; the real dancing is filmed far enough away she could be anybody--and probably is.So far so good, but about halfway through the writers started adding lots of twists and turns, to the place that it started to take forever. All the intrigue and real action is packed into the final ten episodes or so, and The Deity (as He is called in the subtitles) seems to change its mind a lot. Archangel Hu is awfully clueless for a head of section! My question is, what kind of Archangel wouldn't recognise another angel the moment they made contact? I toughed it out to the end just to see how they resolved the whole tangled tale. The ending was okay...but somehow not satisfying. It was like they decided to throw in a bunch of possible resolutions and let the viewers take their pick. From ""great"" at episode 15, by episode 32 my reaction was ""meh."""
8,단하나의사랑,"Angel Dan has dutifully helped animals finding their way to heaven. After one fateful night he is assigned one last task before being released to heaven himself: finding love for Lee Yeon Seo, a retired ballerina who became a bitter, lonely young woman after losing her parents young and then having to give up dancing because of an accident on stage that made her blind.
-----
Even though the plot itself is more on the unique side, the general story was very predictable most of the times. There were only very few surprises along the way.Also, I feel like the production of the show wasn't carried out thoughtfully. Unfortunately, there were lots of inconsistencies - some minor, some major. For example, the leads often leave their house let's say in the morning but only arrive at their destination at night, even though both places are supposed to be in the same city.
Or the lead is supposed to pick up something and it takes him 24 hours although - again - the place he picks the item up at is in the same city.
Towards the end there are even more relevant discrepancies like the female lead being stabbed but at first she doesn't bleed at all and then she bleeds on stage but no one seems to notice? Not even her dance partner who keeps touching her wound??Something else I missed were likable characters. I loved both leads, the butler and Dan's senior angel (most of the time at least). The rest of the supporting cast I literally despised. But to me, the people that keep sharing the screen with the leads are very significant and I just couldn't stand the majority of them and unfortunately those were also the ones with the most screen time besides the leads. It made my blood boil. Yes, good dramas always need anti-heros but not a full supporting cast of it.While it was always nice to see the happy moments between the lead couple, some of the last few episodes felt more like fillers because nothing significant happened.
-----
Now onto the good things:The acting of the whole cast was INCREDIBLE.I was IN LOVE with the lead couple. They steal your heart in SECONDS and you can't do anything about it.The SOUNDTRACK y'all.... I mean, yes, they used it a lot and specifically one or two songs kept being repeated but I DIDN'T CARE BECAUSE THEY WERE SO GOOD!!! They always fit the situation perfectly well. And I loved the songs so much they now received a special place on my playlist."
9,단하나의사랑,"Now here is a drama that got it right, L is an actual angel and this one proves it!Fun aside, ""Angel's Last Mission : Love"" started like a fairy tale. The drama was filled with dancing and music and top notch aesthetics. The leading lady was great, as she managed to dance and to performe like a real ballarina. She had chemistry with her partner as well and that helped the love story a lot.The universe with the angels and everything was well built as well. It was interesting and intriguing. Plus, the dramatic past stories were really good.However, the drama got predictable and boring towards the ending. The family drama was not original, the love story was too cliche and the last twist just okay.So, seven out of ten."
10,단하나의사랑,"It caught my curiousity really bad cuz of its charisma. The drama involves ballet, which basically I've never heard before, looking forward into it making it more interesting because it shows how ballet works but at the same time the storyline flows and its just really mesmerizing. Hyesun and the orher dancer's performances are not joke, they did their best and I loved it!I love how the storyline flows throughout the drama. And there are so many situations that surprises me a lot --when Dan is actually Yeon Seo's childhood friend, when Director Ji is an angel too--. Their love was very passionate that they are not acting anymore, that it actually happens in real life, and that made me overwhelmingly emotional.Most of all, their chemistry is just, AMAZING! Myungsoo and Hyesun looks so good together that i wanted them to date in real life. Also their acting, the cinematography, and the OSTs! the songs of the drama are absolutely amazing ❤Highly recommended drama for guys!"
11,단하나의사랑,"This drama has everything! A perfect fantasy story, outstanding cast, heart touching dialogues, hummable OST and the most sweetest ending a fantasy drama can have. I like this kind of crazy impossible ending in a drama like this. And my oh myyyy the actor was on fire. He acted so well.. Showed the most perfect expressions. The best dialogue was We promise to be together cz we know we can't stay together FOREVER :'( the drama didn't sulk midway like other typical kdramas and a very enjoyable fun watch indeed!"
12,단하나의사랑,"It's just AMAZING! - the storyline, the cinematography, the ballet moves, the actors (Yeonseo and Kim Dan's chemistry is just-- LOVELY), the OSTs (which i will say one of the BEST OSTs ive seen, made me more emotional) its just good EVERYTHING!!! i will recommend it really bad!!!"
13,단하나의사랑,"An angel is given the mission to help a blind ballerina who is angry with the world find love, the problems begin when he develops feelings for her. The two stars in this are truly excellent and there are many touching moments, also the ballet scenes are extremely well done. A great series with twists and turns that make you wonder if love and happiness will ever be achieved."
14,단하나의사랑,"Dan is an angel who carries out missions handed to him but he is a little careless. He meets a blind girl Le Yeon and things take a turn when he saves her. He receives a final mission before he leaves for Paradise but it didn't turn out as expected, and the story moves as Dan and Le Yeon develop feelings for each other. Overall it's good but after the first 5 episodes, there is a slight lag and many culmination. Though some elements can be improved it's worth a watch."
15,단하나의사랑,"I'd watch this series just for Kim Myung-moo and Shin Hae Sun. Wow I loved them together. It's some screen magic. It's an engaging enough story, nothing earth shattering but the two leads hold it together enough to keep the attention to conclusion! I enjoyed the lovely chemistry between then."
16,단하나의사랑,"That was so fun. Sometimes I watched with laughter, sometimes I got teary and sad. The script was very cute. Acting was very successful."
17,단하나의사랑,"Honestly i was waiting for a sad ending but thank god i was wrong!! I cried several times, laughed also but it was not a drama to remember like it happened With a lot others. I think i will forget most of it în one year or so."
18,단하나의사랑,"Not the best KD I've seen. Some sort of uselessly complicated Romeo and Juliet where the main characters compete to sacrifice themselves first, or better.I fast forwarded a lot, especially when it came to boring evil plots. Of course, there is a huge company to fight for, and vilains who will stop at nothing. Dejà vu.A lot of cheese. Tons of it. With honey on top.Still. I cried whenever I was meant to. I cared about the characters. Thumbs up for Archangel Hu, torn between his love for the Deity and his growing affection for his junior.The ending felt like WTF? At first... But after many thoughts, it made sense. God having his way, showing both his might, and his mercifulness.Overall, worth watching."
19,단하나의사랑,"Story - Boring
Acting - Non effective
Direction - Poor
Production - waste of moneyAngel's last mission : Love is neither interesting nor a timepass K-drama. The total let down the was direction as the drama wasn't able to hold your attention.The story is such boring that after 4-5 episodes, you lost your interest in it. Nothing is happen that can make you attach to the drama.The main lead L and Shin Hye-Shun are playing simple characters that have little change of emotions. Most disappointing was seeing L as an angel where he neither effective nor good. The secondary & supporting cast did a good especially Gil and Woo.The worst part is the Ballerina dance sequence that are total waste, not a single performance that can be described as a good job. May be better camera positioning and Direction would may tha dance better."
20,단하나의사랑,"Don't waste your time ! No story. I like the lead actress better in ""my golden life "" . Here doesn't look like there is a ounce of acting . Too boring and draggy I watched it in fast forward for the last 6 episodes ."
21,단하나의사랑,Although this was longgg but I love it. You know just fall in love in a drama once in a while.
22,단하나의사랑,"The storyline was unique but what's most amazing is the cast. You'll fall in love with the main leads and their chemistry. The way they both have expressed their emotions and portrayal of love by them will make you cry your eyes out, so don't forget to keep tissues with you. Not only the leads but the supporting cast is great too, both positive and negative roles are done by the cast in a way that you won't forget them any time soon after watching this series."
23,단하나의사랑,"Totally surprised !! The love between angel & human ,the funny moments all was well far.by the way, last episode was totally emotional 😔😔.at last they can"
24,단하나의사랑,"I love this kind of sad and emotional shows,so this was really my thing. Couldn't stop my sobbing until the end. I would recommend it if you love K-Dramas that make you cry from heartbreak."
25,단하나의사랑,"This is one of the best Korean series! It made me smile, laugh and cry. It made realize that nothing is impossible with love and prayer."
26,단하나의사랑,"You will love it from very starting episode when you will watch three episodes you cannot let yourself to watch remaining quickly, This series will give you value of love, family, emotions and most important belief, I having I very mood all day and I am scrolling on Netflix to watch something that can give me happiness I watch two series which has 8.1 IMDb rating but none of them are worth of it they are useless, but I suddenly land on to this underrated masterpiece which helps me, Guys I am telling you go watch it this series will never disappoints you... Just Trust Me ..."
27,단하나의사랑,"This story just for fan who like matching , but i appreciation actor and actress for that good act, and also decent CGI."
28,단하나의사랑,"Too bad and boring
Korean drama has been going down in recent years."
29,단하나의사랑," Prepare a serious emotional reserve for this heartbreaking show
"
30,단하나의사랑," Beautiful
"
31,단하나의사랑," Quite A Bit of Heartache for Relatively Little Pay Off
"
32,단하나의사랑," Quite magical
"
33,단하나의사랑," Absolutely the Sweetest!!
"
34,단하나의사랑," missed again KD
"
35,단하나의사랑," So many climax
"
36,단하나의사랑," Is It a Wonderful Life?
"
37,단하나의사랑," Good plot, some discrepancies
"
38,단하나의사랑," Good Enough
"
39,단하나의사랑," 10/10 the best kdrama I've seen so far! (Spoilers)
"
40,단하나의사랑," Soooo Good! Better than the reviews
"
41,단하나의사랑," Best Kdrama I've ever seen!!!!!!!!
"
42,단하나의사랑," Universal providence
"
43,단하나의사랑," Just Good enough
"
44,단하나의사랑," Definitely worth watching
"
45,단하나의사랑," Really good
"
46,단하나의사랑," I din not expect the ending
"
47,단하나의사랑," worth watching
"
48,단하나의사랑," #skip it or else you will regret
"
49,단하나의사랑," Skip it !
"
50,단하나의사랑," I just love it
"
51,단하나의사랑," Must Watch
"
52,단하나의사랑," What a love!
"
53,단하나의사랑," Truly one of the most heartbreaking shows
"
54,단하나의사랑," Kim Dan, the best!!
"
55,단하나의사랑," So Lovable Great Ost Watch it now I am saying it is awesome
"
56,단하나의사랑," Good act, but story is too dramatic and not good as i think
"
57,단하나의사랑," Boring
"
