,title,review
0,달리와감자탕,"This drama is a fun one to watch and very original format and although it has some unexpected twists the story is a bit predictable.It has a lot of exaggerated comedy but it doesn't feel forced.The plot is intriguing and interesting and even though there's a lot of dramatic events, it doesn't become heavy because there's a lot of lighthearted moments.I don't won't give it a 10 because I feel like the female lead is quite useless at times, I wished they had written her character with more depth and being strong and independent, I was a bit disappointed of her being rescued over and over for every male character in the drama. She is a terrific actress though. ( watched her in Sweet Home playing a very strong female character)Overall I enjoyed it though, recommended."
1,달리와감자탕,The show is good enough. It is subtle and sweet. The show is not exaggerated unlike many K dramas. That's why I like it. Good main cast and they acted very well.
2,달리와감자탕,"This was such a delightful drama.This series have everything: romance, comedy, drama, loss, grief, politics, little bit of thriller and what not? Usually a mixture of many genres makes a mess but that's not the case here. It's a well executed drama.Chemistry: The chemistry was fantastic! The progression of their relationship was very nice, it was at the right pace and steady too. The couples are so cute, they relied on eachother, trusted eachother with their lives. As the story progressed, I kept on realizing how perfect they really are for each other despite their differences.Kim Min Jae aka Moo Hak: I loved him in ""Do you like Brahms?"". Here he is a complete opposite character.He is loud, kanjoos, uncultured, sometimes even silly and stupid but he is mature and adorable infact he is the most considerate amongst the so called high- educated and cultured people. He respects her lady, he knows how to make her laugh, how to wipe her tears. What a flawless character!Park Gyu Young aka Da Li: Finally her officially first main lead role as the Da Li is just as good and convincing.She is completely opposite of the male lead. She is wealthy but she doesn't care about money, she is smart but lacking most practical understanding.She is elegant, delicate and extremely polite.Kwan Yool aka Jang Tae Jin: I liked him in ""Bring it on Ghost!"". Here also he played a negative character very well. I like his matured and straight face.All OSTs are peppy and soothing can be added to your playlist.Overall, its a nice watchable drama. Give it a chance if you like Rom-Coms with strong & smart female lead and adorable male lead.PS: Special mention should be given to the wonderful stylist and costume designers."
3,달리와감자탕,"One of the cutest couple in kdrama that I've seen so far, they are so cute, I've laughed so hard but I also cried a lot. I totally fell in love with them, they have a lot of chemistry, definitely a must watch!"
4,달리와감자탕,Enjoying the drama very much as it's not all-time cliché series and all about how to stand up again from falling down!! Kinda inspireable story too!! Plus every character is giving there best!!
5,달리와감자탕,It's not usually cliche romance type drama ! Both ML and FL are strong enough by themselves and believe in hard work! That's the beauty of this series.💖 In the other hand the visuality of KimMinJae and unique style of Park GyuYoung (Da-Li) bring this drama more highlights!! Really enjoying the plot 🖤
6,달리와감자탕,"This is why I Iove K Dramas, not like.So fluent, so natural.Once again, the story is not important, is the way you tell It.Perfect in every way.. Must watch in Viki, the place of K-Drama."
7,달리와감자탕,Everyone has ups and downs in their life. Working hard doesn't mean you are capable of everything. Business mindedness is very important in running any business which I liked most about Dali. Catching right time in bad situations and taking advantage of it is most important. This drama is quite good at advising us that bad situations too give us chance to make something good out of it.
8,달리와감자탕,"A very beautiful and heartwarming love story with good sense of humor. The main leads come from different background but they are side-by-side and always be there to overcome hardship in love and in life together. Actor and actress has remarkable chemistry, and perfectly pair up to deliver the feeling of true love. This romcom is very unique and very addictive. Kim Minjae is in another level of acting performance, showing in his gesture, tone and facial expression. Cinematography, setting, dialogue, pacing and OST are perfect. Kudo to the director, writer and all the crew."
9,달리와감자탕,A really enjoyable drama with a different love story. Great chemistry between the main couple and a lot of funny moments. The final episode was really unexpectable and I like it. The Ost was nice and catchy too.
10,달리와감자탕,I was very impressed with this show. Both Kim Min-Jae and Park Gyu-Young were excellent and their chemistry together was awesome. I loved how Dali grew in strength and confidence and Moo Hak learned to appreciate much more than money. I think Kim Min-Jae especially has a great acting career ahead of him. He is very good at comedy and serious roles as well. Park Gyu-Young was made for the part of Kim Dali. I hope there are more shows of this caliper coming soon. This was a definite winner.
11,달리와감자탕,"I don't understand why this drama is not hyped as much but then again it's the ones that never get the hype that are master pieces. I love this drama from the chemistry between the leads, the storyline and the humor... I laughed through the drama. This one stole my heart for sure."
12,달리와감자탕,"Well I didn't accept to like so much Dali and the cooky prince
The ost , some jokes ,their chemistry was amazing!Some things that I don't really like is some TOOOO CRINGE scenes with the leading couple and that 15 episode was somehow boring
However I totally recommend it to you if you like romantic comedies!"
13,달리와감자탕,"This drama has a simple and a little predictable storyline but how the story is narrated and how the actors portrayed their characters made this series something worth the watch. The female lead has a very impressive educational background however, she's like a lead for reverse-harem animés where the male characters needs to rescue her in times of need. In this story, she has 3 male leads who protects her. But with the circumstances that happened, she eventually learned to be a better person through the main male lead. As for the male lead, I can't say anything bad because the actor did very well in bringing his character to life. He wasn't well-educated like the female lead but he's street-smart and knows how to handle things on his own, having to learn things earlier than most people due to his past. The supporting characters were also good but the actress who played Sec. Yeo was the best supporting actress IMO. Her facial expressions were very funny. All in all, if you want to watch a light-hearted romantic comedy k-drama, I highly recommend to binge watch this series and probably, you'll also would like to hear the OST of this drama because every music played were beautifully chosen to express the mood of the scene. Kudos to the cast and crew of this series."
14,달리와감자탕,"Good script. Terrific Main Cast, and supporting actor, Kwon Yool.Park Gyu Young is excellent! She has managed to disappear into her character superbly. All I can see is the extremely frustrating, and at times, pathetic Dali! And then, she flips the script to show the coy, playful Dali which is endearing that I quickly forget I was just mad at her! Again, she is superb.Now, the Charming Prince, not cocky for me... I like Kim Min Jae a lot! I like his versatility. This is a different role from 'Brahms' and 'Flower Crew' and he has delivered again!! One problem though, I always get distracted by those dimples and cute mouth.What a performance by Kwon Yool!! He has me seeing red! If I see him right now, I will punch him so hard in the stomach! Kudos!The supporting cast is fair to poor. The actors playing the Prince's family look like bumbling idiots trying to play bumbling idiots!Seo Jeong Yeon, you always deliver in your roles but this one is not for you!Hwang Hee's role.... Still waiting for his character to show me why he is here and what he can do. I am rooting for you though..... fighting!"
15,달리와감자탕,"Korean Drama ""Dali and the cocky prince"" is a drama that nails it when it comes to esthetics. Everything was beautiful, from the paintings to the costumes, which were especially tasteful. The performances were great too, with the two main leads delightful to watch, with plenty of funny scenes and a smooth chemistry between them that sparked right from the start.However, the drama did not offer anything new. Rather, and especially after the first half, things got predictable and boring. The drama used many cliche, and the love triangle was stale and lacked the dynamics that it should have had, considering its setting. The romance had a great pace at first, but it started rushing things after a while. The side characters were enjoyable though.So, overall, 6 out of 10."
16,달리와감자탕,"10/10 is my rating. This is a 2021 South Korean romantic comedy drama with 16, 70 minute episodes. Alternate title is Dal-ri and Gamjatang.Kim Dali (Park Gyu-young) is tasked by her boss (at the museum where she works as a curator), to pick up a VVIP from the airport. However, VVIP Mr. Jin is not the only Mr. Jin coming into the airport that day and she winds up picking up the wrong Mr. Jin (Jin Moo-hak played by Kim Min-jae). This case of mistaken identity winds up being a fateful encounter as Dali offers the traveler a place to stay when his credit cards do not work. They part ways the next day and Moo-hak immediately regrets not getting her number but believes he will see her again before leaving the Netherlands. Right after they part, Dali discovers her father has died in South Korea and immediately leaves for her home country. Moo-hak leaves the Netherlands without seeing this girl he found an immediate connection with only to soon discover the girl he had been looking for is now the heiress of a museum he lent a significant sum of money to. Dali remains in South Korea to save the museum, which is her father's legacy, but finds there are multiple creditors looking to be paid. Moo-hak is torn between doing whatever it takes to recover the money and save face with his family and helping out this girl he finds so compelling. Moo hak knows a little something about making money having helped his father build a global food company from the ground up. Add in a wealthy ex fiance, a girl who is obsessed with Moo-hak, the mystery surrounding the real reason for her father's death and the current state of the museum's finances and the viewer is in for a wild ride.I loved this movie from start to finish. It did not have any of the tired tropes that I sometimes find annoying, there were tons of suprise twists that suprised even someone that has watched hundreds of dramas. Dali is now one of my all time favorite characters I loved how she was such a thoughtful, kind and caring person yet could, at all the right times, really lose it. Moo-hak was so genuine and you could really see how he had gotten to where he was and even understand his crazy penny counting. Spoilers*** In the USA, at one time, kids were often not told they were adopted for fear of the social stigma surrounding a child that is not blood related. It was all tied into the stigma around being born out of wedlock. As the prevalance of that social stigma has decreased, so has the stigma around being adopted. Not to say it is not still present, it just isn't as widespread as it once was. In as much as this is an ""accurate"" portrayal in South Korea, it seem that social stigma is still something that is dealt with as well perhaps to a slightly higher degree. I was surprised that her simply being adopted could cause such a major hit to her social standing. There was also the concept of ""old money"" versus ""new money"" which is something that is tied to class distinction, to varying degrees, in developed societies perhaps the world over. I really like how she stood up to her ex-fiance and never validated what he did to her by going back to him. There are certain things a person can say or do to another person that there really is no going back from. Dali was generally calm, level headed, and sweet. Her character was the type that spreads calm when she walks in a room. I liked that you could tell she had learn those traits from her adopted father. I was happy the uncle came around and actually apologized to her for the horrible things he said to her. The museum staff was, on balance, loyal and I was glad they did not wind up turning on Dali as that would have lessened my enjoyment of that slice of life ""family."" Dali stood up to Moo hak's dad when he told her he didn't think her and his son should be together. It was truly a love that conquered all and it made it all the more sweet overall. They really tricked us with the year separation, I thought she had left for a year because of the father's disapproval. That is a trope I am not found of - that whole leave for 1, 2, 3 or you know 5 years, sometimes don't even call or contact, come back and everything is all hunky dory. The writers must have known that because they tricked us into thinking she left for a year then went ""psych they were together the whole time"". I would rewatch this and highly recommend it to anyone that loves this genre. So good. One of my favorites."
17,달리와감자탕,I watched 4 eps of this drama and the humor is not great/good as most the reviews. If you like LOUD shouting as funny then this is your drama. The only mature actors in this drama is Dali her team. The other actors yell and scream at each other at every incident and I suppose that this is funny to some. I am sure the story plot is good but the screaming and yelling is a bit too much to consider it funny. .
18,달리와감자탕,"I liked Yeo Jin-goo in other series so I was curious about this one. And the good news for his fans: he plays his role as well as always and it's funny to see him as a not very intelectual person with faults. The series starts like a screwball comedy, fast and funny, but already in the second episode it loses its speed like it has lost its fuel. From now on it doesn't know well if it wants to be a parody, a crime series, thriller, drama, romance, comedy or just a big advertisement spot for cosmetic products. The advertisement is even for an asiatic series tooo much. Ok, in thai series it's worse, but in a corean drama I never saw it brutally like here. And it seems, that everything in that series is 100% for the target group of that cosmetic stick. Like in many k-drams, the soundtrack contains a small variety of 3 or 4 songs, which come again and again. Sometimes this doesn't annoy, but if the songs annoy already at the first time you hear them, it doesn't get really better if you hear them always. So it was for me this time, I started to hate them as longer I watched the drama. What irritated me most is that some figures are really serious and have to play dramatic parts and in the same moment there are figures like a parody of themselves...Tge drama doesn't really know, how serious it should be. So after all I liked only parts of it."
19,달리와감자탕,"From the beginning, we can see if Dali is the smartest student, a very hard worker. Then why she can't handle everything and act so stupidly weak. It's annoying for some reason. Everything seems so much forcing the story."
20,달리와감자탕,This an very average drama with the same boring romance scenes and the visuals are good though the story is not. If you are bored and then can go for it but if you want some interesting stuff to watch can go for other dramas.
21,달리와감자탕," Quirky, funny and sweet
"
22,달리와감자탕," A Good watch
"
23,달리와감자탕," A fresh take on the ""opposites attract"".
"
24,달리와감자탕," They'll melt your heart
"
25,달리와감자탕," Unique visuality with Unique Storyline
"
26,달리와감자탕," Self-made story is always amazing specially when the unnie is strong
"
27,달리와감자탕," Perfect romance
"
28,달리와감자탕," Bad situations are building blocks toward great success.
"
29,달리와감자탕," Beautiful and heartwarming love story
"
30,달리와감자탕," Entertaining
"
31,달리와감자탕," One Of My Favorite Kdramas
"
32,달리와감자탕," LOVE IT!!!
"
33,달리와감자탕," Soft and sweet
"
34,달리와감자탕," Funny light-hearted romantic k-drama
"
35,달리와감자탕," Rename to 'Frustrating Dali and the Charming Prince'
"
36,달리와감자탕," Good Enough
"
37,달리와감자탕," Light, fluffy romance that explores some deeper issues
"
38,달리와감자탕," Not for everyone
"
39,달리와감자탕," A romantic-thrilling-crimescene-suspense-dramatic-comedy cosmetic advertisement
"
40,달리와감자탕," Very unreasonable storyline
"
41,달리와감자탕," An average drama
"
