,title,review
0,대박부동산,"This is a rare drama in that it really is an all-rounder: its entertaining, smart, funny, poignant, and creepy. It has a fantastic soundtrack that perfectly suits the story line, eerie cinematography that keeps you grounded in the material, and a smart, well written plot that comes full circle. Most (if not all) questions are answered by the end of the show, and even though many episodes focus on a single story line (i.e. Ghost of the week) the episodes never feel like filler and the show never gets boring. Jang Na-Ra and Jung Yong-Hwa were a great pair and I found the lack of annoying romantic subplots somewhat refreshing. Na Ra really shone at the end, her performance in the last episode was outstanding."
1,대박부동산,"There is no romance and that's a first. This drama is a horror drama with comedy. It's really entertaining and fun to watch. Its storyline is simple but it never gets boring or cliché. It shows a new way of exorcising ghosts and they have done a good job at that. It also gives importance to the life of every character in the show. Overall, it's a simple show that you can watch without getting bored."
2,대박부동산,"This drama was wholesome. Although the plot was predictable, each episodes were interesting. From character building to storytelling- it was crisp and correctly paced.I liked all the main characters. In Beom and his hyung definitely had a great chemistry - no wonder the PD praised these two and asked us to watch out for these two!The side stories of all the ghosts featured were really fun to watch some were upsetting while some were creepy - as in how they were lead to their death.The message that the drama wanted to deliver to audience I think it is very loud and clear if not in between atleast by the end of the drama.The show has done justice to its title *Daebak real Estate/ Sell your haunted house*
I'm glad they focused on the main plot that revolves around this buisness. It's surprising because many of the dramas with romance tag usually focuses only on romance these days the plot gets deviated to a love triangle 🤣 So this was definitely refreshing.The acting was amazing.Hong Ji Ah as a female lead was very bold, intelligent, Sensitive when required, straightforward, witty and sarcastic.Usually the so called strong/savage female leads in few kdramas are insensitive things and hurting innocent people and also being obsessed with someone she/he likes or are seen forcing their feelings on that person but Hong Ji Ah stands out from this lot to modern description of savagery/strong woman. I'm glad they built characters with lot of thoughts and didn't rush anything in anyway.In Beom on the other hard was that one person who made this drama a light hearted one - must say this must have been extremely hard for Young Hwa since he has to act as good as Na Ra. I'm glad he did that because he's definitely not sidelined. Everyone noticed how much he has improved over the years so this role is one of his best one so far. More powerful one as well since he had to potray alot of feelings in this dramaSubtle hints of romance was more than enough for me as it didn't kill the main plot so I'm glad I decided to watch this show.New kdrama watchers will definitely enjoy this one.However, if you're someone like me who has been watching kdramas for a decade then you might find it repetitive and have a difference of opinion. Nevertheless, I personally enjoyed it and loved it too
Will miss this show and the cast. Their relationships were too pure to forget."
3,대박부동산,"Lets be honest.Korean television shows are 99% this: Two people who first don't like each other falls in love. The end.This, is a different beast however.The greatest part of this show is the smaller stories told in each episode. Regret, resentment, grief, Losing a loved one, losing a parent, losing a child.And it hits you hard.It's been a while since I've cried this much.The actors are really really good. Everything about the production is top notch (for a television budget).However the strength of the show is the television format. This would have made a good movie, but the longer runtime allows it to become something great. It allows it to tell not just one story, but multiple stories woven together as well as having a main story as it's core.It's really really really well written and acted out brilliantly. Baek Hyun-joo as Chang Hwa-mo (the restaurant owner) gave one of the most believable performances I've ever seen.The only reason I'm not giving this 10/10 is this: It's not long enough.Unlike shows like 'The sopranos' that ran for over 6 season. This is a stand-alone single season with 16 episodes. That is still over 10 hours and probably one of the most rewarding binges I've sat through for a long time.The first episode however is a little bit weak. So if you're reading all of the positive reviews here and start watching without feeling convinced. Do yourself a favor and keep watching, it gets better and better. And better."
4,대박부동산,"Loved it alot.One of the rarest kdramas that is interesting from the very very beginning to its end, doesn't seem to be too long. Yong Hwa and Nara's acting, CGI affects everything was awesome."
5,대박부동산,"I can't really say it's my taste but there aren't many reviews yet and i'm tipping the scale here
so yeah personally it's a bit more of a 7-8 but my taste aside...... done well i expect the plot and storytelling to increase in quality the more we learn...and not much more to say."
6,대박부동산,"This series is fairly good with a solid story and an interesting theme. In the occult scene, this one can hold its own. The series also explore its own world while exploring past events that impacted the present of the main 2 characters. The story focuses more on the tragic story, exorcism and everything related to it. The romantic angle is kept to a minimum probably to create an extreme atmosphere of stress. If you are into such themes, this one will be a good one to watch."
7,대박부동산,"Korean Series SF8 is an ambitious anthology of sci fi stories. Others are better constructed, fitting well into the short length of an hour, others had compelling stories or characters or both, and others didn't do so well. Nevertheless, all of them had interesting themes, great performances and, best of all, beautiful CGI that created the perfect futuristic atmosphere.White Crow didn't start strong enough, as it throws the viewer straight into the midst of drama when the main character's world is crumbling down. However, after she gets into the video game, things get gradually so intense and in the ending was pretty shocking."
8,대박부동산,"No, it's not as bad as 6 stars, on premise. Butnwhat if the script had more of the business side of things instead of the ghost side?But instead one can foresee the usual plot points.That the scammer and the real ghost hunters works together complimentary to each other. And their fate and past are neatly tied together.The intermittent cases all serves as plot point leading up to the final confrontation and reveal and resolve of their history. Nothing too exciting here.To be fair, I really like the main lead actress here. Her air of melancholy, distain and almost direct sarcasm stands out for om the rest of the cast."
9,대박부동산,"I like the actors, and I enjoyed it for a while, but grew tired of the repetition, the rarely changing expression on her face, and just tedium of the final episodes. I was glad when it finally ended, without a single thing in the final scene that wasn't already predictable. I'm happy others enjoyed it, because I like the actors, too; it just didn't do enough for me. There are too many other Korean dramas far superior."
10,대박부동산,"I am waiting for Season 2.The series is very enjoyable to watch horror, thriller, love (about 5%) & comedy. Just try to start watching ep 1, it's more deeper interesting, more episodes you've watched."
11,대박부동산,"9/10 is my rating. This is a 2021 South Korean, comedic Fantasy Paranormal television drama wit 16, 70 minute episodes.Oh In-beom (Jung Yong-hwa). Makes his living by conning people into thinking he is an academic paranormal researcher with the ability to utilize equipment to repel ghosts. He does not realize he has genuine supernatural abilities until he crosses paths with someone who uses her abilities for genuine business. Hong Ji-ah (Jang Na-ra) exorcises ghosts to rid real estate of ghosts in order to increase the value and sell otherwise untouchable properties for their customers. She also has the vengeful spirit of her own mother that is in her home/office which she has been unable to exorcise and hopes that In-beom's enhanced medium abilities will lead to her finally being able to send her mom on to the afterlife. While working current cases, Hong Ji-ah and Oh In-beom work to solve the mystery behind her mother and his uncle's deaths years ago.Spoiler alert* I really like this as a fan of the supernatural genre. There were a lot of unique aspects of the vengeful spirit, exorcist, and medium that I have not seen in any other series. The medium had to be a virgin so that was an interesting aspect and foreshadowed that there might not be a romance. The Ji-Ah character reminded me of either Wednesday from the Adam's family or perhaps Morticia herself. She also reminded me of Ko Moon-Young from ""It's Okay to Not Be Okay"". At the same time, the character was uniquely different. She was strong both physically and mentally strong yet had some psychological trauma from an event that happened in her youth. In-beom started as a con man pretending to rid people of ghosts he had created. That is how the two crossed paths. However, once he starts working with Ji-ah he quit conning people and was revealed to be a very empathetic character. The cases themselves were very interesting and, like ""6th sense"", part of the process was determining what motivated the ghost to be vengeful. The mystery that tied them together was also intriguing and kept me guessing until near the end. As a romantic I really loved the synergy between the male and female lead's characters and was disappointed that they did not wind up together in the end. She also loses her power and goes on a ""find me"" one year trip to rediscover her power and I just find it unnecessary. Then she comes back and they go right back to what they were doing as if nothing had happened. It leaves it open for another season but, at the same time, I was disappointed not to get to see them together as a couple. But it ended well, with everything wrapped up to the point where it did not feel unfinished. It was very good and I highly recommend it to anyone that enjoys the supernatural series."
12,대박부동산,"The storyline is not strong and actually lame. I thought it would be good as Hotel del luna, but apparently its so beneath it. It was good in the beginning but unfortunately i got boring instead."
13,대박부동산,The story connect between spiritual person with curse kid. Definitely has their own past and somehow related. A bit funny element and you won't get bored watch this drama.
14,대박부동산,"I can't help but express how I feel about this show after watching the first three episodes.I'm hooked! I should have waited to finish the series, but it's just too good."
15,대박부동산,"Obvious low budget sets, but great use of it. I loved Jang Na-Ra's acting. It was almost empowering. Just enough twists and turns for one to enjoy. Oh not to forget. Interesting genre."
16,대박부동산,"This drama so much fun and filled with perfect and meaningful stories, the actors more than perfect and the atmosphere so good you'll enjoy it 👏🏻👏🏻👏🏻"
17,대박부동산,I already watched this drama..... And it is amazing..... The chemistry between protagonists is excellent...... Whole cast is well chosen and has done a excellent job in drama.... Thanks to makers we got to see this amazing drama with amazing cast..... Eagerly waiting for second season...... We will wait for the news..
18,대박부동산," Hits Every Note
"
19,대박부동산," It's simple and i like it
"
20,대박부동산," A fantasy drama with good ending
"
21,대박부동산," Some of the best television I've seen in years
"
22,대박부동산," Very interesting one.
"
23,대박부동산," only seen a few episodes so far but not bad...
"
24,대박부동산," A Good One To Watch
"
25,대박부동산," Good Enough
"
26,대박부동산," Premise also looks better on paper
"
27,대박부동산," Became monotonous.
"
28,대박부동산," Nice to watch
"
29,대박부동산," Great supernatural drama
"
30,대박부동산," Boring.
"
31,대박부동산," Good drama
"
32,대박부동산," Awesome!
"
33,대박부동산," I liked the flow of story
"
34,대박부동산," BEST OF THE BEST
"
35,대박부동산," Love this drama
"
