,title,review
0,도시남녀의사랑법,"This is produced differently than most all KD, One in and i liked it a lot also its not 60-70 min episodes so no need to run the clock out with foolish tactics.ILL give it a fair shot but characters are good only thing that can ruin it is the writers"
1,도시남녀의사랑법,"Beautiful first episode, everything was perfect. From the strong leads to the way they approached the story, the unique format, aesthetic appeal, the cinematography and the OSTs. All in all a must watch. Eagerly waiting for the 2nd episode."
2,도시남녀의사랑법,"I like the new style..docu-drama?
Great cast,great storyline.
A must watch drama"
3,도시남녀의사랑법,"Update: After watching Ep:2 you won't be able to stop watching it!! Ahh the chemistry! Goosebumps!! Stunned to be honest!
Just saw the first episode! The format is fresh and new unlike other Kdramas!! And of course it has The Ji Chang Wook so one can expect great acting! It is quite early to comment on the series but I loved it because of the connection with the audience and it's relativity to real life! Looking forward to more episodes!!!"
4,도시남녀의사랑법,"I am a person who likes to make up my own mind. Had never seen Ji Chang-Wook in anything before, didn't know it was a comeback after his military service and wasn't aware of Netflix ratings and really don't give a damn. I was captivated from the first episode. The two main characters love play with one another in a new found relationship was wonderful and made me love them both. I loved the interview technique of the show, the writing and the other character snippets were the best. I liked Chang-Wooks descriptions of his feeling and his love. Episode 8 had me crying and I determined gajima (don't go in Korean) is the most compelling and romantic word in the world. I am waiting for Friday so I can watch the next 2 episodes at once. I like shows you have to pay attention to and not just react to some thrills or spills or action figures. Some people just can't be entertained by less than those much over used audience catchers. I for one give this series a 10 so far and recommend it to anyone who is in love, has been in love, wants to be in love, has lost a loved one or has given their love to someone who wasn't able to accept it."
5,도시남녀의사랑법,1st because i support Ji Chang Wook but when i watched Ep1 wow! The drama is light and romantic but can relate with our everyday lives and yes its about Love which everyones Joy and curiousitu. Looking forward for the next ep. 👍
6,도시남녀의사랑법,"Ji Chang Wook is a master of transformation on screen! The storyline is getting more and more interesting with a mixture of humor and depth of emotion, showing the trials and tribulations of romance to which we can all relate. Bravo!!! Great choice of project, Ji Chang Wook!!!"
7,도시남녀의사랑법,"The range of emotions delivered by Ji Chang Wook is superb. You'll cry one moment and laugh at another with the brotherly repartee and spats between JI Chang Wook and Kim Minseok. Your heart will break with the scene in Episode 8 where Yoon Seona appears, like a dream. It will have you effected for days. It feels that real. It makes you recollect experiences we or those we love have endured. The raw emotions of being hurt, angry yet still yearning are palpable. The range of talent in this man is limitless. This story hits the tip of the iceberg in the depth of capabilities of this talented actor who also has an amazing singing voice that penetrated the soul. Cannot wait for the rest of the episodes!!! Bravo Ji Chang Wook!!!!!! You're simply brilliant!!!!!"
8,도시남녀의사랑법,"I am very excited about the way the story is being built, mature characters, the story has been told with a different dynamic, charismatic characters and couples with very good chemistry."
9,도시남녀의사랑법,A must watch drama...love ji changwook forever😍😍😍
10,도시남녀의사랑법,A group of relationship stories with the main protagonist trying to find herself is the main crux of the series. What makes it interesting is that the cast are taking part in a show about relationships so there are a lot of pieces talking directly to camera. I initially thought it was not working but over time I grew to enjoy the insight this dimension gave to the story and the emotions and thoughts of the people. A well acted series with observations that most will recognise and have experienced.
11,도시남녀의사랑법,"The first few episodes were dream-like, full of sweet memories between Lee Eun-O and Park Jae Won. But once they returned to the city, their relationship became non-existent, which was frustrating. They were imperfect characters who were still in love with each other; it only took them until the final few episodes to get things straight and get back together. The main and side characters went through so much individually and as a group, and it was so good to see how each of their relationships played out in the end. The nuances in each relationship were a part of why I ended up liking this drama more than I thought I would. Kim Ji Won and Ji Chang Wook also had amazing chemistry, IMO, and overall the cast was great."
12,도시남녀의사랑법,"This drama is superb with amazing cast, beautiful cinematography, heart-warming soundtrack, and also with such realistic plot! Each episodes will make your feelings up and down like a rollercoaster, sometimes you will feel a deep sadness, and sometimes you will feel happy to see heart-warming romance. It is a fresh drama with semi documentary format, make me think that this drama is incomparable with the other Kdramas. Honestly, i rarely watch the pure romance genre kind of drama, but this drama caught my attention!"
13,도시남녀의사랑법,"This was definitely a different take on the romance genre. I have to say I loved how the six characters were not fully separate from each other and had the capacity to learn about what the other is saying. A very new and fresh take on love, people and experiences. The series has some great moments and a history that fuels the actions of these six characters that makes it definitely worth the watch."
14,도시남녀의사랑법,"Totally unexpected! The style, the storyline.. it's only the first episode and I love it already. I have high expectations for this one *fingers crossed*"
15,도시남녀의사랑법,"Finally, something different.What I like most about this drama is that it's a realistic depiction of relationships in today's 21st century. Yes, people can, and will sleep with each other in the early stages of a relationship. I'm so sick of watching other k-dramas that treat 30yr old adults like they're 13yr old kids who have never been kissed before (or freezes during a kiss) let alone any other intimate activities. (In saying that, the last episode does ruin it by doing exactly that!)
This drama is refreshing in the sense that it's not your typical love story romance and the filming is unique because it's done in an interview-style manner. I found this strange at first and it was hard to catch on but keep watching and you'll find it all comes together and the storyline becomes riveting. There were many scenes that truly captured the ""moment"" by use of sunlight and light rays to create the right mood and ambience, especially during the beach holiday or romantic scenes. Some scenes were like instagram shots with a perfect filter applied.The lead actor is gorgeous. I thoroughly enjoyed his acting and looks. I will watch out for more work from Ji Chang Wook. All supporting actors and actresses were also very good and created a significant dynamic. I just found the cop and actress love story introduced in the last episode absolutely useless. They could do without those scenes.Overall, I recommend this drama if you've watched a lot of k-dramas and looking for different. This is a new style, new age, and refreshing alternative to what you'd normally see."
16,도시남녀의사랑법,"This is a fantastic series that attempts to put things into perspective regarding dating and relationships. Anyone who has dated or been in any kind of a relationship will almost surely find himself/herself relating to one or more of the six characters (three men and three women).The series is mostly light and humorous with some occasional serious tones. Fortunately, the series is so deftly told that it easily transitions from ""comedy"" to ""drama"" without batting an eye.As anyone knows, dating and relationships can be fun and exciting when they begin, but soon grow into frustration and turmoil the longer they go on. As one character points out, ""Relationships are like wars. Easy to start. Difficult to end.""The series is filmed like ""The Office"" in which a small documentary team follows the characters around and asking questions such as, ""Is it possible to have a positive break-up?"" or ""What does the word ""first"" mean to you?"" The answers are often compelling as well as humorous.The characters begin to realize some deep truths regarding relationships. Most people enter them to prevent lonelines or because they don't like themselves, and they expect someone else to fill in the ""gaps"" and ""holes"" that they feel are dotting the landscape of their lives. Of course, entering into relationships for these reasons means that the relationship is already doomed to fail. Why? Because unless you love your Self first, you cannot possibly share what you do not have with someone else. And the other person soon realizes how unfair it is to be pressured into being the sole source of happiness for someone else.To be in a relationship means to accept your partner as they are. Eun Oh Lee makes a truly provocative and wise request to Jae Won. ""Can you accept me for who I am? I'm a mess, and I have a long way to go before I find myself."" Acceptance and awareness of dysfunction is probably the ultimate key to having a successful relationship. After all, relationships aren't about filling gaps and holes. They are about sharing. And ultimate sharing cannot be experienced until absolute vulnerability is attained.The series is masterfully done, and the actors expertly handle their characters like prime jockeys handling their horses. They bring tears and laughter to a subject that has befuddled nearly every person in every culture since the beginning of time.I have seen more and more of these types of series coming out of Korea where the writers are virtually crying out, ""Let people be who they are! Stop trying to control everyone and everything!""Along with the characters, you'll likely find yourself sharing in their laughter, fun, and frustration as Korea continues to churn out the best shows in the world, in my opinion."
17,도시남녀의사랑법,"Jichangwook and Kimjiwon deserves an award for a superb, excellent, solid power acting in episode8 of LOVESTRUCK IN THE CITY."
18,도시남녀의사랑법,It's a beautiful video. It's an interesting story. Ji Chang-wook has excellent acting skills.
19,도시남녀의사랑법,I love the 1st Episode... Looking forward to the next episode which is today Christmas day. Merry Christmas #JCWisLove
20,도시남녀의사랑법,"I really loved how the show broke the fourth wall. It included a lot of standard Rom Com tropes, and the cast were excellent in that situation, but it also did a really nice job of being meta about the whole setup. I also liked that they didn't try and imply that otherwise perfectly healthy and successful twentysomethings wouldn't have a physical relationship. It was a pleasure to live in their world for the short time the show ran. Give it a go!"
21,도시남녀의사랑법,"The drama is perfect with every single aspect. It's shorter than other kdramas and it uses it as an absolute advantage. Yet it delivers the character portraits so well. It makes you feel different sorts of emotions in only one episode like a crazy ride! And interview format makes you know them even more. It's cinematogrophically beautiful, actings are superb, story is so beautiful and makes you curious. It's already one of the best dramas. And it's so revolutionary and new with it's format. It's definitely a YES to watch. One of the best!!!"
22,도시남녀의사랑법,"This is a light, breezy and fun romance. The format is fresh and the acting by the lead pair is great ( especiallyJCW). The supporting cast is great too. The 30 minute timespan enables the story to move fast and keep the audience interested throughout the running time. I think it's a must watch."
23,도시남녀의사랑법,"As I'm writing this, the series finale is yet to air. With what I've seen so far though, I have high hopes that I'm sure will be met. I absolutely love this drama!The plot is a very interesting take on modern romantic relationships. It addresses topics that are usually avoided in most Korean dramas (casual sex, cohabitation, etc.) and does so tastefully. The individual characters are woven into couples and friendships with ease, and each relationship dynamic fills you with warmth. The show does a great job of making every character vulnerable and endearing. You see them at their worsts and their bests; you can't help but feel invested in their happy endings.The direction and camera work is top notch. The shots are beautifully done and the background music does not overwhelm. I really enjoyed that in some scenes, background silence is used to an almost deafening level; it serves to height anticipation and nervousness appropriately.""Lovestruck in the City"" does something fresh with how it conducts the show: In between flashbacks, we follow the characters in a series of interviews where they voice their sides of the story. The comic elements are expertly handled, never breaking the flow.This definitely satisfies the long wait for Ji Chang Wook's comeback to romantic comedies."
24,도시남녀의사랑법,"I just binged watched this series and I'm delighted. This is not the typical Korean drama. It's fresh, modern and with real love stories. The acting is great, specially the male lead making you feel all sort of emotions from joy to sadness and rage. It's was like watching a documentary of his real life. What a trip!The 6 main characters are fantastic and well acted. You can identify with their stories. The cinematography is astounding. So beautiful sceneries that make you want to visit Korea.I can't recommend enough this series. A must watch!"
25,도시남녀의사랑법,"Korean Drama "" Lovestruck in the city "" has interesting cinematography and a slice of life story, with a realistic spin on the love stories.The drama presents the story through the form of a documentary, where the characters are being interviewed about their love lives and their views on love. This format was original and interesting, but it did get tiring after a while. Fortunately, they lessen up the interview time after the first half.The highlight of the drama is also the love stories that it presented, even though the main one got most of the screening time. It was cleverly presented, with smooth twists that kept the mystery of what happened for a while. The first part of it, where the audience gets to see the beginning of the main relationship, was probably the best part, with a youthful and summery vibe.Also, the performances were really good from everyone in the cast. The soundtrack was spot on as well.However, this drama needs to have a second season, as the last episode left a lot of things unfinished and, in fact, opened up new storylines.So, overall, seven out of ten."
26,도시남녀의사랑법,"I was skeptical about this one because honestly I lost interest in k dramas. However since i have nothing to do I gave this a chance. It was uninteresting first due to the format. The interview kind format was difficult to connect with. However after 3 - 4 episodes interview part was decreasing and connection with entire cast were formed. I could enjoy after the connection among main characters were established. The most thing I liked was the friendship among the 4 characters. Over all I liked this one but I disappointed that they didn't show the old version of heroine which was very essential. Since its netflix show we could see more than one or two kisses and sexual tension between main characters, it was satisfying."
27,도시남녀의사랑법,"I have liked Ji Chang-Wook and Kim Ji-Won in other Korean dramas and they do not disappoint here, giving us a romantic couple you care about. The other characters also make an important contribution to the story.Initially I found the docu-drama format overly affected and almost did not get around to watching episode 2. But I am glad I stuck with it, as either I got used to it, or the makers gradually limited the use of this device to moments where it actually contributed. I even found moments where I could appreciate that depth had been added in this way.The final episode is a bit unnecessary as it focuses on another couple entirely, although their story is nice enough in itself. With different editing we could have had a final episode where all of the main storylines reach their climax, leaving a stronger impression on the memory."
28,도시남녀의사랑법,"What I really appreciate about this mini series is the delicate cinematography. There are moments where the scene is so realistic and intimate, intense, that you almost feel like watching someone else's private life, but not in an uncomfortable way. The drama is realistic and very relatable, never over the top with the comedy/tragedy and without the usual clichés of a kdrama. This is a show you must pay attention to, not the kind you can have keep going on tv whilst making popcorn. The details are important, we have a delicate approach to themes like timing, couple's different points of view and goals, priorities and all those little things usually seen like ridiculous in movies but actually of impact in real life. This is fun, yes, but also very touching; it makes you think about how fragile love, people and relationships are in general, in both good and bad context. The harmony between funny and serious moments is good, and the interview format makes it unique, it allows us to know how the characters are feeling, the frustration, anger, joy. The acting was strong, almost impressive in some scenes. I was a bit disappointed about the ending, at first I didn't understand why ep 17 was so fast paced and all, but I realized soon the symbolism of this chioce. I know people will complain about it for various reasons but I appreciate the realism in it.Worth watching for sure!"
29,도시남녀의사랑법,"I finally watched this after putting it off for a while. First of all, the cinematography is just so beautiful and well done I think the plot was a second thought to me. But regardless, it's a nice fluffy drama and even though most of the choices of the main characters don't make sense,I just loved how well directed it is. Just gorgeous color palettes all over and the leads are cute so I didn't mind the somewhat stupid plot. Again proves how important cinematography is and kdramas are really stepping it up."
30,도시남녀의사랑법,This show is so amazing. It is realistically beautiful. You will connect with it from the very first episode and hooked on to it.Beautifully played by the actors and actress. I really like it.
31,도시남녀의사랑법,"One of the best series I've ever watched in respect of cinematography and performance is Lovestruck in the City.
Actually, I started watching it just for its marvelous and magnificent cinematography but then I was intrigued by its different story, lovely plot, majestic sceneries, sunny beaches, good character development, glamorous songs (especially the one from 'BeetleJuice'), fascinating patterns of cloths and finally phenomenal performance of the lead male role, Ji Chang-wook. I've never watched his dramas before because I didn't find him impressive and he seemed so shallow to me. But after watching this series my idea changed dramatically. At times, I feel that he is not merely playing his role but rather living it really. I don't know if it's in his nature to be like this or he really had some feelings for his co-star; either way, the chemistry that he showed was the one we hardly ever observe in Kdramas. During the whole series he seemed as if he was feeling the joy, despair and frustration of his character in actuality- for eg. Ep04, 08 & 13. I am stunned by his impeccable and intense portrayal of a noble man in love.
Although Kim Ji-won did not share the same chemistry as she did in 'Descendants of the Sun (2016)' with her co-star, yet I quite like the way she performed her daring role, especially in sad, angry and serious scenes. I didn't get the same love from her that I got from Ji Chang-wook. However, if she wasn't the main female role, I wouldn't watch this drama for anyone else. It seems among all those who have co-stared Ji Chang-wook so far, she is the most perfect match; because she made him perform remarkably.
Apart from few scenes of nudity in ep02 which I don't endorse, I recommend the rest of the drama to anyone."
32,도시남녀의사랑법,"Love this show! The shooting style is a bit different, unusual for Korean dramas (at least the ones I've seen so far) as it has a documentary / suspension of belief / breaking the fourth wall moments. Although this format may not be to everyone's taste, I find it refreshing and think it works well.
The unraveling of the characters' stories is quite fun to witness, but finding out more about them, their thoughts, views of life, love and relationships even more so. Their reactions are so much fun. These characters are wonderfully real and layered. Acting is superb. I wholeheartedly recommend Lovestruck in the City."
33,도시남녀의사랑법,"They started out with such fresh, novel storylines that could've been taken towards deep, insightful storytelling. I was hooked by the leads' chemistry and the breathtaking views too.
Oh but the ending ! I'm sure they got confused as to how they should end and put a haphazard episode 16 and 17 together that picked up all the initial excitement, chemistry etc and threw it out the window. Very frustrating.
The script for epi 17 seems to be so full of blanks, they introduced a new nowhere story leading nowhere in it, and finished a seemingly healthy existing one without proper rationale.
Such a waste man.
Reminds you of GoT."
34,도시남녀의사랑법,"First of all, let me start by saying I'm not a review type of guy. This drama has made me into one and that is saying something. The format is refreshing and completely new to me. Following six people simultaneously while they figure out the twists and turns of life is exhilarating in a comforting and non rushed kind of way. The story itself feels raw and honest, like you can dive into this world without having to be some kind of way. I think this story has something to offer for everyone and I think it can teach people about the different aspects of love and relationships. It taught me to be hopeful, joyful, serious, conscious and so much more. Definitely worth the watch, you won't regret it!"
35,도시남녀의사랑법,This started off well I really enjoyed the first two episodes and then it went downhill fast and turned into a typical k drama the episodes just got more and more boring the last episode was saved by the long term relationship couple breaking up after his betrayal of lying about what she did as a living you could feel how upset she was the main leads were really pathetic and I really didn't care what happened to the other cast members there is a special episode 17 about the two police men but I can't be bothered to watch don't waste your time on this one
36,도시남녀의사랑법,Awesome.cant wait to see rest of episodes.love you JCW😘😍
37,도시남녀의사랑법,Ruined at the climax . Not upto to the level of ji chang-wook's other k-drama's . Slightly disappointed with the climax but still it's a good entertainer.
38,도시남녀의사랑법,"It was an amazing series, but I didn't understand why they added the last episode,!! It seems like from another story and new love story ends in one episode 😅"
39,도시남녀의사랑법,This web series is the most exciting web series I've ever watch. The format is unique and the content is bery relatable.
40,도시남녀의사랑법,This drama is quite different. With different storyline.
41,도시남녀의사랑법,"This series is very simple but very relatable in real life. The mockumentary format is very refreshing. I love the storyline, the cinematography and most especially the chemistry of the leads especially Kim Ji Won and Ji Chang Wook. They made me blush with all their sweetest scenes as well cry in their most painful moments. It was just actually normal moments of couple but they made every moment very dreamy and super special. I was a love cynic before but after watching Lovestruck I am not anymore. This drama changed my prespective about romantic love. It was life changing. I need Season 2 with them. It is a must watch."
42,도시남녀의사랑법,"Such a wasting time watching this drama, try to survive from the 1st episode till 5th but got nothing"
43,도시남녀의사랑법,"I could not rate it less than an 8 because of Wookie's really wonderful performance in this series!!but the series itself is so hit and miss. It should be a real winner but the whole mocumentary device is a flop and the fact that I can't remember one track from the ost is another! But the two leads are fab, and the support cast too! Many interesting themes that aren't explored enough!! It's worth the watch ... not sure about ep 17."
44,도시남녀의사랑법,"Incredible performances from Jichangwook and Kim Jiwon showing how brilliant this series has been at both being wickedly funny and devastating poignant yet giving powerful love and life lessons of finding one's true self, the meaning of true love, self-worth and acceptance and much more. Definitely worth your time 💯"
45,도시남녀의사랑법,"Finally, something different.What I like most about this drama is that it's a realistic depiction of relationships in today's 21st century. Yes, people can, and will sleep with each other in the early stages of a relationship. I'm so sick of watching other k-dramas that treat 30yr old adults like they're 13yrs old kids who have never been kissed before (or freezes during a kiss) let alone any other intimate activities. (In saying that, the last episode does ruin it by doing exactly that!)
This drama is refreshing in the sense that it's not your typical love story romance and the filming is unique because it's done in an interview-style manner. I found this strange at first and it was hard to catch on but keep watching and you'll find it all comes together and the storyline becomes riveting.The lead actor is gorgeous. I thoroughly enjoyed his acting and looks. I will watch out for more work from Ji Chang Wook. All supporting actors and actresses were also very good and created a perfect dynamic. I just found the cop and actress love story introduced in the last episode absolutely useless. They could do without those scenes.Overall, I recommend this drama if you've watched a lot of k-dramas and looking for different. This is a new style, new age, and refreshing alternative to what you'd normally see."
46,도시남녀의사랑법,"I have waited for this drama as a fan of the leading actor. However, unlike other romantic Korean dramas, I could not get into this one at all. OK, they fall in love, but with no reason. They flirt, they show off how much they love each other, but the girl can leave so easily. Does she really feel love to him? Then there are too many ""so what?"" kind of irrelevant boring scenes. The story itself is lame and sucks, the organization and the presentation are bad. Waste of gorgeous actors and actresses."
47,도시남녀의사랑법,"The character of Park Jae Won reminds me so much of myself, that is the main reason i loved this kdrama. He is an incredible actor, and he's done so well in this show. But everything else was chaotic, too much, i couldn't keep up with all the stories.And what was the point of the last episode with new characters? I just don't get it.Not good but not bad."
48,도시남녀의사랑법,"I have watched it twice now. I came across this show trying to find what Netflix had of Ji Chang-Wook. I absolutely loved this show and even more my heartbeat Ji Chang-Wook. The scene where he's drunk and thinks he's hallucinating while talking with her was top notch. He's an amazing actor and lead actress as well.This actor fills me with every emotion, first I laugh in all of his kdrama series and he expresses all emotions well, funny, love and passion, anger etc. He is absolutely amazing."
49,도시남녀의사랑법,The first episode is dead boring. I can't stand the characters speaking directly to the audience as if they are being interviewed or recording a journal. I will give it a second chance by watching episode 2 only because I want to support Ryu Kyung-soo.
50,도시남녀의사랑법,"This is JCW 3rd Korean series project after coming out of the military. I trying to jump on the bandwagon but his project choices are the worst. This completely boring. Taking a cue from Modern Family using the docu-drama style, this one is totally boring. In Modern Family the technique successfully propel the story, this is the opposite as it blocks a better story telling. The technique does not goes well with the short forward. JCW's performance is very calculated and the leads fail to summon a romantic vibe. People find it very boring. Proof? It is flopping hard in the Netflix chart. A lot of territories already dropped it from its top 10 as early as the second episode. It's a drama that only the fan girls and fan boys can appreciate and proclaim it a 10. THE PUBLIC HAS SPOKEN."
51,도시남녀의사랑법,"I hope this drama will continue and make season 2 in the future. With the same main character, Ji Chang-Wook and Kim Ji-Won. Because in Season 1 their story only imagines what they used to be. Meanwhile, the current scene rarely appears. Thank you"
52,도시남녀의사랑법,"I loved the ""documentary"" method of telling the story.As an American, I appreciated the more realistic portrayal of adult relationships compared to the usual K-drama approach of lots of one-sided peck-kisses where the recipient freezes with their eyes wide open.Aside from that, there were lots of laughs and I was impressed with Ji Chang Wook's acting. The character was quite different than the ones he has portrayed in action dramss like Healer and The K2.The female lead was good, but her character was frustrating and sort of immature, so I gave it 9 instead of 10 stars.Overall, it was a good series and definitely recommended."
53,도시남녀의사랑법,"Its refreshing to see a kdrama that explores the struggles of urban dating. The characters feel authentic and flawed - the acting, cast and OST is brilliant.This is show is underrated and deserves recognition for trying something new."
54,도시남녀의사랑법,"A very well paced slice of life drama or any genre is rare in the Korean industry, usually they try to meet the 1 hour mark and that can make the episodes so dull and stretched out.Lovestruck in the City leaves your heart aching for a love that could come even a little close to this, from romantic scenes on a beach, strings of fairy lights, vintage cameras and an architects beautiful home in Seoul, I can honestly say I wish I lived in that world.The leads acted extremely well and you couldn't predict what was going to happen next as you tend to be pretty occupied with yearning for a love like theirs. It was peppered with just the right amount of comedy and was a very good watch."
55,도시남녀의사랑법,"I was excited as it was ji changwook drama and waited with anticipation.But the drama is very boring and dragging.A very dissappointing drama again from ji changwook.The story is unrealistic with the male lead running behind the female lead with no dignity,even after he is dumped and the female lead does not even feel bad for hurting the male lead and they just get back together.Other couples were not given enough role.They concentrated on the leads and dragged the drama.The photography was good."
56,도시남녀의사랑법,"The kdrama is different and unlike many kdrama it feels fresh and new. This kdrama is not the usual uwu love story, rather a mature, realistic and coincidental. The makers of the show have tried to make the audience feel like they are seeing a real life stories of the characters and they have done in a nice way. The interview might seem confusing and annoying, the story might not be realistic for many people and I totally don't mind the opinions of the people who hated this kdrama."
57,도시남녀의사랑법,"K-dramas tend ro be very mellow, although some are truly sad ones.This was fresh, funny, heart breaking.But they keep on using actors pretending that they are way younger than there are.But still, a good one."
58,도시남녀의사랑법,"Drama started off well but I think they ran out of topics or clarity on how they needed to follow through on the plot. A lot of hanging topics , and the season finale was extremely strange. Half of the time was on an actress and the police officer, totally a new subplot. Felt like I wasted my time and was bought it to something that was nothing!"
59,도시남녀의사랑법,I watched it only because of ji chang wook and I didn't expect that this would be a normal routine and boring movie unlike his other movies. I couldn't stand it until 4 episodes. If you want something special don't watch it
60,도시남녀의사랑법,The drawa shows the realistic point of view. Its different from others and you will love it as it moves on.
61,도시남녀의사랑법,"Sehr gut gespielt! Bravo! Die Darstellung des Hauptdarstellers ist eine der besten, die ich in letzter Zeit gesehen habe. Ganz nah an der alltäglichen Realität."
62,도시남녀의사랑법,"✅ incredible execution w/ storytelling medium
✅ near flawless performance by ensemble w/ off the charts chemistry
✅ script has meat/substance, is tight, gutsy, and crazy charming
✅ characters are ROUNDED out and wonderfully idiosyncraticonly flaw was the directorial decision to feature a newer couple towards the end. Somewhat killed the momentum of an otherwise EPIC BALLAD OF A SERIES."
63,도시남녀의사랑법,It's storyline is very unique and realistic. Someone can get a lots of positive massages in this drama. Acting skills of all main leads are good. One can easily relate this drama with her surronding stories. 😍
64,도시남녀의사랑법," new take on KD
"
65,도시남녀의사랑법," Aesthetic!!
"
66,도시남녀의사랑법," A refreshing new format of drama
"
67,도시남녀의사랑법," New Format and Fresh!!
"
68,도시남녀의사랑법," Ratings, we don't need no stinking ratings
"
69,도시남녀의사랑법," 10/10 for the rating
"
70,도시남녀의사랑법," Captivating format and ever amazing Ji Chang Wook!!!
"
71,도시남녀의사랑법," Ji Chang Wook proved his brilliance yet again!
"
72,도시남녀의사랑법," Great show
"
73,도시남녀의사랑법," A must watch drama.
"
74,도시남녀의사랑법," Love is supposed to be crazy
"
75,도시남녀의사랑법," I thought this was a rom-com...
"
76,도시남녀의사랑법," It is Good! Not your typical K-Drama!
"
77,도시남녀의사랑법," Something Different
"
78,도시남녀의사랑법," Totally unexpected!
"
79,도시남녀의사랑법," A refreshing drama
"
80,도시남녀의사랑법," Fun and Frustration of Dating and Relationships
"
81,도시남녀의사랑법," A must watch LOVESTRUCK IN THE CITY
"
82,도시남녀의사랑법," beautiful drama
"
83,도시남녀의사랑법," 1st Episode is thimbs up
"
84,도시남녀의사랑법," More please
"
85,도시남녀의사랑법," One of the best! Fresh! Different! Superb!
"
86,도시남녀의사랑법," A must watch
"
87,도시남녀의사랑법," Easily a part of my all time favorites!
"
88,도시남녀의사랑법," Beautiful, fun series
"
89,도시남녀의사랑법," Good Enough
"
90,도시남녀의사랑법," Different from usual Kdramas
"
91,도시남녀의사랑법," Nice!
"
92,도시남녀의사랑법," Realistic and delicate, good cinematography and acting
"
93,도시남녀의사랑법," Beautiful cinematography
"
94,도시남녀의사랑법," The Good & Fresh Vibe Show
"
95,도시남녀의사랑법," astonishing cinematography, no usual cliché, absorbing story & amazing performance
"
96,도시남녀의사랑법," Fun and real
"
97,도시남녀의사랑법," GoT level disappointing finish after an intriguing start
"
98,도시남녀의사랑법," Real, refreshing, down to earth. Everything you need from a solid K-drama
"
99,도시남녀의사랑법," Not good
"
100,도시남녀의사랑법," Superb
"
101,도시남녀의사랑법," Good entertainer
"
102,도시남녀의사랑법," Love it except the last episode
"
103,도시남녀의사랑법," Eichen Ji Mini-Review
"
104,도시남녀의사랑법," Best drama ever
"
105,도시남녀의사랑법," Chef's Kiss Acting Performance!
"
106,도시남녀의사랑법," boring
"
107,도시남녀의사랑법," Worth watching for sure
"
108,도시남녀의사랑법," A must-watch 🏆
"
109,도시남녀의사랑법," A refreshing drama
"
110,도시남녀의사랑법," No expectations, uplifting, laughs, cries, heartaches, conviction
"
111,도시남녀의사랑법," Love it but chaotic
"
112,도시남녀의사랑법," I am Head Over Heals In Love with Ji Chang-Wook
"
113,도시남녀의사랑법," First episode is dead-boring
"
114,도시남녀의사랑법," Waste of Time--flop SERIES.
"
115,도시남녀의사랑법," Please Season 2.
"
116,도시남녀의사랑법," Funny and engaging. Worth watching
"
117,도시남녀의사랑법," Mature and fresh
"
118,도시남녀의사랑법," a love worth dying for?
"
119,도시남녀의사랑법," UNREALISTIC AND BORING
"
120,도시남녀의사랑법," I know why people hated it
"
121,도시남녀의사랑법," New
"
122,도시남녀의사랑법," Good start, bad finish
"
123,도시남녀의사랑법," So boring
"
124,도시남녀의사랑법," Fantastic and Realistic
"
125,도시남녀의사랑법," 10/10
"
126,도시남녀의사랑법," near perfect. disregard all misjudgments made on this review feed.
"
127,도시남녀의사랑법," Realistic
"
