,title,review
0,동백꽃필무렵,"Oh Dong-baek (Gong Hyo-Jin) has always considered her life to be unlucky. Most people would consider single motherhood to be the unlucky part of her life but Dongbaek considers her son, Kang Pil-gu to be one of the few happy events of her life. Dongbaek opens a bar named Camellia in the small fictitious town called Ongsan. Being very beautiful and sweet Dongbaek quickly has many male regular customers who hope she is selling more than alcohol. The attention Dongbaek gets for her beauty makes the women of the town jealous and initially sets them against her. Despite the hardships created from being an outcast, Dongbaek manages to run her business successfully. Though not a place he would normally go one of the town sons and a very eligible bachelor, Hwang Yong-sik (Kang Ha-neul) reluctantly visits the Camellia with his work colleagues and falls in love at first sight with Dongbaek. He starts to frequent the Camellia to be near Dongbaek. Dongbaek is too busy raising her young son to give any thoughts to romance and the sometimes awkward but kind and gentle Yong-sik is not her normal type. Yong-ski is slowly winning his way into the hearts of mother and son when Pil-gu's father shows up, does the math, and realizes that Pil-gu is his son. Dongbaek had been secretly wishing her ex boyfriend, now a wealthy baseball star, would find her. Kang Jon-ryul is surprised to discover that the girl he never quit loving gave birth to his son and vows to win her back over and gain a spot in his son's life. Can the love that died be rekindled or is this new love what Dongbaek and her son need? Amidst this love triangle is a serial killer who went dormant for a time but is back determined to kill the one living witness Dongbaek. The mother who abandoned Dongbaek as a child suddenly reappears. And Yong-ski's motherwho was formerly Donbaek's one friend and ally becomes her anti-fan when she learns of her son's romantic interest. Pil-gu is also not keen on sharing his mother with any other man whether it be the biological father he just discovered or Yong-ski, the local police officer who is his mom's best defense against the serial killer who wants her dead. Which love can overcome all obstacles?I really liked this series. Gong Hyo-jin is a very talented actress and I have enjoyed her performances in ""Master's Sun"" and ""It's okay That's Love"" to name a few. The young actor stold the show multiple times with his vigorous defense of his mom. I loved Yong-sik he was everything a nice man should be. I enjoyed seeing Hyo-jin's life improve and flourish as she gained friends and experienced love. Trying to solve the mystery of who ""The Joker"" serial killer was added a very exciting element. I loved how the community was cautious of outsiders but had each other's backs. It was entertaining and heartwarming. There were some sad moments but the balance was happy. It ended well wrapped up and happily. Highly recommend this one."
1,동백꽃필무렵,"They **** you up your mum & dad as Phillip Larkin says. The story of Dongbaek and her 8 year old son, she was deserted as a child by her single mother and carries a lot of baggage and insecurities. There is a side story of a serial killer but the main focus of the series is the struggles of Dongbaek and how people can be so cruel about how they perceive others. It is well acted and I have to mention just how good the son is played. Their is also a character who is a social media star and the cruelty of trolls is touched upon. The main love interest comes from a policeman who is not very smart but carries his heart on his sleeve. A beautiful touching story which should remind us all not to judge others until we have walked a mile in their shoes."
2,동백꽃필무렵,"First of all, I cannot rave enough about the acting. The casting for this show seems just perfect and everyone, from the main characters to those with smaller parts, truly bring this story to life. Some may feel that this is just a regurgitation of same story about a socially stigmatized single mother trying to raise her son the best way she knows how in a rural setting and finding love along the way. However, the rich character development and great acting make it seem like something original. Rather than trying to grab the audience's attention with fast-paced action and shock element, just for the sake of shocking, the story builds interest through empathy. I would highly recommend this to anyone interested in taking a glimpse into the lives of these fascinating characters and becoming immersed in their daily lives; sometimes exciting, sometimes mundane, like real life."
3,동백꽃필무렵,""" When the camelia blooms "" was a nice blend of slice of life and mystery.The drama had, first of all, great performances, especially from the three main actors and actress. The characters were pretty interesting too. Another thing that worked for them was the mystery. Although the episode before the last on seemed like it had wrapped up everything, the last one was pretty intense and had a nice, unpredictable twist. The romance, in addition, was good at first, but, honestly, it got a bit boring towards the ending. But the family drama was just right.So, overall, eight out of ten."
4,동백꽃필무렵,"I can't emphasize enough how I love and annoyed at Kang Haneul's character. I think he delivered it perfectly and the role suits him well. I also like all the supporting characters especially the landlord and the lawyer. The acting of the child and the mothers are awesome. The location is perfect for the neighborhood ahjummas. However, the story is slow-paced, Hyang mis acting is nah and I sometimes don't like the acting of the female lead or sometimes I like it, hard to tell. I liked it but not that much."
5,동백꽃필무렵,"Oh wow, at first I was surprised it won over CLOY at the 56th Baeksang Arts Awards (Oscars/Emmys of Korea) but now that I've seen it, I can genuinely say that When the Camellia Blooms truly deserved the 4 Awards out of its 8 nominations. I guess what made it stand out from the rest of the kdramas is its great and realistic screenplay. Glad to have watched this amazing drama."
6,동백꽃필무렵,"Great show with a great story and cast. I've never seen a show like this one before. in that it was mostly drama and comedy with just a splash of intense chilling suspense. I found it very odd to watch a show that made me laugh and cry most of the time, but then occasionally remind be that I should be terrified. But I ended up loving it to the very end. The supporting characters were especially lovable, even more so than the main ones!"
7,동백꽃필무렵,"I think that this drama is hilarious, warm. The plot might be simple but it does show to us what people nowadays think about single mother. How sad the reality is :( This drama tells us that status is doesn't matter. You can have a dream, you can fall in love. Age, status doesn't matter. Those actors actually nailed it! Kang Haneul delivered the characters so well, same goes to the kid. He acts really well! I'm totally amazed!"
8,동백꽃필무렵,I love it and recommend to all who want to see some simple old school romance
9,동백꽃필무렵,"Been addicted to tv.
And am an Aussie who strains the eyes to read the scripts.
This one is up there.
Well casted , well produced and I wish Aus or USA or UK tv producers had the talent Koreans have"
10,동백꽃필무렵,"The best thing about this show is the care given to each of the many characters so that they all are quite sympathetic, even side characters like the mother, the part timer kleptomaniac and the baseball player biological father. The supporting characters have interesting back stories. The killer mystery is involving till the end and isn't that predictable. Some top notch acting here. KHN succeeds in making his impulsive policeman character likeable when he could have easily been annoying by overacting. The leading lady Go doesn't look too old for him
even though she is older in real life. The child actor playing the son Pil Gu gives a touching performance. Mr No is played expertly by Oh Jung Se.For the 2019/20 shows, this one isn't as perfect as Crash Landing by any means. Some scenes are unnecessary and repetitive and there is a lot of crying and exaggerated emotional scenes. The backwards forwards thing slows things down. But it kept me interested for most of the 20 episodes.
One of the better K dramas of the last few years."
11,동백꽃필무렵,"The story is a mixture of comedy, romance, crime and thriller. The story overall is super good and the series was well acted. The lead actor Kang Ha-Neul, in my opinion, is the star of this series. He never ceases to create super funny moments throughout the whole series. The series also deal with social issues such age between couples and the single parents with children. It's really alarming to see people measure the happiness of couples on the basis of whether they have a child or not. The ending of this series had an element to it that was unexpected and I can say it was perfection."
12,동백꽃필무렵,"Motherhood, fatherhood, childhood, love, sacrifices, humility, kindness, simplicity, crime solving, good music, good acting, lovely elderly characters, social media addiction, lack of money and much more you will find in this slow pace but very good story. Give it a try. A special mention to the acting of Kang Ha Neul awarded best actor of 2019 in this drama😍"
13,동백꽃필무렵,Could have been better if the screenwriting were to be nundged a little inorder to make the viewer little less frustrated.
14,동백꽃필무렵,"Beautiful story, I have loved every minute of the story. The characters are very loveable and the story is one of a kind. For me the best story I have been seeing so far."
15,동백꽃필무렵,"Is this a romance, or an exploration of parent child relationships?It's both. It's actually more the latter.There's loss, longing, loneliness, laughter, and love. There's also some scary tension mixed in for good measure.The neighborhood is a character just on it's own. What they've put in front of us is so charming.Good directing, good acting, good writing, and a good soundtrack all come together beautifully, like Donbaek's pork stir-fry.The romance between the two leads is sweet.The mystery surrounding the murders is also handled very well. Many of the character arcs are satisfying. Dongbaek is uncomfortably cringey in the first few episodes. Watching her develop....and bloom..... is a treat.I'll add that I've become a big fan of Lee Jeong Eun, Dongbaek' mom, in WTCB. She's a stellar talent.This show is 95% excellent. Here's a couple unimportant nitpicks:
>It doesn't quite make sense to open a restaurant/bar because you can make one good dish.....no big matter.>It would have been fun too see Young Shik catch a few more criminals, but it is understandable that one case started to consume all of his time.>I wasn't pleased with the treatment of Jong Ryul. It seemed more severe than he deserved. He truly cares for Dongbaek. He never had a chance to know his son. He made mistakes when he was immature, and has since grown up, also. The reason for the break-up, and her attitude toward him, is less in focus than other plot lines. I'm glad they didn't make him a cartoonish bad guy, though. That's a played out stereotype.>The efforts to catch the Joker had some holes, or flaws. Some things that should have obviously been done were not, mostly to maintain the plot.There are some other minor deficiencies, but this is not meant to be a comprehensive list.Any criticisms are easily overlooked due to the overall excellence of the show. So grab the peanuts and Soju and enjoy your stay in Ongsan.My Favorite Quote:
""I scratched on cement that hasn't hardened."" (Meaning that since he's a kid it will mark him, hurt him, and stay with him for life.IMHO...
🎬8 🤔7 🎭8 🦋6 💓 8.Suggested Age 14& up."
16,동백꽃필무렵,"It is a drama that attempts to do it all... And succeeds!!!Romance, Comedy, Suspense, Mystery, Crime. Yet although it has an endearingly warm and fuzzy quality, it can be like a horror film because it's so shocking!The actors & actress are dynamic and perfectly fitted for their roles. Relatives in the story even greatly resemble each other, so there was obviously great consideration when casting parts.My only issue isn't with the show but with the translated captions. They seem to take liberties at time instead of being a direct translation of what the character says. It becomes clear as such for instance when the caption may say someone's name, but the character instead uses a term of endearment or title to address them instead, or make an uncanny reference such as ""Judge Judy"". Maybe it's so western audiences understand it better, but it irks me a little because I can tell it isn't exactly right."
17,동백꽃필무렵,"I really wanted to like this but the female lead is so annoying I'm really fed up with k dramas where the girl is a pushover that lets people walk all over her and backs down all the time seeing as she's a single mum she should have toughened up a bit and the parents attitude towards her are in western eyes Quite frankly ridiculous with one mother calling her a ""load of germs"" what !! Even by Asian standards that's absurd the male lead is good as the simple and nice guy but even that got a bit wearing after a few episodes it's obvious who the joker is and why is there always a stupid wannabe official guy in these dramas no adult acts like that in real life like a demented toddler having a tantrum not getting its way not sure I want to keep watching I loved both leads in other dramas it's a shame really"
18,동백꽃필무렵,It is a slow-burn drama but it builds up after a couple of episodes and it gets better and better towards the end. I love the story about single mothers and the camaraderie between neighbors. They tackled a lot of social issues which is very relevant now. Good scriptwriting and the setting was also beautiful. Plus the man with a drone was the best! No wonder they won a lot of awards.
19,동백꽃필무렵,"The main problem with the show is the premise itself. Gong Hyo-jin was unbearable as the timid single mother, and sometimes even comes off as a green tea b*tch. The premise causes her to behave like this at least once every episode, as if she's some shy, innocent little girl, and not a single mother. It just doesn't work, and it's not an attractive personality trait.Some storylines on the side were fun to watch, such as Oh Jung-se as wannabe politician No Gyu-tae. His scenes were fun to watch. Yeom Hye-ran also did a good job as his wife. They had good chemistry.I don't think Son Dam-bi (Hyang-mi) was as bad as others commented, although her storyline was ultimately quite useless and just there to support a different plot point. Her acting was fine.One of my favorite actresses, Kim Sun-young, only had a small part but her scenes with the rest of ladies from the alley were fun as well. Reminded me a little of her scenes in Crash landing on you.Another standard good performance from Jeon Bae-soo as well. Fun to watch any scenes he's in.You'll notice I barely touched on the murder plot. This is because it's fairly trivial, like an after thought and not particularly engaging.Overall 5/10. Relatively good cast let down by weak story, and one unbearable character."
20,동백꽃필무렵,"One of the worst drama I had watched in 2020. Totally nonsense and rubbish no logic. All scenes can be predicted and non tense as director had failed to proven. Why it was voted in awards, Korean are still very corrupted in their society and entertainment is one of the worst. So they can bribe through all the way to be number 1.
I tried very hard to watch all the episodes and it took me months to recontinue because this drama is really worst. There are so many far much better quality dramas and I just can bear to withstand this bad drama's torture.
I should say this is similar to Bollywood movie standard in directorship, story, acting, logic,...
A police can act mighty over a rich man with police chief relative? A lawyer wife support enemy instead of her husband? So much crap logic, I wonder what brains are the director and his team.
My advise, dont waste time watch, there are so many dramas and movies so far much better than this crap.
Even the actors acting so bad. especially the main actor."
21,동백꽃필무렵,I love K drama's but this was my first real disappointment. No chemistry between the actors whatsoever. What romance ? To be fair. I did go forward to the end after watching the first two episodes just to know who was the joker. I didn't miss much. So glad I stopped watching. Total waste of My time.
22,동백꽃필무렵,"This is my favorite drama thus far because the characters are not just characters. The writers really did a great job in creating human-like characters, that aren't just surface-level ones. It also requires a lot of speculation which makes this drama a lot more fun to watch. Definitely RECOMMENDED!"
23,동백꽃필무렵,"This was forever on my watch list, but I just kept putting it off. Finally binge watched it in 2 days and loved it! Its a very pleasant, heart warming, at times funny series with a murder and a bit of love triangle thrown in. The lead actors are so brilliant and share quite a nice chemistry too. If you are looking for a light hearted with likeable characters then give this a chance."
24,동백꽃필무렵,"Just started it and its slow but thats okay appears to have a good supporting cast which you have to have for it to be great, the lead lady shouldn't be put out like some drop dead gorgeous girl by Korean standards she average, not bad im looking forward to more."
25,동백꽃필무렵,I watched the series because of the numerous awards it won. I found the first 5 episodes boring but the characters gradually grew on me and I became hooked on the story from episode 6 onwards. Many scenes made me laugh out loud but some scenes moved me to tears too. I am glad I watched to the end.
26,동백꽃필무렵,"This drama is hard to rate. It was refreshing to see a different slice of Korean life beyond the hustle and bustle of Seoul. The acting is mostly very good. Young-sik is my favourite leading male in a K-drama thus far. He's an absolute chaotic weirdo, in the best possible way. However the three things I struggled with the most were:
1. The pacing - there honestly didn't need to be that many episodes. As a result, the series often felt very uneven.
2. The mystery around the Joker - it's a bit anti-climactic and doesn't make a hell of a lot of sense
3. This can probably be chalked up to cultural differences, but the constant labouring over the fact that Dong-Baek is a single mother and *gasp* sells alcohol. You'd think the woman was engaged in organ harvesting for the black market based on the way some of the peripheral characters carried on. It was both hard to watch and, as a point of tension, was overly relied on. We know she's an outcast, we know everyone's favourite hobby is sl*t-shaming Dong-Baek. Maybe if they'd spent less time driving this point home and more time on the Joker element of the narrative, it would be more satisfying.In summary despite a lot of potential, it's mostly good but frustratingly doesn't quite knock it out of the park (baseball reference LOL)."
27,동백꽃필무렵,"I'm learning Korean so try and give these some of these shows that my wife watches a chance but this might just be the worst one yet. I thought Crash Landing on You was corny but this is next level. It's just so unbelievable and simply does not portray life in Korea in any meaningful way. I get what they are trying to do here but the script and the acting is so comical at times, I'm visibly cringing. The concept of the show is good and I think important, but I just don't see how it's in any way relatable. If there are a sizable number of Koreans, or even of other nationalities, that have softened their backwards and antiquated views on single motherhood as a result of this show then I can add some more stars, as that is the most important thing here when we're talking about an otherwise cheesy and borderline unwatchable portrayal of Korean life which simply does not exist."
28,동백꽃필무렵,"There is much to enjoy here. It is easy to root for the two likeable romantic protagonists as they surmount obstacles to their relationship. Their characters do not fit any romantic stereotype so this is sufficiently different to offer something new.Korean dramas often put so much care into rounded portrayals of imperfect people and that is on full display here, allowing you to like even those whose failings cause pain and distress to others.Plus there is a murder suspense element to keep you guessing for much of the series."
29,동백꽃필무렵,"I never understand the hype. For me, this is worst drama ever!! The storyline is super long and boring, even I have skipped some parts cause it is not interesting enough to be 20 episodes and I ended up gave up in episode 12."
30,동백꽃필무렵,"I watched WTCB because I wanted to find out why it outshone CLoY at the Baeksang Awards, and why Kang Ha Neul won best actor.The story of Dong Baek and her 8 year old Pil Gu, with Yong Sik by their side is a mixture of feelings, and it's good to watch a series that doesn't really emphasize on the looks of the actors (like ""What's wrong with secretary kim"" glorifying the looks of park seo joon and park min young (yawn!)).
The story is heard-rendering, sometimes happy, lots of downs for Dong Baek. What is worse, the presence of the mystery murderer Joker, which I think the explanation of his motive of all the killings is too shortlived and under-explained. There was no backstory on how Dong Baek's mother could have another legal daughter, and how Pil Gu adjusted to Yong Sik once again after he left Seoul. And i just loathe how Dong Baek keeps on repeating over and over again how she lived a life as an orphan. Maybe the scriptwriter has run out of lines to write..All in all, WTCB is a delight, but a tad too long and can be quite a bore. 8/10 from me.
(I gave CLoY 10/10 btw)"
31,동백꽃필무렵,"Well made drama with a gripping story and solid acting by a likable cast. The romance, mystery and comic elements make this a delightful watch. Kang Ha-neul as male lead Hwang Yong-sik is outstanding, definitely deserving of the best actor accolades he received for this role."
32,동백꽃필무렵,"Gong Hyo Jin/Dong Baek a solo mother is bringing up her son Kim Kang Hoon/Pil Goo who is now eight years old. She was a witness to a murder by a serial killer five years ago. She was locked into one of those tanning machines and only saw the back of the Killer. The killer has been watching her though now. He has been leaving messages in her bar ""camellia' Also the father of her sone has turn up. He's a big star, He keeps going to the boys baseball practices. So far the boy doesn't know that he's his dad but they have so many similar mannerisms and habits.She is so straight but funny. When she talks to Kang Ha Neul/Hwang Yong Shik about having a warm relationship with him sort of like dating. Then she says that she'll take it back if he cries. So her priority is her son Pil-gu. The her ownership of the Camellia Bar and finally him. His priority should be his mum Mrs Kwak and his job and a Community Police Officer. Then they can hang out as friends or more than friends. Maybe she means friend with benefits. He want her to promise him that they are actually dating. He make her make a pinky promise. He is so happy.That Kim Ji Suk/Kang Jong Ryul has got the look for the wounded sad ex boyfriend who want to rekindle his ties with Gong Hyo Jin/Dong Baek but she's not having any of it. She is happy with her independent life and her new boyfriend Kang Ha Neul/Hwang Yong Shik who wants to give her the world. Kim Ji Suk/Kang Jong Ryul is so frustrated because he is having troubles with his now wife. She want a divorce and he wants to give it to her. Kim Ji Suk/Kang Jong Ryul want to get to know his son. Gong Hyo Jin/Dong Baek would have been rich had she stayed with him because he's a big time celebrity now earning money through many endorsements, advertisement and acting. He also still plays baseball. So he's a big star. I felt sorry for him though when he was talking with her at diner and he was crying and saying that he wanted his son in his life but she hard hearted woman said"" The only child you have is your daughter. I gave birth to my own kid. It's got nothing to do with you."" That must have hit him hard.Looks like her worker Son Dam Bi/Hyang Mi is going to steal the 30 million won that her sons father gave her. She just keeps it in the abalone box in the freezer. She is making lots of enemies but Gong Hyo Jin/Dong Baek loves her and treats her like her family member.Korean use analogy stories to make a point. It very poetic. Our culture Maori do the same thing.Son Dam Bi/Hyang Mi, all the money she has exhorted and stolen she has sent to her brother, Hye-Hoon, who lives in Denmark. It been over 100 million won. He told her not to come. She is such a sad woman who has lived a sad life. She is beautiful now. I sure she could do better. She is feeling sorry for herself now. She's wallowing in self pity. I know that feeling I've been there.That was just the saddest when Kim Kang Hoon/Pil Goo said to his Dad Kim Ji Suk/Kang Jong Ryul. ""I hate you the most in the world now. I will not trade my mom for all the hundreds of toys in the world"". He dumps everything the dad has given him on to the ground. After the dad asked him to come live with him. He thinks his mum is helpless and he has to look after her.I wanted it to keep going even though I can predict what happened I wanted to see it. It is a really great story, romance, thriller, the child's love for his mother and solo parenting.So sad that Gong Hyo Jin/Dong Baek is the only one that cares about Son Dam Bi/Hyang Mi's death not even her brother that she stole all the money for and she sent him all those gifts. She wept over her.This boy Kim Kang Hoon/Pil Goo is just the sweetest kid. Anyone would want him for their son. He is so clever, precocious and he loves his mum so much. He never wants her to ever be hurt. The actor he is an excellent child actor. Poor sad boy leaving his mum because Kang Ha Neul/Hwang Yong Shik's mum said he was a burden to his Mum. Now both him and his mum are crying.Surprise! Surprise! Ending just when we thought everything was going well.That Kang Ha Neul/Hwang Yong Shik is such a sook when it comes to Gong Hyo Jin/Dong Baek. He's crying all the time. It's an awesome kdrama though I loved it."
33,동백꽃필무렵,"For the most part, it was a good 20 episodes. Kang Ha-Neul's character reminded me of Burt Lancaster's happy-go-lucky in The Rose Tattoo.The thriller/serial killer aspect was done well, but the entire Christmas Miracle was a bit ridiculous.It was a good series and the characters are always interesting in South Korean films."
34,동백꽃필무렵,It is a romantic serie and action.and a crime atmosphere. What I find funny is that often the same actors and actresses are used. Oh Jeong-Se always has those special roles. He plays it well. There is also comedy in it. I haven't finished the serie yet. In between you see potential killers. With a statement or object that the killer used. You get a mysterious feeling with many secrets slowly coming to light.
35,동백꽃필무렵,It was boring. Too many sobs and far-fetched tragedies from scratch. The characters' tears seem to have been just endless for a variety of reasons. It is unbearable to look at it. I understand why the show won awards in Korea. But for me it lost out to many other dramas.
36,동백꽃필무렵,"The reason for the 5 star is the lead actress. Such a miserable whinner. Everyone else is blamed for her life. Except herself and that miserable mouth of hers. Calculative, hard hearted misery. Wondering why do many recommended it."
37,동백꽃필무렵,"A story centered on a crime but also showcases different kinds of mom's (single mom, over protective mom, caring mom, greedy mom, mom who left her child, sibling mom, gossipy mom's and wives who can't be mom's) and their own life struggles."
38,동백꽃필무렵,"I've watched a lot of kdramas and I could always point out something about it that I hate. But with this one, I was just SATISFIED!!! I cried, I laughed, I felt all of the emotions. Amazing cast and storyline!!! There is no dull episode! I loved how the series shows you each side of the characters that I wasn't able to hate any of them. After finishing it, I was contented. I'm afraid of watching a new series because this was just too good!!!"
39,동백꽃필무렵,"Acting was subpar frankly and the lead actress was just weird. No chemistry, unnecessarily pulled. Only stuck along for the suspense. Can be passed tbh. Won't recommend."
40,동백꽃필무렵,"Aside from the mystery solving of Joker this show is absolute trash. Korea's way of thinking concerning single mothers, fathers and marriage is completely distorted. This was nothing more than a ""feel good"" show to bash men and drag them down while encouraging women to be ""strong and independent"". Waste of time and money."
41,동백꽃필무렵,"It's full of meaning. It deserve better. The actors are great, the story is great."
42,동백꽃필무렵," Really heartwarming romance amidst the danger of a serial killer
"
43,동백꽃필무렵," This be the verse
"
44,동백꽃필무렵," Solid story line with great acting
"
45,동백꽃필무렵," Good Enough
"
46,동백꽃필무렵," Bumpkin Kang Haneul
"
47,동백꽃필무렵," AMAZING SUSPENSE/THRILLER ROM-COM KDRAMA
"
48,동백꽃필무렵," Unique Show That Breaks New Ground
"
49,동백꽃필무렵," A warm story with talented actors
"
50,동백꽃필무렵," Beautiful series for slice of life
"
51,동백꽃필무렵," Korean tv writers are just so clever
"
52,동백꽃필무렵," Endearing characters and involving story
"
53,동백꽃필무렵," Funny Series With Thriller Element To It
"
54,동백꽃필무렵," Beautiful, warming story
"
55,동백꽃필무렵," Could have been better.
"
56,동백꽃필무렵," Beautiful story
"
57,동백꽃필무렵," 🥜🍻It's All Good In The Hood!🍻🥜 °Excellent°
"
58,동백꽃필무렵," Phenomenal
"
59,동백꽃필무렵," Quite annoying
"
60,동백꽃필무렵," Award Winning Drama
"
61,동백꽃필무렵," Few memorable performances in otherwise bland show
"
62,동백꽃필무렵," Bollywood standard drama.
"
63,동백꽃필무렵," Boring and bad acting
"
64,동백꽃필무렵," A very touching drama.
"
65,동백꽃필무렵," Pleasant, charming, feel good series
"
66,동백꽃필무렵," gripping, captivating yeah none of that but okay
"
67,동백꽃필무렵," I almost gave up
"
68,동백꽃필무렵," Doesn't quite live up to expectations
"
69,동백꽃필무렵," Cringefest
"
70,동백꽃필무렵," Enjoyable
"
71,동백꽃필무렵," I GAVE UP!
"
72,동백꽃필무렵," Almost there but not quite
"
73,동백꽃필무렵," Engrossing
"
74,동백꽃필무렵," I gave birth to my own kid. It's got nothing to do with you.
"
75,동백꽃필무렵," CUTE
"
76,동백꽃필무렵," Romantic, action with a crime atmosphere!
"
77,동백꽃필무렵," Soap opera
"
78,동백꽃필무렵," Yuk
"
79,동백꽃필무렵," POWERFUL MOMS
"
80,동백꽃필무렵," THE BEST OUT THERE
"
81,동백꽃필무렵," Bad
"
82,동백꽃필무렵," Trash
"
83,동백꽃필무렵," The best k-drama i've ever seen
"
