,title,review
0,땐뽀걸즈,"A great slice of life drama. It's short, it's dramatic, it's about innocent teenage love and hardships, so it's just perfect if you like more realistic dramas. The only fault is the leading lady, at first. She was annoying and too egoistic, thinking only about her own gain and using everyone. However, she overcomes a major character development and she grows up. Being a part of the dancing team helped that. The later was such a clever way to introduce the girls and their lives, as well as backgrounds and their friendship. The final concusions of their stories were satisfying as well, except of the love story that had a weak ending. The cinematography, moreover, was perfect for the mood of the drama."
1,땐뽀걸즈,"The actors are really talented
When my friends were telling me about Korean drama and they were saying it's very good
I always thought they are overreacting
And i used to say to myself ""too rich for my blood""
Why would i read subtitles all the time
But now i see what's the fuss is about
I'm hooked
I wil start to learn Korean now :)"
2,땐뽀걸즈,"My first review but just had to since I really am enjoying this. Actors do a really great job, very well produced and directed. Not only a story about a dance team but how it changes the lives of everyone involved."
3,땐뽀걸즈," Good Enough
"
4,땐뽀걸즈," it's the first Korean drama for me i really enjoyed it
"
5,땐뽀걸즈," Coming of age story, suprisingly good
"
