,title,review
0,라이브,"Every summer, the South Korean television industry puts forth the best and most promising shows and crosses its fingers that the public falls in love. Of course, not every show can be a surefire win; it can often take weeks before a show hits its stride, or they may just lose their momentum and drop off altogether. Luckily, this show is the one that makes the public fall in love more and more after each of its episode.
Instead of the serious, bleak, and depressing atmosphere that recent South Korean police or detective series such as ""Signal"" or ""Secret Forest"", ""Live"" is very refreshing, heart-warming, and realistic. Just as the title shows us, this series does not heavily focus on police corruption or the police force's long, troubled history of misconduct toward the community it exists to serve. Instead, it paints a vivid, detailed picture of the police's daily struggles and how they overcome those day-to-day difficulties to fulfill their missions and somehow make their lives less miserable. These cops have to live their lives right, so they can help others live right. Again, this show does contain very optimistic underlying messages. It is relatable, especially for people who are in their 20s, 30s, and 40s. 
Moreover, what makes this show stand out is the acting of its cast, especially that of Bae Jung Woo and Jung Yu Mi, two of the most reliable actors in South Korean movie industry - Chungmunro. The soundtrack is awesome. The camerawork is good, too. All in all, this is one worth-watching show."
1,라이브,"Watched IRIS on NETFLIX, it was great. Now I'm watching 'LIVE' Korean police drama at its best. 18 episodes total, l'm on episode 15. 
Wish episode 1 would bore me to death, instead i'm hooked on this show. Great story comes great acting from cast members.
This is NOT spoiler alert, LIVE will make you laugh, feel sad and cry along with the show Hope there will be 'LIVE' season 2.
Great original soundtracks and lastly, I also wish that SUBTITLE can display a little longer on screen.
I am now big fan of Yu-mi Jung, don't tell my wife that."
2,라이브,"I laughed I cried and I cried again, I have watched many a Korean drama thanks to Netflix's so thank you for this drama it's just brilliant. Fingers and toes crossed they do another season PLEASE PLEASE PLEASE"
3,라이브,"Live is a fantastic drama, which is equally devastating and inspiring to watch. This is a very realistic drama, and it doesn't hold back to show the brutal realities of the police force. The direction is incredible, the character development is compelling and the acting is amazing. The storytelling was excellent, the overarching plots & story arcs as well as episodic conflicts were well paced. This drama truly gives you a new perspective of life."
4,라이브,"I had been watching a lot of K-drama and comedy series on Netflix and this one popped up on my recommendation list. I started watching the first episode and while the acting was excellent, the episode was a little slow and I wasn't hooked. That changed rapidly towards the end of the first episode. I ended up binge watching the entire series over a few days, often giving up sleep so I could watch ""just a few minutes more"". When I was done, I went back and re-watched a couple of episodes. Then I went back and binge watched the entire series a second time. This show is simply that good. I didn't want it to end. The show follows the lives of the members of local police station as they deal with issues while on duty and in their everyday lives. The stories are very well developed and the acting is excellent. As the show progresses, the characters grow in depth and you find yourself becoming emotionally attached to them and caring about their outcomes. But be warned, there are some gut-wrenching moments in this show and there were several times I was brought to tears.As other reviewers have stated, this show needs a season 2."
5,라이브,"I was never much a fan of T.V dramas because of waiting until the next episode or season when a story line was not finished. Then I watched ""Live"" and my whole world was turned, the emotional roller coaster that this series brings to viewers, even an hardcore people, will be brought to tears. The cast did a great job of bringing there characters to life, which you must also commend the directors and producers. I'm not going to ruin it and tell you any spoilers, all I can say is that you really need to watch it, I really hope there's another season in the making. Make sure you stack up on the tissues, because It will make you laugh and will make you cry, believe it when I say it's worth your time."
6,라이브,"It's very difficult to explain all the things I felt watching this show. The cast here is impeccable. I've never watched a K-drama before, but ill say this. I'm seriously praying for a 2nd season. Superb acting. Superb script. Superb score. Best show I've ever seen. Huge thanks to the cast and creators. Thanks. Gracias. Much love."
7,라이브,I have quit watching countless Netflix drama series after an episode or two. More often than not theres nothing that hooks the audience in. Either the plot lacks character or the characters lack heart. This Korean based series draws you in on the first episode with the introduction of the series rookies. You see what drives them and you cant help but cheer them on. This is fresh material that I havent seen on Netflix in awhile. I hope there is a season 2.
8,라이브,"Writing from Canada and this Korean police drama just ticks all the boxes. I have laughed hysterically and even cried and I rarely cry watching films or TV. This series takes you through every emotion without even realising it until an episode is over just how much it affected you. The acting is superb as is the directing and filming. Most of the Korean shows I watch from Netflix are hits for me: a few getting a second viewing regardless of how many episodes there are. There is something about the way Koreans approach movie making that is so fantastic and ""Live"" is another example of it. I will not give out any spoilers but if you are a fan of a great TV series this is one to watch. I really hope there is another season.PS: I am not Korean...I am Deaf and will watch anything, from any country, as long as it has closed-captioning. :-)"
9,라이브,"I had seen this on my Netflix suggestions and ignored it, as I get a bit bored with cop shows in general. Then I saw a video on YouTube by a reviewerI rate, recommending it as an undervalued hit, so I took a look for myself. i'm so very glad I did.
Much like ""Search WWW"", the writers have allowed for the complexity of being a human to show through in the characterisations. No one is simply good or bad (at least of the main focus characters), and everyone is struggling to do the best they can with their individual situations. The acting was consistently strong across the board, and it was a nice commentary about how the public in the media can pile on about something they know very little truth about.
It's a salient reminder for us to always consider the wider implications of any situation we find people like the police in. Yes there are police who choose to make very bad decisions. But most of the time, most police are just trying to do their best to look out for the people in their community. It's easy to forget that when all we hear about are the extremes...."
10,라이브,A group of young cadets are assigned to their mentors at a city police station and this series is about the trials and tribulations they face. A well acted series with interesting stories showing the human side of the police force and also the circumstances which sometimes cause good people to commit crime. My only criticism would be the love story which taking into account the theme of many of the stories I found a little creepy as it gives the impression if the girl says she is not interested just hang in there and she will change her mind.
11,라이브,"Started interesting until they paired jung oh and sang soo. I see no chemistry of them but just a good friend. They just pushed it because they are main lead. For me, jung oh and officer Choi is a better and interesting pair. This just ruined the whole story for me. I still give 7 because most actors are amazing and the story interesting though lacking in some parts. For sang soo, i don't like his character potrayed by Leekwangsoo. Sulking a lot in an annoying way. I can stand watching him until he started dating jung oh while the other man (choi) just slowly dissappear from screen and i stop there. Sorry , maybe just me but this kind of love line annoyed me."
12,라이브,"I sa this show on Netflix Australia and instantly was addicted. Live is captivating and all the cast, script and songs are amazing, i actually could watch the season all over again and not be bored. Korean shows have talented actors and I am watching these over English speaking shows, just because of the shows are so much better. I do hope that it gets picked up for a second season, I thought A Korean Odessy was great, but this show blows it out of the park."
13,라이브,"It's a very good show want to see a lot more. A lot of story, not hard to fallow"
14,라이브,"No matter what your ethnicity, where you live, or nationality, love and compassion are the same. I cried, laughed and smiled through these episodes. This is one series I didn't just watch...I experienced."
15,라이브,"This series is so well written by picturing the Police's point of view as humans. They still have to face their personal issues,their fear,the public pressures while still have to do their job well to serve the community. Well done to the scripwriter,directors and all the actors. You guys did a great job!"
16,라이브,I'm finding S Korean made shows very refreshing. Also more realistic. This one did not disappoint. If only they would talk American. Ha Ha. The story is excellent. It was nice to see a show that didn't make cops look like bullies or idiots. They also did a good job on showing how today society treats it's hero's Like garbage that should be thrown out. I will watch more S Korean shows.
17,라이브,"A show that draws you in to the challenges and triumphs of being in the police. At times it reaches for greatness, as true to life characters struggle with all too familiar problems. Occasionally it stretched beyond my credibility: surely some senior officers retain some ethics and some junior officers are found wanting in this regard?But it is a moving and challenging watch that I would recommend."
18,라이브,"This show is everything people are saying and so much more. It is beyond amazing in everyway. Wonderful acting, superb set and costume design, and great stories. The only thing i want more from this series is a season 2!"
19,라이브,This show makes me cry a lot. Cases will happen in life. Police fights for people who got injured. It's really important that police officers know their responsibility and job. Love the show!
20,라이브,"This show will make you both laugh and cry and think about life throughout the various episodes and situations the characters go through!I was thoroughly entertained with each episode, and I kept wanting more whenever an episode ended. Now that I finished the show, I sure do wish we could get a second season!The cast did really well with their acting, especially the main characters; loved to see how they developed throughout the show to becoming stronger characters.The stories in-between the overall plot were also done well.The music and background tracks were few and I did notice them repeat a bit too much near the end since I've heard them a lot, and yes while they were really good it could be better with a slightly bigger variety of tracks.Definitely watch this show, you will have a blast!"
21,라이브,The drama made me think in the shoes of a police-on-duty that I've never done before. Usually the public will not side with the police whenever there's a violent struggle between a police and a member of the public.
22,라이브,"I have watched this because of Lee Kwang Soo but ended up falling in love with all the casts. I felt every characters emotions. It touched my heart in every ways i don't even know possible. Highly recommended. If you're thinking if it's worth the watch.
It is.
IT. DEFINITELY. IS."
23,라이브,"Highly realistic and convincing characters that could be anyone's friends and family. The work of detectives and police constables are often ""glorified"" on film and in novels, feeding our inner wish for instant justice. This TV series is different from the typical detective series, in that it depicts as real as it gets to the daily lives of police officers, like you and me, goes to school, get a job and each having their own challenges at work, family issues, personal issues and such. Great acting by both the main and supporting casts will make the stories ever more convincing."
24,라이브,"I watched so many Korean drama especially detective one and I feel korean drama has too many romance scene that dragging on. However, when I watched this drama, I feel really engage in the life of the characters since they act so comfortably & naturally with each other. Some of the characters can be a bit awkward at some scene but that makes it more natural & engaging. I cried heaps watching each episode & the romance scene is so natural. It was really fun to watch Kwang soo expressions when doing a romance scene. This drama is so different than the others & I really love it!"
25,라이브,Almost everything was good in this drama. Especially mention to Lee Kwang Soo who did a fantastic job. His bromance with his senior was so heartwarming. I find only one drawback and that too with the female lead. Her overact and shallowness sometime irritates me.
26,라이브,I'm a huge fan of Lee Kwang Sop and this show proved he's talented. I loved this drama so much...i cried way too much. These shows are way better than the shows I watch here and I will never stop watching kdramas. But this show....was so real...so understanding... The kind of show that makes you get angry...makes you smile....makes you cry....all when the actors do cause you feel like you know them. I'm buying this asap.
27,라이브,"After watching this series, I felt I knew all the characters in depth. Their best and worst moments and traits, their back stories, their motivations. I am hooked on Korean drama series, and have watched quite a few. This and Stranger are my favorites in terms of writing and pacing. I find the pop music repetitive and sentimental in almost all of the Korean dramas, I guess it's just a different cultural preference. But I am going to miss these characters now that I finished the show. Entertaining, thought-provoking, and impressively well acted/filmed/edited."
28,라이브,Best drama ever. Best kwang soo act.Best story.Very2 emotional.
29,라이브,"This is my second Korean series ever in my life. The first one was ""What's wrong with Secretary Kim "" which is super cute, and now this. Totally on the other end of the spectrum.
Awesome direction, acting and story. The way it's portrayed is so real and natural. No gimmicks.
I have new found respect for Korean artists now. You all are marvellous ..
Cheers!!"
30,라이브,"I never rate dramas but this drama was just soooooo good I had to. It's different. Also, i finally got to see things from a cops perspective so I'm glad because i have some newfound respect for them."
31,라이브,"It's on Netflix, just saw it, it's still awesome. Definitely recommend this series. I laughed so hard at the angry outbursts, when they slap someone while at it, or throw papers in their faces, or a glass of water. Is this typically Korean? I don't know. But I also cried when it was about more emotional things, they depicted that very well.Would like to know if a Korean police officer would say that it shows Korean police officers' life well, realistically or not. Because it sure feels like it, not just another 'normal' police series.Great acting. Loved the grandpa and captain An!"
32,라이브,This is a way to put a respective way of thinking about cops rather they do bad or good this series is about that.
33,라이브," A Fresh and Heart-warming Series about South Korean Police Force
"
34,라이브," Best TV Drama of the Year. (Korea)
"
35,라이브," LOVE LOVE LOVE LIVE
"
36,라이브," visually, aurally and emotionally stunning
"
37,라이브," One of the best series I have ever watched
"
38,라이브," 2 thumbs,5 stars in my opinion!
"
39,라이브," Praying for more. Best show ever.
"
40,라이브," The best Netflix series released so far this year
"
41,라이브," What a fantastic series!
"
42,라이브," Masterful writing and character development
"
43,라이브," Bad boys, bad boys whatcha gonna do
"
44,라이브," Started interesting
"
45,라이브," Superb
"
46,라이브," WOOW
"
47,라이브," No boundaries
"
48,라이브," Police is still human beings
"
49,라이브," I've got to watch Korean TV for an honest look at police
"
50,라이브," Very Good
"
51,라이브," Amazing!! Just sit down and watch!
"
52,라이브," The show is so real and I cried for many times
"
53,라이브," Great Entertainment
"
54,라이브," New insight
"
55,라이브," Best Drama of 2018
"
56,라이브," Not your typical cops and robber TV show.
"
57,라이브," Could not express this in a word
"
58,라이브," One of the Best Lee Kwang Soo drama so far
"
59,라이브," Best drama 18
"
60,라이브," Incredible character development
"
61,라이브," Love the drama LIVE
"
62,라이브," Respect
"
63,라이브," Daebak. MUST WATCH!
"
64,라이브," Touching Police Drama
"
65,라이브," Best cop show ever
"
