,title,review
0,라켓소년단,It's a decent-ish drama but there is some scene in there that is kinda disrespectful.
1,라켓소년단,So bad... I am sorry. Usually I love drama korea but for this drama so bad.
2,라켓소년단,"Dear writernim & PDnim, I admire your amazing script with lots of beautiful & heartwarming stories just like in your previous dramas. I love this series but please cut that inappropriate scenes in eps 5 immediately!!! It hurts us as citizen of a country who have great history in badminton."
3,라켓소년단,"This is a charming coming of age tale against the backdrop of country life and high school sports.This is a great show for families to watch together, as long as the subtitles aren't an obstacle. Qualities that the show reinforces include:
Loyalty, standing up for what's right,
defending the weak, hard work, compassion, respect, and teamwork.Racket Boys follows badminton teams from a high school in rural South Korea. There's not a lot to do in a town that's does not have sufficient population to support many forms of entertainment. It's difficult to even get wi-fi. Therefore sports and friendships are what the kids work on most.We follow them through regular match-ups, individual and team competitions, and various family dynamics as they gradually become a cohesive unit.The show also addresses the problems of viscious hazing and other abuses that can arise in a group of uber competitive Type-A personalities.Cross-generational relationships are also displayed in RB. The elderly couple down the road loves to host the kids to share a meal and wi-fi. In return, the kids help them with reading and operating their phones. It's darling.YIKES! A Fight!!!! We see another side of the coin in a town hall where a village elder and one of the young players tackle each other over conflicting ideas on how to generate more business in town. The problem apparently is that they have matching personalities:) Neither one of them had good ideas anyway. It was a funny scene.The kids help plan a birthday party for the oldest grandma in town. The whole thing is precious. As grandma is from Busan, can you guess what movie they played? Yep, the Zombie thriller: Train To Busan. All Young-tae saw was that the title contained the word ""Busan."" Some of the party-goers didn't open their eyes for 2 hours, lol.It's impossible to review this show without addressing the controversy that has arisen around it. In EP5, an athlete was met with some boos while playing in Indonesia. There were some that saw this as an attack on on their country. In The West we generally don't understand much about Asian culture. This does appear that they are sincere about their complaint as it is a matter of their honor. We should accept that. However, it's highly doubtful that being offensive was the intent of the screen writer and Netflix.Instead of giving feedback, a world wide vocal group took to their keyboards, attacking the show and Netflix as if it was intended. It spread over social media and the ever outraged went out of their way too give the show a low rating. Most K-dramas have under 3000 viewers on IMDB registering their ratings of a given show. Contrast that with Racket Boys, which had a whopping 24k ratings of ""1"" weeks before all the episodes were out. I actually watched it to find out how bad it was. I'd never seen such a low rating on IMDB.I wonder if most of the people on the train-to-umbrage actually saw this show before they rapaciously rambled down the tracks? Anyone who posted a review and never watched the show, is neither genuine nor trustworthy. The show creators are much tougher on their own country than anywhere else.I initially breezed by EP5 and never noticed anything offensive. (To be fair, I'm originally from right outside of Philadelphia, where the fans are notorious for being ill-behaved. I'll grant that my bar must be a little skewed downward by that;)There's no perfect country. Perhaps everyone should unclutch their pearls, remove the shuttlecock from their eyes, and take a wider-angle view of the issues here: What happened in EP 5 is trivial compared to what actually goes on in sports.Fans in Wembley Stadium have booed during other team's national anthems.It's shocking to hear that fans in Spain have done monkey chants and thrown bananas at African players.Fans in Philadelphia really did boo Santa and throw snowballs at him.Suspicions were raised against the New England Patriots that they had listening devices planted in the away locker rooms. Peyton Manning would not discuss anything sensitive in the locker room at Gillette Stadium. Tony Dungee would not allow his players to have possession of their playbooks as anything left in their Boston hotel rooms was liable to end up at Gillette Stadium prior to the game.There's other stories of away locker rooms with poor lighting, bad smells, no heat, or the thermostat not working right, no hot water, etc etc.Are the outraged here even sports fans? If so, they would know that some sports fans can be rabid maniacs. Right or wrong, sports is a venue that fans utilize to vent their frustrations.I've even seen reviewers sneering at badminton: They write that it is a poor concept for a show. Badminton happens to be quite popular in all of Asia. The competition is intense. The Shuttlecocks, or birdies, typically fly off the racket at speeds up to 250 mph and have reached speeds as high as 267 mph. This makes it the fastest sport in the world. That Shuttlecock would win its share of pro drag races at those speeds.Most of the actors in this show are KIDS. They all delivered first rate performances. People are heartless to trash the WHOLE show into which these kids clearly put their whole hearts. Their efforts deserve praise.Kang Hoon-kim (Yong-tae) is particularly special. He is a scene stealer; a top-shelf talent.Tang Joon-sang, who plays Hae-kang, is also quite talented. He plays a boy with Aspergers in Move To Heaven, and the sweetest North Korean soldier ever, in Crash Landing On You {Don't miss that one, btw}. The parts are characters that are completely unique from each other, and he's convincing in these roles.Ahn Se-bin plays the coach's youngest daughter, age 5 or so. She steals every scene she's in, and she also teaches the elderly couple how to read. It's cuteness overload.Finally, the whole show is cuteness overload. It couldn't be more adorable, and these kids could not be more precious. So give it a fair go and cheer these kids on; even if you are a Pats fan :) ;) :) ;)"
4,라켓소년단,I don't understand why this beautiful and innocent drama has so many haters!! For me it was a breath of fresh air. Loved it!!
5,라켓소년단,"I'm from Indonesia. I'm sad for Ep 5 too. BUT, wont it be way better if we SHOW people that we're not like what Indonesia look like in Ep 5?? I mean, Rusia often potrayed as bad country in numerous films, Arab-related country as terrorist etc. What makes people dont feel that way? Because in real life, ITS NOT TRUE! Show people that indonesian supporter are not like that! SHOW PEOPLE, dont act like you're strong just because you guys can speak freely in social mediaThis drama is not really badminton-centric that shows intense competition with badminton retaled story in every episode (in football, like tsubatsa hahaga). Its more an entertaining, fun with young artists type of drama. There're lots of young artist playing in this drama, so many crews put effort for this drama, etc. Just because the writer's fault, you guys give such a very low score. I mean its cruel:"")"
6,라켓소년단,"I already reviewed the series last night. And after finishing the last episode, raised it up to 10 stars! It was super endearing because all the male leads cried. Mostly tears of joy and love! But I loved this little town and how its 7 inhabitants worked together to put it on the map. I looked up a recipe for Haenam Sweet Potatoes and was stoked to learn that it is indeed a business since 2002 and one of, if not the first Korean products to merit an appellation. So enjoy the series, the badminton is so much fun when you see it played right!"
7,라켓소년단,"A lot of clichés to start with, but everything is sorted out for the best as often is the case with teenage groups. A surprising amount of decent badminton showing dedication, commitment, technical progress, challenges met and conquered. A glimpse of the pressure the kids and their coaches are under, as well as the situation in a typical agricultural township which is gradually experiencing depopulation and all of its inconveniences. Some confusing parts,
such as suggesting a third of the way through that Hae Kang Yoon and Se Yoon were in elementary school together when in fact he was from Seoul and she from Daegu. Though its a highschool team we never meet any other students, aside of the 25 baseball players, there is nobody that isn't a badminton player. There seem to be only 7 adults in the whole town yet they initially truly believe they've been outvoted about the development proposal even though it's being proposed by a man they have little regard for to a room full of these same 7 people, none of whom wanting to accept the terms.But if you collect the names of Korean dishes you will be well served as food is hugely important and symbolic in this show, if that's your thing it'll peak your curiosity.With one more episode I am amazed at the speed in which I devoured the whole series. Excellent character development and some wonderful acting. My favorite scene is probably when the whole town came to cheer in typical festivity garments."
8,라켓소년단,"It is super entertaining and heartwarming. It will make you smile, feel the love and connections. It portraits the emotions perfectly. I am astonished to the fact that it has such low ratings. It should have been at least 8/10. It is beautiful and innocent. LOVED IT!!"
9,라켓소년단,"One of the best K drama's! From cast to storyline! I love it! Can't wait for the rest of the episodes.It made me cry, laugh and wanting to smash the tv!LOVE LOVE LOVE IT!!"
10,라켓소년단,"I was initially attracted to this drama. But when entering episode 5, there is a scene that makes my interest disappear, even though I also like the funny scenes in this drama. I feel that the production team made a scene that is very offensive to my country. I mean, you guys can make drama without badmouthing other people."
11,라켓소년단,"This drama was funny, emotional and you guys will love all character . Unless you're from indonesia . You know what i mean haha . I'm Malaysian btw and i really hope they mention about malaysia but nahh they mention indonesia instead but unfortunately indonesian don't like it haha ."
12,라켓소년단,"Just finished the last episodes, and I must said this drama impressed me. Despite filming in a pandemic, the show still able to bring healing time to me. Playing badminton myself, this show had able to teach people about badminton, the sport and competitions, as well as the athletes who playing it. I understand where the reviews came from, but if you have time, gave this drama a chance. Truly a healing for me ^^~"
13,라켓소년단,"For those on the fence about whether or not to try this series out please do not let the 1 star reviews from some very childish individuals turn you against it. First there is no racism as some claim, second it does not show certain countries in a bad way. If anything it covers all the things we have come to know about Korea or any other country, bullying in shcools, corruption in the schools and politics and scamming the elderly. You will in some cases cry your eyes out. I have watched it through approx 5 times now, it is that good, at least to me.It is by far the best Korean show I have seen in a while, in fact in some cases it resembles a Chinese series about tennis that was also very good. Prince Of Tennis."
14,라켓소년단,"I'm up to Ep3 and am quite enjoying it, however they've just shown a city shot of ""Queenstown New Zealand"", only sorry people, that's AUCKLAND New Zealand. It's not even the right island! It did make me laugh though, as it's clear whoever captioned it in Korean on the screen and then subtitled it has never actually been there! My kiwi neighbours would be so sad :(This is quite enjoyable so far. I'll edit this when I'm done!"
15,라켓소년단,"Not many will like the show for its portrayal of badminton or the way players are trained but, i dont know how badminton is played or how unrealistic the show is, what i really liked about the show is how simple and real this show is about the struggle of youth, so far i have watched 10 episodes and i have come to the conclusion that more than badminton this show is about slice of life, for instance, Yoon Hae Kang cannot play baseball because his father couldnt pay the fee on time, parents who temselves have gone through rough time in their youth and dont want their kids to go throught the same, Jung In Sol father wants his son to follow in his footsteps, na un-chan family doesnt support him, these are some of the many realities that make this show worth the watch and dont forget the villager's who try their best to help each other, please dont judge the show based on how unrealistic the badminton is portrayed just think of this show as a slice of life and you wold be surprise to know how good the show is, i have loved all the episodes so far, give it a chance and you will love it too."
16,라켓소년단,I do not care what anyone has to say i love this show. Some people expect it to be exact and precise to badminton but to someone like myself that knows nothing about the sport i dont need all that. This show is enjoyable as it is and i love the dynamic of the friendships between everyone in here.
17,라켓소년단,I like this show because it demonstrate teamwork and being there for each other. Yes it's ALOT of drama but what teenager show isn't??? I hope for second season.
18,라켓소년단,"One of the best dramas I've ever seen! It was heartwarming and funny, and also very deep. I loved seeing the developing friendships among the characters. Each and every one of the characters have their own unique story, and it was so interesting to see all of them. Tang Junsang is a phenomenal actor and his credibility just keeps shooting up for me with each of his dramas that I watch! It's great seeing such young, fresh, talented people as rising talents nowadays. In the drama, it was really, really nice seeing this group of male friends be unabashedly affectionate with each other, without any indication of toxic-masculinity-fueled discomfort. I wholeheartedly enjoyed all the BTS references throughout the drama, as well as the Prison Playbook cameos (it was especially lovely to see Kim Sungcheol in Episode 6--he is such a versatile and expressive actor). The soundtrack was also utilized very effectively.I understand the controversy about the few sentences of dialogue in Episode 5 (which the production team has apologized for), and am not saying that it was okay (I am South Korean myself and am aware of the prevalent sense of competition Korea has towards other countries, especially with sports), but I am rating the drama as a whole, and think that it would be unfair to mark it down like many other reviewers have. The part is very brief and I had to go back and find it. I am not Indonesian and therefore will not try to speak for the Indonesian community, so please be aware about these few lines of dialogue, and how they can come across as hurtful.Minus this one scene, this was a very good drama, and is 100% worth the watch."
19,라켓소년단,"First of all i should congragualate the whole team the directer,the script writer,the artists everybody who worked on this drama. In a simple word its a healing drama.this drama really need more attention.they are so cute and fun filled people..i felt like i need a squad like them..i neee a parents like them..this drama proved that not all the sports dramas are boring ..it proved that this is unique..there are so many people who are giving low ratings for this series for the particular scene its not fair..even though its a disrespectful scene you should not blame the whole season..if someone didnt watch this drama..or stopped this at the beginning they will really miss this masterpiece."
20,라켓소년단,Been watching it since thr 1st episode on 15 now and it isn't bad. It's a very cheerful show.
21,라켓소년단,"People who claim it's racist need to get over themselves. It's a kdrama, as in Korean show. Of course the narrative might include the focus of the Korean team's success and not about other countries.There's nothing racist about this show.Keep it light people. Your projected racism is unwarranted. Clearly you have no idea what racism is."
22,라켓소년단,"I am enjoying this drama very much. I wait every Monday and Tuesday to watch this drama😊😊 So much comedy, so much emotion, so much lovable character.. Drama is for entertainment purpose.. And I feel thrilled and enthusiastic after watching this drama.. Keep going RACKET BOYS👍👍"
23,라켓소년단,"I rarely right reviews unless if it is a masterpiece. This is one of the rare classic funny n very refreshing drama I've ever seen till now. This is after watching all 16 eps. It is s complete combo of comedy (100% 🤣), friendship, passion, family, love, romance, caring neighborhood. This drama gives me vibe of reply 1988. Almost every episodes made me laugh like crazy n when they say RACKET.. SoÑYonGdaåN 😂 also there are very touching scenes which made me cry n moved. I'm definitely gonna rewatch this again lol. It's nothing to with reviews coz I watched with empty mind n I don't regret it. It's beyond my expectations and teen fun therapy. You can give it a try without any hesitation n I bet it won't let you down. I can say that this is the best drama of 2021 after Vincenzo!"
24,라켓소년단,"Contains about racism in some episodes, and it leads from my country
I totally disagree about racism, Damn I'm so upset."
25,라켓소년단,"Although I don't know much about badminton, this drama was less about sports and more about life and people in general. There are a lot of lessons to be learnt from the drama and it covers a lot of topics such as poverty, abuse, friendship, prejudice etc...
I Love how the drama shows the positive of humanity and how good people can really be especially during difficult times, the friendship between the boys and the caring community within the village is truly admirable. It has got to be one of the best wholesome dramas out there.If you are watching it for the sports I wouldn't recommend but if you want to watch something that makes you feel appreciative and happy at the end of it with a few laughs, definitely give this a try."
26,라켓소년단,"I really appreciated the coming to age series it showed friendship and usual teenage shenanigans even if the characters are dealing with important or serious events such as national competitions and even hazing. Of course the sports aspect is not 100% like irl but no one should expect it from a series.I understand why some don't like it because of the Indonesian scene but it's not disrespectful in any way, to be honest they could have probably chosen any other country to play the part of the booing crowd and it just ended up being Indonesian. There was no trace of racism in the scene.Overall it's a light hearted drama, I particularly liked the story line with the village characters all getting to know one another and getting close to each other."
27,라켓소년단,This is one of my fav teenage sports series .. all the casts and crew did a great job.. it was good to see all the players were actually teenagers.. the series portrayed love for sports as well as friendship and bond between the coach and teammates and also with the people around like villagers.. respect for all the athletes as well .. waiting for the final episode.
28,라켓소년단,"This drama are not actually like other dramas that people expected . Although it is lack at some part, but i really love about how the drama showed us the value of life , relationship between family and friends and also neighbours and the most important is the encourage to achieves our dreams... yeah its good to watch ..."
29,라켓소년단,"Despite the blunder in episode 5, I really think the rest of the drama is heartwarming and plays into the friendship and family dynamics. Love it!"
30,라켓소년단,"The plot is heartwarming and emotional. The actors and actresses are practiced by professionals, they even have their own training journal. So if i don't get it when people talk bad about their skills? It is driving other attention away on a really good series."
31,라켓소년단,"I have a feeling the Indonesians dragged the average score a bit down because of the things said in episode 5. The show isn't all that bad. It is not really about badminton it is more used as a way to bind the characters together. The main plotline is really interesting and fun but the sub plotlines about the village members bored me quit a bit and often had to much screen time, therefore my low score."
32,라켓소년단,Funny. Good and comedic. The storyline is good.acting is great.
33,라켓소년단,"I'm really loving this series. There is no major trauma or drama, it's just a bunch of middle school age kids (15 or so years in age) who love playing badminton.Yes they have challenges, and various family situations, but ultimately it's a series about a group of kids learning to become a team and celebrate their own strengths.Each of the characters have a unique personality, and the young (and not so young) actors do a really really great job bringing them to life.It is a lovely show to watch and you can be confident to share it with other people in the family.EDIT: I'm in NZ, so found the scenes supposedly set here a bit ridiculous - but not offensive in any way!"
34,라켓소년단,There are the definite haters. They give it unfairly a low score. The series is great. The characters are lovable and the story is wonderful. They pull at your heartstrings.
35,라켓소년단,"It's a show with some heart warming story lines. True, there is some xenophobic plotlines, but rest of it is good and clean entertainment."
36,라켓소년단,"Everything is good about this drama. How characters are written, the plot and story, the way they have shown social issues. Every good thing are gathered together to make this drama a beautiful series wich is one best I've seen this year."
37,라켓소년단,I'm shocked with the bad reviews here. Overall it's a good drama. I've seen the director's previous and ongoing works and it matches! I don't get the hate just because of 1 episode 🤷‍♀️
38,라켓소년단,"Hey you guys, who came here just to drop the rating of this drama, stay away from us. You haven't even watched it yourself, and you only know from what other people have said. Don't blame the cast of this drama, because the main characters are children. So, please watch it yourself, enjoy the drama, if you don't like it just shut up and don't incite others to vilify. I personally like this drama. 👍🏻"
39,라켓소년단,"Light-hearted, heart-warming and cute. I really enjoyed watching this drama and if you're looking for something cute and funny give this a try. Apparently it is not a realistic depiction of badminton but as someone who knows nothing of the sport, I found the badminton scenes entertaining. I don't understand why there is so many negative reviews but everyone has their own opinion and if you're still wondering if u should watch it give it a chance :)"
40,라켓소년단,"Extremely confused by the negative reviews left here, the plot line is extremely catchy and centres around a group of kids and their sports-oriented living. The kids have done a great job at catching the essence of their characters with their acting. Anyone who has a background in badminton will be able to really enjoy the show.I'd recommend not sticking to the negative reviews (which have NOTHING to do with the acting or the badminton-centered plot as such) and giving it a chance!"
41,라켓소년단,"You need to watch this series. I love it so much because it portrayed about friendship, hardship and family 😍Most of the reviews here are biased. True, there is this one EP that may have offended some viewers from a country. It's a basic thing in any sports, booing when in a game is actually quite common yeah guys.Anyway, show some sportsmanship man. I bet they only watch that one scene to do a bad reviews instead of watching the whole series. Truly infair yeah."
42,라켓소년단,"This drama is the best show I've ever watched. It gives me comfort and something to look forward to. Despite the issues, no one change my mind because it still is a good show nevertheless :) It does not only revolve around playing badminton but it also gives the viewers some life lessons about friendship, family, relationships, teamwork, trust, courage, and love. 10/10! Fighting! <3."
43,라켓소년단,Drama is too good. Story line is also good. Nothing wrong with the drama except that one mistake otherwise nothing lacking to get 10 out of 10.
44,라켓소년단,Nice drama with good story line despite the controversy. Depicts good diversity from each characters and character development is so far so good.
45,라켓소년단,"This drama will give you that warmth like when you're watching reply1988 or Prison Playbook. The comedy also spot on. Such a cute and fun drama to help you relax from your hard monday and tuesday routines. Keep the good job, Racket Boys Fams. Thanks for promoting badminton."
46,라켓소년단,"Decent, and it get boring every episode!I don't recommend you to watch it..."
47,라켓소년단,"Looks like this series has been brigaded, which is a shame. It's standard Korean fare, multiple story lines, lots of characters, some cringey stories but overall still a fun show with likeable characters.There's some regrettable comments about another country in one episode, but it is what it is."
48,라켓소년단,"Just like a very bad adapted version from Reply 1988. Similarity in the plot and in the lines. ""This is the first time of my being mom"" The same from Reply 1988. I know they both have the same scriptwriter but please at least make it unique. Moreover, soooooo unrealistic. None of the cast make me interested. Instead, all of them are wayyy too much. Especially the father. Though I am a fan of Reply series, cant stand this. I dont like the girls at all.1/10 for the plot. And the rest are 0/10. I stopped at the 4th episode."
49,라켓소년단,I am liking the series so far.Very heartwarming and there are lessons given every episode.Such a good feel show. The cast are adorable especially the young girl.
50,라켓소년단,"It's very sad to see that in eps 5 the portrayal of another country is shown really disrespectful, and what for?It's invalid and doesn't show respect towards a country that really loves K-Drama. I'd say wrong move, Racket Boys :("
51,라켓소년단,"Am surprised that the show is getting rated so low here. I haven't finished watching the entire series, but it is funny and inspiring so far. Of course it's not a perfect drama, the biggest problem may be that all the players are not trained properly, they play badminton not even close to the decent amateur level. Other than that, I appreciate the illustration of people bonding together, such as families, teammates, neighbors, etc."
52,라켓소년단,"This show is really,i am enjoying this,i don't get why the rating are soo low, idk about the badminton in skorea but the show is only for entertainment purpose and it i guess there is no relation with reality!!!the rating doesn't do the justice with the drama. Believe me this show real good."
53,라켓소년단,"If you're looking for an accurate depiction of badminton techniques, or what it is like to train as an athlete who plays badminton, or even what the tournaments are like- this show is not for you.This is a slice-of-life show masquerading as a sports show with a coming of age story.It's supposed to be a heartwarming feel good show.Initially it does seem to have the bare bones of an almost interesting (if cliche) plot. But after the lead character overcomes his dilemma regarding which sport he'd prefer to play, the show loses its edge.Once two of the players join the national team, the remaining team members are sidelined and relegated to messing around with the village elders and their silly antics.Training? What's that??? Their coach certainly doesn't know. Discipline? The kids are certainly not going to learn that from the coach.The show does however vaguely allude to issues in sports cutlure- how female athletes have a different set of problems to face than their male counterparts, how sports media tries to get inside athletes' heads and can try to psych them out, how people may try gain favor with judges using small tokens or gifts or connections, the issue of abuse that is prevalent in most sports and even more so in the hierarchy at colleges, also how nationalism can cloud how people play against those of foreign countries, but also how athletes are usually friends in spite of being rivals.These themes might not have been handled well enough, but I applaud the attempt."
54,라켓소년단,"I love Kdramas and after watching several romance, fantasy and action-packed shows, I am glad I found Racket Boys! It's so wholesome and fun to watch. Perfect blend of drama, comedy and feel-good scenes. I can't help falling in love with the characters."
55,라켓소년단,This show got me hooked. It is not boring and very exciting. The show is suitable for the whole family to watch.I do not think this show deserve a one rating.
56,라켓소년단,Not so complicated and make my mood up when watching the drama.
57,라켓소년단,"Not enough to humiliate another country in the olympic opening ceremony, they do it again here. Bravo."
58,라켓소년단,It's a decent-ish drama but there is some scene in there that is kinda disrespectful.
59,라켓소년단,"So many people left a bad ratings.I started to hesitate to watch but I watched it and it's a good one.Despite of every rumors that circulate we should appreciate the actors, the crew, the director, and all production team that try to make a good series.Seriously guys don't drop a hateful comments if you only watch 5 eps."
60,라켓소년단,Very rare will you get a sports drama where even the side characters have full back stories and character development. Ignore all the hate on ill conceived notions of disrespect and judge for yourself... (a fictional genius that beats everyone by 10 to 15 beating someone from your country by that margin is not disrespectful. It's consistency.)
61,라켓소년단,"It's not perfect, but It's a beautiful story about friendship. And, like usually happens in the Korean (and in the asians dramas in general) the cast is very good. I really think this show deserves a better rating."
62,라켓소년단,"Not indonesian people who haven't even seen this show all rating it a 1... so petty. Nothing personal that they needed another country to be disrespectful for the PLOT, acknowledge there are rude people anywhere and move on, yes, even ur country is not perfect. Leave racket boys' reviews alone, the cast did nothing wrong. Sweetest drama i have ever watched!"
63,라켓소년단,You Now When I Watchin 1-4 Episodes Its Not To Bad But When I Watched 5 Eps This KDrama Is Broken And Contains Racism To Indonesian People.
64,라켓소년단,"Thanks for all casts a lots. Give me an unforgettable summer, when I have children later, I will show them. Now, I will introduce to the people around me, helping them to feel this summer to the fullest. Trust me this is truly one of the best drama I have ever seen."
65,라켓소년단,"This is a decent light-hearted COMEDY drama, a fact most reviewers seem to have missed. It has a fun little cast with a nice amount of diverse characters with a little teen romance thrown in, well worth your time."
66,라켓소년단,"I stopped this movie after watching the 3rd episode. The movie was just funny but too slow and boring, you could find yourself easily being distracted while watching this movie. However, I appreciate the director took the badminton games for this sport genre. Just try again."
67,라켓소년단,It's true that there are some flaws in this series but I actually think that this is an amazing drama. I love how they make some scenes fun and adorable to watch.I really want to find a series that give off the same vibe as this.
68,라켓소년단,Such an amazing and well written storyline. The characters are so lovable and you can't help fall in love with them. How they navigate the challenges they face not only in sports but also in the korean society. How they never back down and stands by their principles is inspiring and you can't help for rooting for them. A perfect drama for the entire family that leaves you with a good feeling after watching.
69,라켓소년단,"It was heartwarming at first, but somehow it went down after few episodes. Like it's almost good but feels like missing something. ""nanggung"". They had a scene that's hurtful towards Indonesia, it was really bad and disappointing. They had a chance to make it up in the next episodes but they chose to diss Indonesia even more, thi this time indirectly."
70,라켓소년단,This drama has a different story and its like a refreshing one. The actors are great well adopted to the drama. It's a must watch if u want something new and cool.
71,라켓소년단,"Racket Boys is 2nd Korean drama I've watched in 21 years. Actually, I don't watch Korean movies very often, I accidentally got some free time because of the epidemic, so I watched it. This is a best series with excellent script, actors with good acting. There are scenes make me think a lot. The plot is built with depth, I can see myself through the character, which leads to a good connection with the character. I would be happy if there is a season 2, the story of Hae Kang and his friends in the high school environment. In short, this is a drama that everyone is worth watching."
72,라켓소년단,"I love it, the friendship, the moral lesson, and also the scenes where they played badminton were always entertaining and thrilling to watch. I can see that the casts practiced hard on badminton, and it's really nice to see that. And I also like all of the OSTs, They suits the drama very well. It's kinda dissapointing that there is a scene that sounds kinda disrespectful to another country. But if we don't include that in this talk, then this drama is 10/10 for me."
73,라켓소년단,"Literally such an amazing show. People are just mad because of ""racism"" when its not even that serious loll.. people only gave this show a bad rating because they are overly sensitive."
74,라켓소년단,"When I first watched this, I felt it would be my forever favorite film that no film could be made in place of it. It's an amazing film, every moment, every single one that doesn't mean that much. Please don't destroy a film that's worth more fame than it's ever been, and should indeed be known for its support."
75,라켓소년단,"Great storyline ,great cast..
I think there should be season 2."
76,라켓소년단,"This drama is so pure and heartwarming ,Please don't evaluate this drama based on a few episodes since it is very genuine and wonderful. This drama deals with issues on sports, society, the environment, family, friendship, and curriculum, among other things, and finishes with a lovely homely vibe."
77,라켓소년단,"This drama gives us slice of life concerned with countryside and badminton. You, writers and directors have given us so precious information about badminton that I have an idea to try badminton in free time. I also heard all the actors are chosen by casting, so they are so real, especially Yoon Hae Kang. We, fans from Myanmar, are waiting for Season 2. Hope we can fulfill our hopes🏸💙"
78,라켓소년단,I really love this drama. Thanks for your amazing creating script writer!! I like all the stories you write. Please create more like this. I'm waiting for Racket boys S2.
79,라켓소년단,"Amazing young actors and actresses! Story about family meaning, friendship, sport, first love..."
80,라켓소년단,"THIS IS ACTUALLY MY BEST BEST BEST EVER DRAMA I HAVE WATCHED! I love the vibe the series gave off, the main thing I like is their friendship and how the friend group stay connects.In ep 5, I personally think the reason they choose Indonesia is they know how spectacular Indonesia's badminton is. They want to say that Indonesian is amazing but Seyoon's hard work and efforts paid off.The series also clearly shows how Seyoon an international badminton athlete. So they must choose a country to be against, so they choose Indonesia as their opponent due to how good Indonesia is at badminton."
81,라켓소년단,"I absolutely loved this drama! I just finished and already miss the family. A pure, heartwarming, beautiful story about the joys and downfalls of sport. It was great to see something different that didn't involve your typical love story or all the dark stuff that's been out lately. Each of the characters brought something to the story, and the cinematography was amazing. You will laugh, cringe, get upset, and definitely cry your heart out. I recommend a hundred percent to anyone wanting to watch. Just do it!!I also don't know why people are so upset with it and giving it lower ratings. I watched and it wasn't that big of a deal. It's just fiction and y'all crying over nothing. There's real racism happening to the people of West Papua in Indonesia, so unless they're free, then I'm not listening to you prideful lot talk about unfair treatment.So yes, please give it a chance and watch. You won't regret. Also, FREE WEST PAPUA from Indonesian rule! Thank you!"
82,라켓소년단,"Delightful drama to watch, some scenes portrayed the reality of as a team traveling to other countries and faced difficulties."
83,라켓소년단,Its being bashed for racism but I didnt even notice it. People are saying they criticised the inodnesian team beacuse in the drama in the abroad game the indonesian team was petty dude its just a sub story plot .they also talked about japan and 90% they criticised koreans .were they suppose to make imaginary countries for this -_- don't listen to butt hurt hater they didnt even fonish the drama.
84,라켓소년단,"I really really love this drama, from the beauty of Haenam, from all the boys and girls from this place, from the help of all the people from Ttangkkeut village, i still don't understand why producer put Indonesian people as a bad viewer, just that, everything is perfect, from the scenery to the color of the movie, through this movie i know everyone will have a lesson for themself. Anyway, love you Racket Boys, hope you guys will make another season 2 soon."
85,라켓소년단,"So far, I've been enjoying Racket Boys minus the few incidents, However I will continue to watch the next few episodes. Even though this drama is unrealistic (for the badminton aspect) it does show the hardships that families and friends endure. This show has shown the growth of the people in the countryside, besides that, it is heartwarming and lighthearted."
86,라켓소년단,"So far it's pretty fun and lighthearted to watch. I really like the majority of the characters especially the villagers/neighbours, the only exception being the main lead, Yoon Hae Kang. I hate how overconfident he is only for him to lose most of the time. He literally bullies his opponents without knowing them properly only because they're better than him. His smug face annoys the hell out of me and now he's having romantic angle which feels out of place and is laughable to watch. I've seen the actor in CLOY and Move To Heaven before this and I know he's a talented young man but this character doesn't sit right with me. Anyways for the past few episodes, I've been skipping all his screen time and only watching for the rest of the cast. The show isn't all that bad as some are saying. Just ignore the lead if you don't like arrogant and immature boys."
87,라켓소년단,This drama is the drama to watch if you want to watch something lighthearted. It has a pretty good story for the characters but the messages are what some children and teenagers need to hear more nowadays.
88,라켓소년단,I like this drama because their friendship and they really practice hard for this drama. I hope there are season 2. It was very funny and fun for me. Even their friendship in real life is close to each other and they support each other.
89,라켓소년단,It was such a heartwarming drama. The drama had character development for everyone and the lighthearted comedy was so delightful. Sucks that a 1 min or so scene caused so many people to rate this drama poorly because I'm sure they didn't mean to offend anyone. Sometimes people just wanna be sassy for the sake of being funny!
90,라켓소년단,"Amazing drama, ignore the butthurt review bombers. Lovable characters, and various interesting subplots. It was a pleasure to watch from start to finish."
91,라켓소년단,"Although I can not deny that there are racism involved in some episodes especially in episode 5, but, that is not the point of the whole series. The series always resurfaces the idea of teamwork, sportsmanship, fair play, family, and friendship. Also, the whole series does not reflect racism in all episodes and SBS already apologized for those instances. I am sorry too for the countries involved. There may be setbacks but the drama still remains its viewership and integrity in its theme throughout the episodes.The drama is so heartwarming, moving, and healing at the same time. They really progressed in making every character a story. We can see that when every character has their own story even for the village people. These things can happen in real life that is why this can be referred as a slice of life dramaI cannot express every great things about this drama but overall, this drama is highly recommended for family viewing. Teenagers, especially athletes can relate to the characters since this series highly depicts the real life of an athlete. Of course, families can also learn valuable lessons not just about sports but also in real life. In addition, the actors are great in acting. That is why Racket Boys obtained awards in SBS Drama Awards 2021 and in First Brand Awards. May you all enjoy this feel-good drama!A 10/10 for sure!"
92,라켓소년단,I have a lot in mind but I'll just say that as a high school student I fell in love with this drama . The concept of the importance of friendship and Family mesmerized me. Though competition is important but it cannot ruin your friendship. Because its a part of your life. Loosing is okay but with the spirit of winning we must look forward. And last but not the least Jealousy is not something which can't be present in Friendship. I loved it.
93,라켓소년단,"Very enjoyable show. Felt like a sports anime. Also breaks fourth wall at times. Funny also.Reason got a bad rating mentioned another country and they got salty and rating bombed here. If you want more information just google ""why racket biys has low rating"".I find it absurb these kinda of ratings are allowed."
94,라켓소년단,"This is one of the cutest family shows ive seen from korea in a while. Its funny, heartwarming, and a legitimately fun watch. There are shenanigans happening to make this show so artificially low scored."
95,라켓소년단," Kinda disrespectful
"
96,라켓소년단," So bad
"
97,라켓소년단," Eps 5 disappointed me!
"
98,라켓소년단," It Couldn't Be Cuter🏸Give These Talented, Hard Working Kids A Fair Assessment.
"
99,라켓소년단," Great!!!
"
100,라켓소년단," Be Wise in Giving Review People :) ITS ENTERTAINING :)
"
101,라켓소년단," All about Haenam!
"
102,라켓소년단," Coming of age, Korean teenage athlete style
"
103,라켓소년단," Best Best Best
"
104,라켓소년단," Amazing!
"
105,라켓소년단," disappointed
"
106,라켓소년단," Why low rating ?
"
107,라켓소년단," A Healing Drama
"
108,라켓소년단," The Best Korean Comedy/Drama I have seen so far.
"
109,라켓소년단," Ep3 made me laugh... oops!
"
110,라켓소년단," slice of life show
"
111,라켓소년단," Enjoyable shows
"
112,라켓소년단," Good show of teamwork
"
113,라켓소년단," Very well-written drama
"
114,라켓소년단," Racket boys🔥🔥🔥
"
115,라켓소년단," Not a bad drama.
"
116,라켓소년단," Show is good - light and a Korean drama.
"
117,라켓소년단," I'm lovin' it
"
118,라켓소년단," Classic masterpiece!!
"
119,라켓소년단," I am very disappointed
"
120,라켓소년단," one of the best feel good dramas
"
121,라켓소년단," Light hearted drama
"
122,라켓소년단," Racket boys Fighting
"
123,라켓소년단," A HEARTWARMING DRAMA
"
124,라켓소년단," Watch the whole thing, don't stop at episode 5
"
125,라켓소년단," character and storyline onpoint
"
126,라켓소년단," not that bad but not exciting
"
127,라켓소년단," best drama ever
"
128,라켓소년단," Super cute family-friendly viewing
"
129,라켓소년단," Great series
"
130,라켓소년단," Not too bad
"
131,라켓소년단," Heartwarming, beautiful storytelling and touching stories
"
132,라켓소년단," I'm shocked
"
133,라켓소년단," Really enjoyed the drama
"
134,라켓소년단," Worth watching
"
135,라켓소년단," Interesting, exciting and cute!
"
136,라켓소년단," Yes 10 stars here! 🌟
"
137,라켓소년단," THE BEST!
"
138,라켓소년단," Nice
"
139,라켓소년단," NICE DRAMA
"
140,라켓소년단," Heartwarming and cute drama
"
141,라켓소년단," I don't recommend it!
"
142,라켓소년단," Decent series, don't let the Indonesian review bombers say otherwise
"
143,라켓소년단," A very bad adapted version of Reply 1988
"
144,라켓소년단," Wholesome show. Just good feels.
"
145,라켓소년단," Wrong Move
"
146,라켓소년단," Not that bad at all
"
147,라켓소년단," just my point of view
"
148,라켓소년단," It isn't supposed to depict the sports accurately
"
149,라켓소년단," Enjoying this series so much!
"
150,라켓소년단," Heartwarming
"
151,라켓소년단," I enjoyed the drama
"
152,라켓소년단," Dropped
"
153,라켓소년단," RACIST
"
154,라켓소년단," Try to watch it first!
"
155,라켓소년단," Very good sports drama
"
156,라켓소년단," Friendship
"
157,라켓소년단," best drama ever
"
158,라켓소년단," contains hoaxes and racism
"
159,라켓소년단," BEST OF THE BEST 👍👍👍👍👍👍👍
"
160,라켓소년단," comedy show
"
161,라켓소년단," Flat plotline & boring
"
162,라켓소년단," My favourite series ever
"
163,라켓소년단," Amazing heartwarming series!!
"
164,라켓소년단," Almost Good
"
165,라켓소년단," It's a refreshing drama
"
166,라켓소년단," Wonderful Series
"
167,라켓소년단," great!!
"
168,라켓소년단," masterpiece
"
169,라켓소년단," Why assessments of it can be so bad ???
"
170,라켓소년단," Heartwarming Drama
"
171,라켓소년단," Heartwarming it is
"
172,라켓소년단," A healing drama with beautiful scenery and great actors
"
173,라켓소년단," One of my favorite drama
"
174,라켓소년단," I really like this kdrama...
"
175,라켓소년단," LOVE THISSSS
"
176,라켓소년단," Great Story!
"
177,라켓소년단," Good actors, fresh story!
"
178,라켓소년단," Not racist
"
179,라켓소년단," HEALING, CUTE AND MANY LESSONS FOR EVERYONE
"
180,라켓소년단," Quite Enjoyable
"
181,라켓소년단," A decent watch
"
182,라켓소년단," Great Easy Watch
"
183,라켓소년단," My favourite drama
"
184,라켓소년단," Heartwarming
"
185,라켓소년단," Amazing drama ignore the butthurt review bombers
"
186,라켓소년단," One of the best sports Kdrama ever made.
"
187,라켓소년단," Its really inspiring
"
188,라켓소년단," Great show don't let the rating fool you
"
189,라켓소년단," These reviews are bizaare
"
