,title,review
0,라이프온마스,"Life on Mars has a solid story, however it doesn't really deliver in the end, though the serial killer story was intense at the begining. The small cases that took place and created the puzzle of the main story, the relationship between the members of the police team and the performances, were the highlights of the series. Especially the cases were really interesting and entertaining. The bromance and the dynamics of the team were so good that I'm wishing that there would be a second season, taking that epilogue in mind and the fact that they didn't really explained why he went back in time and how. But overall, it was enjoyable."
1,라이프온마스,"This is a splendid drama. Strong story, tight execution, subtle acting and chemistry. Yes there's kind of virtual time travel, but the not so clear explanation (but the hint is very strong as to what's going on) is actually well done. Some may not like that though. The final message for sure takes center stage here instead of the plot.The captain and the female officer gave fantastic performances. The cases are interesting and essential to the main character finding his past and formulating his thoughts and choices for the future. And the cliffhanger really shines he main character fights to make sure the tough choice actually makes sense.The chemistry between the 2 male lead is good. The comedy aspect is not overdone. The strange gathering place where they drink and talk gives a weird vibe.My only gripe is the constant same camera trick of pulling zoom whenever the main character have a headache. That's just too distracting.Supposedly taken from the UK tv show, but this show carries it's own weight and transplant itself with old time radio Kpop, karaoke, chicken dinners, and male chauvinistic attitudes. Bravo"
2,라이프온마스,"Generally, crime & investigation genre drama seems boring. Sometimes they cannot keep pace with the little cases or incidents inside the drama which create loopholes!
But this drama is different! While watching the drama you will become a part of it, you will feel thrilled about each cases! Though it has crime, investigation : this drama is not boring or slow paced at all! trust me!
If you love investigation drama with solid plot, UNPREDICTABLE cases, vivid thoughts, lots and lots of funny moments (will make you laugh harder, refresh your mind) unlike other dramas: go watch this drama!"
3,라이프온마스,"I watched BBC original one a while ago and really liked overall story and idea.Although i don´t remember everything from original anymore, i´m pretty sure this Korean one is even better in most ways. By quality, characters and relationships between them, probably more interesting cases too.There´s only one thing that i´d complain about. The ending episode not having Life on Mars song playing when he jumped. That song gave the scene more powerful feeling. Korean version didn´t give off same kind of feel, so it felt a bit bland."
4,라이프온마스,"Recommended to those who love crime thriller drama. The story evolve around year 2018 and 1988, even though I don't really understand how Han Tae Joo can transport from time to time. But what make this drama more interesting is because some of cases are BASED ON TRUE EVENTS. Definitely recommended!"
5,라이프온마스,I really love this crime thriller drama. It has Signal (2017) vibe. You will fall in love with characters. The story between year 2018 and 1988 even though I don't fully understand the reason how Han Tae Joo can transport from time to time. But this drama will open your eyes as some of the cases are based on the true events ! Definitely recommended !
6,라이프온마스,I will never forget the characters especially kang dong chul
7,라이프온마스,"I watched the original BBC show, which is great. But this one has more stories and I think depth. The actors are great, the South Korean 80s fantastically recreated, music, direction... I could say that I like more this one than the original and the original is very good! (even though I gave to both 9 stars)."
8,라이프온마스,"This show was one of the best shows that I've ever seen. Good acting, strong story, beautiful drama, good comedy, interesting cases and overall enjoyable with a lovely vibe. I don't like how repeatedly the dolly zoom was done but i like the direction and camera scenes and the lighting. I'm giving this show two stars only because of the bad ending which wasn't satisfying to me. I understand what happened but i'm not happy with the ending at all! I don't expect to watch a second season as the only reason that kept me watching was the explanation which wasn't satisfying as i said, so i'm not excited to watch another season."
9,라이프온마스,It is a great tv show give it a chance. The characters are well written tha plot is good the weird time travel lmao was epic.
10,라이프온마스,"Great acting, great cinematography and really great and unique storyline. Usually with these kinds of storylines you get so many plot holes but in this drama everything matches and has a logic behind it.
Honestly I am baffled why the number of reviews (and I'm guessing overall viewers) are so low compared to other dramas. It could be due to the fact that there is no bold romantic relationship involved, although it exists.
Overall, first 3 episodes couldn't get me hooked but starting ep 4 it was addictive and I think this is going to be one of the most memorable drama endings I have ever watched. No forced sad/happy ending or trying to just wrap things up. It was really satisfying to me."
11,라이프온마스,Overall it's a good series and I really hope it end well but its quite disappointing. The acting for the main character was amazingly done. And I really hope that season 2 will come but maybe it will not happen.
12,라이프온마스,"Life on Mars is a very good psychological crime thriller. It may take some time to adjust to the main character's medical condition but once you do that it is quite good and brilliantly executed.The good elements are its story, performance, direction and production. Being a 16 episode drama, you didn't feel it stretched or too long. It is quite gripping, intense and with a lot of unexpected situations.The only drawback is the first 4-5 episodes where you didn't know about what is happening to main lead. Is he in a coma, trapped in his subconsciousness or dreaming? But once you past that, the journey is quite enjoyable with lots of unanswered questions and then al the end their answers.The best part is the ending. Some people may not agree with that but as a human nature of belonging to something, the ending do the justice with the story."
13,라이프온마스,"Im at episode 12 and still enjoy the show. But the scene when the main guy stop the asthma killer on the bridge, man that really ruin the fun. As a police, he knows must really secure the bad guy first, bu he keeps doing the same thing. Talk first, get stabbed later. Hope i will not see this kind of things again on next episodes."
14,라이프온마스," Good Enough
"
15,라이프온마스," More than ordinary
"
16,라이프온마스," exciting, out of the box! Worth watching.
"
17,라이프온마스," Better than original?
"
18,라이프온마스," Awesome Drama
"
19,라이프온마스," Awesome drama
"
20,라이프온마스," Truly enjoyed the drama
"
21,라이프온마스," Travel in time to the South Korean 80s !
"
22,라이프온마스," Disappointed
"
23,라이프온마스," Awsome tv show, the characters, the plot
"
24,라이프온마스," flawless unique storyline
"
25,라이프온마스," Quite good series.
"
26,라이프온마스," Life on Mars is a very good psychological crime thriller
"
27,라이프온마스," Enjoying it but...
"
