,title,review
0,런온,Have u ever finished a drama cz u LOVED THE SECOND COUPLE? Hell yes! This drama absolutely. The casting could have been better cz he didn't look like a college student. Ms Seo didn't look as old as they wanted to portray. She's literally my new lady crush. For some reason the lead couple's chemistry didn't appeal me. The lead actor's role was nicely developed and it was hilarious to see his reactions initially in the drama but he matured so much throughout the drama.Episode 13 seemed best to me! That fight about Ms Seo's fake birthday was very nicely put. Each character boned with each other so nicely. Specially loved how a kdrama created a gay character.Last episode had a dialogue like Happy ending are just fantasy and illusion created by Civilization. That's so true cz I was kind of hating how the almost didn't give the second couple happy ending. They kept the ending open. That's the best part.
1,런온,"A runner takes down some bullies in the track team and gets disqualified so becomes a trainer instead. He falls for a subtitle writer / interpreter. Not a lot happens. There is a rather out of place opposition from his father which is strange since he isn't that big of a deal anyway. Her work on the film set is fairly interesting.
This series is gentle and laid back. The characters are nice and level headed and hardly ever raise their voices and come across as being insipid at times. The story is the opposite of melodramatic to the point of being dull in parts. Sometimes they even show mundane things like doing laundry and grocery shopping.
Shin Se Kyung is sweet and demure and speaks English well when she interprets. The funniest part is when she fought with a foreign director. Im Si Wan looks angelic and kind. The secondary couple an agent and an artist is a little unnecessary. And I don't get their problem.
If you want a simpler laid back series then this is okay."
2,런온,"The initial setup was fine, not particularly exciting, but the second leads had amazing chemistry, and I found myself fascinated by the gormlessness of Im Siwan in his character. I really just wanted everybody to have a good ending and live well. They had to bring in some of the stereotypical K Drama development situations, and I keep wondering why the lead always wore such baggy clothes, but all in all a sweet and compelling view."
3,런온,"I did not like this kdrama because of it's slow paced. I also don't know why I don't like the lead actor. It's just that every time I look at him or hear him, I feel like he is about to sleep. This type of character appears to be boring. So when I watched it I really feel bored. I only watched upto 7 episodes and I thought it is already 14. So I jumped to the last 3 episodes but still wasn't able to watch the whole thing. Finally I watched the ending and to be honest I cannot remember it anymore."
4,런온,"Korean Drama ""Run On"" is a healing slow-paced drama with a realistic view when it came to the romantic relationships. However, the drama's story other than the romance was weak. They didn't really expand on it, the family drama was rushly resolved, the sports theme that was pretty interesting at first with the scandal, was lukewarm and the side characters were added here and there to provide coverage of the gaps between the love stories.The drama also lost its charm in the final episodes, with some boring scenes and a pretty slow pace. The product placement in this one was also ridiculous, with actual scenes being created for the sole purpose of the placement. Another minus of this drama was the fact that, except for the leading lady, the other characters felt pretentious at times, like they were trying hard to fit in the description of their personalities.Other than that, the drama had a nice atmosphere, with a slow tempo and some nice aesthetics. The female lead was an interesting character and the performances from everyone in the cast were pretty good. The love stories had a realistic aspect to them, as well, which was refreshing and unique.So, overall, 6.5 out of 10."
5,런온,"So it started off nicely and then honestly actress portraying Dan Oh caught my eye. Loved her chemistry with the second lead actor but I thought she was very young and there u go..Typical korean flawless beauty! How can someone look so effortlessly beautiful at 30? Then I found out she was actually a member of girls generation, one of the most popular girl band in Korea whose name u hv probably heard of if u r into k pop! Is there really something that korean ppl can't do? Way to go versatility."
6,런온,"Nice boy-meets-girl K-Netflix romance drama with OK subtitles. The plot centers on rich boy meeting working girl, corruption at the top of Korean society, and a exposé of fictional institutional bullying in the Korean male athletics team, an issue that becomes hero, Ki Seon Gyeom's mission. Ki Seon's girlfriend, film translator, Oh Mi Joo, another very sweet but bratty Korean girl (why are they all so bratty!?), eager to progress with integrity in an unfair male world. For English-speaking listeners it's obvious Mi Joo struggles when trying to speak authentic English, so not the best casting as an interpreter. But it's just a story, - right? - and an entertaining break for those wanting pure romance."
7,런온,"I really loved this show and it really should be watched by more people.The plot isn't the main focus of this show but rather the growth of each and every one of the show's characters from beginning to end.While it has few drama-usual elements such as the rich/political father being an absolute jerk to his family and only caring about his own success, the drama itself is anything but cliché, thanks to the majority of the characters and especially the leads and their journey of growth. The characters are going to surprise you more than once.Another thing I loved is the fact that this show talks about important matters of life such as self-value, self-reflection, homosexuality, degradation and sexualization of females at their workplace, the social status of orphans and many more!Also, I've never seen such a beautiful ending in terms of the final scene having all characters on screen one last time no matter how big or small their role was and yet have it fit into the show's storyline.Despite everything good this show has given me, I was bored during two or three scenes (mostly the Candy movie scenes - you'll know when you watch it) and I'm a little disappointed they left loose ends. In the beginning of the show, Mijoo kept carrying a lighter that looks like a gun with her and at one point she literally had a panic attack because she thought she was being followed which made it seem like something had happened to her in her past. But it is never further explained, even though that gun does play an important role in the show's development and it is even mentioned in the final episode again. Another one of those loose ends is Seo Dannahs illness which is hinted at in the beginning as well. We never learn what illness she has or why her half-brother seems to have the same illness. And then her father suddenly dies even though he was playing golf a few episodes prior. Maybe he was ill too? But we'll never find out. Which is kind of sad because if you're gonna give those things screen time then at least explain why it happened at some point."
8,런온,"The story is fresh,not like usual dramas. We don't see cliches but main couple has no chemistry and honestly I find main lead so unrealistic. I didnt like the character,however second couple is good. Especially Choi Soo-young's character,I loved it."
9,런온,"The drama only gets better after episodes. The characters are nest in their role. The male lead has a unique charm in his face and female lead is just all rounder and both of them can express so well. The supporting riles are on point too. This is not a rushing drama and made for one who loves to go slowly with the flow , with nothing extra and nothing less. Hope it continues like this in upcoming episodes."
10,런온,"I'm really not a huge fan of stereotypical korean romance dramas cause I find them kinda corny and shallow but this drama is a masterpiece. From the acting to the story line and the individual characters there's nothing I can complain about. It's so refreshing to see healthy non-toxic relationships portrayed in a drama, they're mature, realistic and makes you feel like you're watching something genuine. All of the characters even the supporting cast are so complex and interesting and they each have their own uniqueness. This is truly one of my all time favorite dramas I laughed and cried so much, I hope everyone gives it a watch!"
11,런온,"Another drama i kept avoiding because of the rather boring narrative but i was pleasantly surprised, Run on is a very sweet romance drama starring Siwan and Shin Se-kyung. Siwan portraying a national athlete Ki Seon-gyeom stands up to bullying and violent practices between athletes and for that he is suspended from the team. Shin Se-kyung as an interpreter Oh Mi-joo meets Seon-gyeom as she is hired to translate for him. If course, they fall for each other. There are number of things i would like to highlight on this drama. First the character of Ki Seon-gyeom, a perfect athlete, incredibly high sense for integrity and fair play, stands up and looks out for his younger fellows. Innocent and in a good way, dumb. Siwan's voice is incredibly sweet, its tone and cadence was very pleasant to listen to. Another thing worth mentioning was the love story of the supporting roles, Seo Dan-ah and Lee Young-hwa. I dare to say that the dynamic and chemistry between those 2 were stronger than betwen the main leads.. and finally, in this drama you wont need to watch the annoying bickering and ridiculous characters that are present in every single kdrama, in Run on they are all more less normal ;)
Overall very sweet slow burning romance, very good performance by all actors."
12,런온,"I am so in love with this show! I love the uniqueness of script, well written! Every time you watch an episode, you receive a heartfelt, sincere, warm, and romantic excitement as the story progresses. The chemistry between the 4 lead actors is overflowing, the OST's are wonderful. It's like a dreamy, lovely, relaxing, heart fluttering journey for us because the romance is there even without forcing it, they are charming. For me, it is a golden k-drama that is always worth rewatching.Everything about this k-drama is perfect; the dialogues, the characters, the actors and the story! We can finally start 2021 with such a good drama! Watch it on Netflix now!Bravo!"
13,런온,"I don't even know where to start.. The only good thing was seeing Siwan acting and the story of painter with Dan-ah and then nothing. I used to like Shin Se-kyung actress as I saw her in different dramas but in this she was really cringy a few times, I was not moved by her at all was. Story is weird, what was even the point of it? Main character drops out from running and then around episode 14 he became something close to the dream-an agent. Why is it called run on anyway and why are we chasing after the life of a runner(Kim woo-Shik who has issues in becoming one, even if he didn't really want to be one but of course at the end he earns a medal? I liked how this story started but then I had to fast forward couple of times, around episode 10 I just gave up on it basically and but I finished it in the end. Also, I usually don't mind seeing product placements, I am aware they put also the sign to tell us but c'mon! There must be a limit.. It really annoyed me whe prudct placement for main character's eyeglasses
Like, he didn't even need it but OK we must place something so let's make a story about it. I mean, keep it to a minimum and don't add to the script nonsense. In the end I watched it due to the high ratings I saw around here but.. Why..? I can't recommend it, sorry."
14,런온,"This drama has taken me by surprise in a very positive way.
I love how this show reflects on so many different social issues that I guess they are still a big taboo in South Korea.
The characters of this show are very well written and have so many layers, I am also very pleased to watch such strong feminist female characters in a Kdrama, very refreshing and unexpected because it's very rare to find.
The story is sweet, lighthearted and emotional but powerful enough to keep you hooked until the end.
I enjoyed it a lot, very much recommended."
15,런온,"Therefore, I personally find it excellent. Also, the characters seem refreshing and unique; described that way too. Not to criticize the translator, but I wish the writer's wit in the original lines were easier to deliver in different languages."
16,런온,"I'm in love with this show, the characters are mature, direct and sincere, the show escapes the cliché stories that are already tiring."
17,런온,"Just started watching this and I like the drama overall but I find the main character, the guy, very bad looking. He's not a good match for her at all 🙈 Is he considered to be a good looking guy in Korea? I don't understand... Besides the looks I'm not impressed at all with his acting. All he does is maintain a blank poker face with no expression - no emotion whatsoever is reflected on his face. The producers keep pairing up the wrong combination. Either he's good looking or her. Why can't we have both?! King eternal monarch is another example of ruined drama. Apart from that there is no chemistry between the 2 main characters. Very disappointing and difficult to watch. I was unable to watch more than a couple episodes."
18,런온,"I would rate this show 7.5 stars, but deducted 1/2 star for difficulty of immersion. It took me 4+ episodes to get into the groove of the story, but once I got a feel for it, it was pretty good (though there are plenty of other Netflix KDramas which I personally found more appealing /enjoyable).As an English speaker, the biggest barrier for me was actually the script. The plot itself was simple enough to understand, but the dialogue was a different matter. I got the impression that the wording was probably quite complex and clever in Korean, with lots of subtlety and nuance. However, as often happens with foreign films, the subtext which gives deeper meaning to the actual words was largely lost in translation. On top that, there were (ironically) also many places where the subtitle wording, despite being technically accurate, felt stiff or awkward (IMO). I kept having to pause to make sure I had read them correctly.Aside from language issues, this film also features some characters with atypical personalities/backstories. For viewers who are already struggling to keep up, this adds yet another layer of complexity to the viewing experience, since the attitudes /reactions of the main cast often fall outside the norm (at least initially), and are that much harder to understand. Taken together, these issues could make it difficult to engage with the characters and leave viewers feeling like they are missing something.However, if you are willing to persist, things do gradually become clearer, and there is a fair bit that is fresh /unusual about this film. The story has a lot going on besides the central romance(s), and delves into many social issues, including bullying, family abuse, and misogyny, and is sprinkled with plentiful acknowledgment of the gay community. If these are meaningful subjects to you and you don't mind having to read between the lines a fair bit, then this film may be perfect for you.ROMANCE RATING: * * * 6/10. While YSW & SSK did have a certain level of chemistry, it seemed more like a cozy blanket than a raging fire, and lacked any sort of sexual tension. Personally I also might have wished for a bit more passion in the 3+ kiss scenes, but if you go for sweet and innocent rather than deep and intense, this should be just your cup of tea."
19,런온,"By far one of the best series I have ever seen. And I don't exaggerate. And for a start, it has a happy ending for everyone. I highly recommend watching this drama!Run On portraits real emotions and everyday struggles when it comes to being in a relationship and how to manage yourself in the working life. In real life we ask ourselves 'is this the one?' and 'am I good enough?', these exact questions are being asked by the characters. Obviously, you as a viewer already know the answer. Screaming 'yes' at your screen won't help because the producers want you to understand their past and see their journey to self-love. And let's face it, answering those questions in real life isn't easy either.One drama, two storylines. THIS MAY COINTAIN SOME SPOILERS!
1.
Ki Seon-Gyeom is a national running team athlete. He is used by his wealthy father, a well-known politician, to help him achieve popularity and strong social status. Be careful though, you really want to throw hands with the father. Instead, punch a pillow and not your screen.
Then we have Oh Mi-Joo, an English and Korean translator. She is asked to be the translator for Seon-Gyeom.Trapped in his own world full of abuse by his father, Ki Seon-Gyeom manages to free himself from his father, and to transform himself into a lovely person capable of showing real emotions. This is all because of Mi-Joo. A relationship seems inevitable. However, due to their pasts and Seon-Gyeom's family, they both need time to understand each other and work on their own struggles before they can fully accept each other.2.
Seo Dan-A, the CEO of a sports agency, comes across as an emotionless person. She likes to do it her way. But this doesn't stop Lee-Yeong-Hwa, an art student, from falling in love with her.Her curiosity about one of Yeong-Hwa's painting leads to a rollercoaster ride of mixed feeling. And in the end, she is !finally! able to accept her love for him."
20,런온,"I really really love this drama....the cast were so into their role
..their lines were so amazing...i love the chemistry of the two couple. wannna support them till the end..fighting gyeonmi and danhwa couple"
21,런온,"A track athlete who is probably very reserved or autistic becomes involved with an interpreter who earns a living adding subtitles to films. An interesting story with a strong cast and the added bonus of a second lead romance, which is between an artist and a businesswoman. Also through the series is the cut away side story movie which all the cast appear as different characters."
22,런온,"9/10 is my rating. This is a 2021/2022 Romantic Sports Drama with 16, 60 Minute Episodes.Seon-gyeom (Im Si-wan) is a runner on the National Track and Field Team. He is the visual for the team but also a strong runner who has consistently scored second. Heading into retirement his goal is to finally take first place, but a bullying episode with a mentee leads him to put his career on the line for principle. Some would argue he is able to do this as he grew up with priviledge but he suffers intense criticism and malice for his action from his family and from the sports world.Seon-gyeom grew up with a politician father and a famous actress mother and an older sister who is a pro golfer. He was a latch key kid who did not get much social interaction and whose family was all about expectations and less about caring and love. His older sister is his only ally against his father's unreasonable expectations. Oh Mi-joo (Shin Se-kyung) was an orphan who worked hard for every opportunity she ever had. She is an interpreter for films and takes great pride in high quality subtitles to the extent she will watch each movie multiple times. Her and Seon-gyeom cross paths when she is hired to interpret for him as he attends several key sporting functions that could benefit his father's political career. The father hired her thinking, since she had such modest means, she would be easy to manipulate but what he did not count on was Mi-joo's pride in her work and high ethical standards. As the two get to know each other they discover they are more alike than different and love may change both their lives for the better.2nd Couple: Lee Yeong-hwa (Kang Tae-oh) is a young artist who displays his art works in a local coffee shop where Chaebol CEO, Seo Dan-ah (Choi Soo-young) grabs coffee. She grew up in a severe family environment as her mother died early and her father had multiple relationships resulting in half and illigitimate siblings. Competion for inheritance is fierce in the household so the siblings do not develop loving relationships among themselves or with their father. As a result Dan-ah is sarcastic, rude and has no social filter - she pushes most people away. She had a close relationship with Seon-gyeom when she managed his sports career and they even appeared on each other's blind date lists as they both come from wealthy and elite backgrounds. The lively and engaging artist Yeong-hwa is able to crack through the frozen exteriors of both elites and befriend one and romance the other. Yeong-hwa and his infallible good humor and persistence may be the only one able to break through Dan-ah's icy exterior.Spoiler Alert** I mostly liked this series. I wish it had focused more on the running culture and was a bit disappointed that his career as a national athlete ended so early in the series. The statement he made about bullying among athletes really fizzled out. The coach who was allowing it continued to coach. He was never exposed for enabling and actually condoning the behavior. The bullies were sent off but it did not feel like they got the punishment they actually deserved. In terms of exposing the issue - it did that - but I personally like seeing the good guys win. The way it played out it was like don't bother blowing the whistle as it will only ruin your career and no one will want to have you on their team. The bullies belonged in jail for what they did. I know it may have been more reality based that way but I like the positive outcome when I am watching fiction - I want the good/positive outcome. Show the possibility and give people hope. I really liked the slice of life of a sub-title writer/editor. It was interesting to think about how much control they have over how things are said and how that can flavor the whole movie or whatever piece they are working on. I liked that her career took off and it was a result of her hard work and strong ethics. I loved the ML and FL characters and they were so similar in so many ways. He was extremely socially awkward but she was a bit too. She had no filter when it came to voicing what she was thinking. I could see how they fit together in personality so nicely but also why they might bicker. I felt a bit irritated in this part where she got angry with him for being out all night and not telling her where he was. She was insecure he may have been with another woman and that he did not care enough about her to keep her informed. I understood she was upset he didn't bother to text or call but when he apologized and was trying to make it up to her I thought she should have forgiven him. I was also disappointed in the way she reacted when his father threatened her. The man could be terrifying no doubt but I wouldn't hurt someone I loved because of it.I would find a way. When the mix up was cleared up though she remained angry with him until she needed something. She even commented that she was being bad for only making up with him because she needed something. The second couple had a very interesting dynamic. I understood her damage yet still thought she could be somewhat abusive to him. The ending was less than satisfying for me. It showed everyone back together but there was no type of permanence in any of the relationships. Everyone was just dating. And given they had broken up so many times before it did not feel like a happy ending. My daughter who watched with me is in her late 20s and was perfectly happy with the end. But, in my early 50s, I am in the generation where marriage or at least engagement was the happy outcome. So I think whether or not the ending will feel happy and wrapped up is somewhat generational. It was really good - kept me interested the whole time but just a few things that kept it from being perfect. Definitely worth watching for the great acting, insight on national athleticism, and sub title writers and the character development and chemistry between the leads was on point."
23,런온,"I believe I have watched enough episodes to give a non bias review. So, I really wanted to like it but gave up. Acting is cringe and the story is odd. Sometimes it feels like they are reading everything off of the script. This show is an example of how not to act. I am a big fan of Shin Se-kyung. I loved the actresses work in other projects. She is one of my favourites but it is what it is. My previous two negetive reviews were removed due to not being ""specific"". So for this review, I would say that the drama is LIFELESS."
24,런온,There's seriously no chemistry between the main couple. I had to skip all their scenes because I was dying from boredom.The second couple tho. Seriously such captivating chemistry! I'd recommend this show just for the second couple.
25,런온,"Very interesting dialogue and communication exchange. Not your ordinary romance drama. Not the usual k-love story. I have watched up to the 6th episode and will definitely continue watching this. I am enjoying the story line, the characters, beautiful actors and great overall appeal. Good editing and translation too!"
26,런온,"Wonderful actors, characters, cinematography, OST, dialogues, and very
well-written in it's own way.
I can say that the people who will be attracted to this drama are both smart and kindhearted people who see the beauty in the simplicity of every thing.
Run On is simple. Relaxing, calming, and some even say this is a healing drama.
I can say that every character here is adorable, from the main leads to the smallest role, even the villain, not really very annoying, but you can even laugh.
So I think, if you like them all and you enjoy this drama, you will definitely not stray from being an adorable person. You are also adorable in your own way. Because as the saying goes, we are attracted to people like us. It's not always 'opposite attracts'.
My suggestion, watch the first episode, and when you like it, you will definitely like it until the last episode. Because it only gets better after each episodes. But if you don't like it, but you still want to give yourself a chance because you are the type of viewer who will like the show in 3-4 episodes, do it. And if you still don't like it, drop it. This is not for you.
It's not boring or bad drama as some say, because the truth is that it's not just for everyone, just like any other dramas."
27,런온,"I have to say that I enjoyed watching this series for both the 1st and the 2nd couple. Yim Si-wan's character was very unique and unusual but understandable. As he started interacting with Shin Se-Kyung, he realized so many flaws about himself and eventually started to break-out of the shackles that seemed to hold him down for so long. Kang Tae-oh and Choi Soo-young's romance had a very alluring feel to it. The two leads sparked some serious tension every time they met. For me, this series had a very memorable moment of reconciliation that was perfectly put together. Overall, the series was very enjoyable and worth the time."
28,런온,Good acting but the story is not interesting. Slow moving drama with no excitement.
29,런온,"So cuteeeeeee i love it
i think it's a story of first love so it's unique too :)"
30,런온,Watched 3 episodes already into it good chemistry no overbuild up slow paced romance worth watching just go for it its awesome
31,런온,I enjoyed watching this drama. It shows you exactly how healthy relationship is. Very healing drama and recommended.
32,런온,"Start was good and funny, but as the episodes passed the show became more and more drawn out. Main lead couple had little to no chemistry and their relationship was extremely cringe and hard too watch. I didn't like the male leads acting his emotions and expressions were all off. Second lead couple was AMAZING THO, i loved both the actors who played them, were extremely engaging. Would recommend watching Run on just for the the second lead couple, but overall it wasn't bad, but it wasn't the best."
33,런온,"The dialogs were like from a skit.
I didn't find any purpose or end goal from this show.
Acting, cinematography was really good though.
I felt I watched some show in which first few episodes where written by someone, next few by someone and so on....... basically the south went every where and it felt like I watched something vague."
34,런온,"The amazing dialogue, cinematography and beautiful cast make this Korean drama a must watch. This is one of those feel good iconic dramas that you will not only enjoy watching it but the feeling lingers on after the episode is finished as well. This one must be remembered for a long time among true k drama lovers."
35,런온,"I don't like lame heroines ,that said , this series was real , it was made with people full of flaws and I liked that.The male lead was superb , it's very hard to play quirky and I have respect for quirky people, they end up changing the whole plot, In real life too.I appreciate the storyline for giving importance to all the characters ,even in real life we are nothing without supporting roles.I liked when the female lead is sick and calls mom in pain , the guy tells her to call him by his name, I dig that!PS: I now have dark circles for I binged watch whole night and now it's finished and it hurts. And also I will start running."
36,런온,"Somewhere in between a melodrama and a romantic comedy, this Korean drama will give you a warm fuzzy feeling. The tone of drama is youthful and simply charming. Only four episodes in and this has become a favourite. The main leads have amazing chemistry and believable acting. The main story line tells the process of a track and field star leaving the track, setting his own path, rebuilding his career, and making his own choices for the first time in his life."
37,런온,"Yes, it IS a working girl that meets a rich boy with family issues. Personally I love those kinds of ""class clashes"", usually where the rich parents try to prevent their child from being with a ""nobody"", but they already love each other too much to go separate ways so they try to make it work no matter what. Love conquers all - even if it takes some time.Run On had another perspective for me - it's not as shallow as it seems. If anyone thinks it's shallow, it's because they didn't get it. The learning and growing of so many characters, especially the main male character, Ki Seon Gyeom, really got to me.I saw someone complain about Ki Seon Gyeom being a ""poker face"" and it made me sad. I think the acting is brilliant. I don't know if Ki Seon Gyeom is supposed to have autism, but that's my interpretation and that makes the acting flawless. It was natural for me to believe that he was on the spectrum, even if nobody mentioned it.I fell in love with Ki Seon Gyeom for being the way he is. His ""poker face"" is an analytical face. It's perfect (and gorgeous). He is so generous, doesn't act spoiled or like a brat or ever mention that he's rich. He has such a kind and honest heart. He wants to help other people to reach their goals even if it brings himself down. He does struggle with communicating feelings, or even understanding his own feelings. That's why Oh Mi Joo is perfect for him. She's honest and straight forward with him, and willing to learn him how to understand the people around him. She's helping him to love himself. She brings out the true version of Ki Seon Gyeom, gives him confidence and meaning, and all the love she gives him (sometimes probably subconsciously) is reflected back at her.I am so happy I found this series. It will warm my heart for a long time."
38,런온,"I HIGHLY recommend this drama..BUT.. I must say that Run On is not for everyone. It is only for special individuals.Because with the kind of story that Run On has, I prefer to say that the people who will like it and will never be bored, are people who possess intelligence at the same time having a pure heart, or perhaps having a pure heart solely is enough. It seems so simple, but also deep, and complex on the other hand. Even if there are those who say that, though they've finished the drama, they still don't understand what the story really wants to convey, there are also people whose hearts already understand what the drama wants to convey even though it's not really presented directly. Run On targets your whole heart and and a little bit your brain. So for others, it's a healing drama, because of their wounded hearts.Every single actor and their corresponding characters are all adorable, admirable, don't deserve hate, and not worthy of comparing to anyone because they are already perfect for their drama roles.Once again.. Run On is not for everyone. It is only for special individuals..When you watch Run On, you don't have to ask why is it like this, why is it like that?.. Your heart already knows the answer.."
39,런온,"I'm loving the drama, perfect chemistry for both couples. The storyline is different from other dramas I've watched. This is the only drama that after watching the premiere of the episode, I'm rewatching right away. I'm not really into dramas with long convos but this changed my perception. The main actors are not just good visuals, the roles fit them perfectly. I'm not sure if there'll be other dramas like this in the future. For those who don't appreciate lengthy meaningful conversations, this drama is not for you. Im Siwan is doing a great job as well as Shin Se Kyung, her acting has improved since Bride of Haebek. For me this is worth watching and review."
40,런온,"This korean series talks about different personalities as well as life problems that all of us can relate. It doesn't just focus on one particular character but all the casts as well. The way they deal with life l, each one of them, really happens in the real world."
41,런온,"I started this drama because of Shin Se Kyung and Choi Sooyoung. But, our male leads are so cuteeee. Can't live them alone. Also the chemistry of the 2 couple is so strong. And one thing that I love about this drama, is that there is
no love triangle. You can choose who couple you want or you can love them both. I really recommend this drama to all of you. You'll love it like I do."
42,런온,I love both of the couples so adorable. All of the actors have great acting. The storyline is also so sweet and inspiring.
43,런온,"From IMDB:
""Veering off course from his preset path, a track star follows his own pace and heart for the first time after a film translator steps into his life.""Stars: Si-wan Yim, Shin Se-Kyung, Sooyoung Choi, Tae-Oh-Kang.Sixteen x One Hour Episodes. OK for all to view.I watched this K-Drama purely to see the acting chops of one of Korea's
most popular actresses: Shin-Se-Kyung ""Ms. Oh."" She caught my eye when
I saw ""Rookie Historian"", where she played the part of a female Historian -
run down by all the males, yet she was smarter, wittier and prettier than all.In 'Run On,' Shin reprises her persona as ""Ms. Oh"" a translator who writes subtitles for movies. Still the same acerbic and cutting wit, who doesn't take BS from anyone. Feisty and fun. ""Ms. Oh"" falls for a wealthy National Team runner,
much to the dislike of his father, a typical country bureaucrat - who wields
an iron hand and his word is Law. So he thinks.Second subplot involves the gorgeous and tall (for Korea) - Ms. Seo, who's
sarcastic wit and put downs are breathless to behold, until she meets a
""College Student"" painter, ""Mr. Lee."" You can guess the rest.As usual in 'hierarchal' Korea, wealthy look down on 'peasants' and older
siblings and parents must be obeyed; when not, there are consequences.There is a good supporting cast, and IMO, 16 episodes is a perfect length
to flesh out the personalities and insecurities of the protagonists - give it
a go, I believe you'll be pleasantly surprised. Easy 9/10 from me."
44,런온,"RO's a feature that trots out a showbiz tranlater who collides w/ (tramples?) a track star. A former English major, she's a Korean who transforms English voice into Korean subtitles & visa-versa. It's fascinating to watch her labor over language to convey the right emotion & tone. We learn translation is an art, & it can make or break a foreign film.While RO runs out of steam, we'll loll in that later.When the primary duo meets, circumstances mandate that she offer him a meal, but he's not hungry. She puts her number in his phone. Her name: ""When Hungry, Bang,"" ~> She'll shoot to him like a bullet. Alrighty, we are loaded & ready: Bang!-Start!Mi-joo (MJ) is our interpreter. She runs over&over every word she commits to screen. A moviephile, to work on big time productions is her dream. She's a word-artist, & to her life imitates movies. Toughened, she's a stand-your-ground girl. She runs amuck protecting a HS athlete. She'll verbally mollywhoop an interviewer on a trigger, & don't even start on rude directors. While SG pounds the pavement, she pounds Soju, & buys hangover-cure by the case. I'd be *honored* to be her bud.Ki Seon-gyeom (SG) is a track star. Though an Elite, his father scorns him-&-his profession. As he & MJ often run into each other, they, in due course, form a parity that morphs into love down the road- maybe b/c MJ steamrolls him.By following SG, we see he's buried himself, as he's hiding from his uber ambitious father. He mistakes caring (Doormatting) for maturity. MJ calls him on it: ""Do you know what you seem like to me? The person who's used to being hurt. You got hurt so much that you're used to it now."" By fleeing one pit, he fell in another. Pacing w/ MJ enables SG to clomp his father.MJ runs away after a lane obtrusion by SG's dad. For her, it's pain vs reward. She will have to endure pain to reap life's most precious rewards. As an athlete, SG knows all about it.She's bonked (walled), while SG allowed himself to get stomped. They both need a lane change. Like Woo-sik, who was cruelly hazed, they had built up endurance for harm: It's time to restart & CO-cross-train.The utterly sublime, secondary romance of Dan-ah (DA) & Lee Young-hwa (YH) deserves its own review. Did it.They scouted solid elements.°MJ doesn't just live movies, she also dreams them. She REMs a stellar old movie scene ala bad dubbing. Cute.°SG seems to have, well, what is it that allows him to wear the leopard & leather, chained belts a-hangin, w/ zero reaction? He's comfortable with himself & his masculinity? He's not socially or self-aware? Maybe he hates the boxes that society puts people in? He was certainly raised in a constrictor-box. Does he have a dry, but ironic sense of dead-pan humor? Please, let it be all the above. Let it not be that he's benched his emotions. When YH cried in his arms, SG's blank stare is what's scary.°Shin Se-kyung, as MJ, not only is beautiful, but she has an acerbic dry wit. She can zing 'em, & she has the gravitas to be authentic when so doing. I saw her as a mother-lover once before. Her authoritative aura would get her such parts. While that's not my CupO'T, her RO scenes w/DA are a diamond clad Lalique 🏆.°After the bday party blew up due to a dustup amongst the circle of friends/strangers, a group pretzel emerges from the tussle, as a mass of streamers enchant the air; a mistimed, but dazzling gala. They switch-tempo to slow-mo, so that in the chaos, MJ+SG halt & stare, oblivious to the melee. What a medal winning scene.Now, to RO's case of the yips.Aside from stale stereotyping, much of the show is padding to fill 16 Eps. It weighs RO down. Cutting it from 'marathon' to 'half-marathon' would fix it. (Don't edit outta twink of DA+YH's magical screen time!)Same director/writer. But the pulse rates of the romances are antipodes. DA+YH has the crisp tempo & editing, the slinky music & most of the mirth. While MJ+SG has adorable pylometrics, their screen time lags. The monotony is from, perhaps, a marathoner pace? That makes sense. Still don' like it.DA+YH's romance is replete w/ excellence. Virtually no word of dialogue is disposable. It's an intricate masterwork. MJ+SG's might be, but I won't watch it again. I have FF & will use it to get too every moment DA or YH is on screen.Slow paced offerings can be superb, RO isn't slow like that. I found my attention wandering... because it's (whisper) a bit dull. MJ+SG doesn't have a chance, really. DA+YH have a farther distance, & rockier road to hurdle. Also, YH is: Simply Irresistible- He's so fine, there's no tellin' where the money went, da dahah-da Dah-da...
Ah, nuttin like the 80's...The primary romance of MJ+SG is fluff that catches the eye & off it drifts. While lovable, this duo encounters only minor icey patches that quickly melt away. Good for them, bad for drama. Though MJ ain't dull, consider them the sweetest, but most boring couple we know- nobody pays them much mind.I enjoyed RO, truly; It's... going for a jog, meeting at the coffee shop, or having an impromptu cookout on the roof, & hanging out on a scenic drive w/ mates- just be aware of the potholes ahead.This is not the first Kdrama to address brutal hazing.Why do people bully? Really, why? We can reduce it to 1 word: Pride. If your kid's a bully, tho, it's nothing to be proud of. In the words spoken by Morgan Freeman, in the much panned, but worthy, Bonfire Of The Vanities: Be Decent. I've written more, if you're still awake, read on, by all means.~~QUOTE~~
My mouth is always the problem.All translation is treason.IMHO...
💓6 🦋4 SG+MJ
💓9 🦋 7 DA+YH
🎬7 🎭8 🤔6 🎨7 🌞7 🔚8. Age 12+~~optional~rant~~>
{This is #apolitical, as am I. Wholly played out, I've traded politi-rage for love of all.}Why does bullying still go on, even though everyone knows it's wrong?It's on us.Though invisible to most of us, pride, for humans, is THE thing. {Are you looking down on bullies right now? Understandable, but, Umm, that is often pride. We love to point the finger at ""the bad guy,"" (said Pacino) so we can feel superior.} We all do wrong, but our current culture is so rage filled, it seems like we're a decade away from screaming: ""Bring out the lions!""GOSSIP is also pride-based & akin to bullying. I'm glumly pondering the truth that I wishtheyweredead-loathe people who belittle me b/c it hurts MY pride. Ouch. Think of Maslow's peak need: Self Actualization. We grasp at relevance. We want to be special. Seriously, appreciatIon of me is in order, isn't it? Thisall's a tapeworm, my peeps, silently eating up the nutrients that we need for a fulfilling life: Love, community, altruism & contentment. (I would add a healthy spiritual life, where one believes they will answer to a higher power, as that's the most potent deterrent. To each to decide). Pride doesn't improve anything. It hollows a person, atrophying the inside, by overtraining the outside.Gratitude is essential. For those of us in the USA, there's rarely an excuse, as we're in the wealthiest nation, w/the highest standard of living, in the history of the world. Yet, nothing's ""my"" fault, & everything is disposable, even relationships. Utterly dissatisfied, we want more & more, More, MORE! Hey, #I deserve it for free!Humility is a long forgotten virtue that our culture now sees as a vice. Yo, parents! Granted, you (apart from vile exceptions) have the best aspirations, but among humans, the perfect parent has yet to be seen. Your execution *can't* be perfect {To double down on the word ""execution"": Don't smother or crush your child, either.} Each generation can be so fixated on the mistakes of the former, they may swing too far the other way, thinking we've arrived. Such self-righteousness (pride) can be our downfall.Most of us think we're great parents, or that we're ""doing the best we can.""Let's analyze that:Since 1960 there's been a 400-550% increase in violent crime, illegitimate births & divorces, w/teen suicide rates up 200%, while SAT scores suffered an 80 point skid.>We're on the skids. Let's go back to 1960, K?HA! That's madness. The powerful were sadistic: African Americans & anyone that wasn't a heterosexual, were freely brutalized. What the Jim Crowe era inflicted on any group that didn't fit in is excruciatingly & shockingly depraved. Disrespected, women had low social status. Those in power had a line-up to maintain their top-of the-food-chain privileges, controlling:>government, housing, education, jobs, even science(!), & all the money.Outsiders were denied the ""American Dream.""
/! Dreadful! Decade, my man./So, how's our generation doing? We're also hit-&-miss, like those ugly stats show.Ironically, we've become what we hated about the 60's!Look at the list: The self-righteous prigs NOW in power (The Poli-Corporate Oligarchs) control it all now (government, housing, education, jobs, science, &💰) so as to maintain their top-of the-food-chain control. What's worse is they control the information (unless we take pains to dig deeper). We are the most privileged ever, but the most self-involved, wrathful, depressed, anxious-nigh-on-despair populous ever.Hazing, at least over jealousy, as seen in RO, started w/Cain & Able. It's neither novel nor new. It's sadism- the same trail trod by serial killers. If your kid bullies, drop all the excuses. (Are the excuses even about your precious, disrespectful offspring, or about YOU?) Don't litigate if their target lashes out in self-defense. Be a parent, not an enabling scourge on society.Could we stop raising monsters, please? Do unto others w/empathy. Raising children is about them. Not you-or your pride.~~~~~ end rant ~~~~~~"
45,런온,Finally a slice of life drama that isn't slow or depressing!! Or perhaps it is your standard kdrama but it feels more realistic. This show steers clear of your standard kdrama tropes with a lead couple that communicate well and respect each other. The second leads were beautiful and funny as were all the side characters. Very sweet and enjoyable and relaxing.
46,런온,"So many topics were covered in this show, the jokes were subtle but hilarious, the whole cast was brilliant, the season finale made me cry so much because the emotions felt so real. The main couple are great but I was captivated by the second couple. I am truly grateful for people whose job it is to translate tv and film into other languages so across the world we can understand great shows like this."
47,런온,"The leading actress is pretty, sweet & cute. She speaks really good english. A sweet face to look at.But the leading actor is very trendy, blank with big wide eyes, expressionless, really straight & terrible at expressing his feeling.He can be really dense, she keeps pouring her heart out but he doesn't gets it. It takes alot of episodes to see him opens up to her.A story about how each character grows.The leading actor's mom is so sweet, funny & cool! A drama about a terrible father, a rich man who uses his family to promote his status & abhor others who are beneath him. The wife who doesn't like her husband. A son who despises his father. A daughter who is not good enough to takes over her father empire because she is a woman. She is so cold-hearted towards her step brothers & people. A struggling translator who trying hard to be successful. A rich retired athlete trying to find himself. Homosexuality is still a taboo & unacceptable.Different characters portrays different struggles. Intriguing in each episodes. If you are looking for that romantic swoonworthy drama, this is not it. The 8 stars are for other supporting characters & the 2nd couple chemistry!"
48,런온,This is one of the best and most beautifully scripted drama I have ever watched. The cast has done justice to their roles perfectly. Each frame of this drama brought me ecstasy.
49,런온,"This show is very slow paced and the lead couple didn't appeal to me that much, I find myself waiting for the second lead couple. So far I've watched 12 episodes and I think it would've been better if they switched the second lead and lead couples."
50,런온,"I saw a lot of comments about the main character being bland. I think most people misunderstood him. I think Siwan played the role brilliantly. He's In the public eye with a famous family so he keeps his emotions in check. He has a poker face on most of the time except when standing up for others like against his teammates, for his sister and his lady. He grew up in a house by himself without his parents so he's not use to affection and showing his feelings. The leading lady being an orphan and having to fight to make it in life is almost the polar opposite and it's beautiful to see how they help each other, first with friendship and then with love.I also loved how Dan-Ah opened up and fell in love with the artist. Such great chemistry. Watch with an open mind. I haven't watched many K-dramas so maybe I'm more objective as this shows two different ways to fall in love."
51,런온,"Let me get started about these people leaving negative reviews on this TV series. I think these people are the type who enjoy cringe-worthy K-dramas that rely on toxic plots and subplots and repetitive tropes that irks me out so much.Run On is a fresh take against those K-drama stereotypes. It also gives a mature understanding of how relationships should work, well excluding the intentional comedic relationship of the second leads. It also delves away from the love triangle wizardry but still doesn't cut off the story value despite of doing so.In short, this is a must watch for those people who want a light but on-point take on relationships, while enjoying a really good chemistry from the main leads."
52,런온,"Interesting at first, but became very boring as the episodes went on."
53,런온,"All characters are selected 75-85% are ok for the series. Especially #Sooyoung character I liked very much. Her acting is fabulous. I enjoyed her each and every action in every frame.Thank you
Saravanan manavalan."
54,런온,I really love this kdrama it's so cute and adorable. the main cast and supporting cast is doing a great job with their acting. great watch <3
55,런온,"Amazing character development. Many surprisingly funny moments to break up the drama. Loved all the actors, we were completely immersed in their story. Will miss this series when it ends."
56,런온,"This is the story of two couples an athlete (runner) and a translator, and a CEO and an art student. They two couples fall in love and encourage each other to pursue their dreams. The four of them are also good friends."
57,런온,"I don't know why some people here said this because of the drama don't have a good looking actor/actress, I mean if you're beautiful as person. Can you do act? You think it's simple to be representing something, jeez at least give respect for them.For the drama : it well represent, the story, the message to love, I really recommend to you to watch this.."
58,런온,"Scenario is slow for almost whole time, and in the end it finishes and solve all problems in last episode (almost last 5 minutes), speeches are so dry, boring. Nothing new to add Korean romantic movies. Even jokes was laughable for only few times."
59,런온,This drama gave me so much hope and motivation it's literally the best drama i've ever watched!! The scenarios the cast the chemistry between them it's really amazing !! I hope there's a season 2
60,런온,"Since COVID started, K-Dramas have been my obsession. I've watched a few at this point where the end was the end and I moved on to another show the same night. This series hit me so hard in my feelings that I don't know what to do with myself. A wonderful, well-written series."
61,런온,Love this serious but please make the audio in Spanish some of them serious Is in Spanish but the rest is no please I would like to keep seeing this series add the audio in Spanish
62,런온,"Just started Episode 1 and was ready for sappy but fun story lines as most such dramas always deliver, but the ""Oh, your skin is so fair"" thing repeated over and over as a mark of praise told me it's a pass. On to something else."
63,런온," SECOND COUPLE SYNDROMEEEE
"
64,런온," Gentle laid back series
"
65,런온," Stayed for the writing
"
66,런온," Run on a lot of episodes
"
67,런온," Good Enough
"
68,런온," Second lead syndrome and..
"
69,런온," Mind your English!
"
70,런온," Not your usual kdrama
"
71,런온," Main couple has no chemistry
"
72,런온," This drama is go to who dont like rush and like slow yet refreshing story and acting
"
73,런온," Must watch, really
"
74,런온," Sweet and slow burning romance
"
75,런온," Perfect K-Drama - Oozing with Great Script, Lovely Actors, and Realness
"
76,런온," What's with the high rating?
"
77,런온," Finally a feminist KDrama!! So refreshing and sweet!
"
78,런온," asks necessary questions to a few strange norms of Korean society
"
79,런온," Great show
"
80,런온," Poor acting and no chemistry
"
81,런온," A Progressive Spin on Classic Romance KDrama
"
82,런온," Watch it!
"
83,런온," Run on
"
84,런온," I wanted to play for tottenham
"
85,런온," Slices of national running and translator life with 2 compelling romances
"
86,런온," Bad acting ... not worth it
"
87,런온," Main Couple who?
"
88,런온," Interesting and enjoyable. Must watch!
"
89,런온," It is a CHARMING drama, which will surely captivate you, if you just give it a chance.
"
90,런온," A story about growing up!
"
91,런온," Waste of time
"
92,런온," SO CUTEE 10/10
"
93,런온," Finally best drama to add to list in 2020
"
94,런온," The best healthiest couple
"
95,런온," Wasn't the best
"
96,런온," The show went every other direction
"
97,런온," Much needed K Drama in your life
"
98,런온," Strange things we are...
"
99,런온," A fantastic light hearted romantic drama
"
100,런온," Not a poker face
"
101,런온," Run On targets your whole heart and and a little bit your brain.
"
102,런온," Loving this drama!
"
103,런온," A kind of Rom-Com that is perfect for all...
"
104,런온," This drama.
"
105,런온," Such a cute kdrama
"
106,런온," ""Run On"" - Another Hit from 'Shin Se-Kyung!'
"
107,런온," Lags, But Red-Cards Hazing + CEO & Artist💝 Frames A Slinky-Smooth Masterpiece *VG*
"
108,런온," A perfectly balanced drama
"
109,런온," Absolutely wonderful
"
110,런온," About finding yourself
"
111,런온," A beautiful drama
"
112,런온," I got the second couple syndrome
"
113,런온," Love makes people change and grow
"
114,런온," A fresh take on K-dramas
"
115,런온," Good but boring
"
116,런온," I don't want to be a spoiler. Review of character selection.
"
117,런온," so cute i love it
"
118,런온," Kdrama that touches the heart and funny bone.
"
119,런온," I LOVE THIS DRAMA IT'S SO GOOD
"
120,런온," Sweet drama
"
121,런온," Bad scenario
"
122,런온," Wow
"
123,런온," Absolutely beautiful
"
124,런온," Love this series
"
125,런온," Turned off by corny start
"
