,title,review
0,로맨스는별책부록,"Some love stories are about passion: the need, longing and desperation. This one is not. It is more of a warm blanket than a raging fire. As most k-dramas do, this one recycles a familiar plot, but the storytelling is so deep and personal that it feels fresh. It is beautifully shot, emotional and heart warming. The acting is excellent and matched with a moving soundtrack. Also, mad props to the person(s) behind the 'trenchcoat' scenes. They were awesome and hilarious and I laughed at every single one!Unlike many book-to-movie adaptations, this show retains the feel of book reading, and includes several touching ""story quotes"" at the end of each episode. It really feels like you're reading a romance novel. For me, the only disappointment was that the romance itself stayed firmly in the ""G-rated"" category, and lacked any sort of sexual tension. However, if that's your cup of tea, then this is right up your alley!ROMANCE RATING: 7/10. Dan-i and Eun-ho are really adorable together and do have chemistry, though it is more on the level of a teenage crush. They share a number of kiss scenes, but the kisses all lack intensity (I wish there would have been at least one really ""invested"" kiss).All in all, highly recommended for k-drama lovers!"
1,로맨스는별책부록,"So I've heard about K-dramas for years, but only started trying them (and J-shows) recently because of their availability on streaming services. I loved Train to Busan and mostly enjoyed the Along with The Gods movies.I got into the last TV series I binged, but as I neared the last third, I found myself fast forwarding and wishing it would just stop - it was SO melodramatic. I'd come so far, though, that I just wanted to see the end. Romance is a Bonus Book isn't melodramatic - it's funny, sweet and evenly-paced. I'm enjoying it unfold as it is and I haven't gotten antsy.I genuinely laugh out loud and simultaneously love/hate that the two leads aren't together. I want them together, but drawing it out just makes it all the more enjoyable.I won't ask for more than this in a show, no matter the nationality. It's the new reality of on-demand, and it works."
2,로맨스는별책부록,"A captivating story of family, hardship, life, friendship and overall love and honesty.
I cannot yet believe how much I have enjoyed this serie. I was captivated by the storyline from the first episode all the way to the end.I have learnt to love every character and must say is hard to say goodbye to them.I travelled alongside with them and fell in love with the language so much I forgot I had to read subtitles.I definitely recommend watching this show, you will end loving the story and thinking of working in a publishing company...maybe move to Korea?"
3,로맨스는별책부록,Romance is a bonus book is a heart-warming rare drama full of suspense and meaningful quotes interweaved throughout. This was so beautifully written and perfectly unfolded just like a perfect book. The storytelling had an artistic aspect and flowed almost fluidly. The cast were exceptional in portraying the passion the characters had towards books. An enjoyable drama complemented with amazing performances
4,로맨스는별책부록,This drama is so attractive.And I can't wait to watch next episode and it ost song is so sweet.I think this series is not only show love story and it show how to keep the book well.I like this series more than Encounter.tvn is the best that produce korea drama on the air.
5,로맨스는별책부록,"I'm in love!!Couldn't stop watching, and fell totally in love with the characters, storyline, and all scenes."
6,로맨스는별책부록,I didn't expect that the noona and Jeongsuk will have a good chemistry. They really gave the the romance for the story. It was also nice that tgey expose the works of a book publishing company. I learned a lot. The second leads were not disappointing either. I just wish the two youngster character is not that overacting.
7,로맨스는별책부록,I find myself totally immersed in this love story. I have never been a fan of movies/shows where I had to read subtitles- but it popped up on my Netflix feed and I ended up binge watching the first 8 episodes. I can't wait until the next one. Loving the love.
8,로맨스는별책부록,"Live your life to the fullest no matter what...
Each & every scene of the series makes you fall in love with it. It's not just about romance but a lesson for life that whatever the situation comes in your life you should always face it with a pinch of smile.
Each & every characters are lovable whether it's the Soft hearted President Kim or the stubborn Ms. Go every character has later which leaves an impact. But the character played by Ms. Song Har rin is just wow every times she appears on screen you are in for a wonderful moment on screen. She is just legit though not being the main lead.
This is book which every one should read whether you are romantic or not.
Beautiful..."
9,로맨스는별책부록,"I am definitely in the minority here as most people seemed to really like this show, but I found it to be extremely dull. I'm not sure why they like to cast Lee Jong-Suk in Noona romances, but this one didn't work for me either. I have to say that this one had more chemistry than ""I Hear Your Voice,"" but that show at least had a more exciting plot.
I found the sub-plot of the mystery of the famous author's disappearance to be somewhat exciting, so I skipped through to find out what happened, but other than that I was extremely bored. This is a very hum-drum slice of life genre piece, and for those that like that type of show this will probably be a nice show. But I just didn't like it."
10,로맨스는별책부록,"Great script, deep story and characters, funny and warm and also very credible storylines, not everything is perfect and nothing is black or white, the fact that there is not a super evil or super dumb or perfect character is the best thing about this show. Loved it and I wouldn't change anything."
11,로맨스는별책부록,"It started off quite well but towards the end, for me it tailed off, maybe because it wasn't quite dramatic enough for me and I have watched loads of kdramas, romance, thrillers, action and historical but I found this one a bit insipid. Nice characters and interesting to see how a publishing company operates. Personally, I found the male and female leads didn't gel at all, no chemistry there, it was like watching brother and sister!"
12,로맨스는별책부록,"Romance is a bonus book uses books to paint the story of a woman who didn't give up and tries still to survive. The drama at first, was really sweet and ""cozy"", as we watched the leading lady strugle to get by after her life has turned upside down after her divorce. The friendship dynamics were top notch and the subtle romance was just enough to ignite one's imagination. Also, the office story was really good as well. So, if you like books, you'll probably love the first part. However, halfway through, it was clear that the drama didn't have anything else to say. You'll just watch the characters live their lives with nothing interesting happening to them. The small twists were blunt and the romance lacked intensity. Also, I really hated the fact that the leading lady was always thinking of her daughter at first, but she just forgot about her after a while and it was like she never existed. I mean, what happened to her? Why wasn't she part of the story anymore?
On a more positive note, the performances were good and the bookish refrences nicely done. The side characters' stories were interesting as well. So, 6 out of 10, because I loved the first part, but the second one was boring."
13,로맨스는별책부록,"I adored this show so very much! One of my favorite Korean shows! The storyline was interesting and the actors did an excellent job! I enjoyed it from the beginning to end, loved their friendship so very much, makes me wish for that in real life. I especially loved that they worked in publishing books as I love to read! So this made me really enjoy this show. Plus, it has a happy ending! :)"
14,로맨스는별책부록,A divorcee goes to work at a publishing house where her old friend is a manager. He has always loved her and she has never seen him that way. A warm well acted look at friendship and love. Good side characters and an insight of the struggles of the book publishing industry.
15,로맨스는별책부록,The first episode is a mess but as soon as you are finished with the second one there is no going back. I've never binge-watched anything so fast. If you're a sucker for heart-warming k-dramas and a bookworm you will enjoy this one.
16,로맨스는별책부록,"Cha Eun Ho (Lee Jong-suk) is charming, handsome, and good at practically everything. He was a successful author at a very young age and was invited to be a senior editor at a start up book publishing company that gains success utilizing Eun-Ho's works as one cornerstone. Kang Dan-i is Eun-ho's childhood savior and friend who, after a failed marriage, seeks Eun-ho out with nowhere else to go. She has a child who she is solely supporting after her dead-beat ex husband left the sole care to her. Prior to becoming a wife and mother she had been a very successful copywriter, however she is finding no-one wants to give someone who has taken such a long pause a chance to show her abilities in a position. After being homeless, Dan-i returns to Eun-ho, her friend, with a plan to stay just long enough to get her life together. Eun-ho is a player who has never taken any relationship seriously largely because he has deep feelings for Dan-i. Will their love get another chance? Can Dan-i prove to the world that her career break and current single motherhood does not mean she cannot recapture her former brilliance in advertising.I put off watching this one for a long time because the title, description, and pictures made it look rather dull. However, after reading some rave reviews I decided to give it a try and am not at all sorry I did. Honestly I should have known that Lee Jong-suk would not take anything but a very deep and compelling role. I think he is an extremely talented actor. I thought the female lead looked unattractive in some of the cover pictures but she is actually very pretty and the character she plays if very sweet. Since Lee Jong-suk is so handsome it is hard to buy that he would pursue someone that was not attractive so that was off putting and I thought the story would not hang together until I realized that the promotional pictures did not do the female lead justice. I also did not realize that the character would be so interesting and that it would explore cultural biases around single motherhood, the competitive nature of certain jobs, and how sometimes the perfect person for someone is the person they never imagined in that light.The story is further compelling as you get a glimpse into the book publishing world. So do not let the short descriptions be offputting as this is actually very interesting and well developed. The friendships of the side characters are also well done and interesting. The main romance is super cute, heartwarming and very believable. There is no super evil villain in this one which is kind of refreshing in a way. The villain, if there is one, is more the circumstances that make it difficult for a woman or a man who took a career break to get back into their field of choice. Highly recommend this one."
17,로맨스는별책부록,"Amazing love story with easily likeable and realistic characters. The episodes are very healing, fun yet touch important issues. I am weak for slow burns and this was greatly written and they were so cute together. Eunho is a dream man I wish I could find a man like him in real life. HOPING FOR SEASON 2 ✌🏼"
18,로맨스는별책부록,"This series was so lovely that I might have given it a 10. The credit for that belongs primarily to the lead actress, Lee Na-Young, who gives us a very likeable character indeed. You cannot help but root for her as she confronts the challenges that come her way.I actually planned on giving it a 9 though. The reason being that the challenges are insufficient to engage my emotions as deeply as have some other Korean dramas - Mr Sunshine and Crash Landing on You in particular.And here I am awarding it an 8. With the passage of time loveliness alone does not create a solid space for this drama in my memory.But still .... watch it and enjoy!"
19,로맨스는별책부록,"If you are looking for a romantic focused series then this one will satisfy. I had my doubts about it when I watched the trailer but, finally, I gave up and I 'm happy I did. I appreciated how they deal with job hunting, job market and the working environment. The romantic relationship between the two leads also deals with issues like age gap and how people perceive one another even after many years of being together. I loved the series and I recommend it to anyone who is a fan of Korean Dramas."
20,로맨스는별책부록,"Loved it! This is a sweet and silly, but sometimes serious, show that captures your heart and make you happy! It's about hard work paying off, friendship and very chaste love. If you look at the world through pastel couloured eyeglasses, perhaps this is what it looks like. The acting is flamboyant, the story like a fairy tale, and the people always beautiful."
21,로맨스는별책부록,"I keep watching it over and over. Great cast, Great message. Both lead stars have great chemistry together and Jung Suk lee has very good comedic timing. I recommend the show to all my friends."
22,로맨스는별책부록,"I love movies and I love books. This series provide both. I am so tired of Hollywood's OTT French kissing scene, too many unnecessary nude/sex scenes where the leads just jump into bed on their first/second date. So lately I prefer Kdrama, although sometimes some shows can be a bit cheesy but most of the time, they are wholesome and the whole family can watch together. This is one of those.This is another Lee Jung Sok show. I am a big fan, I watched all his shows and this one didn't disappoint. The story is deep, the love is genuine and the friendship between the characters is a pleasure to watch. Worth mentioning is the intro, it is a storybook setting and unique, very beautifully carve and dreamy like.Both leads are good actors and the chemistry is natural and comfortable. Lee Na Young is a very good actress. Watching their love slowly progress from a 20-year friendship to lovers in a step by step pace is a delight, it has this slow water runs deep kind of emotion and release a sweet and warm feeling. The subtle use of ""The moon is beautiful"" is another feat... it makes me smile. It really makes me think this is what true love should be, the contentment feeling of being surrounded by a warm blanket.This series didn't just focus on finding love but also on how important it is to keep the love going, we see the couple divorced due to ""drifting apart for a long time"". It is kind of sad but such is life.... This is another plus about this show, it is realistic, it shows the hardship of everyday life, from finding a job to finding true love.The supporting cast is superb and even the atmosphere in the publishing office is addictive, who wouldn't want to work in that office? The camaraderie/friendship among the office workers is so positive. The trench coat scene is a BANG, lol...Overall, this TV series is a win. I love it!!"
23,로맨스는별책부록,"I loved this show so much, I just had to buy it! It's one of my top 3 favorites."
24,로맨스는별책부록,"This was good in the first 10 episodes when the female lead was trying to get her life together and the interaction with the supporting male lead played by Wi Ha-joon. He was funny and handsome, and there was a bit of chemistry between themThe main male lead cannot convince me he like girls at all lol, and there was zero chemistry between the leads. The romance was not believable at all... terrible, ditzy, fakeI almost abandoned this multiple times...The story is somewhat okay but i like to see solid romance in a romantic k-drama"
25,로맨스는별책부록,"I totally binge watched this show. IT was the first Korean show I decided to watch. The word book sparked my interest. The trailer was a bit confusing, but I went for it and I am so glad I did.It doesn't revolve only around love and mushy-mushy- stuff. IT covers so many different lives!!The best part? It's set in a publishing company! I was not expecting that. I learnt so much about books. I am a reader/writer and it is my dream to work in a publishing house so this was THE show for me!Thank you for creating this!"
26,로맨스는별책부록,"This show covers everything from the struggle of trying to get back into work after taking a break from having children to starting work from scratch, suicide, a mystery which you solve as the show goes on and it shows you romance in a lovely way. Everything aside the cast are hilarious from start to finish, you will literally want to be a part of the publishing company by the end of the season. The dynamic duo of Park Hoon & Oh Ji-yool are truly wonderful. If any part is over the top it is the perfect amount it makes sense, even the information we learn about books along the way is so interesting. The show just works so well."
27,로맨스는별책부록,"I finished watching the series last night and I have to say that I only watched it because on the one hand, I wanted to find out what will happen to the secondary characters and the Ha-Joon Wi's character regarding his relationship with the dying writer and on the other hand, I'm a true book lover and I liked watching how things work in a publishing house. Other than that, this TV show failed to allow myself get immersed because of dune flaws that I couldn't shake off:
1. Too much product placement!!! I get it that Tv shows need sponsorship to get them up and running and it is something that you often see in Kdramas but this time it was quite distracting and annoying, especially some close-ups of specific logos and coffee brand!! And let's not forget how often the main male character got in and out of different outfits, some quite outrageous (I'll never forget that awful leafy coat when they went to look at the apartment), that it was more about making fashion statements than adding anything at all to the character!!
3. Having watched Lee Jong-Suk in W and Pinocchio right before watching RIABB, I was really disappointed with his acting in this one. It felt like he was doing it just for the sake of it, like he wasn't very invested in his character, and he looked very fake; maybe because of the clothes he was wearing and the makeup he had; he didn't look like a man who's head over heels with his best friend; to be more precise, he didn't look manly at all!!! And those silly, goofy, trying-to-be-cute antics and declarations of love were so cringy that made me feel uncomfortable to watch!!! In one word, they were ridiculous!
4. NO chemistry whatsoever between the 2 main leads!!! No passion, no longing, no desire, no romantic/sexual tension! Their interactions were very blunt and more sibling like! So, that was a major turnoff!
All in all, if you have nothing better to watch, then go for it... but keep your expectations low."
28,로맨스는별책부록,"Well, the trailor didn't do the justice about how good it is. Simply at the same time amazingly written and implemented on point.
All the 16 episodes are uniform for it's good and I personally liked the whole thing. The leads and the support did terrific job. Excellent 👌."
29,로맨스는별책부록,"You want a fantastic love story and have no problem with asian mentality. Then my absolute recommendation to look this series. Great characters and a great storyline that gets more and more complex without becoming absurd. The music supports the emotions of every scene. With English or German syncronisation, this would be a mega hit."
30,로맨스는별책부록,Very light and yet the storyline is amazing. you will be hook onto your seat. who doesnt like happy endings. great series
31,로맨스는별책부록,"Romance is a bonus book is an enticing story that charms you from episode one all the way to the end.
The dance of characters as they go about their daily life making books, makes you yearn to be one of their colleges or clients.
Every episode is laces with pasion and warms in both the production and the overall feel.
The music, tempo, dramatic moments and serious sillences are all perfectly times and well excecuted.
Dramatic slow motion added some fun and excitement and only made me want my own big company to strut my stuff on important days.
Romance in this story is spicy, sweet and charming. Displaying moments that you would love to have yourself with another. It compliments what relationships are about and doesnt shy away from questions we have all had at some point.
What is love realy? Should you be with someone because they like you?
I have watched this series twice and it does not lack anything. Everything is well thought out and presents itself as if you are in fact reading a book and not watching a show."
32,로맨스는별책부록,"Jong-Suk Lee is such a sweet and charming actor and I loved his acting in some of this past TVshow. He was the reason I watched all episodes. However, this K-drama is just nice. Full stop. Don't expect anything special just a good feel time. Sometimes a bit too cheesy. It doesn't really deliver an interesting story. I fast forwarded quite a bit. There is absolutely no chemistry between this handsome man and the femal lead role which I found unconvincing. Its like a play between brother and sister. I hope to see Jong-Suk Lee soon in a more interesting story!"
33,로맨스는별책부록,"It's important that there is beautiful chemistry between the leading actor & actress so the audience feels the happiness, sadness, pain & love. These 2 have a wonderful one, they are comfortable with each other that makes the relationship great with no awkwardness, just their fond & love for each other. LJS is just romantic that you can feel his love. Whether he speaks, angry or smile, he is so handsome & charming, he makes the leading lady beautiful eventhough she is unattractive. The hairstyle, too plain & wrong attire makes her look older than her age. Her look doesn't do her justice in this drama.Aside from the romance, one can learn alot about booke, publishing company, the power of knowledge, the growing pains, life curveball, the scary part of being a housewife who coming back to the job market, feeling alone, homeless, no saving to depend on & the stigma of an older divorcee in the society. A Knight in shinning armour doesnt exist anymore only in film!!The supporting actress & actor are cute too. The other cast are awesome too! The external family! Fantastic ending! Really swoonworthy! Worth watching!"
34,로맨스는별책부록,"I watched this because Lee Jong Suk was in it ,this isn't a bad drama, it's sweet there's really no huge conflict and no proper antagonist, unless you count Ju Yiel's Mom and she's a side character so she doesn't count. My one complaint is that unless you've read the synopsis on Wikipedia there's no background on the relationship between EunHo and Danyi because the drama just skips over their backstory and Danyi just says she's known EunHo for two decades so since he was a child and she refers to him as her little brother, problem is viewers don't get to see that sibling type relationship . I'm used to my Kdramas setting up the characters childhoods and us getting to know who the characters are, ""Romance is a bonus book"" starts at Danyi's wedding, not like I thought in the past when they first meet."
35,로맨스는별책부록,I can't hats off enough to kdrama writers actually. They have a such great storytelling pattern. At first I was just so annoyed that LJS didn't look good with the actress then after finishing it it HIT ME HARD that it's not a fairy tale! It's a reality of a women who loved someone.. got married.. had child.. Gave her everything to the family and in the end ended up with nothing! I loved how dearly and tenderly he loved her. I have watched 50+ kdramas after this but this one comes to my mind quite often. If only I didn't have a long list of kdramas to watch I seriously would have watched this twice.I loved the second couple too. And the nice ambient environment they showed in a record publishing company is so heartwarming.. It almost made me want to work in a company like that too and I m sure I m not the only one feeling this way after watching this wonderful drama. Can't wait for LJS to come back from military SOOOOOON with another amazing kdrama!
36,로맨스는별책부록,"I am so impressed by the Production Company that has produced this gem. Studio Dragon, I am a fan! I watched Crash Landing on You and a few other fluffy KDrama series but this one is absolutely moving. Such powerful themes. Is a woman's work life over if she chooses to be a stay at home Mom? Friendships and love and such a beautiful symbol to tie it all together. The book iconography is beautiful as are the episode summaries with quotes. It's beautifully produced, the cast is stellar (leads and all support) and it's a must see. I did not want it to end."
37,로맨스는별책부록,"Awesome characters, great cast, very beautiful storyline.I loved the many book references and how passionate the characters were about them.Also, I loved that they showed Dan-i's struggle to find a job again after being a housewife for 7 years. Sadly it's very realistic and something that happens on a daily basis.Literally ALL COUPLES were really cute and had great chemistry, even if most of them revealed their relationships only in the final episode.The reason why I removed one star is because even though Dan-i was a single mother, you only get to hear about her daughter twice throughout the whole series. I get that she was in some type of boarding school abroad, but most of the time they didn't even talk to each other or at least text each other. It made it so easy to literally forget there was even a daughter in the first place. To make it more realistic, the writers should've placed a few exchanged messages or phone calls between mother and daughter throughout the series or removed the daughter completely from the story.But that's just my opinion and nothing that influences the basic story too much.So if you like k-dramas or if you love books, please don't sleep on this masterpiece!!!"
38,로맨스는별책부록,"If you're in the mood for something light, romantic and entertaining which doesn't have any gut-wrenching tragedies as per the K Drama norm, save your tissues and have a look.
Which is not to say the show is totally shallow. Writer Jung Hyun Jung does have a few things to say and she does so with wit and feeling. But first....
Set in a publishing company, hot-shot novelist Mr Cha ( Lee Jong Suk ) is a senior editor, co-founder & doing pretty well for himself. At the opposite end of the economic spectrum is single mum Dani ( Lee Na Young ), struggling to find work at 37. She's known Cha since childhood & ends up as an employee at his firm after naughtily not declaring her employment history.
No need for further plot exposition. He's always liked her but she's always seen him more as a brother figure she can rely on in times of crisis. It's good to see a couple like this portrayed on screen at a time when there's still a stupid stigma around older women dating younger men. The show should also be commended for highlighting the problems older women have in trying to re-enter the workforce after having children; I suspect the writer has experience of this and it all feels sadly realistic.
The other aspect of the story I really enjoyed is the clear and absolute love of books and writing on display. I'm an avid reader myself, & in an age where it's digital this/on-line that, I applaud the script- writer's passion for the durable & old-fashioned joy to be had from holding a book in your hands. The company employees entrusted with bringing a book to the public are pleasingly devoted to their mission & you can feel the enthusiasm.
I do salute the writer for largely avoiding the K Drama formula/template. True, second-lead syndrome is alive & well, yet the rest of the annoying recipe is absent. Gratifyingly absent are those supposedly ""accidental"" opportunities for the leads to stumble into hugs/kisses, & hopefully this reforming trend continues in general. The sub-plot concerning an elderly author is also done well, though a pivotal setback for the lead ( & there has to be one ! ) puzzled me; the reaction from an important group of people didn't tally with the emotions generated before-hand.
Even though LJS gets top billing due to being a handsome superstar, it's the relentlessly likable LNY who carries the show. Reminiscent of the lead lady in ""30 But 17"", you just can't help but want the best for her and that smile is an irresistible weapon. LJS is basically in cruise mode here & is typically fine, though this role is nowhere near as demanding as what he did in the excellent ""While You Were Sleeping"". Kim Tae Woo is superb as the passionate & committed CEO, Wi Ha Joon is charismatic as the second lead male while Kim Yoo Mi entertains as the imperious office ogre. The rest are uniformly solid, & I have to now single out the lovely ex-model Jung Yoo Jin as Ms Song. This is her largest/meatiest role to date and she really runs with it. A wide range of emotions are handled with impressive assurance, & a sequence in Ep 13 where she tries to persuade someone is both hilarious & one of the cutest things I've ever seen.
Some reviews I've noticed refer to how chaste the central relationship is, and it's true. Me, I say amen to that ! Who wants to see attractive, likable people kissing passionately & all the rest of that filthy stuff ? Would an older woman who admits to not having done ""it"" for a long time want to kiss a younger hottie who adores her ? Hell no ! Besides, that initial swooning rush of emotion, that overwhelming endorphin-fuelled urge ( when you're totally in love ) to be with that person and touch/caress/kiss/be intimate is not only unnatural but certainly NOT pleasurable at all. The other crucial aspect is this : portraying lustful, physical passion on a TV screen is a HAZARD TO SOCIETY ! It would cause chaos, anarchy, mass hysteria & orgies in the streets, a breakdown of law & order & the absolute annihilation of civilised Korean society as we know it !
Oh yes indeed, & obviously foreign viewers need to be spared the horrendous & degrading sight of Korean lips locking in lust ! Hallyu is all about sharing Korean media with the world, so do the producers of this show want to export nauseating smut to millions of innocent virgins & thereby unleash Armageddon ? The End Of The World ? I think not ! Tragically, there is a hint that the two leads, um, do ""it"". An awful, sickening thing to contemplate & actually a bit jarring in the larger context, yet partial redemption occurs when the couple treat it as seriously as changing a pair of socks. Phew.
And so, the Satanic lure of  has been derailed for the moment, which is clearly a good thing. Less good is the title, which isn't terrible but isn't great either. I know it's hard to think of an effective one sometimes, & the best I can manage is ""Write Or Wrong"". Yeah, not brilliant, yet surely these highly-paid creatives can do better."
39,로맨스는별책부록,"This was a amazingly written and beautifully executed drama. The main cast did amazing job as expected. But, again the little things and the attention to details by the production taken this show to next level and reflected many different emotions on the screen. Go watch it . Your welcome."
40,로맨스는별책부록,"This was an easy watch, it was sweet, entertaining and fun. The chemistry between to characters made the show more realistic and fun to watch. Throughout the episodes I really grew attached to the different characters as well. At times it was slightly slow, but still worth a watch for people who like lighthearted romance dramas."
41,로맨스는별책부록,Love the way that characters treat books. They genuinely love books and wanna everyone to see the best book and enjoy reading.
42,로맨스는별책부록,"I just began watching this and by the middle of the second episode I was ready to jump and rate this a ten. I'll temper it just a bit and see if I feel the same by the end. After ending ""Itaewan Class"" and ""Hi, Bye Mama!"" I love Lee Hye Min's Soundtrack rendition of ""Walking on Sunshine."" Stunning talent. The words put in the person of Kang Dan-i (Lee Na-Young) are so touching and moving. I already know this is going to be a favorite of mine. Another Super S. Korean Romance."
43,로맨스는별책부록,It doesn't have a good story and it's a little slow in my opinion but the romance between them is really cute
44,로맨스는별책부록,"I've never seen a romance story like that before! Although there are differences in the story, I have enjoyed the whole time. I have never seen such a similarity between books and romance. The director can be thanked for giving something different than the traditional Korean drama. I fell in love with the story."
45,로맨스는별책부록,This is an average watch.. its a fun romcom with a good set of actors. I basically managed to finish the series thanks to the cast. Really loved the female lead!
46,로맨스는별책부록,"Dan-i describes it as reading her old book over and over again...and still finding new lines she had overlooked earlier.. A friend tells her that the book has remained the same, she is the one whose heart has changed now.. So she lets her heart lead her back to the old book and enjoy every page as it unfolds anew.(After watching W, I seriously thought this guy couldn't look any cuter :P
I mean he is too perfect..he ends up looking even plastic at times.. but he just bounces back with such unexpected sincerity. I loved seeing them together!)The best part of the series is how all the characters portray their ages so gracefully and fall in (and out) of love at their own pace. The best selling series need not end with a bang. The slow simple ending gives a more forever kinda feel to their romance.Recommended for those who have fallen in love more than once... it needn't be fast paced and edgy to make u smile :)"
47,로맨스는별책부록,"A very sweet story. Good main characters and a happy ending for everyone. I liked how cool they were when they were together and as soon as one of them left they would get really shy and nervous.💕 ""I hate when I blush, it's not normal"" 🦋🌑"
48,로맨스는별책부록,"From now on, I'll write/post review here in Tagalog or Taglish.I like the concept of this kdrama. Hindi sya masyadong dramatic, yung romance sakto lang din. Gusto ko yung details about publishing and books."
49,로맨스는별책부록,"Sweet uplifting story line, i haven't watched many stories with such a story line as this but would have been nice to see more involvement on the parental side once she got back up."
50,로맨스는별책부록,I appreciated the details between chapters and the little links they made in between those. Indeed a good book is always worth reading and it's even more when it is the book of your life
51,로맨스는별책부록,"The character at the center of ""Romance"" is Kang Dan-i (Lee Na-young), a university-educated woman in her thirties with an outstanding job history in marketing. However, after entering into what would become an unhappy marriage and then giving birth to a daughter, Dan-i leaves the workforce to become a homemaker. When her husband leaves her, she sends her daughter to private school in The Philippines and works menial jobs to support herself and pay her daughter's tuition. Despite her persistent, even heroic, attempts to re-enter the marketing world, she is stymied by her long absence from the workforce-recruiters claim that she's out of date-and, at the same, for being overqualified for entry-level positions.Out of desperation, as well as her determination not only to survive but to get a suitable job, she agrees to help a childhood friend-Cha Eun-ho (Lee Jong-suk), a popular writer, chief editor at Gyeoroo Publishing Company, and part-time professor-find a housekeeper. However, unbeknownst to Eun-ho, Dan-i, who is homeless at this point, becomes his housekeeper herself and begins to sleep on the floor in an upstairs room in his house.The friendship between Kang Dan-i and Cha Eun-ho goes back years to when they were children and she threw him out of the path of an oncoming car and ended up taking the impact herself. Since that fateful day, they have been good friends. For Eun-ho, though, their friendship has been a deep, long-suffering affection for Dani-i. Their romance is one of the bonus-book romances in this series.Their friendship develops a professional side after Dan-i becomes a low-level contract employee at Gyeoroo. It's at Gyeoroo that much of the action of ""Romance"" takes place, and most of the characters in ""Romance"" work at Gyeoroo as authors, editors, artists, or marketers. They all love books. As the title of the series implies, books are metaphors for people and vice-versa. For example, one character says that putting a relationship on hold is like folding the corner of a page before putting the book on the shelf for a while.The script, cast, and direction are excellent. Because many of the characters are in their twenties or thirties, you follow them as they navigate new jobs, new friendships, new romances, and young married life. While much of the action takes place inside the walls of Gyeoroo Publishing, you also get glimpses of the characters' lives outside work.Three actors provide excellent physical comedy: Jung Yoo-jin as Song Hae-rin, an editor at Gyeoroo who supervises the new interns and has a crush on Eun-ho; Park Gyu-young as Oh Ji-yool, an intern who is trying very hard to grow up and establish her independence from her domineering mother; and Kang Ki-Doong as Park Hoon, another intern, who likes Jiyool.The soundtrack includes Rothy's ""Rainbow,"" which reminds us that a rainbow appears only after a rainy day, and Jannabi's ""Take My Hand.""What kept me watching ""Romance"" were Kang Dan-i's grit, determination, and resilience, as well as Jung Yoo-jin's outstanding performance as a caring mentor, respectful daughter, and terrific physical comedian."
52,로맨스는별책부록,"I want to write as many reviews as i can lol. I want this show to get a lot of views so it could be renewed for a second season!! I wish to see more of the characters and their lives. I fell in love with this show, the characters and the story line. I'm glad i came across it on Netflix. I'm hoping for a season 2 and to see Cha Eun Ho as a father figure to Kang Dan-I's daughter! I definitely recommend this show, made me feel happy :)."
53,로맨스는별책부록,I really enjoyed this show; I liked the storyline and the actors.
54,로맨스는별책부록,"It's a really good series, and the cast had such great chemistry !! I WISH TO SEE MORE, pleaseee make a season 2! I want to see more of Kang Dan-I & Cha Eun Ho. I also want to see more of Kang Dan-I's daughter !! Overall this show is really good and i fell in love with the romance. I fell in love with the characters and this show brought me happiness. I cried on a couple parts of course lol, but i loved it. I definitely recommend watching."
55,로맨스는별책부록,"The whole series was good. The way their relationship bloomed and how the boy couldn't tell her that he loves her for so long was good. I didn't give the series more than 7 because of the ending, like so many kdrama.I don't know why they always end things abruptly. Just 1 or 2 more episodes can tie down every relation perfectly. The way they exposed their relationship to everyone or the death of Mr Kang, and how the other couple got together, they weren't good at all. And throughout the series, I really didn't feel that she has a child for whom she really sacrificed all those years. Hardly any mention of her, or she wasn't present even in the later episodes. A mom who stayed at home can her child isn't anywhere or has no discussion on her between the leads."
56,로맨스는별책부록,Truly impressed about the acting and the chemistry of all actors...... well done.
57,로맨스는별책부록,"I actually liked the chemistry between the - ""not main"" couple that is Hae rin and Ji seo jun , i shipped them right from the start , i loved there scenes more than the main cast , also tbh i completed the show coz i wanted hae rin and ji seo jun to end up together , however i likes Dan-i 's character individually , but i wasnt a fan 9f their chemistry."
58,로맨스는별책부록,"I like this drama in almost all aspects, this drama has touched my heart several times, I like how this story goes, although it is slow but memorable and hits my heart."
59,로맨스는별책부록,"I'm not typically one for Korean television but this was such a breath of fresh air. I thought the directing was really fantastic, cinematography very well put together and incredibly charismatic actors with great chemistry.The story includes several different plots which are all interesting and albeit maybe a little confusing at times via the culture/language barrier, they all come together and definitely make sense in the end.I went for this show on a whim and was absolutely taken aback with how much I connected to the characters. The drama and emotional dialect they all seemed to carry was outstanding and to be honest set the bar a little high for other Korean Dramadies.Without giving anything away I'll just say there is a beautiful marriage of hilarity, wit, drama, just beautiful romance and even some mystery.JUST WATCH IT OKAY!"
60,로맨스는별책부록,Its very relatable grips you gasps you cheers you up and shads some tears too. Its Was very joyful ride overall. Will put it with my top 5 k drama.
61,로맨스는별책부록," A Quiet Romance Novel in Video Form
"
62,로맨스는별책부록," Funny and Sweet, but not Melodramatic
"
63,로맨스는별책부록," the moon is beautiful
"
64,로맨스는별책부록," an uplifting dramatic epic
"
65,로맨스는별책부록," The best romantic series
"
66,로맨스는별책부록," For the mind, for the heart and for all dreamers
"
67,로맨스는별책부록," Unexpected chemistry
"
68,로맨스는별책부록," Great Storytelling!
"
69,로맨스는별책부록," Not just a love story but a life lesson...
"
70,로맨스는별책부록," Disappointing and Boring
"
71,로맨스는별책부록," Great story and characters well created. Loved it.
"
72,로맨스는별책부록," Never judge a book by it's cover!
"
73,로맨스는별책부록," Good Enough
"
74,로맨스는별책부록," Amazing!!
"
75,로맨스는별책부록," Open the book
"
76,로맨스는별책부록," The first episode is a mess
"
77,로맨스는별책부록," A much more complex story than the title or descriptions suggest
"
78,로맨스는별책부록," Wonderful love story
"
79,로맨스는별책부록," Lovely!
"
80,로맨스는별책부록," Romance At Its Best!!!
"
81,로맨스는별책부록," A modern fairy tale
"
82,로맨스는별책부록," Loved the message and whole cast
"
83,로맨스는별책부록," A heartwarming love story. A good read for any book lovers
"
84,로맨스는별책부록," LOVE LOVE LOVED IT!
"
85,로맨스는별책부록," How is this rated so high
"
86,로맨스는별책부록," Love! Love! Love!
"
87,로맨스는별책부록," Perfection
"
88,로맨스는별책부록," Just a pastime... (Spoilers)
"
89,로맨스는별책부록," Not expected this be that good
"
90,로맨스는별책부록," Great love story with great plot and many-faceted characters
"
91,로맨스는별책부록," Addictive
"
92,로맨스는별책부록," What is love realy?
"
93,로맨스는별책부록," expected more
"
94,로맨스는별책부록," Worth watching! You will be surprised!
"
95,로맨스는별책부록," Ok
"
96,로맨스는별책부록," It's one of those dramas which hits u slowly.. But has a great impact
"
97,로맨스는별책부록," Captivating and thought provoking
"
98,로맨스는별책부록," If you love books, this series is a must!!!
"
99,로맨스는별책부록," Sweet & Fun and A WIN FOR THE MORALS POLICE
"
100,로맨스는별책부록," Never expected to be this good
"
101,로맨스는별책부록," Charming love story
"
102,로맨스는별책부록," Love the story
"
103,로맨스는별책부록," Beautiful Writing Right From The Start
"
104,로맨스는별책부록," It's a little slow
"
105,로맨스는별책부록," This is like an expression of creativity!!
"
106,로맨스는별책부록," Average watch
"
107,로맨스는별책부록," Could a love like that still be out there ....?
"
108,로맨스는별책부록," The moon is beautiful, isn't it?
"
109,로맨스는별책부록," Drama, books and romance
"
110,로맨스는별책부록," Loved this story line
"
111,로맨스는별책부록," Reading with different hearts
"
112,로맨스는별책부록," These People Love Books!
"
113,로맨스는별책부록," In love with this show
"
114,로맨스는별책부록," Love this show
"
115,로맨스는별책부록," LOVE LOVE LOVE IT . I LIVE FOR IT
"
116,로맨스는별책부록," a story close to reality
"
117,로맨스는별책부록," Amazing story and movie
"
118,로맨스는별책부록," Not fav
"
119,로맨스는별책부록," perfection
"
120,로맨스는별책부록," A Really Nice Surprise
"
121,로맨스는별책부록," We can all relate
"
