,title,review
0,로스쿨,"At first, i thought that this would just be like any other thriller drama where the first episode presents the characters and what this series is about. And finally, episode 2&3 will show a major secret villain. But nope, it got me wrong. Each episode will just make the viewer feeling gawk even more. And then when the OST ""it's driving me crazy"" hits you'll just go along because that is what this drama is.Only a small minus, the characters speak and subtitles, sometimes, are too fast. Great series overall."
1,로스쿨,"The following is my brief with respect to this series. LS is, beyond a reasonable doubt, guilty of being a supreme legal drama.Fantasy shows don't appeal to everybody: Some prefer realistic dramas. There are many more that hate procedure, or predictability: They want to be surprised by a last minute, reluctant witness. This show should only satisfy one of these groups......perhaps it will of neither of them will favor it.This could almost be labeled a law school ""fantasy"" series, as unviable as that sounds. The web of lives, the condensed degrees of separation, and the tangle of grudges and motivations wouldn't be admissible in a true-to-life drama. It is a strain to think of professors at an ivy league level school being as caring as the profs in this drama are. Identifying the right suspect is not as predictable as it is slightly erroneous. Astute viewers may still be able to pinpoint the killer with ease and declare it too predictable.... To which I say: ""Quash all of that. Who cares?""LS is not guilty of contempt. They've put together a winning case.So, suspend your skepticism and examine all the evidence yourself. The jury most watch the whole show prior to deliberations, so we are remanded to get on the roller-coaster and enjoy LS.This show is written, directed, and edited, with a habile hand (I just looked ""habile"" up and decided to use it....pretty cool word, right? I hope it impresses the judge and jury).LS follows the lives of law school students and some of the professors, as well: Their struggles and triumphs, families, friends, and foes, and their growth as they navigate through the fraught chambers of their lauded institution.Prof Yang and Kang Sol A are fabulous characters. I could listen to Kim Myung-Min (Prof Yang) talk all day. His voice is divinely masculine and deep. It would have been tossed out if he couldn't act, or take command of the courtroom, but he can, and very well ar that.The director sustains the tension throughout the series. It's high mystery in classic form. The taut editing and soundtrack sequester the audience in a state of suspense. If you reason that you know who the culprit is in EP 3, you might waiver by EP 8. The evidence keeps our minds in motion, turning like a bottle being spun on a table.We should overrule some of their arguments, though. There are things that seem judiciously obvious to the court at large, that elude their brilliant minds. That always weighs a case down.I strongly object to the last moments of the show, which are remitted as way too brief. We get very little discovery pertaining to what the characters went on to do or what the relationship is of the three that are walking together at the end. It resounded like a cracked gavel. That may be heresay, however, the prosecution will argue that it's pure negligence to wrap up a 16+ hour series with a 10 second consultation. Would that we could depose the director about that decision.However, we can easily dismiss any such torts committed by the director. Indubitably, the director's curriculum vitae (resume) shows he's had a solid run, and has high likeability factor. The overall quality of the piece is a mitigating factor taken into account in the sentencing phase: LS gets all the credit for time served, and remains released for all if us to enjoy.I originally postponed the hearing on LS as I wasn't convinced that it would sway me. The worth of its collateral was evident once its docket came up on the calendar (my Netflix queue), and I sat in judgment. While I wasn't confident of its appeal, now that all the exhibits have been examined, Res Ipsa Loquitor: The thing speaks for itself.In conclusion, ladies and gentlemen of the jury, this drama has acquitted itself laudably. The ratings prove what broad appeal it has. The preponderance of the evidence is that this show has prevailed in it's effort to convince us of its credibility. So don't waiver: Watch as an interested party. I'm sure you will agree to stipulate the worthiness of the production.IMHO...
🎬8 🤔8 🎭8.Suggested Age 12& up."
2,로스쿨,"Honestly, this is the best among all similar genre I've watched before ! Many said it has the How To Get Away With Murder vibes but for me, this one is more light and less complicated. I love the feeling of fully anticipating for the next episode to come as it leaves us with more questions, rather than being confused. The OSTs and background music are no joke too. However, Law School is really underrated maybe because some thinks that it would be complicated as hell - which is actually not. Try watching until the 2nd episode and you will not get enough of this drama as it makes the 1st episode finally realistic. Trust me, I've watched until 9 and here I am craving for more 🙃"
3,로스쿨,"For now it is very good I hope all episodes are good as first 3, music in this is also amazing."
4,로스쿨,"I also had similar this feels like how to get away with murder vibes and was already starting to get a headache if it did turn out that way. But the way they turned one crime and went to intricaies of it and all it's connection had me blown away. Some episodes got me all whoaaaa what!! All the suspicion and the way the story has been delivered has expanded my very own imagination.I know the first episode was not delivered that well but beyond that has been a quite a enjoyable ride. And it is not as slow as it seems, your mind will be constantly engaged . And if you would be willing to cross the barrier of subtitles and biases against korean production then it will be a gem that you will find. I'm currently on the 13th episode and impatiently waiting for more."
5,로스쿨,"This drama gradually builds up excitement in every episode as it progresses. The ost of this drama adds even more excitement and meaning to the drama. Unlike other typical law dramas, Law School is unique. The drama represents real cases that actually happens in people's lives. There is a lot to learn from this drama."
6,로스쿨,"I would've loved to have been locked in with the storyliners when they decided how they were going to take the plot lines and weave them all together. Each of the characters' stories are relatively linear individually, but they are told in an interwoven and complex way due to people's lies and the hiding of truth.The viewer is asked consider their own perspective on things like copying other people's intellectual property, permissions granted or taken, the simple rules we break and the possible consequences of those, and whether or not we can ever truly know the world that generations outside of our own, live in. A number of the subplots ask you to consider the very human cost of judicial papertrails and decisions.The parallel premise of the teaching of what law means and how it ought to be used, and the way it actually exists in the real world, is masterfully presented by the lead actors. I recommend you watch the first two episodes together before you decide whether or not you're going to continue. I quite often waited until there were three episodes in a row available before I watched, as it was just too frustrating to have to wait for the next one!"
7,로스쿨,LAW SCHOOL is now become my favorite kdrama of all time. Omg this story is so interesting. Like everyone has a secret and I like how every episode ends with a cliffhanger. So basically this drama is about a murder of a person which takes place at a law school. Like everyone is a suspect the main point of the story is finding out who is the murder. I like every single character here prof yang junghoon gotta to be my fav character at first I had mixed feelings about him but as the episodes went on I started loving him more and more he is such a great character. I am telling u will enjoy it. Its still airing as of now I can't wait for the next few episodes to come out I am still in ep 8 but still so far I absolutely love it. Its my summer vacation as of now and this drama just made my vacation better. I will give u my review after I finished watching it fully.Now like what are u waiting for go watch it.
8,로스쿨,A group of students at a law school excel in learning the law and performing mock trials. All the students have issues which come to light and they become involved in cases of corruption and murder. The series is well acted and in parts absorbing and interesting but it does seem disjointed. There are parts of the story which just come to an abrupt end and there are too many subplots which have no real development and with less going on and more focus this series would have been better.
9,로스쿨,"I was beginning to lose interest in this nearly halfway through ep4, because - thanks to the absolute brilliant editing - it was starting to feel too obvious, the 'whodunnit', for what is supposed to be a 16-episode law-school-based mystery. But that sucker punch of a twist that is -(again, brilliant editing)- juxtaposed with certain reasoning exposition, JUST WOW.Will I revisit this review when I'm done with this series to rewrite it into a complete comprehensive one to the best of my ability? Dunno. Maybe. We'll see. 😁"
10,로스쿨,Every episodes tend to bring new stories and backstories of characters. Every characters are unique. Each episodes ends with a twist.
11,로스쿨,One of the best shows yet. Please have another season.
12,로스쿨,An incredible series: 16 hours long that just flew by in a whirl of brilliant acting and direction. There are times when you laugh out loud and times when you cry. I just hope they think of doing a second series.........please?!
13,로스쿨,"Only was able to watch 3 episodes. And had to give up. Since I needed subtitles, the back and forth time lines(more than 2) is making me dizzy. This and the complexity of the law arguments that is needed to show off the students and their personalities, and the murky relationship setups.Now my mind is almost out of it. Not to mentioned the school politics. I get it, it's homage to Rashomon. But execution is a bit clunky, not focused. Complexity is not always about the number of items, can be about depth of a few.Or maybe is the styling of the show that's just not up my alley. Lighting is too bright, too even, camera works sometimes too tricky. Any everyone delivering their lines at the same pace.I don't doubt that this is a good series but better luck next time."
14,로스쿨,"Fast paced with interesting characters. Kept me watching, guessing and wanting more."
15,로스쿨,1 star because han joon hwi did not confess to kang sol A :( I was expecting something between them.
16,로스쿨,"Solid acting performance. What a screenplay, very good. I just love this drama.Overall it's a MASTERPIECE!!"
17,로스쿨,If you are interested in law the this drama is an ace.
18,로스쿨,"After a long time, I've witnessed one of the most naturalistic shows on Television! ""Law School"" went beyond my expectation level. It has this amazing quality of making the audience stick to their seats the entire time. The cast, their dialogue delivery and expression - everything is top-notch. The lead roles - Kim Bum, Ryu Hye-young and Kim Myung-min are outstanding, and the way they wrapped up the show is what I call a ""PURE CLASS""! And you'll get the vibe ever time the OST hits. It's addictive!This series speaks about the law, the justice and the judiciary system...as well as its ups and downs and complexity. There will be always multiple strings within the system, and it is inevitable. But at the end of the day, justice should be served at any cost no matter how long it takes - and Law School does not hesitate to imply that fact.For me the most intriguing part is, despite being a high-school drama, Law School does not deliver any extra sugarcoating romance or cheesy scenes like the other Netflix shows. You will come across the regular student life, the pressure and struggle that we all have gone through in our lives. That's where it connects the dots with us.Now that it has ended, I hate to acknowledge that I will miss this show terribly. I loved every one of them, and maybe I will take this memory to my grave too."
19,로스쿨,"The timeline is really complicated. I also didn't really like Kang sol A's character. Because i don't understand the plot, i feel bored and then i stopped watching this."
20,로스쿨,Love this show! Keeps you on your toes in suspense on what's going to happen next.
21,로스쿨,"Typical of KDramas, this one started slow on the first 3 episodes but rolled fast starting the 4th.If you're a lover of courtroom drama, you will not be disappointed at all with this.I binged and did not want it to end when I realized I was already on the 15th episode.I definitely will re-watch a few months from now."
22,로스쿨,"Well, I watched many kinds of dramas of different genre. Many hyped dramas didn't reach my expectation. But surprisingly though this drama wasn't very much hyped but I truly enjoyed while watching. The acting was okay and also liked the twist in every episode of this drama. After watching each episode I was eagerly waiting for the next episode to see what actually happened or what the plot of the next episode holding. But what I loved the most is the message that was given to the audience! Yeah, ""Law shouldn't be unjust"" and ""One shouldn't use the law for his/her selfish motives and obviously we shouldn't allow to use law for self gain"" 👏👍"
23,로스쿨,"I was waiting something great when I saw the first two episodes. However, I was wrong. I was only bored after every single episode. Too much legal terminology, unrealistic characters , predictable plot twists and so many flashbacks with no reason.The only positive was the soundtrack and of course its ability to make me sleep like a little bird."
24,로스쿨,If you doubt the unproven facts. Would you show the injustice to exonerate someone?This comes to mind when I see this serie. It is indeed a shame about the timelines that are in it. Making everything too chaotic for me. So i watch this serie from time to time. Because it's a good storyline.
25,로스쿨,"Firstly i would like to state that this series is not a masterpiece in anyway however, it still keeps you hooked to it. After watching the first few episodes it gave me the vibe of the ""How to Get Away with Murder"" series which it heavily inspires from (this statement in no way claims that the series is a rip-off).The twist and turns in the episodes may sometime make u scratch your head as in ""what the hell is going on"" but trust me it is still watchable."
26,로스쿨,Law school is arguably one of the best K dramas I have watched for this year The first episode has you gripped immediately and every episode after that gets better and better I don't think I've watched a drama where the ending was also as good as the whole show it was definitely a satisfying watch every episode had me gripped at the edge of my seat with anticipation.
27,로스쿨,"Netflix has pretty well single-handedly zombiefied us with binge programming. They have lured us into a huge dependency, so now they expect us to settle for a show that comes slow drip after slow drip.It's a killer and makes a very good series a chore.Give it up, N'Fix. It's not big and it's not clever!!!"
28,로스쿨,"This is just What I expect from a Low based drama. Explaining Low issues, along with showing the character's emotions clearly during a powerful crime script, all in an attractive storyline is the drama's best option."
29,로스쿨,"Can't get enough of watching it once so I watch it twice😍 I can say that LAW SCHOOL is one of the BEST Korean drama and legal drama of all time. This is the very first time I write a review on a drama because I find it worthy of my review. It's quite confusing at first because of the law jargons, but if you give attention to it you will be hooked and keep asking for more because every episode gets better and leave a hanging and intense ending. I think all questions and cases from the start to end has been solved but they don't show it on detailed because they think of it unnecessary and can make the series more complex. And it is also a nature of Korean drama that they end the drama hanging. So, it's just perfect for me! The storyline was quite amazing and mind-blowing because you can't guess what will happen next. All actors did a great job in portraying their roles. Kim Bum's acting is so lit! His so charming and natural.👏Of course the OST is also amazing because it fits well to the mood of the drama, kudos to the music team it give chills and goosebumps to the drama. Han Joon Hwi and Kang Sol A's chemistry? Just perfect! Korean drama cliche? LAW SCHOOL doesn't have it! It is more on ""new side of Korean drama"". This drama did a great job in giving and showing the viewers knowledge on law and justice. Another is, it gives a lesson to every student especially college students that no matter how you struggle in your course, you even think on quiting and giving up because you think you are not capable to it, don't lose hope. Even though many people are dragging you down, there are also people who are willing to be on your side and help you until you succeed. Kudos to the whole law school team! A job well done! I am not asking for SEASON 2 because season 1 is just perfect for me, but if there is another season I will be rooting for it.🤞 I highly recommend this exceptional Korean drama! If you haven't watch it, you're missing a great masterpiece! 💚💚💚😇"
30,로스쿨,"As a person who loves law related shows, i loved this drama, i binge watched all of it in a day. I think you will either love this drama or hate it, depending on your preference of plots. The storyline follows a professor of a popular law school being suspected of a murder of another professor, and his students help him get proven innocent. Of course there are side plots as well more little details, but i think it's better to watch the drama rather than reading about the side plots. Overall, i loved this drama and it's definitely in my top 10 kdramas list."
31,로스쿨,"This drama 'law school ' its everything I reallly love this drama the story line the cast most especially professor, sol a and Han joon hwi."
32,로스쿨,Such a great series! It's a new favorite and i dont think anything can top it at the moment. I love everything abt it especially the characters and even the cast. The plot is also really interesting and it just keeps u hooked. Hoping for a season 2 ^^
33,로스쿨,"To start with the less than ideal bits, there are moments in the show when the plot feels farfetched and a bit too convenient, and it certainly has its fair share of cliches. But towards the end, I found myself empathetic for the characters and was happy to see their lives turned out well. This was a pleasant surprise for me since I rarely get this invested in characters in a ""warm"" show like this.This brings me to the next point. There are great show/movies these days with deep/intriguing plots that make you invested, and shows/movies that are warm and just give you a good time. But these two categories are too often mutually exclusive of each other. In my opinion this show is a healthy blend of the two.Overall I'd recommend it if you enjoy good acting and entertaining plot and are okay with the few shortcomings I've mentioned above."
34,로스쿨,"Incredible plot twist with small detail, these detail are driving me crazy."
35,로스쿨,"Omg y'all must watch this drama, although you don't like law genre just give it a try okay. This is my number one law drama!! What an excellent works!! I'm so thankful but hard to move on hehe!!"
36,로스쿨,"The series is beautiful in terms of photography and in terms of story, but in some flash back scenes need a clarification for it . The series would have been wonderful if the scenes could be clarified with phrases or some effects."
37,로스쿨,"If you're not familiar with law terms, the pause button is the answer. The timeline will make you confuse. The actor talk too fast and you'll hardly cacth up. Plus they spoke korean. You are likely missing the point of the show if you're not rewind or pause the episode. But overall it's a good show. I could've give 9 stars, but the music is annoying. You'll get it when you saw the show."
38,로스쿨,"I loved this series. Many of the law school bits are accurate to legal studies. I do think the series could have ended after 11 episodes and been very strong. It dragged on for a bit. But I did enjoy how the episodes looked back in time at the histories of the characters, who I grew to love."
39,로스쿨,"I really liked the drama and the writers desire to compels you to see the next episode. Liked the way Kim Bum tried to make himself understated but prominent character. Each character has their own story blending in with the events of story being prominent. My only disappointment is that when Netflix handling of the ending. They originally stated that the next episode would be in ""X"" amount of days and then all of a sudden there were no more episodes. WTF Netflix?"
40,로스쿨," ""It's Driving Me Crazy""
"
41,로스쿨," No sustained objections. The Preponderance🏛Of The Evidence Supports an ""A"" °Excellent°
"
42,로스쿨," TOP TIER LAW BASED DRAMA
"
43,로스쿨," Good
"
44,로스쿨," This is too good!!
"
45,로스쿨," Exciting Drama
"
46,로스쿨," Layers that need unpeeling
"
47,로스쿨," AMAZING DRAMA GO WATCH IT NOW
"
48,로스쿨," The law is not just
"
49,로스쿨," What in the-?!
"
50,로스쿨," Very interesting
"
51,로스쿨," Great show
"
52,로스쿨," Brilliant!
"
53,로스쿨," Too many timeline flipping for me
"
54,로스쿨," Gripping legal drama
"
55,로스쿨," WHERE IS THE CONFESSION :(
"
56,로스쿨," It's a MASTERPIECE!!
"
57,로스쿨," Marvelous
"
58,로스쿨," This Is What I Call A ""PURE CLASS""!
"
59,로스쿨," I dropped this title after watching only half of the first ep
"
60,로스쿨," Addicted
"
61,로스쿨," An Intelligent Movie
"
62,로스쿨," Law school is like a refreshing new face among many existing beauties! 😍
"
63,로스쿨," A medicine for the insomnia
"
64,로스쿨," Timelines are too chaotic for me but the storyline is good!
"
65,로스쿨," A good series to pass your time.
"
66,로스쿨," Must watch!
"
67,로스쿨," POOR NETFLIX SCHEDULING
"
68,로스쿨," Perfect
"
69,로스쿨," GREAT! BEST! AWESOME! 👏
"
70,로스쿨," law school review
"
71,로스쿨," law school
"
72,로스쿨," a fave
"
73,로스쿨," I liked the characters and the ""warm"" aspect of the show
"
74,로스쿨," Best K-drama
"
75,로스쿨," THE BEST
"
76,로스쿨," Something in flash back scenes is not good
"
77,로스쿨," Not slow brain friendly
"
78,로스쿨," Well done, a bit too long
"
79,로스쿨," Good series
"
