,title,review
0,마녀식당으로오세요,"The show itself is giving Hotel del luna vibes, that being said its a good show. It will definitely be interesting to see how the show progresses."
1,마녀식당으로오세요,"Korean Mini Drama 'The Witch's Diner' is a drama with many layers. The main story is pretty interesting, with a witchy atmosphere, beautiful settings and intriguing characters. The short make a wish stories were all interesting, in addition, and they helped the drama move forward and keep being entertaining throughout its length.The performances were a key element for this drama as well. Especially the leading lady, she was amazing as the mystical, freaky and dynamic witch and she didn't resemble any of her previous roles.So, overall, 8 out of 10."
2,마녀식당으로오세요,Everything about this drama is just woww....amazing cast...Mind blowing actress song ji hyo.
3,마녀식당으로오세요,"With a great actors, the drama plot itself is interesting, challenging and make us curious of every episode. Plus the moral value of the drama is good !!"
4,마녀식당으로오세요,Graphics are great. Chemistry of each character is there. Full of life lessons. Amazing visuals from each character.
5,마녀식당으로오세요,This reminded me of The Hotel Luna.. that was a brilliant series and this was as well. Thorughly enjoyed it. I just wish there was more than 8 episodes.Bring on Season 2 please.
6,마녀식당으로오세요,"This drama is beyond my expectations. Even it's just an drama of an OTT platform, but the castings, the CGI, the directing, the scene set ups, even the OSTs are all in one great harmony. Not to mention the ending is one of the most completed stories I've seen from kdramas as of late. Only thing to complain is too little of witch Heera which I think is the one that holds the aura of the whole drama. Actress Song Ji Hyo's acting is superb that I completely believed its Jo Heera herself, not Song Ji Hyo. A short quality drama worth watching."
7,마녀식당으로오세요,"Amazing, literally amazing the dialogues, the actors, everything else about this drama is amazing, I am hoping for the happy ending too."
8,마녀식당으로오세요,"Everything about this drama is great. The actors visuals, their acting, CGI and the storyline. Very intriguing characters."
9,마녀식당으로오세요,The drama itself is very interesting. The story of every diner is very sad and interesting as well. I liked it. The actors play their roles excellently. Perfect!Recommended!
10,마녀식당으로오세요,Creative story. The plot twist is amazing. Need to add more episode!
11,마녀식당으로오세요,"8/10 is my rating. This is a 2021 South Korean Supernatural Fantasy drama with 8, 44 minute episodes.Jo Hee-ra (Song Ji-Hiyo) is more than just the cook of a diner, she is a witch who bakes up special dishes designed to fulfill the wish of the desperate diners who come through the door. The price varies by customer as do the wishes but be careful what you wish for as the cost is something very dear. Jeong Jin (Nam Ji-hyun) is one such unfortunate soul whose price is to become an employee of the diner. Practically everything goes wrong in her life - her long time boyfriend dumps her and her job lets her go. So she figures, what does she have to lose? Jeong Jin befriends Lee Gil-yong (Chae Jong-hyeop) when she comes across a bullying situation. She sees herself something like an older sister but that is not how he sees her. He makes a mysterious wish himself and winds up a part time employee at the diner. The situation is just fine by him as he just wants to be by Jeong Jin.Spoilers**I liked the premise of this and found the ""cases"" to be very interesting. It worked fine as a shorter series and was surprisingly able to completely tell the story. I think there was room to make it a longer series. It seems whomever is the witch is destined to not find her dream herself and it was disappointing that Jeong Jin and Gil-yong also followed the path of the witch and assistant. I always prefer a sweet romantic ending though. Still it wrapped up nicely, was an interesting storyline, and checked all the boxes otherwise. If you go into it knowing there will not be a romantic happy ending - perhaps it would not be as disappointing. I would recommend this as a quick and entertaining watch with an interesting premise."
12,마녀식당으로오세요,"Generally I think K-Dramas are overrated on IMDB by about 1.0, so given that a 7.6 rating is considered ""decent/good"" which I feel is strange.""A+"" elite for visuals and effects, they're not overdone (like I think happened on It's Okay to not be Okay"") but tastefully and artistically applied.""A"" for narrative pacing. I do think it could have been a few more episodes long, but that's only because I was left wanting more, not because the pacing was abrupt or anything, it felt like an artistic choice (whether it was or not, that's what it felt like) and made the drama feel precious while it lasted. A season 2 would make perfect sense here as the story does come full circle but at the same time feels like more can be told.""A-"" for story and premise. Story is very tidy, it doesn't try to be an epic or a masterpiece, but it's clean and cleanly executed. Sets out with an objective to be something, and does it very well.""A"" for acting. I was surprised at how charismatic Song Ji Hyo was on this, I've avoided her acting because I watch RM and felt I was too familiar with her to not see through her acting, but I've changed my mind after watching this. Solid acting.Overall, again it doesn't claim or try to be a ""masterpiece"", but what it does try to do in being a cool and clean premise of a drama is ""masterfully done"" I would say."
13,마녀식당으로오세요,"Everything about this drama is incredibly awesome and who worked behind and on the screen for this drama deserve to be praised. All of them did a great work. The storyline of this drama is amazing, the props and costumes of the actors were well prepared, the cinematography was also great."
14,마녀식당으로오세요," Interesting
"
15,마녀식당으로오세요," Good Enough
"
16,마녀식당으로오세요," AMAZING DRAMA
"
17,마녀식당으로오세요," Intersting Fantasy Drama
"
18,마녀식당으로오세요," Perfect 10 for this drama
"
19,마녀식당으로오세요," Wonderful Drama from start to finish.
"
20,마녀식당으로오세요," Amazing drama
"
21,마녀식당으로오세요," Drama that will capture your interest!
"
22,마녀식당으로오세요," WITCH DINER
"
23,마녀식당으로오세요," Excellent!
"
24,마녀식당으로오세요," Nice Drama
"
25,마녀식당으로오세요," Interesting premise, great acting, enjoyable watch
"
26,마녀식당으로오세요," Not quite sure how this is so lowly rated (for a k-drama)
"
27,마녀식당으로오세요," Everything about this drama was perfect
"
