,title,review
0,마우스,"I can't begin to describe how much I love this series.. love the mind game. It keeps you wondering. After each episode, you are left with excitement, many thoughts and urge to watch another episode ASAP. Even for someone who doesn't normally watch crime/ thriller like me, I am hooked. Some people might say it's too confusing and not realistic. Well, the title itself says "" what if we sort out psychopaths in advance"", you can't expect a simple plot, documentary movie. It delivers everything it says. It's too interesting and you can't miss a single minute of it. Please watch it and enjoy all the mind blowing twists and turns ( they will brainf..k you too). :)"
1,마우스,I like it when a really good tv series or movie takes me away into the imaginary world for a few hours and engages my curiosity. I love solving puzzles. And this series has all I am looking for.
2,마우스,"When you watch each episode, you will be overthinking after that😂. Lots of mysteries are presented, and lots of puzzles too. You have to watch this!"
3,마우스,"This is so far the most awesome crime thriller I ever came across. Really hats off to the person who wrote this or think of the extremely great concept. Actually, I really don't have words for this or words won't be enough to explain this drama. Since I'm crime thriller and twist lover, I pick this up as soon as I heard about its hyped. But,as I said, words aren't enough, the hype felt weak infront of this. How can someone write a drama with so many plot twists? Like seriously! There are about 20+ twists and none of them feels like irrelevant. These all felt like biggest plot twists. What else can I say? I just loved it and this is the best crime thriller for me right now."
4,마우스,"Fantastic performance from Lee Seung Gi, the lead actor who proved exceptional abilities and versatility allowing him to switch from an innocent police officer to a sadistic and creepy psychopat in a blink of the eye.Well written drama with twists and turns that make you analyze in detail each episode to find the clues super powerful endings that make you wishing to see sooner the next episode.10/10. #LEESEUNGGI ❤❤❤❤❤
#Mouse."
5,마우스,One of the best korean dramas I have ever seen.... Perhaps the best one... Every episode is full of thrill...
6,마우스,"The best crime thriller I ever watch, every twist will blow your mind. Don't miss it, a must watch for all."
7,마우스,"This type of series and movies are the reason why I just love this genres. And this series is such a masterpiece. Its dark, its raw, it just defines this genre in the best way.REVIEW : This is a series that is not for the people with weak heart. If you love a series with happiness, with love, with perfect beautiful ending..then I will suggest that you should not watch it.Coming back to the series, right from the beginning, from the very first scene...each and every scene and episode is connected till the very ending, the very last scene. Right from the beginning..when the story starts.. slowly you start getting questions with each and every passing scene... and by episode 12-14 you are just filled with it. You are confused, you don't understand anything about what is happening, who is doing what, why its happening and many more such questions. And right from then you start getting the answers. All the dots start to get connected. Everything starts making sense. All your questions starts getting the answers for what you were wanting so long. All your assumptions starters getting to prove wrong. Everything you have thought just turns out to be wrong. You have to watch the very last episode..the very last scene so get all the answers. To get everything clear. To understand the story totally.This is a type of series where you have to keep your eyes and brain open. And if you don't understand korean then you have to make sure that you read each and every word that you see in the subtitles. Because if you miss anything, then you will not be able to understand anything after that... That's how connected each and everything is in this series ?.I must say that makers did a great job. The way everything is portrayed..its just brilliant. Actually I honestly don't know what is the correct word to describe the brilliance of this series. Its just mind blowing ?.ACTORS AND ACTING : Everyone, literally everyone did a great work. No matter how big or small was their appearance was, but every character have a strong impact. Non of the character was just for nothing. All the characters were equally important and meaningful. There was no unnecessary drama. That's what make it more amazing. You don't feel bore.The actors did not just played the roles, they lived that. You can feel their emotions through their eyes. All the pain can be seen in their eyes.LEE SEUNG GI (JUNG BA REUM): He is the person around whom the whole story moves. The main person who is the creator or the destroyer.. whatever you say?. The acting skill of this man, my God. He is just amazing in what he is doing. The way he presents his character..the ups..the downs..the shock. Everything he feels just gets transferred o you with his eyes. You find him wrong in the starting but then by the end you feel pity on him. You feel sorry for him. You feel that he didn't do whatever he did with his own wish, he just didn't had any option but just to do all those things even if he was wrong.LEE HEE JOON (KO MOO CHI) : This is his revenge story. The person who suffered right from the childhood because of no reason. He is the one who did everything to solve the mysteries. To get the people punished because of who his life was filled with pain. You can see that pain right in his eyes, in his body language, in each and everything he do. You can see his desperation of how bad he want to get them punished.PARK JOO HYUN (OH BONG YI) : The girl who faced a horrible incident in her childhood and slowly overcome it with the passing time. She is brave, courageous, loving, caring, understanding. She is the common but special girl. She one of the main character that holds a lot of meaning in the entire drama. A girl who struggled a lot. Bear all the physical and mental pain and still stands up to fight again.KYUNG SOO JIN (CHOI HONG JOO) : According to me, this is the person who the most mysterious. You have to watch the entire series to know about this person. She will keep on giving you surprises till the very end. By the way she is very beautiful ?.KWON HWA WOON (SUNG YO HAN) : The most innocent character of the entire series. The one with whom everything was so unfair. Like everything. He was the one who was just caught in the middle of every thing. Right or wrong. Who is the main character who is involved with everything in a different way.BACKGROUND MUSIC : The music is so deep, dark and it totally matches with the plot..the storyline. It adds more meaning and intensity to it. Its so catchy.RE-WATCH VALUE : If you ask me, honestly I may not watch it again as its a thriller-suspense-mystry series. And one you discover everything in the first time.. watch it again for the second time is no fun. But yes, if you are watching it with a friend then ya..you can watch it again. It will be fun to see his reaction with every surprise ?.CONCLUSION : This is a must watch for every suspense lover. Just don't miss it."
8,마우스,"One of the 2021's best psychopathic thrilling series... highly recommended.. the twist plots, acting is so perfect and unique in its own way..."
9,마우스,"Enjoying the thriller a lot. It keeps me so involved and on my toes, this is what I want in a good thriller. LSG has done a great job with his acting."
10,마우스,Every episode is thrilling..at the end of every episode it made me curious about what happens next.. it's addictive.
11,마우스,"This time they crossed the line, but in a good way. It is a series that is too strong, although it has some censorship, it causes a lot of impact when it comes to watching it. It makes the viewer tremble in the armchair, intriguing to know more and more, in that aspect each chapter has something new to deliver through its mysterious narrative and twists in the plot that will make your head spin and you will have the need to know what it happens in the next episode. This is what causes Mouse: intrigue, confusion, sadness, drama, anger, nervousness and a lot of panic. 100% recommended and of course not suitable for sensitive people!"
12,마우스,Watch it and you won't regret it. The story is engaging until the end so you will never be bored.
13,마우스,"This is the first time i can like this genre. This is not like other story of psycopath...but more deep...beyond my imagination...until i cant speak anymore
Just AMAZING!!!Must watch!or you will be regeret."
14,마우스,The story is suspenseful and there are a lot of plot twists. Give it a try.
15,마우스,"Mouse is a work of Art. Riddled with mystery and plot twists, be prepared to flex your brain alot especially in the earlier episodes. Mind you, this is not some typical psycho crime thriller, about just catching psychopaths and body counts. There's a deeper and more meaningful message which makes the show all the more interesting and unique. Everything nicely unravels and explains as the episodes progresses.On another note the acting pedigree in Mouse is insane and it also comes with one of the most EPIC and memorable endings that I have ever seen in Kdrama history.Fair warning that its not for the faint hearted as there are a lot of tragedies to deal with which can be too depressing for some.Note : Watch 2 special episodes, ""Mouse the Predator"" after episode 15, before continuing on to the next episode. Very interesting and worthwhile."
16,마우스,This is my first ever Kdrama and iam absolutely blown away by the story telling..writing...screenplay and BGM...what not everything is so perfect regarding this show.Special mention to the lead actors...Jung Ba reum.. Ko Moochi...Bong YI... Director handled the suspense very well. A Must watch series for THRILLER fans...It will be full meals for sure.
17,마우스,Each and every actor played their role perfectly. Lee seungi never disappoint. He blown me away by his acting and the kid played that role was soo perfect. And the lead detective too his acting is great. It's really really good thriller movie one should watch it.
18,마우스,"Explores the psyches of psychopaths. Each episode has you wondering what is the truth? Can people be genetically pre-disposed to being a psychopath? The acting is superb and through the episodes, you will learn what connects them and leave you guessing as to what is coming next. Just when you think you've got it figured out, you are taken down a very different dark road."
19,마우스,"I cannot never ever stop raving about this drama - amazing story plot, terrific cast acting, a mind-bending drama with unexpected twists. Beautiful cinematography with every little detail and clue being crucial to the drama development. The raw acting and emotion expressions by the lead actors are remarkable and commendable. A total masterpiece."
20,마우스,"Honest to God. This is the best serial killer show among all the materials I've watched- including Hollywood stuff.Mouse does not shy away from the ugly aspects of psychopathy unlike other Kdramas that like to tease and not show or blatantly misdiagnose. This daring move makes the show into a gritty, gory, fast-paced thriller with realistic characters and interesting relationships.All the characters are well-developed and human. The parallels between the Headhunter and the current events, the intersecting lives of the surgeon and the cop and the interactions between predator and prey are all captured masterfully.The BEST 2021 SHOW I've watched so far. What're you doing? GO Watch it NOW."
21,마우스,"I just love this series. It's even better when you go back to the first episode and watch them all again to catch all the twists and turns. If you're a true crime fan, you'll be hooked."
22,마우스,"Each and every scene has it's purpose in this show of 20 episodes. Lee Hoo-Joon (Go Moo Chi) is my favorite character.LSG (Ba-reum) nailed it. Special appreciation to Kwoon Hwa Woon (Yohan). My favorite episodes are 5, 14 and 15."
23,마우스,The acting and script is phenomenal. Its easily the best show this year 😳.
24,마우스,"Mouse (2021)To be honest, I just watched it as Seung-gi is one of my favourites.Lo and behold, I was amazed with the entire cast! It's one of the best pyscho thriller I've seen! I love it! My brain cells worked! Cheers to the Directors and Screenwriter, you were all excellent! Bravo to all the cast especially Seunggi and Hee-joon! I will miss you Bareum and Moo-chi! You were both brilliant!!! You made me cry, scream, and laugh!This is gold! No dull episode! 10/10 for me!#Mouse
#LeeSeungGi
#LeeHeeJoon."
25,마우스,Best K-Drama ever(If you like dark thrillers).LSG and other cast gives their career best perfomance through out the series.Cinematography and bgm on another level.LSG drama never dissappoints. 💥
26,마우스,Its wonderful. I suggest you watch it. Such a strong series emerges when great actors and writers work together. I hope to see more of such performances.
27,마우스,"-> Mouse is a drama with a lot of twist plots and till the last 3 4 episodes all the questions are answered with more questions. I was afraid that they will left some of them with no answer but they closed the drama really well.-> It s a drama that makes you suspect everyone. What I liked the most is that everything they show is linked with somethimg else.-> Every episode they gave us pieces of puzzle but till the end you can t be sure if you put the pieces in the right spot.-> Also even if some said that 20 eps are too many, the action is going fast and I didn t feel that they are dragging it.-> The acting was so on point.In conclusion for me Mouse is one of the best k drama with a solit script, more genres combined and a lot of twists plots like even if you have a theory and it s right they make you questioning it."
28,마우스,"What I like about this drama, is that I was puzzled after watching each episode. It was not boring at all. Full of puzzles! That's what I love!"
29,마우스,Every scene is this show is just so well detailed and just mind boggling! Easily one of the best shows! Must watch!
30,마우스,"The first quarter of the series is really good and gripping. Then it kind of goes down a ""huh?"" path, like the writers had to come up with so many twists that they're just pulling them out of their hats. I love twists; but a lot of them didn't seem to make much sense. Overall, the acting is good, though, as well as the CGI used. If you like to be shocked, but don't worry about taking things TOO seriously, I think you should give it a shot."
31,마우스,"It's a series that really challenges you. The script is so well written, i'm really surprised as this not your typical Korean drama."
32,마우스,"Best twister in series inthe world and lee seungi acting is phenomenal and other also and main is the emotion,analysis, cliffinger, and smart work of characters and past and present collaboration if any emotional scene it wil make you in tears 😭"
33,마우스,"It's not your typical cliche kdrama. The plot is superbly written and it's well-paced. You'll really feel like a detective as you watch through the episodes and when you think you're right with your theory on who's the killer or what'll happen next, the drama surprises you. And I swear you get more clues as you rewatch the episodes. I'm on my third time rewatching and I still get surprised at times on how I missed those subtle clues before. The cinematography and symbolism is so amazing too. Super love it. Must watch!!!"
34,마우스,"Amazing plot , awesome screenplay , perfect casting and mid blowing thriller series overall."
35,마우스,"The show has been VERY WELL written, has some good music and GREAT acting. The character development - some of the best I've seen in recent times. There are twists upon twists upon twists, just when you think the story is done, boom!The themes explored in the show revolve around how biological traits don't have to dictate what we become, betrayal, salvation, inner conflict, guilt, justice, so on and so forth.I would have preferred if the episodes were shorter and the show split into 2-3 seasons but ah well. That's just how TVN's shows are. I'd highly recommend if you like slow-burns with some mindblowing writing and editing. The show will be worth your time and commitment."
36,마우스,"A play that doesn't hide its flaws,
The editing is a bit confusing,
Fortunately, the script is solid and logical, and all the pits that can be filled are filled,
The actors are good-looking and have excellent acting skills, especially Li Shengji's masterpiece."
37,마우스,Very good series. Kept you wondering what was real and what wasn't. You slowly come to realize the truth.
38,마우스,"For the 1st 11 episodes, you will be like, what the heck is going on, are they stretching this on, why the hell am I still watching this. After 11th episode, the show takes a completely different spine and is bound to blow your head off.I promise you that this is one series you won't regret watching.I also believe that this is not the end of this series. The creators are hinting at season 2 with new characters with story line set after the events of first season in the last 30 seconds of the finale episode after end titles.Brace yourself, I believe that this is not the end."
39,마우스,"Warnings - mature audience material: violence, violence against children, suicide, open-mouth eating, drinking, more violence, pulsing lights, mature audiences.Acting: enjoyable; double popcorn w/butter for the central character.Script work: exceptional.Production values: somewhere between good and very good.Directing: the director is responsible for everything. Props for how everything came together; however, the director is also responsible for editing...Editing: not without glitches and occasionally bothersome. There were jump-cuts that should not have occurred. Music segues and scene transitions were occasionally jarring. Maybe the series was artlessly recycled from the movie. The director should have made the editor fix these things.Notes: The talented writers use of misdirection in Mouse kept me second-guessing until the 19th episode. Much was improbable; none of that was unexplained. And plenty of themes to discuss after viewing. A tangled skein that fully needed 16 of its 20 episodes so the writers could address all the times viewers hit the stone wall of improbable action.My hat is off to the script coordinators, who kept all the threads in sight and without loose ends. They likely wondered why the writers hated them.Highly recommended if you are not bothered by violence, psychopaths, and/or K-drama eating scenes."
40,마우스,"MOUSE 😍🐁
One of the best psychopath show ever
Every actor actress acting on the point
NO VULGARITY AT ALL 😍👌 ( except a kiss)
from episode 1st till the end you'll keeping guessing what's come next 💯
BGM of this show accelerate your watching experienceone of best serial killer show 💯simply go for it its worth watching 😌💯"
41,마우스,"My first on going drama korea. And I didn't regret watch it while still on going. Lee Seung Gi acting is crazy, the emotion is soooo good. The script, the twist it was perfect!! It's not just about thriller psychopath drama, you'll find another emotion while watch it."
42,마우스,It's for the first time that I send any review on IMDB but I have to do it by reason of I'm totally hooked by watching this amazing series after each episode I've just been overthinking what will happen in next episodes I really like this feeling and thrill that I have for each episode I've never felt this feeling for any Kdrama but it's the most unique series that I've ever watched I've just finished watching episode 15 and again I'm completely hooked and think what's gonna happen I definitely rated 10 out of 10 this series has lots of mind games and mind blowing scenes that you shouldn't miss watching it if you're Kdrama fanHighly recommend to watch.
43,마우스,"I'm a lover of Psych-thriller, mystries, crime and suspense yet I m still so picky. I feel good to come across such masterpiece..This one is gonna be tricky and keep your mind racing throughout the series. Infact your brain is just gonna thank you for this.And I know some might not accept the plot twist and feel its exaggerated. But no there is reason for why the things are the way we see it. Nothing was meaningless infact the maker made this keeping in mind how to play with viewers mind. They will show you what THEY want you should see !So enjoy the rollarcoaster!"
44,마우스,"The plot, the characters and acting is so good. It's keeps you wondering after each episode. Definitely recommend it."
45,마우스,"2021's best thriller drama. It makes you so curious that you can't leave the show in between. Subtle acting,amazing screenplay. Worth your time."
46,마우스,It is a really fast paced and engrossing drama. It leaves you hanging on each and freaking every episode!! The cast and the story is just amazing!! It is must watch drama if you love mystery thrillers!!
47,마우스,"Nice story from the start, must watch..unbeliveble ending."
48,마우스,"I am not a fan of thriller series but Mouse drama got me hooked. It is not only due to the amazing performance of all the actors but also due to the plot, cinematography and every small details that connect each episode. I love that every episodes keep you focused and I never got bored watching it. I watched every episodes atleast three times."
49,마우스,"Twists were good but it was writing for me. The way Ba Reum repented for his sins in last 6 episodes completely overtook series to another level. Special mention to Go Moo Chi character.The emotional drama was on top notch. So much to say yet I'm gonna end by only one thing ""This will be in my Top 5""
#Mouse."
50,마우스,"This show lacks reality , it lacks nature laws , besides they pushed it too far on the psychopath stuff everything is psychopath, psychopath this psychopath that , a story detour would've been nice , but the show focuses so much on psychopath stuff that they ruined it , first few episodes were good than it all went to Sh#t , this show had potential ._mindhunter ruined this for me because it was a peice of art no shows can reach its level of perfection , everything was facts nothing imaginary like this show.Btw Korean actors seem to overeact alot Which kinda gets annoying overtime."
51,마우스,"Its always the antagonist with a dark past or twisted ideals on this world .But here its completely different , also this shows a great deal of how one can be born with that psychopathic gene in the brain and all the medical aspects that makes a psychopath different to a normal person and how this psychopath will turn into killer or serial killer .The main lead in normal series is either too unrealistic or the process of investigation seems staged , but in mouse its like we work alongside with detective and it always challenges us , there was no unnecessary killing just prolong the story to fit 16 eps ,
there's always a card at play and it keeps us engaged till the ep ends.Also if you decide to watch it , good luck
if you are contemplating just stfu and watch it."
52,마우스,"I highly recommend this one for k-drama lovers.....
Each episode has multiple unexpected events, actually it's the best thriller action drama I have ever seen."
53,마우스,"Episode 1-7
I'm only 7 episode in and the pace just doesn't let up. It's a gruesome police thriller with a serial murder aspect. Basically it goes back to the very initialisation of the concept presented in the film Minority Report. What if you could predict a crime? But it is at the early stage, science predicts it, but what next? The cops are still catching up. And the show investigates the emotions involved.But it's far from a TV series. The pace is frantic, it lingers a little bit on the emotional scenes. And IMHO, skipping over some key thrilling scenes. For example, in the TV show revealing why the culprit commits the crime, a few scenes seems to be missing. The whole thing is shot like a movies, unlike few other recent Korean thrillers that are also excellent in their own right. Nobody knows, Beyond Evil, and The Good Detective.The only thing that didn't fit for me is the PD female lead. Why she is the evil doctor's significant other. And the writer are not touching her history much, probably that's the clincher.I hope the second half is just as good, plus it needs an ending.Episode 8-14
From the beginning of this set you get where the writers are going. Mind games!!!! Also the show is starting to reference Silence of the Lamb. Then it's onto twist after twist. Say, it's not a tornado movie!!! The piece of the son, then the farther, then the son twist is a bit of a time waster.The mind game aspect is not new, and they are adding the release of the perp to the younger female lead. But that takes a back seat. More memory surfaces with the girl that stepped on the mouse. Wonder if that is PD?Now towards 15 and the mega twist comes out. Memento anyone? The pace still sizzles but slows a bit for this stretch. As no more killing just more reflection. The guy in hospital, his pal wakes up. Daniel the scientist admit he was wrong ( so 1% of goodness was there). That's a stretch. Still a good watchable show.Episode 15-19
This is a bit over the top for me. So these episodes are to explain everything and dwell into a 'proper ending. So who are the OZ guys? Government I suspect. A lot of flash backs and names being throw around. It's not a good sign. The plot should let the audience to figure things out. Not with detail explanation handholding. All the thrills are gone. Let's see what the last episode will bring.Oh yeah, maybe I missed something but all of a sudden there's a baby. (I do remember some scene when she felt like vomiting) And PD's identity is revealed. The older detective's daughter, the small girl who helped the evil Dr. To lure some of his victums. But who's the girl that stepped on the mouse?And will the main protagonist die because of the transplant limitations? Or killed by either the detective (revenge for his brother) or young female lead(revenge for her granny) first? So many questions for the last episode.Episode 20
Downgrade again. 7, not and 8. This entire episode is to tie in loose ends with flashbacks. At 1hr39min only 30min or so are new footage of redeeming acts. What a disappointed ending. Everyone either got arrested or have a sudden conscience. Sigh."
54,마우스,I liked it very much. After every episode I was thinking a lot. It has a different scenario. Its final episode was amazing. Every actor is master of their job. I loved Lee seung gi. He is perfect. I liked movie more for the lee seung gi . Every body must watch it.
55,마우스,"This is a very different kind of drama.. it's definitely not for everyone. It's dark, has alot of triggers and could be VERY emotionally draining. Not for those who love to binge watch. Also, the writing style is different. A lot of red herrings, I should say? But you'd have fun finding out which ones make sense and how.The ACTING is SUPERB. Lee Seung Gi at his best.The cinematography, the parallels, the subtexts in the writing - top notch. I watched each episode multiple times just to figure out the clues, and connect them, made innumerable theories. I really took my time watching this one and I really recommend it!"
56,마우스,"If you thought you are good at predicting, that's what you thought until you watch this drama.Still can't believe why they only have 1 Baeksang Nomination. 🙄🙄🙄🙄"
57,마우스,Need to watch this now. The child and adult actors are beyond amazing.
58,마우스,"I'm 13 episodes in and not gonna make it to the end.I wanted to like it. I'm trying to like it. I liked Beyond Evil, Stranger, Hell is Other People, Tunnel, The Guest, you name it. I love police procedural kdramas. Heck, I even liked Flower of Evil even though it was cheesy and melodramatic.But this? I just can't do it. It started off strong and then just got worse and worse as it progressed. Where to start?There are over 100 important characters, 200 total if you look at AsianWiki. There are at least 3 or 4 serial killers all connected in various tangled ways. So right off the bat, the series is already impossible to follow.But whatever, don't care, I just went along with it. The characters are all likable enough, so even though they keep showing scenes where you don't know who the hell anyone is, whatever, I'll give it the benefit of the doubt.It gets worse, though. Every episode has fifty utterly improbable coincidences. Everyone always just happens to catch some crazy clue. Everyone has photographic memory and remembers every tiny little detail of every scene they've ever even seen a picture of. It doesn't just beggar belief; it buggers it.The main plot twist at the halfway point is absolutely impossible to believe, but even if you go along with it and treat it as a fantasy series rather than something intended to be realistic, it's STILL ridiculous.Every character in the series is connected in fifteen different ways, as if there are only 50 people in all of Seoul.Every single episode ends in some cliffhanger where they deliberately kill off a character, and then in the next episode haha they were just kidding they're not dead (or jailed, or whatever).This series makes over-the-top anime stories look like dry documentaries.Is it fun? Sure, sometimes. I mean it's 20 episodes long. It has its moments. But starting around episode 8 it gets incredibly tedious. I've given it four more episodes to improve, and it's just making me madder and madder.At this point I hate this show. I'm frustrated as hell that I'm probably going to have to finish it just because everyone raves about how amazing the ending is. But it's draining hours from my life.I would honestly stay away from it. There are MANY kdramas that are worth watching. This one is a fart. It's a cinematic fart. It might as well be a prank.Don't say I didn't warn you."
59,마우스,Amazing Story like never before !! Do watch it one time . Its worth your time.
60,마우스,"A masterpiece, the acting and the story is phenomenal."
61,마우스,"One of the besstttt korean tv series.No more words i can explain. For me, who rare watch korean series this tv series amaazzzeeeddd me so much.Till i cant wait any longer to watch next episode every week."
62,마우스,"Yes , it has sad ending. Ending makes me feel bad for male lead. But the story is so twisting. Their acting was so awesome. Only thing feel me bad is the ending."
63,마우스,Such a beautifully written and executed show!! Each detail is perfectly crafted and is used very brilliantly! The twists and turns dont stop at any time! Each episode is packed with so much of thrill!! Perfect watch if you're looking for a thriller show.
64,마우스,"WOW this drama is amazing. The acting of all the characters is fantastic, especially Lee Seung-gi who is a ""monster"" of skill. One of the best drama i ever seen."
65,마우스,"This show is a fantastic thriller that will keep you on the edge of your seat. The serial killer parts, particularly in the beginning, are very dark and somewhat scary, giving a great opening to a show that fully deserved all of its 20 episodes. Each and every episode is packed with twists and turns and some amazing plot points you won't see coming. At the start of the series I felt like there were a lot of plot holes, but they are definitely resolved by the end. The writing is really brilliant in that it makes you questions everything, but it's solid enough writing that it makes sense even as you question it. There is most definitely a dystopian element to the show, as well as a bit of a scifi twist, so go into the show expecting those things.The acting was fantastic in this, and there was a very good score to go along with some dark and creepy cinematography, giving an eerie atmosphere throughout.Was this show perfect? No - there were definitely some things I disliked, but it is very interesting and different from anything else I have seen, making it worth a watch."
66,마우스,"7.5/10 is my rating. This is a 2021 South Korean mystery, crime, thriller television series with 20, 70 Minute, episodes.There is a serial killer on the loose and no-one feels safe. After his mother and father are victims, Ko Moo Chi (Song Min-jae) bravely identifies the killer causing one of the most notorious killers to be sent to prison. Fast forward and now Ko Moo Chi (Lee Hee Joon) is a detective who will stop at nothing to get the bad guy. He is on a personal mission to put as many killers behind bars as possible. It seems there is a new serial killer whose crimes rival the brutality of the ""head hunter"" the killer who killed Chi's parents. After several chance encounters with another police officer officer, Jetong Ba-reum (Lee Seung-gi) who is known for his good deeds and many, including Chi, wonder if he has what it takes, in terms of a hardened personality, to make it as a homicide detective. Nevertheless they team up to stop this new serial killer. Oh Bong-yi (Park Ju-hyun) sees Ba-reum as stability in a life that has been far from stable. Their romantic pairing is something her grandmother wished for seeing handsome and kind Ba-reum as a perfect pairing for her granddaughter who is haunted by a traumatic past. Choi Hung-ju (Kyung Soo-jin) is an investigative journalist specializing in stories about killers. Her work has her working with Detective Chi frequently and he values her opinion. They were once romantically interested in each other but life events drove them apart. Will they catch the killer through their combined efforts before he can kill many more? Is everyone who they seem?Spoiler alert***
What I liked about this series. It went very in depth on the psychology behind psychopathy. It showed very clearly how some psychopaths are experts at blending in with ""normal"" people and how those closest to them can be fooled. I liked the relationships between friends, former lovers, and even the interplay between the serial killers and the police. I thought all of the actors played their roles very well.What I did not like about this series:
1) It was so complex that it made the story hard to follow at times. The plot twists were frequent and you had to pay careful attention to things that may have happened several episodes ago or you may miss the significance of the latest twist. It caused me to tune out several times to let the story play out a little bit and get back to normal.2) I did not like the inconsistencies. For example the killer was a psychopath even as a child and had one of his father's mice (assumed). But if the mouse was his father's it did not make sense as he was in school when it showed him with the mouse and his father was put in jail before he was born. So, where did he get the mouse as a small child? Another inconsistency was when Bong-yi was rescued as a child by Ba-reum. He gives her a piggy back ride and they seemed to be about the same age. However, earlier in the show the Bong-yi commented on their age gap and it seemed to be significant, like maybe 10 years.3) An event with new characters would happen in one episode and seem to conclude then several episodes later they would mention the names of the people involved in the episode. By the time I would figure out what event they were referencing, the story would have moved along.4) I did not like that I felt I had no one to root for. I like Ba-reum early on but when he turned out to be bad, I was very disappointed. The rest had some serious character flaws, Bong-yi jumped to conclusions, Chi wanted to kill the bad guys and be judge, jury and executioner, and Chung-ju does not open up to anybody.5) Loose ends. There were a lot of unexplained things. Such as the mouse, why did Ba-reum have a mouse. The mouse almost seemed to be controlled by Ba-reum when it attacked the snake - what was that about? We also never got the full story of what transpire to PD Choi as a young child. What happened to her brother? How did the serial killer get her to work with him? The Oz organization was mentioned frequently but when things wrapped up we never got the full story of who all belonged to Oz and why they joined. The pregnant lady who was identified as having a child with the psychopath gene at the same time that Ba-reum's mother was, what happened to her and her child? There were so many psychopaths it was hard to keep track of who was who.6) Romance died. I know it was never fully intended to be a romance but there was a cute romance developing between Ba-reum and Bong-yi and then we found out the truth about him and that was that, as it obviously would be. But then even Detective Chi and PD Choi, they had a romance in the past and, at the end, Detective Chi indicates to another detective he still has feelings and might confess but then PD Choi and he sit down and talk about their feelings of guilt over the way things played out with the doctor. They sort of agree it sucks and they will live with that guilt then she just walks away and he drives off into the sunset in his egg truck. Felt like we had build up in both cases only to be let down in the end.7) There was a lot of emphasis put on the psychopath gene and, while they mentioned that there was a possibility the individual may not be a psychopath but a genius instead, they never pursued that angle. It is not dissimilar to what, in reality, is known about psychopaths that there are thrill seekers who have that similar flatline emotional state but do not exhibit as murderers, they may be thrill seekers (extreme sports), highly competitive business or finance moguls, or other such adrenalizing pursuits. It was unclear if the Doctor was thought to have the psychopath gene, he was part of the experiment so you could assume he did, however it was not clear."
67,마우스,"Mouse is better than breaking bad !!!Mouse basic theme is already mind gripping ( serial killer / detective )
If any one of you starve for thrills then mouse gonna fullfill your needs it's a epitome of thriller !!It's a 20 episode series and who ever comes on screen has a meaningful purpose the story is complicated and yet beautifully written and no strings left out .Mouse gonna engage you to the core and give you headache it's gonna confuse you and shock you at the same time by the end you will feel happy and it's my first ever k drama and it's awesome."
68,마우스,"I highly recommend this drama to all of you! This drama is very unique. Many plot twists that you can't predict, the acting of the actors is very real! Only this time I can't move on watching a drama for 1 month. Please, you have to watch this drama. Masterpiece.."
69,마우스,"Masterpiece 🔥 storyline, acting, cinematography is amazing."
70,마우스,U WILL OF THIS SERIESSO HURRYYYYY. AND SEE THAT.ALL OF CAST ACT WELL.
71,마우스,"This drama is so high quality from the story and the twist that will appear and to the acting, all actors are amazing, mostly Lee Seung Gi and Lee Hee-joon. When I'm watching it, it keeps me wanting to watch the next episode and thinking of theories. This is a must watch drama!"
72,마우스,"Normally watching thrillers you can easily predict whats gonna happen. Not the case with #Mouse;cant miss a single detail,cant help become Sherlock yourself,cant help but immeresed yourself in it. The only thriller series where you not only witness the brutality of a psychopathic predator but also the harsh reality that how the role of parents can shape your future. Even without emotions and feelings, you can differentiate good from bad deeds if responsible parenting is involved.The top tier acting of #LeeSeungGi will blow your mind. The true backbone of the series🙏"
73,마우스,"This drama is one of the best tv shows that shed the light on psychopaths that we might see in our lives,I like every thing about this drama the dark atmosphere, crime scene,the plot twist and the ending of course was amazing."
74,마우스,The story is unrealistic and ideological with many inconsistencies and exagerations. They tried to make something spectacular to a degree that it is annoying. The series also suffers from editing errors even though the cinematography is rather good. I also have to credit the excellent acting by the lead actors. It is just disappointing that a huge potential is wasted by pretentious script writers. The only part I actually enjoyed was the dilemma and character development of the officer trying to cope with emotions.
75,마우스,"Better than any thriller ever made in Hollywood or any other industry.Every episode will make yr brain work
You cant help but dive into the series nd become a detective yourself. The best part is youll loose big time because its that twisted and unpredictable. You cant help but praise every single detail ;from the story to direction to acting of casts to cinematography and above all the acting of #LeeSeungGi will question you why were you missing on it. Its that good."
76,마우스,The plot is so good with a lot of twists but it's so well made that everything makes sense.
77,마우스,"That was a really great and intense tv series!Almost perfect, the only minor details that bothered me were:
-Some scenes were a bit too long
-English subs weren't always accurate and easy to read and there was a lot of characters. For occidental people, it can get quickly confusing as we're not used to Korean names. I had to pause many times to check back things and I had to take notes of the different characters and their names to follow the plot.-A few plot hole or shortcuts, but it didn't really mattered.Appart from that, an excellent series with great acting, storyline, direction and production.I'm still confused about the sharps objects and wounds censor though!"
78,마우스,"Mouse is really different. From the story, actors and plot twists. It will throw you out of the window. You could caught some hints but it would still shocked you. Damn I feel so betrayed and traumatized. Lee Seunggi and all the actors/actresses did so great. 100/10. #Mouse."
79,마우스,"Many serials do not pay attention to the elements. They do not use symbols. The actor is not chosen behind the scenes in a way that shows the actor's feelings, and as a result, these films are lame in terms of staging. But this is not the case in the series Mouse. And all these issues have been addressed. Many of the serials are such that they do not need any analysis, but you had to analyze the serial ""Mouse"" in order to understand what the director intends to do with this scenario! The story maintains its coherence and it is clear why it is moving forward. There was an irrational issue that we realized in the two new episodes was not such a thing and it went quite logically. This series challenged us. I've just listed things here that many of the series I call great do not have these features."
80,마우스,Started watching this kdrama because of Lee seung gi(lead) and it was the best choice!!! The plot is amazing! Kept me on my toes the whole time! The suspense keeps you awake throughout the whole drama. It's one of kind drama without a single cliché. Every character's contribution to the drama is 100% Superb acting! Without doubt it's the best kdrama I've ever watched!! Hats off.
81,마우스,"So far amazing
The flow is whoa. One of the best dramas ever, no doubt!!"
82,마우스,Cannot binge watch as the tension and pace is unbelievable. Hold on to your cushions!
83,마우스,Must watch .. k drama.I think world's number one cyco thiriller k drama.
84,마우스,My fav kdrama💜💜💜🔥🖤🖤🖤🖤🖤🖤🖤🖤🖤🖤🖤🖤🖤🖤🖤🖤🖤🖤🖤🖤i rrrrrrrrrrrrrrrrrrrelly love itttttttttttt.
85,마우스,Hands down one of the best crime thriller I have seen!!!
86,마우스,Perfect story. There is no useless scene in this drama. Every fact it shows is meaningful. Amazing story line and nice plot twists are masterpiece. You must WATCH IT whether you used to watch KDrama or not. I really respect the writer. I love acting skills of actors and actresses.
87,마우스,I just wanna my voice to reach each contributor in such masterpiece !
88,마우스,"I'm speechless... What a drama! This is a best choice for thriller lovers... Everyone should watch this..
Lee Sueng Gi is a great actor 😍😍😍
I fall in love with his character Jung Ba Rume.. everyone's acting is sooooo good specially Lee Sueng Gi...
You can't skip a second if you sit down to watch the drama... If you skip, you will not have fun. Throughout the time you will be immersed in their character. Especially in Jung Ba Rume... Even after knowing his real truth for a while you will fall in love with him in one word, it will be impossible to fall in love. Although Lee Sueng Gi is like falling in love as an actor. But with the mouse you will fall in love with his character Jung Ba Rume... I was crying seeing the end result. I couldn't believe that the drama would end with Jung Ba Rume's last breath! Everyone will see the drama, truth be told, do not despair. Story, script, acting, everything is great....
Happy watching...."
89,마우스,I really love Lee Seung Gi here and somehow the drama got me scare as if he really turn out to be like the character in the real life.The new way to introduce the drama as they change poster and provide vlog at the half of drama. The drama is bit slow as I can sense they put to much throwback to track with time. You won't expect the plot twist.Definitely a must drama to watch!
90,마우스,There will be no lag or drag anywhere.From the first episode the story will be so intense and every episode ends with a twist which will make you binge watch whole series.
91,마우스,"First time I hate the fine details in a show, so many plot twists to a level that made me cringe. Things add up too late and the scenario failed to develop a coherent storyline.Giving it's a serial killer thriller themed show, it was so boring I even fell asleep too many times. Also my first time to have a negative feedback on a K-drama, overall overrated.7asby Allah fe reviewhat tiktok (:3)"
92,마우스,"I am that kind of drama watcher when i like something i stop every work and watch it at a setting but this ,this is something else . I cant watch 2/3 episode at a sitting . Every episode was a roller costar ride .One of the best must watch."
93,마우스,"I couldn't believe that human beings are cable of writing such a masterpiece; reveling parts of the story until we reached the whole truth was logical and well addressed, i loved how the story came together as one piece at the end neither do one detail fell apart
writing was really solid.Only flaw is the first and second episode kind of slow i could have easily walked away and didn't resume."
94,마우스,"Way too unrealistic.Also it had too many twists, it only seemed ridiculous rather than interesting.And everyone knew each other from their childhood as if there are only 10 people in Seul!However it was pretty great and the main lead actor was awesome!"
95,마우스,"A very bad series and illogically interpolated events and characters to serve the drama, the director's vision, and the huge number of plot twists in the series, in addition to the stretching and prolongation and boredom in most of its episodes.I sensed that the makers of the series weren't agreeing on a definitive ending until filming, which leads to strange and illogical plot twists throughout the episodes."
96,마우스,"I really enjoyed this drama, good acting, good writing, but the main plot was a bit obvious i was just waiting for it to happen from the start, which took away a bit of my interest, also the show focused so much on god forgivness/punishment for psychopaths as if the whole point of the series wasn't about them being born with this gene ?"
97,마우스,"I haven't seen a drama so perfectly executed like this one. There wasn't any scene that wasn't answered during this. Character development, the depth of characters, the chemistry between actors, the phenomenal supporting actors, the locations, the STORY, the direction, the suspense.Everything portrayed in this drama series depicted the hardwork done by the directors and writers. The intense acting of the lead actor, his story, his way of doing stuff, and understanding a character as complicated as Jung Ba erum is extremely admirable. He did his part with absolute perfection. This is a thriller specifically for crime series fans. Don't waste your time watching anything else. Watch it right now."
98,마우스,"I consider myself new to the world of Korean drama.. This drama is the second I watched after ""The Devil's Judge"", and I was really amazed at how wonderful the acting, directing and scriptwriting were.. At first, I had to repeat the scene more than once, and as the episodes passed, I discovered all the mystery..a drama worth watching and the trouble of thinking and analyzing."
99,마우스,"This show has every genres in itself
Sometimes it is funny
Sometimes it's action or crime or mystery
It has some drama scenes that might make you cry
I really recommend this wonderful show."
100,마우스,"Most Korean series in the crime and murder genres are very engaging when you watch them, and each episode is more sensitive than the next. I really do not care how this is done. Very Very good 👍"
101,마우스,"This is the best drama I have seen in my life... An integrated drama and puzzle pieces that combine with the last episodes in a dramatic plot and nothing better than that... Amazing soundtrack, great photography, amazing direction, and the casting team is very carefully chosen... Greetings to all the makers of this beautiful work."
102,마우스,"No the series is not dark, I blame the mum who assumed and saw him as a killer and she gave him up while adopting another's kid despite that kid having same gene. It's heartbreaking when he revealed to her that he had no intention of burying his brother back then. He was discriminated against right from the start by both mums, he was triggered and pushed into becoming a predator after seeking revenge for losing his adopted family. I've not seen a series with so much clever twists before. I can't predict who and what, because the plot twists were laid out very tightly to confuse me every step of way. Very well done.To me, the insightful part of this series is the play on a person who loses his memories, how he carve a new self image, borrowing from flashes and fragmented past memories and from what others describes him to be. The murderous part of him would possibly be hidden from him forever. Remembering the truth of his past sins and going into full remorse mode is only necessary in this sci-fictional and logical series. Makes you ponder deep on what makes a person, is it his genes, his memories, his past, his plight or his conscience. Eventual killing of his dad in prison gives necessary closure but also reminds us that the system is sending a repented former murderous self who is now gone.. to jail. The genuine struggle he displayed by killing his dad demonstrated that . It's philosophical and very deep. It's challenging and surfaces what might actually be wrong at every part of this series. It's not just about twists ."
103,마우스," Must watch before you die! The best series I've ever seen in my life
"
104,마우스," Exciting Story
"
105,마우스," Good TV Series
"
106,마우스," This is best, give it a try
"
107,마우스," #LeeSeungGi exceptional actor
"
108,마우스," A must watch
"
109,마우스," The best Korean drama ever
"
110,마우스," MIND BLOWING!!
"
111,마우스," Best psychology thriller
"
112,마우스," Loving it
"
113,마우스," Masterpiece
"
114,마우스," One of the best series of 2021 and in history!
"
115,마우스," The best series in 2021 don't miss it!
"
116,마우스," BEYOND YOUR IMAGINATION
"
117,마우스," great
"
118,마우스," A Dark and mind-blowing Korean Thriller
"
119,마우스," Surface of God level writing
"
120,마우스," Impressed by plot twist and turns
"
121,마우스," Dark and twisted and utterly fascinating.
"
122,마우스," Best dark thriller ever - Seung Gi's best work
"
123,마우스," Best psychological thriller EVER made, not just kdrama
"
124,마우스," Totally addicted
"
125,마우스," This story stays with you
"
126,마우스," you need to watch this
"
127,마우스," Jaw dropping!
"
128,마우스," Lee seung Gi 🔥🔥
"
129,마우스," Such a wow
"
130,마우스," Best thriller kdrama !!!
"
131,마우스," Fascinating!
"
132,마우스," Top Notch!
"
133,마우스," Good, But Not Amazing
"
134,마우스," A MUST WATCH, OSCAR WORTHY
"
135,마우스," Best thriller drama I have ever seen
"
136,마우스," If you're a fan of psychopath suspense thrillers, this is a must watch
"
137,마우스," As good as it gets !!
"
138,마우스," Brilliant but unnecessarily long.
"
139,마우스," The the script is solid and logical
"
140,마우스," Lee Seunggi...need I say more?!
"
141,마우스," Absolutely unique and mind-boggling. Don't miss this.
"
142,마우스," Much Was Improbable - None Of Which Was Unexplained
"
143,마우스," Masterpiece 😍 breathtaking 😬 nail biting 😍
"
144,마우스," A Must Watch
"
145,마우스," Best K-drama I've ever watched
"
146,마우스," This one had set a Benchmark for me under this genre!
"
147,마우스," Best thriller drama
"
148,마우스," Best
"
149,마우스," One of the best mystery thriller drama
"
150,마우스," Good plot twist
"
151,마우스," A Masterpiece Thriller Series
"
152,마우스," A K-Drama Emotional Masterpiece
"
153,마우스," Pushed it .
"
154,마우스," Any Korean Crime Series Falls short to MOUSE
"
155,마우스," This drama was the best one I had ever seen in my life
"
156,마우스," The early Minority Report cross with Seven
"
157,마우스," Wooowww !!!
"
158,마우스," MUST WATCH THRILLER.
"
159,마우스," A DRAMA YOU CANNOT PREDICT
"
160,마우스," This is the best psycopath-thriller drama i have watched. The twist will make your mind blown,the storyline coming back here and there will make you think and doubt.
"
161,마우스," Unwatchable, tangled, ridiculous, over-the-top gobbledygook
"
162,마우스," Masterpiece!!!!!
"
163,마우스," Must watch drama
"
164,마우스," Daeeebbbaaakkkk.. Best korean tv series i have ever seen...
"
165,마우스," Awesome
"
166,마우스," Don't assume anything!
"
167,마우스," WOW AMAZING DRAMA
"
168,마우스," Dystopian Thriller
"
169,마우스," If you like complex this might be for you a little too much of a good thing for others
"
170,마우스," MOUSE >>> BREAKING BAD
"
171,마우스," THE BEST THRILLER GENRE DRAMA I'VE EVER WATCHED.
"
172,마우스," Best
"
173,마우스," BEST KOREAN DRAMA AFTER EMPRESS KI
"
174,마우스," Must watch!!! AMAZING DRAMA
"
175,마우스," A Must Watch
"
176,마우스," A masterpiece,a must watch
"
177,마우스," Exagerated in every sense except for excellent acting
"
178,마우스," A must watch
"
179,마우스," Best kdrama I have ever seen
"
180,마우스," Couldn't binge watch it, but wish I had
"
181,마우스," Best Mystery/Thriller Drama of 2021
"
182,마우스," No Korean series is as great as the Mouse series.
"
183,마우스," The best K-drama ever!!!
"
184,마우스," Amazing Seung Gi
"
185,마우스," Top Drama
"
186,마우스," I think world's number one cyco thiriller k drama
"
187,마우스," amazing
"
188,마우스," MUST WATCH
"
189,마우스," Amazing!! best series I have ever watched. More than KDrama.
"
190,마우스," Thank you
"
191,마우스," Masterpiece!
"
192,마우스," Good Drama
"
193,마우스," Must watch Intense exciting thriller
"
194,마우스," Headache
"
195,마우스," What a Mind breaking drama
"
196,마우스," masterpiece on many levels
"
197,마우스," Pretty great but super unrealistic!
"
198,마우스," A waste of time
"
199,마우스," A good show but...
"
200,마우스," PERFECTION
"
201,마우스," Masterpiece
"
202,마우스," Very Surprising Thriller , Best kdrama show I've ever seen
"
203,마우스," BesThe best Korean series
"
204,마우스," Mouse : My favorite drama.
"
205,마우스," It's not dark
"
