,title,review
0,멜로가체질,I've been in Korean dramaland for 20 years (I'm in my mid 20's) and I've seen countless dramas.This is one drama with scenes I've never come across before. The whispering scene and unique slap dodging scene got me rolling on the floor. The PPL scenes were creative too.I didn't find the first few episodes interesting so I dropped them only to go back to the drama because of how much the Koreans were praising it. I'm glad I did because it only gets better.Similar drama: Age of Youth (slice of life drama)
1,멜로가체질,"This series plays like an audio book. The dialogues are fast, witty and rich in philosophy. The series is full of surprises and twists. It deals with relationships where comradery, love, friendships are explored in a deeper level. It does not follow typical k-drama cliches. You are expecting one thing to happen but something completely surprising and insightful occurs.If you are into the contemporary Korean language and want to learn more of literary devices such as alliteration, onomatopoeia, pun and etc, you will not be disappointed with this series. The current translation cannot convey all of it, but does a decent job."
2,멜로가체질,"The start and the ending of this series are not quite catchy but what's in the middle is just perfect with a mix of melodrama and supreme comedy. The series was well-acted and shot. I just wish they too, more effort in closing this series. It felt very open as if they were keeping a door open for a second season. It would have been better to see a conclusion to the various relationships this series portrayed. Still, it is worth the watch. I recommend it."
3,멜로가체질,"Korean dramas are known for their stereotypes. The overarching story may change, the genders might be revered (figuratively but in some cases literally), the girl might be rich instead of the guy, the witch may get the man instead of the princess, but the major beats are always the same; guy and girl are meant to be, blah blah gets in their way, they get together in the end.
True that some of the recent entries have tried to shatter major stereotypes (take Weightlifting Fairy Kim Bok Joo for example) but no kdrama breaks stereotypes the way Be Melodramatic does. Most kdramas start off funny and light hearted, then quickly shift to the same gear that every other kdrama does with over the top melodrama and sadness, oh so much sadness.
Be Melodramatic has surprisingly managed to balance the tears-in-your-eyes comedy, heart throbbing romance and poignant melodrama that never goes over the top in such an effective manner that I doubt any other kdrama comes even close. The fact that this is such an outlier in the cookie cutter world of kdrama might be the reason behind it's low ratings. In being so different, it may have alienated some of the typical audience members for this type of media. But if people aren't hyping this kdrama up to the max, they are making a mistake. This drama is awesome.
To those who are skeptical of this show, just watch episode 1 till the end. You won't regret it."
4,멜로가체질,"This drama is one of the best k-drama i've ever watch.The acting is good.The story good.The joke is amazing.Alot of value.Good writing.Good and memorable dialog.
Character development is good enough."
5,멜로가체질,"It's everything you can ask for there is drama, comedy romance.
You will easily get attached with all of the characters finally a reality drama that you will relate to 100%A bounce
you must bring a tissue whenever you are watching because it will sure bring you to tears imma tell that you will cry an actual cry"
6,멜로가체질,""" Be Melodramatic "" just didn't work for me.Although the start was pretty good and the characters interesting, the drama got boring. They lacked the spark to keep everything interesting. Plus, the romance was corky which didn't help. Though, the characters were original, real and realistic. The performances were really good from all actors and actresses in the cast. Some of the side stories were interesting for a while as well. However, they had just too many stories to follow and they keep them entertaining for long.So, overall, five out of ten."
7,멜로가체질,"The characters were nice and good lookingBut I'm sorry i feel the story is poor and the act is cold
I felt so bored from the first episode but i told my self to continue may the story get suspense but I still was borrd so i stopped watching at the seventh episode ."
8,멜로가체질,"Why I just watched this drama this year?! Why this drama just shown up right now? I LOVE IT! The reason I watched this drama just because it shown up at viu list. I start watching this drama without knowing either the casts and the synopsis. And because of that while watching this drama, there is no expectation at all and GOD I LOVE THE VIBES OF THIS DRAMA. The concept that their always having night talk together just somehow give me a slight dream to have someone beside me like them wkwkThe interesting part of this drama is, I got to know little bit about the process of making the drama, and its fascinating!! Its makes you to be part of the team wkwk Last but not least, the soundtrack. I love how this drama just having 3-4 soundtracks but still perfectly match with the storyline. You just need to watch this with no expectation and enjoy the drama~~~"
9,멜로가체질,"There are about 10 couples in this kdrama including the couples with two partners (one with a ghost), the gay couple, the parents, the side kick and even the little kid has his own love line. I only liked the writer-director. I give 8 out of 10 for the witty and comic lines of the director-writer couple, the couch conversation, the mom and daughter convo and the kid. I like the realistic acting of the director and the funny side kick/friend of the director. I also learned how arduous the work of a writer and director are and the product placements managers. They also showed the difficulty a person experienced from losing a love one. The song about the ""shampoo scent"" is catchy and gives good vibes."
10,멜로가체질,"Wow. I loved this drama so much. For me, it comes under the category of the more realistic ""slice of life dramas"" like 'Hello My Twenties' or 'Because This Is My First Life'. It was witty, fast-paced, heartbreaking, hilarious, cute, embarrassing... all the things you feel in life. It was like watching my best friends live their lives on screen.Yes, there were many couples in this drama, some significant and others not, I do feel they equally shared the spotlight and everyone's screen time was evenly distributed. However I will say that one couple I would have loved a deeper breakdown of, was our LGBT couple.  Would have loved to expand on their story as I know it would have been a very interesting one.All in all, I immensely enjoyed this drama and I will definitely be watching a second and third time! Do not miss this!!! It's worth it."
11,멜로가체질,"I can really relate to this movie. Very interesting. Somehow in the few last episodes, it kind of getting slow and losing its rhyme by showing too many characters and their love life rather focusing on the 3 main characters. It will be great if they dig deeper on the emotions. Still it is a fresh and interesting drama to watch. Most of the actors/actresses are amazing and have good chemistry. Except for Han Joo character, it is very hard to watch the unnatural act from ms Han Ji Eun. But she has many rooms to improve in the future."
12,멜로가체질,"To simply put, this is a coming of age, female centric drama. It touches unique issues which can be hilarious or extremely heart wrenching, but give possible solutions to them too. The drama has an open ending to most of the main characters so, it's up to us viewers to give our own ending for them, however, at the end of the drama you will definitely feel light and good about it. Especially if you are turning 30 soon!Don't miss it."
13,멜로가체질,"I definetly recommend this drama, it so unique and well written. I love kdramas but most of the kdrama creates a virtual ideal reality that u will get a happy ending just like the leads or u will meet a handsome cute loving guy/gal etc.....but guyssss this will never happen..even if it did what happens next after that- this drama will show u the reality..please watch."
14,멜로가체질,"I didn't really have high expectations from this drama. It has a strange title (it makes scense once you watch it) and the synopsis didn't make me want to watch it at first. But I have to admit, that it's very good. It's literally the first kdrama, from the many I've watched so far, that did everything right. I know that most kdrama fans will disagree with this statement but let me explain. Good acting, good music (and most importantly not overused), good scenario, nice humor, nice dramatic scenes (but not to the point you want to cry all night long). I like many kdramas, but even my favourites lack on something. For example, ""Something In The Rain"" is one of my favourite dramas (not ony kdrams), but I have to admit that I grew tired of listening to ""Stand by your man"". Believe it or not I rated ""Something In The Rain"" with 8 stars instead of 9 because of that.To be honest this is not one my favourites. It's not the type of dramas I like to watch and it was hard for me to watch more than 2 episodes at once, unlike other kdramas. But I really enjoyed it. The only thing I didn't like, is some parts of the fast conversations, but only because I've watched its with subtitles and I didn't have time to properly read, so sometimes I had to pause or rewind. And some conversations were a bit weird, but this could be probably poor translation. This is,unfortunately, a problem,when watching a drama or a movie in a language you can't understand.By the way, it's not really so close to reality as some people wrote in their reviews, but it's ok. This is actually for the best because it's humor works better this way. There are so many things I could write about this drama (social critisism, witty humor, making fun of product placement etc), but I think I wrote what I needed to write.Edit: I forgot to mention that although it's supposed to be a romantic comedy, it focuses mainly on the everyday life of the characters (worklife, life decisions etc) and if anything it's mostly a comedy."
15,멜로가체질,I loved the low eyebrow humor and the dialogues. I have been desperately looking for a kdrama with as fewer clichés as this one has. I can't remember the names but none of the three couples went through the same predictable stages or were rushed to some forced endings.
16,멜로가체질,"This unheralded show deserves a full measure of praise. I am not sure why I started watching it but it's really terrific.No major name brand actors and an utterly conventional set-up featuring three heroines who are hitting 30 and angsting about their middle class single lives. So far, so what? Well, for one thing, this has a wonderful literate and inventive script, peppered with wit, sly (and sometimes laugh out loud) humor, and wisdom and insight. There are a host of well-acted supporting characters who engage our attention, no out and out villains but rather so many people striving to do well and occasionally to do right, stumbling as they go. The entertainment industry setting has a certain self conscious sense of ironic navel gazing, but it really doesn't matter. You yearn for our heroines' success, in work, in love, in life, and you follow their adventures with a mixture of anxious anticipation, sympathy and a wide smile on your face. A producer once told me that the reason people watch a television series, as opposed to a movie, is that the characters are being invited into the viewers' homes. In this series, please, extend the invitation.Before acknowledging the actors and writer in more detail, I want to offer particular thanks to the subtitle team at Viki, where I watched the series. Since this show is set around the genesis and pre-production of a drama series, it has many references to other Korean shows, including impish allusions to the very popular Reply 1988 in which the male lead, Ahn Jae-hong (here playing a successful but put upon drama director called Son Beom-Soo) also appeared. The subtitlers added translator notes to these and many other cultural allusions. In addition, despite the complexity and rapidity of some of the dialog, the translations were literate and almost error-free. A superb job.Now to the actors: The three lead actresses give wonderful, nuanced performances. None of them are Hallyu royalty, although Jeon Yeo-been, her career launched by her standout performance in After My Death and now (2021) starring in the Netflix series Vincenzo, seems on her way. She plays Lee Eun-jeong, a documentary film maker whose career is on the rise but who continues to be traumatized by the early death of her fiancé from cancer. Chun Woo-hee, previously perhaps the most prominent of the three, leads the way as Im Jin-joo, the scriptwriter who is getting her first shot at having her pilot script, ""When You're 30, It Will Be OK"", turned into a 16-episode drama. Finally, Han Ji-eun delivers a strong turn as Hwang Han-joo, the single mother whose stock in the marketing company she works for is rising. The three (as well as Han-joo's son) live comfortably with Lee Hyo-bong, Eun-jeong's gay younger brother, sympathetically played by Yoon Ji-on. The scenes among the four, as they confide in and comfort each other, are warm and often hilarious. I especially liked the scene where Han-joo, just to see their reactions, teasingly implies, to her roommates' horror, that she is considering going back to live with her good for nothing ex and the father of her son.Surrounding them are a substantial cast of other actors and actresses who infuse their characters with depth and substance. It seems unfair to single anyone out, but I feel bound to give it up for Baek Ji-won, playing Jeong Hye-jeong, as Jin-joo's former boss and herself a famous screen writer, whose tough exterior gradually collapses in the face of romance.This drama was underrated. I can't think why. For a refreshing peak inside the world of KDramas, with a stellar cast at every level and a truly witty script, go for it."
17,멜로가체질,"This one should go in the modern classic section.
That's how good the show is.The characters in the show are really well fleshed out.
Their dynamic with each other is fantastic.The show is funny when it wants and has a very fresh take on comedy compared to other k dramas.
The show displays pathos In such heartful manner that you deeply root for each character.It's really a very funny showIt's literally a show with no bad characters. Not one!
There are no black or white textbook characters,
They are human and have their flaws and even the stupidest character in this show make some sense in terms of their motivation towards their actions. And they all give a sense of comfort and security.Generally the female centric shows kind of repel people a little cuz it can lean into being preachy.
But this one's a breath of fresh air when it comes to dealing with those tropes.Acting was great too.
Han Ji Eun gives life to the amazing character Han Joo with her innocent caring and yet strong n competant mother.Jeon Yeo been playing the stoic Lee Eun jung is witty and poignant.Lastly Chun Woo hee was the most relatable as the writer Lim Jin Joo with her trivial struggles in Daily life.This one. For sure. Will stay with you."
18,멜로가체질,Good drama where it explores relationships in deeper level
19,멜로가체질,"U took a full episode talking about farting , and ended all the series in one episode !! Didn't like the ending at all."
20,멜로가체질,"What a journey this was by the way. The actors, brilliant. The writing though even more so. They somehow managed to make a show full of life and unbelievable self awareness especially in the product placement bits. So creative and incredibly witty. The rapid fire conversations were a joy to behold in real time. The characters had so much depth and displayed such humanity. I'm amazed this isn't spoken highly enough. The cinematography was also good too nothing outrageous. But the story as light as it may appear had so much going on. The lives the women lived and the trauma they went through in the first episode (that set the tone for me) was gut wrenching but amazing to see how they fared and sealed with it. I'll give it a 10 if it was only 2 episodes longer just to see more of them god damit!"
21,멜로가체질," Quirky and unique
"
22,멜로가체질," A Rare K-Drama Gem!
"
23,멜로가체질," I Had The Best Laughs Of My Life Watching This!!!
"
24,멜로가체질," Most Underrated Drama
"
25,멜로가체질," AMAZING
"
26,멜로가체질," The best Korean drama I've ever seen
"
27,멜로가체질," Good Enough
"
28,멜로가체질," So.so
"
29,멜로가체질," No Expectation!!!
"
30,멜로가체질," Too many couples to follow.
"
31,멜로가체질," Underrated drama!
"
32,멜로가체질," interesting drama
"
33,멜로가체질," Sweet, Quirky, and Interesting
"
34,멜로가체질," Watch this if you want to know the reality of life!!
"
35,멜로가체질," Pleasant surprise
"
36,멜로가체질," Hardly kdrama clichés
"
37,멜로가체질," Witty and Engaging with Great Ensemble Cast
"
38,멜로가체질," Underrated Masterpiece, Trust me
"
39,멜로가체질," Be Melodramatic
"
40,멜로가체질," Very week ending
"
41,멜로가체질," A true masterpiece
"
