,title,review
0,멸망이들어왔다,"As a kdrama cdrama fan, I hv such a long list of dramas I want to watch that even if I want to I don't usually watch an episode twice. But THIS DRAMA! I watched every episode twice. 3rd episode THRICE! IT'S THAT GOOD! I hope they keep this thrill, amazing chemistry and storyline all through the rest of EPs! It's gonna be fun and fulfilling to wait weeklong for each episodes."
1,멸망이들어왔다,"I've watched these 4 episodes more than 3 times. I'm in love with their chemistry, the story and everything. Can't wait to see more magic they've for us✨"
2,멸망이들어왔다,"Best ever Korean romance fantasy drama
It can even surpass Giblin..."
3,멸망이들어왔다,"In one word it's a masterpiece . I started watching it cz after watching Goblin, only it could give me that vibe ! But storyline is completely different! If I say truely, I am loving it more than Goblin! There were different types of plot like Historical,Bromance,comedy,romance in goblin but here Our Doom couple's romance is the main charm of the drama! The creepy scenes,Myul Mangs Character,The background musics, the cinematography,the romance,the dialogues actually the full plot is perfect!!! The hot chemistry between leads r unbeatable! I also love 2nd leads & their love triangle! I got confused & bored about their love triangle but it gets better after epi 12! Epi 12 is the turning point & we got back our Doom couple again! I love love love this Drama! If u r dropping it than u r missing a masterpiece!"
4,멸망이들어왔다,"Best Romance Drama of 2021,awesome story plot, great chemistry between the lead casts and supporting lead casts,already hooked over on this drama💓Highly recommended 💓💓💓"
5,멸망이들어왔다,I love this drama and seo in guk perfect actor i want see win awards 😢
6,멸망이들어왔다,"This is such a poetic drama. I love the steady characterization and set up being PRIORITIZED. The cinematography, dialogue, and acting is on point!Characters: DEPTH. Both lead characters are so complex, easy to sympathize with, and broken in a relatable way. Their flaws contrast one another perfectly. They learn from each other because their world views are challenged by each other. Which is imperative to both of character developments. The female lead's arc is about learning to face your emotions head on. The male lead's is about self acceptance. Both portrayed in such a powerful and unique way.Tone: I love the tone. It has a different kind of balance between drama and fantasy than I've seen in other drama. It feels so grounded. Less extravagant than I was expecting, but that's a good thing. I even love the sudden tone shits from scene to scene. It speaks to the chaos within humanity.Editing: I love the editing. Especially loved the beautifully shot frozen scene, reverse effects, and TRANSITIONS.Acting/Chemistry: Solid. You can really feel the tensions, psychological conflicts, and longing for each other through their acting.And most importantly, THE MESSAGE: It's SO IMPORTANT and SO TRUE. Suffering is what makes true happiness possible. Chaos makes the idea of peace appreciated. Death gives life value. Live in the present and make the most out of life.How this drama manages to be fantasy, but still so character driven is amazing. Such a humane story about real conflicting emotions with a message about the value life. Uniquely written and portrayed. I loved the ending too. Wholesome. This drama has a special place in my heart."
7,멸망이들어왔다,"From the start till episode 12 the drama have all the variety of content that everyone can enjoy. The character development, the story, cinematography, Main lead, second lead all are doing great job. Dint even find a episode that looks boring or dull. The one hour eipisode looks like 15 mins. Best entertaining drama. Will watch till end and waiting for new twist and turns."
8,멸망이들어왔다,"This is amazing drama!!! Main characters are portraying their roles perfectly. The development of their love is so unique, not your typical lovey dovey shallow lines.If you want a worthy drama to watch then you're on the right page."
9,멸망이들어왔다,"The premise was uniquely interesting, and had the potential to be an epic Romantic Fantasy. Loved some of the characters...ML is an awesome actor (seen him before in ""The Smile has Left your Eyes"", ""Hello Monster"", and ""Master's Sun"". I've never seen the FL before but I was very impressed with her acting skill...very appealing and likable. I even liked some of the supporting characters.... particularly ""God"" and the Team Leader. Despite all its got going for it...this dramedy kinda fell short.It's not a horrible show, but it just doesn't quite cut it.The problem to my mind was not the acting...but the Story/plotting. There simply wasn't enough going on. Its like the only essential happenings and dialogue took place in the first 5min and the last 5 minutes of each episode...and the middle 40 - 45 min was just filler. There was long stretching of dialogue and multiple scenes in every episode wherein NOTHING happens. The ML and FL just wonder around and ramble on about nothing. We get multiple flashbacks of scenes that just happened in the current time frame which we really don't need to be reminded of. Other random flashbacks that don't tell the viewer any new information. Repeat scenes where we're literally just watching people walking and think with music montages in the background. Also, there were too many pointless characters:1. Kevin, the aunt's husband. He's married to a Korean woman and he doesn't speak Korean and the Aunt, nor anyone else in the family speak English. There are whole scenes/conversations where he's speaking English and the other person is speaking Korean...and neither can understand the other..WTF?!2. The CEO/Boss of the Publishing company and pretty much all the office staff...except the Team leader, he was interesting. The rest are literally just filler. They add nothing to the story. Their actions don't advance the plot. They don't provide much conflict or motivation. And its not believable that after FL finds out she's dying in 100 days, she decides to make a bold new commitment to a job she herself admits that she hates with a Boss who's an insensitive jerk. But the writer's had to fill her time with something.3. The Team Leader's Father. What does he add to the story? Nothing but running time.4. The Writers/authors...none of them added much of anything either. They seemed more like plot devices than charactersWhy not just shorten the running time/Episode count and make a better drama? Why is *16* the magic number? This could have easily been cut down to 10-12 episodes and told a more concise, tightly woven tale of Doomed Love. Instead, we get a meandering mess that losing some of its magic along the way."
10,멸망이들어왔다,"This is the first drama that I watched while it was still on going, I started when it was just 4 episodes and I was immediately in love with this drama 😭 Seo In-guk and Park Bo-young's chemistry is so perfect, they are so cute on-screen and off-screen, go watch their behind the scene if you haven't. The storyline may be kind of repetitive, but I don't think it's a bad repetitive, it just shows how 'fate' or 'destiny' works, and you cannot avoid it no matter what you try. That's the point of the whole story. This drama taught us about how important life, our time, family, and friends can be when our time is almost up. It taught us that destiny cannot be avoided and you will always meet the fate that has been destined to you. If you watch this drama from that point of view, this drama is actually very good. People tend to say this drama is boring because they didn't see this drama that way. This drama is full of beautiful quotes, and as a literature student, I'm loving it lol."
11,멸망이들어왔다,"I am addicted to this drama from start to finish. There are NO skips and that's a rare for me. Every episode engrosses you further into the story and there isn't one scene that is dull. The plot was very interesting. The leads had amazing chemistry. They looked so natural as a couple and overflowed with chem right from the very beginning even when they were on rough terms with each other. It's really beautiful and heart warming to see how their relationship develops and how they find comfort in each other amongst all the pain they are put through. :((( You can rly see how their walls just crumble when their around each other and the actors have done an excellent job of portraying the complex feelings of their characters. I feel like there is clear antagonist in this drama, it's just how fate brought them together but is also what will stand between them. Seeing how their love develops into a both danger as well as saving element for them is really beautiful as well. Rather than pinning the blame of their mishappenings on one particular being, the drama successfully emphasizes how evil/darkness is just the way it is and the only thing we can possibly do is find our light within it (ie myul mang and dong kyung for each other in this case)
I am very captivated and mesmerized by this drama so i really hope it receives the appreciation it deserves."
12,멸망이들어왔다,"I have NEVER felt so emotional over a a K-Drama, or any show for that matter. This is the best love story I've ever seen on television. Park Bo-Young and Seo In-Gil's chemistry is off the charts, and their acting is fantastic. It has the right amount of comedy to drama. And there are many aspects that are included in this drama that aren't usually in K-Dramas, like the amount of love and support the female lead gets from those around her, and the fact that there's not really a ""bad guy"" in the show. Doom At Your Service truly challenges the viewer to think; it's extremely deep and philosophical. If you're looking for a light, casual drama, I'd suggest looking elsewhere. That's the only reason I can think of why some people left bad reviews. If that's not the case, please watch this!!"
13,멸망이들어왔다,Seo in guk and park bo young killed every role In this drama there are lessons to learn from this drama if u watch it with ur mind and soul sorry to those finding it hard to understand this drama its such a pity I can't believe someone called this drama cheesy seriously u guys are the one being cheesy try watch this drama so u would be able to have the senses u lack this is for those who criticize this drama too much ....Bravo to all the actor u guys did a great job days u would forever be the best drama I ever watch in my life komowo.
14,멸망이들어왔다,I love this serial because his incoming and strange events at the same time I really gave me thanks for employees.
15,멸망이들어왔다,I love this series...we watch only 6 episode but I already can said that this series is going to he the best series I have ever seen😍👌🏻especially for the best actors ever😍😍
16,멸망이들어왔다,"Can't tell how many times I watch this drama. I finished it in just 3 days and than replay the whole series for 5 times in just ~2 weeks. Yes, 5 times for the whole series. Every time I finish the last episode, I want to rewatch it right away. Seo In Guk and Park Bo Young, their chemistry, their lines, their looks and oufits, all are so perfect. And the OST, I just can replay it the whole day without boring. And the meaning, just wow. Slowly watching it and feeling the deep meaning behind the story, I can ensure that you will replay it as many time as you can. Just like me :D."
17,멸망이들어왔다,"I have been watching this series since it started. The drama is full of metaphors, symbolism and philosophical lines that would stimulate the way you think at things. I like how the writer of this drama naturally course the flow. The actors and actresses on this drama all have excellent acting. The main male lead, Seo In Guk, can easily convey his emotion even with just his eyes, smirk or smile. He is such a natural. The female lead, Park Bo Young is also great and the rest of the actors. I always look forward to watch this every Monday and Tuesday online via streaming even if I do not understand the language. Then I rewatch it again the next day for the subs. Such a masterpiece for me."
18,멸망이들어왔다,"Park bo young and seo in guk bravo for ur acting u made us feel every pain and joy in this drama ..
I have never been into any drama days for me one of the greatest drama I will ever love there are a lot of lessons I learnt form this drama that at this point in my life I have begin to practice wat I learnt from days ..... Fighting💪 to all the actors at days u guys are the best I make this drama the best this year and in my life ...."
19,멸망이들어왔다,"The soul is touched by the actors' unique acting, beautiful music, and important concepts of love and life in dreamy spaces. And there's the lovely contradiction of love for the destroyer.🌈"
20,멸망이들어왔다,This drama is different as it has a essence of poem. All the actors are great and experienced. Seo in-guk and Park bo young are the best couple so far. The story have great twists and turns. Waiting for remaining 4 episodes.
21,멸망이들어왔다,"This drama is non-conventional in many ways. The drama starts right away with dark concepts - death, doom, and destruction. Succeeding episodes explore how the two main characters experience their world given their nature/situation. Both characters seem to be hopeless, but are trying to endure their fate. Myul Mang as Doom is a lonely being, his existence a bane to humankind. Orphan Tak Dong Kyung is dying but has no one to comfort her. Their meeting, and the contract they forged, changes their lives but also brings many conflicts. They push and pull because their nature/situation makes loving each other difficult, if not impossible. The push and pull makes the story circular and if you are the type of viewer who prefers a linear story with many exciting twists, you will find this story boring. This drama feels like musings of the writer about living, loving, dying, farewells, and other existential concepts. There are so many quotable quotes. There are numerous nuggets of wisdom in the dialogue of the main characters. So many symbolisms too in the drama. The meat in the drama is not in the events that transpire (there are not many) but in the little details - the contrast in their homes, the characters' thoughts, the location of the scenes, the props, dialogues, etc. If you want a drama that will allow you to escape the dreariness of your daily life and bring you to a world of giggles and marshmallows on a campfire, this is not for you. This drama will make you question the meaning of your existence when everything around you is temporary anyway and only death, doom, and destruction are certain. What is the point of loving and living when we all die anyway and in the end, nothing is really within our control? The story also makes you wonder if we are all just puppets whose fates depend on the whim of the gods. There is a feeling of hopelessness and despair that the drama gives. TDK is dying and of course, the god of doom can't save her. God is playing games on the couple and there is no indication that she is helping them. God, herself, is physically ill. What hope is there in the world when God is sick? MM continues to love TDK despite of her impending death, of repercussions to him and the world, and of his nature. He does not give up. He convinces her to stay with him in her last days. He is willing to risk everything for her. This love that is so difficult and so new to him has brought color to his world. For the first time, he is able to experience what he has longed for - to somehow be able to live and love in ways that human beings do. There is now meaning in his existence.So I guess there is hope in the universe. Despite death, doom, and destruction, life can be meaningful and love is worth fighting for. As MM said, a bit of hope is still hope. Even if we are only able to love for a short period of time, that is still worthwhile. Even if we die anytime, life is still worth living."
22,멸망이들어왔다,"This is a Masterpiece...it's aesthetic, romantic,poetic,deep & meaningful...it's Dark fantasy...
Villain plot: Many people r saying that there are no villain plot in this drama ...But they're not noticing that ML himself is the villain ..!! The most epic plot & the most epic ML character ever! A villain who falls in love with the a normal Human being! I love how they didn't change his indentity! Like he is really a doom! In most of the dramas/movies if the ML is kind of villain type, they show us that it was a misunderstanding at the end! Not so cool!Plot Twists:
Will Love You to kill you: The biggest plot twist when they became enemies & Dong Kyun wanted to love him to kill him! & Myul Mang's reply was .""Love me to the point that you want to destroy the world for me""...it was soo hot to handle! How they became ""enemies to lovers""The journey of Butterfly to become flower"": it was another twist that was so beautifully written! Myul Mang was a butterfly & at the end he died as a butterfly for Dong Kyun & finally became flower (human)! People call it cliche but it's not at all! Bcz they show us that the deity was trying to make a flower on a flower tob from the beginning!!! It really happend at last!The love story of a flower & butterfly: at the plot it was not written! But how they beautifully show us their relationship as a flower & a butterfly!! Oh my God! To beautiful!It's Genre: it's a passionate Romance story with Dark fantasy & aesthetic vibes! It show us about living, death, family bounding,love.. but if u r a fan of Action,thriller,etc but not Romance,fantasy then this drama is not for you ! It's my request choose a drama as ur favourite genre ...but just don't spread negativity without understanding the depth of the storyMy point of view: I love love love this drama..it's a must watch drama! I love the genre! The storyline! The chemistry!! In word it's called perfection!"
23,멸망이들어왔다,"Korean Drama 'Doom at your Service' has an intriguing universe that is not properly explored. The romance too had potential but ended up being boring and slow paced.The world built was pretty interesting, first of all. The whole doom-god had plenty to give, especially doom's story and character. Unfortunately, the drama left everything on a superficial level. The romance was pretty great too, with a nice combination of two tragic characters finding salvation through each other, and with an all star cast to boot it all. Sadly, that too, ended up being boring, with many predictable twists and lots of cliches. Also, the female lead's character was annoying at times. The side couple, though interesting at first, was a let down as well.Finally, the cinematography was on point and the performances from everyone in the cast were great and enjoyable.So, overall, 6 out of 10."
24,멸망이들어왔다,"I really love these fantasy series from episode 1, the story was great, the actors have a great chemistry, and the effect was really awesome....it's a roller coaster ride story that makes your heart flutters and makes you cry, i love how they end every episodes they always leave you on hanging that you have to look forward on the next episodes, and the ost wow....this is a great package of drama."
25,멸망이들어왔다,"Its similar with Goblin, but the chemistry of main lead is better than goblin (imo) . Seo in guk successed make some roles as a god which expert in flirting haha ! (eventhough he said myeolmang is not a god... but i dont know how it call..doom?) Love you both!Iconic quotes : do you want to eat Ramen at my place 😏?"
26,멸망이들어왔다,"I have never rewatched any kdrama when the series ended. But this one i repeat 3 times, totally stole my heart and still cannot move one even after 2 weeks. SIG & PBY chemistry is top notch, the acting, cinematography, the casting, the producing team, behind the scene are just perfect.. i love everything about this drama <3."
27,멸망이들어왔다,"I think the original Story of the drama is nice, but the producer has not describe the
Story clearly, so it make this drama ambiguous.It's OK, I watch this because of Seo In Guk, finally he came back with new drama and movie, I'm happy for this."
28,멸망이들어왔다,I swear u guys gotta watch this masterpiece! Im in love.
29,멸망이들어왔다,"What a poetic drama!Its a practical fantasy drama which didn't go overboard with any illogical or creepy or cliché storyline.Characters: There is a depth in the male lead couples character, their flaws complemented eachother. Their long talks, teasing, self acceptance, tragic life..you feel connected to them.Character arc is beautifully drawn.Now talking about the second lead couple, this is the 2nd drama (1st is Goblin) where I was interested in the SLC lovestory, it was beautifully shown without any hurry. I am blown away by their yearning of love. Its cute and wasn't dragged.I was sad that Lee Soo Hyuk again casted as 2nd male lead but I am glad that he took the role. This role was meant for him only.Narration: You will fall in love with the narration of every episodes. The long talks between main leads walking on a beautiful road full of cherry blossom trees or some valley or some beach with holding eachother's hand will make you smile.The tension between 2nd lead couple, the confusion and their small romance. It's like you are reading a book and a live-action is going in your mind.Moral: Learnt 3 things from this drama:
1. Suffering is the reason of happiness.2. Death gives your life value.3. Chaos makes your life peaceful.Genre: Its a passionate love story not romantic but a love story with dark fantasy. It shows a beautiful family bonding, friendships, sacrifices and practicality. So, if its not your genre then please skip it.One should always watch a drama according to his/her genre otherwise drama like this receive unnecessary negativity.OST: There's not a single song which can be ignored, all can go straight to your playlist but my favourite is ""You"" from the ost king Baekhyun.Special mention: Nam De Reum: What an amazing young actor he is! My dongseangoppa.Favourite quotes:1. At times, misery and luck come with the same face, and I still cannot distinguish the two.2. The reduction of universe to one person, and the expansion of one person to a deity. That is love!"
30,멸망이들어왔다,"The story is so beautiful it reminds me how the creator's relationship with each person,ho hiw the love is so mysterious..."
31,멸망이들어왔다,"This series is a good example for watching and deciding for oneself how you feel about it. I love the cast, including the charming second leads. The ML and FL are favorites: great chemistry, she is adorable, he is gorgeous, both are accomplished actors. There are scenes of love, compassion, humor, and tenderness, plus a beautiful OST as well. I do think the writer had some weak spots and the final episode is muddled. But I enjoyed the series over all and recommend it."
32,멸망이들어왔다,Loved this Drama!! The actors did a fantastic job in portraying the characters. I laughed and I cried with them. One of my all time favorite shows!! Thank you!!
33,멸망이들어왔다,This is fantasy based show and dont get overboard with illogical things. Thats what is good about this show. It is good & comforting.Although you can guess ending but it will never bore you. And the lead pair's chemistry is also on point.Go for it.
34,멸망이들어왔다,Everything is perfect. From story to male and female lead everything is just awesome. Dialogue delivery seems natural. This is true love that everybody dreams of.
35,멸망이들어왔다,Addicted to this drama. The Main lead PBY and SIG are the best couple. The way the present the character it seems they are not acting. The acting of in-guk is so real. So far 12 episodes are over. Waiting for remaining 4. Totally hooked with the story.
36,멸망이들어왔다,"Phenomenal Storyline, Passionate Romance, ML himself is the Villain!(most interesting plot) ,Lifelessons, Everything is Just perfect! It's a Masterpiece!Ending: A show where ending of all the episodes feels like a finale but the ending of Last episode feels like New Beginning! They fell in love , but suffered a lot also..so now Myul has become Human & Tak Dong Kyung Won't die.. so without any worry they can lead their lyf now! Such a beautiful & simple ending!Myul Mang became Human at last ! It was never forceful Happy Ending! They show us that Flower tob from the beginning...how beautifully they showed us the progress of the flower as the development of Myul Mang's Character! But some brainless people call it forcefull happy Ending! Like seriously!!! It was one of those happy endings which r beautifully written! If u don't watch this drama with full of attention u won't understand how phenomenal the writing is!"
37,멸망이들어왔다,"I am honestly baffled by the low reviews for this show. It had me in tears one minute, then laughing the next.The central themes of it are about death, suffering, and the human condition, but it is handled in a way that is not wallowing in self-pity. Each episode touches on this in the midst of the romance and the humor, and reminds us that there is light and happiness even during difficult times.I've seen some exceptionally weird comments saying the two leads had no reason to fall in love beyond being attractive. For me, it was quite clear how and why they come to appreciate and love each other, appreciate each other, and how their love lifted one another up.I am very picky about what I watch these days. Most kdramas are a Did Not Finish for me because they lose their focus. I binge-watched this one and was left with serious finale hangover afterward. I literally did not know what to do with myself when it ended."
38,멸망이들어왔다,"Perfect.People rating with 6, for instance, is
looking for something that they are not able to do or produce.So easy to critic the work from another.Story is not important, is the way you tell it.And this one, has a great story.Enjoy!"
39,멸망이들어왔다,"The story is too weak to hold any interest of viewers. The characters are weak and their journey did not make difference in their lives.Neither Seo In-Guk was impressive nor his character have any impact in drama. Both are weak throughout the whole drama.Park Bo-Young was good with his bubbly and sweet personality but both she and her characters lacks the strength of being a part of supernatural drama.The drama is bearable in between but after some time, you just want to quit it. It can hardly hold audience's attention and adding a character who explains the flawed storyline didn't help either.#not just skip it, dump it in the toilet and flush it."
40,멸망이들어왔다,"Doom At Your Service has a special something that is difficult to put a name to - It is otherworldly, poignant, and very romantic. It has a fantasy element, yet that isn't really the point. The show explores life and death and what it means to be human. The Doom and Deity aspects of the plot simply work to enhance these lessons. There are small moments showing what Doom is and what his purpose and plight are that add these unique, ethereal moments that make you really appreciate the things that eventually disappear. The cinematography is particularly beautiful in this, and the soundtrack was perfect, both background music and vocal tracks. There is a certain light, fairy tale look to the show that helps that otherworldly feeling come across plainly to the audience.I wasn't a huge fan of the second love-story/love triangle that was going on at the same time as Doom and Dong-Kyung's love story, as Doom's love story felt so poignant that it made the second plot line feel somewhat childish. However I love Lee Soo-Hyuk (and cannot say how disappointed I am that his character was human!) and the other couples grew on me towards the end.This is a wonderful show that I think was very well done, and while not quite at the level of Goblin, it certainly feels like it is in the same category."
41,멸망이들어왔다,"I love this drama, always meet my expectations,doesn't disappoint in every episode."
42,멸망이들어왔다,"I'm not always on K-Dramas, but damn this was so good.The lead (Park Bo Young) and Seo In Guk Killed it. Can't imagine anyone else playing their parts.The montages, OST's , are top class."
43,멸망이들어왔다,"Highly recommended , Unique way to express life love and Death , Love it. Not Describable."
44,멸망이들어왔다,"Best best best!!! A must watch drama! The cinematography,Dialogue,plot,the characters,the osts ,the cast everything is just perfect!"
45,멸망이들어왔다,"Park Bo Young's and SEO In Guk's acting skills are outstanding, esp. Their eyes communicating. The way they told their story is slow (must be patient) but it contains many hidden lessons about life, death, love and family. The drama is like a poem about life. Highly recommend it."
46,멸망이들어왔다,"This is a masterpiece, the story, the acting, I love everything about this drama, but what I like the most is the chemistry between the ML and FL. I cried every episode it was just so emotionally. It's worth it!"
47,멸망이들어왔다,"This is the kind of dramas I love the most funny,sweet, romantic but not vulgar...Love the chemistry between park bo young and seo in guk."
48,멸망이들어왔다,"This is like the new GOBLIN drama but in a BETTER shape. Loved the characters throughout the series. The osts were simply amazing, very well suited with the story line. Kdrama people should definitely give this a try."
49,멸망이들어왔다,"I dont have any expectations when i started watching days, but from the very first episode I already feel that this drama has the potential to be my most fave ever! And every episode they keep proving themselves to be worthy of that spot. This has been my comfort drama for the last 2 months and im sad that this has ended already. Everything about days is perfect. From the cast, storyline, cinematography and OSTs (i even bought the ost album for the 1st time - been a kdrama lover for years btw)!!! I've never been happy watching two ppl holding hands. Haha PBY and SIG's chemistry is off the charts! They are now my standard for a kdrama couple. Aside from the chemistry, their acting here felt too real! Especially how they conveyed the subtle expressions through their eyes? That was insane!! Kudos to BY and IG! They both did really well. I hope they'll reunite someday. Thank you to everyone involve in creating this masterpiece! Best Kdrama of 2021, by far.Ps. Every episode of this drama felt like a finale but the last episode felt like a beginning. And that's separate them from the typical kdrama endings. Totall love it!"
50,멸망이들어왔다,Best Korean romance drama. I have watched it a 100 times and still not get bored.
51,멸망이들어왔다,"After being diagnosed with brain tumour, drunk dong kyung wished for Myul Mang aka doom out of frustration as misery in her life never ceases. More to her surprise that wish is fulfilled and doom knocks at her door, leaving her in dilemma to choose between the world and her loved ones.The series was catchy in the beginning but as the romance in the plot progressed it lacked clarity. The cast has done amazing job but the story lost its grip and became predictable towards the end. Overall its a okay series to watch if you are into romantic fantasy with whirlpool of emotions."
52,멸망이들어왔다,"8.5/10 is my rating. This is a 2021 South Korean Fantasy Romance with 16, 60 Minute Episodes.Tak Dong-kyung (Park Bo-young) was orphaned at an early age and has come to expect relatively little of life. She has one incredibly bad day where she learns that the man she has been dating is not only married but has a baby on the way, she has a negative encounter with her CEO at work who is a self absorbed megalomaniac, and if that isn't enough she finds out she is dying form inoperable brain tumors. It's enough to drive anyone to drink and she does just that and, in the heat of the moment, she shouts at the heavens on a shooting star that she wishes doom on the world. Myul Mang (Seo In-guk), lives among humans for the sole purpose of spreading doom wherever he goes. When Dong-kyung shouts her message of doom, Doom responds. It is, after all, his birthday and he is allowed to fulfill one human wish. He is not a fan of being doom, but fulfilling Dong-Kyung's wish would be a quick way to end it all. Fate has had a role in making the two meet. As they grow closer each of their fates seem far too cruel. Can love find a way for a doomed girl and doom himself?Spoiler Alert*** I really loved this drama. Seo In-guk's portrayal of Doom was spot on. I really cannot imagine anyone else playing that part to the level that he did. One of my favorite tropes is the handsome, arrogant, god so this premise was right up my alley. Park Bo-young who played Tak Dong Kyung was such a sassy and smart counter to Doom that their interactions were always so much fun to watch. It took me awhile to realize she was from ""Strong Girl Bong Soon"" as she looks so much different with darker longer hair. I loved all of the side characters as well. Dawon's portrayal of her younger brother, Tak Sun Kyung was perfect. He loved his sister so much and when he find out what all was going on with her he went from being the spoiled younger brother to someone that wanted to take care of the person who had shown him so much love and caring his whole life. He showed a lot of character development. His interactions with his sister's romantic interests reminded me so much of my own brother. I know that is also part of the traditional male family member role but it was still adorable. Cha joo-ik (Lee soo-hyuk) was a character that seemed so cold and impersonal but really was a very caring and charismatic person. I loved his portrayal of Gwi in the ""Scholar Who Walks the Night"" and find that he brings a very deep, intricate persona to the characters he plays. There were sad moments with Dong Kyung's terminal illness, but the majority of the show was very entertaining and funny. It was intriguing that God/Sonyeoshin (Ji So-jung) was a young Korean female with a terminal illness and there was a lot of very deep meaning in both her actions and words. I found it important to analyze the symbolic nature of her garden and the plants and explore alternative meanings to the things she said. I did not find the Uncle Kevin (Daniel C. Kennedy) character to be necessary, in fact the episodes with that character in them tended to break the 4th wall for me as it just did not blend in well so it really took me out of the moment. I think the fact that he only spoke English and those around spoke Korean - it made it like there was a language barrier and made it hard to understand the depth of the relationships and intensity of conversations when, at times it seemed like he understood Korean, and at other times it was obvious he did not. Those scenes could have easily been left out without changing the flow of the story. What dropped this from a perfect 10 for me was the ending. It feels somewhat hypocritical to comment that there was too much after they were reunited but, in this case, there really was. It is such a fine balance I find between ending something abruptly and dragging it out so much that the after story seems pointless. It breaks the magic a bit to see them just going about their every day lives. I could have done with episode 15 plus maybe 15 minutes to tie up all the loose ends. A very picky point. I highly recommend this series and would watch it again. But it is not my very top because of the minor flaws that don't mean much on their own but do stack up to lessen the enjoyment just a bit."
53,멸망이들어왔다,"It was the first that caused my sincere wonder a wish of Tak Dong Kyung to eliminate all the world. I can understand her big problems but not this bloodthirsty. The scriptwriter has trying to create a philosophical tale with romance elements. On-screen, we see the senseless shift from one foot to the other of all storylines. I feel sorry for the poor results because that this cast has great skills."
54,멸망이들어왔다,The plot of this drama is so attractive that I can't stop watching it. The chemistry between every couple is so good!!!! It's the best romantic K-drama of 2021 in my heart!!! Really love Bo Young and In Guk55555!!! And also love the OST of this drama!! Everything in this drama is too perfect!!!
55,멸망이들어왔다,"Doom At Your Service started well, with the interaction of two leads, and how things are deemed to happen. The characters were intriguing along with the supporting casts as well.The story was simple, yet with a little twist, I felt like it being dragged deliberately, just to complete in 16 episodes. I thought that it would have been better if finished within 12 episodes, since at certain moments, the scenes were stretched which were not required.The last couple of episodes were meh as well, with everything sorted again and concluding towards a happy ending. The best part of this drama was it's OST, which I felt was pretty amazing and melancholic and the lead pair, which I felt were perfectly cast and did justice to the characters of Kim Human and Dong Kyung.Although Doom At Your Service is neither great nor trash, it had it's highs and lows and is watchable enough for the first time.My Rating : 6.5/10."
56,멸망이들어왔다,It began hopeful.but became waste of time..the main idea is good in fact..It got boring later on..If you have many free times watch it by the way what is na ji na event in it .it was a meaningless non logical role make the movie disaster more.
57,멸망이들어왔다,"Goddamn, it was my first time watching fantasy drama and its awesome. The storyline, cinematography, the cast and everything about the show screams perfection, well done !"
58,멸망이들어왔다,"I cant understand how it got an 8 average. SO ridiculous. The plot itself has problems. The 2 main roles suddenly bumped into each other. He quickly falls in love with her (because she was pretty??? And he is handsome????), I dont know. There was no personality development at all between the 2 main roles. Boring. The two characters are boring. Plot is boring."
59,멸망이들어왔다,"Watching this drama won't be a waste of time. This drama have a great casts; Park Bo Young, Seo In Guk, Lee Soo Hyuk, Shin Do Hyun, and Kang Tae Oh. I don't know much about the other actors but they really portrayed their characters very well and they stand out individually and of course Park Bo Young, as a great actress really did a good job again for a romance fantasy drama.Originally I've watched this drama because of the casts but the story itself is a masterpiece. It made me question about many things especially about the importance of life. It made me realize that we shouldn't take everything we have for granted. Future is uncertain and we should live our life to the fullest.Compassion, emphaty, love, hate, regret.., our emotions makes us especial as a human and that emotions are valid."
60,멸망이들어왔다,"I watched this kdrama for Soo Hyuk! I fell in love with the show. Characters, story, music, cinematography-everything is so well done! I was impressed!"
61,멸망이들어왔다,Loved it.must watch Korean drama.please do watch it.
62,멸망이들어왔다,"Reading the other user's reviews i thought it must be a masterpiece of kdramas but i was wrong...TO tell you the truth i liked the 4 first episodes but after 5 ep the plot was somehow predictable and quite boring .Also some chararacters were so irretating and didnt play an important role ...so i was skipping the most of the scenes with them until te end ...The chemistry between the leading actors was OKAY but it was getting more and more boring and overomantic,Also i did not like the ''GOD'' i would prefer to be somehow better ...or not to exist too....The only thing that i like was the song '' breaking down '' and some scenes with the leading couple nothing else."
63,멸망이들어왔다,"I watched bcs of Baekhyun's ost, but it's really boring....
I thought it would be very good cuz I love park bo young
but nuh, I Just wasted my time!!!!!!"
64,멸망이들어왔다,There are no chemestry between the two main characters and the storyline are too boring.I think that Park Bo-Young didn't do a great job on this one.It's just an average serie that could have been much more.
65,멸망이들어왔다,"I was hopeful for this drama as my favorite PBY is in it. But after a long comeback I am really disappointed. We've watched a number of awesome dramas in 2020-2021. Not just looking at each other or some camera poses or some star actors do not make some romantic tragedy. Really people are watching this drama only for star actors nothing else. Please, concentrate on the story depth otherwise DOOM will really come onto the drama."
66,멸망이들어왔다,"This is a sweet drama with many funny moments. The leads are very good portraying their characters and Park Bo-young is just raw and you can feel her pain when acting, she actually made me emotional a couple of times just because of her passion.The secondary actors steal the show often though, (Nam Da-reum as a perfect example, what an amazing young actor) and that makes the show well rounded and wholesome.I have only one but, I think the store was a little bit predictable and I never once didn't know the story wasn't going to have a happy ending, I think it could have been better developed but overall the drama is well worth the watch."
67,멸망이들어왔다,"I started this show with hopes of watching something on the lines of Goblin. But was disappointed mighty.IN spite of having good actors leading, the script was very very slow. On the name of story, they had the one line premise of the show. Female Lead is diagnosed with Cancer and 100 days to live. In the agony she makes a deal with Doom and on 100th day Doom dies and FL lives. The part of deal happens in 1st episode and after that there is just talk between all the characters and nothing else. I felt the show was building up to to something but No, they kept stretching the same old boring conversation around the cast. I somehow managed to complete the show hoping it might pick up later but sadly that was not the case. So angry with the High rating on Imdb, it convinced me to watch the show and hope for something better."
68,멸망이들어왔다,"I really enjoyed this drama. It was so heartfelt and sweet to watch, the plot was different too.Of course there were predictable scenes, predictable lines and expected twists but the whole thing was cute as hell."
69,멸망이들어왔다,"I think that thankfully it doesn't have the toxicity of some K-dramas. The acting, cinematography, and story line are interesting and thought-provoking. I tend to only review movies and shows that I really like. The music in this series is also beautiful. Like every track. I think the lead actor is unusual looking a beautiful. His chemistry with the lead actress is off the charts. I won't give too much away, but just say to watch this with an open mind and understand that this is about love, support, forgiveness and sacrifice. Even the parts with god require a deeper understanding. Really great drama."
70,멸망이들어왔다,"Seen many dramas till now but literally saying this became my favorite. Saying this again , u will never regret seeing this drama, and normal people facing sadness for life like me, can get some answers that you r wondering around.And if i go beyond that
the chemistry, and the myeol mang is the hottest and others will not disappoint you also."
71,멸망이들어왔다,"I'd like to recommend this unique story as we may think what can we do for closed friends and family when our life have 100 days left. People might do something crazy and different, but not hurt you or family. Enjoy your remaining life even it's not perfect. Of course, the actor and actress performed how to love each other and good chemistry also attracted my eyes😄"
72,멸망이들어왔다,"I personally love this drama. Though it is a fantasy drama,but story is really simple. I hate too much complicated and repeating same line over and over. And i love this drama not for their romantic story. Her love for her family,friends make this drama to another level. And it is real-life example. No one will express his/her real feeling untill you fell in this kind of situation(may be not for all person). But everyone will love you and behave you with good manner at that time."
73,멸망이들어왔다,Ohh! It's fantastic drama for refreshing mood l love it .
74,멸망이들어왔다,WATCH THIS IF YOU WANT YOUR SOUL TO LEAVE YOUR BODY. LOT OF CLICHES.
75,멸망이들어왔다,"I'm going through these reviews and am in complete awe that there are so many good reviews for this show. I had to stop watching this drama a little over half way because I couldn't physically watch anymore. Note: i RARELY EVERR criticize dramas, I'm a huge fan of most of them and rarely pick them apart but this one really did something to me.The casting is great and its ost is a masterpiece, but that's about the only good thing about this drama.The story line is confusing and has many plot holes that dont make sense.The characters have extremely weak personalities, they go from introverted to extroverted in minutes. The main couple had so much potential but their characters are so ever changing that it becomes annoying seeing them together.The chemistry between the main character and the rest of the cast feels so weirdly forced and not genuine at all. Even in her office, the main character and the supporting cast barely have any meaningful interactions, it's just a bunch of pretty faces.The editing is okay, they make everything so confusing and show the reactions of characters in odd timings,I'm a fan of many of these actors works, but for some reason, they were so lacking in this drama. Park Bo Young's character was cute but she quickly began to annoy me with her constantly changing her mind about doom. She mistreated him pushing and pulling him and it made me dislike the couple a lot.I don't normally leave reviews like this but it really shocked me that so many people actually sat thru 12 episodes of this and liked it."
76,멸망이들어왔다,It was soo amazing. The storyline was very new like no other and the actors also did a great job. It was a bit stretched but that's not a really big of a problem because this show kept me hooked on to it so much that i binge watched it in one day. You should watch the behind the scenes too their chemistry is soo cute. Now i have done writing my review but it says it is very short so i will just type random letters.
77,멸망이들어왔다," Just 4 EPs are up and I m already head over heels in love with this!
"
78,멸망이들어왔다," I'm in love with this one
"
79,멸망이들어왔다," My view
"
80,멸망이들어왔다," Slowly-Burning-Hot Romance with Dark fantasy
"
81,멸망이들어왔다," About the drama
"
82,멸망이들어왔다," SEO in guk is the best
"
83,멸망이들어왔다," CHARACTER DRIVEN. INTERNAL CONFLICTS.
"
84,멸망이들어왔다," Best Drama of all time
"
85,멸망이들어왔다," Highly recommend
"
86,멸망이들어왔다," Hand Potential for Greatness....but just average.
"
87,멸망이들어왔다," OBSESSED!!!
"
88,멸망이들어왔다," One Of The Best Dramas I've Watched
"
89,멸망이들어왔다," The BEST Love Story
"
90,멸망이들어왔다," Must watch
"
91,멸망이들어왔다," 90028
"
92,멸망이들어왔다," Love series and actors from Iran
"
93,멸망이들어왔다," Best K-Drama
"
94,멸망이들어왔다," A Have of Hope for the hopeless
"
95,멸망이들어왔다," The best drama ever
"
96,멸망이들어왔다," Countless butterflies flitted around my heart as I peruse the series' story.
"
97,멸망이들어왔다," Poetic. Loving. Best Drama
"
98,멸망이들어왔다," Not your usual Kdrama
"
99,멸망이들어왔다," Passionate Romantic Fantasy with Aesthetic vibes
"
100,멸망이들어왔다," Good Enough
"
101,멸망이들어왔다," the best fantasy series i've ever seen
"
102,멸망이들어왔다," Recomended! By this drama, Seo In guk become one of my fav actor!
"
103,멸망이들어왔다," They deserve a whole time best Kdrama award!
"
104,멸망이들어왔다," I don't know how to describe this drama
"
105,멸망이들어왔다," yall gotta watch this one
"
106,멸망이들어왔다," Poetic drama
"
107,멸망이들어왔다," Episode 1-10
"
108,멸망이들어왔다," Terrific Cast in a Series with a Heart
"
109,멸망이들어왔다," One of the Best Dramas Ever
"
110,멸망이들어왔다," Fantasy with a touch of reality !
"
111,멸망이들어왔다," Love Redefined
"
112,멸망이들어왔다," Best Fantasy drama i have ever watched
"
113,멸망이들어왔다," 10000000000/10
"
114,멸망이들어왔다," Sad, swoon-worthy, satisfying
"
115,멸망이들어왔다," Again TvN and Dragon Studio
"
116,멸망이들어왔다," Poor story and not so good overall work
"
117,멸망이들어왔다," Otherworldly Romance
"
118,멸망이들어왔다," Best drama
"
119,멸망이들어왔다," Had to create an account just to rate this
"
120,멸망이들어왔다," Must Watch it
"
121,멸망이들어왔다," One of the Best kdramas I have ever watched!
"
122,멸망이들어왔다," Good life lessons
"
123,멸망이들어왔다," My fav
"
124,멸망이들어왔다," Just perfect
"
125,멸망이들어왔다," Beautiful
"
126,멸망이들어왔다," Watching DAYS felt like HOME
"
127,멸망이들어왔다," My view
"
128,멸망이들어왔다," Could have been better
"
129,멸망이들어왔다," Doom is one of my new favorite anti-heroes (like Deadpool)
"
130,멸망이들어왔다," shift from one foot to the other
"
131,멸망이들어왔다," The best romantic K-drama of 2021
"
132,멸망이들어왔다," An okay affair with simple execution
"
133,멸망이들어왔다," Disappointing
"
134,멸망이들어왔다," Best fantasy drama
"
135,멸망이들어왔다," So boring and cheesy. Not recommend at all
"
136,멸망이들어왔다," Highly recommended
"
137,멸망이들어왔다," Lee Soo Hyuk-AMAZING
"
138,멸망이들어왔다," Loved it
"
139,멸망이들어왔다," A COPY FROM OTHER FANTASY KDRAMAS
"
140,멸망이들어왔다," Boring
"
141,멸망이들어왔다," Storyline too boring...
"
142,멸망이들어왔다," No need to bring the 'Goblin' vibe.
"
143,멸망이들어왔다," Sweet with many funny moments, worth the watch!
"
144,멸망이들어왔다," So so boring
"
145,멸망이들어왔다," Sad and yet lovely
"
146,멸망이들어왔다," Slow burning and deep
"
147,멸망이들어왔다," just watch it, u will not regret it.
"
148,멸망이들어왔다," Unique story of life and love
"
149,멸망이들어왔다," Good enough
"
150,멸망이들어왔다," My 💓 is beating
"
151,멸망이들어왔다," CRINGEFEST
"
152,멸망이들어왔다," Did we watch the same drama?
"
153,멸망이들어왔다," A perfect enemies to lover drama.
"
