,title,review
0,모범택시,"(Deluxe) Taxi Driver could easily have fallen into that destructive trap of victimhood, sexism, the vicious circle of low expectations, bigotry etc., but fortunately the Korean writers had the wisdom to feature a nuanced story not only about Restorative Justice but also to question whether it's right to take the Law into one's own hands? So we have two opposing forces - Kim Do Gi the Deluxe Taxi driver with a mission to right wrongs and the Cop on his tail, Kang Ha Na, (better known as Esom) who represents the voice of reason, the rule of Law, and the ""right"" and ""civilized"" way of doing things. So it is a relief to see amid the melodrama of sobbing victims an intelligent point or two made. Kang Ha Na has certainly shown for me a depth of personality that stands her out from other characters, not to mention female roles in other K-Dramas. So far, so good!"
1,모범택시,"I was very impressed by this drama, as it wasn't anything I was expecting and managed to turn out a very satisfying watch each and every episode. Dark and crisp cinematography sets the mood along with a fantastic soundtrack to accompany it. The acting is fantastic, especially from our lead Lee Jehoon, who plays one of the best characters I've seen in k-drama; a sad and soulful eyed bad-ass who takes revenge for those who can't themselves. There are some of the best fight scenes I have ever seen in a k-drama, along with some incredible car/taxi chase scenes.Was everything perfectly realistic? No, but seriously, who cares? This show is incredibly entertaining, with an interesting mix of John Wick and Daredevil vibes that makes it an amazing show that is extremely satisfying to watch."
2,모범택시,"Currently 10 episodes in and I am absolutely in love with this show!Who do you turn to when the systems that are set in place to protect you, are doing nothing or even worse, are a part of the injustice that you have to constantly face? Deluxe Taxi Service.There's so much satisfaction in seeing horrible people, who abuse others for their own gain, getting punished. And punished not just by being sent to prison or some meaningless fine, but in an eye for an eye kind of way.It also doesn't get stale, because every 2-3 episodes there's someone new that they are helping, while also having story development that lasts the entire show. It's all very nicely tied in.If you are on the fence on whether to commit to this show or not, just check out the first two episodes which pretty much have a self-contained story and decide form there."
3,모범택시,"Can't wait for season 2. Great storylines, fantastic cast, car chases and action. Lee JeHoon is awesome as Kim Dok Ki and his fighting style is a joy to watch."
4,모범택시,"The story is clearly outlined in the other well written reviews, so I just wish to add that every actor and actress in this series was top notch. Recently I have been watching several Korean serials and they all show that South Korea has a fantastic stable of skilled performers. Unlike American Method acting, they seem to follow Stanislavski's system and really become the characters they are portraying. Not two dimensional at any level, you really believe them.Add to that the superb camera work, thumping soundtrack and clever, non-formulaic script and you have TV which is at last worth watching. If you have not seen this yet, and you're not too slow to read subtitles, then you really should try this; you will be hooked!"
5,모범택시,"The action scenes in this drama are superb and the story line are great. I love this drama so much, waiting for season 2."
6,모범택시,"Ok, I'm on the episode where the taxi team is going after the evil twin brothers. And the prosecutor is finally understanding somethings are outside of the law. But is it revenge or moral values? Think the writer picked the former. Then this is a 6.5 and not a 7 rating.The setup, as the audience, you can see it coming from how relentless the female prosecutor was introduced. Mixed in with all the different cases of miscarrage of justics it had to come to this : she wanted punish the bad guys since the law can't.Probably it will end with the law taking down the evil empire of the female boss to balance both sides of the coin.To be clear I cringe (and fast forwarded) through the reliving of the all the sad parts. And they are milking for your sympathy, really melodramatic stuff here. Because I want to see punishment or the good pleasing counter ending, but not helplessness (or suffering).Don't we all? Cause real justice and happy ending doesn't often happen in real life."
7,모범택시,"Like the most. Enjoy every scene, win every episode, love it very much."
8,모범택시,"Firstly I want to say that I am glad that Pyo Ye Jin replacing Na Eun APRIL. She is one of my favorite Korean actress. And not to forget exotic beauty of Esom. This TV movie wins almost all of my heart. The script is also perfectly built with many beautiful fighting scenes. The male actors also played they roles perfectly. I am looking forward for Season 2 of this drama. BTW, I support the removal of case expiration in South Korea. 15 years are not enough to let the method and technology in solving cases developed."
9,모범택시,"I enjoyed this series, but to be honest it was quite overrated by its rating, it doesn't deserve an 8+, the plot was ok but the cases were not that interesting, and furthermore the 4 main leads are supposed to be average everyday people with unfortunate incident that took place in the life earlier, who had no prior training; so how are we supposed to believe how meticulous they were in planning and executing revenge plots on behalf of their so called clients on the culprits, and furthermore the way clients ""find"" this so called taxi revenge service was a joke, it doesn't make sense.However if you ha e much time on your hand go watch it, the main lead actor was not bad.If you really want to enjoy a series go watch Mouse, that one deserves an easy 9."
10,모범택시,This is only series that i liked in 2021. It is full of action grea storyline.
11,모범택시,"Taxi Driver is a South Korean television series adapted
from the webtoon ""The Deluxe Taxi"" written by Carlos
and Lee Jae-in, and based on actual heinous crimes committed in South Korea. Lee Je-hoon dons the bomber jacket and fingerless driving gloves as former special forces officer-turned-taxi driver, Kim Do Ki. Working for a mysterious company under the guise of the ""Rainbow Taxi"" alongside CEO Jang Sung-chul, computer hacker Ahn Go-eun, lead mechanic Choi Kyung-goo and assistant mechanic Park Jin-eon. All having experienced their fair share of loss. They set out to reform society with their own means of justice for the oppressed.As one of my highly anticipated K-dramas of 2021.I can proudly share that my expectations were met
and I believe it was due to the convincing performances from the main cast members. Particularly Lee Je-hoon who once again proves his versatility as an actor, tackling multiple identities in order to infiltrate the territory of his enemies and Pyo Ye-jin who served as a replacement for Lee Na-eun following ostracism accusations, delivered an emotionally driven performance as the damaged Ahn Go-eun and it turned out to be the most noteworthy for me. Her casting was simply a phenomenal choice and she even showcased her singing talents on one of the tracks for the series titled ""A Walk"" which molded a somber atmosphere. As opposed to ""Rainbow Corporation"" and ""Model Taxi"" composed by Kim Sung Youl with electronic beats and synthesizers that immerses the viewer into a modernized eighties era. Reminiscent to my second favorite film of all time. Drive. The fight sequences and the camera shots behind the wheel will certainly please fans of the action genre. This series has too much to offer audiences. I would not miss out on this groovy season.Follow me on Instagram: @joshuarenealvarez
@theflowerhuman."
12,모범택시,"This is not your usual series. It is so real that you cannot seperate it from reality. A group of people who fell victim to the corruption of the system ravaging both that world and ours, band together to form a vigilante group to do actual, real change in peoples lives and do what the police acts to do, you know like how actors acts in movies and series. As you xtch this, you'll get a sense of satisfaction that both Marvel and DC together won't ever achieve. This is about real life, real people, real heroes forget by real life, forged by their own experiences, pain and trauma. This series is not a fiction. It is cry for help in a world ravaged by evil, a cry for people, vigilantes who can and will serve actual justice. It brings real joy to see something like this be in this world. It speaks of a feeling that we may think we are alone in it, but we are not. We need our own Taxi Driver. Absolutely a must watch."
13,모범택시,I haven't binged watch a k series in a while and this drama is so satisfying to watch!!! The criminals were taken care of quickly without the show dragging on and some episodes were just so funny!! I really hope there is a season 2 for this drama!
14,모범택시,"Fortunately, Netflix had nothing to do with this series and it's all for the best.This is not the most realistic story, and there's plot holes here and then, but remember that it's based on a webtoon!What I liked:
-Retro synthwave music
-K2000/A team vibes
-Great acting, especially from Lee Jehoon
-Great fights
-A very satisfying feeling when the bad guys are punished.-They don't overdo it (comedy and drama-wise, some Asian films and series can be exaggerated and too extravagant for my taste)."
15,모범택시,"Kingsman meets Fast & Furious, and then make it a kdrama.The acting was on point, except for when my man Lee Jehoon uses his batman voice in serious moments."
16,모범택시,"Good acting
Great story
Good directionThe Taxi driver is good action packed drama that has elements like revenge, fighting sequences, betrayal and good social topics.The drama creators did a good job in making is such interesting and worth while. The acting of all cast is very good.The social that are covered in drama was very interesting and connecting. But they are not in the flow of main story. The life, revenge and their struggle should be same rhythm of these social issue. That is the main drawback of the dramaDespite having Esom and Pyo Ye-Jin, the story lacks a
Proper love connection. The creators can throw a hint for the audience.The first 13 episodes are well planned and have good action sequence, fighting scenes, plot twists and some good intense situations; the last 3 episodes are too simple. They may have good emotional psychological scenes but they are a let down.#good drama with good performance. Can watch it once."
17,모범택시,"This tackled some prevalent issues in South Korea such as bullying, the exploitation of foreign/disabled workers and many more, with an appropriate level of respect and sensitivity that these topics deserve. The first half of the show still retained its humour but things turned dark in the second half as events started to tie together. The ending gave all remaining characters the ending they deserved."
18,모범택시,"Super K-TV/movie. There are many K-productions, be it movie or TV, the quality, essence, product is of superlative level.This Taxi Driver series tells of a clandestine, taxi company secret duty is to get the revenge on those who suffered pain, grief, fantastic emotional upheaval in the hands of monsters, evil beings in the world.Examines the psychology of those seeking satisfaction from those monsters that harm them, and the repercussion on the lives of the victims.The cases are true to life, eg school bullies that pound on the weak and mousy students, eg of a girl who is sexually exploited by her bf and the video shared in the net, eg worker in a company who is picked on to be humiliated and demean in front of other office workers. The list goes on and on.This is like the Mission Impossible meets the Equalizer, meets the Punisher, meets John Wick, meets Daredevil. Lol. I think you get my meaning. Action packed, satisfying ends.Check it out, You won't regret. You can thank me later."
19,모범택시,I will not include any spoilers on this review.The show grabs you from the first episode and takes you to all sorts of emotions along the way. The acting is 10/10 and it is very well written.It gets better and better as the episodes roll and loving that it has 16 episodes in the first reason.On part/better with Squid Game.Much watch.
20,모범택시,"Stories well told and executed. Gripping stuff and one of the best on Netflix. Good balance between fun, some funny, martial arts and action. Just when you think the bad guys cannot get any worse, they surprise us. I hope there are many seasons to come!"
21,모범택시,Very amazing drama as it make you believe there is tiny justice for people with no power and money. This story got more interesting as it is based on the real events. Those potray are the cases where the criminal don't get as much punishment because of their power.So this drama kind of give you other imagination as if those criminal really get their punishment.
22,모범택시,"I've just started watching this, aww so far it is harsh. But then it gets exciting as things go the way of the Taxi Driver.This series really gets you brain ticking over as the various criminal elements appear and the ""Rainbow Taxi Service"" works to address the injustices of the Korean Law System. It is certainly bitter, disturbing ad ofttimes violent but the viewer (me) I'm keen to see how they solve, focus on and resolve these issues.I find it compelling, entertaining and thought-provoking the manner which they come to their solutions. It is a gripping and riveting portrayal of the underbelly of crime and the mentality of criminals.The Taxi Driver has a weakness that make him pass out when he sees things that remind him of his mothers death.Episode 12 is heart wrenching and the unbelievable happened. The Ha Na is a prosecutor who investigates Rainbow Taxi. She is furious with their lawless behavior, but then when her side kick and supporter is killed she get to feel how all the victims of vicious crimes feel. She is heart broken, helpless, grief-stricken, anguished and hopeless. Before this she had no real reality of the pain of the victims. She just wanted the law to be fulfilled. She gets to realise the reasons that the victims seek revenge.Then prison supervisor of the Rainbow Taxi Prison, turns on them because she know that she and her cronies will be the next ones to go down. She is totally evil and set up and planned the whole thing. The criminals freed seek to get their revenge on the Rainbow Taxi's.This drama surely builds and builds up so the every episode peaks and then rebuilds up even more suspense as every new episode unfolds to even higher and even more dramatic climax.With revenge there is no turning the other cheek. There is no iota of sympathy for the wrong doer.This drama is not for the faint-hearted. It covers serial murders, rape, organ trafficking with close views, using acid to get rid of bodies and excessive violence.""Don't succumb to evil but overcome it with good."" The motto of the Rainbow Taxi's CEO. Is what they do though actually following this creed? I personally don't think that it was a good ideas to imprison those criminals in his own private jail.It's astonishing but not unbelievable that the most heinous criminals can love someone just as much as ordinary people and will do even more horrendous evil to keep the one they love alive and beside them. Then they forget the work of karma in our lives. She was betrayed by her own men or did she set it up.....back later with the results. I think she set it up but I can't be sure that she would risk her own life.Wow! As it comes to the ending episodes it become so scary. I have to pause and take a breathe before I can move on. It is that good. For you thrill seekers you'll love it but for me need to pause and take it all in..Really stunning and outstanding cops and robbers thriller. Loved it."
23,모범택시,"I admit this show was kinda rip off from Western movies. The A Team, Mac Gyver, Batman and John Wick are some that crosses my mind, lol. But that what makes this k drama is easy to enjoy. The only thing that is lacking is the music. I suggest they change the theme music and BGM with something more tense."
24,모범택시,"A top-notch series. With amazing and inspiring storyline, characters and Production.Even those who dont understand or are against the whole ""vigilante / Robin Hood /Batman"" stance will also go soft after understanding each revenge story.The characters both the criminals and victims, make you wonder about the laws and situations in your own country.... And what each victim and their family go through.All in all , an excellent and eye-opening Korean Drama.Would love a season 2. :)
.......
Storyline 9.5/10
Cast 10/10
Direction 10/10
Characters 9/10A MUST WATCH."
25,모범택시,"Korean movie industry is killing it lately. They have so many shows based on webtoons, that are just a treat to watch. This show is one of the examples. Great casting, Lee Jee Hoon had me hooked, couldn't take my eyes off him, I binged watched and then wanted to forget everything and enjoy it again."
26,모범택시,Taxi driver is best action series in korean industry i think that it can become more popular then Vincenzo if they work on season 2 as all fans are waiting patiently for taxi driver season 2 also they should putt some romance in szn 2 then it will become more better and greatest series of Korean industry in last ep of taxi driver there is an ending scene (where she say long time no see) if we focus on the board where chairman is hanging pics i have seen pic of bae suzy hope that bae suzy will be performing in szn 2 of taxi driver then it will turn out more chill and coolness 🙈😁
27,모범택시,"What a perfect peice of art literally lee jee hoon performed brilliantly in this series he showed us that he can modify himself in any character in this crismatic series no matter if it's a character of gangster , or a manager or a teacher , or a thug he performed brilliantly 😈"
28,모범택시,A master peice with amazing action and acting skills of lee je hoon an amazing guy who can transform in any character no matter what he is going to do amazing driving as a taxi driver he done a brilliant job.
29,모범택시,"Thrilling, funny, edge of the seat show and great acting. Brilliant characterisation and storyline. Every episode/story is different yet related. Way the characters play around in different stories is very gripping. Show never loses its sense of humour even during high paced action sequences. One of the best Korean shows ever!"
30,모범택시,"Series is intelligent, as most Korean crime series are. But this has great actors and actresses and a great storyline. The stories are real and draws the viewer in with its real feel of the stories. Really good action packed series."
31,모범택시," I quite like this...
"
32,모범택시," John Wick/Daredevil Vibes
"
33,모범택시," Justice has been served.
"
34,모범택시," Vigilantes with a conscience.
"
35,모범택시," superb
"
36,모범택시," not really into action movie/drama but this show is exception
"
37,모범택시," Pander to your sense of.... justice or revenge?
"
38,모범택시," Very fun, thrilling
"
39,모범택시," Nice TV Movie with Strong Cast
"
40,모범택시," It was entertaining but highly overrated
"
41,모범택시," Best 0f 2021
"
42,모범택시," Taxi Driver (2021)
"
43,모범택시," Driven By Justicia, The Justice Seeker!!!
"
44,모범택시," I loved it!
"
45,모범택시," I wanna be a taxi driver!
"
46,모범택시," A whole bunch of great actors
"
47,모범택시," Good drama with some intense stories and good execution
"
48,모범택시," A good balance
"
49,모범택시," Masterpiece
"
50,모범택시," One of the best Koren series of 2021/2022
"
51,모범택시," Gripping series
"
52,모범택시," Awesome Drama
"
53,모범택시," ""Don't succumb to evil but overcome it with good.""
"
54,모범택시," For those who craved for Squid Game
"
55,모범택시," Excellent series
"
56,모범택시," Webtoons make better TV than comics.
"
57,모범택시," Action and Fun
"
58,모범택시," Master peice
"
59,모범택시," Master peice
"
60,모범택시," Superb show!
"
61,모범택시," Fantastic thrilling series
"
