,title,review
0,뫼비우스검은태양,"The plot (not spoiler): This is an intriguing story of a NIS agent (Han Ji Hyuk) who loses his memory during a mission and returns back after a year.The story is well paced, neither too fast nor too slow.The only problem I faced, is that the writers keep adding characters which made me bit confused to remember all the names.The action is on the point!Its not an unique drama, the plot is quite common but its very well executed, it definitely leaves you wanting more at the end of each episode. The cliffhangers will make sit on the edge of the seat.Nam Goong Min- Okay! So it's a one man show and i.e Nam Goong Min!He is just astonishing, as always. His workout scenes are well directed, his muscles bulging and his skin glistening with sweat...ooooohhh!!! Not only action but his gaze also. He will rip you off just by his gaze and he looked so damn violent and wild in all his action scenes. But sometimes you will feel like he is a cold hearted assassin.Kim Ji Eun- She supported well Nam Goong Min. Her character is cheerful and cute and she is a badass girl also. She has humanity and warmth which melts his senior's frozen heart whose humanity was on the verge of extinction.Overall, the plot/script writing is little weak, it could have been better if they wouldn't have shown so many characters.I wouldn't recommend this series to those who have low attention or those who watch dramas in fast forward because if you skip even for 10 secs.. boom!!!you have just missed an important character.It's not everyone's cup of tea, but if you like a good mystery action packed drama, then this is worth checking out!OST: Its worth adding to your playlist.PS: Remember all the names."
1,뫼비우스검은태양,"I have watched six episodes so far. At the end of each episode, it seems that a large part of the mystery will be solved in the next episode. The story is like an onion, when one curtain is removed a few more stand.In a word, there is no shortage of Thriller. If you don't see it, you will miss a lot."
2,뫼비우스검은태양,"A lot of the so-called suspense are quite unnecessary as it seems a lot of investigators are already in the know of the ""secret gang"" from the start but simply choose not to reveal to the audience and the protagonist, until much later. I guess the director/writer is trying to setup an air of mistrust between agents, but it doesn't seem to work very well here.Some of the fight scenes are also unnecessary, as if they fought for the sake of an exciting fight scene. More like gangster fights, than battle of wits between spies. The media and cops seemed oblivion to frequent mass fights and murders in the city.Good casual entertainment nonetheless, if you're in for the gun fights and car chase."
3,뫼비우스검은태양,This is termed as spy thriller but nothing great as of now. Will change my rating if it offers something thrilling and best episodes later. If the show is of just 12 episodes I would rather expect something great in first 2 episodes.
4,뫼비우스검은태양,"I really enjoyed it thus far.Story is intriguing enough, action is building somewhat slowly but not dragged out, rather in a realistic pace. Acting is good, lead actor especially so.Without spoilers, I have to say the car chase in episode 1 was filmed very nicely, from a different than usual viewpoint, which definitely adds to cinematic experience."
5,뫼비우스검은태양,More action thriller in south korea drama series.. 👍👍👍💪💪💪
6,뫼비우스검은태양,Great story line with of twist well acting and in each episode you will hooked.
7,뫼비우스검은태양,Min Namkoong is an amazing actor. There are only two episodes out right now and I'm hooked!. I'm enjoying the story line and action scenes. Can't wait till the next episode.
8,뫼비우스검은태양,"Nam Goong Min nailed it! As im watching it reminded me of John Wick movie. Really great drama.. You wont be disappointed watching this. Nam Goong Min deliver his character really well, he deserves awards."
9,뫼비우스검은태양,It is a really interesting series concerning trust and moral values. I loved it. The action scenes were just on point. It was somewhat confusing in some parts but my questions were all answered till the end of the series.
10,뫼비우스검은태양,"South Korea makes a lot of NIS-themed series and movies, but The Veil is arguably one of the best out there. It's a 12-episode spy drama that's full of plot twists, and is intriguing from the very first episode up to the last.Note that The Veil is heavy on the narrative so it isn't as action-packed as the trailer suggests BUT when it's time for action, it's crunch time. All fight sequences really deliver - and they get pretty intense with a jacked Namkoong Min at the forefront.9/10 would recommend to anyone who has a knack for crime thrillers."
11,뫼비우스검은태양," Good action packed thriller series. Could've been better.
"
12,뫼비우스검은태양," Detector refused to unveiling mystery real quick!
"
13,뫼비우스검은태양," Good action, but lacking in story development as a thriller.
"
14,뫼비우스검은태양," 2 Episodes. Nothing great.
"
15,뫼비우스검은태양," Very captivating
"
16,뫼비우스검은태양," More action
"
17,뫼비우스검은태양," Amazing action thriller
"
18,뫼비우스검은태양," Great action thriller!
"
19,뫼비우스검은태양," Great thriller drama
"
20,뫼비우스검은태양," Worth watching
"
21,뫼비우스검은태양," SUBLIME ACTION SPY DRAMA
"
