,title,review
0,무브투헤븐,"A tender and deeply moving series with a terrific cast, director, and writer. One of SK's best."
1,무브투헤븐,"As someone else commented , this is a class act production/acting & one of the best in Kdrama series.This show is so unique, beautiful, touching, emotional, gentle, gut-wrenching and humanizing from beginning to the end. Episode 9, especially, really got to me and you know what I mean when you watch it and I hope that you do.When Kdramas are good, they are really good better than many US/international shows out there and thankfully their TV series are not always full of violence, gore, sex scenes or bad language. The good ones are just all about true storytelling and always thought provoking.I hope that there will be a 2nd season. This show deserves one."
2,무브투헤븐,"""Move to Heaven"" is a little gem of a series that is fulfilling and uplifting in its short 10-episode story arc. The show is like a yellow box that has all of the important things in it, leaving nothing out, and putting no extraneous or unnecessary plot devices into it.The story is about trauma cleaners. Don't know what trauma cleaners are? Neither did I until I watched the show. Trauma cleaners are hired to go into a deceased's dwelling and clean it. Sometimes, it is not very glamorous, especially if the body of the deceased has been there for an extended period of time. But the key element of the job is to collect those important and necessary items that the deceased has left behind and give them to a relative or someone who was important to the person who died.Han Geu-ru--who is masterfully portrayed by Tang Joon-Sang and should win every actor award that he's nominated for--is a 20-year-old boy with Asperger's Syndrome who is gifted with unique and special insight. Not only is he able to remember anything with a momentary glance, he is able to piece things together in order to learn more about the person who died. Of course, Geu-ru's world is strictly ordered, and any deviation from that order brings him into hysterics.After his father suddenly dies from a heart condition, Geu-ru is put into trial custody under his uncle, Cho Sang-Gu, a man who's just gotten out of prison and is an ex-MMA fighter. Cho Sang-Gu is rough around the edges, to say the least, and the last thing he is initially interested in, is taking care of a nephew he doesn't give a hoot about from a brother he hated and despised. Part of the beauty of the story is in how these two grow closer together.Move to Heaven reminds me a little bit of ""Highway to Heaven."" It seems like the kind of show Michael Landon would have done. The show runs much deeper than two men packing up items. In each episode, we learn how the deceased lived. There are some truly though-provoking stories of people--who may seem unremarkable--but end up being remarkable in their own, unique ways, that in real life, might not garner much attention. But we quickly learn the invaluable truth"" Every life is precious. And every life has a story to tell.Don't be surprised if a number of episodes has you reaching for a tissue or a hanky. There are many beautiful moments that will have you doing just that!The story implores people to think about how they treat others. To think about what is really important. We see our share of greedy, selfish, and vindictive people who clearly don't give a hoot about their fellow man. Even when that fellow man is a relative. The story begs us to prioritize and remember, not only WHAT is really important in life, but WHO!I was more than happy to see that the writers seemed to leave the door open for a second season. Ten episodes went by a little too quickly for me. But it's also a series that I loved so much that it invites repeated viewings.In short, the world desperately needs more shows like this one!"
3,무브투헤븐,"Netflix's Move to Heaven is an unexpected gem, one of the best dramas produced from South-Korea, told in a realistic and wonderful way, unique and very original Korean drama, and will truly appeal to a global audience.Originality, sincerity and universal values are what makes Korean dramas produced by Netflix stand out compared to the regular Korean dramas which are still very catered to the local audience. From Kingdom, to Love Alarm, to Sweet Home and now Move to Heaven. All amazing pieces of art that are unique and very original.The story centers around trauma cleaners, who are people who clean up and move stuff of the deceased. This explains the title of this drama: Move to Heaven. It is also the name of their company. In 10 episodes we see multiple story arcs evolving, including those of the main characters Han Geu-ru played amazingly by Tang Jun-sang and his uncle Cho Sang-gu. We see very relevant social themes being addressed by the trauma cleaners, all in a very sincere, realistic and emotional way. Keep your tissue box ready though!A special shout-out to Tang Jun-sang for his epic performance and realistic portrayal of the Asperger syndrome and for connecting the different story lines. His character is smart, remembers everything, connects the dots, and speaks like a robot. It is something that viewers will not easily forget.Han Geu-ru was told to tell himself every day in the mirror that he did an excellent job. I can only agree, and would like to extend this to the whole show. You did an excellent job!"
4,무브투헤븐,"South Korea has been known to make some incredible movies for many years. This is the ""first"" South Korean series I've ever watched (my wife and kids wanted to see it so I ""had"" to oblige).Despite not being a choice I made, I was completely stunned by the level of quality this series offers: Top notch acting, incredible, touching stories and an incredible character arch development. I can easily say that when I watch quality stuff like this, I hardly miss the expensive special effects and over-the-topness of some ""current"" series, specially American produced ones. Not that it a bad thing, but it shows how a greatly written show can be made successful without showing budget muscle. Still, this ISN'T a low budget affair: the camera work is incredible, the shots, the cinematography, the music, the acting. Like most modern series, this looks more like a movie than a TV show.No spoilers this time, you have to see, ""Move To Heaven"". Some might find it a bit corny... probably those looking for a more action oriented series, but the little action sequences here are incredibly filmed and will come as an unexpected surprise to some.10 out of 10. Yeah, it is THAT good!"
5,무브투헤븐,"There's not a single episode where I didn't cry, I love all of the deceased back stories and the acting of the two main leads is incredible. The script is one of the best I've seen this year! Definitely Worth Watching!"
6,무브투헤븐,"This remind me of Midnight Diner, if the Master listened to his customer's stories. Move to Heaven try to listen what the deceased through their belongings and it is sooo beautiful. It's another level of family drama and it tells a story that a child with disability like asperger syndrome, can fit in in the society with the right cognitive taught and love. I loveeee this series and finished overnight, I need more stories like this. The acting, the set, the plot, the vibe all perfect💛✨"
7,무브투헤븐,"I was taken with this series from episode one. It was clear that the part of Han Geu-ru was not an easy one to play but Tang Joon-Sang does admirably. Korean dramas are quite fond of leading characters on the autism spectrum: The Good Doctor, Alice (Joo Won in both cases) and now this. No love story here to speak of for a nice change but a series of stories created by a former trauma cleaner. There is a sub plot but the main thrust of each story is the cleanup following traumatic death and those that do it. Each vignette has quite the powerful message conveyed through the fearsome logic of a 20 year-old Man born with Asbergers Syndrome. Get-ru's uncle moves in as his guardian following the death of the father. Together they run Move To Heaven and each story follows a traumatic death. On a personal note episode 5 following a rare gay love story for Korea had me in floods of tears, but all episodes are quite affecting."
8,무브투헤븐,"Please, please, please give Move To Heaven a chance. It is most definitely my top favorite K-drama of 2021. The cast simply did a fantastic job playing their respective roles and told the overall plot/story so beautifully. Loved how every episode had a different tale of the deceased talked about. I cried a ton so have tissues near and handy. Tang Joon Sang is not on the spectrum and is much younger in real life but embodied Geu Ru so well. As someone who is autistic, he played the role of someone who truly had this disability very realistically. Also, just because someone has a disability does not mean they can't do things. Anyone is capable of anything they want to do when one simply has the goal and motivation to. After this drama, he is going to get bigger roles because of taking the chance with this one. I'm looking forward to his next role. Lee Jee Hoon is so very TALENTED and I highly recommend you watch his recently aired drama Taxi Driver because that's where I first discovered him and was swooned by his acting! Anyways, please watch this drama because you will not regret it!!"
9,무브투헤븐,"One of, if not the best kdrama I've watched. Wonderful writing, acting, directing, editing, cinematography, casting -- but most of all beautiful stories told and characters molded in little time (relatively shorter than most kdramas).Shows the beauty, the good, and the love behind every person and will have us second-guessing and postponing our prejudice.Wonderful use of Trauma Cleaning and Asperger's Syndrome as a plot.Much of the storyline has been resolved by the end of the season so I'm not looking forward to a second but they have good foundations in characters and framework unlike most kdramas so I think there's potential."
10,무브투헤븐,"Review By Kamal KThe series is all about emotions and feelings, especially, empathy towards the deceased who are no more in the world yet they have left their own messages to their loved once. The only thing we need to look for their message is by having empathy and the power to look through bits and pieces of their belongings. This series will make you respect the ""Trauma Cleaners"" which is a designation that I didn't know existed until this series. I have built a huge respect for them. Whoever is reading my review, get ready to cry your heart out because the story is so heart touching. You just can't resist from crying. The structure of story-telling was great, simple yet grandeur. The editing was amazing, CGs were top-notch, the effects were beautiful and last but not the least, the actors/cast, they were all amazing in acting and made me feel like I am one of the characters in the story. All in all, I believe everyone in the world should watch this series to develop their empathy and to understand and have compassion towards each other. It is a very good lesson for all the human beings to never give up on your life because there's nothing more precious than a human life."
11,무브투헤븐,"This was an emotional ride with every singel emotion known ... I have probably cried every singel type of tear i know of.... so to say I was touched is an understatement.This drama also taught me that even dead people communicate, we just have to listen and observe the objects they leave behind and that as long as some one is in your memory you will never be alone... kind of creepy but sweet and comforting."
12,무브투헤븐,"To better understand a person is not easy. What we see is often not what is real. Look hard, look with attentiveness, look with good will, and we are able to share other's real self."
13,무브투헤븐,"The story telling and writing in this programme is unbelievably amazing and realistic. The characters are fantastically written and acted out beautifully by the actors. I love this programme! I don't wanna give much away but even if you're not into Korean programmes it's the kind of programme you have to watch at least once in your life time!! I cried EVERY single episode as the characters were so easy to get attached too. Shout out to the actor who played the guy with alsperger's syndrome, he did a great job! The actor for the uncle did great too! All the actors did! I'm so glad I watched this, it was truly beautiful! I won't be able to get over this for weeks."
14,무브투헤븐,A young man with Aspergers works for his father at a company called move to heaven which clears the properties of recently deceased people. When tragedy strikes his step brother becomes involved in the company and he is not the caring or compassionate type but over time will he view things differently. Each episode deals with the death of an individual and looks back at their lives and how the young man with aspergers can see the things other people miss relating to their deaths. A predictable series but because of the quality of the acting and script it draws you in and each death usually means a heartbreaking look at the final days of a person and the struggles before they pass away.
15,무브투헤븐,"Depending on who you are, ""a slow drama"" could be either a bad thing or a good thing.But for me, it's refreshing seeing something so unique, and so well done, in a genre I usually don't like -- making me like it.And to be fair, it picks up a bit after the first episode.If you're tired of all the samey garbage Netflix peddles, watch this for a change. It's pretty beautiful."
16,무브투헤븐,So touchy that I cry every episode.I loved the story of each single episode .Is very emotional and deep.
17,무브투헤븐,U must watch this series due to the story telling way of this it. Many stories are scattered but coupled perfectly by the flow of the series.Giving rating 8 and deducting 2 points due to some end episodes. It could have more perfect as from starting it set that much of high expectations.
18,무브투헤븐,"The synopsis of the series didn't sound like it something I'd get in to, but after the first 1-2 episodes I was hooked in. Watching the backstories of the deceased unfold and how they ended up that way really hits you in the heart strings.Really loved all the characters in the show, especially Han Geu Ru.Would recommend."
19,무브투헤븐,"Ahh it's just full of emotions made me cry so much, the story of this series is really unique and every story for each person made me think a lot.. worth your time believe me 👍🏻"
20,무브투헤븐,So refreshing to watch something with no political agenda. American movies are exhausting and tedious now. This was sad and beautiful.
21,무브투헤븐,"I can't hold my tears back. I got so emotional during the season. I cried a few times. This is a pure real life drama series for me. I can identify myself in the position of the uncle, father & friend ( protectors ). My brother has the Kanner Syndrome a worser autism than the Asperger Syndrome. That's why I can relate to the drama series. I feel a kinda bond to it.The plot is creative and I wonder if it's a real life story. A father and his son with Asperger Syndrome are estate cleaners for deceased humans. They don't just clean up things and collect things for their family and relatives. They do such a wonderful job with a sense of humanity that flashes me. So many heartbreaking stories during the season. It's unbelievable sad and touching.The cast was very much unknown to me. I do love Korean art, but didn't recognized any actor. Furthermore I can tell they did an amazing job. Specially the actor Tang Joon-Sang who played the Asperger teenager made an impressive act. It felt so real to me. I really felt the sorrow and love.All I can say is if you're mature enough and maybe lost loved ones, then you should give this series a try. You won't regret it. I can't recommend it to younger people, cause they might not like it or go into the series with high expectations of silly dramatic thoughts. Move to Heaven is definitely not silly, it is well written and played. For me it's a 10/10 as I said i can relate to the entire story and got very emotional. I even thought about quit watching it to avoid more sadness to myself, but finished the series. I don't want to go into more details. Give it a go !"
22,무브투헤븐,Other kids have autistic that they have problems with their families even that they love you they'll always respect as family. But even they see you as different but is good will always be different because that's good.
23,무브투헤븐,"After thriller drama,it's a must-watch to refresh & calm your mind. Such a heartwarming drama."
24,무브투헤븐,"Acting, script, movie pace is great. You will not be bored. Characters are smart and interesting and on the sidelines they touch deep emotional situations that are revealed along the main story.Nice humor too."
25,무브투헤븐,"I've been lately getting overwhelmed by Korean series on Netflix. One the best examples I can give is Move to Heaven. What brilliant drama it is! It really touches your heart, sometimes it breaks it, sometimes it heals.. A complete drama with all the ingredients needed for making an excellent series. A must watch for fans of all genre."
26,무브투헤븐,"Korean Drama ""Move To Heaven"" is an emotional drama with lots of shades of sadness, happiness and a big dose of closure.The story starts with a tragedy right off, an event that triggers the rest of the action which mostly hides behind short per episode cases of death and how the main characters help those who had lost someone to move on. Those short stories were different from one another and covered a lot of topics, from parent love to lost lovers. They were beautifully portrayed and fitted in the main story axis well.As for the main characters' mystery, that unfolded slowly but steadily, being boosted by the smooth pace and the intense background stories. The performances were spot on, simple but emotional, and, overall, enjoyable. The few characters were a good choice also.So, 9.5 out of 10."
27,무브투헤븐,"Those that haven't experience trauma or loss, or have no patience or introspection; just don't watch. Watch 1 episode, say it was boring and leave your 5-6 rating...For the rest of humanity, this is a beautiful story. If you have any feelings at all, be prepared to pause and cry. The occasional overacting and goofy translation, deal with it and ignore as there are so many amazing performances here and some really funny moments too.One of the best shows on Netflix without a doubt. The best thing I've ever seen come out of Korea, absolutely. I can't recommend this show enough."
28,무브투헤븐,Life is comprise of many regrets but a matter of fact we need to learn to minimize the regret in our life. Learn to cherish the things you have and treat your healthy normal life as a plus vs many unfortunate ones. Seldom watch drama series but this one makes me cannot resist.
29,무브투헤븐,"This is the first time I am writing a review on IMDb. I couldn't help but write my feelings about this show because it has left an incredible feeling with me. When I first saw the trailer a couple weeks ago I immediately became emotional by the story and knew I was going to like it very much. It turned out much better than I'd expected.First of all, the story centers around the funny yet heartwarming story between a very irresponsible and ""bad"" guy who has been appointed to look after his nephew he's never seen before, who is mentally disabled.What I love the most about this show is that throughout the story, the two main characters create a very intimate and heartwarming relationship which changes both of their characters. Geu-ru learns to adapt to life after his deceased father while Su-cheol learns to become an uncle and change for the better every single day. They become each other's family.The second incredible thing about this story is the very interesting job they have: trauma cleaners. Every episode we get to witness the stories left behind deceased people and as taught by the main character, we learn to ""listen to their stories"". Every single one of these stories are emotional and full of life lessons.The show teaches you to look beyond what is visible on the surface. It makes you want to empathize with other people to understand their feelings, their hopes, their failures and the good and bad they've been through. You go through a process of healing with these stories and seeing the characters change for the better, excepting their faults and finding condolence from each other warms your heart.I couldn't help my tears in almost every episode of this show. The only downside is that it is only 10 episode. Now that I have finished watching it, I feel like I am saying goodbye to friends. It is such a sincere show. Don't even hesitate to give it a try. Definitely one of the BEST k-dramas I have ever seen."
30,무브투헤븐,"I wasn't sure what to expect going into this show, and this turned out to be one of those healing drama's that is really wholesome to watch. Acting is top-notch, great cinematography (perhaps due to netflix?) and a fitting soundtrack make this a great binge-watch. Lee Jehoon is a fantastic actor, and he gave me a very ""Klaus"" from the Umbrella Academy vibe in this show. Tang Joon-Sang is a new actor for me, and I was really impressed by his performance as the autistic nephew dealing with his father's death. I really loved the trauma-cleaner plot-line, it was interesting and definitely tugged at the heartstrings.Overall a very well done show and well worth a watch!"
31,무브투헤븐,"I cried every episode! In fact, I'm still crying while writing this review... It's currently the top-rated drama on MyDramaList and I can see why. Move To Heaven deserves a 12/10 for that beautiful writing. Move To Heaven is the best K-Drama for me so far. Baeksang Arts Awards 2022, I swear if you snub Move To Heaven, Imma start a riot lol just kidding but they deserve every award out there. This is what storytelling should be and Move To Heaven delivered it!"
32,무브투헤븐,"I liked every thing about it the characters, the stories and their acting. The series is so soft and beautiful, I've enjoyed each moment watching it and can't wait for season 2."
33,무브투헤븐,"The title didn't recruit me, I'll admit. It looked to be one of those afterlife shows taking place in Heaven, or the like. The ratings were too good to be ignored, however. So I wagered my time on this contest, & so should you.In typical Kdrama fashion, they introduce people early on that are impossible to imagine caring for each other in a neutral corner.Geu-ru is a 20 y/o w/ Aspergers Syndrome. It's on the ADHD spectrum w/ bonus callenges. Aspergers victims are akin to fragile angels. They tend to be highly intelligent & focused on a narrow range of topics that captivate their interest. They have no social skills, no comprehension of non-verbal communication, body language, or other such subtleties. Innately pure, they would never understand stealing, cruelty, or even white lies. They don't have the resources to Roll with the Punches. Without proper oversight & gentle handling at home, they won't make it. Geu-ru's intellect will be the glove on the hand, preparing him for a counter punch.Geu-ru & his father are ""Trauma Cleaners."" Cleaning up crime scenes, the aftereffects of deaths occurring at businesses or other properties, and messy deaths, is what Trauma Cleaners do. But Geu-ru & Dad don't just clean. They respect the deceased. They also console the ""survived-bys"". Geu-ru and his father would determinedly follow the departed's wishes regarding dispersment of their worldly goods. Absent explicit instructions, detective Geu-ru pieces it together w/ the evidence at hand.Many of the early episodes are about the effort and care Ge-ru has adopted from his father's ways. Geu-ru is inspired & compelled to scry the deceased's wishes & carry them out, to the shock of the bereaved. These scenes are emotional. Don't get Caught Cold: Hankies out!🤧Geu-ru is suddenly left alone. His father had pre-bequeathed a domicile & occupation to his brother & Geu-ru's uncle, Sang-gu, as long as Unc cares for Geu-ru in dad's absence. Sang-gu is a Pugilist and a boxer who competes in underground fights. He's suffered a series of low blows in life. Just released from prison post an attempted murder sentence due to a tragedy in the ring, his life is On the Ropes.Geu-ru, unaware of the arrangements made by his father, had never met his uncle. Unannounced, Sang-gu arrives at the house one day. He takes a dive onto the couch, & demands a beverage. He's angry, impatient, flippant, & aggressive - the scary variety.Sang-gu must carry on the business w/ Geu-ru or he lose the income & the sofa (Geu-ru won't allow him in daddy's BR). Their first job together is cleanup of a corpse that had been there a while. The scene is... unpleasant. Sang-gu has the heaving & hurling reaction one might anticipate. It progresses from there.It's hilarious to drive w/ them for the 1st time. We'll just say that Sang-gu is not methodical like his brother. He's a brawler, in & out of the ring. Upon landing, Geu-ru cites every law Sang-gu had just violated, along w/ the fines & imprisonment levis, Sang-gu starts to see that he's moved, not to a house, but down the rabbit hole.Sang-gu additionally learns that he can't win a battle of the wills with Geu-ru. As he's rarely wrong, Geu-ru is, in essence, landing a Bolo Punch to Sang-gu's hard shell. It's starting to crumble.The distance characters must cover, to reach the main event and eventually unite, always makes the journey better. The bigger the better. In MTH, a vast one handed down to viewers.The main 3 characters did an excellent job. Tang Joon-sang, as Geu-ru, is authentic. In the same year, he starred in Racket Boys (an adorable show) playing a hot-headed & uber aggressive/competitive athlete. He is convincing in both roles, to his credit. Then there's Crash Landing On You. He's in that - a trifecta! (Don't miss CLOY, btw.)Lee Jehoon is fantastic as Sang-gu. I'd seen him effectively play a romantic lead, but he really dazzles in this sort of role. Did they speed up the camera for Sang-gu's punches, or is he actually that fast? He's ripped, too... Convincing body suit? I think not.He beats up people (all are in acute need of it) by slapping them, b/c as a boxer, he could be arrested for attempted murder again if he punches anyone. Given their power, fists of some boxers may be considered lethal weapons. Sang-gu forgets all of that when he schools that abuser, though. Dude hit a nerve, after all.There's no glass in Na-mu's jaw. Geu-ru's friend from across the street is played by Hong Seung-hee. Na-mu's a brawler herself; an indefatigable one. Ms Hong is an upstart with only 3 bouts on her card, but all of them are winners. So far, so good. In fact, having just finished Run On, in which she's part of the 2nd couple's story, her talent is evident. She steals the show along with her other half, in convincingly playing the ""poor"" little rich girl. She looks leaner, taller, & as hot as burning thermite. (Apparently, nothing burns hotter than thermite. It's a tad hyperbolic. Beauty is, as always, dependant on personal taste. Anyway, between the 2 roles she's barely recognizable).Having already been plagued by a twisted desire for Na-mu to hook up with Sang-gu in a season 2, I know see that Ms Hong's potential to rock Sang-gu's world is just ""Mama-said-knock-you-out."" Can you imagine how stunned he'd be, once he realizes that Na-mu would outmatch any ring girl? It writes itself. Oh please, please, bring it on! We should keep her in the family, shouldn't we? Given her competitive hostility toward him, it would be hilarious,. While the Ofr.'s who's been scouting her is a better man than Sang-gu - at the moment, she was quite tenderized by S1's final episode. Sang-gu should be a contender.The ending is oblique. Hopefully they are leaving an opening for a S2. More rounds with them is a good thing.Let's now take an intermission to evaluate proper treatment of those with special needs. In several scenes Geu-ru is misunderstood & mistreated. Sufferers of Aspergers are human beings, and being so, they long for postive interactions & relationships. The tragedy is that they are denied the skills to satiate this longing. For example, they are unable to make small talk, but they love to talk about their favorite topics, as with Geu-ru & fish.Ignorance begets fear. Modern day living does as well. Our innate 1st reaction when confronted with somebody different, is to recoil. Understandable, it's a dangerous world. Here's a challenge to help make the world a better place: Stop for a moment & assess. Whether you sense danger or not, utilize politeness. An ""Excuse me"" will do. If you recognize that this fellow human merely wants to talk about h/h favorite subject, be an angel & exchange a few smiley sentences. Watch their beleaguered guardians un-tense as warmth replaces protective anxiety. Always be safe, but also be decent.While Geu-ru has no obvious affliction at first glance, many precious humans do. We have friends w/ a severely disabled child, and it's obvious to spectators. I had the honor of escorting this little soul down the boardwalk one night. His parents never warned me about the looks. People blenched unpleasantly at the site of him. At least we were afforded the benefit of a wide berth, lest they get too close. Being taught when growing up, that every person is of same value, I was naively shocked - More than that, I was ready to slug someone, People will subconsciously act casually cruel. We all love us some Rainman... in a fictional tale. In real life? Give it some thought. Shining the spotlight on our repulsive behavior should be the cure. Seriously, who is truly repulsive in the prior scenario? Not me & my boy. Kindness is free. It costs you nothing, yet it provides life's highest rate of return.As this bout ends, we go to the Cards for a decision: Right before Sang-gu threw in the towel, Geu-ru calculated his final move for the win. Sang-gu hits the canvas in round 10. Geu-ru is the new champ.You'll also feel like a champion after spending time with this group; this family.Quote:
You see things as you are.IMHO...
🎬8 🤔7 🎭9 ⚡7 🌞 8 🔚 9
Suggested Age 13& up."
34,무브투헤븐,"The acting by this cast is brilliant. The stories are significant, inspiring, emotional and completely satisfying. It shook my heart from beginning to end. This series gives reverence and dignity to the living and the dead. It makes me want to have a yellow box worth collecting after I am gone. If only there was a business that would clean and clear out our possessions after we pass away with such compassion, awareness, intuition, intelligence, grace and interest to find our stories and be able to share them with the ones we love after we are gone, this world would be a better place. The writers did a great job with every character's storyline. The young man being on the spectrum, could have the ability to be more organized and focused, have an almost eidetic memory, be determined to complete tasks and make meaningful connections. The guardian is portrayed as rough and tough on the outside, but we learn about the traumas he has endured and experienced throughout his life. We see how we might judge people based on first impressions, but once the whole story is revealed, all of the perceptions will change. The guardian becomes one of my favorite characters. The neighbor is a young woman who is determined to protect her friend that she has loved since they were 6 years old. She is courageous and resolute in this purpose. These three people become the perfect trio to run the business. The father lives for his son. He loves his family more than his own life and is the ideal father, husband and human being. The entire cast is brilliant and interesting. I hope the whole world will watch this series and think about their loved ones and connect with them and communicate how they feel, so they will not have to live, or die with regrets."
35,무브투헤븐,"I love watching series no matter what country they produced such as USA, UK, Japan etc. This series is quite different , unique storyline. Even though I feel like this is categorized as a drama but the film tell so fast and meaningful in every part. I don't want this series to end, hope that it will continue to produce next season soon."
36,무브투헤븐,"The father and son formed a trauma cleaning company called ""Move to Heaven"". They clean up after the dead and sort out the worldly items they left behind. In the process, they tried to piece the story and last wishes of the dead and gave them a respectful closure. This drama reminds me of the Japanese movie ""The Departures"", which I really liked.Every episode is a subplot on societal issues: elderly with dementia, same sex love, crime of passion, adopted Korean babies who fell through the cracks of the society etc. You can say there's a lot going on in the show and due to the limited screen time, some of the subplots may feel like they end abruptly.The show helps us understand Asperger Syndrome through the male protagonist - the son in the cleaning company. It also demonstrates how a wayward person discovers a meaningful mission in his life, and grows to be a more wholesome person (the male protagonist's uncle). Other life lessons: closure for the surviving loved ones, regrets (which teaches the audience not to have regrets like the characters!), and the power of healing.It's not a heavy nor overly sentimental drama till it feels contrived. It's a show that warms the hearts. It's easily one of the best dramas in 2021!"
37,무브투헤븐,Beautifully crafted story telling from South Korea. Though some might find it a tad weepy I found each episode to be satisfyingly cathartic and joyful. Loved every moment.
38,무브투헤븐,"The ongoing storyline unfolds in such a way as to remind us of the vagaries of life, and the fact that many of us are successful only through chance; while those who are less successful are often branded as lazy - when luck usually played a large part there too.The individual episodes are stand-alone, and tackle some really quite important and profound issues faced by us today. They do so in a beautiful, considered, and moving fashion, without seeming preachy.I did have some reservations about one of the main characters being presented as having ASD, but by and large the show developed to present his abilities growing through his strengths, and didn't overly dramatise the challenges he faced. It also normalised the relationships that he had with others as being just like every other relationship, instead of being a 'carer / person needing to be cared for' situation - which is still relatively new in mainstream TV."
39,무브투헤븐,Form the first episode this drama was so emotional. I wasn't excepting something so nice and sweet. You wont be disappointed and the last scene let us believe that they'll be a second season!!!!!
40,무브투헤븐,"This was one drama that is so heart felt, emotional and moving. I cried a few times thats for sure. The 2 male leads really took hold of their characters and made it their own. The performance from each actors was so well done. I was just shocked that it ended at episode 10. I hope they have a season 2. If not it was well done. This is a must watch drama, if your a kdrama fan."
41,무브투헤븐,"So much tears.... I've cried a lot when watching this series. The grief and how all the character cope and fight their trauma really touch my heart. There's always been a hidden story in every death and grief. This series remind us how to appreciate our lives, how to move on, and especially how we valued the time and memories with our loved ones.All the actor potray the character very well. Their acting skill so great and so emotional that made me so broken-hearted and relate with their emotion."
42,무브투헤븐,Absolutely brilliant theme that I've never come across before. I was instantly hooked with Episode1. Episode 5 absolutely ripped my heart out 💔 One of the best series I've ever watched! 👏⭐💯
43,무브투헤븐,"Couldn't stop crying through the episodes! I love the way this directed very very very well...this story made me believe to stay kind give me more reason to live life beautifully...
Thank you to all cast and crew. This is a heartwarming ."
44,무브투헤븐,"As with most Morgan e movies, it's filled with heart. I like English dubbed
At first I couldn't stand one of three main characters but after one or two episodes... I couldn't stop watching..I love Al three neck stories..all touching.. But after a while.. your heart is so full that ugly cries start. My poor dog was concerned and confused lol
Just be prepared."
45,무브투헤븐,Was not expecting it to be so good. Hope they do a second season. I'm about to watch the last episode. I couldn't stop watching it.Yesterday I watched 7 episodes back to back.Just keep a box of Kleenex handy for every episode.
46,무브투헤븐,It does not bore either excite you that much. The first time I heard about trauma cleaners and they made a good story behind it.
47,무브투헤븐,"The story is basically telling you that no one actually die.. because the living will keep them alive in memories, or the items that reminded you of that person or what you learn from each other.. just beautiful.. i cry like there's no tomorrow.. but its so rewarding after finishing it. Great job to the production team and cast."
48,무브투헤븐,ME ENCANTO LA HISTORIA Y MAS ME IMPACTO QUE ESTA BASADA EN UN LIBRO. DE VERDAD LA RECOMIENDO TODOS LOS CAPITULOS TIENE MUCHO MENSAJE. NEXFLIX SE VOLO LA BARDA. LOS ACTORES MUY BIEN TODOS Y LA PRODUCCION SUPER Y LA FOTOGRAFIA OMG. GRACIAS POR ESTA HISTORIA.
49,무브투헤븐,"Netflix once again continues to narrow the gap between often cliched Korean TV drama and the very high storytelling/production standards set by Korean cinema. This is an intriguing and life affirming original series about the end of life. In so many shows, we see people die but we never find out what happens after that. This refreshing series tells us some of their stories and is a gem in scriptwriting. Every heartwarming or heart wrenching episode is wonderfully acted by the talented cast and from the get go, you care about each one you meet. I cried a tissue box while binge watching the series and can't wait for Season 2..."
50,무브투헤븐,"I was really waiting a lot of from this drama. But it was just waste of time. The storyline wasn't focus on the relationship between the uncle and the child (which has perspectives to be better) and the plot was really predictable and sometimes boring. Also, after seeing the great performance of Oh Jeong-Se ,as Moon Sang Tae, in the kdrama ""It's okay ,not to be okay"", playing the autistic , Tang Joon-sang as Geu Ru in the drama ""Move to Heaven"" seems to be so bad acting. Moreover, all the supporting roles was just unnecessary as well as the first half of episodes with the stories of the customers which was so boring.The worst is that the high moment,the finale was so bad and I caught myself thinking ""what the h@ll was that?"""
51,무브투헤븐,"Such a beautiful moving series. Like other reviewers moved me to tears. Such great acting, storytelling and the music just added to the overall theme. Wonderfully done in such a touching heartfelt way."
52,무브투헤븐,Best K-Drama I have seen. I wasn't sure what to expect from the series description but thought I'd give it a go and was very pleasantly surprised. Great central story about the relationship between the nephew and his uncle. All the other touching interwoven stories were great. The way they covered the main character's back stories. It was so well written with great characterisation. I'm not really one for waterworks but produced tears for many episodes and actually sobbed for some.
53,무브투헤븐,"Apprehensive at first, but I must say the South Korean film industry is doing a remarkable job creating movies and Series. This show has a good flow in terms of timing, it's quiet, provides a different perspective on loss that most people don't think about, emotions are played well by the actors and actresses (there are some cheesy moments), plot is organized enough to put the pieces together, music is perfect, and panning and camera angles are pretty decent. This is a good show!"
54,무브투헤븐,"I've watched a fair few kdrama's in my time.With most, I've found myself getting bored, yet obligated to stick with it.I can tell you now, this is definitely my favourite kdrama.I didn't have any expectations of this when I put it one one evening. I just wanted to watch something easy.I absolutely fell in love with the characters. I felt myself craving this show, I watched as much as I possibly could in few sittings. I've never experienced that with any kdrama I've ever watched.The acting is absolutely fantastic.I found myself laughing and crying in every single episode.I sobbed at the end.... I really wished that this went on for longer. Though, there is some clue that there may be another season. I will keep an eye out for it if so.I would thoroughly recommend this 10/10."
55,무브투헤븐,"The second I finished episode 1, I knew this was a quality show and I was not disappointed by the rest of the series. The story line is well thought out, and I enjoyed the writing style very much. An excellent job done by each and every one of the actors in this series. And not to mention, this has one of the most perfect endings that actually gives closure, once again worthy of praise. I would also be content with or without a season 2; what kind of show is able to do that???!! Each character was unique, and the character development was amazing, especially that of Sang-gu. An absolute hidden gem and I would recommend this series to anyone."
56,무브투헤븐,I usually go by imdb rating for all shows and this one stood out because had good rating and of course it was worth it.The whole idea and concept is new and you get so attached with every single story.It gave you an idea of every genere of death and beautifully explained the stories.The main characters played really well i loved this show on the whole just beautiful and has definitely showed what they wanted to say.It is worth 10 for every single ep.
57,무브투헤븐,"This is a great, stylish, delicate and powerful minimalistic series. It is beautifully written, directed and designed. It is such a shame that the absolutely terrible and unprofessional american accent dubbing 'actors' ruin it. I really do not understand why Netflix cannot improve on this. It's an embarrassment. Maybe use some more educated British accent actors and decent translators. Apart from that, this series is a little masterpiece."
58,무브투헤븐,"This could have been so much better but for the glaring inconsistencies like, how, in that climactic scene, he finds his dad's phone in the uniform pocket - with the battery still charged? What about mom's birth and death dates?What happened to the fight organiser? (That would have been a fascinating story line to explore... what made her so evil and why was she under pressure?) Who was the girl in the final scene?Argh! So many questions!It's a 5-star only because of the premise. This series lacks the attention to detail and careful crafting of non-flix kdramas."
59,무브투헤븐,"Expectation was high maybe it's because of after watched great tv shows. Just watched first 4 eps. Not too good so, decided to move on next tv series. Not bad, but little bit longy and not richful with fun parts or adrenalinely rush parts etc."
60,무브투헤븐,"This is a clever concept, Here are many moving stories, beautifully photographed, and the series is almost excellent. But it is spoiled by some over-acting. I know that this is common in many Asian movies, and is widely accepted, but does not have to be the case. Look at the success of recent Korean movies which have won acting awards.. In this case, a little holding back, ""being"" the character instead of ""acting"" the character would have added two more stars.I understand that this series is made for Koreans and I can be accused of cultural elitism, but the fact is that it is being distributed world-wide on Netflix, where we are now regularly exposed to films and TV series from around the world. Standards are very high.Despite my reservations, I intend to watch all episodes.Edit: Maybe a little unfair. There are some fine performances here also. Geu Ru's father, Yoon Na Mu's father, the tailor - are all good and believable Sorry I cannot find the names of these actors."
61,무브투헤븐,"If your looking for a kdrama that will make you cry i really recommend this one. Amazing acting, writing and directing. Its so intresting and heart wrenching to watch i even got me mom into it witch suprised me because she usually never wathes kdramas with with me not to mention Tang Jun-Sang who played Geu-ru his acting was very impressive since the role he was playing was defintly not an easy one he did a really great job! The plot as well is unique and not like other kdramas so if your doubting whether to watch it or not you should you will not be left disappointed defintly not if you want a good cry!"
62,무브투헤븐,"A very good serie. Respect how the stories are put together. It made me cry. Funerals always make me cry.😢every person is special and unique with its own story. Very well acted Tang Joon-Sang you can be proud of yourself. Of course also the other actors, actresses and people behind the scenes.🙂"
63,무브투헤븐,"I like how this drama explores different social issues- it makes me more aware of them. From the abandonment of old people, LGBT to problems with overseas adoption, I've gained different perspectives after watching this drama.Lee Je-hoon's role is sexy, an outwardly cold man who is involved in illegal boxing, but has a soft side (though he likes to deny it). Tang Joon-sang plays his role well too. His acting as a mentally disabled kid seems natural. I enjoy watching the growth of the characters.However, the pace is sometimes too slow for me. I don't have the urge to keep watching the drama. Maybe the genre is not my type. I even wonder why are there still so many episodes left. So if there are many episodes of this instead of only 10, I might gave up."
64,무브투헤븐,"It's hard not to appreciate this series, one of the best series I have watched in a long time. If only everyone could model the leading character's spirit, the world would be in a better place."
65,무브투헤븐,"This drama is going to be so close to my heart :"")
I urge everyone to please give this a watch
Whether you watch kdramas or no
This is the kind of drama which teaches you so much:"")
Every person in your life has a purpose, respect them, cherish them, enjoy every bit of the time spent with them. :"")
The story is about a young boy with Asperger syndrome and his uncle who work as trauma cleaners, clearing out the possessions of dead people, uncovering the stories they left behind and telling them to loved ones.The series is all about emotions and feelings, especially, empathy towards the deceased who are no more in the world yet they have left their own messages to their loved once.The way the story started the way it went forward every bit of it just leaves such a huge impact :"")
10 episodes and each of the 10 episodes made me go through such a roller coaster of emotions :"")I don't understand how this drama has been so underrated and why aren't people watching it :"")
You're definitely missing out on something so beautiful
Please go watch ""move to heaven""
Much love and respect to the whole team of this drama :"")"
66,무브투헤븐,"Well... this kdrama starts okay and I had already read some reviews here so I thought that it has to be a masterpiece !BUTThe plot was soo predictable and almost all episodes was a different story that sometimes was getting more and more boring .The main boy was tried his best I think to lead and support his role but his acting skills wasn't the best at all :/
Also I believed that the neighbor will fallen in love with the uncle as they had a lot of scenes together and they had chemistry too .However this never happened and uncle was with a woman that comes after 6 ep. ( so disappointed) .What is more the plot after 5 ep was so boring and I struggled to finish it !!!Above all the last episode. IT WAS SO CONFUSING. In the last couple of minutes a girl appears who was so creepy , make the things even worstI don't really recommend this series and I think that it's too overrated."
67,무브투헤븐,I've seen many korean and non korean shows and Move To Heaven is totally different. It has 10 episodes which is considered short but to me nothing was left out. Each of the characters has their own life story that shows us so many things like how misunderstandings can cause a big regret for someone. One of the main things that is shown is the fact that we live in a society where everyone has problems but there are things that we can do in order to help them or make things easier. The cinematography is also incredible we can feel character's emotions by looking at the location and lightening. Don't miss this show:)
68,무브투헤븐,"Unexpectedly loved this show! What a great show! Can't wait for the next season! So creative and full of great inner stories. I didn't know what to expect with this show, but I ended up loving it. I would totally recommend it!"
69,무브투헤븐,"This is definitely one of the best shows of 2021 (maybe of all times as well). It shows a heartbreaking, heart warming story every episode. It walks you through so much emotions and the circumstances of how people lived and died. You get to see their joys, their struggles, their aspirations, their heartbreaks and everything in between. Through their business of trauma cleaning service, the main characters learn about the lives of people while getting to learn more about humans and humanity and themselves. I cried in more than one episode.Some very strong performances by the actors involved. A great show with solid heart warming and heart touching stories."
70,무브투헤븐,"Very emotional. The concept is original and the series is well-made.I am not a big fan of drama genre but this is so meaningful. It makes me to learn to appreciate what I have and who I have, because the future can take it all."
71,무브투헤븐,"Not too often when each succeeding episode continue to hold you and can actually meet the expectations of the prior ones. Culturally interesting as well! Add to that the unique lead character, to outstanding supporting actors and even better script, I couldn't stop watching them. Why tell you about it, when 2 episodes are finished and you're not hooked, I can only fathom that you don't like subtitles! :-) Can't wait for the second season!!"
72,무브투헤븐,"I literally had to shut my bedroom door to watch this TV show. I could not allow my housemates see me like this. This show was done so well that it kept me wanting more. Every single episode kept the Kleenex box so busy that I went through a few boxes with the whole season. Lastly, this series will bring forth feelings that you never thought you had.I recommended this to my friends. Most of them watched is and said that they had a similar experience as I did.As for a season 2? No, I cannot imagine a season 2 to be this good."
73,무브투헤븐,"From begining to ending every scene has tremendous job it makes me so emotion also it is my first kdrama by this drama my perspective about korea is change they are same like indians ,, so emotional."
74,무브투헤븐,Is a movie series from Korea That gives the audience a wide variety of feelings from their viewing Stories that talk about the meaning of life Relationships and memories Which only those who have watched will understand the essence What the movie wants to convey.
75,무브투헤븐,The message this series sends is to think of the people around us. Our beloved once. What do they mean to us and what do we mean to them. Are we showing them and telling them how we feel about them.Or are we always hiding things and ourselves from whom we love ?!
76,무브투헤븐,"I am usually one to complain that most Korean dramas and unnecessary long and have at least 3-5 filler episodes that serve no purpose to the plot but in the case of 'Move to Heaven' I am quite on the opposite opinion. Ten episodes with Sang Gu, Geuru and Namoo were simply not enough. The 'found family' trope is a personal favourite of mine and seeing the relationship development between these three had me binge watching. The MTH clients' stories were also compelling and poignant. The cinematography, the music, the acting.. everything was in perfect synchrony. The very last scene got my hopes up for a second season."
77,무브투헤븐,"As an Asperger person I can relate and this says that the writer really understand's Asperger. There are many individuals stories each with their own meaning. The attention to detail is insane, although I found an exaggeration. There's a subtle thing that confuses me, why are they use these old smartphones? Highly recommend!(Sorry for any spelling mistakes)"
78,무브투헤븐,"I really love this drama, it have funny, touching & sad part. I really enjoy watch this, and I finiah all episode in 1 day. Really worth it to watch, please Netflix make season 2.. 😊"
79,무브투헤븐,"I was invested on watching this Netflix show because the lead actor played in Crash Landing On You. He was a promising actor after watching him in that said show. So I would like to see more of his acting skills and to my surprise, HE WAS A PHENOMENAL actor. He indeed gave justice to the role of a teen with Asperger's Syndrome. This show has led me to read about it. Other actors did so well, too. Each episode never fails to deliver quality acting! What makes this show a stand out is they acknowledged love beyond genders. Great job to all who created this masterpiece! A must-watch! Congratulations, everyone!"
80,무브투헤븐,"How beautiful of a drama can come from an essay, this drama shows it all. Who knew a work like this ever existed? The set up of different premises touching different demographic was a fresh take. When you pick a drama with a title as this, You have to be prepared for what might come next. Yes, it was heart breaking yet beautiful to certain points. I have always admired Lee Je-hoon's acting and his pick at the character he plays. He doesn't disappoint in this either.I feel 9/10 because the need for the push of storyline in the boxer side with the boss lady was bit of a stretch. It might have worked without it also."
81,무브투헤븐,This kdrama made me ugly cry in each episodes you should give it a try!!
82,무브투헤븐,"The journal of death is oftentimes being overshadowed by grief and pain.. but Move to Heaven was able to show to its viewer how death is not the end especially for those who are left behind.The story does not only centers on the main lead which is not common particularly in k-dramas. Move to Heaven is on a different level. Honestly, I watched this drama without even having any idea who are the actors. But after episode 1, I was prompted to search the actor portraying Han Geuru.Tang Joon-sang portrayal is just so pure to the point that you would forget that he is just another fictional character. I was more surprise to learn that he is even younger than his character. Lee je-hoon is a legue of his own.I will be rooting for Tang-Joon sang.This is the first and only drama that my whole family watched together. Given our varied preferences of genre. Move to Heaven has left a special place in our hears."
83,무브투헤븐,"Wow, I Thought Sisphous great. This show was touching. Love the concept. Squid Game is ok compared to Move to heaven. I love the back stories really fits for me. The show goes very deep with it relationship. Well put together love to see how far they can go ..."
84,무브투헤븐,"I have experienced a lot of feelings in this drama sad, regret, mercy, and how death can be a bless.+ u can watch it with ur family there is some violent scenes but no sexIt breaks my heart."
85,무브투헤븐,"The storytelling is amazing. Also, I've never cried so hard in my life-every episode."
86,무브투헤븐,I cried all the episodes. I loved it! It was very emotional and beautiful.
87,무브투헤븐," Compassionate and Touching Series
"
88,무브투헤븐," Such touching stories and beautiful storytelling!
"
89,무브투헤븐," Like a Yellow Box, All of the Important and Beautiful Elements Can Be Found in this Series!
"
90,무브투헤븐," Move to Heaven: an Excellent Job!
"
91,무브투헤븐," Incredibly Good, Touching Drama!
"
92,무브투헤븐," Tears Wont Stop
"
93,무브투헤븐," One job, million stories
"
94,무브투헤븐," First Rate Series
"
95,무브투헤븐," Best Korean Drama of 2021!!
"
96,무브투헤븐," Best in Class KDrama
"
97,무브투헤븐," Heart Touching
"
98,무브투헤븐," A touching drama criticizing society in the most beautiful way
"
99,무브투헤븐," Starts from attentiveness
"
100,무브투헤븐," Absolutely beautiful!!
"
101,무브투헤븐," The talking dead
"
102,무브투헤븐," It's a slow drama, unique in its idea
"
103,무브투헤븐," Very touchy
"
104,무브투헤븐," With an Unique concept
"
105,무브투헤븐," Great show, now one of my favourites.
"
106,무브투헤븐," Amazing can't describe it
"
107,무브투헤븐," Beautiful
"
108,무브투헤븐," A touching drama series
"
109,무브투헤븐," I have autistic
"
110,무브투헤븐," Heart-warming.
"
111,무브투헤븐," I recommend watching this series
"
112,무브투헤븐," Who,in heaven, is Adam McArthur!?
"
113,무브투헤븐," Good Enough
"
114,무브투헤븐," Wonderful and the best show out of Korea to date...
"
115,무브투헤븐," Sad stories Great spirit
"
116,무브투헤븐," One of the BEST K-Dramas: A Heartwarming Story Between An Irresponsible Uncle and His Mentally Disabled Nephew
"
117,무브투헤븐," Wholesome and Healing
"
118,무브투헤븐," The Most Tear-Jerker, Painful But Healing K-Drama
"
119,무브투헤븐," Beautiful like heaven
"
120,무브투헤븐," POW! This Show Is A🥊Lights-Out-Knockout! °Outstanding°
"
121,무브투헤븐," ONE OF THE BEST I'VE SEEN
"
122,무브투헤븐," Best series I ever watch so far, powerful story telling worth to watch
"
123,무브투헤븐," For ""The Departures"" Fans!
"
124,무브투헤븐," Cathartic
"
125,무브투헤븐," Potentially awkward opening premise, but stellar writing and performances. Beautiful vignettes.
"
126,무브투헤븐," possibility of a second season please
"
127,무브투헤븐," Heart felt and moving
"
128,무브투헤븐," Warm and very emotional
"
129,무브투헤븐," Brilliant!
"
130,무브투헤븐," Beautiful
"
131,무브투헤븐," Ugly cries.
"
132,무브투헤븐," Wow Amazing show
"
133,무브투헤븐," Neutral melodrama
"
134,무브투헤븐," Its such a beautiful story.
"
135,무브투헤븐," RECOMENDADA
"
136,무브투헤븐," If trauma cleaners were like Move to Heaven, I'd R.I.P.
"
137,무브투헤븐," A hole in the water
"
138,무브투헤븐," Moving beautiful series
"
139,무브투헤븐," Best K-Drama I've seen - Heartwarming story - keep tissues handy at all times.
"
140,무브투헤븐," Exactly what is needed for everyone right now.
"
141,무브투헤븐," I'm going to miss it.
"
142,무브투헤븐," Original, enjoyable, perfection...
"
143,무브투헤븐," Must watch even if you are not into korean shows.
"
144,무브투헤븐," Awful dubbing & translation
"
145,무브투헤븐," Glaring plot holes
"
146,무브투헤븐," Can't say watch twice
"
147,무브투헤븐," Beautiful and Moving. But....
"
148,무브투헤븐," Got me feeling many emotions!
"
149,무브투헤븐," thank you for this beautiful serie!😢
"
150,무브투헤븐," Interesting plot, but not appealing enough for me to binge-watch
"
151,무브투헤븐," Just Watch It
"
152,무브투헤븐," Hands down the best drama ever
"
153,무브투헤븐," OVERRATED! I didn't get the hype
"
154,무브투헤븐," This show can change your perspective on life
"
155,무브투헤븐," Loved it!
"
156,무브투헤븐," A Drama with a Soul and Heart
"
157,무브투헤븐," I cried in every episode!
"
158,무브투헤븐," Keeps Getting Better
"
159,무브투헤븐," This KDrama is so touching that you'd better have buckets to empty your living room of tears
"
160,무브투헤븐," Meaning ful for life
"
161,무브투헤븐," The most memorable series of 2021
"
162,무브투헤븐," are we hiding things and ourselves from whom we love ?!
"
163,무브투헤븐," Wholesome and comforting
"
164,무브투헤븐," I can relate
"
165,무브투헤븐," Such a healing and comfort drama.
"
166,무브투헤븐," More than a tearjerker!
"
167,무브투헤븐," From an essay to a beautiful drama
"
168,무브투헤븐," Definitely worth the watch!!
"
169,무브투헤븐," A painful but healing drama
"
170,무브투헤븐," This is no game here
"
171,무브투헤븐," I'm crying 😭
"
172,무브투헤븐," Wow
"
173,무브투헤븐," I love it!
"
