,title,review
0,미스터기간제,"It is the third series that I like.
First I like Hotel del luna series.
Second WATCHER series.
Third Class of Lies series.
Fourth Doctor John series.
I am so thankful to OCN channel for this class of lies series.This series is not get views rating than WATCHER.But I like this series because it can't lazy for me when I watch it.And also
all students who include this series they are good act and I admit that they do their homework well.And I want to know who is the killer.Class of Lies will be sucess and get more highest views rating."
1,미스터기간제,""" Class of lies "" had a strong start. The story goes deeper and deeper as it goes, involving more and more characters as it proceeds.However, there were a few elements that prevended this drama from being great, even though the performances were seriously good. First of all, the story was good, but the drama had some boring scenes. Maybe they didn't handle the pace well enough to keep it interesting through and through. Then, the whole mystery and plotting was not as easily believable as it dealt with kids. But that was easily overlooked. Finally, the ending was questionable.So, overall, seven out of ten."
2,미스터기간제,"Intriguing murder mystery crime drama. Extraordinary performance by Yoon Kyun Sang, but then again, I'd watch him in whatever drama he's in. The entire cast was unbelievably awesome. The narrative was absolutely fantastic.! Brilliant! Loved it!"
3,미스터기간제,"I got really scared of the students. If this was really it will scare the bejeesus out of me. Too many scandals, bullying, killings and abuse of power in school and the justice department. When there is so many conflict in a kdrama it became so overwhelming that I had to skip a lot of parts. Also, I cannot picture the Lee admin as a villain as I still remember him in do bong soon. the girl bully is very pretty and the villain student is also cute and I liked his acting. I didn't even know if there was a loveline between the male and female leads because I skipped a lot parts."
4,미스터기간제,"The conflict here is so subtle yet horrifying to watch, the way the bullies has rank and abusing their means to get what they want, even the lawyer has to stay under coverage(which is a little loose end to me, like how on earth some high case lawyer unrecognized on this school still bugs me) but its interesting"
5,미스터기간제,"I went into this show with I would say about average expectations. I am a fan of Yoon Kyun-Sang and I like OCN dramas but sometimes they end up disappointing at the finish line. However this one came through, scoring a solid 8.5 rounded up to a 9 for me.
The show starts off running with a gory stabbing scene, and Kyun-Sang playing a cocky and charismatic lawyer proved to be an interesting start. The soundtrack really solidified my interest as it switched back and forth from edgy and suspenseful to tragic and gorgeous using some beautiful string pieces as well as a very catchy rock banger.The mystery is set from the very first episode, and the writing is excellent, dropping bread crumbs here and there for the viewer to come to the conclusion of ""who done it"" around the same time our ML discovers it. The pacing is done well, there are no boring or dragging episodes, and every scene is used to further the plot. The cinematography was gloomy and cool toned, using dramatic angles and clever shots to bring the story along. The acting is also really great, particularly from our villains.I felt like everything was done in a realistic way, there were no dumb subplots or crazy leaps to be made to get to the conclusion. The show wrapped everything up very well, leaving just one tiny mystery at the end for the viewers to chew on.
Overall this was a very well done mystery/thriller, and for those that like this genre this is a must watch!"
6,미스터기간제," Thank For This Series OCN Channel
"
7,미스터기간제," Good Enough
"
8,미스터기간제," Cativating Crime Drama!
"
9,미스터기간제," Scary students
"
10,미스터기간제," Makes you clinging on your seat
"
11,미스터기간제," Intense Murder Mystery Done Right!
"
