,title,review
0,미치지않고서야,"Those who've worked for big companies will be intrigued by this drama. And great to see the same power play at large here as in any other large world enterprises (with or without all that bowing and scraping). So often it is the ruthless, not the talented, or long served who finds the shortest route up the social ladder - though the role of morals or ethics is questioned exquisitely by this strangely composed triangle of characters - Mr. Choi, Ms. Dang and Mr. Han. This one will keep you guessing. Very recommendable."
1,미치지않고서야,"Relatable to practical life, it's good to see that Nothing is overdone everything was just similar to daily office life. Drama becomes more interesting to watch when one can relate with it, Apart from mythical genre.Actors did a great job. No one trying to over do themselves. Both main lead actor did very good job along with team.I can watch it again.."
2,미치지않고서야,"It's all about Mr Choi, average worker, bedecked in blue 'n white check shirt, a working class hero, non university background, diligent, practical, grumpy in the extreme, but ingenious - that sets him apart from the rest of the Korean Big Corporation workmates. What I love about this series is how much it draws you into the office politics that exist in every large company. The story has been wrought with considerable skill to keep things fuming, with more than one unexpected twist. For anyone interested it is a very recommendable show to watch, with good English subtitles. My first""9"" ever!"
3,미치지않고서야,"Didn't expect much before watching and was pleasantly surprised and it is amongst my favorites. Less K-Drama-style exaggerated plots, but more realistic office politics and struggle of experienced and reliable engineers, pertaining to the tech industry in the new world of a buzz word -driven industry - IoT, A. I., and the likes."
4,미치지않고서야," Nicely played Big Company Chess-Game
"
5,미치지않고서야," Now this is enjoyable Drama.
"
6,미치지않고서야," Korean TV is maturing fast
"
7,미치지않고서야," Drama Gets Real in the Tech Industry. A Rare Gem.
"
