,title,review
0,백일의낭군님,"100 Days My Prince has to be one of the most beautifully shot KDramas I have ever seen - the cinematography, costuming, and soundtrack combined to make a visually gorgeous experience. The pacing and story were very well done, and the acting was very good as well. This show reminded me a lot of The Emperor: Owner of the Mask, but it was superior in almost every way, particularly in the pacing and script areas. I liked that the story line felt real, there was no weird, fantastical plot lines or surprise non-nonsensical abductions. The political and societal plot points made sense and felt realistic.However there were a few things I really disliked in this show - first off I didn't like the commanding tone towards the female characters; and I get it, back then men very much ruled over women. But the way even our ML talked to the FL left a bad taste in my mouth that I don't feel any other historical drama has made me feel before.Second, I really, REALLY hated the last episode. It felt so drawn out and it was so dumb how the FL just kept stubbornly refusing to be with the Crown Prince until literally the very last second. It was unnecessary and irritating to watch, especially after watching 15 episodes where they clearly have fallen in love and no obstacles remained between them. Also what happened to that weird prophecy? They hinted at it a few times, but the ominous part of holding a bloody sword at the FL never happened. In this way, The Emperor: Owner of the Mask was superior as the ended was amazing and felt deserved and worthwhile.So would I recommend this show? For the visual experience it was a treat, and the soundtrack really elevated this show to having serious ""it's a 10"" potential. But the ending felt so annoying and flat that I'm not sure it even deserves a 7, and I don't know if it's really worth it. This was clearly a historical romance, but the ending sort of destroyed the romantic momentum that had been building the whole series."
1,백일의낭군님,"This was a first of its kind for me and I liked it a lot. I liked the love story between the prince and his childhood friend. I don't know much about the history of this time but there was a lot of sword fighting between regimes. A lot of backstabbing. And, a lot of modern day drama applicable then. There was a lot of servitude. The movie depicted life then and that was informative. The characters were very well appointed."
2,백일의낭군님,"As a valid fan of the actor Kyungsoo, I had to watch his first period drama. And, even though he didn't disappoint neither in his romantic scenes, nor in the action scenes, the story had some major plot holes that were never properly explained. The story, as it is, was interesting, as the main idea behind it was kind of original and well executed. However, the drama was kind of boring at some points. The performances, moreover, were really good from all the actors and actresses and the soundtrack was phenomenal. So, 7 out of 10."
3,백일의낭군님,"100 Days My Prince is a drama with grace and eloquence, much attributed to the flawless script. A lighthearted romcom, but it is mixed in with an ill-fated love story, and classic political scheming without becoming too heavy handed or overly complicated. The performances were amazing, Do Kyungsoo's indifferent expression and intense stare play wonder in portraying the emptiness of the lonely prince was heartbreaking. A very enjoyable drama with many plot twists."
4,백일의낭군님,"An entertaining series with lots of funny moments. The plot is a bit depressing at time & I don't know about the accuracy of the historical aspects, but parts seem a bit far-fetched, with elements of modern twists.A solid 8 out of 10 stars for entertainment factor of the series. The leads worked well together & are endearing, while the supporting cast were great. The costumes & sets looked good. 2 stars off for the sometimes drawn out political conversations & the silliness.It's not a very long series, taking around 16.5 hours to complete, which is a plus as the plot moves along with a good pace.Recommended for those who like period dramas & romantic comedies. An enjoyable show overall."
5,백일의낭군님,"This was a pretty decent series, better than some others. The plot was cliche but well-presented, the characters we've seen often before in similar series but were well-acted. I especially enjoyed the subtle and not-so-subtle comedy moments, as they were humorous and none of them over-the-top silly.It did get to the point that it seemed stretched-out, a 12-episode series done in 16 episodes. Around the final 3 episodes (which were quite lengthy) it seemed to lose some of the charm it had during the first 6 or 7 episodes.The ending (for me) was somewhat abrupt and unfulfilling. I wish they had gone with that around episode 15 and spent the last episode with ""what happened thereafter"", but that's just a personal observation.In total, I found it entertaining and many times heart-string-pulling throughout the series, so I have to give it a thumbs up overall. They might have done better with the final two episodes, but they also could have done much worse. Overall worth watching."
6,백일의낭군님,"Love the story so much. I enjoyed the whole episodes except the last one, because i think audience deserve a better ending."
7,백일의낭군님,"Two-thirds of this drama is charming, lovable, and often funny. When it is tragic, it is also touching. The cast is wonderful and worked hard. Many supporting actors are as good as the leads-often true in the best KDramas-and two 2nd ML held their own with DO. It was all good, and I had a great time. Then the writer seemed to lose her way or interest in the story. She wastes time with nonsense side plots, tedium, and silliness with the main characters, and the opportunity to close a great love story with the joy it deserved. Even the adorable leads seemed to lose their way and the chemistry they had in the rest of the drama. Then the writer simply hastily ended, but I didn't care because the story's energy was sucked out of it. I still enjoyed most of it, just disappointed in the flat closure."
8,백일의낭군님,"The costumes and settings are gorgeous, the soundtrack has some memorable tunes. The story has however some significant plot holes with some very naive dialogues. There are some touching moments but also some very cringey ones. The last few episodes are difficult to watch because they are convoluted and barely make sense anymore. The acting was alright, although quite exaggerated. The lead actor did well though and the episodes in the middle of the series were pleasant with some very cute moments between the love couple. Worth a watch!"
9,백일의낭군님,"9/10 is my rating. This is a 2018 historical romance with 16 (+2) 67-85 minute episodes. Alternate titles are 100 Days My Husband and The 100 Day Husband.As the nephew of the king, Lee Yul (Do Kyung-soo) is told to keep a low profile and not do anything, such as excel in learning, that would make the king feel threatened. So, instead of studying he spends his days playing and unintentionally bullies the other kids. When Yoon Yi-seo/Yeon Hong-shim (Nam Ji-Hyun) notices Yul's behavior, as a fellow noble, she scolds Yul for using his authority to make the other children do as he wishes. Yi-seo also teases Yul for his lack of knowledge. Yul has an immediate crush on the pretty and spunky Yi-seo and starts studying to impress her. Before the children can become closer friends, Yul's ambitious father participates in overthrowing the royal family and killing them and all their supporters, including Yi-seo's father who was a right hand man of the king. The intent was to kill the entire family but Yi-seo's brother helps her escape. is the King's nephew who enjoys spending his days playing instead of studying.10 years later Yul is a cold, distant crown Prince who is reluctantly married to Crown Princess, Kim So-hye (Han So-hee). The marriage was a condition of Vice-premier Kim Cha-eon (Jo Sung-ha) who carried out the overthrow of the former king which allowed Yul's father to ascend to the throne. There is a lot of pressure on Yul to consummate the marriage with the Crown Princess and the current claim is he must to end the drought. His response is all unmarried people in the kingdom should become married instead. The punishment for not following the royal decree is flogging. Before Hong-shim can be punished for resisting marriage, an assassination attempt leaves Yul with memory loss and he is saved by Hong-shim's adoptive father. To keep aging-shim from being flogged, her adoptive father hides Yul's identity and tells the two they are affianced. Will this pretend relationship become real love?*spoiler alert. I really liked the premise that he loses his memory and lives as a commoner. I like the backstory with the evil left chancellor and the fact that Hong-shim was also nobility that had to live as a peasant. I liked how his character develop from a cold noble to a person that wanted to be a contributor. I thought their relationship was really cute and believable and I loved her adopted father. The timing of when he discovered who he really was worked well. The only part that I found a bit disappointing was toward the end when Yi-seo was like we can't be together because of what my brother did. I did not think that was a good reason for them not to be together and I felt like she was more using it as an excuse because she was intimidated by the fact that he was the crown prince. To me it made it as if she dId not love him enough to overcome that which conflicted with the relationship they had as commoners in the village. I also thought he should've insisted they be together more and reassured her when she was stubbornly insisting they would not work because of past events. I wished Yi-seo's brother would have lived and fought with the prince to redeem himself. What he did was wrong but I did not feel there was any way he could've helped it. I was really happy that the king did not kill the crown princess. That was consistent with his character. The part where they finally got back together felt rushed after all they had overcome to be able to be together. I would've liked to have seen them together and maybe the wedding with the king there. Despite the small drawbacks it is overall a very entertaining and heartwarming story. I highly recommend it for romance, light humor, and historical components."
10,백일의낭군님,I did enjoy this series but the tone is uneven as if it cab't make up its mind what sort of show to be.Nam Ji-Hyun is really good as usual but Kyung-soo Do is simply unlikeable and impossible to warm too. There are some good subtle touches in the writing and direction and then great plot holes. Some of the acting is pretty bad (the King and Queen in particular) but someof the mono characters are really good.Personally I enjoyed the detail in the village scenes to he rather boring court intriges. The romance between the two main leads was never convincing and I was rooting for the other character to win her over.Worth watching but not a re watch
11,백일의낭군님,"Okay, first thing first i've never watch KDrama before. Never ever cross in my mind. But one day, i accidently watch the first episode of this drama on tv and then start to follow every single episode because of the story. Let's just say i am curious.
And it's definitely worth it after i finish all the episode, and lemme say that this is one of the best thing i've ever watch. But, to be honest i expect more from the last episode. Yep, the ending should be better."
12,백일의낭군님,"D.O. was perfectly cast as the Crown Prince with amnesia! His natural faraway gaze gave his character the lost look of someone struggling to remember who he is. He played his character stoically and credibly. I loved him in this series! I rated it a 9 only because there were a few ""holes"" in the story that were never filled or explained, but D.O.'s portrayal rates a 10!!!"
13,백일의낭군님,"This tv series is in my top 5 best shows! I love love loved it. I watched all 16 episodes in 2 days. I have to commend Lee Jong-Jae for his directing skills, he did an outstanding job. The cast was amazing, especially Jo Sung-ha, Kyung-soo Do and Nam Ji-Hyundai. I was sad to see it end; I guess I'll just have to see it again."
14,백일의낭군님,A crown Prince with amnesia ends up marrying his childhood sweetheart without either of them realising their links. An entertaining story of the power struggles in the palace and many amusing moments when he spends time as a commoner in a small village. Well acted and touching romance but with their pasts will it end happily ?
15,백일의낭군님,"I got hooked with K Drama just this year and this is one of my favorites so far. Actually I watched this because of Kim Seon-ho which I came to know from Start Up ;)I love the simplicity of this series, not so fancy props or music and the acting was not exaggerated. I found myself smiling more than I should because of the sweetness of the lead actors. The actors in the village were great as well. The last 20 mins of Ep 16 was so cute and funny. I just wished there was more to the ending. I found it still to be enjoyable."
16,백일의낭군님,I think there were so many promotional of this video just because he is a boy band member. The story was not that interesting compared to other historical plots that I have seen. The chemistry between the leads looked forced and uncomfortable. The acting was not that evocative. I give it 6 for the supporting characters and the cinematography:)
17,백일의낭군님,Realistic plot but the last part ruins every episode beneath such a very low-impact ending.
18,백일의낭군님,I enjoyed this series so much that I waited about a month and then rewatched it. Great characters and story that makes you laugh and cry and want to know these people.
19,백일의낭군님,"This is such a boring kdrama. the plot is just too slow, and very frustrating. such a waste of time to watch"
20,백일의낭군님,"I really love it.. It's a pure love with no complications!They're very poor but he just fell in love with her so he tried so hard to win her heart! With very simple things.. like he wanna help her in cooking, washing clothes, Making shoes out of straw.. it's a very beautiful love
it doesn't matter they money or anything else.. they just fell in love.."
21,백일의낭군님,"At first, the Title with it's poster doesn't interest me. Then while checking what's best to watch at Netflix, I come again with this title... Indeed it's a good show. I fell in love with their love story. Thou I wish to more episodes... Thanks."
22,백일의낭군님,"This is the best drama in 2018. Kyungsoo and Nam Jihyun chemistry is so good and i am amazed by how good kyungsoo as an actor , he's so talented. i become exo fans after watching this."
23,백일의낭군님,"Same story, same actress same events and same ending.But it does not mean this is worse. It is an upgrade to that story."
24,백일의낭군님,The drama started good and the lead couples had chemistry but episode 16 was completely ridiculous with no story whatsoever. so go ahead and watch the drama but stop after 10 min of episode 16.
25,백일의낭군님,"... yet another great K drama, but despite not attaining that standard it is still worth a watch.The comic potential of the plot yielded some good laughs in mid-series. Plus the manifold barriers to the central romance created some emotional impetus. But just as I was beginning to think this was another Korean gem the implausibilities began to mount. Of course, the best dramas propel the audience through plot contrivances, sometimes so that you don't even notice them.However, the final episodes add one huge implausibility too far, in an attempt to set the scene for a romantic crescendo at the end. But, for me at least, the impact was the opposite of that intended.Sorry to be so ambiguous here, but I don't want to give the plot away."
26,백일의낭군님,This show is great. I just wish one more episode to show the couples's wedding and the prince becomes the king. Have children and be loved by their people. The real happily ever after.
27,백일의낭군님,"Have you seen the adorable movie with Goldie Hawn and Kurt Russell named Overboard?At first it seemed 💯DMP was winking at that movie. Unfortunately, this Overboard gets shipwrecked in the Joseon era.💯DMP started strong: beautiful, opening shots, great concept, and fantastic acting. (Really! At times the king seemed Shakespearean, until the awful dialogue and plot caught up to him). It was set up to be such a cute, but at the same time, meaningful story. The sets, filming, and costumes are very good or better. There are truly delightful moments in the show. Tragically, watchers see the plot literally start with a drought, and then the rains come, only to discover in the end, that figuratively, the show that began by raining fantastic artistic elements down on its audience, subjects their viewers to a drought of artistry, when it's all said and done.The first tip-off is those cute but ill-placed bunny graphics at the end of every episode. Seriously... well, hmm... I suppose it's a comedy, then. But... Wait, it really seems like a drama that has some scattered amusing moments. On the other hand, if it's serious, why the easter cartoons? Like I wrote: Completely Ill-placed *and* Ill-paced.The next irritation is the dialogue. Was it the personal preference of the transcriber? How could they think that lines like these would be well received in a Joseon era piece?!?:
>He was hitting on her.>I've got the munchies.... >Etc, etc. Etcetera!< ...I was riding along with it, though, decidedly thinking in the first couple episodes: This is GOOD... Maybe an 8... Next - Umph. - gonna hold at 7..., & managed to hold there for a while. Around episode 12, the freefall began; 6... Uckitky, oh... at the last, episodes 14 - 16 brought me to the final answer. It sincerely saddens the 💙.Feeling as though the writers were struggling to come up with ongoing plot points to keep the show running, 💯DMP ended up feeling like a soap opera. The various trails our protagonists lumber down are lined with weeds that reek of filler; There's more than a whiff of: ""We don't have enough ""good stuff"" to fill 16 episodes, so let's toss a bunch of rotten carp in. They'll likely digest it in silence, the lowborns"".My Sassy Girl (yes, ?able title, excellent show) is on Netflix. What MSG does, 💯DMP fell just short of accomplishing: MSG is an engaging, fun Joseon era love story that is lighthearted at times, but at others is serious. With better court intrigues, it has a better storyline, better directing, better... everything (imho). Also, while MSG is currently rated a ""7"" on IMDB, less than 600 viewers have weighed in, so the rating hasn't rounded out yet. 💯DMP is a sham prince among the truly great Kdramas. There are so many that you won't need to circle back to this one. Not for a million days.IMHO...
🎬5 🎭7 🤔5 ⚡8 💓5 🦋5
Suggested Age 14& up.I also did a spoiler review."
28,백일의낭군님,"Have you seen the adorable movie with Goldie Hawn and Kurt Russell named Overboard?At first it seemed 💯DMP was winking at that movie. Unfortunately, this Overboard gets shipwrecked in the Joseon era.💯DMP started strong: beautiful, opening shots, great concept, and fantastic acting. (Really! At times the king seemed Shakespearean, until the awful dialogue and plot caught up to him). It was set up to be such a cute, but at the same time, meaningful story. The sets, filming, and costumes are very good or better. There are truly delightful moments in the show. Tragically, watchers see the plot literally start with a drought, and then the rains come, only to discover in the end, that figuratively, the show that began by raining fantastic artistic elements down on its audience, subjects their viewers to a drought of artistry, when it's all said and done.The first tip-off is those cute but ill-placed bunny graphics at the end of every episode. Seriously... well, hmm... I suppose it's a comedy, then. But... Wait, it really seems like a drama that has some scattered amusing moments. On the other hand, if it's serious, why the easter cartoons? Like I wrote: Completely Ill-placed *and* Ill-paced.The next irritation is the dialogue. Was it the personal preference of the transcriber? How could they think that lines like these would be well received in a Joseon era piece?!?:
>He was hitting on her.>I've got the munchies.... >Etc, etc. Etcetera!< ...I was riding along with it, though, decidedly thinking in the first couple episodes: This is GOOD... Maybe an 8... Next - Umph. - gonna hold at 7..., & managed to hold there for a while. Around episode 12, the freefall began; 6... Uckitky, oh... at the last, episodes 14 - 16 brought me to the final answer. It sincerely saddens the 💙.Feeling as though the writers were struggling to come up with ongoing plot points to keep the show running, 💯DMP ended up feeling like a soap opera. The various trails our protagonists lumber down are lined with weeds that reek of filler; There's more than a whiff of: ""We don't have enough ""good stuff"" to fill 16 episodes, so let's toss a bunch of rotten carp in. They'll likely digest it in silence, the lowborns"".Following are some of the script writer & directer's most treasonous moments:>They have the past middle age Vice Premier (VP), utterly and closely surrounded (spitting distance, actually) by ninjas in the woods, yet he somehow kills them all and survives? It's Tarantinoesque.>That the VP would bring the CP (crown prince) back to the capital, after the long search to find him is over, is silly and dangerous. Right now, the CP has amnesia. Once back at the capital, safer and sounder, and where everybody knows him, he might recover his memories. Why take a chance? It makes more sense to allow Prince Seowan to become the CP and later kill /him/ off before he produces an heir. It's also a more secure plan to kill off the real CP. If not, send him far, far away, meybe? NOPE. No can do. Eventually, someone will come to claim the throne; either him, his son, or grandson. Castrating him ensures he'll be the one to return poste-haste. The only thing that makes a modicum of sense is for them to kill off the CP, once they. Find him. Therefore, the plot never. Should have allowed them to find him. Close associates, sure, but not him.>Yi-Seo going to rescue her brother w/o consulting the CP, or even Jae Yoon, is nonsense. Then she does it AGAIN by sneaking into the VP's house!{Irritation meter is in the yellow, by this time.}>How could the CP allow the princess and Mu-yeon run off w/o giving them a better chance? No supplies. No horses. No weapons, escorts, or any type of protection. How could he not have give them a horse or two? Can I get a wagon? With supplies, pretty please? Aren't you aghast? She's a pregnant woman! Did I miss it? Did he actually want them dead?>Then the VP renders the CP altogether impotent with the war? If CP knew Yi-Seo wasn't actually abducted, why did he release the VP an the first place?>Then, these two brilliant thinkers have a show down. The summary follows.*""Come to the fortress. Alone.""
*'Hey, I'm here!'
*'HA!, you and your assassins won't kill me! Fool me twice... This time, I brought ARCHERS!'*'Wait. Forget that..Let's just sword fight it out!'*'THEN, I'll turn my back to you so they HAVE to shoot you full of arrows.'*'You see, I no longer care, as I did a scant couple of hours ago, about keeping you alive to face years of loss and shame.'{?? This is the most clever thing they can come up with??}>Then, we are supposed to believe that the queen, with whom the VP conspired set up as the queen, is actually in a love match with the king?>The most awful thing of all, is when Yi-Seo refuses to marry the CP. Did she just turn him down due to MSS? - The most dreaded Mandatory Separation Syndrome?? Most of the time, this nearly ubiquitous Kdrama vignette is a near disaster. MSS rarely augments, or even dovetails with, the story. One day I hope to be educated on the subject, because there's something I'm missing entirely.>Finally, the way they finally end up together is just anti-climatic and, well, terribly boring.My Sassy Girl (yes, ?able title, excellent show) is on Netflix. What MSG does, 💯DMP fell just short of accomplishing: MSG is an engaging, fun Joseon era love story that is lighthearted at times, but at others is serious. With better court intrigues, it has a better storyline, better directing, better... everything (imho). Also, while MSG is currently rated a ""7"" on IMDB, less than 600 viewers have weighed in, so the rating hasn't rounded out yet. 💯DMP is a sham prince among the truly great Kdramas. There are so many that you won't need to circle back to this one. Not for a million days.IMHO...
🎬5 🎭7 🤔5 ⚡8 💓5 🦋5
Suggested Age 14& up.I also did a spoiler review."
29,백일의낭군님,"This is the first drama I watch in the Joseon time. It'd actually quite good despite the everyday events of continuous betrayal from one side and the other. The betrayal stabbing & lies are detestable! Can't fathom the thought that people can be so evil!This drama is not only about love or forbidden love but also friendship. If you like Joseon time, this is to watch. Beautiful leading leads & fantastic supporting casts!"
30,백일의낭군님,"I must say this is my first period drama Korean series, and it did not disappoint! Even though I had to read continuously because there was no English dubbing, only subtitles, I wouldn't have it any other way. I need to watch and hear this show in their language.I fell in love with the Prince, I must say, and I'm probably twice or more his age! He had me from the get go. I liked him when he first had his memory, loved him when he had lost it and when it returned.The acting on both his part and I-seo were wonderful, and all the actors too were superb. I have some favorites. I liked Gul-do I think he is, and even Lord Park made me laugh so much times. I loved I-seo's father. He was such a simple yet smart man.I hated the First Vice Premier, and couldn't wait to see his die. But he is a good actor too. People have been talking about Bridgerton, I am one of those. I love Bridgerton. But I can tell you that I put this show up there right with it. I couldn't get enough of this. As soon as I finished the 16th episode, I went right back to episode 1, just like I did with Bridgerton, and I'm now on ep 3 of 100 days again. I'm also watching The King's Affection.These producers and writers are very good. Only Korean shows are popping up now on my Netflix feed, and I can't wait to watch more. Give this show a try and you will definitely become addicted. The love scenes were so pure and sweet, and that's what I also love about these. They're enjoyable, they have action fighting, drama, and love, and makes for a beautiful yet ""clean"" and pure story. I do love my prince. Watch it people and enjoy."
31,백일의낭군님,"I absolutely binge watched this one with no regrets, D. O is my favourite member of Exo and Ji Hyun has long been one of my favourite leads.I felt the plot unfolded really well, it kept me engaged throughout and all of the twists and turns only added to the drama.Their story together was really enjoyable and this is coming from someone who really doesn't usually watch the period kdramas.I would recommend this one to anyone who likes a slow burner, isn't too bothered with historic accuracy and doesn't mind a moody male lead."
32,백일의낭군님,"I was - once again - hooked on this series from the first 15 minutes of Episode 1. This is what generally happens to the many fabulous K dramas I have seen to date. The actors, particularly Nam Ji-Hyun (Hong Shim) and Hae-Kyun Jung (her adopted father) were fantastic! The comedic scenes were played a bit over-the-top, but overall, the actors were sincere in their acting. They made you laugh and cry with ease! The bad guy was BAD; the supporting actors were very good overall.I was really annoyed at the stoic characterization of lead actor Kyung Soo-Do. He seemed a bit young in looks and stature next to Nam Jai-Hyun. I wasn't convinced about their love BECAUSE of it. I wished for another leading man, the likes of co-star Jae-young Kim, who played Moo Yeon, Hong Shim's brother. Tall. Handsome. Hey, it's fantasy, after all!The plot and ideas were great throughout. It kept me going all the way to the end. And then, bam! My heart just fell with a thud! I was looking for a truly BAD end to the murderous Kim! He died too quickly. I was awaiting an actual GRAND wedding inviting the villagers to witness it. All the characters and their stories just fell flat! Including the main lovers. WHAT HAPPENED? Why, oh why does this happen quite frequently to many Kdramas? Are they just more concerned about stretching stories to 16 episodes and eventually run out of ideas? So disappointing.Of course, I'm on to my next drama series. I can't get enough of them!"
33,백일의낭군님,I enjoyed watching it because of the casts. Everyone did a wonderful job. I love the explosive gaze of Doh Kyungsoo. He surely is an A List Actor.
34,백일의낭군님,I love this drama n epic part is its humour. The romance between leads is awesome. Nam Jihyun has performed great plus d.o from exo has done a good acting 👍👍👍👍
35,백일의낭군님,"Watched the show because it got high tv rating. turned out, it just because of the cast/casts.the Prince was so spoiled, unnecessarily cruel, no character development whatsoever until the end of the show. the plot got really boring in the middle, then only picking up in 2 episodes only, and then fall down again during the last episode, after the villain got defeated (tbh the whole episode 16 can be scraped. the happily ever after can be put into episode 15). dont forget those unrealistic, cringy, unnecessary scenes that didnt make any sense, only there to make fangirls blushthe lead actor lacking a lot, maybe because of the lack of experience in staring a 16-episode drama as a lead character. didnt get me to cry in the supposedly saddest scene in the drama (because lbr kdramas ARE created to make people cry)"
36,백일의낭군님,"The sets used in this show were unlike anything I've seen before from any television and embody a world I would never want to leave.There are some obvious flaws such as the location of Hong Shim's house being placed secluded from the town for a shot when in multiple scenes we were shown her house belonging in a regular town. Besides the one fatal flaw, there's were a some essentially pointless scenes of the characters in the freshwaters, and I supposed they were heading for Won Deuk to find his friend's corpse and regain his memories, but they ended up taking the more slow and exhausting route to regaining his memories.The characters feel very contemporary, which I did not mind as it helps to reaffirm that humans will always, approximately be the same. Such as the friend group complaining amongst themselves about the new appointed general, the good-for-nothing son of the power hungry Vice-Premier, it was all relatable and somehow, underemployed in every other historical drama.I also feel that Hong Shim's character was completely wasted. In the past, she is shown to be this well-educated, physically and mentally strong girl which is a complete disconnect from the childish person we are given in the future. Her martial arts is only mentioned here and there, and you almost forget that she used to be better than the Crown Prince at it.The actors had no chemistry, but D. O. made it work. Thank goodness.The 8 is purely for the gorgeous set.TL;DR: Watch it if you're a D. O. fan. Watch it if you're a historical drama fan. Watch it if you like gorgeous locations and soundtracks."
37,백일의낭군님,"Finished this within a week mainly because I wanna watch Kim Seon Ho here 🤣But all in all it is a decent drama tho there are many more nicer ancient dramas (Empress Ki the best). Took quite a while for the two leads to grow on me, I find D. O's expressions/acting quite mundane or maybe Crowne Prince are usually like that.Han So Hee really rocked the Queen role tho, proud of how far she has come, now she's the main lead in many projects."
38,백일의낭군님,I Love this drama a lot..bcs at first i don't think d.o can play a rom-com drama but i already change my mind when i watched the second eps. i think he is very good actor..i love the way he being lee yool its like he being himself😂 pLs support this drama with a lot of love. And also pls support our kpop band EXO with a lot of love 😘🎉
39,백일의낭군님,I'm really not into historical dramas because I've seen a few before and they're really not my type that I barely finished watching them. That's why when I heard of this drama I thought it was overrated until I gave it a try. It's a romcom and it was really fun that I did not even go to work just to finish all the episodes. There's no boring part for me. The casts are good especially the main characters.
40,백일의낭군님," Gorgeous in Every Way but Lacking in Certain Crucial Areas
"
41,백일의낭군님," Korean Love Story when there were kings
"
42,백일의낭군님," Good Enough
"
43,백일의낭군님," a very powerful and mystical love story
"
44,백일의낭군님," Enjoyable
"
45,백일의낭군님," Fairly good
"
46,백일의낭군님," My First KDrama
"
47,백일의낭군님," Nose dive
"
48,백일의낭군님," There are some good moments
"
49,백일의낭군님," A little like Cinderella but with a whole lot more intrigue and depth
"
50,백일의낭군님," Uneven but enjoyable
"
51,백일의낭군님," My First KDrama
"
52,백일의낭군님," D.O. Need I say more?!
"
53,백일의낭군님," Great Show!
"
54,백일의낭군님," Am I the only one uncomfortable ?
"
55,백일의낭군님," Sweet and charming
"
56,백일의낭군님," Highly publicized
"
57,백일의낭군님," Almost 10
"
58,백일의낭군님," Beautiful love story and great casting!
"
59,백일의낭군님," waste of time
"
60,백일의낭군님," I love it, worth watching
"
61,백일의낭군님," Worth watching
"
62,백일의낭군님," SO GOOD
"
63,백일의낭군님," Remake of Shopping King Louis
"
64,백일의낭군님," Worst ending of kdrama i have ever seen
"
65,백일의낭군님," Almost ....
"
66,백일의낭군님," Great storytelling and acting
"
67,백일의낭군님," Falls a level below It's Predecessor My Sassy Girl 🐰 Your Time Is Better Spent Elsewhere. °AVG° °5.5°
"
68,백일의낭군님," Suffers A Drought In The 2nd Half 🐰 Your Time Is Better Spent Elsewhere. °AVG° °5.5°
"
69,백일의낭군님," Surprisingly good!
"
70,백일의낭군님," Most enjoyable
"
71,백일의낭군님," Liked Everything About It
"
72,백일의낭군님," What happened?
"
73,백일의낭군님," 100DMP
"
74,백일의낭군님," Amazing Rom Com Drama
"
75,백일의낭군님," ehh...
"
76,백일의낭군님," D.O. Saves the Day?
"
77,백일의낭군님," Decent drama
"
78,백일의낭군님," I love this drama
"
79,백일의낭군님," Worth it
"
