,title,review
0,보쌈,"I really like the story 😍😊👍 Two thumbs up for Jung Il Woo and Kwon Yuri 👍👍 The plot is unpredictable and the story gets better as weeks pass by.. I hope this drama has a happy ending for Princess Hwa In, Kim Dae Seok and Lee Dae Yeop 🙏🙏"
1,보쌈,Unique plot with Great love story.Loved it to the end.
2,보쌈,"It started out really well and the acting was good. I watched it because of Jung il Woo. I personally favored the little kid, who played his son, his acting ability. He's got a lot of potential star power. Can't wait to see what he's in next. The script was good but from the middle to the end it was dragged out. It created a lot of frustration and I wanted it to wrap up quickly. So much back and forth and the finale was so dull and sudden. There was also no romance. At least not in the traditional sense. It was little to no physical contact beyond a hug between the two main characters. This left me quite disappointed. But hey, it's based on my personal expectations. Overall I gave it a 7 instead of the predicted 9 I was hoping to give."
3,보쌈," I feel so excited every Saturdays and Sundays because of this drama 😍👍😊
"
4,보쌈," Loved it to the end.
"
5,보쌈," Great beginning, slow to end.
"
