,title,review
0,보좌관,This is a must watch show on Netflix. The leads are great as politicians and the show is fast paced.
1,보좌관,"Lee Jung Jae plays a chief of staff trying to change a corrupt system with the help of the beautiful Shin Min Ah, an assemblywoman of the opposing party. In this well acted drama he is faced with the dilemma that to change the system he has to stoop as low as the people he despises. Well paced with a story that holds the attention and an excellent supporting cast."
2,보좌관,A series that you can't seem to stop watching. Always have the urge to know who outwits the other.
3,보좌관,It can be impossible to follow a complex plot in a foreign language with unrecognisable names. But persevere into episode 3 and the political shenanigans start to become clearer. If you stick with it you will be rewarded.Many of the strengths of Korean drama are on display here: deft plotting with twists and turns galore; superb acting by all involved; and high production values.The moral conundrum at the heart of the story serves to raise this a notch higher in my estimation. Highly recommended.
4,보좌관,One of the best political thrillers I had watched in recent times it keeps you guessing wat happens next till very endHope they will return with season 3
5,보좌관,"Some people says that political series are bore.This one, as Borgen, can be a perfect introduction."
6,보좌관,The show was suspenseful and dramatic just fine. I would only give it a medium rating because watching this old man playing the M. O. J eat in like every other scene was distracting and DISGUSTING. Who's idea was that and please fire them forever. Yuck. Totally took away from potentially powerful scenes. So i guess I'd just say great writing (other than that the genius main character would just leave game changing evidence in his desk drawer. Not believable even for an idiot.) Great cast. Bad directing. Ew made me sick watching him eat.
7,보좌관,"I love K dramas AND political themes! CHIEF OF STAFF proved to be another excellently paced thriller starring some powerful actors and convincing co-stars. Lee Jung-Jae was truly impressive as the stoic COS Jang Tae-Jun, who worked for Assemblyman Song, played by veteran character-actor Kim Kap-su. Kap-su made me grimace at his eating habits , but I loved that he introduced so many different Korean dishes in his many scenes. Actress Shin Min-a played Tae-Jun's love interest and Assemblywoman Kang. I found their together-scenes sweet but completely devoid of affection, with the exception of a hug or holding of hands. I was hoping for a brief kiss, at least. The supporting characters around these main threesome were terrific overall. It was a bit tiring watching all of them scurrying around in the COS offices.The plot was a bit predictable, but, kept me completely immersed, especially when reading subtitles . The scenes were full of details and worth rewinding so as not to miss anything. As always, there were tears shed during the final episodes. Season 1 was as strong as Season 2 and it was so good to see more veteran actors joining the cast. Another wonderful Korean series that's a must-watch!!"
8,보좌관,"The first few episodes start out decently with just enough premise building, character introduction and a tad of intense battle of power. The writer seems to always pick the easy way out to every issue, though. Jang Tae Un faces an opponent, and so his witty move would be digging up dirt of that politician that somehow nobody else has found out before. Then Jang has the upper hand and wins whatever event of the episode. This same solution repeats throughout the series, and in one of the later episodes, Jang even has dirt against a dozen of them and take their support away from the Minister. Simply ridiculous."
9,보좌관," Great political thriller!
"
10,보좌관," Power corrupts
"
11,보좌관," Addictive
"
12,보좌관," Excellent Political Thriller
"
13,보좌관," Must watch
"
14,보좌관," Another perfect Korean serie
"
15,보좌관," It's good... Real good except...
"
16,보좌관," Political series at its best!
"
17,보좌관," A decent but over-simplistic political drama
"
