,title,review
0,부부의세계,"This is.. well amazing drama, the plot is twisted(you never see it coming) every episode is giving you a shock therapy."
1,부부의세계,Oh my god .. absolutely great story telling..each episode keeps u interesting must watch drama highly recommend to anyone first epiosde itself is great start of drama
2,부부의세계,"This series absolutely blew me away, not to be compared with the usual Kdrama series. Initially i wasn't sure about the series specially in the first 2 episodes .. oh drear i wasn't ready for the amount of twists unleashed later... Definitely worth watching."
3,부부의세계,"A little makjang after episode 10, still a good drama nevertheless.Downsides: Character development is not consistent. A little draggy after episode 10 with a lot of unnecessary plots.Great acting from the main leads."
4,부부의세계,"Having watched so many TV dramas for decades, this is a real gem. Don't listen to the haters. Amazing production (notice the details of everything, even the home appliances exude luxury), the story (though its a remake of BBC's Dr Foster, but which remake is better than the original? This), and most importantly, the Mind Blowing acting especially from Kim Hae Ee. It's not your average Kdrama. It's an emotional roller-coaster, keeping you at the edge of your seats through all episodes, it's the best. Hell of a ride that you will never regret!"
5,부부의세계,"I just finished it and I've got to say: I just read a review saying that it's too stressful to watch cause the characters are so hateful and let me tell you: YES, THEY ARE. AND THAT is what I absolutely LOVED about it. Never have I ever hated characters so much in a Drama before and wanted justice so bad. The main lead is a strong woman/female lead which you just want to go off. And that is what I absolutely got. We followed her through her ups and downs and got to feel her emotions, reactions developments and even failures in the most realistic way. Even the side characters stories were delivered so well. Since episode one I was immediately hooked through each and every episode. Another thing I loved is that in my opinion it also greatly did not follow the usual K-Drama-Route with certain events. I just can recommend anyone to watch it and of course, judge for themselves."
6,부부의세계,This series is not like your typical Kdrama series! The plot is unique and will leave you intrigued as to what will happen next. Actress & actors are amazing! The series will make you think about class & gender issues as well as marriage of course.
7,부부의세계,""" The world of the married "" handled adult themes that other dramas shy off, usually.The drama's appeal to the public is probably due to the intense scenes and the frustrating situations that it presented. The story is packed with twists, revenge, drama and just enough events to make you mad and frustrated, and it keeps that momentum up till the very ending. The latter was actually pretty unpredictable and probably fitted the drama well.However, there were times in the drama that felt that they were repeated. Also, the whole frustration thing was a bit too much after a while. Finally, the drama had a bit of a slow down towards episode 6, but got back on track quickly.Still, the performances were excellent and pretty intense. The drama did, in addition, a good job with handling the side stories.So, overall, seven out of ten."
8,부부의세계,"This drama had the added benefit of being condensed into one season It made the show way more intense extremely dramatic and left you constantly wondering what's next, this is a remake of the UK show Doctor Foster it is quite remarkable as it is pretty much the same but with added glitz and glamour of the houses, the outfits and lifestyles. I would have given this a ten because I was glued to the screen as I binged it on Netflix but the son was one of the worst characters I have ever had the displeasure of watching on screen, I felt it was extremely hard to feel sorry for him at any moment the show is mostly based around him but at some point I was just hoping that someone would you know kidnap him LOL."
9,부부의세계,"I started watching this drama with my high expectations but It disappointed me badly. I'm surprised how it is considered Korea's No.1 drama. I feel sick after watching this. I really don't understand the ending. What was the director wanted to convey only he knows?The doctor Sul is taking revenge on tae, this is understandable but why she saved him from murder case or why she runs for him at the end? Why her son left her? This remains unanswered."
10,부부의세계,"Life is complicated and we all know and feel this most of the time... Surprisingly, this K-drama delivers a very compelling and realistic glance at those intricate relationships and charged moments one married faces, while gets involved into an extra-marital relationship.
Acting, sound, cinematography and emotional involvement - worth it!"
11,부부의세계,"Gripping and all too close to reality. The script, the performance, everything about this show blew me away."
12,부부의세계,"I like this movie for story and han so hee is so sexy.
And hope han so hee can play new drama as well as this movie"
13,부부의세계,The ratings are so high for a reason. This is a superbly entertaining drama. Every episode is exciting. Many series falter towards the latter third but World of the Married doesn't let up of a minute. But it isn't just dramatic for the sake of being dramatic. It keeps within plausibility. There are a lot of truths about divorce and the stigma divorced women face. The hypocrisy of society is laid bare. How different people deal with infidelity is another issue tackled head on. The most heart breaking aspect is the effect of battling parents on the child.The cast is well chosen and act very well. Kim Hee Ae maintains sympathy throughout even when she is acting wrongly out of emotion. Not an easy task. But it's her costars that really shine. The villains are some of the best in the history of K drama. Park Hae Joon as the philandering husband is superb. His lack of remorse and selfishness are unflinchingly portrayed. Han So Hee plays the vixen mistress everyone loves to hate. She actually acts very well especially when she is getting her just desserts. Her sadness and anxiety are convincing. CLOY fans will be thrilled to see the Rat Kim Yeong Min in a lothario role. Quite delightful. Special mention of the young actor who plays the adorable son caught in the cross fire. Jeon Jin Seo has a major part for such a young actor. And the success of many a dramatic scene rests on his effective but not overdone performance. The double faced friend is unique too.The soundtrack is like a religious chant and effective if a bit overused.Not only is this one of the most entertaining drama series ever made. it is a good warning about the dangers of infidelity and adultery.
14,부부의세계,"Didn't expect to like this movie at first but i was blown away! Great plot! Actors/actresses portrayed the characters really well, their emotions felt so real."
15,부부의세계,"This movie let me say wow and promptly write a review. All the story, plot and twist are cliff-hanger and unpredictable. Time flies fast when watching this movie because every scene is so tensional and breathing at the end of the drama ."
16,부부의세계,"First, not to act as a bad guy in the family and press your child to study. One day when you divorce he may not opt to live with you.
Second, to monitor from time to time not to let anyone mortgage your house and insurance for loan.
Third, love yourself before your family.
Fourth, forgiveness is always the best strategy. It is reseached that the one who is at fault always underestimate the influence of their act to the sufferer. When the sufferer revenge, the one at fault will always think that the revenge is too extreme. So the one at fault will counter revenge on the sufferer. The sufferer will be hurt once again."
17,부부의세계,"In 2021, our demands for better drama and movie had gone up because we had advanced so much and we can no longer stick to the old ways.
This drama was high viewing because no other better drama on tv at the same time.
This is just a slight above average drama quality compared to Koreans. It did not really have that excitement and tense we need. The story, actings,... all are just slight above normal drama, nothing special.
The episode 10 was totally nonsense, no logic, bad story, bad directorship, all down to drain quality. On episode 15 half was also a disaster but better than Ep10. Overall, it only deserves a middle ground average standard. The year 2020 and 2021 are bad lousy years to watch Korean dramas because their standards had slided downwards like what HK did, quantity became more important than quality.
This is just a past time drama, nothing much to appreciate."
18,부부의세계,"Undoubtedly the most enjoyable kdrama I have watched till date and I've watched a lot. The lead actress was absolutely fab and so was the entire cast. I didnt know what was going to happen from one episode to the next and the satisfaction of the wife taking revenge is beyond words. This drama kept me sane during the hardest part of the covid19 pandemic so I'm really grateful to the cast...definitely recommend this...youll be glued, I promise."
19,부부의세계,It made my circuit breaker very emotional. I want more!!!!
20,부부의세계,"People reviewing and giving 10 stars without finish the full season/ending is truly too reckless. Like another reviewer, this is also my first time watching kdrama, as most of them (including this) i find them quite slow-paced and bore me out. This, however, has a relatively more interesting plot that intrigues my attention. i watched the UK version to see how much they have chosen to stick to the originial or has adapted.
Although both of them start strong and end badly, i must say at first i do prefer the korean version more but i prefer the uk ending. The ending in this version simply feels incomplete and leaves the watchers hanging feeling nonsense and absurdity. As.well i do prefer the chemistry of the couple in the uk version more since there is complexity, a mixture of madness and passion between the uk couple."
21,부부의세계,"Since it's only an adaptation, i find it boring. I still prefer Doctor Foster. It didn't exceed my expectations. I prefer dramas which has an unpredictable plot. This drama is just a waste of time. I don't recommend this drama to anyone. There's still out there that has a better plot than this."
22,부부의세계,"I learnt alot about marriage, love and emotions in this series. We cant control our feeling but We can control how we act on it.Love can make you do foolish things but Your actions would determine whether u can control it or not.Being married is not easy. I cant wait to be married."
23,부부의세계,Sociopath ex husband and woman with the worst communication skills ever. She is surrounded by nasty backstabbers including her so called friend. Depressing that neither parent puts the child first. I keep watching to see if it gets better.Edit- I bumped it up a notch to 8. This drama does depict a lot of the bad stuff that couples go through. It did not make me cry at all because none of the characters were very sympathetic. Really the main characters are all pretty screwed up. The ending was better than expected.
24,부부의세계,It's actually not your typical kdrama. I really loved the storyline. Actings of the cast was Superb. Literally this drama shook me in every episodes. Absolutely amazing. Highly recommend💖
25,부부의세계,This is an Overeated one that reviewers gave it more than it already deserves
26,부부의세계,Best infidelity drama (asian) i ever watched. Simply the best!
27,부부의세계,"Make the audience carried away and make curious
the players live their roles"
28,부부의세계,"I really don't get the high ratings, maybe people who love kdrama are just blind to logic. Each episode drags on for too long with a whole lot of unnecessary scenes, the actors are unlikeable. I can't believe y'all watched this to the end, must be boredom."
29,부부의세계,All the characters are so hateful. its really a stressful drama
30,부부의세계,"Watched this after the series fully completed.i can say story about affair is almost everywhere. nothing special in my view, may twisted storyline from before as a mistress then became official wife a bit unpredictable.What i don't like when the story line took a main cast (the doctor) became so cheap by slept with hubby's best friend then afterwards seems nothing between them.moreover making love with ex husband its something lil bit annoying while the story was strongly tells there's big war between them.Overall for those who loves opera soap this kdrama one of the option for killing time"
31,부부의세계,"""The World of the Married"" swaps the typical mistress-revenge storyline for a story full of flawed characters, twists, thrills, appropriate amount of violence and a somewhat realistic approach to a broken marriage. Though the ending will underwhelm some, mainly due to the pros I mentioned, for me it was a nice change compared to the rest of the series."
32,부부의세계,I was sick of Jeon Jin Seo .. soo childish selfish and annoying .. just like his evil mother
33,부부의세계,"Disappointing given it's at the top of the ""highest rating ever list"". I'm beginning to suspect that the high nation rating could be attributed to the fact that people were in lockdown and had nothing else to do but tune into TV dramas.
Some episodes were riveting and but overall there wasn't enough guts to it on the whole. Goes back and forth a lot on the same issue with the same couple, therefore lingered and got stagnant. I had high expectations for the ending but it didn't deliver, I feel like I'm still waiting for an ending.
There are other korean dramas out there that are soooo much better like 'Mr Sunshine', 'Guardian/Goblin: Lonely & Great God', 'The King Eternal Monarch', 'Descendants of the Sun'- just to name a few."
34,부부의세계,I would recommend to watching it. Realistically speaking now adays happening.
35,부부의세계,"Realistic, I appreciate the writer, who meticulously managed the senstivity of relations"
36,부부의세계,This is the best kdrama i ever seen. Talented actors and a good storyline.
37,부부의세계,"Well., first half is absolutely brilliant but the second half is totally lost. It's a big mess and ruin all this legendary direction and story line. What's a pity. It could be one of my all time favorite but now.... No!"
38,부부의세계,Excellent storyline and actors portraying revenge and fatal attraction .Well done.Hope there will be a season 2 soon
39,부부의세계,"Its a fully copie of indian webseries ""out of love""...
If uh don t believe me watch both by urselves"
40,부부의세계,"Boring and overrated. It is really just about a husband, a wife and a mistress. People acting crazy and just keeping secrets. Thats it."
41,부부의세계,"I watched both versions and preferred the Korean one (though I loved Simon and Kate's house more). The World of the Married tones down the sex and amps up the Greek chorus element (the Gosan women's association). The Korean version does a better job of creating an oppressive environment of stifling conformity and pettiness within the hospital and the city's elite that better explains (but does not justify) the couple's actions.In Doctor Foster, it is all Suranne Jones all the time. Don't get me wrong - she's an amazing actor. Kim Hee Ae is a different kind of actor, more understated, so her actions come off as more shocking. The son and the other side characters (yes, the children are secondary to the twisted couple), are also fleshed out better. I understood the neighbors better, and their relationship trajectory was quietly devastating. There's an additional plotline involving a younger couple ensnared by the main couple to carrying out their revenge. Melodramatic and heartbreaking on its own. There's more of an emotional investment overall with the Korean version.K dramas are known for how much their original soundtracks (OSTs) add to the storytelling. The World of the Married is no exception. I can still hear the violins in the minor key. Also, the fashions are yummier."
42,부부의세계," Never like korean drama before I watched this.
"
43,부부의세계," Title of drama suits to drama itself
"
44,부부의세계," Absolutely blew me away
"
45,부부의세계," Fairly realistic
"
46,부부의세계," KDrama at its best to date!
"
47,부부의세계," Definently an absolutely great Drama
"
48,부부의세계," Not your standard Kdrama- Loved this!
"
49,부부의세계," Good Enough
"
50,부부의세계," Great remake!
"
51,부부의세계," Don't let yourself influence by It's ratting
"
52,부부의세계," Brilliant!!!
"
53,부부의세계," First Korean drama I've seen and it didn't disappoint.
"
54,부부의세계," Han so Hee
"
55,부부의세계," The most thrilling drama about divorce and adultery
"
56,부부의세계," WOW
"
57,부부의세계," First Time
"
58,부부의세계," Textbook for married women
"
59,부부의세계," Can be better but director made it worse in some episodes.
"
60,부부의세계," Absolutely brilliant and addictive kdrama !
"
61,부부의세계," It made my circuit breaker bright full
"
62,부부의세계," same as uk version- strong start, weak ending.
"
63,부부의세계," Typical husband/wife/mistress Drama
"
64,부부의세계," When is season 2 starting?
"
65,부부의세계," Toxic Divorce
"
66,부부의세계," Outstanding 💥
"
67,부부의세계," P.b is the best
"
68,부부의세계," Intense!!
"
69,부부의세계," very nice
"
70,부부의세계," What is this?
"
71,부부의세계," One of the most overrated k-drama ever
"
72,부부의세계," not bad
"
73,부부의세계," DRAMA AND THRILLS
"
74,부부의세계," Nice one
"
75,부부의세계," Disappointing- It was good but it wasn't THAT good
"
76,부부의세계," Worth watching
"
77,부부의세계," Nice
"
78,부부의세계," Best!
"
79,부부의세계," From brilliance becomes boring.........
"
80,부부의세계," Love the love triangle
"
81,부부의세계," Copy
"
82,부부의세계," Drags on
"
83,부부의세계," Gripping even as it veers into absurdity
"
