,title,review
0,뷰티인사이드,"Delicately heartwarming romance with a slice of life feel to it that easily lures us with its simplicity and freshness. A good understanding of characters, beautiful cinematography and smooth narration.
However, certain aspects of the story were left gaping open, instead of neatly closed. Overall I enjoyed the drama, the love for Korean dramas never decreases, they only keep increasing."
1,뷰티인사이드,"Love the unusual theme, really refreshing. Love the main actress and actor, great acting and chemistry. Cute and sweet love story. I can't stop watching. No wonder it was a hit."
2,뷰티인사이드,This show is one of my favorites 😍💕 and the main lead is awesome!
3,뷰티인사이드,"The idea was intriguing and the first half was pretty decent, however it completely lost me during the second half. Furthermore, there are so so many awesome Korean dramas to watch out there that this one felt like a waste of my time. Not worth the hours in my opinion."
4,뷰티인사이드,"The male lead acting is horrible; flat whatsoever. I can't stand to watch him .
The movie version is way better than this.
They have the same concept but it's just doesn't work well with the plot.
It could be better."
5,뷰티인사이드,"The show was good for the most part. I like the start of the story more then how it wrapped up. It wasn't boring at all. But it still a great show. I felt happy, mad, sad. I was also a little disappointed on how the story ended.The romance was good. I liked how the girl in the story would transform into another gender, age, look and so on once a month that was cool. I liked seeing who she would become next becuse I never knew who it would be. This was cool that she was famous. The actor that played her love had great chemistry with the actress. There outfits, hair and makeup of all the actor and actress was good. The drama that was in the story was good for the most part. I think that the second couple was less believable that they were really in love with each other to be honest. They could have done better on the second couple. But over all the character were well developed and good. The script was well written and the acting was mostly good. The translation was good. It a fun watch for sure."
6,뷰티인사이드,"Beauty inside borrows only the protagonist's condition from the movie. It also uses the 2018 favourite theme of inability to recognize faces theme. And therefor we get a mash up to produce a love story that was cute and funny at first, intense in the middle, boring in the end. Actually, the last episodes were unnecessary, as nothingh really happened. The performances were all good, and the couple had chemistry, which helped with the love story to develop. Again, however, the script didn't help. So, six out of ten."
7,뷰티인사이드,"Ah I really loved so much about this show! The story was really interesting and original; I loved the premise and ideas at the start of the show, and the whole plot was really well written. There are lots of really lovely cinematography shots that give this show a beautiful look. It also had a fun and interesting soundtrack. The chemistry between the main couple was really great, and I liked that there was no love triangle in this - just a few, separate couples, each on their own journey's. The acting was well done as well: Hyeon-Jin was the main star of this show for sure, pulling out a really well done performance. Min-Ki played another somewhat emotionless character in this, but unlike in ""Because This Is My First Life,"" he comes off as stoic and reserved rather than robotic, and his character is much better developed in this, showing a range of emotions by the end.That being said this show wasn't perfect - it was littered with some tropes/cliches that didn't always work that well, and although I enjoyed the soundtrack, some repeated songs felt tired and overused by the end.However the overall message of love, kindness, selflessness, and acceptance was absolutely worth the watch!"
8,뷰티인사이드,An airline company heir with face blindness has a tangled relationship with an actress who once a month turns into a different person for a week. Now I know the plot sounds ridiculous but the superb acting and great supporting cast makes this a very enjoyable series. Their relationship has many ups and downs and comes under real pressure when an event from the past is unearthed. Some very nice whimsical moments and some very sad moments especially when the actress becomes another person.
9,뷰티인사이드,"It gets a 10.... because of the dog. The casting of that character is completely spot-on!Seriously though, this is another one of those dramas where the leading guy is completely deadpan and does it so well, where his situations and lines are so absurd so suddenly you can't help spit out your coffee laughing. The crazy leading lady complements him perfectly, and the supporting cast are all very well cast (and rather handsome), including the fish!Give it a go, especially if you have a dry sense of humour!"
10,뷰티인사이드,"9/10 is my rating. This is a 2018 South Korean Fantasy, Romance Drama with 16, 60 minute episodes.Han Se-gye (Seo Hyun-jin) is known as someone who is flightly, literally, she runs out of important engagements and it has given her the reputation of an irresponsible troublemaker. Despite that she is a Hallyu A-list actress but struggles keeping her career moving forward with all the bad publicity she receives. What people do not know, and she cannot tell them, is she transforms once a month into someone else. She could be an old man or woman, a child or any gender and age in between. When it happens, it lasts about a week and she disappears from the public eye. It happens somewhat unpredictably although she can feel it coming on which is why she runs. Her friend and manager, Yoo Woo-mi (Moon Ji-in) has her work cut out for her trying to keep Se-gye out of trouble. Seo Do-jae (Lee Min-ki) is the Managing Director of his family's airline company and Se-gye is their top model/spokesperson. Things take an intersting turn when Do-jae decides to become personally involved in getting Se-gye to re-sign as he knows of her flight risk. He seems to have everything going for him being a Chaboel heir who is very intelligent and handsome. However, a tragic accident left him with prosopagnosia, which he must hide to keep competitors, such as his step sister, Kang Sa-ra from taking the top spot in the family business. Sa-ra is fiercly competitive but meets her match when she encounters Ryu Eun-ho, Se-gyes friend whom she enlists to distract Sa-ra at a critical moment. Eun-ho dreams of being a priest and his calm and peaceful nature seem well suited but there is something about Sa-ra that makes him rethink his plans. Can Do-jae and Se-gye find love in each other and trust each other with their secrets?Spoiler alert* Most notable for me in this one is just how much I liked all the characters. Se-gye is a beautiful actress who is the perfect blend of sassy, she speaks her mind, and just incredibly kind. Some of the things she did both as herself and when she would become someone else was incredibly heart warming. I decided early on that she most likely became others to do something in that role. And in the end they indicated a bit that was the reason but they did not expand or highlight it. That is the one minor fail I thought was to not fully explain why she shifted. Her best friend and manager, Yoo Woo-mi (Moon Ji-in) is her number 1 nagger (as you would expect from a South Korean talent manager) and biggest advocate. She is one of the few that I think looks amazing with short hair because she has such a delicate face. I wanted to see her get with the male lead's secretary/best friend/jack of everything, Jung Joo Hwan (Lee Tae-ri), as they were so alike in so many ways. They looked adorable together. Woo-mi's boyfriend story was a story unfinished - you were left wondering what was real and what was not. The male lead character, Seo Do-jae (Lee Min-ki) underwent a huge transformation. He was a rather flat character when he needed to be but started to change and flourish when he encountered Se-gye. Very quickly he spotted the beauty inside of Se-gye and became her biggest advocate. His step sister and biggest rival, Kang Sa-ra, underwent huge character development. She went form an Ice Princess whose only goal was to replace Do-jae as the lead heir in the congolmerate to a caring friend, girlfriend and sister. I loved Se-gye's friend/brother of her heart, Ryu Eun-ho (Ahn Jae-hyun), and how he had plans to go into Catholic ministry but the beautiful and complex Sa-ra changed his dream. He said she became his new dream. And the big surprise that he wasn't who exactly you/she thought he was was a great plot twist. I also loved Se-gae's mother, Han sook-he (Kim Hee-jung), and was disappointed when she died so suddenly. I loved seeing her ""mother"" Do-jae as she was so protective of Se-gye yet could see he was the perfect person for her and quickly gave her blessing. Do-jae's mother, Im Jung-yeon (Na Young-hee), I loved how she went from Se-gye not being good enough for her son to she is the only girl for my son when challenged with an alternate reality. I just loved all the characters and thought they were so well developed and went through great character development. Slight detractor was the death of Se-gae's mom, I did not feel it was necessary and introdoced a sad element to an otherwise heart warming series. There is an absolute cringe scene where Se-gye has transformed into the body of an old man and Do-jae indicates he could love her even in that body. I was afraid of what type of affection they might show each other. I get the point they were trying to make but man, it was cringy.As with just about all South Korean series, this turned out to be much different than I expected from the description and the clips. I thought the focus would be on her transformations and it was more of a side aspect, the main focus was on the chracters and their relationships. This is one of the more ""steady"" romances I have seen where the romance is kept front and center and does not get lost in side plots. I loved this series and highly recommend to anyone that wants an, on balance, heart warming romance."
11,뷰티인사이드,"It was funny to watch in the beginning, I was quite excited to catch every new series per week earlier in the begin, however I abandoned this film when it turned into a cliche Korean love drama.Too shameful to the script writers, they came up such eyeopening interesting ideas, and still wrote them into such a cheesy romantic ends."
12,뷰티인사이드,"Personally, I really liked this show, mostly because of how ""Hyeon-jin Seo"" acted. The main idea is also interesting and I haven't seen it before. In fact, it's for these two reasons that I've decided to give it 10 stars.The only serious downside is the male lead, who's really dull. Someone pointed out that he is expressionless. He/she was right. The male lead really is expressionless. I mean, I understand in K-dramas male characters are usually very serious, often inert and ""hard to touch"". But in this case things are taken way too far. Luckily, ""Hyeon-jin Seo"" saved the day and expressed sufficient emotions for the both of them. But it's just my opinion as others have liked his acting.All-in-all, it's a show worth-watching. It really is. :)"
13,뷰티인사이드,"Actor, Min-ki Lee is the WORST actor ever in korean drama HISTORY! I gave chance because i just want to finish what i started and hoping that his expression will change as i go along... however, his expression remains the SAME whether he's in love, puzzled, happy, sad, feeling funny and etc. He just spoils the chemistry between them. Kudos to the main actress though. She's brilliant in her acting and expression. I would rather watch the relationship between Jae-Hyun Ahn & Da-hee Lee!"
14,뷰티인사이드,It was really an addictive journey towards a beautiful and lovely ending. Each episode was so mind soothing that i had to semi-binge the full season within 3-4 days😊.
15,뷰티인사이드,"Love is the key to happiness right? Well, this K-dram Title kept coming up on my list and I kept passing it by. After watching too many shows with evil in it, was looking for something that looked like it would have romance comedy and be happy. After I clicked on the trailer and heard the song I had a good feeling and so glad I watched it.At first the theme reminiscent of shape shifting or as the characters called it ""change"" was a strange concept but the more you watched it the more interesting it got. It was the romance and love story between Lee Min-ki who played Seo Do-jae and. Seo Hyun-jin who played an Se-gye. They had a good chemistry and Lee Min-ki was casted perfectly to play the part of someone who was lonely and emotionless and also somewhat naive due to a car accident that he had which caused him serious health issues.There was a second romance and love story featuring Lee Tae-ri as Jung Joo-hwan a very handsome, smart, popular, nice guy who is making the decision to become a priest who happens to meet the bad-girl sister of Seo Do-Jae. Jung Joo-hwan was cast perfect to play this part as well.You can be sure to find much romance in this k-drama as well as many hysterical comical scenes, learn many lessons regarding inner beauty, love, relationships with lovers, friends and family.There is a twist near the ending that is unexpected so make sure to watch the whole series. I appreciate that the actual ending took more than one episode. I agree with some of the other reviews that maybe the ending could have been just a little bit different but still liked it enough to give it a 10 rating since 9 1/2 is not avail. #KDrama."
16,뷰티인사이드,"One of the best dramas!!! A badass female character, a charming and caring male lead, endearing secondary roles. I love dramas about mental or health issues, both have a handicap somehow. I'm just a bit sad we don't know some answers, but the end is satisfying. Funny, deep, sometimes tragic, a complete drama!"
17,뷰티인사이드,"Two unlikely people, unusual circumstances, a world of pain, overcoming the past, and a bright future together! The leads and second leads are fun to watch!"
18,뷰티인사이드,I love each and every character and the way the whole series is.I want a second season.
19,뷰티인사이드," a captivating and irresistible surprise
"
20,뷰티인사이드," Cute and sweet drama
"
21,뷰티인사이드," In love
"
22,뷰티인사이드," Watch it if you have nothing remaining on your to-watch-list....
"
23,뷰티인사이드," Unique concept but not good enough
"
24,뷰티인사이드," Beauty inside review
"
25,뷰티인사이드," Good Enough
"
26,뷰티인사이드," Wonderful Story and Lovely Message
"
27,뷰티인사이드," Eyes with dark intention
"
28,뷰티인사이드," The best supporting actor ever!
"
29,뷰티인사이드," A solid romance without many plot twists but with an interesting layer of comlexity
"
30,뷰티인사이드," Funny beginning, cliche ends
"
31,뷰티인사이드," Worth seeing, mostly for Hyeon-jin Seo's acting and for the main idea
"
32,뷰티인사이드," What a waste of time!
"
33,뷰티인사이드," Hidden gem!!!
"
34,뷰티인사이드," Love is the Key to Happiness #BeautyInside
"
35,뷰티인사이드," A must watch
"
36,뷰티인사이드," A Witty Romance!
"
37,뷰티인사이드," The best series ever
"
