,title,review
0,블랙독,""" Black Dog "" was a nice slice of life drama.For once, a school drama focused more on the teachers and less on the students. The story was pretty good and I really appreciated that they didn't add a romance twist to it, so the drama focused more on the main character and her struggles to become a good teacher who helps her students. However, if I can be totally honest, the last episode was not as good. But, as a whole, the drama was good, sincere, warm and humane. The performances were pretty good too.So, overall, eight out of ten."
1,블랙독,"It's one of those k-dramas that hit close to home for whoever know how life is difficult.A bit unrealistic in a lot of scenes and moments in the story like the introduction. But the drama depicts realistically the period where the Korean society is living in.A must watch if you've watched My Mister, Misaeng, Prison Playbook, etc."
2,블랙독,"Everything is in slow motion: the way the characters walk, speak, eat, look at each other...that it's easy to fall asleep.I found it to be the same as another KDrama ""Misaeng"" where a temp shows his worth with hard work and determination."
3,블랙독," Good Enough
"
4,블랙독," Life drama
"
5,블랙독," Fall asleep
"
