,title,review
0,사내맞선,"Just watch it. I have been struggling to find a new kdrama from many months after hometown cha cha cha got over. My search is over. Found my new favourite gem.Reasons: What worked1) Both actors and actresses looks perfect for their role. Age wise as well as attractive wise.2) Fast paced and 90% of the screen time is devoted to main couples.3) It's funny and entertaining. Yeah, I can't remember last time seeing a romantic show with funny lines and lots of funny scenes Finally, Kdrama is getting the humor right.4) Very likable side couple and their story so far.5) And the most important thing in the show :- Story and Romance. It clicks. It clicks from very first moment in the show. The chemistry between them makes you feel involve in the show from very first episode.🇰🇷 You don't have to wait for second and third episodes for it. And I have seen lots of Kdramas in the past and there are very few shows who manages to do that. It gets your attention and the next thing you know is that you are addicted. You just can't stop watching.6) Message to the director, writer and producer. Thank you for bringing this show on netflix. The feeling one gets from watching a romantic kdrama is something out of this world. Its a special feeling you get when you are in love. You guys are doing God work by spreading happiness and love across the world. Keep doing it. I love it. The whole World loves it. Thank you. Thank you."
1,사내맞선,"I can't get enough of The Office Blind Date (A Business Proposal in the US on Netflix). It is the most hysterical corporate K-drama I have ever watched and just finished Episode 3 and 4. I couldn't stop laughing for practically any moment, and that says a lot because not much makes me laugh. It is a good thing that I have to wait another week for Episode 5 because I don't think I could stand that much laughter in one day. I love the leading male, Aho Hyo-Seop as Kang Tae Mu and also the leading female Se-Jeong Kim as Shin Ha Ri. I very rarely mention a female star so that says a lot about Se-Jeong Kim; she brings so much to the show."
2,사내맞선,"Se-Jeong Kim does another great drama-and the other cast are ace too
funny and heart warming drama-keeps us happy unto if/when uncanny counters 2 is done."
3,사내맞선,No idea why I can't stop watching I don't even speak Korean I finish at 4 ep and mad they don't have more ugh. It's funny seeing her almost getting caught every time love the comedy wish it was dubs because I can't 100 percent be focus when I'm always reading.
4,사내맞선,"I love this drama as it is my favourite office romance genre. But the thing is they kept this show very subtle. They didnt exaggerate and that would have been boring to watch. So yes there are cliches but with realistic touch. I love it and the cast is so amazing. All the four leads are very good. I am loving Kim Se Jeong's acting as it is the first time I am watching her. And Obviously, Ahn Hyo Seop is a gift to the eyes in this series and also his character is smooth unlike rude boses."
5,사내맞선,"I haven't found a single thing wrong with this show (except having to wait to see new episodes each week lol) so I have decided to give it a TEN!I've just finished episode 10 :) ten for ten hehe
This is not a jab at the show obviously, but I just wish Netflix would put entire series' like they normally do for dramas like this cuz I can't stand the cliffhangers! I love this series tho; the chemistry didn't seem great at first in my opinion but I completely take back that first thought. It has blossomed! While this show is airing, I officially love Monday's lol something fun to sit, relax and watch on Monday/Tuesday nights and I absolutely love it!EDIT: Monday episode 11 update ****SPOILER****
Uhm okaaaaaay super steamy cliff hanger hahaha and talk about some major couple love closures! (Proposal popped but I won't say from who to who hehe)
I am HOOKED on this series and the couples' relationship pacing is so addicting. I love it. Just love it. You know a rom com is good when you wish the couple were together in real life lol! I know, im super lame; sorry!!! ;)
This show has great chemistry and if it seems that way then you know the acting is spot on. Every episode is getting better and better. It's 11pm writing this soooooo I might even stay up for ep 12 at midnight if I'm not sleepy :) we'll see!"
6,사내맞선,"I liked the first half of the drama, then i felt annoying, our hero left his work most of the time to search for his girl or eat!I like few scenes in this show, but not the whole episodes.The second lead actress and actor were much better for me."
7,사내맞선,"I loveee this drama it's comedy and funny and the actors looks beautiful eww hahaha <3
I think this story doesn't have any bored scene and such an amazing drama."
8,사내맞선,"I just watched the first two episodes of this drama and I am already loving it. It is the perfect romantic comedy series to watch when you just want to chill and have fun.So far these are the things that I like about the series:
great chemistry between Tae-mu and Ha-rithe second leads look really good togetherthe friendship between Ha-ri and Young-seoi like that everything looks bright and cheery, the even add some graphics that add a comical dimension to the overall effectsince the leads work in F&B industry the food looks sooo good I immediately crave Korean takeout, in fact i really did go out to order a bibimbap bowl in a local korean restaurantI like Tae-mu's grandfather who is obsessed with watching his daytime dramas in the officeI cannot wait for the next episodes in the coming weeks! Glad that this is only a 12-part series and such a joy to watch. Hope it doesn't disappoint until the end."
9,사내맞선,"This is laugh out loud funny and charming right from the 1st episode. The characters are so well cast, story lines and writing is hilarious and the cliches are self-aware and poke fun at themselves. I've shared this with so many people who don't usually watch kdramas and they are also loving it."
10,사내맞선,"I love this drama! I think it is one of the funniest K-dramas I have watched so far. After watching so many serious dramas with action and mind boggling plot twists, I was in the mood for something light hearted and stumbled across this on netflix. If you are looking for something less serious and want to laugh this is the one to watch."
11,사내맞선,"There are so many funny and humorous situations in the storyline that I'm constantly smiling and laughing. The leads are sexy and adorable. The entire cast is so talented. They deliver fast paced dialogue with great comedic timing. The music, editing and effects make everything even better. I highly recommend this show!I am adding this edit in my review after watching the whole season. Tae Mu and Hari dated with marriage in mind from episode 1, fake, then real, they finally get together, but end up separated for one year so Tae Mu's grandfather could be treated for a life threatening illness in the states. I hoped Hari and Tae Mu would reunite and get married in the final episode! Now, I definitely hope there will be a Season 2. Tae Mu and Hari will finally get married and we'll get to see their lives grow. I also hope Young Seo and Seong Hun marry and possibly adopt a child from the same orphanage Seong Hun was adopted. Watching these two best friends and two brothers in Season 1 was so much fun. Season 2 will be even better."
12,사내맞선,"This drama is really fun! I can't help but smile and laugh because of the chemistry & dialogs of the casts. Keep up the good work. This drama made we can't wait for Mondays to come, lol."
13,사내맞선,"A girl working in a food development department for a large company agrees to go on a blind date in place of a wealthy friend. On the date she misbehaves in order for him to reject her, what she does not realise is the man she meets is the heir to the company. It is a romantic comedy which has some laugh out loud moments particularly the first encounter of the stars Ahn Hyo-seop and Kim Se-jeong who in their interactions are very believable. There is also a second romantic couple played by Seol In-ah and Kim Min-kyu who have a different vibe but their story is also enchanting. The rest of the cast are superb with many lighthearted moments in there interactions with each other and the leads. An easy viewing lighthearted drama spread over 12 episodes which will lift your spirits and make you smile."
14,사내맞선,"It's been a while for me to have such an emotional drive-through KDrama. The series includes all of my favorite actors, acting is so on point and full of chemistry and so beyond a big raise for Sejeong to be the lead in the drama. She now has the chance to prove herself an amazing actress. Another big thumb up is for the screenwriter performing an absolutely hyping and charming storytelling."
15,사내맞선,If you searching for some comedy romance genre this drama would be a perfect choice for it has a beautiful story and the whole cast is fabulous! I loved every minute!! Very meaningful and healing. It's funny and worth watching for sure! I am Loving it!!
16,사내맞선,"The main idea of the story is trite: a rich young businessman goes on a blind date with a substitute with whom he eventually falls in love despite his grand dad's objections. Most of the scenes are rather campy although Ha-ri's girlish giggles could be appealing to some. Tae-moo's acting seems too self-conscious, so it feels contrived.Normally, K-romcoms are great to watch but this one doesn't fit the mold."
17,사내맞선,"It's quite cool how they first met and fell for eachother quite exquisite and it tells even if you are an Elite Business man, you have heart and time to give it to right person."
18,사내맞선,I have reviewed around 100 TV & Movie shows over the last 3 years or so and this is only my second 10 for a whole season ( The Queens Gambit was the other one ) - I think having to wait a week to watch 2 more shows only added to my addiction for this amazing romance. The only flaw that almost took it to a 9 was the disguise that Ha Ri used to fool the Chairman and Kang would only fool a blind man and Lois Lane. The fact that all but one episode ended with a good feeling was a tribute to the show runner and writers - it kept you wanting to come back for the next episode with out using cliff hanger tired tricks. What surprised me most was I enjoyed the un-dubbed voices without having a clue as to what they were saying without the subtitles - as opposed to being annoying - I found it refreshing to hear the actual voices of the actors . The lead actress Se-Jeong Kim was a delight and worth the watch all by herself.
19,사내맞선,"Whoa
This drama is really loaded and well directed
I mean the suspense is just right
The series just started but in just 4 episodes it has a lot to offer
I wonder what's going to be served to us in the episodes to come
I can't wait for next week."
20,사내맞선,"Been a while didn't pick up an Kdrama, probably 2 years. I was feeling low and burn out bcs of work, searching for a romcok dramas just to escape the reality once in a while. Then, stumble upon this romcom and it becomes my go-to relaxing content to consume everyday. The chemistry of the cast is so awesome that makes me cannot resist. The story lines are so funny yet some stories just so relatable. I rewatch the drama almost everyday, sometime just some cuts but it s like a chill pill for me. It does lift me up and make me feel cheerful. This drama is must watch for those who are searching for light-hearted, entertaining movie to release some stress. The casts are so energetic, talent and genuine that make me cannot stop watching it."
21,사내맞선,"First of all, I don't believe in grade inflation so a 7 for me on IMDB is a very good rating. Overall very much enjoyed the two main couples, the storyline, and the chemistry between the 4 of them. The Bromance of the guys and BFF of the girls was natural and heartfelt. This is the first time I've seen Se-Jeong Kim and I can understand the buzz around her. She was excellent. Aho Hyo Seop grew on me as he went along. Keeping it short, the ending felt rushed and incomplete. After the touching scene between Ha-ri and the grandfather in the hospital, we never so them together again and the 'coincidental' taxi reunion (seriously, what are the odds- a stretch even for Korean rom-coms) at the very end felt staged and rushed. And, nothing really happened during that 'one year later'. Why bother? Still worth the watch. A good ending would have boosted this to an 8 or 8.5. Enjoy it!"
22,사내맞선,"Amazing casting. The actors are appropriate for their roles. I must mention Ahn Hyo Seop. His great visuals added a special magic to the heart fluttering scenes 💫. Every woman would love to have such a sweet boyfriend 💕. The second lead couple also have a great chemistry. Business proposal is a delicate mixture of romance, comedy and drama and is full of heart fluttering moments. It's very addictive but I had to wait for a whole week just to watch 2 episodes 😩. I would suggest you to watch after all episodes are released. This drama is totally worth watching and my most favorite ❤. Happy binging 😊"
23,사내맞선,The show is really funny and at some scenes it even made me laugh out loud. The romance in this show is fabulous. The characters were very intriguing and funny in their own way. When I started watching I just couldn't stop watching it and used to always wait for Mondays and Tuesdays just to watch the next episode as soon as possible. It has two couple and both the couple are very sweet.I love how the main couple both were immensely wonderful to watch. The characters were all good looking with Shin Ha-ri played by Kim Sejeong way too pretty. The side character lineup was also very admirable as they played a big role to make me laugh with their super funny scenes. This is a must watch current rom-com. One of the best in this genre.
24,사내맞선,"A superb series great cast, chemistry, acting, direction and scripting. It just works so well could not stop watching it. I have not laughed this much in a long time."
25,사내맞선,"This is an epic love story. I know i will be watching it over and over again
It is funny mesmerising captivating one of a kind
Thanks to the people who made the series and to all the actors
Fantastic job to all."
26,사내맞선,"Such a lovely drama,sad to have only 12 episodes,it would have been nice if its like 16 episodes,both the couples were cute and story is awesome,loved it to the core,a medicine for twenty five twenty one fans,this drama made me very happy after sadness from 25-21."
27,사내맞선,"The storyline and plot is really good, with judicious application of popular tropes. I love how every single character on the show has been fleshed out really well. The Main couple and second couple are both hilarious and lovable. I usually can't stand kdramas, and dont watch them, but I wait for this show every week with a lot of anticipation. Props to the producers, writers and the actors of this show!"
28,사내맞선,"Love this drama one of the best dramas... I love all the characters' acting skills is soooo good 👍 ..... I have watched till ep 6 and it was soo good full of entertainment. Waiting for the new episode hope the further episodes will be the same. Love it soo much everyone should watch it 🤗. If you have not watched the drama yet please go and watch.....Only this doesn't make any senseThat a person becomes unrecognisable just by putting on a wig and makeup on her face and her wig doesn't even look different from her real hair she looks same with or without makeup and she also behaves the same... and her attitude, voice all are same... I know it is a drama but they should have done betterApart from this, I love this drama 🎭 ......worth watching ⌚"
29,사내맞선,Watched 8th ep today felt very happy for kang tae moo business proposal is such a brilliant masterpiece and i would like to give it a 10 coz it deserves it.
30,사내맞선,"After watching what's wrong with secretary Kim and hometown cha cha cha I found the perfect shoe to fill the void
These were recommended by a Korean collègue and I have found this to be of the same caliber
The dynamics between the various characters is awesome
I have recommended this to my friend in Seoul.I hope she enjoys it as much as I do
To bad this is the last episode
Season 2?????"
31,사내맞선,"I Have struggled to find a Kdrama that I liked, but this was just perfect, funny, romantic, of course very over the top but not overly dramatic, really superb. Also all the main characters are so cute, really a great show, loved it."
32,사내맞선,"Dropped it on ep 9, I can't stand the cringe anymore..
The second couple has better chemistry and plot, and I saw the ending seems rushed and not done well. Definitely overhyped."
33,사내맞선,"It may be too much to expect much originality from most Korean romantic comedies but this one plumbs remarkable depths of stupidity and charmlessness. Third rate characters, lightly scooped from the standard recipe book, tossed carelessly, and then served up without a hint of shame at its ability to waste the viewer's time. The hero's grandfather, the heroine's co-""workers"", the idiotic would-be girlfriend of the hero's right hand man, each more annoying than the last. Irritating KDrama tropes, woefully executed, fall over themselves and land flatter than a pancake that has just been run over by a steamroller. Our leads are completely conventional, the hero a typical competent businessman who is heir to a wealthy but typically controlling grandfather who wants him to marry and therefore sends him on blind dates with ""suitable"" candidates; the heroine, a put upon office worker who attracts his attention, at first as a decoy for his grandfather and then, inevitably as a genuine love interest. Is there anything new, even just a tiny bit, about any of this?KDramas are full of these rich man-poor girl stories. They rarely break new ground, but this one is just an unpardonable retread. If you are fortunate enough to read this review before giving up precious moments of your life on the series, move on. Literally any other show you pick should be an improvement."
34,사내맞선,This is the one of the funniest romance k drama I have ever seen in my whole life just fabulous the chemestry between the characters is awesome loved it watching from my heart.
35,사내맞선,I enjoyed every moment of every episode. Great storyline and superb actors - my top recommendation!! I became a fan of kdramas and everything Korean film industry...
36,사내맞선,"Cliched, predictable, dated KDrama RomCom plot due to weak writing and direction. I like the leads which is why I watched, and they are often charming which entices viewers. But the script and direction drift back down into repetition, often just plain silly, and slow the whole thing down-again. The fine actors do not have enough to do in the thin plot to demonstrate their range-and they deserved better."
37,사내맞선,"The chemistry between kim sejeong and ahn hyo seop is immaculate! I applaud the director, actors, staff for making such good k-drama. It's a cliché drama but that's what i love about it. The cinematography is beautiful! Must watch! Can't wait for Season 2!"
38,사내맞선,The actress is really good in acting but the show sucks. The second couple has very nice chemistry. But the show sucks. This show doesn't have any storyline. I have watched many k-drama. I don't understand why did they make this show if they dont have any story. Very disappointed. Sorry but yeah very disappointed.
39,사내맞선,"I'll start by saying the plot doesn't bring anything original to the table. Now with that out of the way...Everything from character development, makeup, typical clichés, romance, and the comedic scenes are exaggerated to such a degree that you cannot help yourself from laughing out loud. The show is pure entertainment and sometimes it makes you wonder whether it takes itself seriously. The smooth transition between plot development and outrageously funny scenes is nothing short of brilliant.This goes on for the first 8 episodes or so. Once it transitions into the later stages it takes a sharp turn towards typical Korean rom com. Which isn't bad in itself but it did leave me sightly disappointed. It left me with the impression that it started incredibly strong and ended on a low note.The chemistry between the couples is one of the show's strongest points. You can clearly tell they are extremely comfortable in each other's presence. The portrayal of both a conservative and libertine couple is also well done with ample screen time to develop both relationships.I would definitely recommend it if you're looking for a light hearted romantic comedy with a unique sense of humour."
40,사내맞선,"Business Proposal is one of the more popular k-dramas right now, and I was curious to see why it has such popularity and high ratings.Firstly, I'm a big fan of Ahn Hyo-Seop with his soulful puppy-eyes and he is a great actor to boot, but this wasn't my favorite of his roles. His character's personality is mostly the same throughout, nothing special and rather boring, with Se-Jeong having much more personality in her character. I thought the overall premise was cute and fun, but I'm glad it was only 12 episodes as anything more would have been dragged out. I liked that the show wasn't afraid to poke fun at the k-drama cliches and make fun of itself at times. The second couple was also cute and I enjoyed both stories.Overall the story is simple and fun and this show is a pure rom-com. I enjoyed it but it didn't blow me away, and I personally like a bit more plot with my shows. It is a easy watch and a good way to become a fan of Hyo-Seop!"
41,사내맞선,"This drama ticks all the check boxes of a classic rom-com. Great two main leads with a slow burning romance, even greater second leads with an explosive romance, hilarious conflicts, fun family, supportive friends and colleagues, and a hilarious plot line.It's an easy must watch, that also makes us feel single a lot."
42,사내맞선,"Cute, romantic and laugh-out-loud funny. I am obssessed with this show. Can't stop laughing at the hilariousness of the characters. The actors have all done such an amazing job. I love love love this show. It's the kind of show I'll keep coming back to whenever I am in need of some feel-good vibes. A job very well done by all the actors and staff. I wish I could give a hundred stars because these guys totally deserve it."
43,사내맞선,"Love the show except for some scenes that are childish/fantastic or way far than real life. Until 9 eps were fast and exciting, 10 and 11 were bit long. Love the main actress's personality, love the second main actress's beauty, cuteness & character."
44,사내맞선,"Reminds me of ""What's Wrong with Secretary Kim"" and because I compare it to that this series also fails to be a 10/10. There's a phase in ""What's Wrong with Secretary Kim"" which I think is too fast and a weakness. But in this ""Business Proposal"" the weakness is in the ending. The ending is good but not very satisfying. I need a wedding scene especially between the two main character pairs. But basically this is a series that I like because it is very entertaining and since now I have become Kim Se-jeong stan."
45,사내맞선,"It's an idol comedy, but more than that. Animation, moderate love elements, character building, actor performance, plot progress, music selection are all well managed."
46,사내맞선,It will never disatisfy anyone watching this movie.From Episode 1 up until to the very end it will worthy of your time. Kim Se Jeong and Ahn Hyo Seop together with the second lead couple gives justice to their roles. Hoping and praying for season 2. And for more projects together for Hatae couple.
47,사내맞선,"Hoping for Season 2 ,i really love this romcom drama full package. Its help me to get out my stress and I love the chemistry of Shin Hari and President Kang looking forward to both of you with another romcom drama, I can't accept the fact that its already end Im so sad I will miss you Shin Hari and Tae-mo Kang ."
48,사내맞선,"I can't describe how much i love this one . Since the first episode i was hooked . The concept might be a cliche but with those amazing main characters and side characters , fresh script and genius editing ; this one is a must watch . The thing which striked me the most about this series is that the 2nd lead had their romance flourish more quickly than the 1st lead characters , 2nd lead had their first kiss even before the 1st lead decides to admit feelings for each other . This has never been done before in kdramas . And both leads are equally handsome and gorgeous . Can't wait for the finale."
49,사내맞선,First ever rom-com kdrama show that got me hooked and a show that i can watch forever and not get bored of it. Tho it may be cliché but it is the cast and their chemostry that got me hooked and best kdrama for 2022 for me.
50,사내맞선,"K. Drama has had a lot of success with this type of plot, which is office romance and a fake relationship. I've seen a few of them and really enjoy them.Kim Sejeong does an excellent job as Shin Ha-Ri. She gives Ha-Ri a charming and appealing personality. Ha-Ri captures the hearts of the audience.The chemistry between Hyo-Seop and Sejeong is what makes the drama so enjoyable.However, after episode 8~9, it becomes a little monotonous. The drama appears to cut the ending short. If the ending is improved, I believe this drama has the potential to be one of the most entertaining to watch.What's wrong with Secretary Kim is still the number one office romance in my opinion."
51,사내맞선,"A Business Proposal, as some other reviewer has mentioned just ticks all the boxes for a great rom-com show. It is of course based quite a bit on some tropes that may be considered cliché, but in my opinion as long as those are executed well and it either has a twist or some nice characters being part of them, I don't mind. That's exactly what Business Proposal is! All of the main characters, the two couples that we follow, are likeable, and they have great chemistry making it all the more enjoyable to watch. The actors are also a really good and not stiff or cringe at all (apart from the main character's mother's character that I found a bit too much with the constant beating and yelling, but that was part of her character, not the actress' fault in any way. I just would have hoped they maybe could have toned it down a bit. She was balanced out with the more quiet father, so that at least brought balance. They didn't have tons of screen time either so that thing is very easy to just ignore). All in all, it's a nice, fun, and enjoyable show to watch especially if you want a cute romance to take your mind of things!"
52,사내맞선,"As someone who watches really intense thriller, crime and horror genres this drama was a really good break for me. It wasn't too cliche and got me hooked till the last episode. I would say the last episode was a little rushed but overall it was a really good drama for this genre. Although the female lead was slightly dumb at times but she got better towards the end and tbh I didn't thought I would like the second leads that much but their chemistry was top notch too I hope they'll do a different drama as the main leads."
53,사내맞선,"I've started watching this series, and fell in love with the storyline and the characters especially the protagonists... It's For sure a worth Watching K drama as most are.... It Teaches us a New portrayal of Love and Understandings... Loved It...One should Go Ahead for It..."
54,사내맞선,"Kang and shin aren't even married, both their families didnt say ok for them to get married, neither they got together to give them blessing. Jin father is against her marriage and hoon just gave all his savings to her for her business. What ending is it?Is this the beliefs of s Korean people to go against your parents and get engaged?Most people only care about looks and forget shows like this are killing your traditions.Kang moo did say he want to date shin with marriage in mind but didnt actually get their permission to get married, neither they got married."
55,사내맞선,It was such a cuteee humble drama! The acting was on point and their chemistry was amazing. It made my heart pound os much i loved the plot and how they included the second female lead also landing a boyfriend. I reallyyyy liked this drama. Definelty worth anyones time!
56,사내맞선," Got me hooked from very first episode.
"
57,사내맞선," Most Hysterical Corporate K-Drama Ever!
"
58,사내맞선," superb
"
59,사내맞선," So addictive
"
60,사내맞선," Heart Fluttering Drama after a long long time.
"
61,사내맞선," Hilarious and cute
"
62,사내맞선," It is just ok..!
"
63,사내맞선," Fantastic
"
64,사내맞선," If You are Looking to Have Fun, Watch This
"
65,사내맞선," Funniest show I've ever watched
"
66,사내맞선," Light hearted and funny
"
67,사내맞선," Hilarious
"
68,사내맞선," The Most Fun Drama
"
69,사내맞선," They both have no limit
"
70,사내맞선," A GO-TO FOR HYPED ENTERTAINING!!!
"
71,사내맞선," Heartwarming and entertaining
"
72,사내맞선," Campy at Best; Shopworn at Worst
"
73,사내맞선," Smooth and Exquisite Romance
"
74,사내맞선," Only My 2nd 10
"
75,사내맞선," Amazing
"
76,사내맞선," When cliche plot done right! Mood booster, very entertaining & refreshing
"
77,사내맞선," Very much enjoyed this but... the ending?
"
78,사내맞선," An oh so addictive drama
"
79,사내맞선," Fantastic Rom-Com
"
80,사내맞선," Wow Wow
"
81,사내맞선," Aaaamazing
"
82,사내맞선," Fun filled rom com
"
83,사내맞선," Really good
"
84,사내맞선," Worth watching ⌚
"
85,사내맞선," A brilliant legacy 😉
"
86,사내맞선," An endearing story
"
87,사내맞선," The best Kdrama
"
88,사내맞선," Cringe storyline
"
89,사내맞선," Relentlessly stupid
"
90,사내맞선," One of the greatest drama
"
91,사내맞선," Addicting funny and superb
"
92,사내맞선," Dated RomCom
"
93,사내맞선," WE NEED SEASON 2!!!
"
94,사내맞선," Waste of time
"
95,사내맞선," Hilariously exaggerated rom com
"
96,사내맞선," Cute, Silly, Pure Rom-Com
"
97,사내맞선," A Fun Romantic Comedy
"
98,사내맞선," Funny as hell
"
99,사내맞선," comment
"
100,사내맞선," Good and very satisfying but with an ordinary ending
"
101,사내맞선," Much more than an idol comedy
"
102,사내맞선," Highly recommended
"
103,사내맞선," TaemoShin
"
104,사내맞선," Amazing Addition to fake dating troupe
"
105,사내맞선," Best Rom-Com Ever
"
106,사내맞선," It's entertaining to watch an office romance comedy.
"
107,사내맞선," Enjoyable Rom-Com With Great Cast
"
108,사내맞선," Really good for this genre
"
109,사내맞선," Perfect Portrayal of a Sweet and Assuring Love story...
"
110,사내맞선," what ending, what beliefs? what traditions?
"
111,사내맞선," I LOVED IT!!
"
