,title,review
0,사의찬미,Ugly cried for 10 mins after this show ended. It's gut wrenching and beautiful and really well made. The fact that it's a true story is what I couldn't handle. Won't ever watch it again- it's been years since something on my TV made me bawl like this.
1,사의찬미,An exceptional drama with a base of melodrama and adventures. Moreover a series which simplifies true love and sacrifice. Absolutely loved watching every second of it.
2,사의찬미,"This one is a short historical drama, based on a true story. It is sad and, because it is so short, the events happen quickly and we don't really have time to get familiar with the characters. The leading lady was really good, she was emotional and beautiful. She had an innocence and yet she was a strong female lead. Now, for our leading man, he was okay, but he looked like he was always smiling and that the events didn't really affect him. I guess it was the calmness that he projected the cause of that. Overall, it was an okay drama, so 6 out of 10."
3,사의찬미,"I've watched three of his drama and found that this is surely one of the best acting by lee jung suk.. you can feel his turmoil, lonelinees, desires and passion all at the same time👏🏻"
4,사의찬미,"This show really is a beautiful thing to watch: the costumes, the settings, the very actors!
The story is based on the real love affair and double suicide of a soprano singer and a lover, doomed by rigid societal norms and economical hardships. I strongly suspect that a lot of stuff was heavily dramatised tho (not that if matters).The first episode is great but the quality of steadily declines and the script in general is a little bit formulaic. I still appreciated it and k-drama fans will surely love it"
5,사의찬미,"The setting for this drama seemed authentic and the costumes really beautiful. Fine acting but I am finding it really hard to be objective as Lee Jong-suk is not one of my favourite Korean male actors. I've watched him in several dramas now and his persona doesn't come across well to me. This is my personal opinion as I think there is a slight arrogance he brings to his characters, that doesn't mean I'm taking anything away from his acting, but apart from that enjoyed watching a nice piece of period drama in Korea's history"
6,사의찬미,This is a period piece that sparkles and shines with wit. Sad but uplifting.
7,사의찬미,"Just Wonderful!
As a story based on facts, it's given in a great way!
The two actors were great!
Amazing way of showing the historical background and the costumes of that time!
Must see!!!"
8,사의찬미,"Good implementation and my gosh it was one of the best shot shows I have ever seen.as based on a real Life, this period drama, it was limited by some boundaries.if you are fan of the main leads then you are good, available on Netflix check out now."
9,사의찬미,"Definitely one of the best dramas of Lee Jong-suk.As a big fan of dramas set in the classical setting, definitely enjoyed the entire drama.This is a very emotional series and the ending was fitting.In addition to their romance, they clearly show the differences in the family backgrounds and how it plays a key part in their reputation; how the family obligations strain him until the end.Hymn of death song is a beautiful song and very heart-breaking to listen to."
10,사의찬미,As a lover of K dramas I was looking forward to watching this. I cannot quite put my finger on why I lost interest mid-way through the first episode. Perhaps if the tensions and difficulties of the Japanese occupation had featured more strongly in the early scenes I would have been more engaged with it?
11,사의찬미,"I am writing a review due to the low score this movie got when it deserves better. Based on a true story, this movie showcases the tragic reality of pressures society and family can do to star-crossed lovers. The directing, soundtrack, and cast themselves were all high quality in delivering an emotional film. The only reason I deducted some points were for the main lead actor. While his acting as a son feeling ""suffocated"" by his father was amazing, his longing for his lover was not as convincing. Especially in comparison to the female actress however, I guess one could debate it was because she loved him more.
Also there is a review who gave the movie such a low rating simply due to their ethnocentrism. You recognize that the acting was good yet cannot understand that at that time period and in Asian culture, the difficulties of rebelling against family and family. ""In the West we do not believe..."" I do not understand how close-minded someone must be to patronize the situation of these characters with the standards of the West. In Asian culture, honour and family are considered to be part of a person's social identity and family is a central institution of society. There is no individual freedom like you wanted, especially in those times.
SOO to sum up, if you want a historically/culturally incorrect film that has a happy ending with rainbows and unicorns then follow that user's advice. Avoid wasting three hours of your life for this ""depressing drip."""
12,사의찬미,"Yes, the acting is well done, but from a Western point of view this is a hopeless and depressing drip.While I realize this is based on a true story, this is about an impossible love that has no hope to go anywhere, drug out in three hours of depression, gloom, and nowhere to go but death. I realize the culture of honor in Asia is very important, but in the West we do not believe in having to live someone else's life nor have them dictate to us what to think, who to marry, what interests us nor what we will do with our lives. They get to live their life and make their choices and we get to do the same. Each of us gets one life, so we get to make our own choices and choose to live our own life according to our own interests and desires. This was a waste of three hours of my life. I only watched it because I really liked the leading man in W."
13,사의찬미,"If you like opera and OST, this period film will not disappoint you. The leads are well suited for the characters and have great chemistry. A lot of emotional acting done well, do appreciate the hard work to convey the social constraints, the bicultural tensions, and misogyny of the times. The lead actor has a wonderful voice for reciting poetry and narration. The lead actress doesn't portray the singing realistically like other opera singers who use their faces and hands to sing emotively."
14,사의찬미,One of the best love story drama . Such a fell good . I can't expect this type of sad 😭😂😭 really I cannot control my tears superb 😭🙏👍
15,사의찬미,I'm a little late and came across this kdrama on Netflix. I am amazed how it was made. Very emotional. I love these types of romance era. I love the main actors.
16,사의찬미,"Lee Jong-suk is different here. While in most of his other series he is confident, cocky, and humorous, he is serious all throughout this 3-hour miniseries. I felt U-Jin's loneliness, desperation, helplessness because of feeling trapped and being emotionally blackmailed by his father. I felt the restraint he mustered so as not to reveal how he really felt towards Sim-deok. He did very well here.Shin Hye-sun as Sim-deok was equally outstanding.Kudos too for the overall production design and cinematography.If there is one thing I found lacking, it's the burning, intense feelings that the couple was supposed to share after they'd revealed how they felt towards each other. It was supposed to be so intense that they'd be missing each other the moment they'd part ways, enough to want to turn their backs to towards their families to be free together.For the most part they acted like mere acquaintances holding hands once in a while. There wasn't any passion; they were a bit too reserved. Maybe this was to allow the intensity of their feelings to come through U-jin's heartfelt letters and Sim-deok's singing? If this were the intent, then this didn't happen. If there was one thing I can say Shin Hye-sun failed at, it was failing to be convincing as a classical singer. She was rigid and void of expression while singing, and she should have been coached better on how to open her mouth wider.Still ok overall, just too bad the director failed to bring out a fuller range of emotions from our leading pair."
17,사의찬미,"Lee Jongsuk perfectly express this character pain,turmoil,helplessness,loneliness,desires,hopelessness ,happiness,love and patriotism. He looks so classy and calming. I felt so sad after watching this drama cause it's a real life incident . Villain in writer life his father and villain in singer life her poverty and corrupted army ....I wish every lover get their love ,no one live a forceful marriage life ."
18,사의찬미,"One of Lee Jung-suk's best works. A beautiful and romantic story with a happy ending. Love the quality of the show, i liked that it was a little bit old but still a very beautiful and romantic story!💕"
19,사의찬미,"This was one of the best works of Shin Hye-sun and Lee Jong-suk that I watched. Could not stop crying towards the end and after I finished it. I love heartbreaking and emotional works like this so I loved it,but if you do not enjoy something like that, you probably will not like it."
20,사의찬미,"I really enjoyed. Although it refers on a ""black period"" of history and it carries a sad atmosphere, at the end it brings you feel nice because you see that there is a real love. The actors played amazingly and.they managed to carry their emotions to our screen, ever they shared only one kiss! It is amazing seeing their glances and feel their sadness of their heart-break. The suits of clothes and the scenes were perfect too.I also believe that it was better that it splitted on 3 episodes rather than a movie because you could enjoy it more! Bravo!"
21,사의찬미,"Kim U Jin And Yun Sim Deok...May Had A Short Time To Stay Together And To Love Each other...But it was so beautiful....because for the sake of their love...they choose death...and In order to live in peace...because of that horrible dammed society...and against the will of their families.... they choose to forever rest in peace by sacrificing their lives...and I don't even regret it that they died at last... I will say that they made the correct decision...its the first ever k drama I'm satisfied with its harsh ending....I really liked the last words from Kim U Jin's his poem the theory of death at the end of the part 3...
"" Are U Truly Living? No I'm Yearning For Death To Truly Live"" these words touched me deep..."
22,사의찬미," The Name says it all!
"
23,사의찬미," emotionally rich and aesthetically stunning
"
24,사의찬미," Good Enough
"
25,사의찬미," one of his finest
"
26,사의찬미," Beautiful but...
"
27,사의찬미," Beautiful period drama
"
28,사의찬미," Vibrant and emotional.
"
29,사의찬미," Wonderful!
"
30,사의찬미," This is the best possible version it can get
"
31,사의찬미," Emotional
"
32,사의찬미," Didn't Hold My Interest
"
33,사의찬미," Heartwrenching yet beautifully done
"
34,사의찬미," Not for me
"
35,사의찬미," Beautifully acted and outstanding musc
"
36,사의찬미," Superb ending can't control my tears so sad
"
37,사의찬미," AMAZING SERIES !!! Must watch !
"
38,사의찬미," Something Missing
"
39,사의찬미," One of best work of Lee Jongsuk
"
40,사의찬미," Gorgeous and sweet
"
41,사의찬미," A masterpiece
"
42,사의찬미," I love it! If you are an historical lover and a romantic person, you should watch it.
"
43,사의찬미," Hymn Of Death
"
