,title,review
0,산후조리원,""" Birthcare Center "" mixed comedy and drama masterfully.The story touched some subjects that aren't easily presented or exposed, such as the struggles that mothers face, as well as those situations that aren't that 'glowing'.They blended those themes with a comical-tragic character, as she advanced her journey through motherhood, finding it difficult to be happy about it, while struggling to make friends with the other mothers and defending her decision to keep her job position even after she gave birth.Her dynamics with her main antagonist were spot on and their confrontations were entertaining. The other side characters were interesting as well, and some of them quite tragic.As for the family drama, that too was realistic and funny at the same time.So, overall, 8.5 out of 10."
1,산후조리원,"This is one of my favourite dramas. It's about motherhood, but in a realistic way. There are mothers from different walks of life, some are first time moms some have 2 kids already. Some are young some are not. Celebrity moms and regular moms. It's just beautiful."
2,산후조리원," Good Enough
"
3,산후조리원," Fantastic
"
