,title,review
0,삼육오운명을거스르는1년,""" 365 : Repeat the Year "" was a good thriller.The drama was action packed, focusing on two main characters who were trying to solve the mystery of the serial killer who was trying to kill them all. There were enough twists to keep things interesting, and tiring at times, as, at some point, the twist over twist was a bit too much. The mystery, however, was not easy to predict, or to guess who was the culprit, as, in each episode, another character seemed suspicious. The drama didn't add romance to the mix, at least not too obvious, which was really a relief. However, the main plot with the going back in time and the whole organization was not properly explained. The ending, in addition, was simply perfect. Finally, the performances were great from all the actors and actresses of the cast.So, overall, seven out of ten."
1,삼육오운명을거스르는1년,"If you'll give a chance to reset your life, will you do it? Some would and maybe wouldn't. But for me, I'll take the chance, who knows my life would be better. But apart from this drama, the 10 lives of people were put in danger by resetting their lives. Where did it go wrong? for you to find out.I love this series, it's a piece of jewel to watch. The plot is solid and the story is like a roller coaster of suspense and unpredictability. The twist is endless while you can't stop trying to predict everything, then you don't have a choice but to trust no one anymore.Everything here is new and refreshing. While the pacing of this drama keeps you on the edge of your seat, the thrill of what's going to happen next is real. I love both of the protagonists, character-wise; smart and fighters. And though they don't execute romance, their chemistry is a blast."
2,삼육오운명을거스르는1년,"You will be made to accuse each character. One key in this drama is ""trust only in the main character"""
3,삼육오운명을거스르는1년,You can't imagine or suspect anything in this drama . Very beautiful and nicely written I really appreciate the whole team for their incredible job . Love u 365 team hope for season 2
4,삼육오운명을거스르는1년,"Every episode I didn't 't expect what is going to happen until that end of the show. I love this korean drama, there acting are outstanding in addition to the story that was unique in every thing. Although I didn't see any marking advertising ads to this drama before watching it, like some other k dramas, and I saw it accidentally, but from the first episode I fall in love with it. love all the cast with my love your beloved fan from Egypt."
5,삼육오운명을거스르는1년,"The best k drama 2020 for me
The plot, the cast, really like nam jihyun in this drama"
6,삼육오운명을거스르는1년,"I finished watching it and still can't get it out of my mind for how amazing this show is! The direction of the story changed in every episode, totally unpredictable and yet the story did not get too messy. But it has a perfectly crafted story, a neat ending. I loved how everything was well explained in this drama. The dynamic relationship of the main leads was also enjoyable as it didn't turn out to be a cheesy romance as I thought it would be. There was no typical romance between them yet their love story touched my heart.And last but not the least, while watching this, I was constantly thinking about what would have I done if I was given a chance to relive a year of my life? Well, I get to think twice about the philosophy of my life. ""It's your constant effort that changes your fate.""I'm just surprised at how less recognized this show is compared to its amazing everything."
7,삼육오운명을거스르는1년,"I can only say that u will enjoy each and every episode. In episode 13 you will be shocked. After 4-5 episodes you will be suspicious of every single character. This show makes u to doubt every character. A regular movie watching person may guess few twists but the revelation of twists are very nicely presented. What the story lacks is ""WHY"", this show will answer every ""why"". I don't know why the serial killer has so much fun in killing. I don't know why the main antagonist like to play with people. It doesn't explains the logic behind the time travel. I will suggest don't find logics in this show."
8,삼육오운명을거스르는1년,"U will enjoy by unpredictable moments.good actors and great plot,it's new I like it"
9,삼육오운명을거스르는1년,"I dont know why this drama less view..its really a good drama who loves tunnel,signal....loved this drama."
10,삼육오운명을거스르는1년,"Just perfect!!!!Everything the drama the plot twist
The mystery I recommend this so bad."
11,삼육오운명을거스르는1년,"The series is captivating due to the plot and initially the mysterious situations, but these are too annoying, because everyone is simply accused in turn, so that you just sat there rolling your eyes at some point. Despite this fact, the end stunned and shocked me because the revelation was surprising. That the murderer is his best friend of which he even went back in time, has been sitting. Also, that the older figure was the main organizer of the whole ... no further comment.The room where the most important objects of the victims were in a showcase had a very aesthetic effect, the beautiful design concept and the meaning behind it made this scene much more eerie.I really liked the characters because everyone had a story that wasn't real because you got a superficial look. However, it didn't seem to be the case with the main characters, which is why they came across sympathetically and most honestly. Also, I didn't understand the other characters' backgrounds, which is why they wanted to go back in time. They didn't seem serious or significant, which is why I couldn't understand them. Only the main characters had thrown themselves into this serious situation because both had a profound reason for it and were therefore very responsible (not careless as the others).One very big main topic was missing that seemed to be important to me: love. There were few, hardly any love scenes. There were hints and not long-lasting sparks that went out much too quickly. Suddenly, in the end, love saw in his eyes as well as in hers, but from where if little of it was shown in the course of the series.Otherwise top series."
12,삼육오운명을거스르는1년,"I don't usually post comments about a movie/series that I have watched, but this one deserves this.I'm attached, to be honest. The story was executed perfectly and flawlessly. The acting was not cringe!! It was so realistic. This definitely deserve a 10/10."
13,삼육오운명을거스르는1년," Good Enough
"
14,삼육오운명을거스르는1년," Must watch this!
"
15,삼육오운명을거스르는1년," If you haven't watched this, you loss!!
"
16,삼육오운명을거스르는1년," Life is full of miracles
"
17,삼육오운명을거스르는1년," Why that great show is underrated!!! I really don't get it!!!
"
18,삼육오운명을거스르는1년," Highly recomended
"
19,삼육오운명을거스르는1년," A masterpiece that deserves more recognition
"
20,삼육오운명을거스르는1년," It is for you , if you like suspense thriller.
"
21,삼육오운명을거스르는1년," Great
"
22,삼육오운명을거스르는1년," really good
"
23,삼육오운명을거스르는1년," Best serie I have ever seen in my whole life
"
24,삼육오운명을거스르는1년," Good but the love is missing here
"
25,삼육오운명을거스르는1년," Perfection!!
"
