,title,review
0,서른아홉,"I love how the story is real and relatable. Not to mention the chemistry of the 3 leads, Son Ye Jin, Jeon Mi-do and Kim Ji-hyun. Love them. This slice of life drama is worth watching!"
1,서른아홉,"I came on here and saw someone rated 39 as a 1 and labeled it a ""snore fest "" which literally made me fume so I'm reviewing despite the drama not being completed. I'd like to say that I am finding it real, funny and beautiful to watch! The friendship angle is fabulous! Please ignore the incredibly unfair 1 rating!!! Son Ye Jin is wonderful in this series!"
2,서른아홉,"I have never seen a line-up of reviews with tens in a row except for the snore-fest. But that's unfortunate.Sometimes, not often, we find a gem in Netflix, these days the gems come most often from K-drama. This one, is surely a gem. From every angle, it shines, from the acting, from the script, from the story, from the dynamics of the three friends, from the human-interest, I think you get my meaning. Those three friends, the camaraderie,, the banter, the jesting, the kidding, the ribbing, everything about them rings so true and so perfect. You forget you are watching a movie, you feel like you are eavesdropping on these friends, the script, the lines are so well written, so natural, true to life, the way those girls bring the lines from pages to the story, is superb. This is exactly the way three close friends interact.Hollywood has not given us anything close to this kind of spectacular human interaction movie in decades. The closes I can think of is Sleepless in Seattle. These day, Hollywood banks on their ace actors, Top Gun, Independence Day, Monkey men, action heroes, Marvel characters, Spiderman, Ironman, Batman, Superman, etc. When was the last time we had a movie from Hollywood that tug at our heart-strings, make us tear up? You get all these from K-dramas.If you want an example, check this out, and don't wake up snore-fest from his sleep."
3,서른아홉,"Thirty-Nine tells the story of three friends aged 39 as they navigate love, friendships, life and unexpected loss. The trio has known each other since they were 18 and their bond has only grown stronger with time. The three ladies are Cha Mi Jo, Jeong Chan Young and Jang Joo Hee, played by Son Ye Jin, Jeon Mi Do and Kim Ji Hyun, respectively. Cha Mi Jo is demure and loving, Jeong Chan Young is bratty and blunt and Jang Joo Hee is timid and cute. The trio complement and understand each other, and have chosen to stay single.This drama really worth to watch. Love it so much."
4,서른아홉,"The writer & editor perfectly designed the storyline in fast mode. Jumping scene to scene is smartly connected with e.g phone call between one to the other character without loosing the story essence. This is great and as far as I watch kdrama this new at least to me.The acting of the casts to me are splendid, Main cast e.g Mido perfectly played in her role as semi girly woman which loving married guy and mostly put her shelf to backup her besties. The emotion, gesture & expression just perfect!Son Yejin, no doubt to me. In any movie and drama I seen her always brave to show different type of characters and successfully hypnotized me to join her anger with mido bf and in the scene brought me laugh with her silly face defence the farting was not hers.Kim Jihyuning as an innocent 39 woman made the friendship are just perfect and with the all characters compositionNot boring. I sense that because during the show, each of the scenes i followed almost 100% - afraid of missing important story, this type of style fit well on meWoojin, I knew him from this show as a sweet, caring & loving man I would say superb. Small gesture, eyes play, words already showing the strong characters of doctor which unexpectedly in love with mijoMijo sister is a show stealer even she has few scene but succesfully made this drama a great show.Looking forward for the next episode."
5,서른아홉,"The storyline, actings and messages are delivered perfectly! The scene where Son Ye Jin (Dr. Cha Mi Jo) cries on the last scene of Episode 2 broke my heart sooo bad...
I luv the chemistry among The 39 Besties also. It's very worth to watch!"
6,서른아홉,"It's a great drama!Very worth to watch. The chemistry among The 39 Besties (Cha Mi-jo, Jeong Chang-young and Jang Joo-hee) is undeniable. It has mix emotions in it. The storyline, actings and messages are delivered perfectly!"
7,서른아홉,Snorefest....the movie is only on its second episode...if you have been watching any drama..specifically Kdrama... the first few episodes DONOT REFLECT the whole Essence of the story... old school? Where have you been hiding? This current regular day life story...The 2 episodes gave a a bombastic scenes. I'm looking forward to the next episodes and wondering how this will evolve as the relationships and friendships is greatly affected by the news...Before you judge.... Wait until the end... you nincompoops...unless you are a movie/tv director and made such riveting movies under your belt...then you decide ... but wait until the end of the episodes.
8,서른아홉,"I watched it wiht no high expectations and i love the storyline and chemistry between the ledies, its so much fun and the plot very fast 1hour and i enjoy it, but eps 2 the mayor plot have been out but i keep in going to watch this drama.. happy watching."
9,서른아홉,This modern series features 3 girl friends aged 39. Their problems are those of grown ups like family and illness. Son Ye Jin looking much like she did in Crash Landing's Seri plays a dermatologist. The second girl friend is about to fall for a younger man. The third is terminally ill. The terminal illness thing was just done in Song Hye Kyo's Now We are Breaking Up. That's not the only similarity. The first episode also features a sexual relationship and then the couple starts the relationship from the beginning. I think this one is better. The dialogue is good and the relationships are mature and supportive. It's only 12 episodes so it shouldn't have become draggy but half way through there is too much about the terminal illness. The pace slows down too much. And they take a long time to say a simple thing. The writer is at fault. Also Yeon Woo Jin as the male lead is a bit bland.
10,서른아홉,"A simple but meaningful slice of life. Tells about friendship, love, and career. Teaches that life is about leaving or being left behind. The stunning acting of the cast makes us feel their emotions too."
11,서른아홉,"This drama story is relatable for people in their 30s. Love the storyline of the friendship between the three and the romance between Mijo and Seon Woo.Not to mention the best acting of the three, each has a strong character. It's only started 2 episodes but their chemistry is already very strong. Can't wait to watch the next episodes.Slice of life drama that is able to make the audience's emotions go up and down; from happiness, sadness, warmth of friendship to butterflies in the stomach.Highly recommend this drama for those who like slice of life dramas!"
12,서른아홉,"I am not sad ending fan, but this drama might works for those who loves sad drama.I would say, the story line was very simple and common in society. What is interesting to me is how the storyline jump from one to the other plot it just amazing works. From ep 1-12 i don't feel bored at all."
13,서른아홉,"I think 39 better than hospital playlist 1 & 2
3 main character represented very very well
the pacing also smooth.Son Ye Jin looks like Al Pachino or Aman Chow
Jeon Mi Do still my heart ...If you love Hospital Playlist ... you will love more 39 ..."
14,서른아홉,"No flaws in acting. One of the pleasant surprises for me us that of Lee Moo-saeng, who played a most unlikeable husband in One Spring Night. Here he portrayed an earnest, sincere, love-sick boyfriend who stuck by his girlfriend even after she was long gone.This is about the friendship of 3 women, and the soulmate-relationship between 2 of them. It is a journey of the last year of Chan-yeong and how her relationship with Mi-jo and Joo-hul strengthened given the suddenly limited time. While the whole story revolves around the 3, it is also about the different relationships they have outside: with parents, partners, siblings.My only criticism about this series is that there are way too many relationships under-developed and forced into the picture that they were better off un-introduced, such as Seon-woo's adopted sister, Seon-woo's father.The romantic angles were also under-developed as the writer seemed to have a difficult time balancing the development of the romantic relationships with the pain of the pending loss of a friend to cancer.Far from perfect, but still a good watch."
15,서른아홉,"Watched to the end and was glad when it was over. I love the cast; I loathed the maudlin script. Also there was meager chemistry between the ""couples"" and the relationship between the three friends is very uneven with Joo Hee clearly not treated equally. This cast deserved so much better."
16,서른아홉,"I love the camaraderie of these girls. I like the way the script jumps from the present to the past to show how our heroines got to where they are. Failed relationships and choices that have unintended consequences, just life. We know from the get-go that there is heartache coming. I appreciated how we see the raw emotions that we all feel at times, so well portrayed. Binged watch what I could so far. It reminds us that no matter what we go through, it is wonderful to have friends and family that have our backs."
17,서른아홉,"I saw her rating NABU 10 stars, some SHK fans are really low. The kind of antics people from a certain fandom are pulling to drag Yejin. Pretty sure this user hasn't watched a single moment of Thirty Nine but bitterness and hatred have consumed them. Why so bothered? 🙄🙄🙄"
18,서른아홉,"I'm really loving and enjoying this slice of life drama so far. The take of this drama on life has been a breath of fresh air. It has portrayed a realistic & relatable take on friendship, life, and love that's gotten me hooked just from the pilot episode.The drama's style of story-telling is quite different, but it's actually made me more curious and excited to see how they approach the rest of the season. This is definitely worth starting & following!Can't go wrong with the cast as well - they did a great job casting Son Yejin, Jeon Mido, & Kim Jihyun together, and I look forward to what the rest of the cast & the drama has in store for us."
19,서른아홉,"Today the final episode of Thirty-Nine was released, and I was looking forward to how things were going to wrap up. Before I review the show, I want to say that this series was VERY well-acted. Every character portrayed was believable and convincing. I give my props to the entire cast of the show. HOWEVER, as well-acted as this show is, it suffers from some very large head-scratching narrative issues, and I cannot figure out why some of these decisions were made. ESPECIALLY in the season finale. If you are a fan of any of the actors, I recommend this show highly, just be prepared to question some things.SPOILERS AHEAD!I want to talk about the final episode first. What a strange tone this episode had. Throughout the entire show we're awaiting the moment for Chan Young to pass away. The moment finally comes and hits everyone hard. It's sinking in for the characters and the audience. Then LITERALLY 20 SECONDS LATER, Mi-Jo LITERALLY says ""we weren't as sad as we thought and we got back to our lives quicker than we expected"" then shows everyone laughing and having a good time, including her parents. LMAO I was in disbelief! I thought it was a slap in the face. I was wondering how everyone was going to handle her death throughout the entire show and THAT'S how they handled it. AND THEN after THAT fiasco the show goes back to some emotional moments of everyone watching Chan Young's movie and Mi-Jo watching her recording and everyone's sad again and crying and remembering Chan Young. Don't get me wrong, those final scenes were emotional, but I was still in a state of confusion of how this was being handled. It was like they had two different people directing at the same time. It definitely somewhat ruined what might have been a strong finale.I was glad the show was only 12 episodes. One, because I prefer not to watch endless shows. Two, this show's narrative was all over the place. It didn't know if it wanted to be a show centered around romance, friendship, family drama, or living with a disease.When I read the synopsis of the show it seemed like a rom-com type show centered around three girls. The show starts off with a funeral, and not only is the show telling us that someone is about to die, but a couple episodes later we're told who it's going to be. Any suspense the show could have had throughout the series is gone.Chan Young was brilliant, but her sickness was revealed too soon in the show. In every single scene, even when the scene is about other things, in the back of our minds her condition is the elephant in the room. We know where all roads lead to. The writers made her seem selfish in some instances. She's constantly chasing after Jin-Seok to marry him, but when he finally divorces his wife and asks Chan Young to marry him, she doesn't want to? And she gets annoyed at him for keeping asking? This is apparently what she always wanted but now she doesn't. She doesn't want to burden him since she's dying, but she didn't consider his sacrifices.The writers must have hated Joo-Hee's character, because for as much as the show led us to believe these girls were the bestest of friends, she was given some harsh third-wheel treatment almost the entire time. She was always the last to know about things. Mi-Jo and Chan Young were always confiding in one other while dismissing Joo-Hee completely. Chan Young would tell Mi-Jo things like, ""I'm not worried about Joo-Hee, I'm worried about you"", and literally recorded a ""thank-you"" video just for Mi-Jo. That's some pretty cold-hearted stuff right there, considering how worried Joo-Hee was for her. Her relationship with the chef started off well, but was pretty much forgotten about.All the other backstories took a backseat the last few episodes to focus on Chan Young's eventual death, so it was almost like those stories were pointless because they held no weight in the end, and there was really no satisfying closure with much else.I know I've been rambling and it seems like I disliked this show, but I do in fact like it. I was just disappointed in how the storytelling was handled. This could have been a much, much better show given the talent on screen. 10/10 acting, 5/10 narrative."
20,서른아홉,"I'm surely agree the story is deep, touching and full of good message about friendship, adulthood, sisterhood and other family thing.But, in my opinion the storyline and plot is quite horrible, the pacing is also too fast (easily jump to another scene)Too many characters, but there is no deepening of other related characters. Only into the 3 women and their love interests (mijo,chanyoung, juhui and their men)."
21,서른아홉,Its heartwarming drama 1 and 2 episode all actors are impressive even the supporting cast were all amazing .. no boring scene.. the 3 leads were so adorable Son Ye jin cheerful to intense acting was amazing she the best actress for nothing.
22,서른아홉,"Thirty nine is the age of three friends of over twenty years who have to come to terms with the terminal illness of one of them. The series starts with the funeral and the twelve episodes lead up to that point and the aftermath with flashbacks of the trios first meeting and their interaction over the years. We also learn the backstory to all three characters and there romantic lives. It is superbly acted and the casting director deserves praise as you can clearly see who the younger actors are representing in their youth. It is maudlin at times but is also quite positive in the way these peoples friendship can overcome and survive any obstacle. Superbly acted by the entire cast and gently paced, but be warned it will pull at the heart strings and make you cry quite a lot."
23,서른아홉,"What's in K-dramas that makes them so appealing? This particular film is no exception. Pacing is languid; it takes its time telling the story but, surprisingly, you don't feel bored because each new episode churns out something new. There's a lot of crying, which is typical in K-dramas, yet it doesn't seem melodramatic or absurdly hysterical. Rather it's an authentic evocation of emotions.The film portrays what ""best friends forever"" truly means. The three lead actresses resonate in their performances. Through thick and thin, in good times and bad, they stick together.Good actors all around. The script is smartly written, nothing is superfluous. Cinematography is fine.Watch this film to learn something profound about life as we know it."
24,서른아홉,"At first the drama was a bit dull, with most of the characters except for Son Yejin and Jeon Mido's being extremely predictable and boring. But, then it picked up.The friendship between the main three ladies were amazing and it was the ONLY reason I watched the drama. Their acting was great however the drama writing, narration, and execution lacked a lot.The main male characters hardly had any depth to them. I kept wishing they existed to be more than just love interests for the main female leads.The story about orphans captivated me but also made me wish they hired someone else other than Ahn Sohee as the ML's sister. It's been a decade and Ahn Sohee still cannot act. I sometimes wonder why dramas still give her acting jobs when she continues to give mediocre performances.However, all that get forgotten once you see Son Yejin and Jeon Mido on screen together. They fill everything with so much emotion, depth, and personality that you want to be friends with them.Hope Mido can get a Baeksang nomination for this drama.Overall, the drama is a nice watch if you are willing to skip all parts with Ahn Sohee."
25,서른아홉,"SYJ versatillity as an artist in front of a camera is always worth watching. This drama makes us wish that we too have friends like them who would be with us in sickness and in health, in ups and downs (rollercoaster/bumpy ride), laugh and cry with us, hit us hard when things seem not right. The casts are superb."
26,서른아홉,I've started watching Thirty Nine episodes in Korean Language with English subtitles just becoz of Son YeJin as I'm still having the hangover of YeJin's cuteness from Crash Landing On You.Even of the Korean audio I'm still enjoying this series. It's just craziness of YeJin.The story line up is good and all the characters justifying their roles.Till now I'm done with half of the season and looking forward to see more.
27,서른아홉,It has all the elements of sentimentally poetry.All the characters are developed quite well and after a time you feel as if you are actually a part of their lives.A few moments that could have been followed-up on but I'll still say it was worth the 12 episodes.
28,서른아홉,"OK, so I will be brave enough to put it all out there. I hate giving a rating sometimes because I don't want to penalize certain actors and the great job they are doing even though I don't really like the series. I would like to say that Yeon Woo-jin as Kim Seon-woo was best part of the series so all my stars go to him. I actually searched for him as I enjoyed him in the past in younger roles such as My Shy Boss. His roll now as a more mature Doctor with a heart is perfect for him and played it excellent. But let's be honest about the series as a whole. Who wants to spend their evenings watching a depressing series on a terminally ill cancer patient? When I started the series I thought it would be a fun series about a group of 39 year olds experiencing a sort of life crisis with careers and romances and more fun stulf but as it turns out the theme of terminal illness is the main theme of the show. So for that reason I did not like it. So if you like that kind of thing on a Saturday night go ahead and have at it. If you don't watch Yeon Woo-Jin on a Detective show or on My Shy Boss or watch a comedy K-drama instead. It's your choice. But I still love. Yeon Woo-jin and hope to see him cast in another show soon -"
29,서른아홉,"I can actually give this series a 10/10 rating. Like several other Korean series that are no less good, such as Reply 1988 or Hospital Playlist, this series also actually tested my endurance for a long time. But of course, that's not the reason why I didn't give it 10/10. The reason is that the main character Jung Chan Young is made into a home-wrecker and it is as if it is justified just because of love and Chan Young's character will die. For me, this actually makes the character seem bad even though his friends in this series support her."
30,서른아홉,I'm kind of partial in this review because im 38 and about to turn 39 in two months so this show definitely hits home. However it is a well thought out show it has comedy but my god like real feels drama not the over the top drama but like real stuff. The only thing i dont like is that the main character lady was adopted and they always say oh we did this or that to help you because your so beautiful! Soo yea...like what if she was a regular girl not a super model /actress. Would she have gotten the same help/family....probably not which is so damn sad cause its pointed out repeatedly throughout the series. They keep saying ohhhhh we feel so sad about this and that you were and are so beautiful! Blah blah blah! Its like damnnnnn ouch to all the 90% of population that isnt a super model girl/boy and is a orphan....other than that the show is absolutely fantastic. It hits on points that other shows just wont. Def watch this show it is amazing after the whole beauty nonsense.
31,서른아홉,It was a great show. The relationships between the characters are so heart-warming. I think this is an accurate show that shows the feeling of loss of a terminally ill patient. The only bad thing is that it is a bit slow at times.
32,서른아홉,"This is a good show. They have done a great job of potraying stories of adults in their late 30's and the growth, heartbreak, love, life, goals and everything in between.The chemistry between all the lead actor's is amazing with good and solid performances from everyone. You feel like you are being taken on a journey and laugh and cry with them along with understanding them. I applaud this show for tackling some heavy issues in a very heartfelt and realistic way."
33,서른아홉,"First 2 episodes interesting.. then it went downhill, no chemistry between the two leading rolls... the couple look more like hi bye frens... the male main actor look more like supporting actor, the whole show in one monotonous super low and draggy mood... over reacting.. need to be hospitalised just because she beg the lady (wife) not to disturb her fren with her parents and her hubby upstairs.. lol..
suppose story about 3 best frens.. but always focus only on super sad dramas of Mi Jo.... disappointed... Good acting skill but lousy scripts.."
34,서른아홉,Intense acting of Ye Jin .. the actors have great chemistry i like Kim Ji Hyun character too. Cast shines effortless . The scene of both Mido and chan young makes me me cry an ocean .. CH character is such a martyr when it comes to love yet so endearing .
35,서른아홉,"I know that coincidence plays a solid role in K Drama but this one goes beyond the believable. One or two coincidental meetings between main characters is acceptable but four in less than two episodes borders on the ridiculous. I was willing to give this show another chance after episode one but another ""chance"" meeting half an hour into episode 2 did it for me. I switched off, never to return which is a shame because Son Ye Jin is an excellent actor. Pity she chose this role."
36,서른아홉,"All the cast are perect for each role , Mido versatility and Kim Ji hyun cute acting with the powerful and ins=tense acting of Son Yejin . The male cast were so adorable especially Woojin character. This such a healingd rama of friendship and relationship ."
37,서른아홉,"I think I cried in all episodes. This series is just so pure. The cast was also perfect! This is the first time I saw Son Ye Jin cried so much, she's really good!"
38,서른아홉,"I'm not even in my 30s or 40s but I enjoy this series, it is not about your age is.. It is about how you see life and people around you. Any age can enjoy this cause it technically about life. You can encounter some real life events, conflict and mistakes from each cast. As a fan of Son Yejin, I won't lie that when she confirm her appearance into this drama I feel like 'noooo.' cause slice of life is not really my thing but as what I said, this slice of life won't be boring, no way as in even a bit. Some people even says ""A drama's success is base from its genre."" but after this, I would go to ""It depends to the actors, on how they will deliver each scene.""A slice of life with a twist, something you won't regret to watch."
39,서른아홉,I had high expectations regarding this particular drama. I was waiting for it to telecast. The cast is so strong!! A drama backed by such ace actors how could I miss it. Unfortunately it not only disappointed me to the core but made me question the actors that how on earth they agreed to do a mediocre drama like this? Storyline okayish. Pace very slow. Each episode dragged for over 1 hour. You can fall asleep!! Only good thing is the actors. All my stars are for them. They did a fabulous job. I was invested in many scenes only because of them. Rest nothing special. Don't recommend.
40,서른아홉,Honestly one of the worst KDrama I have ever watched! No character development and the whole story revolves around Mi-Jo even though CY is the one dying.
41,서른아홉,"So far The plot of this drama is quite fast and not boring. The story is very realistic. The acting of the actors is amazing so the emotions are conveyed well. Many messages can be taken from this drama, especially in terms of friendship. Must watch!"
42,서른아홉,"It's a drama that makes you think a lot about life.It makes you feel how important it is to protect and create precious people. Am I becoming such a friend to someone? Do I have a friend like that? I feel sad for the time limit of ""Chanyoung"", but I envy these women's brilliant friendship. All actors' acting is excellent, especislly Yejin's acting is admired. I completely fell in love with her amazing acting skills that flexibly move back and forth between joy, anger and sorrow."
43,서른아홉,"This is a heavy and realistic drama. But, I like this type of drama. About adoptive parents/family (ChaMijo & Sowon). There are happy moments & emotional journey. Friendship goal between ChaMjo, Chanyoung & Joohee. They are always there ups and downs. From this drama I really appreciate all my best friend. I try to find quality time with them. This drama is real life situation. If u understand the story, u can feel it."
44,서른아홉,A slice of life drama with an awesome cast that is realistic and relatable at the same time. Not everyone's cup of tea but a must watch to those who knows how to appreciate these type of genre :)
45,서른아홉,The actors are excellent especially Son yejin...That's why she is called The Nation's First Love...Bravo SonYejin. I love also the way Jeon Mido plays her character. This drama deserve an award..Im pretty sure Son Yejin bagged another best actress award fo this show.
46,서른아홉,"What a stellar performance from the actresses.. ..as an avid of sonyejin there no doubt in her acting powers . It's first time for me to see mido and johee.. and I'm quite amaze i. Their performance too.. the story line is so much relatable..... The emotions in each episode is a roller coaster ride.. i can feel sadness, anger excitement,, hope all in one episode.. i even smile, laugh and cry alone while watching this... Hoping for more episodes.... It's my first to sleep late at night to watch a drama...q."
47,서른아홉,"The story is relatable very realistic nowadays..they potray it very well,..I cry laugh and cry again while watching Thirty-nine..they are amazing!..esp Son Ye Jin..really a great actress!... I hope I can find a friend like Mi Jo😊"
48,서른아홉,Made an account today just to write a review on this show! I just *2 minutes ago* finished this show and let me just say I have a massive headache from the excessive crying I just did from 12pm to now .. This drama was an absolute tearjerker from start to finish. It felt so real and relatable in every way! I wished there was more but also was very happy with the ending and how evenly paced it was. There was nothing lacking from this show. ABSOLUTELY RECOMMEND to anyone who needs a good cry or just a good show to watch! This show is now in my top 5 Kdramas! 💗
49,서른아홉,"If you are looking for a typical Korean rom com, this is not the drama to watch. This is a story that focuses on friendship but also touches on relationships and family.Without giving too much away, I would just say that this drama is one of those drama that helps you appreciate more about your life. Every character in the drama is relatable and I like how the main characters also have flaws and they are not all perfect!Disclaimer: I am definitely bias because I like Son Ye Jin as an actress. She plays a character with class and her dressing in this drama is perfect! I love seeing all the outfits she wears on each episode!"
50,서른아홉,"I loved it actually, though it is high on emotions. A very well directed K drama, showcasing mixed emotions and covering various aspects of life. Being at 39, and noticing similar equation around is so very relatable."
51,서른아홉,"I loved every single part of this drama! I cried a whole lot! But I absolutely LOVED IT! I think the cast was just perfect for the drama each actor fit in so well with their characters and it all felt so real and so relatable.And May I ask,why can't we type in Korean?"
52,서른아홉," Worth watching!
"
53,서른아홉," I had to write a review!
"
54,서른아홉," Awesome
"
55,서른아홉," Beautiful love story and friendship
"
56,서른아홉," Perfect!
"
57,서른아홉," Great Drama!
"
58,서른아홉," Recommended
"
59,서른아홉," Snorefest!!!
"
60,서른아홉," ThirtyNine
"
61,서른아홉," Anything with Son Ye Jin is worth watching
"
62,서른아홉," A Must Watch
"
63,서른아홉," Most awaited Kdrama in Q1 2022
"
64,서른아홉," worth to watch
"
65,서른아홉," The Best Human Relation Drama Ever
"
66,서른아홉," Not Perfect, But Still A Good Watch
"
67,서른아홉," Over-rated
"
68,서른아홉," Worthwhile watch
"
69,서른아홉," For the user below me
"
70,서른아홉," Realistic & relatable - worth starting & watching!
"
71,서른아홉," Top-notch acting, not so great narration
"
72,서른아홉," Touching Story But Not Well-Presented
"
73,서른아홉," ItS awesome and heatwarming
"
74,서른아홉," We started out as three
"
75,서른아홉," Best Friends Forever
"
76,서른아홉," Jeon Mido is amazing in this drama
"
77,서른아홉," Kim Eon Jin - An Award Winning Actress
"
78,서른아홉," Cute and Amazing
"
79,서른아홉," A sweet story
"
80,서른아홉," Yeon Woo-jin as Kim Seon-woo best part of the series
"
81,서른아홉," Great but there is one thing that is quite annoying
"
82,서른아홉," amazing drama/comedy
"
83,서른아홉," Great show
"
84,서른아홉," Story of Life and Friendship
"
85,서른아홉," Disappointed
"
86,서른아홉," Son Ye Jin in its finest ... the best actress indeed
"
87,서른아홉," Not Good Enough
"
88,서른아홉," The cast are perfect for each role
"
89,서른아홉," A MUST WATCH
"
90,서른아홉," LESSONS FROM THE DRAMA!
"
91,서른아홉," Failed miserably to my high expectations
"
92,서른아홉," Worst K Drama
"
93,서른아홉," Recommended
"
94,서른아홉," Son Yejin's amszing acting!
"
95,서른아홉," Friendship goal
"
96,서른아홉," A Good Show
"
97,서른아홉," Thirty nine best drama ever
"
98,서른아홉," Thirty 9 The Best-
"
99,서른아홉," worth it!
"
100,서른아홉," Absolute tearjerker!
"
101,서른아홉," Heart warming
"
102,서른아홉," Must watch at 39
"
103,서른아홉," Loved it
"
