,title,review
0,서른이지만열일곱,"Well, how about ""wonderful"" ? or even a simple ""wow"" ? Please let me expand/explain....
Since I started watching K Drama about 7 months ago, I've gradually wondered if I'll ever get to see a perfect show. A ten out of 10, if you will.
Yes, I've seen the acknowledged fan favourites ( Weightlifting Fairy, Secretary Kim, I'm Not a Robot, W, Strong Woman ) and though there is brilliance in all of them, none warrants a perfect score.
I don't use the word ""euphoria"" very often regarding the media ( probably, for TV, during the heyday of the sublime ""Breaking Bad"" ) but It's certainly apt for how I feel about ""30 But 17"". Entwined with that feeling is the emotional impact : I find myself thinking of certain scenes and tearing up because they're so well written/acted. Basic equation : Great Art = Exhilaration !
I recall trying to watch ""Sister Is Alive"" recently & giving up after 2 episodes because most of the characters were horrible. With ""30 But 17"", all the main cast are lovely & it's so enjoyable to spend time with them.
Pivotal to everything is the charming & wonderful Shin Hye Sun as the talented young violinist Seo Ri, stuck in a horrific traffic accident who wakes from a coma at the age of 30 with her youth stolen and a virtual orphan. Yes, the scenario is somewhat manipulative yet the story is intriguing and touching nonetheless. It's a truly heart-breaking yet nuanced performance and I constantly wanted to reach through the screen and give her a hug ! The boy who might've saved her but for random chance is unfairly devastated by guilt from then on, though when she re-enters his life he has no idea of who it really is and Yang Se Jong as the adult man is equally great as poor Mr Gong. It does hurt when he speaks to her harshly early on yet we know why and don't hate him. He's in a zombie-like coma of sorts, and to see him come out of his shell as his affection for her deepens is profoundly satisfying.
Superb support cast ? Check ! Ahn Hyo Seop as Gong's nephew Chan is sweet and caring with a huge heart ( his 2 rowing friends are also good value ); Ye Ji Won is terrific as Jennifer the eccentric housekeeper & even Seo Ri's musical rival is not the one-dimensional horror she might've been in another show. And....the people playing the leads as teenagers are delightful.
That said, the script is the engine that drives any movie or TV show and this one is extremely impressive on various levels. Pacing/symmetry is tip-top. It's also very creative, skilful and thoughtful in terms of action & dialogue and carefully building the central relationship. Many scenes are supremely memorable ( eg Choco Pie, onions, fountains, Seo Ri ""moving out"" to name just a few ), plus there's ample humour & a pleasing affection for the joy of music. There are feints and trickery, and I was pleasantly surprised with the choices made in certain scenes. Above all, I felt that the writers really loved the characters and I'm sure the actors responded to that. Much love flows from many scenes and the sight of Seo Ri's surrogate ""family"" taking shape is a sight to see and cherish.
TISSUE WARNING ! chances are very good that you will cry; I cried a lot, since many of the events are sad yet some have a positive impact too. Anyway, fans of K Drama know full well that you have to go through Hell before you get to Heaven. And though the inevitable tsunami of revelations in the final third produces an ocean of tears, it's bearable because the main couple's, um, ""love boat"" is seaworthy ( anyone for an aquatic metaphor ? sorry ! ) & you know they can handle anything.
Now, having built my Cathedral of Praise, I do have ( sigh ) a couple of very small complaints. The gorgeous ex-model Jung Yoo Jin ( so under-used in ""W"" & suits, please give her a show of her own ! ) does a good job here as CEO Kang, yet could've done SO much more. We see her dismounting from a big motor bike on one occasion ( such fertile ground for development ! ) so make her cute young assistant have a crush on her. Maybe he comically fantasises about rescuing her from a bunch of thugs or cooking her a lavish dinner ? Or, dressed in tight pants or shorts, she might get off that bike & toss her hair in sexy slo-mo, then we see him removing his helmet in slo-mo with just a little scooter next to him. Why not even have them discover a shared interest & start real dating ? Chan's big solo swim race also annoyed me slightly because I wanted him to put his cocky opponent DOWN ! And you don't really need words : just let him offer a little sly smile when he's taunted & follow it with a wink. But, I should mention the tech side as a balance, since the show is nicely shot and quite beautiful at times ( thanks DP ). So, my gripes are obviously minor flaws & I'm feeling a bit disloyal now !
Alright, time for some more acclaim ! I'm so grateful to the cast & crew for creating this excellent show. A beautiful work of art can be admired for its construction and for the way it connects with our emotions. This one combines both. When you're down and thinking, ""what's the point ?"", art like ""30 But 17"" can bring real pleasure and make a difference to someone's life.
Back to the ""P"" word I used at the start ( & don't worry, I'm almost done ! ). I suppose I can't really award a 10 by traditional measures ( those little gripes, argh ! but I'll go with a 9.9 ), yet this is most definitely a towering achievement and I do urge you to watch it. True, I've made this review an epic but we excitable humans have to spread the word when we fall in love. And at a time when the Internet allows brave, anonymous idiots to revel in being cruel and vicious, I think there should be a place for something positive that's from the heart."
1,서른이지만열일곱,First the good points. There are some genuinely touching moments in this story. The main characters are good hearted so they evoke sympathy and the pain is quite real. The accident and the ripple effect on the characters is quite well constructed and the coincidences don't feel fake. Most the people are nice and their kindness is moving to watch. The housekeeper is like Suspicious Housekeeper.Some frustrating elements. It takes too long a time for her to find her family and for them to make the connection. As if the police can't help her look for her only relative. Also the other men who love her like the nephew and the doctor seem unnecessarily tacked on to make a cliched love triangle.Shin Hye Sun is an expressive and convincing actress even if her face is not the most beautiful. Yang Se Jong is sweet and they make a compatible looking couple.Watchable but not a must see.
2,서른이지만열일곱,"Before I started watching Korean and Chinese dramas about a year ago, I had no idea that they were such brilliant story tellers and hopeless romantics! The storylines are obviously unlikely but the human emotion and relationships are depicted expertly and with such heart-warming tenderness.
Still 17 is one of the best, if not the best series I have watched. The acting is superb and the characters are just so wonderful (loved Chan especially) that you wish you could move right in with them. There were no overacting silly sidekicks but instead natural laugh out loud funny moments and heart-breaking sadness are woven beautifully throughout the story.
Like another reviewer, I have withdrawal from the characters and found it hard not to fancy Mr Gong :-)
I especially loved that they ended it well, including flashbacks to some of the memorable moments in the story. Stomach dropping, heart bursting romance and friendship and moments you will remember for a long time. Highly recommend."
3,서른이지만열일곱,"Even though the title is a bit odd, the drama was really good. Except of the ending, the whole drama was entertaining and it had some great fairy tale vibes. The background story was very intense and the follow up with the whole when-will-everyone-know -the-truth theme kept the interest high throughout the whole drama. The romance was very cute, as the couple had chemistry. Also, the characters were entertaining and funny and the actors did a great job potraying them. The only minus was the ending, that was kind of weak and almost boring."
4,서른이지만열일곱,"Gong Woo-jin (Yang Se-jong) is a reclusive 30-year-old man who has closed himself off from others. A tragic event has left him unhappy and emotionally distant. Thirty years before he transformed from a happy teenager who easily smiled to a depressed and withdrawn person who no longer felt he had a right to smile. Woo Seo-ri (Shin Hye-sun) at 17 was a talented musician and a mystery girl whom teen aged Woo-Jin had a crush on. Seo-ri'. Thirteen years later, she wakes up from her coma. Her mental age is still that of a 17-year-old, but she is now 30-years-old. Gong Woo-jin and Woo Seo-ri get involved with each other and fall in love.Everything about this was perfect in my book. The plot was believable and interesting. The love story was beyond cute and heart warming. And it ended really well. I would not change a thing. Highly recommend this wonderful feel good romance."
5,서른이지만열일곱,"This is a lovely little drama that has a simple but effective story line and very fun and likeable characters. Seo Ri is such a nice girl you can't help but want the best for her, and Woo Jin is such a adorable damaged puppy you just want to hug him. Se Jong is just such a wonderful actor and I think he is one of the saddest criers in KDrama. Everything was very nice about this drama, nothing was excellent per se, but very enjoyable none the less."
6,서른이지만열일곱,"This show deserves a higher average rating on imdb if you ask me...The plot isn't your ordinary kdrama plot (though it does have some typical drama elements, it IS a romantic drama after all, but continuing): A young, 30 year old woman who's been in a coma after a severe accident wakes up after 13 years - and has to overcome the fact that she isn't the 17 year old girl she was when she was last conscious. Struggling to adapt to her new self, she flees her rehab center and finds herself back at her old home to see her aunt and uncle who've been taking care of her ever since her parents died in her teens just to find out that her aunt and uncle had sold the house and nowhere to be found. And at her old house is where she meets Gong Woo Jin who just moved back into the house with his nephew after traveling for a while. And this is basically where the drama starts.The story is generally quite slow as in most secrets are only revealed in the very last few episodes. But I didn't find it boring at all because it gave the opportunity for the characters to shine and for us viewers to watch them grow and evolve. To be honest, I think their growth is what this show is actually about which is why the secrets were revealed so late. And I loved it.I was quite surprised there was almost no annoying, evil or overly dramatic character (at least none that stayed for a while/appeared often) which is quite unusual for dramas and it was SO REFRESHING! Also, don't get me started on the recurring main or supporting characters of this show because I don't even know how to express how much I loved them! There was the iconic one (Jennifer), the adorable ones (Yoo Chan & Woo Seori), the funny ones (Haebeom, Deoksoo, Jin Hyun) the amazing, supportive one (Heesoo) and the one with a heart of gold (Gong Woojin). And all of them together was the perfect mix to make you laugh really hard, cry a river or feel at home.The OST was really good too and I don't think I've ever downloaded as many instrumental songs as I did from this OST.The only reason why I give a minus is because while I loved everything I just told you, I didn't feel the need to binge-watch this show as much as I did with others even though I can't explain why."
7,서른이지만열일곱,"The first Korean Drama seen from start to the finish (after watching bits and pieces of Descendants of the Sun). Very interesting script. Kudos to the entire team.
Every scene was so crisp, did not find any scene boring in all the 32 episodes. Very few scenes were a little
I loved the fact that unlike most serials which would end with episode 30, this serial will always stand out for producing episode 31 and 32."
8,서른이지만열일곱,"This is a beautifully writen, superbly acted, wonderful journey almost it feels like an artwork. I really can't recall a Hollywood alternative similar to this.The unique love story is so close to heart but the highlight is the out of the world acting by Shin Hye-Sun. What an actress. After watching this I saw ""My beautiful life"" drama which is truly a masterpiece among dramas of any language, another superb performance by Shin.Don't get deceived by the cheesy title. They should have given this a better name. This is a romantic comedy masterpiece. Loved it."
9,서른이지만열일곱,"Absolutely loved this series !!!
Very original and super chilled !!
I really loved the plot !!
The more I watched it the more it got exciting !!
I would say this show has the most satisfying ending !!
Loveeeeeeee itttttttt !!"
10,서른이지만열일곱,"I really enjoyed this drama. The story is REALLY interesting and to my suprise it was way more suspensful than I expected it to be. I was sitting on the edge of my chair sometimes because of excitement.Regardless I got a tiny little bit bored because I felt like the story wasn't really moving on. You'll find out about everything at the VERY end. This drama has a slowly developing story which makes it suspensful on the one hand and sluggish on the other hand. So if you're looking for something fast and short, this is not it.The characters were all so likable, the actors had amazing chemistry and their performances were just great. It's really hilarious, I laughed out loud so many times and it had me replaying some scenes over and over again.
The romance was very cute and genuine. Really good character development.The only thing I really didn't enjoy that much was the end for many reasons. It felt rushed and weak and unfortunately left me with a bad impression because it's the most recent and last part you will watch.However I really recommend this drama if you're looking for something light and REALLY funny. 8/10."
11,서른이지만열일곱,"First of all started watching this right after Dr Romantic 2 and didn't know that will find Ahn Hyo Seop and Yang Se Jong both in one drama! Well, this drama had a slow beginning but was very rapid going story in the middle. There were little twists here and there but the twists were so disappointing in the end. But the ending was well put and pretty hilarious specially the Berlin twist.. Keyring over ring twist..loved how she decided to go slow and enjoy what she's doing rather than just gaininh6a degree. That's the BEST t thing about this drama! IT makes u want to take a decision u love.. Not the decision u should actually take. Oftertimes those 2 differ..Loved Jennifer's character too. Actually thought she was an AI in the beginning! Over all will recommend it to someone who wants to watch a chill light hearted emotional drama."
12,서른이지만열일곱,"Little Slow paced, rushed ending yet able to move your heart.Still 17 is one of the shows that defines the power of love with its 'slow but steady' execution. At first, the curiosity of characters make you to feel attached to the characters and slowly that curiosity make you fall in love with these characters and their lives.Positive:
Very good story and its character
Good acting
Slowly develops yet impact is huge
Shows the impact of self guilt and power of family/loveNegative:
-The secret of both main characters revealed its self too quickly in last episodes. That is why ending feels a bit rushed.-Start is good but mid part is slow.Some situations can be more complex especially emotionallyVerdict: You should watch it once. Underrated show but have a huge impact."
13,서른이지만열일곱,"The story actually quite interesting and potentially could be an epic storyBut i sense the director failed to translate the script into the screen.Too much unimportant scenes, storyline too slow not only that I even having wrong interpretation if this series is a romcom or drama because at first lots of animation which tells me its typical romcomWhat's make this series survive from viewers is only strong acting skills of the casts. they make the series lively"
14,서른이지만열일곱,Although the plot is unbelievable at most times I enjoyed this so much. Shin hye sun is as always amazing in it. And I loved seeing Sieun so much! The chemistry was cure too and I liked Chan's storyline the most. This is a wholesome drama with not much deep plotline and that's good enough.
15,서른이지만열일곱,"I really liked the first episode. The second episode is decent. I managed to watch 4 more episodes after that. It was getting harder to watch with each episode. The female lead acts like a 10 year old. Not 17. Unless she had a brain injury, her actions are not justified. I can understand some of the actions of the male lead, but his actions are also too much. It doesn't matter how good he is at his work. Society won't tolerate this kind of behaviour for so long. Also everyone keeps making mistakes and/or forgets something. It's unbearable to watch. Too bad because I really liked the idea of the story...Edit: I forgot something that kept buggin me: How is it possible to let someone stay at your house without ever asking their name? One of the many silly things that kept happening just to drag the story"
16,서른이지만열일곱,"Few days ago I have encountered with this wonderful feel-good drama. It is uplifting, healing, endearing and funny. Basically it has all the ingredients which will give you positive energy.The drama of friendship, overcoming of traumatic past, self- growth, family beyond blood relation.The storyline of this drama is sad. There are bunch of sorrowful stories of some characters but while watching there was a constant smile on my face. It dealt with all the topics with pure innocence.There were no dramatic scenes, no shocking revelations, no cliché breakups and not even a single negative character.Regret played major role here but its powerful and an invisible force which has shaped many characters.Romance: The romance was just lovely! Both the leads loved eachother like crazy. I love their talks, those were long, cute, funny and just beautiful. It's one of the sweetest, most innocent love I've seen portrayed in a korean drama.Side characters: The side characters were not only for distraction or comic scenes, they have their own stories and all stories are worth watching.Especially Jennifer's story is so so so beautiful.Shin Hae Sun: She did a splendid job of portraying a 30 year old woman with a heart of 17 year old girl. It's really hard to portray such character of being immature but still maintaining the composure of being mature.Yang Se Jong: This man is blessed with a wonderful voice. Its deep but not a ""heavy manly"" voice yet it soothes your ears.Here he is a tortured soul whom you want to soothe and cheer for. He blamed himself for what he did in the past and couldn't forgive himself for the same. He was cold and rude but it was so sweet to see how he became warm and opened up around everyone after Seo-ri came in his life.The younger version of the 2 leads were fantastic and pulled their own weight. The two lead's past was amazingly connected.This drama is so funny and no annoying jokes either nothing too over the top. So I highly recommend you to not miss this gem."
17,서른이지만열일곱,"First 10 episodes were okay. After which, it becomes boring and predictable. I watched the entire thing in fast forward from the 10th episode. Female lead has better acting skills in my golden life. I adored her in that. Maybe cause here she is 30 but 17 she tries to act like it but falls short . Main lead is just too boring , he has poker face the entire time . I also felt he is too young for the character and female lead looks older. What's with all the crying? It's just water flowing away without emotions.
Don't expect too much with this drama watch if you have all the time in the world ."
18,서른이지만열일곱,"I liked the show even if it felt a bit dragged out at times and not anything against the main actress but they could've done a little better considering she is supposed to convey the inocense of a 17 year old and at times more likely reminded me of a grandma. The childish acting I feel is more like the message of the show explaining that wether your 17, 19 or 30 you never really ""grow up"" you just gain some life skills and go with it, to that regard this show is very heartwarming and the slow ending is perfect to the lesson."
19,서른이지만열일곱,"A bunch of people have their lives entwined without realising it and are met up again by fate 13 years later. All now broken. Together they grow as a family as they heal themselves of the past and move on to a new brighter future. Each character is interesting as we slowly learn about their tragic pasts.Happy to see Yang Sejong growing as an actor. Was impressed by Ahn HyoSeop.Sweet, light story. Calming to the mind. Best planned ending where it was never rushed and done properly. Good job."
20,서른이지만열일곱," Hmm.....a word starting with ""W""....
"
21,서른이지만열일곱," Touching in parts but long winded
"
22,서른이지만열일곱," One of the best dramas I have seen!!
"
23,서른이지만열일곱," Good Enough
"
24,서른이지만열일곱," Interesting premise. One of my favorites.
"
25,서른이지만열일곱," Super Sweet and Heartwarming
"
26,서른이지만열일곱," Underrated!!!
"
27,서른이지만열일곱," Beauty in simplicity exemplified ! ! ! Brilliant 😍
"
28,서른이지만열일곱," What a wonderful journey!!! Enjoyed it more than Crash Landing and Strong Girl
"
29,서른이지만열일곱," LOVEEEE IT !!!
"
30,서른이지만열일곱," Hilarious and cute
"
31,서른이지만열일곱," Not overall amazing but it's the little things that made it amazing
"
32,서른이지만열일곱," Little Slow paced, rushed ending yet able to move your heart
"
33,서른이지만열일곱," Good for killing time over weekend
"
34,서른이지만열일곱," Wholesome feel good drama
"
35,서른이지만열일곱," Unwatchable
"
36,서른이지만열일곱," I highly recommend you to not miss this gem.
"
37,서른이지만열일곱," Predictable !!
"
38,서른이지만열일곱," Teaching Moent
"
39,서른이지만열일곱," Sweet
"
