,title,review
0,세빛남고학생회,This is so cute. I promise you won't be able to stop smiling at the end of the series. You'll feel really really happy and it's so wholesome.
1,세빛남고학생회,"You gonna love it from beginning to end, is innocent, cute, romantic, my guys are super sweet. Looking forward to second season... please."
2,세빛남고학생회,"Very well written character developments. The story is not very slow or fast just the perfect speed.Supporting roles also did a great job.Nam Goong was my favorite character. Very beautifully and cheerfully portrayed role! Always in a light mood and motivating others!I still feel like Shin Da On deserved more!!! So not gonna rate it a perfect 10
But it is worth a watch!All round- a cute and sweet show."
3,세빛남고학생회,I really love this movie. It's cute and lovley...😍
4,세빛남고학생회,Can't describe but I like this so much.No need to thinking anything when watching this. Just enjoy and you won't stop smiling.Asdfghjkkjk I'M STILL NOT OVER THEM THO.
5,세빛남고학생회,"As an ardent BL fan I would highly recommend this! The characters of Noh Shin Woo, Namgung and Teacher Seo were especially amazing! I bet everyone would end up liking them! Though I am not very fond of the characters of Da On , TaeGyung and Seo Hee, their character development was well done. And I feel like they could have given us more moments of the main couple but still it was very cute and fluffy!"
6,세빛남고학생회,"The story was ok, but the acting was unbearable. Disaster to be honest.I understand that it's hard to play a non-social person, but it doesn't mean you should put up a poker face all the time. That's not acting, that's just reading the script. And I wonder if the protagonist actor realized that the story wanted the character to become mature enough to be with others. Well, I didn't see that progress.Btw, I was hoping that the music could save a bit, but no. There were a lot close-ups where actor making poker face, no music at all. Those moments were really awkward and confusing."
7,세빛남고학생회," Highly recommend
"
8,세빛남고학생회," Extremely cute
"
9,세빛남고학생회," Great show....with a complex love triangle
"
10,세빛남고학생회," Cute
"
11,세빛남고학생회," The storyline is light and cheerful
"
12,세빛남고학생회," KIYOWOOOOOOO!
"
13,세빛남고학생회," I don't enjoy it a lot
"
