,title,review
0,소년심판,"I stumbled upon this series while scrolling through Netflix, looked into the first episode and it hit me like a truck. Juvenile Justice really came out of left field for me, and in retrospect I'm really thankful for the experience.The story revolves around Shim Eun Seok (Kim Hye-su), a juvenile court judge who appears stone cold and lays down the law with an iron fist on young offenders, while also battling her own demons of the past deep inside. The juvenile justice system is highly divisive, conflicting and heavily overloaded, laying not only the sentencing and punishment of juvenile offenders on the court but even the aftercare and oversight on the judges themselves. While the law treats them as children who are scarcely accountable for their own actions, often it doesn't defend victims or take their circumstances into account, what lead them down this path. Domestic violence, neglect, mistreatment, bullying, often very hard to properly prosecute. On the other hand, many young criminals straight up expect to get off with nothing but probation and a slap on the wrist while committing very real crimes, theft, robbery, blackmail, prostitution, grievous violence and even murder, fully aware of their actions. Judge Shim sails the muddy waters of this tattered legal embroglio to try and truly punish young criminals and bring absolution to the victims of the system.Honestly, I was truly surprised by this series! I half expected a confusing and boring TV schlock, filled with incessant jargon and theatrical melodrama. But what I got was a very intense, high quality, easily digestible (for a legal series), very binge-worthy story and some of the best acting I've seen in a while! Kim Hye-su completely dominates the role of Judge Shim. Coming off as a stone cold, no-nonsense inquisitor who absolutely throws the book at young criminals trying to slip through the cracks, while she slowly learns that the juvenile court is not only there to punish but also to teach, reform and protect those fallen by the wayside and wronged by the system.The production quality is excellent! The camera work, direction and even the few special effects are way higher quality than one would expect from a TV series of this kind. This far excuses some of the plotholes and the sometimes wooden acting by some of the support cast. I usually don't like kids in series and movies, but I have to say, the young cast brings their A-game and believable acting throughout the series, which was really refreshing. The story goes at breakneck speeds, filled with lots of detail, action, intrigue, investigations and hard choices which makes the series feel a lot longer than 10 episodes. There's never a dull moment watching Judge Shim and co going above and beyond their line of duty to get to the truth and render a truly just verdict in the end.All in all, I highly recommend Juvenile Justice to anyone looking for an intense court drama with a flair for complexity and some action on the side!"
1,소년심판,"I found this series to be very touching, bringing lots of emotions to the fore. It has an important social message concerning the delicacies of raising children in the correct manner. Superb acting with excellent scripts and filmography. All in all it is a very intelligent series well worth watching."
2,소년심판,It's very dramatic and emotional series but I like it. The acting is good and it has solid story line. Not boring at all. I'm happy that Netflix Korea has brought another good Korean series.
3,소년심판,The series is fast moving although it is only 10 episodes in total. All the casts are excellent in their portrayal of the characters - including the perpetrators and victims. I am impressed with Judge Sim for standing her grounds on her believes in the way the juveniles should be treated to correct their behaviours for the future.
4,소년심판,"It is such laziness that raises the counter argument. One must not let it be, let your guard down, let it slide. Because justice is not only about fairness to the offender, especially the young, but more importantly fairness to the victim.This is a heavy drama. No relief at all. If you don't like that skip it. All cases are supposedly based on real cases. There are some moments of lingering sentimentality. But those can be forgiven for completing the arch of emotions.Recall there were 5 cases, one sidetracked involving a half way house of sorts. Beside the concluding case, I find the school cheating scandal most interesting. Because the show explained how the rich kid cheaters can benefit (and hurt others) even more by dropping out of school. The law have it's limits. This cases also lead to the main backstory and also onto other brutal and organized crimes by the same defenders.Obviously the underage murder is also shocking as to how they thought about deceiving the system.The main lead is tremendously restraint. I especially like how slow, weighted and the preciseness (seemingly as I don't know Korean) of her enounciations. From the get go you know there must be a back story to 'I detest juvenile offenders'Two points taken off for the over righteous concluding speech during the discipline hearing. And heavy focus on the main character. But still excellent."
5,소년심판,"The series is about the cases of a judge in a juvenile court who detests young offenders due to events in her past. It is well acted with the background to each case and then the procedures where justice is supposedly served. It has interesting cases but I found it a depressing watch as there was no levity in any of the episodes just poor parents, abused children and horrible events. An interesting series with a strong central character but very little development on the histories of the rest of the cast and lots of information about the workings of the juvenile justice system."
6,소년심판,"The best thing about this drama is that they are not ""overly-dramatizing"" the crimes as many are suggesting.On the contrary, these crimes are based on real life incidents that shook Korean society to the core. I still remember about the case where a teenage girl chopped up a young kid and then laughed in the court. This was a real case that happened in South Korea.As this is cinema, it's certainly dramatized but almost all cases are real including the one with throwing up the brick.Kim Hye-soo is at her absolute best."
7,소년심판,Parents are the GURU not just a teacher for a child. In Bengali parenting is called ' manus kora' which means making of a human being. This series shows us the effect of neglecting the children and also the effect of too much care. This also shows how bad judgment can bring more crimes.Overall this series gives a very good social message.
8,소년심판,Kim Hye Su delivers her lines with so much conviction and mental prowess her persona alone influences those around her that are morally feeble and need proper cultivation but also rectifies on behalf of those quiet unheard defeated voices at large.
9,소년심판,"Well, it is a shame but it was a real case in Korea few years ago that two juveniles have butchered a little kid. Also it is a serious issue in Korea that the laws and punishments are very weak including juvenile justice. All the episodes were based on real cases in Korea that were major juvenile issues in recent few years. This drama has shown serious issues in Korea and dealt some cases to help people realize that juvenile crimes are not minor crimes anymore but they have become serious crimes. I really wanna say that the actors have done great jobs.And before you judge ""Asian"" dramas for different cultures that you don't understand, I really recommend you to look up their cultures before, after or while you watch them because that's what most Asian people would do when they watch ""Non-Asian"" dramas."
10,소년심판,"This Netflix original series is the saddest and one of the best show i have ever seen. Juvenile Justice is so well-written and it deserves more recognition! It depicts so many social issues about young offenders, mirroring someone's reality in a heartbreaking way. The plot, characters, acting, and every aspects are just remarkable."
11,소년심판,"Nothing to say, just watch it :)All episodes are based on true crimes.It is just by far my favorite law related Korean TV-series.It is just epic. I finished all episodes in one day."
12,소년심판,"I heard Korean dramas are very popular all over south east Asia and especially in China. I'm starting to see why, as all k-dramas I have watched were great (move to heaven, squid game, my name).The characters are shown very well and I could relate quickly. The cases made me think about law and justice. The pace is just right, the story thrilling and touching.Sometimes I'm not sure whether something is Korean culture or individual character e.g. Bosses seem to yell a lot, and there is a strong hierarchy of respect between people, whereas in western culture everyone is more equal, irrespective of age and position (at least compared to as it's shown in juvenile justice). One case is about the education system where I also think some background info would be helpful to research upfront.This left me a tiny bit confused at times.9/10PS: im not criticizing the show for showing Korean culture, just stating it may make some situations seem weird for westerners."
13,소년심판,"When people talk about a show being over dramatized as they call it, they forget that this is not a documentary. This is show business therefore it is supposed to deliver some sort of entertainment. You complaining about the drama shows that they have done a good job. It's not a true crime docu-series. While some aspects of the show could be based on real events (which I don't know and don't seem to care) the fact still stands that this is not supposed to be a real life depiction of anything.Now let's get down to the review:This show is a great catch. It is raw and VERY realistic. For example if you've watched Devil Judge you know how the main judge Kang was? Vigilante. Basically green arrow without the arrows. This show didn't have any of that nonsense. No rich judge background. No hidden agenda. She didn't go on a wild chase after the kids who murdered her child. She just did her job. She made sure every sentence was just and victims felt the ""justice""
It was great, the way they walked through the emotions of every character and I can see the show having more than one season because the characters have character.One thing I wish they would have done was give their characters a better backstory and a better ending.So what happened to Kang ? He resigned and then what? He was in so many episodes for them to just eliminate him and give him a cameo in the last episode.The other judge from Busan was great (sorry forgot his name) he had a good backstory BUT what was his ending? When you almost make certain characters the main characters (by giving them so much screen time) they should have a climax. All he said was that he was disappointed but he understood. Then what? What is his ending? If you dont pay close attention you will not find out why he even went to Juvey when he was young.Anyway, these are minor things. A plot can't always be 100% complete. We always miss out certain things as scriptwriters but the script is strong enough to survive the little things."
14,소년심판,"This show touch all part of case the criminal, the victim, the families. You will see each side of emotions its not just court room darma its journal of emotions. In last episode in few last mints my heart exploded.. the pain of a mother. Kim did a fantastic job ..love her."
15,소년심판,"Damn what a strong (first) season of a show.Let me start by praising the acting within this series. Everybody does such an amazing job, from the court helpers to the victims. Sometimes you'll forget you're watching actors, and the drama hits even harder because of it. Whoever did the casting for 'Juvenile Justice' should get a raise.Considering the subject matter is juvenile criminality, and this series does not hold back the punches at all, prepare to get a bit depressed at times. There aren't always happy endings. Or as the main actress so eloquently put it: ""The law doesn't protect every single victim"". The main characters do their best to put things right though.That everything isn't tied with a bow at the end of every episode makes it more realistic though. Even when they get the bad guys, as one of the court helpers rightly reminds us, the victim is still scarred for life because of what happened. This is not a happy show.It's thrilling though, and emotional, and shocking. It makes you angry, sad and hopefull. It's *beeping* amazing television. This show is totally worth your free time."
16,소년심판,10 episodes is just not long enough.Watched the whole series in one day.The acting and the raw emotions it brought out is superb.Just watch it.you will be hooked as well.
17,소년심판,"I don't understand why people here complain about a drama being a drama.I mean, the series are created to warn us what happens if we, adults, fail in parenting juvenile. The director perhaps has his/her intention in doing so. The important this is what comes in your mind after watching this. The great series always leave spaces for its audience to think.Each character has their own storyline and this is very well-delivered by actors. All actors have magnificent skills in delivering lines that could be cringe in a clear and effective way. There is no right or wrong answers in reality, so as the characters' belief. It is all about discussing and finding the best answer of what WE could do for a juvenile. By caring and paying attention on social issues or by funding childcare centres? This is the message that the series demonstrate and, I think it is our responsibility to make an action.""It takes a village to raise a child.""
I would say, this is the best series that could ever describe the true meaning of this phrase."
18,소년심판,"Good cast good plot hope they do a s2-as if u watched s1 ur know why and what i mean as it ended,we saw a certain person. Ao if it cones bk i would like to see if they carry that person on as well good or bad."
19,소년심판,"I don't personally understand all the 10 star reviews, but maybe they understand Korean drama better than me. I really like the premise and the main character, Judge Sim, is intense in a unique way (but almost too much so). The actors, when not screaming or crying, are really engaging. But I'm not a fan of the yelling and over-the-top wailing that permeates each episode. Nor do I enjoy watching young girls constantly getting their hair pulled while being slapped/kicked around- it's almost torture porn-ish. Other than that, interesting storylines, good writing, good production value, and insight into Korean culture are a plus. I also appreciate the messaging that parents need to step up and take care of their children."
20,소년심판,"Surprisingly good! For me it was a roller coaster of emotions and even had me shed some tears in some episodes. All the cast did wonderful job acting 👏 👏👏.I saw other comments that said ""bad acting"" and ""medium acting"" and I'm asking myself, are they tone-death or did they watch the same show OR did they watch it with English dubbing? Never watch anything with dubbing unless you're doing two things at once. It's never the same!"
21,소년심판,"First time I wrote a review because how good this drama really is. The lead actress acting is really great. Also my first time finishing a K-Drama series. I watched a lot of K-Drama but never actually finish it off because usually they are expected and somewhat slow pacing so I got bored easily. But this series really got me hooked bad. Finished it in a week. Not sure about the popularity of the actor and actresses but I don't they are that popular? Compare to other drama series that at least have one popular lead. Anyway, definitely must watch!"
22,소년심판,Juvenile Justice will have you on the edge of your seat on every episode because of the many unexpected turns. I hope that there will be more seasons because there are plenty of shocking stories to tell.
23,소년심판,"This series has become one of my favorites, without any effort. I have always appreciated the detective, detective and investigative series, but above all series that take place in court. This series amazed me, the best I've seen.The protagonist, Judge Shim (played by Kim Hye-soo) is simply perfect, she has a very interesting approach to dealing with ""young criminals"" and gives them the right lesson to grow at their best. The backstories of the various characters are treated very well and manage to make you empathize with each of them, from the protagonists to the tertiary characters.I highly recommend this series, it is very interesting and is perfect for a marathon."
24,소년심판,"This is a serious drama that seeks to look carefully at the good and bad of juvenile justice in Korea. As usual for Korean drama that is achieved via a highly engaging story line that entertains as well as informs.Just occasionally the travails of Judge Sim, the key protagonist, lurch beyond credibility. But the propulsive plot and powerful acting keep you glued and almost succeed in cloaking these moments.Overall a highly rewarding watch that I recommend to everyone who has yet to discover the great strengths of Korean dramas."
25,소년심판,"ANOTHER UPDATE: I want to make sure someone unfamiliar with Korea is not deceived by this show or some of the information on this board. It seems I also have to define what ""dramatized"" means. The Korean legal system has a special set of laws for kids under 14. That is the main issue the show is trying to tackle. Some of the crimes depicted in the show did happen. However, the show has purposely lowered the age of the criminals to make it more shocking and fit the narrative of ""under the age of 14."" Lastly, ""NO,"" judges in Korea do not go chasing after suspects. When you take an actual event and embellish it with outrageous details, that's dramatization.UPDATED REVIEW: I've managed to watch a few more episodes. Unfortunately, I am lowering my rating from an 8 to a 6. While the subject matter is interesting and the acting remains strong, the show fails to deliver on many ends.The drama attempts to tackle a very serious issue that has been at the center of controversy in Korea for a while. The show is stacked with a solid lineup of veteran actors who have demonstrated their acting skills in dozens of works and I have no doubt that they will not disappoint here. Having viewed the first couple of episodes, I do find that the story is somewhat over dramatized. Perhaps the show runners felt that taking a more realistic approach may lessen the entertainment value. I think a more subtle approach may have been more effective in bringing the issue to the forefront of discussion."
26,소년심판,"The main actress has a stunning interpretation on this kdrama! She is fierce on her acting as she does on other kdramas as Signal and Hyena! This one caught me and saw all 10episodes in 2 days, each episode captures your attention and many cases were inspired in true crimes commited in Korea. Totally worth watching."
27,소년심판,"Ignore the paid-for, planted raves in the reviews here. Watch it for yourself. This is a big step down from other South Korean shows that have graced Netflix lately. It's pure lowest common denominator TV fare with outsized characters, silly situations and bad acting."
28,소년심판,"Very few tv series are able to illustrate and interpret social, humanity issues as thoroughly and deeply as Jevenile Juistice. Some of the most important should be ""It takes the whole village to raise a person"" and ""Everyone could be the victim."""
29,소년심판,"""The law can't protect all victims."" The bitter truth, no matter how much I think unfair it is, but it happens in our reality and this series just depicts the tip of the iceberg on how truly intricate the law is. From the officials to everyone involved in that. Juvenile justice is just so brilliant series that unlike any other legal series, it has that depth of their characters and also talks about young offenders in a way that not only entertain us but also give us some understanding how vulnerable children are that our actions, whether it's good or bad, would affect them greatly."
30,소년심판,"Inmaculado trabajo de principio a fin. Se nota el trabajo en cada detalle, cada diálogo, cada plano, y el trabajo del director. Un trabajo espectacular y super recomendable. Un deleite visual."
31,소년심판,"Drama pengadilan yang membuka mata sekaligus mencengkram perhatian anda akan ketegasan penerapan hukum dalam konteks anak dan remaja. Hong Jong-chan hadirkan beragam kasus 'nyata' yang dekat dengan keseharian mulai dari pelacuran, penipuan hingga pembunuhan.Menurut saya, pilot-nya yang brutal dan dramatis merupakan salah satu yang terbaik sepanjang sejarah K-series. Walaupun tensinya agak melambat di episode-episode pertengahan yang lebih bersifat dilematis tapi pada akhirnya dapat dituntaskan dengan epilog yang keji dan emosional.Acungan jempol bagi dua pelakon utama. Akting dingin Kim Hye-soo berbanding terbalik dengan penampilan hangat Kim Mu-yeol. Interaksi mereka terkesan menyiratkan banyak hal yang terhubung dengan masa lalu masing-masing. Tak ada romansa, hanya profesionalitas profesi yang konsisten.Pelaku atau korban, tindak kriminal kerap tidak memandang bulu. Series original Netflix ini secara gamblang mengingatkan kita akan keberadaan sistem mutlak yang mengatur masyarakat dimanapun berada. Sebuah pondasi kokoh yang patut direnungkan sembari dinantikan musim berikutnya."
32,소년심판,"And it is.Apparently it takes stories from headlines and delves into them - and dramatizes them. Like they do sometimes on all the Law and Order franchises.The two episodes that I just could NOT NOT NOT buy were when the judges themselves were soooooo involved in the cases and did NOT NOT NOT recuse themselves but jumped in feet first and fought to do so. It absolutely ruined the series for me. From then on - I looked for problems.Apparently Korean dramas are more dramatic than Western dramas are. That also put me off a bit, but not a lot. But some.This was a good series. Well done and worth the watch - mostly. But certainly not as sensational as others thought it was. And that's okay!Watch it and decide for yourself! I hope it's a 10 for you!!"
33,소년심판,"This series provides a freshness from the court or law series because it provides a new perspective on child crime. Unfortunately, the main character of the judge is too investigative and crossed the line that should be the domain of the police."
34,소년심판,"Good, but i think it's overrated. I would rate it 6/10. I thought it would be better especially after viewing the rating and reading reviews. Good story. Medium acting. Good background music. Season 1 contains 10 episodes."
35,소년심판,"Really fun for the first 2 episodes, after that the level of fun gradually decreases. A series that plays a big story, but when told, there is only water. There is no sharpness of the hot topic of the story left at the end."
36,소년심판,"Brief and unique is all I can say, it all based on real life crime. As a real life crime obsessed I approve that this really is happening to kids that lack of attention from parents/guardian but not all because in some case they're just psycho. I love how director just give 10 episode instead of 16 that make this even more interesting. Good job on this such a fresh ideas on k-drama content!"
37,소년심판,"Juvenile Justice.This is one of the newest korean netflix originals. As you could guess from the name, the show is about crimes committed by juveniles.The main character (Played by Kim Hye-Soo) is a judge in a juvenile court who hates juvenile criminals due to personal events in her past, and will go any length to punish the offenders.The drama is not all about showing juvenile crimes giving justice, but also protecting children from being exposed to these crimes.Hence the 18 rating, the cases in this drama brutal and graphic. Moreover, all cases are supposedly based on real cases...What is also liked about this was drama how thought provoking. It made me question myself and how I would react to the many uncomfortable and disturbing situations. I have found a new respect and admiration for juvenile judges, and never realised how highly Important the role can. Not only on laying the punishment of juvenile criminals, but also the oversight of the judges themselves. Going deep into their circumstances and what lead them down that pathI do feel there were some gaps missing from the criminals backgrounds, why did they end up like that?Overall I I thoroughly enjoyed this drama with a very unique theme, everything from the overwhelming storytelling and cases to the cinematography, directing, and especially the acting from Kim Hye-Soo."
38,소년심판,"Presented the roots of the problems our juveniles face today. The consequences of the parents not being involved in their lives. The need for more community support and resources for parents and families. The legal system is overwhelmed and backlogged with juvenile cases. Corruption in the government. What money can buy. These are true circumstances for modern day society.I though there was just too much profanity in the English translation. Personally, I don't think it represents the Korean people. I'm sure they have profanity, not the one the western world has, nor the way it was used in this series. I hope they tone it down if they plan to make further episodes."
39,소년심판," ""I despise young offenders!""
"
40,소년심판," Wow! Every episode brings a surprise
"
41,소년심판," Very dramatic but I like it.
"
42,소년심판," Judges should always have an unbiased and empathetic attitude to both
"
43,소년심판," Thats just the way the law is
"
44,소년심판," Is justice always served ?
"
45,소년심판," One of the best kdramas I've ever watched.
"
46,소년심판," A good series with good social message
"
47,소년심판," Kim Hye Su's amazing delivery
"
48,소년심판," Amazing, well-made
"
49,소년심판," I hope more people will watch this series
"
50,소년심판," Just watch it
"
51,소년심판," Great series
"
52,소년심판," It's a Movie Series NOT a documentary
"
53,소년심판," Very well written show.
"
54,소년심판," Unlawfully good
"
55,소년심판," Hooked
"
56,소년심판," ""It takes a village to raise a child.""
"
57,소년심판," decent
"
58,소년심판," Heavy
"
59,소년심판," Another Korean hit!
"
60,소년심판," Unexpected story
"
61,소년심판," Excellent Find
"
62,소년심판," Children need attention
"
63,소년심판," Another Korean triumph
"
64,소년심판," Perhaps too over dramatized
"
65,소년심판," Best suspense kdrama!!
"
66,소년심판," Decent but predictable TV series not up to usual Korean shows.
"
67,소년심판," It's not only about justice system. It's about every of us.
"
68,소년심판," a great series with more depth into it
"
69,소년심판," La perfección Sí existe
"
70,소년심판," Grab your attention from the get-go
"
71,소년심판," A friend said it was like Law and Order - But Korean
"
72,소년심판," Gives a new perspective but it's too dramatic.
"
73,소년심판," Not bad
"
74,소년심판," Really fun for the first 2 episodes....
"
75,소년심판," Wow just wow!
"
76,소년심판," A Very Unique Legal Drama
"
77,소년심판," Korean Law & Order
"
