,title,review
0,손theguest,"Story, acting, twist, and cinematography are very well done. You can't wait to watch next episode after every episode done. They almost make every episode feel like you watch movie, very tense horror thriller. Its really breakthrough K-drama you can watch. My self are really picky when come to matter of watch TV Show because in many case they can't hold the tension and excitement until few episode left out, but i can say ""The Guest"" are
managed to surpass that problem. The chemistry between three leads are very good and every scene about possessed are really creppy and believable. If you really like horror, with thriller, suspense, excorsist, i strongly suggest you to give it a shot to watch this series. Its pure tense without some unnecessary love scene like other mainstream K drama."
1,손theguest,"Guest isn't a typical Kdrama. Rather than horror the highlight of this dramas is Friendship. Every second of this drama is worth watching and there no single scene is boring or need to skip. The cinematography, acting, script, costume everything is amazing. Don't miss out this gem. One of the best korean dramas in 2018."
2,손theguest,"Other than the fact that this is not your typical K-drama, the Guest is not your typical drama either. Every episode of it will leave you on your seats, wanting more, making this one of those amusement park rides you don't want to let go of. The acting, directing and story are all woven together from end to the finish. Watch this masterpiece because it is completely worth it."
3,손theguest,"I usually avoid horror, so I missed this one when it first came out. Then it popped up on Netflix this month, and because of being confined during COVID like millions, I decided to try it. The entire cast is wonderful, the writing and direction superb. And yes it's scary in places but also deeply moving in the building of relationships, and a young person becoming what he was meant to be. However, I did think this could have been done well in 12-14 eps as the last ones felt repetitive and draggy. But I liked the series very much."
4,손theguest,"If you love thriller ,mystry then it is definitely for you
It is the best korean drama in 2018 i can say to that
If you have seen signal defendant you should definitely see it it will keep you at the edge of the seat till the end of the show
You 're gonna predict wrong i can say that juat
Just see it youre gonna enjoy it
Every episode is super exciting!"
5,손theguest,"This show was all around a great watch. The horror elements were very well done - I found the first half of the show to be very scary and creepy. The soundtrack is excellent and along with very good cinematography this is a well-crafted horror drama that was compelling and held my interest to the very end. In addition there was very good acting, and a satisfying ending that made sense, tied everything together, and was deserved. I would definitely recommend this to any horror/thriller fans!"
6,손theguest,One of the best horror series I have seen! Although some of the plot device were very frustrating; especially the one where people did not communicate with each other. But that is a plot device used in most horror movies/series. In this case it just would've made a shorter series. It still leaves it - awesome.
7,손theguest,"I really enjoyed this tv show. It was scary at times but never too much.
The story was well written and the last episode was particularly good.
Definitely worth watching."
8,손theguest,"It was an amazing show, I never leave comments or reviews so this is definitely saying something. I just wish that Yook Gwang didn't end up being killed and that Park Hong-Joo was found out and didn't have to live a happy life since she was pure evil! Overall absolutely loved Priest Choi Yoon (Kim Jae-wook- Coffee Prince and Her Private Life) and liked the other two leads Kang Gil-young (Jung Eun-chae- The King Eternal Monarch and The Great Battle) and Yoon Hwa-pwung ( Kim Dong-wook- Coffee Prince and Trade your love)."
9,손theguest,"The Guest: South Korean series about Shamanism, Possession and Exorcism. Sohn (Guest) is a powerful Demon which uses lesser Demons to possess people who then go in to kill their families. In episode one we get the back story of a taxi-driver (also a Shaman), a detective and a priest. Twenty years ago they met up on a fateful night when Sohn was loose, and struck at their families. Now in 2018 the trio meet up again, determined to vanquish Sohn. We see how people mix Shamanism with Catholicism, how even an Exorcist can fall victim to the Demon. The possessed levitate, have superhuman strength and stab themselves in the eyes when they have slain their victims. Dark, disturbing and satisfying! Directed by Hong-sun Kim, written by So-ra Kwon. On Netflix. 8/10."
10,손theguest,Best drama I've ever seen in my whole entire life !! And this is also the first korean drama that made me rate and review it on IMDB!
11,손theguest,One of the best shows out there on Netflix. Engaging from the beginning till the very last minute. Every episode is brilliant.
12,손theguest,"I struggled with the first few episodes, getting used to reading subs, I found it difficult with the poker face expression on the priest but as episodes went by I could see it was all in his eyes. It wasn't long before I was totally gripped by this well crafted Korean show. The actors who played the leads did an excellent job of conveying pain, strength and friendship throughout, considering the priest barely smiled or spoke. Totally mind blowing story with twists and turns. Do Korean shows not show intimacy and romance? Weird how the main leads showed no interest in romantic relationships. Not be missed."
13,손theguest,"I have rated this 10 out of 10 as I think this is one of the best horror I have seen so far. This is not a Korean typical drama. The story line, the acting are just perfect.
Even though the horror is about exorcism and possessed people highlighting today's society problems from a different perspective, the main story focuses rather on friendship. I strongly advise you don't miss this one!"
14,손theguest,"OCN produced a modern horror classic in 'The Guest'. High production value, solid storytelling, memorable acting and a unique blend of Korean shamanism & Catholic tradition. The pilot episode (ep.1) is arguably the most perfect pilot episode in Kdrama history. The tension in the story builds up and up and reaches a satisfying climax and conclusion. Recommended."
15,손theguest,Great story and acting. Primarily a drama with some horror. I binge watched it on Netflix. Shows rarely reel me in like this. Highly recommend!
16,손theguest,"I wish many people who love maniac occult would enjoy this TV show with various languages 
I tell you I'm pretty good at horror shows, occult stuff. However, this is obviously beyond most of exsting occult stuff.
This show is an accomplishment of Traditional Korean superstition and Western occultCaution: If you have a trouble with sleep, I recommend you to avoid watching the show before get to bed. 
Also, if you're not that good with horror stuff, you better prepare spare panties. Do not watch the show by your own!"
17,손theguest,"If I'd praise a series for being an excellent example for character development , for sure it'll (The Guest).It's well written that the main characters are integrating , a Wise one ,an emotional one and a fearless one.Everything is connected to target the main event , even if side story is introduced , it cumulatively contributes to that final act.Each episode is filled with all kind of genres with a thrilling pace encapsulated with a horror theme , there are moments where a rollercoaster defines the greatness of each episode.Directing is perfect , cast is well chosen and music is epic.This one of my favorite korean shows and I like to see more of this."
18,손theguest,"I am still watching this amazingly fantastically good show. i am in Ep3 and wishing the series don't end. I can't get enough of it. I watched alot of K-Drama in Netflix, Crash landing on you, Under the rain etcetc. Each one is good on its own category. This one ranks one of the top ten, that's why I gave it a ten.
The acting is great, photography is top-class, equal to any Hollywood can offer. No expense spared to bring the audience to seaside, to the wide open fields, to dungeon, dives, dirty smelly tunnels. The list goes on. The Production goes the whole nine yards to deliver a high class horror movie, not filled with blood and gore, but enough to keep the viewer at the of the seat. It's that good. I'm gushing I know, and I'm unshyingly admitting it. Don't believe, go check it out, see if you don't agree. finish at least two episode and see if your tongue don't droll for more more more. who knows, you may even overtake me in your binge. Enjoy. Thank me later."
19,손theguest,"It took my some time and a lot of thinking to start this one as I thought a horror centred plot wouldn't interest me. But obviously I was wrong. I enjoyed each episode of it, well done characters with no extra/irrational traits. Would've loved to have an extra episode of the 3 friends (main characters) just having free time and enjoying life. The ending was a bit rushed but I feel that's the case with most of kdramas. Can't complain tho. Had fun watching it, really recommend."
20,손theguest,This is exactly what has been missing from the horror genre.Fantastic writing and superb acting from a perfect cast.I really hope they continue 🙏
21,손theguest,"The story is original in choice of the subject and fascinating, although the second half part of the story was a little spent.
The description of humanity and friendship were impressed, It's still worth watching"
22,손theguest,What an amazing series. The storyline was brilliant and griping until the very end. The acting was some of the best ive seen and it kept me guessing the whole time. The 3 exude friendship and love in a way that is not conveyed through the physical. Easily one of the best series ive watched
23,손theguest,"I dont know about others. But this series brought teaes to my eyes. Feel lucky I came across this.
Horror, script, presentation, emotions, friendship, what a BLEND!"
24,손theguest,"Seen the following scenario before?
An evil being that invades peoples' minds causing them to kill (usually bludgeon or stab) and can move from person to person. Detectives who don't believe in such spirits. Catholic priests who perform their exorcisms.
Not too creative; done too many times before. Nothing new to differentiate."
25,손theguest,"What a great piece! The chemistry of the cast, the story, the acting, especially the script! I love all of it!
one of the best drama I've watch from 2018!!!MUST WATCH!!"
26,손theguest,"Amazing storyline and satisfying ending. Could not have asked for more. The horror part was definitely there, but in such a good way. Also the friendship part was very emotional to see throughout the episodes."
27,손theguest,"This show has a dark, promising start. Sadly, the shows characters become so idiotic that you start rooting for the villains. I honestly wished for the victims and the protagonists to be killed off because they were so stupid..."
28,손theguest,"Nothing that was really outstanding with this series. It was like ""Fast food/drive-thru"" exorcisms. One character says exorcisms would take months or years. Anyway, it's always fun to see how the writers have the characters get out of weird situations.It was okay to watch because I had the feeling that it was going to be fairly predictable."
29,손theguest,"So i only could take one hour of this maybe you all like, it not me"
30,손theguest,"Perfection ....makes Hollywood look like amateur crap. Hollywood actors are so bad looking these days,,,huge foreheads no upper lip...here casting is beautifully done... perfect selection... perfect story...so interesting....every episode is great....great acting from every one... hope Hollywood doesn't steal it and put their crappy actors and spoil this beauty...hats off."
31,손theguest,"It kept me guessing , which I love. Acting was great, and characters were likable. Took a little to warm up to Father Mathew. I really like the way the South Korean entertainment community can combine humor in whatever genre is being filmed. For those who haven't seen them, Black (occult) and Prison Playbook ( prison & sports) are as good as The guest."
32,손theguest,Highly recommended to watch this series. You will live the trio as well as the whole vibe. Loved it so much.
33,손theguest,"Best korean show I've watched so far, the bgm is awesome, really love the song somewhere, every moment is special in this series, never get bored"
34,손theguest,"Best K-drama i have seen, i literally don't like K-drama but this one is mind-blowing. 16 episodes later i realized um obsessed with this series."
35,손theguest,"A policewoman, a priest and a shamanic taxi driver come together to try and stop a murderous spirit which can control other demons and make them possess normal people who then become vicious murderers. The three all have links in the past where members of their family were murdered by these demons. It is a well acted and dark series although I think it could have been shortened as my interest waned in the middle."
36,손theguest,"Horror, drama and mystery!
Congratulations to the director!!
Great performances and a mind-blowing story!!!"
37,손theguest,"Why is this show so underrated?!! Its a tad too dark, but overall great story, decent actors, good flow, gripping scenes, keeps you hooked.. not your typical kdrama, but absolutely worth a watch if you don't mind dark and gory stuff!"
38,손theguest,I usually don't review till I watch the complete product but I can't with this director... everything is obvious but it's played as if not. Director shots of scary scenes seems to be the main focus of this compared to telling a story. I couldn't even finish his other drama black.
39,손theguest,"It starts off very good for me atleast but in the middle it starts to fall off and i didnt liked the ending that much, but certainly a good show to watch it has creepy/paranormal/ crime drama vibe, not a typical k-drama no romance in the series."
40,손theguest,I have seen hundreds if not thousands of horror movies. Usually I am bored and not scared. My favorite movie of all time is The Exorcist and that scares me every time I watch. When I watched this series I was blown away. The acting is superb. The writing is awesome. The background music is creepy. I Don't rate many shows as a 10 but this one deserves it!If you like being scared watch this in the dark with the sound turned up.... I am pretty sure it will freak you out.
41,손theguest,Reviews that I have ever seen reviewing a film/series on IMDB. Seriously nearly every single one has only one review by the reviewer and guess what...they are almost all 10s!!!!!!!!!!!Now for a legit review. It is a good series. It is a bit on the gory side so if that bothers you either fast forward or deal with it. I do like the fact that there are not so many goofy comic effect moments that you see in so many of these series as well.
42,손theguest,Very good if slightly drawn out show. It suffers from the same melodramatic tone that a lot of Asian shows suffer from but only occasionally and not enough to detract from the main storyline or the excellent actors from the main guys to the side characters.
43,손theguest,"I will surely missed the beautiful friendship bond of Hwa Pyung, Kil Young and Choi Yoon.Great series for this genre."
44,손theguest,"I was very interested to get a change of genre in K-Drama. Interesting start, but the three main characters are just very frustrating to watch. Very obvious script with no twist. I personally couldn't handle the main character dude who just seems so narcissistic. I got tired of the dude after three episodes. It's really too bad because episode one was captivating. Don't waste your time."
45,손theguest,"I truly enjoyed everything about this show except for the female lead. I feel like they made her so unlikable that it threw off the whole show. I understand that she is a stubborn cop but they take it to far here and make her heartless. I cant connect to her like I can the other 2 leads. To me she spoiled it. Whenever I saw her get smart with someone, yell at someone, or dismiss people for her own viewpoints i wanted to turn it off. Without her I would've given this show 5 stars but because she was such a central part of it only 3. 1 spoiled apple can ruin the bunch. Maybe next time try not to make her such a rude and hateful person."
46,손theguest,"I would say this drama is by far the best korean drama I've watched.I was hesitant to start it at first because it was a horror genre series. Not my typical Korean drama genre I opt for. But this drama changed my perception for horror genre. It was so mind-blowing. Not because it was scary or whatever, it's just pure good acting and the storyline.Hard to believe they've managed to pull off a korean drama to be so good without any romance being involved. Yet, the chemistry between the main casts are so well portrayed and you can literally feel it. Still can't get over the bond between the casts and the soundtrack is so on-point. Brings out all the feels in you.You tend feel to feel so much mixed emotions while watching this. I'd cried my eyes out for few of the episodes as well.Overall, it's just a perfect drama with an A class plot. Some horror dramas tend to be illogical or fake sometimes but this was well-scripted with great acting by all the cast.Go watch to all that are having second thoughts on whether to start the series or not. You'll never regret it."
47,손theguest,"The show grips you from the first episode itself & has many layers to it. The highlight of the show is the bond between the 3 main characters & their struggles to reach their objective. The additional characters do their part well and contribute to the overall experience. The cinematography, settings, editing and atmosphere of the layout is superb. At times scary & intense but the heart of the story is the extraordinary bonding between the primary characters.Another area that adds up to the success, is the background score and the solo track 'Somewhere'. It brings a very emotional outburst to the show's flow.A tight storyline and beautiful performances by the characters brings to life a very enjoyable & thrilling experience...Overall, do not miss this show & I really hope the creators work on a season 2. Thank the creators & artists for making this such a memorable show."
48,손theguest,"I really wanted to like this series. Actors are good as well as the cinematography. I also thought the main characters are great, with Detective Kang being my personal favorite. She def knows how to kick some a... even though her fighting skills seem to be almost gone by episode 6. N that's what ruined the whole series for me - the writing. First of all, I'm not sure about the cultural background but everyone at the police force apart from her seems to be completely stupid, then suddenly everyone is stupid - character decisions and reactions that make absolutely no sense at all. Worste being the demon/ spirit that keeps people alive and has his mandatory rant, just that people can be saved by some last minute deus ex machina event - it totally ruined the immersion for me. Overall a decent series with some huge plotting deficits, if u can get passed that, you're gonna have some escapism at least. As for now I'd give it a 4 if it wasn't for badass detective kang."
49,손theguest,"Great acting from the two male top actors and others also are truly great especially the possessed ones. Great effects that are actually done not much VFX or CGI.It kinda gets loose at the middle part but the starting and the ending is epic. Totally recommend it if you like exorcism and people getting possessed.Sound track is beautifully putted to intensify the feelings and there is no romance so if you don't like romance, it's your go to."
50,손theguest,I almost died from a heart attack. This series almost scared me to death. I don't usually watch horror themes but this series hooked me. The acting was superb. I loved every second of it. It kept me on the verge of a breakdown but I finished one chapter and had to start the next one right away. Although with the heart in the hand . Wow!!! I congrats you!!!
51,손theguest," The Best Korean Drama In 2018... Its Feel Like You're Watching Movie
"
52,손theguest," Amazing Show
"
53,손theguest," This show needs to be watched.
"
54,손theguest," Excellent Series
"
55,손theguest," Believe me you dont wanna miss this super amazing show!!!!!
"
56,손theguest," Well Written Horror
"
57,손theguest," Excellent
"
58,손theguest," Great thriller tv show
"
59,손theguest," Amazing!
"
60,손theguest," Good SK Horror
"
61,손theguest," BEST DRAMA EVER
"
62,손theguest," Awesome South Korean horror!
"
63,손theguest," Fantastic Korean show
"
64,손theguest," The Best Horror TV series I have watched in 2018
"
65,손theguest," A horror masterpiece.
"
66,손theguest," Thoroughly enjoyed!
"
67,손theguest," Such an awesome TV show!
"
68,손theguest," You're the guest of this generous show
"
69,손theguest," So Good
"
70,손theguest," Was skeptical of the genre but loved it!
"
71,손theguest," Absolutely incredible
"
72,손theguest," So lucky that I found this drama
"
73,손theguest," Absolutely bloody brilliant
"
74,손theguest," HEARTWARMING HORROR
"
75,손theguest," Not in My House
"
76,손theguest," Great Piece!
"
77,손theguest," Amazing
"
78,손theguest," Promising start, only to go downhill
"
79,손theguest," ENTERTAINING
"
80,손theguest," one hour was enough, no thanks
"
81,손theguest," Beauty
"
82,손theguest," Thoroughly enjoyable
"
83,손theguest," Absolutely loved this series
"
84,손theguest," BEST!!!
"
85,손theguest," Best K-drama
"
86,손theguest," The sea devil
"
87,손theguest," This is a gem!
"
88,손theguest," Amazing show, loved it!
"
89,손theguest," It's the Director
"
90,손theguest," Descent tv series
"
91,손theguest," Not many worthy of a 10 rating. This is!
"
92,손theguest," Unofficially these are the most phony
"
93,손theguest," Top class
"
94,손theguest," Not your ordinary ghost story
"
95,손theguest," Frustrating Chemistry among the three main characters
"
96,손theguest," The Storylines were great, the female lead...
"
97,손theguest," Not your typical k-drama genre but you'll never regret watching it
"
98,손theguest," Beyond Amazing...
"
99,손theguest," Getting increasingly harder to like it the further in I get
"
100,손theguest," Personally it's great
"
101,손theguest," Fantastic!!!!
"
