,title,review
0,술꾼도시여자들,"This drama was so refreshing and different from most kdramas. I really loved the strong female cast, and also their relationship in the show. I'm so excited for season 2, and I looking forward to seeing more scenes from Jigoo!"
1,술꾼도시여자들,"Korean Drama ""Work Later, Drink Now"" is a heartwarming drama about a beautiful friendship.With some romance, enough comedy, and the right amount of drama and tragedy to keep it real, the drama was short and enjoyable. It has a lot of drinking, yes, but it is more than just three girls having a good time. It has some crazy moments, along with a realistic plotline and a smooth outcome. The choice to add some of the previous moments of the three friends was a smart choice, however, it messed up the timeline and, sometimes, it even confused the story. Still, the dynamics between the girls were strong and that might carry the drama to a possible second season.As for the performances, everyone did a great job with their performances.So, overall, 7.5 out of 10."
2,술꾼도시여자들,"Can't wait for season 2, I wasn't expecting it to turned out this good, I laughed a lot and cried a lot, I'll definitely watch it a second time, loved all the characters and I truly can't wait to see how their story will develop."
3,술꾼도시여자들,"It's a nice drama, just like normal lives of Korean people with humourous comedy.A good romance between the hero and one of the lady. I'm on ep 9 Don't know how would there lives comes to. Just a fresh, & good drama of lives from women's perspective."
4,술꾼도시여자들,"After the first three episodes I thought: ""Wow, this is an instant cult classic!"" It's just about drinking and the glorification of alcohol is incredibly hilarious.But... I don't know... maybe the writers panicked half way through, that they created the perfect drinking-comedy and so, for some reason, they unfortunately HAD to add stories for each main character to add some drama. And those stories are pretty generic and not even that good.From there it's still funny, but the (sometimes very) serious undertone in the second half of the 1st season just doesn't fit to the outstanding start."
5,술꾼도시여자들," Loved the friendship
"
6,술꾼도시여자들," Good Enough
"
7,술꾼도시여자들," Surprisingly good
"
8,술꾼도시여자들," Really good to see- Life's of three different ladies
"
9,술꾼도시여자들," Could have been the perfect comedy-series...
"
