,title,review
0,스물다섯스물하나,"Twenty-Five Twenty-One is one of those series that has tropes of other romantic K-Dramas, but is more concerned with characters and story revolving around them, rather than meet-cutes and overbearing romance.Twenty-Five Twenty-One is a show About aspirations, conundrums that young people often face as they try and figure out who they are and what they want their life to be; the pressure to have certain ambitions and a life plan mapped out ahead of you.Kim Tae Ri as Hee-Do was amazing as the main lead, comical yet mature at times, jolly yet serious about her ambition. That makes her a well written character. Although I do think that there should have been more backstory for Baek Yi Jin since he is the male lead and we heard a number of times about his part, but didn't actually encountered even once.The story was well developed, even with the supporting characters and the constant shift between in the chronology was well maintained. Twenty Five Twenty One is a show that combines many elements such as romance, drama with comedy but above all a coming-of-age story. It's a story of youth that sees life in various colours and makes us believe that certain things may not be forever, but it should be enjoyed until it lasts..My Rating : 9.5/10."
1,스물다섯스물하나,"Kim Tae-ri is always a pleasure to watch. It is the fourth thing I have seen her in and each of the parts are so different and yet delivered totally convincingly. Here she does a marvelous job of growing up before our eyes.The fencing milieu is another reason to watch this drama. It is a world that is entirely new to me and interesting to discover.K drama is so good at giving us real, rounded relationships and that quality is deployed effectively here. The 5 central protagonists each successfully define their own space in this drama through their interactions with the other characters.My reservation is with the ending, which detracted from the joy that preceded it - for me at least."
2,스물다섯스물하나,What else do u need to watch a drama !? This series a full package of everything u want!! And the cinematography of this series is extra plus point which make me hooked up with this series!! The starting of this drama was in a unusual way which was interesting to draw our attention..then the plot was totally like boom... this is what u were waiting for to watch!!Beck Yi Jin's struggles between dropping dream and choosing responsibility and Na Hee Do's determination for her game and the friendship of 5 struggling students in their early 20 nothing could be more better than this amazing plot !! After a long time Netflix brought us something worthy of watchingEnjoy watching 25/21.
3,스물다섯스물하나,"There is a lot of debate over the last episode. It's either 0 or 1; meaning to say a reviewer either liked it or didn't. The other episodes have all same ratings; people loved them, if to say so in a short sentence.I also wanted to understand the real intention of creators, when they showcased the last episode; where the primary purpose was to portray break-up in a bold and comprehensive way. Maybe the intention was good, but somewhere I felt few pieces missing or not given justice. I would like to elaborate that here.The two leads: Hee-do and Yi-jin drifted apart, mainly due to their job and workloads. While Yi-jin had to fulfill his commitments after his family's bankruptcy, Hee-do never liked her mother's job, because she never spared anytime for her. Now when Hee-do faced the same challenges through Yi-jin, she thought best to part ways due to known/unknown situations she was already afraid off, rather diving into them again. I would say, yaa, a person in early twenties may think so, but that should not be the case.Let me now jump to Yu-rim family. Her hard working father mostly remains outside driving his van. Her mother runs a restaurant. Inspite of poverty challenges, they live happily. Yu-rim waits for her father, sometimes for months, and even drinks with him behind her mother: that's called love, that had come after sacrifice and patience. The patience here personfies the trust, the family had on each other.When Hee-do broke up with Yi-jin, the primary reason was the time that he couldn't offer her, as he used to. Yi-jin always knew about it, and yet he moved forward, thinking he could manage stuff, she would understand him.Now I have a question here. Would it have been the same if the two had got married? Or after a child? That's where the echo of problems start resonating. It should be the trust that should have kept them together. Out of that trust, they should have worked up to find a solution of their nascent stage problem rather jumping into conclusion of breaking up. As per me, break up is never an option after you have met someone who stands for you, keeps you smiling, beckons you when it's wrong, appreciates your success and above all, with whom you feel safe. If a job was the crux of your breakup, then either your love fell short or it was always a crush.8 stars for all the other episodes except last."
4,스물다섯스물하나,A young girl tired of learning ballet and angry with her mother goes to stay with her grandmother and whilst there she begins to read her mothers diaries from her youth. Her mother was a successful fencer who competed in the olympics and the main core of the series is her mothers rise and her relationships with those around her. It is an interesting story where whilst pursuing her fencing career she is estranged from her mother and is attracted to a man four years her senior who's parents have gone bankrupt and he is struggling both financially and emotionally. Initially they help each other as friends and provide each other strength and support for them both to do well but overtime the feelings become much deeper. Lots of interesting side characters and the secondary story of the daughter realising the struggles and heartbreak her mother went through is well done as most children forget that their parents were once young and irresponsible. A really enjoyable series which is well directed paced and superbly acted by the entire cast.
5,스물다섯스물하나,"Only four episodes have been released yet and I'm already in love with all of the characters! The story is so inspiring and wholesome. The leads have amazing chemistry. Na Hee Do is definitely a memorable character and reminds me so much of Doek Sun from reply 1988! If you're looking for a K- drama with a similar vibe to Reply 1988, this is it."
6,스물다섯스물하나,"For some reason ..whenever I watch a new episode of Twenty Five Twenty One..I find myself checking how long I still have left till it ends..not because I'm bored ..but to see how much more of its goodness I still have time to enjoy..it's that precious!A beautiful series with wholesome characters that deserve the world ! It fuels some nostalgia and makes you revisit those sentimental times of your first love..
It has one of the most gorgeous scenery..every frame feels like it's taken from a Ghibli movie!"
7,스물다섯스물하나,"This show was a bloody masterpiece - the characterisations, the aesthetics, the writing, the storytelling techniques... all of it was incredible. It's nostalgic and heartwarming yet portrays the mundane nature of reality and how youth simply drifts away, which I find to be the saddest portrayal of all. I cried throughout the entirety of the last episode. Genuienly beautiful and thoroughly enjoyable: I highly recommend everyone to watch Twenty-Five Twenty-One!"
8,스물다섯스물하나,"I went into this drama because it's Kim Taeri's second drama and I always crave more content from her. Safe to say it was an absolute delight to watch her,she portrayed the character of Heedo so perfectly. The whole drama was a delight, up until ep 13. After that,things just went haywire gradually and it seemed like the writers didn't even know where the drama was going.The drama depicts growing up and the responsibilities that come with it quite perfectly. Youth,friendships, first love,all nostalgic aspects portrayed beautifully. The characters, even though some Remain unlikable till the very end,all had some form of growth.I don't understand how they messed up the last episode so royally...the characters' decisions just don't align with their personalities and how they have been throughout the drama. It feels like a sad ending just for the sake of it. It was also very abrupt and we don't even get to see what the ML is upto in the present.Still,the actors and cinematographers all did a fantastic job worthy of praises. Nam joo hyuk has shown a lot of growth as an actor too and I hope to see him in better written projects in the future."
9,스물다섯스물하나,"This story is so satisfying, nothing seems forcefully added and no over exaggeration.Overall a great storyline along with awesome character building process and division off story in arcs is great as well.And actors chemistry is the best especially Na hee do (Kim tae-ri) and Ko yu-rim (Bona).I highly recommend this K-drama to all ."
10,스물다섯스물하나,"Amazing!!!! CANT wait for the next episodes. It has romance,motivation,friendship,funny scenes and it is set in the 90's..what else could u possibly ask for??Koreans did it again❕❕"
11,스물다섯스물하나,"Update: wonderful episodes 1-15. Then they completely messed up last 30 minutes of episode 16. I was hoping for a surprise ending but no - they decided to disappoint.I am so distraught with the ending.-----------------
Nam Joo Hyuk does very well here so far. There's something about the way he uses his eyes that allows few words to be spoken yet the intensity of his emotions can be felt.Kim Tae-ri does well too, but needs to tone down her theatrical gestures and speaking. She'll need to remember that in a smaller screen, theatrical movements and delivery of lines can be off-putting and jarring.Story is refreshing. Can't wait for the upcoming episodes!"
12,스물다섯스물하나,"Originally gave this 10 stars but reduced it to 9 after the last 2 episodes. The first 14 episodes were captivating and one of the best dramas in a long time. Also the 2 leads had such chemistry that you couldn't help but get addicted to their love story. The subject matter in Episode 15 was a no no for me. Being from the US I have not even been able to watch anything on TV about that subject as it is much to painful, and it is not something I was expecting. I feel it was without warning for those that may have real feelings about that day. We all remember where we were on that day, and what we were doing and some of us don't want to remember it. I watched it only for Nam Joo-hyuk in the beginning when I searched for his name, and as it turned out I watched the last 2 episodes only for him too because I invested so much time in the series already and he is my favorite actor. So that says a lot about him as an actor as I appreciate his work and still do."
13,스물다섯스물하나,"Different but very warm drama. Between the hyper girl and cool guy, comes the unique '90s vibes as well as the beautiful cinematography, coloring, and music to give us a great viewing experience. I hope it continues like this and I really expect that.."
14,스물다섯스물하나,"This drama just too good to potray youth which shines and bright that we wish to had it too. We could feel it so precious as we expect it will ended with high expectations for the main lead couple and also the whole characters to keep their relationship like that as it'll lasts forever. After finished episode 16 I also went through phase denial, anger and felt wasted my time and not even thinking that I could rewatch the entire series again. But, as the times pass by, I tried to look back at what was the writer would like to convey through this ending.Turns out that the relationship between Yi Jin and Hee Do was not like the typical couple you know in other dramas. That kind of love they had was rooting for each other from the beginning, and they were still have it even after they break up and time passed. It will be great if we could have them married to each other. But, we knew that the break up does not make them regret to loving each other. They have genuine love to rooting for each other and this kind of love may lasts forever. I could find this is so meaningful and beautiful.We don't need to know how is present Hee Do, Yi Jin, Yu Rim, Ji Woong, Seung Wan have been doing, to whom Hee Do marry, is she divorced, how is Yi Jin things are in Hee Do's room, are they still hang out together. They are not necessary since this is a story of Heedo who regretting her fought with Yi Jin and break up with hurtful words. It haunted her and she couldn't take any look back to her good memories even with her friends. Same like us who can't recall the episode 1-15 after watched the ending of this series. After she found her diary back, and found out that Yi Jin has read her honest words, and Yi Jin reply with his words too, she could feel ease in her heart. Because that haunted her is she wished she could altered the words she gave to Yi Jin when they break up, and turns out they had heart to heart conversation through that diary. Now she can recall her good memories with all her friends including Yi Jin, embrace them again and treasure it forever.This is a rare drama that comes up with well written storyline, beautiful cinematography (can we call it as an art? The details are just wow!), I can invest in all the characters individually and also bond is shown in this drama. Thank you for all of them behind this drama, for not focusing in the main lead, but gives everyone depth development. All emotions are so real and relatable. This drama just keeps on getting better and better in each episode, even I could find the colors from the sorrows of the ending after days of depression. We really went through what Hee Do feels.Accepting this drama in that way, so I can rewatch again and again this series as Hee Do treasure her youth. The feeling of waiting for this drama to air every weekend also does not lasts forever. But, I will not forget that this drama has comforted and encouraged me the most since first aired. Thank you 2521 for the beautiful story of life!"
15,스물다섯스물하나,"I started this series just for Nam Jo-Hyuk but i became an instant fan of Kim Tae-Ri. She made the character of Hee-do come alive with her acting. The story looks promising and all the characters are great.Some scenes will definitely make you tear up a little. Nam Jo-Hyuk is doing a great job at portraying Baek I-Jin's character.Looking forward to what this story will develop into.The series has officially ended and took a piece of my heart away with it.Words cannot express the happiness, sadness, grief, and all the other emotions I have felt while watching this series. I laughed with these characters and I cried with them.A perfect story in every possible way. All the characters are brought to life by these actors. I have loved Nam Jo-Hyuk for a considerable amount of time, but from now on he will be Baek I-Jin for me.The last episode, though sad, was amazing in every respect. Baek I-Jin and Na Hee-Do will be each other's first love forever, and that in itself was beautiful. Hats off to the writer, director, actors, and the whole staff for making a drama as great as this one.I will definitely recommend this drama to everyone."
16,스물다섯스물하나,"A mind refreshing start of Twenty Five Twenty One!! Really enjoying till now !! Students at their early twenties dealing with theirs family problems and also The IMF crisis how affect their lives showing in this drama!!Cast :
Nam Jo Hyuk and Lee TaeRi the perfect cast ever I've seen as far now !! They both are playing their role so smoothly that it seems like we are really living in 1998 ! Na Hee Do's dedication towards her
sports is really ambitious.Hope it will continue being this good and make us feel more refreshed <3."
17,스물다섯스물하나,It's only been one episode for me but it's brilliantly written and performed..excellent balance of humor and emotion. All about persistence in recovering dreams in the midst of a financial crisis.
18,스물다섯스물하나,"A fresh concept, about the nostalgia of the past and how beautiful it is to be young with friends. Reminiscent of the preciousness of some items in the past that will not be replaced by technology. One of them, of course, is a diary. I like the selection of sports that are rarely shown on the small screen, namely fencing can make people interested after watching this. But I also wonder if this sport is that famous in South Korea because this series seems to show that South Koreans are very enthusiastic about this sport. One of them was the reaction of people when Yu Rim changed nationalities. I will also highlight Nam Joo-hyuk who previously played in Start-Up which I didn't like about the series. This time he was given a better but not very good role. Especially when his role has reached a good career stage as a news reporter. He seemed to be made unprofessional especially when in the sports division. The greatest appreciation is given to Kim Tae-ri, who at the age of 30 was able to play a super-super-successful schoolboy who covered his 30s. This is why I somewhat compare it to Reply 1988. One of the reasons is that Tae-ri reminds me of Lee Hye-ri's success in playing Deok-sun."
19,스물다섯스물하나,"Watching after completing stressful exams, it is so much refreshing. The whole casts are awesome from their parts, waiting for the upcoming episodes..Highly recommended."
20,스물다섯스물하나,"This drama is very inspiring..
There are many moral messages that can be learned from this drama..
Good serial drama.. LOVE IT.Hope it will end with HAPPY ending.."
21,스물다섯스물하나,"Review By Kamal KTo start with, the vibe of the show is pretty much perfect. I really loved Na eedo's character and how the themes were incorporated into the show, dreams, efforts, happiness, friendships, different types of love, supporting each other from afar...it was all just really beautiful. I still love all the friendships in this, and for the most part the time jumps were done really well with us seeing how the characters grew into adulthood and went about their lives after growing and learning from each other.Kim Tae Ri and Nam Joo Hyuk starred as main leads and potential lovers. Kim Tae Ri added a likeable charm to her onscreen persona, HeeDo. It is a difficult feat at times for an actor playing the role of a younger character to adopt specific mannerisms or characteristics in order to make their performance feel authentic.Overall, Everything up until the last two episodes was great, interesting and had me enraptured. I would recommend this drama."
22,스물다섯스물하나,"Very refreshing drama and really sweet, but what makes it stand out is certainly Nam Joo Hyuk! He is wonderful in every way. His eyes, expressions, body language... make every scene he is in so much more intense."
23,스물다섯스물하나,"Yes it is for sure it would hit
And indeed it has something or I say it has everything to get so
Nomatter whatever happen but it is a cake that everyone one on their birthday."
24,스물다섯스물하나,"Loving this series so far, the story, cast, editing, sound... its definitely worth watching. Joohyuk is a gem, he only gets better with each project and Im sure he will be making good for years to come. Taeri is a bit too much here, always screaming but I just figured its part of the portrayal. I have never been annoyed by a hairstyle, does it really have to be like that? I feel like combing or cutting it every time she's in the scene.I love the story and the message its conveying, the hardships, determination, being understanding to others in their lowest days. This is not a silly, rom-com piece, its a drama with just the right balance of fun acts. Overall its definitely something you should watch."
25,스물다섯스물하나,"Ongoing in high power.The story is set in 1998 and tells the stories of youth who find new direction and growth after having their dreams taken away. Two people first meet when they are 22 and 18 years old and fall in love years later when they turn 25 and 21.Na Hee Do is a fencing athlete whose high school team was disbanded due to the IMF crisis. Although her dreams appeared to have collapsed in front of her, she forged ahead into her future without giving up. Baek Yi Jin is the eldest son of a family that is torn apart due to the IMF crisis. Despite his difficult background, he works hard to become a reporter.Go Yoo Rim is a fencer who is on the national team, and the rival of Na Hee Do, who is the same age as her. Although she showcases a fierce charisma as a fencer, she turns into a cute and lovable person with a hidden steely core when she takes off her fencing uniform. Moon Ji Woong is a social media star who is aiming to become Today's Member (a highlighted user) on Cyworld, Korea's top social media network of the early 2000s. Ji Seung Wan is the top student at school who hides a secret wish to rebel."
26,스물다섯스물하나,"I don't think you will regret watching because the ending could be better. It's about love, friendship, dreams, hardtimes, all of that with a energetic and endearing development. But we need to talk about the last episode. *Spoilers* They DID not show back yi jin, they did not show about the father of na hee do daughter's and na hee do loses some personality. Na hee was always strong and stand for her believes, but the end does not shows that. It's like she is someone else. And the part way before that, when she ""forgot"" about the amazing summer trip, no way. Na hee do would never forget. But in the end, she remembers. It supposed to be poetic? Because to me sounds more like she is not endearing anymore and no longer strong with her thoughts. It's not about growing up, she changed and I wonder why... Because of the brokeup? Really? They even clarify things and hug each other. I don't buy it. And it was a lack of consideration with back yi jin, we just get a post credit scene a little bit empty and it doesn't show the actor. Anyways, they did not need to get together, however it was not great ending."
27,스물다섯스물하나,"Brilliant acting by the cast, takes one down memory lane. It feels alot like like Reply series minus the parents ofcourse. The struggle is real and its raw and emotions of youth. Highly recommended."
28,스물다섯스물하나,"2 episodes released so far great start, nam noo Hyuk acting skills are on a another level, without a doubt this is gonna be one of the best kdramas of 2022 so far."
29,스물다섯스물하나,Loved how the show got ended. Practical ending without any desperate attempt to make a happy ending. Everything made sense till the end. Inspiring and beautifully written. Character development was very good.Amazing show. Must watch.
30,스물다섯스물하나,"I liked how they portrayed various aspects of a a persons life, their first love, their true friendships, struggles, joys and everything. The two leads have a wonderful chemistry both as friends and as lovers. Nam Joo-hyuk (Baek Yi-jin) and. Kim Tae-ri (Na Hee do) have both given great performances.Lee Joo-myung (Ji Seung-wan) also shines in her role and definitely impresses with her acting skills. As do the other two actors Kim Ji Yoon (Go Yoo-rim) and Choi Hyun-Wook (Moon Ji-woong). I definitely look forward to their upcoming projects. Overall a wonderful story of life that shows that sometimes you might decide to walk away from the person you love the most and still know that you will always love this person no matter what. The Ending seems rushed and could have been handled better, But overall a good series depicting life and its various aspects."
31,스물다섯스물하나,"Writing this as I just finished the last episode, and I must say it's a beautiful drama if you don't focused too much on the ending. It basically about the reality of growing up-first love, school drama, and career struggling. All the signs were there that we'll have a bittersweet ending too, BUT the crazy theories on the internet are the ones that made this drama much, much more fun to watch! HahaAnyway, Kim Taeri is well known for her best acting skills, but I'm really surprised that Nam Joohyuk's acting is so good in this drama! Especially when he and Taeri had an intense fight on Episode 16! OMG, my heart still hurts until now!The verdict is it's a beautiful story about youth and adulting that have a realistic ending that probably not everyone will love. I also don't think this drama will be that fun to watch if you don't watch it while it's still ongoing. 😬"
32,스물다섯스물하나,"Both main lead are quite Amazing, Both have descent and shy relationship and the way Nam joo hyuk is sensitive and Care a lot for his circle was amazing.Second leads are also quite hilarious and Internally sad like other teen-ager are.Overall quite unique and Smooth Series. Appreciable!!!"
33,스물다섯스물하나,"25 21 writes about a real story. The struggle, concerns and decisions the characters encountered are (mostly) realistic. Almost too realistic, that it throws away all the ""turning tragedy into comedy"", ""pursuing your dream"" part set in the beginning of the show.Main characters Na Hee-do and Back Yi-jing had been through a lot, especially in the beginning when Hee-do cheers up Yi-jing during his lowest times. In the ending, Hee-do decides to end the relationship with Yi-jing because another not-coming-home person is not what she wants in her life. Understandable, as I believe many people have ended one relationship because of conflicts of career paths and personal interests like this. However, personally I think it fits the story better if the drama depicts them holding on to their love and overcome the issues. Cheesy and cliché for sure, but their love is positive and encouraging from the start, it should keep that way as well. The decision Hee-do made is frankly selfish. Even at the end she did not consider Yi-jing's feelings. Promises will fall short due to distance, physically and mentally, but love is not only about how you feel when you are in good terms, but also how you walk through struggles together. Hee-do leaves no chance for Yi-jing to do better about sharing his feelings. The love between them suddenly feels weak and superficial just in the span of two episodes. In the end, it almost feels like Hee-do still does not love Yi-jing as much as he does for Hee-do. Ending like this, gives little hope to non-dying love. Love that can overcome all the difficulties is not impossible, and for the sake of a drama, it can continue to give us a positive message even when most of times, reality can be cruel.In addition to that, it also doesn't go well with the fact that ALL the other main characters either ended up happily with their first love (Yu-rim and Ji-Woong), or are about to start a beautiful relationship (Seung-wan and Back Yi-hyun) that the show hinted at the start, but the main couples have to end, just to break our heart and send out a ""first love is in the past, youth is a just period of time in our lives"" message."
34,스물다섯스물하나,"Very relevant to our lives, so many struggles. Most dramas are showing only the good side of life, but this one is not. The spirit of Hee Do n Yi Jin inspire me, no matter how much they've been dumped."
35,스물다섯스물하나,"Twenty Five, Twenty One is such an inspiring TV show with heart-warming love&friendship stories and tons of humorous touches(the most hilarious show I have seen this year). Na Hee-do has the magic of reminding viewers of their days of pursuing the dream.""Despite all the failures, I want to do this because I still find it so much fun."""
36,스물다섯스물하나,"I would have killed myself if I skipped this ... The 1st episode was annoying, I almost decided not to watch it and something told me to give it a shot ... And I'm glad I did !It sums up so many things for me... Youth, friendships, love, challenges and LIFE on the whole. So heartening !There is so much being said about the ending, but let's face it... We always don't get what we want in life."
37,스물다섯스물하나,"From the beginning of the series, A differnet portrayal of Love, Life , Dreams, Friendship and Explorations is shown with utmost perfection.. I just Fell In Love with the Natural Acting of Na-Hee-Do and Back-Yi-Jin...They Are Really adorable and will teach you something Worthy every time you'll see them together in the series... I just Loved It.... I admit the ending episode 16 could have been much better and happier one but As we all know Life and Love are not always Destinied to Happy Endings sometimes the Happier Journey Itself Is Worthy."
38,스물다섯스물하나,"One of the best Kdrama i have ever seen Can't wait for the next episode In each week it getting interesting more and more The plot twist and flow of the story was excellent and mesmerising I love this series so much The romance, comedy, action, motivation real life truth shown in this series hits hard while watching it, I hope it ends on good meet."
39,스물다섯스물하나,"I've watched Kdramas for 2 decades now and I knew from the get go that this one will have an unpopular ending.Still, this is peak story telling, 4 dimensional characters (I actually felt being part of the group of friends), soundtrack always reflecting what the scene is trying to convey, cinematically phenomenal, scriptwriting 10/10 (I've followed this writer since WWW:Search). After re-watching, I still stand with my initial comments.SPOILER!I wasn't sure how the writer would end this but I was satisfied. Ultimately it's Hee Do choosing herself over her pains and joy of being in love and Yi jin choosing Hee Do's welfare over his. I like the direction of her husband not being shown as I was left to assume that he's better than Yi jin."
40,스물다섯스물하나,Beautiful series from episode 1-14. Episode 15 and 16 was rushed to end their love at any cost. Na Hee Do was shown in the series as a mature girl but doesn't seem like a mature ending. Before final episode was aired wanted to replay the drama couple of times but the ending makes it feel like to not to watch drama ever as if it meant nothing.
41,스물다섯스물하나,"Some may mistake this drama as a romantic comedy. Which it's not. The main point is not even about a romance. It's about a particular period of time of a woman's life, that she cherishes, which helped her to grow up to be the woman she is now.So, in this story, we will see her struggles of growing up in trying times i.e. IMF crisis, how it affected others, her family issues, her first love, her first real love, heartbreaks, her finding friends who make her feel less lonely and help her through all her struggles, and finally her main goal in life, fencing.All the other characters, including the main male lead are centered around our main girl, Na Heedo, a fencing prodigy who is going through a rough patch. She goes on to become a three times Olympic gold medalist later in her life and becomes a successful adoring mother to a girl named Minchae. The latter stumbles across her mom's diaries and take us through the journey of Na Heedo when she was first 19 till she is 22 where she experience great friendship and intense love.The story is heart warming, comical, romantic, yet heart wrenchingly painful at the same time.Our main actors Kim Taeri and Nam Joohyuk do a fantastic job in bringing out the emotions these characters go through. Taeri, who in real life is 31 years of age, acts convincingly (but a bit too shouty) as a teenager who goes onto become a young adult.I quite enjoyed the relationship between Na Heedo and Ko Yurim (Heedo's rival at first and then her best friend), and their dynamics. Bona, who is new to acting does a tremendous job as Yurim, a sweet girl who at first shows a cold personality to Heedo due to her insecurities.My best finding in the drama was Choi Hyunwook as Moon Jiwoong and Lee Jumyoung as Ji Seungwan. Though in opposite gender, they played out the most perfect platonic friendship a couple of kids could have while adding the much needed comedic scenes into the drama. Both actors were newcomers but showed a great acting range.The drama also had wonderful cinematography and excellent osts. The main song ""Twenty five Twenty one"" is hauntingly beautiful (also will give a hint about the ending of the drama).The writer has done a marvelous job especially when it comes to the female characters, however lacks depth with male characters. For an instance, not much growth was displayed by Baek Yijin by the end and the back story of Moon Jiwoong was not explored.Overall the drama was great till episode 10. The ending was not well executed and felt rushed. People may end up expecting more explanation. However, the reason behind the ending is expected and understandable.Despite the somewhat bad ending, the drama is still a must watch by everyone as it will remind you of your best times in life, encourage you to cherish each moment, and make you realize how feeling time can be!"
42,스물다섯스물하나,"The series from episode 1-14 I was smiling this series when I watched it gives me happiness
.....
but in episode 15-16 I really get sad ,but that's don't mean that the show is terrible . I feel like the ending was pretty logical. I really like how they mentioned relationships an friendships in this series and both give me happiness I really like this show from deep in my heart."
43,스물다섯스물하나,"I was expecting a lot from the series in the first 10 episodes and the expectations from the last episode got even higher by the time we reached ep. 15.After watching the last episode, I finally realized I wasted my time. I should have stopped at ep. 15 or better ep. 13.The last episode ruined the entire season-1 for me. That's a bad.. bad ending for what could have been the best k drama ever."
44,스물다섯스물하나,"This sucks really.We fell in love with the characters and we're rooting for a happy ending.I'm still on episode 10 and I purposely stopped watching until it's completed.I don't know what's the problem of some writers in giving a happy ending for this genre of KDRAMA? I personally start watching this because it's light, refreshing, entertaining and gives me/viewers smile every episodes.What really sucks here is not that they don't end up together, what's sucks here the most is the open ending? I mean duh? What's wrong with you people? You can atleast make the viewers moved on.I'll probably not continue watching this and I will not recommend this to anyone.The actors gave an awesome performance and they've given life to the characters that's why viewers loved them.As for the writer, I hope you can find happiness and stop making this kind of ending.We are all aware of reality and people don't watch this genre of kdrama just to be tormented."
45,스물다섯스물하나,"What a masterpiece. From the story writing, cinematography, and the character development it was so well put together. The story from start to end is different from the usual kdrama plot so it's refreshing to watch. The drama has triggered my emotions from my high school days. I don't cry that often in these type of shows, but this one brought me to tears! (especially at the shoe tying scene)You need to change your perspective on the ending to see that it's really a happy ending. Yes, they did not end up together, but it was never going to work out. Hee-do wanted someone that could share all their happiness, pain, laughter, ect. Yi-Jin however kept treating her like a younger sister, shielding her from all the sadness that he was experiencing. In fact so much his life was filled with hardship that he learned to only rely on himself. As Hee-Do said, they were only lovers when times were great. The times where her encouragement were easy to reach. People think that it was 9/11 event that broke them up, no it was eventually going to happen anyways on any other events. They weren't meant for each other. Even with time, she's going to be continued to be disappointed in him.But that's what's first love is. You are so filled with emotions that you cannot see anything else except for your love. It's not until you start becoming an adult and start experiencing hardship that you figure out who you really should be with. First love, however, is not all sadness. There are great memories and lifelong friends that are made. You are going to keep looking back at when you were younger and remember all the happy moments. All these moments are part of your youth, part of your growth that made the adult version of you. The ending captured perfectly that sentiment while the adult Hee-Do looked back at the tunnel. It represents a connection from her past and her present. The way she smiles anytime the daughter brings up the memory from the past shows that the same connection is very endearing to her - not something she wants to forget about."
46,스물다섯스물하나,WHY WHY WHY. WHY WOULD U MAKE ME LOVE THEM SO MUCH AND THEN NOT HAVE THEM GET TOGETHER LIKE OK I KNOW ITS ABOUT LIKE NOTHING IN YOUR YOUTH LASTING FOREVER AND LIKE LETTING GO N WHAT NOT BUT THE WAY I SCREAMED AND TOOK A WHOLE LAP OF THE HOUSE WHEN HE WAS LIKE CONGRATULATIONS ON YOUR MARRIAGE I FELT LIKE I WAS PUNCHED IN THE THROAT AND STABBED IN THE HEART. THE END I WAS LITERALLY CRYING A WHOLE MESS IT WAS SUCH A GOOD ENDING LIKE REALISTIC AND STUFF BUT I JUST WANTED THEM TO BE TOGETHER GOD DAMN😭😭😭 it's gonna take me 50-360 business days to get over this heartbreak please and thank you.
47,스물다섯스물하나,"At first I think its important to mention how much I love Na Hee Do and Baek Yi-jins character.I was literally overwhelmed by their different personalities but at the same time their awesome chemistry. Hee Do was such an ambitioned, life-loving, funny, strong and cheering person.Yi-jin in the other hand was a bit tired of his life-circumstances and had the lack of hope in life until he met Hee Do. They had feelings for eachother but their emotions also came up really slow, natural and they didnt even rush on with their feelings.Both of their actings were incredible, Na Hee Do being 31 in real life and acting like 18 was shocking for me. For Nam Joo Hyuk I think it is a real improvement in his acting when I compare it with the series Kim Bok Joo.This drama was from the beginning until the end so heartwarming and motivating. I adored how the elder Na Hee Dos history, be it in fencing, friendship or love was played up. I think that showed that every memory in life shapes your future self even it is long-lasting or not. Thats also what I liked in the series that they have not just shown everything easy to get. I understood that youth is an important part of life to keep in memory like Na Hee Do did that time with her diary.Their friendship between Ko Yu-rim, Ji Seung-wan and Moon Ji-woong was so beautiful and it was also entertaining to watch the difficulties of each person and how they tried to overcome and be their best versions of themselves.For the ending I am in the opinion that people of course can grow apart and break up. In life there are many situations like that, so thats why many of the watchers thought that it was realistic. Yes, it is possible but it is also possible that their break up would not be that fast and irresponsible of both sides. Hee Do could not reach Yi-jin anymore and I understand that she doesnt want to be left alone like her mother did. But instead of breaking up there should be more effort of both sides and more understanding.After seeing their pure and passionate love I cant accept the ending.For the most people someone who really loves doesnt have other priorities and thats why many people think that it wasnt real love.Their story was the definition of love for me except the ending. That is why I was really sad at the ending of the series. They have wasted such a great love for a ""realistic ending"" what in my opinion could have ended differently. Even if it ended like that, I would be sure that they needed their time to understand that they are meant for eachother and that they made flaws. Relationships are filled with flaws so thats the realistic part: that they just tried to solve the problems together and accept the difficult phases in each lifes instead of cutting out everything so fast.They were young and after a period of time they would understand that they were meant for eachother. Its a pity that their incredible love was just shown as some crush or basic love story. That wasnt my perception of their love ever after seeing their scenes together. Thats why its an unfair ending for them and for me :')Although the ending has ripped of my heart I was happy that they seperated in a good way. But for the ending I would have wished that Yi-jin and Hee Do would say those words in person to each other and not Hee Do finding out his thoughts of Yi-jin about their relationship after 22 years.Last but not least the script was soooo well written because every scene every sentence was meaningful. I loved how they were just happy because they spend time together. It's not just by that it was amazing seeing them growing up together, knowing eachother well and root for eachother no matter in which situation they were in. Their destiny and how they came up together was sooo natural and beautiful to watch.I am happy that I have watched this drama and I have experienced such emotions that this drama has let me feel.For me it was real love."
48,스물다섯스물하나,"A heartwarming, bittersweet story of youth, romance, friendship and real life struggles. Extremely hooking story of lovable characters that you will laugh and cry with. The best kdrama out there in my opinion - it's a must watch <3."
49,스물다섯스물하나,"Am i completely satisfied/happy with the ending? No, absolutely not.Was the ending justifiable? A 100% yes!!I am very much mad and angry at others for not understanding what the story is about and how realistically it ended(though very much heartbreaking).I seriously don't know why people commenting that the ending was rushed and bad, only because it was sad, even though the climax of 'what would happen to their relationship' was revealed earlier in the first episodes and you people choose to ignore it. Stop the hate just because the story/ending was not what you fantasized it to be."
50,스물다섯스물하나,"10/10 for T5T1 and Nam Jo hyuk, Kim tae-ri and other supporting roles. I'm in love with...T5T1 right now. I'm badly and eagerly waiting for the release of new episodes on weekends."
51,스물다섯스물하나,"This show was absolutely beautiful and nostalgic and quickly became my favourite K-Drama of all time. I grew up in the 90s and the nostalgia, cinematography and the amazing chemistry between the two leads made it electric and so feel-good.Spoilers about ending:
I knew that Na Hee Do and Baek Yi Jin needed to break up at that point in the timeline because they would have been miserable had they stayed together long distance because they both deserve to be happy. BUT. I really really thought they would reunite in present day since it seems she's not happily married to whoever Kim Min Chae's father is (plus he doesn't seem to be home much anyway). Seems such a waste to have sacrificed their love due to quality time when it seems she's unhappily married (or divorced we literally have no idea) and Kim Min Chae's father isn't home with them anyway. What a consolation prize to the love she shared with Baek Yi Jin. It would have been better had they showed her happily married and spending lots of time as a family with her husband and daughter.Also not showing us what happened to Baek Yi Jin in present day just felt so unfulfilling, we also knew little about Na Hee Do's present and it felt so unsatisfying. We as an audience grew so attached to them to be let down like that and have no idea what happened to their lives after they broke up. There were happy endings for everyone but the two leads.So disappointed with the ending and with a show I thought would be my first 10/10 K-Drama. I really thought it would be my feel good drama I rewatched over and over but sadly I am heartbroken by the ending and will never rewatch. Such a shame."
52,스물다섯스물하나,I really loved this move from the beginning. I really hoped for a good ending I was very disappointed but this is life. In real life 98% of the couples won't stay together with their first love.so this is my other reason for liking it because it showed how real life can be.beside the love story I loved how showed an athletes life most of people think it's so easy for them they just have to do sports ( and that's fun)but they don't even think about how exhausted can be physically and mental at the same time not even talking about the fans reactions.
53,스물다섯스물하나,"I loved this show until the last two episodes which is a shame as it was almost a 10/10. The development of character, the plot conflicts made it seriously watchable. I almost fell off my chair when I found out that the actor who plays Na Hee Do (Kim Tae Ri) turns 32 very soon, I mean, how good was she translating the actions, speech and mannerisms of a late teen? It was a truly wonderful performance throughout. The supporting actors also did a very creditable job playing their respective roles. Fewer tears towards the end would have made this much, much better as I found it became too soppy for my tastes. Can't wait to see Kim Tae Ri on screen again."
54,스물다섯스물하나,"1-15 awesome. 16, sucks. Felt like my time watching this series was a complete waste. Even halfway through the last episode, it gives you this sens of hope only to crush it in a bitter ending."
55,스물다섯스물하나,"This is such a well done show. It captures friendship and first love/heartbreak and growing up so well. Its my favorite show ever. If folks dont like it its because its not the usual perfect ending but the ending is actually very well done, deep, and has a long lasting effect."
56,스물다섯스물하나,"Everything about this show is beautiful and well made. The nostalgia, the entrance of real life events in history and how it changed the course of their love and life...But the ending is very heart breaking, I hate loose ends, so many questions unanswered, and it hurts to invest many weeks watching to come down to this unsatisfying finale."
57,스물다섯스물하나,This is one of the worst dramas it will get your hopes up but then comes the Trashiest ending and i have been watching dramas for a very long time i would ask people not to watch because it is a waste of your emotions and time.
58,스물다섯스물하나,In which world two people that loves each other so much end up breaking up due to a job? Now my question is to the writers. What was the point to build this beautiful love story between the two protagonists? The ending just leave you with a bitter taste and with a couple of answer questions.
59,스물다섯스물하나,"Episodes 1-15 were so good. A viewer could be very invested in these beautifully created characters and their friendship. In the last episode, the ending became so unrealistic. Relationships so precious cannot be thrown away like that. That is a very bad take on life. Why make us care about your story and then end with- too bad , that was just a waste of your last 2 months with 2 main characters that in the end didn't mean much to each other. In conclusion, I would not recommend people to watch this because this drama does not respect the feelings of it's viewers. A realistic ending is what we and the main characters deserved. Very disappointing!"
60,스물다섯스물하나,"Dont get me wrong. I loved the whole series. I even understand why they chose that path. It was titled Twenty Five Twenty One so naturally i expected the story to peak when they were at that age.But come on!!! Why end it like that? For the better part of the whole series we are being teased to guess who will end up together in a mystery-solving setup - a la the Reply series. And then when it ended it wasnt even hinted who the father or the husband is. The kid is Kim Min Chae, after all so i kinda accepted early on that the father wasnt YiJin but to not answer it rendered the whole present timeline useless. They could have removed the present Hee Do and her daughter and it wont change a thing, because they literally said its not important.The good:
1. I loved the fencing (sports) main theme.2. Nam Joo Hyuk. Boy has improved so much, i may be inclined to think his handlers are doing everything to make him a multi awarded drama actor. It almost worked in Start Up, hopefully this is it.3. Choi Hyun Wook. What a breathe of fresh air. I loved him in RB, but he just shined here.4. Kim Tae Ri and Bo Na as Hee Do and Yu Rim, respectively . Beautiful and capable. Let me get back to this later.5. The coach, and the mother. I am inloved with Kim Hye Eun, makes me wanna see her past dramas
The so-so.1. Kim Tae Ri. She is amazing in this role, but I get it, readers will hate me for saying this. There were some flak for the portrayal of a college student to a high school student love affair, it wasnt May December, but it was enough to make people think that high school HeeDo is way too young for an adult Yi Jin and at moments the idea is kinda cringy. I guess the producers thought, well Tae Ri is older than Joo Hyuk in real life so it shouldnt be an issue. My question however is, will the producers think differently if an early 20-year old actress was playing HeeDo? Also, like i said she did great here, but is there no actress who is younger than Nam Joo Hyuk who can portray Hee Do's emotions?2. The pacing and length of episodes. 16 episodes of almost 90 minutes each. Sometimes i feel like episodes are a little too long and the last 2 episodes in particular crammed too many issues a little too late. I guess thats how the format is for most asian drama - make the leads break up in the penultimate episode and then cram and jampack the finale to solve all the issues. But goodness i counted a few scenes that were a little too long that could have been used for some other things like how many times HeeDo and YiJin broke up and madeup. I guess they thought extending the drama and the crying scenes will make people cry. My short attention span went a little haywire.The bad
1. The older Hee Do. The actress portraying the older Hee Do is beautiful and i love the subtle acting that connects both the past and present HeeDo. BUT, is she really needed. Did the story changed by adding her character? Again, the non-reveal of the husband made her character useless, and i felt like that was done to trick the viewers into keep guessing who the husband is going to be. Another thing, Hee Do's mother acted the older character. Why cant Tae Ri do the same?2. Hee Do's daughter Kim Min Chae. By the name alone, we know she is not Back Yi Jin's daughter. But still, her presence teased us with the possibility of Hee Do and Yi Jin endgame. But alas they thought it wasnt important enough to be discussed. So why do we need the whiny kid.3. Now back to the ending. The whole series was great overall, but my heart needs closure.Would i reccommend? Definitely, just prepare to spend some time with it. Am i going to rewatch? Sorry, its just too long, and theres just too many drama nowadays i dont think i can."
61,스물다섯스물하나,"The journey from adolescence to be adulthood. And what a journey !!! I scored it a 10 initially but I can in all fairness give it a 10 after watch the end of the series. Writer Kim Do-eun what happened? I don't want to spoil it for those who haven't watched it, but I'm so disappointed in this perfect show. Na Hee Do is incredible but definitely not as an adult. Kim Tae Ri was a breath of fresh air. The casting for adult Na Hee Do is all wrong and who she is in the present is unrecognizable. So upsetting."
62,스물다섯스물하나,"2521 prove kdrama bad habit, having such a well done built up story then finish it with such a rush ending, full of plothole and mess the entire story. It's not a sad or happy ending, it just a messed up ending. They ruined the character development in the end of the story and I hate it."
63,스물다섯스물하나,"I loved the concept of this one , every character is crafted beautifully . But the only problem is unnecessary yelling by the main character Na hee do , she can't just keep calm . I had a severe headache after watching 2 episodes , you never know when she starts yelling at the top of her lungs . So im gonna watch it on mute from now on . Still the story is a must watch . Story line is intriguing. You gotta have to watch and wait for next episode to see what happens next to these characters and how their love story unfolds ."
64,스물다섯스물하나,Great cinematography. Superb acting. BEAUTIFUL DRAMA.Actor Nam Joo Hyuk did an amazing job(I personally think this drama will be a turning point in his career;)). Kim Tea Ri also did a great job. She portrayed the 18 year old Hee Do very beautifully.The story is also unique.
65,스물다섯스물하나,"This show became my most favourite from the very first episode ..... I started watching it at a very sad point in my life and it reciprocated lot of good vibes , lessons , fun , laughter , hardships , pain ....But I really really wanted to end it on a very happy note despite the makers clealy showing that it was not the case and for the first time , i have been this upset over a drama which has a sad ending .... usually I dont even watch much dramas with a sad ending or I dont get so caught up with sad endings cz kdramas have always been my way of escape from the already stressed life but this one glued me to it and I started watching it while being on air .......and its a sad ending on a happy note but with so many unanswered questions and the first one which made me mad at the makers and brought tears in my eyes.....I m happy that I watched this and I have been wanting to watch it again after its completed but now i dont have the courage to deal with the beautiful pain again cz I m already going through much....... So its a must watch but not the ending which we desired of....How could you betray us with such an ending.....cant even complaint but its so heartbreakingIt was a healing drama from the very beginning ...gave hope ,love , hapineed ,struggle ,survival ,dreams , motivation but only to break the heart in the end or may be depicted the sad reality of the world sometimes .... :) :)"
66,스물다섯스물하나,"I enjoyed the first 12 episodes, you can see all the emotions are perfectly portrayed. Outstanding performance by Tae-ri and Joo-hyuk.Direction is so good, they have shown how the life of youth go on up and down, how they struggle and stand up again.But, also little disappointed with the last two to three episodes, where the scenes were little rush. It didn't give any clarity to the subject and also left so many doubts about what happened next in their lives.Overall It's really really good story, Cast is awesome.. and they kinda bind us through out the entire season."
67,스물다섯스물하나,"I gave the show 9 stars, then i put 8 stars after this ending.We don't seek real endings when watching movies or drama, we want only happy and smooth endings.I love the show very much except for that weird ending😑"
68,스물다섯스물하나,Great series - loved every minute! Fantastic actors and great story x.cannot wait to see them in more K Dramas. The acting in this show was great. The friendships genuine. All the main characters will have a bright future in more series.
69,스물다섯스물하나,I love the actors and that the story is placed in the past. I truly enjoyed the first episodes but after a point you understand the direction the storyline goes. It just makes you worried and sad and I was preparing psychologically before watching it. Unhappy endings are accepted but no endings at all just leave the viewer frustrated.
70,스물다섯스물하나,Hlo everyone. This show is good. But there is a problem in yu rim character. She is a gold medalist before Hee do so how can she lose two times with hee do. She comes from poor family and she is a gold medalist how can she again and again lose the game with hee do. This is unrealistic. At some point I wish yu rim won the gold and hee do lose. Very unrealistic characters written.
71,스물다섯스물하나,I'd like to give it a 10 but the ending is very inconsistent with the whole drama. The finale ruined the whole show. Now I'll be careful to check first the writer and TV network if it's TVN before I decide to watch a drama. I will stay away from this writer Kwon Do Eun. I've watched hundreds of Korean drama and movies since I'm an avid Korean content fan since 1997. This is one of those shows that ends ridiculously unreasonable.
72,스물다섯스물하나,You will enjoy it till the end. I have watched many korean series but it was the best. It's realistic which you can not always find it in korean ones.
73,스물다섯스물하나,I think many of us watch these romance dramas as a great escape from all the horrible news in the world. Please please give us a good ending....we want the romance to end with them getting together...yes I get that this may have been more realistic of young love but I was so disappointed....she gets married? All of a sudden? And to whom? They never meet again 15 years later...c'mon folks...
74,스물다섯스물하나,I will give it 9 because if I consider it perfect i will always compere this master piece with every other kdramas and i won't able to enjoy them. So i am trying my best to not give a perfect rating... 🙏🙏
75,스물다섯스물하나,"I love the storyline. In fact, it made me really sad that they represented love in such a pure way that it did not exist in real life. I cried every touchy line, I felt every emotion in my heart.Everything was going great -except k-drama cliches but I could ignore them- until the last 2 episodes.Are you kidding? Really? I'm still trying to figure out why back yijin chose to move ny??? And why did two people who had supported each other no matter what suddenly fell apart?They could have gotten back together in 2009 but na hee do is married???? With who??Anyway, if you are a person who loves happy endings, don't watch after the 14th episode."
76,스물다섯스물하나,"I would consider this one of the most solid, well-developed, brilliantly cast Korean dramas if it hadn't been for the finale.Everything was wonderful until they rushed the ending, ruined all character development, wrecked the bonds and lessons they built and left lots of unresolved arcs.I would recommend from episode 1 to episode 15, but ep 16 is a big turn-off for me.Anyway, Kim Tae Ri and Nam Joo Hyuk are superb throughout the series even though the writing was downhill in the end."
77,스물다섯스물하나," Enjoy the time, till it lasts
"
78,스물다섯스물하나," Shame about the ending but still recommended
"
79,스물다섯스물하나," Soothing, Refreshing, Inspiring, Life's struggling
"
80,스물다섯스물하나," To understand the meaning of Love
"
81,스물다섯스물하나," So I got to smile today
"
82,스물다섯스물하나," Inspiring
"
83,스물다섯스물하나," First love
"
84,스물다섯스물하나," The sweet and refreshing representation of young love
"
85,스물다섯스물하나," Growing pains but the ending will leave you unsatisfied
"
86,스물다섯스물하나," A breakup story this beautiful, never seen before
"
87,스물다섯스물하나," Best drama of 2022 already!!!
"
88,스물다섯스물하나," Off To A Good Start ; Update: Why???? 😡😡😡
"
89,스물다섯스물하나," Loved the Beginning, Hated the End
"
90,스물다섯스물하나," Don't miss this one
"
91,스물다섯스물하나," Nothing lasts forever and it is not always a bad thing
"
92,스물다섯스물하나," Perfect !!
"
93,스물다섯스물하나," Korea's 1997 IMF crisis and Youths dealing with it
"
94,스물다섯스물하나," Very promising!
"
95,스물다섯스물하나," Another of Reply 1988
"
96,스물다섯스물하나," Just wow
"
97,스물다섯스물하나," EPIC
"
98,스물다섯스물하나," Bad Ending
"
99,스물다섯스물하나," Nam Joo Hyuk is superb!!!
"
100,스물다섯스물하나," A delighted coating on a colourful gem🍄
"
101,스물다섯스물하나," Very Heart-warming
"
102,스물다섯스물하나," One of the best
"
103,스물다섯스물하나," Almost the best. Still a piece of art
"
104,스물다섯스물하나," Fantastic acting
"
105,스물다섯스물하나," 10/10
"
106,스물다섯스물하나," Best ending !!!
"
107,스물다섯스물하나," Impact of Life Decisions: Warm, Memorable, Friendship, Determination
"
108,스물다섯스물하나," The Bittersweet Of Youth
"
109,스물다섯스물하나," Nam joo hyuk's, Unique and shy Romance
"
110,스물다섯스물하나," The journey is better than the ending
"
111,스물다섯스물하나," Inspiring
"
112,스물다섯스물하나," Most hilarious reminder of the days of pursuing our dreams
"
113,스물다섯스물하나," Highly recommend
"
114,스물다섯스물하나," Life and Love are not always Destinied to Happy Endings sometimes the Blissful Journey Itself Is Worthy Enough .
"
115,스물다섯스물하나," Must Watch it
"
116,스물다섯스물하나," Not all battles are meant to be fought.
"
117,스물다섯스물하나," Ending rushed to end their love
"
118,스물다섯스물하나," Story about growing up
"
119,스물다섯스물하나," Masterpiece but a sad ending
"
120,스물다섯스물하나," Ending was not worth the time we spent on the first 15 episodes
"
121,스물다섯스물하나," Open Ending 😩
"
122,스물다섯스물하나," Remembering first love and youth
"
123,스물다섯스물하나," SCREAMING
"
124,스물다섯스물하나," incredible realistic and awesome drama!
"
125,스물다섯스물하나," Beautiful
"
126,스물다섯스물하나," About the ending!!
"
127,스물다섯스물하나," Best k-drama
"
128,스물다섯스물하나," I was so ready to give this show 10/10
"
129,스물다섯스물하나," Love it,still hurt the end
"
130,스물다섯스물하나," Almost Nailed It
"
131,스물다섯스물하나," Episode 16 Sucks
"
132,스물다섯스물하나," best show ever
"
133,스물다섯스물하나," I love every second of it, but the ending could compete with Game of Thrones
"
134,스물다섯스물하나," A drama with very bad writing
"
135,스물다섯스물하나," Disappointing ending.
"
136,스물다섯스물하나," Episode 16 ruined it all!
"
137,스물다섯스물하나," Seriously !!! ..... What's with with ending ???
"
138,스물다섯스물하나," An interesting series
"
139,스물다섯스물하나," Messed Up Ending
"
140,스물다섯스물하나," Unique story line But lots and lots of Yelling!
"
141,스물다섯스물하나," BEAUTIFUL
"
142,스물다섯스물하나," One of the best shows but .....
"
143,스물다섯스물하나," One of the best Korean dramas
"
144,스물다섯스물하나," Is that really the END??!
"
145,스물다섯스물하나," Hooked froM start to finish.
"
146,스물다섯스물하나," It makes you feel sad
"
147,스물다섯스물하나," Yu rim character is poorly written
"
148,스물다섯스물하나," Amazing eps 1 to 13 but very disappointing finale
"
149,스물다섯스물하나," Best Korean series
"
150,스물다섯스물하나," The Ending!
"
151,스물다섯스물하나," Perfect but not perfect.....
"
152,스물다섯스물하나," Hate the ending
"
153,스물다섯스물하나," The journey was wonderful, the result was sloppy.
"
