,title,review
0,스카이캐슬,"SKY Castle is a satirical drama that criticizes practices from corrupt business hierarchy to extreme parenting environments. The drama has impeccable directing, story is full of plot twists, comedy is subtle and melds well, and the cliffhangers are absolutely wild. The drama tends to often be dramatized, especially as it is a satirical work, but the underlying themes are never truly lost. Brilliant directing and production, engaging plot, convincing acting with a powerfully befitting soundtrack to boot. This drama is very well worth your time."
1,스카이캐슬,The 2nd highest rated series in drama history is worth a watch. But it is far from perfect. The premise that people could make much fuss over grades and Seoul National University is hard to accept at first and seems silly. But it gets better later. The characters range from unlikeable and one dimensional to sanctimonious - either good or bad. Sometimes they feel like caricatures. The drama has a lesson to impart. We start off with a set of parents with the wrong values to a rather unlikely murder followed by lots of angst and finally to forgiveness and redemption and learning the right values. The message is clear - it's bad to pressure children to do well in school. The show got better towards the climax even if the melodramatic scenes were over wrought with the begging and tears. I liked the funny parts like throwing Professor Cha out of the house and how they started fighting after the murder.The acting is fine. The child actors don't get to show that much acting range - it seems their roles are underwritten but when they do get a chance to act they are fine. Kim Hye Yoon as an ambitious girl overacts a bit. The adults are good - it's primarily their show. Lead actress Yum Jung Ah gets better towards the end. The actors playing Professor Cha and Dr Kang are good. The crazy coordinator looks quite witch like.20 episodes means the show is quite complete. There is an ending that has everything wound up neatly.
2,스카이캐슬,"Wow, every episode just keeps get better as the story unfolds. It really brings awareness on the social issues concerning the education system and also how the high class members of society desperately tries to make sure their child succeed in every way. It also brings to light the stuffs students have to go through in dealing with pressure at home and at school."
3,스카이캐슬,"Honestly, one of main reason why Korean dramas aren't my cup of tea, is due to their big love of romantic comedy flick across so many cliches and plots. Sky Castle, being told as story about college entrance drama among residents of so-called Sky Castle, an exclusive housing complex for renowned scholars and doctors in the country.Sky Castle begin with so much things to be explored. The nature of parent-child communication, the Asian perspective on college, the hardships and its system, and the high-class and low-class perspective (while it's too cliche to be true). The story feel so original for me, along with the characters that aren't so blatantly evil, so as the episodes go, I feel a sense of empathy for them. With the nature of conflict that getting more complex, each subplot also begin to develop nicely during each episode,to make the tension between the plot more shifted. The news of Korean being crazily into cram school and college depicted here with interesting ways, so that we got insights to what's (probably) happening to the country beside their Kpop.As many fans pointed out, the additional four episodes due its popularity bring the prolonged closure that feels too different than the early episodes that feature many dark topics. While it's a shame to be a letdown, Sky Castle still makes me mesmerized and cried in the penultimate episode. The biggest award should be addressed to Yum-jung Ah who played the complex character Han seo-jin. Her heavy character backstory in the series provide much insights about her and how it affects the action.What's turning me from giving the perfect score is the highly unreal characters in Lee-so im family. Like being a hero and angel and playing the opposites of Han family, makes me annoyed. The acting is okay, but the logic behind their action are so questionable (forgiving so many bad people around them easily) it's so dull.However, being a Korean drama, we got many cliches like comedic subplot with exaggerating acting. I think it's best to overlook those kind of things because as a whole, Sky Castle provide an original story with many touching/deep subjects that maybe we can't have for a long time."
4,스카이캐슬,"This one is a surprise. The plot had so many layers, with comedy, drama, tragedy, even crime and especially mystery, taking over and keeping the interest high throughout the whole drama. The tension was just right as well as the thrill that it provided to be entertaining. The characters, moreover, where unique and dynamic, each one different from one another and helped built a nice story. So, unsurprisingly, the performances were top notch from everyone, but I should give special credit to the kids, that were remarkable. Finally, the cinematography had an odd shooting way, but it was okay overall. So, 9 out of 10."
5,스카이캐슬,"Outstanding drama with superb acting from the entire cast and great cinematography. The couples in an exclusive gated housing complex (Sky Castle) have ambitions for their children's education to make them the best whatever the cost. It is apparently a reflection of how some Korean parents put so much onus on their Children's ability to excel in their chosen career path (hopefully exaggerated) The various families all have differing ideas of what a parents role is and the acting certainly makes you believe they are real families. Suicide, conflict and murder will eventually make people appraise what is important in their life's."
6,스카이캐슬,Exaggerated and very narrow in its scope. There was no need for 20 episodes. Was also wondering how the overall rating adds up to 8.7 when most episodes are not even that highly rated?
7,스카이캐슬,"The plot is on middle class parents trying every means to let their children study medicine in top universities. The story is a bit exaggerated with a mum loses her life because of this. But a bit of exaggeration does keep the story interesting to follow.The supertutor in the story causes the breaking of a family because she malteach tbe son of the family. In reality, this is not too possible. But i would say many of the tutors in my place are doing bad jobs and cause their students' failure to be admitted to universities. These tutors are simply too lazy to perform for what they have been paid, and destroy the futures of their students without any guilt at heart.I hope the supertutor in the drama would be punished because of her deed.Fathers of the families are all acted by familiar faces. The interpreter in Mr Sunshine, the site supervisor in DOTS and the assistant in KMHM. They light up the whole drama with their super acting skill.This drama reminds me of another drama Investigation Couple. A student jumping down from a building because of illusion caused by taking of medication to boost his spirit for studying. The pills are supplied by his mother. Again a tragedy because of unreachable goals on children education.Both drama give reminder to parents not to exert excess pressure on their children.Seeing up to epd 14. below is the updated commentsHye na is the best actor among the lads. She is cunning, full of plan to reocover her identity. Among the mums, writer mum is the worst. Her facial expression has no much difference in every scene.Twin mum's response to her lying daughter is adorable. This forgiving mum is our role model. Character of lads can still be reshaped. It is unwise to be too harsh with their foolishness.2 daughters' mum is too obssessed with academic results of her children, thus making too much compromise for an effective tutor. One thing is that she like to throw water to someone whom she feels doing wrong, including the super tutor. In our society, we believe that we should not make extreme reaction to a person who is obviously wrong or cheating you. This would only arouse unreasonable hatred and retaliation.It is amazing how the writer makes up an education thriller. No beautiful female lead. No handsome male lead. No romance. All are middle aged roles. But still achieve the highest seeing rating in korea. Unfortunately it is not on netfix. Foreign watchers simply miss this fascinating drama.After watching epd 15 and fast forwarding epd 16, i am a bit disappointed with the drama. I feel that the end of the drama is rotten. I have to lower the score from 8 to 7.The plot turn unreasonable. The supertutor is not God. How can she plot the death of hya na and frame woo jin as killer, just being a tutor and has just one assistant. The parent meeting and fight is utterly unnecessary. It makes the series a soap drama.Rumour says that the drama is extended from 16 to 20 epd. That is probably the reason behind why the story suddenly turns unreasonable and elongated illogically.Like Secretary Kim, i just cannot figure out why seeing rate is so high. I hate unresonable storyline my self. Perhaps i am more demanding than average audience. But epd before 15 is perfectly ok. So it still score a rating of 7.Updated
Happy ending. It is my cup of tea. But even if it is a sad ending, i would accept. I think the watching rate will even be higher."
8,스카이캐슬,"Apart from it being well-directed and well-written, I love how intellectual it is-dealing with cryptic philosophy books such as ""Thus Spoke Zarathustra"" written by the German philosopher Friedrich Nietzsche and even Richard Dawkin's revolutionary evolution idea found on his book ""The Selfish Gene"".As I finished it, I remembered this memorable and enlightening quote from the film Dead Poets Society:""Medicine, law, business, engineering, these are noble pursuits and necessary to sustain life. But poetry, beauty, romance, love, these are what we stay alive for.""And I couldn't agree more..."
9,스카이캐슬,"A masterpiece, and not just the brilliant acting but also the writing, direction, OST, sound effects, camera work-all of it in perfect sync, perfect timing as each scene weaves its tragi-comic spell. The satire on these parents is spot on and very satisfying, but the effects of such obsessive behavior are wrenching for their kids. The series is relentless from the beginning in exposing the narcissism and danger of parental intrusion in their children's lives for their own self-glory."
10,스카이캐슬,"This series .. Not only demonstrate the family relationships and how much parents can do for their child or to make it clear , they are ready to killf or their own greed using their children.. But it also state the cruelty of the world we are living in and how even money and power can't bring the joy , a human is looking for , 'cause simply a person can never be only satisfied with only the things he has .. But he must necessarily be on the top of the PYRAMID ....
I think every single person should watch this .. From the children to the parent .. 'Cause the kids need to stand up for themselves and never give up their happiness for their parents and the parents never use their children to make the dreams they couldn't reach by pushing them .
Love .. Is the only way to happiness"
11,스카이캐슬,"I am basically halfway through ( I will also update once I finish) and I saw alot of people compare this to penthouse saying this is the og but alot of the plot points dont even make sense... I am confused because so many people on here rated it 10 and had good things to say. The characters don't even make rational decisions. This has absolutely nothing to do with them going above and beyond to reach their goals being the people they are. When I say this I mean in terms of their actual character development they do not develop in any shape or form - even if the goal is not to make everyone a ""better"" person character development is as simple as not constantly making dumb decisions that create the same outcome ... its so redundant and most of what I have watched is alot of characters moving in circles. Take the in house tutor for example... her actions make no sense when it comes to her goal. The new neighbor ( the wife) also keeps going back and talking to seo jin even though she literally knows how much seo jin hates her and will never listen to what she says... the couple that is always sucking up to seo jin and her husband bc of the husbands job also make 0 sense and it seems like they are just there as a filler. The twins father and his wife also make 0 sense because their dynamic is completely unhinged with absolutely no development at all.I don't even feel the drama element and I am all around super disappointed with the character development and I just hope some of yall rated it 10 for the ending or something because I am only continuing to watch to see if it was worth it."
12,스카이캐슬,I watched this show because it is rated #1 as well as in viewership. This show only caught my interest and attention starting from Episode 14....The show is too boring and dragging from the beginning and I almost gave up because I fall asleep...the story and plot does seem going anywhere....the first part of story telling is too long...you could probable delete 5 to 6 episodes without affecting the story...My definition of a 10 score is excitement and interest from beginning to end...I still consider Crash Landing on You as my #1 and Kingdom as my #2...this won't be in my top 5 list...I've got to watch the other K-dramas..
13,스카이캐슬,"Not what I am used to in a K-Drama, with so much sadness, emptiness and evil going on.First let me say that my favorite characters were the twin boys and if it weren't for them I don't think I would have watched. They were so lovable and cute and wanted to have respect for their father so bad, you just wanted to stay and watch. Jo Byeong-kyu played twin Cha Ki-joon and. Kim Dong-hee played twin Cha Seo-joon. They were perfectly matched and played their roles excellent together. It was perfectly cast.So I realize this is a fictional drama but if this is remotely similar to the educational systems for real in Korea and/or parental views on how to get ahead or study for school, I feel sorry for those that have to endure such a thing, and I am sure there are people like that as I have met some myself - rigid, sad, empty, only know one thing, not well rounded, not happy, not creative, can go on and on. In this story the parents do eventually realize their shortcomings however in many instances when it is too late. It gave me nightmares and would rather watch something a little happier. Thank goodness for the twins who added some smiles."
14,스카이캐슬,"I enjoyed the show but I think it should have been only 13/16 episodes, the story didn't had 20 episodes, I think that ruined the end for me.
If you are familiar with Korean drama show than you would know that they often make more episodes than it needed!"
15,스카이캐슬,"Everything, the screenplay, the direction, the superb acting from both leading and supporting actors, it's one of a kind! Not the usual Kdrama. It's something else, quite hot and shocking subject, given in the best way it might be. Don't miss it in any way. The message of this story is so strong that I bet you won't forget it! Excellence and high performance! Congratulations for creating such a GEM!!!"
16,스카이캐슬,"Although the settings are cool, they are actually middle-class anxiety. Up and down, in order to break the head of a domestic school. The first 1/3 is still a bit interesting, and then the level of the plot declines. Especially in the last 3 episodes, the mother and daughter of the white washer, it can be said that the characteristic set-up has been completely destroyed, coupled with the sparse story of the white lotus saving their son without human fireworks, it is reluctant to give four stars."
17,스카이캐슬,"For me this work was perfection in all kinds of ways, I wish many people around the world be able to understand the great message that this drama is trying to deliver. I highly recommend watching it you'll never regret it."
18,스카이캐슬,This drama is created to support the existing Korean government to send messages to koreans to stop being so academic. Although the storyline is good but there are a lot of illogical facts and common senses. They also had created so much loop holes and unacceptable nonsenses plots. The beginning episodes are interesting but its gets out of hand as the episodes increases. Why so much awards? Its a government demanded drama! Why in this 2018 still has such a standard of drama? It completely destroyed the image of corrupted korean society.
19,스카이캐슬,A good drama with good thriller moments but lets forget the episode 20 because it was lackluster.Writer couldnt conclude their point well enough.
20,스카이캐슬,The drama excelled in executing the elite society and their greed for having everything even if it means getting your hand dirty.An evil power infiltrated the society by guaranteeing their children to get accepted in one of the big schools for medicine in Korea.The drama is driven by characters who are acting as liars to win someone as an alie and keeping secrets for the right time to be revealed.Psychological and mystery genres are executed in a brilliant manner which hook you to binge watch the drama.What I think is that every Kdrama lover should watch this as it became one of the best korean drama in a decade.
21,스카이캐슬,"This is so far the best drama I watched during the whole pandemic period.
Acting is superb especially the adults. Script, the flow, development of characters, all excellent. For the teens, the girls did really great, Yeseo and Hyena. For the boys, I like Woojoo the most in terms of acting! The twins are OK, Kim Dong Hee was quite soft and forgettable here.It's the Husbands that brought the best comedic lines here. I like their rivalries and how they try to outwit each other. Very funny.The story and twists are great! The comedy part of the drama is really hilarious.Definitely recommend this to others. I like their soundtrack as well."
22,스카이캐슬,"If I describe it as a crime story related to education, it might not seem very interesting, but actually, this series gets nail-bitingly exciting after a while. At first, it is difficult to understand who is who and what their agendas are, so I actually stopped watching the first episode midway. I did not expect to get hooked on it so much as to binge watch several episodes at a time (the episodes are very long).The competition and dynamics between the group of upper-middle class women and men are very interesting (most of it is related to their children's education, which seems so typically Korean), and the actors are all excellent. The protagonist (Han Seo Jin) is a very complex character, she seems to be a villain first but there is more to her than that. Even though this is a satire/crime drama, there are some over the top emotional scenes (there is a particularly touching one when a husband can only reveal his true feelings to his wife when drunk, by text message). There are also some comic relief characters and scenes that are, I presume, supposed to be funny but seem weird or disconcerting to a European person (for example, the head doctor slapping young doctors at the hospital).I had a few minor problems with the series, for example, that the main villain's daughter, who used to be a genius but was injured in an accident, seems to have Down syndrome. I found this really weird. Also, the make-up is occasionally too over the top and unprofessional, especially if a character is dishevelled or hurt . Some of the good characters are too good to be true, which is not realistic. This is all I can think of, otherwise, it is excellent!I particularly recommend it to more mature people and parents but young people will enjoy it, too (they can identify with the children)."
23,스카이캐슬,"The first episode is seemingly quite mundane to begin with - however it suddenly goes from 0-100 and you're hooked. The acting is amazing, it's unlike any Korean drama I've ever seen before thus making it unique for its genre. The script is very well written, the acting is amazing and the way that it has been filmed is in many scenes very well thought of and artistic. There are details and symbols within each episode which are of importance for the storyline - it's a very well made show.
It's worth noting that it satirically portrays a real life mindset reflected in the life's of many individuals and is surely an eye opener if observed from a certain perspective hence the pressure many parents put on their children when it comes to education and studying."
24,스카이캐슬,"Don't be fooled by the promotional posters/images - this is not your average rich housewives drama.
It tackles sensitive issues such as mental health, exam stress (education system), parental expectations and relationship within families. Characters are varied, unique and develop well through the course of the show.
At its core, it is about how parents grow up to truly understand what is important in life. However there's a lot more to it.Things I liked:
Great storytellingInteresting main characters (along with stupendous acting) and fantastic synergy between all charactersMoments of humor sprinkled throughout the show to counter-balance the serious momentsEvery episode ends with a cliffhanger that leaves you restless to see what happens nextThings I didn't like:
Episode count could have been a bit lower (however this doesn't take anything away from the brilliant storytelling)Start watching now and thank me later!"
25,스카이캐슬,"My favourite pianist recommended this tv series in one of his interviews, it exceeded my expectations. Truly, one of the best art pieces in television of today, I hope it gains even more attention globally."
26,스카이캐슬,"Its not about love story drama,between lovers.its about us-humans.its drama about human's greedy,pride,power and mindless crimes."
27,스카이캐슬,"Storyline, actings, messages, humors. This drama is so good and it gave me many lessons. But I guess the poster doesn't represent its story. As a non-k-drama lover, at first I thought this is just a normal drama. But you will be surprised."
28,스카이캐슬,"The drama starts slow and the real action starts after the finale of the first episode. At the beggining, the slow progress seems unessecary ,however it's not. Everything has its reasons and helps characters' develoment. Great performances from all actors/actresses. A really great drama which has a lesson to impart. The message is clear - it's bad to pressure children to do well in school ."
29,스카이캐슬,. I forgot I had a girlfriend while I was watching this show.
30,스카이캐슬,"Trust the Koreans to take a mild topic of children's education and expand it to a level that most parents can identify with. Elitism, capitalism and social inequality culminating eventually as illusional obsession with grades that their next generation could achieve, this vehicle delivers so much drama and soul reflections for elitist parents of our era that makes it so entertaining, yet believable at times. This show is the better, sophisticated version of Crazy Rich Asians."
31,스카이캐슬,"I was held back from watching this show last year when I stopped at the first episode, thinking it portrayed too many busybody moms and I got suffocated. Then a week ago I was browsing through, and googled ""kdramas with highest rating in IMDb"", and Sky Castle was on the list. Then I thought I would give it a second chance, and continued watching . Mann! What a story this is!Superb acting, superb script, superb camera works (totally love the scenes when the camera gets up close to the actors' eyes and lips, totally showing the emotions and encaptivation through one's words.). The pace of the drama was just perfect. The actors did an amazing job at their respective characters, and yes I feel quite upset this drama didn't win the best drama category at 55th Baeksang awards.This is a must-watch for all kdrama fans. A total gem.Easily 10/10. I could give 15/10 too because it's too good."
32,스카이캐슬,It's such a good drama with an important message behind it. It's a much watch and different from your usual k dramas. I think it's underrated. I highly recommend that you watch it!
33,스카이캐슬,"This series tackles social issues - family, academics, and career. Every episode ends in cliffhanger. The dialogues are extremely powerful. The cinematography and acting are perfect. Maybe the thing i dislike about this series is that it doesnt have season 2. Man, 20 eps is not enough. The story is so fast pacing. It may be one of the reasons why it finishes at 20 eps."
34,스카이캐슬,"There is not a single thing that I hated about this drama. If you wanna see mature kdrama with strong female leads. This is a must. There is perfect amount of emotions as well as.
It tells about the stress, students through to get into prestigious colleges. It shows the extent to which parents go to ensure that their children to get into colleges.
I think every parent in the world should see this."
35,스카이캐슬,"'SKY Castle' is a 20-episode long Korean drama, starring Yum Jung Ah, Kim Seo Hyung and Lee Tae Ran in pivotal roles. The show is about the harsh ways used by elite families, to get their kids' into one of the renowned universities of South Korea, namely the 'SKY' universities (Seoul University, Korea University and Yonsei University). The main protagonist of the show, Han Seo Jin (played by Yum Jung Ah) hires a tutor, Kim Joo Young (played by Kim Seo Hyung) for her daughter, who is hell-bent on getting admission into the Seoul University as a medical student. The tutor is very well-known in her field and charges a fortune from the parents to makes their kids eligible for admission in the elite colleges, by hook or crook.I started watching this show, mainly, because of the huge popularity that it gained over a short amount of time. This came as a surprise to most people as the show did not contain any famous heartthrob, not that the actors in the show are bad (in fact, they are top-class). This fact made me more curious about the show and thus, I ended up watching it (correction-binge watching it---). After watching the first few episodes, I realized that the audience were giving more importance to the story of the drama, which is a too good to be true fact, because most of the time, people get more attracted to the pretty-faces in a k-drama, than giving importance to the script. But I am very happy that 'SKY Castle' got a very well-deserved appreciation from the audience, who did not judge the book by its cover, in this case.Talking about the acting, everybody did a very decent job throughout. The chemistry between Yum Jung Ah and Kim Seo Hyung was explosive and very well-maintained throughout the drama. Kim Seo Hyung's tutor role, literally, gave me chills and made me extremely scared of her, but that is just a proof of her commendable acting.'SKY Castle' is a powerhouse of good drama which manages to keep the viewers at the edge of their seats. The show has some very intriguing scenes which are going to give you goose-bumps. It gives an insight into the toxic side of the rich, their wish to accomplish everything in life, for which they do everything they can, without realizing that they are in fact harming their own selves, in the process. The show challenged me to place myself in the shoes of various characters and think about what my take would have been in their place. This drama is a must watch for someone who has been bored of watching cliché romance and wants something exciting. It will also make you 'best-friends' with the 'next-episode' button (as was the case with me--- ;) ). If you are someone who is craving for good content, fiery characters and nail-biting situations, then 'SKY Castle' is a total thumbs-up for you."
36,스카이캐슬,Different storyline than other dramas and showed the reality of the world.Y'all must watch this drama and recommend this to others. This drama has very deep message.
37,스카이캐슬,"Sky castle is a masterpiece and I am so excited that I have watched a drama like thatCharacters are so emotional and well created,
I loved the way Ye So acts , she is so talented!!The ost is so catchy and very interesting!I liked that there are some scenes was so emotional and unexpected !!!!!Also the villain woman was one of the best villains I have ever seen before
Furthermore the message that offer is so helpful and goodThe only things that I don't really liked was the way Woo Go act .. he was a little cringe but he did his best
And some sceneswas quite boring especially in 20 episodeHowever this series is one of the best and I totally recommend it to you:)"
38,스카이캐슬,"All this chaos because everyone wants their kids to become doctors. Wonderfully acted and the story line is engaging compared to the plethora of rom-coms littered on my Netflix home screen. A tad too long, the final act last a couple episodes more than necessary. I can't say I enjoyed it on a personal level because holy ... 90% of the cast is sooo unlikable. Most of the time I was going ... eff these rich ass people ... Which goes to show you how well acted the families are."
39,스카이캐슬,"It somehow managed to get more and more stupid each ep, I'm still in awe
I wasted my time, you don't have to, go do something nice for yourself.
It's another Kdrama about rich ahjummas, what did i expect anyway? (As a matter of fact I expected nothing but ok I do agree that Kim Seohyung is hot)
One star for idk trying?"
40,스카이캐슬,"This is not your typical drama movies, in which you happen to see exaggerated events with dramatic turns. This is not the typical crime movie either, in the sense that the villain is not someone you'd come across to in most of the crime movies. The villain is not a serial killer, but a serial manipulator. You see more than a cold-hearted, neat, sociopathic, power freak murderer. You see a coach who herself is the victim of the system, reflecting the guilt and utter shame the system caused back to other victims of the same system.Nothing is black and white in this series. Just like life itself, everyone in the series is somewhat responsible for the tragedies they experience in and outside the castle. That makes the story more touchy and impressive.The narration is celeverly thought and expressed. The story has good suspension and turning points. It is so satisfying, also, to finally see a series/movie having a more detailed ending, again, making the story a lot more realistic and impressive. You don't have a open ending, or the events don't get intense in the end. The events get intense and get solved the episode before the ending and then in the ending you happened to see everyone's growth and happiness in detail, which makes it quite satisfactory.The topic choice is on point. As I am a Turkish person, I can relate to almost everything related to this series, since, just like in Korea, Turkish students including myself, have struggled from the same issues if not more. Assumably, someone from Europe would find it hard to relate to the topic, but it affects so many young people and their parents sometimes to that extend as it was shown in the series. Therefore, I believe It is also useful for people and families that are in these situations.To sum up, It is a very fullfilling, uplifting and satisfying series to watch. I would definitely recommend it to everyone, whether or not they have experienced the same/similar issues. All things aside, it's a great drama and crime series and it would be great to see the new season soon!"
41,스카이캐슬,"10 stars for this series
Worth it to watch.... recommend
the best story
Not all about love love but story about relationship family
Thumbs up for the writers and all this crews"
42,스카이캐슬,"Let's just get it out of the way that you shouldn't expect a realistic show when watching Sky Castle. It's definitely satire and has some extreme situations with over the top reactions. But this is one of the better shows to combine laugh out loud comedic moments with man-tear-inducing serious situations.During the 20 episode season we get introduced to the 4 families who reside in a high society residential area aptly named Sky Castle. Where despite the high luxury life, we find out that each family has their flaws. Some bigger than others. Where the pressure which is put on their children to be even more successful in life, has a literal pressuring effect on the kids.The entire cast is wonderfull, including the younger actors. The girl who plays Hye-na especially had my eyes teary as the season went on. I also think the writing is pretty damn amazing, where you are able to despise and root for the same characters as the show progresses. The character Cha Min-hyuk (the law school lecturer with the 2 sons) especially comes to mind. Oh my God, I really hated this guy yet still felt a bit sorry for him when things start to turn against him. ""Didn't your wife tell you anything?"" :DThe ending is a bit too easily wrapped considering what type of characters these people were in episode 1, and how they ended up. I dont think people change that drastically. But again, this isn't supposed to be a realistic show. I was entertained for 20 episodes, the show did it's job. Very well even."
43,스카이캐슬,Special mention to handle such a sensitive story line in a perfect manner. Stunning performance. Much needed one!
44,스카이캐슬,It's really perfect. it tells about how education in korea.
45,스카이캐슬,"Never thought that I would hookup to the Korean Drama till I watch this one. Was my first series and seems will not be the last. The story, acting and direction is fantastic. The emotional part is very powerfull. Never thought that I'll be this weak while watching fictional story. The cliffhanger in every episode made me finish it in less than a week. I've learned alot though and will try to practice some in my life."
46,스카이캐슬,"Could've got a 9 from me if they didn't make the ending in a hurry. No one learned a lesson, it is just everyone caring for a bunch of values they don't want to lose.I liked how the whole series is not only about stress of studying, working, etc. They also stand on how wrong the current system is.My personal observation about these series is that it is unrealistic. No matter how disturbing it can get, this system can not be changed, ever. From this aspect, we can say that the ending is a bit hanging there, not quite concluded."
47,스카이캐슬,"The acting, OST, story and camerawork is top of the line. This is a high quality Kdrama I always recommend to others who ask for Kdrama recommendations."
48,스카이캐슬,"Sky Castle is one of the best series I have watched. It shows a different mood from other Korean dramas. The series contains much emotion and pulls them out through the problems and events. The event that occurs in the series is mostly about the families of each character, the conflict between them, and the problem with education in their country. This drama does a good job of reflecting the learning pressure of Korean students who must do well or get a good grade to meet their parents' expectations. Each scene and all details in the series have hidden meanings that are going to be one of the keys or the hint for big events. Talking about the production, the actors did a great job on pulling out every character. Their acting makes me think and trust that they are a real family. Scriptwriting, direction, and the camera work very well. The script made me understand most actions that each character decided to do. They have a unique camera angle and color mood which could express the emotion of each scene well. This drama will be a great choice for the person who is finding touch and deep story to watch."
49,스카이캐슬,"The show is not exaggerated at all. This is real in South Korea, guys. I myself is a Korean Korean (not Korean American) who graduated from a science high school, then KAIST. Back in the day in my high school, I saw a ton of kids who have trained by hourly schedule from their age of 10, the notorious Hagwons of Gangnam, solving calculus from young ages. On a sports competition day among the four science high schools, I even saw a mom brining and playing a huge drum for chearleading. She later got the principal's letter of reference, so her son could get in KAIST. (Later, this principal went to prison for bribery issues). Korean education (actually, all East Asia) is crazy. You guys have to know, this show is real except the murder part."
50,스카이캐슬," terrific execution and powerful storytelling
"
51,스카이캐슬," Exaggerated but entertaining
"
52,스카이캐슬," It's Really Good
"
53,스카이캐슬," A superb Korean drama that provides insight to its society
"
54,스카이캐슬," Good Enough
"
55,스카이캐슬," We all lie, that's the truth
"
56,스카이캐슬," How is the cumulative rating of episodes 8.7?
"
57,스카이캐슬," Help me release my hatred on tutors
"
58,스카이캐슬," Well-deserved K-Drama with Highest Episode Rating 🙌🏼
"
59,스카이캐슬," Korean Masterpiece of Writing and Timing.
"
60,스카이캐슬," Greed .. Money .. Power .. Is it really the way to happiness ?
"
61,스카이캐슬," It did not live up to the hype
"
62,스카이캐슬," Quite Long, Slow and Dragging...Kurosawa style of story-telling...
"
63,스카이캐슬," Much Sadness, emptiness and evil going on
"
64,스카이캐슬," Great show 👍🏾
"
65,스카이캐슬," Exceptional and shocking!!!
"
66,스카이캐슬," middle-class anxiety
"
67,스카이캐슬," Just Perfect
"
68,스카이캐슬," A political support backup drama
"
69,스카이캐슬," A good drama
"
70,스카이캐슬," Granting a wish comes with a cost
"
71,스카이캐슬," Very Good Drama
"
72,스카이캐슬," A fascinating glimpse into the values of the Korean upper-middle class
"
73,스카이캐슬," Baffled
"
74,스카이캐슬," Well rounded dark satirical drama
"
75,스카이캐슬," Acting, storytelling and production of the highest quality
"
76,스카이캐슬," The drama of the year
"
77,스카이캐슬," INSPIRING DRAMA
"
78,스카이캐슬," Play with a mask to hide the truth
"
79,스카이캐슬," This is the best thing on TV today
"
80,스카이캐슬," The only Korean drama to watch in 2018/2019
"
81,스카이캐슬," Fantastically written and performed
"
82,스카이캐슬," Love everything about this drama
"
83,스카이캐슬," Best Korean Drama so far
"
84,스카이캐슬," Must watch
"
85,스카이캐슬," Gripping storyline and applause-worthy acting
"
86,스카이캐슬," Something different and good
"
87,스카이캐슬," Money, honor, beauty Everything you want!!
"
88,스카이캐슬," What's so great about being a doctor .... ?
"
89,스카이캐슬," tried so hard and failed
"
90,스카이캐슬," Unique, Realistic and Satisfying!!
"
91,스카이캐슬," Amazing story
"
92,스카이캐슬," Success isn't everything
"
93,스카이캐슬," Must watch show for Parents
"
94,스카이캐슬," perfect
"
95,스카이캐슬," Very emotional and almost dried my eyes.
"
96,스카이캐슬," The ending...
"
97,스카이캐슬," This drama got me back to watching Kdramas
"
98,스카이캐슬," High quality
"
99,스카이캐슬," It's not exaggerated at all guys.
"
