,title,review
0,스토브리그,"As in doctor prisoner, this is again a atypical story centres on sports management. It shows male lead's effort to choose plot that is new to ordinary kdrama.I am living in a small city and never has resources to develop sports, like the scale shown in the drama. It is interesting to know the team behind a sports team.The pace of story is at times kind of slow. But most of the time the drama develops with great stories. Going aboard to interview foreign sportsman, taking of illegal drugs, selling and buying of team members. All these constitute a rich story and well-developed plot.It is just disappointed for male lead to lose the best actor in Baesang. He will have more chance to win if there is a love line with a more beautiful female lead. Hope he could win in the next round of award presentation."
1,스토브리그,"This drama proves that winning a game doesn't all depend on just training hard but also been emotionally and psychological prepared is a factor. I really don't know much about baseball, but this drama really made me interested in at least knowing the rules of this game. The story tells how people especially are always fixed on the coaches and players when a team doesn't win a game ignoring the fact there could be some internal and management issues that doesn't motivate them to give their all. Yes, players should be blamed since they are the ones on the field but it wouldn't hurt to investigate the other factors causing their failure which every episode tries to address.
Corruption, bribery, hiding of internal injuries and salary issues is what this drama tries to bring out. These issues are tackled so well with suspense that it makes someone who doesn't like sports to be glued to the drama.
Overall, the drama is very fun and entertaining and also succeeds in getting its message across making it worthy to watch."
2,스토브리그,"This drama hits all the right notes. Folks who trivialize saying 'this is Moneyball version of K-drama' are grossly downplaying the depth of this show. There is so much happening in each episode. The first episode instantly sets-up an intriguing plot and every episode unravels something interesting or tackles a deep rooted issue.Although its set against a Sports (Baseball) backdrop it isn't simply a Sports story. Please don't turn away thinking its a Sports drama. Infact there is hardly any on-field action through its 16 episodes length. It focuses more on the management side of the team and the problems that pop-up after years of under-performance. Along the way you may even pick up few useful tips on topics such as negotiation, presentation skills and general management.What I loved:
Great storylineFantastic acting (Namkoong Min is a Korean treasure, however he was aptly supported by Eun-bin Park and others)Good explanation of important Baseball stats (on Viki) and not dumping lot of numbers on our face (easy to follow for a novice like me)It's a pity so few people have watched this drama. It deserves much more recognition and love.Go Dreams!P.S. There is no romance in this drama. Just so you know ;)
It also won the Baeksang Arts Awards for Best Drama for the year 2020"
3,스토브리그,"Namgoong Min is a terrific lead in an outstanding cast. But I found the script uneven and draggy at points. Still, it's generally a fine series I enjoyed and recommend."
4,스토브리그,"Its baseball, greatest sport ever and the best sport for making series and movies, nothing bad here and i think ive seen ever baseball movie made.Not a huge fan of the leading male but he's good in this actually plays the perfect GM
So little background on the name, in the USA in the cold of winter people would sit around the hot stove and talk/mostly arguing about well anything baseball hinse the name ""Hot Stove League"".enjoy it... i sure am"
5,스토브리그,"A low cost drama that uses low budget material and low manpower. The low cost material like CEO using low cost cars still showed the same no make senses. They also keep showing the same faces which are bored to say low manpower.
However the story plot are nice from episode 1 to 14 but episode 15 beginning to get low expectation and quite bored. Final episode 16 is a low standard conclusion which make no sense. Sadly the writer did not think of a better conclusion. But overall its a short 16 episodes drama so it quite exciting to pass time."
6,스토브리그,""" Stove League "" is the Chief Kim of sports.Honestly, stove league was not for me. I didn't get entertained, and a few of the stories kept me interested. However, taken in consideration that maybe it wasn't my cup of tea, I'll review it without taking that factor in mind.So, the story was interesting, as they presented the way the team was trying to get the Dreams, aka their baseball team. The stories were mostly humane, and the fact that they didn't add any unnecessary romance to it was a delight. The performances were really good too from all actors and actresses of the cast. The pace, presentation of the sports and training process, as well as the poster, were nailed to perfection.So, seven out of ten."
7,스토브리그,"Stove League (Hot Stove League on Netflix) is a drama that grips the viewer from the start. In part, this is because one knows the story already, it being a heavy lift from the Brad Pitt film, Moneyball.Unknown, maverick manager is greeted by a wall of despondency and scepticism then makes matters work by throwing out some of the rotten eggs, but eventually gets people onside by revealing he knows his stats and he's got a plan that can work. Meanwhile, it doesn't need a spoiler alert to say, he's got the top brass against him, nor that he's in with a chance of winning, but at what cost.Different from other dramas, for once there isn't a gangster element, other than the parent company, anyway, and not one single funeral scene. OMG! I know, we thought the funeral scene was compulsory in K-dramas.Predictable, at times, but I was held in every episode. There are good sub-plots also with intriguing backstories.The cast is tremendous and the use of real baseball stars adds an air of authenticity. Sure, they're hardly the most natural of actors but they're each right for their characters, so it works.It gets over an 8 on IMDB and that's well deserved.Ps. Of course, the product placement is as bad as ever. I suspect if I were to visit Korea I'd be surprised that everyone is not dressed like a supermodel with wardrobes for daily change of outfits."
8,스토브리그,"I guess I did not like it that much because I am not interested in baseball. Also, Namgoong min has very passive acting and his voice sounds boring. I skipped a lot of parts and I don't know if there are some scenes that were good. But still I can at least rate it 5 for the other supporting actors."
9,스토브리그,"I always like winter break or off season transfer saga in any sports name it base ball, soccer, basket ball, etc, its the best time to get ready for real war. Similar to other classic battle movie, we would like to see Zhuge Liang preparation and setup the battle to benefit his side.I believe season 2 would be great movie for sports fans, especially Baseball lovers."
10,스토브리그," Very interesting genre
"
11,스토브리그," Wow, A Very Different View Of Sports
"
12,스토브리그," A hidden gem!
"
13,스토브리그," Good series but with weak points
"
14,스토브리그," Korean Moneyball... kinda
"
15,스토브리그," Nice short drama which is quite tempting.
"
16,스토브리그," Good Enough
"
17,스토브리그," BASEBALL DRAMA WITH AN EXCELLENT GRIP
"
18,스토브리그," Not a baseball fan
"
19,스토브리그," Great Movie not only for baseball fans
"
