,title,review
0,슬기로운의사생활,"Friendship. Love. Life. Death. Music.Not your usual medical drama. I laughed, cried, sang, and danced. Superb screenplay! Fell in love in Ik-Jun (Jo Jung Suk) Felt like I was cheating on Hyun Bin.😂My Thursdays won't be the same anymore. I truly loved this drama. Cheers to all the cast and crew. See you next year for Season 2.It's 10/10 for me. Highly recommended. 💖#HospitalPlaylist"
1,슬기로운의사생활,"There have been a number of ""hospital shows"" over the years. And yet, with so many, Hospital Playlist is unique. Why? Because it sticks with its strengths: chemistry between the five leads and staying away from the typical hospital politics.Instead, Hospital Playlist is about people. It's about how we, as people, can endeavor to treat others just a little bit better; to put ourselves in the other person's shoes rather than resort to snap judgments. If you remember Patch Adams, you'll find that--for these five doctors at Yuji Medical Center--the people matter more than the disease or injury. In other words, it no longer pays to be indifferent and to block out natural emotions.Hospital Playlist is actually a fairly light show. Yes, it has some tense moments, but overall, it never gets bogged down in melodrama. Instead, it relies upon the unique chemistry of the five doctors who've known each other since medical school. And once a month, they get together and sing a song. Hence, the Hospital Playlist.Each doctor specializes in a certain field. First we have Ik-Jun, who is a general surgeon but specializes in the liver and liver transplants. He's the lead singer of the group, and in many ways, he's the glue of the group. He's the first to crack a joke or do something humorous to lighten the tension. And Jung-Suk Jo is masterful at this! He's got as much talent for comedy as he does for singing. He never takes things too seriously. His job is important, but treating his staff and his patients with respect is always of utmost importance to him.Next we have. Song Hwa who is a neurosurgeon. She's kind, dedicated, and a bit of a workaholic. HIlariously enough, she's someone who THINKS she can sing, but she can't. Actress Jeon Mi Do is actually a professional singer, so to see her purposely sing out of tune is impressive.Seok Hung is the somewhat aloof but dedicated gynecologist in obstetrics. He's every bit as caring about his patients and staff even though it's not always obvious.Jun Wan is the brilliant cardiologist who can appear cold but to characterize him this way would be a disservice. Underneath the tough exterior is a man with a heart who believes that hard work and dedication is a key to success.Last, but certainly not least, we have Jeon Wong Ahn, the professor of pediatrics. Nurses and parents alike adore him for his unique way of handling children. He relates with them. He talks with them, and he never sees them as just another patient.There are many touching and heartfelt moments throughout the series as we journey along with them through the days, weeks, months, and even years. Don't be surprised if you find yourself shedding a few tears one moment and then roaring out loud with laughter in the next. That's the Hospital Playlist. In the end, it provides comfort. It provides hope that people can still treat each other with respect, with compassion, and with empathy.If you're a music lover, you'll find a cache of great songs, all sung and performed by the characters. At the end of each episode of Hospital Playlist, we are reminded not to take life so seriously. We're reminded that life is supposed to be joyous and fun.At some point, I will definitely want to re-watch this great series. So, if you're looking for something that is light, with many feel-good moments, as well as many hilarious ones, I'm sure you love Hospital Playlist!"
2,슬기로운의사생활,"When we see Yoo Yeon-Seok in this series, one would think of Dr. Romantic. But the similarity stops there. Anyone who's expecting an exaggerated, overly-dramatic plot like Dr. Romantic will be disappointed watching this. Yet, I love this drama - simply for its ability to weave simple narratives into beautiful episodes every week.It goes against any stereotype of love, hospital melodrama, and friendships - and gives you a strong vision of what a healthy relationship is supposed to look like in any aspect. As there are 5 main characters instead of 1, it really is trying to tell us 'we are not the center of attention' - everyone is their own main character. The dramatic events may happen in another room, but the characters themselves are enriching enough that they can hold their own story.It also reflects very healthy and strong friendships. Not every gal and guy that come together must have a romance - platonic friendships can develop and last. Not everything must have an underlying meaning.Finally, I like that there is no 'THE' bad guy. That's the thing about this drama - there are no stereotypes, no bad vs good. It's about living out our lives to the fullest, and enjoying the community around us.Sounds lame? Well, that might say more of ourselves than about the show - how we thrive for excitement in dramatic things but miss out on the beauty and humour in everyday life."
3,슬기로운의사생활,"A few of the reviewers seem to be turned off by the fact that there is no ""central "" storyline but i would argue that there is no central dramatic storyline is the very thing that appeals to me about the show. It is a story about an enduring friendship and the everyday lives of those in a hospital told with humor and compassion. There is beauty and love and tears and laughter and triumphs and failures to be found in all of our daily lives. What is wrong with trying to capture that in a drama? I really enjoy the ensemble acting and the mini-stories in each episode. I hope to be treated with as much compassion as these doctors show if I ever find myself in a hospital needing surgery."
4,슬기로운의사생활,"Brilliant and beautiful; sweet and wonderful. Strongly recommended, and cannot wait for the next seasons with this fabulous cast, director, and writer. What a treat."
5,슬기로운의사생활,"I love how this series doesn't exactly have like a 'main conflict'. the storyline revolves around the everyday life of the main cast and i love how it just flows. it is also heartwarming and funny. the chemistry between the main cast is also amazing. i think this series is for those who are looking for light and fun dramas, without too many cliches or conflicts."
6,슬기로운의사생활,"Grey's Anatomy, Take Your Scalpel & Go Home, Now. K-Band-Aid is In The HOWSE-pitalI put off watching this highly rated show for a while because I found the name unappealing. Well, what's in a name?This series follows 5 friends from college that eventually end up working at the same hospital in Seoul. Now that they are all back in Seoul, they resurrect their college band by working on 1 song a month, to ensure they take time to be together. Whether the above pre-screening sounds like a solid basis for a hospital drama or not, it's merely the setting. What matters is the relationships, particularly as embodied in the writer/director/actors. In any case, HP has stitched together an outstanding fellowship of talent.Believe the hype: Watch it. HP is 🎧AWE🎤SOME🎉.HP is about friendship first, but also caring+respect for others, love, parents & children, music, and lots and lots of #food. The hospital scenes, including staff dynamics and operating room procedures, feel realistic. The characters are a delight.Here's a shout-out to Jo Jung-Suk. He delivers another slam dunk with his performance as Dr. Lee Ik-jun. Every one does a great job.This just pertains to season 1. I haven't started season 2 yet.(((((((()))))))))With season 2 now watched, the diagnosis is that their practice in season 1 rendered season 2 even #more affective. It continues with the uplifting treatment of the subjects, and it's a resounding hit. Picking up right where it left off, there's a seamless connection to season 1.Early in season 2 there's a Ping-Pong tourney. Cardio-Thoracic Sx was looking good - until they had to concede in order to respond to an emergency. At least half of the matches seemed to be decided that way. Instead of mic drops, we see paddle drops. We get to hear other docs gossip about the great Lee Ik-jun: 'I heard Dr Lee was in the Ping-Pong Club in college. In fact, I heard he was in EVERY club in college. He was even in the magic club.' Comfortably confident, Ik-jun tells Song-hwa: ""I'll return victorious before this tea gets cold."" (Nope. Nuclear Medicine runs the tables). His defeat is commemorated with these words: ""Tasting Defeat and savoring victory: These are the things that allow us to grow.""Let's take a moment to review the primary protagonists.In season 2, Lee Ik-jun continues to play Dr Cupid. While Ju-wan (the cardiologist) is worried about Ik-jun discovering whom he's dating. We must wonder: Why worry? How could Ik-jun deny anybody love? Watch to see. He has time to play cupid, and also cover for the lunch lady because he's so brilliant that everything is easy for him. Besides, he's friends with the lunch lady on social media, and her son had a parole hearing. The only thing that takes Ik-jun more time than other docs, is walking thru the hospital. That's because the highly loquacious Ik-jun is friends with everybody - security guards, aids, custodians, scattered guardians ... Just everybody.Ah, the unparalleled and misnamed SONG-hwa. She can do everything: neurosurgery, research, office visits, lectures,,, one of her biggest timetakers is her mentoring of any and all residents in their educational, professional, and even personal lives. She can do everything but sing. She sings anyway, with masses of verve. She gets pleasure out of little things, like rain. She dances at church and eats like a Sumo wrestler. Utterly delightful, she's the heartbeat of the gang, excepting the band.Seok-hyung lost a little weight and he looks great in season 2. He declined to take over his father's business and continues to rise to near celebrity populatiy as an Ob/Gyn, despite his modest and somewhat shy persona. Patients respond to his gentle and caring manner. One office visit depicts amazing ultrasound footage of a 10 week old fetus wiggling its arms and legs. The couple's reaction is precious. Still focused on Seok-hyung, his mother remains unable to resist attempts to try to control him. She wants grandchildren. Now. She tells him: I don't care who it is. Just get married.Dr. Chu continues to try and insert herself into Seok-hyung's life. In season 2 he's neither encouraging nor rejecting her efforts. Dr. Chu is not easily daunted. In fact, she's downright inspirational. Openly perusing Seok-hyung, she often makes him laugh. Dr. Chu runs into Seok-hyung's mother - literally. Mom was so offended that she even told Rosa she doesn't care whom Seok-hyung marries, as long as it isn't #HER!, speaking of Dr. Chu.Ju-wan is unchanged in season 2, and his relationship with Dr. Do, whom he is training, continues to improve. We get to meet Dr. Do's wife in season 2.The pediatrician, Dr. Ahn (Andrea/Jeong-won) treads the course set in season 1. There's not a lot to say w/o spoiling some surprises. He complains that his siblings are worried about mom, but as they can't help ""right now"", they bombard him with calls. In rich irony he laments: ""Why did they enter the church, really?""We see the return of almost all the side characters: Parents, siblings, other doctors, residents, as well as new first years. They all continue to round out the show well.Uju wants to go camping, so Ik-jun finally leaves his beloved city life for a weekend, because his son is his world. Hmmm. Who else loves camping?Gy-eol is looking relaxed and even pretty, especially with her hair down. We learn more about her in season 2.As a side note, there's a realistic basis for the show. The positive connection between surgeons and music has actually been studied. The participants currently playing a musical instrument, at the time of the study, performed the laparoscopic tasks significantly faster than those who did not. They determined that visuo-spatial abilities used in laparoscopic performance clearly may be enhanced for individuals playing a musical instrument. It seems obvious that finger strength and dexterity should also be positively affected.Even though HP is a top-ten show
in all of Korea's history, there are currently no plans for a season 3. The writer has completed the originally scripted storyline. That is the current status, but there's actually numerous ways to continue the drama. For now, it's a wrap. If you are one that dreads waiting for another season as it it's a multistage invasive treatment plan, it's safe to go forward with the HP procedure now, and hope for a reoccurance in the future.IMHO...
🎬9 🤔8 🎭9 ⚡4 💓8 🦋5 🎵 9 🎨6🔚9.Suggested Age 12& up, with a caveat: One unmarried couple is shown in bed together with enough skin showing to infer what's unmistakably been going on. Any parents who object to that, be advised. The counter-balance is the realistic medical setting, along with reinforcement of good character."
7,슬기로운의사생활,"This is a very classy Korean drama. That much is evident in the cast and the writing. It's a skillful weave combining the mundane in a medic's life with the challenges. We see strong, invincible characters save a life but then something else in their narrative has them dying on the inside.None of the characters are successfully married. Either their relationships didn't work out, never matured, or were never realised but the details of such are incidental to the storyline rather the principal angst. This adds to the perception, perhaps, that not much occurs and yet each episode has a distinct dilemma. The doctor who yearns to be a priest, the romeo who may have found a true love too late, the doting single father who knows the unattainable one that would make his family complete.Personally, as a middle-aged London viewer I don't care for the 'Patridge Family' musical element which is pretty cheesy and surprising given that the drama works hard NOT to be cheesy, but I appreciate this is maybe something to tide over the k-pop teen viewers.Overall, I'd give an 8 but at times for writing and performances it really does hit a ten."
8,슬기로운의사생활,"I loved all the characters so much I finished this drama in about 2 days lmaoo. The storyline itself isn't too heavy, but at the same time covers so many different emotions. I'm so excited how season 2 will turn out!"
9,슬기로운의사생활,"What a fantastic series. A brilliant, very highly talented cast of my favourites. I love the band! I love, love this Drama because every episode make me laugh and Cry😍🎶
Every Soundtrack in this drama give something valuable thing to Community..."
10,슬기로운의사생활,Watch it. korea TV shows has better understanding of the real life then the hollywood does.
11,슬기로운의사생활,"This is one of the few TV shows I can wholeheartedly give a 10 rating. I love this series, watched twice the first season and going on the second season.The friendship depicted in this series is so heartwarming, not just for the 5 main casts but also their interaction and kindness towards their interns, fellows & nurses. Even the long lasting friendship between Rosa and the Director of the medical centre is just so warm - a friendship spans for 65 years and still going strong!The characters' development is another success, we grew to love all the cast (even the supporting roles) bits by bits through their actions, interaction with each other/other characters. Each episode provides us a good life lessons focusing on human behavior and emotions, the happiness when love one is healed, sadness when love one passed and the pain in between waiting for miracles to happen. It really pulled my heartstring. It motivated me to become a better person, be kind and more attentive to my family, friends and be more compassionate/empathy to strangers who are in need.I love all the actors and actresses; they all give very good performance. The child actor is so cute and the music is simply superb. One lovely thing about this series is the romance is not cheesy, because we all know Korean shows tend to get OTT cheesy when it comes to romance, and we do not have any super ""bad"" people, we see people of different characters/behavior, all with their own flaws but aren't we all have flaws?Overall, I highly recommend this series to anyone."
12,슬기로운의사생활,"It took me a couple of episodes to get into this series but well worth staying the course. Hospital shows are always hard to follow when they go into the different ailments and procedures, but always turns out to be educational. This has you with tears in your eyes one moment and laughing the next. Excellent cast. Also enjoying the musical number in each episode, very talented musicians as well."
13,슬기로운의사생활,"Great series, great cast and storyline, this just gets you hooked up right from the beginning. Don't miss out on this wonderful series."
14,슬기로운의사생활,"I think it's 7.5 for the first season, and 9 for the second one! I wish they would tell more about each main character, but since this is about hospital life so no wonder they also try to explore different story for the supporting characters including the patients. As a ""non-medical"" person, it's a bit confusing to understand all the jargons. I binged watching the first season, and surprisingly I found it a bit boring because of the slow pace and too many medical jargons which I wasn't interested at all. But in the second season, I think I've fallen in love with the main characters. I love the friendship between all the characters, and the way how they support and be there for each other. Well, to me, the most interesting part is about the background and life lesson behind each story, it's just very very heartwarming. The romance between the characters is just enough but not too much. And for the last part, I love the soundtrack from the first season more. Oh I just love it!"
15,슬기로운의사생활,"Life's definition is very different for every one. In this drama we get to meet 5 characters who have been friends since medical school. Unlike the other medical drama which usually go for dramatic, suspenseful and depressing tone, this drama went for a light, musical feel. It's a success. This show hits all the right notes with its ensemble cast of musical actors, best direction and great script. So what if the series has no specific theme to it? How will it be different from other kdramas then? The series derives its distinct identity in this only.. It tells several mini stories through the eyes of these 5 characters. Loved their musical jamming. I felt envious that I never got to make such a gang of friends. Can't wait to see season 2. Shin won ho has done it again. Exceeded all expectations.. After all he has given us the Reply series, and Prison Playbook. Aloha... 😘😍"
16,슬기로운의사생활,"I must admit this drama has everything!
It is not any typical ""hospital Kdrama"", this drama is surely different. There are many scenes where I could feel the scenes! For example, the doctor-patient relationship, the father-son relationship! These things happen in reality, not like other 'hospital stories' we get to see in hospital story based dramas! And those real emotions literally touched my heart!!!
Hats off to the all of the actors! Moreover, the songs, refreshing scenes.. Honestly, I cannot finish saying all of the sides for which everyone must watch this drama.
I just want to say: ""I am genuinely glad that this drama has been made & I feel happy for the fact that I did not ignore the drama rather I have watched this beautiful unique drama!""
Whoever is watching my review, please do watch this drama. I can bet you will tell yourself, your time was worth of watching this drama!!"
17,슬기로운의사생활,"As a medical student myself truly enjoyed this drama!
The cast did a really great job specially memorizing all the medical terminology haha that's not an easy job !Love the songs.. love everything !!"
18,슬기로운의사생활,This show is so heartwarming that it just makes you feel happy after every episode. I've finished watching season 1 a long time ago but i find myself re-watching some clips at times when i feel down. The OST is great as well!Highly recommended!
19,슬기로운의사생활,"What a wonderful drama this was. It was a whole journey, watching this drama from Season 1 to 2. Staying with these characters who felt like my own friends. I was happy when they were happy and sad when they were sad. Not that they showed it. These characters were so strong, impactful, and genuinely good people.The drama felt great overall. Especially the Season 1, which I think was close to perfect. The two stars were removed for Season 2.The stories are light but makes you look at the doctors in a more humane ways. They too have lives. While most are paid well, the effort and sacrifices they make for patients are usually gone unnoticed in daily lives. Here in this drama it focuses on especially that. So, instead of diagnosing the sickness and giving treatment, the drama focus on what happens before and after that. How the journey of a medical student is when he become an intern, to a resident to a professor.How doctors react when they lose patients, how they react when they can save lives, how to break news to patients family, how to balance work and life... its all heart warming and real.The season 2 was a bit draggy and focused unnecessarily on a single couple that got together in season 1. They hardly had any story and any screen time with them together was very boring and felt like fan service.Because of them the other stories that could have been more interesting were pushed into latter episodes and were done hurriedly. So, the finale was very lackluster.That is my only complain for the drama. However, season 1 was perfect!So, I will always recommend watching this!"
20,슬기로운의사생활,"Hospital Playlist has been written by the same writer who wrote ""Reply 1988"", Lee Woo-jung. The producer is also the same, Shin Won-ho. The work that this combination creates is absolutely fantastic. Hospital Playlist shares a lot of the same vibe of ""Reply 1988"".Hospital Playlist does not have a central storyline. Instead, we see the storylines of the 5 main characters, who are all medical doctors in the same hospital, friends, and also musical band mates. There are plenty of smaller subplots that stretch out over multiple episodes, be sure not to miss those. And do not miss the easter eggs or cameos that the creators added that refer to ""Reply 1988"". This TV drama requires some attention span in the beginning, but once you are suck in their worlds, you will share their heartwarming joy and heartbreaking tears.Like Reply 1988, we have a group of 5 friends: 4 guys, 1 girl. We get a look in their lives. It is very realistic and funny. All the cast is sublime and excellent. They bring their characters to life in such a wonderful way. Each episode you get a very welcome musical intermezzo near the end when the 5 friends come together to play a song live as a band. The songs they play are older Korean power ballads with strong lyrics that capture perfectly the main feeling of each episode. And there is a running gag of the female neurosurgeon Chae Song-hwa, played wonderfully by Jeon Mi-do, who is tone deaf and does not have a feeling of rhythm, but still wants to be a vocalist. It makes you smile from ear to ear.I absolutely enjoyed Hospital Playlist, season 1. It is such a wonderful TV drama that is heartwarming and heartbreaking. You get to laugh and to cry. Definitely recommended, get started and watch it!"
21,슬기로운의사생활,"This medical drama is so encouraging and heartwarming,to people like us who are already in this field. I love this drama. I learn so many things. For me, this drama is worked as a mentor.I'm still first year medical student who don't know about so much things of this field,this drama help so much to understand the things of medical life.This drama also help me to understand the job of doctor and sacrifices and devotion they made.
By the way I'm waiting for the next season curiously.But at the end I'm happy to see that Ahn Jung-won and Jang Gyeo-wool is finally become lovely couple.
This is my most favourite drama from now on.
Netflix please release next season very soon ."
22,슬기로운의사생활,"This drama deserves the attention and love from the viewers. It's full of lessons about friendship, family, humanity, and love. No dramatic twist, no political treachery and no characters to be hated. Simply, it showcased empathy rather than an individual's story. It made you smile, laugh, cries, and surely will miss your friends especially these pandemic situations.For the first episode, you might be confused about the characters and faces because there are so many casts; Doctors, Nurses, Interns, and others. But as the story progresses you can identify them and you'll be impressed how well the story lined up from the hospital to playlist. This drama gives you a warm touch with morals and lessons that are taught throughout the 12 episodes.Bravo to the main cast because they lived their characters impressively. Each portrayal has its own unique factors and differences. I love their music, their band, and bonding. I love this medical drama, and I can't wait for season 2 hopefully by next year."
23,슬기로운의사생활,"Another masterpiece by director of Reply 1988. It will take a couple of episodes to get full grasp of this wonderful series. Life-saving doctors, attractive residents, budding romance, old romance, FOOD. It has all in it."
24,슬기로운의사생활,"What a heartwarming tv drama! All five main characters are wonderful and what makes them even better is their friendship and how much they love each other.The hospital stories they show are both wonderful and heartbreaking. Extremely realistic.If you're thinking of starting this, do it without even blinking.I look forward to the new season!!"
25,슬기로운의사생활,"The characters on this show are easy to like and the story keeps moving along. Action, murder mystery and zombie shows can be entertaining and this show is great for when a bit lighter.fare is desired. If you like buddy shows and hospital shows this might be for you."
26,슬기로운의사생활,"The most easy to view because of the wonderful chemistry seen between the characters. It makes me love each one! And look up for other shows of each actor.
I love the show. I'm waiting with enthusiasm another season. It was a long time before I see every episode twice. Please, start season 2 soon!
Thanks for that drama show."
27,슬기로운의사생활,"THE SERIES IS SIMPLY WARMING MY SOUL, THE MEANING OF FRIENDSHIP IS BEAUTIFULLY PORTRAYED. JUST NOT READY TO SAY GOODBYE YET. ONE WORD, MASTERPIECE."
28,슬기로운의사생활,"Hospital Playlist was a very well-written drama with a refreshing storyline. The drama didn't not only center on the medical knowledge and practices but it also shown daily life of the medical officers on the other side of their profession. It's full of heartwarming and lighthearted scenes that touched to the very core of your heart. How they found loves, their inner struggles and dilemma were delicately shown throughout the drama. It might be slow pace to some of us but it's definitely worth to watch."
29,슬기로운의사생활,""" Hospital Playlist "" is one of the hyped dramas of 2020 and you are going to like it if you loved dramas like Reply 1988. However, even though there are not many reviews that are not praising this drama, Hospital Playlist is not for everyone.The drama keeps a slow tempo, with the story being spread throughout the drama, probably so it can serve the next two seasons coming up next. Maybe that's when the drama picks up. And yes, this is a slice of life, but, at times, it felt like there was nothing to look forward to in the next episode. Also, there were moments when the drama got boring too.That said, they did handle the romance masterfully, as to not overshadow the friendship and so that it didn't become the main focus of the drama. They did a good job with the blend of music and story too, as well as with the flashbacks of their old days.Finally, when it comes to performances, the drama of course had excellent ones, as the cast was consisted by the best of the best.So, overall, six and a half out of ten, because there were some nice moments to the drama, but it felt like there was no story to it."
30,슬기로운의사생활,I didn't expect to be so attached to this kdrama. It made me feel all kinds of genuine emotions. I love how all the characters have their stories. Looking forward to the next episode!
31,슬기로운의사생활,"At the time of writing this review the U.K. is hopefully coming out of the total coved 19 lockdown, in which for the last 3 months once a week we have applauded our essential workers like doctors and nurses. This series although a romanticised version of events in a hospital reminds us of the life and death situations health professionals are met with daily. The show is well acted and the stars really sound like actual doctors with their varying bedside manners. Season one has a few romances blossoming with others about to bloom or die. The main protagonists are all musically adept and meet up once a week to jam which leaves each episode with a catchy song at the end. Would recommend watching for a feel good factor and if I could I would give it 8.5"
32,슬기로운의사생활,"I hate medical shows that focus too much on showing gore in surgeries; you see a bit but nothing terrible or too much in this. It's a show that focuses on friendship at work and its absurdities, and has a fairly good soundtrack as well. It's worth a watch!The only thing that really bugs me, and it's a personal bug, is U-Ju's totally coconut haircut. I get helmet hair is a thing, but why do that really harsh cut for a little kid? ^sigh^"
33,슬기로운의사생활,"To those who enjoy korean medical dramas, I bet you would love hospital playlist. Let's distance ourselves for now from power-struggle between doctors, melodramatic backgrounds of the characters, and love triangle within the squad. I tell you this is Dr. Romantic in the lightest and funniest vibe. Why? How?MASTER KIM EVERYWHERE.
Yes, Master Kim is present here in the faces of Lee Ikjun of GS, Kim Junwan of CS, Chae Songhwa of NS, Ahn Jeongwon of Pedia, and Yang Seok-hyeong of OG. They will remind you that doing your best in your work should always be the top of mind. Lessons, lessons, lessons. Yes, plenty of that here.SOLID SQUAD.
SLOW BURN ROMANCES
HEARTWARMING FAMILY LESSONS
TALENTED CASTING
UNFORGETTABLE SOUNDTRACKI JUST LOVE THIS SERIES SO MUCH!"
34,슬기로운의사생활,"Another excellent drama from PD Shim and Writer Lee! High quality drama, perfect cast, good acting, and of course the value of humanity. This drama really warm your heart, entertaining with all of the jokes and comedies.
You have to watch this especially if you're a big fan of Reply series and Prison Playbook.
Oh and another one....I love how PD Shim amd Writer Lee always put the riddle and mystery inside the drama, It's just make you so curious and connect to the character and story. Plus the twist! I love the twists.
Can't wait for season 2 next year!! 😆😆"
35,슬기로운의사생활,"IMDB has incorrectly combined two seasons into 24 eps when they are very different seasons. Season was is excellent, and I gave a 10. Season two is often silly and tedious and forced me to lower the score since IMDB combined them."
36,슬기로운의사생활,"This is probably one of my favorites. You can't help but get wrapped up in the lives of these characters. It has just about everything in it. I laughed, cried, and enjoyed the singing at the end of each episode."
37,슬기로운의사생활,"Like Reply 1988, Hospital Playlist is also too tiring to watch. It has many episodes and spends over an hour of our time on each episode. But this is good if we make it as weekly series than daily series especially for binge-watch. I think the effort of this series is so big. Even before it's produced, the scriptwriter needs much time for research."
38,슬기로운의사생활,"The drama is well thought and elaborated. It takes time to watch, but you'll have the chance to watch so many people's life and their attitudesn. So enjoyable and so inspiring. And it's even beyond this because through the process you'll be able to revisit many issues like dilemma between friendship and romance, ideals versus actual daily challenges. If you are still not so sure about many things, this is the opportunity to think about it. For those who dig in tiny details of character building, settings, meanings whatever, the drama is especially for you."
39,슬기로운의사생활,"I have watched more than a hundred K-Drama. And this is one of the best kdrama ever! Super duper love it!! <3if you expect a conflict in a drama, you would'nt really like this drama. I love Hospital Playlist cause it's a light, lovely, and all heart warming drama you ever wished for. No bad character involved, so you have no other choice than think positive for every character that appears.PS: I love all kdrama that is written by Lee Woo-Jung and directed by Shin Won-Ho, like Reply series and Hospital Playlist!!"
40,슬기로운의사생활,"If ur looking for drama and plot twists, its totally not for you. The movie weave simple narratives about daily life into each ep. Felling like all characters are main, they got their own signature that set a special impression. The academic content makes it so real and professional. I had to replay some scenes cuz its super cute, funny, lovely, etc. Truly love it. Production team please do till ss 10 and more."
41,슬기로운의사생활,This is the best drama I've ever watched and will be my most favorite drama. The plot itself is amazingly and the chemistry of the casts make it more special. This is a drama which can make your heart warm. Best of the bests ever.
42,슬기로운의사생활,"It is not your typical kdrama. Its very realistic and straight to the point. It is kinda slow pacing at the start but starting at ep3, i guess, it starts to build up and become exciting. Many doctors also comment that this drama is closer to accuracy with real medical than other med dramas.The music is also perfect especially they themselves played it. They learned to play instruments prior to shooting."
43,슬기로운의사생활,Best drama I've ever see!!!! So heartwarming. Always waiting their fighting scenes 🤣🤣🤣
44,슬기로운의사생활,"The most I can give is 8/10 but the reality is only 7.5/10. The very early episodes have no band play singing wasting time, later episodes became too much. Their music instrument skills are so fake and lousy except the lead male is still average. In Season 2, some episodes showed their lousy and fake music skills again.It is all about hospital doctors' lives, mostly only revealing the good ones and little about the real-life bad ones. Actually, this is not really reality but only showed the 2-4% type of doctors' lives. Overall, they dare not reveal the truth of doctors' lives and no doctors will willing to do so.Season 1 end of episodes did not have any conclusion ending at all so It is kind of bad directorship and production. The rest time between Season 1 and 2 is very apart. However the ending is in Season 2 so why they named it Season 2 and not still in Season 1? Why the time frame apart?Overall this drama is not exciting and not really like those Medical dramas. This is like more suitable and the likes of adult ladies dramas which is smooth, draggy, home-like,....
I think the high ratings are due to these grandma and house-wives likings."
45,슬기로운의사생활,Heartwarming and cute with great dramatic medical weekly stories and on-going storylines to keep you tuning in. I loved the friendships and relationships. So sad it's only 12 episodes but so happy a new season is coming. It's going to be tough to wait so long!
46,슬기로운의사생활,"Don't expect a classic dorama focused on a lovestory. It's a perfect combination of great actors, production/edition and a modern story with real and funny characters that aboard difficulties that we can face in our life. My favorite part is their friendship, they are so different, but they get along as a family. And I was happy to watch them showing the work of good doctors that take care of a person and not only a disease."
47,슬기로운의사생활,"Its complicqated. I I were to take some aspects of thge series, I'h have t0o go to a 5. But as I am not a Korean, I will stick with my 8. So many things werong, but most or the best humor in decades that just had me screaming. There was a lot of the, deep intelligent humpour you nevber see in British humour. Hardly ever in American/Canadian. But they made me scream sometiumes- So thank you. Don't tale yourself to seriously and just let it rip. Don't just do dumb unbintelligent people doing unintelligent think. Be real intelligent intriguingly funny. Hard to see these days hehehe.Struggling a bit with the Korean English translation. I'm sure that could have been better.And finally. The Korean hysteric, screaming, panic, crying... please. It just makes Koreans seen dumb, unintelligent. But hats off. They do it well. I just couldn't stand it. I hate people making anb ass of them self. You are not North Koreans are you?"
48,슬기로운의사생활,"What an incredible show. This is probably my 4th Korean tv show I've watched and the acting is so good. The cast is sooo great and I love watching their interaction with each other, family and other people. Can't say enough about this show. And Uju is sooo cute and funny. Powerful stories and life lessons."
49,슬기로운의사생활,"I enjoyed the drama. Not getting bored
Its like a real activity as a doctor no fiction line."
50,슬기로운의사생활,"Highly recommended!!! ❤
This is probably my heart warming medical k-drama I watched. I just could connect with every characters so well. Friendship, Colleagues, Work Environment, Music, Food, Humanity, Doctor's empathy, Relation with parents, Connection with every patient everything was top notch! Every episode just warmed up my heart, made me feel so better. Waiting for the next season, can't wait."
51,슬기로운의사생활,One of the best dramas I've ever seen. It is so heartwarming. I love it so much.
52,슬기로운의사생활,"I'm not really a fan of splice-of-life genre because most of the time there's no focus point in the storyline but this drama is different. I'm glad that I didn't stop at the first episode, as the second episodes onwards is loveeelyyy! Plus, everyone gets an appropriate screen time.I love how they show the uncertainty of life, friendships & a little bit of workplace romance.
Truth to be told, I miss my friends so bad after watching the entire series."
53,슬기로운의사생활,"I saw the Good Doctor and then Doctor Stranger ad a series of hospital shows. To me Dr Stranger and then the Good Doctor had a lot to give..playlist is a slow, rambling of life in a hospital and more the human element."
54,슬기로운의사생활,I love how the small details play an essential role throughout the series. I can't help but to commend the ost per episode.
55,슬기로운의사생활,"Hospital playlist has moved to my top 5 medical series. Love the enduring friendship of the 5 main doctors. Like the main cast, each one perfect for their roles. Like the band and their music choices. Like the main supporting cast, and the patients and families living healthy issues, pregnancies, and traumas feel true to life. Really enjoyed every episode! All I can say is Season 3...Season 3...Season 3!!"
56,슬기로운의사생활,Warm drama everr! This drama teach you about life. Can't wait for season 2
57,슬기로운의사생활,"Typical medical soap drama in form of the Korean culture. Typical heavy sponsors thru out the series with the likes of Mercedes, McDonald's, some egg sandwich brand... And typical state of the art Samsungs.It's a pity though this was filmed during the Covid-19 pandemic that they did not bother to incorporate it to the series - instead it's all sunshine and rainbows where the main cast of the 5 doctors are hailed as gods who can solve any medical provlems throughout the series.Watch if - you're a fan of typical k drama with all the cutsie saranghae and all the bubbly women and handsome men.Don't bother if - you're not a fan typical k drama nor medical drama. Refreshing is definitely not the word to use for this series."
58,슬기로운의사생활,"At first it might be difficult to understand some parts of the plot, but the thing is you really have to pay a lot of attention to the details! At some moments I got tired mentally because I was analizing what was happening, but definitely it's worth watching.Such a delightful tv show, I laughed and cried so much. The cast is amazing and everybody did a great work."
59,슬기로운의사생활,"Well....after Reply 1988,Prison Playbook....they did it again!!! Another fantastic drama about friendship,love,relations and most importantly, story of lives. Kudos to the writer,director,Actors and the whole team!!!The thing i loved the most about this drama is,they didn't show the doctors as superhuman. Doctors are human too,they have their limitations, they have personal lives,struggles,emotions. They can't cure the patients with magic. They also fail sometimes. Its just reality. This thing is portrayed to well in this drama.Another thing i loved the most,a hospital is not only about doctors and patients. There are so many layers of characters and emotions attached with a hospital. There are fellow doctors, interns,nurses,stuffs,patients family,doctors family..... Everyone has their own story,own struggle. I loved how they at least tried to show some layers of it...and they did it beautifully!Actors did their job really well. I specially wanna appreciate Mi Do aka Song Hwan for playing the role of a tone deaf singer while being a musical actress in real life...a real tough job i must say!!I would really love if there was a season 3...but right now I'm really happy with two seasons...its like a warm hug you really need at this crucial time we are going through."
60,슬기로운의사생활,"The story in this drama is very good, the song is also good, the cast is very good acting"
61,슬기로운의사생활,"I'm giving this 2/10 as the cast is good but that's pretty much it. I've watched 4 episodes only but that's because that's all netflix has released at this stage. I tried watching and thinking it'll get better in the next episode. Never did. Nothing happens. Like another reviewer said, ""there isn't a main story line"" or something like that and they are right. The medical story lines have been recycled a million times over. If you've watched any hospital drama in the past you've seen this one. The only difference is is that there isn't actually a point to their stories. If you want to see 5 friends hang out, play music, and talk about nothing and the storyline not have any drive or hook then go ahead and watch this. There might be mini stories within the episode but nothing gripping. I honestly can say it's just about 5 friends who all happen to be great doctors in their chosen fields and who all happen to work in the same hospital and that's about it."
62,슬기로운의사생활,"I am only halfway through the second season but I decided to do this review early
Firstly the main characters all eat like pigs They seem total glutons and are unmannered clods
That said they are also the weidest dynamic as a group of people ever encountered . Though not related they appear to be the most incestuous group imaginable. In over fifty years in the work force I have never come across a mob like these.Given that there are some interesting storylines in this series it is a shame you don't know what time slot you are as it continuously weaves back and forth in time
What happened to continuity.It almost seems as though the writer/director got the whole script in a loose leaf pile then threw it out of a moving train."
63,슬기로운의사생활,"The first episode was kind of exciting considering how interesting their friendship is. But the way the writers kept the story on slow ""tempo"" just bored me so much. Some scenes are just not that interesting that I sometimes wonder what this movie is really about; the friendship or the medical cases.A doctor once said on his vlog that this show is a bit more accurate than other medical series, I still dont find it so exciting. I mean I dont watch tv shows to learn medical things lol. I guess if that so, then this show isn't for everybody."
64,슬기로운의사생활,"The story of this drama so basic but it makes us feel relax, feel wholesome."
65,슬기로운의사생활,"Great medical drama, with well relatable characters, good focus on the medical challenges, draws you in with relationship drama and just the right flavour of comic relief. It gets better as the season goes on. Watching episode 10 and thrilled."
66,슬기로운의사생활,This drama has it all especially if it's about friendships. These are friendship goals that you want to have with the people around you. Love lines are available as well and it's not typical straight forward you know this will be their ending but you will be kept suspended till even Season 2 currently. You will want to watch this. Don't miss it.
67,슬기로운의사생활,"There is no drama like this. A beautiful, positive and humane drama.This is a story of 5 doctor friends, who respect the limitations and privacy of each other. A good amalgamation of their professional and private lives.You have not captured a friendship like this before.You have not seen a bonding like this before.You have not felt goodness like this before.You have not seen sacrifice like this before.You have not heard music like this before.A beautiful well crafted screenplay, best casting, especially Jeon Mi do, who is beautiful, talented, charismatic, and egoistic. Jo Jung suk is superb, full of witt and the main singer. Jung kyon is introvert yet passionate. Kim Deon is lonely, loving and a pioniist. Yoo Yeon is polite, caring and a drummer. The other female leads fight for their love, no give ups.Above all, U ju - what a kid. He has his own love story.A must see drama- needs a third
season."
68,슬기로운의사생활,"Only revolves around hospital, patients and eating food. Totally waste of time. Please reconsider before watching. Over 90% of scenes are of hospital and surgery surgery surgery. Story is good but same plot each episode with little bit of difference which creates curiosity to watch next one."
69,슬기로운의사생활,Each episode has its own story with different patients but it doesn't spend enough time to dive into each doctors' personal life. I wanted to see ik Jun's son appear more often and I wanted to see a bit more romance. All of them are really great actors and I finished it because of their chemistry. Hopefully season 2 will have a more distinct plot or at least focus more on ik jun and song hwa
70,슬기로운의사생활,"Korea is a beautiful island. Not only kimchi but also barbecue on copper grill pan are famous in Korea. The drama take a photograph of the hospital. They spent much time to built the scenes. There are five characters in the drama. They are best friends and they have band in the free time. Through the doctor's view to understand the doctor how to treat the patient, and daily life."
71,슬기로운의사생활,"Hospital playlist is a Korean series it's about 5 doctors they were a
friend in the same university. Maybe it must be a destiny because they
have to be a doctor in the same hospital. And someone in the group of
friends he's hospital, he is owner in this hospital his name Ahn Jeong
Won. And then He want to include the doctor for opening new special
department (VIP treatment room) that why he is invite all his friend to
join this project. It has all specialized medical with these friend as
Cardiac surgeon, Neonatologist, Obstetrician, Neurologist, Gastroenterologist. Everyone wants to join this work but someone want to
create a band music thus they decide to open the band and department
The main story of this series are responsibility of doctor and friend.Group of friends find the time to practice music band in every week.Because they have a condition for music band when they decide to sign
in the contract for opening new department (VIP treatment room)
Lee Ik Joon(Guitar), Ahn Jeong-Won(Drum), Kim Jun-Wan(Guitar
solo), Yang Seok-Hyeong(Electronic keyboard), Chae Song-Hwa(Bass)
You will see the doctor relax from hard and pressure work.It's like a real life that you met many things obstacle but you can find a
way to enjoy and do the thing for your love.I can recognize in the actor expression in every emotion that's really
impressed for me so much. I can't forecast how long I can find excellent
series like this. This series is going to warm your heart and make you
overwhelmed by love.You will see the cute and good things about attitude, perspective, and
knowledge of medical. The interesting that you can't miss it, it is best
relationship with friend. You will miss your moment with your friends in
the past. Every part will show why you love this series."
72,슬기로운의사생활,"It's amazing the amount of effort to make this drama come alive, from the medical language to the musical performances. If you pay attention, and listen with an open mind, it's easy to get incapsulated with the story. While there are cultural understandings needed to be had to understand jokes and nuances, still one of the best dramas to come out of S Korea. The actors having to remember the medical terms, the language and phrases, their own jokes and what not, along with playing an instrument equates to an epic performance."
73,슬기로운의사생활,Worth the watch.. very well written and acted waiting for the season 2..
74,슬기로운의사생활," Funny but full of depth.
"
75,슬기로운의사생활," Hospital Playlist Is Like a Warm Blanket On a Cold Night
"
76,슬기로운의사생활," A refreshing take at hospital kdrama
"
77,슬기로운의사생활," The Drama of Life
"
78,슬기로운의사생활," Superb Korean Drama at its Best.
"
79,슬기로운의사생활," Light & Fun
"
80,슬기로운의사생활," 🎶Life▪Pain▪Romance▪Joy▪Food▪Song▪Healing~🏨~Drama That Resonates 🎶
"
81,슬기로운의사생활," Daily Lessons in Life - Powerful Drama
"
82,슬기로운의사생활," Fun & Healing
"
83,슬기로운의사생활," Best Example for True Friendship
"
84,슬기로운의사생활," Fantastic hospital serie.. So so un-american style.
"
85,슬기로운의사생활," My rare 10 rating
"
86,슬기로운의사생활," Stay the course
"
87,슬기로운의사생활," Gotta watch it guys !
"
88,슬기로운의사생활," Me to you, you to me
"
89,슬기로운의사생활," A light hearted life story
"
90,슬기로운의사생활," Unique! Refreshing! The best!
"
91,슬기로운의사생활," Definitely worth a watch!
"
92,슬기로운의사생활," Great watch especially at hard times
"
93,슬기로운의사생활," Refreshing. Light. Heart warming. Different.
"
94,슬기로운의사생활," Heartwarming and heartbreaking, absolutely recommended
"
95,슬기로운의사생활," My source of encouragement
"
96,슬기로운의사생활," I can't wait for season 2
"
97,슬기로운의사생활," It's Educational, It's Dramatic, It's Friendship, It's Romance, It's Comic
"
98,슬기로운의사생활," My absolute favorite kdrama so far!
"
99,슬기로운의사생활," Very good.
"
100,슬기로운의사생활," Refreshing
"
101,슬기로운의사생활," Goodbye Doctors
"
102,슬기로운의사생활," A PERFECT COMBINATION OF MEDICAL AND SLICE OF LIFE
"
103,슬기로운의사생활," Good Enough
"
104,슬기로운의사생활," Hooked!
"
105,슬기로운의사생활," Heartwarming drama
"
106,슬기로운의사생활," Nice drama without too much gore
"
107,슬기로운의사생활," Why Hospital Playlist is a must-watch series?
"
108,슬기로운의사생활," High Quality Drama!!
"
109,슬기로운의사생활," Season 2
"
110,슬기로운의사생활," Excellence at its best
"
111,슬기로운의사생활," Too easy to give 10 star
"
112,슬기로운의사생활," So complete that you can enjoy it with every possible reason
"
113,슬기로운의사생활," one of the best drama
"
114,슬기로운의사생활," I passionately love it. Soft, funny, relaxing and meaningful.
"
115,슬기로운의사생활," Best drama ever!!!
"
116,슬기로운의사생활," One of the best korean drama of all time
"
117,슬기로운의사생활," Best of the Best
"
118,슬기로운의사생활," A Housewive and grandma dramas
"
119,슬기로운의사생활," Must watch!
"
120,슬기로운의사생활," A great surprise
"
121,슬기로운의사생활," Getting into kOREAN HERE
"
122,슬기로운의사생활," Inspirational and funny
"
123,슬기로운의사생활," So funny drama! Like it
"
124,슬기로운의사생활," One of the most perfect medical K-drama
"
125,슬기로운의사생활," Best drama
"
126,슬기로운의사생활," Life's uncertainty
"
127,슬기로운의사생활," Cute but....
"
128,슬기로운의사생활," Details
"
129,슬기로운의사생활," Wanting Season 3!
"
130,슬기로운의사생활," Lovely
"
131,슬기로운의사생활," Korean-fied version of Grey's Anatomy
"
132,슬기로운의사생활," Everything is in the details
"
133,슬기로운의사생활," A MUCH NEEDED HUG AT THIS CRUCIAL TIME!!!
"
134,슬기로운의사생활," This drama is very good
"
135,슬기로운의사생활," Don't bother
"
136,슬기로운의사생활," EAT LIKE PIGS;
"
137,슬기로운의사생활," I find it quite boring
"
138,슬기로운의사생활," it's a wholesome drama i ever watched
"
139,슬기로운의사생활," Well worth watching
"
140,슬기로운의사생활," A friendship drama within a hospital.
"
141,슬기로운의사생활," Bonding
"
142,슬기로운의사생활," Not worth watching
"
143,슬기로운의사생활," Weak plot
"
144,슬기로운의사생활," Work in the hospital and how to treat the patient
"
145,슬기로운의사생활," review: Hospital playlist
"
146,슬기로운의사생활," Superb Drama
"
147,슬기로운의사생활," Must watch
"
