,title,review
0,시멘틱에러,"Man I'm so glad this kdrama was just as great as the manhwa because everything in it was just right! Ok there might be some differences such as Sangwoo wearing less of his hat but it didn't matter like everything was just perfect. I personally don't think it needs a season 2, it had everything you need to enjoy a series, even the sexual tension.Park Seo Ham, Song Ji Oh, Kim Noh Jin and Park Jae Chan were just stunning in this series! Also Park Seo Ham is off to military enlistment today so best of luck to him like I hope to himself and everyone on other projects in the future! Honestly again I can't express my love for this kdrama, it's outstanding!"
1,시멘틱에러,"Honestly i've been expecting higher since the story was adapted from a bl manhwa. And wow , cant say more, im impressed with the storyline. They have done a bit improvisation but im not disappointed at all i'd say. They really do immerse in their own roles despite the fact both actors are actually an Idol but that gives them no exceptions to do well in the series. Please give semantic error a watch."
2,시멘틱에러,"It just ended and I have already rewatched it a dozen of times. It is obvious the production team has put in a lot of effort behind the scene, where BL normally has less budget in comparison to its cousin kdrama. Within eight episodes, they portrayed a lively and complete story with interesting characters. Mix time, effort and talented actors, this is really a top tier drama. Both main actors are idol turned actor, but their acting is certainly worth looking forward to. They have one of the strongest chemistry and on screen, their couple vibe is unparalleled. All in all, this is a must watch on lazy Sunday afternoon. Might not be as captivating as penthouse, but it's a relaxing, funny and romantic drama."
3,시멘틱에러,"One of the best remarkable adaption from manhwa... Good production with charismatic actors and their presentable acting make this series more magnificent...
I won't add any single spoiler here..
If you read the manhwa then it's absolute necessary to watch this series... This series worth every of your single time and you won't feel bore for 1 second..I wish South Korea will make this type of remarkable series in future also and with more time and more episodes... Because we viewers becoming more hungry for this type of series....Thank you."
4,시멘틱에러,"From good cinematography to good acting, this series has significantly raised the standard of a BL Drama. So much so, that you'd be disappointed if you used this amazing drama as a basis for comparison."
5,시멘틱에러,"AWESOME, SPECTACULAR, MAGNIFICENT, BRILLIANT, BL DRAMA!!!!!1000000000000000000000000000ETC/10.This bl drama is soooooo veryyyyyy good!!!!!I love both actors!!!! They suit each other very well in the drama!!! Their looks are beautiful!! Very handsome!!!Chemistry is top notch!!!I can't imagine somebody else playing jaechan's character.....he is a perfect actor for this role. He plays it so well!!! I can't see nobody else doing!!! Really..I can't❤❤
I hope for this drama to do really well and gets a lot of support and popularity!!!!"
6,시멘틱에러,"I became obsessed with the manhwa around this time last year, so this adaptation feels like an impossible fever dream of mine come true; the creators managed to stay true to the original characterizations so well while still keeping the story feeling new. (A scene that made me laugh so hard I cried a little: when Jae-young tells Ji-hye to only refer to Sang-woo as ""Chu-ssi"".)"
7,시멘틱에러,"I gave the first two episodes lower scores because I couldn't really feel the plot or the characters that well. Upon doing a rewatching of those two episodes and then finally continuing on, I've come to understand it better and grew to enjoy the character development of Sangwoo specifically. I really enjoy this series and would rewatching this in a heartbeat."
8,시멘틱에러,"This story has a classic trope for romance - opposites attract, enemies to lovers, oil and water do not mix except...for when they do! So, it's not ""new"" in that way.However, what I thought Semantic Error handled in a novel way was exploring differences in personality and ""processing of information"" the between the two main characters creatively.I've seen all eight episodes now and think this live adaptation did a great job to make an 8-episode run out of a plot that could have run much longer, but could have been messily bogged down by being too superficial about certain topics...really, the way that you can expect a cartoon to be about real life (a genre-typical problem).The adjustments done to the plot, dialogue, and characters, while jarring to me at first, not only make the narrative arc one that can be told in eight 20ish minutes episodes but improve the story to be a more logical one, where characters are more sympathetic and endearing as well, but the essence of the story was not lost.The production (cinematography! The visual accents! I could go on) is so great for this type of project, and the casting and the acting was on point.Novel and manhwa readers can feel free to disagree (I have not read the novel and only part of the manhwa), but this live adaptation was very enjoyable and did a great job with the source materials that I am aware of by this point."
9,시멘틱에러,Oh god i love this couple so much. Their hight difference hits different feel. Such a cute couple. Story line is interesting and cast is more interesting. You must should watch this drama.
10,시멘틱에러,"The plot, the twist, characters are just near in perfect. The actors were also great and their good looking face is just a bonus. Actually, I have watched many BL dramas, like Thai, Chinese and Korean and this will probably one of the best among them. It is much better if there were a little more episodes and duration."
11,시멘틱에러,"Oppa was originally famous,coupled with two starring atmospheres, the plot is very novel.very attractive, the final ending is also very romantic.love is love.blue and red always be the couple colour."
12,시멘틱에러,"The good:
1. No gross sexualization of queer relationships
2. It doesn't give Comphet
3. Enemies to lovers done right!4. hot & cold interactions between the MLs, nothing stale
5. The MLs breath life into the characters
6. Jang Jae Young will give you butterflies
7. Chu Sang Woo is the perfect smart, introverted MC
8. Struggling with sexuality but no homophobia
9. Episodes are short and fast paced, no time to get bored
10. Subtle comedy, romance, drama: nothing over the topThe bad:
1. The first kiss not consensualOverall:
Some of these points may seem like the bare minimum but how often do you see LGBTQ+ stories done right? This was a refreshing watch and I didn't expect it to be this good.Whoever told me that BL is just fetishization of gay men was criminal for keeping me away from this genre. This is my first BL and it was so addicting that I read the entire manhwa released so far after only watching 3 episodes of the show. HIGHLY recommend."
13,시멘틱에러,"Often times with manhwa/comics/webtoons that are adapted to live action series or dramas, a lot of the story substance and the pacing can feel just exhaustingly omitted/rushed. However, Semantic Error as a series, through Watcha KR's amazing production, felt completely right and provided justice to the literature that came before it. The story's pacing was not at all rushed, disconnected and confusing, like other shows I have watched of the same case.The actors did not look like rookies at all, they acted the character's words, emotions and actions like they embodied these characters as they are. Sometimes, with these BL adaptations, one can really feel just how uncomfortable the actors are playing the characters, such that it repeals the viewers to watching more. Jae-chan and Seo-ham's chemistry really is the cherry on top to an amazing drama. Every episode of their interactions gave so much justice to the same feelings I had from when I read the BL as a literary piece.The production quality, wardrobe, settings and props are all unimaginably well-thought of. It did not looked cheap and repulsive due to all the cuts in the production and quality. I really liked the efforts of everyone involved to make such an amazing show. It is a bummer that they only have 8 episodes but I did not expect anything less because; first, the story was told beautifully in its 8 episodes, second, considering how small of a platform Watcha KR is as of now, I'd understand their budget and resource constraints for now.With such an amazing response from domestic and international viewers, I hope they consider a second season for this show, continuing on the story since it's still an ongoing webtoon. Kudos Watcha KR!"
14,시멘틱에러,"In terms of BL story, Semantic Error didn't really offer something new. It's all been done before. However, it's still an appealing treat, thanks to the low-key, less cringy, and more grounded approach to its narrative. Nothing was too grand or overly sensational, but still charming nonetheless."
15,시멘틱에러,This kdrama has it all!! The chemistry and all.. Especially the butterflies... Ya'll never regret watching this.. And please support the actors! It would mean a lot... And the fact that it is the highest rating kdrama in spite being not televised just shows how good this BL kdrama is..
16,시멘틱에러,"I can't stop smile while watching this series. The main actors have strong chemistry. When a simple and interesting story meets with Korean -style -drama flow, I would like to bet that you may think why the series so short. Keep hoping this kind of creatures."
17,시멘틱에러,"A great adaptation, or should I say a Masterpiece? Their chemistry is unique in a sense that there was a romantic, care, and love feeling every episode. WE NEED SEASON TWO AND WE WILL WAIT FOR YOU SEOHAM. Love you Jaechan."
18,시멘틱에러,"As a BL fan semantic error is 10000/10 series, this series is the highest rated BL drama in south korea and top overall korean drama in south korea, this is highly recommended drama. I can't wait for seoham to discharge! Can't wait for season 2💙❤"
19,시멘틱에러,I love this drama so much together with the actors who took part in it. Everything was beautifully done for me its a 10+ The emotions were portrayed so well I could actually feel it the chemistry was also on point. The details were so well done also like the purple light. Overall it felt like a fluffy cloud while I was watching it. It exceeded all my expectations.I honestly watched it four times its original timeline like I watched an episode for 2 hours because I was so focused on getting everything.Anyway it's a good watch for those who are being introduced into this genre and isn't overwhelming while at the same time for those who have watched the genre longer it felt like a safety cushion.I can't express all the praise I have for this drama. It's amazing.Do watch it I am sure it's worth your time and show some love.
20,시멘틱에러," Best BL adaptation kdrama
"
21,시멘틱에러," Good storyline and chemistry
"
22,시멘틱에러," Best BL ever
"
23,시멘틱에러," Semantic Error is best
"
24,시멘틱에러," Perfect, if not the Best.
"
25,시멘틱에러," AWESOME!!!!!
"
26,시멘틱에러," Tall + taller
"
27,시멘틱에러," Way better than I thought
"
28,시멘틱에러," A great live action adaption
"
29,시멘틱에러," It was soooo cool!!
"
30,시멘틱에러," BEST KOREAN BL I HAVE WATCHED SO FAR
"
31,시멘틱에러," Handsome couple
"
32,시멘틱에러," Semantic Error will put an error in your mind: CAN'T GET ENOUGH.
"
33,시멘틱에러," Semantic Error hit the right spots at the right time.
"
34,시멘틱에러," Sweet and charning
"
35,시멘틱에러," One of the very best bl kdrama everrrr!!!
"
36,시멘틱에러," Better than I expected.
"
37,시멘틱에러," WE WILL WAIT FOR YOU SEOHAM
"
38,시멘틱에러," BL ENTHUSIAST
"
39,시멘틱에러," #Fluffy cloud
"
