,title,review
0,십팔어게인,"This well made and carefully crafted series. The story takes the premise of the Zac Efron movie and goes way beyond to explore many angles of the family relationships between a man and his children, his wife and his own father. Every episode has something touching and the situations don't seem contrived but evolve quite naturally. Of course the element of suspense about who and when he will be discovered keeps things interesting. It also feels even quite deep when he ponders his life choices in giving up basketball and the sacrifices of an early marriage and kids and later divorce. There is quite a lot going on in the story both in school and at the wife's work in broadcasting. This keeps the 16 episodes filled and even includes a sports bribery thing.
Lee Do Hyun is quite convincing at acting as an older man in a teenager's body. As the adults, Yoon Sang Hyun acts quite beaten down and sad at times. Kim Ha Neul does act like she had a hard life. Something in the Rain fans may recognize Wi Ha Joon as a baseball player. The kids are cute too. The soundtrack fits the emotional scenes quite well.
They really did a better than expected job with this idea."
1,십팔어게인,"This series took me a while to finish, as I don't generally watch these type of slow, slice of life type of dramas.With that in mind, let me say what I thought this got both wrong and right.First of all, this is obviously based off the hit 2009 Zach Efron movie (which I really liked I might add). Enough time has passed that this felt like a fresh take on the idea. The first two episodes are like a carbon-copy remake in Korean, and then it moves into original territory. The show takes a more serious look at the base story, focusing on Dae-Young's relationships with his wife and children. The comedic aspects of the movie are almost completely traded in for a more morose and poignant tone, and for the most part this is actually a very good thing. I liked the way the show examined marriage and parenting and how Dae-Young was able to re-evaluate his life from the perspective of an 18 year old. There was a lot of closure for side characters that were totally blown off in the movie, and I really liked that they decided to get rid of the super cringey part of the 2009 movie where his daughter fell in love with him - wow did I hate that part!This show also had a really great soundtrack, with some stand out heart breaker songs and some beautiful piano scores.What this got wrong though is it really was too long in my opinion. The story could have been told in half the episodes, at the most 10.Overall this is a sweet and serious story that was really pushed through by Lee Do Hyun as the breakout star of this - while I have seen him in almost every thing else he has been in, this is his first main role, and boy does he shine! If slice of life/school/relationship drama's are your thing I think you should definitely give this a try!"
2,십팔어게인,"Eighteen Again, is a tearjerker, I came to say this upfront of a lengthier review down below! As long as you don't hate getting wet eyes, you will enjoy this drama a lot, feel sad and sad, and sad again, and cry like a baby, within every episode, every time the lead interacts with his kids, comforts his sweetheart and is reminded of his past, the flashbacks, the epilogues!STORY:THIS IS A VERY BEAUTIFUL FAMILY DRAMA! It's deep, relatable and heart wrenching!From the lead's relationship with his Father, with his wife's Mother. to his friendship/ father-kids relationships, to the heart-breaking relationship of him as a high school minor who is always there to comfort the mom of his two kids.
Each and every bond is carefully written and the result is something very precious. full of life lessons.Characters/CAST: Great job done! Kudos to LEE DO HYUN, I couldn't hold my emotions in check whenever I looked into her eyes, which were frequently red and in tears, yet sparkling as bright as a star other times!Kim Ha Neul was simply gorgeous, Yoon Sang Hyun very charming, Roh Jeong Eui cute and sweet, Ryeoun, calm and a bright star.I also want to praise the young actress portraying teenager Jung Da Jung. Her expressions were so sincere and genuine. Every time she was on screen, my heart felt her pains, and ached for her. She did a stunning performance! She deserves lots of support and love!Soundtrack/Music:Hello, I'm telling you
With a trembling smile, that I love you
Hello, that in these dazzling and beautiful times
It's you I will remember forever""I would rate the music 10/10 even if ""Hello"" by Sohyang, was the only song/instrumental piece used in the whole drama. It was such a heavenly beautiful and perfectly emotional piece. It's a legendary soundtrack.RE-WATCH: Surely, if I get times, I'll re-watch this, probably with my cousin who recently got into KDRAMA, and already have great taste.OVERALL: Surely there might be some unnecessary plot devices, cliche and even extended 2nd lead screen times, but it's just I don't care at all, I was so invested in these characters, and loved them sincerely and was rooting for them all along, I couldn't bring myself to rate it below a perfect 10! It's highly recommended, EVERYONE and ANYONE can get hooked as they're done with the first episode, and fall in love with it as soon as watching 3rd episode's epilogue.I can guarantee that. 99.0000000000000000%"
3,십팔어게인,"Most of the time I avoid family melodrama but this one is different. It shows the true love of family members for each other and everyone can relate with the story. I don't know about foreign countries but in India everyone mostly live with their family (basically joint family). Although this story shows the reality about how much our parents suffer to give good life to their childrens. Also when children's understand there parents feelings they also suffer so much and never open up infront of their parents.It gives the idea of real life lovable family there struggle and other things. Literally, it's very beautiful story no doubt; in terms of story and plot. But, the supernatural elements are little bit confusing as we don't understand what happened at that particular time. Specially, when the lead actor go back to his young age, we don't understand how this happen? And it feels like they take it for granted and never care about how this happen/possible. They don't even try to find out how this is possible that someone go back to his 18 yr old body? This makes little confusion over viewer's mind.However, this show is must watch in my ""Must watch list"" as this drama never disappoint you in terms of good and beautiful story along with amazing acting of actors."
4,십팔어게인,"I really love this drama and the cast a lot. Great work filming crew, making so good drama. People who did not watch it are missing out a fantastic drama. So watch it :)"
5,십팔어게인,"I am watching the last episode now. This TV series' each episode was funny and sad. It makes me so emotional but it was so good. I have watched Yoon Sang Hyun before, while he played Oska in Secret Garden TV series. When i saw him in this series, i was so excited and happy. He is a really good actor and also Lee Dohyun is awsome, i hope he will participate in most of dramas and movies. I hope he can gain lots of awards. He is really talented, his role is very difficult in this drama but he did really a good job. Also all cast was awsome, Haneul, Jeong Eui, Ryeun, Bomin, Inyeop... I hope we can see all of them more."
6,십팔어게인,This drama demonstrates hidden/ unspoken struggles in different characters. Either in between husband and wife or parents and children. Well written script. Very well done!
7,십팔어게인,"The actors are so good, the story is so good, and you will cry almost every episodes.There are scene which are supposed to be happy but it will make you cry like a goat.The only thing I'm looking forward is for their children to learn they are the same person but that's not a big deal."
8,십팔어게인,"Beautifully directed and very elegantly presented by all the actors. Soul touching and refreshing. It took me total 3 days to complete 16 episodes of this drama. Each episode is of about 1 hour. After completing this, one thing which I can very concretely say that this 3 days were really most beautiful for me since the start of the pandemic. The direction, quality of acting, script, screenplay, storyline, dialogues, each and every thing is a dimension beyond. A real stress buster and morally uplifting drama worth your time for sure. I will highly Recommended this to each and every individual reading my review. Please go watch this, you will witness the most beautifully crafted piece of art on screen. Deep, soul touching, full of concrete life lessons and heart melting !!"
9,십팔어게인,"This is a drama that shall stay in your heart always. I shall always remember those moments when I cried and laughed watching it. 18 Again, it teaches you a lot about life and relationships. Just imagine if you are in your thirties on the verge of ending your marriage with the person you've always loved just because of communication gaps and misunderstandings that developed over time, and suddenly you become a whole new person and return back to their life to know you family in a way you never had before. Yes, it would surely change everything. I am so grateful that the makers decided to make this show. Thank you so much for teaching me so many important lessons. They shall always guide me in my life. Thank you so much!!It is a MUST-WATCH, nobody can question that. So please invest a little time of your life, to watch it."
10,십팔어게인,MC get 18 again and try to figure out what went wrong in his teen days. He became friend to his twins to understand them better. Watched his ex-wife how she handles her job. And he came to realization the mistakes which led to divorce.The couple find themselves in romance circle again and get to know each other better.
11,십팔어게인,Great writing I became emotional often plot is also great.
12,십팔어게인,"Ok, this is my very first attempted short review here for a foreign film (or any film for that matter). Right off the bat, this film differs vastly from the original save for a deceiving first couple of verbatim copied episodes. The fleshing out of hong dae-hong and issues of early age parenting is brought to the fore. Cringey jokes and obtuse attempts at humour ubiquitous in the 2009 film are fortunately done away with. The subplot of the love triangle is also explored well without delving into over-dramatism. A tv series format suited the story as the original had far too many unresolved threads and unsatisfactory goodbyes.My review : 8 stars out of 10.0."
13,십팔어게인,Da Jung keeps getting saved by men over and over again. It's cliche and it is a complete bore to watch. I can't bare to continue watching this show
14,십팔어게인," Surprisingly touching relationships with a likeable cast
"
15,십팔어게인," Different From the Movie
"
16,십팔어게인," ""We need to love our decisions, and never regret on things that made us happy. "" -Dae-Young
"
17,십팔어게인," Nice love story and family drama...
"
18,십팔어게인," LOVVVVVVE IT~ (10/10)
"
19,십팔어게인," Last episode
"
20,십팔어게인," Best Korea drama in 2019, better than it's ok to not be ok
"
21,십팔어게인," The story is so heartwarming.
"
22,십팔어게인," A Dimension beyond
"
23,십팔어게인," Will Always Be There In My Heart!
"
24,십팔어게인," A subtle family love show
"
25,십팔어게인," Can't stop stop myself from binge watching
"
26,십팔어게인," FLESHED OUT FROM THE MOVIE, IT FAR OUTSHINES AND OUT-MATERIALS THE ORIGINAL !
"
27,십팔어게인," overly cliche
"
