,title,review
0,악의마음을읽는자들,"A captivating and binge worthy detective drama series, this is the Korean version of the hit series Mindhunter. Everything about this is on point. Amazing acting, script, cinematography, soundtrack and overall production value. Pretty much as good as it gets."
1,악의마음을읽는자들,"I have no idea why anyone would want this job. It shows what true, real heros are really like, and what they are made of. They are hard working but in the background, yet they are thinking at the forefront of their field. They are relentless, detailed oriented and uncompromising, mentally.This is the story of Korean crime profiling unit, the modernisation of their police force through inter juristictional wide area investigation network and database. The cases (all real) sends chills up my spine. They are not portrait with over gruesome shots or violence. It's their unexplainable violence, without a normally traceable motive, against a complete stranger. It's their twisted interviews that are chilling. It's the matter of fact style the series depicts each of the incident of crime. Like a documentary almost but with more style.The story almost begins by accident with the words from a career criminal. The buildup is slow and that's what life feels like. The crescendo comes from around ep 7-10 with the 2 intertwined mass murderers where clues are scarece and ideas were few.There's tension here because the criminal is at large. This tension is relieved by their interviews as well as the profile built-up. The perpetrators are caught almost in an anticlimactic way. But that's life. And the evidence are still being uncovered afterwards. I appreciate how psychological taxing this must have been for the profiler. His sense of duty, yet the work overwhelming him, even his psyche.I'm midway through ep 10 and could only take 1/2 episode at a time since #8. This is excellent."
2,악의마음을읽는자들,"Also called ""Though the Darkness."" The name is apt for the journey the main protagonist has to undergo. Criminal profiling is quite a difficult job as this show reveals. Nam-gil Kim effortlessly carries the plot with his quiet demeanor and focus.It's interesting to see how the relationships among the detectives grow and how their approach to investigations develop. Shoutout to the director, Park Bo-Ram, who created a crime drama set in the late 90s that is believable.This show is definitely among the best true crime stories that have emerged from South Korea. Highly recommended."
3,악의마음을읽는자들,"This is watchable but not without ff through a lot of it, it starts out good but after five episodes it's the same ole same ole, they needed to do something with KIM SO JIN character i mean she's one of if not the most beautiful Korean actresses ive seen and they left her with a simple role, needed to pry into her life and had some connection with the male lead other than chit chat, good acting by all average writing but its not silly thank GOD."
4,악의마음을읽는자들," Gripping and well executed
"
5,악의마음을읽는자들," Building a map on the Minds of Evil
"
6,악의마음을읽는자들," Sleek Investigative Drama
"
7,악의마음을읽는자들," Never really takes off
"
