,title,review
0,안녕나야,"Whimsical and sweet, the show has a great underlying message of being kind to yourself - particularly if life has not ended up going the way you thought it might. Some well-known character actors bring warmth and not a little slapstick style humour to the situation. Added bonus is the songs that were super popular in the last half of the 90s."
1,안녕나야,"Korean Drama "" Hello, Me! "" had an interesting story that is not encountered often. The fantasy- time travel element was handled nicely, the family drama was quite impactful and the character development on point. However, the drama didn't manage to leave a mark and it's quite forgettable.The story, first of all, centers around Ha Ni, who's the complete opposite of who she was when she was a teenager. And, even though the reasons why she turned out to be this way were there, the drama failed to explore them properly, though her family drama was strong and supported masterfully by everyone in the cast. The romance, moreover, was slow, a bit silly at first, and was often left out, set aside so that the slice of life will be more on focus. Also, the love triangle was more enjoyable for the bromance rather than the romantic vibes.In addition, the relationship between 17-year-old Ha Ni and 37-year-old Ha Ni was more like a mother-daughter than between two people of the same person. But that can be easily overlooked, as the slice of life genre often took the lead, with some heartwarming stories added here and there to enhance the main story and older Ha Ni's character. Also, the character development was just perfect, smoothly done and excellently handled. But, the ending was predictable and felt lukewarm.So, overall, six out of ten."
2,안녕나야,"Light hearted show, refreshing, some plot holes but the editing and funny points were worth the watch."
3,안녕나야,Many good values in this show. All actors played high quality performance.
4,안녕나야,One of my favorite Korean shows. Quirky vibe yet insightful for those looking for self esteem boost.
5,안녕나야,"Take it for what it is and I think you will like it - that would be my advice for those thinking about watching this show.It is silly and lighthearted, and this was more of a drama-dy than anything else. The plot is very simple, and honestly the whole premise was pretty dumb, there was almost no point in the time-traveling element. There is literally zero romance, so I am not sure why this was put in that genre.I personally really disliked this show, it was way too silly and felt rather pointless.The ""snacks"" story line felt SO forced it ended up being very cringe, especially in the moments where they tried to make eating snacks ""poignant.""
For some this will be a cute, silly show that will make you smile. However, even for those that enjoy this type of show it was pretty mediocre, and I personally think even if I had liked/enjoyed it, it would still only deserve a 5 at best. My rating will be much lower because I disliked it."
6,안녕나야,"This drama is just amazing. The storyline, the cast, the message, the dialogues, just everything. There were so many moments that made me smile, cry, laugh and forced me to think about certain things. Just go for it and im sure you'll love it. Just be a little patient tho, the drama takes it time to pick up the pace, and trust me its worth it."
7,안녕나야,"When Netflix first panned this new K-Drama, they got it wrong. Humourous and clear-eyed, Hello Me offers reflections on family, generational and class dynamics and relationships with consistently compelling and heartwarming content and acting. A clear thumbs up."
8,안녕나야,"(NO SPOILERS) Let's start off with the genre and type of drama this is. This drama is a very heartfelt and heartwarming one in many ways, be it family troubles or life advice and change. It is also a very bright and comedic one with funny and cool characters that make the drama happy. About the characters, I'll be talking about the two male love interests and female lead. I have probably never seen a love triangle where both male love interests have full personalities and have a lot to offer especially with connections to the female. They both have a very upbeat and joyful comedic personality that makes you fall in love with them and their cuteness and you can tell they actually both really care for the female. Although in most dramas the men both hate each other in this drama they have playful nagging here and there but it's all harmless funny fun. They aren't the typical love interests that only have looks and money. It makes you happy either who ends up with her. The drama however does not focus on the love triangle the most but rather on the female lead and her journey to self-love and acceptance. For reference, the main male love interest is most similar to Min-Hyuk from Strong Woman Bong-Soon and Joon-Hyung from Weightlifting Fairy Kim Bok-Joo. As for the lead female, I'm happy they made her ct her age and act mature rather than make her the typical shy submissive weakling like every drama and infantilize her she is an adult woman and that's what she acts like.. Overall this is a very light and fun drama to watch when you're chilling! I was very satisfied by the ending and this might be one of my favourite rom/coms. Hope this was helpful."
9,안녕나야,Light hearted show with a unique plotline. Makes you retrospect yourself
10,안녕나야,"The drama is very heartwarming, cute, fun yet with serious messages in it too. The character Ha-ni is very sympathic and realistic than most dramas (average looking, older, no much makeup). I liked her character a lot, how genuine and hard working she is. The only thing I disliked was her hair change in last eps: I liked her long, ponytail hair much more, gave her more sympathy. Her short and more makeup face felt.. off, OOC. But maybe it was a change and develop for the character. The slow relationship with Yu-hyeon was nicely done too, and liked they were platonic friends that slowly became something more (also them staying just friends would have been so nice too!) Anthony seemed such annoying and not needed character, but his character development was well made.There was some plot holes, like how young Ha-ni adjusted to the future so fast (and learned to use smart phone so fast?) I also wondered, how didn't any stuff that happened, affect the future, if young 17 year old Ha-ni remembered what happened to her own self? Wouldn't she change herself and affect choices, therefore changing 37 year old Ha-ni's life? Or maybe she simply forgot her trip to the future. But if you ignore those and enjoy the drama, you will love it for sure."
11,안녕나야,"Perhaps not one of the classics, but it made me laugh and especially towards the ed had me in tears - though the ending is happy (watch out for a few minutes extra right at the end).The lead actors all had it nailed and a special mention of the lovely grandma. Who has not thought what they would say to their 17 year old self but this gives that theme a delightful twist.Plot races along with some good twists and you want to know what happens next. Enjoyed this a lot."
12,안녕나야,"The problem is in looking at this movie as a time travel. Oh no. The premise of the story was great. Imagine your 17 year old self reminding you on how you planned your life only for to realise one had lost vision, self, everything. And realise that was an adult you are responsible for who you become.In a long time ,a quiet heroine bearing her cross. The hero the free floating guy rising to a challenge. The best was Antony with his past catching up at every step to derail him. The character grew from uni dimensional to many shades. The irritating bit was the younger self. Screechy and in your face.Enjoyed the moments of fun and tears.Breezy, light weight with a powerful premise-are you now who you thought you would be at 17?"
13,안녕나야,The episodes were dragging on a bit at first but the characters kept becoming more like able. I like the character development of the chef and his father. I also loved Re Lee's acting throughout the show. Young ban hani's character development was subtle and slow but well handled. The issues of guilt and grief were explored very well imo. Loved Anthony's character development; a lot of depth for a side character. I liked the slow relationship growth between the chef and Ban hani. And the humor was endearing and top-notch. Cha Seong Seok is also one of my favorite minor characters of all time.
14,안녕나야,The episodes were dragging on a bit at first but the characters kept becoming more like able. I like the character development of the chef and his father. I also loved Re Lee's acting throughout the show. Young ban hani's character development was subtle and slow but well handled. The issues of guilt and grief were explored very well imo. Loved Anthony's character development; a lot of depth for a side character. I liked the slow relationship growth between the chef and Ban hani. And the humor was endearing and top-notch.
15,안녕나야," A nice way to pass the time
"
16,안녕나야," Good Enough
"
17,안녕나야," good show
"
18,안녕나야," Great show!
"
19,안녕나야," Self esteem boost!
"
20,안녕나야," Silly, Lighthearted Comedy - Not For Me
"
21,안녕나야," A MUST WATCH
"
22,안녕나야," Lovely hidden gem.
"
23,안녕나야," Fun and Cute Drama
"
24,안녕나야," Good show
"
25,안녕나야," Light, heartwarming drama
"
26,안녕나야," Really enjoyable
"
27,안녕나야," Fun, laugh moments...but ...
"
28,안녕나야," Amazing and impactful overall
"
29,안녕나야," Amazing and impactful overall
"
