,title,review
0,어쩌다발견한하루,Totally in love with this drama its so different from any other drama. The main characters are excellent good chemistry between all of them. Rooting for dan oh and haru. Cant wait every week for the next episode s dont want the drana to end its so good .
1,어쩌다발견한하루,Honestly the first 2 episodes were so boring that I doubted why my frd recommended me this but after seeing the lead actor I understood why! Kim Seok Woo (Stage Name Rowoon of SF9) is so much more than his good looks! He's amazing at his job. Top notch acting even though he didn't have much lines. Amazing story line but female lead's nosy voice and overacting was a bit let down.
2,어쩌다발견한하루,""" Extraordinary You "" was, unexpectedly, pretty good.The drama was cute and they handled the mystery well. The romance was really good too, especially since the couple had strong chemistry. The side characters were interesting too and they formed dynamic friendships with one another.One thing that was a bit of a let down was the leading lady, who was a bit annoying at some times, especially when she was acting cute. Other than that, the pace was just right and they didn't introduce the romance strainght up, which was really clever. The love triangle was well made too. Plus, the drama and the mystery of the webtoon world were just great. Finally, the performances were really good and the ending was decent.So, overall, nine out of ten."
3,어쩌다발견한하루,"TOTALLY IN LOVE!!
I was obsessed with ""Its Okay not to be Okay"", and that had set such high standards that it got hard for me to move on to something else. But this truly was a league apart...
Can't really say if it was probably BETTER. But it DEFINITELY felt a tad bit more cuter than that <3
This story is the most beautiful blend of MUSHY LOVE, romantic drama, high school fun, friendship, and also a bit of mystery. Even when you feel like the story gets predictable, its not! ITS WAAAY MORE THAN THAT!The First Half made me go UwU for all the sweet and cute moments. And the second half made me cry my eyeballs out... T_T
If you're a sucker for series' that are heavily-cry-able, THEN DEFINITELY HAVE YOUR TISSUES READY! Overall a great watch!"
4,어쩌다발견한하루,Performance and interest in seeing how this wraps up was the reason I carried on watching this series. It's interesting concept wise but it's laborious and flawed especially in how it wraps up at the end. Such a pity as it's potential was enormous. I was disappointed by its lack of ingenuity at the end. Worth watching but only just.
5,어쩌다발견한하루,"This Kdrama is so underrated. This definitely deserves an award and most especially Kim Hye Yoon, Rowoon and the actor who played as Gyeong. Idk how many times I've cried and loved in this movie. Btw, this is my first time making a tv drama/movie review! And that's because I believe this one shoukd get a lot more attention!"
6,어쩌다발견한하루,"Love ittttt💋😍its so unpredictable,i cant wait for next episode."
7,어쩌다발견한하루,"HARU YAAAA 😍 season 2 pleaseee, cant wait to see rowoon again :("
8,어쩌다발견한하루,"Eun Dan-oh (Kim Hye-yoon) has a heart condition that is terminal despite repeated operations. Despite that she is kind and hopeful that something in her life will change and her heart will last on. Her fiance, Baek Kyung (Lee Jae-wook) is the son of one her father's business partners and their parents paired the two. Eun Dan-oh's father agreed to the engagement because Dan-oh has had a crush on Baek Kyung for 10 years even though Baek Kyung can be cruel to her and does not return her feelings. Eun Dan-oh begins to have memory lapses and the sensation that she just ""comes to"" in various activites. As she digs to determine the source of these strange occurances, she discovers, by chance, that she is a character in a manhwa called ""Secret."" Not only is she in the Manhwa but she is a supporting character who must do things to aid the lead characters in falling in love. She begins to resent the role she must play and becomes determined to do things to change the story. She soon notices a boy that has no name. When she looks at the Manga she can see that he is a background character that is not even fully illustrated. Dan-oh realizes that because he is not a central part of the story he has more freedom to do things in the ""offscreen"" that can impact the way the plot plays out. His name is Number 13 (just number 13 alphabetically in the year-book) but, as Dan-oh begins to develop feelings for 13 (Kim Ro-woon), she give him a name. As time goes on, more of the characters discover that they are in a Manhwa and join Dan-oh in changing this up.I started this one in October of 2019 not realizing it was still on air. I normally do not watch those that are on air as I prefer to be able to watch them all at once. 12 episodes in and I cannot wait for more episodes to post. If it continues as it is now it is going to the top of my list as one of my favorites.I just finished watching this one. It was good the whole way through. I love the chemistry between the leads. I like the way Baek Kung realized that she would be happiest with Ha-Ru and yet is still always there for her. It had a sort of reincarnation angle to it without really meaning to. Some may not like the ending but I got it because they aren't real. If it were a comic book series I could see myself reading all the comics even if it just re-told the same story. I highly recommend it - it's very unique."
9,어쩌다발견한하루,"I really enjoyed watching this series, however there were some parts I found annoying, mainly the female character's voice and the ""cute"" plays.. She became a bit annoying to me episode by episode."
10,어쩌다발견한하루,"If you want to see an excellent comedy & romance drama, certainly it's one of the best choices."
11,어쩌다발견한하루,"I loved this show so much, however I think there are some complaints(?) I saw a lot of people complain about Haru's character on many sites and while I can agree on some levels, some complaints, in my opinion, were inconsiderate of his character. One complaint about his character that I've seen is lack of story and personality. I think as far as the story one goes we need to consider that in the comic book he doesn't have a name or even a face. With that being said, I feel that if he did have a storyline it wouldn't make sense. If the author of the comic book couldn't give him a face, he definitely wouldn't give him a backstory or story in general; to be fair I think there would be just as many complaints if he did have a story because in the comic he didn't thus it wouldn't logically make sense. I do feel Haru lacked personality, especially considering that 99% of the time he was in the shadow. He was adorable, however lacked emotion and it did kind of take away from the show. I also have a complaint of my own. While it was entertaining seeing them both lose their awareness, it was repetitive and unnecessary. By the time Danoh lost hers I was barely effected since I'd already seen it. I loved how they tried to change the story all the time, especially when it backfired lol. I also really love Baek Gyung's character. Seeing how as he became aware of himself he truly fell in love with Danoh was incredible (the second lead syndrome is real!) In addition, his character's backstory and life in general is so interesting and painful that everything starts to make sense; seeing as his brother knew everything because he was also aware of himself also added well. I just want to mention how adorable Yeo Joo Da is and how much I loved her character. Though Yeo Joo Da and Oh Nam Joo weren't the main romance I enjoyed watching theirs develop alongside. Overall, I found this drama very entertaining and while there's definitely things to critique I would reccomend it."
12,어쩌다발견한하루,"I liked Baek gyeong and his acting so my rating is for him. There is not much chemistry that I felt between Haru and Dan Oh. Haru kept on missing and forgetting and so is Dan Oh. No matter how many romantic scenes they had, I still liked Baek Gyeong aand felt sorry for him until the end. I was also uncertain why was he able to come back. Their life continued, does that mean the writer had a different story on the book?"
13,어쩌다발견한하루,"Well, I quite enjoyed watching Extraordinary You, the most important thing is that there are actors who suddenly addicted to watching them, yeah ... it's ROWON! ROWON is the most handsome guy, and of course storyline is quite interesting, every character is pretty good except Dan Oh the most annoying girl and ROWON doesn't deserve to be paired with."
14,어쩌다발견한하루,"Very intriguing narrative. Existentialism is the core theme, so essentially dark, but also beautifully wrapped in a youthful love story. The actors were phenomenal, especially our dearest Dan ho. Ha-ru was a delight to look at and the kind of partner every girl deserves... But my heart ached for Baek Kyung until the very end.It's a beautifully layered story, and you won't get bored for a moment.PS: the cliched comic book parts kept reminding me of Boys over Flower, the first k-drama I watched some 10 years back now, these stories sure have come a long way. No hate to the F4 though, still love those boys."
15,어쩌다발견한하루,In all honesty this drama should have been 8-10 episodes max. It became extremely repetitive.
16,어쩌다발견한하루,"I can't guess every episode while I can do other series. Amazingly, I'm looking forward to the next episode"
17,어쩌다발견한하루,"The start is interesting. After the first few episodes I thought about giving it up. Then it got interesting again. Or at least I thought so. I couldn't guess what was going to happen next, but it quicly got repetitive and thus,boring. After episode 18 I started time skipping more and more. After epidosde 24 I decided I had enough. So I read about the remaining episodes. I'm glad I didn't waste any more time. Definitely not how I thought it was to end. I don't see the point of this drama. There is some good acting (mainly the female lead) and decent music but I really don't like the story at all."
18,어쩌다발견한하루,"A beautiful mess, completely constructed around plot holes. What happens when teen romance comic book supporting characters become self-aware? It's an emotional rollercoaster, like real-life adolescence is, itself, as well as a comment on the nature of reality.The music is a character, poignantly reminding us that adolescence is not about superficiality, even as the kids get up to a fair amount of stereotypical high school goofiness.The embedded comments on the nature of reality sneak up in the form of kaleidoscopic changes to the main character's (an extra in the comic book who rebels against her fate) school uniform that don't seem to show up on anyone else. (I'll have to watch again).The explicit theme of an unseen cosmic force negating free will and the defiance of individuals against it is the one consistent character-driven plot thread.it throws almost every Kdrama cliché into the story:
Amnesia, half-sibling rivalry, life-threatening illness, not one but two love triangles, school bullying, marriages of convenience, class conflict, plus a big dose of time travel. THIS IS NOT NECESSARILY A BAD THING, especially since all of these tropes are dealt with self-referentially.It sure takes its time making its point that there may be no point, but least it does so beautifully."
19,어쩌다발견한하루,"This is by far the best kdrama I have watched and let me tell you why. It has an awesome storyline that catches your attention from the very first episode, it is very funny and makes you laugh, the characters are all likable, the actors did a great job... The love story between the charcters is amazing and seems so genuine. Overall it makes you want to bingewatch it. I was so connected to the characters, I laughed and cried with them. I was so sad when I finished watching it and for months I am unable to find a kdram as good as this one."
20,어쩌다발견한하루,"I watched this show because of the actress's acting skills. For the first time, I found out that there is such a cute actress acting in this crazy type. But the male protagonist is facial paralysis. I can't feel his role psychology. I can't see his love for the female protagonist. I only pay attention to his expressionless face all the way. The supporting role is pretty good. The big failure behind this play is definitely because of the screenwriter. I can't imagine such a bloody plot in modern society."
21,어쩌다발견한하루,"Although I loved it, I wasn't going to review this show as I wanted to save time to watch more Kdrama. So... it will be short.After watching W Worlds Apart, a load of total nonsense, I just had to come here and say Thank You and Congrats. This is a fantasy that actually sticks to the initial set of rules and thus, respects the spectator.Beautiful, moving story too."
22,어쩌다발견한하루,"One of the best k-dramas I've ever watched.💕🌺Totally in love with this drama, it's so different from any other drama that I've seen in a very interesting way! Love all of the main characters, they had a really good chemistry between all of them and the supporting cast! Love the end though even if they had to go through a lot to be happy in the end. So happy that they found each other in the end!💕💕🌺🌺🌺"
23,어쩌다발견한하루,The plot of the series is strong and really successful. It showed us that what really matters is love. I also think it is a series that reminds us of reincarnation and we can actually find very deep meanings when we look at it by broadening our perspective.
24,어쩌다발견한하루,"The plot line is unique. A lot of the characters have a pure charm to them. The leads are so adorable together, but their loyalty, strong bond, and devotion for one another is truly admirable. It's such a great escape from the reality of the real world at times. The humor is lighthearted and very self aware. You can tell the script writers had a lot of fun filling the drama with cliches that make fun of kdrama stereotypes. There's also a great amount of deep tragic aspects for all the leads, which makes it super easy to root for all the characters. Be prepared to feel heart broken for them from time to time, laugh, cry, and even frustrated. For me, this is easily at least a 9/10. But I love it so much and had such an attachment to the cast, that i'm giving it a 10. Well done."
25,어쩌다발견한하루,It made me happy and I smiled a lot watching it. Simply said it is a very cute drama. The actors were great. The female protagonist did a great job and the male lead is every teenage girl dream come true.
26,어쩌다발견한하루,"It was a fun series. The storyline is kinda different, some parts are quite predictable. Many funny moments that made the film truly enjoyable. However, though the actress playing Dan-oh was really good, I couldn't really stand some moments where she was trying to act wayyy to cute, which made it annoying sometimes. Haru's character did not stand out. Besides the fact that he played an important role in Dan-oh's storyline, his role was not portrayed fully. I actually enjoyed the character development of Beak Gyeong though. And I liked Do-hwa. Seems that I enjoyed the supporting roles more than the protagonists haha. But all in all, it was a very nice series."
27,어쩌다발견한하루,"I freaking loved this drama! I'm only at the 19-20th ep, and I already don't want it to end! I want the haru and dan oh to end up together, but I also want haru all for myself!! Wwahhhh.. sob sob"
28,어쩌다발견한하루,This series made me go from hating someone to loving them. It was a spectacular and made me think that we have to fight in life in order to be happy and succeed. Definitely suggesting you to watch this you don't want to miss it.
29,어쩌다발견한하루,"I had existential crisis after watching it ,we are really cartoons in god made world. How many of us are really trying to change our fate , are we really extra?I felt really extra! I envy the actors who could play the script , live the fantasy. It was good, but i am over with young adult fiction."
30,어쩌다발견한하루,"Definitely a beautiful drama with an amazing plot . The story is heart wrenching but it's outstanding . It made me cry a lot no matter how many times I watched it but I love this drama a lot
If u still haven't watched it then go & watch u won't regret doing it"
31,어쩌다발견한하루,The story is good but is too complicated to watch.
32,어쩌다발견한하루,"I'd watched till ep 26 and still have no clue about the plot, the story really catch my attention and I still keep watch till end even the romance so so but reallly ..... extraordinary"
33,어쩌다발견한하루,"This is one of the most thought provoking dramas I've ever come across. It may just seem like a romance drama on the surface(like the comic) but it's so much more than that. The characters having all human emotions and desires but not free will of their own,it's brilliantly portrayed. I love how there are so many layers in this drama. It's definitely very entertaining and I was left with a lot of questions about it and life while watching it."
34,어쩌다발견한하루,"The first episodes were little boring because of the slow progress. After the 2 episodes ,when the whole plot start to goes faster the story gain my interest. However, there was some really annoying parts especially when the second book was appeared. The chemistry between the main couple was really poor and make me tired, and that's the reason why I like Baek Gyeong more. The end was also dissatisfing for me as a lot of questions never answered. Nice try but nothing special."
35,어쩌다발견한하루,"It is wonderfull and I love it so much, after many years watching kdrama it's realy new and amazing👌👌👌"
36,어쩌다발견한하루,"This drama started off really good, but halfway throughout it quickly became repetitive. I would have wanted the ending to be a little longer too, since it was a little confusing and just left me with more questions. It was still a decent drama with lovely scenes."
37,어쩌다발견한하루,"This is such a unique drama, it has such a good story line and it truly is extraordinary!"
38,어쩌다발견한하루,"The combination of Romance and Comedy with a little sprinkle of Drama in Extraordinary you is just perfect! Extraordinary you seems a typical high school drama but It's actually far from that! So many surprises, beautiful OST, great cast and scenario! The k-drama you don't want to end watching!"
39,어쩌다발견한하루,"'' Extraordinary you '' was good enough and i didn't expect this !The drama has intresting plot ,at first Iwas confused but after that I liked it.There are some really funny and cute moment that i liked them too .But after some episodes I fell in love with the tragicest character ever ! The second lead guy...ahh after this the romance and the chemistry between the second lead and the female lead was just soo hearbreaking and bitter ...
The male lead has not so good acting skills as he is singer but he tried as much as he could ..but he was getting more and more boring ..he just cried and cringely smiles!!!Futhermore i would prefer not to exist the second comic story as I didn't really like as it was quite boring tooWhen I reach at 28 ep the plot started to get boring because it was repeated again and again ...
Also there are some characters like the romance between the elf chef and the girl that never undrestand why it was exist so i skipped them after some ep.Finaly the last min of the end was useless..all in all it is a good kdrama and i think that it's somehow underratedhighly reccomended !"
40,어쩌다발견한하루,"I came across this show by chance and I'm glad that I did. This show is hands down one of the best shows out there from every aspect. Great performances and great innovative story. It keeps you hooked on and you never lose interest always wanting to know more.The main 3 characters have wonderful chemistry with each other. Kim Hye-Yoon is great as Eun Dan Oh and impresses with her acting skills. Kim Ro Woon is magnificient as Haru and makes you like the character. Above all Jae-Wook Lee SHINES as Baek Kyung and portrays all his emotions be it happiness, jealousy, anger, doubtfulness and complexity with all earnestness. He is definitely the First among equals when it comes to giving a great performance in this show. A great show that is definitely a must watch."
41,어쩌다발견한하루,The story line is quite interesting but the except the story line the show has nothing. The all characters are great at irritating the viewers. Warning for people who want it to try.
42,어쩌다발견한하루,"If there were 10-12 episodes, the plot wouldn't have been boring. The content is good but very slow. Sorry Haru-ya.However, it is not a production that deserves 3-4 stars. You don't be unfair."
43,어쩌다발견한하루,Last half of this drama was draging too much with same flashbacks and slowmotion things and the same lines like *will i die*and same story like going to hospital again and again...going to school again and again... i got so much bored that wanted to drop this drama at a point. Pretty boring.
44,어쩌다발견한하루,"Love the entire show plot, all the actors & actresses for putting up a good show & acting skills. It's my first time watching Rowoon acting. He doesn't just look so handsome but also can act very well, doesn't seem like a newbie in the business.Hope MBC can produce the season 2 ASAP as I am yearning to know how Dan-o and Haru will be like or will be a plot twist with a sad ending in the end?"
45,어쩌다발견한하루," Love love this
"
46,어쩌다발견한하루," Rowoon Rowoon Rowoon
"
47,어쩌다발견한하루," Good Enough
"
48,어쩌다발견한하루," If you're here from Netflix - WATCH THIS RIGHT NOW!!
"
49,어쩌다발견한하루," Incredibly interesting but falls short
"
50,어쩌다발견한하루," UNDERRATED. A MUST WATCH
"
51,어쩌다발견한하루," Luv
"
52,어쩌다발견한하루," Cant move on!
"
53,어쩌다발견한하루," Unique and amazing
"
54,어쩌다발견한하루," Different high school drama with a twist
"
55,어쩌다발견한하루," the best
"
56,어쩌다발견한하루," I love this show!!
"
57,어쩌다발견한하루," I really liked the mean boy
"
58,어쩌다발견한하루," ROWON !!! I love you!!! Damn ROWON
"
59,어쩌다발견한하루," It will keep you hooked!!!
"
60,어쩌다발견한하루," Shouldn't have been long
"
61,어쩌다발견한하루," Love
"
62,어쩌다발견한하루," Waste of time
"
63,어쩌다발견한하루," Beautifully messy, heart candy if you need it
"
64,어쩌다발견한하루," The best kdrama I have watched
"
65,어쩌다발견한하루," Can I say that the screenwriter ruined the show.
"
66,어쩌다발견한하루," Congrats!
"
67,어쩌다발견한하루," A lovely creep trumpet
"
68,어쩌다발견한하루," It was a good journey.
"
69,어쩌다발견한하루," creatively self aware
"
70,어쩌다발견한하루," Adorable
"
71,어쩌다발견한하루," Fun to watch
"
72,어쩌다발견한하루," I love DanOhXHaru
"
73,어쩌다발견한하루," Amazing kdrama
"
74,어쩌다발견한하루," Watch it if you really have nothing to do.
"
75,어쩌다발견한하루," A must watch Drama
"
76,어쩌다발견한하루," i'm not a fan of haru and i don't know why
"
77,어쩌다발견한하루," 👌🏻👌🏻👏🏻
"
78,어쩌다발견한하루," Questions about existence
"
79,어쩌다발견한하루," A different story but ..
"
80,어쩌다발견한하루," Sara
"
81,어쩌다발견한하루," Good but repetitive
"
82,어쩌다발견한하루," Unique
"
83,어쩌다발견한하루," Your perfect RomCom k-drama
"
84,어쩌다발견한하루," Second lead sydrome
"
85,어쩌다발견한하루," The Best: A must watch
"
86,어쩌다발견한하루," What a funcking crab
"
87,어쩌다발견한하루," I Wish It Wasn't Long
"
88,어쩌다발견한하루," Not good
"
89,어쩌다발견한하루," One of my Best Kdramas ever watched!
"
