,title,review
0,언더커버,"That was truly an amazing series, it kept me on my toes from start to end, the acting of the cast was splendid specially lee Jin hee, yoo seon ho and heo jun ho.If you're looking for a thrilling series that keeps you excited to know what happens next, then this one is for you.It's not Mouse or Stranger, but it's the next best thing."
1,언더커버,"The storyline and the main actor and actress chemistry are so strong. It can give us a message not to be like a guy who's destroying everything but keep saying he's saving. By the way, I like the theme song so much."
2,언더커버," Amazing series
"
3,언더커버," Complete package
"
