,title,review
0,엉클,"I was mesmerized by the performance of the male lead Oh Jeong Se in Its ok to not be ok, where he was a supporting character. So it was with great enthusiasm to watch him as the lead in this drama. His character is such an endearing loser at first but you are quickly drawn into his genuine relationship with his estranged sister and especially his nephew, both of whom he hadn't seen for years. Without spoiling the story, this drama is a mixture of tender moments, laugh out loud comedy and, unfortunately, way too much drama than I think necessary. Be prepared to be frustrated and enraged often. And the ending? It's alright, I guess. If I sound overly critical, it's because I love the characters so much that I wish the script were more focused on their relationships rather than the never ending troubles that continue to befall them. As it is, I still enjoyed the show tremendously and hope we'll be seeing our male lead in other drama again."
1,엉클,One of best drama I watched recently with great acting of every one. No doubt uncle is one of most enjoyable drama all are such great actors everyone playing their role perfectly.
2,엉클,"I don't know why this show is not famous.A very good acting and warm feeling.I haven't finished it yet, so i hope the beauty continue till the end."
3,엉클,Heart warming storyline. Great cast; Oh Jung-se is a phenomenally multi-talented actor and musician with a beautiful voice. He takes what's on the page and runs with it. He and the entire cast were in synced and complemented each others characters.Really great children actors. I believe it is worthy of some awards. Highly recommend it. It will not disappoint!
4,엉클," Really loved the characters, but could have been so much more
"
5,엉클," Excellent series
"
6,엉클," Please.. watch this
"
7,엉클," Brilliant Comedy/Drama and Acting
"
