,title,review
0,엑스엑스,"Based on the first 4 episodes I am pleasantly surprised by this Korean drama series.Having seen a lot of Korean drama, I was expecting just ""another one"". However, so far it has been quite refreshing to watch.The tone and atmosphere sets a comfortable and calming environment whilst watching.
It is something that lets you discover the characters and their motives on your own within the flow of the episodes.
It doesn't tell you straight up what's going on and how the characters feel.
On the other hand it doesn't require you to analyse too much, it feels like just a thought is enough to figure it out.
It is exactly what one needs after a long day, just something calm which makes you think, but doesn't ask you to understand it, because you do without asking.Most importantly the Plot.
It is not overly predictable like many Korean dramas.
you can guess where the Plot is heading in some ways, but it still leaves you wondering. Even tough the overall feel is very settled, the plot still manages to build tension and intrigues you to keep watching.I'm looking forward for the next episodes!!(sorry for any bad english, I tried, but it is not my first language)"
1,엑스엑스,"This is not your typical kdrama, nothing about stupid love triangles, this series is about real situations in life that leave us scars requiring time to heal.The best about this script is that will show you a very refreshing point of view where nothing is black or white but instead will show you the experiences and feelings from all characters and you actually understand them. Sometimes we make mistakes and we hurt the people we love but we can learn how to forgive them.Well written with good dialogues, chemistry off the charts, the story is compelling and the cinematography is beautiful. I wish it was longer, I love this kind of kdramas, lead by women with zero clichés and so real."
2,엑스엑스," So far so good
"
3,엑스엑스," We need more kdramas like this
"
