,title,review
0,오월의청춘,"I love Korean dramas and have seen a ton of them, but this was the first one that I've seen that portrayed the historical event known as the ""Gwangju Uprising."" I adored the love story, but was equally enthralled and horrified at the historical events that occurred in May of 1980.This show was very well done, from a stunning soundtrack, to great cinematography, well done costuming (depicting the late 70s/early 80s), and wonderful casting. The chemistry between the two leads was great, and the side characters were all fully developed, with outstanding performances all around. Lee Do-Hyun was clearly the standout star in this, and it's easy to see why he is such an up and coming new actor, as talent is just oozing out of him.I thought the story was well done and well paced, 12 episodes was a perfect number. My only wish is that they had more fully explained the events that lead up to the Gwangju Uprising, as I was a bit confused as to why the events happened in the first place.Overall this was very well done and well worth a watch!"
1,오월의청춘,"Plot: Story based on Gwangju Uprising incident. Which is shown through the eyes of children, soldiers, medical staffs and students.There are some movies/dramas/books which are so beautiful that you dont want to watch/read it again. You want to live with that same emotions which occured when you watched/read it for the very first time.Youth of May brings you that same feelings.You will get drowned in all the emotions and trust me its chaotic. You will need sometime to get over this drama because it is so beautiful that it hurts and its overwhelming.Now, coming to the acting of this new age actor Lee Do Hyeon, you can tell that he is a hardworking actor who loves acting, he has delivered a masterpiece which dont create by a lazy artist... and as per John Ruskin ""when love and skill work together, expect a masterpiece"".This drama is a masterpiece!Please dont miss it. They dont make such drama often.My favourite quote of the drama: ""Give him the strength and courage to continue to swim through life without sinking when the tears that he shed alone rise to reach the neck.""PS: It is very easy to get absorbed into Go Min Si's deeply expressive eyes. What a fabulous actor she is!"
2,오월의청춘,It's a drama based on a historical event. The main leads have amazing storylines and show how they both battle their individual hardships. There's great chemistry between the leads and I loved how they portray the female lead's relationship with her family and especially her younger brother. It's definitely a must watch.
3,오월의청춘,"I kind of guessed from the beginning that the female lead will die in the end. I wrongly guessed that the man on the train station platform is the male lead in the present time. There is a flavor of predictability and unpredictability all throughout the drama. The background setting was based on true events yet with a good mix of fiction (reminds me of Titanic). There is balance of slow, medium, and fast phases where needed. The casting was great especially the male lead who I think was exceptional and executed well the right emotions and nuances and delivery of his lines. Boy, he has promise (reminds me of Kim Soo Hyun in his early acting stints) ! The love story itself, though tragic, did not end tragically (as a consolation) as he remained loyal and kept the love even after her disappearance and death. He more than kept the end of the vow. Good scriptwriting, though quite a lot of open-ends and ""why's"" here and there. Some more romance added wouldn't hurt either, felt like I was shortchanged on the romantic side. Bummer, the guy was cute.Biggest plot hole for me, though, was why the soldier-friend of the male lead (the man on the platform of the train station), did not tell his friend (male lead) who has been searching (he was giving out flyers in search of her) and tormented (to the point of suicidal) by this 'disappearance' and assumption of her death. The soldier knew who the girl was definitely (he referred to her as ""the nurse"" previously) and he even read the note with his friend's name written there, surely he knew who to tell to as to what happened to the girl and where her remains was. Why drag it on to 41 years, come on.Overall, I'll give it an 8. A good history and fiction, nice backdrops and setting, and good acting and visuals courtesy of the male lead mostly. It was sad but still worthwhile to watch it, for a 12-episode drama.P. S. And come on, why keep the title of the song unaswered. Can't pronounce, Annie's Song by John Denver?"
4,오월의청춘,"As someone with Korean heritage, it was very interesting to see the period in which my parents' generation grew up in, particularly as this ""between"" period after the Korean war, but before the economic boom and nostalgia of the 90s isn't something I've seen reperesented on screen before. The production did a great job.However, the script and storyline fall short. It starts strong, in the present, with the mystery surrounding a news story which we can assume alludes to what happens to one of the main characters.. and creates a sense of huge melodrama.. but as the drama gets to the late stages (starting around ep 9-10) the story becomes rushed with plotpoints being brushed aside immediately after they happen in preparation for the next development, making character and story progression seem unearned and abrupt. By the last couple of episodes major plotpoints are rushed through so quickly and inconsequentially that it just started to lose what sense of believability it had earned during the early stages.Really my main gripe is the pacing which mainly results from the 12ep 1 hour run time (the shortest I've seen from a kdrama that isn't considered a mini-series), and they should really have chosen either to present this as a 2 hour movie or a properly fleshed out 24 hour drama. The first 8 eps feel like they belong as the opening act of a 24 ep arc, and then within 3 eps the story comes to an abrupt end (the 12th being the present day epilogue).If you're curious about Korean history and want a short series to watch then this isn't an awful watch, I've still given it a 7 because the beginning was pretty good, but it does flatter to deceive on what it can deliver and the climax falls on its face for me."
5,오월의청춘,"This drama is ""the masterpiece"" of this year. I happened to stumble upon this drama through an Instagram page that revealed a major spoiler. So, yes I had known the ending but still decided to give it a go and boy, I'm not disappointed at all. Despite of me knowing what exactly was gonna happen, I was moved to tears during plenty of scenes. It has the right amount of episodes and everything was conveyed clearly with no loose ends. The cast did a brilliant job. Kudos to the writers for this excellent script. This is a must watch for all the k-drama lovers out there!"
6,오월의청춘,The Plot and the Screenplay are well put-together.The show is about one hell of a star-crossed love between a medical student and a nurse weaved around a dark-time in south Korean city Gwangju.Brace yourself for some heartache by the ending.The low-rating reviews are from let-down expectation of a cute lovey-dovy romantic story with a happy ending.This definitely goes into my re-watch list later in future.
7,오월의청춘,"Wow... I really don't know where to start...
First of all, the historical background is just perfect, everything is perfect, the actors are just too good! If u like crying a river this is the show for you, I've never cried so much for a kdrama, this is definitely on top of the kdramas I've watched til now, I mean... the drama is real, it's heartbreaking but still, the romance is beautiful, all the characters are so very well developed, just watch it and cry."
8,오월의청춘,"My hearth is broken by such a sad ending, Worst ending ever."
9,오월의청춘,"This drama certainly shows how good K-dramas are today. It combines the historical event of the Gwangju Uprising with a romantic love story that K-dramas are perfectly good at. The sets, the costumes, the music really take us back to last century. I love the scene when the main leading male gets onto the bus and asks the main leading female about when's the next date. The bus seems like a vintage one.I really like the contrast between the terror brings by Gwangju Uprising and the joy in the love story. It exaggerates both the historical value of the event and the beauty of romantic love. For me, as a foreigner who never learned about this event, this drama helps me understand more about it. I was even stimulated to search for the whole thing online. At least from this perspective, this drama is very meaningful.However, this drama isn't perfect. For example, the father of the main leading male is portrayed as a perfect bad guy. I know that having such a character can make the love story sounds more touching and more romantic. Yes, love under the threats of a crazy villain is 100 times cooler than the rest, but I still think this should be viewed as a failure of the screenwriter crafting characters. I don't think there's that kind of people that can be so perfectly bad and evil, without any sympathy and empathy. I just watched a drama called The Greed of Man. There's an extremely villain called Ting Hai in this drama. Although he's so terrible, he can still persuade himself. I don't think a man like the father of the main leading male can persuade himself."
10,오월의청춘,"The series is good, story is also ok, acting overall is very good. But i am not a big fan of sad endings, i enjoyed all the episodes but not the last one, i mean there is no point of getting such a sad conclusion. The way story was build up, lead characters deserved a good ending but thats not what happened here but at the same time i think the show tried to portray how that historical event destroyed so many innocent lives so this somewhat justifies the ending. If you are ok with your heart aching then watch it otherwise must avoid this."
11,오월의청춘,"Thing i hope the movie will make more clearly is what happened in the past among characters. Cause i'm kinda confused after watching this film. But it doesn't affect on your experience with the movie.In conclusion you must watch it
Sorry if my english isn't good."
12,오월의청춘,"I chose to watch this because of the interesting historical period it represents. As a European, I didn't know anything about Gwangju uprising although it is quite recent history.I agree with most other reviewers that the production is great, acting is generally good. Leading couple has a great chemistry and the main villain is even more frightening than in Crash Landing on You. So I would have liked to give this more stars. I just hope they would have had better script."
13,오월의청춘,"This show has 2 parts the romance and then the massacre part. It starts off a little confusing with a lot of characters. When the romance starts it gets quite fun and the story is actually quite simple. But she behaves a little irritatingly. When the riots massacre start all the characters are well known and it's quite exciting and scary as you watch them in peril. Had a ""Killing Fields"" feel. Brutality is shown but it isn't overdone so it was more effective. I was anxious to see what happened to the various characters, especially the hero who was put in harm's way because of the heroine. You need to concentrate a bit to figure out and remember the different characters but they did a good job of showing things from quite a few different points of view of the Gwangju massacre and uprising through the different characters.I love the surprisingly delightful ending. The heroine was so irritating doing the wrong thing against advice all the time and endangering the hero. So glad it was her rather than him who died. If he had died instead I would have hated this show but the outcome was right. I disliked the heroine more than the villain because he was just a villain on the wrong side of things but she was stubborn and contrary.The cast is good. It's great to see the wonderful Lee Do Hyun in a sweeping romantic drama here and he gets to show a range of emotions. Quite a complex character with a crazy father, an some trauma from almost losing someone while a student. They didn't have to make him cry so much. Go Min Si had the unenviable task of acting such an annoying character. She has a sweet smile. The villain from Crash Landing on You plays the villainous father here. Very similar vibe. Nice period 80s look to the production. 12 episodes was about right.Worth watching."
14,오월의청춘,"Youth Of May does a fantastic job of bringing its story to life via our characters, their experiences, and their relationships.A rollercoaster of emotions that's not easy by any means, but that's completely worthwhile. The leads were amazing and so were the supporting characters. I loved how they showcased different points of view; from the soldiers, police, college students as the protestors, nurses and doctors, and the commoners.Youth Of May is both sweet and bright, and at times reminds of the traumatizing past in a subtle way. It probably might be the best underrated drama of 2021.My Rating : 8/10."
15,오월의청춘,Good series. Its admittedly a bit serious but it's funny and heart-warming in certain places. It will however break your heart many times. I only removed two stars because I feel the ending could have been better conveyed. I don't think the ending was bad or that the events should change but the delivery could've been better to at least soothe the ending so it doesn't feel as cruel and abandoning.
16,오월의청춘,"Its my first time writing a view on a drama although i have watched so many kdramas, but by this you can see that this drama was so good that I couldn't stop myself from writing a review its because i dont want people to miss out on such a masterpiece, although it might have a sad ending but so what missing out on this masterpiece just bcz of the ending, this drama is just more than that it deserves so much. The actors portrayed their characters so well they deserve so much more. I hope no one misses out on this."
17,오월의청춘," Love Amidst Chaos
"
18,오월의청춘," Masterpiece!
"
19,오월의청춘," Underrated masterpiece
"
20,오월의청춘," Sad Movie That's Worth A Watch
"
21,오월의청춘," Great period setting, somewhat weak storyline
"
22,오월의청춘," A masterpiece!
"
23,오월의청춘," Brace yourself for some heartache. But worth watching.
"
24,오월의청춘," Not giving 10 bc I cried too much
"
25,오월의청춘," My hearth is broken by such a sad ending, Worst ending ever
"
26,오월의청춘," Nice combination between a romantic love story and a historical event
"
27,오월의청춘," Good but too sad
"
28,오월의청춘," Hiiii
"
29,오월의청춘," Interesting topic, good acting but the script crumbles in the end.
"
30,오월의청춘," Satisfying ending
"
31,오월의청춘," Amazing portrayal of love and patriotism
"
32,오월의청춘," Good drama
"
33,오월의청춘," My first review ever
"
