,title,review
0,왓쳐,"Decent korean tv as usual puts the UK to shame
Tv and movies from Korea are superb"
1,왓쳐,Excellent murder mystery thriller! Absolutely fabulous cast! Loved it!
2,왓쳐,"A must watch drama for the thriller lovers. You will be hooked from the beginning to the end. After a long time a good suspenseful drama arrived..
#Who watches over the Watcher???"
3,왓쳐,I really love this series.It is so awesome & attractive for me.This serie isn't lazy for me.I cannot wait to watch next episodes.
4,왓쳐,"I am not usually a thriller fan...but this ought my attention and kept it. I am used to Korean series with characters aged 30+ experience first kiss with eyes wide open in shock...(really guys?)..For a change, this is a really well written, well acted by all, suspenseful story. I became addicted after the first episode. Watch it."
5,왓쳐,"Seo Kang Joon, dashing as ever when it comes to acting. After watching this series, I just felt like there was not enough justice that's much done to the unfolding of events. I was wishing for more but I guess the satisfaction of getting what I want was not just possible. Story-wise, this sends a strong message to everyone who is position."
6,왓쳐,"This show was an enjoyable watch, but nothing particularly stood out to me. The mystery of who killed Young-Goon's mother was the most interesting plot line, so once that was solved I felt like the show kind of dragged from that point on. The acting was very good, and I liked the soundtrack, but the fight scenes were definitely my favorite parts - they seemed extremely realistic. Definitely a good watch."
7,왓쳐,This is a show full of crazy people. They are all on the psychosis spectrum for sure. Which makes for an incredible thriller. They all make it very hard to root for any of them and depict the duality of human behavior and psychology very well. It's intense but it's fabulous story telling.
8,왓쳐,"This series is unnecessarily confusing and frustrating. The story is hard to follow because they jump ahead and show the aftermath and then go back later. There are many long boring scenes of dialogue with the actors talking in a monotone. Many hours could have been cut. The big reveal is an anti climax. Seo Kang Joon acts well enough as a cop but his the cop he plays always seems incompetent - either too late on the scene or easily cornered by the bad guy. The characters aren't likeable or sympathetic which is unusual for a K drama.
Not worth the slog."
9,왓쳐,"Just in the first episode, you already know who is the real villain. There was attempt to hide the villain and confuse the viewers but I guess it was not even well executed. The second female lead character is boring even there is no romance theme. The acting of the other cast was great though. The ending was open ended that it appears it might have a season 2."
10,왓쳐,"Okay, i'm even not sure if there're so many words that can literally describe how much i love this drama, can't count how many times i rewatched it anymore, i even downloaded all the eps on my pc to check on them almost every time i open my pc..
this is a masterpiece, the different role that seo kang joon plays in it which is really showing his acting skills very well more the the romantic roles he used to play, han suk yu -my today and forever best actor- which i actually knew form this drama and made me watch the two seasons of dr. romantic, he played this psycho role very very well, the way he stares on others in this drama was incredible!! i really loved everything about this show, the hidden romance between some couples, the bromance between chi kwang and kang joon, every simple hint or meaning in this drama is really such a holy thing!
WATCHER is my always and forever best drama i've ever seen."
11,왓쳐," Grt
"
12,왓쳐," Best Crime Drama Ever!
"
13,왓쳐," Suspense-Dramatic-Vengeful
"
14,왓쳐," It is awesome
"
15,왓쳐," Addictive
"
16,왓쳐," Unfolding of Events
"
17,왓쳐," Decent Crime Thriller
"
18,왓쳐," They are all crazy
"
19,왓쳐," Bad direction confusing and monotonous
"
20,왓쳐," Villain was obvious
"
21,왓쳐," MASTERPIECE!!
"
