,title,review
0,월간집,"So no spoilers but the end is not good. After 16 episodes , I feel the ending was rushed, sloppy, & disappointing. It should have ended much better. The writers really messed up a good show with a dumb ending."
1,월간집,"Reviewing after watching whole drama
TBH,this drama deserves morethan jst 5stars..Every character in dis drama will remember for long time❤If you are fed up wth all suspense/action dramas,surely this drama will help you
From Starting to ending,there was not even a single boring sceneJungsomin and kimjiseok wow what a cute pair 😍😍😍😍"
2,월간집,One of my most fav drama for this year. Not only good acting and script but it also has so many beautiful quotes/lines that warmed my heart and funny scenes to brighten my days. Completed with great OST. All songs in this drama took part in perfect scenes and I love all of them. I also learned so much from this series like how to saving money and start thinking more serious about future. Super recommended!
3,월간집,"I loved everything about this drama except the ending. Too rushed and ambiguous if the lead couple get together for good in the end. They were so cute together and, being the romantic I am, I wanted them to be together for sure. Other than that I thoroughly enjoyed the drama and hope more dramas like that are made."
4,월간집,"Korean Drama ""Monthly Magazine Home"" is a slice of life drama with a fun couple as the main focus.The drama offers enough cute moments, like the colourful tips on how to save money in order to buy a house. The main couple was, in addition, the biggest provider of these moments as well, especially the male lead, who was frustrating at times, but funny and enjoyable overall. The romance was also pretty sweet, but the progress was messy and close to a slow burn. The love triangle was not well handled either. Still, the side characters were interesting enough to keep things aloof and entertaining when the romance was failing to live up to its potentials.However, what makes this drama not as good as it should have been, even though it checked all the boxes of an enemies to lovers trop, is that it is forgettable, as it didn't offer anything special, and the ending was bad. The latter was open, confused things for no real reason and it was just ridiculous. Plus, looking back, the drama didn't really leave any impression, nor had anything to say. It was just an office rom com with no sufficient plot.So, overall, 6 out of 10."
5,월간집,"This is actually a very funny and entertaining series with a host of characters both eccentric and appealing. A thirtyish woman becomes an editor at a magazine (see title of series) after being evicted from her apartment by its owner, a harsh and cold man whose motivation for purchasing the magazine is to advertise real estate that he owns.The backdrop of this series is interesting: the high priced real estate market in Seoul with each of the characters having difficulties associated with housing. It also nicely pulls in the themes of ""houses"" vs. ""homes"" with Young Won focusing on buying her own home in contrast to Ja Sung's seemingly avaricious approach to real estate.I thoroughly enjoyed all of the characters in this series: Eui Joo, the marriage-averse editor whose prickly exterior actually hides a loyal and compassionate nature. Sang Soon, her fellow editor, obsessed with getting a ""subscription"" to his own place (didn't really get this but I assume it makes sense in Korea) for himself and long-time girlfriend. Choi Go, the obsequious chief editor, who is high strung and volatile but still concerned about his co-workers. These three provide most of the comedy (and some of the more poignant scenes).But my favorite has to be Ji-Seok Kim's portrayal of the harsh CEO whose true nature is actually warm and even a bit goofy. (Watch his reaction in the gym to Young Na's sincere compliment.) While certainly nice-looking, he lacks the pretty-boy attractiveness of many of his fellow Korean actors which is actually somewhat refreshing. And Jung-so Min as his romantic counterpart comes across as a kind of Korean Mary Tyler Moore...sweet-natured and kind and with a tendency to find herself in embarrassingly humorous situations.There are some missteps. Shin Gyeom, the kind-hearted photographer, seems to get short-changed in the narrative. Then you have one episode where an odd copy editor suddenly appears only to have her disappear and never reappear. But these aberrations can be easily ignored (yes, even the inevitable break-up and reconciliation of the main couple that seems to be de rigueur of these series) until the final episode as the writers choose to break up the main couple ONE MORE TIME in a plot twist that strains credulity. Yes, they get back together but it's really not very satisfying and even seems to contradict the overarching message of the series about homes and houses being different things. It's a sloppy ending to what is a very superior series."
6,월간집,"I love this drama so much. The drama has all the features you may be looking for a fresh, light-hearted drama, a heart-warming story, a slight pinch of mystery, and the perfect balance of Rom-Com theme. The drama has been entertaining, informative and keeping the pace of the storyline perfect.It focuses not only on the main leads but also on the stories of the supporting casts. It shows the struggle of each character, how they have been going through because of housing issues.I laughed, I cried and learned valuable life's lessons like money saving tips, cost cutting measures, information about real estate, etc.I highly recommend this drama to the young generation for them to realize the importance of money savings at an early stage of life and even to the oldies in preparation of their retirement period.JungSomin's versatility is superb as there is a complexity of emotions here. Her eyes and facial expressions speak more than words. The best acting is not just in crying but also in other emotions a person felt like when you are angry, surprised, frightened, happy, sad, etc.JungSoMin is truly the rom-com queen..."
7,월간집,"Comedy wise, this series is just incredibly well-done. Some of the best laugh-out-loud moments. Another specialized series built around real estate and the current housing crisis. An eye opener that doesn't steer off its intended genre. The romance part of this series fuels comedy which is the heart of any rom-com movie or series. A must see series!!!"
8,월간집,"If you want to rest after a hard workday, you will be here. That nice drama brings joy despite some sad moments which be bound to in any tales. I do like this topic of to arrange own home by own way. The creators could tell about people their wish to have a home where the loving persons being together."
9,월간집," Pretty good romcom..... unti the end!!
"
10,월간집," The best rom-com
"
11,월간집," Full package of perfect casting, script and OST!
"
12,월간집," Very good show
"
13,월간집," Good Enough
"
14,월간집," STOP! ...at the 15th episode....
"
15,월간집," A light hearted drama
"
16,월간집," Superb Comedy Series!!!
"
17,월간집," house +love = home
"
