,title,review
0,유미의세포들,"Kim GoEun is perfect for Yumi! Cheese in the trap is classic example she adapted super well to the webtoon earlier. I read Yumi cells and it's by the book which is quite refreshing they didn't meddle with the storyline. I was skeptical at first how cells would translate in animation but to my surprise they are super cute, relatable and fun. It's such a smart concept and no wonder everyone loved webtoon. Its an absolute no nonsense show which is super refreshing in KDrama. They have my total admiration for doing such a phenomenal job. Looking forward for more!"
1,유미의세포들,"Sooo underrated right now, this is a MUST SEE. I'll be honest I wasn't really feeling it at first, but it's actually adorable. Give it 2 episodes and you will be hooked. So cute and insightful."
2,유미의세포들,Surprisingly this live action + animation drama blended so so so well. Casts are so perfect. Kim Go Eun really suit the main lead. She conveys all of those emotions perfectly as we can feel what she felt from mixed kind of emotions. The other cast also performing their role really well. A lot of lessons to be learnt too... Love yourself. Kind of healing drama for me. The cells are really cute. What a great production. Kudoss to all the team I enjoyed it a lotttt. Re-watched it several times!.
3,유미의세포들,"This show is soo soo amazing! I was a bit conscious on how the cells will b brought to life but the animation is top notch, the sync between the cells & real life is amazing!Would suggest watching if you are into cute stories dealing with complex emotions in a fun way!Kim go eun ,ahn bohyun choi minho are all amazing!!!"
4,유미의세포들,"Skeptical on how this proction would come out. Its undoubtedly an excellent production ever, considering it is a first of its kind from S. Korea. Best casting, directing, the cells very well synchronised, etc. Enjoyable, funny and will definitely take you on an emotional roller coaster. Brilliant acting. Kim Go Eun's acting is on another level. A magian actor indeed. All the best Yumi Cells!"
5,유미의세포들,"I don't expect that much from this drama actually since I know how difficult it is to produce an animation drama BUT SHET! When I watched the first 2 episodes, my phone is already full of Yumi, Ugi, Woong and the cells' cuteness. Character's acting wise especially Kim Go-eun, she was able to portray the role of Yumi. Gosh she was able to switch her emotions in a matter of second. And Ugi gosh he's so cute. I mean, if I were Yumi, I'll fall for him, too 😭 And Ruby is annoyingly cute. She's irritating, noisy but I love that she's transparent and easy to read. And Woong HAHAHHAA gosh seems like he came out of Webtoon. He's so cute and his lame jokes. I love how Ahn Bo-hyun portray Woong's character.AND THE ANIMATION, DAEBAK! 😭 I can't say anything because it's soooo perfect. And the voice actors behind the cells are all so great.I can't wait to watch the next episodes. I love this drama already. I thought I wouldn't enjoy it since I'm not a fan of animation but I guess, Yumi's Cells is an exemption.YUMI, HWAITING! *insert cells' voice*"
6,유미의세포들,From the first episode I was hooked up and I love all their characters and how the story runs! No dull scenes! Everyone should watch this. I can't wait to see Yumi's ex boyfriend. Hihi.
7,유미의세포들,"Great cast...
Great production....
Great acting....
Great anime....
So far Great everything really.....because wow 👌.The acting of all involved is outstanding ...This is gonna be one of the best dramas this year, so proud of the entire production....you guys outdid yourselves....Great Great work🖤"
8,유미의세포들,"The way they potray the cells, the characters and all of it really synchronised with the webtoon!! Really, expect the unexpected for this drama😍 One of my healing show on this pandemic😭Thankyou so much to whoever participate in this wonderful project!!!🔥"
9,유미의세포들,"A well made web-drama
I'm speechless, its just a Perfection !!!!"
10,유미의세포들,"Yumi's Cells has completely exceeded my initial expectations. It's funny and cute, but its realistic story also brings a roller coaster of emotions to the stand. Every episode is packed with content, so anyone who likes a fast-paced drama will certainly like this one. As expected, Kim Go Eun never disappoints."
11,유미의세포들,"This is a very wholesome - heartwarming franchise, with simple romance slash everyday things (workplace, daily life) that almost anyone can relate, and hilarious.If you're someone who already read the original webtoon, you wouldn't be disappointed! The cast was spot on, the animation is top-notch, great production. And most importantly, it follows the webtoon plot pretty well (though you can't expect every single little thing to be the same from an adaptation). Overall this exceeded my expectations, i'm very happy to see how it turns out. Cannot wait for season 2!"
12,유미의세포들,"Yumi's Cells is a refreshing, heart-melting, relatable, and healing Korean drama of 2021. I never expected to be hooked on the story, but when I progressed in watching and waiting all night for every episode, I was surprised by the magic it gave me. And I decided to try to read the webtoon and buy another episode because it was so addicting. And all I can say is that the series is very in sync with the original webtoon, which I really love. I can definitely say that this is the best webtoon to drama adaptation in the history of K-Drama. The acting of the cast is superb, the directing and writing of the script are very creative and on-point, and the editing of the cells is of high quality. This drama is the definition of perfection. Saranghae Yumi and Go Eun. Rooting for the best girl to get the awards and nominations for Yumi's Cells. To all the casts and crews of this series, you all did a great job. I can't wait to watch more. Thank you for showing and letting us join Yumi's journey!"
13,유미의세포들,"Somehow, people don't seem to understand this series? The show is a breakdown of human emotion and the process of falling in and out of love. I felt I could relate to the characters through the entire show. Waiting for season 2!"
14,유미의세포들,"Loved Kim Goeun in ""Goblin"" so, I wanted to give Yumi's cells a try. The lead actor, I have seen in ""Her Private Life"" and in ""My Name"", is quite capable as well.So, the cast is absolutely fine.But, those cells. Gosh! They tried to do an ""Inside Out"" kdrama version and ruined it by overly explaining everything? I mean we clearly see the emotions from Go Eun, but having to see every single detail from cells point of view is just too unnecessary.So, I think the issue is with the script... They have not found the right balance between the two.I agree with the ending and I already see the setup for Season 2. So, here's hoping Season 2 won't be such a drag.Season 1 was exhausting and I couldn't completely finish it."
15,유미의세포들,"I am a fan of Kim Go-Eun. ""Coin Laundry Girl"", ""Memories of the Sword"" & ""Goblin"". I can't get all of her shows in USA but would watch if I could. I am a new fan of Ahn Bo-Hyundai & Jinyung park. Ever since I saw"" I saw the Devil"" I have become a serious k-drama fan at the beginning of our mutual Pandemic. Many shows say the actors have great chemistry but this is the first time that I Really got that this couple could be a real couple on or off the screen & I thank you for whatever your magic you really had or great acting. These days it is nice to see uplifting stories so I was so very bummed at the ending. I did not want to see this couple break up. I saw on u-tube that a character named Soonrick will appear. My vote is for Park Bo Gum. He was in ""Coin Laundry Girl with KimGo-Eun & he completed his military service. I loved him in Reply 1988. He was on the list of many names suggested to play that part. I enjoy jinyoung park as Bobby in women's clothing. Especially his pinky finger being up when he drank from a cup. He was very cute is women's clothes. I listened to Jinyoung of Got7 on u-tube. What a beautiful voice. He does have a great gift & he seems to be a natural actor. His dancing reminds me of Rain, who I happen to appreciate, as an actor & musician. He also helped a lot of people with their rents when COVID began. So many dancers around the world look like Michael Jackson the OG of dancing in pop music. Rain looks original. In fact, Bob Fosse made the first moonwalk that Jackson is famous for, in an old movie called ""The Little Prince""1974. Bob Fosse was a famous American choreographer in the 60's & 70's. He transformed dancing according to his own physical limitations. I also enjoyed ""Ruby"" & ""Wook"" in the show. I read that Kim Go-Eun will be playing the ""Little Women"". A classic. I really liked them 1933 version with Katharine Hepburn as Jo March. I read that Wi Ha-Joon will be in it. Though he is known from ""Squid Games""2021 he & Lee Dong-Wook have a great bromance in the new series""Bad & Crazy"", like Gong-Yoo & Lee Dong-Wook in ""Goblin"" 2016-2017. I did enjoy all of the Cells & maybe an emoji could be created for Ku Woong(Ahn Bo-Hyundai. I am looking forward to Season 2 of ""Yumi,s Cells"". Fortunately I can see it on Viki/Rakuten tv. Thank you all for great entertainment."
16,유미의세포들,"Fell asleep three times in three different days and times while watching only episode 1.I like Go Eun (loved her in Goblin), and I know the lead actor from ""Her Private Life"". The cast was not a problem. But the plot was so draggy and unnecessarily loooong!Ugh... I dropped it."
17,유미의세포들,"This drama is a masterpiece. The way the actors and the animated cells are so well assimilated that as a viewer you will not find it awkward, is simply perfection! Also, Kim Go Eun and Ahn Bo Hyun are so well cast for their roles. Ggone with her trademark real life acting and Bo Hyun with his very masculine screen presence will take the viewers to a new level of giddy. Viewers must watch the very emotional confrontation between Yumi and Woong, Kim Go Eun and Bo Hyun delivered a stellar performance in this scene.Another worth mentioning are the outstanding work of Locus Production for the animated cells. Their artwork is flawless, each cell is so well designed. The voice actors bringing the cells to life also did a good job!Over all, this drama is worth your time and your VIP subscription to VIKI, iqiyi or TVING.Watch it and enjoy the journey of Kim Yumi and her cells."
18,유미의세포들,"I was curious to see what was going to happen when the 2 main characters would meet. It happened pretty fast and I started to get bored after that. I'm personally not a fan of day-to-day life shows like this one. And the cells moments when they're explaining all the feelings these two have, can be boring after a few episodes. I couldn't finish it."
19,유미의세포들,"Yumi is so beautiful, her cells very cute and the story is wonderfully fresh and entertaining.A masterpiece in this current culture of mostly trash."
20,유미의세포들,My rating is purely because of unexpected sad ending. I am not so very keen to watch next season. There was nothing much in story line. They shouldn't have dragged it to next season. If woong will come back so what still there is not much activities in there love story to retain the interest of audience. If there is new love interest then you have to watch same relay of events with cells. So for me big no for second season.
21,유미의세포들,"Surprisingly involving, this modern insightful relationship drama was mostly good. The best part of this series is how it shows both sides of a relationship. The misunderstandings and inner doubts and the difference between what one is saying and thinking are clearly spelt out. The way they had to go through jealousies and financial issues is quite realistic.The animation isn't childish but serves a purpose to cleverly illustrate the inner voices of the characters. Sometimes it goes on too long.Kim Go Eun gives a good performance a bit like Cheese in the Trap. Ahn Bo Hyun is good to in a romantic role a 180 from Itaewon class. They are a better match than KGE and Lee Min Ho actually.About the ending after rooting for them the whole series then it ends like that? I know there is a season 2 coming but I do want them to be together."
22,유미의세포들,"Korean Drama 'Yumi's Cells' combines masterfully animation with a fluffy and yet realistic love story.The animation, first of all, was a hit or miss, and they did a great job creating this fun atmosphere that was both funny and necessary for giving an insight to the characters' thoughts and what motivated them to act as they did.In addition, the love story was pretty sweet, with plenty of cute moments and a realistic outcome, that, however, will probably be better resolved in the second season. The whole drama of the love story was nicely embedded to the progress of the relationship and it was pretty realistic.Finally, the performances were all great and the animation well made.So, overall, 8.5 out of 10."
23,유미의세포들,"This drama is very insightful, it has a lot of insights. It caught my total attention since the first episode, the mix between real cast an animation match perfectly. The way the cells acts is very interesting, it make total sense, I really felt completely identified with every feeling, emotion, etc."
24,유미의세포들,"I wanted to give this one a go particularly because of Jinyoung and I'm glad I did for his character, he acted it out so well!The actual romance of the show was a bit irritating, I think that Yumi was a bit of an annoyance and Wung wasn't too great himself. Don't get me wrong here, it shows how our minds work for sure- I loved the cells, they were the best part of the whole show! It's just that the reasons for getting angry or annoyed, the way they have conversations and the result of their relationship- I just didn't enjoy it.I would say watch this if you have nothing else to watch. The acting was great and the casting is awesome."
25,유미의세포들,"Wow Kim Go Eun never dissapoint,, I loveee the webtoon so much and when I heard that she's playing as Yumi I knew already it was gon be good gooood. Can't wait for the season 2! Please read the webtoon too!!💗🐸"
26,유미의세포들,"Normally, I read webtoon/manhwa and then I start to watch tv-series/movies. But I got so many spoilers, screenshots and clips of the drama so I couldn't wait. I love the drama! I think it might really first time to adaptised manhwa to drama %100. They've kept the original storyline, locations, outfits, animations vs. Cells are adorable, funny to watch and locigal that I wish they was true. Also I read original manhwa, - about 500 chapters- so can't wait to second season!"
27,유미의세포들,"Yumi's Cells is the first show whose ending disturbed me so much that I couldn't sleep the whole night. I won't reveal any spoilers, but after season 1 disaster ending, I did read the entire webtoon plot and can say it is way more disappointing. I have finally decided not to watch any more seasons.PS: I rarely write any reviews, so you can guess how disturbed I am. Just to stretch the storyline for another season or two, they forcibly ruined the main thing that this story had to offer."
28,유미의세포들,I enjoyed this quite a lot. I have never seen anything like this before so that could also be the reason. I love how light hearted and cute it is. The cast did it well.
29,유미의세포들,The animation of the thinking of how a girl thinks about the whole process from getting out of a relationship and getting into another one is great. The cells name and representation of the cells in yumi's brain are great. I however doubt that the ending of the story will not stick to the one that is in webtoon.... It is tiring to see female lead to be able to shuffle into only two main male leads .... Getting a third lead as it is webtoon makes the series more reliable and close to reality .... Overall its a nice watch.... Found the episodes in mid a bit lenghthy and boring. ....but looking forward when the second male lead is introduced... And damn he is cute .....
30,유미의세포들,"It was boring. Nothing excites me. 😔
It was boring. Nothing excites me. 😔
It was boring. Nothing excites me. 😔
It was boring. Nothing excites me. 😔
It was boring. Nothing excites me. 😔
It was boring. Nothing excites me. 😔
It was boring. Nothing excites me. 😔"
31,유미의세포들," Perfection!
"
32,유미의세포들," Adorable, must see
"
33,유미의세포들," MASTERPIECE KIND OF A NEW DYNAMIC DRAMA, PRODUCTION.
"
34,유미의세포들," Must Watch!
"
35,유미의세포들," One of the best productions from S.Korea
"
36,유미의세포들," STRESS RELIEVER
"
37,유미의세포들," THIS STORY IS SO CUTE! anyone can relate!
"
38,유미의세포들," ITS EPIC..
"
39,유미의세포들," Worth watching!!
"
40,유미의세포들," Go Watch
"
41,유미의세포들," Super funny and cute
"
42,유미의세포들," Mood-booster, simply great and hilarious
"
43,유미의세포들," The best series of 2021!
"
44,유미의세포들," Close to home:
"
45,유미의세포들," Tries to explain thoughts too much which makes it draggy and boring
"
46,유미의세포들," Loved the Chemistry between Kim Yumi & Ku Woong
"
47,유미의세포들," Quite Boring and looks like a rip off of Pixar's ""Inside Out""
"
48,유미의세포들," MUST WATCH
"
49,유미의세포들," Tiring
"
50,유미의세포들," Everybody will love this, your kids too
"
51,유미의세포들," Ending ruined everything
"
52,유미의세포들," Entertaining insightful look at a relationship
"
53,유미의세포들," Good Enough
"
54,유미의세포들," Must see this great drama
"
55,유미의세포들," It's Just Okay
"
56,유미의세포들," Sooo Good
"
57,유미의세포들," Based on ""true"" manhwa
"
58,유미의세포들," Disappointing Season 1 ending
"
59,유미의세포들," sweet and creative
"
60,유미의세포들," New approach but may get disappointed with story line
"
61,유미의세포들," Little bit boring
"
