,title,review
0,으라차차와이키키,"The plot is very relaxed and happy, the jokes are enough, and the characters have distinct personalities. The disadvantage is that the emotional transformation is slightly rigid, the proportion of love plays is too much, and the same stalks are used back and forth."
1,으라차차와이키키,"Eulachacha Waikiki (odd title) isn't one of your typical k dramas. It is a comedy that is followed by romance. The funny parts are plenty and they continue till the very last episode. Actually, the comedy part is quite solide, without overtrying it or making seriously silly jokes. Then there is the romance. The love stories were okay, but they were not the main focus of the drama, rightfully at least, as they weren't that great. In addition, the performances were nice and they helped with the comedy part of the drama. Finally, the 20 episode length weren't tiring and it helped with the development of the story. So, 8 out of 10."
2,으라차차와이키키,"Every single thing about this show was on point, from the storytelling, acting, to the plot and script. Each episode made me laugh my heart out without feeling that it was trying too hard to be funny. I'm not a huge fan of k-dramas, but this one exceeded my expectations in every way. A must watch!"
3,으라차차와이키키,"Imagine a cross of Friends, Three Men and a Baby, American Pie and Airplane, that somehow manages to maintain continuity and have heart. It sounds hard to believe but you have to watch to see."
4,으라차차와이키키,"There wasn't one episode I didn't laugh.This drama includes scenarios we typically see in any comedy-based movie or series but this one exceeded my expectations. I wish they would do more movies and series like this. The best! If you want to laugh from the first to the last episode, watch this."
5,으라차차와이키키,"You will never be bored if you give this show a try.
Definitely the best korean drama I have seen. The funny parts are very cringe-worthy but incredibly funny, never thought I'd be laughing at scenes like that.
I didn't like the first episode the first time I tried watching it, so gave it a second try and I'm happy I did, one of the few shows that I don't mind rewatching because everyone is beautiful and funny in their own way."
6,으라차차와이키키,This is one my fav Korean TV shows.. And the funniest .. The characters are so silly.. I love it
7,으라차차와이키키,"I don't leave reviews but this is one of the best dramas I've seen. I have never laughed so much. 
Must watch 👍🏻"
8,으라차차와이키키,"That "".GWENCHANA"" is probably the best dialogue in entire Korean series. Absolutely loved it"
9,으라차차와이키키,"If you're looking for an indicator of popularity, then a second season is pretty safe.
Which for some reason is actually not that common in K Drama ( who wouldn't want it for Secretary Kim ? ), but if the level of public enthusiasm and love for the characters leads to a second helping, chances are you'll probably like it.
I haven't seen season two of Waikiki yet but I definitely will because this first one is really enjoyable. It's sweet, consistently funny, well-acted and generally very entertaining.
The ""Waikiki"" is the name of a hostel run by three men ( they're also friends ) and a woman. Alpha male Dong Goo ( Kim Jung Hyun ) has ambitions to direct a movie and needs money. Struggling actor Joon Ki ( Lee Yi Kyung ) yearns for success and shy Doo Sik ( Son Seung Won ) is writing a cheesy B-movie script which Dong will direct. Seo Jin ( Go Won Hee ) is Dong's younger sister and desperate to find a decent job. Joining the main quartet in quick time is quiet single mum Yoon Ah ( Jung In Sun ) and her cute baby daughter, and the bossy Soo Ah ( Lee Joo Woo ); she's Dong's ex GF. Also worthy of mention is pastry chef Hun Joo ( Kang Kyung Jun ). He's suave, wealthy and handsome so veteran K Drama fans will know his outcome.
Things get off to a rather predictable start : nobody has EVER seen a bunch of single guys grossed out by a baby's ""deposit"", while the sight of a young breast-feeding mother has to provoke frantic embarrassment in the same group. From then on, however, I'm pleased to say the laughs come thick and fast as do a few surprises. This type of sit-com format rises/falls primarily on the strength of the jokes, and a number of scenarios are especially amusing. Two of the boys volunteer for a paid medicine trial with interesting results; one of them acquires a stalker which is cleverly done; a master/student situation concerning a children's game reminded me of ""The Karate Kid""; an extremely defective car takes two of them prisoner; a gorgeous female foreigner visits the hostel to hilarious effect and one of the boys encounters a celebrity with VERY devoted fans. That one features some effective satire, while the toilet humour sprinkled throughout the show works very well too without going overboard; after all, what can be funnier than a pretty young woman who farts ? The answer : not much.
Humour is important, though it won't count for much if we don't care about the characters. All the main cast are likable, and the various relationships which are formed along the way enhance the ""care-factor"". Quality writing is the key here, as are the right actors. KJH is initially hard to warm to, yet mellows quickly. LYK has a slight tendency to overdo the face-pulling at times but has plenty of charisma and energy. SSW is engaging and develops nicely. GWH handles a range of moods with aplomb; JIS starts quietly and really blossoms, and that also applies to the haughty and eventually comical LJW. The director should take a bow for keeping things moving briskly while also injecting some visual style on occasion ( eg Joon Ki and his talkative mentor ). So, the bar's been set pretty high for the sequel and most of the original cast are gone.
Hmm. I'll be sure to take a deep, anxious breath before I visit Waikiki a second time."
10,으라차차와이키키,Every episode is funny! Lol I definitely will rewatch this show.
11,으라차차와이키키,"By far the best comedy kdrama I've seen. No dull moments. Every one's acting is on point. Thoroughly enjoyed it from start to end. So, 10 on 10 for me."
12,으라차차와이키키,"Actually this drama made me fall in love with Korean dramas. This drama is full of jokes. I like their friendship, even though they are always fighting. in the end they became close friends again. you have to watch this bro"
13,으라차차와이키키,It's a pleasure to have series like this.. so much enjoyable with family & friends. The actors & co stars did Thier perfect class of acting. So it's a 10 out of 10 from me
14,으라차차와이키키,"A must watch series for all the sad people out there, it really changes your mood and you'll laugh like crazy."
15,으라차차와이키키,All credits go to joon-ki & ki-bong. These guys will make you laugh to tears!!! 😂
16,으라차차와이키키,An eclectic mix of young people run a guest house whilst chasing their dreams of producing a film. Along the way they face hardships and broken hearts whilst supporting each other in their dysfunctional way. A very funny series with great performances all round and laugh out loud instances each episode.
17,으라차차와이키키,"The description is for both seasons although each season is really separate sharing only one main cast in common. I will describe and review both but Season 1 has 20 episodes and season 2 has 16. You will most often find them by looking for Welcome to Waikiki and Welcome to Waikiki 2.Season 1:📍Kang Dong-gu (Kim Jung-Hyun) wants to become a movie director. He is kind hearted but unlucky.
📍Lee Joon-ki (Lee Yi-kyung) He is the son of a famous actor who hopes to mirror his father's success but is only able to land small roles.
📍Bong Doo-sik (Son Seung-won) A mostly unemployed freelance writer.
📍Han Yoon-ah (Jung In-sun) A single mother with no family or resources.
📍Kang Seo-jin (Ko Won-hee) An aspiring journalist and Dong-gu's sister.
📍Min Soo-ah (Lee Joon-woo). A beautiful girl and famous model who is Dong-gu's ex.Three friends decide to go into business together in Waikiki and buy a guest house. Their business is failing until one day an unlikely source of fortune, a single mother and her baby, show up and things turn around.I loved this for sheer comedic appeal. It is a little like Seinfeld in that the characters do the most outrageous things. I seriously have not laughed so hard since I do not know when. There is friendship and romance and that is also great but the comedy steals the show. My daughter and I both thought it was funny so the humor spans generations. If you need a good laugh then treat yourself to this wonderful series. Episodes can stand alone but are more meaningful to watch in sequence as each episode has some zany happening but there are also storylines that run throughout.Season 2📍Lee Joon-ki (Lee Yi-kyung) CEO of the Waikiki Guesthouse. He takes but roles in series and movies in a quest to become a famous actor like his father.
📍Cha Woo-sik (Kim Seol-ho) One of Joon-ki's high school friends and an investor the Waikiki Guesthouse. He plays gigs while trying to get a break in the music world.
📍Gook Gi-bong (Shin Hyun-so) A ""farm league"" baseball player who aspires to the majors. Another Joon-ki's high school friends and fellow investor in the guest house.
📍Han Soo-yeon (Moon Ga-young) Joon-ki, Woo-sik and Gi-bong's first love. She was the dream girl in high school and everyone's first love. In high school they all confessed to her only to be rejected, except for Woo-sik who had a mysterious encounter with Soo-yeon in the past. Woo-sik is playing a gig a her wedding when it gets called off. With nowhere else to go, she winds up at the guest house. Coming from a formerly wealthy family who went bankrupt she is now having to work to support herself and is learning about life without wealth.
📍Kim Jeong-eun (Aha So-hee) Like Joon-ki she dreams of becoming an actress. She works multiple part time jobs to make ends meet. She knows Joon-ki from the university and it seems he has let her stay there as she fell on hard times.
📍Cha Yoo-ri (Kim Ye-won) practically raised her younger brother, Woo-sik. She is not above using manipulation and blackmail to get what she wants. Because if this, the others are a little afraid of her. She often has her friend and brother's interest at heart but her methods can be unwelcome and brutal.This is loosely a sequel to the first one. The only character in common with the first is Joon-ki who it seems bought out his former friend. There is not a lot of direct reference to the characters from the first although there is mention they were all successful in their various endeavors and thus left the guest house. There is very little explanation as to why Joon-ki broke up with Chewbacca and it makes his presence in this series a bit awkward. The new cast is entertaining with many of the same elements that made the first season so enjoyable.I love both seasons. So funny and with cute friendships and heart warming romance."
18,으라차차와이키키,"Slapstick comedy and not funny. There is no chemistry between the love teams. The female lead looks like tired and havent eaten for a while, acting was the worst among the characters. The story plot for each was not interesting. I gave 5 for the baby, the settings, the soundtrack and the 2nd male lead.I added two more stars from original 3 stars because the second season was better."
19,으라차차와이키키,"Don't worry, no laughtrack.This is a sitcom, not just any sitcom, this is Friends. At first, it seemed like Baby Daddy though.From having a sibling duo (Ross and Monica) within the main characters to having one of the siblings date the other's best friend; this whole show felt super familiar. The show starts off with an airhead character (who ends up dating the brother) becoming roommates with the younger sister. Then there's the out of work actor guy who's really dumb, but believably dumb (boy, they really butchered that Joey character on Friends, huh) who creates some of the funniest tropes in the show. The only thing missing was the 'we were on a break' trope.If this were an American sitcom, it'd prolly be stretched out and full of cliche's I'd have to give it a 7/10 at best. But the Korean style of comedy felt fresh, and almost every single character in the show ended up being likeable. Since this feels kind of unique compared to other Kdramas out there, I'll give it a 9/10. It wasn't as funny as a pure comedy like The Sound of Your Heart, but it was still out there and it was much more heartfelt.Edit: review for season 1 only."
20,으라차차와이키키,I have only watched 7 epi of it. Yet am ready to give it more than 10 stars. Amazing show amazing cast amzing dailogues... And comedy timing amazing of every main cast. If you wanna die of laughing then it is a must watch show..not only bits of drama but in every dailogue you will burst it into tears of laughing.. great applause to writers and directors and the cast. I have never watched such comedy drama till now. Good luck WELCOME TO WAIKIKI for your future projects. Hope you come with more amazing comedy dramas like this.
21,으라차차와이키키,I love love this drama!! Its hilarious. So thankful that this drama exists. Its was so beautiful and stress reliever.
22,으라차차와이키키,I laughed like crazy. There is no cringey cliche romance! The jokes and plot was so situational comedy. There were some moments i laughed so loud that my Landlord came down and asked me if everything's okay.
23,으라차차와이키키,Cringey. Not sure with the high ratings but it's shallow and will bore you to death especially the character with eyeglass. First few eps were okay but plot is repetitive and dragging.5% funny 95% cringey.Not sure why people in guesthouse took 20 eps and even a season 2. Don't watch unless you have the patience or really have nothing else.
24,으라차차와이키키,"Made it through the first two episodes, but had to stop during the 3rd.The acting is so over the top.Are there really such stupid people? The mother of the baby who does everything wrong. The main character who runs away with the sweater over his head, but then doesn't take it off? The actor who doesn't understand what the lead actor means, but instead that somebody would translate to avoid a break in the filming, everybody keeps quiet. The gentlemen who run a boarding house, are on the verge of failure, but when they have guests behave completely unprofessionally?I like to escape from reality from time to time, but then it should be right. This is just tedious to look at, because it is not a fantasy but also very out of touch with reality."
25,으라차차와이키키,"Wasn't quite sure what to expect from this series. Once I started watching I couldnt stop. It is definately the most unique Korean show I have watched. About 3 or 4 episodes in it hit me, Korean version of Friends."
26,으라차차와이키키,Https://replayandreview.com/2018/03/31/eulachacha-waikiki-%ec%9c%bc%eb%9d%bc%ec%b0%a8%ec%b0%a8-%ec%99%80%ec%9d%b4%ed%82%a4%ed%82%a4-ep-1-quick-review/
27,으라차차와이키키," The plot is very relaxed and happy
"
28,으라차차와이키키," Good Enough
"
29,으라차차와이키키," Absolutely phenomenal
"
30,으라차차와이키키," Endless Fun for a Light Hearted Hour
"
31,으라차차와이키키," Funniest K-drama series I've ever watched!
"
32,으라차차와이키키," Every scene is better than the one before
"
33,으라차차와이키키," The funniest kdrama
"
34,으라차차와이키키," Enjoyed every bit of it
"
35,으라차차와이키키," Absolutely amazing and entertaining
"
36,으라차차와이키키," ABOUT AS HAWAIIAN AS, WELL, KOREA, BUT WELL WORTH A VISIT
"
37,으라차차와이키키," Made us laugh so much
"
38,으라차차와이키키," A must watch for kdrama lovers
"
39,으라차차와이키키," full of jokes
"
40,으라차차와이키키," A must watch pure comedy drama
"
41,으라차차와이키키," It's hilarious and gets you hooked right from the beginning! A must watch.
"
42,으라차차와이키키," Wacky & silly
"
43,으라차차와이키키," Falling is not failure
"
44,으라차차와이키키," Welcome to Waikiki Season 1 and 2
"
45,으라차차와이키키," Not funny
"
46,으라차차와이키키," Korean Sitcom
"
47,으라차차와이키키," Must must must watched romcom drama.
"
48,으라차차와이키키," AMAZING
"
49,으라차차와이키키," Extremely hilarious
"
50,으라차차와이키키," Funny at first then will bore you to death. Cringey.
"
51,으라차차와이키키," Exaggerated acting and behaviour
"
52,으라차차와이키키," Korean Version Of Friends........
"
53,으라차차와이키키," Check it out
"
