,title,review
0,의사요한,"I would give a rating of 8.5. This is the second doctor role Ji sung is performing. It is a formula for a well received drama.The first four episodes, I must confessed, is not extremely impressive. As an addict of medical drama my expectation is high. Hopefully we can see a new expression of medical drama.Female lead has a pair of big eyes, making her acceptable by first impression.In the drama Jisung, I believe, is deliberately acting in a low key. This suits the character of the role he is acting. His clothing is also very casual. I expect him wearing suit at least in delivering talk. I like more his surgeon look in New Heart.The whole drama centred on euthanasia, rather than on case basis. It would be perfect if there are more different complicated cases, while tbe main theme is still on euthanasia.No matter what, with the presence of Jisung, the drama is very enjoyable to me."
1,의사요한,It was a pretty interesting drama about pain medicine and issues about euthanasia. I thought it would be similar with beautiful mind of Janghyuk but it was different. I kinda started to like the premise but then it becomes boring in the middle that I had to skip some parts. The chemistry between him and her leading lady is not much either.
2,의사요한,"8/10 is my rating. This is a South Korean medical romantic drama with 32, 22 minute, episodes.When they first meet, Kang Si-young (Lee Se-young) is working as a doctor to inmates but has no confidence as she quit medical school after a tragic accident left her guilt ridden and convinced she is flawed as a doctor. Cha Yo-han (Ji Sung) was a famous pain doctor but a career altering decision landed him in prison for three years. In prison he is known as the man with all the medical answers since the doctors that work in the prison tend to shy away from diagnosis and perform medical triage. Si-young is not sure about this mysterious doctor at first but quickly decides he knows what he is talking about. With just a little mentoring from him, Si-young regains some confidence and decides to return to residency only to discover Dr. Cha was released and reinstated at the same hospital she returned to. As they work closely together he as her professor and mentor and she as the mentee and resident, they find many similarities in the circumstances of the past as well as in their approach to medicine.Spoilers* This had such a great start and was intriguing the whole way through. The ending really ruined it a bit for me. I love both the Male Lead and Female Lead characters. Both are doctors who suffer emotional wounds from patients who were terminal and where they had to make a determination between life and death. Their experience in that regard is what draws them together. They are both brilliant, dedicated doctors who do not play politics but do whatever is best for their patients. Because they are so much alike, it is easy to understand how they would like each other as deeply as they do. Where it fell apart for me was toward the end when they have confessed their love for each other and he disappears from her life for three years. He comes back with some lame excuse about needing to take care of his health but, to me, that is exactly the time when you should be drawing the person you love closer not pushing them away. He watches her from afar for nearly a year when she doesn't even know he is back in South Korea. She is so heart broken during that whole time that it is hard to imagine her ever forgiving him for trampling on her heart. But she does forgive him, and actually quite easily, which made me disappointed in both the male and female lead characters. This is worth the watch but just expect that the ending will sour it a bit as he acts in total disregard to her feelings and she forgives far too easily."
3,의사요한,"I generally don't like medical dramas. But i love Ji Sung's acting so i gave it go and ... it is so good. There a few things that doesn't make sense at first but you understand them a few episodes later. Lee Se-young's acting is also really good. And it is not one of these dramas that just consists of love triangles , childhood traumas and such. It has a good plot and the OST is also good. You should definetely check this out."
4,의사요한,"There is something at the end that pissed me off. Like Dr Cha was back to Korea for a year and he didn't even contact Si Young. I understand that he was still being treated and all but that doesn't justify his action, I think that's just selfish watching her while she was worried to death about him without saying a word."
5,의사요한,A grt drama with both the actors amazing performance . please guys do not compare this with other dramas . this has its own charms. the tracks are awesome too. this drama can be rated as humanity witha fresh plot only potraying doctors nothing else.pleas watch it if possible
6,의사요한,"Absolutely fabulous medical drama! Incredible story: I did not expect such an amazing narrative! Every episode was completely captivating. The entire cast was so incredibly talented: the chemistry among all was unbelievably enthralling and endearing! Ji Sung's performance as Dr. John was extraordinary: he is such an exceptionally brilliant actor. Bravo to the cast, crew & writers for a wonderful emotionally riveting show! Loved it!"
7,의사요한,"This is one of the great shows of 2019. Fantastic acting by the leads. It is a Suspense, thrilling, romantic, and heart warming medical drama. The show kept the momentum untill the last episode. The only thing I didn't like about the drama is the last episode. I am not saying the last episode was bad or not good enough. But I couldn't justify the action of the lead. (just my personal opinion). You will see what I am talking about when you watch it. But don't stop watching it just because of what I just said, because you might have a different opinion and also this is very good show you can't miss."
8,의사요한,"Interesting story on a doctor's obsession in the diagnosis and cure of often-neglected rare diseases and a good discussion on euthanasia in Asia.In reality though, with limited medical staff and resources, most patients will not receive as much attention and diagnosis - which was also somewhat depicted in the initial episodes."
9,의사요한,"I have watched a lot of Kdrama. I have few of my absolute favorites. And I am adding this to my list now. Things I loved. Of course the whole medical mysteries and passionate doctors. The potryal of pain, there are so many kinds of pain in life. Death, sickness, loss and even love. Just so many and so raw that makes your heart ache. Watching this series made me realize how much suffering and hope exist side by side. The actors did their absolute best. I can bet there would be atleast one moment in the series where your heart goes out for one or the other characters. The message behind. And the love expressed with the absolute undramatic everyday-life-like. It just made me sit and watch and think. Will I watch it again. Yes I would."
10,의사요한,This drama touched on the subject of death like no other. This actually changed my perspective on hospice medicine.
11,의사요한,"This series isn't perfect - some things were left open ended or unexplained, but the core of the show was very well done. The plot is interesting and well written, with a lot of good characters. Great acting along with a suitable if not stand out soundtrack make this a really good binge watch. I didn't think the main couple had a lot of chemistry, but it definitely didn't spoil the show.
I was, however, extremely distracted by Se-Young's either horrific hair cut or awful hair extensions - what was up with that??Definitely give this a show a shot I think its well paced plot and good acting are very much worth it!"
12,의사요한,I'm only 5 episodes in but I just needed to say that the lead actress has the WORST hair extensions I've ever seen
13,의사요한,"If the drama ended and I couldn't get over it that's mean it was a great drama. I love the kinds of actors who makes me feel angry, happy and sad at the same time that me they are so great. Oh my God the cast are amazing and the story was great and the show was The greatest thing I've ever seen I'm really sad and I'm literally crying because I finished the show . Bravo all Korean drama are amazing thumbs up to them"
14,의사요한,"I have to say I enjoyed watching this one. Started with a punch of a first episode. During the first episodes, you'll come to find that the theme of Euthanasia and relieving pain will be the driving force for this series. One of the things I enjoyed about this series was how some characters position changed over time which uplifted the series overall. Coming to terms with others decisions while experiencing the situation that led to those same decisions. I had a great time watching this. A must watch!!!"
15,의사요한,"It's okay but lets be honest they stole this from House M.D and the nervous tic he has they stole from Cold Eyes, I'm expecting him to start popping Oxy soon, still worth a watch but its not more than a 7 star show"
16,의사요한,"Superb concept and heart touching scenes in every episode. Amazing acting from all the cast and crew and good cinematography, good location .And finally knows how difficult the doctor job and pride to see a every doctor. I like the love scenes with heart melting and felt into the story."
17,의사요한,"This show was supposedly about two explosive topics, each with deep, philosophical implications, neither of which were fully explored... or maybe they were. Who could say? There were so many loose ends, dead-ends and promising plotlines that went nowhere, it was hard to tell.
What wasn't hard to recognise were the unbelievable elements, discordant elements and things that were just flat wrong... like those godawful hair extensions.
This could have been so much better!"
18,의사요한,"I love this drama, so much so that I experienced a ""withdrawal"" after the last episode. The romance was slow paced but it was beautiful. The female lead gave a great performance. I was not too sure about the age gap between the 2 lead actor/actress at first, but their chemistry turned out great."
19,의사요한,"Firstly, the first episode is just an introduction to the characters. The series is not a prison hospital drama, it is not about a psychopath doctor.Once the series begins in earnest (episode 2 of 16) we get to see all the characters i full flow and they are all good.Seong Ji (Doctor John) plays his character who feels no pain to perfection as does Se-yeong Lee who plays Kang Shi-young who for some reason becomes his Protégé and maybe even a bit more.As with all K-Dramas, there are one or two village idiots (two in this case) in supporting roles, thankfully their appearances are minimal and always involve cheerleading.The music for the series is actually very good and flows with and aids the drama.I watched all 16 episodes within a week, so I would say it keeps your interest right through till the end. And it does end, There won't be a season two.I look forward to seeing more of the two leads other K-Dramas such is the quality of their work here."
20,의사요한,"I'm addicted myself :)
Bottom line: They are immersed in acting roles, very entertaining. Good work!
Jisung looks young here :)"
21,의사요한,"Definitely give this a try, you will not regret. A very well written beautiful drama. Loved the acting of acotr Ji Sung one of the seasoned actors."
22,의사요한,"This drama is awesome and acting , direction and story all are good. Specifically ending is very good which is we expected."
23,의사요한,Great drama. Very good story line and as always Ji Sung's acting is superb. Every drama he's been in is a credit to his acting skills. Hope to see more of him in the future.
24,의사요한,"A very good drama about life, death, pain. It discloses a lot of questions and even give some answers. I like the way the topic about Euthanasia has been put on the table.
Ji Sung is amazing as usual, beautiful and great actor."
25,의사요한,"The concept and balance of emotions , the conclusions and morals we get from this drama . It's amazing ..this drama created history 👍"
26,의사요한,"Sobsob cry, sad song, flashback, sad song, cry, rewind. Puppy eyes aren't enough for me to make a proper story. Ever been to a hospital? There's no time to be slow and overly sensitive. Keep your personal sob at home please, it dishonors healthcare. Maybe it's fiction, but for me it's far too romantic/hysterical in the wrong way. It feels dishonest, although the actors are not at fault imo. Ironically, the main topic is all about discussing how to be a professional with integrity. Too bad I feel like it missed the point, though."
27,의사요한,I like this drama very much but it wasn't the best medical drama I seen it will be my sixth best on the list
28,의사요한," Jisung+medical drama=high rating
"
29,의사요한," Jisung's Medical drama
"
30,의사요한," Great show but a plot element at the end was disappointing
"
31,의사요한," Just so good !!
"
32,의사요한," Good but expected more
"
33,의사요한," Awesome drama !!!!!!!
"
34,의사요한," Fantastic Medical Drama!
"
35,의사요한," Very good medical drama.
"
36,의사요한," Great acting, great story based on Yo Kusakabe's novel
"
37,의사요한," A different kinda love
"
38,의사요한," A must watch
"
39,의사요한," Interesting Premise with Very Good Writing
"
40,의사요한," Ugh
"
41,의사요한," Wow
"
42,의사요한," One Of The Best Medical K-Dramas
"
43,의사요한," Korean House M.D
"
44,의사요한," Love From India
"
45,의사요한," Coulda Been So Much Better
"
46,의사요한," One of the best Kdrama I have watched
"
47,의사요한," Compelling K-Drama with an interesting twist
"
48,의사요한," COME ON, watch this immediately guys! I'm addicted myself :)
"
49,의사요한," Unique story line
"
50,의사요한," Awesome
"
51,의사요한," Great drama
"
52,의사요한," Sad but good
"
53,의사요한," One of the best kdrama.
"
54,의사요한," Delusional sobstory
"
55,의사요한," Very good but not the best
"
