,title,review
0,이구역의미친년,This is a nice change only 25 min and the actors play the insane role well.
1,이구역의미친년,This is one of my fav Kdrama for this year. Hilariously funny with some deep & meaningful lines. They brought mental health as theme and executed it very well & easy to watch/understand. I'm sure many people will feel really related with this story. Super recommended!!!!
2,이구역의미친년,"First of all, need to say that unlike the other Korean dramas, the episodes are short (just 30 mins) and there are only 13 episodes! Makes it even more fun to binge watch.Secondly, the drama is hilarious but with a great underlining message. This drama talks mainly about trauma, human behaviour when they are with trauma and how others see them, how easily manipulated Koreans are with just mere gossip (without fact checking), and how everyone right away judge people as ""bad"" just because they heard a rumour, and how their lives are affected by ""scandals"". And on top of this, there's a nice mystery to solve as well.Got to say, 'Mad for Each Other' covers a lot of aspects. And it feels very real. The acting and chemistry among the leads and the support cast is excellent. You will feel frustrated when they are sad, you will feel joy when they are happy, and when they cry, you will cry with them!A must watch!"
3,이구역의미친년,"A very refreshing drama. The story is simple and the characters extremely funny. In the first episode I've almost peed myself laughing. The romance development is natural, classic enemies to lovers. In conclusion: It's really good."
4,이구역의미친년,"The series starts out like many other romantic comedies, but soon turns into a quite sophisticated exploration of the consequences of trauma, and how we struggle to recover from it within ourselves while still trying to develop and maintain relationships with others.Jung Woo has matured nicely since his role in Reply 1994, and Oh Yeon So is affectingly realistic as a woman traumatised by her experiences.Definitely worth your time, and while you will get some laughs, you will also have some gut punch moments.EDIT: Unfortunately it seems to have fallen foul of the TV viewer percentages, and the final episode (13) was the last four crammed into one! Sad."
5,이구역의미친년,"I didn't know what to expect from this show, I thought it might just be silly and there might not be much to it.But I was so pleasantly surprised. It is absolutely wonderful, you will laugh, you will cry, you will sympathise with the characters. It is a lovely cast. They cover so many topics that other dramas would shy away from in this show. It is definitely worth the watch, I would highly recommend.!!!!!"
6,이구역의미친년,"Much like my peers before, this is definitely a feel good drama. But most importantly the male lead, Jung Woo knows how to use his facial expressions and acting skills and isn't just yet another pretty mannequin boy (much like all 20 year old kdrama actors that can't be bothered with acting, it creates crevices around their pretty faces). It was absolutely refreshing to see great acting and a simple yet deeply touching script and cast. Highly recommend watching it."
7,이구역의미친년,"This is a very well written drama, with no clichés or silly dragging misunderstandings. Everything happens with a very quick pace and you will never get bored.Its a drama about all the emotions we go through when dealing with the events happening in our lives. Tackles mental health and social problems like abuse and discrimination but how important is to just acknowledge those issues, work on them so we accept them and get back on your feet so you can go on living.The main leads have an undeniable chemistry and the performances of the cast are just outstanding. The friendships the secondary leads have and the loyalty towards each other is just so pure.Its a story that will lead you through a rollercoaster of emotions, you will get angry, and sad and frustrated, but then you will laugh, feel their love and root for their happiness.I 100% recommend this show, it's short but sweet and its well worth your time."
8,이구역의미친년,"This is a show about how community, love, trust are what saves people when hitting rock bottom. It's very real depiction of trauma is hunting, but the show also has room for slapstick, fun and joy en masse.The actors seem to enjoy themselves playing. Short, well-written episodes. Uncommonly for a Korean show, it develops fast, is very raw and real, work life plays a role, but it's not as much center stage as it tends to be.Strongly recommended!"
9,이구역의미친년,"This is so engrossing and fun to watch. I can't believe I did not recognize the female lead , Oh Yeon-seo, from Korean Odessey, also on Netflix."
10,이구역의미친년,"I'm not sure if there is anything worse in television shows where you invest time in a series that is going really great for you, and then it collapses like a house of cards at the very end.When you destroy the ending of a series, it destroys the series itself, regardless of how good things were before. That is just a fact. The only reason my original score of ""9"" didn't go down to ""1"" is because the performances and literally 11 of the 13 episodes were really good. The last two episodes were so bad that I nearly gave up the series on the spot.Two people suffering from mental issues end up living next door to each other. Min-Kyung is suffering from extremely low self-esteem and is the victim of abuse. It's also very clear that she does not like herself. Hwi-Oh is a cop on suspension who is trying to deal with anger management issues. The premise is quite good, setting up some very humorous scenarios between the two.However, as I stated above, the last two episodes are costly to the series, as if the writers piece-mealed everything together to make a horrific picture.First, Hwi-Oh is not a very good cop or even a realistic one. He allows Min-Kyung to go into an abandoned building by herself. He also doesn't find it remotely suspicious that the abandoned building is occupied.Min-Kyung swaps from loving Hwi-Oh to helping him to abandoning him, to loving him, to moving away within the span of two episodes. Of course, this doesn't even serve as a red flag to any sane person that this is a person to stay as far away from as possible. Not to mention the ""no explanation"" of the capture of Min-Kyung's abusive boyfriend at the very end. It would have been more credible to have a fairy appear out of thin air and scream, ""That's him!"" instead. It was also laughable to see Hwi-Oh chasing after Min-Kyung not once, but TWICE! And, of course, Min-Kyung changes her mind more rapidly and suddenly than a jackrabbit on a hot date! By all intensive purposes, even after the series ended, one has to wonder if she'd already changed her mind about Hwi-Oh...again!We also have a crime plot that miraculously resolves itself in the span of about five minutes!Also, one of the silliest things I have ever seen was Min-Kyung's reaction to Hwi-Oh beating up her sadistic ex-boyfriend as well as the fact that as a cop, the officer interrogating Hwi-Oh at the station could have easily looked into the ex-boyfriend's record. Never mind that Hwi-Oh doesn't even bother to suggest this or offer up any kind of a defense, which was beyond ludicrous!The car chase scene was beyond absurd as Hwi-Oh rolls down his window and tells the ex-boyfriend to pull over with an unconscious Min-Kyung in the passenger seat. Again, not a very bright cop. Especially when he jumps on the hood of the car. When did this become like a bad 70s/80s action flick?!Like poor, amateur writer, they make sure everything is all nice and tidy at the very end, regardless of how implausible it was.We also have a side-story of a covenience store clerk and a cross-dresser that serve absolutely no relevance to the story at all. They literally add nothing.In short, what started out as a well written series, quickly turned into a convoluted hot mess in the space of its last two episodes. Traffic accidents have taken longer than that to develop!"
11,이구역의미친년,"A suspended police officer has a new neighbour in a block of flats who has a painful past. Both share a psychiatrist who is treating them but can these two damaged people help to heal each other ? Great acting, and a believable romance between the leads with comedic moments make this worth a watch. Well written and directed and you realise we are all damaged and just need someone to understand."
12,이구역의미친년,Straightforward and on-point scenes I like how they compress the details to shorten the movie.
13,이구역의미친년,"Korean Drama "" Mad For Each Other "" is a short drama that manages to pack in not only romance and comedy, but also deeper issues that were all well explored.The story starts on a comical note, as the viewer gets to know who's who, and the two main characters get into one misunderstanding after the other. In that beginning, the male lead is more likable and gets the biggest part of sympathy, as the female lead acts, well, crazy. But, as the story gets revealed, slowly but steadily, everyone's actions are justified and the story turns more dramatic, enhancing into issues like dating violence, family dynamics and relationships, even gender identity. And even though the drama is short in length, everything is blended nicely and even the romance gets a smooth pacing.As for the performances, everyone did a great job with their characters and even the side characters were enjoyable.So, overall, eight out of ten, because the ending was a bit cliche."
14,이구역의미친년,"He's a cop with anger management issues. She's a fearful, paranoid mess.They run into each other on the street. She feels threatened, and pepper sprays him, so you could say they didn't hit it off.Next they see each other at the therapist's office. Apparently they've been complaining to the same therapist about each other.And next they see that they live next to each other. WHOOPS!From that point on, it's the mayhem one could anticipate from two unhinged (but good, underneath it all) persons try to bend the other to their will, and in doing so, give no space for peace. They drive each other truly crazy.Before the end, they'll get the gangsters and drug dealers involved, another neighbor will help Nah Hwi-oh dress up as a woman so he can go undercover while on suspension, so the cops jump in for a round, along with the convenience store clerk, a deliveryman, parents, the condo association, and the neighborhood watch.High drama it ain't. It's meant to be fun and to make us smile. It is. It does.They followed a K-drama trope in the last couple scenes that usually is awful, and it is the same here. It was brief, we can let it go with a warning.It's 13 half-hour episodes, so it is less than half the usual length of other K shows. So get the popcorn, sit back, watch, and grin.IMHO...
🎬8 🤔5 💓7 🦋6 🌞6 🎭 8 ⚡6
Suggest Age 13& up."
15,이구역의미친년,Fun and drama.Korean screenwriters has the ability to melt it perfectly.
16,이구역의미친년,"Everything is good about this drama. How characters are written, the plot and story, the way they have shown social issues, styling... etc. Every good thing are gathered together to make this drama a beautiful short comedy series wich is the best I've ever seen in its own style and genre. Don't miss it. ✊"
17,이구역의미친년,You should definitely give this a try if you are having a bad day. Ofcourse it lifted my spirit after having the worst days of my life. Not your typical korean drama type but definitely worth binging .
18,이구역의미친년,"Usual boy meets girl story has some added grit and actual physical contact between the adult leads. Actor Woo Jung is by far the more expressive of the cast portraying a wide range of emotions. A trendy, modern side story adds some filler."
19,이구역의미친년,"Because of watched other the best dramas or not, since watched first 2 eps, it seemed like not too worthy to watch furthermore sorry."
20,이구역의미친년,"I have seen a lot of movies but this one is one of the funnyest i have seen..i laughed so hard that i cryed..its funny, romantic and have a point....must see..."
21,이구역의미친년,"The two protagonists are entertaining and relatable. This covers mental illness in a relatable and comedic way. With 13 short episodes, it's easy to binge. The story has depth with a sweet romance development and raw emotional range portrayed from both lead actors performances. Overall great character work. It has heart."
22,이구역의미친년,"I laughed a lot about this serie right from the start. Well thought out and with a serious story. That a broken heart can do crazy things to you. Or difference between owning and loving someone. Always enjoy these series. There are always meanings behind which you recognize or understand things. At first I thought it was going to be an over the top serie, but I really liked it."
23,이구역의미친년,It was so gun to watch and I liked all the characters. And main leads were so lovely together and also so funny. I really enjoyed it. Thank you.
24,이구역의미친년,"Episode 1: yep, this'll be good for a few laughs.Episode 2: dang, that was rough!Episodes 3-9: major logic fails; more than a tad unrealistic
Episodes 10, 11: This is where it got real.More Kill Me, Heal Me than It's OK to not be OK, this short series explores the wild emotional gyrations of someone living with PTSD and severe trauma, and the inevitable loss of ID and confidence that results from such events.Most impressive was the lack of patina. The PTSD wasn't merely alluded to - as in many other shows; the reason for it was graphically depicted. This show laid bare the extent of misogyny in South Korean society.If you're looking for a sweet, funny romance... this is it. Just be prepared to also accept that life isn't all sweetness and not all 'romances' are uplifting."
25,이구역의미친년,I just love the Female lead can't wait for episode 9.
26,이구역의미친년,"I have been a big fan of Oh Yeon-Seo(Lee Min Kyung)since I saw her in A Korean Odyssey, a film I have watched many times. She reminds me of Jennifer Aniston in USA. She is a beautiful actress who seems great as a Dramatic & Comedic actress. I am halfway through this film & so far I am entertained. Unfortunately, there are very few films accessible to me. I even joined Viki TV just to see her in Come Back Mister Please. It is full of great pretty actors but the story is slow. I have discovered Chinese & Korean films & actors that I am following. 2 awesome U-Tube Videos stories of their own: 1) Korean Love Story/Korean Mix Hindi Songs/Simmering Senses Mix 2.7 million views & 2) swung Jae/hong nan crazy love(please come back mister). 986k views Simmering slow crazy in love Beyoncé. I think these actors would be a hot couple in a movie! Looking for more good films with her in them."
27,이구역의미친년,"A refreshing poignant drama with amazing laughs sprinkled heavily throughout! I absolutely loved the actors' portrayals of the main characters and the take on their respective traumas and mental health. Though they get very little screen time, this drama does not waste any supporting or minor characters whose own mental health and vices are interwoven into the story and used expertly to push the lead characters through their growth. This drama's take on societal views of what makes a person ""crazy"" and the double standard that's created when not admitting our own shortcomings and looking down on others for having ""larger/more extreme"" vices was refreshing and thought provoking. The largest shortcomings are the escalated climax that leaves the viewer feeling rushed and the main antagonist in each main characters life not reaching their fullest potential, and it just ends way to soon - left me wishing the last 2 episodes would have been stretched into atleast 4 episodes, if not more."
28,이구역의미친년,"Frustrating to watch ( which is why it's so good). Two neighbors with mental issues meets and sparks fly. The female lead has acute schizoprenia and is suspicious of everything, the male lead has anger management issues. Very hilarious in some parts, but also very dark when it comes to the female lead's backstory.Story: 8
Would give it a 10 if not for the rushed/nonsensical last episodes and wasted 2nd lead characters. Dialogues are great.Directing/acting: 9
All scenes are important, cast members acts well, especially the two main leads. Very believable depiction of crazy people. You can't help but wish them to be together."
29,이구역의미친년,"It was a lovely piece of work. The actors did well, director did well, I even understood the point behind the lines and the wardrobe decisions, etc. The film raises an unpopular but relevant and necessary theme - mental health and domestic violence - in a way that anyone could understand, is respectful and relatable. Executed very, very well. Wish there were episodes... This can't be the end."
30,이구역의미친년,"This drama is so refreshing!!I have been watching a lot of romantic comedies but this one has definetely been one of my favorites, mostly because the ""comedy"" aspect of it is much stronger than the romance. What I have mostly enjoyed in this series is the fact that they focus on such an important topic as mental health, which is not something we see in any other tv show around the world. I enjoyed watching how these two characters overcome their mental problems through their friendship which eventually turns into a romance. Also, the fact that the episodes are much shorter than other k-dramas is also a plus.I binge watched the whole shows in 2 nights and had a great time by both laughing out loud and getting emotional over their journeys!!"
31,이구역의미친년,Very funny and well-made.This series really makes you care about the characters.
32,이구역의미친년,"I had just finished watching nightmare high (which was okay ) and Bojack horseman (phenomenal but makes you feel so many emotions) .. I needed a break but not one too far from home ... As someone who is also ""crazy"" they acted perfectly to portray that .. the back story of the characters is amazing . The characters development also so . I was really impressed with how they handled such sensitive topics and brought to light how human people we see and try to stigmatize are . Amazing kick back and relax show."
33,이구역의미친년,I was veey enjoyed to watch this movie. Full of funny moment and fresh.
34,이구역의미친년," good quick laughs
"
35,이구역의미친년," Hilariously funny!! Jung Woo is incredible actor!
"
36,이구역의미친년," Comfort Drama with a Great Message
"
37,이구역의미친년," Comfort drama
"
38,이구역의미친년," Starts out funny, but is actually as serious as a heart attack.
"
39,이구역의미친년," A wonderful surprise
"
40,이구역의미친년," Refreshing
"
41,이구역의미친년," Raw, deep, emotional and so sweet
"
42,이구역의미친년," Crazy, funny, sad, entertaining and incredibly lovable show
"
43,이구역의미친년," This is a great series
"
44,이구역의미친년," Extremely Promising Series Utterly Destroyed in the Last Two Episodes!
"
45,이구역의미친년," Everyone is a little mad !
"
46,이구역의미친년," Good chemistry
"
47,이구역의미친년," Good Enough
"
48,이구역의미친년," Two Maddies Catch🔎Some Baddies And Pi$$ Off The Condo✅Association Too! °7.7° °VG°
"
49,이구역의미친년," So Fresh
"
50,이구역의미친년," I love all about this drama!
"
51,이구역의미친년," Hilarious
"
52,이구역의미친년," Odd Rom Com Drama Mix
"
53,이구역의미친년," Just watched first 2 eps
"
54,이구역의미친년," Funny
"
55,이구역의미친년," Comedic, Relatable, and Wholesome.
"
56,이구역의미친년," Grazy in a good way serie😎🤣
"
57,이구역의미친년," I really really loved this drama!
"
58,이구역의미친년," The Last Two
"
59,이구역의미친년," Waiting for episode 9
"
60,이구역의미친년," HUGE FAN of Oh Yeon-Seo
"
61,이구역의미친년," Everyone Besides Us Is Crazy
"
62,이구역의미친년," Excellent and short series about 2 ( literally) crazy people
"
63,이구역의미친년," End too soon
"
64,이구역의미친년," A Refreshing and Humorous K-Drama
"
65,이구역의미친년," Amazing
"
66,이구역의미친년," Excatly what I needed
"
67,이구역의미친년," Recomended drama
"
