,title,review
0,인간수업,"I am a guy 29ys old but I've watched a lot of American series till I get tired of it...since the silly end of game of thrones..but I really want to change faces and language of English and see something different , what I found is that Korean series and these las two years they have a lot of great series , and this one was top and great in everything's I don't know what last time I did care about character but this show I really screamed ,cried,laughed in any charactes and decision he make .
This is just amazing Netflix renewed for many garbage series but still waiting news from this and (Alice in borderland / sweet home)Thank u Korean team for this epic journey.My next watch is :
Flowers of evil
Stranger
Uncanny counters"
1,인간수업,"Generally a pretty good show but I was disappointed by the ending. I don't think there was any need for a cliffhanger, nor is there any need for a season two. The show reached a its climax in episode nine and I was already exicted about an interesting (bad) ending that I would've found to be very fitting.Like it is now, it leaves you with an unfinished feeling behind and a bit of a bad taste. If there will be a season 2, I highly doubt it makes any sense or will be as good as the inital seasons, since everything was pretty much over.For christ sake, just let them either go to the police and be arrested or run away to Australia or whatever but make a decision and give the show an end. I hate tv-shows that are already made for the precule. Nothing is better than just a great show with 10 episodes and a great ending. Then it would've been 8-9/10."
2,인간수업,I was sooo impressed by the actors. This series is worth so much more than the usual hollywood nonesense we're given. Bravo !
3,인간수업,"Where do I begin...? Towards the end of the season I was literally YELLING at the screen! I had to pause this show so many times because I was just worried about what was going to happen next.If you like shows with twists and turns around every corner, THIS IS YOUR SHOW! Ignore the haters."
4,인간수업,Nice drama each episode keeps interesting they will keep you till the end of each episode and those who are going to watch let me give you piece of advice tha first episode will not keep you entertained may be it will keep u from watching second episode so don't back up it will be interesting from second episode mark my word. and first episode u won't understand anything untill you watch next episode ...so go for it watch it
5,인간수업,The story was captivating from episode 1. within 10 episodes the depth the characters develop is amazing.
6,인간수업,"Hmm, so what's going on ? is K-Drama finally growing up & joining the Noughties ?
I've noticed a series with two gay male leads, some shows are now 12 hours ( this one is less than 10 ) instead of the 16 which was the norm, & the massive success of ""Parasite"" may have initiated a new movement : a Korean ""BleakWave"" perhaps ?
This remarkable, well-named series reminded me a lot of the Oscar-winner in its tone. That large gap between the rich & the rest seems a huge problem & it permeates Korean society at all levels. And it obviously generates enormous stress/anxiety for the have-nots who strive even just to stay afloat in an extremely competitive, dog-eat-dog environment.
A high school is the setting, & watch out if you don't fit in for whatever reason because the bullies will sniff you out as predators do ( in fact, one of them boasts of having hounded a weaker boy to suicide ). Jisoo ( Kim Dong Hee ) is a top student but very poor, so he hits on a lucrative scheme involving young women & ""compensated dates"" in order to fund his tertiary education ( and Tom Cruise in ""Risky Business"" would get eaten alive here ). Crossing his path to telling effect are Gyuri ( Park Joo Hyun ), a savvy girl in his class whose parents are loaded, and the class bully ( Nam Yoon Soo ), who doles out violence along with his arrogant crew.
What stands out here is a script which really keeps you wondering what the two leads are going to do next. Calamities & unexpected events affect Jisoo's business in various ways, so how will he cope ? Most of the characters are complex, grey-area types, as in real life, so we quickly get invested in Jisoo's adventures. There's copious profanity & a fair bit of violence in the second half though it never seems gratuitous, while matters pertaining to the ""S"" word are as coy as the best romantic K-Drama. I also appreciated periodic bursts of black humour/fantasy to lighten the mood.
As I'd expect from Korea, the cast are top quality with KDH especially impressive. It's important that we at least identify with him despite his deeds, & his face convincingly conveys the pressures assailing him ( and an occasional grin is all the more affecting considering the ongoing situation ). Also good is PJH as the ostensibly cold-hearted Gyuri, Jung Da Bin is effective as the bully's pathetic girlfriend & NYS is comprehensively loathesome as her ""man"". Ugh.
And what of the director ? The relentless tension is nicely modulated so that we get quiet interludes amidst the mayhem while the generally dark colour scheme is often enhanced with interesting shot choices. On one occasion, a teacher asks Gyuri some questions; rather than the standard reverse to/fro close-ups as they converse, the camera wisely stays on her the whole time.
Complaints ? Just some minor ones : the home-room teacher could've had more personality and also the cops; the male one ( you've seen him in many shows ) might have a crush on the female cop, for example. As to the ending, it's ""good"" in terms of being an apt conclusion, yet I'd have used a different shot to conclude : I'd prefer to have the female cop confront the two people in that stairwell, then use a close-up of her face as she closes her eyes, then freeze-frame it.
Like ""Parasite"", a basically depressing story is galvanised with suspense, violence & sheer film-making talent into something you can't look away from."
7,인간수업,"I'm reading a lot of comments complaining about the lack of character development, but in my opinion it was a good protrayal of how high school kids act. They where reckless, stubborn and immature. It was really stressful to watch their reaction (or lack of) in certain scenes.
Nevertheless, what turned me off was both the main characters. The boy seemed to be some kind of mastermind but ended up being quite clumsy and dumb. As for the girl, she was really smart but her abusive behaviour and stubbornness gave me anxiety, I just wanted to stop her all the time...
All in all, good story, but was expecting more."
8,인간수업,"I must start off by saying this drama had a very unique feel to it, very different from a typical k-drama, and don't be mistaken this is no rom-com! There where no cliché's and no fillers in this drama. Episode 1 made me think that this was gonna be set on only a high school, but this was not the case. Specialty of this drama was the taboo-breaking subjects. The drama felt very grounded and raw, as to concepts like sex, drugs, pressure, friendships, love. I found the plot quite original as well, which on paper would not sound realistic at all, but this drama made it work like a gem. As for the casting and acting, I loved the chemistry, and also the tension between the main characters. The main lead was outstanding, showing every bit of emotion as well as possible. I feel like there was a lot of dept into his personality, as to being a socially awkward person, an emotional wrack, but also having a really reactive and strong side to him. Overall I really enjoyed this drama, only downside is that its short :("
9,인간수업,"This was a masterpiece. I loved the scenarios, directing, acting, and character development. I am sure Season 2 would reveal more on other characters. I really loved this show. It deprived my 2 nights' sleep but story wise Soooooooo refreshing."
10,인간수업,"The emotions of this show exists on various levels. The obvious teenage angst where what you show is to hide how you feel. That is if a teenage can workout what they really feeling.The premise is intriguing but the characters are more so, especially the main 2 leads. There is obvious chemistry and feelings they are hiding from each other.The story does rely on a few coincidence and accidents. But it also glance over alot of social concerns. How to make a living, bullying, class differences, family pressure, family problems, teenage prostitution.The most poignant relationship is got to be between the girl and the x solider. While the comic relief surprised goes to the mouthy mob boss.Episodes are well constructed, tense, lingering, thoughtful and just long enough. Korean shows are so unique and well crafted. And a tad .... fatalistic."
11,인간수업,"I've watched it all in one day because everytime I finished an episode, I kept wanting more... it's very catchy! It's also interesting the way things turn out... I definitely recommend it"
12,인간수업,"Great performances by actors an actress..good story although to short (10 episodes) to build deeper background story into each characters.
Will wait for 2nd season."
13,인간수업,"Throughly enjoyable series that had me constantly pumped and didn't rely on cliffhangers alone for me to watch the next episode. I'm someone who doesn't enjoy films and series because I don't find them interesting but this was different. It was so well done, I'm afraid if there is a 2nd season it wouldn't beat the first. I watched the series twice that's how good it was. I wish I could watch it again for the first time. I watched this show on a whim, and I'm so glad I watched it. It couldn't have been any better! Hands down the best drama on netflix. This is the only drama I managed to finish without skipping. (and I skip everything or leave it unfinished like money heist? That was boring as af! I couldn't finish episode 1. And ozark? Ya, couldn'the finish the first 10 mins. Idk ya I just don't enjoy dramas. But this was enjoyable.) Totally recommend it!"
14,인간수업,Young poor student tries to pay his way through school with illegal activity. All is going well until he teams up with a rich girl and suddenly they find themselves contending with serious gangsters. Without disclosing it I will add I enjoyed the ending as it seems to have annoyed a lot of people. Overall an enjoyable series and at ten episodes well paced.
15,인간수업,"I want to provide a little bit of background of how I score films/series that I've watched. For me there are three important factors that they should excel on: Acting, Script, Technicality. Script as being the highest followed by film technicalities and acting. This three are the main factors that revolve around my review for Extracurricular.I want to discuss first about its script and how it epitomized today's mental health issues. The message of the series is very clear, it is how youth nowadays are being put the test and into pressure from today's perfectionist society, and how these pressures resulted into rebellious actions. Jisoo, the main character, is just one of the victims of this society. At an early age he was already left by his parents to live on his own thus limiting his chances of graduating from school and limiting his living needs due to financial reasons. The pressure of providing for himself and getting a good job in the future are what make him create his own illegal business. This right here is a one action that a young person is bound to do when left alone with tremendous pressure. In comparison, Gyuri's character despite having a stable provision of needs from her parents, still experienced this pressure by having her future decided by her parents into becoming the CEO of their company. That pressure right there of becoming a perfect and mature woman for her parents took a toll of her mind thus becoming a self-determined, aggressive woman towards Jisoo. The opportunity of being someone without her parents' influence is what makes her so determine to be in business with Jisoo. You see there are just two actions that a young person can do against this perfectionist society, one is to survive it by doing whats neccessary even if it is illegal or by rebelling against it and veering away from what's expected from him/her. What I like about this is that both of the main leads encapsulate these decisions into their own personalities while the story move forward with consequences it brought to them. The series realistically made us, the audience, understand the struggles of the youth but also capture the consequences it can bring if they do these actions. There are no solutions given by this series, it just wanted to show the true horror that the youth can experience if they continue to be in this perfectionist society. This is a message for both the youth and the adults who are responsible of guiding them. All in all, the message was perfectly delivered but in terms of the progression of the story and characters it kinda falls flat during the latter episodes as they were so focused on showcasing the struggles of the characters leaving an opportunity to showcase the effect of these into their personalities and character development.As for the acting, hands down to all of the actors who portrayed their characters so well. Kim Dong Hee is a rising star in the making and can be the actor that can ignite a different genre of kdrama. Park Ju Hyun on the other hand is a versatile actress as she made you want to kill her in the first few episodes but ended up loving her because of her charisma and angst that she brings into the character. I feel like the second leads could have been better but for me this is not the actors' fault but rather on the script's side. I hope that they can provide a good character devlopemen for these characters if they decided to do a second season.The series itself is a beautiul art that mastered the techniques of filmmaking. The angles and frames are perfect for the mood that they want to establish in the scene. The hallway fights and rooftop brawl in the penultimate episode was a perfect shot brought out from a camera, kinda reminds me of Oldboy and The Raid Redemption. The series had well-balanced shots as it also bring that lovely romantic vibe between the leads in a non-cringey way. Netflix surely has provided another avenue for korean filmmakers to expand and hone their craft away from the norm.All in all, this series is not your typical romantic kdrama as it brought a different vibe and genre into it. It is very timely as it portrays the current mental health issue that the youth is mostly sufffering nowadays. A crime drama that has grounded motivation from the characters and a realistic portrayal of the comsequences from the characters' actions and motivations."
16,인간수업,First impression was quite positive but then it kinda bored me in the second half.
17,인간수업,This drama is sooo amazing you will not feel bore episode by episode it getting more interesting...i just loved this drama definitely worth watching 💯
18,인간수업,"Attention grappling. Sometimes a little unrealistic.
Just a warning here...this is a Netflix drama, so if you are the type to marathon then know what I mean.The main actress is new, am surprised to find her good at acting. Looking forward to her future projects."
19,인간수업,"Buildup was good till episode 9 but main characters cannot think two steps ahead, especially Jisoo and it all turns bad in last episode, pretty lame ending left a sour taste, I would've given this show an 8 but that last episode and ending was terrible"
20,인간수업,"Sometimes it seem when you've seen one high school romance dramedy, you've seen the all. This is the one that will break all clichés and banal formulas. Even the social phobic, nerdy lead is uniquely awesome. Be prepared to sit on the edge of your seat with each episode."
21,인간수업,"Fave kdrama series so far. No dull moments, no filler scenes, unique and good story, great actors, and nice cinematography. It was my first time seeing Park Ju Hyun (Bae Gyuri) here, and I became a fan right away. Every episode is worth watching and will hook you from the very beginning until the end. The students here are criminals but it's easy to empathize with them. I'm looking forward to season 2..."
22,인간수업,"Just starting out with this series and the English subtitling is laced with swearing. Korea strikes me as a very correct society and I really wonder if young people would be so coarse in their language. Perhaps a Korean viewer who is familiar with the English subtitling might care to comment. I suspect, as with so much Netflix subtitling the only market they aim for is America and the subtitles unnecessarily ape the American teen patois. I'm not being censorious, but to hear it some much is a distortion and a distraction."
23,인간수업,"#Extracurricular
Rating - 8.1/10
Review -
This is such a good story about the struggle of teenagers, but i think this is more realistic as this is a story of a young adults. Teenagers are wild.
With a lot of swearing, violence, adult themes and references to things like sex trafficking of minors, it won't be for everybody.
It's one of those dramas that leave you with tons of questions right at the end.
#Netflix"
24,인간수업,Enyoyed it a lot and skipped local (German) TV shows for these school kids with great ease
25,인간수업,"This twisty thriller is quite engrossing - ended up binge watching in 2 days. Some of it seems quite clever - some of it too unrealistic. Is is plausbile there can be so much unchecked school violence and crime in South Korea? For those who want a change of pace from the usual romantic fantasy or comedy, this is a different K drama. Instead of love and emotion there is violence and prostitutioin. The characters are rather one dimensional. Kim Dong Hee plays the main character a high schooler who pimps secretly. He acts well enough and reminds a bit of the Parasite young actor Choi. Although there is some sympathy for the main character who is a student trying to make some money for college, the 2 female leads behave irritatingly. I didn't like Park Joo Hyun in A Piece of Your Mind but here she looks better as a student. The big fight scene in the 2nd last episode is quite hilarious. The cliff hanger ending could be frustrating especially if there is no definite announcement of season 2."
26,인간수업,The drama was good. each episode keep you wanting more and more. But i still sense some plot hole on the drama. they didn't explain much on who Mr. Lee and Bae Gyuri as a daughter. The ending is okay but it make me mad.
27,인간수업,"Its good very good story and seems to have a lot to build on from both personalities, just two episodes in but nice change.Never seen the girl actress before she's good.
Finished it it was good until the ending which wasn't that bad, lets face it Korean series can have some foolish final episodes.
i would like to see a season 2 but I'm done with this cry baby pussy lead character wish someone would have capped his ass."
28,인간수업,I absolutely loved this. Very Tense. Great action. Great chemistry between characters. Can't wait for season 2. Hopefully there will be one.
29,인간수업,Fantastic! Season 2...when?! I look forward to see it!
30,인간수업,"Extracurricular is a korean drama that talks about minor persecution issues.
The idea of the story is brilliant, you would not find a 100% good man in this drama, all of them just being a true human.
There are lot of implicit messages, such as Oji's pet crab.
The ending left us with a lot of questions, so I'm hoping for season 2 ASAP!"
31,인간수업,"I'm reading some other reviews and people are calling it a masterpiece? The best k drama they've ever seen? Hardly. Must not have seen many.Sure there is a lot of story, plot, and action. But it's all negative. It's just a downward spiral of negative energy/action/plot with no breath of air to ease the unhappiness. All I got was more and more depressed with every episode. I kept WISHING for like one positive thing to happen to the main characters but it's just a constant negative spiral like I almost didn't finish the show cause it was so depressing.I'll give it a 6 for good acting and characters, but the plot was just exhausting I'm so glad it's over. There are MANY KDramas I'll watch over and over and trust me this will not be one of them."
32,인간수업,"Recently been losing interest in kdramas but extracurricular brought back with shocking story, unexpected turns. You can see a lot of inspired shots from different crime films and dramas. Couldn't predict what was going to be next which was good. Maybe they overdid at some scenes trying really hard not to be predictable, ended up nearly difficult to believe."
33,인간수업,"It covers heavy topic, but it's a fun drama even if you watch it lightly.
A popular TV Series comes to mind, but Extraccurricular has a completely different appeal.
The drama itself is also fantastic, but above all, It is blessing to know actor JuHyun Park, who played Bae Gyu-ri.
Thanks to her, I feel like a fan for the first time in my life.You can see her :
JuHyun Park's Instagram account : @charmgirl_1005"
34,인간수업,"Season was going good, but the ending was not upto mark. Not happy with the ending."
35,인간수업,"How is this rating in the 7's??? This series was freaking amazing. I stayed up all night binging it because I couldn't stop watching. The writers of this series are genius. The characters were so well written and the actors cast were perfect for their parts. I was so on edge watching this, it was amazing!!!"
36,인간수업,Until episode 6 it was exciting with new developments but afterwards it was meh. The main male character was just annoying as each episode goes by crying crying .. crying .. crying . The romance they try to create between the leading roles was dragged so much Its totally forgotable In the last episodes. It could have ended in episode 8 or maybe 9 with a good cliffhanger important for second season but it was exausting
37,인간수업,Concept was goood but so many flaws... specially boring conversations.
38,인간수업,"The show starts off very strong but slowly loses it touch. The main character who first seems like a problem solverand a borderline genius turns out to be close to a bumbling idiot. The show seems like it is going to be about a student who lives a double life as a student and a pimp, struggling to balance and excel at the two while only using his intelligence to solve problems in both aspects of his life as he not physically tough but slowly forgets about both aspects. The show is good at raising the steaks and introducing new challenges but is rarely good at solving these.The show Is a decent watch and will entertain you enough so that you'll want to finish it but it will not blow you away."
39,인간수업,"Allowing fictional characters doing illegal/immoral things in a fictional story should not and cannot be rewarded for their actions and allowed to be happy, right? It is wrong to do that. It is politically wrong to do that. That is what this show I found out to be about.I am extremely upset. It does not deserve a second season because it would be more of the same: punishment of your favorite characters.I am so sick and so fed up with writers writing shows about protagonist characters that do something bad, I.e. Sell drugs (Breaking Bad) and prostitution (Extracurricular 2020), and giving these characters a politically correct outcome. I hope that I do not have to add Money Heist to this list, which is about robbing banks, a very illegal and immoral thing to do.Oh no, such terrible things cannot be rewarded so the protagonists must meet the worst possible outcome, right?I am extremely upset with the writers of this show.What is wrong with writing a FICTIONAL story about characters doing illegal things and actually letting them win and be happy? It is because of political correctness.Stop writing politically correct shows. I am so sick of it. It is a coward way of writing stories.Oh and by the way, the sad dramatic aspect of the show were good at first, but got old after awhile and ultimately was unnecessary and ineffective since it just became too depressing and ridiculous to watch.And another by the way, why could there not be even a nanogram of romance?If you want to feel extreme disappointment and regret, then watch this show.Pros: I watched this whole show in two days - it was that good. In my head i was thinking of giving it a 9/10. The premise was strong. The protagonists grew on me overtime. There was mystery, danger, thrill, success, failure, action, disappointment, depression, and much more. However, failure trumped all.Verdict: had there been a non-politically-correct outcome and even a microgram of romance, I would have given this show a 9/10; however, due to the writers going the other direction, I downgraded my rating from 9 to 6."
40,인간수업,"I'm so impressed by this series. It's unlike any K-drama or any episodic TV I've seen. At first it's bouyant, transgressive -- in regimented S. Korea high school, these kids get away with so much & do it in style. But as the episodes click by, the real gravity & sadness of things they do to & with each other emerge starkly. This is a fun with a real edge: kids playing at crime & getting badly hurt.There are memorable characters here. My favorites are the teen prostitute (Da-bin Jung) who at first seems trivial, then deepens into a vulnerable, wounded young woman (she acts w/eyes & face as well as any actor alive); and Mr. Lee, the enforcer (Min-su Choi) who combines menace with zen-like directness & an aura of personal mystery. The relationship/non-relationship of these 2 characters is a central mystery of the plot.I can't recommend this one highly enough."
41,인간수업,"So here we go:
Main character is a wimp and has zero development throughout the series. Oh wait, none of the characters show any development.None of the characters show any sign of being able to reflect on their own behaviour. The main character gets flack for everything, despite no-one else being even a hair better.Dialogue consists of characters not finishing their sentences, and then walking out.Not one character is consistent in his or her actions!Plot twists hinge on dumb luck so many times, or instances where a character immediately does the required action.Editing is really poor with only ugly functional shots.It's just a mess, a big mess where it feels like the writers just kept writing and no-one told them to stop."
42,인간수업,First 7 episodes were good and ruined up later episodes
43,인간수업,"The drama is very very interesting I love it so much, Wish they will make season 2 and more soon. #FavBaeGyuri"
44,인간수업,"This review is from the perspective of someone who is not a huge KDrama viewer.
Each episode has a great sense of drama and tension to it, along with some slick cinematography, editing and background music changing up the format each time. Really funny at times too.
However there are some flaws, an irritating side-cop character that never changes throughout the series and a few retcons here and there but overall a great watch and I really enjoyed it"
45,인간수업,"I don't feel the lead man role, no development at all."
46,인간수업,"Normally I will get a TV series out of my head the moment the end credits roll in, but Extracurricular has been lingering in my mind for days now. With Korean dramas you don't need very complicated moral compass - you have the bad guys, the good guys, some bad guys going good or vice versa, but very rarely something in between. Not in Extracurricular. The characters are neither bad nor good. They are not immediately likeable, they swear, smoke, ride the subway, make you scratch your head with questions. Yes, not your regular Kdrama. Original screenplay, beautiful cinematography, great acting, especially Park Joo-Hyun in the role of Bae Gyuri. A TV series that is respecting its viewers, finally."
47,인간수업,"The story is a special one to begin with, and seems attractive at least in the beginning. Director Kim Jin-min did well, as with ""My Name"", keeping the audience engaged with a team of good actors. However, the story doesn't make sense in too many ways. The ends do not justify the means, it feels like the writer has the end set in stone, and simply makes up ridiculous plots to fit the preset ending. Character development is also seriously lacking, little background on the lead or the supporting leads, why they do the things they do, much of which didn't make sense and often contradicting.I watched this drama thinking it would be like ""My Name"", but the story writing are worlds apart.Excellent performance by Park Ju-hyun, well deserved Baeksang ""Best New Actress"" award. She was also good in ""Mouse"" (supporting role), great potential in this young actress."
48,인간수업,"The movie described the human nature deeply and reminded audience of school days with friendships , pure love and impulse etc... although I thought it was a little spent due to open-ending, it still worth watching."
49,인간수업,"Twists, turns, unintended consequences, all spiralling out of control. Brilliant. We need a second season. I really feel for our protagonists!"
50,인간수업,What can I say? Just really good. I think second season will be even better
51,인간수업,""" Extracurricular "" had an interesting story, but there were many flaws for this drama that lessen the enjoyment.Though the issues that extracurricular is dealing with are not the typical korean school drama presents, even though the angst, drama and having the character hit a low point is part of the korean drama repertoire, the drama did a good job with dealing with them, keeping the pace fast and the cinematography dark and moody. So, the idea was there and so were the elements to make a good psychological thriller, however, the drama didn't succeed in doing so.First of all, the characters, not all of them, but the main ones, were annoying. Actually, the leading lady was unlikable and not easy to root for, in a drama were you have to like the criminals. The main character was a bit too toned down, with the title of genius being only a tag that followed him, but in reality, or, at least as far as the drama showed us, he was just a boy with a good idea, but lonely and in a desperate situation. The characters overall were acting way too mature for their age and it was difficult to be believable.Second of all, the drama had its boring moments. The whole action thing got tiring to watch after it followed one twist after the other and the frustrating moments were too much. And yet, somehow, they managed to get the interest hit low beats towards the end. However, the ending was nicely managed. The performances, also, were brilliant from everyone in the cast, even though most of them are young actors.So, overall, six out of ten."
52,인간수업,"This is such a good story about the struggle of teenagers. It might not be the best drama if you are looking for a pure crime drama, but I think this is more realistic as this is a story about the young adults. Teenagers are wild, they don't know what to do, they make mistakes. This is what teenagers do. Big shout out to the actors and actresses, very strong acting from them. Enjoyed this from the start to the end"
53,인간수업,"You may think that there is a limitation of unreal, but this movie has brought it to another level just slight above idoitc. The story brings about how unbelievably dumb, or stubborn or even how unreal it can happen in real life. They just hard to create a story, but unfortunately all they did was create a real mess. Totally dumb movie."
54,인간수업,"The concept of the movie is very good and unique (like Korea webtoon), but the way of execution and the script is too confusing. The character's development goes downhill after the middle of the film, when the characters constantly make confused and stupid choices. The film's message brigs about a dark society makes the characters have to do everything to survive, but the things the characters make in the series are so stupid that I personally cannot understand and sympathize for them. The plot is not difficult to predict when most other Korean dramas have exploited. The only highlight of the movie is the acting of the two main actors. 5 star for the first half of the series. Too bad for such a potential plot."
55,인간수업,"I didn't watch it diligently the first time around. But once I watched if again, I realized just how good it is! As every Kim Jin Min drama,it is full of blood,gangs,great action sequences and more blood. The story was good enough and kept me on the edge.A second season is definitely warranted."
56,인간수업,I don't know if it's something cultural but the characters seem unrealistic and act weird. The acting was kind of off too. I found it to be tough to get through.
57,인간수업,"This is an epic drama, the plot is very different from Korean dramas which usually smell romantic. Each episode raises and lowers the emotions of the audience, making the audience always decide to continue, continue, and continue.From this drama we can take the message, that everyone has a secret. And watch out for the quiet man, for he may be very dangerous.I'm actually interested in the character of Kwak Kitae, no matter how bad he is, he never hurts his girlfriend or women, he is also very loyal to Minhee :) .I really hope the love story of gyuri and oji exists, but unfortunately, I'm expecting too much :V. Ah, even though they almost kissed hahahaha.The ending didn't live up to expectations, however, I think we can speculate ourselves about what happened to oji and gyuri.Actually, this drama doesn't need a second season :V."
58,인간수업,You should change it's name to Cowardness. Even in real life cowardness has limitation but writer have driven it to next level..
59,인간수업,"The main male lead is so confusing. He seems to be in some first episode until the main girl really takes (like almost of them) all the role. Also theres so many confusing pointless action . To be honest, the main girl acted really well, which is approved by me. She is the reason i continue watching the episodes"
60,인간수업,"IT'S JUST PERFECT!!!one of best k-dramas, u never get boring, the principals characters deserves a lot more, they are ""just unlucky"""
61,인간수업,"This is the story of a group of classmates who do murder together. The story is innovative. The story has elements of horror and crime. The story is happening mostly in the school where the teenagers plan the murder. The murder scenes are very simple without that much resistance from the victims. In my opinion, those scenes could be more complicated. I liked the background music in the movie. I liked the ending. In summary, I recommend this movie to horror and thriller fans."
62,인간수업,"Once you get past the slightly confusing first episode, this turns out to be a really enjoyable show. morally questionable but hella entertaining"
63,인간수업,"It's not perfect but I have fun time watching it, occasionally it's annoying but overall great exciting story and I want to see next season ;)"
64,인간수업,"And sick, but not in a good way. Any further letter would be a waste of time and energy."
65,인간수업,"Watching this right after finishing Itaewon Class was like eating cold pizza after a wagyu beef steak. 45 minutes and 20 seconds, that's how long I lasted. Let me tell you, It's been a long-long time since a TV Show miffed me that bad. First - the atmosphere - there is this darkness and uneasiness that's shadowing every single effing scene, a constant depressing mood that just makes you uncomfortable to the point that you need to press the skip button. But what really got me fired up is this galling, almost pathological shy, continually crying, coward of a school kid character that is not just completely socially disjointed, but we're suppose to believe that this troubled protagonist was able to somehow set up, organize and run an illegal under-aged sex workers nest? WHO writes this? He's then soon bullied, blackmailed, humiliated, beaten up and betrayed by the first girl he, in spite of all his issues, manages to build a connection with. One of the worst, messed up first episodes ever. And there were still 10 minutes left."
66,인간수업,I can say that this series one of the best k drama netflix series
67,인간수업,"Good plot
awesome acting
good character development
btw still cant distinguish one girl from another in the show lmao
Awesome writing."
68,인간수업,"I want to provide a little bit of background of how I score films/series that I've watched. For me there are three important factors that they should excel on: Acting, Script, Technicality. Script as being the highest followed by film technicalities and acting. This three are the main factors that revolve around my review for Extracurricular.I want to discuss first about its script and how it epitomized today's mental health issues. The message of the series is very clear, it is how youth nowadays are being put the test and into pressure from today's perfectionist society, and how these pressures resulted into rebellious actions. Jisoo, the main character, is just one of the victims of this society. At an early age he was already left by his parents to live on his own thus limiting his chances of graduating from school and limiting his living needs due to financial reasons. The pressure of providing for himself and getting a good job in the future are what make him create his own illegal business. This right here is a one action that a young person is bound to do when left alone with tremendous pressure. In comparison, Gyuri's character despite having a stable provision of needs from her parents, still experienced this pressure by having her future decided by her parents into becoming the CEO of their company. That pressure right there of becoming a perfect and mature woman for her parents took a toll of her mind thus becoming a self-determined, aggressive woman towards Jisoo. The opportunity of being someone without her parents' influence is what makes her so determine to be in business with Jisoo. You see there are just two actions that a young person can do against this perfectionist society, one is to survive it by doing whats neccessary even if it is illegal or by rebelling against it and veering away from what's expected from him/her. What I like ablut this is that both of the main leads encapsulate these decisions into their own personalities while the story move forward wothe consequences it brought to them. The series realistically made us the audience understand the struggles of the youth but also capture the consequences it can bring if they do these actions. There are no solutions given by this series, it just wanted to show the true horror that the youth can experience if they continue to be in this perfectionist society. This is a message for both the youth and the adults who are responsible of guiding them. All in all, the message was perfectly delivered but in terms of the progression of the story and characters it kinda falls flat during the latter episodes as they were so focused on showcasing the struggles of the characters leaving an opportunity to showcase the effect of these into their personalities and character development.As for the acting, hands down to all of the actors who portrayed their characters so well. Kim Dong Hee is a rising star in the making and can be the actor that can ignite a different genre of kdrama. Park Ju Hyun on the other hand is a versatile actress as she made you want to kill her in the first few episodes but ended up loving her because of her charisma angst that she brings into the character. I feel like the second leads could have been better but for me this is not the actors' fault but rather on the script's side. I hope that they can provide a good character devlopemen for these characters if they decided to do a second season.The series itself is a beautiul art that mastered the techniques of filmmaking. Every angle and frame is perfect for the mood that they want to establish in the scene. The hallway fights and rooftop brawl in the penultimate episode was a perfect shot brought out from a camera, kinda reminds me of Oldboy and The Raid Redemption. The series had well-balanced shots as it also bring that lovely romantic vibe between the leads in a non-cringey way. Netflix orginal kdramas surely has provided another avenue for korean filmmakers to expand and hone their craft away from the norm.All in all, this series is not your typical romantic kdrama as it brought a different vibe and genre into it. It is very timely as it portrays the current mental health issue that the youth is mostly sufffering nowadays. A crime drama that has grounded motivation from the characters and a realistic portrayal of the consequences from the characters' actions and motivations."
69,인간수업,"Fantastic, every episode is full of entertainment!
The cinematography is brilliant it truly set the mood too!
The way the storyline plays iut gives such a great sense of realism."
70,인간수업,"I have some issues with the story line , like everyone is bad? No credits for the good stuff he did through the entire series and what is the point of making them , save each other OVER and Over and fight all this time just to get them arrested in the end? It's just no point it seems to me he went from a bad life no family kid to > father steal his money> lose his business > get involved deeper for "" no gain "" no girl friend and get jail i mean seriously WHERE IS THE HOPE."
71,인간수업,"Jisoo is a model school student who does well in his studies and is also well behaved, but he has a dark side that nobody knows. Chaos starts arising in his life when another student Gyuri becomes interested in him.Well first of all the bgm was so good as if it was the soul of this drama. It is very interesting to watch as the concept is quite new but I didn't like the ending that much. It is quite ok to watch, but if you want a clear distinction between good and bad, then this is not a drama for you."
72,인간수업,"I like thrillers, dramas, and creative flicks.If you like psychological series with unexpected twists and turns, watch this. It's like breaking bad intensity, and the best show I've seen since breaking bad.Also the english dub is actually good."
73,인간수업,"Nessa analise me baseei em 5 importantes pontos: Enredo, desenvolvimento, personagens, estética e entretenimento.Enredo: 1/2.Desenvolvimento: 1/2.Estética: 2/2.Personagens: 1/2.Entretenimento: 2/2."
74,인간수업,"After watching the first episode I was amazed by the potential of the series. It's an unusual narrative that just makes you crave for more. The incredible acting of the whole cast allows long one-shot scenes which were braided magnificently in this whole drama. It's similar to parasite in the sense that you witness a train wreck that you just can't look away from and in this case it even makes you cheer for it. The only downsides of this show would be the missing logic at some points and the unsatisfactory relationship (and unused potential) of some character development, especially with the behavior of the main protagonist. I won't get into detail to keep this spoiler free but I believe most of the negative reviews result from that issue. Nevertheless, this drama had me avid and I just had to know what happens next. So if you want to watch this make sure to plan some time for binging, because this mature drama is an absolute recommendation to watch even if it gets you really annoyed at some points. Hopefully there will be a second season to build up on the potential of the story (and to cure my curiosity)."
75,인간수업,"Saw this on Netflix in the US. Considering this K-Drama is about Highschool students I would say the subject matter is a little too adult and violent and unrealistic, but it was still captivating to watch. The main character played by Kim Dong-Hee, Jisoo, is a really nice studious nerd who is one of the smartest and a top student in the school. His main aspiration in life is to graduate and to live a normal life and to get a job that makes enough money to start his own family. His dream is driven by the fact that he is living completely on his own due to his loser parents who left him alone to fend for himself and also some of his choice not to be around his father as well. Somewhat street smart from his father's activities, he starts his own business in which he brokers ""security"" for compensated dates that he also sets up. He has his financial goal all figured out on how much he will need to pay his tuition, and to complete his dream, pay housing etc. It is only when he allows girls into his life at the prompting of a counselor because he had no friends that things start to take a turn for the worse. The business gets him in deeper than he ever expected. The ending of the show can be interpreted more than one way I think and am wondering if there was thoughts of a second season or not, or if my interpretation to the ending was was I was thinking. I would love to see a second season though."
76,인간수업,"I was waiting for MC to snap and pull a Walter White or some anime heroic. Instead, he snapped the other way and drooled all over my screen.
I guess that was to be expected though, as being raised the way MC had raised himself surely leaves you mentally broken even for most mundane of challenges.Nevertheless, kept me glued for two days and in the end I guess that's all that matters (when it comes to wasting your time in a quality fashion).In the end I just want to say that these Korean shows really are a breath of fresh air."
77,인간수업,"Great story none less no more, enjoyed much. Worth of your time. Peace out"
78,인간수업,"Engaging characters, gripping plot line and good acting. A wonky ending but nothing show ruining. I really liked the subtlety in all of the characters' friendships/relationships."
79,인간수업,"The series is very beautiful. The actor who played Ji Soo is awesome. You can feel everything that he feels inside the series. The story is great, but he is a bit flawed."
80,인간수업,"Storyline: Every episode are excellent. What you expect to happen, other circumstances happen. The main characters brilliantly play their role that we can feel their emotion.Binge on watching: Yes, one episode lead to another."
81,인간수업,"I watched this series a few weeks ago. As soon as I watched it, I was shocked. Because this experience that I experienced at this drama was the first I've ever seen before. The first reason that I shocked is the naked swearing. Actually, in K-drama, it's uncommon that characters use swear words. However, in this drama, even adolescents say the naked swearing. So, frankly speaking, I felt uncomfortable at first time, because I've ever seen kinds of that drama before. But, because of the brilliant acting of characters, the uncomfortable feeling was gone and I could be rapt in this drama. The second reason is that I couldn't cheer on the main characters. As I was watching, I wanted the revenge of Jisoo and Gyuree that can make me thrilling. But, honestly, because they are committing a serious crime in the story, if I support them, it seems that I advocate the crime of adolescents. Thus, I couldn't cheer on them too, and it was also impressive thing for me.
This drama is dealing with the problem of adolescent that we've been ignoring meantime. Actually, I'm also adolescent in Korea, but I didn't know that until before watching this drama. It makes me realize the reality. In addition, Unlike other common K-dramas which became off topic as they went on, the ending of this story was also clear. For these reasons, I love this drama and I really recommend this, and more especially if you are Korean."
82,인간수업,"Damn, what a thrilling last couple of episodes I just watched.I think the show does a great job at humanizing the main characters at the beginning. Who are essentially the 'bad guys', as they are pimping out young/underage women for money. Their individual hopeless situations makes you want to root for them despite this though. At least at first.Throughout the season their status quo gets hit with multiple troubles, which builds up to an amazing climax in the last couple of episodes. As you honestly won't know how the Hell this is going to end, and who will be the ones left standing out of all the cast members. Drama!There aren't many good guys in this series. Don't expect some happy go lucky adventure when watching Extracurricular. This is some hard boiled storytelling with bloody action and dealing with the dark side of what one is willing to do when you see no escape from your hopeless situation.Loved this ride, would totally recommend it."
83,인간수업,"This show surprised me. The protagonist repeatedly disappointed me with the choices he made, but I kept believing he could be redeemed, and could succeed. I was on his side the whole time, even though I knew it was wrong, and he was wrong. His relationship with the second lead, the young woman, was complex, confusing, and believable. Her choices were also surprising, going from selfishness and apparent psychopathy one minute, to genuinely caring in her actions the next.An hour or so less wouldn't have done any harm."
84,인간수업,"Overall, I recommend to watch this drama if you want to something that is not a typical kind of k-drama that you've seen. It gives a fresh look and shows the limitless possibilities in a k-drama where you won't be able to predict what will happen in it.The casts were awesome, they depicted the emotions and characters very well. This drama describes the consequences when teenagers decided on something that is irreversible. You will see how the teenagers will react where they have a quite an unstable emotion which gives them an uniqueness for each of the casts. It can give you some insights about adolescent nowadays as well.The plot has a great setup and developed very well in the first half. but I think it can be further developed especially in the second half of the season. The cinematography of this drama is also amazing. The visualization of the story is spot on. Furthermore, the intro and the theme song really gives an earworm to its viewers."
85,인간수업,"The story is so dark and heavy. for some reason i felt so depressing and stressful bcz of cowardness and stubbornness of the actors ..
i've watched some dark movies before , but i think i don't enjoyed this movie"
86,인간수업,"The one who enslaved by money, the one who mentally broken, the one who sell their own body, The one who do bully. The movie not focus in trying to make you feel good but to realize at some circumstances society could screwed them, the young people. So it makes sense everything always going downhill from the start, instead of mastermind protagonist or character development, they just give us more cowardice, endless conflict and more problematic solutions. Bad review come from people can't handle depressing feeling that comes with this movie."
87,인간수업,"Watching it makes you feel angry and helpless. The main theme was interesting at the beginning, then it gets to be a festival of deus ex machinas aimed at making the main characters suffer. Unbelievable choices of all characters, lack of character development, a big banner saying 'this is wrong and will be punished' while other wrongdoings are fine and we won't explore them too much. Even the school bully gets his moment of glory like if bullying made him a hero somehow.Girl character's acting is believable, main protagonist is either keeping a totally straight face with no feelings or crying helplessly. Partially not his fault - his story is just totally weak and unbelievable.And yes, as it's a Korean production, I was expecting a bad ending. But not badly written bad ending."
88,인간수업,"Drama has quite unrealistic logic .male actor who pimps secretly can't be a dumb person who is in this line of work.female actor seems like over acting .storyline is very unrealistic and just to make the drama keep flowing it has some logic can't be digestive at many point ...ex. Male actor losses his phone and got to know after couple of hours ..even a normal persons checks on their phone couple of times in an hour ..again female actress suddenly stole the phone from male actor and that too she gets up early just to check on male actor after first meet ..even the DOGO app which is voice activated ,female actress makes it works just unlocking the phone ..
So people who are more into logic and realistic scenario ,they can avoid it or just for fun can watch it ..."
89,인간수업,"I was here to watch Min-so choi, but thanks to annoying characters i skipped most of the show. I wonder what is wrong Netflix? How it turns everything into 🤢 while they cast top stars."
90,인간수업,3rd class story writer . so many plot hole ... nothing logical or understanding .
91,인간수업,"My mistake to expect this to be in certain way, i hooked at ep 1 and then i see that the MC got fooled and played at ep 2 and stop watching. What a dumb character"
92,인간수업,"This kdrsma is neatly perfect, from cast to storyline, everything is displayed in a nice manner
I loved how it's not any other cliche romantic drama. It aldo focuses on the dark sides of the teenage life. All the actors were incredibly talented. I'm eagerly waiting for season 2, it's a request 💕"
93,인간수업,"The show starts off strong with a compelling premise that falls apart all too quickly with all the plot holes introduced in every single episode that follows. The characters behave erratically and often without reason, leading to a storyline that leaves you wondering how things ended up the way they did. From comical and lighthearted to somber and dark the show bounces back and forth in a cadence akin to that of a one legged man; in other words, there is no real flow to the show, it just likes to jump around as it sees fit without a care for the audience. Sometimes I wonder if a different writer wrote each episode in an attempt to screw over the writer for the previous episode. When it comes to the finale, it is a Game of Thrones level of botchery. It truly left me filled with regret for following through the whole series. I advise any future viewers to steer clear as the jarring plot holes will literally leave you screaming in mental agony."
94,인간수업,"This series is truly amazing, but the main reason I really like this series and spend it in one day is Gyuri. Park Joo-Hyun with her charming beauty but plays a very badass character perfectly!
I just hope that even if there is no Season 2, just provide certainty whether they are still alive or not. Because I can't sleep well thinking about it :(("
95,인간수업,That is not that amazing actually first 5 episode was great but 5-10 episodes was bad but i wanna watch 2.season
96,인간수업,What a drama and entertainment! Actors were great and story line amazing!
97,인간수업,"Is not really exciting what I expected, for Korea drama"
98,인간수업,If you want to see garbage movie and waste your life then this is the movie for you
99,인간수업,"As someone of Korean descent who's watched K-dramas for many years, this is one of the worst ones I've seen. The only upside to watching this drama was it made me appreciate my parents more b/c there really are many deadbeat parents these days like Jisoo's father. Oh, and maybe seeing Choi Min-soo in a new role (he used to be one of Korea's leading heartthrobs back in the day). But that's it. There was wayyy too much cussing (the English subs actually don't include half of the cussing that goes on in the show--and many of the actual Korean cuss words are more vulgar than the English translations!--so imagine what it's like if you understand Korean and are trying to watch it). I know that many high school and college students in Korea cuss these days, but this show definitely goes overboard w/ unnecessary cussing (it was like Good Will Hunting on steroids). And the series makes it seem like the crimes that are depicted in the show are common in Korea, and while those sorts of things do happen, they are definitely nowhere near as common as what the drama would lead you to believe. Also, it's like the writer wanted to depict all Korean students as foul-mouthed troublemakers who spend all their time dating, having sex, playing sports and whiling away their time at a PC bang (internet cafe), which is definitely NOT the case for most high schoolers in Korea. The episodes weren't engrossing either, and the cussing was just too distracting for me--the whole story could've probably be summed up in just 3 or 4 episodes if you deleted all the cussing and unnecessary scenes. I get that Korean writers are encouraged and even pressured to come up with original, darker stories these days, but this one was poorly written and is a misleading portrayal of South Korea. I don't know why this series received so many positive reviews, but I'm sure most of them came from non-Koreans with little to no previous exposure to Korean culture or other K-dramas. Everyone has their own taste, so I won't stop you from watching it if you still want to, but just know that this drama is very different from 99% of K-dramas out there, the writing is bad (really bad if you understand Korean), there are a lot of plot holes and things that don't make any sense, and it paints an overly bleak and deceptive portrait of South Korean society."
100,인간수업,"Extracurricular starts off pretty slow, and considering that the show is all over the place at times I'm unsure if the writers are trying to convey some sort of message. One major flaw of the show it that there is absolutely ZERO character development. You don't get to delve into any of the characters' pasts or get to know them as people. They are literally the same people from beginning to end. I was expecting this to be a sort of ""Ocean's Eleven"" type show but I was way wrong. It may not be everyone's cup of tea."
101,인간수업,"The impressive performances of the young cast, alone, is enough reason to watch this. Kim Dong Hee is amazing. Binge worthy."
102,인간수업,"Very stupid and coward main character, i thought its a good series in the beginning but in the end its very anticlimax, make me mad in the end of episode"
103,인간수업,"These korean shows always hook me (romance shows aside). Seeing some familiar faces from other shows is enjoyable to see. Great acting as usual. I want to give it an 8, but it's just missing something I can't put my finger on. Something to make it rememberal or thought provoking.. Seems like these shows never have a second season. Anyways, the main guy is basically like mob psycho without psychic powers.. but with his own secret powers of sorts! I would love to see him in some sort of live action mob psycho show! He's got the vibe on lock down."
104,인간수업,All characters are stupid and annoying. There is no plot twist and so boring.
105,인간수업,"A really different Korean dramas from what i usually watch, but I still enjoyed it a lot. Hope they will make the season 2, I definitely will watch it. Ps kitae is definitely a FINEEEE MEN"
106,인간수업,"Finished it now and i must say it was very entertaining. I never felt bored in the first 6 episodes. 7-9 were not bad but the pacing could have been a little bit quicker. I know why people dont liked the ending but it was ok for me. Still, very good show. Even with only 10 Eps, i felt with the characters. Hope there will be a season 2."
107,인간수업,"Don't know about others but i really like the show, it doesn't get boring from the first episode till the end, also really impressed by the actor acting skill."
108,인간수업,"This is without a doubt one of the best thriller dramas I have seen.The script is absolutely brilliant and the first episode gives you the illusion of a slow start. However, this is done on purpose and once it puts its foot down, it does not stop until it explodes into a magnificent train wreck at the end.Whatever could go wrong will go wrong. Extracurricular has a tendency to keep you on the edge of your seat, shouting at your screen with incredulity at some of the decisions the characters take. Then you remember they're high schoolers and not some criminal masterminds.The acting is also top-notch and there is real chemistry and tension whenever Jisoo and Gyuri share screen time.If you're looking for a thrilling drama that will keep you hooked to your screen, Extracurricular is definitely a solid choice."
109,인간수업,I honestly don't know why people like this. It's just trash and so boring.
110,인간수업,"The reviews on this drive me mad- 'the main girl was annoying, the main guy was a coward' YES. DUH. You aren't supposed to like them! They're a bunch of selfish, emotional teenagers. Fabulously written, nuanced, and compelling characters. Their flaws are damning, their motivations are complicated. Genuinely fabulous. The performances aren't anything to scoff at either, but the rest of the show could be an unmitigated dumpster fire and the writing would still be worth watching for. But it isn't.It's an intense, engrossing thriller that very quickly unravels, and does not stop unravelling. A bit hectic, but rarely loses focus.The series is at it's strongest when it takes the more aggressive, stylistic angle it seems to want to- humorous and dark, with some flashes of cinematographic (?) brilliance. The more traditional K-drama formula holds it back, and forces you through a lot of boring B-plot.The soundtrack is easily the weakest link. It's either absolutely perfect (the Warpaint, Kim Sawol tracks) or it sounds like cheap stock music.I've watched this through 4x now, and at one point Netflix changed the English subtitle translation (if you're watching dub idk how to help you) and it was awful. It's since changed back, so if you didn't care for it the first round, it might be better on rewatch."
111,인간수업,"Are they good,are they bad..? Do they deserve all that is happening? Should we root for them ,or no? Even if they are neglected children should they ""play"" without consequences.,and last question do they know how to stop this madnes and would they be able/willing to do so,or this is a point with no return...?
All in all amazing show I realy liked it , young actors did an fantastic job,loved all 4 of them,they are definietly one of the main reasons for show to be this good.
Waiting for next season ..."
112,인간수업,This show is very different from other K-Drama/Shows. I cannot wait for season 2. I was so sad when I got to the last episode.
113,인간수업,"I've never watched any 'K-Drama's before. This is my first one, and most likely my last since nothing will ever live up to this...Character development, sensational acting, great cinematography with unique angles at plot-decisive scenes. The plot is one-of-a-kind.All in all, a must watch. I'm hoping they get a Season 2."
114,인간수업,When I finished watching the ending of the movie I don't know if it will be the opening ending for the second season but I hope it will have a second part.
115,인간수업,"Bad movie, waste of time not worth to watch especially the episode 10. I don't know what wrong with the writer? The movie started with a nice pace but the ending sucks."
116,인간수업,This is too good. I really want session 2. I really love this drama. Kim Dong hee is very talented. He is very good actor. This drama story is very different and likeable.My Rating 10/10💝💝💝💝💝
117,인간수업,"I loved the bold directing, smooth camera angles, the characters and story were exciting and interesting. The acting was top notch and the chemistry of the main cast was a pleasure to watch. I can't recommend this show enough, you just have to see it if you love movies."
118,인간수업,This is one of the best drama in Netflix. Just watch and feel the joy!!
119,인간수업,"The writing is okay, similar vibe with parasite but it's more teeny"
120,인간수업," More than 10/10
"
121,인간수업," Good show, mediocre ending
"
122,인간수업," Impressed
"
123,인간수업," Almost had a stress induced heart attack
"
124,인간수업," Brilliant kdrama
"
125,인간수업," extracurricular NEEDS a season 2
"
126,인간수업," A GRIPPING, SOBERING DOSE OF THE REAL KOREA
"
127,인간수업," Entertaining, but not a masterpiece.
"
128,인간수업," Not your typical K-drama
"
129,인간수업," I am so sleepy but still can't resist looking for other reviews in the net.
"
130,인간수업," True Romance - Korean style
"
131,인간수업," absolutely worth watching
"
132,인간수업," Great perfomances..not an usual korean drama..
"
133,인간수업," Netflix Gem
"
134,인간수업," Homework shouldn't be like this
"
135,인간수업," The sad truth about youth's modern day struggles
"
136,인간수업," Got me in the 1st half, lost me in the 2nd
"
137,인간수업," School drama
"
138,인간수업," Finish in one sitting
"
139,인간수업," Good but last episode sucked
"
140,인간수업," Not Your Typical High School Drama
"
141,인간수업," Great series!
"
142,인간수업," WHY ALL THE SWEARING?
"
143,인간수업," #Extracurricular
"
144,인간수업," Another Korean Gem!
"
145,인간수업," Engrossing
"
146,인간수업," worth to binge watch
"
147,인간수업," nice change from silly romcoms
"
148,인간수업," One of my favourite Korean shows
"
149,인간수업," Fantastic
"
150,인간수업," Unlike other kdrama
"
151,인간수업," Get ready to take a mental beating...
"
152,인간수업," Koreans trying to lose their typical drama style
"
153,인간수업," JuHyun Park !!!
"
154,인간수업," Bed ending.
"
155,인간수업," This was so amazing!
"
156,인간수업," Had potential but dived
"
157,인간수업," Why they pause so much while conversations?????
"
158,인간수업," Good but not great
"
159,인간수업," I am so fed up with antiheroes getting a politically-correct demise
"
160,인간수업," Tragedy dressed as comedy
"
161,인간수업," If you like crap you'll love this
"
162,인간수업," Almost great
"
163,인간수업," Waiting for season 2
"
164,인간수업," Great Show With Slick Visuals & Music
"
165,인간수업," Coward
"
166,인간수업," Not your regular Kdrama
"
167,인간수업," Good direction and acting spoilt by bad script
"
168,인간수업," As title, it's really EXTRACURRICULAR
"
169,인간수업," Gripping
"
170,인간수업," Waiting for season 2
"
171,인간수업," Good Enough
"
172,인간수업," Strong performance from young actors/actresses
"
173,인간수업," Dumb movie, inbelieveable
"
174,인간수업," Overrated drama, meant to be dark, twisted and depressing but it is a mess tbh
"
175,인간수업," Better on a second watch,need season 2
"
176,인간수업," Weird and tough to get through
"
177,인간수업," Epic Drama!
"
178,인간수업," You should change it's name to Cowardness
"
179,인간수업," Main actor doesnt act well, and some characters dont have explicit characterizations
"
180,인간수업," 10/10
"
181,인간수업," A nice crime story about a group of teens
"
182,인간수업," give it a watch
"
183,인간수업," I like it 👌
"
184,인간수업," Infantil
"
185,인간수업," What a waste of good talent!
"
186,인간수업," Amazing story
"
187,인간수업," Awsonm tv show, epic writing and storyline
"
188,인간수업," The sad truth about youth's modern day struggles
"
189,인간수업," Worth watching!
"
190,인간수업," I have some issues
"
191,인간수업," No good guys here
"
192,인간수업," This is 10/10.
"
193,인간수업," Ligeiramente boa
"
194,인간수업," Addictive entertainment with Parasite vibes
"
195,인간수업," Captivating Different K-Drama
"
196,인간수업," Interesting enough to complete in two days
"
197,인간수업," Not a school drama
"
198,인간수업," Great show
"
199,인간수업," Beautiful dark drama
"
200,인간수업," PERFECT
"
201,인간수업," innovative K-drama
"
202,인간수업," The season buildup is awesome
"
203,인간수업," Worth watching
"
204,인간수업," Unique and Not the Typical Kind of K-Drama
"
205,인간수업," Depressing
"
206,인간수업," It's all about our mistakes
"
207,인간수업," Bad writing, frustrating
"
208,인간수업," Seems unrealistic and dumb scenes
"
209,인간수업," Another netflix classic
"
210,인간수업," Childish Writing
"
211,인간수업," When you have wrong expectation
"
212,인간수업," I loved this drama
"
213,인간수업," A Big Waste of Time
"
214,인간수업," Outside expectations and makes me stressed
"
215,인간수업," wha?
"
216,인간수업," Loved it! Drama is so intense and thrilling!
"
217,인간수업," Just ok
"
218,인간수업," garbage movie
"
219,인간수업," Boring, so much cussing, and gives an inaccurate picture of South Korea
"
220,인간수업," Decent show
"
221,인간수업," Impressive caat
"
222,인간수업," Boring and anti climax
"
223,인간수업," Good. Better then Hollywood. As usual.
"
224,인간수업," Waste of time
"
225,인간수업," nan's review
"
226,인간수업," Extremly underrated
"
227,인간수업," Really hoping there will be s2
"
228,인간수업," Underrated Masterpiece
"
229,인간수업," TRASH...
"
230,인간수업," 7 is an injustice to the writing on this show
"
231,인간수업," Just a children's play ?
"
232,인간수업," Amazing
"
233,인간수업," Potential Masterpiece
"
234,인간수업," S2 please
"
235,인간수업," Disappointed ending
"
236,인간수업," Masterpiece 💙
"
237,인간수업," Loved every second of it!
"
238,인간수업," Don't read and listen the story. Just Watch.
"
239,인간수업," Captivating
"
