,title,review
0,일억개의별,"This is a story about two beautiful, good people who adore one another and just want to be left alone; but of course it's a drama, so that isn't going to happen. And the resultant themes that drive the narrative are as ancient as storytelling: secrets, love, sex, jealousy, class, revenge, manipulation: and especially the sins of the fathers (and brother) landing straight on the heads of the children who deserved none of it.Writing, direction, and cast are all excellent, though I did shave off a point because there are some questionable plot decisions. That said, the series belongs to SEO IN-GUK who is extraordinary. This is one of the best Korean series I've seen, and he is an incredibly gifted actor--now one of my favorites, because as superb as the cast is, Seo In-Guk is working on a different level that no acting class can teach: he simply becomes the character and breaks your heart. For as one commenter wrote, this drama is not for the faint of heart: it is a complex, mature story that will cause both joy and anguish in viewers--will steadily pull in every emotional direction, right through the conclusion, where I sat stunned. But I was grateful for the experience of this drama."
1,일억개의별,"The story of 'The Smile Has Left Your Eyes' is something so vastly different than most Korean dramas. It is a melodrama that sublimely incorporates the genres of thriller, mystery, romance, and tragedy of all things--and on top of your not-so-typical antihero lead, it sheds some light on some controversial topics. The story starts off quite eerily, full of suspense and mystery, and gradually as the drama progresses, the melodrama kicks in while retaining most of the suspense. Definite a recommend from me if you're looking for a melodramatic romance with thriller and mystery!"
2,일억개의별,"The actors are bringing their A game with this drama. I am watching it not knowing anything about the original Japanese version so spoiler free. So happy to see the reunion of Seo Inguk and the Director. By the way, if you haven't checked out the previous dramas by this Director, take a look. My personal favorite is Tomorrow With You. He has an amazing eye for detail in all of this shots and can't say enough good things about him. Can't wait to see this drama through to the end!"
3,일억개의별,I loooooved this drame OH MY GOD its so freaking sad i cking creid my eyes out tho i do not want to rewatch it cause it ucking tragic it broke my heart But seo in guk owened his role he DELEVERED I AM SO SATISFIED its been since forever.... i loved the three main leads tho the female was a bit off at times. overall 10/10DO WATCH IT
4,일억개의별,"This was one of the most depressing KDrama's I've ever watched. It was very good, the plot was suspenseful, and the acting delivered. The main couple have lovely chemistry and are super sweet and wonderful to watch together. This was basically a modern-day Korean Romeo-Juliet type of story. Prepare to be impressed but also sad and depressed."
5,일억개의별,"An intense drama with a heavy plot this one. The story has so many leyers that sometimes it wasn't easy to keep up. However, the many twists and the drama from the past were really entertaining. This drama follows the japanese original closely, but add it own touch to it, with the final ending similar and yet very different. Actually, the ending was a shock and it suited the relationship overall, the later being a very well presented one, as the two actors had chemistry. There were two things however that I didn't like about this drama : they left some things unconcluded and unexplained (a); Jin Kang was sometimes annoying as a character (b). But, overall, it was a great drama, so 8 out of 10."
6,일억개의별,"This is one of my top 5 kdrama. Seo inguk and So-Min have the best chemistry in kdrama that I ever watched. U can feel the deep love by the way they look each other. Maybe u can say that its kinda dark for romance genre, but its really worth to watch."
7,일억개의별,"I don't understand why this drama did not receive the spot light it should have. It's based on a Japanese drama, except that the plot took a different ending. I loved it, the actors, the suspense to it, the traumas, everything! I enjoyed the psychological aspect to it too, just make sure that you have a box of tissues next to you watching this."
8,일억개의별,"A very Satisfied Drama ,,, an Outclass,Awesome,superub Kdrama
Every episode was sooo perfect Direction,Script was soo good Story different & was Hearttouching ,Acting Good by all cast Especially lead Actor In-Guk Soo & lead actress & his brother all Acting was toooo good & their character was very likeable but End was Sad & heartbreaking"
9,일억개의별,Its one of the visual piece that left mark in one's memory . I have watched twice because I couldn't find anything like that in Kdrama's . Unfortunate couple who goes through many ups and down but dont leave beliver on one an other . This is a very well written story and more importantly script . Writer didnt miss to make a point and took us to an emotional rollar coaster ride . effortless chemistry between 2 actors and every single charactor perfectly fit in their role . It will make you smile and cry on the same time and you will fall in love with these 2 charators .
10,일억개의별,No words to describe this series. Its so subtl and realistic that you can connect with the character. The actors done Justis special Kim mo young and jing kook. The few episodes are heart wrenching. You can't forget this series after completing for 3-4 days.
11,일억개의별,"Every aspect of this little masterpiece is really great. For those who love realistic stories without the typical kdrama cliché, this is a must. The script is amazing, but the cast was even better. Both of the lead actors were insanely good, you can't forget them after this performance. The lead actor in particular, was something out of this world. The role he portrayed was difficult, unique. Very skilled actor.
It's a shame this drama is so underrated."
12,일억개의별,"I didn't know anything about this show before watching it, not even that it is a remake of a Japanese drama. I am glad because I was genuinely surprised by the ending. I don't want to spoil anything if you're interested in this show. Just know that it is not a romantic comedy and the actors are fantastic, especially the male lead. He really brought his character to life with such mastery that it gives me the chill. Highly recommended if you are looking for a love story that comes with more than a thrill or two."
13,일억개의별,"Watching this drama was a series of ups and downs, me liking it, me being annoyed at it, me being bored and me being completely caught by what was shown on screen.The first few episodes were kind of boring and I was quite confused for at least 2/3 of the show - the latter is obviously intentional as the confusion, suspense and unknown is what keeps you watching.But around episode 10 I was kind of fed up with the ups and downs and I felt like the drama kind of stopped evolving? Like, nothing new was being explained and I felt like the content of the episodes were repetitive in a way. So at that point I was actually looking forward to finishing the show.And that was the case until I actually finished the drama. Because that was the first time everything that has happened in the drama made sense to me. Like everything concluded well and although the ending is sad, it just made sense to me in a way because I could pinpoint where everything started to go wrong and why everything happened the way it happened.I also loved the way you keep seeing the characters in different lights throughout the journey the more you find out about them: you literally go from hating to liking back to hating and again back to liking a character or various of them. It also made me realize what an amazing job the actors did, especially the male lead though.Even though I felt good and content at the end of the drama, I still gotta admit this show was a constant up and down which is why I removed a few points."
14,일억개의별,Just perfect..i really enjoyed it! Best kdrama in 2018!
15,일억개의별,"So many emotions going on during watching this drama (in a positive way). The lead actors was so good in making the character's development. The chemistry between the two was perfect and felt so real. They don't have to talk much but we can feel the emotions from their eyes looking each other and from the skinship. It also have so many beautiful, sad and deep lines. Though there's 1 or 2 part was missing but for the whole package this drama is amazingly beautiful. Shout out to Seo In Guk-ssi for his facial expressions and for PDNim for directed beautiful scenes. I cried a lot tho!"
16,일억개의별,"It was great and very intense, kept me hooked until episode 13 then it felt like it dragged a bit."
17,일억개의별,"Beside the brilliant story I literally enjoy watching seo in guk act. I was bored by watching stereotype drama. Of course it has some flaws but everything does, right? Anyway I'm going to watch it again as soon as I find a free time."
18,일억개의별,I like this drama because of performance given by seo and park. I liked seo's performance the most. It was gripping and entertaining . I liked they romantic part of the show.
19,일억개의별,"What a series was that !!!!! 😲😲😲😲
A true masterpiece!!!!Emotionally riveting from start to finish!The story, the thriller, the excitement, the drama, the romance, all were so wonderful!!!!Seo In Guk was SO SO SO AMAZING, in the best role of his life!!!!What a great performance!!!!And his chemistry with the protagonist was incredible !!!!All the actors were also great!!!Worth to watch it!!!!!!"
20,일억개의별,"One of my favorite melodramatic kdrama💔 i ever watch,,, yes it was hard to watch and break my heart, and also i know it was not for everyone,,, but still i loved it, i love the way they both reunited together for life, i love the way the story goes, i love jin kang and kim mo yeongs bonding, i love other character also, i love everything...i know i will come back and watched it again and fell their eternity love,,that's it i have nothing more to say 💚"
21,일억개의별,One of the most boring drama i have ever watched...Specially the last 6 episodes...feels like the storyline is being unnecessarily dragged....it is just 🤢🤢🤢🤢
22,일억개의별,I would say... one of the most underrated drama... i was surprised... it was so dark... sad and so beautiful... 👍 haven't seen/known the previous version that's why i was clueless... so the plot twist simply blown me away... great work 👍 seo inguk shines here for me 👏
23,일억개의별,"I defended this series for a while, especially Seo In-Guk. After a while, I said to myself that I would give it a chance, just because of the good evaluation, and something just told me to try it. As usual, it paid off. During the series, I actually understood that Seo In-Guk is not really unsympathetic but he played his character so great. I guess that half of the series I was on a swing. I tried to find out what he was thinking, what he was up to ... So the creators were able to honestly confuse the viewer's mind. The series is mostly melodramatic, but the main actress brightens it with her energy. The series is not childish and naive, but quite the opposite. Here again we have a well-known Korean fatefully, but this time do not expect the happy ending that you get used to. The main character will play with fate, which will have a cruel consequences."
24,일억개의별,"They say that the best film is the one that stays in your mind, bothers you for few days.. this is that kind of drama. It takes you into the story and at the end you just sit stunned. ""Why?""""why?"" That's what I kept asking myself...
This drama is different from the others."
25,일억개의별," Superb Korean Drama with Classic Themes
"
26,일억개의별," mesmerising performances and magnificent cinematography
"
27,일억개의별," Great and suspenseful!
"
28,일억개의별," everyone on this work DELIVERED!!!
"
29,일억개의별," A True Tragedy
"
30,일억개의별," Good Enough
"
31,일억개의별," I guarantee, once u watch it u will never forget.
"
32,일억개의별," Underrated Drama
"
33,일억개의별," Outclass Korean Drama ,Surprised rating very low
"
34,일억개의별," Brillant Script and extraordinary actors
"
35,일억개의별," Just perfect
"
36,일억개의별," One of a kind
"
37,일억개의별," A love story that will shake you
"
38,일억개의별," All in all a good drama
"
39,일억개의별," Daebak..
"
40,일억개의별," Best Kdrama!
"
41,일억개의별," Hit a wall
"
42,일억개의별," You must watch it
"
43,일억개의별," Really good
"
44,일억개의별," WOW!!!! A story and acting masterpiece!!!!!
"
45,일억개의별," Eternity love 💚
"
46,일억개의별," Booring
"
47,일억개의별," a great watch
"
48,일억개의별," Great storyline
"
49,일억개의별," THIS drama IS DIFFERENT.
"
