,title,review
0,자백,"I thoroughly enjoyed this KDrama thriller series! It was well acted and well written, with the exception of some glaring cliche's that were a bit irritating but not deal breakers. An exciting soundtrack and characters you can't help but root for, as well as an interesting mystery make this well worth a watch."
1,자백,"Confession is one of the best kdrama(s) i have watched .
If you like investigations,mystery,suspense , then definitely you will enjoy this .
If you like Korean dramas then believe me you have to watch it ."
2,자백," Interesting and Well Acted Thriller
"
3,자백," One of the best
"
