,title,review
0,지정생존자,"The plot is thick and full of twists and turns. The actor who plays president is so good. This show exhibits extremely clever writing, loads of action, and tear-jerking moments. My favorite character in the U.S. version is Kimble Hookstraten. The Korean equivalent of her is the leader of the opposition party (Korea has a different government structure) and she is a main character with so many layers. What a treat! It was tough having to read subtitles while trying to appreciate the acting but you eventually get used it."
1,지정생존자,"With episode 3, Korea made this story their own. At this level of emotional and creative complexity, the Korean version easily surpasses the original version, and the closure is a nice touch."
2,지정생존자,"I am watching both Korean version and the original American version just for comparison. I have to say I like the Korean version much better. American version is fast paced with tight plot, however, the Korean version is doing a much better job in developing character and connecting with audience emotionally. The performance of whole crew is excellent! Can't wait for the next episode!"
3,지정생존자,Every consecutive episode this series getting much better.
4,지정생존자,"My first impression this series, i thought is just Political Drama, but, after watch every episode, is not just about that. It's moral things, conflict and self-personality blend with amazing storytelling. Not just Political Drama, is people in people interaction. 👌"
5,지정생존자,"I won't compare this series with the original one, but all I could say is that Designated Survivor: 60 days has been successfully executing the plot SO DAMN WELL!! The moment I decided to watch this was because I saw this series on my Netflix recommendation, I heard about the original one, but haven't decided to watch it, so I think I'll give this one a shot first. And if you find reviews saying ""Designated Survivor: 60 Days is SO DAMN GOOD"" well, they're not sugarcoating it! I had an extremely high expectation when I was about to start watching the first episode since I know what event will create the butterfly effect, yet, the first episode successfully made everyone who watches it shocked by how high this episode topped everyone's expectation BEYOND what they could imagine!continuing to the second episode, it's only fair for me to tell you that the first episode was a great warm up for a roller coaster of emotions that you will experience in the second episode!and I'd say it's been a while since K-Drama has such a nice plot, greatly executed, and wonderful underrated actors with splendid performances!ah! and make sure to prepare some tissues with you, you'll thank me later!"
6,지정생존자,"Comparisons with the American version are inevitable. The answer: This Korean version exceeds expectations and is so much better in many respects.The protagonist is really an inexperienced - but smart and principled - outsider, not a Superman unconvincingly masquerading as a Clark Kent. The NIS agent is believable in her capabilities and conduct, not some supermodel-like super-cop. And the plot, while equally fanciful, is a bit less fantastical and thus more plausible.That plot, combined with good acting and writing, is what makes this series a strong one. The political intrigues here are much more interesting, given the backdrop of the Korean Peninsula. With so much at stake and only 60 days, there is a tighter focus in storytelling that makes this ""Designated Survivor"" quite engrossing.As a fan of political dramas, I enjoyed this aspect of the series. If you do not, then there is still the conspiracy angle to sink your teeth into. Unfortunately, the latter is not as well developed as the former, and takes much longer to get going. Fortunately, when it does pick up, this part of the series is still engaging enough to hold your attention.My other minor complaint is that some of the characters are a bit of a caricature and disappointingly takes away from the realism. And that is the main downside of the series. Given the generally smart storytelling, I'm not sure why this happened. Still, a very good drama."
7,지정생존자,"I binge watched the entire series on Netflix, and repeat what is often stated in these reviews: the Korean version blows the American version away. For one thing they keep this clean and wholesome. A couple of bloody scenes, but at least it doesn't throw all decency out the window like the 3rd season of the American version.This series is all about a non-politician with a sense of morality and ethics being put in the nation's most powerful position. That is better done if the series itself has a sense of morality and ethics (both of which is lacking in the American version). The more I watch Korean drama, the more I realize how good they are at building characters, portraying stories, and getting to the heart of a drama.This series reminds me of West Wing (though thankfully, much slower paced. West Wing made my brain bleed.) The story here is excellent, the plot twists regular and unexpected. I did have it ""figured out"" early in the series (which is unusual for me. I'm no Sherlock Holmes.) But other than that this had a great plot, good story line, and terrific acting, directing, music and sets.And just so it's said... it is so refreshing to see a series about a person who is honest, has integrity, morality and insists on doing what is right. How rare is that these days? All through this series I couldn't help but look at the main character and think, ""This guy could play the Korean 'Superman'."" Seriously, he has Clark Kent written all over him. ;DThat aside, this is just plain good television. Doesn't get much better."
8,지정생존자,"This is much better than American version. Almost all actors do the justice with the characters / roles.
A must watch for those who are interested in the world politics."
9,지정생존자,"Excellent execution of this story. The longer episodes and Korean style story telling allowed me to relax with the characters. I had the time I needed to get to know subtle persona nuances which gave room for sympathetic and empitetic moments from my side (abr. tears). It has also suffered very little americanisations which was refreshing. The cinematic style used on the ""curtain-closer"" was a pleasant cerebral recap. I look forward to see how this show is carried forward."
10,지정생존자,"Well build storylines, not a plastic surgery face as president (Kiefer Sutherland) that continuously acts as an emotional roller coaster , but instead finally a strong acting president character!Bravo!"
11,지정생존자,"The series is great. Although I just started watching the show. Waiting for the next episode Last candidate 60 days! Shooting is very good and shows a good composition. THROW! I do not think this is a failure. Good performance! Yes, I heard comparing the USA and South Korea, it seems. But in this culture, everything is different. Not a lot of interesting actor, was a professor of chemistry or a physicist. And he became the acting president of power! Poisonous chills struck me."
12,지정생존자,"I am now watching Episode 13 and it is only getting more thrilling by the moment. I haven't watched the American version yet so i don't have a point of comparison for the storyline or script but have found the Korean one to be exciting and full of twists. The acting is first rate and what a joy to watch, what may be just acting, but intelligent people hard at work. I know governments around the world have very smart people working for them but reading the newspapers would not make me think that. This is a great adult drama to watch!"
13,지정생존자,"Clearly the story borrows heavily from the U.S. original, which borrowed from other stories. However, the Korean version is different enough that I have really enjoyed it and just finished watching episode 9.Very nicely done, often some strong tension until a crisis is resolved. And the resolution is not always predictable. The special effects aren't up to the level of the U.S. version, but otherwise I have no complaints.I'm hopeful they will be able to keep it up."
14,지정생존자,"Perfected the eng version, one of the best kdrama, story, plotline, suspense , they just make you guessing till the end and I wish there was political person like him in reality anyways I recommend this to everyone and I heard there is a season 2, I'm waiting..Must watch series!!!"
15,지정생존자,"Absolutely fabulous rendition of American series, and so much better. Outstanding cast: they were all exceptional! Loved it!"
16,지정생존자,"Much better than the American version, superb acting and amazing storyline. Can't wait to see more!"
17,지정생존자,"It took me a couple of episodes to adapt to the slower pace of character and plot development, but so worth the wait. This series is significantly better than the American version, which grew tiresome for me. I found that when I just settled in and let myself go with the slower pace, I was so much more interested, surprised and even riveted by the plot twists and unfolding episodes. Learned a lot about how Koreans express emotions compared to Americans; much more contained, but clearly as deep. Highly recommended."
18,지정생존자,"One does not have to be Korean, or understand its politics, to be sucked into the show. While the drama stayed close to the premise of the original, it is still a fresh and riveting watch.The characters are properly fleshed out, with no black and white caricatured villains. You see how ideals can build a nation and at the same time, morally corrupt.Every episode is fun, tense and exciting. Yes, this weird combo. I binged through all 16 episodes in a single sitting. So be prepared."
19,지정생존자,"The storyline were easily predicted but the plot of scenes and right choose of actor and actress by director are tenfold good.
i enjoyed watching this drama with my family and i enjoyed my weekend by this drama. tenfold thumbs. i ended up 2 days to watch this drama.
they should continue this drama for continuing the episodes.
please proceed for next episodes.
i'm waiting eagerly :-)"
20,지정생존자,"Love the show, the character development and the exposure to the internal politics and machinations of South Korea, speaking as an American."
21,지정생존자,"Themes as crazy and seemingly ""having much potential"" as ""designated survivor"" are always the most difficult ones to work with, because it has too much potentials, and too easy to either have a superficial telling or lacking critical realism.The worst part about the U.S. original is a lack of focus, a ""fit"" among its context, theme, plot and characters. It ""tried"" too much. This Korean adaptation clearly saw this critical flaw and offered a beautiful and simple solution through a convenient yet much needed context (the ""60 day""), which allowed the show to craft its content, message, characters with a laser focus. No more, no less. Just the right dosage of romanticism and suspensefulness for the audience to swallow, keeping them engaged and satisfied throughout."
22,지정생존자,"Agree with previous review, sooo much better than US version, almost like it's completely different TV show. With each episode I want to watch more and more:)"
23,지정생존자,"I find this series to be exciting and thoughtful, very well done. The viewers can identify with the characters. The casts all did a great job."
24,지정생존자,"This Korean remake imports some of the good points and bad points of the US version. The initial episodes get you interested and the basic plot about the bombing and later the survivor are similar. Here the North Korean conflict comes into play as a possible culprit. Things branch off later on with LGBTQ issues. One common thing is the political in fighting is boring in both versions. Talk talk talk.
Some things about this Korean version are better.
I enjoyed the first season of the US version but because it was separated by years got lost and gave up. So it is nice to have the whole story handled in one 16 episode season.
Ji Jin Hee is dignified looking and quite a watchable convincing character. Kiefer Sutherland tended to look goofy. They kept calling him POTUS too many times. Lee Joon Hyuk is good as the enigmatic sole survivor.
Some things about the US version are better
I prefer Maggie Q in the US version. Her Korean counterpart is played by Kang Han Na and she is a bit insipid in this role, lacking the sharp look that Maggie Q has.
Not a must watch but okay."
25,지정생존자,"I watched both Korean and the original American version, i must say i liked more the Korean version.American version is just so basic. Korean version is doing amazing job with developing characters and showing emotions. Whole crew and serie is excellent!After American versions, i was ""okey, this ended, this was okey"".After Korean version, i was ""damn this was amazing, i wanted more, but still i was happy how all ended and how the ""team"" did stay together""."
26,지정생존자,"At first episode, it was interesting and left me wanting to watch the next episodes. However after episode 2 , I already know who is the villain and the story became plateau. The climax was not satisfying as they found out who is the villain. I also felt Ji Jin Hee was not at his best in this Kdrama. Also, the american version was better overall in my opinion."
27,지정생존자,"The Korean adaptation of the original series is just mind-blowing. The complexity of the plot and the development of the characters especially on an emotional level is superb. The actors did a fantastic job and really made the series their own. Even from the first few episodes the series keeps you at the edge of your seat making you craving to watch more just to know how the plot will unfold in the next episode.In my opinion, this series greatly surpasses the original one in every aspect: acting, screenplay, music, suspense and drama. Therefore, when and if you consider watching it just do yourselves a favor and watch it; it is absolutely worth it."
28,지정생존자,"I decided to give a rating of 10 after the 8th episode. Till then did I realise how terrific this drama is.Almost all male actors are handsome looking. The lead Ji, the secretarial general, minister O, the blue house speaker. I appreciate very much the acting of secretarial general actor Sun. His acting skill is the most captivating. His facial expression is rich and cute. Hope he will soon a male lead.Male lead Ji is very handsome. But it would be better if he acts more expressively. Anyway his type suits the role of a president.The plot is execellent. It is closely tied, imaginative yet logical. Plot twist is abundant to make you feel excited all through the 16 episodes. Credit must be given to the screenwriter of the original US drama.It makes me think of D day and Descendants of the sun, where buildings breaking down into bricks.My only query is why Ji stays in hospital for so long after the assasination. He could have turned his office into a ward, as long as he is the president.Thanks all the production team and actors for your efforts putting into the drama. It is long before I come across an impressive drama as this.Craving for a second season to come."
29,지정생존자,"Simply a roller-coaster of emotions, well crafted story, great character development, and superb acting. Love the twists, turns and cliffhangers. I actually want a second season - would be exciting to see him back in the blue house as the duly elected president!"
30,지정생존자,"So my title might be a little confusing but basically I find the Politics theme and the story interesting but I found that sometimes it gets a little boring, however I still gave a 8/10 because that rarely happens.
The acting was good I recommend this series"
31,지정생존자,Very Nice and convincing. No unnecessary scenes of Intimate relations. Waiting for the Season 2....😍😍
32,지정생존자,"Not since the first Broadchurch series have I watched a show that kept me guessing till the very end. Throughout, you might guess that this character was the mastermind or that one was; quite a few times returning to one or the other. And the reveal was done in the same understated way that nevertheless blows the mind, as the aforementioned UK show did.For all of 60 Days' strong points - and there are quite a few, there are a few minuses. Sometimes, it dragged. Some characters' fates were left up in the air and some plotlines just wandered off, never finding a satisfying conclusion.Still, it's a better watch by far than the US version. The characters have more depth and there's far more nuance - both in the story and in the performances."
33,지정생존자,"The show takes the basic premise from the original American series and added the political background of South Korea, which stipulates that the acting president or the ""designated survivor"" could only be in power for 60 days. Add the ever present tension with North Korea, the show got off to a very interesting start. However, as the series went on, it became very clear that the writers and the producers clearly lacked the skills to meticulously navigate through the plot line that was already built it. The original show created an original problem and provided an original solution. This remake copied the original problem and added other elements to it. What the show failed to do was come up with an original solution of its own, a sensible one. A single person is more capable than the entire intelligence apparatus. The villains who had no problem blowing up a building to kill several hundred people and subsequently kill off more people in the first few episodes suddenly cannot or do not want to kill those who are actually getting close to revealing their identity. A group of army generals are plotting a coup d' etat like some kids planning a friendly soccer match for the weekend. It goes on and on... If you haven't started on this series, avoid it."
34,지정생존자,1st i watch english version then come to this....but korean version has more emotions and full of goosbump scenes...
35,지정생존자,OMG what a sleeping show very slow how stupid is the writer-director & producer of this show shame Korea never see Doha bad show let's pray they will not come a 2 season oooooo God no thanks
36,지정생존자,"Im waiting season 2.. 3..and more..Please im begging, it must be continue.."
37,지정생존자,"Korean copies of us originals is at it again. The good doctor and suits were bad copies. This adds to the pile. Decent production is foiled by localising content to suit their taste. Which means implausible plot lines. Throw in unconvincing acting and you'll get a mess of a show with the lead actor president Park mu jin being the weakest link. He is no keifer sutherland but he fails even to muster enough convincability to champion the steps of our great keifer.
Bad choice of casting for the first lady as well. She looks so fake and character so weak. Unlike the original which found her too strong they had to kill her off in the previous season.It's watchable at best but plot lines seem overlapping at times and terrible story telling at its most boring that it borders on lazy.If this is the trend I may never ever watch any other Korean copies. I watched all or most of the korean dramas and the original stories were very interesting.Stop copying usa content and develop your own. You're much better at it anyways. If you copy and have to localise it you lose all the essence of the original and it just makes it ridiculous. At least nail the CGI effects. So fake it makes the Simpsons look more real."
38,지정생존자,"The US series Designated Survivor suffers from several hadicaps, the largest being its insistence that the viewer agrees with the moral viewpoints of its titular character, something that becomes increasingly difficult as the series progresses and Kiefer Sutherland turns the pedantic moralizing up to eleven.However, this is as nothing compared to the mess created with this Korean remake. Whereas the title character in the original at least manages to do and say things, his Korean counterpart may well be the single most useless protagonist ever to disgrace the screen. This is not the fault of the actor, who tries very hard. Park Mu-Jin, acting president of the Republic of Korea, sits and stands around, saying nothing and doing nothing as events unfold around him, for the simple reason that the script gives him no lines. He might as well be removed from the series. In fact, that might have made for a more interesting story. If there had been NO survivor, the chaos in the government could be understandable. Instead, the viewer is left raging at the screen in helpless frustration, begging the main character to do something, anything! Instead, he sits around, the actor desperately trying to emote purely through facial expressions, until he gets to the point in the episode where he gets to speak his handful of lines. And even then he manages to be useless, becasue his lines typically consist of asking why things are the way they are and begging others to find a solution for him. This might have worked for the first one or two episodes; but by the third the character should at least have grown used to the idea that he is in charge. The end result is that his political opponents, unpleasant though they are become increasingly sympathetic; presumably not the effect the creators aimed for.Arguably the most frustrating political thriller ever made, this is a series to avoid at all costs."
39,지정생존자,No originality to this story compared to the original. The Korean version doesn't learn from the original and makes the same mistakes. I will rather stick to the original.
40,지정생존자,"I gave this k drama a chance, and it was way far better and ingeresting than I expected. All the characters were best in their own way. This show was up to the point. I would admit that, this was better than The House Of Cards. After the first and the second episode one will definitely get hooked to this series. The way in which they potrayed the whole plot was mind blowing."
41,지정생존자,"Watched the first two series of the ABS series.. fair enough.But this - almost to close to comfort. In Norway the teorist whos name is not spoken would almost succeed but decided to do it during vacation. That saved the Prime Minister and most of the cabinet.This series are (based on Season 1) almost to close to comfort... Japan, US and China bringing their military... North and South trying to reconsile.I actually fear that this story may actually be reality before we know it.... Should be mandatory for diplomats working with Korea-penisuela issues."
42,지정생존자,"My first show with subtitles, I didn't regret a single minute. I ran into it by accident and could not stop watching. Better than the original show. Not a big budget production.Gives insights into Korean ethics and leadership culture and leaves you with a good feeling after 20 hours of watching.I love the last 5 minutes. This is the true climax of the show. It is not important who is behind the coup, it is about integrity in good and bad times."
43,지정생존자," Way Better Than the U.S. Version
"
44,지정생존자," Superb Korean Interpretation of the Original Series
"
45,지정생존자," Great Political Drama with Superb Character Development
"
46,지정생존자," Perfect Example for Masterpiece
"
47,지정생존자," Great Political Drama!
"
48,지정생존자," Twist ater twist
"
49,지정생존자," Fancyful Korean Politics
"
50,지정생존자," Well worth watching-- unlike the American version
"
51,지정생존자," Super political drama with amazing storyline
"
52,지정생존자," The dept this story needed
"
53,지정생존자," Much better then the American version ""Designated Survivor""
"
54,지정생존자," Designated Survivor: 60 Days
"
55,지정생존자," Exciting, well written and acted
"
56,지정생존자," Excellent adaptation
"
57,지정생존자," Best Netflix originals (Korean)
"
58,지정생존자," Excellent Series!
"
59,지정생존자," A brilliant masterpiece!
"
60,지정생존자," Truly exceptional
"
61,지정생존자," Riveting, tight storyline compared to the original
"
62,지정생존자," Heavyweight drama, the best drama so far
"
63,지정생존자," Very addictive
"
64,지정생존자," Laser Focus
"
65,지정생존자," Amazing!
"
66,지정생존자," Exciting Series
"
67,지정생존자," Pros and cons compared to the US version
"
68,지정생존자," Superb show
"
69,지정생존자," Not enough cliff hangers
"
70,지정생존자," Simply a masterpiece
"
71,지정생존자," Climax comes late. Don't miss it.
"
72,지정생존자," A Rollercoaster
"
73,지정생존자," Interesting Theme But Unintereting At Times
"
74,지정생존자," Best of the Best
"
75,지정생존자," Not Since Broadchurch
"
76,지정생존자," Oh, what a mess...
"
77,지정생존자," Must watch
"
78,지정생존자," Sleeping show
"
79,지정생존자," Best Korean Politacal Drama
"
80,지정생존자," Another lousy Korean copy of the original
"
81,지정생존자," Remakes rarely work. This one is no exception
"
82,지정생존자," Nothing new, repeats ""same"" mistakes as US version
"
83,지정생존자," A true political masterpiece. Political show at its best. How these politicians thinks in each and every situation, shown in the best way!! Must watch!!
"
84,지정생존자," Plausible-tense like hell
"
85,지정생존자," What a big surprise
"
