,title,review
0,카이로스,"Starts on an interesting note, but then halfway through starts getting dislikable. There are some predictable plot-twists throughout. Not much charm to the characters either, unlike some other timeline related dramas I saw recently. Overall it's fine, but not great."
1,카이로스,"Surprisingly there are 2 shows this year with the people from 2 time periods communicating via cell phone: ""The Call"" and Kairos. It is a different and sometimes difficult premise to accept. The viewer needs to get into the rhythm of this show. Need to concentrate or it can be confusing. Something bad happens then by altering things in the past the present changes. There are flashbacks too so the viewer needs to concentrate hard with all the different scenarios. It is hard to keep track of who knows what and when. The kidnap draws one in to the show. Be prepared for frustrating moments every episode. Many times feel like slapping Han Ae Ri's mother when she doesn't tell what is going on and Ae Ri when she wails. But it is interesting to see how things change when there is alteration to the past.
The cast is watchable so they keep the one interested. Shin Sung Rok acts well and tormented when necessary. Nam Gyu Ri is pretty and it is a good role for her to show different facets. Ahn Bo Hyun of Itaewon Class acts quite differently here.
With less jumping around in time it could have been much better, less complicated and easier to follow. The story is simple but it's told in an unnecessarily complicated manner."
2,카이로스,"I've watched the first 3 episodes and I am totally addicted. If it continues on this good it has the makings of being one of the best K-Dramas I've seen.Good cast, well acted and an interesting storyline.Update: Just watched episode 6 and am still addicted, twists and turns galore."
3,카이로스,"I just finished watching the masterpiece called Flower of Evil.
This tops that in terms of nail biting edge of the seat thrilling moments."
4,카이로스,"This show wasn't without its flaws but it was entertaining enough for me to overlook them. The actors were all incredibly talented and the numerous twists and turns and revelation of each character's motives in the show kept me on the edge of my seat. The technical aspects of this show, such as the editing and soundtrack were also superb. I especially loved the transitions between the two timelines. And I would say that I'm really satisfied with the ending, because everyone got what they deserved, be it good or bad. And the pacing was good too because there wasn't a dull moment in this show for me, even though there were parts that left me kind of frustrated. For example, the characters didn't think to upload the files online somewhere like hello? Why put yourselves through all that trouble when it could be solved so easily, especially when the two timelines were set in the 21st century, a month apart."
5,카이로스,"I watched 12 episodes so far and the plot just gets better and better. It exiting since the first episode. Try it for yourself! Watch the 1st episode and you will see.Pros:
The actors are spot on.The cinematography is very good.The souds and music are just perfect.The story is the best I have watched and evolves witch each episode (12 eps outso far)
character, and character evolvement is astonishing it just goes on and onCons:
sometimes the camera wobbles to muchas the story plot is evolving you have to watch attentively (not realy a con)it is ongoing and the suspense can kill youhigh bood pressure ( you have been warned ;)HIGHLY UNDERATED"
6,카이로스,"Definitely worth the watch for fans of thrillers.Exceptionally well written and gripping from start to finish. Acting is superb, both main and support. Only con (for some at least) is that timeline jumping occurs fairly often per episode so you need to pay close attention."
7,카이로스,"It's a fantastic Korean drama. I like the plot. There are many secrets that are gradually revealed as the episodes progress. Somehow, the mastermind is too soon to reveal himself.It ended with a happy ending that piqued the audience's interest."
8,카이로스,"Y'all be making me dream about a tv series! Please change it back to two episodes a week, please! its one of the rear good ones thats a hit from the very start."
9,카이로스,Nice drama i watch it from 1st episode until the finale.The drama was interesting and more excitement and unpredictable..to the cast 2 thumbs up..
10,카이로스,Extremely captivating and creative storyline with lots of twist. Watch & appreciate the writer's creativity.
11,카이로스,"Well, it could have been a good series for me but unfortunately, it isn't.
I really couldn't feel any sympathy for the family and didn't care about them.
Here we have a rich couple, who love their daughter but are too busy achieving their own goal to take care of her. The husband is completely assisted and have a habit of having other people do things for him, even caring for her child. And the worst is that they can't even hire a proper professional babysitter to watch the kid (also, you bring your kid to a concerto, you want her to behave - or basically do nothing at all- and can't even tolerate her by your side). Well, you got what you desserved.
And then, it kept going but the acting and filming was a bit overdramatic, and too focalised on the couple. Whereas the hardworking daughter story was more interesting and moving.
I stopped watcing after episode 4, completely lost interest."
12,카이로스,"First of PLEASE put this on Netflix, mbc don't let this drama end like this....it's Sooo good. It deserves a daesang, the writer, actors, actresses, directors, plot, storyline... everything is so good. I never imagined I'll see a Korean series this close to perfection.."
13,카이로스,"The cast is superb on so many levels in both character and plot development. It's a very complicated time slip story that for the most part is riveting, but at times the shifts and outcomes aren't quite thorough, leaving some plot holes especially in the closest of the relationships. But still strongly recommended for the outstanding cast and excellent time shift concept as detective story. I enjoyed this series."
14,카이로스,I wasn't sure about this drama but with so many twist and turns I couldn't stop watching it.
15,카이로스,"Kairos was an incredible show from start to finish. The plot twists and details were impeccably thought through, and the acting was top notch from the whole cast. The cinematography was perfectly done to help aid the viewer distinguish between the present and future story lines. The soundtrack was somber and chilling at times and helped to create the dark mood of the show.The first half of the show was definitely a bit better than the second half, but I still was hooked to every episode. The last few episodes were a tad muddled, and I was a bit confused as to the main villain's motive, hence the knock of one star. Otherwise it was a perfect show."
16,카이로스,"Best Kdrama in 2020
My favourite series❤
All characters and acting skills are so good.
And storyline is very interesting."
17,카이로스,"This drama has a phenomenal combination of an amazing script, directing, and stellar casts from the lead to the supporting roles. I have come to learn that the script writer developed this drama for three years and I could see that the writer pays attention to the smallest detail of the story, especially the changes of events after a disruption done by the characters. I believe that such meticulousness is hard to achieve, knowing the nature of time-travel, sci-fi drama. Yet, the story is crafted perfectly as it stays true to the plot and there is no unnecessary filler.Both director and casts are also what made the drama into the masterpiece that it is. The casts, from the main lead to the supporting characters portray their character in such depth that it does not let the viewers wonder on their action and display of emotion."
18,카이로스," Interesting in first-half, annoying in second-half
"
19,카이로스," Frustrating and confusing
"
20,카이로스," Well I am hooked.
"
21,카이로스," Best thriller ever
"
22,카이로스," Amazing!
"
23,카이로스," Best Thriller Kdrama I watched so far!
"
24,카이로스," Strong from start to finish
"
25,카이로스," Love it
"
26,카이로스," why just an episode a week?
"
27,카이로스," nice drama
"
28,카이로스," Captivating
"
29,카이로스," Meh, lack of empathy
"
30,카이로스," KAIROS THE BEST KDRAMA IVE SEEN IN THE PAST 4YRS
"
31,카이로스," Excellent Time Slip Series
"
32,카이로스," On the edge of your seat drama
"
33,카이로스," Brilliant and Gripping Thriller
"
34,카이로스," Good Cast and Interesting Storyline
"
35,카이로스," Well-written, well-executed Korean Drama
"
