,title,review
0,커피한잔할까요,"Whimsical and sweet, each episode also has aspects of pertinent issues and sensibilities. It gently takes you along as the main character learns to understand things about the world around him and the people in it. Just a nice way to spend 25 minutes."
1,커피한잔할까요,"This show definitely surprised me (In a wonderful way). Watching each Episode is like a treat with several layers of goodness. Every episode walks you through a unique mix various emotions be it happiness, joy, kindness, heartbreak etc. This show definitely grows on you.Great and strong performances by all the actors. Park Ho-San is a gem of an actor and did justice to his character, Seong-Wu Ong also gave a very strong performance. Such a heartwarming and wholesome show that shows complex relationships, views and teaches life lessons through the journey of the characters and with a teacher teaching his student how to make a great cup of coffee. I highly recommend this show, so happy that I watched this gem of a show."
2,커피한잔할까요," I like it.
"
3,커피한잔할까요," A Gem of a Show
"
