,title,review
0,키마이라,"Every episode is amazing.drama is really worthy to watch.unique plot and with great actors.highly recommend 💯. Not
Like other crime and investigation series, we can't guess who are the suspect.every episode give us a suprise. Camera and lightinges are excellent."
1,키마이라,Enjoyed it alot its emotional aswell i felt so connected to it. The story is unique i liked how they used greek mythology and the crimes were so creative and different.
2,키마이라,"This was already before episode 1 was finished. So stupid. A car explodes for unknown reason with a man inside, and a detective walks into a room nearby with 2 green gas flasks? And don't get the point even when his partner screams on the phone ""get out"". She doesn't even say it's going to explode, and it did and he falls 4 stories down on the only car there after diving through a window... impossible. And he is totally unhurt.And it goes on and on. So many much better Korean shows, I skipped from episode 2 to 16. I just couldn't take it anymore :-("
3,키마이라,"Good cast that worked hard but the writing was not good enough, often garbled, even repetitive. I love thrillers and detective but this one for me was inconsistent. It's okay, and I finished, but remained unimpressed."
4,키마이라," A Great drama
"
5,키마이라," great drama should be popular
"
6,키마이라," Disappointed
"
7,키마이라," Good But Uneven
"
