,title,review
0,한번다녀왔습니다,"It's an amazing achievement that so much of this show is enjoyable, laugh out loud funny and genuinely touching and the characters are so real and likeable. This family drama centers around a family with a son and three daughters who all get divorced. The various reasons for divorce are carefully portrayed: financial (the stuntman), personality differences (the doctor), infidelity (the stewardess and the youngest child). An outstanding aspect is the 2 mothers of the families who are often hilarious both in their relationship with each other and their children is acutely observed. Liked the contrasting personalities of the 2 younger daughters, the blunt doctor and the sweet youngest daughter. Long but well written story arc about 2 siblings separated and lost to each other in child hood. The romances are very fun to watch and the viewer really can root for them. The romance of the dentist and the youngest daughter is really cute and charming. The stewardess and the judo athlete is and touching too. The problems of 2 doctors is quite moving and real. Each element is nicely handled with the resolutions to the issues satisfying and plausible. Interesting surprise villain offensive and lacking conscience. Very realistic portrayal of borrower and lender perspectives. The humor is varied and farcical at times.
The acting is terrific from the ensemble cast. Lee Min Jung handles the role of the doctor daughter well as a woman high on IQ but low on EQ. Her husband played by Lee Sang Yeob really gets the viewer's sympathy. Lee Sang Yi is charming as the dentist brother a funny and realistic brother relationship. Oh Yoon Ah is also very touching as the stewardess. Lee Cho Hee is endearing as the youngest daughter. Parasite fans will recognize Lee Jong Eun as the cute and fiesty long lost sister.
Highly recommended."
1,한번다녀왔습니다,"Give it A Shot
You Won't Regret It
Not A Single Episode Is Boring"
2,한번다녀왔습니다,"It was too much fun to watch, I just love all the characters. Worth to watch. Recommended for all. You can enjoy it with your family, it was great."
3,한번다녀왔습니다,The story is about a local market and concentrates on the family of a chicken shop owner. It is extremely well written and even over 50 episodes it manages to hold your attention all the way through. Credit must go to the actors as the whole cast are believable and you feel invested in their lives and really want the best for all of them. It shows the importance of family but also the ups and downs that happen in all relationships. If you want to go on a feel good journey with laugh out loud moments coupled with heartbreak this series is highly recommended.
4,한번다녀왔습니다,"You'll laugh, you'll cry, but such a heartwarming series. All of the cast are perfect. It may be a long series but give it a go. You won't be disappointed."
5,한번다녀왔습니다,"One of the best K Drama series for me, recommended for everyone"
6,한번다녀왔습니다,It's a really good Korean drama. I watched many but in some of them I got bored a bit. It's getting attention of the viewer and I felt sad when it ended. You always get curious of the next episode. None of the episodes are repeating themselves. It's totally recommended. I wish there would be more episodes. :(
7,한번다녀왔습니다,"Large cast of interesting long term and new actors. It's a long series of 50 episodes but is looks fun and exciting and up for it. So I'm watching it. Lots of well know older Korean actors seem to cast in a more comedy role be good to see that when I have seen them act in very serious roles in the past. What I really like about these Korean dramas is that they go into the details of the lives of the people portrayed in these dramas and you get the whole experience of their lifestyles which I class as the Korean Lifestyles. Also I'm always happy to see true family life displayed and that younger children are included in the mix. Looking forward to watching this. These dramas is where I get my understanding of the cultural life of Koreans.The beginning is a bit confusing and sad. Korean parent take their children's marriages and divorce far too personally. Actually it is not about them (the parents) at all. It's about the couples. Here in New Zealand often our Maori people don't even get married and just leave the relationship when they are not happy about it. Yes! It can and does hurt the parents but they don't interfere with the couples choices. Why is it so bad to get a divorce then worse to marry a divorcee? I don't understand that way of thinking.My own family 8 of us.Josie me had a child at 19 but left that man and married another man. Divorced him 50+ years later but we had been separated for 30+ years. I decided that it was time.Wayne - Married twice divorced twice now single
Marcia - Married then divorced 2nd marriage
Pihi - Child at 15 kicked out that man she had a baby too and had several relationships. Then married and divorced 2nd marriage
Dallas - Had several different woman had children to then married one kicked her out. Had another relationship with a very young woman had more children. Then died after several children with her.Syan had children with his first love she left him. He married and had more children.Lance had a child to his first love never committed but married someone else while still young. They had children then he left.Ngahue had two sons to a man while still young. He left her. She picked up with a Solo-dad with 4 children. They had two son. They married late in life after the children had grown upHow can the parents be so furious with them when they divorce? Really it is not their life. It's the life of the children.The parents relationship should be strong enough to console each other. After all they have each other. But it doesn't happen here. The adult children are so obedient and listen to their parents. Why?I do love their family relationships where they sleep with their children because it is part of my culture to sleep with our children until they are happy to sleep in their own beds.These Korean dramas certainly know how to play on your heart strings.There are the four siblings:
Oh Dae-hwan as Song Joon-sun a son the oldest. This son is a stuntman a bit of feisty and stroppy guy but loveable. Who will fight anyone if it has anything to do with the safety of his sisters and family. His wife divorced him because he became the surety for a friend and the friend couldn't pay the debt. Still loves his wife so much. So happy when his ex-wife allowed him to sleep the night in the bedroom of his two daughters. One a teenager and the other 5 years old.Oh Yoon-ah as Song Ga-hee - the oldest girl - second child. She was an air steward who married the captain(pilot) of a plane she was on but divorced him when she caught him cheating on her. She is a personality not to be messed with. They have one sweet son. He is beginning puberty. He is Kim Ji Hoon described belowLee Min-jung as Song Na-hee - A very intelligent but stroppy woman - third child,. She is a doctor a pediatrician. She is works well in her hospital but is not approachable to her junior doctors who are afraid of her. She speaks harshly to them. Her husband works in the same hospital. They get on well professionally.Lee Cho-hee as Song Da-hee - She is nickname the Last One - youngest child. She has a bit of an inferiority complex and hasn't pushed herself during her student days. Her marriage was annulled when she caught her newly wed husband kissing another woman on the evening of their wedding day. She begins to fall in love with her sisters ex-brother-inlaw. She is sweet kind and very humorous.Ki Do Hoon / Park Hyo Shin Wow! He is such a spunk and he has grown up since Arthdal Chronicles. That is where I first noticed him and he's a supporting actor in this Drama. I noticed him immediately when he appeared in here. He is so gorgeous and his martial arts skills are phenomenal I have added him to my best Korean actors list. He makes a big impression on here and I want to watch him play a leading role in another drama. He is not that verbal in this role but his presence is stunning. He is so stoic, self-controlled and taciturn but he loves to help Moon Woo Jin / Kim Ji Hoon (Ga Hee's son) who is being bullied at school. He is teaching him judo. He comforts him when his dad doesn't turn up after he has promised to come visit. He becomes Ga Hee's love interest when he tell her he likes her.Ahn Kil KangYang Chi Soo (Young Dal's friend) I've never seen him in a role like this before, as a romantic man. He acts this part so well but I miss his action man roles as the martial arts superior fighter. I was so annoyed with him though. He is so fickle just because Baek Ji WonJang Ok Ja (Ok Boon's younger sister) kissed him he changed his affections to her. What else did she give him is my question?Chun Ho Jin / Song Young Dal I'm used him in those hard man political roles or the evil master mind and seeing him here as the soft but penny pinching and loveable family man is revealing as to his depth as an actor. He keeps you on your toes and engrossed in the storyline. As the father though.....he is such an Indian Giver. When he is drunk he gives out money to his children but the next day when he is sober. He takes it all back. So comical. They're used to it but they try so hard to keep the money but he has a strategy that makes them give it back.The story of him and his sister was getting a bit tedious especially when the scamming woman got hold of that old photograph of him and his family. I felt like quitting the drama. Then but his kids love stories kept me bonded to the end. That con woman though was making me so furious as she had caused so much drama. I kept skipping over the parts where she was scamming the family. She was making me so mad. Chun Ho Jin the actor had to play a very emotional role in this drama. It was awesome to seen him demonstrate, sadness, betrayal, joy and happiness, disappointment, defeat, failure, error, discouragement. All of these emotions were etched on his face. Truly an outstanding actorMoon Woo JinKim Ji Hoon (Ga Hee's son) He is such a good little actor but I hate it when his father doesn't turn up for his parental visits and leaves him waiting outside of the school. It just breaks my heart. He bonds with Park Hyo Shin.Acting:
Such tremendous emotional acting from all of our actors from both the young and older actors. This is showing their vast range and qualities as accomplished and gifted Korean actors.Kim Bo Yun / Choi Yoon Jung (Gyu Jin & Jae Suk's mother) She was an irritating and annoying character but she was an outstanding actor and she got to wear some fabulous clothes. I particularly loved her pink peplum jacket and pink flowered tight skirt outfit in episode 37. She looked dazzling and stunning in it. The peplum style so suits her. It showed off her amazing slim figure. She got to wear some stunning garments. Although she and Cha Hwa Yun/Jang Ok Boon (Mother of the four sibling) fought often. They were old school friends and she supported Jang Ok Boon when she left her husband. They give each other mutual support. Her daughters are in a relationship with Choi Yoon Jung sons but most of the drama the couples are keeping in secret from their parents.Costumes
The clothing worn but the women in this drama is eye-catching, stunning and impressive. They got to wear specular and modern fashionable garments that captured our envy and admiration. It made us stop look and appreciate. The three sisters always looked fashionable and well dressed. I particularly love there shorts and tops or shorts suits ( same jacket and matching shorts). Lee Min Jung/Song Na Hee The doctor wore dressy ones to work at the hospital. Lee Cho Hee/ Song Da Hee wore shorts to university. Oh Yoon Ah/ Song Ga Hee wore mostly upmarket dresses. Lee Jung Eun Kang Cho Yeon / Song Young Sook the lost sister and her two supporters:Lee Joo-ri and Kim Ga-yeon got to wear more outrageous revealing and brazen outfits that totally suited the role they played.Lee Jung Eun
Kang Cho Yeon / Song Young Sook
Was the lost sister that they took so long to find. Sister's Kimbap store owner. Young-dal's long-lost younger sister, Song Young-sook.When watching this program I couldn't help but compare the New Zealand way of life with the Korea practices. They both have a high culture of drinking until drunk, also a high level of family violence parents against their wives and children. Koreans even hit their grown to adults children whereas in NZ children have learnt to fight back against their parents or leave home. Koreans often sleep on the floor with their children as do Maori and Polynesian New Zealanders. Often Maori and Polynesians also have this Senior/Junior thing. Elders above younger, elder siblings before younger siblings. Personally I think it's petty. Respect is earned not a given.Cinematography and Photography
Some scenes were breathtakingly beautiful. We got to see some of the most attractive scenic cityscapes of Korean. The photography had clear and distinct qualities to it."
8,한번다녀왔습니다,"... but by no means overdone.There's hardly an element of life that this show doesn't touch on: grief, anger, bitterness, jealousy, fear and love. There is so much love in this show!All of the characters and story arcs are credible and relatable but the one that resonated the most was the lost sister. The show was made all the better by uniformly spot-on performances.If there must be one complaint, it would be the out of place giggling. Fortunately, not all the characters had ill-placed giggles.Watching this series felt like dropping in on good friends. Binge-watching is impossible with 50 episodes but it was so satisfying, dropping in on this gang again, night after night. It'd been a while since I so eagerly looked forward to my viewing time.You might enjoy dropping in on them, too."
9,한번다녀왔습니다,"This is a movie on all great best. It takes you through a lot of emotions, happy and sad and I like the details in the movie. I like all the characters in the movie and I recommend you take your time out to watch it. It's really sad to see the end of the movie and I want it to last forever."
10,한번다녀왔습니다," Extremely enjoyable
"
11,한번다녀왔습니다," The Best Drama Ever Without A Single Boring Episode
"
12,한번다녀왔습니다," Best drama ever
"
13,한번다녀왔습니다," Unspoken feelings hold no power
"
14,한번다녀왔습니다," Heartwarming series
"
15,한번다녀왔습니다," Perfect for all ages
"
16,한번다녀왔습니다," It's in top 3 for me!
"
17,한번다녀왔습니다," Korean large family small family contrasts
"
18,한번다녀왔습니다," A bit of everything...
"
19,한번다녀왔습니다," More then awesome
"
