,title,review
0,해피니스,"Whole premise of the show is flawed. There are so many things that make no sense from a logical standpoint. All characters made dumb decisions just to create the plot for this series. Just another show catered towards people with no critical thinking, aka most viewers...The main female character is taken for observation after being infected. She doesn't exhibit any symptoms. She's the only one who seems to be immune to the virus, and might be the only person in the world who can help in creating a cure for the disease. So what does the military charismatic doctor do? Keep her for observation and try to create a cure based on her immunity? No, he just lets her go and locks her up for 2 weeks in an apartment full of infected people. Yep, lock the only person capable of saving the world with a bunch of zombies! Oh dear...Halfway throughout the show, the doctor realized he needs her to create a cure. Better late than never, huh? So what does he do after confronting her in the apartment? Take her away by force for the good of humankind? No, he lets her go.At the end of the show, the doctor makes another silly decision by throwing away the only 2 vaccines, one to save his wife (understandable), and the other he gives to the main female character. Why? He's throwing away possibly the future of entire mankind, just so that she can save one person?Another massive plothole: we learn near the end of the show that apparently they already found a couple more patients that were immune to the disease. But, of course, only the main heroine's blood can be used to make the vaccine. None of the other 4 or 5 confirmed cases of immunity, nope!And the complete lack of logic just keeps piling on. We see in earlier episodes that everyone in the apartment goes to the market and buys a freaking month's worth of water and food. And they somehow run out after a week and resort to stealing, blackmailing, backstabbing, and violence. Also, in the earlier episodes we see the military giving rations to people in lockdown. We are shown multiple times that the military is 24/7 guarding the premises and making sure they're not let outside. So, if they're still there, why do they stop giving out rations after a couple days? Makes no sense, especially considering the fact that they want to keep the main female character alive because of her immunity. They just decide not to give out rations so the plot can developed into an ugly battle for survival. Yikes...Most characters act very dumb in this movie. Instead of staying at home to stay away from the infected, they end up in situations that endanger the entire cast. Ugh, even more of dumb writing for the sake of keeping the plot alive. And they failed at that too. The plot drags on for many hours and doesn't keep the viewer engaged."
1,해피니스,"The actors are all spot on in each character, but the plot is both derivative and repetitive. And the ending feels tacked on. The series is okay, but definitely not the best of KDrama."
2,해피니스,"Full of plot holes and characters that do things that make no sense. The female lead who works in counter-terrorism seems to make all the wrong tactical decisions. In fact, many of the characters make really stupid decisions just so the script can place them in perilous situations - a sign of lazy scriptwriting. The series is also very slow and pedestrian, nothing like Netflix's Sweet Home which has such strong female characters and a driving momentum."
3,해피니스,"Happiness, as the name sounds, isn't all about happiness though. This thriller drama sees an apocalyptic world where virus has created a havoc and residents of an apartment are surviving for their life.Happiness had a decent story with a very good production and overall visuals. The soundtrack though, was the best part in the entire drama. The music tuned to the perfect rhythm along with the key moments in the series.Not forgetting about the leads who gave a commendable performance and maintained romantic chemistry among themselves. It might not be a part of my Top 5 drama of the year, but it was a very well made show which blended multiple genres/aspects and delivered a convincing result.My Rating : 7.5/10."
4,해피니스,"I found the synopsis very interesting so gave it a go ,was planning to watch it anyway as it's Park Hyung Sik's comeback but wow it's really immersive and had me hooked from the first episode. Would seem pretty cliche to some because of the backdrop and the flesh eating virus but the leading couple's chemistry elevate it for me. Can't wait to see more I hope it has good pacing and more action.So I just finished the drama and wow...that was quite amazing. The progression felt so natural and although there were some minor plot holes and inconveniences it was overall very cohesive. Undoubtedly one of the best dramas of this year."
5,해피니스,"I wasn't sure I would like this show, I figured it would just be another zombie series but they have put a new twist to the genre. I love the actors and all the characters. This show has the right amount of humor to it as well. Don't miss out on this great series."
6,해피니스,"Korean Drama ""Happiness"" is a dystopian drama that feels, nevertheless, close to home. The drama doesn't focus too much on the horror aspect, with the zombie-like disease, that could have been easily overused with loads of gory scenes and bloodbath.Rather, the drama opted for a more character-centric story, with the focus being maintained on the neighbors and their dynamics when a crisis hits home. The addition of the corporation mystery, along with the family drama, were all a nice touch that added more twists to the main plot.However, the drama missed making the conclusion clear, or more dramatic. Everything was actually too conveniently solved when everyone was straggling to come to a conclusion all throughout the drama. Also, the drama felt like it was missing something, like the story needed something more to leave a bigger impact.Nonetheless, the performances were great and aided the entertainment value of the drama a lot. The CGI were also well made.So, overall, 6.5 out of 10."
7,해피니스,"If you want to watch a Drama with the two dumbest protagonists you'll ever see give this one a go. It was slow, dull, and boring. Watch good K-dramas like Psychopath Diary and Flower of Evil. Don't believe the high reviews for this nonsense."
8,해피니스,"This 12 episode series is the first that brilliantly takes elements of the pandemic to create a thriller that feels totally relatable. Because of what everyone has been through this past 2 years many elements of this show don't feel far fetched but instead are gripping and real. One of the best things about the show is it doesn't rely on a lot of gore or shock tactics or a monster a minute kind of thing. Korean Tv and movies are great at doing zombies but here it's a rabies like disease with some zombie traits. The story builds up the different characters well so each encounter is meaningful and then when the excitement and scary moments happen it really counts. Love the selfish ""villians"" of the show like the doctor, the lawyer, the greedy woman and the president of the residents committee, and the cleaners all told with brilliant black comedy. The ending is feel good and brings together everything in a complete theatrical hilarious and logical way.The 2 leads are extremely likable. Han Hyo Joo is pretty and feisty. Park Hyung Shik has filled out and looks more mature now so he can do this kind of role. The supporting cast are excellent and they portray the quirks selfishness and greed of their characters in a hilarious and Parasite like way.Just watch it. The best show to emerge from the Pandemic."
9,해피니스,"This show was so good!!! In fact GREAT!!! It is so much more than just an apocalypse show. It subtly portrays the dark side of humanity and how we humans are so fragile in holding our sanity in difficult times. I believe many people have encountered similar incidents during this time of covid, and I was truly amazed by how the filmmakers have brought that entire thing into life by intensifying the situation. All the characters are really well portrayed and all the actors did justice to their roles. One of the best Dramas this year.THIS IS A MUST-WATCH!!"
10,해피니스,"I feel like every episode had the exact same plot.Sae-Bom and Yi-Hyun being detectives and hitting people
Sae-Bom and Yi-Hyun increased intimacy level: +1%
Crazy People: 2-3
Amount of Zombie fights: 1
New infected: 1 every two episodes
Deaths: 1 every two episodes
Cure- updates: 2It went on and on and on. I was waiting for a change of scenery or plot, but it stayed the same until the end. Weak and boring.Only positive thing is the chemistry between Sae-Bom and Yi-Hyun. But their slowly developing relationship made that irrelevant."
11,해피니스,"To me, this is a new genre. But it's not overdone, especially the romantic part. Some would want more zombie attacks but the show place the real gore on human deceit and selfishness. That's the horror.There are enough interesting characters. All very distinct and carefully developed. The cold cool colonel with an agenda. The slimy, scheming doctor that tries to outsmart everybody. The down and out chauvinistic but simple minded lawyer. And the wannabe building representative with a fake facade are standouts. There are a few more tertiary characters that are also very well crafted. I think some credit must go to the wardrobe and casting to have an ensemble of actors and yet they are instantly recognizable due to partly their distinct appearance.Of course there is also the main couple. Who is trapped along with the group inside a quarantined area where all the drama plays out. And the drama are plenty all to do with daily living issues like divide food and water, how to avoid, detect and in a way live with the virus zombies and survive.The ending is not an all out war but smarter than that. It ties all the loose end of the social experiment. And the romantic part comes into play. The message maybe the usual love conquers all but it was delivered in an appealing way that make sense of the title of the show, Happiness, is finding who you care for."
12,해피니스,"This series is just brilliant.Thrilling and exciting and I swear every episode is just so surprising, you won't be able to stop watching it.The story depicts human nature perfectly and how they struggle and battle to survive a world pandemic whilst the greed of some takes over . With each character you will feel anger, tenderness, love, friendship and sadness too, it has moments for every emotion.I absolutely love the personality of the female lead and how strong and badass she is, she has great chemistry with the male lead too.Worth watching it, masterpiece."
13,해피니스,"Mind-blowing; Concept of thriller redefined;
Well-coordinated, well-paced scenario;
A strong support cast; World-class leading roles.I have watched a few good dramas recently, but this one's on a different level.Do not expect it to be a nonstop killing, nonsense zombie story, though. It's more of a realistic approach to an unreal situation- like an unbiased documentary."
14,해피니스,"This is the only kdrama that shows covid situation in such a real manner. In love with the whole theme, cast and moreover the pair park hyun sik and Han hyo joo.. appreciate to the one who choose them as lead."
15,해피니스,They mostly shows about bunch of people that can't manage their anger. The main story about zombie it's only 10% of total 12 eps. Waste your time. So much overrated.
16,해피니스,"I had high hopes for this drama, mainly because I love the actress and horror/zombie movies/series.Sadly the script had giant plot holes and made the characters take very silly choices. Most of the times I have found myself exclaiming ""Why!"" 😩Even though I finished it, I have lost interest since episode 5."
17,해피니스,"Grt series funny/action/sad/few jumps too-i must be watchong least 5/6 series from kprea a wk-esp as nothing on decent in uk AT ALL.Watch it then watch it again
i already watched some 2/3 times incl k2."
18,해피니스,"Happiness, an ironic name for a series that will soon turn out to be bloody. 2 eps down so far, and the plot is quite intruguing with mad disease on the loose. The cast is so good expcially the baseball boy/ badass girl vibe. Let's see how this mini 12 eps drama unfolds."
19,해피니스,"Firstly, if you expected fast paced apocalypse zombie themed serie, this is not for you. This serie is for the one who love investigation with thriller genre. Less violence but more story focus. And combined with casts' acting, Happiness is one of the best Korean serie in 2021."
20,해피니스,"Happiness is really to see HHJ back on the screen. I have been a fan of her since ""Brilliant legacy"" where she was paired with Lee Seung-gi. I have watched most of her movies because she is a great actress. Whatever role she played she can gave justice to each role she that's given to her. And now the recent ""happiness"" which i got attracted to the story line and perhaps the different drama of hers from the past."
21,해피니스,"I had high expectations for this new drama, I'm a huge fan of kingdom and sweet home, with zombies and monsters and happiness did not disappoint me!I'm totally in love with Park Hyung-sik and Han Yoo-joo chemistry, they were just perfect and although the main theme isn't the romance, the way they acted with each other transmitted it perfectly, they were so cute and badass at the same time, really a powerful couple!"
22,해피니스,"OMG this highly-anticipated drama of the year really exceeds beyond my expectations. The first 2 episodes were damn exciting and thrilling and the chemistry between PHS and HHJ is sooo good! PHS is such a magnetic charm after being back in the small screen after so long; it feels like he has come out of the vitamin factory seriously, he looks sooo fine, handsome and charismatic! I love the way he looks in this drama; it totally suits Jung Yi Hyun's character. There is a lot of suspense, thrill, action, fantasy, character development in the story. Refreshing story, a whole new genre at a different level - the story has been close to our hearts having gone through the tough Covid-19 pandemic for over a year; how the government and pharmaceutical companies are dealing with it; how people of various classes face discrimination and life changes in the midst of survival. I can expect this to be the best psychologically thrilling drama that has been released to date. I can't wait to see how the story unfolds! I am so happy to spend my November and December with Happiness. Happiness Fighting!! How I wish they have Season 2 please!!!"
23,해피니스,"Completely unrealistic considering the story is set when the world is still recovering from covid-19.1. WHAT IS UP WITH ALL THE DAMN MEETINGS? Why do they keep leaving their homes? Did they not learn from what happened in pandemic? I cringe every time people keep leaving their homes to meet other people, or to just satisfy their curiosity with all the ruckus happening in the building.2. Protagonists are dull, shallow and yet shown as selfless and brave. I hate characters who try so hard to be the heroes or characters that try so hard to be hated. Nah it's just bad writing.3. Female lead keeps acting cool but really, she's stupid. People are scared that she might be infected due to her scratch. She could've just self-isolated to be fair to others instead of acting high and mighty just to prove it.4. Why would you hang out and talk normally with an infected person as if they won't get crazy and bite your head off in a millisecond? I get that some infected are better at controlling their thirsts more than others, and that they can return to normal for some time. But that doesn't mean they should be careless. There aren't even proven studies yet about the disease, the symptoms, the incubation period, the cure. STAY AT HOME PEOPLE.5. I mean, walking around without a weapon?? Hello? I bet I could last longer than any of them. Just by minding my own damn business in my bedroom.6. Badly-written.7. Lol romance ain't even cute they're trying too hard.8. Honestly the zombies are better actors.9. Just doesn't make any sense. Overrated show.10. Weird title."
24,해피니스,"Not what you usually expect from K-dramas.Although good make up/zombies acting, but script was really weak with so many loopholes, and characters with stupid motivations."
25,해피니스,"As a kdrama fan, I still don't get what so good in survival dramas. It's not my usual type of genre. But recently this genre got more popular. Sweet Home, Squid Game n Now Happiness. But I still like Happiness Kdrama and the reasons are simple Han Hyo Joo one of my favorite actress. Kdrama are addictable. I finished watching it. It was good. If you tried Squid Game and Sweet Home, then you can also give this a try."
26,해피니스,"My first time to watch (with partially covered eyes) zombie and frightening scenes! Actor Park Hyung Sik made this possible!Every episode is worth waiting for. Every story of every character is interesting. Every scene and dialogue is well thought of, and acted out with intense perfornance from every actor/actress! 🌟
Actor Park Hyung Sik delivers outstanding performance, even in his action parts! Actress Han Hyo Joo projects an aggressive role, yet remains adoringly feminine, and so funny!PHS as Yi Hyun and HHJ as Sae Bom is a 'match made in heaven,' with the couple delivering pure Happiness and deep devotion for each other!💖
All in all, 'Happiness' is a Must watch and very Highly Recommended!Happy viewing! Last 2 episodes coming, and binge-watch on episides 1-10! No regrets!🌟"
27,해피니스,I like actor Park hyungsik that's the main reason I watch this series. He proves that his strength not only lies in romance but many other fields like this. It is just so fun to watch him and Hanhyojoo together. They have great chemistry.
28,해피니스,"Did we need another killer virus story, especially as we're still hostage to a killer virus? Hasn't apocalyptic dystopia been done to death? Could gore ever be done in such a way that it add to the story - it doesn't become the story?The answer to all three of these is YES, but only if done exactly this way.Because it's not a story of gore. It's neither apocalyptic nor dystopian. It's real and, oddly enough, uplifting. A fascinating study of human psychology; how some people will prefer their agenda over what's best for all and the depths they'll go to to get what they want.On the other hand, it also shows the heights of grace and decency humans are capable of, even if it costs them, in the end.Park Hyun-sik could hardly have chosen a better vehicle for his comeback. He acts like a man comfortable in his skin and takes every opportunity to show off his range; from goofy boy to grieving man. He's well-met with his partner; they're so well paired that you feel like a voyeur, peering into their intimacy.The one star rating loss is because things wrapped abruptly. Last we see Yi-hyun, he's triple-shot and being wailed over; next thing you know, it's a sunny day and they're outside. So-yoon is happily running around... but what about her parents?What about the rest of the characters?Maybe those unanswered questions leave the door open for a sequel."
29,해피니스,"First few episodes were good and intersting.. after unnecessary subject, too much drama and unrelated scenes made me feel bored
.. some episodes are not worth watching."
30,해피니스,"I love a good Korean thriller; they take risks on scripts that Hollywood has become too self-indulged to make.So I was excited to watch this, mainly due to the high ratings and reviews.The acting is excellent, the characters are likable, and the zombies are genuinely scary.Unfortunately, the plot of almost every episode is driven solely by the Characters making truly nonsensical decisions. Some of the scenes feel like they were written by excited ten year olds. It's sloppy writing at it's best. It's not clever enough to create tension without having people act in ridiculously Impractical ways. And this is where it loses me.A shame because the lead actors are very likeable."
31,해피니스,"I instantly got hooked on this series right after watching the first episode ,the plot is really interesting. The story didn't just focus on finding the cure on the new virus but they also gave us a glimpse on some social issues that is currently happening in SK. The main cast gave justice to their characters, they did an amazing job. I also loved the subtle romance between PHS and HHJ, they really made my heart flutter even without much skin ship, they looked so adorable on screen. HHJ is such a beautiful and talented actress, I instantly became a fan and am currently watching her other series and movies. PHS is a charmer and his physique suited him very well ,he looks more manly now. I'm hoping for a season 2!"
32,해피니스,"I'ved watched too many dramas that i am usually not hooked at the first ep but THIS DRAMA GOT ME HOOKED IN THE FIRST SCENES. This is a gem,the pacing is good the story is amazing and the characters are perfect 😙👌 100000/10."
33,해피니스,"Hyunsik came back with such a banger. No wonder he is my favourite actor. After chocolate boy image he is trying something new and he is doing so well. Literally, hyunsik and hyo jo killed it."
34,해피니스,"It was great seeing Park Hyung Sik again, he emotes all his characters so so well. It's a joy to watch him. Han Hyo Joo too, is amazing here. You barely recognize her from W. The real star is definitely the story though. It's not a typical zombie apocalypse story, it's more of satirical thriller. Lots of realistic scenarios and social commentary along with a slow-burn romance. Every episode keeps you on your toes and you really end up loving the characters. A major plus is also the very strong female lead. All in all, you should definitely give it a try and watch the first episode. So far, this show is going in my favourites' list!"
35,해피니스,"Already been down for last 2 episodes but there are still another revaluation, you think that you have already the conclusion of the story but you will be again directed to another guessing game. Its very unique and a lot of realization, special when we were been put into this kind of situation. Great job."
36,해피니스,"Happiness, is a work of art. From the director, actors and story line, this drama deserves an A+ score. It creates awareness of what is happening in our world today, with virus around us, with whom we can give our trust and with whom we can find happiness despite the chaos and uncertainties.A must see korean drama in this generation 👍👍👍Great job, team Happiness! 💙"
37,해피니스,A lot of stupid characters in the show. Their stupidity makes you want to them all to become zombies. The plot/storyline doesn't makes sense. Not worth the watch & waste of time.
38,해피니스,"Dystopian K-drama focused more on interpersonal relationships in an apartment building. Ahn Gil-Ho definitely didn't want to scare audience with derivative shock tactics and zombie antics which probably made some episodes felt stretched with unnecessary moments.Solid cast did great job in portraying human nature in 'new-normal' situations. Hyung-Sik & Hyo-Joo being power couple who defined ""home isn't a place, it's a person"" truly won us over. However i felt something was missing in the end with hasty conclusions and unanswered questions."
39,해피니스,"HAPPINESS is a simple but magnificent project with a small filmography. A standing ovation is for the entire cast & crew. This is the first drama that I've been following so closely since the first episode & I've always been checking my IG & Youtube for any new releases or bts footage because it's so addictive that I couldn't get enough of it. Oh, how I wish there're 16 episodes!It's a horror-drama hybrid, yet it's also a deftly written examination of the human condition during a pandemic. It perfectly captures our increased paranoia, distrust & fear of others in the aftermath of a disaster. Altogether it simply exceeds viewers' expectations.I'm so glad PHS & HHJ chose this project; it's their best comeback drama of the year. As a cop couple, this is the ideal partner pairing. Both leads do an excellent job in their roles & are extremely impressive. Their chemistry was uncommon. They look out for each other as best friends, & when Sae-bom asks Yi-Hyun to act as her spouse, the way he agrees almost makes them seem like a long-time old couple. From ep 9 to 12, I bawled my eyes out because every single word from Hyun & Bom is so emotional, touching, & meaningful.And then there lieutenant colonel Tae-Seok, who deserves to be mentioned. As a viewer, at first, you can't predict if he is the bad guy or the good guy. Jo Woo-jin is a treat to watch as this enigmatic character. The intense decisions he takes to handle the outbreak will leave the viewer baffled.Aside from that, The residents of the apartments are admirable, & they made us feel a wide range of emotions as they demonstrated the best & worst aspects of human nature.Through this series, we learned how much humanity, love, happiness, & kindness we require in our daily lives. In a nutshell, It was a tense but uplifting drama.(P. S. Park Hyung-Sik never lets us down with his performances. He is constantly pushing himself to take on new roles, & he demonstrated his versatility in this thriller drama. He is simply a rare gem.)"
40,해피니스,"This is one of the best dramas of 2021,each and every episode is full of thrill, especially the plot twist in the last 4 episodes was really unpredictable,park shing huk and Han hyo joo pair was extraordinary they completely stole the show,their chemistry was good,finally drama ended on a happy note justifying the title."
41,해피니스,"This is surprisingly good appears Han Hyo Joo is out of sex video purgatory and landed a solid series, she has matured into a fantastic adult actress not that she's a old hag but she no longer in her 20's. The series so far develops as it goes and doesn't get progressively foolish like we have all seen with K. D.
its not a flesh eating Zombie series either like we need more of that, watch it takes til the 2nd episode to get going.So im finished and downgrading it to a 6 it drags pretty bad after the 6th episode."
42,해피니스,"It is not just another series about zombies. It's about human's amazing behavior, both for good and bad in an extreme situation. What is scary is not the zombies, but the realism with which it represents us as humans. In addition, the performance of the actors is sublime, 100% credible. A great job, without a doubt. Waiting for the next episode."
43,해피니스,"Great actors, interesting characters ample time given to each character enough for audience to know them or like or get mad at them, focused on human responses under a very difficult circumtance. A thriller that was able to include hints of romance without straying away from its genre. Bravo!!"
44,해피니스,"There are so many scenes, dialogues and incidents that are very dumb. I don't know if the producers wanted to paint the characters as overly dramatic and low IQ beings with showoffs that are very cringe and making obviously stupid decisions. The actors were good but you will get angry for watching the characters doing unnecessarily stupid things."
45,해피니스,This is not an typical Zombie drama. It's not a drama about walking dead. It's a drama about human beings greed and selfish behaviour in a apocalyptic situation. Director Angilho made masterpiece with superv crews actor Parkhyungsik and Chowoojin and actress Hanhoojoo. Must watch!
46,해피니스,"Absolutely loved the series.... complete package of thriller, suspense, action and chemistry. The acting of all actors is on point...leads are a powercouple.loved the leads han hyun joo and park hyung sik."
47,해피니스,"Overall not bad drama, good leads, good mixture of action drama, bit of comedy, only bad point are some of yhe characters are your tied cliche types and a few if those why did they do that moments where people do something that makes no sense."
48,해피니스,"Even though the main genre for Happiness is apocalyptic thriller, the romance thrives here. But forget about cheesy lines, typical romantic moves, kdramas love clichés and unbelievable overpathetic confessions. Saebom-Yihyun relationship IS the standard. It is purely healthy relationship without obsession/possesion/manipulation and whatever else. The most important for each of them is well-being and safety of their partner. They care about each other in a subtle way, always having each other's back and solving problems as one.He is a detective, she serves in special forces
together they are perfect badass power couple!What I love is that Saebom is strong independent brave female character, and Yihyun let her be like that, supporting her actions and not treating her as weak gender. Which means he has great trust in her. But when her life is in danger, he turns into protective mode and saves her at all costs.It is a big pleasure to watch them respecting each other, fighting together back to back, teasing or having night conversations over bottle of beer. This is what natural relationship of married couple looks like.Scene when they confess to each other that if one of them is hurt, then the other feels pain too is the greatest love confession in the kdrama world (hope they will get married for real in last episodes, which I am very much looking forward to!).Kudos to both lead actors who were able to show us such a wonderful realistic chemistry. (I could rewatch it hundred of times just for seeing Hyungsik as protective husband).Unforgettable duet of Han Hyo Joo and Park Hyungsik."
49,해피니스,"If you are looking for full zombie action with run and kill all the time, then this might not suitable for you.I find it quite interesting because every character has his/her own motive and agenda, and made different decisions when facing the virus infected persons.It makes you think you would have done the same, if your priority is yourself or some bigger ambition over others..."
50,해피니스,"I was expecting the residents to band together to fight against the virus but as time went on, the more divided they became. But then again, what else could you expect from a bunch of eccentric characters. All of the adults hated each other's guts and everyone had an ulterior motive. Honestly I even grew to strongly dislike a couple of side characters because they were so infuriating. But I gave it some thought and really, these characters acted like how normal ignorant people would have in the same situation: with a single minded selfishness and desire to survive to the end, even at the cost of others. Well, but not everyone was bad. Instead there were some who were still compassionate and caring but it's in these situations that the basest human instincts take over. It was truly interesting to see how some of characters constantly tried to prioritize their well-being over others'. The ending was anticlimactic though but it was cute how the main characters finally confessed their feelings and became a real married couple."
51,해피니스,"Dnt watch it.. its awful . Specially female lead is so annyoing and all other side characters as well..
Dnt waste your time.Unbearable to watch. Even writer is conguse if it is melodrama or thriller. Unnecessary romance is making it awful."
52,해피니스,"I enjoyed it very much. Acting top noth from lead and the rest of the crew
No boring moment from the start,
Wish there were more episodes
Cause its 95% sadness and 5% happiness."
53,해피니스,"It's one of the best kdrama of 2021. Literally I have watched many kdramas but this one hits different. I was hooked to this drama from ep1. It's very difficult to find dramas which are amazing from the start and I can guarantee that you will be hooked to ""Happiness"" from ep1. PHS and HHJ did an amazing job. Their chemistry was on fire. They nailed their every scene."
54,해피니스,"Just finished tvN show ""Happiness"" & definitely a 10/10!! One of the best shows in the genre & definitely worth the hype! (deserves more global hype imo)I always liked Park Hyungsik before but wasn't really a ""Fan"". But after this he totally won me over! His portrayal of the character, acting, chemistry, looks everything was just FABULOUS. ""YiHyun"" is now my top favorite kdrama male lead (along with Chief Hong from HCCC).Han Hyojoo was stunning in her character, even though ""SeByeom"" was sometimes too unrealistically righteous in the beginning. But by the end loved her as well.The Best character (aside PHS) out there is lieutenant Han. THE COOLEST in short.The other supporting cast also did a brilliant job cz I really really wanted to enter there & strangle some of them (lol)I could go one for hours about how good Park Hyungsik & Han Hyojoo look together. Their chemistry was one of the highlights of the show. It's not on romance genre but still gave me vibes from time to time they should definitely do another drama together.Year 2021 was the one of the greatest years for Korean shows & ""Happiness"" was the perfect last piece for it. (I'm still a bit disappointed that it's not on Netflix I hope they bring it).It'll be hard for the next kdrama I watch cz the bar has been set so high. Excellent. Brilliant."
55,해피니스,The storylines is neat. Every character of the drama is unique. The story is not only about hyunsik and hyojo but all the characters of the drama as well.
56,해피니스,Plot: Good. Not boring at all. The subject (man-made rabies) is not side tracked or forgotten at any point of the series. Romantic storyline is blended perfectly.Characters: Strong characters. They really did show how people can be greedy enough to not care about others at all (realistic). The main characters give us many #couplegoals. There's one arrogant and irritating character (there's one in every movie/series).Acting: Perfectly played their characters. Han Hyo-Joo plays the bossbitch Sae Bom and Park Hyun-Shik plays the brilliant spy + best friend/husband character. Some of the scenes are very well executed. And not only the main characters but the side characters also give a remarkable performance however shot their role is.In a gist it's an engaging series. I completed it in 3 days. I was delaying watching this because I thought I would get bored because of all the zombie thing but they have not overdone the scenes so I never got bored. Recommended!!!
57,해피니스,"""Happiness"" is a really good drama about hard times during lockdown. It really takes on a new look at the zombie genre and makes it 10 times better.Don't expect the craziness and mayhem of ""All of Us Are Dead"" or ""Train to Busan"", but there is action and tense sequences well spaced out during the 12 episodes.It's about the relationship and hardships the residents of the apartment complex face during the outbreak of an infectious desease.I was really surprised. I enjoyed every episode. They are all over an hour long, so it's like watching 12 mini movies.The characters are well portrayed and relevant for the story. Some of them are annoying, some quite unlikeable and even obnoxious.For a drama about a lockdown during an outbreak, these people surely spend a lot of time out of their apartments, roaming around the building in and out of their homes."
58,해피니스,They mostly shows about bunch of people that can't manage their anger. The main story about zombie it's only 10%. Waste your time. So much overrated.Character IQ below 0.
59,해피니스,"Maybe, the most interesting thing is the perspective of each character in a Pandemic situation.Again, as I always say,
Story is not important, is the way you tell it."
60,해피니스,"I really enjoyed this show however the last episode left questions unanswered and that's what annoyed me. The last 15 minutes of the final episode felt rushed and confusing. Apart from that, great show and a great cast. Would recommend watching it for sure."
61,해피니스,"I will not exaggerate if I say that Happiness is one of the best dramas of 2021. The best for me for sure. It combines intriguing detective storyline with good balance of action and investigation scenes, thriller suspense (believe me, sometimes you will be scared af) and also romantic vibe of it (despite actors and creators refusing it hihi). The cast is very very charismatic. Special praises is for leads' acting: Park Hyungsik and Han Hyo Joo who delivered very strong chemistry of not-so-fake married couple are just gorgeous in their comeback project.The drama takes place in post-pandemic times during another zombie virus outbreak yet of course we can draw parallels with our current society. Tenants of apartment building where they are locked show different kinds of behaviours and attitudes towards crisis. It is very interesting to observe their relationship and how do they change when fear get deeper in their hearts and when it comes to each one's own survival. Who will be able to save a humanity, but more importantly who will save a human side in them?I highly recommend this drama to watch and think about your own take on common good and individual moral."
62,해피니스,"Great start, premise and strong lead casting.What failed in this show was excessively emotion manipulation by repeating extreme human selfishness mentality in unnecessary situations , while the selfish mentality disappear and becomes idiocy during critical moments when common sense should prevail.While entertaining in parts , exhausting to watch when the formula keep repeating throughout the show."
63,해피니스,"My k-drama watching journey started very recently with Reply 1988 and now I would like to call myself a K-drama addict🙌😅 I have watched all the popular and high rated ones that were on Netflix but for HAPPINESS I made extra efforts(Im a very lazy person😴) and watched it on web streaming sites and I am glad that my efforts didnt get wasted because I was completely blown by the series🌟🌟🌟🌟🌟👌👌👌👌👌. 2021 is the year of Korean content becoming mainstream and after the massive global success Squid Game, My Name, Hometown Cha cha cha, I think HAPPINESS is that perfect finale series. Watching Park Hyung Shik in Strong Girl DBS and now in HAPPINESS compelled me to add him in my Oppa list🙈🙈 WHAT A GREAT SHOW!👏👏👏"
64,해피니스,"Nice series with an original story on the zombie genre. The protagonist duo has chemistry , I liked them a lot. Also some other characters are acting really well! Unfortunately it does not have much action and focuses more on drama. One big negative is that although there were zombies all around I didn't see any real terror in the eyes of the people who were trying to survive..overall if you a zombie eater then give this a try!"
65,해피니스,"This is a comeback project of Park Hyungsik, of course I must have watched it! He returned after military even more gorgeous than before. More mature, with more manly vibes (buff chest suits him well).But I also fell in love with plot and drama overall just after first episode. It is sooo good! Totally recommend everyone.I am totally shocked by plot twists and some characters' behaviour. The second half of the drama will just blow your mind! I want to emphasize wonderful chemistry of the whole actors cast. But Park Hyungsik's acting is just on another level. Jung Yihyun is one of the most real and credible characters created by kdramas.Drama is very dynamic, full with action, suspense, as well as cute and funny scenes. You will not regret that you watched it!"
66,해피니스,"Happiness is definitely the best thing which happened to me in 2021. It is both thought-provoking and intense, and at the same time very comforting and giving a hope. I love everything about it!The focus of the drama is put on human nature and relationship instead of disaster elements. It makes you constantly question yourself, how would you act if you were each of the character?? What choice would you make at their place?The drama shows us that real apocalypsis is not zombie crisis but human degradation turned against each other. It makes you think the real crisis is not corona and pandemic nowadays but how people treat each other during this challenge.In the movie everyone is afraid of zombies because they might bite and turn you/kill; so theoretically the biggest value for them should person's life, right? But instead tenants don't care about each other, they soon become indifferent to other's pain, problems, they even are ready to kill main couple for the power, for food, to
Isn't it true nowadays too? Fearing of the cause of crisis we forget about value behind it and often become rude to people around us.The drama was so on point portraying different development of human nature, so all my respect to production team and acting cast!***spoilers below***And even if some of them are clearly crazy (eg. Doctor from 601, Andrew), then some others like cleaners couple who helped people first, turn out to be very egotistic and changes the side of good to evil later on. While there are still people who remained kind and humane despite all what happened and all temptations to think about themselves only. Lesson of the drama: during the times of crisis everyone shows the real self.Different families are presented with different stories. Brother who first wants apartment from his single sister, ends up being afraid to hurt her and resisting his thirst to protect others. On the contrary, son with the Youtube blog glued to the blue screen and number of likes (which is another disease of today's society to be honest; some people are zombies without blood) completely abandon his old parents because he fears his mother might be infected, thinking only about himself. Disgusting lawyer shows us how difficult it might be for his wife to live with the wrong person.But of course drama doesn't show only drawbacks of human nature and our society.2021 was difficult year for me, but ""Happiness"" gave me happiness and comfort through its main characters - Saebom and Yihyun. The way they care about each other and little girl, their kindness towards other tenants. They totally live up to the title of the drama (which otherwise would be hard to call Happiness) and make us believe in true love. Like someone said, this is a good guide how to choose your partner for marriage :)
Han Hyo Joo and Park Hyungsik could express sparkling chemistry and deep true love through even small acts and gestures, through their eyes and slight smiles despite lack of any specific romantic scene. Amazing job of two actors!!The drama becomes very intense towards the end, you will cry several times in the last episodes, but the range of emotions it provokes is another best trait of the tvN project - I don't remember when I was so deeply immersed in the movie story and when i was worried about character more than myself. It will not make you indifferent for sure, so go and watch it!"
67,해피니스,"After I finished the last episode, I started watching it all over again - it was THAT good. The main characters are lovable without being cloying, and the whole cast makes a satisfying and fascinating whole. Park Hyun Sik does an amazing job acting with his eyes, while Han Hyo Joo conveys her character perfectly with just her posture.If you're looking for a gory zombie show, this isn't it. This is more of a balanced mix of romance/action/thriller/comedy/drama with limited sets that focuses on characters and relationships under extreme stress. It's a mostly realistic and more interesting outbreak than a typical zombie virus, and explores concerns about personal responsibility and class.It's not completely perfect; the methods of transmission don't make scientific sense, there's at least one too many criminals for one apartment building, and a freeze-frame transition used a few times during suspenseful moments was just awkward. I also would have liked a little more closure at the end as to what happened to all the (surviving) supporting characters.However, it pleasantly surprised me a few times, the pacing was excellent throughout (it was the perfect length) and was so enjoyable it entered an elite group of shows/movies I wanted to immediately re-watch, which earns it a rare 10/10 from me, and I'm sure I will watch several more times in the years to come. I have suspicions this was made in a lab for me, but I'm sure others will enjoy it, too. :)"
68,해피니스,"I started this show when I was in a drama slump. This definitely took me out of it.The main leads were amazing (duh) and the story line ""chefs kiss*The possibility of this actually happening has me biting my nails. Overall amazing show! Must watch!!"
69,해피니스,"Everything, literally everything about this drama is just amazing! Lately, I had been a little bored from kdramas, coz I didn't find any good ones without the same cliche storylines and romances. But im glad i found Happiness, like literally. It has really good story line, everything well plotted, the male and female leads are amazing as hell. Their romance is not the cliched one, their roles are just too good. Apart from that, tbh, this drama is quite scary too! I won't be lying if i said that i got scared during some scenes. The makeup done on the people is worth admiring. You'll definitely be scared if you watch it alone at night. So, the features of the drama are all amazing, action, horror, fantasy, romance (although it's not its genre). Do watch it!"
70,해피니스,"It is said that Happiness is a state of mind characterized by satisfaction, joy, love, pleasure and contentment. Watching this drama indeed offers Happiness. Get ready for an emotional roller-coaster ride, it is thrIlling and engaging right from the start. It is definitely not an ordinary zombie series - it will either keep you at the edge of your seat, cry over bittersweet love story of the main characters or kick out the villains to Zombieland. Each episode is unpredictable, the storyline is very original, the script, directing and cinematography are all great.Park Hyung Sik nailed his character as a Police Detective. I also love the chemistry and dynamics between Hyungsik and Hyojoo and of course their developing love story. Happiness is one great comeback drama for both of them, definitely worth every wait. The rest of the characters had their shining moments too. Overall, Happiness is a 10, a must-watch!"
71,해피니스,"I'm a big fan of everything Zombies, never misses any damn series or movie. The series is told with new dimension and perspectives which quite possible way how the world/people will manage apocalypse if it really happen, even some episodes made me a bit sleepy.But all of drama is acceptable level , not try too much to bring crying as like a K-drama alway does."
72,해피니스,"This happiness drama puts out many versions of people. People change, and the dilemma emerges. Some will work together, others will become selfish, greedy, and reject family; they no longer think of God, and money and power are more important. Even in the midst of such turmoil, upper and lower forms of discrimination may exist.Han Hyo Joo (as Yoon Sae Bom) was a member of the special operations unit who was affected by the mad person's disease and was a selfless and fearless person, but he was also straightforward. But there is a chance that he does not think and just rushes at will. And a high school friend of JungYi-hyun's,Park Hyung Sik (as Jung Yi-hyun), is a brave detective and former baseball player who knows when to use his police and sportsmanship skills. He is also smart and honest. But when Han Hyo-joo is involved, he will do everything to save her, even if it means sacrificing his life.Jo Woo-jin (as Han Tae-seok), is a lieutenant colonel who belongs to the health service command. He was the key to the spread of infectious diseases, and he was determined to heal and get a cure. He struggled a lot because of his wife.PHS was indeed a hugely successful comeback drama after his military service. What more could you want from a handsome and versatile actor? And I admire him even more.Overall, I like this drama. Nope, I love this drama that zombies give me nightmares and thrillers. I'll watch it again, and it's highly recommended to watch it."
73,해피니스,"When you cheer for the leads to get killed or infected while watching a zombie flick, it means there's something wrong with the script lol I just can't stand the dumb Sae Bom and wish her death. Way too much effort to make her cool and likeable but it instead delivers an opposite effect, unlike Seobi in Kingdom who is more sensible. The only likeable character here is the older police. I still leave it on TV while playing with phone, though, just to see how each one of them finds their doom."
74,해피니스,The selfless love was brilliantly portrayed and it was a series which is quite unusual but in a good way. Character build up is what I love about K-Drama. I was so happy that Jung Yi Hyun didn't die at the end. I would say it was perfect blend of zombie and love. I was sad to know that there would be no new season.
75,해피니스,"Happiness is great! Perfect combo of thriller and human relationship drama with a slight touch of very gentle romance and nice humour.You will feel yourself trapped in the same apartment with them, because all characters feels so realistic. Even if it seems some of them act stupid or are too cruel, just think about examples from our society - sometimes people are much more stupid and cruel in real life, so there is no too much exaggeration after all.The drama is unique combination of different genres, it is not to be put in one box only, so you will enjoy it for sure:
if you love apocalypsis, movies about zombies or viruses - Happiness deliver one of the best examples of that genre;if you are not fond of zombies and apocalyptic thrillers, you can freely start to watch cause you will have plenty of other scenes to enjoy;if you love kdramas for their romantic vibes, please watch as well! Even if there is no indication from producers on romance genre, Saebom and Yihyun are the best couple of this year, and their love is more convincing than in any rom-com - you will not regret!if you like to think deep and enjoy movies about people's relationship and human nature, please watch Happiness. It is greatest drama lately which shows our pandemic struggles so real.In short, drama has so much to offer, so any type of viewer will find something for him or her. Must-watch for anyone!"
76,해피니스,"Upon watching the trailer, then reading the synopsis and seeing the title, my curiosity became alive. The topic of ""zombies"" never interested me - that's what the trailer seems to have illustrated. However, I was very curious about how such a drama could be ""happy""?! I decided that I should step out of my comfort zone and watch the drama to find out for myself the ""happiness"" that the story would manifest. I was so glad with my decision!A few episodes into the drama, I was never more curious of why this drama is entitled as such?!! There was absolutely no happiness whatsoever in the story being told. The tragedy in the story is very much similar to the pandemic we are currently facing. It is so relatable that it touches me to the core. More than just fighting the infectious disease, we are all being challenged with another disease: human nature! Desperate situations call for desperate measures. It is not something grand; rather, it is as simple and natural as Darwinism's ""Survival of the fittest""! The beast within human takes over. People fight for survival or personal satisfaction and benefits in any way they can, regardless of whether such action is inhumane or heartless. Regardless of social class and education, everyone has an evil trait, and it shows most vividly when faced with tragedies.In the end, it is concluded that the silver lining in the wake of tragedy is still love. It was shown that spending time with the family helped the infected people to control the frequency of the episodes (the flare-up of the disease). Love was manifested by the sacrifice and acceptance of Sae Bom and Yi Hyun for each other. Love was also shown by Sae Bom's generosity for giving the last dose of cure to Seo-Yoon's mother; by Han Tae-Seok for never giving up his his wife and unborn child; by the old couple for taking in their son Dong-Hyun even after he was infected. Many more examples could be seen from dissecting the story, and essentially love is that ""Happiness"" we've been searching for!!In regard to the actors and their skills, Park Hyungsik is the only actor with whom I am familiar. I have never seen any work from any other actors in ""Happiness"". It needs to be highlighted that I have seen all of Hyungsik's dramas and movie where he has portrayed many different roles, and this is by far one of his bests. In this drama, besides expressing the many different emotions, he also was able to showcase his fighting skills. I hope this will open up new opportunities to star in the new genres for him. Han Hyo-Joo and Jo Woo-Jin portrayed their roles fully, as well as the rest of the support cast.In summary, the plot is new and refreshing, the acting was superb: a worth-watching drama. So if you're on the fence just like me over the topic of zombies and a thriller drama, I'm telling you to climb over that fence and watch it!! You will regret it if you don't, but you will be thankful if you do!!"
77,해피니스,"""Happiness"" is the drama that gives you a lot of mental pabulum. It makes you to think about values and relationships, human nature, ethic, society, humanity, social stratification etc. It gives its characters difficult choices, it creates the situations where there are not just right and wrong decisions, and you'll lose something whatever you'll choose.I think the most entertaining part of this drama is not only watching characters, but asking yourself what would you do it this situation? What decision would you make?Another part I really like about the story is that ""zombies"" here aren't monsters, and real monsters aren't zombified people. It made me think about my favorite idea of not judging a book by its cover. People who seem scary and dangerous are just ill here, while people who look nice and friendly are real devils. It is not new, but delivered very well.Characters are showing their real nature during the story development. For me the main idea is: no matter are you infected or not, your heart is what really matters. If it is full of darkness, it will be easily swallowed by virus. But if it is full of kindness, you'll find the strengths to fight against the virus. So, thinking about our real life, no matter how bad the situation is, what matters is our priorities and values we fight for. The idea is easy, but truly encouraging, for me at least. (Reminds me of Korean version of ""SUITS"" slogan, hehe. It is also about choices we do to rule our life.)
Also, the main question ""What is happiness"" is really fun to answer by yourself. And actually, the drama gives a different answers. I liked to think about happiness as the things we treasure after we lost them. Of course, it is not all of the happiness meaning, but the important part of it for me. What could you sacrifice for survival and will you live happily after that?I won't tell much about characters - you need just watch them yourself. All the actors did good job, especially evil characters. We really hated them! I also liked that many characters are showing in doubts, fear and selfness... Because this makes them real people.Jung Yi Hyun is my favorite character and one of the most favorite among Park Hyung Sik's characters. He is smart, but warm-hearted, courageous, but intelligent, cool, but emotional. I could feel his emotions very well and easily relate on him. I think his personality has something similar to mine that's why it was easy for me to feel him and to love him. Thinking about his actions, I was like ""Oh, maybe I'd got the same idea"" or ""Oh, I think I'd do this too"". To be honest, I am not that courageous and altruistic. And maybe not that smart, hahaha. But I don't mind to became the one similar to him in many points.In addition, Hyung Sik's acting part really impressed me a lot. I am especially grateful to the director and writer to let him show the full range of his acting abilities. Looking forward to the future roles, but detective Jung Yi Hyun will always have his spacial place in my heart."
78,해피니스,Wow. I like this TV show. It is the most beautiful and great TV show I have ever seen. I wish there were a few more episodes. This TV show is so Awesome. Park Hyung-Sik and Han Hyo-joo are the best on-screen couple.
79,해피니스,"Great cast with believable chemistry. Fitting content for this day and age. Last year toilet paper was hard to find..this year maybe water.. who knows. Fear, pressure and circumstance can make people do unimaginable things. It can also pull people together nicely. Well written, well acted, awesome music throughout. Would very much like to see a sequel made. I don't want to give too much of the movie away but having my review contain at least 150 characters is proving difficult. Watch it and enjoy! I don't think you'll be disappointed. If you are, then you're a stick in the mud because this has it all, love, humor, suspense, gore. Humans, we really are our own worst enemy. Really makes you think if we were faced with the same situation how would we fare? A lot of heart in this series. Easy characters to love and to hate! That's when you know the acting is good! Happiness indeed. Look forward to watching more from this writer! Well I gave this series as many well deserved kudos as I've got to give. Definitely don't sleep on Happiness. You won't be disappointed."
80,해피니스,Me and my wife enjoyed it. If you're a fan of zombie theme and happy endings. This one is for you.The ending is satisfying. It's really rare to see happy ending in a zombie film but this one got it.Kudos to team happiness!
81,해피니스,"Bad plot..so many unnecessary action by the lead actor who supposed to be the hero but some of the action are stupid and cos many more trouble..i watched many type of zombies movie or series but this one after eps 3 i stop watching,in the scene where the lead female actor who let the zombie out from the bathroom."
82,해피니스,First few episodes were still ok but as you go through the rest of the series you will end up very annoyed and irritated of the stupidity of the characters. It's like every one of them are stupid and without common sense.
83,해피니스," Good at moments. Terrible writing and almost all characters behave like they have 60 IQ.
"
84,해피니스," Strong characters, weak script.
"
85,해피니스," Happiness is for those who like watching paint dry
"
86,해피니스," Blends the story of love and thriller in a well executed drama
"
87,해피니스," Very immersive and fantastically well done drama
"
88,해피니스," I'm loving this series!
"
89,해피니스," Good Enough
"
90,해피니스," Absolute Trash
"
91,해피니스," Absolutely brilliant story - enjoyed every minute of it
"
92,해피니스," An Extraordinary Apocalypse Drama
"
93,해피니스," Boring and repetitive plot. weak ending
"
94,해피니스," Romantic Zombie Thriller
"
95,해피니스," When the scariest thing in a Zombies movie are not the zombies but the people
"
96,해피니스," Mind-blowing; Concept of Thriller Redefined
"
97,해피니스," Love with this kdrama.
"
98,해피니스," Overrated kdrama
"
99,해피니스," So so
"
100,해피니스," SUPERB korea does it again
"
101,해피니스," Pretty interesting!
"
102,해피니스," More like detective serie than typical zombie theme
"
103,해피니스," Han Hyo Joo! one of my fave K-actress!!
"
104,해피니스," Badass couple and drama!
"
105,해피니스," MIND BLOWING, DAEBAKKKK Happiness is damn good!
"
106,해피니스," I didn't even finish it
"
107,해피니스," I had high hopes.... But overrated
"
108,해피니스," Slowpaced Survival Spectacular....
"
109,해피니스," Intense, Caprivating, and Subtle Love & Deep Devotion
"
110,해피니스," I love it.
"
111,해피니스," An Abrupt End
"
112,해피니스," It's not really zombie series
"
113,해피니스," Mediocre
"
114,해피니스," One of the best 2021 Korean Series.
"
115,해피니스," A MASTERPIECE 💯
"
116,해피니스," AWESOME DRAMA
"
117,해피니스," Unique and gripping! A hit among this year's dramas!
"
118,해피니스," Never ending revalation.
"
119,해피니스," Great drama, great actors!
"
120,해피니스," FRUSTRATING
"
121,해피니스," More into interpersonal relationships during zombie outbreak
"
122,해피니스," Love it!
"
123,해피니스," Extraordinary drama
"
124,해피니스," not really a Zombie series, thank God,
"
125,해피니스," It is not just another series about Zombies
"
126,해피니스," Refreshing take on zombie/apocalyps themed drama
"
127,해피니스," Overrated, Bad script
"
128,해피니스," Masterpiece
"
129,해피니스," Best drama of 2021
"
130,해피니스," Not bad cut spoilt by some clichéd characters
"
131,해피니스," Healthy relationship's standard and realistic love - must watch
"
132,해피니스," Zombie drama with a twist on reflecting human dark sides
"
133,해피니스," An eccentric bunch of characters
"
134,해피니스," Boring drama
"
135,해피니스," Best zombie drama 2021
"
136,해피니스," Mind-blowing and it's a masterpiece
"
137,해피니스," Have nothing but praises!!!
"
138,해피니스," I can't wait untill the next episode
"
139,해피니스," Thriller story with a pinch of romance ..
"
140,해피니스," A fresh look at an outbreak
"
141,해피니스," Another worst Korea TV show ever. Character IQ is below 0.
"
142,해피니스," Again a Studio Dragon Production
"
143,해피니스," Good apart from the end
"
144,해피니스," Excellent and realistic portrayal of pandemic society
"
145,해피니스," So much potential, what a pity
"
146,해피니스," GRAND FINALE FOR THE YEAR OF K-DRAMAS👌👏
"
147,해피니스," Nice series but it felt too long.
"
148,해피니스," Great comeback of a great actor
"
149,해피니스," People are worse than zombies..
"
150,해피니스," Primo Re-watchability
"
151,해피니스," What if this actually happened?
"
152,해피니스," Best K-drama this year!
"
153,해피니스," A wonderful roller-coaster ride!
"
154,해피니스," Zombies New dimension
"
155,해피니스," An interesting, thrilling and upredictable story
"
156,해피니스," Annoying couple, boring plot
"
157,해피니스," I really loved it
"
158,해피니스," Good mix of genres, unique combination of realism, suspense, romance and horror - beyond the usual kdrama frames
"
159,해피니스," A must-watch!
"
160,해피니스," Humans are scarier
"
161,해피니스," This is amazing
"
162,해피니스," Definite Rewatch Ability
"
163,해피니스," Great series!
"
164,해피니스," I Stop watching after episode 3
"
165,해피니스," Annoying
"
