,title,review
0,홈타운,"This is my first review . After watching so many great shows like leftovers , dark and ... with complex storyline and good drama finally I see a great show with superb acting and well-developed characters . I usually avoid korean dramas because of so much romance but in the recent dramas I watch I never expected this show to be so smart and having satisfying ending. I realy enjoy the detective personality and Yoo jae myung acting too . He portrays the detective excatly nothing less or more . It is slow paced but worth the paitience until the end."
1,홈타운,"Tbh bit weird but in interesting wtf
Way
Kept my attention was not bored. Just not sure where it was going
As I had no clue of plot
One thing the bloke who was in jail
Was spookily good even voice/ too
Will watch end
But not sure if will ff some sciences as some r not needed."
2,홈타운,"At first liked it... Then became very slow and very stale.. the producers tried their best to make it a suspense thriller but ended becoming slow and a bit sleep inducing boring.Also, y r u creating a problem that never existed?I mean India and South Korea always had an amazing relationship. We respect each other a lot and find a lot of similarities in each other's culture and so feel very related to each other (most probably cz of the spread of Buddhism in Korea long time ago and also being an Easter race just like Indian-dravidians).The series tries it's best to target and insult India/Hindu ideologies even tho it doesn't touch any of them at all.. pretty weird.It's like when America was discovered but mistaken as India which is why we have the racial term ""red/native Indians""
This series does the very same by antagonizing hindi that too by totaly mispronouncing and misinterpreting every syllable of Hindi. Showing as sanskrit mantra and yoga as marker of the ongoing ""evil force""..
My question is WHY???"
3,홈타운,"This is not a thriller series, because I don't feel scare at all. The first episode is promising, but after that, the story is unnecessary long and boring.And why does it target India culture again? The bad religion uses Indian character, wear Indian cloth, and use Yoga for their ritual? It feels weird by any mean. I think the producer want to use something that is not popular among Korean, but why not just come up with something totally from imagination?The bad guy had too much power, I am not saying what kind of power here but it surely too much. At first episodes I thought there are something strange happened, but then it turns out it was 1 of the super power that the bad guy had.The ending of this series is, well, too original, unlike the first impression it tries to make.Totally NO from me."
4,홈타운,"It keeps your attention! You will want to solve the mystery too. This isn't a fast-paced thriller Tyler of storyline, but it's not boring. The OST is nice. I'm patiently waiting for Uhm Tae Goo to get more screen time, I love his works. If you feel Episode 1 wasn't that spectacular stick through it! Episode 2 is much better than, the story is slowly unraveling. It gives me the ""Beyond Evil"" drama vibes. I'll update my review on some episodes if I feel the need to until the end. I'm giving it a 7 for now, based on 1st 2 episodes."
5,홈타운,"Nice story...flash back here and there..
The way connecting people to each other..i would recommend this series for everyone who likes thriller series...please."
6,홈타운,"It is quite strange to say this but this series really has some similarities with the Indian series "" Sacred Games"" specially in the part of that cult and what they wanted to achieve, their plan to recreate that gas attack again and kill people of that whole town, the police officer who was connected and the mastermind's father part where the police officer was giving him water and most importantly this "" Guru"" thing who's the mastermind of all. Though this series doesn't have the same storyline as that Indian one but it is somehow similar if you try to think about only the major parts. Though I think it can be coincidence that these similarities are there but deep down I'm still in dilemma whether it's really a coincidence or this series is inspired from Sacred Games!!"
7,홈타운," If you like cult movies , you shouldn't miss this
"
8,홈타운," Not superb bot ok
"
9,홈타운," Why insult Indians for no reason? (FYI: ""Guru"" means teacher or the one who shines light thru the dark path AKA guidance)
"
10,홈타운," Stay away if you still have something to watch
"
11,홈타운," So Far, Slightly Above Average. There's Potential & Room For Story Development.
"
12,홈타운," Good story
"
13,홈타운," I don't know how it ended up having some similarities with Indian series "" Sacred Games""!!!
"
