,reviews,title
0,A Hidden Gem and Underated Show One of the best dramas I've seen this year It has everything you can ask for Melodrama Suspense Romance ect Lee Yoo Ri did an amazing job at her portrayal You could feel everything her character was feeling When she cried I felt like crying when she was angry I felt anger building up on me This drama never got draggy nor it lost it's charm unlike other dramas I've seen similar to this genre What I loved about this drama was that it didn't lost it's potential Nor did it went overboard with the romance eventhough to be honest I was sometimes craving for more fluffy scenes This drama never lost it's focus on the mystery and focused instead on useless scenes that went nowhere This drama made me feel anger and frustration sometimes I felt like pulling the hair of all the people that stepped on the way of Eun Su's happiness I always looked forward to this drama and it never disapointed one bit since the start to the end Yeon Jung Hoon was amazing on his role a warm hearted father He's always amazing on his roles to be honest Lee Hwa was phenomenal as a villian I hated her guts and all I ever wanted was to pull her hair That's how good she was on her potrayal of her character Goo Na Hee is still very young but has an amazing talent Looking forward for her other works She has a future before her for being so talented The music was really good as well It made the experience even more thrilling No over used Ost This drama is a hidden gem and I'll totally recomend to anyone It doesn't disapoint you My weekends will now feel empty now that it's finished but totally worth every single second of this drama Read More,거짓말의거짓말
1,Suspensefully Good This series is finally finished and though I am not an advanced writer I just like to express thoughts of how I view a show so hopefully it can help someone else trying to decide Cast Lee Yoo Ri EunSoo well known from her stellar acting in Father is Strange great family drama if you haven't seen it is the protagonist here Her character here is really different from other one so its kind of hard to compare My takeaway of common tropes in kdrama is the trance look slow moving and it bugs me when it's overdone Other than that she delivered well as a woman that is wronged Yeon Jung Hoon Kang Ji Min as a loving father and persistent journalist is a polished actor and male lead We can't stand most antagonists and you'll hate Lee Hwa Kim Ho Ran as the mother in law who is infuriatingly evil but man she is good Go Na Hee Woo Joo is the little girl who is adorable and the heart of the storyline The rest of the cast are excellent though if I could make adjustments I would of given more family support scenes to Kwon Hwa Woon Yeon Joon the pro golfer EunSoo's childhood brother to add substance to her role of not having any family line Maybe because I'm a fairly new adoptee of kdramas asian dramas I find this plot really compelling and interesting framed for murder giving birth in jail etc I won't give more away The thing is the writer and production team did an excellent job weaving the story through from present to past and then gradually connecting the dots keeping us in suspense but hungry for next and next After all is done with the who done it and why in the heart of it is a beautiful love story of a man and a woman and a little girl This is a well rounded great series in my opinion so if you are looking for your next drama binging this is the one easily a for me but I'm a novice Let me know if you liked it afterwards It might help me as an aspiring writer Thanks Read More,거짓말의거짓말
2,A masterpiece in dramaworld Well what can I say about this drama it was wonderful The story was catchy and all actors were amazingly good in their role I was a little restrained at the beginning about the reason of the romance start but because of that you want to see how it ends Even the romance was present it was not the primary subject of this drama lot of suspense mostly You will got through many emotion during this drama happy angry sad That's what I like about drama And that's what I love about this drama I recommend you to watch it in order to see it Read More,거짓말의거짓말
3,Suspenseful and Heartbreaking story of redemption and second chances Likes Non stop thrills from the first episode all the way to the end Although some of the plots were cliche and I was able guess the who is the killer and the ending it was still intriguing to watch every episode So many memorable characters Jimin should be crowned as father of the year And the Evil mom in law as the worst EMIL Also loved Woo Joo she reminds me so much of a younger Kim Yoo Jung No filler episodes every scene was jampacked with details and information The soundtrack was on point I thought that classical music BGM from AWOTM was scary but every time I hear that violin sounds i just know something bad will happen to Eunsu Lessons learned hell hath no fury like a mother scorned The lengths parents go to to protect their family And even at your darkest point you can get up and move forward and find someone who will accept and love you as you are Dislikes The weakest link is Semi She was annoying for the entire show doing nothing but put her anger and blame on Eunsu without taking a look at herself Rating Read More,거짓말의거짓말
4,love that exists between mother and daughter As soon as I saw That Lee Yuri has a new drama I knew I would watch It is a drama that describes the intense love that exists between mother and daughter a love that is impossible to separate And when someone believes in you you can do anything even transform the world My heart crashed to pieces in every episode and I found myself crying non stop The emotion that the actors conveyed to the viewers was simply to stand and admire For me this is the best drama for without a doubt And this time too I fell in love with Lee Yuri again she was stunning and mesmerizing I wish her lots of success and all the best in the world If you have not watched yet run and see come on marathon PS I saw the drama and also translated it into another language Read More,거짓말의거짓말
5,Will my lies ever be revealed As a big romance fan this drama is definitely one that's up there with my favorite dramas QUICK REVIEW My average rating for romance drama's is This one is in the top Romance drama but more intense more interesting and refreshing Mature Acting Cast Very attractive cast that's always a very realistic behaviors and a really nice touch of romance created by the fake plan of the main character to seduce her daughter's ''dad'' Very effective based on the scenes and really get you in the mood The first experience is the only one that matters but if you want to rewatch the show it's definitely a good one for the romance OVERALL Pure Entertainment very mature Read More,거짓말의거짓말
6,For Mature Audience Only It seems interesting to me that all the dramas that I truly enjoyed watching get overall ratings of I guess they are a bit complicated for the typical Kdrama audience hence most people lower their score due to a lack of understanding This is one of those dramas It's not for everyone So I am going to start by telling you Yes it's good Do not watch it I'd rather people not watch it than watch it and write a negative review due to their own lack of taste The drama is bittersweet What do I say without revealing too much The parts that are bitter are not that tragic and the parts that are sweet are even sweeter because of the bitter pieces Just like a beautifully made dish there is just the right amount of all the necessary ingredients I love the romance part The guy is quite likable and the actress plays well They have tons of cute romantic moments despite being older They both try so hard and it's like balsam to your wounded heart If I were the writer I would reduce the number of obstacles they have to overcome to be together It seems they have too many No couple in real life would stay together if they had the same amount of hurdles the drama couple has to experience in every single episode I had to lower the ratings a bit for the medical cliche A very predictable twist What is the ending going to be like I do not know I am hoping for a bittersweet ending As long as it's not a tragic one Please do not write a negative review This drama deserves only positive ones even though it's not flawless And it deserves to be watched by mature understanding viewers Read More,거짓말의거짓말
7,Turn off Critical Faculties sit back and Enjoy This is an awkward one to rate it's cheesy has plot holes and little logic Makjang enough that you know every episode will have a 'twist' and some tears And yet I thoroughly enjoyed it the baddies were so bad the goodies were so good I laughed at the humour both intentional and accidental got angry where I should and teary where I should Still it isn't actually very good just enjoyable Props to Lee Yoo Ri for a large part of that enjoyment Well worth a look if you want something fun to watch I skipped some of the first episode setup bits the broad picture was enough The last couple of episodes are a bit the same skip the tying it up parts you guessed or don't really care about watch the bits you want The was what you would expect The cast are really what keeps you watching and they all do a solid job with what they are given Go Na Hee is cute as a button which always helps I probably won't watch this again for years Edit August So I lied I'm rewatching this at the mo' and revelling in it's trashy airport novel marvelousness Such fun I like the homage to Yoo Ri's Fun staurant turn he likes wine so I think part of the enjoyment for me is knowing Yoo Ri is as mad as toast IRL it lends a whole new shine to her character's vulnerable Stepford Wife routine When those big Puppy Dog eyes fill with tears or she does that blank eyed smile I'm totally convinced no matter how barmy the plot is The ML talking to everyone like they are moron's though is harder to handle If I spoke to my yo like that I'd get short shrift Watch it it's pants but they are made of shiny purple velvet with yellow satin stars sewn on by hand Read More,거짓말의거짓말
8,If you want to cry cry for kdramas If you want to cry cry for kdramas I think this is a good phrase for those who like me are adept at melodramas makjangs And that is what happened to me I cried a lot when watching Lie After Lie which I think is my first drama since it was aired by Channel A Drama that from the beginning caught my attention by the casting and the plot After all how can you not get excited about a drama starring Lee Yoo Ri from Father is Strange Yellow Boots and Jang Bo laughs Yeo Jung Hoon who appears completely different from Mask's villain and having Lee Ill Hwa as antagonist I think this is almost impossible And in addition we have a synopsis that gives a sample of how far a mother can go making me ask how far can a lie take us Is there a lie that is not entirely questionable Is everything that we see that is established as truth really true Questions that for me were gradually being answered with the plot of a mother who due to her mother in law's selfishness and greed had to serve the sentence for the death of her abusive beating husband Reading the synopsis some may think that the drama has exaggerations super dramatic situations but despite any impression that the script may cause we have scenes that are far from representing any exaggeration because even Lee Yoo Ri's cry is painful but at the same time restrained and the pain is not shown through scandal but through a facial expression that denotes through the look a look associated with an almost shaky voice shows in a subtle way the protagonist's suffering And this mother is joined by a father a male protagonist who represents in an exemplary way the notions that have developed about what it means to be a man who is whole generous and welcoming in a non caricatural way because Kang Ji Min also hates he is also upset he also gets angry however all these feelings are expressed in a non violent way in a way that does not hurt and that demonstrates the respect he has for human beings We see in both protagonists a sense of justice in the terms established by that definition more than anything what Kang Ji Min and Ji Eun Soo seek and protect what they have most precious that is their daughter without resorting disloyalty nor hurting other people And all this fight for justice we see in episodes with an agile script Perhaps some technical flaws and use of another clich Yes but these are details Read More,거짓말의거짓말
9,A mother can do anything for her child The setting plot of the story was really good something new Intended only for mature audiences The FL did a banger on this role For me personally ML's acting could have done better Reasoning of the negative main role was pretty bad or is that how bad people are Do bad stuff without any major reason Child actress did a really good job to be frank instead of being too cute like other drama's her acting felt real just watch and understand that most of the time parents don't even let us know of their difficulties to keep us happy Lets just hope that we can give some happiness back to them Read More,거짓말의거짓말
10,Finally I could watch a Viki original I think the best thing that I've made was to sign the Viki Pass Plus Because of the dollar this has been very expensive for me but it was a good investment only that way I could watch productions like this one and also support these projects After Flower of evil I started to look for some dramas with tension and action and this is a good example of this The story of Lie after lie is so absurd that makes you attached from the beginning The ups and downs in the process made me so upset and immerse that I need to take a break in many episodes because I just couldn't stand the tension The way how the things were resolved also was very instigating and the few things that I thought a little off weren't related to the plot but with the involvement of some characters what I'll describe in the next paragraph The ending also wasn't so remarkable for me I think everyone knows that they will put a big twist in the final episodes to explain all the process between Kim Ho Ran and Ji Eun Soo and this was what happened but I guess that all the process was so intense that in the end the plot twist was just too soft It was unexpected and exciting to me but it didn't make me vibrate in surprise Well the actors Ji Eun Soo Lee Yoo Ri was a little annoying to me It was my first time seeing a drama with Lee Yoo Ri and I guess that will be my last one considering her age and the preferences of this industry and I thought her lovely Her expressions voice eyes Everything was so cute and fragile and this was my major issue The character of Ji Eun Soo from my perspective needed to be a strong and suffering character I could see the suffering of the crying but I always saw Ji Eun Soo as a fragile woman and this got worse when she started to get close with Jin Min Yeon Jung Hoon I know she was a fragile woman who was hurt so much by many people and circumstances but after pass years in jail faced so many evil by Kim Ho Ran Lee Il Hwa she could show to us a little more intensity and every time that I saw her I just couldn't feel the weight of all these problems The chemistry with Kang Jin Min Yeon Jung Hoon also doesn't make me flutter I thought them cute sometimes but in a couple of moments I just felt like they were too forced Besides that Yeon Jung Hoon was pretty good as a reporter and dad I really enjoy his character in the process The high point for me was Lee Il Hwa as Kim Ho Ran Oh my gosh I hated this woman so much I think that a good actor needs to pass this feeling to the audience and she seriously did this Go Na Hee as Kang Woo Joo also did a great job I like so much to see little actors and actresses doing so well on this path I hope that she receives a lot of opportunities I enjoy all the process of this drama and the little things that disturbed me don't enough to fade with all the great processes Because of this I'll put this like a PRETTY GOOD ONE If you are looking for something thrilling and full of conspiration and twists go for it See you soon XOXO Mari Read More,거짓말의거짓말
11,Really enjoyable If you are able to withstand the initial Cringe from the first few episodes you will really enjoy this drama the male lead was surreal the child actress was super the ml family was so cute and understanding only thing that was lacking was the motive of the ex husbands mum why did she hate the female lead so much to want to ruin her life that part of the plot was mediocre and also the punishments dished at the end didn t really satisfy my spirit But this was a good binge watch for me Was this review helpful to you Yes No,거짓말의거짓말
12,Masterpiece Good beyond belief Honestly I don't write reviews much but this drama is worth it The mix of mystery suspense love romance had me loving every moment of it I felt every emotion the Eun felt And truely they were real beyond belief After Itaewon class this is a drama deserving the top spot amongst thousands of mediocre ones Good beyond belief I felt every emotion the Eun felt And truely they were real beyond belief After Itaewon class this is a drama deserving the top spot amongst thousands of mediocre ones Was this review helpful to you Yes No,거짓말의거짓말
13,must watch Enjoyed watching this drama since the first episode never got boring to me with no filler episodes The actors all did an amazing job I didn't cringe once what sometimes happens to me with some kdramas They all conveys the emotions really well Really good story line full of suspense and unpredictable plot twists Good from start to finish I do wish we could've had at least one full episode of the family just living happily after everything got revealed the last minutes felt a little bit rushed Was this review helpful to you Yes No,거짓말의거짓말
14,Hidden gem I finished watching this piece months ago but just got a time to write a review today Lie After Lie is a hidden gem If you're a drama lover and long for a drama speaking about family and love with some touch of action and thriller this one is for you What I love the most about Lie After Lie is the message this drama tries to deliver that in the end justice will be revealed All actors and actresses involved are superb I still remember clearly it caused me pain to wait a week long for a new episode I was that crazy about Lie After Lie Seriously this one is a must watch Read More,거짓말의거짓말
15,The Title Of This Drama Says It All SHORT REVIEW SPOILERS Here we have a different kind of family secret drama The secrets are dark really darker than usual in my opinion This show was nearly perfect especially the performances I was in awe of the child actress acting skills But one thing irritated me and it s the things Ji Eun Su resorted to do to get close to her daughter rather than telling the truth She literally endangered everyone especially her beloved child I cringed the entire time she conned Kang Ji Min Real life doesn t work that way but I m not here to lecture anyone I m glad that they at least showed through the child that there were so many lies that even she didn t believe half of what the adults around her told her You could see her confusion and disappointment This production was overall really well executed And as much as I couldn t stand Kim Ho Ran her fashion sense was IMPECCABLE down to the hairstyle accessories and makeup If you re highly sensitive an empath you should know that unless you re willing to close your eyes a few times since a couple of scenes are quite gory that s what I did you should really pass this one Lastly I d like to thank the team for the ENDING I really thought it was going downhill in the last episode After all it s a KOREAN melodrama and they re good at telling tragic stories But it was pretty nice A beautiful surprise And for that alone it was worth watching Read More,거짓말의거짓말
16,a family oriented meloromance drama with mysteries a family oriented meloromance drama that deserves to be hyped up note that if you're not into that kind of drama it's not your cup of tea it's definitely a good one that it never deserves bad reviews at first few episodes i kinda find the story boring and i have no idea where this was going to lead me to but here i am enjoying it more than i expected i love this drama because i find it amazing how a mother loves and protects her daughter that she would go through all the troubles just to be with the daughter Lee Yoori potrays that mother character so flawlessly and i can't help but to sympathize with her it's also Yeon Junghoon's comeback after awhile and he definitely has a thing to pick a good drama i'm looking forward to see more of him in romance dramas i really really love that sweet vibe he has that i forgot that he was mostly villain in his previous projects also i want to talk about the romance between the two leads because it's so warming to me both have their own scars making them afraid to start a new relationship but they try to trust and rely on another shoutout to Kang Woojoo her real name is Go Hanee she's such an amazing talent despite her young age and she's also so lovely i cant wait to see her in more dramas in the future Read More,거짓말의거짓말
17,Unexpectedly good I've had this drama on my list for a while to watch but never got around to it Every time I read the synopsis I kept thinking I wouldn't like this drama and since it didn't receive the same love that other popular dramas that were released around the same time had it went straight to the bottom of my list But I was so wrong to leave it there until now This drama has everything you need from a drama There was suspense drama and of course romance From the very beginning this storyline had me hooked It touched on a lot of topics that we don't often see being included in other dramas like adoption relationship abuse wrongful conviction and more which is why I think this had a lot more impact Here are just some more reasons as to why I really enjoyed this drama Stellar acting from all the cast they really helped bring this drama to life They way they helped the characters develop was amazing and the characters relationships made way for some really heartwarming moments It has great cinematic appeal There were quite a few twists and turns that I didn't expect coming that really added to the story Watching Kang Woo Joo Go Na Hee and Ji Eun Soo Lee Yoo Ri 's relationship blossom was really the highlight of the drama for me and the emotions that they conveyed left me feeling teary eyed on occasion I really enjoyed watching Ji Eun Soo Lee Yoo Ri 's in particular and the journey this character goes on is really inspiring Although she was released from prison with a vendetta I enjoyed how the character grew and realised the people who originally put her in prison weren't worth it which gave us the chance to see glimpses of her finally enjoying her life If it's not on your list to watch I would highly recommend giving it a go Read More,거짓말의거짓말
18,Great Show but Don t watch this if you like closure after having watched a drama Lie after Lie started off with a bang From the first episode i was immersed in the story and couldn t wait to see what was next The show continued like this for a while and fell off a little later It was a good story but story cannot be considered great if the ending isn t as well If the show had wrapped up the story well I would have had no complaints From the first episode they established the villain and throughout the drama we all hate her and are outraged at her behavior and cavalier treatment of human lives The wrote the character well and the actress portrayed her even better but her fall was the most lackluster thing i have ever witnessed in television ending She didnt put up much of a fight and it all wrapped up too smoothly it made no sense The worst part was her motivation behind her actions The amount of hate that she had for the female lead and the way she worked tirelessly to make sure the FL lived a life filled with suffering and misery i expected her to have a relatively valid reason in the end I couldn t help but ask in every episode why Why does she hate her so much What did she do to her At first i thought maybe she s under the assumption that the FL truly killed her son if so i could understand her wanting her to suffer But that didnt make sense either because her behavior during and after the trial was not that of someone grieving their child and wanting the murderer to suffer but of someone wanting to make sure a certain person suffers for the crime regardless So i thought maybe she genuinely believes the FL killed him and she s just blinded by that belief and refusing to see other possibilities and with this mindset I expected that after the reveal she was going to feel remorseful and apologize or repent or whatever But that belief was also false Then I thought maybe she did kill her own son but in that case her contempt for the FL makes absolutely no sense If she killed her son and pinned it on the FL to get away with it the FL already served years in prison for a crime she didnt commit why didnt the villain leave it there Why go as far as to have her followed and try to ruin her life repeatedly It made no sense So i decided to stop guessing at her motivations and wait for the reveal at the end Towards the end when it seemed like everything was wrapping up they still hadn t revealed her motives so i began speculating again I thought it might be ridiculous but it would offer some reasoning behind her actions if the FL was secretly the villains child and she hated her because she got to live without having suffered abuse or something idk Or she wanted her to suffer and be broken because she didnt want her daughter to inherit everything This was not the case in the end They finally revealed her motivations in the end and it was the most anticlimactic thing i had ever heard in my life That is not reason enough to have killed so many people and cause so much pain That is not reason enough for sane person to try and murder and baby It did not fit with her actions or the emotions that the villain had been portraying throughout the drama This woman was wrought with hatred and you want me to believe that this minuscule this little thing was what caused it The ending ruined the show Also the ML s sister should have faced consequences for a lot of her actions and it upset me that she never did I know she s supposed to be quirky but she is also an adult who has been entrusted with the safety of a minor and as such she should have behaved accordingly Not to mention the lack of respect that her actions showed towards her brother I feel this character was unnecessary and her never getting reprimanded for the things she did did not sit right with me I loooved the second male lead I don t normally get second male lead syndrome because i believe that no body is entitled to another person s love simply because they love them or they ve done good things for them In fact I typically tend to dislike a lot of SML especially if they do not reconcile their feelings early and become a pitiful annoying clingy person but this SML understood that despite his feelings for her she has feelings for another person and if he truly loved her he would not try to ruin her happiness for a chance at his own So he chose to love and support her as a brother and i really appreciated that This was a good but incredibly flawed drama I would recommend it despite my displeasure at the ending because the familiar relationship that were established The love between the father and daughter mother and daughter mother daughter and father brother and sister although they do not share blood It s not an entirely romantical drama but it showcases other aspects of life and love that I appreciated Read More,거짓말의거짓말
19,Fast paced doesn't drag I enjoyed this show because it kept moving forward The show focused on the main story Male second lead was a breath of fresh air Flash backs were brief and to the point If anything I wish we would have seen a little bit more of the FL's married life I didn't have a good sense of what her relationship with her mother in law was like prior to the death of her husband I can't say I buy all the emotional responses of the characters but it wasn't over the top enough to bother me Romance was low key and sweet a solid watch Was this review helpful to you Yes No,거짓말의거짓말
20,So basically i liked the story it was catchy and very interesting the cast did great job specially the actress even though her voice was so childish but every time she cries god i get so emotional the final episode was great its so weird why did the mother hate eun sou I'm not so convinced with the reason it was so weak i really hated the way Jung Hoon mother treated his ex wife she was so mean Ho Ran played the villain role so well i wanted to punish her in the face after all it was one of the best drama's Was this review helpful to you Yes No,거짓말의거짓말
21,Frustrating but good This show man was frustrating at times but soo good was getting tired of the sick daughter plot but in the end it became one of the key points and it became a tearjerker in the end Man I am so glad that mother in law got what she deserves and everyone's speculations were correct the bodyguard this whole time was her older son and only son The son that was married to Eun Su was her adopted son and she didn't want that to be found out in the end In the end the truth came out Won Joo found out her mom was Eun Su she even already knew she was adopted but didn't want to say anything The ending was so beautiful and pure Read More,거짓말의거짓말
22,Anticlimactic ending After watching Flower of Evil I was ready to start another thriller romance K drama The premise of this story was actually very promising Admittedly I cried several times because of the hardships the FL experienced With regards to the casting for me didn't feel that there was much chemistry between the two leads When they fell in love and were about to get married I found the timeline for this too rushed The FL also didn't feel like she was actually in love with the guy Even during that part I felt that she was still using him to be near her daughter The mother in law's acting was great The fact that she looked exactly like my ex boss made me hate her even more LOL The golfer's character was something that the story could have done without Not much substance Anyway the ending was a bit of a big D U H for me It was as if the pressure had been building up to burst and then POOF it fell flat The motives the unanswered question as to why the mother in law had a secret son why the need for a fake son these were questions that were left unanswered Read More,거짓말의거짓말
23,This is a wonderful suspense melodrama with a heartwarming romance storyline The cast was magnificent bringing their characters to life and the leading couple even without physical intimate moments had great chemistry This drama is a star studded production from cast cinematography writing and editing all done so excellently that the drama had a natural sometimes poignant painful and heartwarming feel that effects all kinds of emotions from the viewer and all of these is happening as a beautiful story of steadfast and protective love unfolds and weaves a precious family This drama offers great entertainment enjoy it Read More,거짓말의거짓말
24,Everything is a lie Imagine the pain of losing your child and an abusive husband also going to jail for the crime you didn't commit Lies of Lies is a drama that will take you on one hell of a ride Such a great drama The story is full of lies and plot twists I really loved each and every episode Great job Channel A Each episode is lies of lies it keeps building up Then in the end it breaks down This drama is like a modern day makjang There are times my body is full of chills there are scenes that will drive you super crazy The evil mother in law tortures her daughter in law to death but again there are lies and lies Oh god I swear this drama is crazy The last two episodes are so satisfying Read More,거짓말의거짓말
25,Warm sunlight on a cold winter day It takes time for the warmth to reach the frozen hearts Yet by the completion the frozen heart starts to melt Watched few episodes when it started airing and since I'm so impatient gave up then and picked it up yesterday only to get my sleep robbed It's been a while since I binge watched a drama without skipping a scene There's suspense realism and mature romance the story is good The melodrama and the suspense parts are done well but the romance could have been better All it missing was a little touch Yes two broken hearts are really trying to heal and their love language isn't touch but still a hug here and there would've been deep Also Kang Ji Min and his family's love for Woo Joo moved me All their scenes are so beautiful to watch Step aside silly sister You made way too many poor choices for me to like you Ending felt a bit lacking Glad they included the BTS else I would've suffered much I chose this drama purely because of Lee Yoo Ri Became a fan of her exceptional acting in Father is Strange and I must admit whenever she portrays a character she takes me all of myself into the character's world without me realizing it and the same happened here I felt the pain the happiness and all the various emotions of Ji Eun Soo to the bits Yeon Jung Hoon as the soft hearted Kang Ji Min comforted me Can't believe he's the same Min Seok Hoon of Mask He secured a place in my favorites list As always Lee Il Hwa never disappoints The child actress Go Na Hee is a scene stealer She's gonna be a brightest star in the future Rest of them are good too is really good Never gonna re watch this though Well who knows it might be a lie Read More,거짓말의거짓말
26,Deeply movie story with lots of plot twists rating is This is a suspense drama with minute episodes On the surface Ji Eun soo Lee Yoo ri seemed to have a perfect life having married a handsome chaebol who is heir to a cosmetics conglomerate What people do not know is her handsome husband is both physically and mentally abusive Eun zoo s life takes a cruel twist when after trying to escape her abuser he finds her and begins beating her Eun soo fights back and is somehow rendered unconscious She wakes to a living nightmare she is covered in blood with a knife clutched in her hands and her husband s bloodily lifeless body is next to her Seeing it as an open and shut case Eun soo is arrested and thrown in prison for the murder of her husband Reviewing the case the details do not add up for one astute reporter Kang Ji min Yeon Jung hon but before he can explore the details he is given a dream job outside of South Korea Eun soo gives birth in prison to a daughter in prison and believes her former mother in law when she claims despite her hatred for Eun soo that the child is her last blood relative and she will raise her as a heiress Ten years pass and Eun soo is eager to see her daughter only to discover her mother in law played a cruel trick which ended in her infant daughter being adopted by a childless couple Eun soo finds out the details from a former employee of her mother in law and devises a plan to get close to her daughter Her daughter s adoptive father divorced his wife for infidelity and is now raising the little girl alone Will Eun soo s plan to win his heart in order to be a mother to her daughter be successful Can she unwind the twisted details of her husband s murder to prove her innocence in order to be a mother her daughter is proud of Spoiler alert The first part of the series was very interesting because they left you uncertain what exactly happened that she was accused of killing her husband The last scene they allowed you to see before she was incarcerated was of her holding a knife to keep him away from her I was fairly sure that it was not her but was a little bit confused why she was not more outspoken about that I wondered how her having her baby with her in prison was going to play out It did keep you guessing a lot and I was surprised by a lot of the plot twist I really liked the lead man because he seemEd like such a genuinely good person I also liked her childhood friend in the fact that even when he realized he was not going to be able to be with her romantically he staged by her side as her friend and substitute family I also liked the male lead s family although the sister frustratEd me a bit because she would make decisions to do things with the little girl that I don t think were in her best interest I was also very uncomfortable in the beginning when the lead female was virtually stalking her own daughter Without the family knowing anything about her she just seemed like a nefarious character For the most part it was interesting and fast paced but there was a bit of a drag in the storyline about of the way through the movie It wasn t significant enough of a slow down to make me dislike the story but I felt like it could ve done without some of the details in that part and added some more happy to the ending In fact I got really concerned about the ending because it seemed like it could ve ended very sadly It did not end sad but they let you think it might head that way until the last few scenes But then the happy part only lasted just a few minutes and I would like to see less of the sad dramatic part that and more of the happy resolution but that s just me it was a very good story and very believable in the way the entire plot played out While the evil mother in law was very hard to understand in terms of why she had it out for the female lead that is the way it is sometimes with people who are sociopaths in that they do not see their own wrongdoing in anything I recommend this series as a mo and deeply emotional drama but it certainly isn t on the lighthearted side Read More,거짓말의거짓말
27,What a Masterpiece Very Underrated Omg wat a rollercoster of emotions i watched the MV of this show on youtube accidently and it seems interesting so i started watching this drama and O my o my wat a gem form start to end i didn't skip even one scene of this drama ithappened after a long tym bcoz now kdrama seems same to me very rarely a different drama is released Frst the acting was on point FL was absolutely gorgeous and her acting was so natural Everyone played their role very naturally ml was very understanding caring and not clingy at all little girl's scting was also very good was also very good Drama script was very strong and biggest plus point of this drama bcoz this genre is very rarely well scripted U should definitly watch this drama bcoz its not boring at aall every new episodes will b full of emotions and new secrets I would definitly rewatch this drama soon Read More,거짓말의거짓말
28,A Beautiful Melo I really liked this drama I was debating between an or a My overall suggested the site calculates for you is an but I gave it a because I basically binged this This drama was really engaging Of course it was not perfect It definitely had it's plot holes required some suspension of disbelief from a medical and legal perspective and despite being a suspense was predictable to some extent But these flaws could be overlooked because the drama was so enjoyable and had that addictive factor The characters were well written and cast did a really good job I think Lee Yoo Ri is a great actress even though she is given a fair amount of tragic melo revenge roles she makes each role fresh I'm glad they gave the female lead character good depth and showed the effects of her traumatic past Granted humans deal with trauma in different ways but too often I see dramas where the female lead has this tragic backstory but she never seems to have any mental consequences and always cheerful I felt her emotions and motivations There were a few times I teared up with her and I was always rooting for her happiness Lee Il Hwa did a really good job too she got my blood boiling but she was horribly captivating the way only a charismatic actress can be And I was dumbfounded when I realized I didn't even recognize her from a drama I had watched recently I liked Yeon Jung Hoon well enough he played his character very well Go Na Hee was adorable and full of life I loved her squeals of excitement The only problem I had was Im Ju Eun It's not even her fault but she has these gorgeous huge eyes that were emphasized even more with bold eye makeup I kept noticing how she would widen her eyes all the time which made it look like she was constantly giving the death glare Plus I felt like her character was not the best written and somewhat inconsistent when it came to her goals and motivation But I digress The music had this haunting quality that fit the mood of the drama very well I don't usually rewatch dramas but I could see myself watching it again If this dramas was dragged out to a episdoe weekend drama which for some reason I though it was initially I would definably watch every episode All in all recommend Read More,거짓말의거짓말
29,Enjoy the drama prepare some tissue I usually try to watch drama for to minutes to rate which is this one value to watch or not If interesting I would start to watch immediately or wait until I got the mood to watch The first episode got me hooked and I really enjoy to watch the drama Some reviewers said it will makes you cry I would say yes So if you want to watch this prepare some tissue you don't know when you'll need it But even you have to cry you'll find this one as a happy ending story This one is best family drama ever is good The plot twist is good but at the end the writer didn't explain where the son is came from I just guessing that he is her biological son The acting of all main lead and supporting lead is totally good Especially the daughter she's so adorable and makes a good chemistry between main lead At the end if you like a drama with family matters and murder crime you will like this drama Read More,거짓말의거짓말
30,You have no choice but to invest your feelings What A Rollercoaster Ride That was amazing First of all i was randomly browsing through my VIU options when i came across this Ofcourse i checked the reviews and the plot first as i always do before i dived into it And oh boy i am so glad i did I felt all sorts of emotions watching this show Anger Pity Love Concern Hurt Depressed Happy Excited Giddy Nervous I was constantly holding on for dear life every episode because the villain in this series is crazy I hated her guts and couldn't for the life of me understand her reason to the point where i hated her up until the series ended I wanted her killed off but i guess the writer was thinking differently There wasn't any reedeeming points about her character as a villain guys so don't expect any I loved the family factor in this Yes there was a bit of romance but her love for her daughter is what made me stick around I am also in awe of the adoptive father here cause he was a damn good man All i can say is that if you want something that will make you feel all sorts of emotion and don't mind a villain that you will truly hate go ahead and give this a try So soooo goood Read More,거짓말의거짓말
31,Amazingly balanced The storyline was exceptionally well laid out and was very believable I went thought many different emotions through the series but I would say the most common was sadness I have watched a fair number of dramas but this was the only one that made me cry From the start to the end all episodes were focused on the main story line There was very minimal side stories that did not directly contribute to the progression of the lead story The ending was also very satisfying The acting was phenomenal Combining all this really led to a very enjoyable experience Was this review helpful to you Yes No,거짓말의거짓말
32,this drama was solely being carried by Lee Yoo Ri and it had nothing else I hoped for a makjang like secret or mask but beside the initial melo it just became a family drama of it was light romcom between the mains and bonding between Eun Soo and Woo Joo with filler scene with the ml's sister which I won't lie I didn't watch any of it then is the super convenient connections nd ml is st fl's childhood friend nd fl is st ml's ex nd fl and nd ml work together and both are jealous of the mains and the last is the actual murder mystery and makjang and that was it they should've just made this into a romcom Kang Ji Min is a really sweet ml who never snooped or judged which is refreshing but it takes away the spice of makjangs and woojoo was an adorable baby girl Lee Il Hwa is also great in here but tbh as an evil mother in law she only needed DNA test to prove the relationship between the fl and her daughter so like it didn't need eps for her to find out but atleast it's better than alice and the detective not having a DNA test on his mom's look alike Read More,거짓말의거짓말
33,I LOVE THIS SO MUCH must watch,거짓말의거짓말
34,an underrated gem lee yu ri is indeed a queen,거짓말의거짓말
35,Rating is This is a suspense drama with minute episodes On the surface Ji Eun soo Lee Yoo ri seemed to have a perfect life having married a handsome chaebol who is heir to a cosmetics conglomerate What people do not know is her handsome husband is both physically and mentally abusive Eun zoo's life takes a cruel twist when after trying to escape her abuser he finds her and begins beating her Eun soo fights back and is somehow rendered unconscious She wakes to a living nightmare she is covered in blood with a knife clutched in her hands and her husband's bloodily lifeless body is next to her Seeing it as an open and shut case Eun soo is arrested and thrown in prison for the murder of her husband Reviewing the case the details do not add up for one astute reporter Kang Ji min Yeon Jung hon but before he can explore the details he is given a dream job outside of South Korea Eun soo gives birth in prison to a daughter in prison and believes her former mother in law when she claims despite her hatred for Eun soo that the child is her last blood relative and she will raise her as a heiress Ten years pass and Eun soo is eager to see her daughter only to discover her mother in law played a cruel trick which ended in her infant daughter being adopted by a childless couple Eun soo finds out the details from a former employee of her mother in law and devises a plan to get close to her daughter Her daughter's adoptive father divorced his wife for infidelity and is now raising the little girl alone Will Eun soo's plan to win his heart in order to be a mother to her daughter be successful Can she unwind the twisted details of her husband's murder to prove her innocence in order to be a mother her daughter is proud of Spoiler alert The first part of the series was very interesting because they left you uncertain what exactly happened that she was accused of killing her husband The last scene they allowed you to see before she was incarcerated was of her holding a knife to keep him away from her I was fairly sure that it was not her but was a little bit confused why she was not more outspoken about that I wondered how her having her baby with her in prison was going to play out It did keep you guessing a lot and I was surprised by a lot of the plot twist I really liked the lead man because he seemEd like such a genuinely good person I also liked her childhood friend in the fact that even when he realized he was not going to be able to be with her romantically he staged by her side as her friend and substitute family I also liked the male lead's family although the sister frustratEd me a bit because she would make decisions to do things with the little girl that I don't think were in her best interest I was also very uncomfortable in the beginning when the lead female was virtually stalking her own daughter Without the family knowing anything about her she just seemed like a nefarious character For the most part it was interesting and fast paced but there was a bit of a drag in the storyline about of the way through the movie It wasn't significant enough of a slow down to make me dislike the story but I felt like it could've done without some of the details in that part and added some more happy to the ending In fact I got really concerned about the ending because it seemed like it could've ended very sadly It did not end sad but they let you think it might head that way until the last few scenes But then the happy part only lasted just a few minutes and I would like to see less of the sad dramatic part that and more of the happy resolution but that's just me Overall it was a very good story and very believable in the way the entire plot played out While the evil mother in law was very hard to understand in terms of why she had it out for the female lead that is the way it is sometimes with people who are sociopaths in that they do not see their own wrongdoing in anything I recommend this series as a mo and deeply emotional drama but it certainly isn't on the lighthearted side,거짓말의거짓말
36,This is a bit of everything and sometimes nothing in a drama It has some mystery and then some bonding and then some romance and finally the mystery solved But not quite the perfect drama It has plot holes some scenes were not logical and way too much flashbacks Spoiler Alert Ji Eun Soo is accused of killing here husband sent to prison and her daughter is adopted She is released and finds here daughter But the good story starts to go downhill form there Scenes with the mother and daughter are truly amazing and heart warming Scenes with the adopted father reporter was really awkward with his fake smiles and fake nods that was creepy at all times The writers tried to introduce a romance but failed in their attempts to be convincing Then the mother in law so seems to be able to do anything as she has power to do so is not truly revealed until the final episodes In all too many flashbacks and way too many silent scenes in which nothing is added to the show I watched all of the episodes but for a new viewer watch eps and skip to eps and you won't have missed much A thriller that fails at romance because the main characters were not compatible and an ending that took too long to unravel Supporting casts that are screaming most of the time and a long lost friend as usual in K dramas,거짓말의거짓말
37,I could not let this tv series pass by without a review my very first and it is also my very first encounter with viewing an Asian TV production There is something that strikes the viewer here and it is a combination of the simplicity of the story telling the casting of characters the emotional journey we are taken on and such purity in the acting by the leading roles There is a wonderful absence of all that we're constantly bombarded with in our Western dramas that it makes it a breath of fresh air If this is typical of the drama series presentations to the South Korean audiences in their country then I envy them,거짓말의거짓말
38,Deeply moving drama with lots of plot twists,거짓말의거짓말
39,Romance mystery repeats,거짓말의거짓말
