,reviews,title
0,This drama is only hours long half hour episodes and I'm ready for season Also I like the title Partners for Justice best because it sums up the relationship between the Medical Examiner's Office and the Prosecutor's Office A well executed story about humane and inhumane issues surrounding death in our society A stellar ensemble cast who are convincing in their roles and a soundtrack that perfectly fits the mood in each scene and situation right down to the music at the end of each episode While this drama took on a very serious topic it also had humorous light hearted moments and camaraderie I never watched US CSI however I did watch the early years of House and Jung Jae Young's character Baek Beom as the male lead reminded me of him a cantankerous tortured soul which he portrayed beautifully I liked the fact that the writers made Jung Yoo Mi's character Eun Sol as the female lead strong and realistic a young idealistic woman vying for her independence and identity through her job as a prosecutor We as viewers can watch her personal growth as she acclimates to her job and various situations Kudos to the writers for not turning this smart savvy female character into a typical k drama contradiction unrealistically naive bratty turns into simple minded high school girl in tough or uncomfortable situations I look forward to season and I hope there will be more character development and back stories for other members of the cast like Lee Stephanie Stella Hwang and Lee Yi Kyung Chi Soo Ho Read More,검법남녀
1,I don t understand why is there a lot of negative comments for this drama First of all i would like to thank the writer and producer because this drama is just superb Im more into crime action kdrama actually plus Lee Yi Kyung was th nd ML so i was really looking forward for this but I started watching it right after the drama end cause I don t have patience so i could marathon it straight after it ends And i finished it in days people was totally immersed Well this drama was one of the unique because it involves both crime and medical scenes into drama Lots of twist here and there but not bad actually as it does makes sense As for the cast each one of them played their character well And im super glad they focused on the nd lead character Lieutenant Cha Kang Hyun as well i thought they re gonna waste them but nuh uh And of course my bae Lieutenant Cha really got me surprised didn t expect for those stunts at all till now can t believe they gave him such character and because of that he s now got the main role as a detective again which is on the way Right and the ML FL such a good pair not as in terms of look but brains and personality And the other casts as well super hilarious and cute i should say Im ready for season guys And its worth watching it again Trust me for those haven t watch you will never regret P S My first time writing a review and i feel the need to write cause this drama is just amazing Im a Kdrama maniac since years and tons of dramas I ve watched but i can assure you this is one of the best Read More,검법남녀
2,I do enjoy this show and fine with most of the casts Whatever isit there s is negativities reviews it s doesnt matter no one is perfect anyway good job for everyone who has spent lot of effort in this show Among all the casts I like that Stella Hwang she got the X factor s aura and spontaneous character Without her the show will be little bit boring Learn something from this show as well like how medical science really work LIke even if the body is badly decomposed bone still able to give answer to their death Was this review helpful to you Yes No,검법남녀
3,I love the medical mystery genre i had high expectations at first but it all become a dull emotionless drama at some point From my point of view they tried to imitate remake the american series such as CSI They failed horribly UGH I JUST DIDN'T LIKE IT The only word the forensic doctor knows is GET OUT He's always right He's cold The female prosecuter remembers everything She's a hardworking She makes me remember the bad previous acting of suzy The other characters are puppets to the upper two All in all you can't connect with the cast at first you'd be hooked but then you become used to it and you realize you were fooled THE ULTIMATE REASON I HATED THIS IS a little spoiler The woman baek bom was in love with was in a vegetative persistant state Coma for like years They made it known in an early episode so that they spice the story AS IF On the last episodes he found out when he went to the hospital he held her hand and she's dead Okay Thank youuuuuu I mean i know he needed to say a proper goodbye so that he can move on But no my mind can't accept this READ THIS NO SPOILER ALSO i watched all episodes the major surprise is the TO BE CONTINUED in the last one I absolutely hate this i searched everywhere if they were going to add new episodes or a whole new sequel I'm frustrated but don't regret it all they were some positive things like the new criminals and their stories everytime and how you can find things through autopsy The final message of the dead Thank you all Read More,검법남녀
4,The review does NOT reveal who is the perpetrator Yes I just like Jung Yoo Mi as the female prosecutor This is a decent police and detective drama not worse than American ones on the contrary introducing a strong respect for every death and for every human body Corps are not unnamed objects of the study but they are worthy of respect human remains I am grateful to authors for that The advantage of drama is that each character is a little bit incompetent and lacking Prosecutor Eun Sol she is sometimes unprofessional and makes mistakes but at the same time she doesn't sympathize with murderers or fear them It was a great pleasure to watch Jung Yoo Mir in this role Forensic doctor Baek Beom played by Jung Jae Young Why does everyone hate him I think he breaks the rules of Korean social etiquette and has no social competence He is rude and he is cool Detective Cha Soo Ho Lee Yi Kyung goes on the wave of his previous performance in Eulachacha Waikiki and he is funny here especially when he tries to flirt with beautiful Stella but also shows his honest dramatic acting and he is good Other characters are well written as well The first prosecutor played by Park Eun Seok is stubborn and blind to the truth the other one played by Oh Man Seok is mysterious and intelligent Both of them have their proper place in drama line is a bit disappointing because personal experiences and tragedy of the forensic doctor Baek Beom don't add anything to the investigation It's a rule in kdrama to give a lot of flashbacks but here it doesn't seem to be working Rewatch is problematic because if you know who the murderer is the secret is destroyed Drama is entertaining because the viewer follows the detectives and wonders if they can catch the killer but also it shows the truth about death does not use euphemisms and does not offend the viewer's intelligence Read More,검법남녀
5,I feel so happy that this is finally over but in the last episode theres a to be continued that also made me a little happy that means we can see the new prosecutor more times RIGHT The new promoter is a cool guy who only appeared in the last few episodes So let me tell you what was the fuking problem with this drama The stupid dumb annoying lead girl The annoying prosecutor guy Kang Hyun played by Park Eun Seok The unrealistic side story Everybody hates the main guy who is the best Her character is the worst since the ep she's so poorly written because she's intelligent but then she can be super dumb and stupid In the ep while they are investigating a body she touches him without using gloves And she can't even do her job properly The prosecutor guy no the annoying prosecutor guy who was useless at his job his emotions and assumptions caused him to blame the main dude too much A N N O Y I N G Having a lead girl like that and an impatient prosecutor made the good story look less realistic EVERYBODY IS AGAINST OR HATE THE MAIN GUY WTF He was the best Realistic serious intelligent but everybody kept judging him for everything he was doing I kept watching the drama because I loved the story style about forensic doctors investigating bodies and finding the killers the support cast was strong and made the drama very enjoyable Lee Yi Kyung is damn cool and funny and ofc the dope male lead who carried the show If in the season the girl don't change I will not watch it Here's my review sorry for being too negative BUT I'M GLAD THAT THERE WAS NO ROMANCE BETWEEN THE LEADS Read More,검법남녀
6,Epic thiller with a touch of romance I'm simply in love with this show This goes on to show how important forensics are in deciphering the truth I simply love doctor baek bom You won't even realise that he's not a real doctor I also love Eun sol the prosecutor She has a warm heart and she is the only one who understands the cold hearted doctor I really loved their chemistry in season and was disappointed upon seeing no such interaction in season The fact that they do care for each other in a not so conventional way is what adds a new dimension to the story I am really hoping to see them end up together in season Read More,검법남녀
7,At the time of Writing the review i have not watched many Korean shows but love the American Crime Drama's Like CSI and so on What made this show soooooo Goood for me is that the story unfolds with a clear end goal in mind not that we are necessarily made aware of what that end goal is I did not see many throw away scenes Every scene plot point and character thread is somehow carried through the whole season and is addressed in some small or large manner However before you make any judgement based on lack of character development be aware that this story ark was written to take place over multiple seasons thus meaning you will not have all story and plot threads wrapped up in a neat little bow by the end of the season The only negatives that I have regarding this is show is that the main character does not seem to have any true agency or clear drive if anything it feels as though she is just there most of the time to put all the other characters hard work into a file and then use said file in token court interegation scenes Beyond that the show is interesting and fun watch Everything feels so organic in its development that I can help but binge it Read More,검법남녀
8,hmm it was just a mediocre crime investigation drama the autopsy NFS part was amazing and cool i lovee to know how even the smallest would could deliver a certain clues and of course i like the message of dead bodies don't tell lies they provide the last story of a person but the prosecutor and police part was mehh the investigation was done very poorly lots of things are 'luck' in most of the cases coincidentally there's a camera or suddenly there's a clue just shown up if you're looking for good investigation related series this is not it well some of the characters especially kang hyun are sooo emotional i don't hate him but his character just too over the FL was stupid and careless at first luckily she got better even though it took more than few episodes conclusion love the autopsy part dislike the investigation part onto the next season hopefully it's better Read More,검법남녀
9,Brilliant This is one of the best Korean dramas I've ever watched I think forensics dramas tend to be quite rare in the K drama industry but they were extremely popular in early Hong Kong dramas I loved the entire concept of the show the cases were extremely interesting and thrilling I thought thatSeason was even better than the first This drama is really quite underrated and I think that it's a hidden gem that you all should recommend to your friends My only complaint is that the female lead is a little annoying at the start In summary What i liked story concept What i disliked annoying female lead Star of the show Baek Beom played by Jung Jae Young season Jang Cheol played by No Min Woo season Rating Watch to be amazed Read More,검법남녀
10,this was really interesting for me especially the autopsy forensic part and everything the analysis all that was very interesting for me i liked that but one thing that i don t like about this drama is the characters aaaaa for me the characters are really really important and in this i don t like both the male and female lead the female lead i don t get her sometimes she s smart but sometimes she s like stupid and soooo annoying hahah and the male lead well he s still okay but its annoying too when he s always soooo cold and grumpy although i know that s just how he is but i ah just can t but sometimes they re bearable and cause i m more interested in the cases so yea hahah the cases in here were okay too but ofc not that mindblowingly kind of good just average i think i ll pass the second season hahah cause why would i if i don t like the leads just my opinion guys hihi Read More,검법남녀
11,Twists and turns The character of Eun sol is in turn likeable and incredibly infuriating for the first few episodes but as she gains both experience and confidence her over eagerness and assumptions that she must be right lessen greatly Baek beom's nickname of Grumpy Beom is an understatement and it's hard to believe anyone could get away with some of the stuff he does Again though as the story progresses and we learn more about his past which is gradually uncovered for him too he begins to very slowly come out of himself The forensic post mortems are quite graphic even though blurred out and there are some quite gross scenes The crimes include abuse and rape so could be a trigger for some hence the ' rating I imagine Surrounding characters are varied Some deep others arrogant and also a wonderfully light hearted police officer Cha Soo ho A couple though are incredibly annoying one from being so thick and negative if he applied himself half as much to caring about his work as he does to eating he'd be better than everyone at the lab to another constanty speaking in English which I found ridiculous The crimes and criminals overlap lacing together to form a pretty good and intricate plot Things are not always as they seem and there are some surprises The strange working relationship that forms between Eun sol and Baek beom is very amusing at times and it's her tenacity and quite thick skin that seem to appeal to him There is a lot of shouting and screaming at times too much on occasion but also some moving and distressing story lines Series leaves us at a bit of a cliff hanger and I'm invested enough to head straight for series Read More,검법남녀
12,Show's first half struggles to be meaningful but gears click into place afterwards This show is definitely worth seeing especially its second season But I can't ignore the issues the first half had There was some poorly thought out character drama and interactions that just did not make sense It felt like they were lowering the intelligence of the prosecution in order to prop up how good the forensic people were The series operates on a multi case level where a case can take episodes to resolve But through this the first few cases are super forensic reliant where it felt like the mystery wasn't be solved by the detectives and prosecution but just by the forensic department All that changes though once the character drama and ongoing mystery about our main characters is resolved This leads the show to bring in someone new and that really kicks up the show into a different gear From there the show becomes more about the mysteries themselves and showcases some really great cases with good tension Some of the characters stop acting so dumb and it feels more like a collaboration between all investigative parties The show gets better in its last episodes and it leads into a fantastic season so I recommend going through this season Some of you may even like the early episodes but the show evolves once a certain point is reached Read More,검법남녀
13,Partners for Justice is certainly one of the best forensic investigative drama I've ever seen From the plot cast acting and most importantly the brilliantly shown forensic operations everything was excellent Plot Like other investigation dramas this one too had simultaneous cases popping up which the forensic and the prosecutor team needed to solve All the cases were intriguing and believable Each scene is so detailed and beautifully executed that you won't be confused about how the team reached that conclusion The end of episode cliffhanger will force you to watch the episodes one after another It totally comes under the binge worthy category Acting Everyone is just so perfect The entire team in the show is so dedicated to their work that they lack personal time but you won't see them complaining I am not telling it is correct but I loved to see the passion they all had for their profession All of them displayed a hardworking and ever learning personality Jae young was awesome as a rude and rough forensic expert Baek Boom Stella Hwang brought just the right amount of humour on the show Her lines were always in context with the tests she conducted but the way in which she revealed her findings is funny but attractive Production I loved the forensic experiments that were conducted in the show Each step was so detailed It was actually the first time I saw how postmortem is conducted What tools are used Usually other shows already show the bodies opened at their injured part or where they have to checked But this show was as honest as it could be with the profession of forensics and the audience supporting it Must watch the show one time Majority of you won't opt for a re watch because being a investigative drama it will lose its appeal of suspense Read More,검법남녀
14,A 'MUST WATCH' for all detective kdrama fans Wonder why this drama is so underrated when it's a definite 'must watch' for all detective mystery kdrama fans The story revolves around a female prosecutor and a forensics team and it shows how they solve murders mostly by carrying out post mortems Pluses Well this drama shows many short cases some of them are connected to each other so you don't have to wait till the last episode to find who the criminal is No melodrama Just pure science and logic to the rescue unlike many mystery kdramas we know You really will get to learn many new stuff The post mortems are soo realistic which makes the drama more interesting to watch Minuses Well the female prosecutor is supposed to be the top of her class but she didn't live up to her name in the first few episodes Season ends with a cliffhanger but I was devastated when I got to know that they won't make a season Oh and FYI no romance whatsoever between the main leads Now go and watch it without further ado Read More,검법남녀
15,Solid Crime Drama Hello there I watched this Drama because of two things First because of it's Like many other crime Dramas there are many Cases which the main Characters are solving For the first time watching this cases a really interesting And the Character development in this Drama is there to altough it isn't the best i've seen Secondly I watched it because I hoped of romance but there isn't one so if you are into romance that is defenitly the wrong Drama for you But overall a solid story The acting was good especially from the main Characters but also the Side Characters did a really good job The Ost was solid enough for me there was just one Soundtrack I really enjoyed but Ost's are for everyone different If you are someone who likes to watch crime dramas then you can this rewatch without problems For all the others there isn't a great I hope this Review was helpful and if you decide to give this Drama a shot I wish you very much fun with it Bye Read More,검법남녀
16,My opinion This movie is Korean drama the genre it s about suspense mystery law medical and investigation and have episodes The stories about forensic doctor He was a chest surgeon But must become a forensic doctor because he had an accident his hand could not work the same Prosecutors who work together often have problems with each other because of their different work behavior but with the talent and their determination they have they can resolve even the toughest cases The actor has a different autopsy profile than the general autopsy That is he often smells the corpses in the victim's body organs that are abnormal and suspicious The victim's corpses in cases are often complicated by the murderer's plot But the actor is able to perform an autopsy and solve the mystery of how to kill that conceal the murderer's corpse the actor is a person who believes in his own opinion and the evidence that he has come across causing him to not listen to other people's opinions therefore making it difficult for people to like him this movie has it all seasons which in the first season there wasn't much It was an autopsy and solved general cases but it was complicated and interesting to follow in this season the ending will have a clue at the end of the story to continue the story inseason in season added character that is the surgeon the special of this season is this surgeon he is a culprit with two personalities Which is he is usually a doctor who works in a general hospital but if when he hears the story that affects the mind the evil personality he had in his body could be seen it s seem like a different person and with the fact that he is a doctor each of these murders was perfectly concealable no one doubted him but forensic doctor was able to perform an autopsy found something unusual and solved the case even if it was difficult In season I think it should be on air within this year I think this is a fun movie with a story to follow when I saw this movie I gain knowledge of science and the relationships of the characters are connected causing to wait for hope that the results will come out The murderer who is a surgeon and forensic doctor have very similar abilities making me want to keep track of how the killer will kill people and forensic doctor will resolve the case in any way because of the doctor's killing it used the doctor's knowledge to kill people let me know that the doctor is the person who can save our life but can kill us as well In the process of the story at some point it turns and confuses us s someone who is unlikely to be the culprit but is become to the culprit and maybe someone close to the protagonist in the story I think people who do not have time should not watch this movie Because the movie has many seasons and there are many episodes maybe you can't stop watching because of the end of each episode It's often an open ended ending so we want to keep watching and hide some clues during the story And stimulate our minds to keep watching Read More,검법남녀
17,Just fine The plot is okay But the male prosecutor who likes the female lead is seriously annoying Terrible acting and he kept shouting and shouting Is that how you act LOL Duh I really hate the way he act I almost drop this drama bec of his poor acting skills They could have chosen another one better than him Im sorry but i cant help myself but to write a bad review bec of him It feels to me like he ruins the entire drama lol he plot is okay But the male prosecutor who likes the female lead is seriously annoying Terrible acting and he kept shouting and shouting Is that how you act LOL Duh I really hate the way he act I almost drop this drama bec of his poor acting skills They could have chosen another one better than him Im sorry but i cant help myself but to write a bad review bec of him It feels to me like he ruins the entire drama lol Read More,검법남녀
18,Cant get past episode It is plain to see that the creators of this series did not even do research to add some credibility to their story It is truly pathetic In fact it was painful to watch Is this how trials are conducted in Seoul I dont think so The female lead is so unconvincing and irritating It is only the police official that brought a smile to my face briefly but it disappeared when his role started consisting of lifting up the main character's poor performance that dragged his down as well This episode is a nightmare that I hope I will forget soon Was this review helpful to you Yes No,검법남녀
19,I loved this drama so much Season was highly better as the previous one I ship Eun Sol and Do Ji Han so please dear director make them to a couple in season And if its about couples don't skip Jang Cheol with Seo Yeon I RECOMMEND SO MUCH I feels like I've never seen better series than this before I love Baek Beom he is so rude in a cute way He's get out I love them Dr Jang never could eat his meal in this season I don't know why others says that Sally is boring and annoying I love her more than Stella This season is more serious than first one and I appreciate it Do Ji Han Jang Cheol K and Yang Soo Dong are my favorites Love you Oh Man Suk and Minue Read More,검법남녀
20,im crying form the inside i want season like right now but first of all lee yi kyung we missed u i really want him to come back so i hope what happend in this episode means that he's coming back Noh min woo you rock im so excited for season when you join force with Do ji han and doctor Baek you really need some romance and prosectuors Eun really needs some romance too and i really wanted more action like season but still it was awesome so i dont know if i can wait another year for season but i will try when im crying Was this review helpful to you Yes No,검법남녀
21,Who's behind this badass drama Hollywood can't make this Rotten Tomatoes give for PARASITE and this drama should deserve this too I really love the plot really makes me surprise And also I really love how all casts act Actually i don't like drama especially romantic drama This drama makes an exception for me Baek Beom is so iconic Love this guy And can Partners For Justice S make surprise I'll be waiting for this Really do Please don't change the winning team SALUTE Was this review helpful to you Yes No,검법남녀
22,I watched both Seasons back to back and can say this in terms of story wow not seen things a story like this flow so well many other shows have a tendency to have seasons somewhat self contained but this show picks things up from last season almost effortlessly That said there are some issue while the inevitable cast changes from season to had to be addressed the need to have one of the season character's most identifiable quirks replicated by what is made to be a totally different character only serves to remind me of that season character and how I liked that character more Other issues I had with this season is how it almost pays no attention to the main character at the most important moments and how many events that are meant to be a challenge to her or even overwhelming tend not to be shown in any way thankfully this is not the case at the most critical story moments and does not hold the season back from making its impact My Other issue with the main character is that in this season she is anything but now while this is not necessarily an negative it resulted in the the main character having little character development beyond maturing as a prosecutor Some people may take issue with the main Doctor in the show as he is appears to be nothing more than a autopsy machine Literally I just watched the show and cannot recall seeing any emotion emanate from the character beyond suspicion and I must complete the task at hand That said without spoilers there is a reason for this that can only be appreciated by watching the season to its end Really hope that there is a Season Read More,검법남녀
23,It s an average detective drama and not the good one The first season was much better and many of the previous qualities are lost here First of all the lead lady isn t the lead any more Jung Yoo Mi has a minor role here and she does almost nothing As a prosecutor she has nothing to do The funny relationship between the lady prosecutor and Sally is not shown The interesting ambiguous relationship between the lady prosecutor and Baek Beom is not shown The promising relationship between prosecutors is not shown Well now I wonder if anything is shown in this drama There are three good things Forensic doctor rude Baek Beom and his investigation Mysterious doctor Jang Chul good played by No Min Woo The return of Lee Yi Kyung with his charisma in the last episode It s watchable But for me sometimes it was boring and not exciting as the first season The end was good I must admit Read More,검법남녀
24,Disappointing compared to season Chemistry was an important element in the stories in season But it seems this season is devoid of chemistry There is no chemistry between Eun sol and the Doctor baek Neither is there a chemistry between the team members The cases were interesting overall but there was less involvement of the leading lady Eun pro This was a crucial element of Investigation couple It would have been better if the doctor beak warmed up to others a bit No character development Plus Stella Hwang was much better than Sally Please bring her back The series simply lacked the fun element Season was waaaaayyyy better in my opinion worth a watch Read More,검법남녀
25,Twists and turns part We're back with Eun sol and Baek beom whilst there are several cast changes with central characters having moved on and been replaced plus some additions The plot is thickening as we pick up on the corruption and cover ups that were being brought to light in series together with some additional side stories Familiar villains resurface and crimes overlap again as things begin to come to a head I found series to have a better pace than the first and Eun sol really comes into her own I really couldn't warm to Sally Kim at all though and thought the interaction between her and Eun sol was over the top I just loved actor Noh Min Woo in this series and I really felt for his broken character who is so badly manipulated There are more unpleasant crimes and the spin on what seems obvious that the post mortems uncover shows some really clever story writing Many questions are answered but the conclusion is far from favourable and whilst there was no We'll be back or To be continued like the end of series there is a definite door ajar for either a series or even some kind of spin off The rewatch value is pretty good just because there was a lot going on I really hope we see Eun sol Baek beom Do Ji han Yang Soo dong Jang Chul et al again in fingers crossed Read More,검법남녀
26,The hard work of the cast crew really left us amazed Really wanting a Season with Jung Jae Young Jung Yoo Mi Oh Man Suk and Noh Min Woo in the main cast That would be great Season will complete the full story of Season The story and hard work really impressed me It really teaches us a lesson that everything leaves a trace behind If we all try our best the result will be a success The truth is never erased It is just going with us but we don't see or feel it We have to dig more and more to get to the end Really amazing like no words to explain it People who have watched it will know how beautiful this particular drama and its story is Read More,검법남녀
27,Very amazing I have watched the season and just now that I have finished the season And I can say that the previous reviews that this season is more exciting and it was proven TRUE Very impressive storyline casting and the way executed their roles was totally AMAZING And as other sez looking forward to see the next season With more twist surprises and hoping the main cast of both seasons will be Reunited to a more exciting cases Coz I really like the different stories i mean cases since I am as well in the medical field Was this review helpful to you Yes No,검법남녀
28,Lee Yi Kyung's entry the best part I absolutely adore this serial the plot the twists the music the acting the direction and what not The entire drama is amazing but the part where Lee Yi Kyung steps in is the perfect and my favorite most It's really sad though that Detective Cha Soo Ho wasn't the main role and a regular cast member like the first part He would've upgraded the drama's hype and fun to high standards this one is a must watch guys Lee Yi Kyung We Love you so much Hwaiting Saranghae Read More,검법남녀
29,i enjoyed season more than this season the autopsy NFS part was still good and i only look forward for this part the investigation prosecution part was better than s and the cases was bigger in scale but idk i find it boring it just don't make me curious on what will happen no tense for me and i never felt like woww thats amazing plus they even reduce the part of the realtionship between the cast especially eun sol and dr baek so i couldn't feel the chemistry and it feels like eun sol is no longer the female lead when i wish to see more of her cause she's not a rookie anymore maybe because there are different cases every episode that makes me find it hard to focus idk i was hoping for a clear closure but it seems like there might be s hope it gets better Read More,검법남녀
30,A must watch crime and detective drama This season is definitely better than the first one in my opinion The first episode started off with a bang and it immediately got me hooked Even though the story wasn't too focussed on the relationship between Eun Sol and Baek Beom anymore I didn't really mind it It felt smoothly developed in the first season and the second season kept it that way It felt like they were colleagues which is what they were supposed to be I'm glad that they didn't add unnecessary love relationships in the main cast aside from some side characters because this show didn't need that It stuck to the crime solving and it didn't lose it's focus Even though the reason as to why some of the older cast left the team wasn't explained too well the new cast seemed to be better to me because they were more serious and that fit better in this season The cases were more interesting than the ones in the first season and the twists were great thanks to that I found a specific villain interesting and liked their part in the story a lot Some might find it unfortunate that Eun Sol's role wasn't that big this season and that she didn't really seem like a main character anymore but other characters got a time to shine and I appreciated that I feel like everyone has gotten their fair share of screentime and stories explained this way Cons Unlike the first season Baek Beom started to irritate me at some point in this one He doesn't want to jump to conclusions so that's why he doesn't say much before knowing the full story but at least getting explanations in some parts would've been nice All we got was don't write fiction whenever someone asked a legitimate question and someone else tried to explain it because Baek Beom kept everything to himself until the end of the cases Even though it's part of his personality it got more annoying than it was in the first season Every case had the same pattern to solving it eventually and it got somewhat predictable After the time the team worked with Baek Beom they still don't trust his ability on solving cases when he's helped solving all of them Understandable that the team doesn't have a lot of time and that they want to solve the cases as fast as possible but they'll have to wait for him to be finished regardless so all of the screaming for him to hurry up inbetween was unnecessary Even with the negative points considered this drama was a great watch and it kept me interested until the end Hopefully it will get a third season in the future Read More,검법남녀
31,Worth watching I love this drama Both the seasons are very good but it should have been ended in nd season I had known that there were season so I started watching but didn't hope that this is not the end of it The makers hanging all the fans in curiousity I feel that every season should have different storyline other than continueing one story through all the seasons I know that there are small cases in between them but at the end of the seasons we can't feel at ease knowing that criminal didn't get cought I hope third season will be aired soon and this time story won't continue further Read More,검법남녀
32,I'm quite picky when it comes to detective serial dramas I only liked a few and dropped a couple I was even hesitant to start this but knowing that No Min Woo is among the cast it made me curious It's been such a long time since I have watched any of his works And since this is season I supposed that this is a good drama So I tried watching episodes And I liked it Then a couple more then No Min Woo aka Dr K appeared then bam I loved it already The series was really thrilling and nail bitting The only downside when I was watching this was the waiting for the new episodes Hence I decided to watch for season just to keep me busy while waiting for the upcoming episodes Now after I watched everything I understand why they made it this far and why many though silently liked the series I won't say much about season since I am reviewing for season but let me just say this Season definitely is better than season Its much thrilling and the way the cases relate to one another is fascinating The wrapped everything nicely almost no major loopholes However I noticed that near the end the main actress got lesser screen time and her character got pushed to the side with the story focusing too much on the men The was a big surprise to me A pleasant surprise to be exact So I am truly hoping for a season with the whole cast and please let No Min Woo be in it Lastly I let me say that this drama is one of the few wherein I really liked all the casts From the NFS to the prosecutor side even to the bad people even Oh Man Sung haha Their comradeship the acting everyone just clicks and you can see that they are enjoying their work I know that Baek Bum and Prosecutor Eun are the main leads here but Dr K rose in this drama No Min Woo truly made an impact on his portrayal of a great doctor with a dual personality I truly enjoyed it It was a very informative thrilling cheer rooting drama I learned so much from the forensics I was always waiting for their opinions and result of the examination It is my first time watching anything as close as this you know the forensic side so its quite an eye opener to me Cheers Read More,검법남녀
33,This drama really never failed to excite me I have loved the season but I loved this even more For those who like kdramas that deal with crimes and mysteries this one is the best This is really a great written plot and will really excite you No boring episodes The cases that they have are very insightful All the actors actresses really played their part well All of them are the best in their part Of course those who are playing major characters are more noticeable since their playing a major character but I won't name them all since all of them really did a great job even those who are playing minor characters By the way I felt sad that I haven't seen Stephanie Lee that much in this season No Min Woo is very noticeable His long hair made him more handsome and the character he played made him more appealing I really cried at what happened to you at the last episode The chief prosecutor is really effective as a villain he's really getting into my nerves I can't wait for the season I hope it will have more season maybe till season or just like CSI I love you all hope everybody will be there in the next season and I mean everybody partnersforjustice partnersforjusticeseason mysterykdrama nominwoo mustwatchkdrama mustwatchkdrama noboringepisodeskdrama excitingkdrama bestkdrama kdrama kdramahookedbylady stephanielee Read More,검법남녀
34,I loved this drama so much Season and are good I feels like I've never seen better series than this before I love Baek Beom he is so rude in a cute way He's get out I love them Dr Jang never could eat his meal in this season I don't know why others says that Sally is boring and annoying she was good This is not a romance drama so there is not any romance at all Maybe a slight crush from some character towards another character but it is not that big deal as the drama is about solving the mystery behind why the people have died Was this review helpful to you Yes No,검법남녀
35,Good storyline lacking in Eun Sol and Baek Beom In terms of cases and story line season was better than season However I feel like it lacks a lot when it comes to the relationships between characters In season they gave us more interactions and scenes with Eun Sol and Baek Beom They re the soul of the show And I was really enjoying where they were going with their relationship by the end of season I d love to see Eun Sol and Baek Beom get together romantically of course But even setting that aside this season missed their budding friendship at the very least and the last episodes were clearly missing that special something I feel like they ve also put Eun Sol aside she essentially became a secondary character and that s really sad because she is great and we deserved to see more character development and growth I absolutely loved how the relationship between Eun Sol Dong shik and Mi Ho was still cherished It s very difficult to get that sort of chemistry right and I love how they are all so protective of each other The best really I miss Stella and detective Cha They were so much fun I found that sally s character was just inserted into the show as a copy of Stella And she was creepy with how obsessed she was with Baek Beom It was quite unnecessary Although I appreciate that the character allowed us the audience to see how Eun Sol feels about Baek Beom All the looks How she reacts when asked about her feelings for him etc there s definitely something there so I hope we get Eun Sol x Baek Beom in season It s about time Jang Cheol s story line is also quite interesting and I love that he is teaming up with prosecutor Do It was sweet how he acted with Soo Yeon and her daughter at the picnic And I hope he gets the help in needs in season whenever that is Can t wait for Prosecutor Chal to be caught Essentially this season was good but lacked Eun Sol and Baek Beom scenes as well as more character development Eun Sol s she is a main character after all Read More,검법남녀
36,Before I start i would say I m quite impartial when it comes to reviewing but here i can't help but mention a name who quite literally stole the show for me Noh Min Woo OMG Keeping aside the fact that he is drop dead gorgeous he played the most complicated character embroiled in his trauma suffering and troubled He has a wonderfully strong Screen presence He was magnetic Sorry for that babble but can't help it it has been a while since i saw such a great acting Aside from that this thriller is without a doubt a roller coaster journey with many twists and turns and almost unsolvable mystery and horribly corrupted officials portrayal of real world and twisted murderers There is just one word that describes it Awesome Cast I have already said enough about No Min Woo who played the beautiful traumatized troubled doctor suffering from DID Baek Boam is same as first season rude uncaring a bit of a rule breaker tenacious and most of all Extraordinarily gifted Though I wish they don't portray him so immersed in autopsy all the time it gives off the feeling that he is autopsy maniac I liked that at the end seeing Do ji Han's broken state over his friend made him melt a bit maybe reminded of his lose of frd also him taking initiative to help him I wish they would sometimes portray that soft side of his Eun Seol She has to be probably the only reason i m a bit disappointed with the series as her role was pretty much cut short to the point she was a support Otherwise she was just like last season chirpy stubborn smart and headstrong but here her growth as prosecutor is Visible Do Jin Han He was given a lot of screen time and he didn't disappoint at all He brilliantly potrayed the upright strong and determined prosecutor we all look up to Sally Though m still very enamoured by Stella of previous season but I really liked her acting I just wish they didn't give her the same quirk as Stella Yang As the loyal right hand man of Do Ji han I was very taken in by his personality He is impulsive hot headed impatient and sometimes rude but he is a very loyal determined and strong assistant prosecutor His devotion to his friend and immediate superior Do Ji Han is very heart touching I loved their bromance It was another thing that made the series so engaging Chief Prosecutor Gal Cheon Prosecutor General Noh Oh Man Sang As villain they potrayed the character very well I despised them to the moon and back which shows the extent of their good acting NFS staff whether it is chief medical examiner Ma or director Park or Han Soon Yeon or our beloved chubby doctor they played their part excellently Seoul Eastern district Office staff Chief officer Kang Donshik Det Moon officer Cheon Mi Ho det Kang everyone had a role to play and they did a great job I was pleseantly surprised by the music which brilliantly showcased the dark thrilling theme and the OST Dr K by MINUE that kept playing on the appearance of Doc K was so apt with him and went extremely well with the doctor's dark persona I highly recommend it This is one mystery thriller everyone should watch It has every quality to be one of the best thriller drama ever N esp with Min Woo's Brilliant acting I give it PS Last but not the least Special mention to Director and story writer who made this series so intense and thrilling Gomabsenida Read More,검법남녀
37,I have watched a japanese US drama on forensic doctor too This korean made drama is the best Seeing it do I know that actually the room for a forensic doctor to examine the dead bodies does not allow entrance of nonrelated staff or police You must look at the examination process through a glass wall outside the examin room Everything in the drama is so authentic The plot of each case is terrific too attracting you to follow till the end Male lead is not a handsome oppa but a black skin nasty middle aged man His character and appearance makes this drama so atypical to normal kdrama All in all a drama that is seriously produced to reflect the actual work of a forensic doctor,검법남녀
38,I still have hope for season but i dont think they will continue this series I actually think that season is better than season,검법남녀
39,I lower my rating to since I did not like the season that much I will wait for season to finalize the review,검법남녀
40,A reclusive forensic examiner and a bubbly prosecutor cross paths regularly in the carrying out of their duties Like many of these programmes it is the science that is the real star A well acted nicely paced series with lots of twists and turns but be aware there are lots of realistic autopsy scenes As a footnote I read an article recently that said programmes like this make it harder for prosecutors to convince jury's that people are guilty because they expect definitive information like this type of programme produces,검법남녀
41,This drama Season was very poorly made and the standard is similar to all those average dramas in It is far worse than the Season which is also nothing outstanding in the end All of the stories like to make lousy coincidence with non realistic and common sense Its another bad directorship It also like to emphasize English speaking but it damages the style A lot of the human to human interacts are very non realistic and the Korean or other countries system never work like this drama showed The director knows nothing about government levels systems and procedures A lot of styles of acting and story line are back dated and can be said worst than lots of Asian dramas,검법남녀
42,A wonder detective drama with vulgarity and entertainment,검법남녀
43,You must watch this drama it has absolutely unique plot used accessories such as body parts corpses are like real ones all actor specially who played as Dr Baek are charismatic they all can impress all the feellings every characters perfectly this drama keeps you on your toes from the beginning and always surprises you with unexpected ending,검법남녀
44,Thoroughly enjoyed S and hoping to see some loose ends tied up Need Eun and Do to take down Gal once and for all,검법남녀
45,This is at least it's supposed to be a procedural drama the procedures being those of the Forensic Service and the Prosecution Service So it is not unreasonable to expect that while the cast may break the rules from time to time they do at least know what the rules are supposed to be Forensics wise that works okay procedures are followed and explained and the science is more or less respected That said I suspect a half decent defence lawyer could shred them on cross contamination of DNA evidence Where the drama falls down almost to slapstick is with the Prosecutors especially the heroine Every one of them is corrupt lazy personally over involved with a case highly partial or and incompetent Our newbie Prosecutor heroine at her first crime Moves The Body I mean come on for no particular reason and contaminates the scene by not wearing protective clothing She routinely rushes from one half formed conclusion to another as new pieces of evidence arrive acts on hunches and constantly gets over emotional when she should be calm In one episode she tests the thesis that a boy had over dosed by taking an overdose of the same pills herself when on her own No one to observe or help if anything goes wrong and then proves his state of mind based on the hallucinations she experiences It's ludicrous We are supposed to believe she is the top product of years of legal training to reach her position did they teach her nothing Frankly her behaviour is just ditzy and worse than amateurish Now pitting an uber rational Forensic scientist against an over emotional Prosecutor is where the dramatic tension is supposed to come from But when as here the Prosecutor is made not just over emotional but dangerously unmoored from due and basic common sense professional process the tension fizzles out very quickly to be replaced by OFFS irritation The result is not an exciting match of mutual respect between two professionals each with their own different approach but between someone who is good at his job and someone who is downright at hers Poor,검법남녀
46,This drama open our eyes about spirit of seeking the truth,검법남녀
47,An average show It's not obviously bad but it's clearly not good either Too much artificial drama that's not based on anything mediocre acting and generic storylines that are interrupted all the time by hectic and clich looking animations effects that probably are supposed to look scientific,검법남녀
48,The plot is ok even when is a asian copy of CSI but what really bother is the amount of surgeries in the young actors faces in a Japanese anime looks more real,검법남녀
49,The storyline is hooking and I enjoyed watching it However the behaviour of the prosecutor was horribly cringey I understand why she was written like that being a green horn but it put me off quite a few times,검법남녀
50,I watched both the st and the nd series and it was nothing but a pleasure to explore the story of this series Crime genre uplifted by some of the most interesting investigation methods ever explored lead by Jeong Jae yeong The casting for this series played a crucial part in it's success along this ever evolving story If you think you saw it all let me tell you you haven't until you've seen this series A must watch,검법남녀
51,My opinion is that season is far better than season After finishing season i was not even going to watch season However since it gets harder to find something to watch after a year of quarantine i gave it a chance and i really loved it Season is much more suspenseful and the dose of unfunny comedy elements is lower I hope to see a new toxicologist in the next season who does not speak even a word in English,검법남녀
52,The lead characters are just screaming on top of their voice I understand that in Korean culture people can be a bit vocal but this is just too much Apart from that the pathologist and cops just keeps interfering in the other person's jobs telling them what to do and lot of screaming and shouting Couldn't want more that just a couple of episodes,검법남녀
53,So the story is a out of one of the best series I've ever seen The down sides for the instead of are The constant blurring of weapons and corpses which I understand why but it shouldn't be censored in a series in which a lot of its content is based on dead bodies' examination On the second season the new girl from the NFS toxicology is a little annoying when she speaks in english I guess it's because the first one spoke too however her english was very clear but the one from the new girl is not at all The writing is incredible and the way they revealed the bed was empty was just magical I'm patiently waiting for the rd season,검법남녀
54,Great plot directing production acting and all autopsy details Have to look by yourself,검법남녀
55,Every actor in this series acts over the top Everything is an absolute drama even eating pork skin apparently its a Korean delicacy pork scratching don't do much for me But the story lines are addictive as is the main forensic pathologist Dr Baek Beom I haven't quite got to season yet but apparently the English speaking head of toxicology is a different person in season The woman in season was ridiculously annoying if stunning to look at I will definitely watch season and hopefully the overacting is toned down a little bit One of the better Korean dramas but not the best edit I've now watched season and the overacting is toned down a little The replacement for the English speaking head of toxicology is just as annoying as the original but not as pretty The storylines were probably better than season so that's a good thing Its just a pity that the two lead characters didn't evolve they remain the same throughout the two seasons Baek Beom pathologist remains grumpy and Eun Sol prosecutor remains completely useless at her job A new character in season is Doctor Jang Chul now this character has a great storyline and the actor Min woo No does an excellent job Its a pity its basically all over and done in two episodes He does carry on throughout the series but the storyline reduces somewhat All in all a very good K drama to while away the time,검법남녀
56,A no nonsense man meticulously in his job of post mortem and finds hard to find clues A newbie girl as prosecutor Lots of gore and bloody cutting scenes some blurred including of bodies buried years ago or burnt body Genre medical crime mystery false arrests trauma past apartment neighbour Positives the man's cold brilliance Educational content on finding clues and best practices of securing evidence Negative Neither of the lead actors are good looking enough Lot of unnecessary shouting forced dialogues to make the viewer understand some procedure Dialogues unnaturally distributed between the people present in a scene Too fast cuts Wannabe English show off The villains culprits are far from smart instead somewhat kiddish or cartoonish who suddenly confess and narrate everything The man mouthing 'don't write fiction' was good at start but later was like a catchline used inconsistently There is scope for many more episodes given the format of adding a new case once the previous case is solved One time watch,검법남녀
57,Just after I got annoyed by the whole show for being so loud in arguments over dramatic all the high end CSI lab would've been wasted also on how the top seed prosecutor Kang and his team did not even examine forensic progress or reconstruct all the evidence to complete a murder case that eps changed the course the head of forensic and rookie prosecutor said it in his face It's a worth watching show I can tolerate all the other cringey and annoying parts,검법남녀
58,The plot is really good but the main characters especially the male prosecutor was horribly annoying The female lead also was very tiresome at times And the lines Don't write fiction by Baek Beom feels extremely forced to be something like his tagline Had high hopes for this swries but the characters are just overwhelmingly irritating,검법남녀
59,This series is awesome in many ways I like the twist when the prosecutor interrogate and the autopsy results make the epic twist int the storyline Season took it to the next level with Doctor K and bringing back to the S E,검법남녀
60,My name is Jella and I am a filipino avid fan of Partners for justice currently residing in Qatar I would like to express my commendations to the entire staff and crew Especially to the handsome men of partners for justice dr baek dr jang investigator choo prosecutor do and cutie dr Jong investigator yang and the rest You all make it worth watching And i cant wait to see the rd season Dr Baek and Dr Jang aka Doctor K i will try to come to Korea one day to personally express my gratitude to you guys In case you wanna drop a message you can reach me on my fb acct as jasmine jella from Doha Qatar or on my whatsapp number at I know you guys are busy but i would love to hear anything from you Love lots Jella Keep up the good work,검법남녀
61,I felt like this was a bad rip off of Bones and it definitely doesnt deserve the rating it has as of now the scripting feels weird and unrealistic compared to many other Korean crime series It's not bad acting actually I felt most actors really represent their characters well But some scenes just has overdone it with their drama to the point where it's utterly senselesscharacter d evolvement usually most characters have their own stories incorporated into the whole thing and develop with it Here some character stories just dabble around one or two main plots and backstories dont dive deep enough to explain connectionsbut most of all what drove me near mad was the really bad science ing It was like the producers didn't have enough money left to hire a consultant on those matters Just to name a few enraging scenes useless medical masks not even covering the nose when dealing with fine particulates non laboratory staff just waltzing in the forensic room and contaminating everything around them the blurring of some scenes Like what's the point in blurring someone holding a knife ffsEDIT I lowered my rating further after watching season Again the science is just bad but the way they represent people with schizophrenia as crazy violent individuals is just wrong literally This depiction of all schizophrenic people being violent just fuels stigma and misconception While a small percentage do experience anger issues not all do and it's also not a symptom of schizophrenia On the other hand the comedy part of this series is nicely developed I chuckled a few times and on par with Korean Drama tradition it captures emotions really well Tl dr show runners need to invest more time and thought into the subject at hand forensic sciences because it's just really bad Some nice slapstick comedy moments tho,검법남녀
62,I cannot find IP here which is even better,검법남녀
63,Waiting for Season,검법남녀
64,A poorly made drama with the standard of Korean Dramas in,검법남녀
65,Fingers crossed season,검법남녀
66,A good premise ruined by a ridiculous script,검법남녀
67,Too much esthetic surgeries,검법남녀
68,Cringey,검법남녀
69,Rocked The Crime Genre,검법남녀
70,Season is awaited,검법남녀
71,Too much screaming and shouting,검법남녀
72,Story wise It's A,검법남녀
73,Really good serie,검법남녀
74,Medal for overacting goes to,검법남녀
75,okay one time watch,검법남녀
76,Plot was great but,검법남녀
77,I have watched it times now,검법남녀
78,Generally nice idea but bad scripting and science,검법남녀
