,reviews,title
0,Good short movie It was good Well it made me clench my fist everytime the bullying scene appears Acting I'm not a pro in this case But judging from how much i got immersed into the story the actors really did a great job If you think it's boring just keep watching It's getting better Just dont try to think of whats gonna happen next and go with the flow you'll enjoy it Well at first i dont understand what the ending but after rewatching i kinda get the hang of it Was this review helpful to you Yes No,모두그곳에있다
1,Sometimes when you try to heal a pain you just daydream about a thing that makes you feel safe and comfortable Until you realize that is just your power before you die,모두그곳에있다
2,Plot twist macam apa ini,모두그곳에있다
3,head in hands im in confusion,모두그곳에있다
4,Watch it come back to me The plot twist is harddddd and legit made me cry Korean writers are really eating the us up,모두그곳에있다
5,Hahaha you deserve that girl Love the plot and storyline also No Jeong Ee is so beautiful,모두그곳에있다
6,confused sumpah,모두그곳에있다
7,CONFUSION,모두그곳에있다
8,story of my life everytime im in the edge immidiately always thinking about a lot of things that i could do all i capable of doing in the future but back again to reality ive trapped i have no power,모두그곳에있다
9,this is just so sad tragic heartbreaking distressing it weighing on my chest,모두그곳에있다
10,a really confusing ending,모두그곳에있다
11,so to summarize she was already dead from the very start,모두그곳에있다
12,i think the plot really great if you middle schoolers to high schoolers this movie is about a girl who getting bullied until she hospitalized but the school doesn't wanna this case getting blown up so it hide it the movie really portrayed the effects of getting bullied and its effect,모두그곳에있다
