,reviews,title
0,I m disappointed And annoyed The tense the murder case the characters specially students in the school were interesting and captivating But solving the case the detective work the prosecutor work were weak The teachers keep finding clues by chance without meticulous investigation and there is no a strong turning point in the story or the moment of suspense The pace is slow I mean the pace of investigation Surprisingly the most coherent and fine parts of drama were school scenes with young actors The motive of temporary teacher played by Yoon Gyun Sang was important in the beginning but later the writer didn t have the concept of this any more Unfortunately some of great and interesting characters in the drama were dead I hope it isn t a spoiler and protagonists who were alive they were somehow flat And I'm even not going to mention about the ending And my biggest problem with this crime drama I feel the characters are created in a wrong way Their actions don t seem real The psychology of characters is simple and unconvincing And the actors acting is proportional to the script average average average But the music was good So there are some great scenes with genius directing and filming if you have seen the scene in the high rise building you know what I'm talking about but it is not enough to enjoy this crime drama Read More,미스터기간제
1,the story was great but there was something missing the process was really lacking it didn't need eps like the overall main mystery happens in the first eps and is resolved in the last eps though the side plots were not bad I enjoyed a few and they made the younger side characters shine but tbh I wasn't focusing most of the time and some things went by without even leaving an impression on me like I didn't focus on the older cast specifically the parents and that prosecutor who was so cold she was emotionless also I felt like they over complicated things like they didn't really have a is he the killer or is she the killer moments they didn't have too many or any solid suspects but then again how did it take them so long to think aha this might be the killer and those always had their brain storming sessions but like the mystery wasn't that complicated I honestly don't know what they wasted their time on I don't know I've been in a crime thriller slump lately all writers think they are too smart and some make me believe it for a while but then I'm not fully engaged with the story though I really enjoyed the ending it had a balance between open ending and conclusion overall I liked the main actors I'll keep my eye on them also the ost was nice my rewatch values are either a or a so Read More,미스터기간제
2,it's a solid story but the ending was way too rushed The last minutes was just boring The cast itself is fantastic though Jun did amazingly with his acting and the fact that hes an idol actor yet did this well astounds me I'd say the first episodes were fantastic but the last couple of episodes were way too slow in terms of development and the ending shouldn't have been YBJ getting killed bit rushed The OST is great the plot overall is okay despite there being a few slow parts the acting team were ace I recommend you watch it but be prepared for an underwhelming ending Read More,미스터기간제
3,worth watching the storyline was interesting especially in the beginning where keeps me going and curious what actually happen I was also shooketh over the problematic students like daaaamn its horrible The acting was quite good every cast suits the the characters However it was a little bit draggy in the middle making it a little bit boring And the solving the case part was somewhat missing most of the things are just not enough I wish they could give more tense and thrill instead with more twists too The ending was okay All in all I like it and I think it's worth watching Read More,미스터기간제
4,the drama started so well with interesting crime and i think making it so obvious and make us search for the killer with the lead was a big plus to enjoy the show the characters of the main kids on school was all different and interesting and tbh the best thing on the drama was those kids and their acting what make me enjoy the show and give it high rate they are the discover especially Beom Jin i hoped the writer will focus on their stories more however around the late half the writer get lost and change all what he build and give us a lot of the adult unnecessary scenes and not to talk about the annoying female teacher her character was just pain and stupid from the start to the end if they cut her down the drama would be better i loved the male character but the sudden move from going with facts to take the lead guesses as evidence what kill the drama like how he suddenly focus that xx is the killer and start to make image to it and it fit well and yes that's it like what just because his character fit well nothing more that strong and what with the ending are this really ending i don't know what the point of that what make me give it high rate like what i said before the start the evil kids and Yoon Gyun Sang it wasn't boring and it drag me to the end even though they end it poorly Read More,미스터기간제
5,class of lies was lit Honestly this entire drama felt like a good fever dream That probably doesn't make any sense but it was complete and it was interesting the whole way through I have to applaud Yoo Beom Jin's actor because his acting was so amazing In general the crime aspect was well done and the watchers are able to guess along with the characters There are a lot of details and the direction of the drama is unpredictable This made it exciting but you have to pay attention or you might miss something This problem could only be for me but the subtitles in this drama were so bad I watched this on Dramacool so it might be different for you The subtitles were inconsistent and even some of the nicknames the characters were given changes between episodes which gets confusing Another thing is that the episode lapping is quite large the end of the previous episode as the beginning of the new episode I would say almost minutes is lapped Sure you could skip it but in some cases new details and clues are brought up This was a small issue though and it's useful if you space out your episodes I binged so it got a little annoying I will say it's hard for the characters to grow on you or to develop a favourite character This factor is important for me when watching a drama so that's one of the reasons why I only gave it an The only character that grew on me was Lee Gi Hoon and he didn't have many scenes This drama's music will always be superior A lot of the music they used was rap I thought that this was fun since normally the OSTs would be soft singing or something along those lines Plus the BGM they used when the attorneys and rich people were talking made it feel like they were gonna square up add Class of Lies to your watchlist right now Read More,미스터기간제
6,Revelation of dark secrets of a school intertwined with the students and their high official parents This crime legal mystery suspense filled drama portrays the entangled and dark story of a school being reigned by privileged parents and their children creating an imbalance on a proper function of a school Even though it was set on a high school the plot is really dark and the tragic theme is all throughout the drama The drama even started on the murder scene itself Plot wise it's drama that will pique your interest by making you wonder what will gonna happen next and who is who although I felt like it lacks texture because the plot is linear It's about the main lead trying to expose the dark truth about high officials and their privileged children which is the same with similar genre drama the only difference are the details itself There's a lot of complications introduced every episode that will confuse you but the flow of the story is linear there are no plot twists to expect There are also lots of illegal things that the main lead did that was absurd given he's a lawyer but I get that the intention is good What I love on this drama though is that most dramas are just light that will make you feel a roller coaster of emotions from being sad to happy but this drama is not about those While watching it I felt the pain the helplessness and realized the absurdity of people If you're into tragedy type of genre this is well recommended The casts here are new faces for me aside from Yoon GyunSang whom I've seen from other dramas before and he's still a good actor His character grew emotions throughout the film which he doesn't have when he was first introduced as a lawyer who only have eyes in winning cases For the other new faces I don't have expectations Geum SaeRok is a new face to me she's good at being bubbly and being the 'good teacher' but since the story starts to become darker and heavier each episode I felt like she's a bit lacking on expressing negative emotions like sadness Jun is the one that I mostly noticed here since his role has the most complexity I saw how versatile his acting is because I also fell for his angelic attitude and when he switched into a bad guy mode I literally cursed his character BeomJin I liked this drama and every episode I keep wanting for more There are lots of things that I've learned her like life lessons together with the characters I loved how each one of them grow from all the events and tragedies that happened I felt like I was with them Read More,미스터기간제
7,this is my first kdrama and im glad i find this one since im a dorama lover esp crime thriller and investigation genre and i could say this one has a great story and i recommended this if you also love this kind of genre the twist is really good every episode has new revelation and the battle of wits remind me of death note and liar game acting is great for some actors like yoo beom jin but the actor of kim han soo makes me cringe and his role makes stupid decision all the time music is really great makes every moment intense and sending a message this one has a serious battle of wits rewatch value if you miss something or dont have any drama on your watchlist Read More,미스터기간제
8,In general this drama was pretty solid The acting was relatively good and there was a good character development throughout the drama I really enjoyed the unravelling of the secrets of each of the characters and the dark side of the seemingly perfect Yoo Beom Jin The drama is quite slow paced and I personally don't mind that HOWEVER the ending I found extremely confusing and lacking There is no explanation in regards to Yoo Beom Jin's death and the explanation for the actual crime considering it was so complicated was just not enough The court scenes also seemed a bit strange to me and obviously I don't know how the justice system works in Korea but I was surprised when Yoo Beom Jin started yelling and ranting when he was on the witness stand I thought they are only required to speak if they are asked a question I wouldn't recommend this drama for people who really value the endings because the last episode of this drama was quite inadequate in my opinion However saying that it was a pretty enjoyable drama overall with an interesting storyline Read More,미스터기간제
9,Captivating and a complete addiction from start to finished I was engrossed to the story till the end I was glad I didn't watched it when it's airing and completed this drama in days This is how you create a thriller and create tension complete with fascinating character The investigation while there is alot only functional to take forward the plot and not dominating the story to the point make the story becoming dull and still giving room to each character THe main of the attaraction is the character the environment they face and the tension This drama will be awsome if it's more than episode and take emotional depth of each character and unfold the conflict more engaging because there is too many interesting character and conflict they represent that will be awsome if it's more flash out despite of the conclusion the drama has which unsatisfying for me The journey is worth the watch ANd there is just some Promising young actor here who I wish will get the limelight to star in Leading Roles soon Hopefully they will starring in even more interesting project Read More,미스터기간제
10,I like the story ocn network in drama in terms of thriller crime like the other ocn drama instense and suspense are good The actor and actress are can portrayed the role given but in some point in the ending they make fast ending why didn't explain what happen to him Some angle of lightning of camera seems dark They teach us to value our family to study for the future and not for fame or publicity I watched this drama because the main character is my idol he is good in acting and ocn network is the best in terms of crime thriller and murder scene or episode To the some point that i felt boring i make fast forward for the episode don't do that you may missed some important details in episodes Read More,미스터기간제
11,WATCH IF YOU LIKE THRILLER CRIME MYSTERY DRAMAS This was one of my first kdramas and I loved it Many of the characters made me mad but that's good acting I guess D It is pretty mysterious and I had fun trying to figure out who the killer was If you liked this drama I recommend for you to watch Repeat the Year Extracurricular and Solomon's Perjury those kdramas have a similar concept Anyways go watch it if you're contemplating about it I need characters so watch this drama watch this drama watch this drama watch this drama watch this drama watch this drama watch this drama watch this drama watch this drama watch this drama watch this drama watch this drama watch this drama Read More,미스터기간제
12,The casting are good but the storyline was kinda messed Honestly speaking the episode is too tiring to watch I'd dropped it before but after few months I decided to give it another try The storyline is actually pretty good but I can't say it's the best First episodes might be too boring for me but the middle part hooked me up it was intense but my expectations on the last part turned out to be a dissapointment The flow of the story the reasons the ways and the investigations are too shallow The ending looks like it was rushed I had a goosebumps in the middle part of it and I was intensed that I kept on binge watching but I must say that the ending was lacking I like the characters I like the simple cinematography the locations are fine Actually there's no need to make it aesthetically pleasing since the genre doesn't supposed to have it The characters suitly fine to them and I have no problem on it I only found that there's something lacking on the story it's a bit messy and some episodes doesn't have sense at all But still it's overall good The ending was so rushed I don't know if it was a cliffhanger or what but it annoyed me because my expectation to this series is high I think it's a good and recommended drama as well but never expect too high Read More,미스터기간제
13,It was good I was thrilled every episode and was very excited for every episode The student cast were great the psycho student did a very good job st presenting the killer and i think this was one of his first dramas so it was impressive I liked the actor of the lawer and was glad to see him here The only actress I didn't like was the female lead It was probably because of the script because I disliked her mother like behaviour towards the students She was too protective and I felt like she was annoying at times But I endured it because I really loved the story Was this review helpful to you Yes No,미스터기간제
14,Great ending would reccomend Personally when I read reviews I want to know if the show had a good ending or not I have had too many shows that were good throughout but had a bad unsatisfactory ending This show had a very satisfying ending I haven't had such a good ending in a while Obviously I would want more episodes but with the ending it doesn't matter as much Some great OSTs They did a good job with Rap OST as a lot of dramas can't pull that off well If you come into this drama thinking it would be like one of the School s you won't find what you would expect Nonetheless this show will pull you in Great show probably in my top If had to recommend shows like this Solomon's Perjury sounds like it has nearly the same the synopsis except no attorney is in the show Read More,미스터기간제
15,Just Simply WOW It takes me a while to watch this drama because of the negative reviews but I gave it a try and I enjoyed it Actually it take me days to finished the whole series and made me guessing the whole time It was not that perfect but it exceed my expectations My investigative mind really works in this drama The twist of the story was done perfectly and unexpectedly actually The cast did will plus the editing and directing is thumbs up OCN never fails me when it comes to this genre they are the best Was this review helpful to you Yes No,미스터기간제
16,Don't waste your hours watching this shit because the writer didn't know what to do with climax of the story so she decided to ruin the drama by giving such a trashy last episode the psychopathic killer was arrested rather someone else killed him and they didn't show us who the bastards the whole drama went after to arrest werent shown guilty of anything and in short we don't even know what's the point of the whole damn shit was Annoyed as helll Acting was great by every character just that the story wasted their talent was no where Why would I rewatch this shit Read More,미스터기간제
17,The first drama that I already loved as soon as I watched the first minutes The moment I saw Yoon Gyun sang I knew it'll be great but after minutes I just realized that this drama will be really really great For me who loves mystery this drama is one of the best Every episode is interesting Everybody suited in the character that they are playing Jun is amazing He really did great If there will be a Korean version of Death Note the character of Light will really suit him His eyes are very expressive Yun Kyun sang really never failed to amaze me before and even now I can't wait to watch more of his drama He is really a great actor I could've given for the rate but there's something in this story that I didn't like and that is on how Beom jin ended in the story I feel quite disappointed that they were not able to prove what they have to prove though it happens in real life I just can't help but feel quite disappointed I super duper love this drama a great written story well directed drama great choice of actors actresses Super amazing Must must watch Mystery classoflies mrtemporary yoongyunsang yunkyunsang jun kdrama amazingkdrama mustwatchkdrama bestkdrama bestkdramas mysterykdrama hookingkdrama kdramahookedbylady Read More,미스터기간제
18,This drama is very good and difficult to guess I'm really looking forward to episode and what's more important is the main actor Yoon Kyun Sang in this drama our emotions will be tested hoho and sure enough in the first episode I was annoyed with the perpetrators of crime For those who like this thrilling movie it is very suitable the story is interesting this drama really teaches us to always be kind to others without looking at caste from this drama I really hate acts of bullying I really like Yoon Kyun Sang acting here he's very wise and handsome Read More,미스터기간제
19,this show was phenomenal each moment had me on the edge of my seat and wondering what was going to happen next it was an unpredictable ride that made my heart pound against my chest and make shivers run up my spine i find mystery stories set in school settings very interesting to unravel i like creating various theories with my friends and relating to the school aspect of the show thus this show was very interesting to see in that aspect it shed light on a lot of sad realities in a very enchanting manner because as said before the characters were brilliantly deceiving it s hard to explain and one of those things you just have to see for yourself i think everything was shown in an excellent manner and the pacing of the show was just perfect i eagerly waited every week for the episodes of this show and ran to my macbook the moment the episode released i also appreciated how they shed light on some social issues it made me think about some aspects of our gruesome reality and raised awareness it also made me think into the SOPA scandal and was just enlightening overall the acting the story the osts and jun oml he was perfect were all top notch the ending was a quite disappointing for me because it felt incomplete and i really think they could have added another two episodes to end it better a lot of people also had problems with how the mysteries were solved in the show but the lead's weren't real detectives and the people they chased weren't necessarily some mastermind criminals like Ted Bundy thus i thought the story unfolded in a pretty natural way for what it was there may have been some loopholes but it didn't personally bother me in my eyes the show was really really good from the start to near the end and thus despite its imperfections i still adored it in conclusion if you are interested in shows like RW or sky castle then i would HIGHLY recommend this Read More,미스터기간제
20,it was niceee i enjoyed this drama i felt like this drama is heavy but not that heavy more on the lighter bit side of the heavy drama hahahahah i think the story progresses very gradually and every ep just made me want to know what happen keeps me on my feet but then theres a lil bit of slow scenes at the middle sometimes i questioned if that really was needed hahah but its still okay i liked the acting especially the main lead and the boys they really did a good job i didnt really care about the female lead cus i think this drama mainly focuses on the main lead hahah all in all i think it was worth itt although itd be much better if they show more of what happened to the killer at the last episode but everything else is fineee Read More,미스터기간제
21,Money manipulation and murder I was gripped almost immediately Powerful figures are top of the food chain and the mistreatment of those below cascades down very painfully Those bullied from above take it out often with relish on those below Even when it began to dawn on me who the main culprit was I found myself doubting whether I was right That's great character writing Jun is excellent on his portrayal and acting as are all the cast Top marks though to the younger cast members who all gave credible performances The family dynamics of the powerful were as often seen before with parents using their money position and contacts to further their children's futures The green light this gives them in terms of feeling a right to mistreat and manipulate their fellow students though is a lesson this drama I feel attempts to teach its viewers The pace was good although each episode covered too much ground from the end of the previous one so I found myself FF each one The outcome for several characters was too clipped at the end and I wish they'd made more of the final court room scene for realism I still thought it was a decent finish though and would happily sit through it again Recommended Read More,미스터기간제
22,Class of lies started with so much potential the music was great the acting was good and the plot itself was captivating enough to make people put it on their watch list but somehow in the middle of the drama the fact that the screenwriter didn't have so much experience started to show characters started to act stupidly the story started to drag the pace became slow and it all turned to something that based on the first episodes could've been so much better Still the story was good enough to continue and the music had a good impact too The casting of this drama was good Jun and Choi Kyu Jin were both great and Yoon Gyun Sang was good enough but on the other hand Geum Sae Rok's acting was a slap on the face it was just to unnatural I was not satisfied of the ending i believe the writer had problem to give some of the characters a proper ending but all in all i enjoyed the weeks i spent waiting for the next episodes of this thanks to OCN for this great season of dramas Read More,미스터기간제
23,One of my favorite drama of I highly recommend this drama it is mesmerizing and perfect as expected from an OCN's drama It's an all kill for me It has everything It truly illustrates the power of the south korean dramas and entertainment I really like how it draws different genres and topics altogether thriller drama justice suspense action murders bullying harassment investigation corruption politics justice school workplace and so on It highlithgts a lot of loopholes of the society I enjoy the fact that this drama take risks in mixing many genres altogether The results are absolutely perfect It is like a mix of the drama School The guardiands lookout and watcher What I find very interesting is how the story highlithts the hierarchy of classes the poor should serve the rich and the existence of bullying in every strata of the society school workplace I absolutely adore the story which is well written from the begining until the end This drama is never boring not a single second is boring I could watch it again and again Also the music osts are absolutely fantastic and entertaining I also love the cast which I find particularly brilliant Every single actor and actress did so well even the younger ones the sudents did such an amazing and entertaining job I was absolutely mesmerized The music is also one of the best point of the drama every single ost of this drama is very good it is very original yet it goes so well with the drama It is very unique and surprisingly captivating and suitable A MUST SEE Read More,미스터기간제
24,Class of lies had a strong start The story goes deeper and deeper as it goes involving more and more characters as it proceeds However there were a few elements that prevended this drama from being great even though the performances were seriously good First of all the story was good but the drama had some boring scenes Maybe they didn't handle the pace well enough to keep it interesting through and through Then the whole mystery and plotting was not as easily believable as it dealt with kids But that was easily overlooked Finally the ending was questionable So overall seven out of ten Read More,미스터기간제
25,THE MALE LEAD WAS SO BORING And so was that utterly one dimensional character with the most terrible script Jun and the other student characters were the only reason I watched thus far because hot villains are totally my thing but this drama was just the most trite pointless story with a plot so RANDOM it was just ridiculous But the murder mystery was definitely watchable and again because the students stories were engaging especially the Byung Hun and the bullying part was done well otherwise it's just very forgettable and generic Was this review helpful to you Yes No,미스터기간제
26,I just watched episode and I really liked the tone and quick pace of storytelling Yoon kyun sang's strong screen presence made me want to see more of the trial in court Recently there have been other high school crime dramas which were very good ie Sky Castle and Beautiful World So far Class of Lies has a different feel and I'm intrigued to follow this drama to see if it will keep up the strong first impression I really enjoy Class of Lies and I'm loving Yoon Kyun Sang's characters here I can't choose between Ki Moo Hyuk and Ki Kang Jae they are both good in their own way The kids are all doing good too Jun's character is the most interesting among them all and I can't wait to see if he will be in the same team as Teacher Kang Jae and So Hyun or siding with his fellow fake friends Read More,미스터기간제
27,A great story which gets messed up due to wrong character developement Please tell me where and why you agree and disagree with me after reading this review Suggestions are welcomed BE CAUTIOUS SPOILERS AHEAD Getting to the drama This is a great crime drama with suspense it leads us to answers itself here and there and everywhere The plotline is very thoughtful I guess the screenwriter was trying his her best to make it more and more impressive by adding all sorts of crimes in it prostitution photography without permission etc The only problem this drama has was character development The plotline was very interesting leading us to unexpected things but I guess the number of people who died was way too high than it should have been There weren't many plot twists which is what I hated since plot twists make crime and suspense dramas like these way more interesting In about episodes we were sure who the real killer was There was still a confusing thing which I didn't understand Tae Ra saw Beom Jin and Soo Ah somewhere after which she started bullying her what exactly was that Anyways coming back the character development was very poor the main characters i e the teacher and the lawyer were very bland like how could she just reveal everything to a person when she's not even sure whether the person is a culprit or not Alright the lawyer is a temporary teacher but after many students find out about it and he no longer needs proof related to the school why does he have to stay there They are not even trying to find clues instead they keep stumbling upon them by chance The spying app idea was good in my opinion How the criminal is so good at law and he's so clever and intelligent but at the same time he doesn't even care about being captured by the cameras Like even if he's a psychopath he's still intelligent and clever he's using a girl for testimony that he was watching a movie the night Soo Ah died but he doesn't care about the cameras He lets the balloon and letter fly lets the child go away he's such a dumb psychopath yet he's so clever WHAT I didn't find Soo Ah any special is she so beautiful a goddess Like how come almost all the male characters in this drama want her Flirting with Beom Jin having secrets with Gi Hoon working as a prostitute what more Like yes she was really pitiful after hearing her story but it doesn't mean she can make bad decisions and not be blamed for it She brought this upon herself and I feel like she was the most hateful character in this drama Well no offense to those who loved it but this was really poor The acting was quite satisfactory overall Yoon Kyun Sang as Ki Kang Jae and Lawyer Ki his character was ok but his acting was really nice Guem Sae Rok as Ha So Hyun I didn't really like her character but she was good at her acting as well Lee Jun Young as Yoo Beom Jin being a great fan of Lee Jun Young I felt a bit bad for his character in his drama it was so dumb to create such a debatable character Anyways his acting as the cold killer was really nice Choi Hyun Hwa as Prosecutor Cha her acting was really nice as well although her character was a bit confusing why did she hate Lawyer Ki so much Nobody knows MYSTERY Choi Kyu Jin as Lee Ki Hoon his character was one of the few I understood in the drama good acting anyways Han So Eun as Han Tae Ra I didn't like her acting very much her panic scenes sad scenes etc all seemed so fake Kim Myung Ji as Na Ye Ri I really hated her character and so I would say the actress played it well I really liked the rap regardless Hope it wasn't boring Still you could just go ahead and try this drama as it was interesting with no doubt Thanks for reading Lots of love Read More,미스터기간제
28,Its a good mystery drama Worth the watch if you like Lee junyoung This drama has a smooth story is not dragged not are there any extras You would not have to skip any part and its interesting to watch the drama The whole drama has twists and turns although there is a lack of romance it wont affect the plot overall Can watch when bored Worth the binge watching P S i watched this only for Lee junyong so i dint mind the depth of the story Over all it was worth it Do support Lee Junyong for his new drama IMITATION This drama is a must watch Do not miss it Was this review helpful to you Yes No,미스터기간제
29,Don't Judge a Book By its Cover Don't Judge a Book By its Cover This drama was thrilling and exhilarating You'll be on the edge of your seat so I highly recommend for a binge watch The plot overall was very intriguing and I really enjoyed it although it seemed as if some of the answers were just handed to the leads and the investigation wasn't even necessary The characters were interesting I liked that they weren't perfect people but their character developed throughout the show They discovered things and grew and in some cases we discovered things about them that changed our perspectives Some things we discovered were seriously disturbing The ending was a little disturbing The music was fantastic A it was a great little show and I would recommend it Read More,미스터기간제
30,While I usually love some complexity for crime driven dramas the setting of this one made it impossible to enjoy My expectation might have had a big impact on how I view it I was hoping for a rather simple plot with some amazing characters to dig deep into The sad truth is the plot was complex but full of predictable traits We had some amazing characters that were never really used to their full potential It would be much better if the whole story truly revolved around the kids and no adult was connected to the cases If we could get the kids can do evil kids are not all innocent kind of scenario The whole drama should focus more on what is happening in school but it didn't The more the plot progressed the more side stories we've got prosecutors story line an investigation by the police adults politics corruption If you set your drama in the school you should use this place to its full potential and that's what they did at the beginning We ve got to know the dynamics and rules of their school life the background for the main characters how they interact with adults who is the top dog and how they use their power But the further we got into the plot the more unnecessary grown ups doing adult stuff we've got The drama switched from being school to crime corruption kind of story How amazing and tragic of the ending we would get if they didn't show Beom Jin's father much If we weren t sure if he was connected to the case it could have been only Beom Jin's view of it And when we finally get that last court scene he truly was just helping Soo Ah and there was nothing more going on between them We could see how Beom Jin's obsession about his image ruined him and his family How the lack of communication and keeping secrets can lead to a tragedy It would have more heart and value The true ending was simply disappointing the drama was kind of enjoyable but definitely not because of the plot but rather a few characters I liked I skipped some scenes especially the investigation ones which I often watched at x speed The trend of mixing everything in the plot and making it more complex than it has to be is really popular lately in dramas and this one is not an exception Read More,미스터기간제
31,I like the acting I started to this series for Jun and I got what I want Seeing him in different roles makes me realize how good he is at acting Also the rest of the cast was also good so it was a bonus for me I gave the story because I really disliked the female characters the teacher and the prosecuter Sometimes I just wanted to ask Why while shaking them Also I didn't like the end but you'll see why when you watch it I hardly rewatch a series so probably I will never rewatch it again Was this review helpful to you Yes No,미스터기간제
32,meh one thing i loved was the character development of gi hoon it was an okay drama nothing unexpected and nothing too suspenseful everything was kinda j expected and it wouldve been better if it was shorter its kinda something you would watch to take a break from a really good suspenseful psychological thriller drama the ending was pretty solid but overall story was really lacking with barely any suspenseful thrilling moments like said before should you watch this YES if youre looking for some light thriller drama Was this review helpful to you Yes No,미스터기간제
33,Highly Recommend This was spectacular drama It had a bit of everything It was a law drama crime drama school drama workplace drama and even covered topics like bullying prostitution classism and shed a bit of light on the negative affects of grooming It was written really well and the cast did a fantastic job portraying their characters and their stories I will admit though the ending was a little predictable but I guess that s bound to be the case for us that have watched dozens of kdramas It also really gave me slight Penthouse SKY Castle Beautiful World vibes So if you liked any of those I think you ll enjoy this one Read More,미스터기간제
34,Predictable Right off the bat when I saw one of the characters' name I had high suspicions that he's the ultimate killer In Hangul a criminal is translated as beom in which sounds so alike with Beom Jin It was just my instinct at first but I just couldn't brush the thought off So I just observed the character until he went really strange and suspicious With that the thrill and guessing games just flew off the windows All that is left to me was some clich power greedy chaebol dominating the world story Also the school violence and bullying which nowadays wasn't a match for me There were some satisfying moments when the leads won over something Also the OST Idk the title was great It lived up to the vibe of the drama I think a lot of characters were rather annoying or frustrating than I imagined so it's also a negative side to me I'm giving points to the OST and some moments I liked but overall this drama didn't leave me good impressions Read More,미스터기간제
35,I watched this drama with no expectations but right from ep I was hooked I loved the dynamics at school and the power struggles amongst the most popular students But the ending was a bit meh and everything that happened earlier in the drama felt inconsequential They should have shown a better conclusion imho Acting High school students were good Yoon Gyun San was good as a lawyer and as a teacher Keum Sae Rok was a bit useless in this drama due to no fault of her own Her character didn't matter to the plot which is a shame as I loved her in The Fiery Priest Read More,미스터기간제
36,Thrilling one with a boring ending First i would like you guys to give this a try This was a thrilling a nice experience for a mystery genre lover like me but i got a little disappointed by the way of its ending The only disappointment i came across THIS WAS HONESTLY SO ADDICTING but failed to give audience the ending they needed Why should u watch CAST WAS SUPER COOL Imitation JUN just aced the role Had a lots of spins and chills Ost was super cool A whole of episodes I BINGE WATCHED IT ON DAYS Rewatch value can be Ofcourse Read More,미스터기간제
37,I happened to found out about this drama from a site and the title immediately grabbed my attention I have made such a great decision when I started watching this It was amazing The characters were written so good The writers did the perfect job to develop the mistery Even though this drama has no real romance whatsoever I didn't even thought about that aspect The plot was too interesting to make you wanna think about the things that were ''lacking'' With that being said you all would be wondering why I rated the story a Well the end was questionable It ended too quickly and abruptly It left me kinda flat and I felt that the criminal deserved a much more tragic ending Was it a good ending No Did it matter in the end Also no The drama overall was too good to not rate it an absolute at the and I could say I closed an eye over the end ha ha also there is this one line that really stuck to me ''You are trying to bailout the ocean with a bucket'' Read More,미스터기간제
38,starts off with a bang falters a bit but regains its momentum towards the end took episodes to get me invested but it kinda paid off the cast did a good job jun and kyunsang obviously stood out more than the rest that ending left me cold i think we deserved a bit more closure not only is the ending unresolved but there's nothing that could hint to a possible solution absolutely loved the courtroom scenes though and i really wish we got more of them,미스터기간제
39,classified as underrated in its genre even though their friendship is very goals wkwkwkwkw,미스터기간제
40,i konw there's always something off with rich people in kdrama,미스터기간제
41,This thriller mystery drama is nice The plot twist was amazing and good rin yung acting Nagenjoy ako magisip dito HAHAHAHA,미스터기간제
42,this is cool,미스터기간제
43,Captivating and a complete addiction high school drama from start to finished,미스터기간제
44,rewatched this for times,미스터기간제
45,This drama deserves more recognition although the plot wasn't something new the script was written intelligently All the performances were fine but the best ones were without a doubt Jun Yoo Beom Jin he really improved his acting level and Choi Kyu Jin Lee Gi Hoon although he is still a young actor his acting level impressed me every detail of his character were excellent If you like mystery and twists in the plot you should give this drama a chance My Score,미스터기간제
46,Class of Lies the intensity and fast paced SHOOK me it took me a day to binge watch this without sleeping it is great since it is thoroughly detailed case and the people around it just watch this Memorable characters Lee Gihoon Park Wonshik,미스터기간제
47,It is the third series that I like First I like Hotel del luna series Second WATCHER series Third Class of Lies series Fourth Doctor John series I am so thankful to OCN channel for this class of lies series This series is not get views rating than WATCHER But I like this series because it can't lazy for me when I watch it And also all students who include this series they are good act and I admit that they do their homework well And I want to know who is the killer Class of Lies will be sucess and get more highest views rating,미스터기간제
48,Class of lies had a strong start The story goes deeper and deeper as it goes involving more and more characters as it proceeds However there were a few elements that prevended this drama from being great even though the performances were seriously good First of all the story was good but the drama had some boring scenes Maybe they didn't handle the pace well enough to keep it interesting through and through Then the whole mystery and plotting was not as easily believable as it dealt with kids But that was easily overlooked Finally the ending was questionable So overall seven out of ten,미스터기간제
49,Intriguing murder mystery crime drama Extraordinary performance by Yoon Kyun Sang but then again I'd watch him in whatever drama he's in The entire cast was unbelievably awesome The narrative was absolutely fantastic Brilliant Loved it,미스터기간제
50,I got really scared of the students If this was really it will scare the bejeesus out of me Too many scandals bullying killings and abuse of power in school and the justice department When there is so many conflict in a kdrama it became so overwhelming that I had to skip a lot of parts Also I cannot picture the Lee admin as a villain as I still remember him in do bong soon the girl bully is very pretty and the villain student is also cute and I liked his acting I didn't even know if there was a loveline between the male and female leads because I skipped a lot parts,미스터기간제
51,The conflict here is so subtle yet horrifying to watch the way the bullies has rank and abusing their means to get what they want even the lawyer has to stay under coverage which is a little loose end to me like how on earth some high case lawyer unrecognized on this school still bugs me but its interesting,미스터기간제
52,I went into this show with I would say about average expectations I am a fan of Yoon Kyun Sang and I like OCN dramas but sometimes they end up disappointing at the finish line However this one came through scoring a solid rounded up to a for me The show starts off running with a gory stabbing scene and Kyun Sang playing a cocky and charismatic lawyer proved to be an interesting start The soundtrack really solidified my interest as it switched back and forth from edgy and suspenseful to tragic and gorgeous using some beautiful string pieces as well as a very catchy rock banger The mystery is set from the very first episode and the writing is excellent dropping bread crumbs here and there for the viewer to come to the conclusion of who done it around the same time our ML discovers it The pacing is done well there are no boring or dragging episodes and every scene is used to further the plot The cinematography was gloomy and cool toned using dramatic angles and clever shots to bring the story along The acting is also really great particularly from our villains I felt like everything was done in a realistic way there were no dumb subplots or crazy leaps to be made to get to the conclusion The show wrapped everything up very well leaving just one tiny mystery at the end for the viewers to chew on Overall this was a very well done mystery thriller and for those that like this genre this is a must watch,미스터기간제
53,Thank For This Series OCN Channel,미스터기간제
54,Good Enough,미스터기간제
55,Cativating Crime Drama,미스터기간제
56,Scary students,미스터기간제
57,Makes you clinging on your seat,미스터기간제
