,reviews,title
0,Perfect adult viewers drama There is no first love and young romance childhood friends even no simple motive of revenge This is a political drama with strong characters who carry the entire show Motivations of people's acting a desire of the power dreams of perfect society and state are portrayed excellent The main question of this story is that does the end justify the means Is this a true what Machiavelli said that everyone is evil and you must do anything to gain a political power Surprisingly although there are some corruption motives this drama isn t about corruption but rather about what politics do and what it looks like Director s job is splendid The director Kwak Jeong Hwan is also an author of Miss Hammurabi and if you like Miss Hammurabi you will like Chief of staff too The acting is brilliant because Kim Dong Jun acting is better and better Elliya Lee after her odd and makjang appearance in The Last Empress has a real character to play here and I like her Lee Jung Jae and Shin Min Ah the leads are amazing They present serious relationship involved in job and moral dilemmas Kim Gab Soo the true lead is AWESOME Try this drama to watch his impressive performance I hope he will receive an award We all know that dividing drama into two parts has no sense but in this case it breaks in a perfect time Read More,보좌관:세상을움직이는사람들
1,THE REAL THING STRICTLY FOR ADULTS Don't watch this if you're an idealist You can't pretend to live in a La La Land forever This drama is an absolute depiction of how politics work It's cruel sweet but most of all overwhelming to most extent We all start by thinking ' I will change the world ' How ' By my sense of justice and righteousness ' It all starts with such self belief and shit Everything comes at a cost And that includes power too This is the first season so it's a cliffhanger right now But always remember ' You don't cling to the wrong to climb up else you're bound to fall and there's no standing after that ' This is it It's not a review but an explanation of what to expect in the drama It's not a plot to please you but to depict how things work Enjoy Read More,보좌관:세상을움직이는사람들
2,Chief of Staff is perfect for those who don't need romance or cute little moments ruining yeah I said ruin the story Yes there is a couple but their relationship is a thin veil over the rest of the story Chief of Staff is political intrigue at it's best There is greed murder backstabbing conniving and everything else under the sun Like one of the other reviewers said it's the perfect adult drama The cast led by Lee Jung Jae was impeccable Shin Min Ah was so good and so far removed from her typical characters that I forgot it was her If it weren't for her dimples I would have thought she was someone else They were good Everyone was good but Kim Gab Soo was brillant He stole the show He was mesmerizing in every scene FYI Kim plays the President in Designated Survivor Days I watched them simultaneously and confused myself a few times LOL The incidental music was great Honestly I don't remember any songs I'm sure there was at least one slow song in it but it was irrelevant I finished Chief of Staff the other day and am ready to rewatch both back to back now How's that for rewatch value If you like political intrigue murder Chief of Staff is a great series You really can't do much better Read More,보좌관:세상을움직이는사람들
3,I watched this season and in my opinion is a must see if you watched The K even if there is not a lot of action When you watch it is like a big brain time you won't get bored like watching a simple romance or something else The story is just great completed with good acting and the music is pretty accurate The cast played thier role perfectly and the male and female lead dominated the scene even they were put in ridiculous situations I'll recomand it to everyone who like politics Read More,보좌관:세상을움직이는사람들
4,This drama is about what happens behind the scenes of politics The good the bad and a really good dose of the ugly How far will people go to get the way they want This drama deals with backstabbing corruption and everything bad you can think of in a world of politics The main characters are trying their best to help the people but to help the people they have to do stuff that is not always a good thing Don't expect this drama to be a walk in the park or a drama you can watch to catch a break from real life This is heavy but it has it satisfying moment The acting is really great Lee Jung Jae as Jang Tae Jun is amazing He's playing the good guy but still make you question if he goes to far and if he himself is gonna go to the point of no return Shin Min Ah is playing a female lead that is strong and even during pressure and criticism fails to crumble which I find very rare in Kdrama The other leads are also amazing and Kim Gab Soo is doing an amazing job as the villain The music is really good lots of good songs and even some of the instrumental OST stands out Read More,보좌관:세상을움직이는사람들
5,Excellent Political Drama I was absolutely hooked on every episode I wasn't sure about the casting before I watched it but Shin Min Ah and Lee Jung Jae played their parts well I will say that their chemistry was a bit off at times though this may be because it was more of a comfortable relationship than cute or fiery My only criticism was that the ending seemed more like the end of an episode than the end of a drama It was very sudden with no follow up But now that I've seen that there will be another season it makes perfect sense Was this review helpful to you Yes No,보좌관:세상을움직이는사람들
6,Different mostly in a great way Chief of Staff is definitely different 'mostly' in a great way It managed to pull of a serious story that illustrated many issues in the world we live in today with a hint of realism that isn't apparent in other dramas of it's kind politics genre etc I really liked the production especially in filming and editing of this too and while story wise I felt like I desired something that wasn't there I was still impressed from the end The first couple of episodes are quite slow but eventually by the third fourth episode you'll get into the story more Acting was top notch quality by nearly everyone accompanied by a great OST Re watch value is normally low for me anyways so don't read into that too much If you are a fan of these kinds of dramas I definitely recommend watching Chief of Staff If you are new to this genre of haven't watched a great deal I would suggest something different for you as it may not be to your taste All in all a decent watch Read More,보좌관:세상을움직이는사람들
7,After finishing season I have only one question What exactly does JTJ want We know he wants power but for what Everyone in the show has a motive a reason for doing things but with JTJ I just can't seem to figure what exactly he hopes to do when he reaches the height of power He's meant to be a morally grey character so I'm not expecting him to be a complete good guy but his actions are a little too much He's not even a complex character always taking the easy way out and clinging onto those powerful even though he has all the evidence to bring them down It's not like he's backed in a corner There is always another option albeit thornier yet he choses to let the villains walk all over him just so he can get a small chunk of their power KSY is my favourite character She's intelligent sly and cunning She uses all of her available resources to solve her issues Unlike JTJ she doesn't force others into a corner so she could get something done The last episode is just a perfect example of how she is able to solve her problems without compromising herself and or the victim What I like most about her is that although she is in a relationship with JTJ she doesn't blindly accept his decisions and actions She questions him and points out when he's wrong She doesn't place him in a pedestal and doubts him when its justified She also solves her problems and gets shit done Even when she was betrayed by JTJ she didn't just follow his lead but made sure she was able to keep her job YHW is like a broken record repeating everything JTJ says and accepting his words and actions without any questions She honestly believes that he can do no wrong She's incredibly intelligent but when it comes to JTJ she becomes a brainless idiot The irony in it all is that she isn't even the main love interest At least KSY questions JTJ doubts him and forces him to take a second looks at his choices YHW never questions his actions even when she knows he's wrong The second time she explained to HDK why JTJ made the choices he did she repeated exactly what JTJ told her Nothing was from her perspective I mean no matter how much you like someone to put blind trust in someone especially when it is not justified is stupid I hope she improves in the next season or else it would be a waste to have such an intelligent woman and turn her into an idiot because of a man HDK is another character i really liked At first I thought he was an idiot who was too emotional and too trusting but as the show went on it became obvious that without him key evidences would not have been discovered He is intelligent and is the K drama definition of a good albeit a little bit green He felt more like the main lead because he was always the one to discover key pieces of evidence and was always at the right place at the right time Read More,보좌관:세상을움직이는사람들
8,Cold Blooded Political Drama The premise of Chief of Staff is that pretty much everyone in politics is ruthlessly ambitious and willing to put aside any morals to achieve their goals That's kind of all you need to know lol It's cynical but probably fairly realistic At least all these politicians are super attractive In general the show is very well executed and well worth a watch Although if you're looking for something light and feel good I'd steer clear The show's strongest assets are its characters while there's a mid sized ensemble cast all the main players are complex and fully formed and their personalities are easily discernible within the first few episodes Standouts include Lee Jung Jae as leading man and Chief of Staff Jang Tae jun His facial expressions alone are so telling you can immediately feel his constant struggle between doing the right thing and advancing his political goals He's one of the best anti heroes I've seen in television Another standout is Shin Min Ah as Kang Seon yeong she's a political badass who you'll constantly root for as she strives to be one of the few uncorrupted politicians I love her and Tae jun's chemistry you can tell how much they care about each other even as their political careers keep jumping in the way The show also does a good job establishing the tangled web of relationships you can immediately tell who is loyal to whom who has beef etc The acting and character building is excellent on its own Chief of Staff is super plot heavy the first few episodes are more slice of political life as Tae jun grittily handles crisis after crisis Just when it's starting to get repetitive the latter episodes start developing more of a seasonal arc which ends in a dramatic season finale There's a lot going on and tons of side characters and political scheming so it can be easy to lose track of some of the moving parts Even so you don't have to remember every detail to enjoy watching how the drama unfolds The soundtrack is fun too the dramatic underscoring matches the premise' tone and urgency I'd recommend Chief of Staff if you're looking for something a little serious dark with a standout cast of characters Read More,보좌관:세상을움직이는사람들
9,The second season starts with a bang and it only goes upwards from there Jang Tae Jun with more power than before starts his plans to change the world of today's politics by getting rid of the corruption in the house This of course proves quickly to be very hard and he and the people he trusts have to struggle Every victory quickly becomes a loss One step forward two steps back A season that is even more heavy than the first but also has way more satisfying moments Is the ending worth the suffering you might endure watching this and the previous season Yes definitely The acting is still as good as well as the music Ps this show has really made me think about how much of this is true to what happens behind politics in real life quite a scary thought Read More,보좌관:세상을움직이는사람들
10,RETALIATION TIME NON SPOILER 'I'll be the light in the darkness ' This nd season started with such high hopes and for good measure it has delivered every bit of it Outstanding finish to such an elegant drama This drama is an ART An art of reflection for a power struggle in the most heinous way When I first saw the st season It left me with numerous questions in my mind and this season answered all of them graciously Politics is a tool if used in the right way is beneficial for the people Ardently it ends with a dark theme just near the end to give you a little shock I'm sure many of you wouldn't have been able to catch it since it was in a mixed tone but the writer saw it through ACTING The whole cast needs to be applauded Both Lee Jung Jae Tae Jun and Kim Gab Soo Mr Song are the souls of this drama Especially Kim Gab Soo I've seen him numerous times now He's a LEGEND for playing villains every time Phenomenal acting They deserve awards for this one I'm truly convinced DIRECTION Mind boggling direction of the year Songs Cool and reflective to the nature of the drama Romance It's pure mature romance nothing cheesy but in terms of realism you would definitely want to have a relationship like our both leads do That kind of understanding and trust just makes you want to have someone in your life SPOILER with thoughts on ending Seriously Song Hui Seop is the most cunning and sagacious person you'll ever come across which is outstandingly awe striking Hye Won is truly a great woman Both Miss Kang and she are examples so strongest female characters I've cross across in dramas Noticing Mr Song's driver's face when he got stumbled by the news said and reflected a lot His face screamed ' It's all over now It's been piled up so high it's gotta fall ' The writer though went for a satisfying and positive ending but gave us this line ' Don't think it's over As long as I'm breathing you'll see me again in this world ' This is a truth none can deny People forget that the world doesn't end in a day It continues even before you and even after you Tae jun resigning tells you a lot Tells you how he's won the battle but lost the war To be that gracious even at the end I'm just speechless He used his situation well and did the best He knew he no longer belonged there That last scene had an abyss hiding That call from the blue house to him was a huge troll and sarcasm on the ending that the writer went for That ending scene was dark and profound And he meant there's only one thing he can do ' One light can't lighten up the night Deepening darkness can sometimes only be fought with darkness Yet I must keep my light alive even in the dangerous darkness ' Penetrate the darkness as he has been It will be bliss if they go for a season coz with that ending they can PS The Best drama of Read More,보좌관:세상을움직이는사람들
11,Surprisingly Chief of Staff manages to outpace and maneuver season One of the reviewers called Chief of Staff the perfect adult drama So too then is Chief of Staff Sequels usually fall short but not this one It starts with a WTF continues to Holy S and ends with Yup I knew it I marathoned the episodes on Netflix I was completely vested in the characters and the story I was all in perhaps too much as my family kept saying You know they can't hear you or Do you know you're talking to yelling at the tv I'm really thinking of spending the weekend rewatching both seasons The plot the writing the directing and editing the entire production is fantastic They doubled down on the backstabbing and scheming The political intrigue wasn't as upfront as was the investigation They prosecutors are a big part of Season The acting is superb I mentioned in my Chief of Staff review that Shin Min Ah was so far removed from her usual type of role that I forgot it was her I did in season as well They got a shot of those dimples and it hit me who she was Kim Gab Soo was as mesmerizing in this as he was in season He only lost in his scene stealing to Jung Woon In Lee Jung Jae embodied his character This was the first time I've seen him in a drama He is wonderful Chief of Staff the full series is fantastic Season brings everything from both seasons to a satisfying close However they leave you hoping you may see some of the characters again It's like a great book that you couldn't put down for a while even after you've finished Read More,보좌관:세상을움직이는사람들
12,Improved Dialogue seems to be repetitive Chief of Staff succeeds in having a greater story compared to it's first season but it's enjoyment becomes a little weakened due to repetitive dialogue that eventually becomes tiresome The story connects greatly from the first season and answers many questions viewers may have had after the final episode of the first season along with many twists and turns to keep the viewer on the edge of their seats some twists and turns were predictable but others really weren't which I really enjoyed One thing I love about both seasons of Chief of Staff and Chief of Staff respectively is the realism in their story alongside greatly built characters and character development Even though it was ten episodes some episodes like in the first season did feel quite slow and that's the reason why the re watch value may be a little low here but I still recommend people to check this series out especially if you enjoy dramas in the politics genre etc Acting was again great although the tiniest bit weaker compared to it's first season in my eyes but nothing of a major difference so don't worry OST was also amazing so no complaints about that All in all again a decent watch Read More,보좌관:세상을움직이는사람들
13,The drama that makes you question what's around you First of all the start of this season started of with a strong starting point as I was shocked with the sudden death of gu seok man The writer did a good job here by making the watcher once again feel angry seeing how innocent people suffer because of people in power This starting point made me question who was involved in the death and you feel satisfaction watching the drama unravel what happened I enjoyed the ending as I though it was quite realistic for example was mr song said you'll see me again which highlights how people in power can bounce back from hindrances in life It also presented how stubborn and arrogant mr song was because of the way he was so sure that he will meet tae jun and destroy his life With some political dramas i get confused about what is happeningbut with this one i didn't Somehow i managed to understand all the storyline links in the drama right till the end With tae jun being asked to come to the blue house along with the new beginnings of the side characters i do wish there could be a season as it would be interesting to see how tae jun will make the world a better place I loved the women in this drama and how they subtly touched on sexism in the workplace throughoutthe seasons There where many aspects if this drama i enjoyed I would say however that repetitions if some scenes did annoy me as they seemed out of place but apart from that i would recommendthis to someone that well enjoys politics and mature dramas ofcourse but also someone who wants to watch a drama that is not in a rush as you still enjoy this without having to binge one thing this drama did was made me think about how much of this happens in real life Like what has been purposefully released to the media what's been hidden and buried how they are controlling public sentiment and opinion Read More,보좌관:세상을움직이는사람들
14,This is a must watch show on Netflix The leads are great as politicians and the show is fast paced,보좌관:세상을움직이는사람들
15,Lee Jung Jae plays a chief of staff trying to change a corrupt system with the help of the beautiful Shin Min Ah an assemblywoman of the opposing party In this well acted drama he is faced with the dilemma that to change the system he has to stoop as low as the people he despises Well paced with a story that holds the attention and an excellent supporting cast,보좌관:세상을움직이는사람들
16,A series that you can't seem to stop watching Always have the urge to know who outwits the other,보좌관:세상을움직이는사람들
17,It can be impossible to follow a complex plot in a foreign language with unrecognisable names But persevere into episode and the political shenanigans start to become clearer If you stick with it you will be rewarded Many of the strengths of Korean drama are on display here deft plotting with twists and turns galore superb acting by all involved and high production values The moral conundrum at the heart of the story serves to raise this a notch higher in my estimation Highly recommended,보좌관:세상을움직이는사람들
18,One of the best political thrillers I had watched in recent times it keeps you guessing wat happens next till very endHope they will return with season,보좌관:세상을움직이는사람들
19,Some people says that political series are bore This one as Borgen can be a perfect introduction,보좌관:세상을움직이는사람들
20,The show was suspenseful and dramatic just fine I would only give it a medium rating because watching this old man playing the M O J eat in like every other scene was distracting and DISGUSTING Who's idea was that and please fire them forever Yuck Totally took away from potentially powerful scenes So i guess I'd just say great writing other than that the genius main character would just leave game changing evidence in his desk drawer Not believable even for an idiot Great cast Bad directing Ew made me sick watching him eat,보좌관:세상을움직이는사람들
21,I love K dramas AND political themes CHIEF OF STAFF proved to be another excellently paced thriller starring some powerful actors and convincing co stars Lee Jung Jae was truly impressive as the stoic COS Jang Tae Jun who worked for Assemblyman Song played by veteran character actor Kim Kap su Kap su made me grimace at his eating habits but I loved that he introduced so many different Korean dishes in his many scenes Actress Shin Min a played Tae Jun's love interest and Assemblywoman Kang I found their together scenes sweet but completely devoid of affection with the exception of a hug or holding of hands I was hoping for a brief kiss at least The supporting characters around these main threesome were terrific overall It was a bit tiring watching all of them scurrying around in the COS offices The plot was a bit predictable but kept me completely immersed especially when reading subtitles The scenes were full of details and worth rewinding so as not to miss anything As always there were tears shed during the final episodes Season was as strong as Season and it was so good to see more veteran actors joining the cast Another wonderful Korean series that's a must watch,보좌관:세상을움직이는사람들
22,The first few episodes start out decently with just enough premise building character introduction and a tad of intense battle of power The writer seems to always pick the easy way out to every issue though Jang Tae Un faces an opponent and so his witty move would be digging up dirt of that politician that somehow nobody else has found out before Then Jang has the upper hand and wins whatever event of the episode This same solution repeats throughout the series and in one of the later episodes Jang even has dirt against a dozen of them and take their support away from the Minister Simply ridiculous,보좌관:세상을움직이는사람들
23,Great political thriller,보좌관:세상을움직이는사람들
24,Power corrupts,보좌관:세상을움직이는사람들
25,Addictive,보좌관:세상을움직이는사람들
26,Excellent Political Thriller,보좌관:세상을움직이는사람들
27,Must watch,보좌관:세상을움직이는사람들
28,Another perfect Korean serie,보좌관:세상을움직이는사람들
29,It's good Real good except,보좌관:세상을움직이는사람들
30,Political series at its best,보좌관:세상을움직이는사람들
