,reviews,title
0,It is crime physiological fantasy drama about a man who last his loved one Oh Hyun jae Jang Hyuk was a genius profiler who cracked many cold cases using his unsurpassed profiling skills One day his fiancee was killed in an explosion set by a serial killer and Hyun jae lived in seclusion after that Five years later a new murder takes place using the same method as that serial killer While investigating the case team leader Hwang Ha young Jin Seo yeon meets a detective from the countryside Cha Soo young who has a photographic memory Choi Soo young She introduced Soo young to Hyun jae and they work together to go after the serial killer Now they both team up to catch the real culprit behind the these murders I was so impressed by this drama that I waited patiently everyweek to watch this drama from last one and half months was one of my most exciting months of all time This drama has everything from perfect story to perfect cast and the acting of the actors was so amazing that it felt so real and our villian so amazing the way he kill people was so good and brutal by a cycle break wire awasome What ever I need this drama has everything thing So I will recommend to everyone whoever is reading this review please watch the drama you will not regert my words I can guarantee you about this Peace out Aniket Yadav theaniketyadav Read More,본대로말하라
1,This is worth watching if you love suspense thriller dramas From episode to you're on edge and keep wanting more The acting is powerful and soooooo well performed The cast is perfect from policewoman man to killers wow From kids actresses actors to adults actresses actors wow And the plot there's no 'useless episode' All the episodes are important for the development of the story Every second was well thought Watched it in two days Now I am actually sad I've finished it so quickly AAAH I LOVED IT I would definitely rewatch it OCN never disappoints Read More,본대로말하라
2,I started watching this drama with no expectations which is probably the reason why I managed to thoroughly enjoy it The description wasn t really detailed but another police drama sure I ll give it a go And oh boy did I get hooked Cha Soo Young is a character I had a love hate relationship with You can see how genuine and determined she was but sometimes I thought to myself how the heck did she manage to finish the police academy In the end I ended up actually adoring her Bonus points for actually resembling a detective and not a runway model from a Police themed collection Hwang Hwa Young is a character who didn t manage to have her full story told and I am a bit disappointed although I absolutely loved Jin Seo Yun s acting and the portrayal of the character I always appreciate a strong woman in a drama and she definitely delivered Oh Hyun Jae is just a whole rollercoaster ride that s all I am going to say Jang Hyuk s acting was also amazing God it was so good I liked the storyline but I feel like the writers had too many ideas at once and instead of narrowing them down they just rolled along with everything I felt like a lot of backstories were only partially told I wanted to know more about the Ji Min and Chief relationship the relationship between Hwa Young and Yi Soo The ending felt like it was rushed as if they wanted to expand more but they ran out of tape or something Aside from that I absolutely loved the chemistry and the subtle portrayals of friendship and closeness between character especially Hwa Young and Detective Man Soo and just Team in general but that s just probably me I also really enjoyed the weird relationship between Soo Young and Hyun Jae especially in the last episode My advice to anyone wanting to watch it start it with absolutely zero expectations and just go with it A lot of people seem to have had high hopes and ended up disappointed but I found this drama to be pretty enjoyable and involving Read More,본대로말하라
3,Amazing drama with an amazing villain Tell Me What You Saw is a South Korean drama with thriller and crime investigation elements that's directed by Lee Jong Hyeong While the synopsis given on My Drama List and Viki doesn't make it sound like anything exceptional to other dramas it's actually a very well written and executed story with superb acting that kept me on the edge of my seat the whole time Before getting addicted to this amazing show I stopped watching two other dramas with good premises because of a few things that I found annoying in both of them the detectives lost their wives which was what would drive them to do what they had to in order to catch the killer but they would also ignore anything the main female lead would tell them in order to help them I was so glad when this turned out to NOT be the case with Oh Hyun Jae who also lost his wife because of the serial killer While it did drive him to find the culprit and punish him he wasn't acting irrationally and it wasn't what motivated him to be a good profiler he was already all of these things and his motivation only made him stronger If you wnat to read the rest go to https nerdalert official blogspot com k drama review tell me what you saw html m Read More,본대로말하라
4,This was great to watch after all the romance dramas and cutesy couples It was intense and storyline really interesting and keeping in the edge BUT it did felt like something was missing I really don't know what but after the last episode it did felt a little bit rushed and not satisfying That I wouldn't mind a second season SPOILER But the biggest thing that took my interest was Eum Moon Suk his acting was really captivating and interesting I can't believe he has been appearing in movie dramas only three years His acting and portrayal were amazing How could he change up his character so easily between the friendly cop and serial killer I cant wait to see his upcoming dramas and movies Read More,본대로말하라
5,I quite liked this for about first episodes but then it started going downhill At beginning I enjoyed the cases and although characters could be frustrating I liked them well enough But as things progressed the plot got more and more ridiculous and needlessly convoluted I mean how many serial killers do you expect me to believe are in this one city Furthermore I hate when police are shown be absolutely incapable and is the worst case of that in any drama I've seen I might have been able to forgive that but the characters mostly became awful after that as well Several innocent people die directly as a consequence of our main character's actions he doesn't seem to care and is never held accountable Not only were they unlikable but also super inconsistent I don't mind gray characters but at least let their actions make sense Acting was pretty good and the music was fine But all in all I definitely do not recommend this drama Don't waste your time there are much better crime dramas out there Read More,본대로말하라
6,This series is so far the most exciting series i saw from any kdrama so far I haven't skipped any episodes I hope writers would maintain the goodness in every episodes the unique patterns of every crimes the different strategies the profiler shows I usually skip episodes on kdramas everytime it gets boring but this one I never get to skip one I'm looking forward to the upcoming episodes actually i hope this would be shown on netflix so it gets more viewers This one deserves a spot It's actually my first time to see Choi Soo young and her acting needs improvement but overall it's good the story I often watch jang Hyuk's series and it's the reason why i stumbled to this one The story is about a young detective who has photographic memory and a top criminal profiler who joined forces to solve crimes Read More,본대로말하라
7,This drama is not the best at its game But it is still enjoyable It is gruesome one of the most gruesome K Drama I've ever watched and I've watched many imo Besides that the writer tried to infuse life lessons all over it I think it focused too much on independent pretty unrelevant cases But those cases are still fun to watch You can expect layers of villains Plots Some characters were well written some are forgotten Even though they were pretty pivotal And the fight between police officers were annoying At the end of the drama they even abandon their morality lol just to cover things up The acting is awesome even though sometimes CSY and HHY seemed a little bit off but they are still amazing Jang hyuk is good as always The villains is amazing The dark vibes were consolidated with the music It was befitting and nice Conclusion if you're only watching crime drama definitely watch this If you want to watch this drama without knowing the usual crime kdrama consider watching this but this is not the best Read More,본대로말하라
8,Jang Hyuk is a brilliant actor and one of my favorites The rest of the cast was also good writing was until last episodes and the series worked well for me until the last few episodes when there was so much violence it felt way over the top Then there were repeated scenes like they were running out of steam And seriously a cop who holds a gun on a really bad guy repeatedly yet never pulls the trigger At any rate mostly a good series with the too frequent series issues of not being able to remain great until the end Was this review helpful to you Yes No,본대로말하라
9,Tell me what you saw had its flaws but overall it was solid The drama had some interesting cases to present Especially the first ones were pretty emotional and intense The main case was also unexpected and had a nice mystery The characters as well were explored in depth and had strong personalities The performances were perfect as expected but especially the leading lady was a delight Finally the atmosphere of the drama was perfect with enough gore and action to keep things interesting and a dark mood that feated the story well However the drama had some problems with the execution and the plot The main plot line was useless after the first episodes and there were some idiotic plot twists that didn't make sense and didn't suit the drama But overall it was enjoyable so seven out of ten Read More,본대로말하라
10,I expected a bit more I love this kind of story and i am a fan of sooyoung as an actress so i expected a lot The fact that the main actor was an awesome one hes really good in all the dramas i have watched of him AND the main plot line seemed catchy got me and i loved the first idk eps Actually i would go with a rating of before the two last episodes But the story gets a little bit idk if its actually the story or the fact that you dont see an actual character development on Oh hyun jae The end hints at some evution on him and the plot but only if they end up doing a second season what i doubt will happen And the end sooyoungs character sometimes is too much and it shows in the end its not bad acting since i watched all her dramas and like it So i think the writers made her a bit its too fake some of her dialogues and some faces seem fake etc It would be ok for a lighter drama maybe But i enjoyed the fact that the killer had a strong and well made personality and they didnt try to make the audience pitty him Anyway its a nice drama but it disappointed me because it could be so much better Read More,본대로말하라
11,It was extremely good crime drama except final episodes Their i think writer switched off their brain and did a story round off Every scene in those episodes has either logical or story or time line or some other irregularities Some to point Senior officer telling team to kill their colleagues profiler teaching teens where as by time line he himself should be in college team leader unable to shot criminal on shoulder when he has remote switch not Deadman switch of a bomb profiler leaving clues for team one then blocking them with no palpable reason The list is too long Read More,본대로말하라
12,At first a few bad plot devices bothered me But the pace was good the suspense was there and the cast acted well together After the mid part the actions of some main characters became inconsistent and illogical It makes sense if they are mentally ill but they were not presented like that Still the good parts prevented me from dropping and the pace picked up Then towards the end nothing makes sense anymore I almost rooted for the evil guy since the other characters were not much better than him The male lead continues to be obsessed over something stupid and irrelevant and disaster follows The team leader wants to cover the sky with her hands to hide her story but if she only tells the truth it will hurt for a few minutes then she will be relieved and everyone will forgive her Everybody think he she can be alone with the most vicious criminal but to arrest some other characters they deploy policemen Well some tried that before and nobody's there to talk about it In conclusion I had to drop the show at episode It was a really good show on many aspects and if you can put up with nonsense you might be able to watch it until the end Read More,본대로말하라
13,Vary exciting Thriller Crime drama as expected from OCN New idea and an unexpected Killer and a great build up to the idea they want to give in the end even tho it get a little slow in the mid and i got frustrated by other crimes getting in the way from the main one but it was to be use in the end So i was AH WE NEED IT i though it was just to full the time but it wasn't Everyone has an agenda and work to catch the killer for his own good not bc he is killer a lot found that frustrated but i found it the most excited and new thing about this drama not selling the great cops fighting together to catch the bad guy people are full of flaws like this and all want to hide their own flaws the one without agenda or flaws were the young fresh who want to be great cop and are used by the other that's so realistic I know that most take it as crime and focused in catching the killer but the main point in Hyun Jae Hwa Young and soo young characters and what we saw in those characters The writer made use of the Cha Soo Young FL power and it didn't come off or super clingy and her character was well made for me also i loved Soo Young acting Janghyuk as always choose new character that no other actor can showcase like him and give amazing acting that i was totally fooled in the start the drama is all build around him when i lose interest in couple of ep Hyun Jae was the one holding me to the drama the character is that strong i hate it sometimes but i understand he is psycho too The killer i was sad he is the one TT but honestly i was amazed by his acting when he change his character completely so it was amazing that it was him all psychos are amazing any way lol over all a really good crime drama i give it bc i lost interest a little in some eps and expected some plot if not i would give it Read More,본대로말하라
14,To begin with story line its really awesome and the cast have done a wonderful job There was no flaw in their acting or the direction While am watching each episodes I felt like I was inside the drama itself The thrill of what's next made me eagerly watch until the end of episodes There where many twist turns as much as friendship betrayal The female lead Soo Young and the main villain Dong Shik had good understanding between them but what to say he is an emotionless person But If he Dong Shik had started to feel something like affection towards her Cha Soo Young will the story be different I could say this is from my point of view Well its really a good crime drama and its really worth to watch People who are so into psycho thriller crime genre dramas will really like this Read More,본대로말하라
15,Perfect This drama reminds me of an anime called detective Q and another drama called voice I like many detective story so I am sure I will like this one this is what I like in this drama I always amazed by Jang Hyuk's acting In every drama or movie that he played i always feel strange with his acting especially his laugh but after some minutes I forgot about it and enjoy his acting very much The main character is not weaker or more stupid than the main villain I like when main character has ability same or more than villain so they can duel each other and not being played Its better when both of them are mastermind who have plan with another plan and backup plan I like the character I dont hate any single character in this drama especially the RIU's team member I dont know if it because their acting or good script I dont have problem with the twist we know how korean make crime drama the main villain is often from lawyer forensic doctor prosecutor cop or something like that but this drama make a cool appearance of the villain there are too many serial killer in this drama yeah it is not realistic But I don't care with it this is how crime or detective drama works Do you know detective conan has more than chapter and sometimes chapter has more than murder case Kindaichi Q Tunnel Voice Hello Monster they are the same There will be so many killers in detective or crime drama That's how it works Read More,본대로말하라
16,Wow I don't know what to say about this drama especially as someone new to watching K Drama It was just excellent in every way imaginable Heavy spoilers ahead do NOT read this AT ALL if you haven't watched this hidden gem It was pure thriller Something which another thriller drama koff The Game Towards Zero koff lacked It doesn't waste your time stringing you into character romance but rather strings you with layers of character backstory even for characters you can consider minor The characters are amazing themselves on some episodes I could even feel the synergy between Hyun Jae Sooyoung and Ha Young But let's not forget to credit the actors who did well with their role even the child actors I was really disturbed by the main villain's backstory due to the young actor portraying the insanity in the character really well Their synergy was especially amazing at the last few episodes I could feel the bond they have as police officers investigators the trust they have towards each other which sparked into them risking their lives to save Hyun Jae and Ha Young in the last episodes Wondering why I left rewatch value on one point It has no rewatch value due to how good it is You get so thrilled watching them solve crimes and identify perpetrators that it wouldn't be fun watching it again because you already know what's going to happen This is the magic of good thrillers your excitement and sense of wonder is sated to the point that trying to experience it again wouldn't feel as satisfying Read More,본대로말하라
17,love this i enjoyed this i don t know how and where i stumbled upon this drama but i m glad i did this is a crime thrilling drama and at a glance some people who s a sucker for crime dramas like me would say this is a bit cliche but i think it has its own unique twist to it from the characters the two main leads one with an amazing deduction skills and the other has her own skills which i agree they worked perfectly together some other characters well yeah a bit questionable at times but it didn t bother me too much the story it got me hooked during the earlier episodes but sadly it got a bit draggy in the middle there were a lot of cases in here and somehow i felt a bit tired in the middle sometimes i get soooo confused too with all the names and everything the cases were also a bit different from the ones i usually watch like the mo is quite unique the plot twists the true culprit also shocked me hahah i was guessing someone else it was a fun ride the ending didn t felt rush or anything for me the cinematography editing i noticed this in a few other dramas too where the transition from a scene to another is not that smooth i didn t want to care about it but i just i can t acting was amazinggggg i haven t watched sooyong acting in these kind of genre before but she did an amzing job aaaaa love her overall i think its worth a try if you like these kind of dramas Read More,본대로말하라
18,Photographic Memory from the writer has some potential because a police officer having a photographic ability is a rare story specially on korean series I scored it because the story started good as the series reached its climan the story of the photographic memory became a sidekick instead of focusing on the police officer that has photographic memory Cast Good Casts however not all casts have portrayed their characters well No notable BGM in the series just acceptable Just once Could have been better but it is a good series about a police officer having a photographic ability Cheers Read More,본대로말하라
19,this show was my very first kdrama and it was amazing the twists and turns had me so shocked and the acting is unbelievable i laughed i cried i got angry it was the best show the characters were all so likable in their own ways and just so badass i loved the relationships they all had with each other if you are looking for a show that has a super good story with amazing twists you never see coming i would def watch this one there is a lot of violence and gore but it is easy to get past Was this review helpful to you Yes No,본대로말하라
20,the series started good i like it it reminds me a lot of voice series where it was case by case but there is a main case and instead of voice profiling it's profiling plus picturing the acting are great i love both lead characters but somehow in the middle it started to get boring for me idk i had a hard time focusing and the killer it was unexpected for me but when it was reveal i wasn't thaaat shock but overall it was a good series and sometimes is also shows the lackness of police and i dont like that but luckily the male lead was smart Was this review helpful to you Yes No,본대로말하라
21,What I saw is worth telling The very reason I watched this drama was that I am a fan of Girls' Generation As I watch every episode that's when I started to appreciate the wholeness of it And as a person who is not into Rom coms this is something I can definitely suggest to the other viewers with the same taste of genre as mine The first episode gives you a recall after watching it and excitement to watch the next The visual effect and sound effects sound design were all matched to perfection The OST peaks just in time for the dramatic scene which was also good You'll know what I'm talking about once you start watching this What really got me hooked on this is the fast pacing of events You won't feel bored waiting for the next climax of an episode Another good point of this drama is when it included a few more different stories cases in between the real case that they are focused on The mystery of different characters and scenes events were all revealed rightfully Nothing is perfect but giving this drama a rate of is fair enough for you to watch this Read More,본대로말하라
22,Complicated the easy problem bad censored bad editing intended for detective film lovers who only want to watch action films if for people who like good details maybe you will be disappointed This drama is not bad but it doesn't have great details and the conflict matters are not too heavy just complicated the easy problem Scene sensor is very severe blurry and eye damage if you want to be censored from the start wouldn't it be better for the crew to create a scene that is more friendly than the tragic scene But censored my eyes hurt while watching the scene was blurry and unclear it was not clear what was shown i try hard to see what is it The story line of the profiler is like a narrator not a profiler he just a storyteller and how to solve the case in stages is like having no clear intention just follow what the profiler said and editors are not very good at editing and composing scenes properly Not too much if said their details are really poor conflict of problems only comes from problems that are actually easy but complicated it hiding the guy just because he was a cop to protect the reputation of the police and let more victims get killed even though their superiors have put pressure on them wouldn't it be better if the guy was caught isn't it the duty of the police to keep the people safe and if for the police's reputation wouldn't it be even worse if they were caught faking the killer And the killer is police compared to catching a serial killer who is a cop that mean they not cover up the truth because if caught the guy he is murderer and a policeman and the police cover it up then the police will become a killer assistant organization and if the problem is proof the handcuffs were opened by the guy without gloves if there were no fingerprints there was still have a jacket and a hat in that condition running and explode was there no sweat and hair left it is impossible and they also already know that the guy kim yohan was adopted by an old couple who lived in Dolak wouldn't it be easier if they checked in whose name the house is Episode It said Kang Seung Hwan is the killer of victims but the number of victims who have been hanged is and plus the victim in the luggage has become people Ep it doesn't make sense if Gil Hyun Soo was brought by Kim Na Hee lawyer while still in the trunk of the car that mean its when Gilhyunsoo ran and was put into the trunk of the car by the nohsangcheol but how could that kid run again Then caught with a sack and was in the dollhouse didn't the child have been taken by the lawyer from the start after killing the noh sang cheol So when did the kid run away Episode very absurd at first they suspect Won Seo Yoon as the predator and follow him to the road but on the way they analyze and turn the suspect to Min Hyeong Ju they should trace the whereabouts of Min Hyeong Ju and chase him or dividing the team to find him but they instead continue to road are they already sure that the culprit will take Lee Yoon Mi there no connection with the GPS given because the GPS is turned on when they arrive at the building as I said compared to analysis more like following the storytelling of the narrator Episode Shin Gyeong Su is Gabriel Kim Yo Han is Luciel and Jeong Hwan is Micheal and he said Micheal is the Leader but why Dominic is Jeon Hwan Isn't he is Micheal and why dominic and gyeong su follow yohan not gyeongsu and yohan follow Dominic how can Russian doll has smallest dolls if gyeong su and dominic each have it So where the other russian doll Episode it hasn't been said that the guy is a cop but Cha Su Young already knows it when making notes Starting from episode everything got really messy didn't team already know that the guy wasn't dead from the start why do they look so shocked and Cha Su Young just wrote a note that the guy was a policeman at home but before that at the office episode she already wrote at the note the edits were reversed MY QUESTIONS When and how did Gil hyeon Soo kidnapped kid escape and be on the cliff like a mountain and get caught back wasn't he already under the attorney after killing noh sang cheol there is no reason he was in the mountain especially if said the kid ran away when Parkjeongwoo buried Noh sang Cheol because the child was brought by the lawyer before Parkjeongwoo came Is the clinic doctor Seong Myeong detective oh's personal doctor dead or not it just happened but reported on the news only attempted murder and no his scene anymore Why joosagang mother have to sneaked in to korea And why can die in container ep Cha Su Young just arrived and was immediately told to remember the hiding place of the guy he had not had time to say about Kim Sang Gil but Detective Oh already knew Was the motive of captain hwang said she want to kill i su just to be alive Not more The motive of detective oh divert the others so that only Captain Huang is chasing the guy Read More,본대로말하라
23,Excellent Thriller Suspense Crime Drama Very interesting mystery thriller crime and suspense drama I really liked how the cases and information presented at the beginning were related and connected to the big reveal in the later episodes Some of the cases were also very intriguing and kept me watching Although some moments were slower than others the story was written very well and it also had excellent acting from all of the cast members especially the serial killer revealed The chemistry between them all specifically the investigative team was also very strong There was also an unexpected touching moment which just made me so sad So glad that I gave this drama a try AND FABULOUS OST Definitely would recommend it Things I liked Incredible acting from every cast member Great script and storyline development throughout the drama Loved how cases and details connected and entwined to the big reveal at the later episodes OST Cast's chemistry Things I did not like Only one thing some parts were slower because it needed to introduce more details but the story picks up its pace with each episode Read More,본대로말하라
24,Another pyschological crime thriller that entertained me Oh Hyun Jae is a top profiler who has solved a lot of cases for the bureau during his time He has the wits and the skills to get into the mind of a serial killer This helps him solve a lot of tricky cases He lost his fianc e to a serial killer and left the scene quietly and for good Here comes Cha Soo Young a small town detective who has the ability to remember everything she sees Thus the story starts when someone who had the modus of the killer OHJ has been chasing suddenly appears They work together in order to get the peace they deserve The cast is great the twist after twist is awesome but I don't understand why this drama is underrated This deserves the love I know that Jang Hyuk is incredible as expected but let me just say that Soo Young is a revelation here I have always favored her and Taeyeon in SNSD before and I knew that she was getting acting roles here and there but this was the first time I really saw her act I was surprised and I became a fan of her as an actress I hope she would be given more dramas because she has the potential Read More,본대로말하라
25,Average boy story in itself is good a girl with super memory ends up working with a top class profiler the show started like out like a total beast and it got me hooked very easily i had some books to finish but since i was reading books on criminal psychology i decided to watch it just like other people said there are problems with this show What you saw Bad writing at places unnecessary scenes Unnecessarily stretching minutes content into a full one hour show and this wasnt a good thing it reallllllly bores you out Now of course it doesnt mean the show is very bad i enjoyed it its an average show they could have done something else but they ended up stretching the show to a full one hour length story in itself is good a girl with super memory ends up working with a top class profiler profling game kinda went downhill after some episodes what he said to the boy in the last episode was simply just bad killers are not born killers final rating at most if you are looking for something to watch after this try Stranger forest of secrets Read More,본대로말하라
26,I loved to watch Tell Me What You Saw mainly because it's a police criminal drama This drama is surrounded by suspense and mystery surrounding the real identity of the serial killer that is assumed to be dead but isn't Unlike most criminal tv shows I've watched this drama didn't give a hint as to who the serial killer might be until he revealed himself around the th episode which was a pleasant surprise Now as much as I'm a sucker for a good mystery tv show I felt like the number of people that were serial killers in that town was a bit overboard I mean how many serial killers could a town like Mucheon possibly have Not as many as the drama showed right On top of that the number of crimes done on The Guy 's command was a bit surreal like who in real life would let themselves be this manipulated to be willing to kill themselves for someone else Nonetheless this drama was awesome I loved the chemistry between the characters so much that my romantic self had moments where it was hoping for something more between Oh Hyun Jae and Cha Soo Young although it doesn't make sense to hope for it Read More,본대로말하라
27,Jang Hyuk From action hero to 'Rear Window' I enjoy this drama immensely Not only for the obvious reason of watching Jang Hyuk but also because of the two female detectives who are more competent less submissive helpless and docile than females are usually portrayed in Kdrama world Watching Jang Hyuk who is known as an action man playing a character who is physically incapacitated in more than one way and forced to sit still and immobile in a wheelchair for the first couple of episodes is a revelation The early scenes with profiler Oh Hyun Jae in his hideout instructing the young female rookie detective were amazing and demonstrated what a brilliant actor Jang Hyuk is because I was never not completely mesmerised by his performance and wanting to find out what Oh Hyun Jae was going to do or plan next The actor must have relished this chance to play against type as it is very much the complete opposite of what he is usually asked to play at least in the first few episodes Read More,본대로말하라
28,One of the best thriller OH MY GOD Such an amazing kdrama I wasn't about that should i watch it or nah But i watched it and it worth Amazing cast ost story Sooyoung and Jang Hyuk became one of my favourite actors amazing acting Jang Hyuk's character has some good fighting skills Idk which episode's ending was that but that ost was really good I would love to see Sooyoung in more thriller dramas If you are tired of romcoms i definitely recommend it It has a really dark vibe that i really liked Some points really surprised me tho especially when Sooyoung saw those corpses Was this review helpful to you Yes No,본대로말하라
29,I think I have read it somewhere that this is a crime mystery drama before I get myself to watch it Thank goodness that it is not what I thought it would be ghost stories lol This is a not so thrilling drama but it is very brutal Though they blur it I still find the killing method very gruesome However the story is very interesting I like how things unfolded gradually I never expected their final revelation which is the identity of the killer but they had a great choice of actor He is very creepy however I think as an adult version of the child he was not able to carry one character the coldness when it comes to killing He is brutal but I don't feel his coldness This is the second drama I have seen Jang Hyuk He was very charismatic in Wok of Love and he still have that charm even in this kind of drama I think those kind of personalities suit him the most The two female leads are new to me but they're acting are so great this drama has a great choice of actors and actresses Great story just too brutal to happen in real life I gave a quite low rate in rewatch value I don't like rewatching thriller movies dramas because there won't be any feeling of suspense and thrill to me so it does not make sense for me to watch it again even though I like the drama Read More,본대로말하라
30,Flight or Fight This has cranked me up for the past several weeks It's only right that I watched it while it was ongoing cuz it brought me a number of mental discomforts What will keep you calm here It's Jang Hyuk's being 'extra' in his beautiful or should I say sexy hoarse voice It's soothes Cha Soo Young so you should be It has stressed me but glad that I watched and found another gem TL Hwang played by Jin Seo Yeon Love the badass in her She is a completely different person when she smiles rare and when serious Won't give much info about the story cuz it deserves to be watched without anything in mind People who love plot twists will surely enjoy this But I don't think it is good to watch this in one seating Just a li'll short in acting that I felt for Choi Soo Young For rewatch value I don't think I can rewatch this and see again those mentally disturbing scenes I love this thriller drama The story the development the leads and the villains Read More,본대로말하라
31,I have different feelings about this drama but the majority on the positive side the part I liked the most was the beginning and the child case and then my interest dropped in the following case then went up again aside from minor flaws I see because I really pay attention to small details its a good drama with a new idea could have been much more exciting but anyway it was good enough the most irritating part to me was the police and their fighting each other without Jang Hyuk I think I would have dropped it xD he is my favourite Cha so young did well too haha I really liked it in the last episode when she jumped and kicked the criminal I was smiling while I don't know I think also hwang ha young should have died anyway my rating would be waiting for more Jang Hyuk cya Read More,본대로말하라
32,OCN never fails to impress me I am a huge fan of OCN dramas Jang Hyuk done it again He's an amazing actor and each lines he delivered sents chill to my spine That's how good he is Soo Young is great And she improved so much from before I'm looking forward to the next episodes This drama has a great start Great thriller and suspense It keeps you on edge of your seat I recommend everyone to watch You will not be disappointed I enjoyed the first two episodes It did not disappoint me Was this review helpful to you Yes No,본대로말하라
33,Not my cup of tea I watched episodes before totally giving up this series What I didn't like one dimensional characters Cha Soo Young is clumsy and with low self esteem but hey she has a special ability Hwang Hwa Young job is to look serious and ignore orders There is a team member whose job is to scream at Cha Soo Young or tell her to shut up the dialogue feels rushed Spoiler for ep Oh the soil is wet the sewage will collapse soon this foreshadowing was needed minutes later It was delivered and used badly Also why didn't Hwang Hwa Young enter the sewage I think she has a slender figure as well and could fit bad characters dynamic The whole team is disfunctional they don't communicate properly they don't cooperate etc etc I would not feel safe knowing there is a detective police team like that in my city really bad production made it difficult to watch What I did like using mute characters and showing sign language It was nice to see this kind of diversity and I really enjoyed the dialogue between Cha Soo Young and her father Oh Hyun Jae being severely incapacitated after being in a huge explosion Way too many times I saw characters walking away from severe accidents with minimum of injuries I liked the setup for this character and was really curious how he continues life with his injuries and how he will help solve cases unfortunately it was by having a superiority complex and knowing everything the idea and setup had a lot of potential to be something really good but the script and production are lacking and ruining the experience Anyway even if you care for these kind of details or not give it a try it might be what you need Read More,본대로말하라
34,Too slow to be a thriller Well I tried After watching several promising Korean action dramas and hit a drought I turned to this This is where watching Korean dramas took a downward turn for me After watching the Memorist I figured this would be something like that It kind of was but the FL was nothing short of inspiring to watch Even the second FL was annoying to watch The guy in the wheelchair was just there just to be there The killer didn't leave nothing to make you want to find out who he was Beside the fact that the FL was weak in everything she did it made it easy for me to stop watching altogether I'm pretty sure I didn't miss anything Read More,본대로말하라
35,Yet another well made Psycho thriller from Korean industry Loved d relation b w Oh hyun jae Cha soo young,본대로말하라
36,Mystery solving and MOUSE series lovers must watch,본대로말하라
37,TELL ME WHAT U SAW COZ IT IS WHAT IT IS,본대로말하라
38,It was a good watch Jang Hyeok played his character so well I will forever remember him as the profiler,본대로말하라
39,Another underrated but did not disappoint kdrama Tell Me What You Saw was so good that it made me binged watch it despite my busy schedule It made me so hooked from the start till the end I did not get bored The plot the characters the gruesomeness and the plot twists are chef's kiss Got teary eyed on the last part especially in the bloopers coz I'll gonna miss them so bad Definitely a fan of crime thriller dramas A very good watch Highly recommended,본대로말하라
40,another detective role from janghyuk yas i'm in,본대로말하라
41,I saw predicted and concluded Was I right Yes because the most useless character is always the serial killer,본대로말하라
42,What more could I ask for Its Jang Hyuk and Jin Seo yeon,본대로말하라
43,Jang Hyuk Sooyoung and Ji Seo Yeon very sexy cast The drama is pretty disturbing and gruesome but cast is super sexy,본대로말하라
44,Tell me what you saw had its flaws but overall it was solid The drama had some interesting cases to present Especially the first ones were pretty emotional and intense The main case was also unexpected and had a nice mystery The characters as well were explored in depth and had strong personalities The performances were perfect as expected but especially the leading lady was a delight Finally the atmosphere of the drama was perfect with enough gore and action to keep things interesting and a dark mood that feated the story well However the drama had some problems with the execution and the plot The main plot line was useless after the first episodes and there were some idiotic plot twists that didn't make sense and didn't suit the drama But overall it was enjoyable so seven out of ten,본대로말하라
45,What I like and What I don't like This review from someone who watched the whole seriesWhat I like The main idea is creative and new The police team are talented charismatic actors when they almost killed the first person who supposed to be the serial killer the idea that he manipulated other people to kill was creative then I imagined someone like Charles manson and this was good because it is not the traditional serial killer plot the main actress is loveable enough to continue watching her journey What I don't like Explaing what going on vocally Like assuming that viewers are stupid so we have to explain it in a ridiculous way For example when Oh Hyun Jae was in front of kang dong shik house in the woods chasing him Before he entered the house he explained vocally what's going on really Shouldn't he be silent in this situation When kang dong shik went to meet cha soo young at police station and insisted to see the office that was so obvious that I thought the writers want to distract me and make her friend suspicious and when he smiled to her when she dropped her coins all of this made the final reveal not shocking AT ALL I really love Jang Hyuk But I think this is the directior's fault that he acted badly and way over the top When he took off his glasses and looked directly to the camera in episode really breaking the fourth wall was just Absurd Oh Hyun Jae was teaching kids about crime and telling kids You wil catch crimals if you think like them Kids Another ridiculous Coincidence At least after all this suffering I should see the serial killer in court I should see him die after killing all those people I think We needed a strong closure The last ridiculous monolog about the will power to be good is too educational I would recommend this series if you are just a Cynical person who can watch a whole series without a real emotional and warm connection between the main actors Just action without artistic depth,본대로말하라
46,Somewhat exaggerated photographic memory but combined with intriguing criminal analysis makes it highly addictive from the beginning For reasons perhaps due to the need to drag on the story for a episode series common sense went free falling from around episode A normally busy road suddenly becomes deserted where a senior cop lay unconscious from day till night at a traffic junction with a crashed car a gun and nobody noticed The serial killer seemed all powerful he could access any office he wants even in a police station there were gunshots and all the cops just watched a crime being committed and did nothing there were also no security cameras to identify the perpetrator Poor editing or story writing,본대로말하라
47,At the end the guy was hanging for a very long time but has no marks of it when released Also the dialogues took so long while the villain was hanging that it appeared to be comedic than thrilling They also kept on catching him but always escaped in the moat absurd way I think the woman cop was beaten so many times I couldn't count any more I watched until episode and then skipped to the final Jang Hyuk voice makes me sleepy and at the same time it is also creepy,본대로말하라
48,Jang Hyuk is a brilliant actor and one of my favorites The rest of the cast was also good writing was until last episodes and the series worked well for me until the last few episodes when there was so much violence it felt way over the top Then there were repeated scenes like they were running out of steam And seriously a cop who holds a gun on a really bad guy repeatedly yet never pulls the trigger At any rate mostly a good series with the too frequent series issues of not being able to remain great until the end,본대로말하라
49,A serial killer on the loose a young police woman with a traumatic childhood incident and the ability of photographic memory A mimic crazy guy under arrest And a mysterious x detective watching over the investigations breath taking episodes,본대로말하라
50,You will get hooked from the start as this is a followup of the major incident years ago The pacing seems a bit hastened but the you won't lose any interest as the plot is littered with reveals which you don't expect It is on par with Signal The lead is perfect the supporting cast does a really good job The antagonist doesn't seem upto mark with buildup he has but he manages The setting is somber dark sometimes really dark and is really good it does a good job of hooking you up you won't mind some cliches which pop up in middle The chemistry is OK but you won't be looking at that between the lead The lead actor steal every scene he is in and he never disappoints some of the other members may What I am surprised is why this show has not gained enough traction as some others have I saw two episodes of The VOICE and I stopped watching it because of the screenplay but this series has doesn't suffer that You won't regret watching this series because you won't feel the time pass Most of the episodes cross the hr mark but are still worth it There is some minor hiccup in the middle but you won't mind as it passes This is the best thriller series from Korea that I have watched,본대로말하라
51,This series is a mix of drama absurdity lack of logic and plot twists are just ridiculous There are a lot of cool Korean detectives with the original storyline But this one mixed up too many plots unnecessary pathos and copied from US detectives points for a stunning lady detective hairstyle only,본대로말하라
52,It was the worst korean police drama I watched all episodes just to see how bad that can be I don't know who is the writer or director but hope thay stop filming,본대로말하라
53,The impression of the title and released poster of this drama first caught my attention Aside from Jang Hyuk's casting investigative series is quite fun to watch So I had high hope that this would give me rides of hurly burly Well this drama is not at best of my expectation however it never lets me go You can expect layers of villains that hold grip the viewers to satisfy their curiosity The dark vibes the brutality and gruesomeness of the killing method are linked to the thrilling elements I say I enjoyed the first episode to eight quite emotional and intense but after that I feel like it started going downhill The story is heavy but it seemed something was missing I find some repeated scenes like running out of steam and some storytelling needlessly convoluted Character's development of the main two leads is reliable while some are just plainly flat and overdone Acting wise is good but not that superb The plot twist doesn't surprise me since my guess was right Is this drama worth watching of course I'm just telling it's still entertaining,본대로말하라
54,Jang hyuk has literally reached the master level of acting in this drama Gripping dark strong storyline Watchable for sure,본대로말하라
55,This is one of the best thrilling drama i've ever seen The plot was good every episode made goosbumps the twist Omg what was just that Highly recomended to those who loves thriller drama,본대로말하라
56,Who would take that dramatic terrible actor seriously did anyone notice how small he was He was short and tiny He tried to act the tough guy but come on no one would take that joke seriously Wrong casting There were other small issues but that was the main problem for me Korean shows are good but when they try to create a character that is a genius they do not have the writing skills to pull it off They just are not intelligent enough to portray it I recommend the show however,본대로말하라
57,Supper crime thriller supper twists Dectatative oh hum je character supperverb,본대로말하라
58,I was enjoying the drama until nearly the end About the first episode was the best since the main male character is charismatic smartly logical and knowledgable The whole story revealed the whole personality of each member in the team step by step and pretty logical too But at some last episodes the main investigator seems to be outsmart a bit because he would know right away the fact without enough infomations It seems not logical and a bit cringe but acceptable The relationship of two main characters is a bit complicated Most of the characters have their own personalities which are realistic they have their good and bad sides This is what I would like to thank both the actor s actress es and the director Most of the Korean Dramas always have someone whose personality is too good to be true The drama also found the way to talk about the recent elephan s in Korea which everybody knows about but couldn't do anything except just let it be,본대로말하라
59,Good enough,본대로말하라
60,What I like and What I don't like This review from someone who watched the whole series,본대로말하라
61,Intriguing plot from episodes through then common sense went free falling,본대로말하라
62,Breath taking,본대로말하라
63,Engrossing Really well made,본대로말하라
64,This plot twists are simply absurd,본대로말하라
65,I can't believe that rating,본대로말하라
66,Entertaining,본대로말하라
67,Among best thrillers,본대로말하라
68,Not bad except for a few issues but the major issue is the main guy,본대로말하라
69,tell me what u saw series review,본대로말하라
70,good overall,본대로말하라
