,reviews,title
0,Vote for Inno My God Park Jeong Min he delivered one of the most fascinating directorial debut ever Rerun Bandi Blue Happiness Nothing really hit me here but I'm so proud for you Lee Jehoon oppa,언프레임드
1,this was honestly a good watch only if the translations are not off I would've enjoyed it more but nonetheless the stories are actually good It's a four episode short film each episode is a different story directed by four different people Vote for Inno Rerun Bandi Blue Happiness,언프레임드
2,director park jeong min delivered truly a multitalented king,언프레임드
3,Class Representative Election made me feel anxious Rerun Bandi Blue Happiness not that good but this has jung hae in and is the directorial debut of lee je hoon,언프레임드
4,Just want to talk about Bandi it was SO GOOD it had me teared up and THE SLAMDUNK THINGS i rly thought bandi s father would left her mom anw soyi and heeseo delivered the emotions so well,언프레임드
5,lee jehoon i m so proud of you,언프레임드
6,This was the debut of Park Jeongmin and Lee Jehoon as director I really love the twist and turns of events on Jeongmin's Vote for Inno including the musical scoring The shots were stunning and the message it holds Blue Happiness by Lee Jehoon is not bad for his director debut and it was well suppported by his friends in the industry as casts such as Jung Haein Junsang and more,언프레임드
7,i feel very proud of park jeongmin s debut as director he is really that multitalented,언프레임드
8,vote for inno rerun bandi blue happiness send me that photo what photo yesterday i looked through the camera and there is a photo of me smiling i just i like that expression,언프레임드
9,i watched just jehoons and hae in 's episode,언프레임드
