,reviews,title
0,I've been following Playlist Global since the very begining they improved a lot and A Teen eighteen was on the top of the top I mean if you just want to relax and watch a kdrama don't wait a second The drama only lasts few minutes so it's very easy to watch while waiting for something The drama deals with teen problems friends crush love in search of personnality The story was not that original only the way storyline was told was interesting I mean sometimes you think that somes scenes are predictables but not brh they tried to make it different even if the story was ordinary and deja vu Characters I really love all the characters seriously from the saint to the b tsh everything was well done I hate some charcters that means they did a good job haha The End was not as expected but yea objectively the drama is worthy The OST was HOT Can't wait for the nd season Read More,에이틴
1,I'm a huge fan of these short web dramas and as soon as I finished watching the sequel to this called Seventeen I went straight to indulge in this Set in a Korean high school this made me relive the previous years of my life This series is centered around what most students face in their every day school life the beauty and hardships of friendships stress and grades first love future career choices etc The main group of friends in this drama were really diverse but I felt that some of them overdid it with the acting To be honest I was mesmerized by the lead female actress playing Do Hana She made this drama shine and now I have a massive girl crush on her Other than that this show was quite basic and nothing new nonetheless I really enjoyed the cinematography and quality of this drama's production The only other thing that I was quite dissatisfied with was the ending leaving many unanswered questions and begging to make a season Briefly if you enjoy short high school drama and just want something light to watch go for it it's on YouTube waiting for you to watch it Read More,에이틴
2,this is the perfect drama for relaxing or if you want a light hearted school romance i've been a fan of school themed dramas and i can say that a teen definitely reached my standards when it comes to these type of dramas it's very cutesy and all but at the same time they implemented important school issues and how the characters solved it although i was rooting for min and doha the ending pairs were alright also kihyun and boram were SOOOOOO cute just the perfect epitome of highschool love Was this review helpful to you Yes No,에이틴
3,Better than I expected I think A TEEN has a much higher mature production value than other series on Playlist clearly testified by the popularity of the show and its visual treatment Most actors have done exceptionally good acting Do Hanna and Kim Hanna are very pretty Although Yeo Boram's character was far more entertaining I was left wanting for more of Yeo Boram Nam Siwoo's story has quite an interesting twist at the end And I think it would be interesting to see what will happen next in that track Theory I got this feeling by Episode and that Kim Hanna's character has a lot more depth and complexity than what is shown so far in Season Kim Hanna isn't just trying to copy Do Hanna She is deeply inspired by her and possibly reveres here Changing one's name looks is one thing but changing schools is a different level of being inspired altogether In fact Kim Hanna made effort to be in same school as Do Hanna is And wants to live with her when she's older Kim Hanna hasn't shown any interest in any guy whatsoever so far It is quite possible Kim Hanna has feelings for Do Hanna and may in fact be in love with her Which explains in some way why Kim Hanna has even adopted Do Hanna's name because she reveres Do Hanna very deeply Read More,에이틴
4,A typical High school Drama in an Web drama I really was not a huge fan of web dramas low budget not Netflix until I watched this show I mean I usually am really against youth dramas that over dramatize and romanticized versions of the high school experience but this one did a good job at portraying the struggles of finding yourself in HS The bitchy nature of girls is also well portrayed here The individual stories of each character is cute and the side characters not the main leads are really cute as well Acting The acting is okay though I am not a fan of April I don't think their acting will disappoint especially the side characters Pacing The episodes are fairly short with a really catchy OST by Seventeen so it was enjoyable There was never a really dull moment in the drama I hope you try it out especially if you haven't watched web dramas before Read More,에이틴
5,I honestly watched these thinking they were clips to a longer official drama then found out that I had actually watched the full thing I love these so much The characters deal with everyday issues that a lot of students can relate to and the romance especially the jealous scenes is such a cute addition to it I love the friendships even more the sismance is everything I'd ever want There's a lot of questions still left hanging and so I'm anxiously anticipating answers as I watch Season Was this review helpful to you Yes No,에이틴
6,A nice surprise Made me nostalgic For some reason i was not expecting much from this series I started mostly because i wanted to watch something carefree and easy without a deep plot I WAS SO WRONG The good thing with having low expertations is that not only you dont get disappointed but also it surprises you how good a series can be this is exactly what happened to me here Firstly the plot was so interesting and even had plot twist i didnt saw coming Secondly i liked all the characters and i loved that the writers didnt focus only in one they gave us storylines and backrounds for all of them I could really see myself in some situations when i was maybe thats way i got so nostalgic watching their stories i am not even that old '' but the time i was feels so long ago It actually made me cry and laugh from happiness at the end The acting was pretty good too Beautiful stories with beautiful characters I am so happy it has a second season cant wait to watch it Read More,에이틴
7,Ahhh a drama I unexpectedly need that can fit right through my busy schedule This webdrama was recommended to me by my internet best friend and I'm so glad that I listened to her The fact that it's a webdrama I got to finish episodes in between my breaks Even in a short amount of time they gave such a good balance of romance and drama The plot was really simple since it only revolved around high school students and their lives as year olds However I liked that each and every one of the characters was given a background and focus Despite how simple the plot twist was I really liked how it fit the situation and it wasn't obvious at all I liked that at some point the drama showed the simple struggles of what a high school student is going through by each different perspective of a main character The cast was sooooo cute and it was obvious they had fun while filming the whole drama It's my first drama for almost everyone except for Kim Dong Hee and Naeun but they were still so cute My favorite characters were Doha and Siwoo I'm soooo glad to get to know Shin Seung Ho and I was quite surprised that he starred as a main character in Moment at Eighteen Now I can't wait to watch the drama The OST was so cute for the whole drama Seventeen did such a great job All in all the webdrama was something I really needed and loved I liked how short it was for the audience to root for every episode more You'll definitely love the characters and their backgrounds Lastly their friendship was really unique and fun from the beginning definitely a worthy watch if you want something short with good vibes Read More,에이틴
8,Cute I started watching this one as a palate cleanser while binge watching SKY Castle There were moments where that show was a bit too much so A Teen was perfect in between episodes Plus both shows had the cute Kim Dong hee don't expect this story to have super complex characters or hard hitting lessons It's mostly cute and fluffy with conflicts that resolved themselves fairly quickly The main group of friends was definitely loveable I rooted for them all At the end I felt nostalgic for my youth The montage at the end made me reminisce the warm and sweet moments of a carefree in between year one where you're not anticipating the next step in life or worried about the things you're supposed to be working towards but instead living and enjoying the moment This feeling was evoked with a subtle touch Also the kids were all so PRETTY and the OST was fire Read More,에이틴
9,This mini drama is an easy watch It's got episodes but they are each just a few minutes long I watched the whole thing in one day It's a good one to binge The cast does a good job You might recognize a couple of the actors from other things One was in Shopping King Louis as a supporting character and another is a supporting character in the currently airing Sky Castle Plus in one episode there is a cameo with two of the guys from NCT The story lines are believable and seem true to life for many high schoolers They follow common issues in the lives of many people such as first crushes friendships studying habits family issues and more I recommend this as a fun show when you want to just relax and enjoy without a lot of angsty drama Read More,에이틴
10,SURPRISINGLY EXCELLENT I know I'm pretty late with A Teen but I've just finished the first season I didn't expect it to be a good web drama Above all considering that it is under the teenage school romance genre I can definitely understand the positive reaction to drama So far it's been one of the best web dramas and drama I've seen under this genre Although the story is composed of elements already seen in several dramas the story is very well crafted Create an expectation or curiosity to continue watching the drama and the outcome of the story I take off my hat with the cast of actors This youthful cast it's one of the best I've seen in a long time Everyone's performance has been quite professional and impeccable There is no denying the talent of any of them Each knew how to play their character and make them have a different color and contribute to the story I was left with the desire in this first season to see an emphasis on the character or the story of Nam Si Woo Several events are mentioned but never shown in the story Why he didn't want to play on the basketball team What's the problem with team play Who is Lee Jung Min Is she responsible for Nam Si Woo stopping playing basketball Why is Nam Si Woo baffled when he sees her My only disappointment in this first season is this I hope that both Nam Si Woo's character and Cha Gi Hyun's character will have a development in their story for the upcoming season PS I love the OST Read More,에이틴
11,This drama is definitely worth watching the episodes are short and it's easily accessible The osts were very cute and catchy and the actors and actresses are all great at acting and provided a really realistic viewpoint due to their acting In terms of the storyline in all honesty I do not remember a clear story with a clear climax or anything rather just progression of relationships and the development as small problems arise and are solved and new things are discovered It's just a perfectly simple cute yet has enough drama type of series tbh It also felt quite refreshing to watch Read More,에이틴
12,You should watch it This drama was fun and it kept me from being bored I'm pretty sure you can watch it on Youtube too Personally I think that it's hard to judge the story line of short dramas since they are short for a reason I would say that A Teen is a basic story line of a short drama if you've ever watched one What I mean by that is that there isn't really a main character and that there's a lot of each character's thoughts Plus it's your average high school romance school friends decisions etc Even so it's nice to watch one of these dramas once in a while The con for me is that I didn't really like the couple going on I won't spoil anything but that's what I thought It's hard to say without mentioning their names but long story short I didn't ship them A Teen was a fun drama that has guests like NCT's Jeno and Jaemin guesting which I thought was fun to see them act So if your free right now you could literally finish it today So watch it Read More,에이틴
13,Awesome I finished this drama in one day it has interesting storylines It was eps in total but short episodes It has good stories but some things are still unfinished with some questions i hope i will see it in s Acting cast They act really well and i love the characters Okay rewatch I would totally rewatch it I recommend it to everyone who loves kdramas with school in it And the friendships are also awesome and the relationships were cute Was this review helpful to you Yes No,에이틴
14,Good to pass the time It is a good drama and very light with enough time not to be tiring It only bothered me that Min is the one who has the least time on the show and is the one who is the most disadvantaged Kim Hana had disgusting attitudes and even so everyone excused the character and even Min returns to run for her even though she doesn't like him I found it humiliating for the character who had good chemistry with the protagonist FL Min is attentive sweet and smiling unlike FL who is cool and responsible They would make such a beautiful couple that was not taken advantage of Read More,에이틴
15,Quick watch This is a short web drama that you can binge in no time It's short pretty fluffy and not angsty at all There were numerous things to like about this drama Lots of internal dialogue which was pretty unique There was a lot NOT being said I found that Si Woo had the most swoony thoughts His thoughts were more full complete and made a lot more sense Sometimes the internal dialog of the girls came off as trying to be somewhat esoteric which I didn't think worked that well Less bullying than a lot of high school dramas thank you very much Some surprising twists Good friendships The couples just kind of happened naturally and there wasn't the typical evil girl trying to steal the guy and doing whatever necessary to make that happen I certainly wouldn't say it's the best thing I've ever seen but it was an easy watch while trying to figure out what I should watch next Read More,에이틴
16,This is one my favorite web dramas it's very rewatchable because of the length of the series and afterwards you can watch the nd season The characters really develop and it covers a lot of topics that high school students struggle with Also my FAVORITE ost ever by Seventeen The cast are also pretty good actors and include special guests such as some of the NCT members I've watch multiple Playlist Global series' and this is definitely my favorite one It doesn't include mature content so it's good for ages or Highly suggest you watch Was this review helpful to you Yes No,에이틴
17,I feel like each character embodies some sort of a relatable insecurity that we all go through during our teenage and early twenties Each of the characters was SO RELATABLE and I actually loved all of them which isn't typical for me The side ships were also given so much good screen time I honestly thank the lord that this came in my recommended that one fateful day The Hana Hana storyline was so interesting and it was nice to see both Hanas grow into the beautiful young women we ended with at the end of season one wink wink watch season two because it was amazing too Read More,에이틴
18,A Teen is a short web drama following the pattern of seventeen another web drama of the same plot This one focuses more on the high school lives of the characters of their background their personalities and their first loves The story started a bit slow and confusing but it got better The final conclusion was satisfying as every story had an ending and it ended in a cute way though a second season would have been nice So overall good performances nice story and a decent execution of the plot Was this review helpful to you Yes No,에이틴
19,very enjoyable to watch i enjoyed watching a teen quite alot the story is light hearted and cute to watch tho it also contains some serious topics the first season is more about the friendship among the friend group which why i prefer this season over the second one their friendship is just goals and seeing them hanging out is really fun but the romance which develops over time is adorable to watch as well every character of them has their own charms and their own problems at home which makes you relate to them or i guess in my case at least especially do hana who is more in focus than the rest of the group in s is really a great character and you'll probably start liking her too because of her straightforwardness and she is just cool haha ngl overall i can truly recommend you this webdrama if you like a highschool slice of life which includes the romance and friendship aspects as well i'll probably rewatch it some time because it was just very enjoyable to watch every single episode of it Read More,에이틴
20,nice and light My first webdrama and I enjoyed the series a lot It's a common everyday life of students their concerns and stuff At first I though it would be boring but find it fun as I watch it It's very light and the episodes are very short so you can watch this while studying or working or in the middle of anything This series reminds me of my school days a lot and making me miss it well it shows the series is good Some scenes are a littlee bitt cringeee but I get through it I love the characters too every single one the acting was really good But again it is just a basic series no development or tension but I really really enjoy it Read More,에이틴
21,A TEEN Review I don't know how to express how much I enjoy this drama I'm quite upset that I didn't watch it sooner but I wish I could erase all my memories and watch it again with the same enthusiasm I loved the acting casts and everything it was great A high school drama with a fantastic cast This is one of the best high school korean dramas yet it's also one of the most underrated I've seen a lot of school dramas now and this one like every other high school drama emphasizes the age of the problems you face as a teenager whether it's love life friends or family circumstances is a very important and crucial age for any teenager because it's when your emotions and feelings are at their peak It's a short drama that won't take long to finish I'm quite upset that the season ended way too fast since I binged watch all the episodes in one go but thank god we have a season This drama is realistic it shows us the ups and down of high school It's relieving that whenever there's a problem you wouldn't have to worry of it not being solved A Teen is a lighthearted wholesome and warm drama that I think you guys should give a try It covers the topic of friendship high school bullying insecurities relationship being carefree and so on The fact that this drama is a breath of fresh air is one of the reasons why I enjoy it so much The squad's friendship is fantastic Shin ye eun plays Do Hana and she is wonderfully suited for the part I'm completely enamored with her character She appears shy but she is capable of standing up for herself and her loved ones What's more now that I'm a Shin Ye Eun fangirl I'm intending to watch her other dramas as well I really liked the OST and BGM Unlike many high school stories filled with violence and bullying the plot is clear and straightforward I recommend it to anyone who prefers non violent shows Finally due to the development of the supporting characters If you need a break from all the stressful and devastating dramas you've watched like me from watching 'Penthouse' and 'Uncontrollably Fond' I suggest watching this it's warm and filled with joy It makes me excited to go to High School I enjoyed the drama's premise and how it tries to stay true to reality in order to be approachable to everyone the characters were well written and portrayed by the actors I liked that this story was really on point and relatable to a big extent such as the buddies group we can all identify with friends like that such as the quiet one who doesn't say much but is really kind the bright one who always gets good marks the free spirited one and so on It demonstrates how people of many backgrounds can make excellent friends and most importantly it taught me to be myself Not to be a copy of someone thinking that if I imitate them others would like me oooh and also I'm in a good mood after watching this drama and guess what I'm listening to the ending song of season Don't Run Away by Motte I give it a I hope you find my review useful and I promise that you won't be disappointed Lots of love enjoy,에이틴
22,Until now the place I see it is still on episode today is going to be the th I wonder if there s another site I can watch that is more updated The story is amazing the emotion it gives us is like if we were there too so I really love it I can t wait until I see it all because it s so addicting Now it s the time to fill in the rest of the which by the way it s to much soooo pneumoultramicroscopicossilicovulcanoconiose this is the biggest word in portuguese if you re wondering Was this review helpful to you Yes No,에이틴
23,This is by far the BEST web drama I've ever seen Would absolutely recommend this series for people who love the high school theme and high quality short episodes In my point of view the plot was not common It's more like to an urban lifestyle of high school Korean students that we can totally relate as gadgets and electronic devices were used Apart from that morals were included in this story It is highly relatable with year old life because there will be hard times in friendship especially during exam season and during our preadult years we will find a friend that is actually not that kind To me this drama gets to both sides of people the good and the bad so that we will realise our wrongdoings and start correcting our mistakes along the way Multiple thumbs up from me Read More,에이틴
24,If you are looking for a quick to the point teen problem short drama then this is the one I literally binged watch this drama and it was amazing The story revolves around teens and their problems from love to friendships and finding the real you I honestly believe they portrayed a high school student amazingly The problems that most student faces they carefully structured so us viewers can picture it and empathise with them and say that we either were a victim or seen it happened around the school environment I like it that the episodes were around mins each and quickly gets to the point and how quickly they resolve the problems The cast did a great job on acting their own character I'm sorry but I wasn't paying attention to the songs I was too involve with Kimha's character Rewatch I don't like re watching It was a great short drama and totally recommend it to you guys who are into school theme dramas Where to Watch Youtube https www youtube com watch v eUuGdhsw list PLS ClexQbQT TlwvsSBbzPpkjG Read More,에이틴
25,The second season of ATEEN didn't focus on the friendship between the girls which was unfortunate The whole drama was trying to make a great romantic story out of nothing sprinkled with some school drama and growing pains The love stories were cute but not as good as they were in the first season The love triangle was weak too So there were few twists when it came to the romance part Plus the main Hana of the first season was pushed aside and her love story was just a mess At least the conclusion was bitter sweet and it feated a drama about teens and their lives So five out of ten Read More,에이틴
26,this season has disappointed me a bit i had expected better storyline for this than the first season but it eventually got lost within the middle and i find it unfortunate especially the unforseen break up of siwoo and doha this show had a great potential from season but i can't say the same for season anyways i love the transition of them adding new characters although i was still rooting for min and kimha the second season was also cute but i don't think it will surpass the first season in everything Was this review helpful to you Yes No,에이틴
27,I like it I enjoyed this season as much as the first one It was very light fun and I can relate to it a lot reminds me of school days It was sad that Do Ha Na wasn't one of the main leads anymore since I like her character a lot But then I do like new characters as well I do think the storyline in the first season is better as the friendship between the three girls is more focused and the nd season feels like more basic but other than that I like it and enjoy it I also love the way they portray siblings relationship relatable You can enjoy this drama while studying working or in the middle of something since every episode was short Read More,에이틴
28,If you like a simple teen drama story you suppose to watch this I've watched A Teen S and I love it When I heard there will be s I was excited After I watched it s is absolutely better In S had so many twist plot but s was like a simple teenager drama I'm a university student now when I watched A teen especially s make me remember about my high school because most of the story was relatable to high school stories I was a little disappointed because Do Hana and Nam Siwoo were hardly seen because I love Do Hana in s and one of the reasons I watch s because I want to see Do Hana However there were new casts Ryu Joo Ha and Cha Ah Hyun and they made the story perfect At first I thought that Kim Hana will be together with Ha Min but after at the end of the episode Kim Hana end up with Ryu Johaa I was happy and relieved that Kim Hana with Ryu Jooha because Ryu Jooha protected Kim Hana well and always made her happy they were cute together otherwise in s Ha Min made Kim Hana sad and uncomfortable Gi Hyun sister Cha Ah Hyun was really cute and made the story enjoyable and funny Although this season ended very fast I enjoyed all the stories from every episode This drama had a simple story enjoyable to watch in your daily time and didn't need to put a lot of effort to understand the story Read More,에이틴
29,a bit of a let down I did enjoy less this second season of a teen The second season didn't focus on the friendship between the girls The whole drama was more romance oriented but i didn't really work for me I wish the show focused more on the struggle of final year finding what the do to in the future and the insecurity related Plus Do Hana was totally pushed aside or i tought that her insecurities could really have been developped Her and Siwoo are hardly never present Even tought the new charactere are a nice addition Was this review helpful to you Yes No,에이틴
30,Firstly I really liked the cast and how they really suited their characters like it's really them How not everyone is just anyone but everyone have their worries and not everything can be solved the same way as the other Everyone has different interest and sometimes tertiary studies are not suited for you Uncertain crushes doing your best and more The storyline itself is a nice and an above average plot its enjoyable to watch and and has high rewatch value as some scenes are really cute and can be watched multiple times I totally fell for the actors and shipped at least pairs of couples The OST is really enjoyable too especially as I'm around the same age as the actors so I relate to the songs about our uncertain future and friends Really love Teen and highly recommend it to everyone to take a look at the trans of the song while listening to it Read More,에이틴
31,This show continues to be a really sweet look at the life of high school teens their relationships and friendships Personally I think this season is is even better then the first I enjoy the new characters that were added this season they brought a different dynamic they bring but the focus is still on the core cast I like the direction Kim Hana's character went in and her relationship with Joo Ha was really sweet I also really like that the show explores the options high schooler's have in there senior year and that not everyone needs to or even should go to college There was much less Do Hana it seems like she was barely in this season but honestly with the story line they gave her I'm glad they kept it short It just a really short sweet show an easy watch or rewatch Read More,에이틴
32,Best and Most Realistic Teen Webdrama You'll Find Best webdrama out there hands down Confused by all these other reviews Season Season by a long shot Season was more a Season has no cheesy romance lines no relationship games a little bit of realistic high school petty drama and most importantly a lot of realistic teen growth angst I definitely acted like them back when I was in my teens so it annoys me when other reviewers expect them to act like mature fully developed adults If you were most fascinated by the teen romance and triangles from Season then this won't be for you If you're looking for a realistic yet lighthearted teen web drama about life struggles academic stress goal soul searching classmate jealousy and such then I highly recommend this I found myself relating a lot to the struggles the characters experience in school The plot is well written and flows naturally There is only a small emphasis on the romance crushes which is super realistic Especially for your senior year in South Korea Did y'all not study your asses off in high school or something Smh I think maybe there's a cultural misunderstanding for international viewers regarding the ridiculous academic pressures and importance of senior year of high school You have to devote your entire life to studying and college prep There is literally so little time to date or even hang out with friends Hence the lack of the romantic friendship storylines All these other reviews be making no sense I also love the new Jooha and Kimha healthy relationship No games just simple easy confessions and wholehearted respect for one another Doha's and Siwoo's presence weren't missed as much as I thought they would have been Solid OST by SEVENTEEN The others were great too points for Hamin's romance plot He jumped ship so fast regarding his crush It would've made more sense if he was just chasing Kimha because it felt like he was losing control over everything girls grades friends etc but the drama made it seem like he was genuinely into her which we all know from Season isn't true Read More,에이틴
33,It was good but I was sad that that they made do hana nam shi woo supporting i have to agree it was def better than season but I was kinda sad that do hana and nam shi woo became supporting leads i wanted to see more of them together and I wanted to see more fun friendship do hana kim hana and yeo boram had their friendship was really cute but we only saw a bit of it but I liked it although I was sad that ha min didn't end up with anyone anyways that's my short review this is my first time reviewing a drama so I'm sorry if it's bad overall i'd recommend you to watch it if you want to watch something that's not over hour each episode Read More,에이틴
34,TOTALLY WORTH IT I highly recommend you to watch it It really is a beautiful series It made me feel single but it's totally worth the watch I love it so much I enjoyed every single bit Their acting is because it's one of the best I really love the story that they created Some may be disappointed by the changes from season but I enjoyed it and I was pretty much happy about this series There's nothing really upsetting here to me soooooo Well YOU yes YOU watch it right now I Heart this series Was this review helpful to you Yes No,에이틴
35,Disappointed in the sequel Though I didn't LOVE A Teen I liked this one quite a bit less There is a lot more focus on romance rather than friendship in this one Normally I'm all about the romance but I felt that the first season addressed the romances enough This season would have been better served by focusing on resolving the issues between the two Ha Na's Those issues were resolved glossed over in the first season so I was hoping for more of that Nothing really earth shattering happened in this season My biggest disappointment was the limited amount of time spent on Do Ha Na and Si Woo They were really cute in the first season and I was hoping to see more of them this time around In general one season is usually enough for these shows It just seemed like a lot of filler for the sake of having a new season Read More,에이틴
36,mhm this season was kinda weak some people just went the boy from the grocery store whatever happend to him I wanted more scene's with doha and shiwoo i loved their relationship in s story Im dissapointed with these storylines we got no closure for a few things its just left hanging in the air acting cast I love them absolutely I love this music Rewatch I would rewatch it again if im bored Was this review helpful to you Yes No,에이틴
37,IS WELL KNOWN SECOND SEASONS ONLY LET FANS DOWN A TEEN WAS NOT A DIFFERENCE I was so happy to see we had a second season i really loved all of them and i wanted to see more of them but it really left a bad taste after i finished season It is well known that its really hard to make a successful second season and A Teen didnt make a difference Two main characters of the first season didnt had any screen time at all the amazing friendship was almost never shown and the two new characters even if they were interesting really spoiled the dynamic between the original characters At times i really disliked the new characters maybe i loved the old ones way to much so i couldnt open my heart to them Since the end of season one i really wanted Kim Ha Na and Ha Min to come closer and i thought it was going to happen but the end only hurt my feelings maybe thats why i didnt like the new characters An okay season but really nothing special i kinda wish the had ended the series in season one Read More,에이틴
38,TL DR GO WATCH A TEEN SEASON NOW a little bit of spoilers ahead somewhere in the middle Season of A Teen was fantastic and I was looking forward to Season even more This show continues to provide a lovely glimpse into the lives of high school students their friendships and their relationships This season was just as enjoyable as the first it was lighthearted I definitely recommend this teen drama if you're looking for a realistic yet lighthearted teen web drama about life challenges academic stress goal soul searching classmate jealousy and other topics I found myself identifying to many of the characters' challenges in school The plot is well written and moves along smoothly The romance crushes are only mentioned briefly which is quite realistic Especially if you're in South Korea for your senior year In real life you'd have to devote your whole life to studying and college preparation leaving you with few to no time to date or even hang out with your pals As a result there are lack of romantic and friendship story lines which I understand I admired the actors and how beautifully they embodied their characters as though they were real people If you preferred the young romance and love triangles of Season this season is not for you It's just a brief enjoyable show that's amusing to watch or again Despite my enjoyment I don't believe I enjoyed it as much as the first season for a variety of reasons To begin with Do Ha Na was almost non existent I was disappointed that Do Ha Na was no longer one of the lead characters because I adored her However I enjoy fresh characters as well I adored her as a stand alone character and I believed that without her the series would be far less focused on friendship Second I had the impression that there were still a lot of unsolved mysteries from Season Take the girl Shi Woo used to know for example Third I really liked Joo Ha as a character but I'm not too sure about him I don't know whether that's just because he's new and I haven't totally warmed up to him yet especially since we don't know much about him other than his parents being gone The new characters added this season are interesting they have their own dynamic but the focus remains on the core cast Kim HaNa's character developed nicely and her relationship with Joo Ha was really sweet I really like how the show looks at the options open to high school seniors in their senior year highlighting that not everyone needs or wants to go to college I believe the first season's plot is better since the three ladies' friendship is more focused but the second season feels more simple apart from that I strongly like it I also love how they depict siblings' relationships it's so relatable Because each episode is only a few minutes long you can watch this drama while studying working or in the middle of something else I liked this season and everything else but I wish that more of the problems misunderstandings were solved Like for example Kim Minji I wanted to know more about her in depth like her thoughts and what she feels maybe just a glimpse of her day after Ah Hyun revealed the information if you know what i'm talking about sorry I can't say it due to the reason I'd spoil it for the people who haven't watched A Teen yet I just need my questions and doubts to be answered I wanted to know if MinHa and Ah Hyun's relationship will change will they date or will they not I wanted to know more about Yeo BoRam's family issue and how they will change and start to care for her feelings I was devastated and quite upset when DoHa and Si Woo broke up but I know it's for their best and that DoHa needed time alone and some space so I respected that I still wish we could get more scenes with the both of them Although with many questions I truly enjoyed this season I loved the realistic sibling arguments with Cha KiHyun and Cha AhHyun although they fight and argue we can tell how they care about each other Especially when KiHyun found out that AhHyun came home crying can't reveal anymore details if you're interested please watch A Teen How while no two people are alike they all have issues and not all of them can be resolved in the same way Everyone has different interests and tertiary education may or may not be the best option for you Uncertain crushes putting forth your best effort and other topics are discussed The tale is pleasant and above average it is enjoyable to watch and has a high rewatch value as several parts are particularly appealing and may be viewed multiple times The actors had me utterly smitten and I shipped at least two couples Ryu Joo Ha and Cha Ah Hyun two new cast members adding to the beauty of the plot I expected Kim Hana would be with Ha Min at first but she ended up with Ryu Jooha at the conclusion of the episode which surprised me I was relieved and delighted that she was with Ryu Jooha since Ryu Jooha always looked out for Kim Hana and made her happy they were adorable together whereas Ha Min made Kim Hana miserable and uncomfortable in season one Cha Ah Hyun Ki Hyun's younger sister was adorable and added to the story's delight and humour Despite the fact that the season came to an abrupt end I enjoyed every episode's story This drama had a straightforward plot that was enjoyable to watch in your spare time and didn't require much thought to comprehend BUT FORMALITIES ASIDE I NEEDED SOME TYPE OF CLOSURE I WANT NO ACTUALLY NEED TO SEE HOW AH HYUN AND HA MIN WILL GET GROW AND DEVELOP TOGETHER If a season is not possible I just need special episodes for our remaining questions and needs PLEASE But if we DO get a season I hope it'd focus more on Ha Min and Ah Hyun's relationship since in Season it was mostly about Si Woo and DoHa and then in season it was about KimHa and JooHa I strongly advise you to watch it It's a really lovely series It made me feel lonely but it's well worth watching I'm completely enamored with it I thoroughly enjoyed every minute of it Their acting is a ten out of ten since it is among the greatest I adore the story line they built some may be dissatisfied by the changes from season one but I enjoyed it and was generally pleased with the series There isn't anything major that bothers me here just a few of unsolved questions YOU the one who's reading this review if you haven't watched A Teen A Teen yet what are you waiting for Go ahead rate Read More,에이틴
39,season season i enjoyed season alot and gave it even stars but season disappointed me alot it isn't bad but after watching the first season my expectations were just different so i skipped alot i guess because it focuses more on kim hana and i don't find her interesting but the new characters such as cha ha hyun or ryu joo ha were refreshing and i liked them alot tho they were never a moment where i was excited and wanted to know what's gonna happen next to keep it short it was boring but i'll still give it a because of the cameos LOL and the actors such as the OST oh and spoiler do hana and shi woo's breakup was rlly ' ' unnecessary but i guess they had to do it bc their actors were busy but it seemed like they kinda got together again in the end Read More,에이틴
40,I loved A Teen Season to death and was super excited for Season Even though I turned out to quite enjoy it I don't think I loved it as much as the first season for multiple reasons Firstly there was barely any Do Ha Na Even though romance wise I didn't care about her plot that much I loved her as an individual character and without her I felt like the series also focused a lot less on friendship and sismance Secondly I felt like there were so many questions still left unanswered from Season That girl that Shi Woo used to know for example Thirdly I was honestly annoyed by Bo Ram's mindset and lack of support for Ki Hyun at times I don't think any of that was sufficiently addressed Fourthly I liked Joo Ha as a character but I don't know if it's just because he's new and I haven't warmed up to him completely yet especially since we don't know much about him at all other than his parents being MIA but I just didn't care much for the relationship between him and Kim Ha Na though I enjoyed the parallels to the first season and that we got progress for some plots like I'll also admit that I absolutely HATED Ah Hyun at first but now she's become my favorite in the cast and I'm praying for a Season so we get more of her and Min Read More,에이틴
