,reviews,title
0,I always say webdramas have the best most realistic relationships if this was a romcom it'd have had a useless love triangle with female characters that couldn't speak up for themselves this had everything a slow natural friends to lover relationship no cliches or better yet realistic twists to the cliches like the girl rivalry a normal nd ml that didn't secretly love the fl a cute friendship female power dimples everywhere a male lead that apologized and didn't over step his boundaries ie a real nice male lead girls taking care of their own problems and the best part the nice healing plot development I kinda wish it was longer though the ost highlighted the strong female characters well and I rarely rewatch things so it's either or p Read More,엑스엑스
1,Satisfying Beautifully Shot I'll be honest I started watching purely because Hani was in it and I like her However it's a solid drama and definitely can stand on its own all bias aside The plot is simple to follow but entertaining and really rewarding it's a nice compact little story that doesn't have many huge twists and everyone gets what they deserve in the end It's short episodes of minutes each but I feel it does as much as it can with such a limited run The characters aren't super fleshed out but this doesn't detract much from the plot The little we know about the characters is all we really need to be invested in them their stories and that works for me I honestly did not care about the romance whatsoever but it was sweet Hands down the best part was the female leads and their volatile dynamic Hani and Hwang SeungEon have great chemistry together and it made for a lot of intense scenes For me they were really what made this drama worth watching All in all the acting is great the costuming is good the music is decent Sunmi's OST really sets a revenge mood though I felt some of the background music was odd at times and the cinematography is surprisingly fantastic Visually it's a beautifully shot and produced drama especially considering its budget and scale I thoroughly enjoyed watching it and probably will watch it again Though it can feel rushed particularly near the end it's a great length for casual viewing and has a story that's easy to get into each time Read More,엑스엑스
2,XX is undoubtedly the best show Playlist Global has delivered up to date The story the acting the production the characters everything was chef's kiss The show was original something new and contained meaningful lessons Whether it may be broken friendships or toxic relationships I think the show did an excellent job of portraying the character's troubles and allowing viewers to really learn from their mistakes The women in this show were especially powerful which was so nice to see With Sunmi's 'Gotta Go' playing at the back this song is PERFECTION btw I found myself getting goosebumps as my heartbeats skipped for these women Each episode really left me wanting for more The show isn't really romance focused but instead emphasizes on revenge and friendships I personally loved that it took this unique approach for a webdrama The bits of romance were still enjoyable since it was all quite heart warming I loved seeing a healthy relationship and a male lead who was kind and patient for once The characters were imperfect but that only made them more relatable and interesting For a webdrama with short episodes this show did a phenomenal job with the development I would definitely recommend this show to anyone who wants a quick meaningful watch Keep in mind that this is a webdrama with a few minute episodes thus it will probably not be the best show you have ever seen However for a webdrama coming from a smaller company meaning limited money and time it really did the best it could Thus I would give it a for a webdrama Read More,엑스엑스
3,This show was amazing Enjoyed the realistic relationships between all the characters Its a must watch With great pacing It s short so don t expect all aspects of the web series to be explored however the drama did well to touch on a the issues that affected the characters The show was beautifully shot It explores the subject matter from many angles form the victim and participants It also looked at wider issues that affect people s decision making I loved Dan Hee who was like a quiet pillar somehow just present and strong I would recommend this show and would defiantly re watch it Read More,엑스엑스
4,Take the time to watch this It s a feast for the eyes it has a film noir feel to it Filmed a lot in shadow with brown dark tones Everything has been well thought out the rooms the clothes and the makeup all flow seamlessly together with nothing out of place The use of closeups was very well done especially when the bartenders were mixing drinks The two female leads work like yin and yang one extremely overtly classy selfish and insecure the other more understated and comfortable with herself The entire cast was very good and they were working from a great script a lot packed into five episodes with no wasted scenes The music added to the overall feel from the pounding techno to the use of a single droning beat whenever someone entered the bar This show was a joy to watch Read More,엑스엑스
5,XX the more accurate title or Blue Moon was a nice web drama Global Playlist do tend to take a leap off the school drama which nails and give chances to new actors like Hani here fortunately as the stories are pretty good In this one they nicely wraped up every nook and plot line that they had which was satisfying The revenge scenes were the BEST part of the drama as they were so enjoyable The romance was nice and well placed but the way the girls handled that jerk in the end was just right The side characters were entertaining too So overall seven out of ten for this web drama Read More,엑스엑스
6,Surprisingly Good Wow This was a surprisingly good short story I loved how they built the tension between the characters and how the emotions of betrayal were clearly depicted in just short episodes The pacing of the story was well done and the actors delivered It was also balanced with the strength of lasting friendship and sweetness of finding true love I also liked the sound of the drinks being prepared from the opening of the bottle the clinking of ice cubes and hissing sound of fizz It sounded so relaxing and convinces you that you needed a drink right away Last but not the least the visuals of Bae In Hyuk is no joke The boy is seriously good looking Not also forgetting the sweetest lip lock close up Hurry and watch it ASAP Read More,엑스엑스
7,This is one show that I really enjoyed without skipping through as I do with many shows The cinematagraphy is really beautiful in this show as a give them props for that and the story flowed perfectly This show had the perfect pacing as it wasn't too fast or slow and it kept me watching every minute of every episode without getting bored The cast was also amazing as everyone had a perfect role and they acted personally as I have never seen any of them in other shows as this was my first time seeing any of the cast and I fell in love In this show this has a huge focus on the strength of women and a hint of romance with Danny in the story with a tragic past which lead the main characters together I rarely rewatch shows but I rewatched his week after watching it as I loved it so much Amazing cinematography Women power Hint of sweet romance Revenge on a douchebag Rated Read More,엑스엑스
8,Well executed revenge story with amazing OST I couldn t stop watching this Every minute was important which is why I loved it It doesn t have any dragging drama scenes OST is so spunky and spot on The big picture of the story sounds basic but the details within the story is what makes it so good to watch Actors did their roles really well I usually fast forward when there s an annoying character because they usually just taunt without substance but this one was good Cinematography is A It has a strong vibe like Search WWW in terms of OST cinematography and strong women It s short so they just give the essentials Read More,엑스엑스
9,I don't know what I expected from the story but I'm a little sad because I thought it was episodes of minutes each I thought we're getting episode a week and didn't realize we were getting The story was simple and predictable not necessarily in bad way it was just clear who were the bad guys and we only watched them get punished Acting and Camera though OOF Supreb I loved the expressions Na Na Roo Mi made every time they clashed whether in the past or the current timeline As for the soundtracks most notable was Sunmi's Gotta Go but the music they used in the ambience was alright too P S I hope this is a great kickstart for Hani's acting career Read More,엑스엑스
10,Intereting shortwatch I watched this drama in between my drama slump since it's short with ten eps of min each I didn't have much expectations but just knew that Hani is in it thumbs up and that it would have a mysterious vibe wasn't mysterieus at all but nonetheless a interesting shortwatch I particularly like some of the badass ost's Sunmi Gotta Go The story and acting were pretty good for such a short drama If you are doubting just give it a go Just be aware it isn't particularly a light fluffy drama like a lot of the short ones Was this review helpful to you Yes No,엑스엑스
11,This Is Why You Shouldn't Trust Reviews I won't lie I started this show because of exactly what you're thinking of Hani Going into it I had a few reviews and comments in mind so I wasn't expecting much People called it your typical romance drama so why did even the very first episode feel like anything but that If the only thing you got from this was the incredibly awkward development of Nana and Danny's relationship that's your business What it caught my attention with though was the story of learning to accept yourself your past and present mistakes and grow from them Oh and beautiful friendship too The show had it all I laughed I cried I sympathized and all that jazz It had its ups and downs but was enjoyable nevertheless Wish to see more of them in the future Read More,엑스엑스
12,A surprisingly good show The reason I watched was from a recommendation I wouldn't have chosen it myself but I'm happy I did The simple but satisfying Cheating between friends and exes and how to live after all that Terrible in real life great for entertainment value What stood out for me that it was all believable Nobody behaved in a way that makes you doubt the script writers sanity All the characters felt like real people Because the whole thing is quite short not everything was fleshed out as well as it could have been especially the end could have used another hour or so but overall it was a well told story The acting and cast was superb None of the actors were on my favorites list but all the characters were portrayed really well One of the bad guys Shin Jae Hwi did such a good job that I'm a bit worried I'll hate him when he's in something else The female leads did great the women they portrayed were far from perfect but you can't help feeling for them I especially liked the style in which the series was shot not over done but the whole series felt a bit like 'french cinema' The attention to detail like applying lipstick as almost female body armor made it a joy to watch The this one is a bit harder to judge The score always fit the scenes and was even part of the story Unfortunately I did not like any of the songs so a seven out of ten maybe Rewatch value I'll probably watch it again The vibe of the show was really good but it's not a complicated story with lots of details and or layering so it's not something you can watch over and over again recommended if you want to watch a shorter series that shows real women trying to solver their own issues beautifully shot with a well integrated score Read More,엑스엑스
13,The idea is amazing but I enjoyed this drama I read some reviews and comments and I think I have a different view over some topics PLOT athe story begins amazingly Between a betrayal in a friends Are they strong women I think Na Na is and always was even years ago She felt betrayed by Roo Mi and that's what hurted her Roo Mi slept with Na Na's BF and that's it She betrayed her friend and really choose to loose her She was seduced Does anyone gets seduced if they don't want I think Roo Mi wasn't strong and it's starting to get powerful in the last episodes Danny was very cute and a true friend and bf Usually I think women talk about the shiny Prince but desire the villain Here it's the opposite Sweet relationship between Na Na and Danny Maybe she realised he was always by her side Na Na is amazing she deserves her friends and Danny Didn't like Roo MI's ex Very uninteresting How could she love him I never heard of women in that situation come closer and be friends again That was really surprising But since everyone thinks it's normal maybe it is ACTING Really like it Nothing amazing but everyone did the job OST don't know what to say I think it was well used in the drama butz personally I didn't like the songs REWATCH maybe some scenes but don't think so OVERALL I like it It could be better developed bit was ok I like the relationships between human beings and the reasons and behaviours Don't care if it's a straight a lesbian homossexual or other kind of relationship Read More,엑스엑스
14,For XX How did I watch From the first premier religiously waiting for every new eps Why did I watched Sunmi for the OST and I want short webdrama Themes that I like in the drama Friendship strong women revenge believable character sweet romance nice boy Most favorite character Danny He is such a nice boy I like the nice touch that he talk about baseball for eve Most favorite interactions Rumi and Jayden I like their bickering relationship its fun to watch Most memorable scene plot point When they revamp the black box vid to the shop I thought we will never know And spoiler the cheater Why did I stay for this drama engaging and well liked characters It's so easy to watch and left me wanting more What I would like to see more More bartending I know its Kdrama and they won t be focusing on the drink as for example Jdrama But I love topical drama More sismance and friendship because I just love that What I would like to see less the over usage of flashback and the breakdown moment It felt so repetitive Would I watch it again Yes probably soon When will be the best time to watch When I need something short and sweet to watch Radar alert for the future watch I will watch any of the lead actors if I see it And playlist kinda slays its OTP game Read More,엑스엑스
15,When I started this drama I thought that it was going to be a GL Turns out it wasn't but it was not dissappointing for me at all since I still have enjoyed the story very much I binge watched this short web drama in two afternoons and I enjoyed every minute of it and then I even watched the behind the scenes clips too since I liked this drama very much I really grew fond of the two female leads and I loved how their relationship developed from enemies to coworkers to aliies to friends The supporting characters were also nice I highly recommend this web drama for you to watch Read More,엑스엑스
16,I really loved this drama I don't like rewatching anything thats why it has a low rewatch value but omg wow this was great The character development and healing between the female leads felt so natural and it was rlly well done The main characters were really likeable as well I really hate unrealistic cliche's with a few exceptions and this drama did not disappoint The development of the romance was natural as was everything else Despite it being short episodes that are minutes long it was well paced and didn't feel rushed It is extremely underrated and deserves more recognition Read More,엑스엑스
17,REVENGE IS SWEET Absolutely loved this It depicts revenge at its best Really loved the two MLs Two of my favorite crushes The two FLs were also outstanding I even liked the music and I usually have to mute a lot in Kdramas I was so disappointed there are only five episodes though I wanted the story about how to deal with a scumbag cheating ex to happen The bar scenes are realistic and looks like a bar I would frequent More episodes please Really five hundred words What more can I say without spoiling the stories within the maon story Was this review helpful to you Yes No,엑스엑스
18,short sweet I thoroughly enjoyed this Webdramas might become my preferred type of dramas lol I m all seriousness I really enjoyed this I actually found the story interesting I always like when side stories mirror what the leads are going through and helps them out The revenge scenes were chef s kiss I think they took revenge in the best ways that would hurt those they were dealing with When Nana said you re not worth it ouuuuu I know homeboy went home crying Anyways yes the story was very nice It s also great that there were no loose ends Everything got wrapped up well I m not familiar with the cast but after their performance I would definitely look more into them especially the two FLs The music was A I hadn t realized one of my favourite OSTs was from this drama the Sunmi track is a bop and a half The way it perfectly fit every scene it was played in Let s not forget the videography It was nicely filmed omgg the shots whenever they were making drinks wowzers If you can t already tell yes yes I loved this show and I ll probably watch it again I hope you enjoy it too Read More,엑스엑스
19,A short but interesting web drama about friendships broken hearts and the morals of love and relationships To be honest I mainly started watching it because it is a short and easy to watch series Sunmi had a feature song in this and Hani was playing the main character I could watch that woman all day her performance was so good and natural and the chemistry between the bartenders was out of this world Rather than liking the storyline I definitely enjoyed the friendships in the drama more The most memorable one was between the flatmates and how male and female friendships are portrayed with trust and support The only thing that I did not agree on was the ending and how the relationship between the two main female leads played out I wish it could have been more impactful Other than that watch this drama for a simple and light watch Read More,엑스엑스
20,XX besides being beautifully cast and well paced as usual is a bit different from your usual Playlist webdramas it has a serious fancy atmosphere due to its setting and the way the writers slowly but surely approached the topic of cheating both in love and friendship It also has some impressive shooting quality although I found some odd cuts here and there I'm trying not to be too picky since they overall felt so fantastic One of its faults is that the two main characters had bland personalities while the side characters felt promising complex the idea of having a solo drama for Yu Rumi or if Playlist has the guts Jayden sound like a risk worth the take for a channel like Playlist Only one last thing I absolutely despised Sunmi's soundtrack it's nothing against her it's just that even if it was the producers' intention anytime it would play it'd be jarring and personally it didn't felt like it fit the drama's theme The other two were nice though Read More,엑스엑스
21,This was surprisingly really enjoyable and something I looked forward to every week The friendship between Na Na and her roommate was one of the best parts of the entire drama and I loved how there was zero unnecessary drama between them their conversations were touching when they needed to talk about something serious but otherwise I also loved their banter The romance was really cute without unnecessary drama as well Obviously my favorite part was the relationship between the two girls which was the main part and I thought everything was resolved super nicely and realistically In fact Na Na was such a likable main character I love savage moments and she had so many of them She was overall just super relatable to me from the way she sort of ran from her problems to realizing who was worth her time and who wasn't Read More,엑스엑스
22,The story was more to the point than what it is It was honestly everything to me you think it's just someone passionate about her bar but it's more than that it's about betrayal it's about fighting it's about being yourself and also being someone that is moving on in every and any situation and it's just overall amazing Nana was a bad ass the second bartender aka her LOVE INTEREST was awesome too the best friend she lived with was alright and the backstory it really had you hooked Hani played such an amazing actress her acting has really gotten AMAZING and she was EVERYTHING in this show and everyone else played amazing rolls too I loved it The music was FANTASTIC I would def rewatch this when I have some down time an amazing show Read More,엑스엑스
23,Amusing revenge tale I generally avoid drama involving terrible breakup annoying love triangle and cheating But I decided to give it a go since this drama is very short and the beginning was interesting enough to get me glued I am glad for once a writer clearly know my style of story The story is all about giving it back what those trash deserve and moving forward in life for good I am happy that the friends rightly called that trash as an embarrassment and horrible memory to put him on place And had a happy ending to become together Would have rated it full But as much as I am someone who crave romance everywhere it felt unwanted here Maybe because the lot of slow mo and dreamy stuffs couldn t match the charm and reality of other scenes That s a personal opinion though The every day get together in coffee vending machine and the first time outing of bartenders when their bar got closed for repair works were super sweet and attractive though Finally I appreciate that the girls took the matter in their own hands rather than clinging to ML for help Women today have more heart and courage in life than men Be it love life or business Read More,엑스엑스
24,Not what I expected It's a Lancome commercial disguised as a webdrama There I saved you five hours Going by the summary I was expecting more but it's a typical web drama the kind that you can find on YouTube for free They're a dime a dozen these days If you like that kind of thing then this is going to be a perfect drama for you If you're into quality stuff you can skip this I guess it wasn't all that bad the show did try to make a point about strong women and friendship but all these in your face product placements made it too distracting to focus I'm not kidding at least two scenes per episode were dedicated to talking about makeup out of nowhere Like I said it's not necessarily bad it's just not that good Will forget about in T hour Read More,엑스엑스
25,meh so boring to me i was watching this show with speed but still couldn't bring mysekf to finish the show despite it having only episodes it wasn't interesting enough for me maybe its bc the setting wasn't it for me and i rlly dgaf abt the characters though i tried to but like im sorry it was uninteresting to me ill just stick to unrealistic stuff i guess the tension between the FL leads omg i swear and idc if they resolved it or whatever good for them but constant bantering and it being the only focus of the drama bawring Was this review helpful to you Yes No,엑스엑스
26,would be better if it was sapphic,엑스엑스
27,i was queerbated but also pleasantly surprised by the endgame otp but also dissappointed because once again like i know hetero guys are no shit but it's offending to associate 'girly' behavior in men with being gay only twitter com mtr fr status,엑스엑스
28,korean i love the vibes and the setting of the bar so much wished it was a longer drama so that the characters can be fleshed out more fun but i think it had potential to be something bigger,엑스엑스
29,This movie is part of a web series that is all in Korean The plot is not based on real life events but it does have elements that happens to some people in real life The writer definitely created a clear and captivating plot that forces you to follow along the story It s very eventful packed with drama that you just cannot look away from because it s really good It really reflects events that happens in real life so the person that watches it somehow relates to it The rhythm is equally both dynamic and smooth it s dynamic because there are many changes that happen within the aftereffects of a break up and a fallout with a friend But it s also smooth because there are times that some scenes felt like a filler that didn t go anywhere however it somehow connected two different scenes together so it works I feel like the target audience is it includes mature subjects within the breakup that is not suitable for the younger ones to know There were many shots that the cameraman use in the film that really portrayed lots of tension through the main character s perspective The lens became our point of view that overlooks the whole story that is being presented on the screen The movie touched up on a lot of serious issues like the effect from a cheating boyfriend that slept with her best friend From that traumatic experience which can influence the person s mind to not love again or to not be friends with anyone ever again The casting was very successful you can really feel their feelings from the way they act through the portrayal of their character The general atmosphere of the movie felt very realistic because it talks about an issue that gets dealt with in everyday life especially when it comes to love Odette L,엑스엑스
30,Satisfying and Beautifully Shot I love how the story was developing each episode brings something new The plot was simple to follow but very entertaining Kudos to all the actors Adios bitch,엑스엑스
31,To everything in it YES,엑스엑스
32,Cool,엑스엑스
33,long enough episodes so there s plenty of chance for the characters to be fleshed out and it was i didn t feel sorry for lee ru mi at all she was made a fool of but she was guilty to begin with cause why would you sleep with ur best friend s ex the day they break up that s sus yu na na is powerful and so empathetic park dan hee is sweet and sincere watching their relationship was great he totally knew his boundaries and always left the ball in her court plus bae in hyuk fine as all hell so brilliant casting jung deun is the gay hilarious bamf im tryna be he was an excellent comic relief and friend this was really good for a web drama and i loved the setting of the bar i don t drink but mixology looks like so much fun,엑스엑스
34,Based on the first episodes I am pleasantly surprised by this Korean drama series Having seen a lot of Korean drama I was expecting just another one However so far it has been quite refreshing to watch The tone and atmosphere sets a comfortable and calming environment whilst watching It is something that lets you discover the characters and their motives on your own within the flow of the episodes It doesn't tell you straight up what's going on and how the characters feel On the other hand it doesn't require you to analyse too much it feels like just a thought is enough to figure it out It is exactly what one needs after a long day just something calm which makes you think but doesn't ask you to understand it because you do without asking Most importantly the Plot It is not overly predictable like many Korean dramas you can guess where the Plot is heading in some ways but it still leaves you wondering Even tough the overall feel is very settled the plot still manages to build tension and intrigues you to keep watching I'm looking forward for the next episodes sorry for any bad english I tried but it is not my first language,엑스엑스
35,This is not your typical kdrama nothing about stupid love triangles this series is about real situations in life that leave us scars requiring time to heal The best about this script is that will show you a very refreshing point of view where nothing is black or white but instead will show you the experiences and feelings from all characters and you actually understand them Sometimes we make mistakes and we hurt the people we love but we can learn how to forgive them Well written with good dialogues chemistry off the charts the story is compelling and the cinematography is beautiful I wish it was longer I love this kind of kdramas lead by women with zero clich s and so real,엑스엑스
