,reviews,title
0,Playlist Global is getting bigger We can notice it with this short drama It's not about dating and school It's about adult life dating and getting married or not The drama shows couples one year couple and year couple They face many problems such as Jealousy shame envy their dreams friends and society They talk a lot about marriage A couple which are already living together we'll think about marriage naturally So the problematic on the drama Is the marriage something about how long have you been dating your partner I thought the concept interesting Playlist Global proves once again their evolution they are trying many differents style By the way let's talk about Actors Omg they are very good handsome beautiful BUT despite that we can notice that it's not about physical so you feel no complex XDDD I mean they didn't put an accent on beauty but on humans values problems happiness on the human so we can easily identify on all the character Indeed sometime we are too greedy sometime we want to be the worse one by wanting someone else boyfriend sometime we give up on something for someone and sometimes we have to do choices All the songs were very good Kwon Jin Ah ost hahem The drama was well done for me the scenes acting light music And the number of episode help a lot That's why I like Playlist Global stories may be basic but they go straight on point and you can finish one drama while waiting somewhere practical Read More,이런꽃같은엔딩
1,It s a story about two couples and a single fool One of the couples has been dating for years and knows each other in and out The other couple has been dating for year and has different expectations from dating And then there is one single woman wanting to fall in love What I liked about this show is the take on marriage Some people want to get married but cannot because of various circumstances Some people do not want to get married because they are scared of being tied down And then there are people who have nobody but need and want somebody The story is about whether these people can deal with their expectations and still be together It was normal and relatable Like pages of a journal out of somebody s life I liked it for it s simplicity The male leads were cute which was an icing to the cake The acting and music were not bad Playlist global has been coming up with good webseries Read More,이런꽃같은엔딩
2,I seriously didn't expect to like this series as much as I did I somewhat started it with the impression there'd be something about it that would throw me off which turned out to be a complete lie We are met with two different stories and given the premise that only one will have a flowery like ending It's interesting how they explored both narratives although I wished they could've developed them a tad more It had some familiar faces like Gun Joo and some Love Playlist cameos that any die hard Playlist fan would recognize right away and some new faces Shi Eun's character is the one I liked the most even if her ending didn't met my expectations of her Kang Hoon was also quite cute I'm happy to hear he'll be a supporting character in an upcoming kdrama I want to watch The soundtrack and pacing were both wonderful too this whole series is lovely and nicely put Read More,이런꽃같은엔딩
3,A short web drama that doesn't deal with school or first love but rather with grown up problems The realtionships in this one undergo contemporary couples' problems and eventually only one will survive as the narrator suggests in the first episode The stories of both couples were relatable and entertaining and very dramatic may I add The ending was satisfying as well and it kept that slice of life atmosphere being all realist and unique The performances were really good as well So seven out of ten for this web drama Was this review helpful to you Yes No,이런꽃같은엔딩
