,reviews,title
0,I wouldn't have watched this web series if I hadn't seen a viral clip on it on twitter and I'm grateful and glad that I did While it's mostly an episodic series it manages to tackle a lot of issues that I think is important for the youth to think about even if it means character development and story is pretty much stagnant From the teaser you practically already know who these characters are because they pretty much stay the same throughout the show Even though it's like this you can't help but root for the characters and love them I think it's a must watch because it raises a lot of issues and point of views and serves them all in bitesized episodes that are easy to digest and binge watch It may not be that popular of a web show but it's a damn important one Read More,좀예민해도괜찮아
1,I really enjoyed it It was funny and smart and satisfying I tend to prefer full dramas to web dramas but they utilized their platform really well Even though the episodes were short they didn't feel like it and they managed to feel complete This show did an excellent job telling compact stories that still together created a cohesive narrative These actors were nearly all completely new to me but they all did an excellent job The characters were different from one another but their relationships were believable and felt familiar and realistic Their growth and change was subtle but excellent I found myself laughing during most most episodes and I was also very impressed with the powerful lines and lessons they all contained Each episode deals with a different issue ranging from creepy and sexist professors and sexual harassment MeToo to navigating relationship problems and they're handled well But it also deals with the very real issue of the culture of sexism and misogyny and the pushback against change The show discusses fear and power and fighting back against injustice This webseries is both very enjoyable and also extremely relevant and important I am very glad that there is something out there like this and I hope that it is something that will inspire and empower others Read More,좀예민해도괜찮아
2,A short web drama with really important messages That's how I would sum up this drama It's about different gender issues in real life and always ends the episode with a comforting message giving you good advise While they do show clearly who's doing wrong and why this drama is not pointing fingers or using stereotypes we might expect which I truly appreciate Not every male being is an offender and not every feminist is a man hating fury The drama deals with the negative perception of the term feminist and gives a good answer to that Here we have different personality types Chae Ah is the outgoing type who has no problem speaking out when she thinks something is unfair Ye Ji is the complete opposite being shy and introverted worried about how speaking out could affect her social life I could relate to Shin Hye the most She's feels that it's wrong of a guy to casually touch her leg while they are out drinking something with others but doesn't want to jump to wrong conclusions or misjudge anyone She's thinking a lot before acting and also considers the other person We get to see how she changes learning that you have to listen to your heart and when something feels wrong it's okay to be sensitive about it and speak out It shouldn't be normal for a woman to get stared at like a piece of meat when she's wearing a short skirt or okay for man to speak with a woman and look at her boobs all the time instead of her eyes this really happened to me by the way and it really felt disgusting This drama addresses such issues and that's why I enjoyed it It's not exaggerating such situations but show them how they really are That also includes sexual harassment against man which is why I recommend to watch this no matter what your gender is To sum it up It's a heartwarming comforting and healing drama with funny scenes but also a lot that make you think For me the core message of this drama is to be considerate of each other and that's something entirely unrelated to gender Read More,좀예민해도괜찮아
3,So I just decided to watch this one day out of the blue and I m glad I did because it s good as a girl to know these thing and honestly as a guy too because guys also get sexually harassed and it s also good for those who don t know what feminism really is This show was good because it was interesting taught you something and had some good romance and relationships both romantic and platonic I loved it but I wouldn t say it one of my favorites and I may rewatch it someday but I definitely recommend you watch it Was this review helpful to you Yes No,좀예민해도괜찮아
4,A must watch for everyone I think most of us came to this web drama because of the scene in the classroom And I'm really glad I finally watch it I think everyone should watch it and learn a few things from it It touches upon important topics that are not even mentioned in regular dramas and they do it in the span of ten minutes it's amazing The messages are clear and straight forward I really like it It made me reflect on a lot of things and situations It's also a great web drama to just watch in one sit and enjoy Was this review helpful to you Yes No,좀예민해도괜찮아
5,It's okay to be sensitive it's a webdrama that deals with some issues that many others shy off The main characters are mostly women more specifically college students who are trying to find part time jobs live alone or find love However even when they are just attending classes or hanging out with their friends they find it hard to feel safe or considered as equals There was actually an episode where they showed how some men experience sexual harassment too but the drama mostly focuses on women And you don't have to be Korean to relate with the characters as these issues unfortunately are universal and many women experience them in one way or another But the way the characters reacted and acted was reassuring and felt encouraging and comforting The addition of some romance was nice however it wasn't well paced So overall seven out of ten Read More,좀예민해도괜찮아
