,reviews,title
0,BEST TIME TRAVEL THRILLER EVER The storyline and plot is PERFECT for a time travel concept UNLIKE ALICE cough cough The main characters are actually SMART and they actually come up with realistic good plans to try and solve the mystery The antagonist are all so intelligent that they use MANIPULATION rather than brute force to get what they want SIGNAL WORLD OF THE MARRIED KAIROS The present and the past are easily distinguished and they put DATE LABELS ON EVERY TRANSITION that makes it easier for the viewers to differenciate It has ALMOST PLOT HOLES and every change in the past perfectly resembles the change in the future flawlessly The story IS NOT DRAGGY and every episode ends on a cliff hanger making you want more Recommended to VETERAN KDRAMA VIEWERS who can appreciate MYSTERY THRILLERS with NO ROMANCE Read More,카이로스
1,Classic Thriller Worth to Watch A MA ZING is on point for the genre it's a classic drama in its style thriller and suspense I love both leads as well as the rest of the cast which I think they were quite good picked It's a misterious story that developes backwards and its title fits perfectly go search it At the same time stimulates your brain cells it's super entertaining unless you hate this genre It's a bit dark as well which I think gives it the perfect combo flavor I am thrilling by only reviewing this Was this review helpful to you Yes No,카이로스
2,Really good but I have some critique Dang this show is so good Many people compare this to Signal so I can t help but do that too This isn t as good as Signal but is still a fun timey wimey crime thriller The premise is really good and executed very well and the plot is paced excellently There are so many plot twists but they never felt needless just the consequence of messing with time or a revelation that explains a character s motivation I do think that the first half of the show is better than the second The main villains shift about halfway and I enjoyed the original villains from the first half more The plot conspiracy in the second half also wasn t as interesting to me but the plot twists continued to be excellent I loved the ending of every episode it was so darn good how all of them were like wtf and that really shows how good the writing is But in part due to timey wimey shenanigans there were a few plot points and revelations that happened more than once and they do lose emotional impact and it weirdly feels like you re wasting time because you re essentially watching the same scene again Plus there s this MacGuffin that everyone is after in the second half and that takes a while to move on from However the second half does a great job of tying everything together and a lot of things make sense The timey wimey stuff is handled amazingly and the explanation for it is actually pretty good too Seo Jin had some great character development and it was awesome seeing him change throughout the show Ae Ri I m so sorry sweetie it s not your fault it s the writer s fault Han Ae Ri spent of her time crying about her mom The times where I had to suspend my disbelief the most were with Ae Ri s actions she continually made stupid choices like investigating dangerous things by herself when she knows it s dangerous Argh I still like her but it was frustrating at times Basically her actions felt like they were plot devices which is lazy writing The other characters were pretty good and I enjoyed Ae Ri s friends in particular It was great seeing them all team up Oh and I loooooove the original villains of the show I won t elaborate because they re related to plot twists Despite the fact that I just complained a lot about it I think this show is really excellent and I would recommend it to anyone who liked Signal Tunnel or any crime thriller fan So while there are some things I wish were better I have trouble holding that against this show because it was just so good Read More,카이로스
3,Incredibly Well Written Show This drama is more plot focused that character focused and in terms of plot focused dramas this has to be one of the most tightly well written plots I have had the pleasure of watching The story moves along characters behave believably neither the bad guys nor good guys act like idiots information is shared and when it isn't the rationales for it not being shared make sense All in all this show's plot deserves being taught in any script writing or show running classes The acting is good all around again this show is plot focused so to an extent you don't expect tour de force performances but the plot would not move as well if the acting was poor and thankfully everyone is up to the job in the cast All the technical aspects of the show are very good though the soundtrack while doing its job is forgettable IN terms of re watch value the quality of the writing deserves to be savored but at the same time a lot of the charm comes in the mysteries unfolding and once you watch the show obviously that special thrill is gone That said everyone should watch this at least once Read More,카이로스
4,Thrilling experience It started with a bang literally its st episode was amazing that hooked me to watch even I don't usually prefer ongoing dramas So it had a great starting with a satisfactory ending The story is a bit complicated you will take to time to understand what is happening but then it will be a thrill to watch It has a lot of twists and turns every episode ends with a cliffhanger I was dumbfounded by some unexpected twists The story is a bit complicated with great details I mean you get every answer of what you are curious about so it doesn't have many plotholes It's a thriller action suspense drama which totally follows genre thrill The acting is amazing I cried in the very first episode that much you can feel characters' emotions it's like you will love characters or hate them If you want to try something different sci fi then it's a must watch it's a great experience although it was kind of draggy in the middle I think it was necessary for the story I gave re watch value fewer ratings cause I think suspense mystery dramas are not for re watching I like the fact it has a satisfactory ending but if you are looking for romance you won't found it here Totally worth watching Read More,카이로스
5,Kairos When the past and future collide The present changes Entertaining Roller coaster ride Kairos is a Greek word meaning Right Time an opportune moment and the plot of the drama exactly revolves around this moment which is exactly for one minute at pm connecting two people one month apart in time over a phone call Meet Kim Seo Jin and Han Ae Ri suffering tragic events in their time SeoJin in the future and Aeri in past this one minute phone call every day allows them to interact and later co ordinate and work together to change their misfortunes while doing this they discover the deeper problems in their life which go beyond the tragedy that have stuck them A drama involving non linear timeline can be tricky as viewers are smart enough to pick up the loopholes unanswered questions and lousy writing but kairos did a overall good job to surpass many of these traps and curses many points while watching this drama one will encounter such questions and loose ends but they are mostly answered and closed later on Patience is the KEY here The story is strong and well done though not completely unique The cinematography sound track are captivating and will keep you hooked A special mention to Can you Hear me Kang Seung Yoon Heartening track The editing is good but could be confusing sometimes Also some scenes might require repeat viewings to actually understand better as to whats going on The other strongest point of the drama is the acting and the characters One is able to feel the pain of the main leads and despise some characters Also all the main and secondary leads of the drama show character development especially KSJ played wonderfully by Shin Sung Rok who shows his pain anger disgust love and sadness amazingly all by his small movements in facial expressions Lee Se Young shows her range and maturity in the role with her small frame and beautiful face she conveys most intricate emotions Ahn Bo Hyun Nam Gyu Ri Kang Seung Yoon all did well in their roles The small kid Dabin was really cute and acted well The drawbacks I think was some scenes involving Han Aeri s mother could have been avoided her motivations became a bit illogical and messy I would have preferred more interaction between the leads instead of that Also the police seems to be mostly clueless most of the time I think that a K drama trope but that could be avoided Kairos is undoubtedly one of the best dramas of It is a silent killer I am sure it will gain more following as time goes on a more people discover it Definitively a must watch Read More,카이로스
6,The best thriller drama you ll ever see Well this drama was never on my Plan to Watch list and I don t really know much about it I m pretty sure I ve seen the news somewhere about Shin Sung Rok Lee Se Young and Ahn Bo Hyun as casts in a new drama but I ve never really pay attention to it never was I interested in watching this drama But then after watching Lawless Lawyer that is light predictable and maybe had a little too much romance in it I decided to watch something heavier Something that could blow my mind away Something like Kairos I stumbled upon this title as I was searching through the tags which I forgot what tag was it And the reviews were all great So I decided to give it a watch Dang the first episode LITERALLY blew my mind away Have I ever seen something so intriguing like this No Have I ever seen a drama that introduced their conflicts as fast as this drama did No Am I loving this drama Yes yes yes I think out of all the dramas I ve watched only both seasons of Secret Forest would be suitable if compared with Kairos I rated both seasons of Secret Forest a only because I haven t seen Kairos Kairos is truly truly an underrated gem if Secret Forest deserves a this deserves an In Secret Forest we can t really feel the connection between characters since the main character Hwang Si Mok can t really show any feelings But here on Kairos you ll see beautiful relationships starting from the friendship of the trio Han Ae Ri Im Geon Wook Park Soo Jung a mother daughter relationship Han Ae Ri and her mom father daughter relationship Kim Seo Jin and Kim Da Bin and just the teamwork between the main leads Kim Seo Jin and Han Ae Ri Most thriller dramas would often focus on solving the mystery take revenge on the antagonists some may part ways in the end showing that they have fully move on from the conflicting days But this drama focuses more about cherishing every moments with their loved ones and to mainly educate viewers to never regret anything going on in their lives There are times when we feel like going back to the past to fix some moments we regret But apparently it s not the best option We see here in Kairos that connecting with the past didn t solve any of their problems but complicates them more The acting here in this drama could be summed up to word EXTRAORDINARY This drama could make you tear up then boil up in only split seconds That s how GOOD the acting really is My first time watching Shin Sung Rok Lee Se Young Ahn Bo Hyun Kang Seung Yoon Nam Gyu Ri and actually many more as important main characters and I m astonished by their acting The storyline was written perfectly in my opinion There weren t any plotholes no confusing storyline eventhough it s mainly about time travel which could be very confusing at times I must admit that some parts of the episode somewhere in the middle could be a little unentertaining but the writers managed to make a super duper cool plot twist in each ending of the episode making the viewers more curious about what s coming next Never have I seen plot twists as much and as beautiful as the plot twists in this one The producers and the screenwriters did an awesome job with this drama The cinematography was TOP NOTCH They took every scene with the percect angle the editing made it even more awesome So beautiful a an if I could Kudos to every staff and each of the casts You all ACED this drama Truly an excellent drama to start my Let s meet again if I ll ever rewatch Read More,카이로스
7,KAIROS the best k drama I've ever seen Now I'm not being biased as I didn't know any of the cast until this drama eventhough I'm obsessed with kdramas This is not your regular k drama there are no words to explain like I'm literally crying finally get the platform to talk about how much I adore this drama Hear me out the writer the casts main and supporting the plot the storyline the everything there's no slip at all and they say nothing is perfect but I think Kairos is perfect at least a perfection MBC please don't let Kairos end like this put it on Netflix and see how much you'll bank from this I've never given a drama this high ratings for my past yrs of k drama obsession I'm giving it a Read More,카이로스
8,it's not that good I had lots of expectations going into this drama due to the good reviews it got but I was disappointed Though the plot is well thought out the execution of it was kind of plain and boring There is not a single likable character except maybe the FL It was a bit predictable The main flaw of the series is that the two time travelers does not have any harmony and trust between them for most of the series which becomes annoying and makes you lose interest in the drama soon whereas in dramas like Signal which kind of has a similar concept to this drama the two leads at first does have their doubts but soon into the series they believe one and other which was satisfying further pushed the plot into the focus rather than the leads insecurities The sub characters were irritating and got on my nerve The twist upon twist concept got boring quickly and the main leads were kind of dumb which was frustrating The drama overall was a bit interesting but I lost interest in the middle and I had force myself to watch till the end hoping that it gets better This is just my opinion and if it does not appease you just ignore it and move on Read More,카이로스
9,One of the best time bending Kdramas Loved this drama This is one of the better tightly written Korean drama about bending time The episodes were tense and fast paced and will keep at the edge of your seats The time bending rules were mostly consistent all through out the show If there were any plotholes these were very trivial I may not like every character's decisions esp Aeri's mom but it was understandable Terrific acting from the entire cast They were so good esp Shin Seung Rok and Lee Se Young I loved their team work and how they were able to beat the odds and find out the truth The ending was satisfying as the show was able to wrap their stories neatly except for people i wanted their ending to be different but it was still fine Definitely should be in everyone's watch list Read More,카이로스
10,Kairos An opportune time for action Kairos a blend of realism and fiction with an awesome take on timeslips The drama takes place around the lives of Kim Seo Jin and Han Ae Ri played by Shin Sung Rok and Lee Se Young respectively and their drive to constantly change the detrimental future that they continue to face in the hands of time Starting off the performances from the first episode to the last are not to be missed In terms of quality acting from both main leads supporting roles and extras this drama does not miss a beat The compelling takes from each actor do not go unnoticed especially Shin Sung Rok who I did not expect to wow me in terms of how he portrayed the grief and anxiety of a father a husband and also a friend Lee See Young who is not new to the action genre definitely exuded growth as an actor and Ah Bo Hyun who was introduced to a new setting for me in this kind of character I think he definitely nailed the most important parts of the drama The storyline however unfortunately is not as compelling as the performances I say this coming from a view of repetition A lot of scenarios and outcomes throughout the drama felt very unvaried in terms of how they would react to the same problem or the reactions they faced when entering a new timeline of issues I could try to see the view of how it was meant to be taken by the audience I believe they wanted to express the change of emotions from different characters and not necessarily the actions of the main leads It was very evident from how different characters stepped onto the main screen when some results were reoccurring I also believe some reactions within the earlier moments when the main leads met each other were very humane which you don't often see in a lot of fantasy action dramas it engaged viewers very simple but genius The cinematography was awesome as well as the effort of the director I found it amazing at the scene sequencing and the placement of every reaction at every given time and place in the drama It was beautiful there was no scene or moment that was left unwrapped which I find common in a lot of dramas in this genre I loved the big prints of the title I thought it was new and almost cinematic and the use of different filters rather than the way it would appear in dramas of this genre when depicting different timelines was top notch quality the drama was very engaging and if you have not watched it I suggest you do it's a lot of fun and there are moments of good comic relief so it doesn't just run through on a dark pace if the storyline doesn't keep you going the performances will So if you're thinking of watching it WATCH IT Read More,카이로스
11,Poorly executed at times This drama started with a very good plot and pace Nothing was draggy until it reached episode I sometimes wonder why time altering dramas are executed this way it starts with so much potential but eventually looses its charm midway Things I didn't like Whenever I watched this drama there were times I felt like the never ending cycle would repeat itself again over and iver again I felt so frustrated at how many times they executed the same old story but never reached to a point of resolution Everything went in a circle all the darn time and I get time altering dramas can be like this but this drama was too much What was the reason of all the things happening around Seo Jin Well I thought since they were dragging this since the beginning the writers would pull something really complicated or extraodinary out of their sleeves I actually thought all the wait all the patience of me watching this would pay off by a genius twist A twist that I would be jaw wide open nodding my head like a lizard saying Wow Bravo writers I never thought you would bring me this shocking yet intresting and creative surprise CLAPS RESOUNDING ON THE BACKROUND What did I got instead A cheap plot that had no sense at all From a kidnapped child it went to a con woman who would bang Seo Jin's secretary and then one moment to the other without me even bieng able to grasp the situation they stuck it to my throat by force What did power and corruption had to do with all this Since when did this began with power and corruption on the first place This all began from solving a mystery as long as I remember Overused scenes Over and over again they had to show the same scenes we already saw some minutes ago I never fastfoward scenes but this was an exception I had to fastfoward every repeated scene cuz of how tired I was of watching it The cinematography began so perfect but I don't know what happened along the way that everything turned out crappy The camara shifted all of a sudden sometimes making me go dizzy and perplexed at times At first I though my phone was giving problems cuz of how black everything went all of a sudden on my screen but then I noticed it was the drama itself I know this might have been the writers objective to make us get anxiety over the drama and to give the dark vibe the drama needs to but it was really annoying One moment I was focused staring at the female lead and the next The male lead was already infront of me out of nowhere Rushed ending They tried executing this since the beginning in a dragy way might as well execute it at this pace But it wasn't at the end they rushed everything up I didn't have time to even wrap things up inside my head The actors were phenomenal In their roles so I have nothing to say about them Everyone did an amazing job The crying scenes I have to admit were over the top but if it weren't have been done this way the sad scenes wouldn't have felt touching was okay too not that bad but not that good eighter So overall even though this drama had so many annoying things to point out it was enjoyable to watch so I'll give it a Read More,카이로스
12,THIS DRAMA IS WORTH IT AND LOWER RATINGS DON'T DO JUSTICE This drama is really intense and intriguing After every episode you will wonder what is going to happen next It is true that there is this 'call from the future' part similar to the drama Signal If you have watched Signal and liked it you might like this as well I find this drama even more intense and fast paced than Signal The lower ratings don't do justice for real For anyone who is seeking a a romcom or romance between the leads may be disappointed However the leads have a good chemistry and we don't know yet if there will be sparks in the future XD I would love that I binged watched episodes i don't usually binge watch like that these days but it was hard to stop then I had to wait for the th episode IT WAS HARD TO WAIT Give this is a shot if you like intense dramas or thrillers you will love it Read More,카이로스
13,Pure thriller OVERALL This drama handles suspense very well and can easily be binged in a few days Watch if you like thrilling sensational plots with a fast pace and lots of action If you are looking for well developed characters character growth or romance skip THE STORY I binged the first ten episodes of Kairos in two days with some fast forwarding but still The fantasy aspect of the plot and trying to save lives across temporal lines are the two things that keep you on the edge of your seat wanting more Another is the production Episode opening sequences are great at setting the pace and the suspense and the use of sound and camera angles is very impressive in some scenes too That being said from the very first episode I was not able to get emotionally invested in this drama and as episodes went by it just got worse until I eventually just skipped episodes to and went straight to the finale The biggest problem in my opinion is that there is not enough character development Kairos doesn't make you feel attached to the main leads The action starts too fast without giving you time to get to know the leads well and it never slows down enough to give you the chance later on Strangely I liked the antagonists more than the leads I didn't root for them but I liked how they were more fleshed out and had more individual character The main leads felt like empty shells Another negative thing I can mention about the drama is the few plot holes here and there They're not major but some happen relatively early on and keep on popping up in your mind as you're watching eg why didn't this happen instead distracting you I have to say the drama isn't bad It's just very action focused For anyone who requires more than thriller and suspense you may be disappointed THE ACTING Quite good I would say I don't think I was blown out of my mind but there is a lot of crying and intense emotions in Kairos and the actors deliver No need to talk about chemistry or anything here since relationships are underdeveloped THE MUSIC I liked the use of sounds and OST in this drama It's very deliberate and works well with the plot Nothing I would listen to now that the drama is over but still REWATCH VALUE Very low There is nothing about Kairos that will make me feel like watching it again Read More,카이로스
14,the best thriller of Short and sweet review but first Wow I m in awe for how amazing this kdrama is came to write a review as soon as I finished it and oof I have a lot of good things to say This drama dealt with time travel similar to Signal but cleverly did it in a way for viewers to still follow along with the characters and the plot something TKEM didn t do cough cough you re rooting for the protagonists like crazy through this drama because SHOCKINGLY the villains are actually worth your time and the amount of twists per episode were done so well you can t forget what happens in the previous episodes I really have to commend the flow and pacing of this drama as well thrillers are supposed to have good pacing that s how thrills are enhanced and we as viewers find out more intricate things about the characters and the overall plot I can tell you right now you won t have a problem with awkward cuts or off character motives everyone has a part to play Even characters you might hate at the beginning you ll end up feeling sympathy for in the end I lastly have to commend the cast for their amazing acting performances in particular Shin Sung Rok and Lee Se Young as the ML FL respectively They did a fantastic job of portraying their characters and honestly now that I look back I can t see anyone else playing them they were just so good However don t look for romance between the two with the amount of crap they had to go through they did NOT have time for that lollll If you re a thriller guy gal this drama will definitely be up your street what holds it s high rating I assure you are the acting performances a well written ending and a story that will tug at your heart strings till the very end Read More,카이로스
15,Best Thriller This year had so many great drama each drama just gets better and better When i first started watching i didn't quite like it the first episode but after hearing so many good review gave it a try and have to say the drama got better and better with each episode This has to be one of the best thriller I have seen this year The cast was amazing with a great acting They each portrayed their roles so well I could feel their emotions and their helplessness and their frustrations The story line was easy to follow There was no confusion about past and present as the drama had the dates so it was easy to identify They answered all of the question and every plot they took from the start to end they finished it so nicely Read More,카이로스
16,Too good to be true many a drama throughout the year have dabbled into the time travel fantasy genres and everytime i was left feeling with want for more every drama felt incomplete due to some loopholes general plot ambiguity and many things left unexplained kairos is not that drama every detail of the plot of the time and space mechanics and just how the memories and time travel worked in the drama world were so thoroughly explained the plot was relatively simple not the likes of Secret Forest or other crime thrillers but it was definitely gripping enough to keep you on the edge of your seat throughout the ride the writing was INCREDIBLE my love for all the characters and just how they were brought together is so much omooo the post production and the cinematography MY GOODNESS PERFECT every episode started with KAIROS flashing across the screen and everytime i was in AWE of just how well done the drama is down to the tinie tiniest details from the parallels between the two times the colour grading the clock the phone calls EVERYTHING WAS DONE JUST PERFECTLY TOO GOOD TO BE TRUE MAN IT WAS FLAWLESS definitely not for someone whos looking for something lighthearted and with romance KAIROS only gives you the thrills and chills with some wholesome family feels every so often not a lot uff will definitely keep coming back to this amazing so good man the acting the cast literally everything about it was so good must watch for my crime thriller fans out there has been a legendary year for dramas too good man kudos to the writer and the whole production team for topping off this incredible year with something so truly epic too good to be true Read More,카이로스
17,Amazing I have never written reviews before but for this series I had to I really like the subject of time travel so I decided to give this a try and I was blown away Something that always kills a drama or movie for me is super dumb characters where a fact is so obviously in front of them but they just fail to see it just because it's too early in the drama But in this drama I was so surprised to see the MCs are ACTUALLY smart and so badass of the time which is a lot lol The story is really nice and you get engaged in it with the main characters The subject of time travel is so hard to turn out good but imo this drama pulled it off in the best way IT'S DEFINITELY NOT like the movies where just a bunch of complicating things mix up in each other and at the end you will be like but that doesn't make any sense Anything the MCs do WILL change time A MUST WATCH Read More,카이로스
18,CLASSIC THRILLER WORTH TO WATCH I m pretty sure I ve seen the news somewhere about Shin Sung Rok Lee Se Young and Ahn Bo Hyun as casts in a new drama but I ve never really pay attention to it never was I interested in watching this drama Hear me out the writer the casts main and supporting the plot the storyline the everything there's no slip at all and they say nothing is perfect but I think Kairos is perfect at least a perfection Because the tight plot fast plot and to the point of the story is on point for the genre I guarantee that every episode will always make you tense goosebumps and want to know what really happened The last few episodes have an incredible plot twist not unexpected It's a classic drama in its style thriller and suspense Read More,카이로스
19,Don't sleep on this For time travel fans Kairos is just what is needed to cleanse the palette after Alice's disappointing run last season It's a mystery thriller with heartwarming relationships and a story that's not as it seems at first glance The story takes place in timelines days apart from one another In the future we follow Kim Seo Jin a well off director of Taejung Construction whose daughter is kidnapped and who feels like the world is falling to pieces around him In the past Han Ae Ri is a woman working part time jobs to save up money for her mother's surgery But when her mother goes missing from the hospital she doesn't know where to turn For just minute every night at pm they are able to interact with one another across time They use this advantage to try to stop the tragedy that's struck their lives and to solve the dilemmas that they both face But this drama wouldn't be a contender for one of the best of the year if that was the only storyline As we go further into the story we realize that everything is intertwined Kairos is masterfully told Everything fits together perfectly everything has a reason and a purpose The writers did an amazing job tying everything together and created a solid plot You don't get that kind of writing much It's not often I walk out of a drama feeling as satisfied as I do now I loved the characters I loved the story and the themes and Shin Sung Rok's brilliant performance reaffirmed his acting skills yet again I can't recommend it enough Nothing is perfect though and I do have a few gripes Without spoilers I can't go into detail But like every other time related story I've ever watched there are logical inconsistencies with the time travel While the plot is solid and well woven there are holes in the sci fi aspect of the show I know most people don't expect time travel dramas to make much sense but for anyone who does there is one aspect of the time travel in this that might get under your skin Spoilers can't say what but you'll know when you see it The second problem I had with the story was the wife Her backstory in particular and some of the plot surrounding her It didn't make much sense and felt entirely out of place whenever it was brought up almost silly Her side story did not fit into the plot at all It felt like I was watching a skit off to the side while waiting for the main actors to come back to the scene and sometimes it was enough to take me out of the story But these things aside Kairos is wonderful The cast is amazing The music while nothing memorable fits into the story perfectly It's a tense suspenseful tale of family and corruption and everything in between and I loved every moment of it Read More,카이로스
20,Time travelling perfection Time travelling motive has a special place in my heart for quite some time And I mean movies tv series or books I don t care if it involves time travel I want to see it I think it says enough that aside of Kairos I ve just watched Signal and I am watching Tunnel right now In span of a month Of course one may say that in Kairos there s no time travel per say nobody s travelling in time but let just include communication between different timelines in the same group here since it s such an interesting idea And between three mentioned dramas I think that so far Kairos is doing the best job There s this Hitchcock s quote that everyone loves to put in situations like that The one that everyone knows and it s almost a cliche to mention But unfortunately it fits perfectly Because Kairos starts with an earthquake not literally and then the stress continuously increases basically till the very end From the first episode even before anything happens the viewer is put in a state of constant pressure We know that something is going to happen and even when it happens we then know that is not over yet I ve watched Kairos simultaneously with Signal which is very similar when it comes to the main plot idea And if you haven t watched Signal and really don t want any spoilers please beware Signal was for me this mythical series praised so many times that I had very high expectations towards it And honestly I was let down very hard since between Kairos and Signal the first one I liked much much more And I think it was mostly because how emotionally attached we get to the characters of Kairos In Signal viewer is distanced from the characters there s not much of a emotional bond there But in Kairos we get pushed into their lives Plot is told from a very subjective perspective which gives us opportunity to see the characters lives as they see it And sometimes it s the reason why we don t get the full picture Like Seo Jin At first we see him as this caring father figure before his daughter is kidnapped Then we see some scenes when he s nothing like that he s scolding his daughter for something she s done by mistake We see that at this point he values the company s and his image more than his daughter well being But then again after some time we see how it really was How he felt remorse that he didn t tell Da Bin that it was not her fault And we get this change of perspective couple of times towards different characters and this makes the series so unpredictable We really don t know who to trust and who s on which side And at one point I ve noticed that nothing in this series is as it seems to be We explore this drama layer after layer showing more hidden lies And we re spiralling in a very repetitive but not boring spiral Things get more and more complicated especially that it started off as a pretty simple revenge story Now it seems that everyone is more or less involved in events that are way above the original plot line I like how we have several side plots revealed but they re clear and don t really collide with main plot but rather merge together in a very neat story It s actually evolution of past events thanks to which the next ones are explained We soon discover that they have a deeper meaning and they re all somehow connected And the characters At first I thought that it would be impossible to manage the same characters in different timelines I was sure that we ll soon get lost in who s when and what s going on But on contrary everything was so well written that sometimes the clock showing the date was not necessary although sometimes very helpful but when the action really sped up The characters are well written and very easy to like even when they re not so nice Even bad guys have a good story to tell and their motivations are pretty clear This is the series that gets you hooked very soon and does t let you go till the very end I think that it was one of better dramas that I ve watched for a long time Read More,카이로스
21,Best Thriller of for me I really admire time travel shows done right and Kairos is definitely one of those The plot is solid and refreshing even within the time travel genre and a brave attempt is made to explain the reason behind the time travel phenomenon and how and why it was the way it was It's very tightly written and the pacing throughout the show is very well done and keeps you on the edge of your seat throughout the episodes I like the direction and the frequent shift between past and future scenes were depicted clearly with warm and cool tones and I was never left questioning which time period I was watching The added date to the bottom of the screen to show the actual timelines was an added bonus that helped determine the passage of time while watching the show The acting was on point with the four leads doing very well I loved Shin Sung Rok and Le Se Young's acting in this and will be looking forward to their next roles The music is okay nothing remarkable but it fits the theme and tone of the drama All in all a very satisfying watch and highly recommended especially for thriller K drama watchers Read More,카이로스
22,A POWERFUL DRAMA WITH POWERFUL EVERYTHING plz dont read this its just me writing down my shitty thoughts abt this drama I finally finished watching this drama and i am sobbing RN The ending was perfection This drama was a rollarcostar with a perfect starting perfect ending and amazing plot twists and more or less no plot holes I would really recommend this drama to everyone who likes thriller suspense dramas and it has the supernatural time travel element too It has amazing acting amazing plot amazing everythinggg UGH i cant explain it but u should definitely give it a try if you haven't already The plot may got boring and predictable in the middle but i am glad i didnot drop it With the snding it had I am fully Satisfied spoilers ahead I loved the chemistry between the main leads hae ri and lee seo jin and ofc how amazing of a father seojin is to da bin I love their father daughter relationship Thepremise of the show was kinda very difficult to potray and everything could have been ruined very easily if it was not done well But the kind of cool dark bluish color grading in the present and the more saturated colour grading in the one month ago timeline really made a Change in everything in a good way I kinda wanted to know abt lee taek kyu's background But there exists people who just do everything and anything for money in real life So he may just be one of themm others lived a life like yours or lived a worst life but they still did not do the things you did seo jin to his wife yes factsss This is really what it wanted to tell her through out the drama she did have a sad past and all but doesnot mean she can do what she did to everyone how she used everyone and ruined them I knew from the beginning that the chairman of the Yujung constrction was too NiCe and daal me kuch kala he and it was true And ofc i sensed that LSJ and HHR had some connection and it was true too may be a side effect of watching many crime dramas these days lol overall I loved this drama the whole drama kept me in the edge of my seat and the ENDING was everything for me It was refreshing to see a very HAPPY and realistic and satisfactory ending Read More,카이로스
23,WHAT DID I MISS ABOUT THIS I read all the reviews amd can t figure out what I am missing I tried to watch this drama three times er reading reviews gave it a try I found it so boring it was a chore to get through The ML is fabulous in this role He was the only reason I could keep watching The FL is OK but not that interesting The time lapse part I found annoying but it did have a couple of interesting scenes Maybe I am too impatient these days being cooped up at home but I have watched countless other dramas and did not get bored Wonder if anyo else felt like this Was this review helpful to you Yes No,카이로스
24,Very good This was really really good The outstanding acting and outstanding story Time related dramas are really hard to pull off because one really needs to pay attention not to leave any plot holes and make the changes done in the past affect the future in the right and interesting way Well this drama did a very good job with that They didn't avoid this problem by using a different time theory of many timelines They just made every single step change the future and not only that They also did really well connecting the past and the present later I also liked that they are only a month apart from each other It was kind of refreshing in a sense as I was used to dramas with big difference like or more years They also explained quite satisfyingly how the connection happened The only problem with the story is the actions of Han Ae Ri's mother I didn't understand her at all and why exactly she was doing what she was doing That was bothering me the whole drama but as it was overall very satisfying I decided to overlook it while giving it a rating The other part that bothered me was Kim Seo Jin's wife's played by Nam Gyu Ri actions But that can be answered by one's own imagination a little bit so i decided to overlook it too drama was pretty intense and very very interesting it did got a tiny bit draggy in the middle but it came back on tracks pretty soon and flowed into a satisfying ending Though if you are seeking romance here you might not find it as the characters were mostly focused on saving lives Acting Well acting was astonishing here All actors did a great job I'm not a big fan of the female lead who played Han Ae Ri's role but for me this was her best role Shin Seung Rok did amazing job with playing all versions of Kim Seo Jin His wife and secretary were also great as well Ae Ri's friends As I mentioned above i didn't quite understand Ae Ri's mother and Seo Jin's wife but still they played really well I don't remember anything impactful for music so it was fine just enough and not taking the attention away form the drama but helping with the effect of thriller Anyway It was great with couple of small flaws but the good parts were soooo many that those are easily overlooked One of the best dramas of sadly didn't get enough ratings but thankfully some actors did get awards I also love dramas with good messages and this one had many nice ones P S I don't usually rewatch dramas so I put a random number in there Read More,카이로스
25,I was pretty excited to watch this drama cuz I've only heard good things about it since it started airing till now Someone told me that it's as good as dark in terms of handling the time travel thingy and they were right To be honest I don't wanna compare dark to this cuz masterpieces cannot be compared so let's just leave it at that But my god I thoroughly enjoyed this drama so much and it was cleverly written There was not a single moment that bored me and it's honestly hard to find kdramas as long as episodes that doesn't bore me for even a second but here's this one All the characters were so understandbly if that's a word lol smart Usually thriller dramas starts becoming frustrating because of dumb characters but here this was not a case at all Usually mystery dramas either have police as main leads or else the police is corrupt or dumb and leads do all the work Although here the leads do most of the work the police is neither dumb nor corrupt and they do help them fairly The Villians are also interesting and entertaining and I loved how they weren't always labelled as the bad guys and we were explained their situations too Atleast some of them I genuinely started liking the characters and got attached to them so that was a plus point The story is full of plot twists but they are handled in a way so it doesn't butcher the story and characterization and that's what I love most about the drama Even though the plot theme is nothing new and the drama does have some flaws but I think those flaws are very minor and shouldn't decrease my rating but still they exist so I'm giving it a but it's a masterpiece for me for sure and is forever gonna stay in my favourites Read More,카이로스
26,Father's love This is a story of a father's love to his child and as well as the love of a child to her his parent s It's basically a thriller story of kidnapping laced with fantasy setting by adding a time travelling phone which allows two people from different time to talk using a phone that connects them for a minute The difference in time can be seen through the different color of the scene so that's good since it could be confusing since both timeline of before and after kidnapping are the setting of the story It's a good story with an appropriate struggle from both the male lead and female lead It lacks the romance unless you'll count the affair of his wife with his secretary however that is fine since the main genre of the story isn't romance but thriller and family All in all it was an okay story with handsome male lead however the question in my mind remained unanswered till the end How were they able to communicate with the phone Read More,카이로스
27,Another time travel drama with a messed up plot and with an out of context wrong title Let's start with the title Kairos it is read as keros translates in Modern Greek language as weather and in Ancient Greek language as a time period a frame of time It is meant to be used for something longer than one minute Two months three months the Summer the Winter etc By the time that the plot of this series is based on the protagonists' communication that takes place in one minute's time frame it would have been better to be used as a title the word Stigmi which means Moment or Hronos that means Time and not the word Kairos in its ancient meaning It is not considered as Kairos that one minute between and that they are able to communicate Stigmi now comes from the word Stigma which means spot Stigmi is a spot in Time a moment in time a minute for example Hronos is also a very valid word and translates as Time As a Greek language speaker the first thing that I thought when I saw the title was that this is some sort of environmental disaster drama lol Then after watching the first episode I realized that this was an alternative time drama but the title didn't make sense to me either way as one minute is not such a long time to be considered as kairos As I predicted very early on and after watching this drama up until its conclusion the writers messed up completely the time lines as they have done after all in many other time travel alternative time line dramas including Signal Tunnel Sisyphus The Myth etc And that obviously happened because it is almost impossible not to have a paradox when you deal with time travel story plot as any alterations on the past mean alterations on all possible alternative versions of the future which means in its turn that the writers have to keep detailed notes and track of the story plot on multiple time lines Something that as we have realized by now THEY DON'T BOTHER TO DO lol As in many other time travel dramas the writers of Kairos lost completely the plot And I in my turn lost completely my interest when the protagonists started to remember events that they had not actually taken place in the time line that they were actually living in spoilers below How could Seo Jin f e remember that he saw his wife with her lover and his child in the country villa by the time that at this time line he was killed As a living person on an alternative time line it was impossible to have any memory of this event as some sort of deja vu because he himself was canceled in that time line It did make sense that he got some extra altered memories whenever he had already lived an event in the past that was related with the time line he was living in in the present but it was impossible to have any kind of memories in the present if the time line that the past event occurred had been already canceled along with himself lol In other words the living Seo Jin wouldn't been able to remember his own murder Such kind of paradoxes and illogical plot twists were repeated again and again in this drama creating a mess between the time lines and making the characters looking like they were either amnesiacs or like the had some sort of clairvoyance And that because there were scenes that they didn't remember things that they should have remembered while on other scenes happened the exact opposite There were events that they shouldn't know but they ended up knowing for unknown metaphysical reasons The acting was great the production excellent but Kairos is another time travel drama with a messed very messed up plot of me just for the sake of the good acting and production Read More,카이로스
28,underrated drama you should watch Simply one of the best drama in from story to acting to logic in every step of it make the concept of Time Altering really useful and realistic that's really well written drama from start to end it go with interesting follow up it's rare for drama to not be dragged mid way but Kairos have no boring or just dragged in eps can't believe it's so underrated and have no hype it have more than one point of view and showcase more that feeling from not realizing how important some one in your life until you lose them watch we see in the lead change after going through losing his family and through the wife ending the idea of being greedy wanting everything without realizing that you maybe have everything by having people love you but you don't see that the idea of how one minute can be important in our life and change it that our choose in present change our future and they do it in realistic way how they show how one move change the future of every character i loved the ending the best it was not forced sudden romance and look just right the characters was amazing well written and easy to understand i love how smart the leads and i also liked the evil characters story and their end acting let's me say Shin Sung Rok should get award over this drama their are that one scene when he found his daughter wife that deserve award alone on how he showcase so many feeling in just few seconds he was amazing that i feel the present person is different person Ahn Bo Hyun taking in another bad boy character but the feeling of DoKyun is totally different he did so well showcasing a blind man in love who choice her over anything even himself i loved his acting lets bright character you are sad enough Nam Gyu Ri Amazing what an amazing actor without overacting she deliver her character right it's so rare to have evil character that don't scream or glare like crazy her gaze was so good and normal music was okay but i don't really remember it the most important sound was the clock sound for and the change of dates I recommend it to everyone you must try that you won't regret Read More,카이로스
29,amazing the storyline was very great I was hooked since the first episode till the very end It keep my tense up and very thrilling every single episode the drama is kinda dark too giving more thrill There wasn't a time that I feel like it was draggy I was curious and eager to know what happen next and after all of those the revelation of the truth and the way they solved it was so satisfying I found this drama because of seung yoon and se young yet I fell in love with all the casts great acting indeed just make sure you focus and remember what happen at each timeline so you won't get confused love love love Read More,카이로스
30,Now THAT S what I call great screenwriting Wow just wow Since I don t know where to start with explaining how remarkably good this drama was and believe a genuine thorough review will only end as a dissertation I will keep it as short and sweet as possible and ask fellow curious viewers to abandon what you think hope will happen and just watch the show A race against time where a life is always on the line Hidden danger illuminated by a little foresight Will everything come to light Will everyone live Will justice be served Love how the answers is not a simple yes I am warning you now it will be frustrating It will have you shouting WHO WHAT WHEN WHERE HOW WHHHHHHHYYYYY If you come with preconceived notions YOU WILL BE DISAPPOINTED because it probably won t happen the way you think it will The only way to find the truth is to watch it all Now a light review Nam Gyu Ri is AN ACT OR WOW Just every moment she bodied that character with her lil band of sociopathic serial killers I really wish I could get into the cinematography aspect of this drama as well but that would require many many words In short give them all the awards ALL OF EM I m still thinking about the lighting in the cafe scene DAEBAK What I loved most about the series is that it lacked long term predictability What I mean by that is because of the main characters ability to communicate through time and space an action that we would deem significant in an early episode may turn out to be of no importance later on and vice versa Only in the present moment can you accurately predict what s going to happen which I love since I usually spend my time pointing at the screen saying they re the real criminal and at the end of the series lo and behold they are in fact the culprit Only three things to my recollection did I see coming early on and ended the way I expected why these two people who is most likely to die and who the final real villain is Spoiler it s always a shared tragic traumatic childhood experience the loyal lovesick friend family member and the old rich guy Is that really a spoiler or just tired tropes My ONLY beef is Ahn Bo Hyun s storyline Did he really have to act that way til the very end I guuuueeeeeessss Was it necessary Absolutely not Like I get I understand it makes sense that s does not negate the fact I dislike people like his character and it sort of feels like a cop out he really didn t have to be extra like that and some actions had more plot value than it needed to be this is a top kdrama for me Read More,카이로스
31,Time Travel Themed Dramas Take Note From Kairos I enjoyed watching this show and knowing it s a time travel themes drama it wasn t difficult to follow through the events But there were moments it felt draggy but I could tolerate The actors did really well and it was a satisfying ending I really loved it that they didn t force the male and female lead to have a love line This is probably one of the best things that I ve seen so far a love that surrounds family and friends and justice being served It is also refreshing to see to policemen prosecutors and even the judiciary getting their work done and not being trashy and corrupt Best takeaway is to not be afraid of the future but treasure each moment of your present Read More,카이로스
32,So I've now watched four dramas which all had similar features but out of all four The Tunnel Signal Life On Mars and this one The Tunnel and this one is my favorite We all know what the story is about so I won't get into that I will just say I liked the whole cast except the female who played the wife Her face annoyed the heck out of me I remember seeing her on Cruel City and had the same response There was one scene in particular where she cried and it looked like she had so much work done on her face that she looked like one of those vintage porcelain dolls She couldn't even cry right because of how stiff her face looked Plus her eyes were so big that she looked cross eyed at times This series was met with a lot of emotions for me It really hit home about losing fathers I myself lost my father unexpectedly and the way they portrayed the fathers in this and their close relationships with their children had me fighting back some strong tears This series also gets into the dark side of shady construction jobs I liked the way the whole series was evenly paced out There wasn't one episode that didn't disappoint To me this series wasn't all over the place The plot was always consistent I also liked the characters sans the wife I couldn't stand her There are people like this in real life which really have me seething It was hard not to like everybody else though The cinematography at times was a bit shaky but I guess trying to portray realism shots was necessary I don't know why I never care for the music There were times when I was surprised to hear jazz and American music in the background like the remake of Roberta Flack's Street Life As always I always don't expect much from the very last episode in Korean dramas because they miss the mark a lot This one got it right for me Justice was served the right way but in my opinion the last minutes was just too long It got to the point where it should've ended when justice was served but I guess we got a glimpse of what everyone's life was like after making it through extreme life altering situations Last but not least the very last minute of this series led me to believe that there may be a second season Read More,카이로스
33,love this loveee this drama the storyline really drew me in from the very first episode i kept on wanting to know and know what will happen and like its interesting cause even if i put myself in the characters shoes i probably wouldn t even know what to do hahahah the casts are also very gooood i love all of them i dont feel like its slow or anything i feel like the way they put in the conflicts were very smooth i like ittt and since its a heavy drama you reaaally have to focus not to miss anything in this one cause if you do you ll have trouble understanding hahah love how serious this drama is Read More,카이로스
34,best time thriller drama ever Honestly I didn't know I would fall so hard for this drama I tune in because from the synopsis it seems interesting and storyline did not upset me at all I don't know why some of y'all said the camera was shaky and there were too many loopholes I was too focused on how perfect the storyline was that I didn't see any imperfections The fact that this drama deserve as much hype as TKEM which was awfully bad but they only got a small amount of support Anyway such an underrated drama that deserve more hype than dramas that have lots of loophole The character development in this drama was so good and it was my favourite Lee Se Young and Shin Sung Rok did an amazing job Read More,카이로스
35,Well Executed Drama I didn t read up about the drama beforehand but I am glad I went in without any expectations The concept of the drama really intrigued me the calls at PM the fact that they were both month away from each other days The significance of this was explained in the later episodes I think this perfectly wrapped up the question of why this specific time period minute was occurring However I was quite confused between episodes when the past Seojin figured things out regained his memories It felt as though the time period got messed up between future Seojin past Seojin But I chose to ignore that aspect in order to continue the drama This definitely was solved towards the end I am glad the characters did get character development which I believe Ep was the trigger to I am pleased with the characters stories and the plot overall It all connected at the end I m glad they didn t choose to focus too much on more than what they did as this would have confused the plot Hyun Chae the wife her story concluded in the final episode which was good Every villain was punished and you could also say Hyun chae got the poetic justice she deserved She was greedy and her greed led to her being by herself at the end The cast did a wonderful job portraying their characters and the realistic emotions one goes through I do recommend others to give this drama a try Read More,카이로스
36,This is what a perfect thriller looks like I know Signal is very highly rated despite Kairos and Signal having similarities I found Signal to be draggy and not as thrilling as I suppose others found it to be Whereas Kairos had me hooked on for every single minute from the beginning episode and I finished the whole series in a little more than hours Firstly the acting is brilliant the cinematography is also very good The way they have differentiated the past and the future by having past being a bit yellow tinted was brilliant and enabled viewers to never be confused The story was brilliantly executed like every time related story there are a ton of variables and these variables from first moment the timeline changing continues to keep changing over and over with many unexpected twists till the last episode If you love a thriller you will enjoy this series a lot and unlike other series where we don't know the main villain till last episode this series keeps you hooked by wanting to learn how ultimately the main leads will manage to solve everything and deal with the main villain Read More,카이로스
37,i didn't expect it to be this good i first watched because of the genre and i kinda missed shin sungrok but after the third episode i finally realized watching this was the right choice the suspense and emotions got me at the edge of my seat especially when kang hyun chae was with seo do gyun and kim seo jin didn't even know about it She's the true definition of a big ass whore plus seo do gyun is just a jerk who only thinks about his woman all in all i didn't know it would be this engaging although there was little to no romance at all between han ae ri and kim seo jin they had great chemistry and im geon wook being the sad boi at the side poor bby I don't know about rewatchig but i definitely enjoyed watching this one Read More,카이로스
38,Signal x Nine crossover show Kairos is the baby drama when Signal x Nine has a crossover Honestly I'm half tuned out from the show maybe it's the holiday buzz and I realized I'm not in a mood right now for a suspense drama Or I'm just the hopeless romantic that needs a good romance to anchor me to a non romance show like Nine But even through that Kairos is a solid show and they did something different from the usual 'whodunit' drama The suspense does not come from identifying twist after twist of who the baddies are But from how the protagonists go about trying to pass every hurdle and change a tragic happening in the past or the future I like Lee Se Yeong's dual role in Hwayugi and she doesn't disappoint here All actors are commendable but Winner guy Kang Seung Yoon really stood out to me One quibble I have is how calm Shin Sung Rok's character accepted his wife's 'extracurricular' activities Lastly this is the rare drama that stuck to its own rules until the end even if they have to keep the suspense going Read More,카이로스
39,To very briefly summarize for a quick read on whether or not you should watch this drama without spoilers Kairos seemed like something I would enjoy a man who fights to save his daughter and wife through the use of time travel communication Unfortunately as the story progressed the story got more ridiculous There were so many plot conveniences that were just logically dumb the wife's plot and the severe character change in the secretary to briefly name a few without spoiling anything The decisions these characters make just don't make sense even if you look from their emotionally driven perspective PLOT CONVENIENCES UGH Personally don't waste your time with this drama It's really not worth your mental sanity it will leave you frustrated and exasperated A detailed breakdown of why you shouldn't watch this drama to clarify my brief summary above since this drama is getting a lot of attention spoilers below I initially started to realize I didn't like this drama when it was revealed that the wife is mentally unhinged and cheating on our MMC Kim Seo Jin What made this so unpleasant was that the story wasn't written this way initially To the viewer she has no logical reason to cheat on her husband while he is a workaholic he loves his daughter and takes care of his wife They took it further by the wife faking her own suicide AND the faking the kidnapping horrific MURDER of their daughter They then try to justify this horrors by making her this villain with sociopathic tendencies which was unsettling and not the type of drama I sought out to watch Predictable of course the wife is a cheating bitch of course the daughter is alive rolls eyes Then there's the secretary that they did a similar character change He was a bit fishy in the beginning and his ploy was predictable but his severe character change to this heartless villain that adjusts his glasses all deviously and has a cold tone of voice just makes no sense from the type of character he was prior to his ploy reveal the change is too drastic it feels unnatural Then I just couldn't wrap my head around the disabled father who lost his own daughter in an accident His goal was to get revenge on Kim Seo Jin because he had been convinced that KSJ is responsible for his daughter's death Okay sure I can see how that happened But then he turns around and uses KSJ's daughter convincing KSJ that he's kidnapped and murdered the little girl What type of father who he himself is grieving the loss of his child could bring himself to commit such atrocities And while some people might be able to justify it saying he wanted KSJ to feel what he felt I just can't stomach it Predictable of COURSE the disabled father was going to be killed when it appeared like he was going to reveal the plot Then there's the male friend to Han Ae Ri who stole her entire life's savings meant to pay for her mother's heart transplant surgery She MURDERED him for what he did in the original timeline While I understand her not killing him in the new timeline which I can imagine was really hard considering the situation how can they just be friends again She was guarded at first but now it seems like they trust and depend on each other and it just doesn't add up to me If that was me I wouldn't be able to shakes head The phone calls between KSJ and HAR were just ineffective I know that they only had a minute but it seems like they didn't realize that rolls eyes Logically it would make more sense to send a bunch of text messages to be delivered in that one minute so they have EVERYTHING they need for the day rather than these constantly interrupted phone calls Also I know this doesn't matter in the grand scheme of things but it was so distracting who decided on the awful hair cut style for LSY's character It looks so unflattering in everything else I have seen her in her hair is so beautiful and SHE is so beautiful just WHY And could the writers stop making HAR cry about things that haven't technically happened yet KSJ is telling her what to do to PREVENT these terrible things from happening so stop freaking out before anything has happened Be relieved and motivated that there's something you can do to stop this UGH To summarize Why add all of the amazingly acted choreographed and portrayed theatrics of agony in the first episodes if it was going to be changed to a revenge plot The first two episodes made Kairos appear like a drama about a man who loses his entire family first his daughter which breaks him and his wife then his wife He becomes so driven to save them once he realizes he might be able to change what happened through the help of HAR But then the plot devolved from a drama about a man saving his family to a convoluted revenge plot with over the top unrealistic villains based on how they were written and portrayed in the beginning Would it have been so bad if this drama was unique from other dramas of similar genre where the wife was dedicated and loved her husband and they had a normal relationship To create shock value this drama loses substance through the use of these plot twists I just couldn't watch anymore of this nonsense Too many things that were incorporated in the plot to accommodate the progression of plot that I just couldn't tolerate anymore In conclusion I was expecting a really different plot from what was delivered and this along with the mentioned flaws is why I am dropping it Read More,카이로스
40,WORTH THE TIME I TELL YOU When I first started it i had no expectations whatsoever and as the storyline was quite interesting I really had to give it a try The first quarter was ofcourse boring as it was for add on to the story but suddenly things got so interesting when the girl was kidnapped My jaw dropped at the acting the emotions and everything I really hope it doesn't disappoint me in the future and keeps my interest high on the mode The actors knew how to act with their eyes especially the male lead Dang bro never saw someone act so good and present emotions this well So far it's getting better and better so I really hope to see how it goes on and how things work out between the main leads and if they will be able to save em all Read More,카이로스
41,Started off well and more importantly a satisfying ending I liked the beginning of this but it fizzled out towards the end The ending episode though was greatly satisfying It s so easy to find loopholes in time warp dramas but this is probably one of the best time warp dramas made in terms of how well thought out it is The timing of everything and the logic behind them all made sense Finally a drama where you don t have to leave your common sense at the front door However I found myself not caring as much towards the later episodes due r to the fact it just wasn t as exciting anymore I really loved the part of the story with Hyun Chae and the whole secret affair fiasco It was exciting and well made That for me was the peak of the drama up until the part when Seo Jin ultimately found out about them Those episodes were very exciting and truly unpredictable The part where the rapid changes in the future kept happening are one of my most favourites too The highlight for me was how satisfying they would all just fade into nothing and how great the police detective was Truly a kind person It was so nice how he managed to convey so much kindness and warmth through his actions By the end I just appreciated how excellent the actors were in their roles These are some seasoned actors and it really made for a fantastic watch So even though I enjoyed the kidnapping affair side of the story the whole company who done it chase and reveal felt dragged out Especially when it became the central part of the story I felt like there would have been more to flesh out if they had kept with the wife plot for longer Got to say how impressive Nam Gyu Ri was in here too The character was horrible and cannot truly be redeemed but her portrayal of every emotion was so convincing She was really great being spiteful a loving mother a deranged psychopathic person and manipulator plus a woman in agony I love love the first time DeoKyun died and she found their photos at the apartment that was such a heartbreaking scene that even if you know what led to that part her portrayal was so great it would affect you regardless Plus Geon Wook is just the sweetest And despite being annoying the actor behind Chairman Yul is so good that whole scene when the evidence of the crime was being revealed his expression the whole time was just spot on a good watch Read More,카이로스
42,Signal met God's Gift Days vibes It's was so good to have Shin Sung Rok back on screen I remember falling hard for him as Gi Tae Ung in Vagabond It's also lovely to see Lee Se Young again I've enjoyed everything she's put out so far and look forward to seeing what she brings to this time crossing drama and of course Nam Gyu Ri I fell in love with her in Heartless City as well I have to say I already like the setup directing and actors so far The story gives me vibes of Signal meshed into God's Gift Days I enjoyed both dramas Signal most of all so this had me quite excited Kairos is masterful in the build up of its storyline the characters and the suspense within it The correlation and unison between the past and the present in Ae Ri and Seo Jin respectively as events unfold is beyond stellar It makes one believe and feel his hopelessness and her apprehension the darkness engulfing him and the lightness in hers truly brilliant scriptwriting directing and editing and of course acting just top notch And Shin Sung Rok is beyond astounding in how he beautifully portrays his role as the frantic Kim Seo Jin expressing desperateness anger regret and hope all at the same time Add to that Lee Se Young is phenomenal in her role as Ae Ri Without exception all the actors are great at their respective roles I especially appreciate how clear and precise the transition between present and past Easily this is one of the best of Never judge a book by its cover I've heard that said a million times and it's so true A drama's rating is in no way a reflection of its mastery And this one perfected if not excelled at its storytelling and a time crossing one at that Saying Shin Sung Rok Seo Jin was just good as both his past and present self in his role as Kim Seo Jin is to minimize how exceptional his performance was in this drama His ability to convey the anguish pain grief and joy in all timelines places him with the best actors if not in the forefront The saying no man is an island is so befitting of the Kairos cast because regardless of how good Shin Sung Rok is he wouldn't have excelled without the stellar cast leading and supporting him in this fine work of fiction among the best I've seen Kudos to Lee Se Young Han Ae Ri Ah Bo Hyun Seo Do Gyun Nam Gyu Ri Kang Hyun Chae Kang Seung Yoon Im Geon Wook Jo Dong In Lee Taek Kyu Hwang Jung Min Kwak Song Ja AR's mom Shin Goo the Chairman and the rest of the action and production team each for their role in keeping us engaged intrigued and invested outstanding performances all around Nothing about this drama was done halfheartedly or compromised to compensate one timeline over the other On the contrary the scriptwriting and storytelling remained intelligent and straightforward to the end Adding to its greatness was the precise and impeccable directing and editing all the kdrama star gods must have aligned perfectly to make this one of the best right there with Stranger Signal and Money Flower My favorite moments of the drama were the times' Ae Ri and Seo Jin of both past and present entrusted their lives to each other The level of belief they developed from those one minute phone calls but more so how the writer and director depicted those moments will stay with me for a long time to come Their interactions reminded me of Cindy Lauper's song time after time if you're lost you can look and you'll find me time after time If you fall I will catch you I will be waiting Time after time Kairos has proven time and time again why it deserves to be one of the best of I love a drama with a message and my takeaway from this amazingly done drama is that no evil deed will go unpunished any evil act done by man to man will be righted if not by man then by time not now then certainly later As said before you will lose what you value so treasure it while you can I love the simple ending This is one drama I highly recommend you will not be disappointed Read More,카이로스
43,Exciting new take to the concept of time So I ve only watched episodes of this drama so far and my oh my is it good I have high hopes for the ending but a part of me just feels like something bad is going to happen So far the concept of the drama time travel or the butterfly effect is really up to standard If you re looking for a drama that incorporates mystery thriller and sci fi aspects to it I suggest you watch this will review again after I finish it Casting Soundtrack average nothing to rave about Cinematography amazing Atmosphere setting high hopes Read More,카이로스
44,This show is really excellent and I would highly recommend it to anyone who liked Signal The Call Tunnel or any crime thriller fan The story is strong and well done though not completely unique The cinematography sound track are Captivating By the end I just appreciated how excellent the actors were in their roles and it really made for a fantastic watch,카이로스
45,ONE OF THE BEST TIME TRAVEL THRILLER EVER The storyline and plot is PERFECT for a time travel concept The main characters are actually SMART and they actually come up with realistic good plans to try and solve the mystery The antagonist are all so intelligent that they use MANIPULATION rather than brute force to get what they want SIGNAL WORLD OF THE MARRIED KAIROS The present and the past are easily distinguished and they put DATE LABELS ON EVERY TRANSITION that makes it easier for the viewers to differenciate It has ALMOST PLOT HOLES and every change in the past perfectly resembles the change in the future flawlessly The story IS NOT DRAGGY and every episode ends on a cliff hanger making you want more Recommended to VETERAN KDRAMA VIEWERS who can appreciate MYSTERY THRILLERS with NO ROMANCE Final Score,카이로스
46,mindblowing well written and perfectly executed Why is this drama so underated,카이로스
47,Kairos A very well written drama with good execution together with its assemble cast The plot is simple but whatever twist and turn this drama has is unexplainable by words tbh One of great treasure from dramas lineup,카이로스
48,I like the flow of the story and the twists The lead characters portrayed their characters so well,카이로스
49,again some drams does not need the whole episodes to explain the plot like this one at some point was just so repetitive I just couldn't take it anymore if it was episodes would be so much better and not so exhausting,카이로스
50,Gives me doctor who kind of vibes but without the aliens,카이로스
51,amazing fantastic show stopping never been done before or whatever lady gaga said,카이로스
52,Ngapa underrated sih Btw seungyoonieeeee,카이로스
53,Starts on an interesting note but then halfway through starts getting dislikable There are some predictable plot twists throughout Not much charm to the characters either unlike some other timeline related dramas I saw recently Overall it's fine but not great,카이로스
54,Surprisingly there are shows this year with the people from time periods communicating via cell phone The Call and Kairos It is a different and sometimes difficult premise to accept The viewer needs to get into the rhythm of this show Need to concentrate or it can be confusing Something bad happens then by altering things in the past the present changes There are flashbacks too so the viewer needs to concentrate hard with all the different scenarios It is hard to keep track of who knows what and when The kidnap draws one in to the show Be prepared for frustrating moments every episode Many times feel like slapping Han Ae Ri's mother when she doesn't tell what is going on and Ae Ri when she wails But it is interesting to see how things change when there is alteration to the past The cast is watchable so they keep the one interested Shin Sung Rok acts well and tormented when necessary Nam Gyu Ri is pretty and it is a good role for her to show different facets Ahn Bo Hyun of Itaewon Class acts quite differently here With less jumping around in time it could have been much better less complicated and easier to follow The story is simple but it's told in an unnecessarily complicated manner,카이로스
55,I've watched the first episodes and I am totally addicted If it continues on this good it has the makings of being one of the best K Dramas I've seen Good cast well acted and an interesting storyline Update Just watched episode and am still addicted twists and turns galore,카이로스
56,I just finished watching the masterpiece called Flower of Evil This tops that in terms of nail biting edge of the seat thrilling moments,카이로스
57,This show wasn't without its flaws but it was entertaining enough for me to overlook them The actors were all incredibly talented and the numerous twists and turns and revelation of each character's motives in the show kept me on the edge of my seat The technical aspects of this show such as the editing and soundtrack were also superb I especially loved the transitions between the two timelines And I would say that I'm really satisfied with the ending because everyone got what they deserved be it good or bad And the pacing was good too because there wasn't a dull moment in this show for me even though there were parts that left me kind of frustrated For example the characters didn't think to upload the files online somewhere like hello Why put yourselves through all that trouble when it could be solved so easily especially when the two timelines were set in the st century a month apart,카이로스
58,I watched episodes so far and the plot just gets better and better It exiting since the first episode Try it for yourself Watch the st episode and you will see Pros The actors are spot on The cinematography is very good The souds and music are just perfect The story is the best I have watched and evolves witch each episode eps outso far character and character evolvement is astonishing it just goes on and onCons sometimes the camera wobbles to muchas the story plot is evolving you have to watch attentively not realy a con it is ongoing and the suspense can kill youhigh bood pressure you have been warned HIGHLY UNDERATED,카이로스
59,Definitely worth the watch for fans of thrillers Exceptionally well written and gripping from start to finish Acting is superb both main and support Only con for some at least is that timeline jumping occurs fairly often per episode so you need to pay close attention,카이로스
60,It's a fantastic Korean drama I like the plot There are many secrets that are gradually revealed as the episodes progress Somehow the mastermind is too soon to reveal himself It ended with a happy ending that piqued the audience's interest,카이로스
61,Y'all be making me dream about a tv series Please change it back to two episodes a week please its one of the rear good ones thats a hit from the very start,카이로스
62,Nice drama i watch it from st episode until the finale The drama was interesting and more excitement and unpredictable to the cast thumbs up,카이로스
63,Extremely captivating and creative storyline with lots of twist Watch appreciate the writer's creativity,카이로스
64,Well it could have been a good series for me but unfortunately it isn't I really couldn't feel any sympathy for the family and didn't care about them Here we have a rich couple who love their daughter but are too busy achieving their own goal to take care of her The husband is completely assisted and have a habit of having other people do things for him even caring for her child And the worst is that they can't even hire a proper professional babysitter to watch the kid also you bring your kid to a concerto you want her to behave or basically do nothing at all and can't even tolerate her by your side Well you got what you desserved And then it kept going but the acting and filming was a bit overdramatic and too focalised on the couple Whereas the hardworking daughter story was more interesting and moving I stopped watcing after episode completely lost interest,카이로스
65,First of PLEASE put this on Netflix mbc don't let this drama end like this it's Sooo good It deserves a daesang the writer actors actresses directors plot storyline everything is so good I never imagined I'll see a Korean series this close to perfection,카이로스
66,The cast is superb on so many levels in both character and plot development It's a very complicated time slip story that for the most part is riveting but at times the shifts and outcomes aren't quite thorough leaving some plot holes especially in the closest of the relationships But still strongly recommended for the outstanding cast and excellent time shift concept as detective story I enjoyed this series,카이로스
67,I wasn't sure about this drama but with so many twist and turns I couldn't stop watching it,카이로스
68,Kairos was an incredible show from start to finish The plot twists and details were impeccably thought through and the acting was top notch from the whole cast The cinematography was perfectly done to help aid the viewer distinguish between the present and future story lines The soundtrack was somber and chilling at times and helped to create the dark mood of the show The first half of the show was definitely a bit better than the second half but I still was hooked to every episode The last few episodes were a tad muddled and I was a bit confused as to the main villain's motive hence the knock of one star Otherwise it was a perfect show,카이로스
69,Best Kdrama in My favourite series All characters and acting skills are so good And storyline is very interesting,카이로스
70,This drama has a phenomenal combination of an amazing script directing and stellar casts from the lead to the supporting roles I have come to learn that the script writer developed this drama for three years and I could see that the writer pays attention to the smallest detail of the story especially the changes of events after a disruption done by the characters I believe that such meticulousness is hard to achieve knowing the nature of time travel sci fi drama Yet the story is crafted perfectly as it stays true to the plot and there is no unnecessary filler Both director and casts are also what made the drama into the masterpiece that it is The casts from the main lead to the supporting characters portray their character in such depth that it does not let the viewers wonder on their action and display of emotion,카이로스
71,Interesting in first half annoying in second half,카이로스
72,Frustrating and confusing,카이로스
73,Best thriller ever,카이로스
74,Best Thriller Kdrama I watched so far,카이로스
75,Strong from start to finish,카이로스
76,why just an episode a week,카이로스
77,Captivating,카이로스
78,Meh lack of empathy,카이로스
79,On the edge of your seat drama,카이로스
80,Brilliant and Gripping Thriller,카이로스
81,Good Cast and Interesting Storyline,카이로스
82,Well written well executed Korean Drama,카이로스
