,title,reviews
0,백일의낭군님,who is the best idol-actor and why is it kyungsoo
1,백일의낭군님,i know it sounds really pretentious when ppl watch a drama for some dude in it and yeah i do think the same way—i am pretentious. i am WILLING to be pretentious to watch anything with do kyungsoo in it
2,백일의낭군님,"Won deuk-ah!
Won deuk-ah!
Won deuk-ah!"
3,백일의낭군님,"korean 🇰🇷
honestly don't remember much about what this is about but i just remember do kyungsoo is really good and do kyungsoo is the star of the drama and do kyungsoo gave charm to the whole drama and do kyungsoo best idol actor"
4,백일의낭군님,"NO STRAIGHT PERSON SAYS
 “Once you became the crown prince, I would not be able to see you anymore. So I dreamed of being your bodyguard to be by your side”
all these mfs gay!! good for them! good for them!"
5,백일의낭군님,yes i watched it for do kyungsoo yes i would watch it again for do kyungsoo yes do kyungsoo is coming for your fav actors
6,백일의낭군님,"When D.O. Wins his Emmy, Oscar, SAG, Golden Globe, Grammy, Tony , BAFTA, Pulitzer Prize, Grand Prize awards all in the same year. He’s coming, get ready. I stay ready so I don’t have to get ready."
7,백일의낭군님,i believe in do kyungsoo supremacy.
8,백일의낭군님,mooyoen can ruin me 🤷🏻‍♀️
9,백일의낭군님,do kyungsoo? best actor in the world yup.
10,백일의낭군님,"Hmm? Is that that DO guy from EXO? This looks pretty good i think I'll-
*Watches the whole series in a day*"
11,백일의낭군님,"How can you be a great leader, when you only listen to those who are powerful and ignore the weak.
Romcom dengan latar kerajaan 100 Days My Prince bercerita tentang seorang putra mahkota amnesia yang menjalani kehidupan diluar kerajaan karena alasan yang telah ditetapkan.
Ceritanya klise, alurnya juga lamban, konflik yang disajikan tidak mengejutkan tapi romansanya manis. Chemistry para cast cukup oke, D.O dan Han So-hee tampil meyakinkan apalagi para pemain muda."
12,백일의낭군님,"this was a bit slow sometimes but pretty cute. a fun and worthwhile saeguk watch overall. i appreciate that it introduced me to d.o., nam ji hyun, and kim seon ho. :)"
13,백일의낭군님,Not sure why I love it so much I just do. Best drama
14,백일의낭군님,my tia was watching it when i came over for breakfast so i only watched episode 14 but i learned so much bc my tia was explaining everything to me :] so i basically know the whole plot now 😮‍💨
15,백일의낭군님,"kyungsoo as a prince is really the best thing that ever happened. i hope he gets cast in another historical drama again, please.."
16,백일의낭군님,Ternyata ga begitu seru ya hihihi
17,백일의낭군님,"OKAAAY whole show was about the first vice premier being the worst and they just give him the most anticlimactic death ever lol personally i think this would have been better if there was less of Him and more of kyungsoo in the village with the others. wish the ending showed him and hongsim in the palace living happily 💔
but still really enjoyed it because of kyungsoo!!! his chemistry with nam ji hyun is just... chef's kiss"
18,백일의낭군님,"sweet. cute. deeply unsatisfactory ending, as always. would it hurt to give a proper, nice, happy ending to seonho?"
19,백일의낭군님,"쪼꼬만 커플이 귀여웠다.
끝."
20,백일의낭군님,Uuugggggghhhhh.. when is a prince gonna lose their memory and marry meeeee.. specifically kyungsoo. 😔
21,백일의낭군님,i need to go kill myself i’m so serious rn
22,백일의낭군님,okay but why was the second couple sooo much more compelling to me??? miss han so hee your hand in marriage??
23,백일의낭군님,"eps 12-16
the ending was really cute are you kidding meeee although i wanted something grander than that idk like i wanted to see them get married again? 💔 anyway it was such a fun experience i enjoyed watching kyungsoo act aaah he did so well ;;"
24,백일의낭군님,i came for D.O and came for D.O.
25,백일의낭군님,Came for D.O. stayed for the 1000 plotlines
26,백일의낭군님,best historical drama fr perfect loved to watch it its soooooo good and i loved kim jae-young's character a lot and kyungsoo is the best idol actor
27,백일의낭군님,Love you to death Do Kyungsoo.
28,백일의낭군님,DNF'd with only 2 episodes to go. sorry ksoo i am not your strongest soldier
29,백일의낭군님,"sometimes too slow in pace but this kdrama is sure a mix of moonlight drawn by clouds and moon embracing the sun. Objectively, kyungsoo acted both stern and comedic very well and nam jihyun stays in her best genre. (3.5/5)"
30,백일의낭군님,won deuk ngakak
31,백일의낭군님,Cute if ur into watching kyungsoo. Didn’t really find ANY character likeable. Only watched it bc my brother wanted to
32,백일의낭군님,Started watching it for kyungsoo stayed for the cute romance. Skipped the second leads plot. Overall a nice watch.
33,백일의낭군님,"its a legit problem that any time kim seon ho comes on screen i instantly switch sides, even when the main couple is literally perfect and adorable and goals"
34,백일의낭군님,sohee ate
35,백일의낭군님,"My 2nd Asian drama ever and I was not a fan it was all over the place. The acting was 🙈 the story poorly written and the chemistry not there.
Do not recommend 😟👎"
36,백일의낭군님,"so so funny, and omg, i didnt expect it to be so good TT. KYUNGSOOOOO ily"
37,백일의낭군님,ahhh this was cute
38,백일의낭군님,Oho!
39,백일의낭군님,"My first Korean Drama. Dulu yang paling bikin tertarik nonton drama ini hanya karena D.O jadi pemeran utama tapi sayang couple utama justru ga memberikan kesan yang bagus.
Ada satu scene yang paling berkesan di ingatanku sampai sekarang saat Moo Yeon sekarat setelah terbunuh dan menyampaikan pesan terakhir kepada sang ratu. Pesan yang kutangkap tentang makna filosofis bunga dandelion. Kira-kira begini isi pesannya :
Aku pernah bilang tidak akan terlahir sebagai makhluk apapun. Itu bohong. Aku akan mencarimu. Entah terlahir sebagai bunga atau pohon di kehidupan berikutnya, aku akan menjadi angin dan mendatangimu.
Dahulu, pernah turun hujan dalam waktu lama. Seluruh daratan banjir, bahkan dandelion hampir tenggelam. Dandelion kecil berharap kepada langit agar dia diselamatkan. Tapi mendadak angin bertiup. Benih dandelion terbang dan mendarat di bukit yang cerah. Beberapa saat kemudian, mereka tumbuh dan mekar. Jika mengikuti angin, kita bisa mekar di tempat lain.
Filosofi bunga dandelion menjadi salah satu filosofi yang paling kukagumi sampai saat ini diantara filosofi lainnya."
40,백일의낭군님,It was funny and entertaining. Good acting.
41,백일의낭군님,"INIMAH BAGUS BANGET, KYUNGSOO AKTINGNYA BIKIN KAGUM GILAK AURANYA JUGA MENARIK"
42,백일의낭군님,80% of the guys are gay cant change my mind
43,백일의낭군님,não gostei fml...
44,백일의낭군님,I only watched til the end because of D.O. The plot and female lead cast wasn’t impressive.
45,백일의낭군님,i don't like historical stuff but this one is the only exception
46,백일의낭군님,*mitski voice* me and my husband (do kyungsoo) we are doing betterrrrr
47,백일의낭군님,"historical dramas usually aren’t my thing but this was amazing. comedy and actors AMAZING. kyungsoo and han so hee in a drama together? sign me up.
anyways the main couple and the second couple were perfect"
48,백일의낭군님,"Kyungsoo entregando tudo, como sempre."
49,백일의낭군님,"The pacing is kinda of slow, and the plot has classic tropes that we often see in kdramas and historical stories. The chemistry between the characters kept me going.
Loving the performance of all casts from the King, Eunuch, Royal Guards to the Ministers. Nam Jihyun made the show alive as she always did. Kyungsoo successfully pulled off both charm and comedic sides. Han Sohee & Kim Jaeyong portrayed the characters really well. And Kim Seonho who always adds his own color to the character. Jo Sungha who never failed to boil my emotion as a villain.
Though I wasn't satisfied with the writing, it was a joyful experience that brought the longing feeling of period dramas."
50,백일의낭군님,i really liked seeing the two main characters fall in love i think it was a really great love story but it was really boring and slow sometimes LOL i had most of drama playing at 1.5 speed
51,백일의낭군님,"only watched Han Sohee's scenes, rooted for her character the whole time. she and mooyeon deserved better!"
52,백일의낭군님,started this a while back w my friend as a joke but in the end i loved it sm 😭 the guy was so cute too and i rlly liked the historical aspect of it 🤸🏻 id def watch again
53,백일의낭군님,"Cute 😌✨ but also frustrating 🤬👹 the cute cinematic flashbacks with the flowers were the best part tbh ⚠️
D.O is especially ✨😌"
54,백일의낭군님,do kyungsoo i am in love with you
55,백일의낭군님,ah kyungsoo... que buen trabajo has hecho bestfren
56,백일의낭군님,"Wonderful story line, love the cast"
57,백일의낭군님,"Started out as a fun romance story, then uninteresting political drama stuff happened."
58,백일의낭군님,"The beginning is slow and the story gets lost several times, especially in the last episodes. That said, the cast is wonderful, the characters captivating and I was eager to move on to the next episode and see what was going to happen. That's how I know a show is good.
My highest praise goes to Doh Kyung-soo, who brought me here. Kyungsoo is the complete artist type and if he's already proved it as a singer, he's also managed to prove it as an actor. I already watch a few movies with him, but this was the first show and I couldn't be more pleased. The way he gives himself to the character conquers the audience in every way possible. After Swing Kids, Room N.07 and 100 Days My Prince, an Oscar/Emmy nomination at some point in his career is inevitable. And no, I'm not exaggerating. He is a complete artist.
I would also like to commend Kim Seon-ho. I expected a little more from his character, especially in the matter of development, but he still managed to deliver a great performance. And yes, he can warm anyone's heart with the affection and precious way that only he has. We're with you, Seon-ho. People make mistakes in desperate situations and forgiveness is a gift, the important thing is to show how you learned from everything.
The way they managed to do comedy with current things, like the reference to Fifty Shades of Gray and even the way several characters talked normally about sexual orientation in the end was also a big surprise. Definitely not what I expected to see in a show set in the past.
It's already one of my favorite K-Dramas."
59,백일의낭군님,"“it’s me, the idiot” suddenly the most romantic sentence in history"
60,백일의낭군님,"되고 싶다. 너의 오라버니가...꽉잡아다오. 내가 덮치기 전에 ㅋㅋㅋㅋㅋㅋㅋㅋ엑소에게ㅜ방탄 가사를 읊게 하다니 ㅋㅋㅋㅋㅋㅋㅋㅋㅋㅋㅋ작가 유머감각 미쳤따 ㅋㅋㅋㅋ상남자전 ㅋㅋㅋㅋ그럴듯해서 더 웃김

믿보 남자현. 소소하게 즐거운 면이 많았던 송주현 귀요미들. 조연진들이 다 탄탄하게 받쳐주어 코메디가 잘살았다. 여기 다 불바다여! 못할것도 없지
여기서 한소희 처음 보고 세상에 저 연기 드럽게 못하는데 드럽게 이쁜 애는 누구지? 너무 이쁘다ㅠㅠㅠ (근데 상대남주가 못생겨서 화난거는 그때나 지금이나) 하며 감탄했던 기억. 뜰수밖에 없는 얼굴이쟈나요."
61,백일의낭군님,Jae-Yoon supremacy!!!
62,백일의낭군님,Such a fun drama. I loved the supporting cast of characters and a decent ending.
63,백일의낭군님,"love LOVE LOVEEEED kyungsoo in this drama omg, he definitely deserved that award he won!!! the plot in overall isn’t as heavy as historical dramas could be imo, pretty light & entertaining humour here and there. Loved the drama 👍🏻"
64,백일의낭군님,"As subjective as it sounds, thanks to Doh Kyungsoo! So, I have an intention to watch saeguk drama! 🤣
Not giving any expectation since it is his first time as a lead male in drama, but as he is named the top idol-actor, so, it is surely not left any disappointing! And Nam Jihyun is doing great obviously!
The plot itself is pretty interesting, a prince who forgot his identity and living as a commoner that could not do much other than studying and reading stuff (which is the thing he used to do in the palace). Pretty enjoyable! 🤣"
65,백일의낭군님,"watched for Kyungsoo, kind of slow at times but it's a great drama, one of the very first ones I watched"
66,백일의낭군님,a historical drama with good kiss scenes i couldn’t ask for anything else
67,백일의낭군님,"☺️☺️☺️
At times I was frustrated by the amount of time spent on all the evil side characters. Like I really just didn’t care about them or their plots. 
But everyone else <3 so cute so charming. And Won-deuk was absolutely hilarious. 
The second half was epic. They really had me every episode."
68,백일의낭군님,"Kdrama: kyungsoo did amazing and the show is quite nice ,but dragged abit"
69,백일의낭군님,"would have given this 5 stars but i was a bit disappointed that the finale wasn’t as strong as all the previous episodes :( i had so much fun tho omg i’m for sure biased since kyungsoo’s in this but i swear this was so good
my only (other) complaint is that it wasn’t that satisfying to see chaeon not get killed by leeyool"
70,백일의낭군님,"I don’t usually like kdramas but this one, this one did it for me"
71,백일의낭군님,Do Kyungsoo.
72,백일의낭군님,kyungsoo and han so hee were everything... <3 need to see them in a new movie or drama together again
73,백일의낭군님,"plotholes, plotholeeeessss! also the amount of times that I wanted to crawl into the screen and just smack himmmm."
74,백일의낭군님,First vice-premier is so good at being bad that it makes everyone else bad at being good
75,백일의낭군님,"fui assistir pelo kyungsoo mas cara- que dorama bom meus amigos, sem defeitos!"
76,백일의낭군님,"Ahh este drama me gustó bastante, no fue de los mejores que vi pero la química de los principales me gustó mucho, aunque estaba en conflicto en elegir entre D. O y Seon ho."
77,백일의낭군님,"the cliches in this (and like every kdrama) are abundant but in this it doesnt make me cringe and wanna stop watching? also the scenes are so pretty in comparison to other dramas
its just so god damn longgggg
but then again thats literally every kdrama as well, why are they so long i don't have the attention span for that"
78,백일의낭군님,"eps 8-12
wasn’t really paying attention to the screen anymore because i had to work but i still knew what was going on because my mom was narrating everything while watching 😭 i am once again asking when will wondeuk’s memories fully come back it’s been ages hello"
79,백일의낭군님,"eps 5-7
when will wondeuk’s memories come back oh my fucking god we’re almost halfway there"
80,백일의낭군님,"eps 1-4
caught my mom playing this on the tv so the exo-l in me of course had to tell her everything she had to know about the cute crown prince on the screen 😌 also nobody told me han sohee and kim seonho were here omfg"
81,백일의낭군님,I would have fist fought that man if he was talking to me crazy with no memories. Goofy ass.
82,백일의낭군님,"this marks as my first official dandaniefication. i was just a Casual Kyungsoo Enjoyer until i watched how he acted with his eyes in this series and went, ""damn... i have decided to be a full-time fan."" i love you, do kyungsoo!!!!!"
83,백일의낭군님,dropped it 🤷‍♀️
84,백일의낭군님,KYUNGSOO SUPREMACYYY
85,백일의낭군님,"The sets used in this show were unlike anything I've seen before from any television and embody a world I would never want to leave.
There are some obvious flaws such as the location of Hong Shim's house being placed secluded from the town for a shot when in multiple scenes we were shown her house belonging in a regular town. Besides the one fatal flaw, there's were a some essentially pointless scenes of the characters in the freshwaters, and I supposed they were heading for Won Deuk to find his friend's corpse and regain his memories, but they ended up taking the more slow and exhausting route to regaining his memories.
The characters feel very contemporary, which I did not mind as it helps to reaffirm that humans will always, approximately be the same. Such as the friend group complaining amongst themselves about the new appointed general, the good-for-nothing son of the power hungry Vice-Premier, it was all relatable and somehow, underemployed in every other historical drama.
I also feel that Hong Shim's character was completely wasted. In the past, she is shown to be this well-educated, physically and mentally strong girl which is a complete disconnect from the childish person we are given in the future. Her martial arts is only mentioned here and there, and you almost forget that she used to be better than the Crown Prince at it.
The actors had no chemistry, but D. O. made it work. Thank goodness.
The 3 is purely for the gorgeous set."
86,백일의낭군님,"Actually, this is the best drama for Kyungsoo and Nam Jihyun. It's slow at first, but at eps 7, the conflict is pretty good. The soundtrack in this drama is really good too. My favourite soundtrack is Chen - Cherry Blossom Love Song, reallyyyyy goooddd and touching your heart! <3
-
This drama is recommended to you if you want to cry T.T "
87,백일의낭군님,no but why was the crown princess and the assassin's love story more compelling
88,백일의낭군님,subtracting half a star for that DISMAL!!!!! season finale
89,백일의낭군님,I loved it
90,백일의낭군님,I started this with absolutely no clue Kyungsoo was in it but when his little sexy bb face popped up I watched this in a day and do not regret
91,백일의낭군님,every second was worth it
