,title,reviews
0,18어게인,I ADMIT CRYING ONCE OR TWICE TO THIS NOT REALLY BECAUSE ITS THE TEARJERKER TYPE BUT I CRIED BCS LEE DO HYUN JUST LOOKS LIKE THAT......... have u guys ever cried bcs a man looks so pretty just like that
1,18어게인,lee dohyun could do 17 again but zac efron could never do 18 again
2,18어게인,watching this was a turning point in my life as it made me fall in love with lee dohyun and now i go about my days like a freak constantly thinking about him
3,18어게인,"lee dohyun is one of the most talented young korean actors working today. his performance in this drama was such a phenomenal. looking forward to see what he does next
must watch!"
4,18어게인,my problem with men is that they will never be like lee do hyun in this drama
5,18어게인,"I'm rooting LEE DOHYUN for Best New Actor at 57th Baeksang Arts Awards!!!
[Update] YEAHHH! HE IS WON!!!✨🙌"
6,18어게인,"sequel Dua Garis Biru tapi Bima yg ke Korea gajadi Dara. Nah, disana Bima buntingin anak orang lagi yaitu Kim Ha Neul."
7,18어게인,"korean 🇰🇷
could be partly due to the fact that this series gets to develop its characters and story over a longer time (16 x 60+min episodes) as compared to the original movie 17 again, but i had such a deep emotional connection with this compared to the movie. for a story that i’m already familiar with, i did not expect to be impacted so strongly from this. so heartwarming and i just love every single character and the little sub stories here and there.
lee dohyun is literally the best boy ever and that scene of him holding the umbrella over his 2 kids while getting rained on himself will always stay in my heart,,, him winning best new actor at the 57th baeksang arts awards is sooo well deserved!!"
8,18어게인,i love a pretty man and a milf
9,18어게인,it took me five days to finish this because of all the times i had to pause just to appreciate the beauty that is lee do hyun
10,18어게인,lee dohyun world domination!
11,18어게인,"To be happy, we decided to love our choices. We are grateful for the person we chose out of love... and the choices we made.
How to be a family, a husband, a wife, a parents, a father, a mother, a children, a friends, a human, and how to live a life to be a better person.
We can get through all of this together. FIGHTING!!!"
12,18어게인,i dont think that i like men that arent lee do hyun
13,18어게인,"Ahhh 18 Again on letterboxd, as it should. It should get hyped just like on twitter. Watch it everyone!!
18 again >>>> 17 again movie version
LEE DOHYUN JUST WON 57TH BAEKSANG ARTS AWARDS AS BEST NEW ACTOR, YES MAN!!!
Plus: Lee Dohyun best boi 💜💜💜💜💜💜"
14,18어게인,"initially watched this for wi hajoon but i didn’t know i signed up for a crying fest… i was literally bawling my eyes out every night for 3-4 days!!! it’s jampacked with lots of life lessons and heartwarming messages, and it also tackles social issues (teenage pregnancy & other social prejudices) that the show wants the audience to reflect on. i hope lee dohyun and wi hajoon are willing to pay for my therapy because this kdrama changed me fr
also special mention to wi hajoon exuding peak boyfriendism in this drama gotta be one of my favorite genres!"
15,18어게인,"As many people have said, the main actor carried this drama. He brought such weight to his performance and it was easy to see his older self in his eyes - not an easy task! I wasn't a fan of some of the subplots, but they never went on more than was slightly annoying. I enjoyed some of the cinematic shots and the OST is excellent (""hello hello hello hellooooo""). I cried my way through the last three episodes, but that's not really a surprise coming from me. There are lots of life lessons here and they're presented beautifully.
When I started watching Korean dramas, I disliked the style of using flashbacks instead of having the audience infer how their past informs character behaviour in the present. After years of watching them, I actually like it now, but it still gets on my nerves when it's used too much. However, in 18 Again, it was a key part of the narrative, and they used it to great effect because of this. It's not just a style convention for convention's sake.
In terms of breaking the formula in other ways, you're unlikely to find massive reformation here, but as most great media does, it does in small steps. The show brings social issues around teenage pregnancy, parenthood, marriage, and nuanced family dynamics to the forefront multiple times. I particularly liked the baseball player who cared for his niece because his brother had died - he eventually realised that he didn't need to replace her father; he could be her uncle and still love her just as much. It was a nuanced take on traditional family values that you don't often see in the media. The divorce game show plot was quite funny, as it is obvious that there is a struggle between the narrative itself (the leads getting remarried at the end) and not wanting to push for sexist gender politics (i.e. forgive your husband for every wrong). I thought that they handled that better than I gave them credit for. There are multiple examples like this that elevate it above the standard series."
16,18어게인,"I love this drama so mumumumuch, I admit I cried a little (A LITTLE) in some scenes"
17,18어게인,hello hello hello hellOOOOOOO
18,18어게인,pls just watch this instead of the original movie
19,18어게인,lee dohyun!!!! choi bomin!!!!
20,18어게인,i watch this for the plot (lee dohyun)
21,18어게인,lee dohyun collecting milfs fr
22,18어게인,I didn't want it to end:( i really loved everything about this drama they made me cry and laugh with them.   It's one of the best kdramas I've watched😢
23,18어게인,lee dohyun outdid zac efron in every way possible
24,18어게인,gave mad predator vibes and going back in time was literally pointless??
25,18어게인,US 17 Again x Dua Garis Biru
26,18어게인,"First, I want to highlight some scenes that have lingered with me for its subtle cinematic quality. One, the cemetery and basketball scene of Dae Young and his father. Second, Dae Young visiting his son’s championship game. Lastly, Dae Young being served braised ribs by his mother-in-law and accompanying her at the bus terminal.
Intuition replaced the need for spoon-fed dialogue for the aforementioned scenes. At some points, it dwelled on the power of silence and relied on the actors’ emotion to do the talking. One notable example was the beautiful transition from the CU of Dae-Young > CU of the braised ribs > Medium Shot of Mother-In-Law > Dae-Young assuring to pay the rent. It was quick and silent yet it tells a lot already of the characters’ relationship.
Right at the first episode, I actually already noticed the cinematic quality due to its cinematography. There was something unique with the shots used. Sometimes it can go for the usual Kdrama shot but there are times, especially in long takes, that I can think of as cinematic. If they have opted out the dramatic musical score for the scenes that I highlighted, I might have cried even more. Sometimes I think of this drama as asian cinema clothed in Kdrama format.
In terms of storytelling, remembrance, through objects, words, or even food, played a huge role. What I liked about the romance aspect is that it wasn’t the trite boy meets girl format. Rather, it was more of rebuilding love by being on a different position, whether as being classmates with your son and daughter or just a friend of your son. Somehow the drama tried to elucidate the complexities of family dynamics. It also makes the audience wonder what if they are friends with their parents in another dimension."
27,18어게인,LEE DOHYUN SUPREMACY!!!!!
28,18어게인,"watched from September 24, 2020-November 11, 2020
i cried. i cried. i cried. i can’t even count how many times i cried throughout the 16-episode run of this korean drama.
this drama is based on the film, 17 Again starring Zac Efron but this is SOOOO much better than the film. UGH. this drama tackled so much from the relationship of Hong Dae Young and Jung Da Jung with the events unfolding towards their divorce to how this affected the children, Hong Shi Woo and Hong Shi Ah to Da Jung and her perseverance to become an anchorwoman and how she never gave up despite the early pregnancy. seeing Dae Young be there for his kids through the presence of Go Woo Young and seeing the positive impact that Woo Young had in their lives not knowing it was their father looking out for them all this time. UGH
i cried at almost every thing in this drama that showed their wonderful family from when the kids were still babies and Dae Young and Da Jung working hard at a young age to raise them both. UGH.
i also like how there’s a lot of lessons that can be gained from this film, from the importance of communication with your partner to understanding one another to learning how much parents sacrifice for their children’s happiness.
on another side note, the acting from the main leads was just amazing omg pls give Lee Do Hyun all the awards NOW!!! he really shined playing Hong Dae Young especially when his older 37 year old self went back to an 18 years old body. i can’t wait to see how Lee Do Hyun’s career takes off!! Kim Ha Neul and Yoon Sang Hyun also shined as older versions of Da Jung and Dae Young. highly recommend!!!
""In life, even if you miss out on happiness. As long as you have that one person who will look for happiness with you, your life will be worth living."""
29,18어게인,"Great remake of the original movie with Zac Efron, and the main actor carries the drama. Some parts I didn't like, but overall it was excellent."
30,18어게인,The reason why I finished this K-drama was because Lee Do-hyun.
31,18어게인,"ดูสักพักแล้ว ชอบ 17 again มาก เลยคาดหวัง แต่พอยิ่งเทียบกันก็เลยยิ่งไม่ชอบอันนี้ ง่ะ พอมันต้องขยายเป็นซีรีส์แล้ว จุดสำคัญของเรื่องตอนเป็นหนัง อะไรมันก็ไร้ความหมายไปหมดในนี้ ฉากไปศาลเรื่องหย่าแล้วอ่านจดหมายว่างเปล่า ที่กินใจ หลังจากที่พระเอกเรียนรู้ ความหมายของความรัก และครอบครัวแล้ว แต่รู้ตัวว่าทำอะไรไม่ได้แล้ว ได้แต่ต้องปล่อยเค้าไป ให้เค้ามีความสุข they’re happy without me ในฐานะพ่อ/สามี แล้ว และเป็นจุดสำคัญให้นางเอกรู้ ว่าพระเอกเป็นใครในตอนท้ายเรื่อง มันโผล่มาช่วงต้นๆ ของซีรีส์นี้แล้วกลายเป็นแค่ซีนๆ นึงที่ไม่มีความหมายอะไรอะ !! ได้ไง!! 
เคมีไม่ได้ ไม่เข้ากัน พระนาง ทั้งรุ่นหนุ่มรุ่นแก่ ตอนดู 17 again มันขำ มันเชื่ออะว่าแซคคือพ่อในร่างหนุ่ม แล้วก็ยังทำให้เชียร์กับคุณแม่ได้ เคมีได้ กลับมาเรียนรู้ relearn คุณค่าของครอบครัวที่เสียไป ได้โอกาสแก้ตัว
แต่อันนี้ จริงๆชอบพระเอกทั้งรุ่นหนุ่ม และแก่ มาจากผลงานเรื่องอื่นอยู่แล้ว แต่อันนี้ไม่ได้เลย เคมีกับนางเอกไม่มี รู้สึกกระอักกระอ่วนมาก อึดอัด ไม่เชียร์ ไรทั้งนั้น แล้วรุ่นแก่ โผล่มาน้อยมากๆ รู้สึกดาย เพราะรู้ว่าเขาเล่นเก่งมาจากเรื่องอื่นๆ แต่โผล่มา จุ๊บกัน ปรากฎกระอักกระอ่วนกว่ารุ่นเด็กอีกอะ งงเลยนะ เหมือนมีฉากด้วยกันน้อย พอโผล่มาจูบกันดูเหมือนคนแปลกหน้าอะ สำหรับการแสดงนะ ฉากจูบข้ามรุ่นตอนหนุ่มคือเยอะมากๆๆๆๆ แล้วจูบกันแบบดุเดือดยาวนาน 2 ซีน (รู้สึกเยอะ เพราะมันกระอักกระอ่วนอะ แล้วไม่ใช่จุ๊บเบาๆ) พอเป็นรุ่นแก่มา จูบหนึ่ง ซีน แบบเบาๆ คนละเรื่อง แบบ เอ๊ะขุ่นพี่เป็นใครนะคะ พอเป็นซีรีส์แล้วบุคลิกมันก็ไม่ค่อยซิงค์กันนะ สองคน ดูคนละคนกันอะ 
และมีแฟลชแบค ชีวิตที่เคยมีความสุขด้วยกันตอนแก่แล้วเยอะมาก จนงงว่าอ่าวไปทะเลาะกันตอนไหน คือพระเอก มันต้องโทษเมียที่ตัวเองมีชีวิตห่วยเพราะพลาดโอกาสเป็นนักกีฬาดาวรุ่งตั้งแต่มัธยมนั้น แล้วก็ take นางเอก และ ครอบครัว for granted มาตลอด ลูกเลิกก็ไม่สนิท แต่ในนี้แต่ละภาพ ทั้งตอนเด็ก ก็ดูรักลูกเมียทั้งที่ชีวิตโครตลำบาก และตอนแก่ก็ดูมีชีวิตที่ดี ความทรงจำแฮปี้ร่วมกันเยอะมาก ดูเป็นพ่อใจดีรักลูก รักเมีย ฉากกางร่มให้ลูกแต่ตัวเองเปียกน่ารักมาก ฉากยิ้มแฮปปี้ตอนแคสผู้ใหญ่ก็เยอะ แค่ไปบ่นด่าตอนเมา ในงานรียูเนียนหนึ่งที ว่าเธอทำชีวิตฉันพัง เลยแตกหัด มันไม่คงที่ไปหน่อย มันควรจะบ่นในงาน และที่ผ่านๆ มาตอนอยู่ด้วยกันก็โดนโทษเรื่องนี้นัยๆ มาตลอดไรงี้ดิ นี่ดูมีความสุขอยู่แล้ว แค่นี้โบรคเลยหรอ
และขอโทษนะ ดันใส่พระรองมาน่ารักมาก!!!! นักเบสบอล แบบปังปุริเย่ โตกว่าพระเอก แต่เด็กกว่านางเอกเยอะอยู่อะ ยิ้มสวยมาก หลงรอยยิ้ม (ดูก่อน squid game อีก คุณตำรวจ)  และเคมีพระรองกับนางเอก ดีกว่า แค่เลือกพระรองนางเอกก็ดูกินเด็กอยู่แล้ว แต่ก็เชียร์อะ มันได้ มันมีความละมุน อยากให้นางเอกเลือกพระรองแบบไม่ไหว เคมีนางเอกกับพระเอกทั้งสองรุ่นคือไปพักก่อน 
เพิ่มเรื่องพ่อพระเอกมา ตบกระจาย ทำร้ายร่างกาย ระหองระแหงกัน แต่ฉากพ่อรักลูกทำมือไม้สัญลักษณ์ให้กันในสนามบาส คือ แปก มาก เหมือนมันต้องทำให้นางเอกไหมในหนังอะ 555 แล้วคือพ่อไม่งงเลยหรอ ทำไมลูกกูกลายเป็นหนุ่มวะ หรือไง ใช่แน่หรอ เป็นไปได้หรอ หน่านิ๊ ไรงี้ อันนี้เหมือนแค่สัมผัสได้ แต่มันไม่ได้ใส่ซีนให้คอนวิ้นพ่อได้มามากพอ พอมาซึ้งกันในสนามห่างๆ และงง จะแก้ตัวด้วยสัญชาติญาณความเป็นพ่อแม่หรอ มันเล่นได้ถ้าใส่ซีนปูหลักฐาน เอ๊ะๆๆ นั่นลูกชั้นป่าวนะเหมือนเลยมาพอ แต่นี่มันแบบ หือ ไปหน่อย จะซึ้งอย่างที่เขาอยากให้รู้สึก ก็แบบ เอ๊ะ เพราะนี้มันเรื่องเหนือธรรมชาติ ต่อให้รู้สึกว่าเหมือนคนๆนี้มากๆ เราก็น่าจะคิดว่าเป็นคนละคนอยู่ดี เว้นแต่จะเป้งโป้งๆ แบบในหนัง เธออ่านจดหมายจากสามีฉันจากใจ จากกระดาษเปล่าหรอ เอ๊ะฉันไปดูเธอในสนามแล้วเธอทำมือชู้ตใจให้ฉัน แบบผัวฉันตอนหนุ่มหรอ กี๊ด *ขอย้ำว่ามันคือซีนกับนางเอก เป็นแบบตัวเฉลยที่ดี ในนี้เอากระดาษมาตอนต้นไม่ใช่ซีนรีวิว ให้ทำมือกับพ่อแทน แล้วตอนจบนางเอกก็ไม่ได้มารู้ในสนามจ้า แง่ะ 
รุ่นลูกเด่นกว่า โบมีเอย ลูกชาย ลูกสาว เอย หนุ่มแบ้ดบอยแต่มาชอบ ลูกสาวพระเอก เออแก๊งค์นี้ดูดี เรื่องนี้ดูเป็นรักวัยรุ่นได้แทน พระเอกเล่นข้ามรุ่นไม่คืออะ ไม่เหมือนเป็นพ่อ ขำๆเฉยๆ ที่มาทำตัวเหมือนพ่อใส่ลูกสาว พระเอกตอนอยู่กับแก๊งค์ลูกๆ ดูเข้ากันมากกว่า ดูรุ่นเดียวกัน 

กับเรื่องนางเอกพิสูจน์ตัวในสายงานที่ใฝ่ฝัน ที่ใส่มาก็ดูดี แถมคนที่คอยช่วย และให้กำลังใจกันและกันตอนท้อ ตอนเป็นนางเอกกับพระรองมันดูดีอะ ดีกว่าเส้นเรื่องรักหลักพระนางไม่ผ่าน

 (ซีนกินเหล้าปลอบที่บันไดดาดฟ้าที่นางเอกชอบไป หวานกับรุ่นเด็ก ก็ยังมีแฟลชแบค ตอนแคสผู้ใหญ่หวานกัน ปลอบกันแบบนี้มาก่อน ก็งงนะ ว่าชีวิตมันไปไม่ดีตอนไหนบ้างอะ เพิ่งมาโกดเมีย โทษเมียตอนลูกขึ้นมัธยมหรอ เพิ่งคิดว่าชีวิตตัวเองห่วยตอนโดนไล่ออกจากซ่อมเครื่องซักผ้า ตอนไปงานรียูเนียนเพื่อนเก่าหรอ แต่ก่อนชีวิตมันลำบากกว่านี้ไหม ทำไมเพิ่งมาโทษ มาไม่รักลูก รักเมีย ตอนนี้อะงง แล้วถ้าแค่ผัวเมาในงานหนึ่งทีแล้วพูดงี้ ตอนหลังก็เคลียกันแล้วให้อภัยได้ไหม เลิกกันทำไม ซีนดีๆ ด้วยกันเยอะไป จนมันไม่สมเหตุสมผล) 
สรุป บทรีเมคของเส้นเรื่องหลักไม่ค่อยโอเค ไม่น่าเชื่อถือ แล้วเคมีพระนางดันไม่ได้ ทั้งสองรุ่น แต่ดีเทลตัวละครเพิ่มอื่นๆ พระรอง แคสหนุ่มแบ้ดบอยรุ่นลูก เส้นเรื่องรอง ประเด็นรอง อื่นๆ พิสูจน์ตัวเองในที่ทำงาน ไม่ยอมแพ้ต่ออุปสรรค ฯลฯ ที่ใส่เสริมเข้ามา ไม่มีในออริจินอลบางอย่าง ดันทำได้ดีกว่าเส้นเรื่องหลักของเรื่อง 
เอาล่ะจบข่าว จบการบ่นแต่เพียงเท่านี้"
32,18어게인,"MFFFF the lee dohyun brainrot hit me like a TRUCK what has this fucker got me watching... 😭 this was lowkey all over the place but it was more family-oriented than i thought 🥺. she was sweet, she was easy for my brain to digest, and she got me crying a few times. this is lowkey the start of lee dohyun noona romance era Grrr but i really liked the mc in this drama the true girlboss... also i know the characters are exaggerated for a reason but damn do they know how to make me mad almost threw my phone at my tv screen few times"
33,18어게인,"i like the message it gives , it was good but just WEIRD LIKE THE DAD KEPT FOLLOWING THE MUM BUT IN A KIDS BODY so it was just so iffy ( i literally watched this only bc of hwang in yeop HAHA )"
34,18어게인,"There are too many things like this
I dont know which one i watched anymore"
35,18어게인,", lee do-hyeon is the best man alive, i love lee do- hyeon, where can i find a lee do- hyeon, why is lee do- hyeon perfect, where is lee do-hyeon oscar , lee do-hyeon domination , lee do-hyeon talented, lee do-hyeon is the standard"
36,18어게인,"asa work ako nung matapos ko panoorin to, habang tulog mga binabantayan kong bulilit then after nito iyak lang ako ng iyak.."
37,18어게인,i've never cry this much while watching a kdrama
38,18어게인,there's lee do hyun then wi ha joon as well as hwang in youp in it that's enough of a reason for me to love and watch this again and again
39,18어게인,this is like 17 again only hes 18 again
40,18어게인,lee do-hyun is so pretty i cried
41,18어게인,Ağlamagdan öldümm
42,18어게인,"#emotion rollercoaster that you will love
Story : Good
Acting : Excellent
Direction : Good
Production : Very good"
43,18어게인,dear lord lee do hyun has such a beautiful face [cries]
44,18어게인,my whole fam cried watching this and i was the only one thirsty for the milf
45,18어게인,everyone seem to love it but the kissing scene had me cringing !! lee do hyun is so hot tho ngl
46,18어게인,"enredo gostosinho um dorama super saudável, várias emoções e uma mensagem linda. fui pelo dohyun e sai amando o cast todo"
47,18어게인,"Okay the original “17 again” movie was great. I like that film!
But 18 again did things to me. It touched my heart, broke it, mended it, and made it whole again. 
I am in love with all the characters and all the dynamics. Everyone has chemistry. 😭
+ all sub-stories fit so well in the main story. God I love this series so much. Everything feels perfect. ✨
+ it does not hurt that everyone looks so good."
48,18어게인,lee do hyun 🥰🥰🥰
49,18어게인,"Remake dari 17 Again-nya Hollywood.
Menurut saya remake ini berhasil dan tentu saja melambungkan nama Lee Do-hyun sebagai pendatang baru. Dapat nominasi aktor pendatang baru di Baeksang 2021 lho!
Drama, romance, keluarga, komedi, beneran lintas genre banget ini."
50,18어게인,that 40-year-old ajumma who got to kiss lee do hyun really lucked out
51,18어게인,TE AMO TANTO LEE DOHYUN TANTO
52,18어게인,"WHATTT i didn't know kdramas are on letterboxd!! Anyways, I recently finished this drama and I watched it because of Lee Do Hyun and Lee Do Hyun only, and I just want to say Lee Do Hyun's acting is top tier, no doubt he is of a superior gene and I hope he achieves all the best things in life. 화이팅!"
53,18어게인,"Lee Do-hyun was the heart of this drama. His performance was fantastic. I did like how it focused on dealing with his relationship with his family while in the body of his younger self. There were brief arcs with his dad and in-law and considering the numerous flashbacks, those arcs could have been expounded on. If you've seen the movie 17 Again, it's basically that but expounded on. It developed and improved on how 17 Again handled the situation, but the plot points were still the same - the divorce, the son playing basketball, getting to know his daughter better, the revelation. While this is on the light-hearted side, it's still a drama so expect some tears."
54,18어게인,The way every damn ep made me tear up :’) rlly rlly good show abt cherishing ur family and loved ones. Highly recommend for ppl who wanna cry lol. Only thing I didn’t like was the lack of explanation at the end
55,18어게인,everything is just.. fucking weird
56,18어게인,Usual story of how an old man becomes 18 again and realizing that his original life was perfect
57,18어게인,mas fam oriented etong adaptation. grabe luha ko dito
58,18어게인,"I didn't like this drama the first time I've watched it. I don't know why, but I just dropped it. I'm happy I decided to give it a rewatch because as I watch the flow of the story now, I'm loving it. I cried almost every episode of this show. Everyone did a great job portraying their characters in a way I could relate to each one of them. This is a great drama to watch if you want a light drama with lots of life lessons to it.
“No matter how hard life gets, never regret anything that made you smile.” - Jung Da Jung
“When you regret something, that’s when everything ends. But when I thought of it as a lesson, it helped me get started again.” - Hong Dae Young
I will never regret giving this drama another chance.
'2022-04-12 11:42:01'"
59,18어게인,zac efron could NEVER.
60,18어게인,SO GOODDD made me cry a lot. the umbrella scene was the saddest ohmygod. I love u ldh
61,18어게인,"Lee do Hyun moga karirnya makin cemerlang, Ter dohyun dohyun."
62,18어게인,"age gap bothered me too much for me to fully enjoy it. nevertheless, this gave me great insights about life, relationships, and regret"
63,18어게인,"First watched it for lee dohyun and i found myself really enjoying this kdrama. This show really taught some life lessons like the importance of both family and friends, along with how those two can affect and change someone's life greatly.
The show can be light-hearted and funny in some scenes and also sad and heavy hearted at the next. It teaches us to live our life to the fullest, ensuring that you do whatever you want in life without having any regrets. It also teaches us how important some people in our lives are but we only realise that when we're not in any place to be there for them anymore or when it's too late.
To whoever's reading this, if you're waiting for a signal or a sign to watch this, this is it. You won't regret watching this show i promise."
64,18어게인,watch this bc lee dohyun my guy but damn.. this is everything
65,18어게인,"""Jangan menyesali apapun yang membuatmu tersenyum"" -18 Again"
66,18어게인,The cast >> Except I didn't like the age difference between park dohyun and the female lead. I wish they kept the intimate stuff between the older version of dohyun's character and the female lead.
67,18어게인,whwahhahaa milf
68,18어게인,give lee dohyun his oscars rn
69,18어게인,"Probably one of my top dramas because of the themes, characters, acting that the show does so well. Even though its just a remake of Zac efron’s movie, it talks so much about family relationships in a very different way. I have to say the only little weird thing is ldh kissing a older actress, which his character pulled off perfectly too."
70,18어게인,🤧
71,18어게인,"é um dorama que trata sobre experiências e sobre os sonhos que temos para a nossa vida. como uma gravidez muda drasticamente a vida de dois jovens promissores do ensino médio e como esse romance esfria com o passar do tempo exatamente porque um deles se perderam de si mesmo.
você ter que escolher entre ser um jogador promissor e ser um pai e acabar que abrir mão do seu sonho por conta de seus filhos é algo que pesa e causa infelicidade com o passar do tempo. e ter a oportunidade de voltar no tempo e poder jogar novamente é o que faz com que o personagem principal perceba que tem tudo que precisa e como é interessante a forma de que quando crescemos nós mudamos de opiniões diversas vezes.
o reencontro do sentimento que o casal tem e como a relação com os filhos melhoram com o passar do tempo é algo tão lindo de se ver nesse dorama. é um dorama lindo e cheio de lições de vida!"
72,18어게인,drags the plot way too far but was fun to watch
73,18어게인,"can't remember how much times i've rewatched this drama alr, one of the best."
74,18어게인,"Lee Dohyun is as cute as he is an amazing actor. Seriously i think it's impossible to watch this and to not fall in love with him. He made me feel for his character in every scene. This seems like a cliché type of comedy at first glance, but it had a lot of heartfelt and sweet moments, it's definitely worth the watch."
75,18어게인,lee dohyun dilf
76,18어게인,"I soaper like this kdrama. Saur wholesome and it just hits you right in the feels. So much lessons. It kept me happy for the past week 😭 im saur sad it ended 😭 naur im having sepanx 😭
Lee doh hyun 💕"
77,18어게인,lee dohyun my excellency ☹️❤️❤️❤️❤️❤️ not knowing a single thing abt this damn show and watching it spontaneously for dohyun made hajoon and bomin's presence such a happy surprise </3 siah-jiho my babies i love yallllll
78,18어게인,"BAGUS BANGET very slow paced though it took me A YEAR to finish this kayak tiap episode cuma sejam lebih actually tp rasanya kayak 3 JAM soalnya packed bgt sih konfliknya jadi gregetan gt ya kita sbg penonton shay KEK NI KARAKTER2NYA BANYAK BGT COBAANNYA SI ANYING
pas episode ke berapa gt ya aku kayak udh at my limit pokoknya if this doesnt end in a happy ending I WILL THROW HANDS. beneran tipe drama that makes me root for all the characters KYK GW PENGEN SEMUANYA BAHAGIA GAMAU TAU. trs jg apa ya relieving gt?? soalnya banyak hal2 yg akhirnya bisa mereka lakuin justru pas udh tua (over 30) kyk nikah, paragliding (apesih itu pokoknya yg melayang2 itu lah), dapet kerjaan yg bener2 passion, atau bahkan punya mimpi baru jd in a way kita yg nontonnya jg jd hopeful kitu yah terutama yg lg mid life crisis (gw).
huhuhuh bagus pokonya. dohyun ganteng bgt lg (yha) terus TANTE HANEUL JUGA GIRLBOSS TP AT THE SAME TIME JG SANGAT DOMESTIC DAN LOVABLE + BERTALENTA VERY HARDWORKING. udah kayak nulis cv ini btw. udah deh sekian btw ini gw kelarin jam 4 pagi abis adding 9 more books to my tbr and starting 3 books at once and read several pages of sylvia plath's journals (i also read a very interesting article in new york times) jd ya pokoknya look away im going through it"
79,18어게인,this is the only time i condone teenage pregnancy
80,18어게인,"A very heart warming, and emotional damaging series.
This is my go-to drama series in times that I needed some comfort and good cry. No one did it like them.
This has made me realised a lot of things in my life,
a very effective way as an eye-opener for every generational traumas and mishaps.
This film also tackles sensitive topics, such as Teenage Pregnancy, and how the stereotyping affects those who's vulnerable.
This has to be the TOP A-List Korean Drama Series i've ever binged.
And, the sharpness of each actors who portrayed in the drama was such a standard and ace performance.
If you have spare time with you, please go and stream this series because it'll surely give you an opportunity and a venue to self-assess and reflect.
10.5/10"
81,18어게인,cưng
82,18어게인,lee dohyun u will always be the standard
83,18어게인,kinda disappointed but yeah the screenplay was good
84,18어게인,lee dohyun. that's it that's the review
85,18어게인,lee dohyun
86,18어게인,BINGED THIS WITHIN DAYS. LEE DOHYUN ONCE AGAIN SKYROCKETED MY STANDARDS. BOMIN HWANG INYEOP WI HAJOON 😩😩😩
87,18어게인,I LOVEEDDDD this (from what i remember) 😭 but the ending scene was imo kinda weird bc of the age gap idk 💀💀
88,18어게인,"watched because of hwang in yeop, stayed for lee do hyun 🥰"
89,18어게인,i love you lee dohyun
90,18어게인,"<3333
""If you are serious about your dream, no matter how hard it gets, I hope you will take good care of yourself.""
""There is one thing I learned after getting young.... No matter how old you get, there is always something new to learn. If you think of it as a regret, that is the end of it. But when you think of it as a lesson learned, it brings a new beginning. I will try to learn more from now on, whether it is about work, life, or love. So, I will try to find what I love to do again.... I am going to spend my life without any regrets. — Dae Young"""
91,18어게인,surprisingly very nice and fun
92,18어게인,mas lalo kitang minahal lee dohyun
93,18어게인,tissues!!!!!
94,18어게인,Peak Korean drama right here idc what people say
95,18어게인,Only watched it for Lee dohyun. Literally got bored mid way but somehow found the nerve to finish it because of Lee dohyun. Did i mention Lee dohyun?
96,18어게인,"it took me so long to finish this one, buti na lang bida si lee do hyun"
97,18어게인,"mayanlah typical drakor, ringan..cuma ga yang seru seru banget! lee dohyunnya ganteng dan ada bomin golden child hihi, ada gu jasong juga!"
98,18어게인,It was weird when there were romantic scenes (especially the kissing scenes) between 18 year old Hong Dae Young and current Jung Da Jung but otherwise it’s got nice soundtracks.
99,18어게인,slay
100,18어게인,it's kind of boring at times but lee dohyun is lee dohyun!
101,18어게인,"A must watch! Not literally a tearjerker but y’know it will make you cry ㅠㅠ
Lee do hyun you did a good job!!"
102,18어게인,this is good
103,18어게인,this is good
104,18어게인,One of the best kdrama of 2021. Lee Do Hwan is just amazing with his role. It felt like drag when it was reaching its final episodes but it overcame those with humour and emotional moments.
105,18어게인,"“Who knows? 
You might hear something that you’ve been waiting to hear.”

“There is one thing I learned after getting young. No matter how old you get, there is always something new to learn. If you think of it as a regret, that’s the end of it. But when you think of it as a lesson learned,  it brings a new beginning.”"
106,18어게인,"i thought that it will be pure comedy at the beginning, a little bit of fantasy, some romantic scenes and all that, so it was pretty funny when i found myself crying so hard with a lot of the episodes, those flashbacks scenes were really sad throughout the story and at the same time the situations exposed right there were felt so real that i could sympathize with all the characters.
besides the great story, all the things in the drama were pretty well done, the cast, the acting, the direction and the soundtrack, but there's a little detail that i loved the most; when 18 years old hong dae young was in front of some window/mirror/crystal, his reflection was always his older version (37 hong dae young). that was awesome"
107,18어게인,screaming 마지막 첫사랑
108,18어게인,lee dohyun acting skills😭😭😭💯💯 tbh i cannot stop crying because i always thinking about my father while watching hahaha
109,18어게인,Loved the theme and how the whole show was directed.
110,18어게인,LEE DO HYUUUUUUUUUUUUUUUUNNN
111,18어게인,"I already predicted the ending but still, I want to watched it until finish. No regrets."
112,18어게인,isang drum ng luha lalabas mo pero may pogi compilation naman
113,18어게인,the vibes scream comfort UEUEUE >:)
114,18어게인,the fact that i slowed down watching this just to see lee do hyun longer
115,18어게인,ganhei um pai esse mês
116,18어게인,tears tears tears … i love love im so sad and yet bittersweet but aahhh i
117,18어게인,if only older dae-young was a dilf
118,18어게인,I love this 😩
119,18어게인,grabe yung dulot sakin neto yung aral grabe dikona alam kung bet ko pa ba maging magulang o wag nalang tas na iintindihan ko pa yung mga anak nila haysss
120,18어게인,petition for lee dohyun to stop playing with hags!!!!
121,18어게인,LMAO OKAY SORRY HAVENT SEEN THIS JUST STUMBLED ACROSS IT BUT UM ZAC EFRON WOULD NOT APPROVE
122,18어게인,a v pretty man and a milf whats not to like :)
123,18어게인,The pilot episode was a bit boring but the rest was great. I found the family part was good. Heartwarming and simple. It has similar vibes with Go Back Couple.
124,18어게인,lee dohyun
125,18어게인,18 again episode 10 minute 23:14 is my favorite thing in this planet
126,18어게인,4 words. THIS WAS SO GOOD.
127,18어게인,"simplesmente o maior dorama de todos os tempos ninguem está acima dele salvou a minha vida
acima dele NENHUM abaixo deles TODOS"
128,18어게인,I cry a lot watching this series. Lee Do Hyun acting in this series is great!
129,18어게인,LEE DOHYUN AND WI HA JOON YES
130,18어게인,"Very very heart warming drama, I started it with 0 expectations but I endend loving it. This story has everything, it made laugh as well cry and most importantly, it made me loveee lee do hyun 🤩."
131,18어게인,lee do hyun mükemmel bir oyuncu.
132,18어게인,SEO JIHO MY BELOVED
133,18어게인,"One of the best kdramas that I've watched, Lee Do Hyun performance was one of the best in this show"
134,18어게인,oh this got sad really fast
135,18어게인,i watched this bc i thought it’d be a cute little k-drama to watch with all my free time but came out of it crying over dysfunctional families.
136,18어게인,i love lee dohyun
137,18어게인,twitter.com/mtr_fr/status/1443890653935640577
138,18어게인,te hiciste querer lee dohyun
139,18어게인,the fact that they have an 18 yr age difference doesnt sit right w me but cute tho
140,18어게인,watched this a while back but still in my mind 🤝
141,18어게인,"another melodramatic tearjerker. god tier.
lee do-hyun supremacy."
142,18어게인,-1 karena mise en scene nya ada yg miss di setting waktu. -1 satu lagi karna WOY INI EPS 16 GA BANGET SIH KONKLUSINYA MASA GT AJH ANJIR GA PUAS GUAAHH
143,18어게인,lee dohyun hand in marriage NOW
144,18어게인,This is the most saddest korean dramas i’ve watch this year. The storyline about hong dae young and his kids always warm my heart and I cried in most of his scene. Really love that there’s a lot of avengers thing in this drama which is so suprising. Woo young’s  just so funny when he’s inner fatherhood came into him lol i couldn’t stop laughing when he do that to his kids. And also lee do hyun performance god truly amazing i have never been so amazed by an korean actor before but seeing him in that one scene made me believe he’s an incredible actor.
145,18어게인,"I finally finished 18 Again!! Now, let me tell you one thing, this show made my top 3. Did not expect it because there were no particular reviews calling it a masterpiece, most of them were praising individual aspects like Lee Do Hyun's acting and the well written script. But, as a whole too, this show is absolutely brilliant! Lee Do Hyun was of course the one who carried the show, but every other character was just as appealing and well acted. I loved and enjoyed every moment of it. The show, while being a fantasy, holds up a torch to reality. It made me appreciate my parents a lot and I cried at every interaction of the kids with their father. The show was funny, emotional, heartfelt and sweet all at once. I really love it and would highly recommend. No show is of course flawless, but this happens to be one where the emotions draw you so much that you might wanna gloss over it's flaws. Rating - 9.7/10"
146,18어게인,want to watch*
147,18어게인,lee dohyun the loml
148,18어게인,"a fun and heartwarming show about choices, regrets & second chances. about lost dreams & dreams found anew. that family can be one’s dream and that’s okay. it doesn’t make that dream less than any other. that in fact, it might be an even grander dream to fulfill. :”)
it also highlights the importance of communication. nobody will know what we really think/feel unless we tell them. and by not telling them, we only nurture misunderstandings & resentments. if ‘my unfamiliar family’ had a cheerful distant cousin, i think it could be this show."
149,18어게인,I cried. Lee Do Hyun really carried the show. 
150,18어게인,haha that is right i will never get married
151,18어게인,"Not your typical mainstream k-drama. The actors gave their superb performance. You'll love this drama especially if you are a family-oriented person. So many life lessons for teens, adults, married couples and parents. This drama will make you realize how your small decisions as teenagers can change your life big time. Also, the drama showed how communication is very important in establishing relationship. Lastly, you really never know the importance of something/someone until u lost them."
152,18어게인,"Yo i love all the tropes spun on their head here, and i was constantly rooting for everyones growth and not just individuals"
153,18어게인,thanks for make my crying
154,18어게인,Älskar den! Vet inte hur mycket liter jag grät dock
155,18어게인,"#18Again
Sebuah drama keluarga dengan sedikit tambahan bumbu fantasy. Vibes-nya yg ringan + unsur komedi juga konflik yang menarik membuatnya jadi salah satu tontonan yang nyaman untuk diikuti padahal inti cerita sebenarnya justru sangat mengharukan.
Rate: Iron Man/5"
156,18어게인,Very sweet and heartwarming K-drama.
157,18어게인,"This is a story about a 37-year-old man who wished to become young again and relive his days as an 18-year-old kid.
In this series, Dae-young, and Da-jeong, who are high school sweethearts, became parents at 18. Of course, since they are still teenagers, there things in life that they still have to uncover. Being teenage parents, life was cruel to them. Dae-young had to give up his dream of becoming a professional basketball player to make ends meet; Da-jeong had to temporarily give up her dreams of becoming a professional announcer since she has to take care of their twins. As time went by, they seemed to have fallen apart from each other. With all the misunderstandings, lies, and secrets they have kept from each other, they eventually considered getting divorced.
Dae-young went to the basketball court where he used to play basketball during his teenage years and wished to be young again. However, after making that wish, he finds himself looking 18 again.
Since he reverted to his 18-year-old self, he befriends and looks after his kids in school. He has never been close to them like this since he is always busy with work. Later on, he realizes that he doesn't know his kids at all since he always scolds them at home and that being their friend was the only way to understand them better. Aside from that, he also looks after his ex-wife by being her friend and always being there for her when she needs him.
Later on in the series, where Dae-young finally has understood everything from his lapses to where he had gone wrong,
he wants to go back to his 37-year-old self since he cannot live his life being 18 forever. Once he returned to his original self, he remarried his wife and stayed with her until they were gray and old.
I find this Korean Drama heartwarming. It made me realize that we all have different timelines in our life, just like the world has different time zones. You see, we live in a world where society dictates how to live our lives. Everybody thinks they are better than the other person just because they have achieved many significant things earlier. However, that is not how it is supposed to be. You see, life is not a race. It is not a competition because we all have different timelines. You are your competition on how you will achieve your dreams. Everybody has their own struggles.
We all make mistakes, and those mistakes cannot encapsulate who you truly are as a person. You are not perfect, and your mistakes do not define you. What really matters is to learn from them in order to grow.
No matter how old you are going to be, there will always be this inner child inside you that you have to cater to and that inner child inside you, will keep on rooting for you. Please achieve your dreams no matter how long it takes."
158,18어게인,ماذا لو مُنحت فرصة أخرى لتصحيح أخطائك، والبدء من جديد في الحياة.
159,18어게인,lee do-hyun give us a very talented performances. i cried because he cried so well. five stars for his acting as a father at 18 again.
160,18어게인,"watched for hwang in-yeop and stayed for lee do-hyun
this show gets my flowers bc it gave me do-hyun but this drama is tons better than the film it's based on and the sign language basketball scene was so warming and beautiful buuuuuuut his wife should've chosen wi ha-joon im sorry but that is a MAN"
161,18어게인,Lee Dohyun ganteng ya. Iya
162,18어게인,"When I first heard of this drama being a remake of 17 Again, that funny movie with a really smart and original premise I immediately thought this is cool, and I'm sure it will fit well within the K-drama format.
What I got...was something more.
It wasn't simply copy-paste another movie into the template of a K-drama nor were they simply fixing elements of the original, but it's also a realistic exploration of all the characters, and the realistic themes of the premise and all the nuances sustain through and through. Everything poignant and happy about parenthood, adoloscent love, and platonic love. They never wasted efforts to embody the sadness of ""what is"", but never forgetting the importance also of ""what should be"" even it may be just as sad as ""what is"". One of its deepest messages fully embraced by the characters on this 16-episode journey.
And I say characters, because it's not only Lee Do Hyun as the younger main character who shines, but almost all of them. There is a curtain call scene at the end, and it's (mostly) earned as well the main pair and adds punch to the very last image. And boy, it's may be the best last shot in a Kdrama ever.
Some parts also do not shy away with other mature stuff like age discrimination in this age. And all of it breathes in a wholesome and oftentimes funny way that is so rare now with family and coming of age dramas such as this.
With all this simply put, I think 18 Again is More than a Remake or a Kdrama. It's something more, for me."
163,18어게인,"a vvvv heartwarming watch 🥰 shed quite the tears over this. also lee dohyun,, yes"
164,18어게인,"I DON’T THINK I HAVE THE EXACT WORDS FOR MY THOUGHTS ABOUT THIS DRAMA I JUST ,,, LOVE IT SO MUCH *cries out of joy and sadness and everything in between*"
165,18어게인,mto fofo meu inyep awakening te amo veio safado
166,18어게인,the acting and the plot (and the eye candy but you didn’t hear that from me) just made this drama of the year
167,18어게인,that scene of wooyoung running for his life to save his daughter lives in my head rent free
168,18어게인,"just wanna say its a really good drama! please give it a try! this is inspired by ""17 again"" movie (played by zac efron).
and im jealous with this ahjumma, she kissed do hyun duh! i screamed when it happened lol"
169,18어게인,Dohyun is a good actor and the rest of the casts but the some scenes are cringe but overall nice series!
170,18어게인,cant even finish it bcs its kindaaaaa booring
171,18어게인,zac efron could never
172,18어게인,"a beautiful story about the reality of a marriage and family, beautifully acted scenes by the main cast that keeps you wanting to watch every episode continuously without pause. i do think it was a bit dragged out bc they had to fit the 16-episode mark;;; it wouldve definitely been better and less taxing if it were 10 episodes, i think that wouldve been enough for the whole story and all the arcs, but either way, the story is beautifull, i love how you get to see each of the characters' stories more than the source material (loved the original movie as well).
lee dohyun acted the SHIT out of this one and i think he deserves all the praise (same goes with everyone else in the cast!)


(update a few months later!): DOHYUN WON A BAEKSANG FOR THIS YUP DESERVE"
173,18어게인,"LEE DO HYUN. DO I EVEN NEED TO EXPLAIN
like what others said his acting– ugh truly a chef's kiss he rlly did carry the whole drama,, 99.99% of the times i cried which is prob in almost all eps was bcos he was crying nd am so touched by him
its great how it showcased both sides/povs of parents and their children,, it conveys that there are a lot of things that parents do/did for us that we are unaware of but at the same time it also showed how one child can feel and act towards their parents
it rlly centered about the importance of living in the moment and to cherish the present bcos once it passes all you can do is reminice the past and be regretful,, in addition is regret, that we shouldn't live in regret instead we should learn from it
—everything happens for a reason
i realized this on the part where da yong is torn between pursuing his dreams again and his family and there i realized that there was a reason why he wasnt able to reach that even though its where his happiness is but his children were a blessing that gave him beyond happiness, a happiness that is unmatched"
174,18어게인,"I think this is better than the original one, '17 again'. I never got to hold my even a drop of a tear on each episode."
175,18어게인,Masih amazed skrg aku bisa update drama korea di lbxd
176,18어게인,mau juga bisa kembali ke masa muda
177,18어게인,LEE DO HYUUUUNNNN
178,18어게인,"ini sebenernya inspired by 17 again yang pemeran utamanya zac efron ya, tapi menurut gue ini malah lebih bagus! tiap episode nangis aja udah... wkwk"
179,18어게인,"It was cool concept, but women in mid 30 kissing a high schooler is kinda off :/"
180,18어게인,"lee do hyun carried this. Korean remake of 17 again, but with the iconic melodrama that k dramas always seem to offer"
181,18어게인,"just finished watching it and i enjoyed every aspect of it n actually enjoyed the ending rather than being disappointed with how most kdrama endings go 
anyways han so-eun & lee do-hyun are both so pretty i could cry i think..? (♡__♡)"
