,title,reviews
0,365:운명을거스르는1년,"Korean drama with full of plot twists.
It's about ten people who travel back in time because they have regrets in life but there are heavy consequences that they have to go through.
If you love crime thriller travel then go for it ."
1,365:운명을거스르는1년,LEE JOON HYUK. THATS IT. THATS THE COMMENT.
2,365:운명을거스르는1년,"i want to fist bump lee joonhyuk too 🥲
this was such a rollercoaster i miss it"
3,365:운명을거스르는1년,my favorite kdrama ever <3 scifi 🥰
4,365:운명을거스르는1년,cries in ga hyeon and hyeong ju fist bumping. my parents :''(
5,365:운명을거스르는1년,Drama misteri ini memikat sejak awal. Orang2 kembali ke masa lalu namun terjebak kematian. Usaha melawan takdir & berlomba2 keluar dari lubang hitam. Karena yg kamu percaya bisa mengkhianati sebegitu teganya. Plotnya kuat hingga akhir cerita.
6,365:운명을거스르는1년,"The story goes on as ten people were 'invited' to have a chance of changing their fate by going back exactly one year in time. Everyone was excited about resetting their lives, not until everything goes haywire and unfortunate events start to appear, causing the death of the resetters one by one. The crime aspect of time traveling was the reason I liked this show. I was hooked to the point I couldn't stop watching it all night.
It was so intriguing to watch, a great plot line with a lot of twists was perfect for someone who wants to watch a good fast-paced drama. It's a shame a lot of people were missing out on this amazing show. I hope they start to recognize how gem of a drama this truly is.
'2022-04-15 08:24:03'"
7,365:운명을거스르는1년,"loved it so much!
i wonder then with the yellow car, does someone die again and he ends up doing another reset? is it lee shin? someone completely random? idk but I am satisfied with it"
8,365:운명을거스르는1년,"𝗔𝗴𝗮𝘁𝗵𝗶𝗮 𝗖𝗵𝗿𝗶𝘀𝘁𝘆 + 𝗞𝗼𝗿𝗲𝗮𝗻 𝗗𝗿𝗮𝗺𝗮𝘀=𝟯𝟲𝟱: 𝗥𝗲𝗽𝗲𝗮𝘁 𝘁𝗵𝗲 𝗬𝗲𝗮𝗿.
Imagine being able to go back in time and redo the last year. What would you change and what do you really have control over?
10 people make the trip and after ""fixing"" their lives they start dying one by one.
I was pleasantly surprised by 365, from the writing to the acting and the way it had me engaged from episode one!
Pros:
☆No Romance!
You heard right this show has no Romance at all! We are not stopping the story to think ""Who likes me?""🤔 No, instead the characters are focusing on finding answers because someone is killing them off! Thank you writers!
☆Smart writing and smart characters!The twists and turns in this show are so brilliantly executed. When reveals happen you noticed the clues have always been there!
☆ I don't remember reading any bad language they use the word murderer, killer, psychopath and that was it. Unless I missed it or it was edited out with Viki.
☆The acting!
Everyone did a wounderful job especially that one murder scene. No spoilers just that looked very uncomfortable and the actor did amazingly! The make up crew, the extras, the leads in that scene!👏🏼👏🏼👏🏼
(Everything was PG13)
☆The ending was perfect for the story and I loved it! Made me really want to go back and reread a bunch of Agatha Christie😊
Cons: None I really don't have any.
⚠️Content Warnings⚠️
(PG13)
Murder
Serial Killer
Death
Manipulation
#kdramawatcher #kdramas #kdramareel"
9,365:운명을거스르는1년,Wonderful plot along with amazing cast
10,365:운명을거스르는1년,too underrated
11,365:운명을거스르는1년,5 stars for no forced romance and the way this kdrama didnt blow up is my villian arc
12,365:운명을거스르는1년,I really want to watch this drama but it's not available in my country 😭😭
13,365:운명을거스르는1년,"it was bored at early eps, but it got more exciting in the middle till the end. and the ending was unpredictable."
14,365:운명을거스르는1년,My god was this show stressful and hard to figure out.
15,365:운명을거스르는1년,"os plot twists amamos ver
um dos melhores doramas que já assisti e o melhor de viagem no tempo que já assisti (sou cadelinha de viagem no tempo"
16,365:운명을거스르는1년,"This drama makes me give a high expectation on similar (thriller, legal, crime) drama because the plot is really wrapped nicely! Where we keep guessing even the which one the whole participant that has intention to do so, end up, it has given a lot of implicitly clue, but still since it was wrapped nicely so I call this, a truly plot twist. Lee Joonhyuk and Nam Jihyun, always, never leave me dissapointing. 🙌🏼"
17,365:운명을거스르는1년,"first of all... LEE JOONHYUUUK<3<3
oke oke
akhirnya tamat juga nonton drakor ini. tiap episodenya serius bikin penasaran. nebak-nebak siapa pembunuh sebenernya, sampe bener-bener curiga ke semua tokoh. tapi pas tau pembunuh sebenernya omaigattt nooo kaget hahahah. aku merasa dikhianati!!! salah satu drakor terbaik yang kutonton tahun ini for sure, apalagi ditambah romance yang tipiis banget (hampir gaada) jadi tambah greget luvluv.
walaupun sejujurnya ada bbrapa hal yang masih membingungkan tapi kurasa itu bukan plot hole, mungkin emang karna otak rada lelet kalo soal time travel gini kali ya wkwk. pokoknya semua orang harus nonton drakor ini, gabisa dibiarin drakor seseru ini underrated!!!"
18,365:운명을거스르는1년,"a fast-paced time-travel thriller full of twists & turns. it wasn’t perfect, but i think it was well-done. i guess my only issue is that i didn’t really had a chance to get to know the characters better, because there’s always something major happening. 😅"
19,365:운명을거스르는1년,"Bercerita tentang 10 orang yang di pilih secara acak dan menawarkan untuk kembali ke masa lalu untuk mengulang hidup 1 tahun dari sekarang. Di satu tahun itu mereka dapat memperbaiki hidup mereka. Sajian thriller misteri yang cukup segar dan menegangkan, banyak twist gila yang dihadirkan series ini. Well, salah satu drama terbaik tahun ini"
20,365:운명을거스르는1년,"The plot twists just keep coming!! I bet the writers just went ""BITCH U THOUGHTTT"""
21,365:운명을거스르는1년,ini bagossss! padet dan dibuat suudzon terus><
22,365:운명을거스르는1년,"it's 2:27am and i just finished this drama. all i'm going to say for now is this show isn't even labeled or targeted to be a romance BUT I FELT SO MUCH CHEMISTRY FROM NAM JI HYUN AND LEE JUN HYUK!!! LIKE I KNOW THEY BOTH ARE AMAZING ACTORS AND PUTTING THEM TOGETHER IS A MASTERPIECE. I NEED TO SEE THIS PAIRING AGAIN IN ALL GENRES.
also, the plot of this show was confusing at times because it is has so many layers but wow!!! the twists were so satisfying and refreshing!! so glad i picked this up. definitely a recommended show!"
