,title,reviews
0,시를잊은그대에게,"korean 🇰🇷
just a v lighthearted and healing kdrama to watch after a long day at work/ in school and i liked the different poems featured in each episode"
1,시를잊은그대에게,"one of my fav kdramas also very underrated :') the mixture of poetry and everyday struggles of ordinary people is unique and soothing i related to every single character in some way and when the main character reads poetry whenever she is having a hard time ugghhhh that too :') it didn't shy away from portraying the flaws and awkwardness of regular people while having a charm in it
it had some cheesy moments with the love triangle and other random shit but it was mostly forgettable as the prevalence of emotional moments were well balanced
watch it of you want to watch something cozy and unconventional"
2,시를잊은그대에게,"Lindo drama… tiene bastantes fallas, pero funciona bien para ver algo ligerito.
Los poemas en cada capítulo fueron un buen detalle."
3,시를잊은그대에게,a very deep and beautiful drama!
4,시를잊은그대에게,It was really cute and funnier than I thought! I liked that it looked at the physical therapists rather than the main doctors that are normally looked at and it just was a nice feel-good watch :)
5,시를잊은그대에게,There's nothing in a poem.
6,시를잊은그대에게,so bad was rooting for the 2nd ml
7,시를잊은그대에게,"a story of lost dreams, of accepting what will never be, of letting go, of moving forward, & more. i know it wasn't flawless, but this was really a sweet, funny, and surprisingly comforting show that gave me all the butterflies and warmed my soul ❤️"
