,title,reviews
0,어른연습생,second couple carried the show. need them to have their own kdrama
1,어른연습생,"i literally only watched episodes 3-5 so this rating is also only for those episodes
also
PUT MY BESTIE RYEOUN IN EVERYTHING PLEASE HE NEEDS MORE LEAD ROLES"
2,어른연습생,second couple was god-tier fr
3,어른연습생,"ชอบ Ep.3, 4, 5 (ตอน: เพื่อนรักแกล้งเป็นแฟน) มากกกกก คู่ที่สองคือน่ารักสุดๆ ยกระดับซีรีย์ชุดนี้เลย"
4,어른연습생,Pretend to Date For 100 Days (Ep 3 - 5) Only
5,어른연습생,"it’s interesting to tell how our hormones go crazy in adolescence and when we are young, but it lacked reality. i’m not talking about adult scenes, but about maturity. the couples had no love involved and it was poorly explained. it was all so confusing and fast, it’s like barbie for virgin teen"
6,어른연습생,the gay girl made this 10 times better wish we saw more of her
7,어른연습생,"Just watched Ep 3, 4, 5... Gave all the butterflies I needed"
8,어른연습생,I appreciate the purpose and therefore the rating.
9,어른연습생,no se xq vi esto pero no me decepciono xq queria ver algo pelotudo de amor (solo la segunda historia las otras son zz)
10,어른연습생,"•joyón
•my rank: 1) enemies to lovers; 2) the chubby girl history (i can relate); 3) the wanker
•this could had been a s3x education but they were afraid of success"
11,어른연습생,"Well...if you want to kill and the last left brain cells in your head which are functionning properly enough, than go ahead.
The second story in episodes 3 through 5 was the best. It would be nice if I had seen more from that couple. The other two were meeh.
It definitely wasn't my thing this webtoon or whatever it's called."
12,어른연습생,ima b honest my rating is for episodes 3-5
13,어른연습생,"Me senti vendo Skins sem drogas, amei as 3 historias apresentadas, queria mais desenvolvimento da Yu ra e Nam Ho, só os episodios com esses dois personagens já me ganharam demais. Kim Min-gi adoravel como sempre também me conquistou ainda mais do lado da kwon young-eun, k-quality."
14,어른연습생,fofo
15,어른연습생,"one star for the second couple and the potential they had to be a very cute web drama AT LEAST!!! half a star for ryeoun fine ass, he looks like park bogum's hotter buffer cousin in this i cant breathe"
16,어른연습생,eps 3-5 were really cute. Would’ve liked them to have a longer storyline
17,어른연습생,only watched 3-5 & it was pretty damn good
18,어른연습생,"so goddamn cute. k-drama anthology essentially. but omg i was squealing kicking my feet blushing, this was too much."
19,어른연습생,park bo gum ready for mature role direk
20,어른연습생,Buena xq tiene 3 historias distintas pero me quede con ganas de mas en la 2da historia
21,어른연습생,3 episodes of only the second couple is not enough content to satisfy me
22,어른연습생,"só vi os episódios 3,4 e 5
melhor casal da vida"
23,어른연습생,"quick & fun watch
had no idea what to expect really, I came for the 2nd story and while I enjoyed it, I actually ended up liking the 1st & 3rd stories even more
watched: 12/11 - 1/2"
