,title,reviews
0,단하나의사랑,myungsoo is just genuinely so fantastic in every way imaginable like he exudes energy the second he comes on screen with his little smiley face he is just incredibly likeable that i just feel like i know him and thats what makes every drama he is in so perfect
1,단하나의사랑,i think i can get through whatever shit life throws at me after watching this
2,단하나의사랑,phenomenal performance from both shin hyesun and kim myungsoo. their chemistry is out of the world and omg this drama is so fucking sad.
3,단하나의사랑,"kim dan!!!!!!!!!!!
seriously did u even watch this show if you didnt cry buckets in the latter half of it"
4,단하나의사랑,"- the aesthetic
- the storyline
- the soundtrack
- the couple
- shin hyesun
- kim myungsoo
Need more reason?
The weakness: the play of whose gonna dead, Me or you between the leads just nope..not good.
(3.5/5)
Memorable character: Kim Dan"
5,단하나의사랑,"Really long. I feel like they could’ve made it a lot shorter, but still very good."
6,단하나의사랑,"the ending was just so well done. I was so satisfied by the time I finished watching. However, it fully made me sob."
7,단하나의사랑,someone really loves john mayer
8,단하나의사랑,and i believe in kim myungsoo and shin hyesun supremacy
9,단하나의사랑,"It's not okay for you to not like me.
Drama Fantasi Angel's Last Mission bercerita tentang malaikat pembuat masalah yang diberi misi membantu gadis buta berprofesi balerina untuk mendapatkan cinta.
Meskipun performa dan settingnya cakeep, konflik dan endingnya so so."
10,단하나의사랑,"korean 🇰🇷
has some really pretty scenes but i just remember it feeling quite lackluster to me? and i rmb being disappointed by the ending but i don’t even rmb what’s the ending anymore too,,,,"
11,단하나의사랑,shin hyesun please give me one chance please. i am begging just once chance
12,단하나의사랑,"this drama made me love classical music and ballet. shin hye-sun's amazing performance honestly just gets better and better every time i rewatch this. a girl who grew up with the broken image of god, trying to find a purpose in life. and myungsoo, wow. the intricate emotions of a child who just wanted to be loved and an angel who oversees with judgement, interwoven into the perfect portrayal of dan."
13,단하나의사랑,"broke my heart over and over again
wish the last two minutes didn’t happen though, it was too rushed"
14,단하나의사랑,okay yes i always get behind straight ships in kdramas (not all though *looks at Itaewon Class*) but this one is special to me
15,단하나의사랑,"Was hesitant to watch but ended up loving it, one of my comfort kdrama."
16,단하나의사랑,Too 👏 Many 👏 Dutch 👏 Angles 👏
17,단하나의사랑,The only straight ship that made me cry
18,단하나의사랑,Hold on can someone tell me if Netflix has the right amount of episodes (16) cause why is Serializd saying there are 32
19,단하나의사랑,"let’s be a throuple frfr. i don’t mind being the third wheel 😅
in all seriousness i am still so in love with both of them their relationship is everything it hurts"
20,단하나의사랑,The way Kim Dan was bawling his eyes and clutching his heart looking at Yeon Seo through the gap of the little shed he was in when she was dancing in front of Kang Woo on the circle shaped wood platform thing god he’s so
21,단하나의사랑,tHEIR FIRST KISS WAS SO CUTE BYE
22,단하나의사랑,This one right here officer
23,단하나의사랑,"the ost and the story was so beautiful, and they made me watch this whole series in three days, fully hooked. however, the ending was a bit disappointing as it felt a little sloppy compared to the whole slowburn of the entirety of the drama. i loved myungsoo tho, my smol baby munchkin"
24,단하나의사랑,"hyesun ATE! however, this would've been perfect if they went for a sad ending."
25,단하나의사랑,"Already rewatched this a lot of times. Maganda yung acting, yung plot at yung OST. Shin hye sun ate this, hindi ko malilimutan yung audition ballerina scene niya."
26,단하나의사랑,The only thing wrong with this series is it’s too long. The leads were so cute.
27,단하나의사랑,one of my favorite k-dramas!!!
28,단하나의사랑,"IM FREEEEEE!!!!!!!! WORST EXPERIENCE OF MY FUCKING LIFE
лучше бы я по второму кругу мой сосед кумихо посмотрела
twitter.com/mtr_fr/status/1472302941914779649"
29,단하나의사랑,"This is just so beautiful. L’s acting proved that he’s more than just a pretty face. AND DAAAAMN SHIN HYE SUN’S ACTING WAS WORLD CLASS. I love the plot, and booooy the ending! I love everything about this drama and I love the message it conveys. I like how it showed the importance of faith and that love is sacrifice. Loving someone means you are willing to do sacrifices even if it means your own life. To sacrifice Is the greatest love that human can give. And lastly, it made me wonder if guardian angels do exist? If it does, I hope I’ll have mine."
30,단하나의사랑,lovelovelovelove
31,단하나의사랑,"An underrated 💎
Made my cold ass heart cry.
One of the best ending I've ever seen in a kdrama.
Need I say more.
Go watch it."
32,단하나의사랑,I CAN SAY ANYTHING THAT I WANT WHEN I WANT I BELIEVE IN THINGS THAT I SEE I PRAY
33,단하나의사랑,"Watched it for its amazing OSTs
And Kim Myung Soo, obviously!"
34,단하나의사랑,Underrated 💎
35,단하나의사랑,the leads worked really well together and the casting was spot on. the story did lack in parts and you get bored sometimes but overall not bad. that ballet specialist dilf was so hot
36,단하나의사랑,A deeply touching romantic comedy. Shin Hye Sun acting was outstanding as always. Kim Myung soo looked so lovely. Their chemistry was good
37,단하나의사랑,O DE MILHÕES INCRÍVEL CHOREI MT AMO
38,단하나의사랑,one of my all time favourite kdramas SHIN HYE SUN <333
39,단하나의사랑,"the story not bad
the soundtrack amazing
the script so good
but the ending and the editing made it less awsome"
40,단하나의사랑,"I've never seen ballet in K-Drama. This series is good and I love the romance chemistry. But unfortunately, sometimes I get sleepy in the middle of the episode."
41,단하나의사랑,"Un drama muy disfrutable en el que la pareja protagonista despunta con una química envidiable. Adictiva, divertida y conmovedora es esta historia con un reparto encabezado por Hye Sun y Myung Soo, que dan lo mejor de sí."
42,단하나의사랑,"Excellent Kdrama, VJ VOICE created the curiosity and I binged it, about 10 episopdes in a single day, my highest. Beautiful Romantic Fantasy, lovable characters, Thrilling Screenplay and Cinematography and Music (OSTs) are Great. Loved everything overall, Perfect Binge...
4.4/5"
43,단하나의사랑,this started off well... got boring af later
44,단하나의사랑,"#skip it or else you will regret
Story - Boring
Acting - Non effective
Direction - Poor
Production - waste of money
Angel’s last mission : Love is neither interesting nor a timepass K-drama. The total let down the was direction as the drama wasn’t able to hold your attention.
The story is such boring that after 4-5 episodes, you lost your interest in it. Nothing is happen that can make you attach to the drama. 
The main lead L and Shin Hye-Shun are playing simple characters that have little change of emotions. Most disappointing was seeing L as an angel where he neither effective nor good. The secondary & supporting cast did a good especially Gil and Woo.
The worst part is the Ballerina dance sequence that are total waste, not a single performance that can be described as a good job. May be better camera positioning and Direction would may tha dance better."
45,단하나의사랑,"this was very lovely. the main leads are both good actors - shin hyesun is very good at transmitting emotions: when her character was sad i could feel it in the core of my soul and when she was happy i'd find myself smiling as well. some people said that the last episodes should've been cut shorter, but imo they were needed in order to properly explore the bittersweet feeling of being aware that you don't have much time anymore with your significant other yet you try to turn it into forever. despite all of this, my lee yeonseo and kim dan remained hopeful and they EARNED their happy ending. i hope they cheerfully spend their human eternity <3.
my only complaints are the not so great special effects at times 😵"
46,단하나의사랑,"i love this drama , it’s so cute <\3 and draws at your heartstrings"
47,단하나의사랑,"La principal razón por la que le he dado la oportunidad a este kdrama es por la preciosa Hye-Sun, que ya me cautivó con su pequeño papel en la excelente primera temporada de 'Stranger'. ¿Ha sido acertada la decisión? Creo que sí, la serie merece la pena si tienes claro lo que te vas a encontrar: una comedia romántica de fantasía que repite los múltiples clichés de estas producciones, estas son, a saber: un amor con idas y venidas, un destino establecido desde la infancia, un tercero en discordia, unos malos que amenazan la vida y algún obstáculo en la razón de ser del personaje no humano.
Me satisface porque quería ver más de la actriz y este drama me da las dosis que quería, pero es un poco triste ver la falta de originalidad y esfuerzo que presentan algunas tramas. Llevo unos 20 kdramas vistos de forma consecutiva y es impresionante como se repiten una y otra vez los mismos elementos y las mismas estructuras. Las excepciones son esas series doradas que sobresalen, las demás se mantienen en un notable nivel de producción que te da lo que esperas y lo que sabes que vas a recibir sin esforzarse por ser diferentes casi en ningún caso.
Es algo crítico este comentario a pesar de terminar satisfecho, pero considero que hacer más de lo mismo porque el espectador lo acepta no es el propósito que debe seguir una industria con tanto talento como la coreana."
48,단하나의사랑,"This could have been one of the best dramas of this year but it wasn't, sadly!
First of all, the plot was really good but, to me, this story should have been more sad, dramatic and dark in order to function, when they add comedy to a very sad plot it just doesn't work.
The leads were good, not an extraordinary chemistry but good enough, I feel like L was overshadowed by Hye Sun cause she's a wonderful actrees and a top class being a rich bitch (lol) and L as Dan wasn't good tbh, such a waste because he's a really good actor... the other actors were good enough except for Lee Dong Gun, not to hate but his character wasn't relevant for me neither for the story, he was just a character to explain something they could explain easily with just a few scenes, and Yeon Seo wasn't even atracted to him so what is the point having an irrelevant character the whole serie? Also I think we needed to see more of Ru Na's background and life in order to understands why she was like that.
Directing was good (normal), sound mixing and sound edition also good, the soundtrack is maybe the best part of this drama.
Overall: I feel like this would be way better if they shorter to only 12 episodes, too much unnecessary scenes and I love L but.. yeah, maybe another lead actor.
My score: 7.8/10"
49,단하나의사랑,"Haesun is an amazing actress I'll forever be amazed by this woman eventhough I don't really like her character here. Honestly I shipped her w both the leads lol
Anyway if y'all are planning to ignore this I'd suggest you to listen to it's OSTs cuz it's soo underrated esp. the 'pray by klang'. I had goosebumps everytime this song was played."
50,단하나의사랑,ay bu adam cok tatlı
51,단하나의사랑,Gullig
52,단하나의사랑,"Magical romantic experience that would make you fall in love over and over again.
It was a magical experience throughout the whole series. The Cinematography and editing are amazing. OST and musical score are good.
The narrative style is impressive. The flashbacks and foreshadowing are well put together.
The characters and plot are well developed. The back-stories are presented that shed light on the story especially between the two leads.
The screenplay is awesome. There is enough blend of comedy, drama, romance, twists. You will be hooked for sure. There may be some scenes that you will feel slow but it is minimal.
The acting is spectacular especially Shin Hye-sun. This is the first time I saw her although this is quite recent. She was so elegant, and sophisticated especially when she's dancing. After this, I watch her other works such as Hymn of Death, and Still 17. And she had become my favorite Korean actress.
L is also good. He compliments well with Hye-sun. He's one of those kpop idols that really could act. There's so much charm in him that will melt your heart away.
The chemistry is perfect. They look so cute together. 😍😍😍
Of course this drama is not perfect but I can't think of its bad side 😁.
The whole experience is magical, and will surely make you feel in love.
One of my all-time favorite Fantasy Romance drama."
53,단하나의사랑,SHIN HYE-SUN SUPREMACY.
54,단하나의사랑,"One of the most beautiful, well-written dramas I’ve ever watched. Shin Hye-sun is a powerhouse actress whose portrayal of emotion, whether it be humor or anger or heartbreak truly touched my heart and brought me to tears. Honestly, I watched this show because I’m a fan of hers, but I left it not only further moved by her acting abilities but as a new fan of L as well. 
L’s performance was just as great, because it certainly isn’t an easy feat to make an audience both laugh at his cuteness and cry with him in his pain. He says so much with his eyes alone and it broke my heart. His chemistry with Shin Hye-sun was perfect too. 
This drama far exceeded my expectations and I kid you not I cried through all 32 episodes. The OST is excellent, its cinematography and choreography is stunning, and most of all, it’s a fantasy story that couldn’t be more human at its core.
Love vs hate, new life vs loss, religion vs atheism, good vs evil, the list goes on. It questions religion but it doesn’t solely define faith as one that involves praying to a deity. It’s refreshing to find a story that is so unique and manages to subvert expectations even when I was sure it was set to end a certain way. Will definitely be rewatching this one in the near future."
55,단하나의사랑,"to be honest i think this show deserves more praise isa sa pinakagusto ko sa palabas na to is the fact that the characters are fictional yet so human and relatable in the sense na oo may mga kasalanan sila, oo may mga pagkakamali sila pero natural lang naman yun para sa mga taong pinagdaanan yung mga pinagdaanan nila kaya masisisi mo ba talaga sila ? it's also one of those dramas with the characters that are brought together for a purpose at kapag natupad na to alam mong maghihiwalay sila pero di mo magawang hindi malungkot kasi napalapit na sila sa isa't isa which i LOVE. if you like dramas that help you realize kung gaano kahalagang bumangon ulit kahit ilang beses ka nang natatalo this is definitely worth watching
papanoorin ko ba to ulit ? most likely yes"
56,단하나의사랑,why is the rating so low???? THIS MADE ME WRITE A LETTER TO FUCKING GUARDIAN ANGEL
