,title,reviews
0,멜로가체질,"“Right, I love a drama full of love because I won't love anyone for real.”
If anyone asks me what this drama is all about, I don't think I could give them a straight answer. No matter how much I tried to articulate my thoughts, I still couldn't come up with such.
For me, I see Be Melodramatic as a slice-of-life drama, not focusing too much on its plot but instead taking us on a beautiful journey with its characters and their own unique stories. The three main leads are everything I aspire to be someday—strong, independent, unapologetic women who all showed me a new view of friendship and love. The purest representation of womanhood is how much they went through and grew from it. It will make you appreciate the relationships and struggles that come through since there's always something we learn from it. All that, as it gives us a raw, multi-lensed perspective at this tiring, shitty, unpredictable yet hopeful thing we call life."
1,멜로가체질,"korean 🇰🇷
wished i watched this back in 2019 when i was still in school omg!! actually only started this because i'm in love with the osts specifically jang beomjune's shampoo scent in the flowers and kwon jinah's consolation omg,, i love every single character so much and i like how you care even for the minor side characters and wish the best for them :') the main characters also all work in the media industry somehow which feels extra personal!!
just something so healing about this even though the characters are just going about their lives?? and the idea of how things will be fine even when you turn 30 and how you can still be figuring life out whatever your age is just so comforting.
dragged watching the final episode for like a few months because i didn't want this to end but the ending just made me so happy,, that feeling of knowing their stories don't end just bc i'm not going to get to watch them anymore... :') 💖
We have fun talking to each other, enjoy our food together, and are happily in love. As we root for our present, we say goodbye."
2,멜로가체질,lee eun jung’s character will stay w me for a long time <3
3,멜로가체질,kinda want to gatekeep this bcs its top tierrrrrrrrrr
4,멜로가체질,"things will be fine when we turn 30? maybe they won’t be, and that’s okay. it’s comforting enough to know that we’re not alone, that we’re all just living our lives the best way we can, that we don’t have to figure everything out. we just have to live. just live. :”)"
5,멜로가체질,"Once something has begun, the value is in it's completion.
Sometimes after finishing a movie/show i just sit silently after finishing it and just sigh, that's what i did here, tbh the only thing that comes to my mind rn how did i finish this? Like it's 16 eps and i still want to watch more and more of it.
The cast is well-chosen, i'm in love with the three lead characters, everyone of them had impact on me especially Eun-jung, i don't know how many times i cried watching her but i just did THAT MUCH, i think i'm emotionally attached to her the most.
I think i'll miss this drama and it's character not just the main three i mean EVERY SINGLE CHARACTER."
6,멜로가체질,"one of the ost titles is consolation. it tells a feeling of having someone we know will always be there in every difficult situation that we've been. that's pretty much what i feel throughout the drama <3

but i still don't understand what message they were trying to send through jae hoo and ha yoon's terrible relationship. i get that this drama is ""non-conventional"", but the writers kept forcing that toxic relationship and after it was over, they tried to blame jae hoon for everything with that stupid ""epiphany"" thing when han joo painted ha yoon like some kind of victim. they still end up together, how romantic 😍😜
really sad ending for jae hoon, he deserved so much better."
7,멜로가체질,"i will NEVER get tired of giving this drama a perfect rating because it's just that amazing !!
”it’s not just about a bait, but about empathy and sympathy and the power of characters. i think the characters have power that’s strong enough to make viewers curious about people, not just a situation.”
i love how it reflects the reality of life and how it manages to show the depth of all the characters. i super love the ending because it isn't exactly an ending, it's just a closure for us, viewers, but it is rest assured that every character of the story will go on with their lives and create beautiful memories. the character arcs were so realistic and the open ending somehow made me feel nostalgic and sad because i will no longer be able to witness their lives and experiences. overall, it's such a good slice of life drama that will make you appreciate the relationships that you have in your life & the things that you get to experience everyday, be it simple or grand. highly recommended 11/10 !! 🥺🤍"
8,멜로가체질,Bu drama sayesinde yaşlanmaktan ve mükemmel olmayan bir hayat yaşamaktan korkmuyorum. İçinde emeği geçen herkesi teker teker alnından öpeyim
9,멜로가체질,i love my besties
10,멜로가체질,"This drama follows 3 female friends in their 30s, all working in the film and tv-industry, yet each one operating under a very different set of circumstances.
This show has some brilliant and witty dialogue, nice representation and introduces relatable struggles, both from being a female in the film industry, as well as a millennial. Being slightly bias, this drama resonated with me on such a level and it was such an engaging watch.
The trio of female leads focused more on their careers and personal life rather than basing it entirely on a love interest, which I found really refreshing after watching many romance dramas. It does not run like your typical romcom, which viewers might see as a downfall, however, I felt that these characters were interesting and prove that you don't need a love interest to keep a show running.
A very wholesome show with outrageously hilarious dialogue and a soundtrack that gets stuck in your head, particularly Your Shampoo Scent In The Flowers."
11,멜로가체질,my first watch in 2022. ONE of my favourite kdrama of all time YES! I WILL PUT IT NEXT TO THE REPLY 1989. except that the very first ep. of reply is boring and the be melodramatics 1st ep. let's just say i'm invested and L.O.V.E. it'll make you cry.
12,멜로가체질,no matter how many times i rewatch this it never gets old. i love dramas that depict struggle especially as a woman without financial freedom/success trying their best.
13,멜로가체질,feels like a warm hug in these tough times
14,멜로가체질,this feels like a hug
15,멜로가체질,your shampoo scent in the flowers// why do i remember every movie/ drama by its ost
16,멜로가체질,"one thing i know for sure, this drama will stay with me for a long time. every character's story hits right in the feels."
17,멜로가체질,This drama feels like eternity even when I watch in 2x speed. 🚶‍♂️
18,멜로가체질,you very rarely find such well written women characters in shows. everything about this was a breath of fresh air i never wanted to end
19,멜로가체질,my home ♡
20,멜로가체질,"Really cool, buen OST"
21,멜로가체질,"feminism, unique way to telling the story, unique characters designed, unique dialogue, all casts are perfect. it contains my most favorite scene in kdrama ever, the Casablanca scene. so no doubt 5 stars."
22,멜로가체질,"'Be Melodramatic' es una serie muy coral pero que gira entorno a tres protagonistas encarnadas por tres actrices de lujo: Chun Woo-hee, Jeon Yeo-bin y Han Ji-Eun, motivos más que suficientes para darle una oportunidad a este drama. La trama se distribuyen inteligentemente entre estas tres protagonistas y otros personajes que se van sumando y, como consecuencia, hay una gran variedad de personajes a los vamos siguiendo; lo que tiene su lado bueno, aporta variedad y riqueza argumental, y su lado malo, algunos personajes nos interesan menos que otros. El desarrollo es un poco slice of life, se cuece a fuego lento entra la cotidianidad y los momentos que la alteran, y si entras en su propuesta y te implicas con sus personajes, te engancha y se disfruta bastante. Me gusta que apuesta por ser diferente, por no repetir las numerosas estructuras y clichés habituales, y por como incluso satiriza esto a través del personaje de Chun Woo-hee que es guionista y el director del proyecto que quieren hacer juntos. Tiene un punto de ""meta-kdrama"" que la hace además muy interesante. En definitiva, una buena serie que tienen personalidad suficiente para destacar."
23,멜로가체질,THEEE BEESSTT ever
24,멜로가체질,grown emotionally attached to the characters <3
25,멜로가체질,"It's probably just a function of the opening episode but it relies heavily on flashbacks, narration, and montage. I did like the director’s movie Twenty, which focused on three guys navigating young adulthood, so the comedic beats of Be Melodramatic feel familiar. My fave character so far is the documentary filmmaker, I loved her performance in Night in Paradise and I'm very likely to binge Vincenzo soon.

Some of the best writing you will find from any Kdrama, the dialogue is snappy and witty yet far from pretentious, as the show isn’t above employing fart humor. It’s fair to point out that the ratings were rather poor given the show’s running commentary on the entertainment biz, but I suspect that’s because there’s no Jun Ji-hyun, Song Hye-kyo, or Park Bo-gum to be found. Which is a roundabout way of saying this show is super underrated."
26,멜로가체질,let's love deliciously🦦
27,멜로가체질,"This drama series is everything! I was hesitate to watch it before because it looks boring. But, it's not! I love how the jokes landing perfectly, the stories are honest and pure with strong characters..some Korean dramas sometimes landed with forced ending, but Be Melodramatic ended in realistic way. Sadly, it had very low rating. But up until now, many people in Korean drama forum still talk about it. It turned out that this drama become famous after the screening 😂.. poor PD-nim .."
28,멜로가체질,"Girls-version dr film Twenty & youth-version dari Search WWW. Quirky dgn kombinasi komedi frontal nan canggung ciri khas sutradara LBH. Krisis kehidupan, pekerjaan dan percintaan di usia 30an dgn latar profesi orang2 di balik layar series korea."
29,멜로가체질,cinema can stop trying now
30,멜로가체질,"thanks for coming into my life be melo. for putting into words and visualizing the thoughts i dare not touch, and shortly thereafter, consoling me and telling me it’s okay. :)"
31,멜로가체질,Hwang han joo karakterinin yanaklarını falan ısırmak istedim her bölümde böyle bir tatlılık gerçek olamaz ya bebeğimmm aşkkadın
32,멜로가체질,"""I'm having a hard time. Please hug me.""
""We've waited over two years for you to say this. Thank you so much for telling us you're having a hard time.""
I'm not exaggerating when I say that I'm never the same person again after experiencing this.

The writing is on point. This drama is written at a perfect pace. The main characters' dynamics work well together even though each of them is unique from the others. Definitely one of the best female-centric dramas!

Can we talk about how good the ost is? I'll always have a soft spot for this. The way this drama talked about moral societal issues is insightful.

This drama taught me to accept our individuality as imperfect as it may be. There is a place for us in this world. Its simplicity is what makes it stand out among other dramas. I'm surprised this is even considered underrated by many."
33,멜로가체질,i love them
34,멜로가체질,"""A good script doesn't require much to become a fun drama."" and that's exactly what this is all about"
35,멜로가체질,"One of the best kdramas i've ever watched. I love the plot, the theme, the characters, the OST, everything about the drama. It's funny, romantic, but also very honest and heart-warming. I love how different but similar the characters are. And, there was never a moment when i was bored watching the series. This drama made me love being in love which is something i've never experienced my whole life so i'm kinda looking forward to it with a patient heart. Haha. Anyways, this drama is just perfect. Easily belongs to my top 5 kdramas 💗"
36,멜로가체질,lowkey my favorite kdrama👹
37,멜로가체질,funny type of irony and it’s super warm-hearted like a healing pill
38,멜로가체질,eun jung ❤️
39,멜로가체질,"In general I myself am not at all a fan of melo’s. This one however kept me watching. As much as this wasn’t a show I could binge, because I got distracted a lot during it so it took me a while to finish, I still wanted to finish it to see what would happen to all the characters and how the story would come together in the end. 
Even though I was a little disappointed in the last episode, I did enjoy watching all the progress the characters went through. 
One final thing: it felt like it was never going to end. I don’t know why but it felt like this was a 32 episode drama.. it was so long."
40,멜로가체질,One of the best and funniest kdramas ever. Perfect for kdrama beginners
41,멜로가체질,"💖💖💖💖💖💖💖 the best of k-drama 
healing 
soft
sweet 
hilarious 
empowering 
heartwarming 
/throw in all the good adjectives
i love this show so fucking much"
42,멜로가체질,sukku and yeobeen 😊😊 .... how decadent
43,멜로가체질,"“Whatever you see in your eyes I will say cheers to your eyes.”
Sang soo and Eunjung my beloved chaotic duo anw this drama is so comforting and heartwarming and their osts r so good TOP TIER"
44,멜로가체질,My favorite drama all the time
45,멜로가체질,"böyle hayatın içinden ve ev arkadaşlığı üzerine olan kurguları seviyorum. Verilen mesajları, gösterilen ilişki örneklerini ve birbirinden farklı insan profillerini izlemek de güzeldi. Beğendim 👍🏻"
46,멜로가체질,"Things will be fine when you turn thirty
Basically, this is a slice-of-life movie that potrays the reality of people living in the group age of 30. When you join the 30s group, just remember that there will be problems in the future as we're adulting (adulting is quite hard and potrayed in the movie as what it is). Because of that, we need to face the problem ans enjoy the life as what it is. We might encounter new conditions, new experiences as we're going through a lot in that age.
The trio (Chun Woo-hee, Jeon Yeo-bin, Han Ji-eun) potrays a group of women in their thirties as they face their own series of problems. Throughout the episodes, there might be some segments that make you cry, angry, happy, and stuff. The plot and acting was great. It's just the language and/or the delivery of the dialogues at some point weren't quite understandable as in there were lots of metaphores and ""adult talks"". Moreover, it was an enjoyable drama."
47,멜로가체질,"太幸福了，好羡慕
最喜欢导演组，和前男友也很可惜"
48,멜로가체질,comfort drama for sure!!! <3 kek abis ganti seprei rasanya
49,멜로가체질,"the drama which gave me so much laugh😂 it has unique way to tell the story. it made me feel like i had been hugged during my hard times. the drama directed me to focus more on the characters, rather than the plot. i was focus more on the characters and wonder what they might think n do for the next episode. the words that are expressed by the characters are unique, relatable, and bring up new perceptions"
50,멜로가체질,kisah cinta 3 perempuan yang sangat buagusssss
51,멜로가체질,"here’s looking at you, kid"
52,멜로가체질,fouda
53,멜로가체질,"""Right, I love dramas full of love, because I won't love anyone for real.""
""Saying you won't love anyone means you want to be good at love. It's only a complaint that you make after the exhausting process of your sickening love. But that complaint ... has no power."""
54,멜로가체질,elas são as maiores do mundo
55,멜로가체질,i think only in this drama i can see couple casually fart in front of each other
56,멜로가체질,ay niye daha önce izlememişim diye üzüldüm !!
57,멜로가체질,"I went through a very long list hoping this movie will be there and I found it.
I loved this movie so much, it made me remember why I love kdramas with female leads, their stories are always amazing and I loved it so much.
It was witty, sad when it needed to me and just wholesome.
Completely wholesome 
One of my favorite kdramas of all time"
58,멜로가체질,"um dos melhores doramas q eu assisti na vida, simplesmente perfeito
o jeito como eles constroem as relações e conexões entre os personagens é linda
o jeito como eles exploraram o luto da eun jung foi mt delicado e bonito eles realmente deixaram ela mt vulnerável na tela
e tbem a relação dela com o sangsu é feita bem devagar mas mostra q ela ta se abrindo pro mundo de novo depois de anos de luto
top 5 doramas viu"
59,멜로가체질,"Quirky, some lines hit"
60,멜로가체질,"as vezes dava um soninho mas no geral é bom sim amamos ver as personagens queens feministas e representação lgbt
o ep sobre peidos que filme de terror odiei este"
61,멜로가체질,큰 위로였다
62,멜로가체질,"Bertahanlah. Bertahan saja seperti biasanya.
Realistis Be Melodramatic menceritakan persahabatan tiga wanita dengan berbagai macam konflik dewasa yang mengikuti (tentang kehidupan, percintaan dan karir).
Dibuka menyenangkan, materinya dapat diterjemahkan dengan baik."
63,멜로가체질,"The most heartwarming kdrama i’ve ever watched.
From all the slice of life dramas I’ve ever watched, this drama is the most realistic. I really like it when jinjoo, hanjoo, eunjung, and hyobong discussing something together, bcs the conversations were always smart yet funny. I really love their friendship. AND LASTLY, EUNJUNG-SANGSOO WILL ALWAYS HAVE A SPECIAL PLACE IN MY HEART🤍🤍I LOVE THEM SM"
64,멜로가체질,"A LOVELY GEM!!! LOVE THE WHOLE 16 EPS, I LOVE HOW EACH CHARACTERS HAS A MEANINGFUL STORY TO TELL <33333"
65,멜로가체질,"nunca termino de ver un dorama y los que termino son solo algunos. Hmm, lo malo de este tipo de doramas es que no los puedes ver seguidos y darte un maratón, porque así no llegas a procesar el mensaje y la calidad de dorama que es.
Realmente Be Melodramatic es el abrazo que necesitas cuando te sientas en desesperanza con la vida (jáaaaaaaaaaaaa) Qué cringe, pero es cierto. La amistad de 3 amigas donde lo más importante es observar como renacen de sus desgracias es lo que necesitamos ver siempre. No sé si siento mucha empatía porque toda la historia gira en el mundo laboral audiovisual (coincidencias), pero es que es que es muy real todo."
66,멜로가체질,一個多月的時間二刷，最開始是抱著想要知道些什麼學習些什麼確認些什麼的心情去看，不斷被李炳憲惹哭，他太懂愛情這回事，也太懂女性友誼和女生成長。細膩又綿長，很難想這是一位男性寫出來拍出來的，應該是擁有過或當下正在有很好的愛的人。嘗試截圖，但as說得對啊，截圖無法傳遞這部片的感覺，他不是精美的畫面也不是抓人的台詞，而是人和人之間的一種氛圍。
67,멜로가체질,- this is literally the most depressing first episode i've ever watched.
68,멜로가체질,such a wholesome drama + great OSTs !! 🥺🤍 i'll definitely miss watching this :(
69,멜로가체질,Lovely.
70,멜로가체질,GOD TIER KOREAN DRAMA
71,멜로가체질,"i cant put into words how much i love this kdrama. all i can say is that it made me laugh, cry (more than i've ever done with other kdramas) and felt like i was getting a warm hug in each episode."
72,멜로가체질,"Drama yg penuh dengan karakter yg kepribadian nyentrik.
Pas ep terakhir dibahas kalo drama karakter pertama ratingnya 1%, rupanya drama ini jg dpt rating 1%. Yep this drama so underated. Padahal bagus 👍🏻."
73,멜로가체질,"-16 ep, genre romance comedy
-titik berat cerita di daily life, sangat cocok untuk penonton usia 20+
-akhirnya bisa nonton akting chun woo hee [jarang ambil slot drama] :/
-tidak masalah walau rating rendah di korea, cerita mengalir lancar"
74,멜로가체질,drama of my life
75,멜로가체질,"muito fofo!!! chorei horrores também... o final da eunjung foi mto bom e gostei do desenvolvimento dela mas o da hanjoo foi mtttt decepcionante!!!! queria ter visto mais do drama da jinjoo também (só 1 ceninha??) porém gostei do final dela, amamos uma roteirista de sucesso!"
76,멜로가체질,"refreshing dialogue, well-written characters, and a talented cast. so glad i watched this."
77,멜로가체질,deserves five stars it’s true 😌 i love this drama so much PLS
78,멜로가체질,"25. Be Melodramatic (2019)
Quirky, fun, deep and will hit you with its feelings and lesson learned about life when you less expected it. Each characters have strong background and charm that will make you root for all of them. Powerful squad indeed! (4/5)"
