,title,reviews
0,아름다운세상,can the mother stop crying every episode i get ur kid is half dead but please i cannot handle it im begging . otherwise oh man seok ur so sexy ahaha
1,아름다운세상,"😭😭😭😭😭😭😭😭😭😭😭
Cried almost every episode"
2,아름다운세상,"Akhirnya... akhirnya selesai juganonton dengan penuh kesabaran kek papah MoJin. Wkwkwk. Alurnya emang lambat dan bikin pegel. Palagi yang semua ditunjukkan di final episod, itu jd kek kurrang grget aja sih, dan penambahan kasus ttg Daehee berasa kek yaampun, apa kudu semua gw yang tanggung, kaleyan syuciihh gw penug dosyahhh!!!!!!
Trus.... Papah Mojin tu ..ntah kenapa makin diliat kek ga cocok aja muka sama style rambutnya. Wkkwwk
Selama nonton ini beberapa hari, emosi tu jd naik turun. Kalo Hi ! bye Mama trus hari² sedih dan meratapi nasib, yang ini ni bikin mikir aja.. ku juga punya rasa seperti Jeon Sook. Aku jg punya teman, keluarga nya hangat dan menyenangkan, tidak pernah mengatur dengan siapa dia bergaul, kakak²nya juga baik hati, grup obrolan keluarga juga terasa menyenangkan. Aku suka berteman dengannya , tapi aku juga iri, aku juga membencinya, aku berharap aku tinggal di keluarga seperti keluarganya, keluarga yang hangat ,yang home sweet home haha"
3,아름다운세상,"some people suck. and it sucks that these people belong in a ""beautiful world."" be a good human people!! its not that hard!!"
4,아름다운세상,emosi yang ditampilin pemainnya nyampe banget bikin setiap episode mengundang emosi dan airmata. alur dari dramanya mungkin cukup lambat menurut beberapa orang tapi sebenernya gak juga. recommended 👌🏼
5,아름다운세상,"This drama was just beautiful. I feel content with the ending, even though the drama gave me stress & frustration. It really tackled several issues like bullying, sexual assault, grief, coma patient & the struggle a family goes through. 
High recommend this!"
6,아름다운세상,"the most saddest moment to me is when su-ho tried her best to figure things out. she even visited da-hui to know how things happened between her brother and da-hui. she tried to make her to speak, to reveal the truth, well good things take time, indeed. da-hui finally spoke the truth even i thought the time was kind of slow. along the episodes, it’s way too hard not to blame jun-seok about what he did to sun-ho. it was shocking to know that jun-seok’s father is the source of this problem. WHAT A JERK. 
ah the most touching moment is when sun-ho moved his finger first and it was su-ho who saw it first then he finally opened his eyes omg i couldn’t stop smiling. 
the acting was great istg. 
ah the scene when they finally showed the flashback where jun-seok pushing sun-ho, i couldn’t help :( 
the point is I REALLY LOVE THIS DRAMA,
periodt."
7,아름다운세상,heartfelt and sadly very telling abt many hardships kids face because of adults failing at being adults.
8,아름다운세상,It was well written drama and had an interesting plot but somewhat predictable.
9,아름다운세상,nao lembro de nada exceto o fato de que eu amei💯
10,아름다운세상,"a heart-aching and infuriating school violence drama depicting what humans are capable of when faced with conflict, and how parents/family strongly influence the person their child grows up to be. it’s a beautiful world, it’s the humans that are ugly 😢🖤"
11,아름다운세상,"One of the best tearjerker k-dramas. The frustration, the anger, you can really feel it through the screen."
