,title,reviews
0,산후조리원,"Kdrama
8 episodes - 1 hour/episode

Feel good comedy drama about motherhood and the struggles faced by new parents.
I had 0 expectations for this drama and it completely surprised me😍
Ep 1 to 4 - Full of comedy😂
Ep 5 to 8 - less fun & more emotional.
Cute lead pair😁😍
Good supporting cast.
Loved the nurse character who imitates baby's mind voice😂
Women(especially new moms) can relate and enjoy this more.
VERY GOOD👌"
1,산후조리원,"Kdrama - 8episodes
Fun and Emotional feel good drama
Liked every mother's character development and the way they showcased everyone's struggle..
3.75/5"
2,산후조리원,"An unusual but realistic drama - well executed. Talking about the journey of pregnancy, birth and stigma of working mother."
3,산후조리원,Definitely one of the best kdramas i've ever seen.
4,산후조리원,"this drama is truly one of a kind. what an experience watching this. i love everyone’s character development and how they portray every mom’s struggle. the drama also felt really warm because there are lots of funny scenes. honestly loved this and really enjoyed this one. kudos <3
p.s. haven’t watched any movie because i’ve been watching ongoing kdramas 🙃"
5,산후조리원,"‘Women support women’ that comes up halfway while watched these eight episodes about a high-class mother who lives in a postpartum (or post-natal?) center for a while. Show you what will haunt a mom after delivering a new baby and other conflicts between their partner, their mom, their neighbor, or even with a beautiful post-man. They unfolding myth in a good way. How great if birthcare center is an actual place but accessible for all mothers in the world? It will reduce mom's burden if all new mother has the same privilege after delivering a baby."
6,산후조리원,"Tema 'Motherhood' yg dikemas dgn byk energi positif & edukatif namun humornya gk kalah adiktif. Gerbang dunia baru bg para perempuan utk mjd seorang ibu. Pascapersalinan, problematika orgtua, keluarga hingga makna 'bahagia' yg tak ternilai harganya."
7,산후조리원,"This is an underrated K-Drama I can say but this series thought me a lot about how our mother suffered during pregnancy, and even after such as breastfeeding, changing diapers, etc.
You might never imagine some women got baby blues syndrome after giving birth and how they're trying so bad to feed the babies, I MEAN, this is complicated. This drama thought me that being a mother won't ever be easy, people might be told their experience to ⁣⁣⁣new mama but sometimes it won't help since they have a different body, immune, etc.
Also, the figure of husbands truly affects their wives during the pregnancy until their child grows up.
I'm someone who doesn't know well about this kind of thing but this series is wholesome!
Believe me, you won't ever regret watching this k-drama."
8,산후조리원,"such a good show.... especially grateful for the consistent emphasis they put on women being humans before mothers. lee roo-da (i love her!!!) denying a book titled “god made mothers because he couldn’t be everywhere” towards the end and reiterating how mothers aren’t god even tho it was just being implied right then not even explicitly being said just cemented what the show was trying to say all along. might be one of my favourite moments. i hate that divine femininity motherhood goddess b.s route girlboss-y commodified feminism always leads to. putting women on a pedestal and expecting certain innate instincts from them is just as harmful. surprised (but gladly!) to see that a show that is closely examining motherhood (something that really, really easily gets tangled up in those ideas) manages to not only consciously refrain from going down that route but also actively reject those ideas and illustrate exactly how they make women miserable. such well-written characters i really think i appreciated everyone’s presence in the story. also, the idea that parents need to be happy for the child to be happy is so simple and sounds so obvious but idk it just clicked for me here. really isn’t as commonplace of an idea as it should be. thank god i never want to be a parent but i wish more parents or people who plan to be parents realised that. speaking of which, they never address why any of the characters want to be mothers or want a child in the first place. it’d make sense to do so considering the premise and it’d be cool to see that be explored i think. but i also don’t mind bec everything they did attempt to address was thoughtfully done. A+
also, felt cool for getting that g.o.d jjajangmyeon reference in the courtroom scene."
9,산후조리원,i’m so mad this is so underrated!!!
10,산후조리원,"have anyone seen this drama, birthcare center. it gives an insight into what women go through postpartum. before watching this movie i had no idea you can go bald after pregnancy. i enjoyed every bit of it👏🏻"
11,산후조리원,Deconstructing the stereotypes about mother and motherhood... They shows each and every perspectives. Watch it.. it's a must watch!
12,산후조리원,"Dari posternya dikira drakor makjang gituu bentukannya taunyaaa..... Ini drakor gada yg peran antagonisnya wkkwk, nama anaknya lucu banget. Disini juga suaminya kocak banget, suami bucin tpi gakeliatan wkwkkw Jadi kelakuannya keliatan salah mulu di mata istrinya."
13,산후조리원,The allusion to Snowpiercer with the mother from Parasite playing Tilda Swinton’s character? Poetic cinema.
14,산후조리원,A MUST WATCH!
15,산후조리원,"What mothers struggles out there is real, these are some of them."
16,산후조리원,"This drama was a short one and I lower my expectations... but turned out it was so delightful to watch, so entertaining for the hilarious characters which striking on every scenes, and i guess it's dramatic enough for a life of being a MOM. (being a mom itself is already a drama y'know)
I was so clueless about motherhood and so curious about it because I want to be a mom too... ಥ‿ಥ then this drama really gave me so many insights about ""what does it mean to be a mom?"" and ""how to be a good mom?"". This drama literally offered many issues in motherhood, like.. are you a working mom or a full-time mom? can you do breastfeeding? how lovely is your husband and family? etc. Overall, I learned a lot from this kdrama<3
anyway, Park Ha-sun is so fucking pretty. I'm done."
