,title,reviews
0,블랙독,"i have nothing but praise for this show. this felt like a warm blanket on a cold sunday morning, being reminded that you are loved, and finding comfort in go haneul's growth. after having finished the final episode tonight, i could say black dog is easily one of the best shows produced in 2019, and has got to be my most favorite among all. well-directed with fleshed out characters, perfectly-shot scenes, and of course very great performances by the cast actors. i can't believe this was so slept on, we certainly don't deserve good things.
and to the love of my life, thank you for letting me experience you again through black dog. seo hyunjin you are truly my ultimate. no one does it, feels it and exhibits it like you do. you are so much more than what words could ever describe, i fear they would never do you justice."
1,블랙독,"Medyo dull for viewers who are seeking entertainment.
Pero my god, the inspiration this drama gives for aspiring educators. 🥺💓
I hope to god people like Ms. Park and the rest of the gang still exists in the academe. The future generations deserve better."
2,블랙독,"⋆ Heartwarming, relaxing drama about the teachers in a high school
⋆ Positive for me was that it didn't focus too heavily on the students as it's a workplace drama
⋆ I related to the main character
⋆ Highly recommend this to anyone looking for Slice of life
— Contract/Temp Teachers
Even if a temp teacher teaches like any normal teacher, they still do not have the same rights under the law as a permanent teacher.
The start of the episode focuses on the effect of this after “sudden” death of a temp teacher. The family are left to suffer whilst not getting the same rights as a permanent teacher’s family.
This briefly shows at the gap/error in the law that places a lot of people at a disadvantage.
— College Admissions
A lot of work goes into achieving X number of college admissions for a school so that they can survive. This places a lot of pressure on teachers.
They even started after-school club for high achievers. The first half of the drama showed how great this was
— Unfairness for students
This drama also showed how providing support just for high achievers pushes the other students away. They feel unsupported.
The latter part of the drama focuses on creating a space for those students who don't make the cut for the special clubs.
— Growth
This drama has a lot of character growth. It was heartwarming to see how each character had their arc and growth. How some teachers were promoted, how some left. The realistic approach and dialogue was much appreciated. I could relate.
Overall, lovely drama which I highly recommend to slice of life watchers/lovers!"
3,블랙독,"""If I became a teacher, I thought I would understand."""
4,블랙독,"If you look with hatred, every grass is a weed. If you look with kindness, every person is a flower.
Mengusung tema pendidikan Black Dog memfokuskan ceritanya kepada kehidupan guru honorer dengan berbagai konflik disekitarnya, Alurnya lamban tapi ceritanya ringan dan terasa realistis."
5,블랙독,right in the heart
6,블랙독,"with one of the most heartfelt pilot episodes i’ve seen in recent years, this show is about a short-term teacher navigating school life all the while finding out what it truly means to be a teacher. this was just so inspiring to watch. i love it so much 😭
i love how the show started with haneul wanting to find out why her teacher did so much for her & did what he did, yet after 16 episodes she still hasn’t found the answer. maybe she never will, but maybe it doesn’t really matter. she is a teacher, that’s all. :”)"
7,블랙독,"Guru juga manusia. Guru belajar, jatuh, bangkit, mengalami dilema moral, terjebak politik & bertumbuh sama halnya dgn murid. Black Dog punya delivery kuat jg narasi berbobot ttg dunia pendidikan & hiruk pikuk perjuangan para guru. Memikat & begitu hangat!"
8,블랙독,"seo hyun jin and ra mi ran are the powerful duo i needed, the mothers i never had, the sisters everybody would want, the friends that everyone deserves. i don't know a better duo."
