,title,reviews
0,블루버스데이,stan red velvet (◍•ᴗ•◍)✧*。
1,블루버스데이,"korean 🇰🇷
🌕2021 ranked
went in with zero expectations and just wanted to see hongseok and yeri but this turned out to be quite fun to watch especially if you binge it all at once!"
2,블루버스데이,"I was really impressed with how the show was a romance/drama/thriller/fantasy/murder mystery all in one and still managed to have a mostly coherent plot!
But I think it's funny how seojun and harin would literally die to save eachother and yet their one kiss is the blandest thing I've ever seen please just let them kiss for real"
3,블루버스데이,yeri trained under viola davis for her acting debut and it shows
4,블루버스데이,"Kdrama
16 episodes - 20mins/episode
Crime thriller + fantasy(Time travel) + Romance
DECENT WATCH👍"
5,블루버스데이,this show was so confusing and ridiculous but who cares five stars for yeri
6,블루버스데이,"I liked the concept a lot more than the execution. Like right from the start did she ever stop and think in those literal 10 YEARS why the hell would he KILL HIMSELF AT HER BIRTHDAY PARTY for her to find his body like a surprise present??? Lots of it was so stupid that I could pretty much see exactly where it was going, it did surprise me with the plot twist though but I think it was revealed too soon. Also they would literally die for each other...why did they kiss like that...they basically just smiled while touching lips lol."
7,블루버스데이,that kissing scene was so bad
8,블루버스데이,my man cha eunseong deserved better!!! (deserved me)
9,블루버스데이,"When comes to time travelling thing, it can be a mess. But this one is not thankfully. It has a strong story base that revolving around burning photographs that kind of make sense for presenting a new way of time travelling.
Definitely the story and direction is that makes it interesting. Detailing shown is quite impressive as well.
Even acting of lead actor was noticeable (he is very cute too )and antagonist but sadly for me same couldn't be said about main actress. She kind of overdid it specially at being happy-happy moments kind of childish. Other characters had poor acting that can be noticed easily.
The ending is abrupt. How she didn't return to the future is still a question? I hope the answer is not because of her true love she stayed and even studied high school again for second time. That means she could be topper as she has brain from future.
Overall definitely enjoyable and at times need to scratch brain."
10,블루버스데이,first time watching a kdrama since 2018 i started this because the plot seemed interesting and i like yeri and hongseok but goddamnnn the stress is always worth it if it turns out to be this good
11,블루버스데이,"The time travel/butterfly effect concept is great in theory, but overall this didn’t grab me as much as I thought it would.
It definitely takes a few episodes for the ball to get rolling. The twists and turns are whatever. I didn’t care for the lead. (I know her stans are gonna come at me.) I didn’t care for most of the cast, really. It took me way to long to watch, and getting through the episodes felt more like a chore than anything else once I made it halfway.
Also my biggest issue: If you’re gonna have such a dark murder plot, keep it consistent. Embrace it. This was just goofy (in a bad way), all over the place tone-wise and turned out to be quite disappointing as a result.
Not great! (The behind-the-scenes mini-episode was pretty cute tho.)"
12,블루버스데이,2022 YERI WILL BE GETTING HER OSCAR
13,블루버스데이,"as a person who rarely watches kdramas i thought this was enjoyable and i didnt want to turn it off even once so this says a lot
we fawking love you kim yerim <З"
14,블루버스데이,woah didn't expect Blue Birthday would be this good… Yeri and Hongseok did a great job👍🏻
15,블루버스데이,kkkkkkkkkk gente essa é a história mais sem pé nem cabeça que eu ja vi minha vida mas a diva yeri ta linda d+ pra nao dar 5 estrelas fodase
16,블루버스데이,anudaw
17,블루버스데이,"4/5
Not the greatest webdrama/K-drama I've watched but this one is fun. Yeri (and Hongseok) on her webdrama debut has been exciting to watch, she has potential for sure. The writing could be less awkward but it is pretty solid in covering up possible plot holes (which is commendable for a time-travel story).
Really excited for actress Kim Yerim, for sure!"
18,블루버스데이,"had me dropping my jaw every episode damn!
but srsly the plot was super interesting and definitely not what i was expecting (yeri and yi-seo mwah!)"
19,블루버스데이,"the drama has several holes in the plot. the acting is horrible and the actors have no expression. nothing made sense, from beginning to end, the ending was poorly explained too. looks like they gave up writing and dropped"
20,블루버스데이,yang hongseok ur so fuckin sexy
21,블루버스데이,hongseok my beloved
22,블루버스데이,hye-min u deserved so much more.... sorry the writers cheaped out on you
23,블루버스데이,siempre tenganle fé a los webdramas que son los mejoreeees
24,블루버스데이,te amo yeri
25,블루버스데이,"Watched for yeri and it was sooo cute! I liked the idea of time traveling through photos and how it stayed with the high school concept. However, it wasn't THATT amazing, more like a MID kdrama so I gave it a 3/5."
26,블루버스데이,this drama is pretty boring but KIM YERIM 💗_____💗
27,블루버스데이,"favorite ko toh kasi sympre i love yeri atska nakaka-miss ma-in love???? lalo na nung high school. tapos ramdam ko ang pag-yearn ni ha rin kay ji seo jun tipong willing ka gawin lahat maibalik lang yung buhay nung tao. taray?!?!?!?
also, gusto ko dukdukin at dagukan si emerut barurut di ko na lang sasabihin kung sino kasi mas-spoil kayo sympre. 
atska bet ko talaga mga pa-quote inemerut sa bawat dulo ng episode. taray! atska bagay si yeri atska si hongseok ang cute ng friendship nila."
28,블루버스데이,"went in with zero expectations (i only watch this for the sake of yeri), but i was pleasantly surprised!
the blending of the genres (time travel, romance, fantasy, etc) works really well. i was surprised how all of the plots actually makes sense in the end. they actually made this work!
i went in with hundreds of excuses to defend yeri's acting, but i made a mistake for underestimating my girl. she did so well! you can see how hard she prepared for this role.
my only complain is that how harin and seojun would die for each other yet their climax kiss is... not even a kiss. just lip touching, lmao. like c'mon kids, please kiss properly.
""it's said when someone is dying, they'll recall their most regretful moment. i never regret being with you."""
29,블루버스데이,"love this drama & twist, and i didn't expect yeri will be good at her first acting role, hoping to see yeri in many dramas"
30,블루버스데이,HONGSEOOOOOKKK♡♡
31,블루버스데이,I LOVE YOU YERIIIIIIIII
32,블루버스데이,Had the best feeling ever watching this drama. Went from zero expectation and end up loving it at the first episode. Every episode was a roller coaster! I'm gonna rewatch this rn. Omg i really love it!!!
33,블루버스데이,YERIIII <333
34,블루버스데이,We love u yeri
35,블루버스데이,"cute fun little watch, probably much better since i kept up w it week by week but it's very nice."
36,블루버스데이,The only drama to surprise me (twice) by the plot. I was genuinely invested and love the characters. Binged it in almost two nights.
37,블루버스데이,I enjoyed making theories inside my head while watching this! Yeri ate!
38,블루버스데이,"nd phim cuốn nhưng mấy tình tiết lãng mạn giữa Seo Jun và Harin sến và cringe quá (đời nào rồi mà còn dùng mấy cảnh đó), Yeri diễn còn hơi đơ, mặt chưa biểu hiện tốt lắm. những tập cuối có thể thấy Yeri diễn tốt hơn nhiều rồi. Các bạn diễn ko biết có phải dv mới không nhưng diễn còn hơi cứng, riêng dv vai Hyemin thấy diễn phản diện khá tốt nhưng nhiều cảnh thấy hơi gồng. 2 tập cuối mình đã mong sẽ có twist ổn hơn nhưng lại bình bình 1 cách bất ngờ nên hơi thất vọng tí."
39,블루버스데이,THIS WAS GOOD YOU GUYS AND THERES HOTTIES
40,블루버스데이,lf: bestie
41,블루버스데이,"•no se preocupen por mi, yo sigo llorando"
42,블루버스데이,"me watching blue birthday
90% ""oh my god i'm so proud of yeri🥺""
5% ""who's the the killer🤔""
5% ""hey eunseong 🥰 are you free this weekend?"""
43,블루버스데이,another reason for me to find a boy bestie
44,블루버스데이,"fin. 13 dec 2021
started because of yeri and stayed because i love bingeable 20 min shows, and honestly i loved the plot too (especially the twist). the last few episodes were a rollercoaster though
(also yeri and hongseok's kiss was... possibly the worst on-screen kiss i've ever seen, sorry)"
45,블루버스데이,"I haven't finished yet but I'm so proud of Yeri, She just started acting and She did well"
46,블루버스데이,Yeri my beloved<333
47,블루버스데이,YERI <333
48,블루버스데이,Yerim a própria Fernanda Montenegro dessa geração
49,블루버스데이,"não tenho palavras para descrever o quão perfeito é esse kdrama, a cada ep que passa você fica mais aflito e curioso. os atores também são incríveis, inclusive até virei ""reveluv"", pois consegui me apaixonar na Yeri."
50,블루버스데이,pra um webdrama até que é mto bom..... yeri e hongseok <333
51,블루버스데이,kept skipping through the eps bcs it was ridiculous during some points but anw.. <YERI3
52,블루버스데이,"i didn't know this was on letterboxd so i'm gonna log it a month late
the concept and story telling was done creatively. it might be confusing for some as the characters time travel back and forth but it wasn't for me because i was too invested in the story. the writing was weak sometimes and some plot twists could've left an impact if executed properly. still, i enjoyed it because there's always a new rule in time travelling - which other typical time travel stories lacked - and it was done in a light hearted drama. hongseok's acting was a hit or miss but yeri stole the spotlight! she was so good for a rookie actress and i can't wait for her next projects.
the ending left us coming up with a new set of theories and hoping for a season 2. i wouldn't mind if there is one as long as i get to watch yeri again."
53,블루버스데이,eu posso mudar o kim shinwoo eu juro
54,블루버스데이,yeri kim <333  i love youuuu <3 but the drama can be extremely annoying at times !!! loved the acting tho
55,블루버스데이,this kinda cringe but hongseok waktu jadi dokter ganteng polllll
56,블루버스데이,YERI PRIMEIRA ATRIZ DO MUNDO
57,블루버스데이,well..it’s a web drama..yuri’s acting was great at least.
58,블루버스데이,"Ceritanya best, tidak lebih dari itu. Jika saya maraton drama ini, saya yakin saya tetap akan menonton banyak episod dalam 1 masa dan habiskanya dengan cepat. Cuma dia punya tahap best tidak mampu menandingi drama lain yang mempunyai genre yang sama. Kelebihan yang ada pada drama ini adalah tema persekolahan itu. Tidak banyak drama yang memfokuskan kehidupan dan masalah yang dihadapi pelajar sekolah. Lagipun kisah tentang pelajar sekolah bisanya akan menarik minat ramai orang dan pasti membuat penonton sukar untuk move on apatah lagi jika mengutamakan kisah persahabatan."
59,블루버스데이,"Stan Red Velvet, thank you."
60,블루버스데이,"someday or one day's little cousin
tends to be frustrating but still enjoyed it thanks to the actors :^)"
