,title,reviews
0,보쌈-운명을훔치다,KWON YURI OUTSOLD
1,보쌈-운명을훔치다,"first off i love how different to the usual saeguk this historical drama was, primarily set outside of the palace you really see the intricacies of the characters especially the princess. from the jump she is uprooted and following her journey is incredible to watch and the romance was slow moving but once it happens it just works. the show picks up in pace and suspense a third of the way through so it really grows on you but from then on the show just gets better. really loved how full circle the ending was, how unpredictable the plot was; despite being about usurpation and coups like most historical dramas, the king in this was unlike any other. you can't hate the royal family here instead you enjoy watching them and kind of root for them??
side characters were perfect, the family unit of ba-wu were so sweet and his best friend's relationship with court lady jo was both entertaining and made sense. the writer's did a great job with everyone's character and left no stone unturned. the second in charge in the palace is always the enemy in historical dramas but this guy was terrrrrrible absolutely evil, he was creating deaths and concocting treasonous plans like nobody's business. a very great enemy and villain to watch.
as far as second leads go, dae-yeop is the antihero you do not see often in kdramas and a very good one at that. you do not want him with the princess but you feel bad for his loss, they really wouldve worked together especially when you find out there was history between them and he had a chance. i did root for him for a handful of episodes but he is fickle and you can tell his filial dilemmas pain him. brilliant acting in this show literally everyone did such a good job. jung il-woo was EXCELLENT in this and kim tae-woo was a total scene stealer you really empathise with his role.
this show is a complete game-changer, one of the best saeguks i've ever watched and im a huge fan of the genre!!"
2,보쌈-운명을훔치다,my yulyulk outsold 😭
3,보쌈-운명을훔치다,"kwon yuri outsold as princess hwa-in. her staring at jung il-woo’s ass, she’s just like me fr!! the drama would truly be perfect if that kid would just shut the fuck up."
4,보쌈-운명을훔치다,"bagus bgt!!! yuri never fails me sumpahhhh, a very complicated relationship yet sincereful"
5,보쌈-운명을훔치다,"the start was so good like good,,, but as i watch it i kinda loose interest bcs i feel like i already know what’s going to happen next 

++ didn’t like the couple here tbh
~ 20 episodes"
