,title,reviews
0,키마이라,"This definitely could have been shorter especially since the second half is a lot faster paced than the first half, where it was a little boring at times because it felt like they were just repeating the same things but the plot twist saved it, I was not expecting that.
Also watching this in the same semester I have chemistry made me feel smart but it's not like I'm going to go around creating chemical explosions so it's not actually that useful lol."
1,키마이라,"I have been waiting to write a review for this ever since it ended in December of last year. Finally Letterboxd put it on their app for to review. This drama was real good with capturing suspense and horror they mix really well for this drama. The drama had the “Squid Game” and “Time To Hunt” star Park Hae Soo! Park Hae-Soo was amazing like always people want to talk about his performance in squid game was really good. To me they should see in Time to Hunt where he was menacing in and I was scared when he was around on screen underrated performance in my opinion. In this drama he really well and so is the rest of cast like Lee Hae-Jun, Claudia Kim, And Cha Joo-Young. Like other dramas there were times where it was slow, but once you get through that it is actually a really show for kdrama fans!"
2,키마이라,"Chimera is so straightforward even with its plot twists. It doesn't ever try to be complex, because it doesn't need to be. What it might lack in more vigorous storytelling it makes up for with a cast of engaging, well written characters with their own complicated histories and motivations. It's deeply satisfying both as a slow burn mystery thriller and a commentary on injustice and corruption. ""For people like us, a crime isn't a crime. It's a mistake."" 
It is the perfect k-drama TO ME. This...this is my Squid Game!!!"
3,키마이라,"Is it wrong if I want them to be gays. 😭.
But anyways, this chimera drama is SOOOO good! A lot of plot twist that making you 😲 (speechless).
Good job guys!!
Add : I'm in love with Lee hee jun
Rate : 90%"
4,키마이라,Not a single episode disappoints you in this well built drama about Serial killer and crimes of Past
5,키마이라,"""the way he looked at me felt warm and sorrowful, but why?... why did that murderer's eyes make my heart throb?"" 💔"
