,title,reviews
0,미스터기간제,"starts off with a bang, falters a bit but regains its momentum towards the end. took 7 episodes to get me invested but it kinda paid off. the cast did a good job, jun and kyunsang obviously stood out more than the rest.
that ending left me cold, i think we deserved a bit more closure. not only is the ending unresolved but there's nothing that could hint to a possible solution. absolutely loved the courtroom scenes though and i really wish we got more of them."
1,미스터기간제,"classified as underrated in its genre, even though their friendship is very goals wkwkwkwkw"
2,미스터기간제,i konw there's always something off with rich people in kdrama
3,미스터기간제,ayoko kay yoon kyun-sang sa clean with passion for now pero nagustuhan ko siya sa series na toh! galing niya in fairness naman. atska like it so much kasi walang masyadong love story as in pure solve lang kung sinetch ang nyumatey kay anechiwabels.
4,미스터기간제,This thriller mystery drama is nice! The plot twist was amazing and good rin yung acting. Nagenjoy ako magisip dito HAHAHAHA
5,미스터기간제,this is cool
6,미스터기간제,"Dari sekian banyak thriller yang aku tonton, ini yang membekas. Dengan alur yang dark dan berat.
Cinematografinya yang gelap namun tetep berkelas benar benar bikin suasana film semakin menegangkan, akting pemainnya juga benar benar membuat penonton jadi terbawa emosi.
Penggambaran kekayaan dan tekanan orangtua dalam membentuk anak berprestasi yang ternyata membuat anak itu malah lama lama menjadi psikopat gila. Duality Beomjin sebagai anak yang berbakti dan di banggakan karna paling pintar dan villain di gambarkan dengan jelas, membuat penonton muak sekaligus emosi karena tingkah Beomjin.
Belum lagi keluarga kaya di dalam film itu tidak perduli dan hanya memikirkan keuntungan uang, dan juga ketimpangan fasilitas dalam memperlakukan murid kaya dan murid miskin dalam drama ini semakin memperlihatkan bisa saja dunia zaman sekarang sangat bejad.
Beomjin yang nyatanya villain dan masih duduk di bangku sekolah melakukan segala cara untuk menutipi kejahatannya dengan cara psikopat handal dan membunuh orang yang menghalangi atau bahkan mencurigainya. Miris, kesal, dan kadang kasian... karena Beomjin benar benar hanya ingin di lihat sebagai anak sempurna dan membanggakan di depan orangtuanya.
Setiap episodenya, pasti mengumpat ""Beomjin gila lo!"
7,미스터기간제,Captivating and a complete addiction high school drama from start to finished
8,미스터기간제,suspenses colegiais cujo assassino é um gostoso? amamos ver
9,미스터기간제,"Cara pembuktian bahwa si tersangka ga bersalah dan ada orang lain yg bunuh itu bagus sih. Disusun rapi dan dikumpulin bukti2 dulu. Ga nyangka sih anak SMA konflik nya rumit bgt, lebih rumit dr yg udah nikah 😂 Overall bagus sayangnya kebanyakan tokoh dan ada bbrp scene yg terkesan di lama2in jadinya kaya sinetron. Apalagi ini 16 eps dan durasi tiap eps nya 1 jam an. Di eps awal udh ketebak siapa yg bunuh sbnernya cuman ttp penasaran endingnya. Buat aku yg bukan pecinta drakor, ini suatu pencapaian terbesarku nonton drakor yg mungkin ga sehype drakor lain 😂"
10,미스터기간제,enjoyed it
11,미스터기간제,"Mulai saat kemarin setelah nonton ini, kudu hati-hati sama murid pinter, cakep, tinggi, & populer. Yas musuh di balik selimut."
12,미스터기간제,rewatched this for 193882838 times
13,미스터기간제,"This drama deserves more recognition, although the plot wasn't something new, the script was written intelligently! All the performances were fine but the best ones were without a doubt Jun (Yoo Beom Jin) he really improved his acting level, and Choi Kyu Jin (Lee Gi Hoon) although he is still a young actor his acting level impressed me, every detail of his character were excellent!
If you like mystery and twists in the plot you should give this drama a chance.
My Score: 8/10."
14,미스터기간제,"ini baguss tapi lama,, butuh drama sekolah semacam ini lagi"
15,미스터기간제,"20. Class of Lies (2019)
- the intensity and fast paced SHOOK me.
- it took me a day to binge watch this without sleeping
- it is great since it is thoroughly detailed case and the people around it.
- just watch this!!! (4.5/5)
Memorable characters: Lee Gihoon & Park Wonshik"
