,title,reviews
0,이리와안아줘,AHHH she was such a bitch here and i didn't finish after she died 😭 i'll try to finish tomorrow but luv it
1,이리와안아줘,i recommend this drama to everyone when asked. it also has a huge chokehold on me i really love everything about it plus it’s starring the loml jin kijoo so
2,이리와안아줘,I’m not sure how to say this but I found Heo Joon-ho really sexy.
3,이리와안아줘,"korean 🇰🇷
the true star of this kdrama has to be heo joonho. he portrayed the serial killer yoon heejae soooo well?!?! he exerts so much dominance with just his eyes alone and for every single second that he’s on screen, he has my heart racing in fear for what he might do next.
jang kiyong and jin kijoo are also so wholesome and comforting to watch when they’re together on screen but sometimes it also feels overly melodramatic for me?"
4,이리와안아줘,Never finished it but the two leads are yummy that's it
5,이리와안아줘,"yummy plot i enjoyed!! however i’m scared that some people think the serial killer dad is also yummy?? he has nice arms sure, but he was literally terrifying let’s not"
6,이리와안아줘,twitter.com/mtr_fr/status/1473371385586237449
7,이리와안아줘,the antagonist gets introduced way too late and it feels like they switched genre 😵 healing drama > thriller .. couldnt finish it
8,이리와안아줘,"mds como que pode serem um casal tao saudavel e fofinho como se o pai de um nunca tivesse matado os pais da outra :(((( goals
lindinho demais ameiii (cinematografia on point tb)"
9,이리와안아줘,OMGGG this is one of my fav actors and the chemistry here and the whole story i’m in love with the kid actors as well
10,이리와안아줘,kim seohyung's outfits here >>>>>
11,이리와안아줘,THE saddest drama i've ever watched and one of the very few dramas i've cried over
12,이리와안아줘,"The depiction of trauma, guilt, sacrifice, love, friendship, family and just every fucking second of this show was MARVELOUS"
13,이리와안아줘,"I read the synopsis. It’s a psychopath serial killer. I wonder if I’m going to be able to handle this. It also begins with a teenage first love story. They first meet when her family is moving into their summer home. He is carrying his sister home after school. The dog barks out the window and scare the little girl on his back.
Wow! It get spine chilling scary in the first episode. His older brother was dangerous and evil like his dad.
The dog wanders off and ends up in the basement of the psychopath. Yoon Na Moo rescues it and comes down into the basement and the father confronts her.
That girl Gil Nak Won Is such a chatterbox she never shuts up. This was when she was a girl. He is attracted to her the moment he first saw her but he was quiet, mysterious and academically gifted. He kept silent about his feeling but she was forward and told him she liked him and would always like him. Even though he reciprocated her feelings he kept silent. His brother is arrested for attacking and injuring a male student at their school."
14,이리와안아줘,literally underrated. bagus!
15,이리와안아줘,was quite sad actually ;-;
