,title,reviews
0,달리와감자탕,"excellent goddamn perfect show..... moo-hak the malewife simp that you are i also fell in love with won-tak he's so real this is an amazing show i urge everyone to watch it's just fun romantic and really healing
do you want to marry me? ★★★★★
want to go through 7000 geops with me? ★★★★★★★★★★★★"
1,달리와감자탕,honestly more people should watch it. it was fantastic and the characters were incredibly well written
2,달리와감자탕,the character writing on this is A+!! and this just further solidified my attraction to men with a cocky demeanor (but can back it up)
3,달리와감자탕,"Kdrama
16 episodes
Highly entertaining Rom-Com❤️😁👌
Great chemistry between the leads😍❤️
Good supporting cast (Hwang Hee🔥😂 & Hwang Bo-ra😂)👌
Thoroughly Enjoyed❤️"
4,달리와감자탕,"tbh this drama need to recognize, a perfect example of what romcom series is, +++minjae & gyuyoung pairing is the best decision they had"
5,달리와감자탕,museum director wife and husband who cooks >>>>>
6,달리와감자탕,the conflict between art and money
7,달리와감자탕,ทรงผมกยูยองคือมหัศจรรย์มาก
8,달리와감자탕,"this is an enjoyable watch but could get quite stressful in the latter half. anyway... gyuyoung and minjae were amazing, and hwang bora definitely stole the show with her comedic acting!"
9,달리와감자탕,"So here iam ending this year with this show, what i really love about this that it was so simple to watch, i didn't expect it to be this good but i really love everything about this, the art and gallery made it even more entertaining to watch, i adore everything in this, the whole cast did such a great job, especially the main leads they were SOO CUTE >3"
10,달리와감자탕,"loved both main characters , their smiles <33, so much skinship
i think they were one of the best kdrama couples at communication"
11,달리와감자탕,"After a Long time, a Real Kdrama, yeah it felt like the old great entertaining Kdrama, I saw first. Everything is Fun and Entertaining, the romance and comedy is Top notch, best Romantic Comedy Kdrama of 2021...
4.5/5"
12,달리와감자탕,"this drama feels like the ''2016-2017 style'' aka the golden years of kdramas. its so warm and funny. im in love with everything in it. also the ost is amazing
BEST KDRAMA OF THE YEAR PERIOD"
13,달리와감자탕,"such a unique drama,
really liked it.
jin seonsaengnim was the best💜
Now, 3.000 won't be enough. Let's add 4.000 on top of this. Let's make it 7.000! Want to go through 7.000 geops with me?
watched: 11/18 - 11/22"
14,달리와감자탕,"ty for becoming my rest in the unruly months of september, october, and november.
HAD EVERYTHING done right romcom of the year iktr!"
15,달리와감자탕,"'Dali and Cocky Prince' es un kdrama romántico bastante entretenido durante la mayor parte de su desarrollo gracias al curioso contexto que da fondo a la historia. Tristemente, se pasa de cursi y de tontorrón como cuatro pueblos para mi gusto. Especialmente en la recta final, aspecto que hace que devalúe un poco mi valoración sobre el mismo. Si esto no te importa, dale una oportunidad."
16,달리와감자탕,this drama is so CUTE AND GOODD. the ending is so aww. why is it underrated
17,달리와감자탕,quero viver sete mil geops com o kim minjae que eu gosto
18,달리와감자탕,"one of my favourite dramas of all time <3
the girlboss and the malewife we love to see it !!!"
19,달리와감자탕,<<<33333333333333
20,달리와감자탕,it was so cute but it took me a while to get through. i still love it and would totally recommend it 🫂
21,달리와감자탕,"Lite RomCom
 The conflict is not really heavy and chemistry between them so adorable"
22,달리와감자탕,"Dali and Cocky Prince (2021)
Drakor ni cukup ringan dan sedikit bumbu misteri yg msh cukup menarik buat ditonton di kala bersantai."
23,달리와감자탕,Perfect
24,달리와감자탕,Highly recommend this drama for someone looking for a light and fluffy rom-com.
25,달리와감자탕,rich people problems
26,달리와감자탕,malewife rep >>>>>>>>
27,달리와감자탕,finished this today oh my god 😭 gonna miss this cast the biggesttt i love them <3
28,달리와감자탕,they're so funny and dramatic
29,달리와감자탕,"This was an absolutely delightful rom com series with great humour alongside touching emotional moments. Moo Hak's adoration for Dali was so genuinely heartwarming, I couldn't get enough."
30,달리와감자탕,"maganda, the actors are so great. namiss ko mag museum huehue namiss ko rin magkajowa (joke kabag lang 'to)"
31,달리와감자탕,jin moohak you're so funny
32,달리와감자탕,"If you ever need outfit inspo, just watch kdramas"
33,달리와감자탕,"MY BELOVEDSSSS I LOVE THEM SO MUCH </3
i’m only on episode 4 (& regretting that i didn’t start this sooner) but these characters make me very very happy & he reaaaally loves her it physically hurts me"
34,달리와감자탕,The Netherlands does not look like that LOL
35,달리와감자탕,"enjoyed myself. i love himbos who are in awe of the woman they love. everyone else is like ulterior motive, cool and collected, calm bc calculating meanwhile this man is like i like you. you, the woman i like. let me cook for you woman i fell for within hours.
edit: back bc i just wanted to say that i've never seen yeonwoo act and she was a lot of fun and i hope to see more of her."
36,달리와감자탕,Yönetmene söyleyin bir daha eline kamera almasın. Senarist başka hobiler edinebilir sanki zorlamasaydı. Kim Min Jae henüz çok genç ileride biraz daha başarı elde edebilir ama büyük projelerde görebileceğimi sanmıyorum. Üzgünüm baby face 😔
37,달리와감자탕,It was sweet until it made me cry like a river in the dorm...
38,달리와감자탕,Magari serialia es gogo dzaan magari msaxiobia bravo
39,달리와감자탕,"ini lucu bgt asli, aga complicated si tp seru bgt bakal dibikin ketawa mulu sm karakter moohak!! smart women vs dumb guy. female leadnya fashionable bgt sukaaaaa!!"
40,달리와감자탕,"the scene where moo hak pushed her up against the wall and kissed her and said ""is this a mistake too?"" BYEEEEEEEE WANTED TO COMBUST WENT FERAL"
41,달리와감자탕,Art is people's kind heart.
42,달리와감자탕,Masih dengan ciri khas drakor yang bisa memoles kisah cinta sederhana dengan membawa satu kekhasan yang diperdalam. Kali ini tentang benturan antara seni dan uang yang ternyata bisa dipertemukan dalam cinta.
43,달리와감자탕,jin moohak the only man ever
44,달리와감자탕,cute couple <3
45,달리와감자탕,"Linda comedia romántica que sobresale por el carisma de sus protagonistas y química, ambos son adorables. 
En un año dónde han sido pocos los k-dramas románticos viene bien algo ligerito, no cae en tanto cliché pero en ocasiones tiene un humor muy simplon."
46,달리와감자탕,<3
