,title,reviews
0,땐뽀걸즈,"정작 이거 만든 피디는 파업중이라는 소식이 들린다만 (부디 힘내십셔) 이런 다큐야말로 캐백수가 공영방송임을 입증하는 것 아니겠나싶은 다큐다.
눈물이 흐르지만 슬프지만은 않은 순간들을 잡아낸 다큐다. 그게 감독의 역량인지 우연인지는 모르겠다. 아마 어떤 한 순간들의 우연이 겹쳐져서 만들어낸 기적일지도.
나도 애기들을 가르치는 입장에서 다들 너무 이쁜 아가들인데 배경은 사뭇 다른 ㅠㅠ 그래도 현빈이 시영이 우리 땐뽀걸즈 모두 힘내서 잘 살자. 청소년들이 뿜어내는 생기는 그 어떤 연기로도 커버할 수 없는 아름다움이 있다. 형편이 어떻든지간에 열여덟의 싱그러움 그 자체가 주는 힐링포인트. 그리고 그 중 몇몇 아이들이 앞으로 남들보다 일찍 겪어야 할 삶의 신산함에 대해 미리 전하는 위로와도 같은."
1,땐뽀걸즈,Time to have fun and start dancing. You probably would enjoy the movie
2,땐뽀걸즈,열여덟의 일년은 그후의 일년의 밀도와 다르다. 오롯이 청량한 생명력으로 꽉찬 그들의 군무를 보고 있으면 조금은 부러워졌고 그보다 더 많이 살고 싶어졌다.
3,땐뽀걸즈,"졸업한지 얼마 안되긴했지만... 졸업후 학교가 아쉽단 생각이든건 처음이다
보고나니 컬링을 어서 다큐던 영화던 만들어주셨음 좋겠다..."
4,땐뽀걸즈,"다신 돌아오지 않을, 찬란히 빛나는 시간들."
5,땐뽀걸즈,"기득권(여기서 기득권이라면 어른 혹은 한국사회 자체라고 말할 수도 있겠다)의 시선을 배제한 채, 그렇다고 감정적으로 소비하지도 않고 그저 열여덟 소녀들과 이규호 선생님이 만든 작은 기적을 있는 그대로 담아낸다.(당연한 얘기일 수 있지만, 있는 그대로 담아낸다는 것이 참 어려운 일이다.)
그 시절의 향수를 불러일으키기도 하고, 찰나의 순간처럼 지나갈 그 시절을 헛되이 보내지 않은 친구들이 멋있기도 하고, 저런 훌륭한 선생님을 만났다는게 부럽기도 하고. 이런저런 감정을 자아낸다. 한국에 좀처럼 보기 힘든 다큐멘터리 수작이다."
6,땐뽀걸즈,"La pasión de los 18 en un documental.
-
열여덟의 순간. 아름답고 감동적이고."
7,땐뽀걸즈,"일본 청춘영화 좀 보신 분의 다큐
[2018. 08. 17 금요일]"
8,땐뽀걸즈,"상상마당시네마. 진진.
.
영화를 보고 나오며 진진이 말했다."
9,땐뽀걸즈,PC
10,땐뽀걸즈,"어, 개이득."
11,땐뽀걸즈,지랄발광할 상황에서 지랄발광하지 않는 18세 학생들과 선생님. 후반부 감성 파트를 3분만 줄였으면 더 좋았겠지만 그럼에도 제대로 된 청춘 다큐란 사실엔 변함 없다.
12,땐뽀걸즈,"약간 심심하긴한데, 일부러 예쁘게 꾸며지지 않고, 있는 그대로의 여고생들의 모습이 그려졌다는게 좋았음.특히 망해가는 거제의 현실과 대비시킨다는 점도 눈여겨볼 점."
