,title,reviews
0,60일지정생존자,"I started watching this in February with friends and we only finished it now, so my memory of the early episodes is hazy. 
I’m generally more unforgiving of movies and shows when watching them with others so it’s hard to tell what I would have thought of it if I had seen it by myself. Some of the politics is really interesting eg/ all the Discrimination Act mayhem; it’s much better when it sticks to the politics rather than the ‘nefarious secret organisation that keeps all their information in a single safe and ignores CCTV’."
1,60일지정생존자,"Even though it's just an adaptation, everything is much better than the original version (US). Especially it's in an Asian setting. So it was really easy to understand and more relatable for me"
2,60일지정생존자,"there is way too much sexy people in this show i loved it. also, i saw this last year but i found out kdramas are on here like what even.
p.s. ji jin hee is the sexiest middle aged man ever
p.p.s. lee joon hyuk is my favorite korean actor ever look at him being a menace to society, again. (see: stranger)"
3,60일지정생존자,the dilf buffet remains unmatched
4,60일지정생존자,"Political thriller menggigit berlatar konspirasi pengeboman hgga upaya kudeta. Politik adu domba, sentimen publik semenanjung korea, dinamika sosial-ekonomi & leadership. Solidnya performa karakter, narasi, hingga backstory. GREAT SHOW!"
5,60일지정생존자,"Adrenaline rush for this one. However, imo there are visible plotholes within the series and that actually bummed me out at the end."
6,60일지정생존자,"Based of the American show with the same name. In my personal opinion this one was WAY better.
The story was amazing, the acting 👏👏👏 and the political conflict was written so well.
The plot twists where beautiful done and the action scenes were flawless.
Loved how the acting president was written and his team was the best.
Rewatch? YES"
7,60일지정생존자,"kayaknya ini salah satu kdrama original netflix yang paling panjang yak? jujur gue udah masukin judul ini ke ptw sejak lama karna kata orang bagus, tapi ternyata engga sama sekali :( emang salah gue sih karena udah berekspektasi ketinggian, cuma ya gimana yak.
secara keseluruhan ini terlalu bertele-tele banget, terkesan diseret dan dipaksain (twistnya ketebak bgt). serius tp ga serius serius amat, ada kocaknya (memang kocak beneran btw) tp kayak ga tepat ajasi--jadi kaya setengah2 gtlooo. kalo mau serius ya serius, kalo mau kocak ya gimana ya...
tokoh-tokohnya terlalu banyak dan lemah, karakterisasinya kurang kuat gttt. gue aja sempet bingung ni pemeran utamanya siapa. dari kesemuanya juga actingnya ngga ada yg menonjol especially buat yang memainkan peran sebagai badan intelijen.
yang menarik di sini buat gue emang bagian kocaknya sih, interaksinya kim namwook sama cha youngjin wkwkwk."
8,60일지정생존자,great adaptation work! they made the political also socioeconomic dynamics far more humane and easy to perceive. well ... someone said the dilf buffet are unmatched ... couldn't be more agree.
9,60일지정생존자,"Wonderful show. Inspired on its American version with Keith Sutherland, Designated Survivor: 60 days offers a very different and unique experience. Treating the diplomatic relationship with North Korea, the U.S., was a good choice. I have to say that the Designated Survivor’s plot fits South Korea better that the US. I enjoyed it very much!"
10,60일지정생존자,"absolutely loved it, it had a bit of everything and kept me hooked even though I'm usually not really into political dramas."
11,60일지정생존자,went in blind. unexpectedly good! i hated oh yeongseok but he's so hot hahaha
12,60일지정생존자,wonderful drama!
13,60일지정생존자,amaziiiinggg
14,60일지정생존자,keren parah
15,60일지정생존자,The amount of dilf in this series idk where to look
16,60일지정생존자,NEED S2 ASAP
17,60일지정생존자,"gaada abisnya blg ini KEREN BGT! the best political drama ever, i have loved every character especially president park and the blue house avengers i'll miss them so much (i think i’m a big fan of them🫂) and i also love how the truth slowly unfolds"
18,60일지정생존자,"NOTHING BUT RESPECT FOR MY PRESIDENT!
Designated Survivor is basically just secretary cha on his knees BEGGING for park mu jin to run for office and park mu jin just waiting for his term to end so he can go HOME.
such an underrated kdrama. i usually hate political dramas and my mom watched the original one as well as the kdrama, but i saw the kdrama move to heaven and recognized ji jin hee in the lead role.
um, anyways, this much better than the american version, because while kiefer sutherland is talented, he cannot hold a candle to charisma and vulnerability that ji jin hee oozes.
Love how this show just turned the ""new guy gets a taste in power"" on its head and has park mu jin basically ready to sacrifice his happiness in order to prevent a military dictatorship. Like, you can see how he feels about his campaign. It really is a sacrifice for him because he isn't power hungry like everyone believes. I also find it soooo funny that everyone outside of the blue house is Convinced that park mu jin is wants to become president, when literally the first day he was like ""PLeAse LeT mE qUiT"". while he is also simultaneously being criticized for bad politics when he was literally just staying in his lane as a scientist, and was literally sworn into office in his jeans and sweater.
designated survivor really showed me that there can be the potential for compassion and humanity in politics, and i love that."
19,60일지정생존자,Keren banget!!!! Park mujin best acting president and blue house staff my beloved🥺🥺🥺
20,60일지정생존자,"A hidden gem! The brilliantly written political drama that keeps you guessing till the end. The situations that were presented were truly anxiety-inducing and made me imagining the worst case scenario.
President Park Moo Jin is the most consistent character with the most brilliant character development ever"
21,60일지정생존자,já nao basta se irritar todo santo dia dia com a politica brasileira eu ainda decidi assistir um dorama coreano sobre politicos podres💀 enfim gostei
22,60일지정생존자,tão bom quanto o original
23,60일지정생존자,It took eight episodes to really propel the plot but the second half of the series is really gripping. Plot twists are well executed and the ending has a strong resolution (and Minister Oh is very nice looking sry). Haven't watched the original and probably won't.
24,60일지정생존자,这个翻拍版比原版好看挺重要一个原因是限定剧，一个好的设定一季讲完快速收尾，留个一点悬念就行了日后有缘再拍。
25,60일지정생존자,"I've never seen the US version, but this is a good political drama. I like how Park Mu-jin managed the government and made decisions when he was become acting president. The series is so thrilling as they try to find the master of the President's assassination. They can also make political problems and their solutions are in accordance with the laws in South Korea."
26,60일지정생존자,"Walaupun gak pernah nonton versi originalnya mengingat ini sebuah adaptasi, tapi tetep deh SALUTE FOR THIS GREAT KDRAMA!!! Drama pertama yang bisa bikin kita inisiatif buat ngegugel karena banyak istilah-istilah pemerintahan yang cukup asing di telinga, dan ini juga bikin berkali-kali harus ngerewind biar paham maksudnya apa. Baru kali ini nonton drama sambil latihan skill problem solving, pokoknya seruuu dan banyak banget insight yang bisa dipelajari dari drama ini."
27,60일지정생존자,"I saw this on one of the Kdrama lists here in Letterboxd and it caught my attention. I never heard of this drama before and I also wasn't familiar with its original American version. I can say that it was a very good decision of mine to watch this.
The storyline is unique for me that's why I became interested more. It kept me at the edge of my seat almost every time. The characters did very well as they are so convincing. The character development is on point too. Hats off to the team behind this drama.
I may not binge-watched it like the other dramas, as it took me almost a week to finish it, but I can say that I liked and enjoyed this drama.
I hope that it gets the hype and recognition it deserves. Definitely a must-watch! Hoping for Season 2! 💯"
28,60일지정생존자,SO SO GOODD
29,60일지정생존자,son sukku my beloved ... <3
30,60일지정생존자,"《指定倖存者60日》
沒有看過美國原版影集但韓國版改得很合自己國家狀況，看了也會聯想到台灣的情況。男主角朴武振原是研究空汙的大學教授，因其專業被找去當環境部長，最後因國會恐攻所有政要均罹難而成為代理總統。朴武振是個理想性格的學者，一開始顯得不太能承受得住政治人物必須面對的巨大且立即的壓力，但他受到幕僚對政治工作熱情的感染，展現出強大的學習力，慢慢調適自己的心態，學習凡事無法完全以理想方式解決，必須在妥協中找出最合乎大眾利益的辦法，逐漸成為一個適任的領導者。本劇最令人氣憤之處不是主要反派，而是想藉著國難為自己政治生命鋪路的小人政客，他們的第一考量是自己的政治前途而非國家及人民利益，令人聯想起台灣現況，更是氣得牙癢癢。主要反派的作為雖極端，但其脈絡會讓觀眾甚至有點同情而不反感且有所思考。
本劇也是讓大家換位想像一下領導者的難處，最棒的一句台詞：
「這是沒有標準答案的考卷，國民卻每次都要求正確答案。而且是現在、立刻，還要在他們眼前回答，希望能完美解決。」"
31,60일지정생존자,"I am not really into kdrama in general but this one is a highy recommended one, this is the best political thriller I've ever watched. The performances, the charisma of the actors in their roles, and their chemistry really thrived as the season progresses."
32,60일지정생존자,"Designated Survivor: 60 Days no es para todo público. Tiene una trama densa, asfixiante, cardíaca y pesada de digerir. Pero es una serie maravillosa. En occidente quizá la juzguemos con una mayor ferocidad, a las sombras del drama original estadounidense que Netflix aun exhibe con orgullo en su catálogo a pesar de su reciente cancelación.
Aun así, la diplomacia y los roces políticos internacionales a los pies del salvaje terrorismo siguen un mismo camino tanto a este lado del mundo como en la península coreana, sumida en una extraña tregua desde hace más de 60 años con su nación hermana.
El atentado al parlamento es solo el listón inaugural de una serie de acontecimientos que fluirán como un torrente sin posibilidad de freno durante los próximos 60 días (30, si nos ponemos muy estrictos). El drama en sí es un espiral de situaciones (cada una más grave que la otra) que parecen no tener fin. En este nivel de incertidumbre, bajo este panorama de histeria colectiva y misiles apuntando a un desastre nuclear, es donde un tímido Ministro del Medio Ambiente tiene que dejar de lado los microscopios, el laboratorio, los números y la ciencia misma, para ponerse al frente de una nación que no lo eligió jamás. El profesor Park Mu-jin es un experto en química, un genio de formulas y raciocinio, pero una completa mediocridad en cuanto a política se refiere. La honestidad, en un mundo de corrupción, está muy lejos de ser una virtud.
Quizá eso es lo que más peso tiene a lo largo de toda la serie: ver la evolución de un presidente forjado a la fuerza, por las circunstancias de un magnicidio, mientras intenta mantener a flote todos sus principios. En el proceso de hacer lo imposible le lloverán traiciones y consejos por igual. Pero la serie brilla por saber llevar todo de una manera astuta e inteligente, sin caer en las vueltas de guión inverosímiles y mal fundamentadas a favor de una subida de rating.
A la par del Presidente Park y su entrañable gabinete presidencial también está el pequeño grupo de la policía antiterrorista que lucha contra reloj para descubrir quién está detrás de aquel bosquejo tan mundano. La teniente Han y el misterio que envuelve todo lo relacionado con su prometido dan, por si mismo, para una serie aparte. Y sin embargo se agradece que hayan sabido hilvanar ambos escenarios sin parecer forzados.
¿Algo que pocos tolerarán, quizá? Es un drama 'largo'. Episodios que superan los 80 minutos (típico de tvN) no siempre se pueden ver en una sentada.
Recomendada totalmente para todo aquel que disfrute los dramas políticos e intensos. (Los dolores de cabeza están más que asegurados)."
33,60일지정생존자,"Jadi Staf Khusus Presiden tuh gini. Ngalihin isu make isu. Jangan make cucu, kasian. Malah masih muda lagi.
ih, jadi kangen Jan Ethes."
34,60일지정생존자,"Salah satu dari 3 k-drama terame menurutku! Awalnya iseng nonton, tapi 30 menit pertama udah mulai penasaran dan jadi keterusan ke episode-episode selanjutnya. Rame banget, degdegannya kerasa, dan bawaannya suudzon terus."
