,title,reviews
0,의사요한,i would be lying if i said that i remembered what actually happened in this drama but from what i have rated it in my note book it appears to have been a good drama
1,의사요한,How to forget: Lee Seyoung's terrible hair extension
2,의사요한,siyoung's terrible hair extension gave me nightmare
3,의사요한,with me in the middle of quarantine
4,의사요한,"The story is very interesting and addicting.
Cha Yo Han is a fearless doctor. He is a specialist in ""Pain Dept."" He was punished for 3 years as a murderer, but now he is released.
Kang Si Young is a female doctor in Pain Dept. She took a one year break because of her PTSD. Now she's back because of Cha Yo Han.
There is a dialogue of Cha Yo Han which I really liked...
""Pain is a communication, our body uses, to tell us that something is wrong in that particular area.""
The soundtrack is awesome. The chemistry between the actors is excellent. And the concept of the drama is good."
5,의사요한,"THE SLOW BURN ROMANCE ON THIS DRAMA WAS THE BEST.
Jisung's and seyoung's acting was really nice and I really liked it. The plot was also not that common so it wasn't that predictable. One of the best medical drama I've seen!"
6,의사요한,BEST MED KDRAMA
7,의사요한,اركضي يا فتاة اركضيي 😭
8,의사요한,OA KO PERO LAHAT NG STARS IBIBIGAY KO DITO!!! GANDANG GANDA AKO SA MGA GANAPAN 😩 TSAKA YUNG KILIG KO KASI HINDI AGAD AGAD YUNG MGA KISS MOMENTS GANORN
9,의사요한,This drama was a great showcase of Dr. Cha talent. His diagnosis was like solving mini-mysteries. The doctor with issues was cliché but this drama was so good
10,의사요한,"Kamu satu-satunya orang yang memahamiku.
85% tentang medis Doctor John Drama tentang dokter ahli anestesi yang arogan namun jenius.
Cerita dan konfliknya klise. Ji Sung tampil memukau, sisanya so so."
11,의사요한,-1 star for lee se young's extensions
12,의사요한,"This is one of the two dramas that I binge-watch to death (the other one is Arthdal Chronicles). I finished this at 4 am.
My reasons?
1. I love Ji Sung. I first saw him in Kill Me, Heal Me and I instantly become a huge fan. He's so good at acting and he didn't disappoint me not even once.
2. I find medical drama interesting. How the Korean dramas and films deliver medical emergencies/procedures so realistic was amazing.
3. Social commentary. This tackles the most sensitive issue in the medical world the Euthanasia or dying with dignity.
4. Character development. Every character had their own side story and identity.
5. Pain, death, and empathy. These are less tackled in a medical drama. Others just focus on the lives and struggles of the doctors but this one focuses more on the suffering of the patients. Watching how Doctor John emphatically deals with the patients made me hope and believe that there are still good doctors out there who not only care about doctor's fees.
5. Chemistry. Well, it's not that much. This is a slow-burn romance but worth the wait. Glaring and knowing someone cares for you is enough for me. Since I'm not much into cliche cheesy romance thingy. Doctor So Yong did much effort of showing her love to Doctor Yo Han in a very unique and touching way.
6. Thrill. What made this binge-watch worthy is the thrill you will feel in each episode. The uncommon pain/diseases the patient suffering are like mysterious killers being hunt by the investigators (doctor).
7. Superb screenplay, well-portrayed characters, beautiful OST.
This series made me realize that pain and death are inevitable but staying by the side of someone who is in pain helps to reduce the pain. We could never say we understand their pain until we feel it ourselves.
I don't know if I'm I crybaby, but I cried so much in this series. This made me fell in love with Ji Sung more."
13,의사요한,ga selesai nontonnya waktu itu lupa dan ga kuat mental
