,title,reviews
0,어느날우리집현관으로멸망이들어왔다,“love me to the point that you want to destroy the world for me” has got to be one of the most romantic lines in a kdrama ever like if someone said that to me i would definitely marry them on the spot
1,어느날우리집현관으로멸망이들어왔다,i cried i laughed i punched my pillow great experience
2,어느날우리집현관으로멸망이들어왔다,"there is nothing that could ever top ""love me to the point that you want to destroy the world for me"" like they INVENTED ROMANCE. and today's crying topic is hand holding!"
3,어느날우리집현관으로멸망이들어왔다,"enemies to lovers excellence!!
the progression from ""love me to the point that you want to destroy the world for me"" to ""love me then i'll die for you"" to ""i want to live so i can die with you""  like?? i will never get over them?? they are the only ones that matter."
4,어느날우리집현관으로멸망이들어왔다,"park boyoung, lee soohyuk and seo inguk can step on me.. respectfully. 

I actually think this drama has the best second love line I’ve ever seen."
5,어느날우리집현관으로멸망이들어왔다,i fear i will never be able to watch another kdrama again bc no couple will EVER top them but also i will never recover from the emotions this put me through
6,어느날우리집현관으로멸망이들어왔다,kim saram my little meow meow
7,어느날우리집현관으로멸망이들어왔다,"""my plan is to love you without losing anything""
""then love me to the point that you want to destroy the world for me""
this invented cinema and love and ive never heard anything more beautiful and romantic in my entire life"
8,어느날우리집현관으로멸망이들어왔다,"ahhh yes the “love me to the point you want to destroy the world for me” drama.
as good as that line may be, i genuinely do not think the drama as a whole lives up to it at all. admittedly i may have watched this only passively but is it really my fault when this show’s plot was literally ALL OVER THE PLACE. and it was confusing too. the wax philosophical lines get you hooked at the beginning (i.e the line above!) and then it loses you completely because it just keeps fucking happening without actually making any reliable sense????? like what the hell are you guys talking about… genuinely… so my fondness for the characters ultimately lessened despite park boyoung and seo inguk’s chemistry being really cute. the plot just did NOT work. it tried. but it did not succeed.
everything else almost felt secondary and draggy because a lot of the subplots (and sometimes even the main plot) went in CIRCLES to the point of confusion. as if the writer/s kept banking on the emotional hooks to hit but it just kept fucking happening so it was like…. “oh okay… anyway moving on” idk i just wasnt emotionally attached to this even if the characters were likable enough. if this were just a slice of life instead of a fantasy it would’ve worked better. 
im sorry park boyoung i love u i really tried to like this….."
9,어느날우리집현관으로멸망이들어왔다,"myulmang: love me to the point that you want to destroy the world for me
me: say less"
10,어느날우리집현관으로멸망이들어왔다,"i love the cast, actually that's the first reason why i started watching this drama. i also like romance fantasy so i like the plot. the cinematography is also very good.
but the most important thing is: their chemistry is overflowing! so much cuteness and sadness in a drama. this is not only about love between a man and a woman, but also about family love and friendship. this drama made me cry so many times but kept my heart flutter til last minutes..
i also love the OSTs.
i love the ending but i wish it didnt end ""just like that"". well i cant tell you without giving you spoilers but anyway i love this drama, although there are some scenes that i didn't like because i found it awkward or weird but i think this is a drama that i would like to rewatch"
11,어느날우리집현관으로멸망이들어왔다,fav
12,어느날우리집현관으로멸망이들어왔다,you know it’s good when even my mom gets obsessed with it
13,어느날우리집현관으로멸망이들어왔다,obsessed with the storyline and the main actors chemistry (also txt and baekhyun’s ost!)
14,어느날우리집현관으로멸망이들어왔다,"If someone as attractive as Doom ""Human"" were to approach me to tell me, ""You can rest now. You live a good life."" before I die, you can bet your sweet ass I'll be grateful for that. I'll even die peacefully as that old lady did."
15,어느날우리집현관으로멸망이들어왔다,got bored later then forced myself to watch it for that sexy ass mf with the deep voice
16,어느날우리집현관으로멸망이들어왔다,Mr. Cha <3
17,어느날우리집현관으로멸망이들어왔다,'love me to the point that you want to destroy the world for me' AAAAAAAAAAAAAAAAAAAAAAAAAAAAAAAAAAAAAAAAAA
18,어느날우리집현관으로멸망이들어왔다,so cute im so glad they got a happy ending
19,어느날우리집현관으로멸망이들어왔다,every day the need for more girlboss leads increases
20,어느날우리집현관으로멸망이들어왔다,doom and joo ik are the perfect men. the last episode was the best series finale i’ve ever watched. other show writers need to take notes!
21,어느날우리집현관으로멸망이들어왔다,"loved the implication that whichever problems or adversities you're facing there's always a certain man responsible for it
twitter.com/mtr_fr/status/1467850781663670276"
22,어느날우리집현관으로멸망이들어왔다,hated that American guy
23,어느날우리집현관으로멸망이들어왔다,My roomate is a gumiho >>>>> Doom at your service.
24,어느날우리집현관으로멸망이들어왔다,That god/girl is a psycho.
25,어느날우리집현관으로멸망이들어왔다,lahat sila may chemistry which is so rare in kdramas ever since
26,어느날우리집현관으로멸망이들어왔다,"36. Doom At Your Service (2021)
I like the dynamics between Myulmang-Dongkyung, Jinah-Jooik-Hyukyu. They respectively giving chemistry that made their story interesting. But I'm afraid, I'm not quite fond by twist&turning, quite draggy storytelling DAYS had offerred... (2.5/5)"
27,어느날우리집현관으로멸망이들어왔다,this series is my joker im so serious
28,어느날우리집현관으로멸망이들어왔다,main dude wasn’t my type so I had to stop watching :/
29,어느날우리집현관으로멸망이들어왔다,"I never thought that I want somebody destroy the whole word to love me, every time I think in that phrase I have chills.
I love this drama <333"
30,어느날우리집현관으로멸망이들어왔다,WHAT A CHEMISTRY DAMN
31,어느날우리집현관으로멸망이들어왔다,amei mt d vdd mas faltou uma coisa a mais no final
32,어느날우리집현관으로멸망이들어왔다,Sobbed every single episode
33,어느날우리집현관으로멸망이들어왔다,"lmttptywtdtwfm brainrot til now! so poetic & metaphorical 😞 i love the main leads sm myulkyung u will always be dear to me <3 !!!!
also i just need to mention, the storyline of the 2nd leads was SO BAD i hate it so much jdjsjfjs i hope they didn’t add that awful love triangle meh"
34,어느날우리집현관으로멸망이들어왔다,"ENEMIES TO LOVERS!! Why was that god girl so confusing though? Honestly I'm sure there was an easier way of doing things, its like she enjoyed all the drama she was causing and it was a little repetitive but I don't care I love them, the last episode was my favorite."
35,어느날우리집현관으로멸망이들어왔다,LOVE ME TO THE POINT THAT YOU WANT TO DESTROY THE WORLD FOR ME
36,어느날우리집현관으로멸망이들어왔다,thanks you txt for the  soundtrack
37,어느날우리집현관으로멸망이들어왔다,"i dont like fantasy dramas but this was surprisingly watchable until the memory loss bs
but more importantly who was in charge of styling seo in-guk's hair and how much do u think it would cost for me to have them dye my hair like his for the rest of my life"
38,어느날우리집현관으로멸망이들어왔다,thank you baekhyun for bringing me to tak dongkyung and kim saram
39,어느날우리집현관으로멸망이들어왔다,is it really love if they cant love me to the point of wanting to destroy the world for me
40,어느날우리집현관으로멸망이들어왔다,"ngl only made it 8 eps in, the plot just kept going in circles maybe ill finish it one day but not today"
41,어느날우리집현관으로멸망이들어왔다,CHA JOO IK DREAM MAN <3
42,어느날우리집현관으로멸망이들어왔다,Been a while since I've enjoyed a second lead romance this much. Loved loved loved the lead couple!
43,어느날우리집현관으로멸망이들어왔다,once again my conceptions on love has been SHATTERED
44,어느날우리집현관으로멸망이들어왔다,"The story is too weak to hold any interest of viewers. The characters are weak and their journey did not make difference in their lives.
Neither Seo In-Guk was impressive nor his character have any impact in drama. Both are weak throughout the whole drama.
Park Bo-Young was good with his bubbly and sweet personality but both she and her characters lacks the strength of being a part of supernatural drama.
The drama is bearable in between but after some time, you just want to quit it. It can hardly hold audience's attention and adding a character who explains the flawed storyline didn't help either.
#not just skip it, dump it in the toilet and flush it."
45,어느날우리집현관으로멸망이들어왔다,"I want more screen time for Mr. cha & Na ji-na, also it felt very back and forth by the end, like almost too many “plot twists”"
46,어느날우리집현관으로멸망이들어왔다,daria 5 estrelas só pelo irmao da dongkyung qria me casar com ele
47,어느날우리집현관으로멸망이들어왔다,why are you hurting me
48,어느날우리집현관으로멸망이들어왔다,ah yeah im hard as a rock
49,어느날우리집현관으로멸망이들어왔다,"😭😭😭😭😭😭😭😭😭😭😭😭😭😭😭😭😭😭😭😭😭😭😭😭😭😭😭😭😭😭😭😭😭😭😭😭😭😭😭😭😭😭😭😭😭😭😭😭😭😭""love me to the point that you want to destroy the world for me."" ""i want to be alive, so i can die with you."" ""i was created for you."""
50,어느날우리집현관으로멸망이들어왔다,“love me to the point that you want to destroy the world for me”
51,어느날우리집현관으로멸망이들어왔다,"sad to see how all fantasy dramas are the same after goblin. the couple is so boring and has no chemistry. they just fill several non-existent and nonsense things in the drama to try to put story. there were scenes that were the same as in goblin, pathetic. the couple has a rotten development and everything is too fast, dumb protagonist"
52,어느날우리집현관으로멸망이들어왔다,The actors were good the plot just got a bit boring
53,어느날우리집현관으로멸망이들어왔다,"The only thing I regret is I didn't watch this immediately when, in fact, I literally waited for this pairing to happen. :<"
54,어느날우리집현관으로멸망이들어왔다,"first of all ""love me to the point that you want to destroy the world for me""
this made me cry so much its kind of ridiculous, full on sobs bc of these two. even the side characters were amazing. im in shock of how deeply this just imprinted on my brain"
55,어느날우리집현관으로멸망이들어왔다,"Uno de los mejores dramas de 2021. Realmente lo disfruté.
Sufrí durante todos los episodios pero al mismo tiempo me sentí muy conectada con los personajes."
56,어느날우리집현관으로멸망이들어왔다,Çok hızlı tüketiyorum her şeyi bu da  onlardan biri galiba… Bazı sıkıcı sahneleri olsa da güzeldi sadece yan çift çok hoşuma gitti keşke biraz daha ilişkileri gösterilseydi .
57,어느날우리집현관으로멸망이들어왔다,the tears i let out for this series..
58,어느날우리집현관으로멸망이들어왔다,"I would sacrifice most of humanity just to have a conversation with Seo In Guk- anyways literally perfecting, the writing is so beautiful"
59,어느날우리집현관으로멸망이들어왔다,"one of my fav kdramas ever! i have cried, screamed and clapped watching this, it has definitely been a very good experience. i love the main couple so much their chemistry is amazing."
60,어느날우리집현관으로멸망이들어왔다,"My favorite kdrama without a doubt, the cast is amazing as well as the story I love the way they gave all the main characters their own story and their own closure."
61,어느날우리집현관으로멸망이들어왔다,The plot was too meandering for me - and even for a Korean drama. The pace slowed to a painful crawl at times. But the actors and their characters were compelling and pulled it through.
62,어느날우리집현관으로멸망이들어왔다,slow start & wtf was that memory wipe arc but holy fuck pby <3333
63,어느날우리집현관으로멸망이들어왔다,giggling crying kicking my feet yeah
64,어느날우리집현관으로멸망이들어왔다,MY FAVORITEEEEEE
65,어느날우리집현관으로멸망이들어왔다,박보영 귀여워
66,어느날우리집현관으로멸망이들어왔다,"I'M BREAKING DOWN
melhor ost de 2021"
67,어느날우리집현관으로멸망이들어왔다,"Meh. It's fine.
I actually liked the secondary love story more than the main story.
I don't know why but all the dialogue seemed to be in riddles to me, and I could never quite gasp what was really at stake.
There are better versions of this tale out there.
That being said, everyone is stupid good looking so at least you got some eye candy."
68,어느날우리집현관으로멸망이들어왔다,"i loved this kdrama from start to finish, the construction of the characters was very well thought out, in a way that people who are watching feel excited to watch and understand a little more of the story."
69,어느날우리집현관으로멸망이들어왔다,I don't think I've ever cried so much watching something... Idk what that says about me but frankly idc at this point
70,어느날우리집현관으로멸망이들어왔다,"Love me to the point that you want to destroy the world for me
I have the biggest crush on Seo In-guk and I love Park Bo-young so I knew I had to watch this drama. From the very first episode, I completely fell in love with Tak Dong-kyung and was looking forward to the rest of this drama. Unfortunately, I found the plot to be too confusing and I blame the writing. During 4 or 5 episodes, I was ????? But thank God, the writing got better afterwards and I got to fully love this drama. Park Bo-young and Seo In-guk's chemistry is so good (that height difference!!!!!!). I also loved the secondary characters so much. I was so invested in Na Ji-na's plot. She is my girl!!!!!! I absolutely loved her story with Lee Hyun-kyu (it lowkey hit home lol). And though they no longer belonged together, I was somehow still rooting for them. I'm clearly not the biggest fan of her relationship with Mr.Cha because of that ""pity kiss"" like imagine being kissed by a random man in the streets ???? That's so weird and inappropriate. I would have preferred seeing her end up with Hyun Kyu or alone as an independent woman.
Overall, the show has its flaws but I really liked it 🥺"
71,어느날우리집현관으로멸망이들어왔다,"""love me to the point you want to destroy the world for me"" bc of this line i fell in love with inguk"
72,어느날우리집현관으로멸망이들어왔다,what a perfect chemistry
73,어느날우리집현관으로멸망이들어왔다,this os literally so well written im in love and obsessed and i love them all
74,어느날우리집현관으로멸망이들어왔다,WORDS CANNOT DESCRIBE THIS DRAMA.
75,어느날우리집현관으로멸망이들어왔다,"""what's your deal?""
""i'm your hand holder.""
i am once again watching this. i revisit this drama all the time for myulkyung, watching one episode at a time but this time i actually went through the whole serie but for the most part, i only watched myulkyung scenes. i'm so emotionally attached to them like their relationship's progression is everything to me. also, i'm a sucker for the whole ""ill-fated love, time limit on relationship, have their memories of each other erased then remembering each other again, sacrificing oneself for the other person"" thing.

when dongkyung and saram hold hands, walking into her aunt's house and he's reunited with her family and he says ""i'm back"", such a simple scene but i love it so much.

i really really love the soundtrack as well. txt's love sight was my #6 most played song of 2021 on spotify.

also, i hate the white uncle. his part was unnecessary and annoying."
76,어느날우리집현관으로멸망이들어왔다,it took forever to things happen omg!! and why the main characters as so cynic
77,어느날우리집현관으로멸망이들어왔다,"sumpah ini favs bgt sih! the cast and cinematography are just perfect, suma agak ganjel aja sama myulmang tbtb lgsg confess padahal seblum sebelumnya dia ga ditunjukkin kalo dia suka"
78,어느날우리집현관으로멸망이들어왔다,"i do NOT understand people who call this ""ovverrated"" in the slightest 😭😭 babe whatd u expect 🤔 anyway the secondary couple was sk much better than the main one lol"
79,어느날우리집현관으로멸망이들어왔다,"No quesito fantasia, a trama é um pouco básica, tendo divindades e seres mágicos que é possível encontrar em outros doramas (tipo de coisa que não me incomoda muito, estou apenas fazendo comentários pertinentes).
Mas o que faz de Doom At Your Service um drama completamente incrível são a química dos personagens. Os dois protagonistas tem um romance forte, tendo ambos que enfrentar suas diferenças e realidades para ficar juntos. Além do triângulo amoroso dos personagens secundários que me deixou muito presa a história deles. Embora seja inimiga declarada de triângulos amorosos, eu nunca tinha visto um dorama na qual se desenvolva essa tipo de romance entre personagens secundários. Realmente me deixou vidrada querendo saber até mais sobre eles do que sobre os protagonistas. O elenco foi muito bem escolhido e cada ator conseguiu entregar uma ótima performance. Park Bo-young, como uma atriz talentosa, sempre com uma atuação impecável. Seo In-guk foi uma tacada de mestre porque apenas a visionomia dele já é perfeita para o personagem. Fotografia, enredo, figurinos, cenário, tudo isso nesse drama é completamente único e visualmente perfeito. Uma história muito envolvente.
NOTA 10/10 ;)"
80,어느날우리집현관으로멸망이들어왔다,"This show was such a rollercoaster, but it was good. I didn't mind the side storyline."
81,어느날우리집현관으로멸망이들어왔다,"the handholding??? the ""love me to the point that you want to destroy the world for me""??? and ""my whole existence was created for you""??? i was crying screaming shaking punching the air the whole time"
82,어느날우리집현관으로멸망이들어왔다,i too want this doom at my service
83,어느날우리집현관으로멸망이들어왔다,the ost >>>
84,어느날우리집현관으로멸망이들어왔다,This was pretty good also got hotties in this😝
85,어느날우리집현관으로멸망이들어왔다,The plot is super forced to be like Goblin. It was trying too hard to be cool but it wasn't. Everything about it is too mediocre and it's kind of dragging when we all know how it will end.
86,어느날우리집현관으로멸망이들어왔다,"Cuma sampe ep 7. Awalnya bagus tapi lama2 jd maksa, bahkan park bo young tidak mampu membuatku bertahan nonton sampe abis"
87,어느날우리집현관으로멸망이들어왔다,"I WANT TO TALK ABOUT MYULMANG FOR HOURS
start: 23.11.21
end: 08.01.22"
88,어느날우리집현관으로멸망이들어왔다,"Moral of the story: no matter what misery or trouble you're in, there's always a man behind it."
89,어느날우리집현관으로멸망이들어왔다,could not care less about the main couple BUT cha jooik and na jina on the other hand…. muacks
90,어느날우리집현관으로멸망이들어왔다,Someone hold my hand for fu*k's sake!
91,어느날우리집현관으로멸망이들어왔다,actually enjoyed this a lot! kinda wish the ending was a bit different
92,어느날우리집현관으로멸망이들어왔다,I keep thinking about this.
93,어느날우리집현관으로멸망이들어왔다,yall i need to stop watching shows just bc of the hot actors bc some of these plots are not it😭😭😭
94,어느날우리집현관으로멸망이들어왔다,"chemistry was so good and didn’t get bored once while watching. also strong female lead, def one of my fav kdramas"
95,어느날우리집현관으로멸망이들어왔다,la mejor serie ever
96,어느날우리집현관으로멸망이들어왔다,"ENEMIES TO LOVERS
ENEMIES TO LOVERS
ENEMIES TO LOVERS"
97,어느날우리집현관으로멸망이들어왔다,"Tak Dong-kyung como editora y escritora al final se me hicieron la cosa mas genial que pudieron hacer, se ve que disfruta mucho su trabajo, se mira interesante juntar ambas cosas que van de la mano.
Al principio la manera en que todo es un desastre para ella en todos los ámbitos, :( además que le dicen que su enfermedad ya es terminal con tiempo de vida 100 días aprox, pinche shock tan grande que yo tendría.
La manera en la que reprime todas sus emociones y no llora me da tristeza u_u
Me gusta como se conocen con la lluvia de estrellas, como aparece de la nada en su casa JAJAJA robándose su pastel. El cinismo de ""Yo no como, ni duermo, ya que no soy humano"" pero si bien que te tragaste el pastel JAJA, TOP.
Cuando hacen el pacto y el le da la pulsera roja para sellar su contrato, me remitió al hilo rojo japonés que supuestamente esta conectado con la otra persona destinada a estar contigo de por vida .
La casa de Kim Sa-ram es la mera onda tiene ese estilo de ricachón elegante minimalista pero clásica al mismo tiempo, me gustó mucho.
También se me hizo bien original que solo Tak Dong-kyung puede ver su verdadera cara.
También es lindo que representaran a la deidad como una niña inocente pero sin quitarle lo cute obviamente.
Como se enamora de ella, pero desde antes, y tarda en reconocer ese sentimiento ya que nunca lo había experimentado antes. Me gusta que se preocupe por ella, sea amable, considerado y hasta celoso ajaja no sabe lo que le pasa a el mismo, entrando en crisis mil.
Al final que se dedica a ser lo que realmente descubrió en el camino que le gustaba hacer porque pasaba demasiado tiempo en ese lugar y le agradaba ayudar a las personas y que estas le dieran las gracias por salvarlas. Ahora es un Kim Sa-ram lleno de luz ya no es darks.
Que gran amistad la de Cha Joo-ik y Lee Hyun-gyu diciéndose las cosas a la cara y hablando claro aunque tengan que deprimirse por su amor hacía Na Ji-na (otra vez un fucking triángulo amoroso)
El Ep 14 me destruyó alv, chillando mashin
Frases que rescato de Tak Dong-kyung:
“Las cosas pasajeras son generalmente hermosas”
“No tengo miedo de desaparecer, tengo miedo de no poder volverte a ver”
Kim Sa-ram:
“Conviértete en el primer ser humano en amarme”
“Cómo debería llamar a este sentimiento, que no puedo contener?” El pensaba que no tenía sentimientos
“Deja de mirarme, me vas a perforar” JAJAJAJA
Lee Hyun-gyu:
“Estate alerta siempre estate alerta” Sólo cometí un error, Haría lo que fuera por tenerla
PD: como siempre digo el soundtrack es una chulada!"
98,어느날우리집현관으로멸망이들어왔다,watching this did not feel real cus i was crying during every single fucking episode like this shit hurt BAD
99,어느날우리집현관으로멸망이들어왔다,"Bem mais ou menos, sem graça mesmo..... Demorei um pouco pra terminar"
100,어느날우리집현관으로멸망이들어왔다,"Loved this series, I laughed alot, cried ALOT. But it was all worth it.
The romance with a hint of fantasy was on point. And every episode warmed my heart."
101,어느날우리집현관으로멸망이들어왔다,The most disappointing drama of 2021. I was really looking forward to it because I love the lineup. Wannabe Goblin with laggy here and there plot. The second leads were more interesting.
102,어느날우리집현관으로멸망이들어왔다,"Perfect perfect but I would take off a liiiiiiiiittle bit of the last star just bc of the end of the drama but not too much for me to put 4,5 lol
Also : seo in guk hehehehe 
My love for men makes this review a liiiiitle subjective lol"
103,어느날우리집현관으로멸망이들어왔다,"Just cute and ended with a happy ending. 
And now I am probably going to watch so many more kdramas."
104,어느날우리집현관으로멸망이들어왔다,"Man, i would tear the world apart for Seo In-Guk in an instant, no questions needed. It was a little dull by the end of it, but i was so happy looking as his face and hearing Love Sight every episode that i didn't really mind it ❤️"
105,어느날우리집현관으로멸망이들어왔다,I understand the faults of this drama.... But why do I love it so much 😭😭😭 two of my fav leads together with a ill-fated love story 😏😏 is there anything better
106,어느날우리집현관으로멸망이들어왔다,"they had me kicking my feet, crying and swooning over seo in-guk <3"
107,어느날우리집현관으로멸망이들어왔다,i really enjoy it
108,어느날우리집현관으로멸망이들어왔다,"shitty ending, good crying, not enough bo young."
109,어느날우리집현관으로멸망이들어왔다,the chemistry is real
110,어느날우리집현관으로멸망이들어왔다,seo inguk you are one FINE man
111,어느날우리집현관으로멸망이들어왔다,started off so well but the plot got boring and confusing midway 😭 i didn't finish and don't plan to. immaculate chemistry between the main leads tho 🙏🏼 that rain kiss was the most romantic scene i've seen in a kdrama tbh
112,어느날우리집현관으로멸망이들어왔다,was crying every single episode it was bad for me!! but looking back at it a tragic ending would've been so much better... this one was alright tho
113,어느날우리집현관으로멸망이들어왔다,"This drama was romantic, humorous, and heartbreaking at the same time. The best part about this drama was definitely the characters & their relationship. LOVE the chemistry between the entire cast. The emotion behind the acting was amazing"
114,어느날우리집현관으로멸망이들어왔다,"- Would've been perfect if Kevin wasn't a part of it
- what do i do to get someone to hold my hand just because??????
- absolutely loved the second love story!
- i cried for each episode simply because of how much dong-kyung wants to be alive for the people she loves and how they also just want her to fight to be alive because they love her too much that they can't bear to lose her????????????? WHAT I AM SHATTERED"
115,어느날우리집현관으로멸망이들어왔다,"call me emotional but ""Love me to the point that you want to destroy the world for me."" and ""Love me. Then, I'll die for you."" gotta be the BEST lines i've ever heard in my life. shakespeare has nothing on myeol mang"
116,어느날우리집현관으로멸망이들어왔다,"loved it so much. every character was so cute and lovable. doom's story was so well written, ugh, i am so glad i watched this kdrama."
117,어느날우리집현관으로멸망이들어왔다,"""Amame hasta el punto que quieras destruir el mundo por mi""
Sin lugar a duda uno de los pocos buenos k-dramas del año, con base en una trama tipica en este género, la cual es ""amor entre ser inmortal-humano"" aún así lograron hacer algo bastante interesante que te dejara enganchada cada capítulo, donde no todo acababa color de rosa y existían momentos donde se podía llegar a creer que tal vez el kdrama terminaría con un final triste ( lo cual no es lo común en estas series de romance)
Después de tantos años viendo k-dramas, se agradace mucho encontrar series que se salgan del molde y te hagan sentir interesado e intrigado sobre los que pasará el siguiente capítulo."
118,어느날우리집현관으로멸망이들어왔다,"no inicio tinha tudo p ser um dos meus favoritos e a partir da segunda metade ficou mt repetitivo e entediante o plot nao saía do mesmo lugar mds que odio
pelo menos o myeol mang é meu tipo ideal de homem simplesmente o maior gostoso do universo
e a cinematografia tb é uma das melhores que ja vi coisa linda"
119,어느날우리집현관으로멸망이들어왔다,La forma en la que lloré en el episodio 14 realmente se me iba la vida con ellos. Buena experiencia les amo
120,어느날우리집현관으로멸망이들어왔다,Doom.
121,어느날우리집현관으로멸망이들어왔다,i lvoe this show so much
122,어느날우리집현관으로멸망이들어왔다,"how is every character so lovable?! honestly couldn't even pick a side when it came to the love triangle.
I already want to rewatch"
123,어느날우리집현관으로멸망이들어왔다,"Bad, bad boy, shiny toy with a price, you know that I bought it.
A mi dame un libro, serie o película con un protagonista que es badboy lowkey good boy and thats it, thats my shit. De verdad que amo las historias que son un poco tristes, pero eso sí con una resolución por lo menos optimista porque hay que cuidar el corazón."
124,어느날우리집현관으로멸망이들어왔다,GOD I NEVER RELATE OR CRIED SO HARD BEFORE
125,어느날우리집현관으로멸망이들어왔다,as txt once said: fighting bleeding losing crying crying
126,어느날우리집현관으로멸망이들어왔다,dropei hihi porém tem beijo no 6 epi fiquei chocada mas é meio chatinho…o cara tá sempre com um cigarro na boca e nunca fumando skskks
127,어느날우리집현관으로멸망이들어왔다,Este drama é maravilhoso
128,어느날우리집현관으로멸망이들어왔다,"I love itt i cried, i laughed, i ask for mercy, i wanted to kll a girl it was amazing. Btw seo in guk you can ruin my life if u want to"
129,어느날우리집현관으로멸망이들어왔다,"cute from the start, but it got boring, the chemistry between the main actors it's what saved this drama"
130,어느날우리집현관으로멸망이들어왔다,"Sooooo good, would’ve preferred a more tragic ending"
131,어느날우리집현관으로멸망이들어왔다,Would you like to CRY? Well this is the show for you
132,어느날우리집현관으로멸망이들어왔다,i watched it for park bo-young and left falling for seo in-guk.
133,어느날우리집현관으로멸망이들어왔다,"""Love me to the point that you want to destroy the world for me.""
Best line in kdrama. This drama gave enemies to lover excellence with fantasy genre. Their first kiss in the rain, their whole dynamic was so perfect. The second leads love triangle had me so hooked too. Side characters are funny and great. Couldn't ask for more. Gonna bow down to the writer cause this drama truly had the best lines in kdrama history."
134,어느날우리집현관으로멸망이들어왔다,theyre my parents!! they raised me
135,어느날우리집현관으로멸망이들어왔다,the longing this made me feel... ridiculous. When will i meet the person who will want to live so that we can die together? 😩😩😩
136,어느날우리집현관으로멸망이들어왔다,happy to report that once again i have fallen victim to seoinguk and ten year old me is crying rn
137,어느날우리집현관으로멸망이들어왔다,perfeito incrivel maravilhoso nunca será igualado
138,어느날우리집현관으로멸망이들어왔다,kim saram pls sirain mo buhay ko <333
139,어느날우리집현관으로멸망이들어왔다,THIS will be forever my fave kdrama
140,어느날우리집현관으로멸망이들어왔다,seo in-guk's sad puppy eyes caught my ass LACKING
141,어느날우리집현관으로멸망이들어왔다,seo inguk is literally so hot.
142,어느날우리집현관으로멸망이들어왔다,"“Você precisa do inverno para ter a primavera e do inverno para ter a luz.”
o ano nem terminou mas eu digo com toda certeza do mundo que esse foi o melhor da dramaland desse ano apenas…… depois disso aq eu nunca mais vou ser a mesma"
143,어느날우리집현관으로멸망이들어왔다,"this drama is flawed in many ways but i have to admit that it made me feel so many things that i haven't felt in the longest time. their chemistry is out of this world and honestly i look forward to watching it again some day knowing it has a happy ending(i was so stressed lmao). it feels like doom at your service had the most perfect timing for me, and i'll be forever grateful<3
p.s. where has seo in guk been all my life?!!! more pls"
144,어느날우리집현관으로멸망이들어왔다,this drama rip up my heart and then tried to stich it back together like nothin happened
145,어느날우리집현관으로멸망이들어왔다,"since Seo In-Guk is here i got so excited to watch,,, love the romance and chemistry between the two. The story line was unique that it made it so fun to watch
++ ending part was kinda not what i expected since i saw that kind of endings in kdramas. Dawon is here so it’s one of the reasons i watched it 
~ 16 episodes"
146,어느날우리집현관으로멸망이들어왔다,"the secondlead couple is what made me watch till the end. it was broken but it was good, they got their maturity and that's what really matters."
147,어느날우리집현관으로멸망이들어왔다,"Dibuat nangis ma film ini, ternyata happy ending untunglah, emang mbak Park Bo young always young, cocok ama Seo in Guk, saat kesedihan dan kebahagiaan berjalan bersama."
148,어느날우리집현관으로멸망이들어왔다,"in the mood of something cliche and sweet when i decided to watched it, and it totally got da vibes im looking for"
149,어느날우리집현관으로멸망이들어왔다,"i cried almost every episodes
i truly emphathized with almost all the characters woah
the whole ‘butterfly in a garden’ thing was beautiful 
the last episode<3 loved how everything wrapped up
jina and jooik <3"
150,어느날우리집현관으로멸망이들어왔다,love me to the point you want to destroy the world for me
151,어느날우리집현관으로멸망이들어왔다,it got so repetitive and boring :[ i couldn’t finish
152,어느날우리집현관으로멸망이들어왔다,comfort show <3
153,어느날우리집현관으로멸망이들어왔다,"I can't believe this is on here... I have some shit to say.
Yo I love Park Bo Young but why is her acting the exact same as in Strong Woman Do Bong Soon :(((((((((((((((( It's weird coz it feels like it's Bong Soon but she's not strong anymore, she's sick. I felt zero chemistry between Myul Mang and Dong Kyung and really could care less if they ended up together or not.
They kept pushing the fate thing and how it's her fate to die and also their fate to meet and be in love which is why when the God erased their memories and they forgot each other they still ended up meeting AGAIN because it was ☆fate☆ or whatever.. SO NOW TELL ME WHY DONG KYUNG DIDN'T DIE????? DID THEY NOT MENTION A HUNDRED TIMES THAT IT WAS HER FATE??? I am a fan of happy endings but there were too many establishing scenes for her not to die. How convenient that the fated thing to push through is ONLY the happy one???? The heck at least don't bring Myul Mang back?? OR have Dong Kyung die as fated and Myul Mang be all mad and wreak havoc. Or ANYTHING at all that makes sense. Don't just slap on a happy ending for the sake of it."
154,어느날우리집현관으로멸망이들어왔다,"Doom's actor should not have been Doom because he has a sweet face. Other than that, why did this show have me crying for like 75% of an episode. Dark and twisted, but it got the job done I guess."
155,어느날우리집현관으로멸망이들어왔다,Habis nonton #DoomAtYourService drama fantasi ini awal ny menarik tapi makin lama makin membosankan. Malah lebih menarik romansa second couple nya ketimbng pemeran utama nya wkkk
156,어느날우리집현관으로멸망이들어왔다,"the story was all over the place and the fantasy genre didn't really fit in, if only myeolmang and goddess characters were explained in depth i would rate this higher"
157,어느날우리집현관으로멸망이들어왔다,m a n n e r
158,어느날우리집현관으로멸망이들어왔다,I loved this so much
159,어느날우리집현관으로멸망이들어왔다,Allah'ım kafayı yicem çok gerildim kötü sonla bitecek diye.
160,어느날우리집현관으로멸망이들어왔다,very much good o’l classic kdrama style :)
161,어느날우리집현관으로멸망이들어왔다,Tak dong kyung
162,어느날우리집현관으로멸망이들어왔다,"""love me to the point that you want to destroy the world for me""
apart from txt being one of the artists on the soundtrack, I LOOOOOOVE this drama"
163,어느날우리집현관으로멸망이들어왔다,"I watched this drama because the crazy visual of the casts. But I can't even finish it because I'm bored. Nonetheless, the soundtrack is great, especially TXT-Love Sight."
164,어느날우리집현관으로멸망이들어왔다,o final desse dorama é a coisa mais decepcionante que eu já vi e eu moro no Brasil
165,어느날우리집현관으로멸망이들어왔다,LO ACABO DE TERMINAR ME ENCANTO😭😭😭💓💓💓
166,어느날우리집현관으로멸망이들어왔다,"to be honest, i don't like the ending.
at first, i was really invested in the way their relationship progressed. from hatred and apathy to ""Love me to the point that you want to destroy the world for me'. and then, after they finally started being honest with their feelings, i was really curious about how they were going to sort out the contract. and then, he died.
i knew that he was going to come back somehow bc i read some spoilers, but i was still teary.
i cried when she bought the rose. when she went to his house and cried. when she dreamt about him and woke up crying. when i saw how she still texted him regularly. when she tried so hard to not fall apart every time people asked about him.
i could feel her pain, and that's how powerful was her acting.
she gave him a reason to exist, and he loved her. deeply and sincerely. to the point he willing died for her.
that's (not that) simple, but poetic.
in my opinion, the plot would be way more interesting and remarkable if he just remained dead. a sad ending doesn't mean a bad ending.
also,
1 - at the end of the drama the dialogues started to feel soooooo cheesy that i actually got the goosebumps.
2- how they communicate with Kevin, i will never understand. the direction didn't even make an effort to hire a foreign looking actor that can speak at least the basic korean. he apparently lived with the aunt for years, and this make hard to believe that he can't speak al least short sentences.
3 - i felt like the soundtrack wasn't remarkable enough. if you've watched meteor garden, then you know the feeling of ""omg shit is about to go down"" when River starts to play. or, when i watched fated to love you, i would start crying as soon as Goodbye my Love started playing. music can bring emotions, and i think they could have made better use of this resource.
4- their chemistry is unreal. that's it. no more comments.
overall, is a good drama, but i wouldn't watch it again."
167,어느날우리집현관으로멸망이들어왔다,myul mang y dong kyung serving enemies to lovers ❤️‍🩹❤️‍🩹❤️‍🩹
168,어느날우리집현관으로멸망이들어왔다,"Chorei igual uma condenada, esse dorama drenou toda a água do meu corpo a cada episódio, se eu falar que sorri por apenas 5 segundos vai ser muito"
169,어느날우리집현관으로멸망이들어왔다,"Tenían todo para que fuera una historia espectacular, pero no, se quedó muy corta."
170,어느날우리집현관으로멸망이들어왔다,"Boring, predictable and nothing new, same old idea with a slight change in characters. 
Do you a favour and don’t watch it. You will thank me."
171,어느날우리집현관으로멸망이들어왔다,"fotografia linda, bons cenários, química pra dar e vender entre os protas e secundários (team vapirão aqui), inteligente da parte do diretor a forma com a história se desenhou perfeitamente pra caber nos 16 episódios (paguei pau real) super recomendaria :)"
172,어느날우리집현관으로멸망이들어왔다,"beautiful!!!! sobbing sobbing sobbing into episode 14. i feel like the persons who watched this and didn't take anything from it obviously was not watching the same show as me. doom at your service took me on a journey of falling in love with my own species (humans) and i've never had this feeling before. i've gained a new respect and admiration for the people around me, including myself. the acting is so beautiful, i don't have any other word to describe it. perfect balance of comedy VS romance VS life lessons. the leading couple and side couple both shone so perfectly - which we don't see often. the side couple didn't overpower the main leads, yet kept us intrigued and emotionally invested in their stories and who they will end up with. my heart goes out to the writer!!! the portrayal of dieties is the best i've seen ever; dieties are usually portrayed with these cocky, uncaring personas, then they fall in love with the human and ""WOW IVE CHANGED I LIKE HER!! NOT SO MUCH OTHER HUMANS BUT HER!!"" however, with doom at your service, the diety of life itself is deeply in love with humans and the way we live our lives and experience the things we do, and she chooses to understand that rather than be anxious and annoyed by our ignorance. and obviously the main lead mr. human begins to fall in love with the girl, but also in the end he is in love with other humans as well. i liked this very much i am very very very happy with this k drama 😁"
173,어느날우리집현관으로멸망이들어왔다,"I love how amazing actors get wasted in makjangs. After waiting In Guk for years, this is what we got?"
174,어느날우리집현관으로멸망이들어왔다,"Entretenida, gran la historia secundaria, la historia primaria también bonita. Un poco lenta en algunas partes y se me cerraba el ojo. Esperaba un final triste, pero gracias a Diosito no fue así."
175,어느날우리집현관으로멸망이들어왔다,"Rada salfok ke ji na sama cha joo ik but it made me cry. It's hurt when you cant remember or forgotten by the people you love:"""
176,어느날우리집현관으로멸망이들어왔다,"It was cute, I found myself smiling at Kim sa ram lines ;)"
177,어느날우리집현관으로멸망이들어왔다,i loved it so much! but if i ever decide to rewatch it please check on me
178,어느날우리집현관으로멸망이들어왔다,"Very witty k-drama, lines were good since the female main character was not the typical softie, you're handsome plz hug me or I wanna date you type of person. I wished that the main female character died but I am not the director. ( I might probably have an obsession with deaths)
Honestly, the romance of the side characters (female mc's best friend) was more exciting and you will anticipate it even more than the main ones since it was so good.
I wished that the film give the other characters a time to shine because their parts/stories were also worth a watch."
179,어느날우리집현관으로멸망이들어왔다,"Não tem um drama que essa mulher faz que fique ruim. Porém, trisal chatão era mais fácil fazer sururu, não superam nada deus me livre. a história em si é bem diferente e normal ao mesmo tempo, nada fora do normal de um kdrama mas também não é algo super esperado, a minha parte favorita foi o porque a desgraça não gosta do novinho (vulgo meu namorado), falando assim pra não dar spoiler kkkkkk"
180,어느날우리집현관으로멸망이들어왔다,love me to the point that you want to destroy the world for me.
181,어느날우리집현관으로멸망이들어왔다,"How's life...? Good
How would i define this drama? A slice of life drama mixed with fantasy about the personification of death learning to love a human with a terminal ilness, humans and life itself. And the human learning to love that personification of death and life at the same time.
Let me start this review by saying if you are asking yourself “I'm going to like this drama if I watch it?” my answer will be I don't know because like everything in life there is people who love it and there is people who don't.
Do I believe the first episodes are worth the try to, then you should decide if continue or not? Yes I do. In my opinion I think the first 4 episodes are good they have an interesting story line great lines great deliver of lines good main characters good acting and a good OST.
It's this drama worth of my time as a whole? For me it was. But there is something about this drama it's a fantasy drama BUT it's not your typical fantasy drama with a constant villain trying to destroy the main characters. So if you are looking for a drama with a villain and action maybe it won't be for you.
Now I enjoy it, I spend a good time watching it. I may not had watch 500 k dramas but I have watch TV shows and movies all my life from the US, from every country in Latin America, from Spain, Turkey and more and a lot of them were fantasy and i still enjoy it.
Why I enjoy it?
* I personally enjoy something with good main characters than badly written main characters and a lot of nonsense plot. The main characters are well written in my opinion and EXCELLENT 10/10 acted.
* There is a lot of depth and thought put into this drama. The story doesn't treat me (the audience) as dumb.
* They were sad moments yes I cry even tho I'm not a crier at all, but they were also a lot of funny and heartwarming ones and I HAVE A GOOD TIME! If I look back I have a good time watching this live.
* The ending was good it didn't had any low blow or something out of nowhere and lately I appreciate a good ending.
* The main romance was great. I have been watching media with this type of hate to love romance a lot is something I enjoy and have fun watching and for me it was well-made not boring neither problematic either I adored them.
* The non romantic relationships were great as well every relationship the FL has with her family is well written and acted.
Why I watch it?
I was looking since the start of the year for a drama to watch live since I spend all 2020 watching already finished dramas. But I drop many. I never watched anything with these actors.
What I dislike?
* As some people mention the “love triangle”. For me? I'm tired of love triangles I found them useless and besides that both male leads here were just not well handle. Specially the character of Joo Ik he was not well written or handle at all. But this is not the first and probably won't be the last I dislike second leads characters I didn't skip their romantic scenes but when I re-watch I probably will.
I always write reviews in my mother language for google but something evoke this drama in me for want to write it here.
So in conclusion I believe you should try to watch it if you don't care that much about villains and action. If this isn't your cup of tea then you can stop watching.
I don't found it a waste of time or potential at all I'm glad this drama exist. I'm glad to see this two talented actors paired together and see their characters develop for the past weeks. And I'm glad i watched it.
I'm giving a 8 to story for that love triangle, 10 for acting, 10 for production and directing and 7 for re-watch value so a 9/10 or 4/5 stars.
Thank you for reading."
182,어느날우리집현관으로멸망이들어왔다,“LOVE ME TO THE POINT YOU WANNA DESTROY THE WORLD FOR ME” PAOSODKDKDJDJDHHEHAJSJ
183,어느날우리집현관으로멸망이들어왔다,"Realmente disfrute viendo este K-Drama cada semana, Park Bo Young es lo más cute de este mundo 💕, sentí que en los últimos episodios decayó un poco y tiene varias similitudes con otros dramas como Goblin, pero aún así lo recomiendo."
184,어느날우리집현관으로멸망이들어왔다,<3 *sobbing noises* <3
185,어느날우리집현관으로멸망이들어왔다,"Good and evil, love and sacrifice, beginnings and ends."
186,어느날우리집현관으로멸망이들어왔다,"Simple, satisfying, beautiful.
It was pretty similar to the Goblin, I love watching it, waiting for next episode every week. Mid episode was the best they were so perfect that I can feel that pain."
187,어느날우리집현관으로멸망이들어왔다,"Hey... I like winter. I like the darkness of the night, and I like it when things end. If you think about it... Spring, morning, new beginnings also come because of you. It means you're responsible for both my misery and happiness.
I enjoyed watching their love, that’s all.."
188,어느날우리집현관으로멸망이들어왔다,"love me to the point that you want to destroy the world for me
YOOOOO i had multiple breakdowns because of this show"
189,어느날우리집현관으로멸망이들어왔다,"Honestly, got boring after a while."
190,어느날우리집현관으로멸망이들어왔다,I’d wish for doom daily if it came in the form of SIG
191,어느날우리집현관으로멸망이들어왔다,"bu ikili çok iyiydi, hafta hafta takip ederken çok sevmiştim.
biraz goblin havası vardı ama kesinlikle goblin gibi de değildi
kadın oyuncuyu çok seviyorum, her projesini zevkle izliyorum hep"
192,어느날우리집현관으로멸망이들어왔다,acho que esse dorama foi um dos que mais me fez chorar e também o que mais me fez pensar sobre a vida como um todo. foi lindo.
193,어느날우리집현관으로멸망이들어왔다,coisa mais linda nunca mais serei triste depois de ver esse drama
194,어느날우리집현관으로멸망이들어왔다,"yet another kdrama that made me cry a river.. literally BAWLED my eyes out not only when twas sad & painful but also when twas happy😭 (but i think part of it was bcos of my hormones acting up cos iykyk😸)
when are fantasy/ non-human & human romance kdramas not painful/sad its never a fantasy, romance kdrama w/o the main leads separating😭 but what i actually liked about the plot or storyline in this kdrama is that sum events or like things to happen next are unpredictable nd twas fascinating to see how things would end up between them bcos it does seem impossible at first which what makes it so painful BUT one thing is that i find it so shallow that the main thing & reason why all of that were bound to happen was bcos of that one wish for the world to end which jus doesnt make that much sense to me
ALSO i kind of had trouble figuring out what doom/myul mang's character rlly is nd like what his purpose is in the world jus until like the end eps where he explained more abt himself also with their contract i was jus confused..
i cant seem to decide if i find seo in-guk attractive or not but well i guess he is😅 the same way with lee soo hyuk
the actors here are actually pretty underrated i gotta say
ANWS SO IM SO HAPPY THAT I FINALLY GOT A HAPPY ENDING😭 recently ive been watching kdramas with sad endings😩 nd along with that i loved how unexpected the ending was it actually made me hopeless too that they'll never see and meet each other again which is why i cried the whole ep 14 & 15 istg"
