,title,reviews
0,모두그곳에있다,Sometimes when you try to heal a pain you just daydream about a thing that makes you feel safe and comfortable. Until you realize that is just your power before you die.
1,모두그곳에있다,"Plot twist macam apa ini :"")))))"
2,모두그곳에있다,kadın psikopat çıktı rıza baba
3,모두그곳에있다,*head in hands* im in confusion
4,모두그곳에있다,yorum okumaya gelmistim belki sonunu anlarim diye ama pek yokmus..
5,모두그곳에있다,no entendí el final
6,모두그곳에있다,Watch it come back to me! The plot twist is harddddd and legit made me cry. Korean writers are really eating the us up!
7,모두그곳에있다,Ok. Nice.
8,모두그곳에있다,"Hahaha, you deserve that girl. Love the plot and storyline also ""No Jeong Ee"" is so beautiful"
9,모두그곳에있다,"Ini tu katanya drama tapi film(?) Gatau deh tpi inii keren asliii, plot twist, endingnya mebagongkann bikin ngebug dluuu. Ada 2 kemungkinan si, jung-yeon sama konsulen itu cuma halusinasinya soo-yeon sebelum mati di hutan, kan dia di bully di hutan dan gara2 pembullyan itu juga nyiptain karakter2 yg lainnya (jung-yeon sama konsulen), dia mau bisa ngelawan klo dibully trs konsulen itu cita2nya dia dan yang ngebullynya masuk rumah sakit karena trauma gara2 udah ngebully org sampe mati. Atau konsulen itu nyata adanya, di sini diperkuat sama polisinya, pas di ending POV polisinya bilang mereka tu sebeneernya hanya halusinasi atau nyata, dan polisi ngeliat pas soo-yeon pergi ke bandara sama konsulen, yang ngebullynya jga dia dirawat di rumah sakit trs luka2 gitu dan dia bilang ga sendiri ada 11 org. Sebenernya ini open ending si, mau dipikir2 gmna juga balik lagi ke awal"
10,모두그곳에있다,confused sumpah
11,모두그곳에있다,CONFUSION
12,모두그곳에있다,"Kasus perundungan / bulying yg di backup oleh orang tua yg punya pengaruh
Emang as*hole sih. Gue benci banget sama yg namanya bully
Gue pikir endingnya emang sung youn beneran punya alterego
Tanya anjir malah kesel gue ending nya kaya gtu F**k!!!!"
13,모두그곳에있다,story of my life. everytime im in the edge immidiately always thinking about a lot of things that i could do all i capable of doing in the future but back again to reality ive trapped i have no power
14,모두그곳에있다,this is just so sad tragic heartbreaking distressing it weighing on my chest😭😭😭
15,모두그곳에있다,"a really confusing ending,,"
16,모두그곳에있다,"so to summarize, she was already dead from the very start ???"
17,모두그곳에있다,เวรย่อมระงับด้วยการจองเวร
18,모두그곳에있다,no sé pero q hermosas todas
19,모두그곳에있다,"Jadi, intinya setelah dia mau bunuh diri dia jadi punya banyak kepribadian dan ujung-ujungnya dia memang bunuh diri."
20,모두그곳에있다,"i think the plot really great if you middle schoolers to high schoolers.
this movie is about a girl who getting bullied until she hospitalized, but the school doesn't wanna this case getting blown up so it hide it.
the movie really portrayed the effects of getting bullied and its effect."
