,title,reviews
0,어쩌다발견한하루,dan oh is just like me because i like to think that i am the main character when in reality i’m just a side character that’s bound to die
1,어쩌다발견한하루,justice for lee do hwa
2,어쩌다발견한하루,haru and dan oh are the definition of soulmates no i dont make the rules
3,어쩌다발견한하루,no because they found each other each time
4,어쩌다발견한하루,"haru 🤝 dan oh 🤝 do hwa
best character in the drama"
5,어쩌다발견한하루,do hwa i hope life treats you better i love u
6,어쩌다발견한하루,"begs the question, “is being self-aware a blessing or a curse?”
also begs the question, “why isn’t rowoon my boyfriend???”"
7,어쩌다발견한하루,"i finished this at midnight, so haru and donu reunited on new years
theyre soulmates <3"
8,어쩌다발견한하루,"50% of the show consisted of people walking past another person and purposely bumping into them a little, the other 50% consisted of me bawling my eyes out. bloody enjoyed this."
9,어쩌다발견한하루,*proceeds to rewrite entire storyline where dohwa doesn’t get hurt*
10,어쩌다발견한하루,i too am an ill side character in my own life
11,어쩌다발견한하루,I need haru in my life
12,어쩌다발견한하루,i want what they have
13,어쩌다발견한하루,"finally finished all 32 episodes of this amazing k-drama series inspired by the webtoon, July Found By Chance. this tender and endearing story reminiscent of The Truman Show, The Neverending Story, W: Two Worlds Apart, will have you falling in love and crying your heart out in every hour-long sitting. a classic high-school drama with hilarious and thrilling world building and stress-inducing hijinks! can get a little repetitive/slow in the mid-latter section but ends strong in the final episodes. loved getting to know all the individual characters and seeing them all interact with each other :))
finished for #koreadathon!"
14,어쩌다발견한하루,Straight people rights ‼️‼️
15,어쩌다발견한하루,WE LOVE YOU DANO AND HARU😭😭😭😭😭💔💔💔💔💔💔💔😭😭😭😭💗💗💗💗💗💗💗
16,어쩌다발견한하루,"THE FRUITS BASKET EFFECT ONCE AGAIN.
I thought this was going to be a cutesy, rom-com of a drama. I WAS WRONG. There were parts that got really dark and parts that got scary and I genuinely had no idea where the story was going but in a good way. This drama was so good. I loved every character and I really like the endings for each of them (except maybe Do Hwa bc he deserved all the love)."
17,어쩌다발견한하루,"So much of potential wasted like this, that too for a forced love triangle, wow. I think it was definitely possible to focus on romantic relationships without sacrificing the more interesting aspects of the drama. A show starting with such an exciting and new premise and then going downhill makes me sadder than shows which are consistently bad.
However it was also very cute overall and the end redeemed it more or less. Do-hwa, Ha-ru, Dan-o best trio <3
I don't mention actors much but it would be a shame to not mention Lee Jae-wook, his acting was on a different level throughout the series."
18,어쩌다발견한하루,"Oh man, this has to be one of my top favorites.
This drama is so good holy fuck. I don't think I can fit my feelings and thoughts in such a compact space jddskjddf this drama hit me in several ways I did not expect it to.
I watched this drama during one of the worst times of my life. This show made me cry so hard. The plot is amazing, but the OST is in a league of its own. I still cry to the OST occasionally because it reminds me of this show and my shitty days back then. Feels pretty nostalgic.
Baek-kyung deserved so much better ughhh that man was so misunderstood and I will still fight for it two years later I don't care !!!! Still loved the first lead though, Ha-ru will always have my heart <3 I somehow managed to adore every character in this show and that says a lot.
Everything about this show makes me so...sad for some reason, but in a good way. I don't think I'll be able to rewatch it because it's PAINFUL to me which sucks but, still would give this a 5/5.
Very cute, full of cry-worthy moments, drama, great OST and plot. Don't miss it."
19,어쩌다발견한하루,"""Haru-ya!""💖"
20,어쩌다발견한하루,for a cast where all the guys are over 6ft you’d think they’d have longer pants 🤨
21,어쩌다발견한하루,i created a big free time for myself at the weekend and i finished the series in 2 days. i probably needed to watch korean series and i had fun.
22,어쩌다발견한하루,"Eun Dan Oh didnt ASK to be the shit, she just *IS*"
23,어쩌다발견한하루,"this show took me SO long to watch but i binge watched the last three eps and have overall enjoyed lots!!! 
a perfectly cast drama. 
DAN-OH AND HA-RU HAVE MY HEART. 
each time dan-oh sobbed and said “ha-ru ah” i sobbed too x"
24,어쩌다발견한하루,i am a WHORE for toxic men
25,어쩌다발견한하루,This review may contain spoilers.
26,어쩌다발견한하루,Someone give Gyeong a hug that boy needs therapyyyyyy
27,어쩌다발견한하루,"korean 🇰🇷
I had so much fun watching this!! it's just so cute and i love almost every character there is!! the idea of being an extra but not letting it restrict you from making your own story and changing your destiny is also so appealing to me. but bc i was firmly on team baek kyung and was obsessed with lee jaewook,, it also HURT ALOT watching this D:"
28,어쩌다발견한하루,MY COMFORT AND FAVORITE DRAMA IS HERE AAAAAA
29,어쩌다발견한하루,"haru, lee do hwa, eun oh melhor trio e haru e eun oh soulmates lindinhos <3."
30,어쩌다발견한하루,everyday i wake up and realise rowoon is not my boyfriend i cant do this anymore
31,어쩌다발견한하루,"im ill, im SICK with love for this show,,
she's just like me, danoh wakes up and makes it everyone's problem I love her
anyways never forget what jooda taught us, 'he love me he give me all his money'"
32,어쩌다발견한하루,"lee naeun is talented brilliant incredible amazing show stopping spectacular never the same totally unique, 5/5 💕💕"
33,어쩌다발견한하루,"i'm branching out this year and discovering new things. one of these things is something i’ve had a bit of interest in the past but never really explored.
that thing is the k-drama genre! the first k-drama i ever saw (and most likely not the last) was Extraordinary You.
i found Extraordinary You to be very refreshing. it’s a different kind of series i'm used to in terms of style but it made the experience more exciting. plus reading the…"
34,어쩌다발견한하루,"I was waiting to watch the last ep of this k-drama but looks like i won't so here we go , tbh this drama started great but at the end it felt boring , maybe the main reason why i watched it till the end is the cast , this cast was ON POINT , literally my fav thing of the whole drama, and oh god i hate love triangles so fucking much , kyung was my fav character ,…"
35,어쩌다발견한하루,"The premise is playful but it starts out really bland and annoying, especially because its lack of dynamic locations (almost 90% of the drama is set in the school) feels just as claustrophobic as the panels of the webtoon it was adapted from.
It does pick up somewhere in the middle when it begins churning out an interesting discourse on the subject of existence. Of course it doesn't really present us with new mind-blowing insights, but then again when does…"
36,어쩌다발견한하루,"a snoozefest
one star for jaewook and another one for the effort"
37,어쩌다발견한하루,"i just knew im a cool girl bcs i understood every lines, lessons, and the whole story itself. this is masterpiece. this kdrama deserves recognition. DO NOT SLEEP ON IT."
38,어쩌다발견한하루,the only thing that made me finished this series was the curiosity of the ending like how are the writers gonna end this shit. but yeah it was nothing like my expectation so in conclusion pretty bland to me
39,어쩌다발견한하루,"Dan-Oh's a girlboss, what more can I say? She's got a point, she's an icon and she is the moment."
40,어쩌다발견한하루,I JUST LOVED THE CAST SO MUCH. but i was sooo bored watching this. i still want to marry rowoon though
41,어쩌다발견한하루,My hopeless romantic ass was whipped when i first watched this.
42,어쩌다발견한하루,"i can truly write a whole essay about this kdrama. this is such a perfect, well made kdrama. if you are looking for young romance as well as a love triangle this is for u! both actors (male leads) are so cute so dw abt looks. the female lead is so pretty too and APRIL’s naeun does a great job in this kdrama! honestly, first episode i was bored and confused but little did i know right on episode 3 i was hooked. it was amazing, i would stay up to watch each episode, truly a great kdrama. a little about this is basically it’s a love triangle (soon develops into one actually) but it starts as the female lead dan-oh realizes she’s in a comic book where the author makes everyone say or do things on “stage”. u will understand the concept once u get deeper into the episodes. but it’s very good and interesting! to see how dan-oh handles these stages and changing her fate is enjoyable. i love the love story between haru and dan-oh it’s so cute! and haru (male lead, played by rowoon) is handsome and his acting is amazing. i will wait to see another kdrama from both of these leads because their chemistry was amazing. please watch it’s an amazing kdrama, you won’t regret it, if u get bored give it TIME! i promise it’s amazing. i’m gonna rewatch over and over again. 1000/10 highly recommend! 
p.s; if ur looking for a kdrama like this watch true beauty! honestly my theory is both of these kdramas r connected and controlled by the author except true beauty isn’t aware of themselves. (this will make more sense once you’ve watched both and understand the concept)."
43,어쩌다발견한하루,opd me enamoré de Haru 🥺
44,어쩌다발견한하루,"i’m a sucker for characters realising they are in a story trope. in extraordinary you, it was a comic book. the drama introduced me to some of the best characters ever. the concept was also pretty good. but it lost its charm when it was nearing the end. and the ending was very confusing. i understood it, but it was confusing because it didn’t make much sense. it was very rushed."
45,어쩌다발견한하루,best drama I've ever watched and until now I can't move on yea and i think we all shouldn't move on from this
46,어쩌다발견한하루,"Great start but too boring at end
The beginning episodes were so captivating, The whole premise was different from other school dramas that just excited me more. But, after Haru character disappeared, it became such a mess.
It is obvious that the stage thing will be filled with cliches but even shadow parts were also equally cringy. I didn't like the chemistry of main leads as well. Something was definitely missing. Dan ho character was quite irritating at times. Rowoon lacked at dialogue delivery too. Baek kyung performance was most convincing. Moreover, I was rooting for showing more of Nam joo and Joo Da story. I liked their story part.
The main character story becomes more boring. They talk about changing stage part, wonder around, talk about trees and Dan ho has chest pain and hospital scenes and repeat. That is just boring. Even Nam joo and Joo da are main characters of comic. Their story is shown less at end episodes. That doesn't make sense. Thea past thing was more boring and doesn't make sense at all.
It became so difficult to finish that I did skip a lot of scenes of end episodes. The ending was lame too. Just to make them have a happy ending, they again meet at the very tree and instantly recognize each other as well. So stupid!!
The stage part is completely like Boys before flower story. Even the second lead playing violin is same, A t least could have changed the musical instrument to guitar or something else.
Why do girls have to take out the books from shelf standing on the chair? Ans: Just to fall into the arms of boys, make eye connection and fall in love."
47,어쩌다발견한하루,"Started out great, but dragged at the end."
48,어쩌다발견한하루,literally one of the best dramas i’ve ever seen and no that is NOT‼️ an exaggeration.
49,어쩌다발견한하루,"I am THIS close to actually writing a blog post for a TV journal about how this is the one of the best postmodern Korean dramas, because I need everyone to watch this.
It is SO deep in its own meta that is becomes meta-meta, unconsciously criticising itself even from outside of its own internal criticism of popular narratives found in asian dramas. The things some people don't like about Extraordinary You, i.e. the love triangle, and the slow pace, are so ingrained in the network formula that EY almost seems like wide scale intertextuality, intended or not. Outstanding. I would love to really dig into the unintended implications.
Also, Haru and Danoh are one of my favourite kdrama couples ever. They are so sweet, and perfectly compliment the internal narrative (i.e. toxic masculinity sucks, actually, and you should never choose the abusive first lead just because he's been written for you.)"
50,어쩌다발견한하루,look no further cos THIS IS THE BEST ONE. i'm in love. the story was so gooooood. and the cast and the fits. i'm going to be rewatching this for the rest of my life
51,어쩌다발견한하루,quem shippa a danoh com o baek kyung faça o favor de [CENSURADO]
52,어쩌다발견한하루,"It’s hard for me to write about Extraordinary You - it’s a rollercoaster of emotions. For starters, the story is one of the most interesting ideas I’ve seen in film, and I feel it deals well with adapting a webtoon world, using its advantages and making fun of the (occasional) lack of details. This, paired up with the lovable characters, the great, sometimes intentionally overexaggerated acting and the fact that it also sort of makes satire of basic romance tropes while still being a heart wrenching romance story, makes a truly enjoyable drama (that is one of my favorite k-dramas of all time). It is certainly not flawless, but holds the essence of romantic k-dramas on its shoulders, pulls you in with its great characters and is guaranteed to give you a great time."
53,어쩌다발견한하루,"an interesting take on a kdrama by making a side character into the main character 
the characters are also lovable - wishing the best for do hwa - he deserves better"
54,어쩌다발견한하루,comfort in a drama
55,어쩌다발견한하루,i have na felt more alive watching this <33
56,어쩌다발견한하루,so many plotholes and the acting was too EXTRA for me. skipped through so much every episode and I felt it was just a waste of my time ig
57,어쩌다발견한하루,"me, not even the main character of my own life:"
58,어쩌다발견한하루,"One of the biggest disappointments of 2019 for me.
When you know the plot you realize that it is really good but when you start to see the small details is when it stops working.
The cast was good but the development of the characters was bad, you realize that something is wrong when you don't like any of the secondary characters and begin to doubt the chemistry between the protagonists.
All the scenes between Jooda and Namjoo were extremely boring to the point that I wanted to skip them, the same with the scenes of Jinmichae and the rest of the secondary characters. The chemistry between Rowoon and Hyeyoon was good but not so much, let's say it was acceptable.
The biggest mistake in my opinion is that all the episodes were the same, Haroo fought with Baek Kyung, then Danoh got sick and then she recovered and repeated the same thing over and over again, we get it, she was hella sick but thirty episodes of the same? No, thanks!
I understand they were in a comic book so they acted in a robotic way but even the characters who knew about that fact acted in the same way out of stage, especially Rowoon and I don't consider him a bad actor but yes, it was a disappointment.
Overal it wasn't good, only the first four episodes are worth it but ... only four out of thirty-two? It is not worth the time.
My Score: 6.5 / 10"
59,어쩌다발견한하루,soundtrack>>>
60,어쩌다발견한하루,HaRUUUU
61,어쩌다발견한하루,"Awwww I loved it! I’d purposely stayed away from k dramas but I’m so glad I watched it! It was such a great story and just loved Haru 😭
Amazing!"
62,어쩌다발견한하루,"seeing baek gyeong genuinely smile after literally like 14 hours of mostly inexcusable grumpy faces is the most precious thing in the world.
-like most kdramas i assume- they were going for hitting you right in the feels, and my gosh did it work. i fell right into their trap.
couldve gone deeper into possibly meaning of existence/ethics and not have so much haru vs gyeong filler, but still was absolutely lovely and was a really nice change after watching many, many revenge/horror/crime/dark thriller films this year. now i wanna watch more kdramas, and i 100% blame my friend who made me watch this."
63,어쩌다발견한하루,"Absolutely fell in love with this drama! 
1,000,000/10 would recommend to anyone who is looking for a romantic/conspiracy series!
<3"
64,어쩌다발견한하루,"this series starts up really good but ends up not so good. like, its getting boring and the plot is just going nowhere. but i was still curious about the ending so i kept on watching.
i also couldn't feel their emotions, the girl cried so hard but i was just like '_'"
65,어쩌다발견한하루,"This was such a cute show. While it was only one season, I absolutely loved the creativity and the camerawork was also well done. There were definitely a lot of emotions, and I strangely find myself content with Eun Dan-o and Haru finding each other in the end. I would have expected myself to like it more if the emotions were more intense and sad, but actually, this pleasant ending was a nice change (I recently watched the anime Banana Fish, that's why this was refreshing). While I was definitely frustrated with the lack of action between Dan-o and Haru, I guess the fact that this was such an interesting plot made up for it. I'm glad this was what I watched for my first K-drama."
66,어쩌다발견한하루,"I just kinda wanna throw myself into a lava pool of teddy bears and hugs. I think this show was so comforting and bright and beautiful with its moments of pain that kept me happy. Usually I like to be smothered in angst and shit but this show may have converted me to fluffy romance. Following our “extras” Ha Ru and Eun Dan-oh was a journey of destiny, love, and just determination and god fuck i wanna watch this show again."
67,어쩌다발견한하루,best drama ever!!!!!!!
68,어쩌다발견한하루,"The premise was playful and promising. I expected the characters not to fall into the annoying tropes of being the main couple of a Korean high school drama, but in the end the series kind of tumbled somewhere into that hole. The middle up to the penultimate episode was a bit bland and the flow of the plot was predictable. The last episode redeemed some of the mistakes it made, though."
69,어쩌다발견한하루,haru 💖💖💖💖💖💖💖💖💖💖💖💖💖💖💖💖💖💖💖💖
70,어쩌다발견한하루,i love LOVE this kdrama <33 literally so cute i’m not over it :’)
71,어쩌다발견한하루,"haru is the cutest munchkin on earth, and dan oh is so me. i love this! so entertaining and sweet."
72,어쩌다발견한하루,"this is the most recent drama i finished and PLSSS HARU IS SO PRECIOUS, ofc i cried again...."
73,어쩌다발견한하루,"I thank the lord everyday that letterboxd is starting to put up more dramas part 1:
Bom budum dee dum dum dum DAA DAAAA DUMMMM
*Checak* Kyung I love you *shhhhroo* HARU WHERE ARE YOU
If you get it you get it if you don't you don't"
74,어쩌다발견한하루,I relate to dan oh on a personal level not because I used to be hopelessly in love with someone who didnt deserve me (well maybe that too) but because I too am a side character in my own life
75,어쩌다발견한하루,lee dohwa
76,어쩌다발견한하루,okay now this is my favorite k-drama of all time. Its so good! like the concept is so different and good. Stuck inside a comic??!?!?!! like eun danoh and haru my babies fr. The way that they literally find each other in every comic…i cry. Kyung did deserve better tho love him.
77,어쩌다발견한하루,kind of amazing
78,어쩌다발견한하루,"kinda speechless after watching. love love love this drama! it’s so unique, and it makes you think AND feel. i wish there were more dramas like this one. even days after watching i am still thinking about it and i think it will change the way i see/watch dramas in the future.. i love the ost and the characters are so 3 dimensional. one thing i wish was different was the fact that they didn’t tell us the significance of the tree. i was bummed after watching the ending because it seemed kind of rushed and lacked the closure i wanted."
79,어쩌다발견한하루,hidratence bien antes de verla porque les aseguro que no les va a quedar una sola lágrima
80,어쩌다발견한하루,"a really interesting concept, with a somewhat decent execution. the cast really sold this one (though at times the character's and relationships did feel a bit too juvenile, but that could just be because they're high schoolers?), and you can tell how this was supposed to be a lot longer. but not bad!
a cute, short watch"
81,어쩌다발견한하루,so good lol the ending was not..! dan oh and do hwa carried haru >>>>> baekkyung. baekkyung sucked idc what anyone else say
82,어쩌다발견한하루,"Absolutely in love with this show.
I too call upon haru when things get tough"
83,어쩌다발견한하루,i too would use the fuck out of a stray kids song if i had it in the ost
84,어쩌다발견한하루,ive watched this show so many times its not even funny anymore ...
85,어쩌다발견한하루,amazing show!
86,어쩌다발견한하루,dohwa let's be bff
87,어쩌다발견한하루,i’m her in every witch way
88,어쩌다발견한하루,"I just spent two weeks binging on this show. Any single break I got is spent on this show. Just... I FEEL SO EMPTY WITHOUT IT NOW.
I love when shows or movies get meta and start talking about tropes and knowing they're fictional characters. Like that premise alone? LOVE IT. BUT WHAT I LOVE THE MOST is that they manage to take that concept and ALSO write a romance kdrama on top of it using all the same techniques the characters critiqued earlier!! IT'S LIKE, BRO I SEE YOU, I SEE WHAT YOU'RE DOING AND IT'S BRILLIANT.
Also, the characters, the setting, the MEETCUTES THE ADORABLE SCENES THE HEARTWARMING MOMENTS AND CONVERSATIONS. HOLLYWOOD STRUGGLES WITH THIS KIND OF SAPPY EMOTIONAL VIBE. Like literally every character is lovable. I want to live in this drama. Dan Oh and Haru? HELL YES. Dan Oh, Haru, and DoHwa? THE TRIO OF MY DREAMS. Dan Oh and Gyeong?? CAN'T GET ENOUGH SOMEHOW. I want to be in this drama and I don't even mind being an extra.
There are moments where it gets dragged out and idk if it's simply fanservice or they must deliver 16 episodes. But just when I thought things get repetitive, there's a plot twist and suddenly we're in Joseon dynasty era? PUT THIS SHOW IN MY VEINS.
Also, this has all the tropes that I love! Soulmate AU trope. Amnesia trope. FREAKING PINING.
I never felt more single IN MY ENTIRE LIFE."
89,어쩌다발견한하루,"one of my favorite dramas, it was so lovely and fun to watch, i loved the fantasy and the leads a lot"
90,어쩌다발견한하루,i wish i could see this again for the first time ever
91,어쩌다발견한하루,"a series of thoughts:
1) the true A3 were definitely dan oh, ha ru and do hwa, best trio right there
2) ha ru and dan oh are soulmates
3) wanted to punch baek kyung so bad, and then wanted to hug baek kyung so bad
4) whenever the strings in the soundtrack started racing my heart went 📈📈📈, they were so good!
5) overall started out great but became kinda repetitive towards the end and the love triangle became a little tiring. was a lot of fun tho!"
92,어쩌다발견한하루,ничего лучше никогда не было и не будет
93,어쩌다발견한하루,what is the best kdrama to exist and why is it this one
94,어쩌다발견한하루,IBALIK NYOOO SA NETFLIX PLSSSS HINDI KO MAREWATCH
95,어쩌다발견한하루,"pas désolé d’avoir des sentiments pour ce show. que ce soit les persos, le plot, les ost, l’aes etc j’ai TOUT kiffé mais pitie arretez de me donner envie d’être amoureux j’en peux plus"
96,어쩌다발견한하루,dohwa if juda doesn’t want you i’ll have you
97,어쩌다발견한하루,sorry pinanood ko dahil sinabihan ako ng crush ko taena
98,어쩌다발견한하루,Draggy at some points but it really disrupts the k-drama tropes in an interesting and effective way
99,어쩌다발견한하루,I MISS THEM
100,어쩌다발견한하루,"ONE OF MY FAV KDRAMAS EVER
- when i first tried watching this, i sort of dropped it bcos it was confusing but i then tried watching it again and had no regrets
- i love who she ended up with
- HAS THE BEST DUO IVE EVER SEEN IN A KDRAMA
- the ending :(((
- one specific scene made me almost bawl my eyes out
- dont hate the second lead role i swear hes best boy"
101,어쩌다발견한하루,Haruuu
102,어쩌다발견한하루,loved this so much it was so fun and cute and also made me want to DIE i loved it very much <33
103,어쩌다발견한하루,this shit was so😭😭😭😭💀💀💀💀💀💀💀
104,어쩌다발견한하루,"feb 9 - feb 14 2:11
omw to rewrite the entire story so dohwa’s happy by the end"
105,어쩌다발견한하루,I just can't bring myself to believe the fact that the bad guy with daddy issues and an angsty character arc lost the girl to a softboy named Haru who appears in episode 3.
106,어쩌다발견한하루,"வழக்கமாக K-Drama-இல் இருக்கும் Usual Drama,Cliches இதில் தூக்கலாகவே இருக்கும் ! அதை தவிர்த்துவிட்டுப் பார்த்தால் உனக்கு பிடிக்க வாய்ப்பிருக்கிரது எனும் அறிவுரையை மனதில் வைத்தெ Extraordinary You பார்க்க தொடங்கினேன் !
உண்மையில் அந்த அறிவுரை உண்மைதான்
ஒரு Comic புத்தகத்தின் கதையில் மாணவர்கள் மாட்டிக் கொள்கிறார்கள் ! அவர்களுக்கு வேண்டியது போல் அந்தக் கதையை மாற்றும் முயற்சியில் வெற்றி பெற்றார்களா என்பது தான் கதை
முதலில் இதை நமக்கு அறிமுகம் செய்த விதமே ஒரு Maths Calculation போல தோன்றியது ! 
இதுதான் இப்படிதான் என்று சொல்லாமல் Dan-O கு அசாதாரணமாக நடக்கும் விஷயங்களை நமக்கு ஒவ்வொன்றாக காட்டி அதன் காரணத்தை நம்மை யூகிக்க வைத்தார்கள் !
அது எனக்கு 6th Episode வரை Wow Moments கொடுத்தது

அதன் பின் கதாபாத்திரங்கள் ! Gyaeyong,Namju’s Mother,Haru என இந்த
3 கதாபாத்திரங்களும் எனக்கு பிடித்தது
உணர்ச்சிகளே இல்லாத Ha-Ru இறுதியில் அதீத உணர்ச்சிகளை வெளிப்படுத்தும் ஆளாக மாறுகிரான்
யாரையுமே புரிந்து கொள்ள முடியாதா என்று நினைத்த Gyaeyong இறுதியில் யாருமே புரிந்து கொள்ளாத கதாபாத்திரமாக நமக்கு தெரிகிரான் ! எனக்கு மிகவும் பிடித்தது Gyaeyong கதாபாத்திரம் தான்
எல்லார் மீதும் வெறுப்பு காட்டும் அவனுக்கு Dan-O மீது காதல் வந்தாலும் அது வெறுப்பாகவே பார்க்கப்படும் ! அவன் ஏன் இப்படி இருக்கிறான் என்பது யாருக்கும் புரிவதில்லை
Namju - இன் அம்மா மிகவும் பணிவானவராக அறிமுகம் ஆனாலும் தான் இன்னொருவரின் வாழ்க்கையை மாற்றும் சக்தி படைத்தவர் என்பதை ஒரே காட்சியில் நிரூபித்து செல்வார் 

ஒரு சில காதல் காட்சிகள் Feel Good ஆக தோன்றியது ! பேசாத Haru உம் பேசிக்கொண்டே இருக்கும் Dan-O உம் இருக்கும் காதல் காட்சிகள் என்னைக் கற்பனைக்குள் தல்லியது

Lee Do Hwa - ஏக்கம் நிறைந்த கதாபாத்திரம் ! அவனுடைய வலி பார்க்கவே சோகமாக இருந்தது ! அதை மறைச்சிகிட்டு வெளியே சிரிக்குறதும் சோகமா இருந்தது பார்க்க

காதலுக்காக நான் இப்படி ஒரு Risk எடுக்குரேன்-நு இல்லாம நான் Risk எடுக்கலைனா செத்துருவேன்-நு தன்னுடைய Survival காக இருக்கும் Dan-O வின் காரணம் கதையை இன்னும் வலுவாக்கியது
சாவின் தருவாயில் இருக்கும் Dan-O இருக்கும் சிறிது காலத்தையாவது தனக்கு பிடித்தது போல் வாழ நினைப்பது கதைக்கு மிக தேவையானதாகப் பட்டது
எனக்கு ஒட்டாத சில விஷயங்கள் :
பள்ளிக்கூடத்தைக் காட்சி படுத்திய விதம்
பள்ளி மாணவர்கள் கூடி பேசும்போது இவ்ளோ நல்லவங்களாவா பேசுவாங்க ?
கெட்ட வார்த்தைகள் , Sex , வன்முறை இதெல்லாம் இல்லாம நல்லவனுங்க மட்டுமே படிக்கிற School உம் சரி Coming Of Age கதை யும் சரி உண்மையா தோணல
அப்புறம் அழகான ஆண்களைப் பெண்கள் ரசிப்பது உண்மை தான் ! ஆனால் இங்கு காட்டப்பட்ட்து போல் அவ்வளவு உக்கிரமாக யாரும் நடந்து கொள்வதில்லை !
வேலை இல்லாதவர்கள் போல் நடிகனைக் காண வந்த ரசிகர்கள் போல் எப்பொழுதும் இப்படி கூட்டம் கூடுவதில்லை ! Dan-o மற்றும் Ju-Da தவிர மற்ற எல்லா பெண்களும் அழகான ஆண்களுக்காக சுயமரியாதை இழந்த பெண்கள் !

Dan-O கதாபாத்திரம் எனக்கு பிடிக்கவில்லை - ஒரு Variation இல்லாத உணர்வு
நடிப்பில் கொஞ்சம் கவனம் செலுத்திருக்கலாம்
நடுவில் நிறைய விஷயங்களை Repeat செய்த உணர்வு இருந்தது ! That Episodes (7-9) Was Boring And The Series Would Have Been Good If It Was A Bit Short
ஒரு சில காட்சிகள் Cringe - ஆக இருந்தது - சில Emotional காட்சிகளுக்கு பயங்கர சிரிப்பு வந்தது . வசனமும் நடிப்பும் தரமாக இல்லை !

Extraordinary You -
நல்ல கதைக்கு ரசிகர்களை இழுக்க பல இடங்களில் மோசமான Cringe காட்சிகளை இணைத்திருக்கிறார்கள்
Feel Good-அ இருக்க பல தேவைப்படும் விஷயங்களையும் சொல்லாம/காட்டாம விட்டுடாங்க 
அதெல்லாம் இருந்தா இன்னும் Relatable-அ இருந்திருக்கும்
இசை ஒரு காட்சியைத் தூக்கி சுமக்கவும் சரி கெடுக்கவும் சரி , எவ்வளவு முக்கியம் என்பதற்கான எடுத்துக்காட்டு
I Felt So Good Watching This ! Made Me Forget All The Stress And Tasks I Had In My Mind While Watching This 
Extraordinary You Is An Escapism"
107,어쩌다발견한하루,"기억해 우리 처음 만난 날
수줍던 미소와 쏟아지던 햇살을
눈빛만 보아도 나는 알 수 있었어
우리는 하난 걸 우리는 하난 걸
네가 나란 걸
네가 웃을 때나 힘들 때나
항상 지켜줄게 너를 위해
시간마저 거슬러서 네 앞에 나타날게
I believe I believe
세상이 바뀌어도 변치 않아
약속해 줄래
이 아름다운 곳에서
널 사랑했던 모든 기억은
끝나지 않을 이야기가 되어 빛날 거야
Never say goodbye 너와 난 하나니까
같은 꿈 속을 함께 거닐 테니까
지금 이대로 넌 내 곁에서 웃어주기로 해요
내일 보다 멀리 영원보다 오래
사랑해 널
걱정에 잠 못 들던 새벽엔
너를 보며 저 하늘에 다짐했지
저기 너무나 머나먼 나의 꿈까지
두 손 놓지 않기로 해
잠시 길을 잃어 혹시 외로워져도
작은 숨결 나의 목소릴 들어줘
날 부르면 어디라도 널 찾아갈 테니까
난 울지 않기로 했어 폭풍 같은 하루에서
더 따뜻하게 너를 안으며
지켜주기로 했어
네가 내게 준 사랑이 남아
난 그나마 살아갈 힘이 생겨
You don’t cry
안녕은 다시 만날 때만
Never cry
우리가 만든 얘긴 이렇게 남아서
끝없는 날을 아름답게 만들 거야
찬란한 꿈을 꾸며 살고파 언제나
네 안에서 영원토록
Never say goodbye 너와 난 하나니까
같은 꿈 속을 함께 거닐 테니까
지금 이대로 넌 내 곁에서 웃어주기로 해요
내일 보다 멀리 영원보다 오래
사랑해 널
사랑해 란 말 조금은 뻔할지 모르는 말이지만
절대 아낄 수 없어
세상 무엇보다 너를 아끼니까
너만의 내일 너만의 내일
너만을 위한 내일을 기다리며
하루 종일 끝나지 않을 이야기를 만들어
결말은 제목처럼
지금 이대로 넌 내 곁에서 웃어주기로 해요
내일 보다 멀리 영원보다 오래
My love
Never say goodbye 너와 난 하나니까
같은 꿈 속을 함께 거닐 테니까
지금 이대로 넌 내 곁에서 웃어주기로 해요
내일 보다 멀리 영원보다 오래
사랑해 널"
108,어쩌다발견한하루,"i have a love-hate relationship with this drama. at one point, its cheesy and atypical, but then at another, i think its quite brilliant and witty."
109,어쩌다발견한하루,"idk what to say about this one, has the awesomeness storyline plus the characters chemistry it's just everything in the perfect point, the drama is really touching and i had to hold hard not to cry at the end because i realized that she's not the main character of the comics but she was the main character of haru's life :c"
110,어쩌다발견한하루,when will i learn to stop rooting for the wrong person in a love triangle when i already know what the outcome will be?? now i’m just all snotty and unfulfilled
111,어쩌다발견한하루,even tho my least favorite trope is love triangles this show somehow managed to get away w it HARUUUU MY BELOVED. but..do hwa deserved so so so much better and i wish he was included in the ending
112,어쩌다발견한하루,if bad guy why sexy??
113,어쩌다발견한하루,"Overall entertaining with some clever ideas, but it's not exploiting it's full potential on criticizing superficial societies, where it's all about money and looks."
114,어쩌다발견한하루,would be 5 stars if the ending wasn’t so shit🙄
115,어쩌다발견한하루,Haruyaa
116,어쩌다발견한하루,lovely! eun dan oh just stuck in my mind so long until i watch kim hyeyoon on snowdrop
117,어쩌다발견한하루,LOVE LOVE LOVE LOVE
118,어쩌다발견한하루,I can't even put into words how much I love this kdrama
119,어쩌다발견한하루,"When you become self aware that you’re a character written in a comic that has no real control over your narrative as a character, the things you say, the people you love… how would you react? Worse yet, you’re not even the main character!
A story depicting the nuance of what it means to set your own path, make your own choices and share moments with the people you love.
Dan Oh, a terminally ill high schooler is engaged to a childhood friend who does not share her feelings. Why does she say this? Why should she put up with this? Dan Oh begins to question her actions, and her bold ways shocks the people around her and lets her befriend Haru and Do Hwa in the process.
Haru, an extra that is so irrelevant he doesn’t even get his face drawn into the comics. We’ve never seen him around before, and now he keeps showing up in situations exactly when we need him.
Baek Gyeong
Do Hwa,
Joo Da
Namjoo,
Squid Fairy,"
120,어쩌다발견한하루,my eyes hurt from crying i love them sm theyre literally soulmates
121,어쩌다발견한하루,Loved the premise and the execution for the most part. A very heartfelt love story. The chemistry is wonderful. The ending falls a little short. It doesn't feel like it makes up for all the heartache that the characters or the audience experience.
122,어쩌다발견한하루,lee dohwa best boy
123,어쩌다발견한하루,I rewatch this so many time just for the jealousy scenes. It's such a perfect scenario.
124,어쩌다발견한하루,dohwa dan-oh best duo
125,어쩌다발견한하루,best kdrama ever idc
126,어쩌다발견한하루,one of the most creative plots ever i think. so much chemistry between the main leads. loved this so much
127,어쩌다발견한하루,"this was my first every kdrama, i absolutely adore each and every moment of this, it's so soft and adorable and heartbreaking extraordinary you will always be so special to me"
128,어쩌다발견한하루,첫사랑 💛 Haru 🥰
129,어쩌다발견한하루,i still cry thinking about this
130,어쩌다발견한하루,this was such a cute drama
131,어쩌다발견한하루,boringgggg but Haru was hot
132,어쩌다발견한하루,"Interesting plot and overall it was a very nice drama. The thing is that I was confused literally the whole time, everything abt this drama was confusing to me so I couldn’t really enjoy it🤷‍♀️"
133,어쩌다발견한하루,"that ending got me fucked up yall, don't watch this if you like NOT HAVING YOUR HEART RIPPED OUT OF YOUR CHEST. </3
okay. if i'm being honest, there was a lot wrong with this series lol. that being said, i still really enjoyed it and it was something different from your run-of-the-mill kdrama.
what i liked:
- cool concept! the historical drama comic was a cool addition, and i was really intrigued to see where the story would go
- lots of cute and fluffy moments, which was exactly what i was looking for.
- stupidly funny. the acting was typical over-the-top kdrama type shit, but that's what I LIVE FOR.
- lovable characters, especially do-hwa <3
- howoon. enough said.
what i didn't like:
- i thought the premise could've been utilised a lot better than it was, and more interesting storylines could've been used. a lot of things went unexplained as well (like how haru suddenly showed up as a listed extra?)
- potentially unpopular opinion, but i hated gyeong with a passion. he was casually abusive even outside of the stage, but it was ok because his mum died! i don't like that a constantly abusive character was given a redemption arc and forgiven so easily. sends the wrong message imo.
- haru (as lovely to look at as he is - what a gorgeous man) had absolutely no personality! is this really a con when he looks like a greek god? i guess not, but sometimes you'd just look at him and think wow there's absolutely no character development behind those STUNNING eyes.
- went on for a little too long, i think it could've been capped at around 12 episodes. did start to get a little bored of it at the end.

i swear this was a decent show, even though the amount of cons i've just listed may suggest otherwise. watch if you want a unique k-drama full of cutesy, funny moments and a (very) hot man."
134,어쩌다발견한하루,"•se que el objetivo de este drama era demostrar que cuando es tu amor verdadero siempre se van a encontrar pero me hizo reflexionar más sobre la existencia humana y si vivimos en una simulación controlada por un “escritor”
•creí que iba a tener las mismas vibes que hang the dj de black mirror,, my mistake"
135,어쩌다발견한하루,"The tension between them is unbelievable. 
I don’t think words can express how I feel about this series, everything is filmed so beautifully.
 Somehow watching them is relaxing.
Trust me and watch this ASAP
DAN-O and HA-RU are very dreamy );"
136,어쩌다발견한하루,lovely
137,어쩌다발견한하루,haru. that’s it. that’s the review. HARU SAVE ME FROM THE POOL TOO !! PLS😭😭
138,어쩌다발견한하루,"- “i found you” AWKFJSKSHJ
- violin boy i love youuuu
- i want dan o to be my friend"
139,어쩌다발견한하루,YESSSSSS
140,어쩌다발견한하루,"concept? little shitty
but chemistry? yeah they have!!!"
141,어쩌다발견한하루,TOO GOOD- best kdrama that i’ve ever watched
142,어쩌다발견한하루,"Je suis vraiment fan du concept de ce Drama.
Des personnages secondaires d’une bd qui essayent de changer leurs histoires entre les scènes pfff incroyable.
Sinon Ha-ru je l’aime"
143,어쩌다발견한하루,"Esse aqui é simplesmente meu favorito sério, lindo perfeito zero defeitos, amo todo universo."
144,어쩌다발견한하루,haru masa ye jadi jahat 🛐🛐🛐 . btw dan oh my comfort character <33
145,어쩌다발견한하루,Tht was actually soo good for a romance high school kdrama >.<
146,어쩌다발견한하루,justice for my man baek kyung man ha it rough the entire time
147,어쩌다발견한하루,all haru antis with die mark my words
148,어쩌다발견한하루,im pissed off i want to be a character irl
149,어쩌다발견한하루,don’t like seafood but jinmichae 🤤🤤
150,어쩌다발견한하루,😢
151,어쩌다발견한하루,"So intense, a Rollercoaster of emotions, and such loveable characters"
152,어쩌다발견한하루,Cringe banget
153,어쩌다발견한하루,"The feelings I have for this show are honestly astronomical.
Such an interesting and entertaining concept. And the way it made my heart soar!"
154,어쩌다발견한하루,"took me so long to finish the last couple of eps, the plot was fun tho. GYEONG LOOKED SO SAD THROUGH THE WHOLE SERIES :((("
155,어쩌다발견한하루,"2 months later and i finally finished the second half of the last episode
kinda confusing and cute and interesting and cringe and boring and repetitive at the same time 
kim bok joo was better but i still liked this 
i can’t believe i watched like 16 hours of this though honestly what even was 2021 lockdown"
156,어쩌다발견한하루,Very beautifully shot. The story was really cute. I don’t fully understand how the world works tho.
157,어쩌다발견한하루,"haruya & danoya forever 💜
#soulmates #fated
watched: 01/01 - 12/02 (oops?)
when i started I watched the first couple of epis, then a bit later binged up to halfway through epi13 & then I stopped watchin, just for a bit (or so I intended), but then that bit ended up being almost the whole year lol, oops? then picked it up again v late november & now I'm done
the fact it took me like a whole year to finish means nothing tho its so good & unique & I absolutely loved it & i'm so sad its over"
158,어쩌다발견한하루,ok so I enjoyed this! A bit longer than it needed to be but kim hye-yoon is the cutest EVER as eun dan-oh and rowoon is HOT. Give this man more roles plz!!!!
159,어쩌다발견한하루,the sweetest
160,어쩌다발견한하루,"This is a very typical kdrama. Pretty bad tbh and incredibly cheesy (but at least it’s sometimes calling itself out for its cheesyness)
Also it felt really long.

-from here spoilers-
I didn’t like Ha-ru in the beginning because he was just so boring. Also Da-no is pretty annoying and childish and so many characters in this show have anger issues.
I feel like if Baek Kyung would have treated Eun Da-no the way he felt about her earlier I would’ve rooted for him. But at least he went to therapy in the last two episodes, otherwise I wouldn’t know what made him change his mind so much."
161,어쩌다발견한하루,"it's so good, the story is so original and amazing, it held me from beginning to end. The friendship too and the relationship of the characters is intriguing, best k-drama I've ever seen"
162,어쩌다발견한하루,"Odio el recurso que utilizan la mayoría de Doramas de hacer ""interés romántico callado-interés romántico rudo"" y que siempre la protagonista termine con el callado que no entiende como funcionan las relaciones sociales, en serio podría pensar en al menos 10 k-dramas con la misma trama
Ademas me recuerda bastante a ""W"", cre que lo interesante aquí es como trataron el tema de que ella ni siquiera era el personaje principal y se terminó enamorando de un personaje de relleno.
Quitando eso, es batsnte dramático y tiene algunas escenas lindas y hay buena química entre los actor así que no me quejo"
163,어쩌다발견한하루,*adds three seuli musketeers to the list of best trios ever*
164,어쩌다발견한하루,after this i only believe in two things: do hwa supremacy and do hwa deserves so much better than what he got
165,어쩌다발견한하루,This kdrama had many flaws but honestly the storyline is just so unique that I thoroughly enjoyed it
166,어쩌다발견한하루,Fun storyline. Beautiful chemistry. Quite entertaining.
167,어쩌다발견한하루,"love u mostest 
haru and dan oh <3"
168,어쩌다발견한하루,the male lead looks like he did a nose job.....
169,어쩌다발견한하루,danoh haru and dohwa are so precious to me… got kinda repetitive near the end but was so obsessed with the cast and characters that i didnt get bored
170,어쩌다발견한하루,oh i love haru and danoh and dohwa...this drama was a fantasy type of drama but I actually enjoyed it although it got kinda repetitive also it was your typical highschool rich boy drama but I still enjoyed it...however namju and juda were the most annoying characters they ruined the show
171,어쩌다발견한하루,by far the best webtoon drama ive ever seen
172,어쩌다발견한하루,"it's literally only been a day since i finished the drama and ""넌 나에게 매일 첫사랑"" has been stuck in my mind for the whole day"
173,어쩌다발견한하루,i love you haru
174,어쩌다발견한하루,"so, this was such beautiful drama, but i think i had my expectations way to high, i didn't hated it but i didn't loved it either, it made me feel like something was missing.
eun dan oh, haru and lee do hwa are certainly a golden trio, those scenes with them were really cute and funny, i am a little bit mad that we don't know what happens with do hwa at the end.
and for the other side, i never hated a second lead so much. the guy was annoying and selfish as fuck, a truly red flag walking, i can't believe some people were standing for baek kyung and dan oh. but hey, lee jae wook performance was great enough to make me feel this mad, so i like him now"
175,어쩌다발견한하루,SO GOOD
176,어쩌다발견한하루,"One of the cutest kdramas i've ever watched, love it so much"
177,어쩌다발견한하루,THIS IS SO HEARTWARMING
178,어쩌다발견한하루,"""Stranger Than Fiction"" WISHES it was this good."
179,어쩌다발견한하루,"Everything about this drama is entertaining and unique. The drama itself not only does the cliched drama plot-line, but makes fun of it."
180,어쩌다발견한하루,"Started interesting then got boring in the second half because some conflicts got repetitive
Haru though ❤"
181,어쩌다발견한하루,lee do hwa our bisexual kingggg .  i would kill for you
182,어쩌다발견한하루,"I loved the concept, acting, and the characters were well made. Dan Oh has become my favorite female character. Haru and Do Hwa were just two precious cinnamon rolls"
183,어쩌다발견한하루,Baek kyung call me
184,어쩌다발견한하루,the starting half had me a little frustrated but all that changed when lee do hwa entered
185,어쩌다발견한하루,"I'm glad you're always here for me.
Ringan dan menarik Extraordinary You menceritakan kehidupan siswi, dimana semua karakternya adalah karakter sebuah komik.
Konflik antar karakternya sering ditemui tetapi performa tiap pemain cakeep. Setting & visualnya 👍."
186,어쩌다발견한하루,"my senior recommended this drama so i had my hopes up but seriously it was disappointing only good thing about the drama was hye yoon. she carries the drama on her back with her cuteness and acting. the ml seriously needs some acting lessons. the overall plot was really stretched and got boring after 10 episodes.
i couldn't finish the drama just watched till epi 25.."
187,어쩌다발견한하루,Bruhh the most boring kdrama I have ever watched. Couldn’t even finish. Sooooo boorrrinngg. Acting is bad. Everything is so cheesy and childish. BOORRRIIINNGGG doesn’t even deserve the one star rating.
188,어쩌다발견한하루,"I have to admit, this drama was a rollercoaster. However, one of the biggest things that irritated me was the characters' personalities. Something was always missing or not doing it for me, especially for Gyeong (until the last few episodes, he had character development, but it wasn’t enough for me to like him entirely). Overall, this show is passable. But, the plot articulation was pretty well done, and you can tell the producer and director thought it through. However, I wish they had revealed the author of the comic at the end—that alone made me disappointed. At least the cinematography was stunning, so, that deserves appreciation in itself."
189,어쩌다발견한하루,"this was just so cute, man, it was just wholesome"
190,어쩌다발견한하루,"very very very good , can be slow at times but if you have the dedication to watch 16 hours i recommend!!!! i watched it in 3 days and it was worth it, it was incredible. a lot of emotions, the acting is so good, the storyline bangs and it's so easy to get attached to the fhqracters lol WATCH THIS"
191,어쩌다발견한하루,rowoon ganteng
192,어쩌다발견한하루,Third time now! Still in love with Haru (Rowoon).
193,어쩌다발견한하루,kim rowoon
194,어쩌다발견한하루,Dan Oh is the people's protagonist
195,어쩌다발견한하루,WAHHHHHH
196,어쩌다발견한하루,"me too danoh, i constantly think im the main character when im not"
197,어쩌다발견한하루,"Quite an interesting show, however got a little boring at times due to some parts being slightly repetitive. Great ending though, loved Stray Kids' OST!"
198,어쩌다발견한하루,honestly i thought this show had one of the coolest plots ever
199,어쩌다발견한하루,almost cried
200,어쩌다발견한하루,i like the concept of this drama.
201,어쩌다발견한하루,When a webtoon character wants to go against God's will (their author). I like chemistry between Eun Dan-oh and Haru (they're support character in that webtoon lol).
202,어쩌다발견한하루,can’t believe she’s the same girl from sky castle
203,어쩌다발견한하루,okay but this sucked after ep 8 HOW YALL LIKE IT??!! =6)6(
204,어쩌다발견한하루,bro i’m so sorry but also not bc danoh was so annoying in the beginning and that idea of her just stuck in my head and that made it so hard to finish the rest of the drama like miss girl tone down the self righteousness but also maybe i should try rewatching it just for haru but yeah
205,어쩌다발견한하루,soulmates 🦋
206,어쩌다발견한하루,want to watch*
207,어쩌다발견한하루,"to be honest it was a slow start for me and i was going to dnf it but i pushed on through and i’m so glad i did because even though it’s so cliche and mushy and whatever i LOVED danoh and haru’s romance and chemistry like aww they cute or whatever. also i loved dohwa i was really rooting for him. this is probably more like a 3.9/5 because while i did really enjoy it i felt it being slightly repetitive sometimes but whatevs. cried multiple times in the final few episodes but it was still a happy ending :,) those two really are soulmates"
208,어쩌다발견한하루,"mf rowon being 190cm 🙄🙄
thank god he didn't yell aggressively, otherwise i'd be screaming kill all men at the screen"
209,어쩌다발견한하루,"i laughed, i cried a number of times, i sweat, i danced, i got a shot, i ate, and i had many epiphanies"
210,어쩌다발견한하루,Amazing story with a strong female lead character!
211,어쩌다발견한하루,blows a kiss for baek kyung
212,어쩌다발견한하루,"had such a brilliant start but got too repetitive and focused so much on the boring romance. i actually found yeo juda’s arc more satisfying than danoh’s (except for the choice she made at the end), and weren’t we supposed to root for the extra? lol
and i’m pissed that (1) the writer/s made danoh’s world revolve around haru and made her dependent on him to change her story instead of her changing her own story herself, and (2) they ruined baekkyung’s character so much! i hated that!!!"
213,어쩌다발견한하루,"Una joyita, cualquier otra producción hubiera hecho un soliloquio infumable cuando se quejaban de los estereotipos de las comedias románticas que les pasaban, Danoh solo estaba tipo puta vida y seguía con su vida.
Haru un rey, dejo la vara altísima."
214,어쩌다발견한하루,ya konu gerçekten ÇOK hoşuma gitti hatta o kadar sevmişim ki rüyalarımda bende böyle bi cartoon dünyasının içindeydim falan FAKAT yine ilişki dinamikleri çöptü bence....Dano'nun Haru karakterini hiçbişi yokken ortaya çıkarmasına gerek yoktu bence iki dünyada da Kyeongla olsalar çok daha tatlı olurdu......Juda ve Dohwa'dan hiç bahsetmiyorum bile....işte bu yüzden bu puan
215,어쩌다발견한하루,*Curls hair behind both ears*
216,어쩌다발견한하루,I MISSED THIS SO MUCH! i remember seeing the final episodes as they were airing and i cant believe i forgot how much i loved it.. might not be that well written and it feels kind of repetitive but in the end it's still a comfort drama for me
217,어쩌다발견한하루,literally so many loopholes and flashbacks and wastes so much time seeing the future and remembering the past and trying to get characters to remember their memories and change fates blah blah blah
218,어쩌다발견한하루,"Yea so i cried a lot, maybe these two hets deserve rights..."
219,어쩌다발견한하루,😢😩😫😤😭
220,어쩌다발견한하루,my favorite korean drama all the time i wish i could forget everything abt it and rewatch again :(((
221,어쩌다발견한하루,"está muy bonita, muy buena para cuando no tienes nada que ver o cuando simplemente quieres ver una serie relajada, corta, sin mucha complicación y con comedia. simple pero arrecha"
222,어쩌다발견한하루,simplesmente lindo...
223,어쩌다발견한하루,"the beginning was pretty boring im ngl. however they won me with the trope of soulmates who always find their ways to each other. i liked a lot how determined danoh was to change the fate that was written for her and haru was so... AHHHH<3. there were some quotes that really touched me, such as ""today is the happiest day for me. because you were my beginning and the end"" yeah i cried a lot. i loved the cast! and my dohwa he deserved better... amazing osts btw"
224,어쩌다발견한하루,Bit basic
225,어쩌다발견한하루,I love it so much!!! Please remake this show ❤️❤️🤌🏻
226,어쩌다발견한하루,"dan oh 🤝 me
being side characters in someone's life"
227,어쩌다발견한하루,the patience i had while watching this
228,어쩌다발견한하루,can't believe i finished this already <///3
229,어쩌다발견한하루,yet another instalment of my most favourite trope: nothing is real
230,어쩌다발견한하루,Baek Kyung deserved better
231,어쩌다발견한하루,"the best k-drama and my favorite, i love them so much the couple and the story is so cute 😭💗"
232,어쩌다발견한하루,"sürekli başroller aşk yaşıyo biraz da figüranlar yaşasın diyen bir dizi.. öyle ki ana karakter sahneden çıktığında düşünmeyi bile bırakıyorlar BAZILARI HARİÇ,, işte bilincini ve benliğini kazanmış bu yan karakterler neler yapıyor oynat bakalım"
233,어쩌다발견한하루,"dohwa, joonhyun, jinmiche 🤝 deserving better"
234,어쩌다발견한하루,"gets boring towards the end and there are some unanswered questions like who is the writer what actually happens to everybody since it is pre-established that their universe isn't real but i think that's just a little nod to us a joke at the expense of the audience since most people do feel unfulfilled or curious after finishing a show
also the first ever kdrama with a love triangle where i did NOT root for the second lead at all (i am a renowned sufferer of second lead syndrome so that was new) but this drama introduced me to lee jae-wook and kim young-dae so thank you for that!! joo-da and nam-joo supremacy!!!"
235,어쩌다발견한하루,"Okay, this definitely stood out to me and made me intrigued everytime! I loved this drama and found it to be pretty good. Every episode was an adventure, however, I must say that this was like any other kdrama, but that's the irony of it, which made it even more intriguing. And plus, there were times when this was like a horror movie and I liked that. Now, I did like this drama but it took me a while to finish this. The storyline was good but it was kind of inconsistent and was a little rocky. I did kinda get bored to be honest. But the performances were great and in general, this is a drama that you should watch."
236,어쩌다발견한하루,i was not keen on watching this because i heard raving reviews and i didn't want to get disappointed and that's exactly what happened its nice v nice but a little boring and overrated
237,어쩌다발견한하루,I’ve rewatched this drama 6 times at least
238,어쩌다발견한하루,baek-kyung deserved better ok bye
239,어쩌다발견한하루,being self-aware does not justify using the cliches the show itself identifies
240,어쩌다발견한하루,i loved this drama so much </3 i’m about to rewatch 😁
241,어쩌다발견한하루,"got me hooked until episode 7, then i realized absolutely nothing changes and it becomes the most boring thing ever."
242,어쩌다발견한하루,oh this was so cute😭. the writing was actually so good and such a unique plot that i've never ever seen before. cringe at some points but haru and dan oh were so beautifully written. lee do hwa deserves compensation for ju da's bs.
243,어쩌다발견한하루,"i absolutely loved it, an amazing work. i have nothing to complain about literally nothing, haru is defectless i love him and baek kyung he loved her too late :(( but i understand his feelings indeed!"
244,어쩌다발견한하루,cute at first but got REAL weird towards the end. only finished for rowoon then proceeded to ult sf9 after :') good times
245,어쩌다발견한하루,andai kisah ini hanya tentang baekyung dan danoh😭 i dislike haru so bad huhuhu he ruined everythingggggg and danoh somehow nyebelinnnnn
246,어쩌다발견한하루,LEE JAE-WOOK. Period.
247,어쩌다발견한하루,"I loved this drama, very different, unique, and intriguing plot, I was invested in seeing the characters end up happy."
248,어쩌다발견한하루,"i wouldn’t have watched this if it wasn’t one of sabreena’s favs toh thx u sabi 4 being rightfully obsessed w dan-o and haru and saying “haru-yah annyeong!” so much lol lov u <3 the concept is actually v cool. i, too, feel like a side character in my own life. thx 4 the representation <3 pretty sure everyone does at some point but yea. this show exceeded my expectations wese i was just expecting some good ol’ fluff and at most, i thought it’d be satire of toxic and repetitive k-drama tropes, which it was! it was roasting ‘boys over flowers’ here and there (which i felt kinda cool for noticing hi5) and honestly... i respect that. cannot begin to fathom the widespread cultural damage that story has caused fr it had asian countries in a chokehold 🙏🏻 khair, still this show had a lot of stuff going on. they really did a dramatised exploration of existentialism vs determinism in a fluffy teen show and is that not the coolest thing ever aH i don’t think i’m reading too much into it because it was pretty obviously doing so. even brief snippets of the lessons which the teachers are teaching that we get to hear a bit of in the background in classroom scenes allude to interpreting the meaning of the story’s events in context w various philosophies. one scene that stood out to me was the shoe painting one in art class. the show itself even delves into religion, rebirth/afterlife, self-actualisation, free will/agency, destiny, nature/nurture, impermanence of life, embracing the absurd (unexpectedly?) and even soulmates (the idea of which it rejects sort of but just wish it rejected it a bit more strongly it’d be more meaningful imo). all that jazz but in a cheesy teen show type of way toh manages to be fun and not too preachy. so much so that my little sister and i were even laughing at the some angsty scenes because they were so?? comical ykno? and maybe what made it funny was the show having a sense of self-awareness. it’d admittedly get too cheesy for my taste at times but eh, it was fun. i was almost equally invested in all the characters, which is rare for me bec i tire of love triangle type conflicts v quickly. the characters and their over-the-top dilemmas just worked yknow. i really liked the consistent emphasis dan-o put on her agency and her ‘real self’ whenever confronted by kyung wanting to keep the story as it is. it seems the prospect of having to be actively responsible for the kind of person you are can be both liberating and scary. but more so scary in kyung’s case. i was surprised at how he went from textbook jerk to so... human. he isn’t perfect ofc but his character is the most well-written imo. and begs the question if nature is innate or something acquired in the show? (generally toh i think something acquired and something constantly evolving but it isn’t that simple i don’t find astrology and stuff completely untrue either) since all the characters did somewhat continue to be the way they were in trumpet’s creeper. but also that’s just one previous comic and maybe another preceded that as well? it’s interesting if we think of it in the context of rebirth and multiple lives. or maybe the “The Writer” is just a fanfic author whose reusing characters, really. who knoz. the parts w The Writer as the butt of the jokes were prolly the funniest. and there were some genuinely interesting bits and ideas that i wish they explored more and they could if dan-o and haru’s relationship wasn’t such a beeg focus but alas. the show wese has room for entertaining a lot of different interpretations but i’m more on the pro-free will side because i’m a hopeful dummy? :( it reminds me of a siken quote “i never liked that ending either. more love streaming out the wrong way, and i don't want to be the kind that says the wrong way. but it doesn't work, these erasures, this constant refolding of the pleats.” i love the line but it doesn’t work, these erasures, this constant refolding of the pleats so muvh for different reasons but it’s funny how it fits kinda literally here. like inqilaab vibes from the comic’s characters pov @ The Writer. weow siken is truly universal. khair rambling w no direction... am i giving it too much credit? idk maybe it being a fren’s fav and watching it w my lil sis contributed to liking it but overall, i think it’s nice and wholesome and possibly would’ve been a favourite if i watched it when i was younger 13/14 yknow. or maybe not bec i thought i was too edgy for love stories around that age. but i can still appreciate it for what it is and how fun it was watching it w my sister. but also would’ve liked to see do hwa in the epilogue thingy :’/ wow i rlly opened letterboxd today and said dear diary..."
249,어쩌다발견한하루,"please, kim hye yoon ate this performance truly the best rookie actress of the past year. i hope she gets employed QUICK!!! i don't want my girly to starve!!!"
250,어쩌다발견한하루,"dare i say, this show is more on the fun, lighthearted side despite having emotional scenes which i still found enjoyable. i liked how the characters are presented kasi may mga character talaga na walang choice kung hindi maging ganoon ugali nila so i can't just hate them ? mukhang magugustuhan mo to kung mahilig ka sa romance na may comedy here and there but more on the lighthearted side
papanoorin ko ba to ulit ? depende ?"
251,어쩌다발견한하루,"bu netflixteymiş şimdi görüyom çok şaşırdım
bu çok güzel bi diziydi yıllar sonra beni koreye sardırdı"
252,어쩌다발견한하루,"It was good. The storyline was good, not so typical. I can definitely rewatch this."
253,어쩌다발견한하루,EUN DAN-OH VC ME REPRESENTA
254,어쩌다발견한하루,La facilidad de Danoh para llorar y al segundo reírse como loca me salvó la serie.
255,어쩌다발견한하루,haru has my heart
256,어쩌다발견한하루,stan sf9!!!
257,어쩌다발견한하루,such a fun concept and the relationships between all the characters were perfect very much due a rewatch
258,어쩌다발견한하루,"Extraordinary You (2019)
Offers new kind of kdrama story, started off great but the plot fall flat in the second half of the series. Our extraordinary casts helped this drama a lot. Overall, enjoyable to watch (3/5)
Memorable character: Lee Dohwa (my soft violin boi)"
