,title,reviews
0,인간수업,do you think the people in this show are aware that you can just turn your phone on silent
1,인간수업,This is so well written and I don't care about morals anymore I just love these beautiful teenage criminals
2,인간수업,"I was like “mmmh… kwak kitae 🥰” as a joke, but I don’t think is a joke anymore…"
3,인간수업,"if only jisoo were responsible of his belongings, then things wouldn't have gone bonkers"
4,인간수업,"this shit was INTENSE! it was extraordinary and a pleasure to see how well written and produced it was because the story is definitely tough but they all did an excellent job. dude, i was having some anxiety since the first episode
""dreams are expensive""
damn."
5,인간수업,ayo season 2 when?
6,인간수업,"Everyone has a secret they want to keep , bastards who know nothing about other people's situations , dig up and expose things about them and make them the bad guys , i just don't get that , i have the right to live my own life any way i want.
Unique storyline , but that ending ? No , waiting for season 2 , also miss bae gyuri , can u stop being a bitch and fucking everything up just for fun ? Plls ?"
7,인간수업,The most engaging and addicting kdrama intro sequence ever!!
8,인간수업,"bayangin lu nabung duit sampe sekoper terus semuanya dimaling sama bapak sendiri.
adegan bangsat yang gabakal gue lupain. keselnya sampe ke ubun-ubun njir."
9,인간수업,"Bae Gyuri, I want to love you but you literally ruined everything."
10,인간수업,Drakor berkedok mucikari. Yang jadi Bae Gyuri cakep banget asu
11,인간수업,"Zuckerberg and Gates and Buffet, amateurs can fucking suck it 😌👋"
12,인간수업,the role reversal between jisoo and gyuri was unexpected like HELLO??!?! this really isn't your typical kdrama and is exactly the type to keep you on your toes. also the intro sequence is FIRE!!!!!
13,인간수업,if i lay dying on the stairs and that soundtrack started playing i would magically get up too
14,인간수업,it started off so slow and then escalated really quickly with the last couple of episodes. everyone is saying they’re waiting for a season 2 but i kinda like the open-ended ending
15,인간수업,Bully (Rockstar Games) the Live Action
16,인간수업,Poor jisoo just wanted to graduate high school and go to college...
17,인간수업,not sure how letterboxd expect me to summarise all of that in a paragraph so all i’ll say is my mans jisoo was an innocent!!! gimme season 2!!!
18,인간수업,"Eksplorasi dunia remaja sama permasalahannya yang menyeluruh bikin aku suka sama serial ini. Entah itu dari bullying, remaja yang kebelet populer, sampe broken home, semua coba dieksplorasi lewat kisahnya Jisoo yang tanpa diduga penuh dengan sisi gelap. Tampil lugas dan nggak kendor walaupun tetep ada campuran komedi dan romansa di dalamnya tapi emang ini serial nggak terduga banget arahnya.
Aku seneng juga sama eksekusi momen-momen sederhana kayak sidak (inspeksi dadakan) guru buat ngecek tas siswa yang bisa bikin ikut berdebar pas nonton. Cast-nya pada tampil oke dan adegan darahnya mayan banyak juga. Kalo lagi nyari drakor yang agak seru dan sedikit porsi lembutnya boleh coba nonton Extracurricular ini deh."
19,인간수업,I know kitae is a bully but....i can change him i promise
20,인간수업,Hope they will make the season 2.
21,인간수업,what the fuck was that ending??😭😭😭 insufferably boring after the first 3ish episodes
22,인간수업,should’ve gotten the hype that itaewon class somehow got
23,인간수업,One of the best kdramas ever idky not a lot of people watched it
24,인간수업,gyuri beban
25,인간수업,"EPISODE ONE
Dear readers,
So is he a pimp? I am confused, but I'm intrigued.
Yours sincerely,
Dani ""huh"""
26,인간수업,"The pacing was so off like the beginning was slow and kinda boring and I feel like there's no way he made that much money so I wish that whole thing was explained better but then there was so much going on at the end and I love when everything is just falling apart but I honestly couldn't take their problems seriously, partly because the gangsters were the funniest characters in the show and I know the characters are supposed to be flawed or whatever but they were all actually so unlikable, the only one I did like was mr lee and I know bae gyuri definitely had other options but she just wanted to make things more complicated I guess so instead she started this whole mess."
27,인간수업,Bae gyuri brought out anger issues I didn’t know I had
28,인간수업,"its a korean show, so camera work and score are always high standard
plot was nice too
but the characters got on my nerves
gyuri and mr. lee were the only ones who i liked
everyone else was such an incredible wimp
when i read the description, i thought that the protagonist would be a smart badass
he is top of his class, business owner, high management skills
but he's a fucking wimp
episode 2 and 3 were torture for me, 2 hours of tom and jerry without the funny part
it got better as the show went on but all in all, the one with the most balls had to be gyuri
what a shame, a bunch of characters without any backbone in such a thrilling and dense situation"
29,인간수업,honestly i would risk it all for bae gyuri
30,인간수업,"dreams are expensive 
as long as bae gyuri is aware that she’s the core of the trouble"
31,인간수업,WHERE DO I EVEN START WITH THIS SHOW!!!! i would seriously give it 10 stars if i could because wow… this has stayed as my favourite show ever since i watched it and i don’t think anything will ever top it… i love everything about extracurricular like WOW. i won’t spoil anything but if you haven’t already watched you NEED TO!! i watched it all in one day because it is that fucking good. kim donghee my beloved!!!!
32,인간수업,"korean 🇰🇷
unique storyline and i like how the characters are all quite layered but i didn't really get the hype behind this,,"
33,인간수업,@ pao hacete cargo de esta nueva mental illness que me generaste
34,인간수업,my first kdrama and i loved this experience so much
35,인간수업,"so goddamn stressful to watch which made the viewing enjoyment 2.5 stars. poor jisoo is INNOCENT everything went wrong as soon as bae gyuri came into the picture and it kept getting worse i hate her so much. can kdramas stop trying to make mega rich people act like victims. kitae so fine idc if he is toxic af i want him. rip to the dilf. it's not a huge cliffhanger, it just ends ominously.
in a story like this there will never be a happy ending. think of netflix's you, as a viewer you kinda root for the main character even tho you know they've done immoral/questionable things. due to the male lead's bullying scandal there definitely won't be a sequel but i think a renewal is unnecessary anyways. use ur imagination, tbh i'd rather he bled out than went to jail or had his setup revealed. jisoo really deserved better, he wasn't greedy or malignant like the others."
36,인간수업,kwai kitae so unbelievably sexy if they wanted me to hate him they should've never made him smoke a cigarette in every scene he was in
37,인간수업,"herkes manyak, çok sevdim"
38,인간수업,"i didn’t even realise i finished this last night i’m SO MAD RIGHT NOW BC I WOULDVE SLOWED DOWN IF I KNEW THERE WERE ONLY 10 EPISODES!!!!!!
but that last episode was phenomenal too; i absolutely eat it up when the framing size changes in a film/show"
39,인간수업,ALL I WANTED WAS A SINGLE KISS
40,인간수업,"Min-Hee bby, you deserve better"
41,인간수업,"Menceritakan tentang prostitusi online, ""Extracurricular"" jauh dari berbagai adegan vulgar. Lebih tepatnya drama ini menggambarkan sisi gelap remaja. Mulai dari anak yang broken home, pembullyan, toxic relationship, bahkan jasa kencan online via aplikasi yang sedang tren saat ini.
Premisnya segar, chemistry kedua pemerannya juga dapet banget. Overall, ""Extracurricular"" direkomendasikan bagi mereka yang bosan sama dengan drama korea cinta-cintaan 😁"
42,인간수업,gyuri gibi bir karakteri gay yapmak yerine gidip bir pezevenge aşık ettiniz ya diyecek bir şey bulamıyorum. biraz oturup elinizi vicdanınıza koyun. tabi varsa.
43,인간수업,power of love can change kitae
44,인간수업,Best kdrama ever
45,인간수업,"Min-hee and Mr. Lee!!! My loves, you deserved better!!
And all of this happened because Gyuri had to steal Jisoo’s phone… and while I get that Ki-tae’s actor is really hot,,,, oh boy, I wanted to punch him so bad. 
Also, it’s an unpopular opinion but I don’t want a second season, I want one or two more episodes but since that isn’t an option, I’d rather them not drag out this plot for another ten episodes. The open ending isn’t even that bad… 🤷🏼‍♀️"
46,인간수업,why they do mr. lee like that?? what was the reason 👺
47,인간수업,"bow wow 😜😜😜 woaahhh hoahhhh

i liked it but what the hell"
48,인간수업,kitae my bf
49,인간수업,"...the story was really cool, mr. lee cool but maaaaan what's wrong with this crybaby boy... 80% he shut off his brain completely and 😭😪 like a baby... so much he snotted around, that he did it... he really pissed me off."
50,인간수업,"THAT WAS FUCKING CRAZY !!!!!! 
ok i dont love where they took the story about midway through the season but also i like to live in bliss and watch these characters i like succeed so maybe that was wishful thinking however holy fucking shit so good i cannot wait for s2
also kitae looks like rain change my mind"
51,인간수업,When “Squid Game” inspired you to start on exploring all the pleasures of Korean series.
52,인간수업,As long as Bae Gyuri knows she’s the root of the problem.
53,인간수업,"I didnt like it that much…… cuz there is many stupid things , specially the main character with his stupid backpack lol everytime he get stolen from it"
54,인간수업,intolerably boring after the first few episodes
55,인간수업,"lah berarti cuman 1 season dong? ngegantung njir
*forgot to log this"
56,인간수업,This show took me on a crazy and chaotic ride but I was here for every minute of it!!!
57,인간수업,"""Jangan masuk eskul gara2 cewe""
Film yang cukup menarik karna berhasil menyuguhkan kekacauan yang mengaitkan dengan seluruh karkater yang ada di series ini. Gua suka konsep anak pendiam di luar tapi memiliki sifat yang tidak terduga saat di luar sekolah, begitulah penggambaran sosok Jisso di series ini. Dia pintar, namun bicaranya selalu terbata2, siapa sangka dia membuat aplikasi seperti ojek online tapi khusus untuk para PSK. Gua jelasin bagaimana sistem aplikasi yang dibuat Jisso ini. Karna aplikasi di sini sangat berperan penting untuk ceritanya.
Jadi aplikasi ini sistemnya seperti ojek onilne, dan aplikasi yang benrama Doggo ini menjadi pihak ke 3nya. Jadi para PSK hanya stay di tempat saja, jika ada seseorang yang ingin memesan, dia cukup chat melalui aplikasi itu dan pihak ke 3 atau Jisoo akan menyodorkan foto2 wanita yang akan bermain dengan orang tersebut, tidak sampai di situ aja. Aplikasi itu juga menawarkan jasa lain seperti antar jemput pihak PSK dan melindunginya dari bahaya. Contoh, jika orang yang memesan adalah orang piskopat, para wanita PSK ini cukup menekan tombol yang sudah disediakan, lalu pihak ke 3 akan menyuruh seorang Algojo untuk menyelamatkan wanita tersebut.
Intinya aplikasi itu sangat menuntungkan untuk para PSK, dia bisa mendapkan keamanan dari pekerjaan yang ia kerjakan, namun ada minusnya, minsunya aplikasi Daggo ini tidak ada batasan usia, sehingga pekerjaan legal seperti PSK ini menjadi ilegal karna ada anak di bawah umur. Nah ini asal muasal kekacauan itu terjadi. Mumpung bahas aplikasi Daggo gua mau ngebahas yang gua tidak suka dari aplikasi ini juga. Gua masih ga paham bagaiamana cara Jisso membuat sistem aplikasi yang rumit ini, memang ia digambarkan sebagai sosok yang jenius, tapi sepanjang film kita tidak pernah melihat karkater Jisoo memegang komputer atau semacamnya, jadi gua masih penasaran dengan sistem aplikasi secanggih itu.
Itu yang pertama, yang ke 2 adalah kita diperkenalkan dengan kakrater Jisoo yang mendapatkan nilai sempurna di seluruh mata pelajaran berkat kerja keras dia, tapi serius deh, sepanjang film kita tidak disuguhkan atau ditunjukan kalo Jisoo itu adalah anak jenius, asli dia blunder dan bodoh bgt sepanjang film, dia selalu mati langkah dan tidak bisa mengontrol semuanya. Sedangkan kakrater utama perempuan bernama Gyuri yang diperkenalkan sebagai anak tertekan, dia malah jauh lebih jenius, cerdik dan licik. Padhal diperkenalkan kalo dia hanya seorang anak yang dituntut oleh orangtuanya untuk menjadi apa yang orangtuanya inginkan.
Di sekolah dia ngelampiasin itu semua dan ternyata dia jauh lebih dari Jisoo dalam segala aspek, bahkan Gyuri ini jauh lebih menonjol jika kita bicara soal tindak kriminal, secara hampir seluruh eps ngebahas tindak kriminal, jadi Jisoo bener2 ga keliatan sama sekali. Jadi untuk pengkarakteran Jisoo juga kalah unggul, namunyang menarik tidak hanya itu dari series ini, kita disuguhkan banyak hal seperti sistem bisnsi dijaman industri 4.0, pembullyan yang selalu terjadi tanpa sepengetahuan guru, guru yang menggunakan kewenangan seenaknya dan polisi yang selalu telat menyadari sesuatu.
Dan yang paling menarik buat gua adalah rahasia identitas pihak ke 3 di sini. Jadi kan aplikasi Daggo ini menggunakan pihak ke 3, yang di mana pihak ke 3 itu adalah Jisso sendiri, jadi Jisoo tau siapa saja anak buahnya yang bekerja di bawah aplikasi itu sebagai PSK dan siapa algojonya, tapi para PSK ini dan algojo tidak pernah tau siapa boss mereka, karna sejauh yang mereka tau, mereka hanya berhubungan melalui aplikasi dan apps saja. Sehingga rahasia identitas di sini menjadi hal yang menarik, seperti melihat reaksi orang2 saat dia tau siapa dalang dari semua ini, itu seru sekligus bikin tegang bgt.
Belum lagi permainan karkater dengan konflik cerita yang cukup kompleks. Jadi kita disuguhkan karkater yang banyak sekaligus kuat dengan karkaternya masing2 dengan banyaknya konflik yang saling terhubung. Gua dari awal udah mikir, karkaternya dibangun sedemikian rupa, pasti ada sesuatu di endingnya dan bener saja, eps 9 di series ini bener2 meledak, keos parah wkwk. Jadi adegan puncak bener2 hadir di eps itu dan itu menjadi kepuasan tersendiri buat gua, setelah gua disuguhkan banyak konflik. Jadi setelah disuguhkan banyak konflik tbtb semua kumpul jadi 1 itu menyenangkan bgt. Ya intinya ini rekomended, adegan crime yang mengangkat isu PSK dengan tujuan seorang pemuda miskin yang pengen kuliah bisa menghasilkan crime sekeos ini, oiya 1 lagi yang seru, 2 kakrater utama Jisso dan Gyuri juga klop bgt, keduanya memiliki tujuan berbeda dari sudut pandang mereka masing2."
58,인간수업,bad at all
59,인간수업,i love open endings
60,인간수업,i hate these fuckass kids they are so messy and kitae is just so cunty ugh
61,인간수업,the intro slaps
62,인간수업,"this is so well written, they explained how teenagers struggling in life and need to commit a crime. idk why this series didn't blow up, its a open ending tbh"
63,인간수업,Bae Gyuri reflect on yourself. Kwak Kitae call me so I can fix you.
64,인간수업,"Denger"" ini tuh drama yg dark gtu. Yah emg iya sih.. menggambarkan sisi gelap dunia remaja, cakupan ny ttg prostusi online, bullying, even toxic relationship.
Yah kulihat banyak temen kasih rating bagus. Tapi aku pribadi gak terlalu suka SM series ini. Liat si karakter utama culun yg berasa gak guna sepanjang film bikin w Betek. Okee iya awal ny dy yg punya bisnis, trus dikacaukan sm Bae Gyuri. Tpi makin jalan cerita malah jauuuuh lebih berguna, pinter dan berkarisma si Bae Gyuri kmna"". Lucu malah spanjang film harapan gua cm jatuh sama si Bae Gyuri dan paman Lee. Si Jisoo mah buang ke laut aja sono. Emosi anj, kerjaan pasang muka menderita meluluk, sial meluluk pulak, nangis smpe ingus netes. Fck."
65,인간수업,Girl i do not care if he slaps disabled people. Put him in season 2 and don’t pay him— call it community service!! Donate that money or something bitch make it work!
66,인간수업,"hear ye 🔔 hear ye 🔔
watch this to experience permanent anxiety
THIS is called peak cinema"
67,인간수업,"here’s my theory.
this was to be a 16 ep show but somehow someone said make it 10 & thus we get last 3 eps. which were just BAD. I don’t know why everyone’s giving this a high rating. NGL , till ep 5 I too thought I’d give it 4 or 4.5 but those last 3 eps. just didn’t work at all.
Waste of potential.
😔 that’s why I don’t invest in these tv shows. If they go wrong, they ruin your whole fckin’ week
🤦🏻"
68,인간수업,Bad things start good first.
69,인간수업,"Another genius series from South Korea.
Big thank you untuk Bae Gyuri dan Ibu Polisi yang suka ribet sendiri ya tanpa mereka series ini gak bakal bisa nyampe 10 episode kali hehe."
70,인간수업,have a normal life i beg
71,인간수업,biraz salaksiniz sanirim .. jin bu sen misin knk ?? (bi tane daha bully görürsem cakicam suratinin ortasina)
72,인간수업,kwak kitae i could’ve fixed you!
73,인간수업,"This is the most addicting and nerve wrecking show I have ever watched! Especially the first two episodes. There is no better way to pull viewers in. And it didn’t get boring after a while. Don’t even get me started on the soundtrack, because it was incredible. The acting performance was very good from everyone involved.
Don’t continue reading if you don’t want any spoilers!
I think I need a few days to process this, because I still don’t know what to think about the ending. I like how open it is, I think if they would have tried to settle everything and get rid of the conflict it would have destroyed the show. 
A theme I really enjoyed was how the crab mirrored Oh-Jisoos emotions ( the crab is also the reason why I’m convinced he’s still alive).

Another thing this show pulled off great were the many different issues it portrayed through different characters. F.e. Bullying, pressure from parents, prostitution of minors, …"
74,인간수업,"This show is like here!! Take a whole bunch of really serious societal issues! We are not gonna explore or tackle them in any meaningful way whatsoever! It’s just for an edgy, morally ambiguous plot!! But it’s a good plot so pls look past it! And if you can, this show is v good. 
Runs out of steam a bit at the half way point, but picks up quickly and honestly Kitae causing an absolute Battle Royale brawl because he’s a dumb fuck who doesn’t understand anything that’s going on is such a mood. Love when the main catalysts of the story are just complete idiots getting way in over their head involved in something they somehow remain blissfully oblivious of despite the danger they’re in lmao. Either way this show just proves yet again that really no other TV industry is doing it like in South Korea atm. The sheer volume of content that comes out of that country is one thing, but the consistent high quality of the stories I’ve watched from the industry is crazy. Sommat about kdramas just keep you hooked 
I demand justice for Seo Minhee. 
www.streetlight.uk.com"
75,인간수업,"we all say no to dong hee in itaewon class, but say yes to dong hee in extracurricular"
76,인간수업,Creators of this show make a season 2 challenge 😁🙏💯
77,인간수업,"It's an entrepreneurship club drama
This is good crime youth drama. This story is about a high school boy who has a online pimping business who is looking for money to get into university. I like Oh Ji-soo character development that over time changes, from a diligent person to a bad person due to urgent circumstances. Also his friend Baek Gyu-ri who makes the conflict even more exciting and tense."
78,인간수업,Koreaner haben anscheinend immer 3kg Accessoires an ihren Handys dran.
79,인간수업,"really stressful but so entertaining, didn’t end at all how i thought it would"
80,인간수업,one of my all time favourite kdramas
81,인간수업,I think everyone should watch this too
82,인간수업,so i’m no longer a kim dong her fanpage thanks to rinn but the show’s still SO good
83,인간수업,"Why couldn’t they learn to put their phones on silent, it exposed them so many times"
84,인간수업,i love this so much idfc
85,인간수업,the girl pissed me off so much omfg
86,인간수업,"The main leads pick so many dumb choices, but then I realize it's because they're still a teenager so it made sense. They still pisses me off, though. Overall, great plot."
87,인간수업,what the fuck is going on in south korean high schools?
88,인간수업,kwa ki-tae is a musty crusty dusty ass person but the series is great
89,인간수업,"I was a bit apprehensive at first but I just want to say first off: Oh Ji-soo is hot, second off: the series gets MUCH better as it goes on, and third off: Don’t mess with gangs kids."
90,인간수업,"Amazing … just amazing 
The story was told so well and the plot developed perfectly. It is definitely a step out of kdramas usual comfort zone but it is a step in the right direction. Highly highly HIGHLY recommend to everyone to give it a watch !!!"
91,인간수업,"Falling into the teen/young adult crime drama section. Extracurricular definitely has a very interesting and newish plot from when I had first watched it. The anger it made me feel was extreme, and was successful at keeping me at the edge of my seat. 
I did feel like there was something missing whether that was the lacking aspect of character development. I undeniably enjoyed watching this show. 
I do highly recommend giving this show a try."
92,인간수업,forgetting my moral compass for kwak kitae
93,인간수업,the way mr lee owns the key to my heart ❤️ 🥲
94,인간수업,Lot of sex talk i love sex lesbian sex need more
95,인간수업,Pimpin ain’t easy
96,인간수업,boy just wanted to go to college:(
97,인간수업,looks around
98,인간수업,I WAS STRESSED OUTTT
99,인간수업,How is Jiso smart and stupid at the same time. Like why is he carrying his phone everywhere  and not put it on a silent mode. Fucking dumbass. This show pissed me off but i kinda liked ngl
100,인간수업,i can fix kwak kitae
101,인간수업,give me the next season now
102,인간수업,"Não terminei a série, parei no episódio 5.
Gatinha aprovada 👍"
103,인간수업,this is one of those shows where everything is pretty much objectively one person’s fault so it’s agonizing to have to watch because you just want to punch this person in the face and not in a well written villian type of way but in a side character we are supposed to like type but is literally the whole problem type of way
104,인간수업,she ruined his life.
105,인간수업,every character is just so annoying but i love it. I legit feel frustrated watching this.
106,인간수업,I LOVED THIS? also how did i manage to love all the characters even when they pissed me off multiple times
107,인간수업,"Not gonna lie, almost every character in this was extremely annoying (this must be a running theme with K Dramas) as it seemed they purposefully went out of their way to make the dumbest decisions possible 😂. With that being said I also enjoyed every minute of this series so there's that. Hoping for a second season as it has great potential to expand the story into something so much bigger. Fingers crossed."
108,인간수업,"sex education but darker, cooler and chillingly dystopian"
109,인간수업,Extremely slow pacing to the point that it's getting frustrating and incredibly boring. The characters are written okay-ish but I really don't get Gyuri and her character and motivation is not explained at all (even if a character is a sociopath they need to have motivation to do something but she really didn't have anything at all). I just really hated her lol
110,인간수업,Mr Lee could get it
111,인간수업,i sort of didn’t like any of these characters but felt fond of them at the same time. i guess that’s what happens with morally grey teenagers being pimps
112,인간수업,"the pacing is so wack it gradually starts draining out the excitement in the unique storyline with such promising characters (aside from gyuri wtf gyuri? maybe the writers are hoping to explore her better next season but i couldn't understand her motivations as a character - why try to sabotage some kids job in the first place? especially after they revealed to you they're poor and living without parents? pissed me off initially)
definitely one of those shows with the potential to be better with a greater budget."
113,인간수업,bom mas o final cagou mano :/
114,인간수업,everything was fucked
115,인간수업,kwak kitae…….. I forgive u 🙁
116,인간수업,"It was a really good story, but I felt as maybe the ending was a little rushed so it could be “open to interpretation “. But overall a very good show, with very interesting characters and stories to tell."
117,인간수업,almost all characters annoyed me but mr. lee is the only exception
118,인간수업,"the pace of the this was excruciatingly slow, couldn't get past first two episodes.
when i skipped to last 2 eps, THEN I felt a bit interested"
119,인간수업,this was amazing also i will never rewatch
120,인간수업,Simps4pimps!!
121,인간수업,Nobody has any morals and I hope the next season ends with everyone either dead or in jail~
122,인간수업,i just finished it and waw holy fuck that was a fun/sad/interesting/wild ride!!! i feel like i need to scream after this
123,인간수업,dammmmmn so I was really cheering for a fucking pimp huh...
124,인간수업,"I actually loved this kdrama so much. It was very refreshing to watch a drama with a good plot. If anyone wants to start watching kdramas, I would definitely recommend this one."
125,인간수업,ni que decirles si me la pase en crisis todo el último episodio
126,인간수업,the kid who was no match for kim da-mi in itaewon class is the lead here. this was an easy binge a very thrilling ride. bae gyuri as the female lead is especially captivating and sure the premise is far-fetched but ultimately fun.
127,인간수업,"THIS WAS SOER GOOD IDC 😂 wish some of these characters were gay but i loved it! 
NAM YOONSU PLS CALL ME BACK"
128,인간수업,i hate how yuri treats jisoo’s existence like its a game and just fucks everything up for fun bc shes bored
129,인간수업,definitely worth a watch ! one of my favourite kdramas with an intriguing and intense storyline
130,인간수업,"finished this in like december but just logging it now~ 
watched this bc of my big fat crush on kim donghee (i miss u so much bae), ended up enjoying it but there were definitely so many frustrating moments and the main girl was just not likable whatsoever."
131,인간수업,really good drama to watch. i really enjoyed it.
132,인간수업,the soup is really good
133,인간수업,"I really love this one! drama tema sekolah, tapi kok liar banget. Tokoh-tokohnya gak ada yg bener njir. Tapi mereka punya alasan. Tinggal kamu yg memutuskan, mau memakluminya atau tidak. Penulisan plotnya rapih, tipe satu masalah merembet ke masalah lain dan seterusnya, jadi seru dan nagih banget. Castnya didominasi oleh rookie, tapi performanya sinting semua, itu ya terutama yg jadi Oji. Cinematography nya juga gak ada celah. Well, dari segala elemen, hampir sempurna."
134,인간수업,"first of all if you're triggered by self harming, abuse, blood and sex trafficking, dont watch this. except for the blood and one self harming scene, its not That graphic, but still, please be careful.
watching this was An Experience. i had to read some reviews after i finished the last episode cause they left everything to our imagination, nothing explained. overall, i liked it. you cant tell who's good and who's bad, and they talk about very serious matters. i wasnt expecting this AT ALL, which is good, bc if it had ended the way i imagined it would, itd be too obvious. out of the few korean dramas i have watched, this one is by far the most interesting and intriguing, and im really looking forward for the next season, cause i need explanations."
135,인간수업,Cerminan remaja butuh perhatian dan perlindungan. Berkedok kencan berbayar anak di bawah umur hingga perdagangan seks ilegal. Plotnya lebih fresh dan eksekusinya tak kaku. Kriminalitas pada dunia tanpa batas.
136,인간수업,Cannot stress this enough... STAY FAR AWAY FROM THIS DRAMA... ITS AWFUL.
137,인간수업,Se aleja bastante del drama coreano promedio pero se arriesga demasiado y no consigue explotar su potencial al máximo. En líneas generales está bastante bien pero pudo ser mejor.
138,인간수업,when she’s psychotic and crazy 😻 i get you jisoo
139,인간수업,where is s2
140,인간수업,i blame irresponsible parents
141,인간수업,"Well, I was expecting little bit more but didn't really reach it. Probably because people overrated this series
Hard life situations, dark topics they tried to show was unique. Don't have much to say.
The ending was unexpected, thats all. 
Maybe this series was not for me =.="
142,인간수업,"the holy trinity: prostitution, murder, and kwak kitae"
143,인간수업,"Most of this show is just fun until the last episode. Focusing just on that ep, I really didn’t like the staircase scene but I loved the final scene so solid ending. 

L Gyuri, W Mr. Lee"
144,인간수업,"EPISODE TWO - TEN
Dear readers,
A little fucked up on the whole, but I won't deny that it was an easy binge; I wasn't huge on the finale, which left me unsatisfied - ending with no hint as to whether the protagonists were okay. That and Minhee's hate for Uncle didn't have a lot of build-ups to make the final confrontation entirely work.
Extracurricular is a fucked up crime thriller that asks you to wait and watch as two students dupe the world to escape the suffocating lives they had once lived - leaving you on edge each episode.
Yours sincerely,
Dani ""rip Mr lee"""
145,인간수업,hot characters.. jisoo and minhee deserved better smh
146,인간수업,bow wowwwwowww
147,인간수업,"yall, the chokehold this mf has on me. my absolute favorite psychological rollercoaster with a refreshing new plot, realistic and iconic portrayal of mental deterioration, and the lows reached by some when they’ve been pushed to a corner. A true masterpiece"
148,인간수업,bruh these highschoolers built RESILIENT
149,인간수업,IS SEASON 2 COOKING OR WHAT
150,인간수업,deserves more recognition
151,인간수업,Amazing plot and cast. I would've liked a kiss between the leads and a season 2 but that's never going to happen so I didn't give it a full score.
152,인간수업,THIS WAS SO GOOD OH MY GODDDDD
153,인간수업,"i have watched this drama a thousand times and still can't get over it, it's such a masterpiece."
154,인간수업,"this took unlikeable characters to a whole new painful level :’’( 
(don’t worry mr lee i love you still)"
155,인간수업,actually I'm in love
156,인간수업,"gyuri was so annoying, but overall the show was very interesting and i loved the acting and also the intro is so good"
157,인간수업,"If I had to make a list of my favorite and best shows I have seen. Extracurricular would be on the list. This is my favorite K-drama and the best one I have seen. What really amazes me is this is a rookie cast but everyone acting is A+. Especially from Kim Dong-Hee, and Park Ju-hyun. These two have great chemistry. What really impressed me the most is the writing, philosophy, ideologies and morales of the characters. This show will make you question life and what you are willing to do to get what you want. Overall If you want to see a show where everything is not what it seems to be and where characters are conflicted. Extracurricular is the show for you."
158,인간수업,ninguém desliga o celular nessa merda
159,인간수업,gyuri ruined everything.
160,인간수업,fucking LIVED for this show when it came out. i’ve been waiting for season 2 for … two years ….
161,인간수업,ending was very underwhelming for me
162,인간수업,"Dang, things just keep spiraling"
163,인간수업,complètement fucked up
164,인간수업,Creo que es el kdrama que menos me gustó hasta ahora. Los personajes me ponían nerviosa y nunca me cayó bien Bae Gyuri. El final tampoco me gustó. Minhee deserved better. Creo que la premisa tampoco tenía tanto potencial tampoco idk
165,인간수업,poderia falar q não me prendeu mas assisti tudo em 1 dia KK porém achei morno é legal mas não aquilo de tipo uauuuu deveria ter um mistério sla
166,인간수업,moral of the story is mind your business
167,인간수업,I LOVE THIS SHOW SO MUCH I WATCHED IT A WHILE AGO BUT MWAH FAV FAV FAV
168,인간수업,inject season 2 into my veins
169,인간수업,what about season 2
170,인간수업,plz tell me we're gonna have season 2.. what the heck was the ending I WANNA KNOW
171,인간수업,Dreams are expensive? Why do you need to study hard to earn more money while you already earn lots of money through your self-created job!!
172,인간수업,PARK JU HYUN ILY
173,인간수업,?????AKASJHSHA ?? I NEED TO KNOW IF THEYRE ALIVE OR NOT
174,인간수업,desandou no final mas foi bem legal de assistir
175,인간수업,"i dont know what to say other than, it is massively intense. thats what i love about this show though, it keeps you on your toes and you never know what to expect. i do have to say open endings are usually a hit or miss but i really did enjoy it.
also,  jisoo deserves better though, man just wants to go to college, he’s innocent!!!"
176,인간수업,шедевр
177,인간수업,high school crime story? fuck y’all got me already
178,인간수업,very good thriller series
179,인간수업,Good
180,인간수업,hey.. I’m looking for a job too 👀
181,인간수업,tinha tudo pra entregar um final impecável não entregou foi porcaria nenhuma ! tirando o final podre até que vale a pena viu eh Mt interessante
182,인간수업,"caroli is listening for the 1st time to:
🎶 Criminal
💿 Femme Fatale (Deluxe Version)
👥 Britney Spears"
183,인간수업,*Chefs kiss*
184,인간수업,all time favorite
185,인간수업,all time favorite
186,인간수업,kim donghee un attore che recita period
187,인간수업,o cara se fode tanto quanto o Adam Sandler em Uncut Gems
188,인간수업,I NEED SEASON 2!!!!
189,인간수업,literally so goooood að ég þurfti að rewatch !!!!!!!!! still waiting for season 2 tho 😓😓😓
190,인간수업,ITS SO GOOD literally best kdrams i've ever watched
191,인간수업,<3
192,인간수업,Favorite kdrama ever 🥺
193,인간수업,the best show i have ever seen
194,인간수업,the amount of kdramas ive watched this half term is embarrassing
195,인간수업,Gyuri kok bisa cantik bgt???
196,인간수업,o judocuları ıse alsalardı boyle olmazdı
197,인간수업,"Esta serie me encanta lastima que no fue tan famosa como yo pensé que sería, también lastima que el actor queda vida al protagonista tenga actitudes tan malas en mi opinión le tenía cariño. (Me he visto 3 veces esta serie y las tres llore)"
198,인간수업,"I didn't feel connected to the characters so much and I didn't really like what the series was about. but I'm obsessed with Korean drama rn so I'm also not complaining. the actors are REALLY good, for real."
199,인간수업,começou mó bem mas cagaram mto no final
200,인간수업,"honestly one of the most confusing shows ive ever watched. i mean the concept is good but i wished they explained more to the viewers how the ""business"" worked lol. i get that the main characters' (jisoo and gyuri) personalities are supposed to be ""quiet and keeps everything inside until they explode"" but man i have no fucking idea what they wanted to do 😭 like at least make us understand through your actions. theres a lot of dead air that couldve been just used as a ""space"" to explain things, or maybe even just an extra episode wouldn't have hurt the show makers. annoying as hell
nonetheless this is one of the most unique kdramas ive watched in a while even tho i dont even watch much dramas lmao. its definitely not like the usual highschool dramas that focus on romance, instead, it focuses on real life issues such as sex trafficking and violence."
201,인간수업,"A decent crime-focused Kdrama, Extracurricular aims to keep you on the edge of your seat while the lead characters morally degrade over the course of the story. Unfortunately I didn't like the way the story played out and the writing confused me at times."
202,인간수업,"while humanities subjects in schools were not valued, social problems will continue to exist."
203,인간수업,"I could write a novel on how this fucking sucked and idk what I expected from a netflix kdrama but instead: Jisoo I'll be there for u with open arms, open legs, and an open mouth WHY are mysterious quiet sensitive nerdy boys w dark secrets so mf skzjjsiqnzn"
204,인간수업,LITERALLY SOOOOO GOOD instantly became one of my fav kdramas ever
205,인간수업,"One of the series that made me crave for psycological kdramas. I love the concept, very annoyed to the girl and was stressed out for jisoo. The pacing is great. The tense was immaculate. Would watch again, i would give anything to watch this again for the first time. Highly recommended. I need other dramas like this TT"
206,인간수업,İlk bölüm güzel bir şey çıkıcak falan zannetmiştim ama sıkıcılaşmaktan başka bir şey yapmadı her şey mantıksızlaştı ve sonu çok saçma sapan bir şekilde bitti anlamadım bir şey
207,인간수업,"best teen age drama i've ever seen, an actual good plot"
208,인간수업,PRECISO URGENTEMENTE DA SEGUNDA TEMPORADA
209,인간수업,if i don’t get that season two someone is going to pay
210,인간수업,"zarpada, empecé el primer cap y la colgué xomo por dos años jajajs pero la retomé y m encantó mal"
211,인간수업,"This show is highly underrated internationally, despite it addressing serious topics such as prostitution in such an eye-opening way. At first glance, you wouldn’t feel any sympathy for someone who runs a sex-ring; but once we know the story behind Ji-soo’s actions it almost makes you want to root for him. Yet as the season progresses, Ji-soo’s mental health slowly starts deteriorating & that’s when things go downhill. I appreciate how well-written both the main & side characters were, it made me become more invested in their stories than I thought I would. Overall, I throughly enjoyed this series; my only criticism is that I wish the ending were less open-ended."
212,인간수업,"gyuri… call me
the theme song is perfect
i actually rlly liked the ending"
213,인간수업,"hum… it was okay. i know that open endings are very common in korea but it still wasn’t necessary for it to be a good closing. don’t want a season 2 though, there is no reason for that. ngl, some parts made me so patient less when it came to that main character but yeah, in a general view it’s fine."
214,인간수업,QUE FINAL SAO ESSES
215,인간수업,Teenagers scared the living shit out of me ~
216,인간수업,"• amazing plot that was well developed and fast paced 
• great characters that make you feel annoyed and sympathetic at the same time 
• soundtrack >>>
• cast >>>
• well made fight scenes
• good dialogue"
217,인간수업,deserve
218,인간수업,টিনেজার ক্রাইম ড্রামা হিসেবে জোস।
219,인간수업,im a oh jisoo apologist he did nothing wrong he was trying to survive
220,인간수업,everything went down little by little like leave jisoo alone 😑😑😑
221,인간수업,idc abt the plot BUT KWAK KITAE 🫀 stole my heart
222,인간수업,everyone should watch this.
223,인간수업,onde o sistema educacional e o carcerário se cruzam. e eu amo!!
224,인간수업,kim jinmin can do no wrong
225,인간수업,best kdrama forever
226,인간수업,tbh jisoo and gyuri deserved it. this series is wrong on so many levels. i couldn't believe i wanted them to not get caught.. not me defending criminals 🙄🙄 it's all gyuri's faults. yup i said it! also i want mr. jinwoo to become my teacher 😫 why is he so kind??? he cares for his students so much. a question for jisoo: why did you put the trash in your bag instead of throw it away? 🧐
227,인간수업,So so tense omg the ending!
228,인간수업,"quando eu assisti pela primeira vez, virei militante moralista detonando o jisoo por todas as merdas que ele fazia mas agora só quero que ele acabe com tudo e todos !! a atuação dessa porra é do caralho viu Vsf"
229,인간수업,final meio meme hein
230,인간수업,the best kdrama i’ve ever seen in my life everyone needs to watch this rn
231,인간수업,Literally finished the show in one night.Kinda mad with the main lead girl but still very good
232,인간수업,bae gyuri i am free every friday night and most weekends please call me i am willing to be an accomplice to a crime just for you
233,인간수업,"this better have season 2 or else... (i don't need another sweet home 2.0 situation. come on netflix, do your job)"
234,인간수업,no way it ended like that
235,인간수업,didnt finished it and have no intention to
236,인간수업,"дорама на один раз. я вообще её еле досмотрела 
меня очень сильно смущает сюжет сериала. если мотивацию героев более-менее можно понять, то их действия - нет. слишком много импульсивных поступков они совершают, и хотя это можно списать на их подростковый возраст я думаю проблема в сценарии. меня очень расстроило то, что изначально бэ гюри пристыдила о джису за то, что он продаёт девушек (к тому же несовершеннолетних), а затем сама присоединилась к его бизнесу. в целом дорама не такая плохая, но под конец я уже смотрела на ускорении. тем не менее последняя серия оказалась самой насыщенной как по мне, ну и серия где на ребят напали челы из караоке. 
о джису вообще отвратительный человек, так что я надеюсь, что в конце он умер от ранений, которые ему нанёс квак китэ. а со минхи очень жаль, она не заслужила всего этого ужаса, который она перенесла"
237,인간수업,Sucked.  How stupid.
238,인간수업,Maintaining a relationship with one woman is difficult enough. Imagine multiple. No thanks.
239,인간수업,I should be in here
240,인간수업,"「如果你需要幫助，請向你的父母、朋友、老師或是任何你能信任的人求助。」
每集片尾都會出現這句話，配上諮詢電話和相關網站，呼籲大家有任何困難都要找人協助，要相信大人，不要獨自承受。但劇中的主角會走到這一步卻是因大人而起，不管大人喊出的口號是「為你好」還是「為我好」，都是讓他們走上不歸路的主因。父母將孩子帶到這個世界，帶他跨出人生第一步，要是第一步就錯了，之後的每一步都會錯，最後只能在錯誤的答案裡賭上性命，越走越遠，無法回頭，一直走到撐不下去為止。
主題曲《Speak for yourself》固定出現在片頭跟片尾，整首歌只有一句歌詞Speak for yourself，乍看之下會以為是「為自己發聲」，但這句在口語上的意思是「我不同意」。當他跟著結尾標語一起出現的時候，就像在對那句尋求幫助的話說我不同意，用歌曲和文字做好幾回辯論。被大人推入谷底的絕望讓這些孩子再也無法相信大人，從事特種行業的波折也讓他們無法相信身邊的人，他們都是吳智洙養的寄居蟹，只想躲在自己的殼裡，以為自己躲在暗處很安全，其實一擊就碎，非常脆弱，需要更堅硬的外殼，需要溫暖的燈光。
班導是吳志洙唯一試著求助的對象，即使他最後還是沒說出口，但看老師後半部戲份增加，以及夢境的暗喻，推測他是結局的救援者，他會為主角們套上更堅硬的外殼。
李室長則是吳智洙最信任的人，也是全劇最神祕的角色，沒有人知道他從哪裡來，為什麼要為吳智洙工作，只知道他曾經從軍，非常能打。他從不質疑吳智洙的決定，不問多餘的問題，只為薪水出動，全心相信他。他是信任與支持的代表，劇中溫暖的一道光。就算他最後知道自己的上司只是一個高中生也沒有任何改變，還對他說「你只是運氣不好」，成為整部劇裡最催淚的台詞。
《人性課外課》第一季留下不少懸念，每集都看得很緊張，吳智洙的個性讓觀眾心很累的同時也很真實，最後兩集出現的夢境應該是第二季的伏筆，希望第二季能拍得更好。整體來說，這部在人性刻劃上很細膩，用蒙太奇手法拍夢境隱喻很棒，可以排進我的人生韓劇前五名。"
241,인간수업,"WOHER KANNST DU SCHLÖSSER KNACKEN? YOUTUBE
Gesehen auf @netflixde
Oh Ji-soo geht zur Highschool, bekommt sehr gute Noten und fällt niemanden in der Klasse auf. Doch er hat ein großes Geheimnis. Er hat einen Escort Service wo er junge Frauen an Männer ausleiht. Diese ""Geschäfte"" laufen ausschließlich über das Telefon. Die Frauen kennen ihn nur als Onkel und der einzige andere Kontakt ist Hr. Lee. Ein Ex-Soldat der eingreift sollte bei einem Auftrag ein Mann übergriffig werden. Oh Ji-Soo's Leben läuft fast perfekt, bis seine Mitschülerin Gyuri ihm auf die Schliche kommt. Als ein Mädchen dann auch noch verprügelt wird scheint die Sache ihm zu entgleiten. Denn Gyuri möchte ab sofort einen Anteil, zu dem wird ein Gangsterboss auf ihn aufmerksam und auch der Schulbully will ihm ans Leder. Sehr schnell gerät alles außer Kontrolle.
Diese Koreanische Serie hat 10 Episoden mit je ca. 45-75 Minuten Laufzeit. Wir haben hier eine Geschichte über Prostitution, Leistungsdruck und Blut vergießen. Positiv fand ich das man in die Serie sehr schnell reinkommt da die Charaktere gut und einfach erklärt sind. Oh Ji-Soo ist kein böser Mensch, Gyuri ist nicht habgierig und man versteht warum sie es tun. Die Cliffhanger am Ende der Episoden sind wirklich klasse, man will weiter suchten. Negativ fand ich das gerade das Ende für mich enttäuscht da ich eine andere Erwartung hatte wie mit den Figuren umgegangen wird. Ebenfalls fand ich es schade das Oh-Ji Soo offenbar 1,5 Jahre ohne Probleme durchkam und dann geht alles schief nur weil ein Mädchen dazu kommt. Die Gangster waren alle eine Enttäuschung. Am Ende bleibt aber eine spannende Serie mit einigen Schwächen und einer nicht vorhersehbaren Handlung.
Von mir bekommt die Serie 7/10 Punkten. Wieso bleiben Mädchen immer bei den Deppen?"
242,인간수업,Justice for minhee. That’s all I’ll say
243,인간수업,"fest dobré, len tá piča mi strašne liezla na nervy."
244,인간수업,gyuri knows
245,인간수업,"I started this yesterday and I’ve just finished it, needless to say it’s hard to put down. 
Up until the last couple of episodes I was ready to give this 5 stars but it’s still a beautifully crafted series.  The characters have very little development but I can cope with that since it’s a mini series set in a specific time frame. I don’t like how it turned out for the two main characters and it’s left more open than I’d hoped. 
As far as I can see from research, South Korea is actually a very tame place nowadays so a lot of the realism can be questioned but that doesn’t detract from the enjoyment.
The writing is excellent for the most part and it’s got the fresh feeling you get from South Korean dramas, particularly if you’re looking for a change from western series’.
Korea sure knows how to choreograph a fight scene.
It’s the same director as My Name which is what put me onto it, so I’d recommend that more but they’re both really enjoyable."
246,인간수업,I’ve watched this show over 2 times and really doesn’t get any better than this. It does get a bit overwhelming at times but this really is a sitting at the edge of your seat type drama
247,인간수업,Gyuri eu passo pano p ti sim
248,인간수업,"hands down one of the best if not THEE best kdramas i have ever watched, binged it in A DAY"
249,인간수업,"Umutsuzca yeni sezonunu bekliyorum bu dizinin. Ama gelmeyecek gibi duruyor. :/
Bence kurgu ve işleyiş çok iyiydi. Garip bir şekilde sevdim bu diziyi. Devamında ne oldu acaba size? 🤔"
250,인간수업,high-key got way too connected to this character and I felt all his pain. The way I cried after this one not even knowing why I was crying. #emotional I love the mc sm tho 😞 he didn’t deserve all that.
251,인간수업,"Better than expected but also kinda messed up. In a good way though, different than anything I’ve seen before. 👍"
252,인간수업,chato chato chato
253,인간수업,High school wasn't like that for me
254,인간수업,Mind blown.
255,인간수업,now just imagine if he had to pay for college in the us
256,인간수업,One of the best kdrama plot! GIVE US THE S2!!
257,인간수업,"eu não entendi o hype… a história é boa mas os personagens são muito irritantes, tem horas que dá preguiça de assistir por causa deles… e aquele final, sinceramente, não me convenceu kk"
258,인간수업,Man I was so nervous
259,인간수업,"Er I watched it a couple months ago but it was an intense show, can’t remember all my thoughts on it but it’s amazing"
260,인간수업,kitae be my bf
261,인간수업,loved it
262,인간수업,"jisoo deserve so much better , i hate his father sm . kitae and gyuri yall toxic ass mf are so hot"
263,인간수업,best show to ever existed tbh
264,인간수업,loved this k drama i binged it in a day and i loved it
265,인간수업,give me a season two - i ship them so hard but she is just so TOXICCCC - I just see the main character in myself that's probably why lol
266,인간수업,"Acting: 4/5
Directing: 4/5
Screenplay: 4/5
Cinematography: 4/5
Visual Effects: -
Score: 4/5"
267,인간수업,"Intense!
I know how to say the F word in Korean now.
Highly do not recommend for any parent to watch this show :)"
268,인간수업,INSANE
269,인간수업,three thousand years looking for a damn phone
270,인간수업,"the great acting , the great plot , the great aura and feel to it , its great"
271,인간수업,This show is so well written. Especially the character Gyuri. The show really explains on why she does most of the things she does. Morality is sort of out of the window with most of these characters and that’s something you have to understand when watching this show. An amazing story from start to finish 10/10 would recommend
272,인간수업,i will never stop talking about this show and pushing it onto my friends. IT’S SO GOOD JUST TAKE MY WORD FOR IT!!
273,인간수업,craving well written kdrama without the cringe unrelatable romance
274,인간수업,"ahhhhfifkngkrlfnfkfl
i thought so many times that it couldnt get any worse but it always did ALWAYS
they did wrong, i know it, but they deserved better
im so frustrated atm
i need season two, i need something good to happen to them
</3"
275,인간수업,not many will get this excellence.
276,인간수업,gyuri cakep banget??!?!
277,인간수업,"It made me so stressed watching this that I lost sleep over it. I watched half of it, dropped it, remembered some fucked up shit that happened in the show, watched the rest of it, and now I'm able to move on.
Actually tho, I don't really think I can empathize with most of the characters. Nothing objectively ""good"" happened in the show. A very depressing take on the world around us, but then again, when has women selling their bodies for money ever been treated as something that's not depressing for the average person. yikes."
278,인간수업,eu exijo uma segunda temporada!!!!!!!
279,인간수업,No hope for the next season
280,인간수업,"Una de mis series coreanas favoritas que no puedo llegar a entender como no es más conocida
Guiones tan bien hechos que te hacen simpatizar con criminales
Amo aqui"
281,인간수업,"i really enjoyed this show, high quality, interesting and gets you to think it through"
282,인간수업,"If you like dark, intense and catching highschool dramas with morally grey characters then you should give extracurricular a try. The plot, such as the characters, are very well written and the acting is on point. It's been nearly 2 years since the first season came out and netflix still hasn't announced a second season :( I really hope they don't cancel the show"
283,인간수업,the acting in this is top tier
284,인간수업,Wet. Pussy.
285,인간수업,impossível gostar
286,인간수업,@Netflix can we have the season 2
287,인간수업,"MUY buena trama
Buenisimos actores
Final abierto
Suspenso y acción"
288,인간수업,gyuri i love you
289,인간수업,Very fun The end is a bit fucking weird tho.
290,인간수업,perfectly devastating. the editing was so strange sometimes but i liked it.
291,인간수업,I bingewatched all 10 episodes in one day and now I don't know how to continue with my life because it felt too short .. s2 pls …
292,인간수업,crazy ass show
293,인간수업,"this drama got me back into my kdrama grind during quarantine..i remember binging this and it introduced me to some of my fav actors and actresses I also think this drama was very new and I liked how suspenseful it was, it kept me engaged into what was happening and I think that's an important aspect of a drama"
294,인간수업,Love this teenage criminals...
295,인간수업,:;)
296,인간수업,better than squid game
297,인간수업,still wondering did they escape or did they die
298,인간수업,"Muito boa a trama, história original e bem desenvolvida"
299,인간수업,"minhee and kitae did nothing wrong !!
also surprisingly boring for being about underage sex trafficking"
300,인간수업,where is season 2 hahahahahahahah
301,인간수업,🤯
302,인간수업,It's very cool and has a good ending(seo min hee carried the last few eps). And i wish jisoo get punish more too with gyuri. Jisoo is WHIPPED.
303,인간수업,"bae gyuri, the half good half bad bitch you are"
304,인간수업,"Bruh, that ending. There must be a season 2. If South Korea keeps producing this type of drama, they can count me in."
305,인간수업,hated all the characters
306,인간수업,"it got on my nerves ALOTTT,, it was still a pretty morally gray show."
307,인간수업,"It's the darkest teen kdrama that I've ever watched. Really heavy. It started as a simple high school drama but became really complicated. It also shows how a person can change because of money. Nearly all characters were unlikeable, but maybe that's the intention"
308,인간수업,Riverdale could’ve covered this in 2-3eps.
309,인간수업,Amazing Korean drama that turns into a fuck fest
310,인간수업,Insanely entertaining and creative. Riveting doesn't even begin to describe my favorite series of all time.
311,인간수업,wow
312,인간수업,"that finale episode was INTENSE and i really wish that level of intensity was given right from the start because i didn't really get hooked. i only finished this drama just to say that i did. the plot was unique, though. and bae gyuri, i hope you were able to fly to sydney i'm willing to follow you there. i'm free on friday night."
313,인간수업,THIS MADE ME LOSE MY MIND
314,인간수업,Rare one that different from other korean series
315,인간수업,Not bad
316,인간수업,minhee my beloved
317,인간수업,it's fun to watch criminal teenagers.
318,인간수업,best show ever
319,인간수업,ja desisti de esperar uma segunda temporada odiamos ver netflix puta horrorosa
320,인간수업,gang gang
321,인간수업,"Kitae, hand on marriage?"
322,인간수업,s2 when
323,인간수업,WHY DIDN'T YOU GO TO FUCKEN AUSTRALIA WHEN SHE ASKED YOU TO FUCK WHAT THE FUCK UGH
324,인간수업,on todays episode of is this a commentary on masculinity or is the writer just incel:
325,인간수업,Bad Genius with Parasite. You will love this.
326,인간수업,o menino q sofreu mais q jesus
327,인간수업,Interesting idea!
328,인간수업,"“Dreams are expensive.” My goodness I loved this K-Drama. Full of gorgeous young high school students, prostitution and pimping, dramatic storyline and exceptional acting. Fantastic production and a great Korean drama that I’ve seen so far. I related to the expensive dream quote, because it’s so hard to make a living in today’s world, as costs continue to rise. The ending of this left me unsatisfied and I was expecting more? Like it felt like a cliffhanger ending. But great story, writing, production, and cast. Compelling and dark so a really good Korean drama. On Netflix I highly recommend it."
329,인간수업,"can’t even express how good i found this show. Everything was so perfect. the only thing that i would complain about is the open ending. there probably won’t be a season 2 bc the show didn’t get enough attention, but i would love to see what happens next. Also Bae Gyuri a bitch"
330,인간수업,"No se como expresar lo mucho que amo esta serie. Es original, entretenida, tiene un mensaje de la ostia… Pero no la conoce ni Dios😭😭"
331,인간수업,"10 stars for the soundtrack alone.
The story for this drama is so interesting and the main chara is one of the best in my opinion. Didn't really enjoy the new characters from ep 5 onwards, the storyline with them felt random.
I dropped this around ep 6 bc nothing was really happening but then everything happened in the last two basically,, Wish they'd explore more bc i just felt something missing, maybe i watched it at a wrong time but i couldn't really get into it."
332,인간수업,kinda good. hot. interesting. waiting for season 2 xx
333,인간수업,Ruined by clumsiness of charactersz oh well...
334,인간수업,Herr Lee...
335,인간수업,"Es la mejor serie que vi en mi vida!
Súper recomendable, no se van a a arrepentir de verla!!"
336,인간수업,"Erinnert mich an ""Tote Mädchen lügen nicht"" mit nur etwas mehr Blut. Durchgehend spannende Folgen mit einem sehr offenem Ende"
337,인간수업,legalzinho mas e meio confuso tb e o jisoo e um gostoso quero segunda temp
338,인간수업,"It's always the ""rich girl with family issues"" who fucks things up
anyway bae gyuri, fuck my life up 😔"
339,인간수업,muy buena
340,인간수업,another one of my favorites. if you haven’t watched seriously reconsider your life choices gorg
341,인간수업,"Aunque en los primeros capítulos de la serie parece que estás viendo un k-drama porque salen varios clichés y por la forma en que se expresan los personajes, va tomando actitud la serie para al final dejarte atrapado por saber cómo continuará la historia. Recomendada por si quieres ver algo diferente a cualquier serie de preparatoria normal.

Otra cosa que me pareció muy buena y que la mayoría de los shows debe aplicar, fue que aunque la historia se centra en mujeres acompañantes, hay muy pocas escenas donde ocurren los encuentros (aproximadamente 2 escenas) y en ninguna se sexualiza a la acompañante, lo cual hace que no te desvíes del tema principal, que es ver cómo se desenvuelve el ""negocio"" de Jisoo."
342,인간수업,THIS SO GOOD I DONT EVEN KNOW WHAT TO SAY REALLY
343,인간수업,"Very stressful and intense piece of storytelling, which manages to compel me into wanting more, the two main characters seem to get on well and work well but we quickly learn that by being so similar can have its set backs also! 
Good Korean drama enjoyed it a lot"
344,인간수업,This is the kind of Korean dramas I wanna see
345,인간수업,All these characters are cool and deep and shit…. the only problem is the ending which is a cliffhanger… second season please
346,인간수업,"uma serie onde todo mundo e filha da puta, incrivel"
347,인간수업,"uma serie onde todo mundo e filha da puta, incrivel"
348,인간수업,how do i sign up?
349,인간수업,KIM DONGHEE SUPREMACY.
350,인간수업,i need season 2 ugh
351,인간수업,preciso de um final decente 😭
352,인간수업,confirmado: oh jisoo sofreu mais que jesus e tem um total de 0 minutos de paz
353,인간수업,Maravilhosamente incrível
354,인간수업,"in the end, greed get you nothing"
355,인간수업,"Don't mind me just doing a Mandela-Effect to make myself believe that Jisoo, Gyuri, and Mr. Lee are tending to an orchard in Sydney right now."
356,인간수업,esqueci de logar
357,인간수업,"serie extremamente boa, amei acompanhar ela"
358,인간수업,"was literally freaking out every episode ,,,, every ep is so engaging and i lost so much sleep over it cause i just HAD to know what happened next ?!?? some parts were kinda boring ngl but they all made sense in the story and the show overall is really worth it"
359,인간수업,"This could've been a good story if it were a movie. The story was stretched way too much to fit into a series
Liked that ""end of the fuking world"" vibe"
360,인간수업,só rola merda porque na coreia do sul ninguém liga pra privacidade alheia
361,인간수업,"insane, unhinged, deranged teenagers. intense from start to finish"
362,인간수업,"Good cast, Solid story, and most importantly Bae Gyuri"
363,인간수업,"Interesante, dinámica y adictiva aunque algo superficial y rocambolesca en su tramo final es el resumen de 'Extracurricular'.
Solo son 10 episodios, respecto a los 16 o más que suelen ser habituales en este tipo de producción, y con episodios inferiores a la hora. Tiene buen ritmo y eso hace que se vea del tirón con mucha facilidad. Presenta aspectos sociales muy controvertidos, como la prostitución de menores y el bullying, y a pesar de su apariencia inocua supone una clara crítica para el espectador con perspectiva aunque está lejos de demonizar a sus personajes, víctimas de distintos trastornos sociales en su mayoría.
Su principal problema está en un rocambolesco desenlace y en un actor protagonista que no termina de tener carisma para ser el eje de la historia. Tanto el personaje protagonista femenino como la actriz que lo interpreta son muy superiores en presencia. No descarto que una segunda temporada pueda ser interesante, pero estamos ante una serie del montón, aunque sea del montón decente."
364,인간수업,esperando ate hoje pela segunda temp
365,인간수업,كان جميل اوى بجد خد منى فترة طويلة شوية عشان اخلصه عشان كان مليان توتر و انا متوترة اصلا التمثيل جميل جدا و الممثلين كلهم بيرفكت انا متعصبة بس جيورى لو كانت خلتها ف حالها لو مسرقتش التليفون لو مأصرتش تدخل ف شغل جيسو لو مأصرتش تكبر الشغل منها لله عصبتنى انا متعصبة منها بجد شغل و معاناة جيسو مان بالنسبالها لعبة بنت غنيه ملانة عايزة تلعب بس ممكن بردو ممكن يعنى كانت عايزة تشتغل مع جيسو عشان تستقل و تبعد عن امها الاستغلالية المريضة بس بردو هى اللى بوظت حياة جيسو و مينهى. كمان صعبت عليا جدا المهم اجمل حاجة اخر اغنيه ف المسلسل اللى هى كانت فريك كانت حلوة اوى الحسنة الوحيدة ف مسلسل المراهقين المجانين
366,인간수업,I am fucking speechless 
367,인간수업,terrible ppl all of them except ole girl
368,인간수업,REALLY GOOD!!
369,인간수업,thing about this kdrama is that you’ll never find another one like it
370,인간수업,"quite possibly the best show i’ve ever watched. excellent soundtrack, storyline, character building. so different from other kdramas. me thinks extracurricular is to korea what hormones was to thailand. the start of more dramas exploring topics that aren’t so often talked about in asian media. love love love. 100/10 would watch again every day for the rest of my life."
371,인간수업,mr lee my beloved
372,인간수업,eu namoro com a minhee pra quem nao sabe
373,인간수업,The topics it tackles alone gives this a must watch
374,인간수업,"dreams are expensive.
INTENSO.
BEM ESCRITO.
DE TIRAR O FÔLEGO.
marcante desde os primeiros minutos do primeiro episódio, esse kdrama entregou tudo o que eu gosto. adotei a minhee desde o início e a coitada sofreu mais que jesus cristo. jisoo e gyuri eu demorei pra entender mas acabei adotando eles tambem principalmente a gyuri mesmo ela sendo diabólica. todos os outros personagens tambem sao igualmente bem construídos e interessantes (sr. lee!!!). pena que tem apenas 10 episódios e o final ficou em aberto então estou na expectativa por uma possível segunda temporada."
375,인간수업,i didn't know sex work was so popular among korean high school students but it makes for very good telly
376,인간수업,O MAIOR DO MUNDO BAFORAAAA
377,인간수업,"this shit was a masterpiece. they ended it on a cliffhanger and for what coz its been more than a yr since its release so why is s2 still not here. anyways main character who's a criminal, oh jisoo deserves the world"
378,인간수업,"Please i need the season 2, i hate the hangerclif"
379,인간수업,Best drama I've seen!
380,인간수업,this is my favorite ever show 😁😁
381,인간수업,Literally the best kdrama ever. The pacing is perfect and the storyline is so intense and interesting
382,인간수업,I want jisoo so bad.... more dramas from him pls
383,인간수업,best kdrama ever made
384,인간수업,"Es increíble. SÚPER RECOMENDADA si te gusta el suspenso y la acción.
No importa con que idea entres a ver la serie, superará tus expectativas.
Los personajes son increíbles. Y vas empatizando con muchos de ellos y queriendo golpear a otros cuantos también.
Las temáticas que toca son profundas y están bien formadas.
Si no la han visto, ya no lean más y ¡¡corran a verla!!"
385,인간수업,THIS DRAMA IS EASILY IN MY TOP 3 OF ALL TIME. it just SUCKS that it didn't get enough traction when it came out...... now we won't get a season 2.... 💔💔💔 LITERAL PAIN
386,인간수업,gyuri é insuportável
387,인간수업,final niye cekmediniz aga
388,인간수업,"I think this was the first kdrama that really got me hooked. I binge-watched it an entire evening and the day after. 
The acting performance was incredible."
389,인간수업,this drama changed my life ngl
390,인간수업,"i don't know why i put this away for so long since its released!!!!!! i started and finished this within 5 days and IT'S SO GOOD YALL. the whole series is just super engaging, THE SOUNDTRACK and the cinematography is beautiful. even though we were given an open-ended ending, i still think it's interesting how the audience can interpret it differently. maybe a season 2? i feel that there's no need for it but why not 🤩"
391,인간수업,this was.... an experience..
392,인간수업,"esse drama é incrível, gosto muito dele e já assisti várias vezes
espero que tenha segunda temporada porque EU SEI que o Jisoo tá vivo"
393,인간수업,meu pai do céu que série boa
394,인간수업,honestly a very very dark k-drama obviously. look up trigger warnings before watching bcs there’s a lot. the story in itself is actually pretty interesting and whilst it can get a bit much its still a very solid k-drama
395,인간수업,NGGA ADA OBAT!
396,인간수업,"MY FAVORITE KDRAMA EVER
No doubt!! Great cast, great story, fun ride, full of lessons, not your ordinary kdrama. This show is so dark yet so interesting... I could rant about it for days, seriously. It's incredible"
397,인간수업,GYURI SUCKS
398,인간수업,sonhando com uma segunda temporada
399,인간수업,"Extracurricular is a very new taste of K-drama.
A 'near-zero teen boys and girl romance' story that paid serious attention on teenages surviving in the cruel modern capitalist world.
The characters and the events this story took place may seems to be exaggerated. But hard to refuse that every characters in the story can be easily related to people around us in everybody's real life. And that's very touching.
And a big applause to both lead actor and actress that their performances are such perfect.
Can't wait to see the next chapter of their difficult journeys in the second season."
400,인간수업,THIS DEF NEEDS A SECOND SEASONNNNN kwakki is so hot btw ;)
401,인간수업,the ending tho.
402,인간수업,"the suspense
the storyline
the frustration 
would defo recommend this series 
it is chefs kiss
but be prepared to feel angry and sad lol"
403,인간수업,SAUR GOOD I COULD WRITE A 1000-WORD ESSAY FOR THIS SERIES EVERYTHING IS PERFECT THE CAST THE INTRO THE PLOT THE ACTING ALSO THE OSTS ARE BANGERS I LISTEN TO IT EVERY SINGLE DAY 😵💫
404,인간수업,Karena penasaran aja sebenernya sama akting Kim Dong-hee selain peran dia jadi sadboi di A-Teen
405,인간수업,ITS SO GOOD
406,인간수업,"what i hated about this show is that it only had one season and that i finished in less than two days. 
I think its aafe to say for me that this kdrama was an amazing experience and really original, although you can see a lot of troupes and plot lines, the way its done and worked around those assets makes this show super interesting.
I really liked Gyuri’s character the most, she exceeded all my expectations and kept surprising me every time, theres a lot to work with her character which adds a whole lot to the main story, she has a somber attitude at first, she’s really gets angry and revengeful but i think what i like the most about her is how resourceful she can be, whenever Jisoo made her life impossible she always came up with a plan and in my opinion, her story told us a lot about the person she could become.
I have unresolved issues with Jisoo mainly because he really doesn’t have a clue about anything, in a way it works for his character but it still annoys me. I think there were some moments when i really understood that this was supposed to be a story about teenagers and the director did an amazing job with that, the cluelessness and naive personality of Jisoo adds a lot to his character, when he gets frustrated or things literally go extremely wrong, theres this feeling of nervousness and uncertainty because you know Jisoo cannot solve this issue, you know hes just a kid who made some bad bad decisions and you fear for his future, you want to protect him. 
Im really excited for the next season and im looking forward to see more of Jisoo and Gyuri’s story."
407,인간수업,"oh wow, a korean show that i actually like. what the fuck is happening to me?
cons time bbb
1. episodes 7-9 are too boring, & it didn't help that i watched all 3 back to back.
2. episode 10 (finale) weren't exactly an ending that i loved. it feels too bloated with shoe-horned conflicts & plot holes.
3. gyuri weren't really that compelling (didn't stop me from simping tho). yeah, she's your typical rich girl that hates her parents, but like, why exactly?? & in the end, there's really no reason for her to join jisoo & make money in a dangerous manner, let alone when they were about to die.
4. i would've liked some character development for jisoo too. like yeah, his character & motivation is good, but he really doesn't have an arc.
otherwise, *sigh* it's pretty good"
408,인간수업,Acho que a forma que eles nos convencem de quem é bom e quem é mau É SURREAL.
409,인간수업,"#Extracurricular
Ceritanya fresh terus juga perkembangan plotnya selalu menarik. Biar kata tema yang diangkat lumayan berat tapi bisa disampein dengan baik jadi mudah diterima & dipahami. Akting para pemainnya juga oke punya & layak buat dipuji.
Rate: Doggy Doggy/5"
410,인간수업,4.5 bc the ending was kinda lame lol but I loved it tho
411,인간수업,I enjoyed this a lot but ngl I skipped an episode because it was just too much sometimes. I need season 2.
412,인간수업,MY FAVORITE PIECE OF MEDIA EVER CONSUMED I FUCKING ADORE U
413,인간수업,OMFG
414,인간수업,once i got into it i couldnt stop watching it until i finished. it was really good. all the actors did great and the soundtrack was just mwah. i wish there was a season 2 ;-;
415,인간수업,"excellent drama !! i loved it so much, and hope we get a s2 possibly."
416,인간수업,gyuri best female lead me thinks
417,인간수업,season 2 when
418,인간수업,This was like my first ever K drama.
419,인간수업,"one of the best i’ve ever watched (even the theme song is soooooooooo good) ! something new happened every episode that i didn’t expect, it left me shocked every episode"
420,인간수업,Drakor yg bikin kesel karena bapak2 yg maling duit anaknya dan beberapa adegan lainnya.
421,인간수업,"Regular KDRAMA: Woman falls in love with an alien
Netflix KDRAMA: High school kid becomes a pimp, so he can afford textbooks"
422,인간수업,"watched this last year, i didn't even know this was on letterboxd...
i'm not gonna lie, i usually don't finish kdramas once starting them but i remember getting through this one really easily. if there's a season two i'd definitely watch..."
423,인간수업,"I have to say, I think (so far) this is my all-time favourite K-drama... I really like how well the story is written. Dark, intriguing, intense and crazy. Definitely nerve racking.
Love it the most when things get twisted. When the main characters got into some threatening situations — as the consequences of their actions.
(per July 2021)
I have watched many dramas after this one, but I still can not forget how compelling this series is, And you know why I loved it so much? It’s the thrill and adrenaline rush. Brilliant acting by the casts, I kept on thinking how wicked and chaotic the 4 main characters were.. And of course, the amazing OSTs and scoring truly amplified the scene’s intense atmosphere."
424,인간수업,"i didn't expect this to be on letterboxd since it's a k-drama series moreso than a film, but maybe it's because the 10 parts are intended to make a whole long ""movie"", so here goes a very, very informal stream of thoughts review:
i binged this show within the day (albeit finishing it at midnight). there are tons of plot holes, but for such a dark drama, it does a good job of balancing comedic relief and the moral that the series is trying to teach. you're ultimately not meant to root for any character because they've all played a part in the collective clown fiesta.
it's easier for me to write a pros, cons/plotholes list.
pros:
- fantastic performance from the entire cast
- realistic depiction of youth crime
- show doesn't follow cliche cat and mouse plot
cons:
- the show moves waaay too fast. the problems in this show essentially started heavily escalating in episode 3. on the other hand, i do appreciate that it wasn't moving too slow (like another show it's compared to, itaewon class), but this speed doesn't allow for the inclusion of crucial plot details
- ^, some characters seemed to either be mere plot devices (detective) or went through what seemed like a rapid change in order to progress the plot (kitae suddenly feeling remorse and care when all he did was take advantage of his traumatized sex worker gf's income the whole series)
plotholes:
- so the crazy dean was crazy enough to violate a student's civil rights but was totally sympathetic to a student having what seemed to be an irrational breakdown?
- i would've liked to know more about ji-soo's parents and why they became shit. the MC has no concrete reason to want to make money to just ""go to college"" and ""follow his dream"". he doesn't know what major he wants, what he wants to work as, and obviously kids don't and shouldn't have these things all figured out, but would you run a protection service for prostitution just to go to college if you hadn't planned out your future?
- why did gyu-ri try to commit suicide twice? i guess just like pressure from her parents? i guess i just don't understand how someone who did that could initially lack so much compassion for someone whose parents deadass left them. i don't really understand why she wants her own form of income when her parents are loaded, other than maybe she wants to become independent from them.
- not enough character development on anybody's end, but this may be intentional and they are teenagers afterall
- where's the #entrepreneurship origin story huh?!
bonus:
- deep sympathy for mr. lee. he was my favorite character but i read his controversies wikipedia page and the dude is a whole ass villain irl, so i don't care that that he died in the show anymore lmao
- all the main antagonists were actually funny. i loved the comedic performances of dae-yeol and his main henchman + the dynamic he had with his girlfriend. they made the show super enjoyable even in its darkest moments. it was endearing how childish he was for a ruthless gang boss."
425,인간수업,"this kdrama right here deserves SO much better fr. A high-school teenager that runs an escort service and even pimps out his own classmate?? Talk about PLOT this mf was sick and I respect the hustle. Gyuri is bae don't get me wrong but idk why she had to include herself in the business that's where everything went south. Not to mention she's already rich there's no reason why she had to be pimping out girls with Jisoo AND getting a cut of the money...If only Jissoo didn't wanna get in Gyuri's pants so bad all the bad things wouldn't have happened. Now onto Kitae and Minhee. Minhee pimping herself out because she felt lonely is actually so??? Like she ain't even come from a sad background all we know is that she lived with her grandmother, but seriously why prostitution of all things...her body her choice I guess 😓. Kitae was so FINEEE I don't even care if he was a terrible person. And he kinda proved himself at the end 🤷🏾‍♀️. He looked for Minhee in all these prostitution chatrooms and stabbed up Jisoo for killing Minhee he's a real ride or die if you ask me. Anyways I'm praying for season 2 this was an amazing kdrama with an amazing plot I wish I could I watch it again for the first time."
426,인간수업,Seru banget banget banget. Mungkin Drakor terseru yang gue tonton tahun 2020. Sinematografinya apik dan plot twist 🤌✨
427,인간수업,The best kdrama ive ever watched. I watched this 3 times and nevwr get bored of it.
428,인간수업,"This feels like when someone has a great idea but it was great only in their minds, tbh I've seen this plot in so many asian movies so this wasn't new, my first issue, I don't think Kim Dong Hee was ready to be the main on this serie, only 10 episodes but the pace was so slow that feels like 20 and that's not good, at least for me.
If there's a second season probably I will watch it but hoping the characters development is going to be better than this.
My score: 6.5/10"
429,인간수업,"Os personagens são a peça mais importante da série, todos tem um arco a ser desenvolvido e explorado, e nenhum deles está ali jogado em tela. Tendo suas reais importâncias sendo descritas a cada nova situação do roteiro.
A série vale sim muito a pena para quem também está na nova febre do cinema sul- coreano que continua bem frequente e com títulos bem satisfatórios. Se tornando um alerta para essa juventude muita das vezes pressionada pela família e pela sociedade a sempre se saírem bem, não importa a sua posição social."
430,인간수업,"Meu dorama favorito de longe, eu nunca fiquei tão focado vendo algo na minha vida, a série trata de um tema real e perigoso, o que deixa ela ainda mais interessante, e eu amaria tomar uma porrada da gyuri, sério."
431,인간수업,best drama the best best best drama out there
432,인간수업,suka bikin deg2an ih aku gabisa diginiin :/
433,인간수업,"definitely the best kdrama of 2020, i have seen the kdrama 3 times and i never get tired of it, i hope the second season <3"
434,인간수업,"My morals have gone down the drain. I just want my crazy teenage criminals to not get caught. Is it too much to ask?
Netflix, S2 when?"
435,인간수업,Ooooof 
436,인간수업,cape nontonnya
437,인간수업,first of all i thought some cast gonna have gay character 😑😑 i didnt understand the last ep tho but overall its a 👍
438,인간수업,"Been a long time since ive seen this but I really felt like I should log this because it’s not only one of my favorite kdramas, but one of my favorite television shows of all time. This drama pulls off making all of the characters morally grey and not really feeling like you should be rooting for any of them. Somehow, by the end of this you become emotionally invested in characters even if you do find them annoying and when terrible things happen to them it hits hard. I love the ending so much and even though a season 2 would be nice the ending is also perfect to me. It’s up to the audience to determine whether or not Gyuri and Jisoo made it out okay or if karma got to them, but like I said before, because these characters are borderline terrible, WITH REASON, you can understand both outcomes happening to them."
439,인간수업,This is good as fuck
440,인간수업,"Tiap episode selalu deg""an ihh.. endingnya gantung, butuh season 2 !! Please netflix"
441,인간수업,i finished this in 3 days
442,인간수업,"This show is a train-wreck but in a good way.
I can definitely see a split audience for this. You're either going to love it or hate it."
443,인간수업,"Maravilhoso!!!!! A complexidade dos personagens é algo incrível de se ver. E cara, aquele final aberto deixa tudo melhor. Ao mesmo tempo que da uma vontade de que haja uma segunda temporada, terminar algo com esse gostinho de quero mais é prazeroso."
444,인간수업,"La joyita infravalorada que debió ser el drama del año, no cabe duda. Uno de los mejores kdramas que vi ever."
445,인간수업,"amazing show with great, complex characters. netflix im begging u to renew it for season 2 cause that cliffhanger was insane"
446,인간수업,"Dari episode pertama, kita udah di gas langsung anjrit sama series ini. Series ini punya karakter yg cukup banyak, awalnya gue kira semua karakter disini gabakal dapet porsi penting dan cuman numpang lewat, ternyata ngga. Menurut gue, series ini berhasil mainin emosi kita dari sifat karakter masing2. Oji yang sifatnya ceroboh trus Bae Gyuri yang cuman jadi beban kehidupan Oji berhasil bikin gue istigfar karena gue harus nahan emosi pas nntn ini. Akting para pemainnya juga bagus2 sih disini.
Cuman yang menurut gue rada aneh tuh peran si karakter polisi di series ini. Malah jadi kyk guru bk bukan polisi.
Overall series ini sangat membuat gue puas dengan beragam sifat karakter nya yang bikin emosi dan cerita yang dari awal udah lgsg di gas.
Pak Lee adalah idolaku mulai hari ini. Cita2 ku juga menjadi orang sekuat Pak Lee mulai hari ini."
447,인간수업,Just okay
448,인간수업,dor e sofrimento
449,인간수업,wow
450,인간수업,"eu preciso de uma segunda temporada pelo amor de deus
my dreams are expensive."
451,인간수업,"another top tier kdrama 
hated the main girl . annoying asf . ruined his plan . mf just wanted to go to college . she nosy . and there is no 2nd season 😒"
452,인간수업,luv this one so much
453,인간수업,Perfection never looked so perfect
454,인간수업,"wow. really captivating and unique. a morally gray character that i kept rooting for despite all the terrible things he was doing. every tiny detail in this comes back later super significantly. i almost thought they wouldn’t have any real repercussions for their crimes but in the end, they all suffer in some way. haven’t seen anything like this in a while and eclipse (2016) wishes their teen crime movie was like this."
455,인간수업,"Crime is crime. Walaupun dilakuin ama anak sma, dan pelaku mungkin gak maksud jahat."
456,인간수업,THE BEST KOREAN SHOW TO EXIST IDGAF!!!!! THIS ONE IS CRIMINALLY UNDERRATED!!!! screw netflix for not updating us about another season yall really fucked up with this one
457,인간수업,Watched this sometime in August but yeah this went crazy
458,인간수업,rewatching this just to feel something
459,인간수업,I will never stop talking about how good this is waiting for a second season (if there’ll be one) with excitement the story was so good I was into it the whole time maybe things would’ve gone better if Gyu-ri didn’t get into Jisoo’s business and what happened to minhee was deserved I was truly hoping yo see my Jisoo happy </3.
460,인간수업,kenakalan remaja... level tinggi....
461,인간수업,LOVE THE CHARACTERS!!! you get so attached to them and dont even realize it
462,인간수업,"edit: donghee admitting to being a real actual school bully so we're never getting a season two. still a fantastic show but please disregard anything nice i've said about  #him
watch teen criminals do crimes and question your morals 5/5 i love you kim donghee"
463,인간수업,i wish i could watch this for the first time
464,인간수업,banyak ssibal ssibal nya suka deh poko nya ^_^ #ParkJuHyunBestNewActress
465,인간수업,aguardando segunda temporada até hoje
466,인간수업,"timely and relevant with the nth room case still fresh on the day of its release,, i honestly die a little every time an episode starts with that banger intro i never skip and ends with that black screen showing an important message for the viewers especially teens"
467,인간수업,"acbaei de descobrir a funcao de dorama aqui no letterbox se preparem
PFTOOOOOOOO TE AMOOOOOO EXTRACURRICULAR VOCE E PFTOOOOOOOOO SEM defeitos MELHOR DRAMA NOTA 10000 JISOO VC E BURRO GYURI RICA E INSUPORTAVEL o resto se quiser eh vip vai ter q chamar no zap para maiores detalhes !!"
468,인간수업,Gyuri cakep bat buset
469,인간수업,oji ngeselin baeggyul ngeselin minhee ngeselin dahlah mending kwakki aja
470,인간수업,"Lahh kok ada di letterboxd sih, baru ngeh. Gua pikir karena endingnya yg gaje jadi gada di letterboxd. Nonton ini cuman karna ada Gyuri wkwk tapi beban"
