,title,reviews
0,연애미수,"if you miss our beloved summer, you can try watching failing in love where lee naeun is also the writer!
this has similar themes too with obs:
- color symbolisms like how yeonsu is yellow and woong is blue
- told from 3 povs (parang, siwon, sieon)
- use of similar names, sieon and siwon like woong-jiwoong
- it also has epilogues per episode!!
also kang parang can definitely pass as choi woong's little brother!!
- parang = blue, which is also woong's color
- clumsy and needs to be taken care of
- afraid of being abandoned
- good at arts and only draws their special someone
and it's on youtube!!! watch it here"
1,연애미수,sangyeon and hyeji starring in a drama written by lee naeun 💘💘💘
2,연애미수,"LEE NAEUN WRITER-NIM MY BELOVED <3
there were a lot of interesting quirks on this web drama like how were the characters named parang (blue) and sieon and siwon. it kinda got draggy halfway when it focused on the love triangle but understandable because of the characters. nevertheless, it was pretty enjoyable and everything made sense on the last episode (that's such a good writing fr!!!) :"")
ALSO MY BELOVED SON SANGYEON IS THE LEAD HERE ❤️___❤️"
3,연애미수,"LUCU BANGET ASLI WKWKWK komedinya sih dapet banget nih webdrama satu ini. Ceritanya klasik lah ala-ala kisah cinta anak SMA gitu. Sinematografi dan tone filmnya enak banget diliat. Plotnya gak ngebosenin buat aku yang emang suka trope semacam best friends to lover HEHE. Overall, webdrama ini recommended buat ditonton pas lagi gabut atau butuh hiburan karena jujur ini lawak banget."
4,연애미수,"na moral, um dos melhores webdramas sobre adolescência que eu já vi até agora"
5,연애미수,"Kang Parang, I love you from the bottom of my heart. Son Sangyeon as Kang Parang is the only Son Sangyeon's role I'll keep in my mind, my heart, and my dreams.
The opening though AAAA really love it, I downloaded the video of the opening scene only lol. The cinematography too *chef's kiss*"
6,연애미수,they failed in love but never in friendship
7,연애미수,"Explain to me this drama please, I cannot get it."
