,title,reviews
0,아는와이프,men does nothing but be a shitty partner
1,아는와이프,"me deixou ultra elíptica e a trilha sonora é bem bonitinha. honestamente, não me importo que não tenham dado motivos para a parte sobrenatural acontecer. só não achei coerente o modo como ele não sentiu muito a perda dos filhos, aparentemente. foi difícil aceitar que ele não voltaria para a vida de antes.
chorei horrores."
2,아는와이프,"This show conveyed such an important message… something I’ll always keep in mind! Ngl, the parallels seen in the last episode are just goals (!!)
Marriage is a two-way street. And, it’s not a cake-walk. You not only need love and romance to make it work but also teamwork, especially when your family grows.
Great cast, great story, great acting!"
3,아는와이프,"korean 🇰🇷
i loved this so much,,, han jimin and ji sung are so amazing and beautiful"
4,아는와이프,"Подобные сериалы надо показывать всем мужчинам, чтобы они понимали, почему в первую очередь надо работать над отношениями, уметь слушать и слышать своего партнёра."
5,아는와이프,"I felt like the final instance where they went back in time was quite unnecessary, and I didn’t really like Ju Hyeok’s 180 deg change after going back for the last time… especially when he was so keen on getting back together with his wife. The reluctance and self pity/noble idiot trope just didn’t make sense. But overall I feel like the comedic aspects of the show kinda made up for it. Love the chemistry between the leads too"
6,아는와이프,"Let me tell you, I just finished this show and I have a lot to say. So much. And mind you, this show is long. There's only sixteen episodes but each episode is about an hour and fifteen minutes. At the end, it's longer than binge-watching Avatar: The Last Airbender.
A note before we begin. Acting in K-dramas and acting in American shows are very different from each other. Koreans tend to be a lot more physical in their acting, whether it be movement, facial expression or even just emotion. In consequence, some of it can come across as over-the-top. But the best thing about that is the directors fully know that, and take advantage of it. It leads to both unintentionally and intentionally funny situations.
I have never watched a show that plays with the audience more than this one. There are multiple times that they could have wrapped up the story, but then they pull something out of their butt and throw at you like a Chinese monkey does to tourists.
Basic premise: Our protagonist, Cha Ju-hyeok (played by a wild Ji Sung) lives what he perceives as an unhappy life. His wife, Seo Wu-jin (played by Han Ji-min) yells at him all the time, and his work at the bank is overwhelming. Ju-hyeok is given some coins from the year 2006 and is given the opportunity to travel back to that year via a toll booth.
What transpires is the most weird, funny, insane, tender and emotional drama the writers wanted to make.
Ji Sung is far and away the best part about this show. He has the best reactions to everything. He has the perfect balance of giving small looks that say everything, and his entire being exploding to show an emotion. His reactions are a joy to experience.
Han Ji-min meets him at full force and manages to overshadow him sometimes, but he obviously gets a bit more focus since he plays the main protagonist.
There are a ton of characters that are super quirky as well. This show has a way of creating an intricate web with them. One character is Yun Jong-hu. He is Ju-hyeok's best friend and he also proves to be the biggest simp in the history of simps. The lengths he will go to prove his devotion to a woman are incredibly wild.
Another is Lee Hye-won, who becomes Ju-hyeok's wife in one of the timelines. She plays the cello. She is rich. And she's a bitch. But that actually only in the one timeline. (Yes, there are multiple timelines in this show). You will also find that Hye-won will also go at great lengths to show her unpleasantness.
Even the small characters are pretty memorable. Everyone at the bank (where the majority of the show takes place) (Yes, that's right. Most of the show takes place in a bank where they work with loans and deposits) is pretty memorable. Kim Hwan is a massive prick. In every timeline. Oh Sang-sik (Ju-hyeok's other best friend) is also one of the most over-the-top people in the show. (Probably the second-best character).
Another notable thing is the editing. The editing reminded me of a little movie called Bohemian Rhapsody, which won an Oscar for Best Film Editing. You see, I guess the directors insisted on showing reactions from every single character when anything happens. As a result, the camera is always jumping from person to person, never lingering for more than a second and a half. It is very distracting and gives me a headache.
The music sounds like your basic stock music. I cannot fathom how they can use the same music every episode. Granted, some of the songs they play are actually fun and catchy, but most of the music had become a meme to me by the end.
Familiar Wife is a once-in-a-lifetime experience. The high-octane energy of the first two episodes will hook you in. Then it slows down a bit, giving you room to enjoy the characters' interaction. (But just wait for Episode 13 lol). And it could've wrapped up after 14 episodes, but you will probably know the drill by then. They gotta hit you in the blind spot with the plot.
Just go watch it. Unless you can't stand it. I can understand if you can't. Just don't take it seriously, and you will have a blast."
7,아는와이프,"Un départ déplaisant avec un personnage problématique qui agace sévèrement à plusieurs reprises, mais le tout évolue et se développe en quelque chose d'intéressant avec plusieurs personnages charmants pour donner une série agréable."
8,아는와이프,this show is so intensely sad that i feel it deep in my joints. it’s a physical pain it breaks my heart. i feel it deep in my kneecaps i feel it in my bones
9,아는와이프,"My favorite drama I’ve watched. Great story, cast, and OST, hilarious but also touching, and beautifully shot. Also, super rewatchable.
What stops me from giving it a 9 or 10 is the ending. I was really hoping that the solution would be for the two to go back to the original timeline and resolve their issues there. Starting over fresh just felt kinda cheap and, frankly, disappointing. It felt like Ju-Hyeok wasn’t really held accountable and original timeline Wu-Jin didn’t get the apology or cherishing she deserved."
10,아는와이프,"“making the wrong decision was also part of your fate. wish her happiness like a real man”
i love the idea of worlds where your soulmate will find you no matter where you are, and second chances can happen if you’re worthy enough (or in most cases, have a lesson to learn) this ensemble felt like MY FAMILYYYY AND I WILL MISS THEM SO FREAKING MUCH WHAT A PERFECT DRAMA FROM START TO FINISH 🗣🗣🗣"
11,아는와이프,10/10 so perfect the leads were so cute and perfect i need a relationship like theirs so bad.
12,아는와이프,"Hayatta bazı şeyleri yanlış yaptığınız düşüncesine kapılırsınız. Ya öyle olsaydı, ya öyle olmasaydı? Geçmişe dönüp her şeyi yeniden yapma şansınız olsa ne yapardınız? Evli çiftlerin izlemesi gereken bir dizi. Evliliğin bireysel yanlarının olması gerektiği gibi, birlikte de planlanması, beraber ortak paydada buluşulması gerektiğini vurguluyor. Yer yer geçmişe gitmeler yorsada ben bu diziyi beğenmiştim. Oyunculuklar başarılıydı."
13,아는와이프,"number one, YES YES I KNOW HES AN ASS WHATEVER IDC anyways  secondly, this shit was so fucking good omg gimmie here like it was so juicy i’ll repeat the series. idk why it was such a good watch. she’s a little cutie he’s a little cutie the coworkers are cutie yes yes"
14,아는와이프,i love my family so much <3
15,아는와이프,tão gostosinho de assistir 😭
16,아는와이프,men would rather blame their wives for everything wrong in their lives and go back in time to marry another women before getting a divorce
17,아는와이프,"Volta o cão arrependido
Com suas orelhas tão fartas
Com seu osso roído
E com o rabo entre as patas 😈🥂"
18,아는와이프,"Another version of ""Go Back Couple"". the difference was that here it focused on more of the misogynistic factors"
19,아는와이프,honestly only watched this for my girl kang hanna but its so good?? wasn't sure if i was gonna like it at first but it's really grown on to me
20,아는와이프,nunca se case
21,아는와이프,Salah satu drama yang cocok kalau kalian suka Drama seperti 18 Again atau Go Back Couple.
22,아는와이프,"a time slip drama about a man in an unhappy marriage who gets a chance to change his life by making a different choice, but eventually realizes his mistakes and shortcomings from the previous life he lived. this was nice, but it kinda got draggy towards the end
i’m actually a bit disappointed with the final timeline. i was hoping that they’d return to the original timeline, resolve their issues and fix their relationship instead of having sort of a fresh start. if they were going to go back, they should’ve really gone back rightfully so"
23,아는와이프,"Sentimental 
Romantic 
Emotional"
24,아는와이프,Wonderful OST
25,아는와이프,Defendant legend Ji Sung and Dae Jang Geum cast Han Ji Min are nice.
