,title,reviews
0,악의꽃,"“he killed people!”
“and he looked good doing it”"
1,악의꽃,*slams hands on a table* no YOU don't understand. his hands get cuts whenever he removes his wedding ring!! he loves his wife so much!! anyway here have some more egg tarts my eun ha baby.
2,악의꽃,"if Joon Gi is a villain, why sexy?"
3,악의꽃,so there's this milf and dilf and they [incoherent screaming]
4,악의꽃,hyeonsu: its okay to murder people but its not okay to disrespect your wife
5,악의꽃,why are psychopaths so sexy part 273938374
6,악의꽃,this drama was so intense but ended on a very unsatisfying note? at least for me... like they went through all THAT for an average ending???? 😭 everything else was perfect tho
7,악의꽃,"‘Feel you’ must be in the top 5 K-drama OST songs, I instantly started bobbing my head whenever it came on.
Lee Joon-gi and Moon Chae-won were amazing and their their chemistry was perfect. I liked that they were already married at the start of the drama (seemingly quite rare in kdramas), and MCW discovering the magnitude of the deception was completely engrossing.
Unfortunately, the final two episodes were disappointing. The writing was bad enough in episode 15, but then episode 16 introduced a completely eye-roll inducing trope instead of tying up the loose ends nicely."
8,악의꽃,girlboss police detective wife and metals craftsman murder suspect husband
9,악의꽃,protecting eunha with my life 🥺💞
10,악의꽃,still obsessing over how much of a masterpiece this is
11,악의꽃,docking a star for that unsatisfying ass ending but oh my god that was such a rollercoaster
12,악의꽃,if marriage is whatever happened between them then i want it. i need it desperately!!! *screeches*
13,악의꽃,"Do you really know the person you're in love with?
one of my favorite love stories tbh and def my fav kdrama of 2020
im so happy letterboxd is adding kdramas so i can finally leave mydramalist"
14,악의꽃,"I CAN'T ESCAPE FROM THE AMNESIA TROPE. I did not like the last episode because the ending was just so unsatisfying for me but other than that this was so good, the acting, the mystery, the suspense, amazing. It was stressful in the best way possible I love when the plot is just everything is falling apart. Hyun soo was honestly the perfect devoted husband and father (minus the lies of course lol) and eun ha was so cute, ji won frustrated me though and I shouldn't blame her because of the circumstances but I want to so I will."
15,악의꽃,Sighs dreamily... where I can get myself a devoted husband like Baek Hee-sung?
16,악의꽃,"“All the pain we are suffering from seems to be leading us toward a life of something greater.”

This show broke me. It broke my heart and made me want to cry for like a full day after I watched it. Korean drama holds nothing back. The brief synopsis on this website does not even begin to do this story justice, as we follow Hyun Su, a haunted and sorrowful man, as he struggles with the trauma of his past, a psychological disorder, and the perceptions of society that makes him believe he is forever broken. It is only through the love of a woman, his passionate and faithful wife Ji Won, is he able to overcome all the darkness that is within him and around him. It is truly sublime storytelling. Each episode was incredible, but for me - personally - when a story can build on itself, layering its concepts and ideas, to a powerful conclusion, that is something sticks with me. The finale episode of this show was absolutely transcendent, and I just wanted to weep all over the place. This show showcases the beauty of marriage, of fatherhood, of family, and how it has the power to sanctify and redeem. It also doesn't wrap things up in a perfect bow, but shows that sometimes in life there is suffering and deep traumas and hurts, and that sometimes relationships do end up breaking and you can't ""fix"" it back together again. Yet something new can be forged within all that suffering, and it can be more beautiful and more glorious through that breaking. Even Christ, though raised from the dead and given a new heavenly body, still bears the wounds of the Cross on His body. And in a similar way Hyun Su goes through a kind of death to new life to the final overcoming of evil.
The story imagery is just amazing, and it is exactly my kind of psychological gothic horror story with deep concepts and beautiful symbolism - with a side of detective procedural drama! If there are any Death Note fans out there, Flower of Evil reminded me SO much of that anime, which is my absolute favorite anime (and manga) ever. I feel like the creators of this show must have drawn inspiration from Death Note: the intense operatic score for like every single scene (which also kind of cracks me up), the elaborate even convoluted cat and mouse game between detective and serial killer, a symbolic story structure that explores dark and psychological themes, the ""handcuffed together"" trope (which I love!!), there is even a sweet and innocent side kick police detective who ends up being the one who shows everyone what he is made of in the end - just so many similar story beats! I don't see how there couldn't be a connection there! 😍
Also, can I just say Lee Joon-Gi is one of the most incredible actors I have ever seen! Wow! The layers of complexity in his portrayal of Hyun Su, just blew my mind. Here was a man who, because of his social personality disorder, does not perceive and feel his conscience and empathy towards others exactly as he should, and often relies on mimicking and projecting what he believes people want him to think or feel in any moment. His ability to manipulate and lie to people because of this is unmatched. Yet he very clearly DOES have intense emotions, values, and the ability to feel others pain, even if they are feelings buried down deep where he cannot always perceive and understand them. To watch the actor balance between these two realities at all times was watching a master at work. And when Hyun Su did express the deep wells of feeling that would inevitably come bursting forth, you could feel them through Lee Joon-Gi - almost like a physical ache in your heart. It blows you away and almost makes watching it too painful! I hope to be able to Lee Joon-Gi in other shows/movies as well, and hopefully Korean showbiz doesn't let this talent go to waste!"
17,악의꽃,"top-tier marriage propaganda. it was a 10/10 for the most part, but the ending just fell flat. the amnesia subplot just felt so out of place. 
also, i want a murderous malewife now. and ji won's curtain bangs.

8/2/21-8/15/21"
18,악의꽃,"do hyun su has never done anything wrong in his life!!!!!
this was sooo good! i believe this is the first kdrama i’ve watched and it probably ruined all other kdramas for me. seriously. everything about this was so amazing, the acting, the soundtrack, the plot. every scene with hyun su and ji won made me want to shrivel up he loves her so much. in case the writers and director need any incentive, i would 100% watch a season 2 solely about the domestic life of hyun su, ji won, and eun ha. please give me them being happy and domestic, my health depends on it."
19,악의꽃,WHAT OF THE LETTUCE THIEF. WHAT OF THEM.
20,악의꽃,"Intense, loved it."
21,악의꽃,"men with psychopathic tendencies do love their wives the best
just finished crying my eyes out over episode 11 soooo really looking forward to the end :'>
Edit: those last two episodes really wrecked my heart, huh. fucking still 10/10 but cmon bro my heart."
22,악의꽃,"everything about this kdrama was flawless (cast, soundtrack, plot, etc.) and it set a new standard for Korean dramas."
23,악의꽃,"crying and throwing up tbh. 
hyun soo and ji-won are truly an amazing couple. he was actually the perfect husband despite everything. he worked so hard everyday to make her happy. if that isn’t love i don’t what is.
hee seong’s nail biting was one of the most disturbing things i’ve ever watched. his breathing was also a great addition. imagine them brainstorming ideas. “how do we hammer home that this guy is an absolutely sociopathic murder? mouth breather.” also why did he dress like a male dancer in a musical half the time? 
i love how this show showed the permanent effects that hyun soo’s father had on him. he had such a big effect on him that it almost would been the same if he was still alive. do min seok’s efforts to try to groom hyun soo into a killer were futile because hyun soo was not like him. but do min seok died before he could let his son know that and can see you how hyun soo acts because of that. the whole thing with this father makes me wonder if he was ever a sociopath at all. he loved ji-won, eun-ha, and his sister so much. so much that it makes think that it was part of do min-seok’s grooming tactics. 

new favourite brand of character: people think they’re sociopathic murders but they just like that people think they are. i.e, do hyun soo and lee dong-sik from beyond evil"
24,악의꽃,i could fix him but i don't want to. a real wife accepts her husband as he is
25,악의꽃,"just kill me, it would hurt less"
26,악의꽃,"Interesting mix of police procedural and domestic melodrama. The female lead is charismatic, I’m not too familiar with her acting as I’ve mostly seen her on variety shows. Spotted Nayoung from I.0.I. in the opening episode.
Insane twists and thrills till the very end. Absurd and manipulative, which made for an easy binge. Similar feel to The World of the Married."
27,악의꽃,"this is such a masterpiece, words cannot describe but i’m gonna pretend the last episode just didn’t exist"
28,악의꽃,"This was everything I’ve been looking for in a kdrama. I never once got bored or annoyed of seeing the characters, the plot kept me at the edge of my seat wondering who I should even be rooting for. I went into it expecting to be disappointed, but I regret nothing.
I was already intrigued by Lee Joongi’s lawless lawyer. But this was the icing on the cake.  he’s definitely one my favourite Korean actors."
29,악의꽃,"27. Flower of Evil (2020)
A mix of thriller, crime, physiological, family drama that well built from start to finish. You need to take a breather to binge this one as it's always gonna make your heart thump wildly with its suspense. Lee and Moon are exceptionally good (4.5/5)"
30,악의꽃,this show mentally and emotionally destroyed me and fixed me right after.. and i'm gonna think about the lead actors and their chemistry for the rest of my life <3
31,악의꽃,"it's one of those shows that literally has it all; the great writing, pacing, cinematography, acting, the emotions, mystery, suspense and romance. it's a perfect show! perfect is a big word but the way they handled everything so neatly is just amazing. Even from the beginning up till the end is amazing!!
Such an underrated show that definitely deserves more hype."
32,악의꽃,"As someone who has watched a ton of drama I can attest that this is one of the best and freaking underrated drama ever.. I can't express how much emotions overflowed in me while watching the entirety of this , every thing felt so real and raw..each episode was hecking, enjoyable and even unpredictable. I love it so much."
33,악의꽃,the fact that he was misunderstood his entire life
34,악의꽃,do hyun soo could do every single evil deed in this world as long as he keeps buying egg tarts to his daughter.
35,악의꽃,"wowww!!!
Highly Recommended for Crime Thriller K-Drama fans!!!"
36,악의꽃,a drama that has you on the edge of your seat and you’re not sure who you should root for
37,악의꽃,"Enjoyed it apart from the finale.
I really wish they didn't go down the amnesia path, the death of Baek Hee-sung was kinda glossed over and I hate when shows add a will they won't they (Kim Moo-jin and Do Hae-soo) and then don't really end that with a yes or no."
38,악의꽃,easiest 5 stars i’ll ever give a kdrama
39,악의꽃,"had me at the edge of my seat the whole time.. this had everything i wanted in a drama..a seriously good plot, great acting, plot twists, suspense, romance, angst..and above all lead actors with great chemistry!"
40,악의꽃,que tensão
41,악의꽃,Best kdrama of the year.
42,악의꽃,MEN WHO LOVE THEIR WIVES !!!!!!!!!!!!!!!!!!!!!!!!!!!!!!!!!!!!!!!
43,악의꽃,they hate to see a malewife winning !!!!
44,악의꽃,"the storyline is amazing, i even guessed wrong many times"
45,악의꽃,"I wish we could switch bodies for one day, so you could feel how much I love you!
I want that kind of love"
46,악의꽃,"All I could ever want. This is my ideal marriage, if my husband is not secretly a psychopathic murderer… I don’t want his ass 🙄"
47,악의꽃,lee joon-gi i love you
48,악의꽃,"This was drama that made me look into k-dramas other than romance genre and I'm really happy because I have found so many awesome gems.
The acting the storyline and the way it was short with back and forth between past and present keeping me guessing was amazing. And the child was adorable!! Highly recommend watching it. Have made my friends k-drama addict now because of it 😂"
49,악의꽃,why are psychopaths so sexy (18229188)
50,악의꽃,"I loved this serie with all my heart
But -0.5 star for that memory loss arc 🤨"
51,악의꽃,I FINISHED THIS OVER A MONTH AGO AND I STILL CAN NOT GET OVER IT ITS WAY TOO GOOD AND I MISS SO MUCH I WISH I COULD WATCH IT FOR THE FIRST TIME AGAIN
52,악의꽃,"Es un asesino pero se vio bien haciendolo, que se va a hacer. God +10"
53,악의꽃,"this drama is one of my fav 2020 dramas, i think the leads had lots of chemistry and not to mention they are dilf milf combo so yes. the whole drama had me feeling so many emotions from frustration to happy to what the hell is going on but the ending...I HATE THE AMNESIA TROPE PLEASE. other than the ending, everything was perfect. i would def recommend it. also the ost is amazing ""in my heart"" is like one of my fav osts"
54,악의꽃,THIS…this knocked everything out of me. One of the best tv dramas I’ve ever watched. Period.
55,악의꽃,His relationship with his daughter 😩
56,악의꽃,"criminoso procurado? sim
pai ausente? NUNCA
serio o MELHOR dorama de suspense já produzido estou usando meu local de fala de dorameiro e fã de suspense pra dizer isso SIMPLESMENTE O MAIOR"
57,악의꽃,lee joon gi i love you
58,악의꽃,"An absolute masterpiece. Full thoughts here. SPOILERS.
youtu.be/noQ2a2PFHTc"
59,악의꽃,jiwon: jagi! stop! this isn't u. look at me 🥺 you are better than this! 😔 i know you are ♥️
60,악의꽃,i never knew lee joon gi as a psychopath is all i ever need in life <3 and eun ha too <3
61,악의꽃,I CAN’T STOP CRYING!!!!!
62,악의꽃,what a rollercoaster ride of emotions PLSSS i even had to take a break for like 5 mins every after episode to calm down
63,악의꽃,i wasn't mentally prepared for this
64,악의꽃,flower of evil 🤝 being the angstiest drama
65,악의꽃,You're acting among us bro😳
66,악의꽃,"my most fav kdrama ever, i was watching this when it was still ongoing and waiting for the next episode was torture. i don't find myself getting bored or skipping thru scenes when watching this."
67,악의꽃,do hyun soo must be protected at all costs 🥺
68,악의꽃,best drama ever! so many plot twists and secrets
69,악의꽃,"I believe in Lee Joon gi and Moon Chae won supremacy!!! Their chemistry is sooooo good.
They made me believe in true love. 💓"
70,악의꽃,11/10!!!!
71,악의꽃,astajim pls udh endingnya lumayan malah ditambahin hal2 boten ngk jelas. dahlah gua nntn magic mike aj...
72,악의꽃,THEE best drama. no one is ever seeing her she’s always gonna be IT
73,악의꽃,"i believe in moon chae won and lee joon gi supremacy 🙌🙌🙌
this is a show you should go in without knowing much. the emotional rollercoaster is worth it."
74,악의꽃,the whole story will makes your emotion like riding roller coaster 🎢🔥
75,악의꽃,This drama was intense all the time. There's so much happening and so many twists - even the previews shown for the next episodes were misleading! It's also a show where a lot of things could happen and you've only watched one episode. The leads were great. 5/5 for me simply because it kept me on edge all the time.
76,악의꽃,THE BEST OF THE BEST KDRAMA !!! i love the side “police investigation” story and plsssss their love story is the most beautiful amazing heart wrenching love story ever
77,악의꽃,in love with si psiko om gondrong
78,악의꽃,joker you wouldnt get it gif
79,악의꽃,"ok real review this time. this was amazing cried every time he cried. though i did not enjoy the ending it fell flat, but the emotion portrayed throughout and the character development makes up for it"
80,악의꽃,I’m gonna just join somebody else relationship… scoot over i love y’all 🤷‍♀️
81,악의꽃,Um
82,악의꽃,"Lee joon gi nggak pernah salah ambil proyek. Chemistry nya sama mba Chae won cocok banget. Setiap ada adegan mereka berdua, bawaannya sedih terus."
83,악의꽃,q depressao
84,악의꽃,Crazy good 
85,악의꽃,toksik seri katil erkekler
86,악의꽃,qué exasperante la hermana de hyunsu
87,악의꽃,Psicopata??? Lindo desse jeito??? Para né
88,악의꽃,"like 4.84/5 tbh
one of the more creative/original premises i've seen in a while but i did feel like there was just one too many times the leads switched up their feelings for/lied to each other for them to end up together again. also it's funny cuz like the daughter disappeared for like 6 eps. other than that it was good af"
89,악의꽃,if i were lee joongi’s wife i wouldn’t care what he does with his time it’s none of my business anyway
90,악의꽃,"""I only had Eun-ha for a few episodes, but if anything happebed to her I will everyone in this room and then myself."
91,악의꽃,"hay iloveleejoongi talaga balakayojan
at ang aking ebas for the ending, HINDI TAYO IIYAK FOR TODAYS VIDEOW HA??"
92,악의꽃,"This is very perfectly made, keeps you on the edge of your seats at all times <3"
93,악의꽃,Loved this show alot!! The acting was great and I could feel the love between hyun su and ji won it was very passionate. Hoping for everyone to feel this kind of love someday❤
94,악의꽃,Had me bawling my eyes out they love each other so much that it made me cry and don’t get me so started with the ending I was cried so hard. This  show general have you crying. One of my favorite K dramas that I have watched I am so glad I looked this up because it’s looked so interesting and I thought it was gonna be something else. What I thought was gonna be was cop vs I don’t know a criminal or enemies to lovers kind of stuff. But yeah I was wrong though and I’m glad was wrong about it because this was good I have a headache from crying so much. But I am going to say this if you saw the poster you probably thought the same thing I thought it was going be. I will definitely watch this later in the future and I wish I could forget so easily so I can you know go to the same roller coaster I went through maybe I will get amnesia like him watch this again. I hopefully read this Letterboxd review so I know to watch this again
95,악의꽃,i can fix him
96,악의꽃,finished this in a night 😭😭 this female lead... biggest girlboss in kdrama history good for her
97,악의꽃,oh to be a child .. oh to listen to no one but your parents (any loved ones) and not be called 'rude' .. oh to never grow up .. oh eunha ..
98,악의꽃,gagu napqka ganda nito nakakaprustit nga lang
99,악의꽃,"they are my parents, they did nothing wrong!"
100,악의꽃,enjoyed it even more than the first time i watched it tbh 🤷‍♀️
101,악의꽃,that was overly dramatic for no reason
102,악의꽃,amazing groundbreaking
103,악의꽃,the plot? amazing! the acting? phenomenal! the cast? ate down! the ending scared the shit out of me
104,악의꽃,"Lee Joon gi's EYES.
Yep, that's my review."
105,악의꽃,dropped it after six episodes i’m sorry
106,악의꽃,"more so just logging this in than reviewing it because i'm stuck around 9 or 10 episodes and keep getting so bored despite mostly liking the characters and wanting to know the truth behind the plot
idk everyone recommends this show and rates it so highly but the vibes aren't working for me....maybe i'll try again another time"
107,악의꽃,EVERY SINGLE EPISODE HAD ME ON THE EDGE OF MY SEAT GIVE EM ALL THE AWARDSSSSSS THIS WAS TOO GOOD
108,악의꽃,"without the amnesia ending, it would've been one of my favorite dramas so far"
109,악의꽃,"this series should be more recognize by the ppl, its not just ordinary plot tho"
110,악의꽃,Pity Hae Su. He was normal until people start making him believe he’s not.
111,악의꽃,İkinci bir Beyond Evil olur diye bekledim. Olmadı. Haksızlık etmiş olabilirim.
112,악의꽃,Um dos melhores doramas que já assisti!
113,악의꽃,"asli ini bagus banget?!?!? for the first time i watched kdrama like this.. i really love their characters, try to understanding each other even tho the man has full secret"
114,악의꽃,More original settings like this in k-dramaland please.
115,악의꽃,literally the best k-drama i've ever watched in my life
116,악의꽃,tanginaaaaa. walang tapon puta. dami ko na-cry(o cried?) dito hahah. galinggg.
117,악의꽃,insanely recommended 100000/10
118,악의꽃,"he has a wife who will stand by his side no matter what happens.
sem palavras absolutamente perfeito do início ao fim"
119,악의꽃,i can fix him
120,악의꽃,if serial killer then why sexy
121,악의꽃,"I wish I could give this series 5 stars but its cliches and plotholes drove me nuts. Besides them, it had so many plottwists that kept me on the edge of my seat. It's definitely one of my fav tv shows rn. It felt refreshing to see such an interesting main character with complex sides.
P.s: main couple gave me bisexual panic every time I've seen them"
122,악의꽃,loucura loucura loucura insanidade alucinação psicopatia
123,악의꽃,Super engaging except the last episode😉
124,악의꽃,need me a freak like that
125,악의꽃,"I honestly wish I could rate this higher than 5/5 stars. When I tell you this was the BEST drama I have ever seen in a very long time, I AM NOT LYING. Every.single.thing was executed perfectly: the writing, the pacing, the acting, the SUSPENSE. The plot twists had me gasping in real life and reeling for the next episode and genuinely had me on the edge of my seat!!! Not a single episode dragged and every single one was integral to the plot line. And the chemistry and the relationship between Hyun Su and Ji Won was phenomenal and made the show what it is, it was glue in this whole drama and don't even get me started on how cute Eun Ha and Hyun Su's relationship is!!! His love for his family is absolutely top tier and his constant battle to understand himself and understand his feelings is such a rollercoaster.
I was actually crying in that last episode, it wasn't what I wanted and a lil cliché but it was essential for Hyun Su discovering who he is for himself and the fact that he was still gravitated to Ji Won???? URGH A MASTERPIECE. I would have personally liked to see them all gather and have that dinner they talked about and for Ji Won and Hyun Su to start their relationship with no secrets but it is what it is.
Hee Song's appearance and role was totally unexpected and the serial killer vibe he created was just top class acting. And the mini story line between Hae Soo and Moo Jin was cute imo. I really could rave about this drama all day long and my only issue is that I will never get that experience of watching it for the first time ever again :( BUT THIS WILL ALWAYS REMAIN IN MY TOP 5 K-DRAMA LIST"
126,악의꽃,"bitches be like ""i can change him"" well i can accept him how he is!"
127,악의꽃,someone send a sociopath my way i can fix him😩😩😩😩 but fr i loved this so much its insanely good
128,악의꽃,ONE OF THE BEST THRILLER SERIES I'VE WATCHED. Sobrang outstanding ng acting ni lee joongi at ni moon chaewon dito tas yung chemistry nila sagad. The plot was also good!
129,악의꽃,my comfort family 🥺
130,악의꽃,finished it in one day just explained how invested i was with this drama
131,악의꽃,"""i see dead people""
مؤذيةٌ تلك اللقطة حينما لم يصدّق أن زوجته لا تزالُ حيّة♥️🖼"
132,악의꽃,"he is bad, until he is not, and he makes me cry"
133,악의꽃,"La trama es perfecta para mi misterio, intriga y suspenso con un poco de romance uffas, me recordó ligeramente un poco a You tiene algunas semejanzas.
Intrigante la historia 10 / 10 la verdad mantiene el suspenso y no aburre para nada, cada capítulo hace que te den ganas de continuar el siguiente.
El personaje de Do Hyun-soo se me hace muy inteligente a pesar de que le cuesta expresarse como la gente normal, es buena persona, se preocupa por su familia y protege a su hermana hasta el final.
Me da tristeza que todos los días estudia las expresiones de la gente hasta que revelan que tiene un desorden de personalidad antisocial, no puede sentir compasión por los demás.
Su padre como un asesino serial y violento, esperaba que fuera igual a el, gracias a dios que no se fue por ese lado y siguió su propio camino, y que también su hija no heredó nada de eso ya que tiene el carácter de su madre.
El acuerdo para no exponer su pasado = secreto hasta la tumba, que fuerza de voluntad tenerlo enterrado tanto tiempo y no explotar.
Creí que Baek Hee Sung no tendría tan marcado la tendencia psicópata
:( pero su comportamiento extremo y violento dicen lo contrario. (btw, el actor esta muy guapo) también me quedé en shock cuando la víctima dijo que él mató al padre de Do Hyun-soo con una piedra, ya que fue testigo de ello.
Me dio risa que una de las víctimas fue secuestrada el 12 de mayo, (lol ese es el día de mi cumpleaños)
Su esposa detective Cha Ji Won tiene un carácter muy bonito, muy sentimental y comprensiva con el siempre, confianza a full.
Que difícil situación estar con una persona que fingió ser otra persona todo el tiempo, en realidad no es la verdadera persona que conoces.
Era obvio que se iba a dar cuenta de todo en algún punto, porque es policía, tiene entrenamiento, no es tonta.
Me dio mucha tristeza la razón por la cual la hermana Do Hae Soo asesinó al granjero, me di cuenta que apreciaba muchísimo a su hermano, que clase de mentalidad tan pequeña tienes que tener para pensar que estaba poseído a tal punto de llegar a hacerle rituales de posesión por ser diferente a los demás, tener un problema, llegar a tratarlo mal y hacerle bullying.
También me dio mucho sentimiento verlo llorar tan desgarrador alv sabiendo que le cuesta expresar sus emociones a diferencia de una persona normal, se me partió el alma. Ver llorarlo a el, la detective y su hija.
Su amigo de la infancia el reportero Kim Moo Jin desde niños su amistad es valiosa aunque hayan tenido malos entendidos en el camino se apoyan mutuamente.
Frases que rescato de Do Hyun-soo
""Solo ve lo que le muestro""
“Siempre he pensado, que fui afortunado en haberte conocido. Pero por primera vez pensé que no debiste haberme conocido”
Do Hae Soo: tu la amas? no, no conozco ese sentimiento corrección no te habías dado cuenta de ese sentimiento
“Supongo que el amor se convierte en odio cuando se enfría”
Me siento frustrado no sabe que se siente triste porque no lo ha experimentado hasta ahora que lo dejó
“Me siento frustrado, quiero hablar contigo, quiero que pase el tiempo, para que nuestros recuerdos sean los mismos, para que pueda pensar como tu y sentir lo que estas sintiendo.”
“Quiero ser una persona decente, quiero ser una buena persona para ti”
“Eres lo único en mi vida que es más difícil de explicar” no es realista es absurdo
“Me persigue solo viendo desde mi espalda, pero no quiero que veas mi frente, así que me escapo
Frases que rescato del detective mayor:
“Hay tres tipos de personas que aún hacen todo lo posible por causarme una buena impresión, los que mintieron, los que mentirán o los que están mintiendo en este momento” detective
Frases que rescato de la detective Cha Ji Won
“Un psicópata nunca puede cuidar de un ser más débil que ellos”
“Ojalá pudieras vivir como yo solo por un día, para que puedas ver y sentir cuanto te quiero”
Frases que rescato de Baek Hee Sung
“Todos tienen un secreto, y hay gente que conoce este secreto, y hay gente que quiere conocer ese secreto“
Que serie tan genial en verdad la disfruté de principio a fin, al igual que las actuaciones, la historia y el soundtrack."
134,악의꽃,eunha must protec
135,악의꽃,"I wish it gave more depth to the stories of its villains than just portraying them as crazy people who love the art of killing. Nonetheless, I loved the how its key characters were written. And I won't regret crying for Do Hyeon Su and Cha Ji Won at all. Wishing this family the best."
136,악의꽃,"I LOVE THIS LOVE LOVE, THE PLOT, THE TENSION UGH LOVE IT"
137,악의꽃,feeling ….. unwell
138,악의꽃,"LEE JOONGI cocok banget sama karakternya ><
kirain psikopat ternyata bukan, ayahable huhu lucu banget waktu ngurus anaknya :(
chemistry suami istrinya juga sweet banget huhu. cewenya bucin duluan terus cowonya jadi bucin juga (can relate)
alurnya maju mundur tapi asik jadi bisa tau pelan pelan tiap struggle karakternya. walaupun eps awal awal kadang bosen tapi ternyata setelah nonton sampe eps 10 ke atas konfliknya makin bikin penasaran
OTP karakter sampingan kim moojin sama hae su juga bikin menarik"
139,악의꽃,"Lo primero que hay que destacar de este drama es el personaje con Alexitimia (el protagonista) esta realmente muy bien logrado.
En cuanto a la trama es increíble, muy buen plot twist. Las actuaciones fueron un gran aporte en conjunto con el gran desarrollo de personajes.
El guion es fantástico, te conmueves, lloras, ríes, empatizas con los personajes.
En fin, ¡amo todo!"
140,악의꽃,"""For something important, after time passes you realize that was not such an important thing. After a precious thing passes, it really hurts."""
141,악의꽃,"THIS IS ONE THE BEST THINGS I HAVE EVER WATCHED IN MY LIFE!!!
I finished this in months because the way every episode twisted, shattered and then patched my heart is just - WHY DO THIS TO ME? (But I internally loved it...)
The strength here is in both, plot and character, AS IT SHOULD BE. The plot is already compelling enough, but the characters were so incredibly well developed that you can't distance yourself from them! I don't know which one to give my heart to, although of course the leads are in the front. I am now officially a Lee Joon Gi and Moon Chae Won fan for life.
One thing that completely has my heart is Do Hyeon Su's development. I love his homemaker avatar, his dangerous avatar and his past self. Male characters often suffer from the 'don't cry, only act' syndrome - but Hyeon Su will shatter you when he cries, and it's good to see him have the space to do so. Given all his suffering, the extreme emotions are realistic and beautifully portrayed. ""A man who doesn't cry is not a man at all..."" - Hyeon Su is supposedly not capable of 'normal' emotions, yet his emotional turmoil forms the core of the series...
Also, Ji Won is the perfect partner! If Hyeon Su forms the core, she DRIVES the whole thing! A woman completely in control of herself even while enduring intense pain. And the way she loves Hyeon Su - honestly, this is literally the true meaning of love. If you can't stay together through all THAT, what's even the point?
P. S. I will protect Cha Eun Ha at all costs! Father daughter bonding is always so beautiful...
Ok Now let me continue crying, thank you for coming to my TED Talk."
142,악의꽃,"This might be my new favorite drama of all time. 

And can I have a psychopathic husband?"
143,악의꽃,bi fucking panic
144,악의꽃,"QUE K-DRAMA!!!!
Espetacular, inteligente, maravilhoso, um dos melhores k-drama que já vi.
Uma produção ótima, fotografia maravilhosa, e a trilha sonora??? TUDOOO. O enredo de milhões, muito inteligente, o telespectador fica duvidando das intenções dos personagens desde o início, se o protagonista é ruim ou é do bem, com um ótimo desenvolvimento dos personagens. A produção e direção muito perspicaz, e todos os episódios são bons nenhum decai em nenhum momento. Os atores? Simplesmente perfeitos. Eu poderia dar 100 estrelas pra esse."
145,악의꽃,"Need I say more it freaking deserves 100000 stars.
Lee Joon-gi's acting is freekin amazing and his chemisty with Moon Chae-won was on another level.
I was a bit skeptic at first that they had revealed something's too early but the tension didn't die. It kept me hooked till the end and I was rooting for Baek Hee-sung.
Mid episodes were so intense I even cried a little bit. And in 15 and 16 episode I literally had mini heart attack. The storyline was amazing. Ending was satisfactory. All together I really enjoyed it."
146,악의꽃,need to rewatch this again
147,악의꽃,talent brilliant incredible amazing show stopping spectacular never the same totally unique completely not ever been done before
148,악의꽃,"Best drama I've seen !!! 👁️👁️
The female lead was written so well that it was cathartic to see her on screen 🏳️‍🌈"
149,악의꽃,"this is honestly hands down the BEST drama ive watched. no unnecessary love triangle, side couple was annoying but bearable, perfect plot, god i already want to rewatch it. i cried throughout out the last two episodes but the last one was the one that still has me sobbing. loved the cast loved everything"
150,악의꽃,honestly i also want a sociopathic husband if its lee joon gi
151,악의꽃,top 2 best kdrama and it ain't the 2
152,악의꽃,They had to ruin it in the finale 😔
153,악의꽃,以韩剧的标准是精品了
154,악의꽃,One of the best k-dramas I've ever watched
155,악의꽃,DAMN. i would let myself to be physically manipulated by lee jongin’s character!
156,악의꽃,"WAS SO CONFUSING, BUT GOT DILF LEE JOON GI AND MILF MOON CHAE WON FROM THIS"
157,악의꽃,this was so insanely good. new fav drama
158,악의꽃,stressed me out so bad but was so good 😭 was on the edge of my seat every ep
159,악의꽃,"with a face like that, im shocked that lee joon-gi has had roles that AREN'T psychopathic"
160,악의꽃,we want lee joongi and moon chaewon in a sageuk ASAP
161,악의꽃,patrimônio histórico da coréia do sul
162,악의꽃,"As a detective explores her husband's mysterious and cruel past, this 16-hour crime drama manages to deliver intense suspense and warm romance through superb acts, brilliant cinematography and a chilling music."
163,악의꽃,no i am NOT OKAY
164,악의꽃,kim ji hoon slayed
165,악의꽃,crazy and unstable man
166,악의꽃,Oficialmente cadelinha do Lee Joon gi
167,악의꽃,feels like they’re edging you for 16 episodes straight
168,악의꽃,oh my god yes
169,악의꽃,i just love that baek hee sung's favorite film was life is beautiful <33
170,악의꽃,"One of the best kdrama ever. The plot is so well done, not too fast, and not too slow. Joonki and chaewon chemistry is so perfect! 
About the ending, there is a plot twist. I think its not too surprising. But the ending was packaged really nicely. I love this drama so much! 😭"
171,악의꽃,my eyes still feel puffy from all the crying
172,악의꽃,acting was 10/10. sometimes a bit slow but overall i enjoyed it. the chemistry between the mains was soo good. ep 16 really threw me off… they could’ve just ended it without hyunsoo losing his memories imo.
173,악의꽃,pais ❤️
174,악의꽃,they're kinda crazy! but they also look so SO GOOD so..😬☝🏼
175,악의꽃,i never thought lee joon gi was good looking until this and eun-ha is so cute EGG TARTS
176,악의꽃,"one of the best drama this year, the whole plot and the romance that's not to cringe to watch, kdrama maker should try to make this kind of romance instead of ""nega neomu choa ottoke ottoke"" ew stop"
177,악의꽃,EU NUNCA PASSEI UMA RAIVA TAO GRANDE IGUAL EU PASSEI VENDO ESSE DRAMA EU ODIEI TODOS ABSOLUTAMENTE TODOS OS PERSONAGENS!!!!!!!!!!!!11
178,악의꽃,so beautiful it hurts
179,악의꽃,CRAZYYYYYYY
180,악의꽃,bestestest kdrama to exist. masterpiece. give eunha‘s actress all the praise. the chemistry was overwhelming. never seen a plot thought out this well. i want to cry knowing i‘ll never get to watch a drama that made me feel what i felt watching this. about to rewatch it already 😭😭😭
181,악의꽃,I will bow down before you
182,악의꽃,"the underrated kdrama of 2020, the last two episodes had unnecessary 'stretched' scenes to cinveniently fill the time slot. i think those were the only flaws for this drama
overall, it's such a brilliant experience. kudos to the production and casting"
183,악의꽃,"I loved it. Some scenes are too emotional it made me cry.
Crime Thriller K-Drama is my new thing. Looking forward to watch more dramas in this genre!"
184,악의꽃,"its a romance,thriller,mistery kinda kdrama AND I LOVE IT. if you saw this YOU SHOULD WATCH IT ASAP"
185,악의꽃,"Loved this , hated the ending ."
186,악의꽃,they just dont make men like that anymore
187,악의꽃,"love this kdrama sm binged it in 2 days. one of my faves, the ending made me so happy 😫"
188,악의꽃,"I loved everything about hyun So, he acted so so well this complex character"
189,악의꽃,"10/10 would rewatch
HUHUHU GANDA"
190,악의꽃,i am too emotionally attached to this show and i wish i could rewatch it for the first time again.
191,악의꽃,Pecah tensinya di 5 episode terakhir yang sayangnya diakhiri dengan begitu menyia-nyiakan durasi di episode paling terakhirnya yang jadi terasa serba nanggung
192,악의꽃,"an engrossing suspense melodrama about a detective chasing after an alleged serial killer, who she discovers to be her beloved husband. a critique on sensationalism, and how society easily defines reputations by painting someone as black/white or good/evil. 😭👏
at its heart, flower of evil is a love story. it's about jiwon teaching hyunsoo what it means to love and trust someone, and hyunsoo opening himself up to the people who care about him, and realizing that he too is capable of loving someone and being loved. 😭❤️
great writing, directing & acting from start to finish. i love it all! really stellar performance from lee joongi and moon chaewon.
2021 baeksang arts awards best directing!!"
193,악의꽃,DO HYUNSU APOLOGIST !! this drama is *chef’s kiss i love it so much the plot was very unique “psychopath”husband and detective wife 😏 it was written and executed out so well i definitely would recommend this to anyone who likes crime thrillers
194,악의꽃,"Ceritanya lumayan beda, sempet bertanya-tanya di awal masa iya pemeran utamanya antagonis, kayak gak mungkin aja gitu. Tapi setelah nonton episode demi episode, kita belajar nerima dan tidak mudah suuzon hehehe. Hal paling disuka dari drama ini yaitu akting psikopatnya juara umum, aura intimidatingnya bener-bener berasa padahal cuman ngeliatin dari layar doang tapi rasanya kayak nyawa kita yang lagi terancam."
195,악의꽃,Eun Ha and In Seo are so cute they made me overcome my distaste for children
196,악의꽃,"Best K-drama that I have seen in my entire life. This is pure perfection, I simply cannot overcome this show.
Plus, J,oon-Gi, Kim Jii-hoon and Jung Seo Yeon killed it."
197,악의꽃,"Romance-thriller-drama perfectly blended into one. 
Most people (and shows for that matter) regard psychopaths/those with antisocial personality disorder as a lost cause, always thinking that they'd most likely end up twisted one way or another, but this show portrays that they're as humane and human they could get, they just struggle to identify feelings and emotions. It doesn't necessarily mean they'll always have to resort in violence. They're struggling a lot, and they're so misunderstood. 
Not a lot of things I see make me go ""oh, this what must be love really is"", but the love between MCW and LJG's characters really, really show pure and genuine love, even if one of them was oblivious of it (initially, and then not, and then again -- you'll understand this once you complete the series).
[SPOILERS ahead] as for the amnesia trope in the last episode, while some may be bummed because of that, I believe it was absolutey necessary for Hae-su to become his true self, to not live with facades, and to truly acknowledge and feel how much he loves Ji-won amidst everything that happened.

Also, Moon Chae Won's acting is top-notch and superb as always. I believe, no one else comes close. Best wife Ji-won! LJG of course nailed his character/s too. If others were casted for this series, I don't think it'd be as good as it is now. 

MCW & LJG SUPREMACY"
198,악의꽃,twitter.com/mtr_fr/status/1419622995102928902
199,악의꽃,"Una de las mejores cosas de 'Flower of Evil' es la capacidad para dosificar la información y la intriga de forma que estés enganchado durante prácticamente todos sus capítulos. Es difícil parar de darle al botón de ""siguiente episodio"" debido a esto y me parece algo muy destacable porque su nivel es bastante constante y no hay bajones en su desarrollo. La pareja protagonista tiene buena química y la trama da bastantes giros sobre sí misma, lo que también aporta un interesante juego psicológico siempre que como espectadores le demos algo de manga ancha en algunos momentos puntuales, requerimiento habitual en los kdramas, al menos en mi opinión.
Su final no está mal aunque sí me parece endeble en comparación con los primeros episodios. Esto es algo que también estoy notando en la mayoría de kdramas, sus finales suelen ser parecidos y por lo general el último o los dos últimos episodios suponen un pequeño bajón. Hay dos o tres tipos de desenlace: feliz, triste o agridulce, y se suelen ver venir de lejos.
Aun así le doy un notable alto porque considero que el conjunto es muy sólido, muy adictivo y muy disfrutable. Con un final más contundente se habría metido en mi top 3 seguramente. De este 2020 creo que me quedaría con 'Está bien no estar bien' como mejor kdrama del año ya que posee un final más memorable."
200,악의꽃,the best kdrama ever
201,악의꽃,"The tension my heart suffered from this, I can't even."
202,악의꽃,perfection ignoring the memory loss areas
203,악의꽃,you can be a serial killer but not a bad dad
204,악의꽃,ao3 mafia au but make it straight sexy milf and dilf story
205,악의꽃,no words seriooooo fizeram tudo nesse aqui nao queria que acabasse nunca de tao bom
206,악의꽃,"I think, I fall in love with Moon Chae Won 🥰"
207,악의꽃,"my favorite trope in media will forever be men who are completely in love with their wives  (Eventhough he didn’t even know it himself)
Eun ha was the best part of that drama come here I’ll give you all the egg tart you want<3
The ending was a bit disappointing tho"
208,악의꽃,"Interesting plot.
Good character development of Hee-Sung (Lee Joon Gi). Not so much for Ji-Won (she just seems kind of flat - patient, kind, and all that she cares about is her husband). Same goes for Hee-Jin - she's mostly useless and only cares about her brother.
I liked the acting, especially that of Kim Ji-Hoon. He seemed creepy."
209,악의꽃,"Flower of Evil and Beyond Evil got in my watch list about the same time and I more or less watched them back to back. Quite frankly I don't understand how there's only 0.1 difference between them on letterbox
If you think this is a 4, watch Beyond Evil and expect mind blown
This was entertaining for a while until the plot twists got increasingly ridiculous. Around the same time the melodrama kicked in which wasn't helped by neither the script nor the acting. The last 2 episodes kind of collapsed into a logic and character black hole.
I would however highly recommend early episodes just to get shit scared by deadeye daddy"
210,악의꽃,Short Take - Highly recommended K-Drama & I really liked it. The writing is top notch & the lead actor's performance makes this a must watch.
211,악의꽃,one of the best crime thriller kdrama ever
212,악의꽃,CHEFS KISSSSS
213,악의꽃,Tror inte sätt
214,악의꽃,lee joon gi *headbanging on wall intensifies*
215,악의꽃,"LOVED THIS! It had the right amount of everything. The psychological twists that the ending of every episode brought really made this story all the more exciting. I watched this while it was airing and it was really difficult to wait every week for the next two episodes. I didn't give it 5/5 stars because I felt that the director overlooked on something important- a closure for one of the side characters which he literally just forgot, it could've happened- other than that, this is amazing."
216,악의꽃,the plot is just amazing mwahh
217,악의꽃,A good mix of thriller/ murder mystery and kdrama romance. Also props to the casting peeps to cast similar young and adult actors!
218,악의꽃,My anxiety levels during the show: 📈📈📈
219,악의꽃,It was so heavy… And a good mix between different genres. Who knew I would be so emotionally affected by villains… Plot was great. Only thing I have an issue with is the convenient amnesia ending
220,악의꽃,"É muito bom
O elenco é excelente e não sei como superarei o fim desse drama.
Não curti q ele perdeu a memória no final, mas entendo o que queriam mostrar adicionando isso à estória"
221,악의꽃,I love the leads chemistry ehehhehe
222,악의꽃,queria q ele tivesse morrido mas ok
223,악의꽃,"Jujur ya, gue kalo nonton drama korea itu agak picky. Gue suka nonton Drakor tapi yang bener bagus gitu dan asik. Trus ada yang saranin nonton ini, Flower of Evil. Gokil, ini bagus banget sumpah!!!! Deserve buat hype yang lebih lagi sih. Ini hype pas drama nya on-going doang huhu. Padahal ini keren.
Setiap episode selalu ada clue2 yang menarik. Nggak menye2 sih ini. Pokoknya setiap episode tuh banyak hal2 yang bikin ""wow"", kalo mau tau tentang apa, langsung di cek aja ya sinopsis nya hahaha.

Ya meskipun ending nya agak unsatisfying, tapi gue puas dengan cerita nya."
224,악의꽃,"if villain bad, WHY SEXY"
225,악의꽃,"I was wondering why in the last episode, they chose to let Do Hyeon Su forget the life he had after he was hit by the car then I realized maybe in order to start a new life without pretending and be true to himself, he needed to have a closure with his past self. He was once this kind of person but he can change.
Overall, this is a great drama! As a person who loves psychological thriller, this one has a good plot. Will definitely watch other Lee Joon Gi's drama. Even in Moon Lovers, I really love him! I hope he will do more projects"
226,악의꽃,it's marriage and wedding rings propaganda
227,악의꽃,this is mafia au but camp
228,악의꽃,<333
229,악의꽃,"sakit nyo sa ulo ang galing. During the earlier episodes, I thought its structure is going to be like the characters investigating a new murder case every episode, setting aside the main plot as if it's a mere subplot, but thankfully it didn't become like that. It was tight and intense, the mystery being laid out greatly, getting me hooked as it gets complicated every episode. It also should be said that all the cast were brilliant in their roles, especially Lee Joon-gi, who's character requires a lot from him to portray Baek Hee-seong/Do Hyeon-Su and boii he pulled it off."
230,악의꽃,"o final foi broxante, tinha potencial pra ser melhor MAS ESSE DESENVOLVIMENTO MEUS AMORESSS oq foi isso gente um absurdo de bom"
231,악의꽃,just finished rewatching this show for the second time and i still cant get over how good it is
232,악의꽃,The drama was talking about the soulmate! au. The husband is the sexy serial killer (still not sure) and the wife is the amazing detective of serial killer case.
233,악의꽃,"It gets good on the second half
I was so expecting this drama and it was so dissapointing, the first and second part does seems to be written by two different writers, the first half very sloppy, tons of nonsense scenes and choices, the second half was very solid.
Lee Joongi kinda carry the whole serie with his acting although he was way better being dramatic, not a fan of Chaewon in this one and the rest of the cast was a meh.
Will I be rewatching this someday? Definitely not! Will I be reccommending this? Same answer."
234,악의꽃,"The best series to come out in 2020, Flower of Evil is about a husband potentially hiding a big secret from his wife, who is a police officer. As she slowly starts to connect dots between her cases and her husband, she struggles with investigating further dreading what she could uncover."
235,악의꽃,letterboxd slow addition of kdramas continues to expose me
