,title,reviews
0,우아한친구들,Berawal penuh misteri dan berakhir dengan banyak tragedi. Krisis paruh kehidupan 40s buddies dgn perjalanan konflik yg menarik. Kisah masing2 keluarganya juga tak kalah mencekik. Tipikal drama slowburn yang sukses menyentuh hati di babak akhir.
1,우아한친구들,i fell in love with song yoonah so hard and i didn't even see that coming so if you're going to watch this drama WATCH OUT because you will fall too 😭
2,우아한친구들,"Hidup semua orang sama berharganya. Entah kau sukses atau tidak, entah kau orang baik atau bukan.
Drama Misteri Graceful Friends menceritakan persahabatan 5 sekawan yang terjalin kurang lebih 20 tahun dan misteri kematian salah satu dari mereka.
Dibuka cukup menarik, tensinya semakin kendor menjelang akhir. Konflik utama dan konflik tambahan (permasalahan tiap pasangan) kurang menyatu dengan baik aka terlalu bertele-tele menerjemahkan cerita yang ingin disampaikan."
3,우아한친구들,era isso que a jtbc teve a audácia de chamar de novo sky castle? a heresia
