,title,reviews
0,안녕나야,"If you can meet your younger self what would they think about you?
An emotional journey to self discovering and acceptance.
This drama managed to bring comedy and drama without being overwhelming by any of them, with a sensational casting, not only the four leads were amazing but the whole cast did really well. Well directed and edited with and exceptional soundtrack that will made you dance and cry.
""That was the toughest and loneliest day in my entire life. I wanted someone to embrace me. That's when a miracle happened, me from 20 years ago visited me, 'Hello, me', and since that day I gained the courage to start anew"".
I will miss this show so much!"
1,안녕나야,Bald eagle incoming!
2,안녕나야,me starting this because I thought this was funny and then ending up crying in almost every episode
3,안녕나야,"Love everything about this tv show, inspiring , overwhelming moments and amazing introduction to the korean culture ."
4,안녕나야,ah... it was so heartwarming.
5,안녕나야,"the proposal is good, but not complete as i thought it would be. i finished it because i love the younger ban hani, but otherwise i didn’t like it completely. this is average bro"
6,안녕나야,"it took me ages to finish this because part of me sense the ending was gonna get sad and i was right. it ended on a positive note but it had quite a lot of sad moments before that.
this series is alright. i feel like a lot of good character development was had throughout and it was fun too. just felt that it dragged a bit and the supernatural element felt a little weak. though i did enjoy how the whole thing came to be."
7,안녕나야,"eu curti . mt fofinho, amo este conceito dela mesma estar cuidando dela mesma menor serio mt legal"
8,안녕나야,fact: bahn ha-hi could stop thanos
9,안녕나야,"bem ruimzinho...
mas gostei da reflexão que ele deixou: ""se você encontrasse o seu eu de x anos atrás, o que ele acharia de você?"".
""na vida existem dores das quais não podemos fugir, então fechamos os olhos e contamos até três, quando abrirmos os olhos novamente teremos nós tornados muito mais fortes"""
10,안녕나야,"I thought interesting yung plot. A 37-yr old loser meets her 17-yr old “popular” self.
Tapos natawa ako sa trailer. So sige. Parang mababaw lang naman. I gave it a try. Watched an episode / day.
Medyo dala na tayo sa time travel series coz you know, hindi tapaga siya magiging logical hahahah. Pero yun yung plot nya e. Hindi nya hihingin na maging logical ka lol. Ienjoy mo na lang.
What I noticed in this series is that parang feeling ko hindi sya pang ABSCBN / GMA. Parang pang Tv5 or Ibc 13 lang sha chareng hahahah. Yung mga artista magagaling naman. Pero hindi visually stunning unlike yung ibang mga KDramas. Walang ang ganda naman neto, or shet ang pogiiiii sa mga bida. Parang normy normy lang. Yun nga. Hindi pang big network haha. Even yung kontrabidang babae parang ang weird nung ichura at yung pakulot na hairstyle nya na naging tuwid in the end hahahahaha. Ay basta. Hindi sya life changing. Hindi kawalan kung hindi mo panoorin. Pero kung naghahanap ka mapagaaksayahan ng oras at nakakatawa - pwede na to."
11,안녕나야,i wish i could write a letter to my younger self
12,안녕나야,a mensagem do dorama é mt linda dorama muito fofoooo mas queria que eles tivessem explicado mais a questão de modificação da linha do tempo teoria do caos etc mesmo sci-fi nao sendo o foco do dorama poxa nao deram nenhuma explicaçãozinha sobre isso
13,안녕나야,Such an interesting set of circumstance! An original idea executed perfectly!
14,안녕나야,"Léger et pas dénué de charme, mais plusieurs séquences font décrocher sévèrement en poussant le bouchon trop loin dans la surenchère joyeuse ou la bonhommie. Ça se regarde tout de même pour les personnages attachants et quelques moments forts réussis à travers les épisodes."
15,안녕나야,Helped me reflect on life and to focus on living in the present.
16,안녕나야,"oh my god loveddddddd the main couple,,,,,, the ml is so in love with the fl, gosh, making me constantly squeal and blush 😆"
17,안녕나야,Love the dance scene.
18,안녕나야,a cute and meaningful kdrama about finding yourself
19,안녕나야,"This made me a choi kang hee fan,, a feel good drama with a healing message"
20,안녕나야,A feel-good series that always brings comfort. All the casts are spot on with a light story that makes your heart feels warm.
21,안녕나야,En tjej som ser sig själv fast liten.
22,안녕나야,Ugh baby tears
23,안녕나야,"-ketemu drama tipe healing lagi
-pesan self love di drama ini cukup nusuk, di usia berapapun jangan lupa tetap bahagia & semangat
-duo bahn ha ni 37 & 17, yu hyeon burung biru, anthony tektokannya oke. moodbooster bener kocaknya
-a heartwarming drama, sayang rating waktu tayangnya kecil :("
24,안녕나야,"Another one of favorite drakor in 2021.
Pesan moralnya banyak banget terutama mengenai self love."
25,안녕나야,"Hello.. Me, I'll finish this in my diary."
26,안녕나야,"I love love love this drama. Prefect amount of suspense, comedy and romance. Yu-Hyeon is literally the cutest and I need him in my life."
