,title,reviews
0,그녀의사생활,can you believe ryan gold ended homophobia
1,그녀의사생활,The second hand embarrassment nearly killed me but never have I seen a more accurate depiction of how long it takes a man to realize how he feels. Also this shit has all the tropes. Enemies to lovers ? Fake dating ? alter ego? Unrequited ? Stuck together? Office romance ??. This couple is too good together to chose just one so the writers said fuck it let’s do it all. Oh & how did Ryan go from intimidating to THE BIGGEST FUCKING SIMP EVER. Anyway Seung min & Hyo jin are so underrated plz I love them.
2,그녀의사생활,men who understand the mad world of fangirling deserve all the nice things xD
3,그녀의사생활,Ryan Gold protecting Deok-Mi and Sun-Joo because he thought they were lesbians>>>>>>>>
4,그녀의사생활,park min young sure loves her bosses
5,그녀의사생활,"Ryan Gold said GAY👏🏽 RIGHTS👏🏽 Extremely cute, sweet, and colorful—excellent bubblegum viewing with a delightfully healthy couple at the center. God bless whoever made the decision to put Kim Jaewook in those cropped suit trousers, I truly understand now why old timey men could be thrown into a frenzy by a shapely exposed ankle"
6,그녀의사생활,started THISsss it’s a fun story and loved it!!!!!! perfect for my laying in front of tv and watching things to avoid my thoughts about killing myself episode
7,그녀의사생활,"korean 🇰🇷
so charming and heart-fluttering to watch!! but the appeal also feels heavily dependent on the main leads and the chemistry between kim jaewook & park minyoung. also enjoyed the scenes where park minyoung’s character was fangirling over one (jung jaewon)’s character as the idol so much because it just feels so personal?! hahaaha
my most memorable kdrama of kim jaewook was also when he acted as the serial killer mo taegu in voice so watching him in a romcom as this alluring attractive guy just gave me such a huge serotonin boost? I love him soooooo much"
8,그녀의사생활,"finally!!! a lead couple with an emotionally mature relationship (would not be farfetched to say that they have THE most realistic adult relationship in kdramaland)
while the first half of this drama is peak kdrama romcom goodness (fake dating! workplace relationship! only one bed! enemies to lovers! secret identity!), it kind of fizzled out in the last few episodes, with the intensified focus on its irrelevant b-plots (childhood flashbacks boo! love triangle boo! weirdly explained memory loss for the sake of the plot boo!) but is over-all hard carried by the killer chemistry between the leads.
also! the bi panic i was consistently experiencing while watching this show must be acknowledged mygod. deok-mi and ryan are both very pretty people, constantly wearing very pretty clothes."
9,그녀의사생활,Whenever Ryan Gold appeared on screen with his little exposed ankles I cheered. God tier male lead
10,그녀의사생활,fangirls também sao gente
11,그녀의사생활,decent drama but top tier male lead and fire chemistry between the main leads.
12,그녀의사생활,Ryan gold is my favorite lesbian protector
13,그녀의사생활,i choked on my food in this episode nearly went to ER and im having a heart attack rn because of that FINALLL HOLY SHITTT THAT KISS WAS SO HORNY LIKE DAMNNN YALL JUST FUCK EACH OTHER AND KEEP THE CURTAINS OPEN IM READY WITH THIS POPCORN IN MY HAND DAA FAAAAAUUCCKKK IMMA DIE BC OF THIS SHOW
14,그녀의사생활,"this show gave me:
--- Sung Deok-mi fighting Ko Munyeong and Yoon Seri for kdrama fashion icon (queen of the monochromatic pant suit??)
--- gays getting rights but sasaengs (deservedly) not
--- maybe the most sexual tension i've seen in a kdrama
--- hand holding kinks
--- Hyojin redemption arc
--- Geonu being the most adorable child that's ever lived (no notes on his performance)
--- arguably unnecessary amnesia"
15,그녀의사생활,accurate because army’s really would egg an innocent lady for wearing a coat that looked to much like it belonged to their bias
16,그녀의사생활,the kiss scenes were everything that a kiss scene should be. also how did ryan end up going from the most cold to the biggest simp ever 😭
17,그녀의사생활,"this was so cute and it really had it all. kpop idol, office romance, fake dating. the romance is just so cute and sweet and as the plot moves on we see the backgrounds that make the characters the way they are. all in all, a really fun watch and it made my heart happy !"
18,그녀의사생활,I CANT BREATHE IM CRYING YALL AT THE START I WAS SO MAD THAT KISS IN THE SIXTH EP WAS FAKE BUT THIS FINAL OMGGGGGGGGGGGGG AUGHHHHH IM SCREAMING CRYING WHEEZING MOANING BLEEDING AAAAAAAAAAAAAAAA GOD I WAS SO SURE THAT SHE WILL GET HORNY SEEING THE SEXY MF IN SOME KINKY WAY BAHAHAHAHAH MY GIRL IS NASTYYYYYYYYYYBAHSJSHAJSHAHAHA GIRL BE READY IMMA GO FIND YOU IF YOU DONT FUCK HIM NEXT EPISODE AND WILL PISS ON YOUR PRECIOUS SI-AN PHOTOCARDS U STUPID HOE
19,그녀의사생활,"""do you want me"" yes bro desperately i do can u plz stop asking now"
20,그녀의사생활,simp and lgbtq protector???? that’s how you write a male lead
21,그녀의사생활,✨ Ryan Gold: LESBIAN RIGHTS ✨
22,그녀의사생활,✨ryan gold✨
23,그녀의사생활,him thinking they are in a relationship with her bestfriend I FREKAING LOVE THIS IMAODKSODKDKLDDLDŞÖSŞXÖSŞSPWKSLSÖWÖSÖSMWNWN was acting like a bitch all the time but everythings goin well okkk i don’t hate him anymore
24,그녀의사생활,Geonu throwing himself on the ground is quite literally the cutest thing I’ve ever seen
25,그녀의사생활,when i say all men are trash that does NOT include ryan gold
26,그녀의사생활,"A must-see for everyone and anyone tired of prickly, mentally abusive leading K-drama men. Kim Jae Wook delivers as a haunted museum director who protects and cherishes his girlfriend - and her hobbies. Wholesome yet steaming hot, this drama caters to more mature tastes. Rapper One supports in an illegally cute manner."
27,그녀의사생활,"the more i think about it the less i like her private life.... but it's just not necessarily bad just forgettable a bit.
the main plot revolves around this woman who is a kpop stan of this particular idol and keeps that part of her life hidden. sort of like your hannah montana type situation if hannah was the hardcore fan.
then she gets a new boss who is quite strict and rarely shows his emotions, he is also an artist who hasn't painted for years.
there are supporting characters as well but honestly the main couple takes the center stage here for sure.
all in all it's funny in terms of seeing how ridiculous kpop fans are but in like this ironic way. i mean i get it but also i'm in it so i can make fun of it and myself as well.
anyway. it's okay. in the long run though, after i'll see like more and more kdramas, i'm surely gonna forget about this one though.
AH there was a FAKE RELATIONSHIP trope here and i completely forgot about it for a minute. hahaha. i love that trope and i'm mad that i forgot that because it was really good! i liked how that whole dynamic was made.
(the reason i'm most likely forgetful is that i'm logging this in a week after finishing it and i've seen another kdrama since and i had work so... my bad brain is incapable of keeping that much information lol)"
28,그녀의사생활,im soft. i live for romcoms.
29,그녀의사생활,bro he painted her dont touch me
30,그녀의사생활,"forget about the plot, what i really loved about this show was the depiction of a mature and healthy relationship (the best i’ve seen in kdramas tbh) between the two leads. + their chemistry was just so phenomenal you’d think they weren’t acting anymore!! 😩❤️
to make up for lost time, kim jae wook should only do romcoms from now on. and with park min young only. KIDDING. i just wanna thank whoever casted kim jae wook in this!!! 💝"
31,그녀의사생활,this was so uncomfortable to watch ????
32,그녀의사생활,"the story is pretty basic and full of cliches, but yet, they were able to do such a lovely and peaceful kdrama. like, i love how their relationship was so healthy and mature (with a lot of chemistry !!) and how there wasn't unnecessary drama between the main couple and their friendships because even if they had some problems they would fix it pretty fast. (you will definitely not find all this in every korean romcom lmao). i was comfortable with this calm.
also, when i first saw mr ryan gold, my first thought was like ""arrogant, jealous, distant and toxic male lead"" and then he was nothing but a cutie, i truly loved him. all i wanted between those 16 episodes was his happiness. he deserves the world"
33,그녀의사생활,obsessed with the kdrama urge to make relationships healthy
34,그녀의사생활,i'm a fangirl too......... so where's MY ryan gold???
35,그녀의사생활,"i just want to say i’m part of the lgbt community and this is my best friend, ryan gold- he’s an ally! talk ryan!
[ryan]: ALLY‼️‼️"
36,그녀의사생활,"When he too started addressing Cha Si An as, 'Our Si An' <3 and when he offered to apply her lipstick *ded* 'Im artist Ryan Gold. *so dead*"
37,그녀의사생활,DA-IN AND EUNGI IMMA TIE YALL TOGETHER AND CHOP OFF YALLS GENITALS BOTH AT THE SAME TIME. WILL MAKE YALL EAT IT WHILE U SLOWLY DIE FROM LOSS OF BLOOD. ILL COLLECT YALLS TEARS IN A JAR SO WHEN THEY MAKE YALL CREMATED I WILL MIX THE ASHES WITH THE TEARS AND MAKE IT ALL A CONCRETE TO TURN INTO A DILDO. AFTER I MAKE IT I WILL PUT THE MOTHERFUCKKNG DILDO IN THE DUK-MI’S STUPID ASS CAUSE SHES A FUCKING IDIOT I HATE THIS EPISODE IM GOIN CRAZY
38,그녀의사생활,istg there’s so many things happening in one episode i dont remember what happened at the beginning
39,그녀의사생활,i wanna kill that ryan gold mf but after i fuck him first
40,그녀의사생활,"im sorry but why dont we talk more about this drama when discussing healthy kdrama relationships?????? like--- i am in awe i love them
also, Ryan Gold is the definition of a good lgbt ally"
41,그녀의사생활,Where does one find a Lion?
42,그녀의사생활,easy 5 stars. a lead couple with good communication that doesn’t get swayed by unnecessary drama and hello? enemies to fake dating to lovers trope? top tier!
43,그녀의사생활,"I watched this for a peek into the world of fangirling, but the product placements were so hilarious and stole the show. “It’s Duk-mi’s birthday but we have no cake, what do we do? Let’s use the Baskin Robbins app and order one. Mmm! This cake is so good!” “I’m a chaebol wife and what do I drive? A Chevy, of course, like everyone else in this world.” “You’ll be so hungry if you skip breakfast! Nope, this almond drink is really satisfying!” “Your girlfriend’s phone battery is dying, better use your Samsung charge sharing function!” “Isn’t your boyfriend’s coffee allergy really annoying? It sure is! I like Maxim Gold coffee. Me too!” The most natural product placement was the Canon camera, of course. 
I did like some of the art analysis."
44,그녀의사생활,<33 so cute. when will it my turn?
45,그녀의사생활,my standards as a single fangirl have risen……
46,그녀의사생활,listen IM GOING THROUGH A KDRAMA PHASE I'll come back to movies soon 🥲
47,그녀의사생활,Netflix
48,그녀의사생활,the reason i’m majoring in art history & museum studies
49,그녀의사생활,"Love that a major plot point of the first half of this was 'Gay Rights in Korea!'
Ryan Gold protecting lesbians was adorable. Cried like a baby when the writer was showing them his art collection.
Also love showing thirty something women still fangirling. (Although,this may be rude, but I think they should have chosen someone cuter for the Kpop idol)"
50,그녀의사생활,If you just ignore the HUGE ENORMOUS second hand embarrassment it’s kinda cute. But only if
51,그녀의사생활,this drama made me feel butterflies in my stomach
52,그녀의사생활,Loved how mature the main couple was. second male lead was kind of annoying.
53,그녀의사생활,at some point some girl throws herself in front of sian’s moving van after he doesn’t deny some dating rumors and i get her
54,그녀의사생활,"Ryan Gold is everything I love in a male protagonist— pretty, confident, and a little stupid.
The final revelation feels a little tangled but I’ll let it slide because of how many moments of pure kicking-my-feet-in-the-air happiness it brought me."
55,그녀의사생활,"I mean, it's ryan!! + they're hot"
56,그녀의사생활,Ryan gold said lesbian Rights
57,그녀의사생활,secretary kim except shes an art curator
58,그녀의사생활,ryan gold mr sex
59,그녀의사생활,"The main couple was adorable. This recommendation came at a great time when I just needed to binge on something with romance. The first half of the show focused on the world of fangirling and how Duk-mi wanted to keep it a secret. The latter half now dives into Ryan’s history. What I liked about them when they finally got together is that they really communicated about everything. While I love them as a couple, I have to admit the first half was more fun to watch."
60,그녀의사생활,"Mais um trabalho incrível da Park Minyoung, porém eu prefiro What's Wrong With Secretary Kim?. Esse dorama é um pouco mais lento e o casal principal não tem aquele tchã que eu esperava."
61,그녀의사생활,"Hidup tidak selalu berjalan seperti yang diinginkan.
Drama adaptasi webtoon Her Private Life bercerita tentang seorang fangirl sekaligus kurator seni dengan kisah asmara yang mengikuti.
Dramanya setipe dengan What's Wrong with Secretary Kim tapi dengan tingkat komedi lebih minim. Meskipun chemistry dan performa kedua tokoh utama oke, ceritanya berkembang menjenuhkan dan gampang tertebak. Adegan ciuman terlalu banyak yes.."
62,그녀의사생활,"First things first, as a former fangirl and as someone who has watched many Western and Eastern shows/films about fangirling, this was easily the best and most well-done show about it. I only wish that they would have ended that part of the storyline better.
Secondly, the tropes were so good??? Si-an was so freaking cute that, as a k-pop fan, i was ready to stan!! The fake dating and secret identity? I was here for it!! Enemies-to-lovers AND office romance?? Sign me up!! The memory loss was a cheap way to solve the plot but it was such a small portion of the show that I forgive it.
Nonetheless, I really really enjoyed this drama. I lost my mother last month so this show hit me hard and I cried a lot in the last few episodes. I also was an artist for a large part of my life until something happened to me that caused me to not pursue it in university, so this show was just too relatable to me.
I'm really happy that it was a great watch all the way through."
63,그녀의사생활,"I, too, a lesbian want a lgbt protector like director gold 💕💕"
64,그녀의사생활,Obsessed
65,그녀의사생활,"Uma viúva é uma esposa que perdeu o marido. Um viúvo é um marido que perdeu a esposa. Um órfão é um filho que perdeu os pais. A dor dos pais que perderam um filho é grande demais, por isso, ninguém pensou em um nome."
66,그녀의사생활,This was truly so sweet. I feel like I’m seeing more and more kdramas with actually healthy mature relationships. No long drawn out misunderstandings between the leads because they always resolve shit and talk things through?? Just a lovely respectful relationship between two people getting to know each other over time. We stan
67,그녀의사생활,Need my own Ryan Gold who'll understand my fangirling
68,그녀의사생활,"This drama definitely has one of the better male leads I’ve seen, such an unproblematic king that you love to see. Story was lighthearted but had more depth than I was expecting it to have. Park Min Young is still one of my fave kdrama actresses and she delivered in this role. I will definitely be adding this to me rewatch list."
69,그녀의사생활,"the best... kdrama.... ever.... invented... i wanna thank the producers-writers-actors EVERYONE that got involved into making this kdrama💋 
if u’re looking for an enemies to lovers, angst, jealousy, fake dating tropes, then this one is definitely for u!! hehehe :D"
70,그녀의사생활,i finished this in 2 days LOL v cliche but it rly got me in my feels
71,그녀의사생활,"This is my favourite k drama so far.
I LOVE IT SO MUCH.
Only complaint is why he had to wear those disgusting short trousers, like I have unnecessary amount of hatred towards those things."
72,그녀의사생활,still one of my favorite shows
73,그녀의사생활,this show ticked off so many tropes for me- im in love
74,그녀의사생활,"the cutest k-drama you will ever see. heart eye emojis. It was very good. However, they added too many things in Ryan Golds and Park Min-young’s life in the past that was hella crazy but it honestly made me cry and made for good tv."
75,그녀의사생활,Good. Easy Timepass
76,그녀의사생활,when the dad said he was collecting stones to feel duk-su’s warmth… yea i sobbed
77,그녀의사생활,"as a fangirl, where is my ryan gold?"
78,그녀의사생활,"not saying it was bad, just wasn’t good"
79,그녀의사생활,drop it like school
80,그녀의사생활,Adding into the list of my fav rom-coms. Should appreciate the screenwriter for handling the script maturely instead of cliche rom-coms patterns.
81,그녀의사생활,"Pensé que no me iba a gustar, pero me gustó.
Raro el sentimiento"
82,그녀의사생활,NO WAIT I FORGET THE MOST IMPORTANT SCENE. HEY. DIRECTORS. THIS IS THE KINDA OF KISSES WE WANT TO SEE. GIVE US THIS PLEASE. I BEG YOU ALL.
83,그녀의사생활,"as a k-pop fan, this is what I wanted in my wildest dreams. ALSO i want to say that is funny how i expect to know someone like him but I'd like jsjsjsjsjs he's written by a woman. OF COURSE HE'S GOING TO BE THIS AMAZING BOYFRIEND GOD"
84,그녀의사생활,their chemistry is so hawt
85,그녀의사생활,"the 2 1/2 stars are for the main couple’s chemistry and the execution of tropes in the first half of the drama. Other than that there are a lot of boring side plots and cringe moments.
It’s exactly what I wanted to watch in terms of light entertainment and perfect for relaxing/drowning out your thoughts."
86,그녀의사생활,just okay
87,그녀의사생활,Ryan Gold has to be one of the best kdrama men omg… A true lesbian protector
88,그녀의사생활,"'Her Private Life' cumple moderadamente como kdrama romántico. Ahora bien, veo un claro problema de fondo en la forma en la que exhibe, justifica y casi fomenta el comportamiento fanático dentro del kpop que es bastante problemático. De hecho, en un momento puntual de la trama se llega a justificar una agresión física por puro fanatismo, de lo más tóxico que he visto por este mundillo."
89,그녀의사생활,I got nothing but butterflies watching this
90,그녀의사생활,"Seriously, not the best k-drama, but damn it, watch it for the main couple. Chemistry was out of this world, they were either in love in real life or they're the best actors to ever exist!"
91,그녀의사생활,ryan gold supremacy
92,그녀의사생활,SO FUCKING GOOD
93,그녀의사생활,"they are so so so so cheesy it almost hurts. it's a cute story, it just gets a little repetitive sometimes showing the same flashback over and over again like i get it pls let's move on 
i’ve seen park jinjoo as a supporting actress in some dramas and it makes me really want to see her as the protagonist now!"
94,그녀의사생활,Wish fulfillment but any drama that has Park Min-young making out with a blindfolded Kim Jae-wook is a cinematic masterpiece.
95,그녀의사생활,Renació el romance.
96,그녀의사생활,eu amo ela
97,그녀의사생활,RENACIÓ LA HETEROSEXUALIDAD
98,그녀의사생활,"all i know is i need ryan gold 

THE WAY THIS DRAMA HAD ME SCREAMING KICKING MY FEET AND CRYING I LOVED IT SM AND THE SEXUAL TENSION WAS INSANE WHEN HE UNBUTTON HIS SHIRT YOOOOO I HAD TO PAUSE BC 😣"
99,그녀의사생활,so fkin underrated. great chemistry bw the leads. had some usual drama tropes but still rlly good and captivating. i can tell the writers and directors are cool bc they made some unexpected choices.
100,그녀의사생활,"scary what a call out the premise of this show is
my main beefs are the look of the materials for the clothes and that eun gi didn’t get a better love story, but overall this made me feel exactly what i hoped it would"
101,그녀의사생활,paulit ulit na lang role ni park min-young buti na lang nandito si one
102,그녀의사생활,Shi-An > Ryan
103,그녀의사생활,ughhhhh all the tropes i love
104,그녀의사생활,it started really well then starting ep 12 it was ?(?? confusing idk
105,그녀의사생활,Estoy empezando a creer que todos los KDramas de Park Min-Young tienen la misma historia. Aún así está bonita.
106,그녀의사생활,IMMMM WHEEZING EVERY ROMANTIC SCENE LIKE IM SCREAMING INTERNALLYYYT AAAHHAAAAAAAAAAAAAAA WHERE THAT SINDY BITCH CAME FROM U STUPID ASS GOOOOO AWAY GOOOOOOOO JUST GOOO
107,그녀의사생활,i lived through Ryan Gold the entire show you don't understand
108,그녀의사생활,a comunidade fangirl muito bem representada
109,그녀의사생활,"ryan's background made me shed tears :(( i was literally so depressed watching the last episodes because of his mother :(( it felt so familiar to me loll
+ cha si an's SMILE EXCUSE ME ?!?!?"
110,그녀의사생활,“i want to paint your happiness by your side” how badly do you want me to fucking kill myself huh. this was the best series i’ve ever watched.
111,그녀의사생활,where do I find my 'protect the social minority group' Ryan Gold
112,그녀의사생활,NÓS FANGIRLS TAMBEM TEMOS DIREITOS
113,그녀의사생활,"é uma comédia romântica extremamente boa! eu gostei tanto de assistir, sem contar a química de milhões dos dois."
114,그녀의사생활,El amor que merecemos todas las fans del kpop
115,그녀의사생활,"AAA ES TAN LINDO 💗💗 hay mucha química entre Ryan y Duk-mi y ver el desarrollo de los personajes y cómo va avanzando y se centran en su pasado es tan genial ,lo adoro 10/10."
116,그녀의사생활,"Cute and light. Friendly entertainment, elongated to 960 minutes of warmth and chatter. Everything looks exquisite; Korea itself, and of course the beautiful actors. A lot of product placement confirms Her Private Life as a certified money-maker."
117,그녀의사생활,"two things:
1) who can say no to park min young and her seemingly endless ensemble of power suits?
2) ryan gold really said gay rights and we stan him for that"
118,그녀의사생활,jae wook used to be my fling xixi
119,그녀의사생활,a personal attack! on me! good light content
120,그녀의사생활,Cuando me di cuenta que estaba sonriendo en el primer capítulo...enemies to lovers? fake dating? girlboss? madre abandónica? mejor amigo insoportable? dame mil temporadas.
121,그녀의사생활,ryan gold is my dream partner and cha si-an is harry styles if that makes sense i know it doesn’t align with what you would think
122,그녀의사생활,pogi mo ryan gold
123,그녀의사생활,i love me some silly plot
124,그녀의사생활,Ryan Gold elevando los estándares de cualquier fangirl
125,그녀의사생활,"vi de novo, chorei de novo"
126,그녀의사생활,"✨ryan gold✨
i could’ve gone without the last two episodes"
127,그녀의사생활,very entertaining
128,그녀의사생활,I was honestly skeptical going into this show because tbh kpop stans scare me a little (they still do) but this show is wonderful. It's so fun
129,그녀의사생활,another park min young projecttttt
130,그녀의사생활,"I do think Ryan Gold is one of the best male lead ever written in the history of kdramas, ugh this man ❤️"
131,그녀의사생활,The first half so much more funny than the second half but I would say it was equally entertaining. The funny parts were really good though. And Ryan did have some fire outfits when he wasn’t wearing the skinny pants
132,그녀의사생활,tirando o plot ruim de infância eu amei
133,그녀의사생활,I wish they had taken longer to get together and I wanted the celebrity to be more involved.
134,그녀의사생활,🦁🦁
135,그녀의사생활,"if my future hubby is not as supportive of my fangirl life as ryan gold, i’m out sis"
136,그녀의사생활,"Since, it was my first time watching on air drama I kept records of my feelings.
26 April, 2019
How many decades have been passed since I encountered such an amazing drama?
God I'm blessed to have watched it. I love her God. I love Sung Deok-mi (Park Min Young). I'm just like her a fan girl except I can’t meet and take photographs.
The story is very funny and the cast is perfect. But I still think that the role of Cha Shi An should be played by another actor. He looks like a child. His height seems small.
Other than that I'm okay. I've watched 4 episodes till now. It’s still airing.
4 May, 2019
The drama is way hilarious. Soundtrack is also good. The twists are so good that I just love it.
For eg in Ep 7 it was revealed that he actually kissed his finger because of the stalker. And in Ep 8 she kissed him and he also kissed but it was a dream.
HA HA HA. But because of Choi Da-In she misunderstood Ryan and reject him.
""HE WAS DUMPED EVEN BEFORE GOING OUT WITH HER.""
I'm waiting for the next episode eagerly.
Ryan Gold (Kim Jae Wook) is too hot to handle.
19 May, 2019
They are dating.
When Ryan revealed that he is ""Latte"" Deok Mi was ""Yaa... How could you?""
There first fight was adorable, also when they play go stop when he loses instead of punishing she kisses his wrist. They watch movie. Deok Mi is so understanding. Ryan saves Deok Mi from her mother. (Imao that was the most hilarious scene.)
The orphanage scene moved my heart.
After I completed watching it...
I loved everything about the drama, be it song, story, cast I love them.
The last episode was good. A clear ending.
Also, I watched the special episode which was released before.
God! They can't recognise Park Min Young when she was dressed as Shi An My Life.
Also Hyo Ji's fangirl of sweet potato.
All these things made it memorable."
137,그녀의사생활,"eu não tenho palavras pra descrever o que eu senti vendo esse drama, sério!
apesar de ter certos plots que não me agradam muito, ainda assim eles desenvolvem tudo muito bem!
eu realmente preciso citar o casal, QUE DINÂMICA!
eles são impecáveis juntos, é muita química e tensão entre os dois, além de toda a história e os diálogos entre eles serem super engraçados. 
os personagens secundários não deixam a desejar, eu me apeguei a vários inclusive, terminei esse dorama sentindo que estou deixando um grupo de amigos para trás.
o enredo é muito divertido, e mesmo que o drama carregue esse ar mais colorido, ainda consegue trazer melancolia e um peso pra as cenas necessárias, é lindo! 
deok-mi com certeza é a fã mais bem sucedida do mundo inteiro."
138,그녀의사생활,Fangirls are psychopaths.
139,그녀의사생활,"I prefered when they weren't together. There's zero chemistry between them, it made me cringe throughout the whole drama."
140,그녀의사생활,"if your love language is physical touch. you should literally watch this. 'cause it's not like any 'physical touch'. it's not just hugging and kissing at some moment. it's just like.. every time you had a chance, you go for it. even if it's just a small little touch or a peck on your hand.
okay, put aside the love language thing. this series is good. mature relationship, communication, respect. u didn't find this kind of relationship in most of cliché kdrama."
141,그녀의사생활,"•imagina que un día conoces al amor de tu vida y resulta ser que su hermanastro es tu tu artista favorito, que ofertón la neta"
142,그녀의사생활,Y'all crazy.
143,그녀의사생활,"PANGGILAN KERAS BUAT FANGIRL GARIS KERAS WKWKWKWK.
Jujur selama nonton aku menikmati banget sih. Apalagi saat itu lagi mood moodnya fangirling, jadi ngerasa relate bangettt buat beberapa halnya.
Mungkin ini bakal makin makin relate sama kalian yang sudah tidak lagi remaja atau mungkin wanita karir yang tetep ngefangirl ditengah kesibukan kamu menjalani rutinitas kehidupan seriusmu.. harus tetap stay cool depan umum x depan bias biar wibawanya tetep on point! Xixi
Selama nonton juga kita dibimbing buat paham bahwa kita kudu cari pasangan yang emang bisa nerima apa suka dan nggak sukanya kita. Jadi pasangan baik dan dewasa yang bisa memahami diri kita sepenuhnya.
Jujur aku suka banget sama chemistrynya Ryan Gold (Kim Jae Wook) dan Sung Deok Mi (Park Min Young) asliii gemes banget tolong kayak cocok banget jadi couple. Asli dahhh asli ini mah mianhae mianhae banget buat kapal psj pmy, tapi aq menumpangi kapan kjw pmy. PLIS SERASI BANGET!
KIM JAE WOOK JUGA WAW WAW WAW BERDAMAGE SEKALI HUFT..... Gakuat gantengnya nggak ketulungan. Seksi~~
Dari segi alur dan cerita juga mulus mulus ajaa ngalirrr, konfliknya pun nggak terlalu berat. Cocok buat kamu yang lagi pengen menonton tontonan ringan yang penuh kegemasan dan keuwuan duniawi. Lucu bangettt asli deh komedinya masuk sih kalau di aku."
144,그녀의사생활,her feet must hurt from being in heels for 99% of the show
145,그녀의사생활,"THE GUY FROM MY NAME IS IN IT! THE GUY FROM MY NAME IS IN IT! THE GUY FROM MY NAME IS IN IT!
and fuck me the main characters are so hot"
146,그녀의사생활,real love exists and duk-mi and ryan gold invented it!!
147,그녀의사생활,If every ally was like that homophobia really would be no more
148,그녀의사생활,actually cannot get over how ryan gold is the epitome of perfection i can’t he’s so perf
149,그녀의사생활,RYAN GOLD ENDED HOMOPHOBIA UASSSSS THIS HAD ALL THE TROPES EVER
150,그녀의사생활,cute
151,그녀의사생활,"BITCH EUN GI DESERVED BETTER GKFKGKF
they were so good together I was skipping at every Ryan/duk mi scene gjfjf, and idk why they made eun gi love her, there’s not even a love triangle bc she’s never had any feelings for him, poor baby, he was the one for her 
Ryan gold au bûcher"
152,그녀의사생활,"Esta serie me gustó mucho en especial porque me sentí identificada con la protagonista. Me gusta mucho el kpop, tengo 20 y a la vez tengo enamorado. 
A mi edad me siento un poco culpable de pasar mi tiempo viendo videos de kpop y además si se trata de personas desconocidas algunas veces pienso que si digo que me gusta podrían juzgarme, es así que me siento identificada con la protagonista cuando quiere mantener su lado fan en secreto y a trabajo por otro lado. 
Así también, no podía evitar pensar en mi enamorado cuando veía a Ryan Gold, pues me parecía muy lindo que él dejara a Deok-mi ser ella misma, puede se algo que debería ser normal, pero me parecía muy bonito que se involucrara, que hiciera todo un test de Si-an para conocer cómo era todo ese mundo, y demás. Mi enamorado también se involucró escuchando kpop y ahora le gusta mucho, y jamás me ha juzgado por mis gustos, lo cual me encanta. 
La trama me gustó, los personajes me gustaron. Ryan Gold cuando va a hacer la sesión de fotos para que ofrezcan pareja ala, re sexy, me hubiese desmayado si era ella JAJAJAJ. Además él me parecía una gran persona y un buen jefe. 
Me dio pena el amigo/hermano, Eun gi, porque se notaba que siempre había cuidado de ella y que le gustaba mucho, pero la verdad quería que quedaran más como familia. Y también me gustó que se quedara con la practicante.
La amiga de Deok Mi, también me gustó, su complicidad con ella, su relación con su hijito que era súper tierno. 
La historia del director me dio bastante pena y todavía que la mamá de ella lo abandonara aún más, que doloroso, al principio sentí eso bastante forzado, eso de haberse conocido antes, pero luego ya me pareció bien. 
Me hubiese gustado que Si An al final supiera lo gran fan que era ella de él. Nada más.
Psdt: que gran química tuvieron los actores en esta serie."
153,그녀의사생활,fofo
154,그녀의사생활,a química mds
155,그녀의사생활,i am so emotional
156,그녀의사생활,"Literally the cutest show ever, it had me giggling 😭😭 sure it’s kinda cheesy but idc!! It’s got great communication and a healthy relationship!!"
157,그녀의사생활,My comfort drama
158,그녀의사생활,yassss so cute
159,그녀의사생활,This drama spoke to my fangirl soul on a different level
160,그녀의사생활,"Sweet romance.
Loved them"
161,그녀의사생활,she was literally just playing as his mommy
162,그녀의사생활,me as sung deokmi
163,그녀의사생활,"i remember watching this while it was still airing, literally going on kdrama.net to see if had subs and staying up and dreaming about how they will end up together! THIS WAS SUCH A SWEET KDRAMA AND THIS MADE ME FALL IN LOVE WITH RACHEL!! her acting is so good!! also the painting were all so gorgeous and i should probably rewatch this. i remember watching the last episode and crying because i didn't want it to end! i adore this kdrama with my whole heart"
164,그녀의사생활,Lumayan menceritakan kehidupan tentang seorang fansite wkwk. Cuma akhir2 nya ngebosenin… kebanyakan hal yang engga penting masuk kedalam alur
165,그녀의사생활,juro passei MAL de tanto rir e de tanto chorar park minyoung pague minha terapia
166,그녀의사생활,"Ryan gold ended homophobia. Also it has like every single trope ever; enemies to lovers, unrequited, alter ego, fake dating, etc. It was a little cringey at times I won’t lie but it was very cute"
167,그녀의사생활,I wish I could watch this again for the first time I nearly got sick because I was crying so much I can't do this
168,그녀의사생활,being a kpop fan and watching this was so funny cause of some similarities between the main character and me😭ITS SO FUNNY please half of the time i was watching this i was laughing soo much
169,그녀의사생활,"I thought this was gonna be cringeworthy, but I ended it up loving it. Just a fun romance story. Loved the mature communication between FL and ML. Hated the childhood connection in this, it made no sense."
170,그녀의사생활,"I found this drama really cute and relatable. I lost a little interest towards the end and sometimes it was slightly cringe, but overall it was really good and hilarious."
171,그녀의사생활,i loved everything about it!!! the leads are both so good and they have so much chemistry. it's def one of my favorite shows.
172,그녀의사생활,"This drama was light and sweet like cotton candy. The chemistry of the main leads was stellar. Although the story was built on many clichés, I still enjoyed it.
The thing that I loved the most in this drama was their mature relationship. They respect each other, listen and talk honestly. It's refreshing to see. Ryan was such a supportive boyfriend. I was in love when Ryan helped and respected her fangirling. So cute"
173,그녀의사생활,Do you want a show with every romance trope you can possibly think of? Then this is the show for you. Is it cheesy? Yes. It is a little bit dumb? Yes. Did I love it? Also yes. Shout out to  Ryan Gold for ending homophobia 🏳️‍🌈
174,그녀의사생활,"Was so sweet I was a lil repulsed, and that’s when you know it’s good 🤪"
175,그녀의사생활,"My expectations for relationships have once again risen. Although Deok-mi's fangirl side could have been seen as childish and immature, like other people around her always thought, Ryan loved her for her, fangirl side included. They were always honest once they started their relationship and always always communicated. They're respectful of each other's boundaries but also love and care for each other wholeheartedly. It would have been perfect if Nam Eun-gi was less pushy and a little more respectful in the beginning when he realized his feelings and got jealous, but the apology was nice. I also wish the whole childhood thing was thrown out, because it made all these relationships center around Ryan."
176,그녀의사생활,i love simps
177,그녀의사생활,2 days binge. No regrets.
178,그녀의사생활,idk how to tell y’all this but jung wonchang is the plot
179,그녀의사생활,"I was very intrigued when I first read that this show is about a fangirl. I’m a fangirl too you know haha. But turns out she’s just on another level of fangirl, I couldn’t relate 😮‍💨. Art curator job is a great job 👍🏻🖼"
180,그녀의사생활,It’s sweet at times but overall really boring.
181,그녀의사생활,how come this didn't come out of my imagination?
182,그녀의사생활,"chorei tanto nos últimos eps, um dos melhores casais de dorama sim"
183,그녀의사생활,This show is literally so embarrassing but not at the same time. I would do a lot of things for Kim Jae Wook though.
184,그녀의사생활,"me, pretending like i haven’t seen this trope in every other kdrama: ”😨 oh my god they were childhood friends”"
185,그녀의사생활,dónde está mi Ryan Gold?
186,그녀의사생활,Peak office romance drama.
187,그녀의사생활,Ryan Gold
188,그녀의사생활,"My second K-drama of the year, and I felt everything I love about watching these kinds of shows. The similarities between the characters and I, the secondhand embarrassment, the tears, the anger, the frustration, and then the eventual happiness from its conclusion. This is everything I yearn for."
189,그녀의사생활,this was a fun lil drama. i remember enjoying this! more on the comedy side yas
190,그녀의사생활,"Yo sé que el apoyo y la aceptación es lo mínimo que podemos pedir en una relación, pero parece que mucha gente aún no lo sabe.
Es por eso que es muy bonito y refrescante verlo tan normalizado en un kdrama."
191,그녀의사생활,"Es el kdrama perfecto para cuando quieres ver algo lindo y que te llene de amor. La historia puede ser muy simple, pero la madurez emocional de los personajes es hermosa."
192,그녀의사생활,asksksk the way she's a total fangirl!! also women in pantsuits *chef's kiss*
193,그녀의사생활,"Okaaaay, this kdrama really surprise me. I thought that enjoyed it but not with an interesting trama, and I was wrong. The trama is really structured, but on the final, some caps are no needed. I recommend if you want to watch something funny with a kpoper character related to the art context."
194,그녀의사생활,"the first half was super adorable and made me feel like a repressed 19th century school girl that only found joy in gossiping about a forbidden love of her neighbours or sth like that. however, the second half was a bit of a drag, albeit the main couple was unbelievably cute.
still, a very adroable and wholesome show!"
195,그녀의사생활,"What i liked about this kdrama is that the story was somewhat original and the plot thickens as you progressively move on to the next episode. 
The kiss scenes were really good i think its one of the few kdramas where i felt they loved each other and it wasn’t just two strangers getting paid to do this; i also liked the whole relationship between the characters and how we got to see them fall in love organically. 
From the main characters and their story to the supporting characters and their story, everything felt well written and put into thought, i think i would just like if better if the main event didn’t happen way back into the last episodes since it looked kinda rushed, maybe if they have introduced ryan’s mom a little bit earlier it would have made a slight difference but apart from that it was a great and fun show to watch on the weekend."
196,그녀의사생활,when he literally fought a judo olympic champion or almost broke his hand as a distraction to protect her from having to come out because he (wrongfully) assumed she was gay...... the lesbian ally we need and deserve <3
197,그녀의사생활,todos os prota deveriam ser como o ryan gold
198,그녀의사생활,"Watch this if you want…
😭 Kim Jae-wook’s cheekbones to cut you up like butter and spread you on some bread. 
😭a healthy, loving relationship where both leads fall in love with each other at the same time and STAY THAT WAY
😭to see two grown up fan girl besties accurately depict fangirling and ppl giving them free shit cuz they think they’re lesbians
😭to fall also in love with Anh Bo-hyun of Itaewon class infamy. Srsly home boy tears it up as a greasy monster in one drama and then kills you with kindness in this one? Now that is playing dirty. 
😭 Multiple fake out kisses, followed by infinitely more real ones??? I’ll have what they’re having which is what I’m having.
😭cutest child actor to make you want kids yesterday. 
Would’ve been perfect save for unnecessary childhood drama stuff for B plot mehness BUT I still teared up cuz the rest of this sap is my shit."
199,그녀의사생활,eu sou a pessoa mais triste desse planeta meu deusssss
200,그녀의사생활,graças a deus
201,그녀의사생활,had some good laughs!!
202,그녀의사생활,very fluff very cute
203,그녀의사생활,i love the main leads but SO cliche. i hate how they dropped the fansite masternim things like it didn't matter
204,그녀의사생활,JUNG JE-WON SUPREMACY.
205,그녀의사생활,"Komik ve eğlenceli,ayrılan ve yeniden buluşan hayatlar"
206,그녀의사생활,"Me he divertido como una enana viendo este drama. Es una comedia romántica bastante sencilla, sin villanos malísimos de por medio ni la tensión incesante de triángulos amorosos (lo de Eun Gi jamás llegó a hacerlo, la verdad). Duk Mi y Ryan Gold como pareja me han gustado muchísimo y no puedo negar que me he quedado con ganas de más, a pesar de ser esa clase de relación que, una vez que zarpa, ya no se hunde jamás. Ciertos momentos que nos regalan no dejan de rozar todo cliché ya visto antes (como lo del parque de atracciones y eso de conocerse brevemente siendo niños), pero tampoco es que resulte monótono el asunto.
También eso de poner a una curadora de arte como fan anónima de White Ocean (y en plan stalker con Shi An) me ha parecido bastante entretenido, pues gran parte de la comedia surge gracias a las situaciones de ella intentando mantener su dignidad intacta mientras se deja media vida entre los conciertos, aeropuertos y hoteles.
Este drama tiene un aire a What’s Wrong With Secretary Kim, otra comedia de Park Ming Youg que también disfruté mucho. De hecho, pienso que se le da muy bien este género. Me parece mucho más desenvuelta en ese ambiente que en dramas como Remember: War Of The Sun. Con el que tenía mis reservas era con Kim Jae Wook, porque como villano, suicida y exorcista lo hace siempre de maravilla, pero jamas le había visto en un papel como el de Ryan. Y me encantó. Tiene un carisma arrollador, a pesar de que un principio sientes que se pasa tres rayas de arrogante. Sin embargo, su evolución es palpable.
La única pega que tuve con esta serie fue el asunto del hermano de Duk Mi, ya casi en la recta final. No diré más para evitar spoiler pero siento que esa pequeña revelación del pasado no venía ni al caso. Más allá del dramatismo sin sentido tampoco es que aquello tuviera un motivo de ser.
Aun así, es una serie que recomiendo muchísimo a quienes buscan diversión así sin más; para pasar un buen rato. Personajes como Seon Joo, el pequeño Geon Woo y sobre todo la entrañable “villana” Uhm So Hye se encargarán de regalar más de una carcajada garantizada. Se los aseguro."
207,그녀의사생활,"honestly i didn't expect anything from this kdrama but i like it bc the leads are mature and their ""kilig"" moments are not cringey and awkward, they really have good chemistry!"
208,그녀의사생활,"Well, typical romcom we already know. What could I say?"
