,title,reviews
0,홈타운,Perfect idea for a cult centered drama but I think the writer got confused with how should he finish the story. He left the viewers without any explanation of many things he started (nicely) on this.
1,홈타운,"Misteri mix-tape, sekte fanatik, dan tragedi masa lalu membungkus Hometown, slow-burn thriller (sedikit horror) dgn elemen cult-nya yg tebarkan teror & kengerian di tiap episode, tapi sayang plotnya messy & mulai hilang arah di paruh akhir, membuyarkan narasi."
2,홈타운,"""الوحوش لايتركون خطاياهم أبداً في ذاكرتهم"""
3,홈타운,"Can anybody explain the ending? What's the premise of the event of 1987? How did the Guru control the consequences through a videotape and audiotape? Did he really erase his followers' memory if they asked him to? Coz His wife's dad did see the ghost of her even after clearing his memory. Lots of unanswered questions............
The series is good. Questions and suspense will keep you hooked but caution, you won't get your answers."
4,홈타운,What's up with Koreans and cults lol
5,홈타운,The Ringification of a Korean cult
6,홈타운,"- Hometown 2021 🖤
أهو أنا مبكرهش قد المسلسلات إللى بتبدأ ببداية قوية من حبكة وإخراج وأداء وكل حاجة وفي الآخر كل ده يضيع بنهاية عبيـ.طة! روحوا يا جماعة شوفوا تكاثر الأرانب وسمكة التونة العنيدة على قناة ناشيونال جيوغرافيك أحسن من نهاية المسلسل ده.


الدراما غامضة سوداوية ومثيرة في نفس الوقت وجزء أساسي من القصة كان عن الطوائف الدينية أو الماسـ.ونية بمعنى أصح، المسلسل بيحكي عن كشف حقيقة شريط تسجيل يحتوي على عمليات قتـ.ل متسلسلة غامضة وأصوات مجهولة الهوية في مدينة صغيرة."
7,홈타운,"Premis awal yang diberikan pada series ini cukup menarik. At least sampai episode empat bumbu horor, crime, mystery, thriller terpadu menjadi satu dan memberikan storytelling yang bikin penonton penasaran. Akan tetapi setelah berjalan episode lima ke atas, cerita seakan mulai mengawang. Banyak hal di luar nalar dan unpredictable yang terjadi, serta cukup mindblown bagi saya. Namun anehnya dalam konteks cerita masih cukup masuk akal karena saling berkaitan dan menjelaskan apa yang terjadi sebelumnya. Jujur saja, menonton ini harus siap mental, karena bakal capek dan gregetan dengan ceritanya. Apabila kalian pernah mengikut drakor Save Me, mungkin vibesnya akan mirip seperti itu.
Salah satu daya tarik pada series ini adalah villain utamanya yang diperankan oleh Tae-goo Eom. Ia berhasil memainkan karakter villain yang creepy dan misterius. Setiap dialog yang diucapkan seakan memiliki power tersendiri yang dapat membuat lawan bicaranya tunduk padanya. Villain ini mengingatkan saya dengan tokoh villain utama dari manga karya Urasawa Naoki, yaitu 21 Century Boys dan Monster. Ada beberapa hal kemiripan antara villain di dua manga tersebut dengan villain di series ini."
8,홈타운,awal keliatan meyakinkan.. makin kebelakang makin ga tau arahnya kemana
9,홈타운,Dropped.
10,홈타운,ตอนแรกนึกว่าเป็นแนวbeyound evil แต่ไม่ใช่เลยเล่าเรื่องได้งงมาก ตัดไปตัดมาแบบสุด ย้อนนู่นย้อนนี่แบบแกเข้าใจคนเดียวมั้ย ดูจบเพราะอยากรู้ว่าสุดท้ายจะเฉลยยังไง ได้มาแค่สะกดจิต ภาพหลอน ลบความจำ ลัทธิตั่ง แบบมันเว่อเกินอะไม่อิน เซงง
11,홈타운,rada menyayangkan series ini. dibintangi aktor2 hebat dan premise awal juga oke tentang cult dan tragedi. setiap episode emang makin terus dibuat penasaran walaupun slow-pacing banget tapi sayang plotnya rada maju mundur berantakan jadinya kurang begitu menarik 😔😔
12,홈타운,"why this series turn from a scary, dark plot into bittersweet, heart-wretched kinda feels???? for the last episodes, i found it weird to cry my heart feel aches many times. i sure do have a thing with cult kinda stories with tragic background"
