,title,reviews
0,호텔델루나,"Okay IU take these 5 stars, I’m too sad right now. Those final episodes were brutal."
1,호텔델루나,currently blasting IU's 'Jam Jam' in an attempt to pretend her performance here didn't emotionally ruin me
2,호텔델루나,"another absolutely incredible kdrama. the acting was fantastic as usual, and it was so unlike the other dramas i’ve watched so far. iu is an exceptional actress and i can’t wait to watch her in more things, and i have fallen in love with yeo jin-goo (who else is surprised). if you’re looking for a new kdrama to watch, look no further! i highly recommend this one."
3,호텔델루나,i want every single one of manwols outfits
4,호텔델루나,no because this BROKE ME
5,호텔델루나,god is a woman and her name is jang man-wol
6,호텔델루나,i am going to rob man wol’s wardrobe thank you very much
7,호텔델루나,"although i think the overall plot of Hotel Del Luna is rebellious and rather perplexing, feels familiar as it kinda reminds me of Goblin's (k-drama as well); and some things just didn't make any sense, its breathtakingly stunning cinematography, exquisite costume designs, outstanding performances by actors (IU bad-ass bitch, i'm looking at you), and most especially the OST, are all inarguably irresistible. also, God! i can clearly remember how much i cried over the last 4 episodes; i really didn't see them coming."
8,호텔델루나,i just want to talk about how absolutely fucking beautiful IU is in this. i remember watching the first episode and taking a screenshot every second because she was so beautiful omgggg
9,호텔델루나,the osts >
10,호텔델루나,i wanna marry iu
11,호텔델루나,"Exquisite cinematography, excellent osts, quite...let down storyline a bit. Nevermind, i'm staying for IU and Lee Dohyun and thats what makes me going :))"
12,호텔델루나,k wording myself so i can live with iu in a hotel for eternity.
13,호텔델루나,The OST is GOATED. It takes me two months to calm down whenever I hear Taeyeon’s “All About You.” She changed lives with that one.
14,호텔델루나,"nothing else I've ever seen or experienced in this life has made me cry harder than the last 4 episodes of this drama... i swear it was literally me fucking bawling from 10PM-6AM straight, it took me 8 hours to watch those last 4 episodes because I couldn't breathe from crying too much, I thought i was going to die for real. Even just recalling that final episode now makes me tear up automatically, I fucking hate it. Has its flaws in the middle, but it's one of those rare cases where it sweeps up all the mess so well you just have to ignore it.
AND STILL THE BEST KDRAMA OST EVER. No other OST has Red Velvet, Taeyeon, Chung Ha, Gummy, BEN, 10cm, Punch (2 fucking songs??), and an unreleased IU song that's so goddamn heartbreaking it could probably end the world"
15,호텔델루나,Koo Chan-sung deserves the good samaritan award I think.
16,호텔델루나,"korean 🇰🇷
there is sooo much to love about this! stunning cinematography, amazing wardrobe, the most superior osts of all time (every single one of them wth!!), and the whole cast ensemble is just so lovable!!
as a chungmyung supporter for the whole series, my heart broke so much for him,, he will always be such a special person to me 😢 also the series that really kickstarted my whole love for lee dohyun! 💖"
17,호텔델루나,"Ho iniziato sto drama con aspettative sotto lo zero, poi è bastata una mezza citazione a Kairo per convincermi ad andare avanti e sono stato pienamente ripagato. Ghost-story di grande livello, con una storia d'amore intensisissima che mi ha fatto piangere più di una volta, protagonisti molto credibili a partire dalla star IU che oltre a essere una brava cantante è anche una brava attrice, temi attuali trattati con la giusta profondità e una trama che oscilla fra fantasy, romance e horror con picchi drammatici notevoli che ti tiene sul pezzo fino all'ultimo episodio nonostante qualche momento morto. Gli effetti speciali sono quello che sono, idem per il resto del comparto tecnico, ma quando in una serie (al più se coreana) c'è una scrittura di storia e personaggi solida e degli interpreti validi il resto può passare in secondo piano.
Che dire, spesso si deve andare oltre le apparenze e seguire i consigli. Davvero consigliata!"
18,호텔델루나,one of those logs where i’m here to say i’ll definitely review it another day
19,호텔델루나,Acting was actually top notch and the plot made sense. IU really showed why she's the nation's treasure
20,호텔델루나,all eyes on my queen iu only!
21,호텔델루나,Iu is so pretty and I’m about to order 9 shades of lip tint
22,호텔델루나,cries in firefly :''( i'm gonna get you out of there lee do hyun!! i'm gonna get you out of there!!
23,호텔델루나,iu im sorry and i love u and u were a bad bitch in this BUT this was bad bestie 😭 idk if ive just become an old sad bitch but there was absolutely NAUR chemistry between any of the pairings (granted i kind of speedran this i might have missed things...); the most chemistry was between iu and a damn bug like ?? im obviously biased but they should have just based this off the plot thats centered in the past lmao literally every scene with lee dohyun felt like a reward after bearing thru so many boring scenes. and its so unnecessarily long??? like 16 eps??? gworl... with little things that pissed me awf like the subplot with the serial killer ? 😭 anyway taeyeon ate in the OST gonna stare at my ceiling listening to 그대라는 시 fr
24,호텔델루나,"I've finally finished watching Hotel Del Luna and I can honestly say that it's one of my new favorite tv shows. The cinematography, costumes, and soundtrack are outstanding, the effects are really cool, and I was very invested in all of the characters. I loved that it could do so much so well from fantasy, historical, horror, and romance. Plus, it has a fun sense of humor as well. I totally cackled at that reference to The Guest - that was a good one! I also might have cried my eyes out a few times in the last few episodes. It ended really well, but I wouldn't mind revisiting that world again in the future. A spinoff after that ending or maybe even some tie-in novels? I even heard of a possibility of an American remake - and for once I'm not totally against it. There are so many possibilities."
25,호텔델루나,"I had such high hopes for this and it was kinda meh for me, i didn't really felt for the characters as much as i wanted. I cared way too much about her past, i was rooting for lee do-hyun's character and i think that's why i couldn't enjoy as much as i wanted because i was waiting for the second storyline alot more. IU is gorgeous and her character was such an icon tho."
26,호텔델루나,tvn can keep giving me stories about grumpy immortal beings doing penance for the wrong they've done in their past lives while waiting for the love of their life and I'll eat it right up
27,호텔델루나,IU is an idol! I just love her.
28,호텔델루나,"it's so entertaining i love how lee jieun portrayed such an intense, empowering and emotional character. jang manwol stole the show."
29,호텔델루나,The plot was interesting and I really liked IU's acting and outfits in this drama. I just wished she would've ended up with Chung-myung instead of Chansung. I wasn't really a big fan of the main couple's chemistry.
30,호텔델루나,"1) I love IU
2) Korean contemporary fantasy is really fun
3) IU's outfits! the sets! the extravagance!"
31,호텔델루나,"I LOVE THIS. phenomenal performance from iu as jang manwol. i just love everything about this story, especially on how it blends horror, romance, comedy and melo so perfectly."
32,호텔델루나,iu literally prettiest person alive i believe
33,호텔델루나,"As someone who’s first choice is not romance but more so thrillers, action, mystery ect (I still do love romance) This show is definitely a favourite, a combined tearjerker, fantasy,comedy, mystery with the right amount of romance."
34,호텔델루나,"Jang Man-wol, you’re my cup of tea"
35,호텔델루나,jmw noooo don't die ur too sexy 😓
36,호텔델루나,i just wanted to see lee do hyun but i kept getting disappointed
37,호텔델루나,he stayed......as a butterfly.......waiting for her.......all these years.......and she still chose the........harvard conman
38,호텔델루나,yeo jin goofy
39,호텔델루나,it’s been five minutes since i finished this and i’m still kinda sobbing to the ost this is all chung myung’s fault
40,호텔델루나,🥰🥰🥰🥰🥰🥰🥰🥰🥰🥰🥰🥰🥰🥰🥰🥰🥰🥰🥰🥰🥰🥰🥰🥰🥰🥰🥰🥰🥰🥰🥰🥰🥰🥰🥰🥰🥰🥰🥰🥰🥰🥰🥰🥰🥰🥰🥰🥰🥰🥰🥰🥰🥰IU🥰🥰🥰🥰🥰🥰🥰🥰🥰🥰🥰🥰🥰🥰🥰🥰🥰🥰🥰🥰🥰🥰🥰🥰🥰🥰🥰
41,호텔델루나,"i couldn't help but keep comparing hotel del luna to goblin due to their similarity in plot. while i would rate goblin higher because it got me hooked right from the start and took me faster to finish it, i never knew that another drama finale would hurt me more than goblin did. so many things happened in this final episode that i can't even count how many times i cried anymore. great cast, costume design, and ost. the writers and directors know how to set the mood of a certain scene properly, especially the humorous ones without making the audience feel cringe."
42,호텔델루나,"I’m broken and want to stay in their world forever. Take my whole heart. And whoever was responsible for IU’s wardrobe, come take your forehead kiss. 😭😚"
43,호텔델루나,"this entire show was amazing, the acting, ghosts, storytelling. I cried like a baby several times during the last couple episodes. 15/10, my zeroest choice for a rewatch always"
44,호텔델루나,interesting plot (lee dohyun)
45,호텔델루나,It’s exactly my cup of tea
46,호텔델루나,piss me awf cuz i went into this sooooo excited cuz of all d good things ive heard abt this show only to drop it at ep 12… the plotline is sooo cool but it rlly wasnt well executed :/ also theres so much unnecessary like slowmo corny shit most kdramas do and it drives me insane… trying to finish each episode was an inner battle cuz i was so bored i jus wanted dat shit to end.. on a more positive note; whoeva styled iu in dis show needs 2 get a raise cuz all of it was 👩🏻‍🍳👌🏼👌🏼
47,호텔델루나,Very depressing in a good way
48,호텔델루나,"brb gonna go die so i can get into the hotel and steal man-wol’s wardrobe 

side note i didnt even realise there were kdramas on letterboxd til like last week so i’m gonna start logging them here now lol"
49,호텔델루나,I can’t believe I finally finished this drama because I saw a TikTok of Yeo Jin-Goo asleep in IU’s arms even after they called cut.
50,호텔델루나,Probably one of my favorite dramas altogether loved the concept and each of the mini arcs involving the ghosts. IU was charming throughout and i loved the romantic chemistry between her and Yeo Jin-goo. Each of the hotel staff’s back story really got to me. Overall a really well done drama all of the cgi really worked for it and the sets were amazing.
51,호텔델루나,EXTREMELY beautiful cinematography and soundtrack. love iu in this.
52,호텔델루나,"i wouldn't have it any other way
stories of waiting,
dreadful yet filled with bliss
and stories of letting go.
all i wish is that i could watch it again for the first time
but maybe in another lifetime."
53,호텔델루나,"Ide ceritanya sukaaaaaa bangeeeeeet 💙💙💙💙
Tapi sedih banget pas tau ada orang yang dia cinta, jadi arwah dan jadi tamu di Hotel Del Luna tapi gak diketahui keberadaannya, ternyata jadi kunang-kunang selama ini untuk nemenin orang yang dia cinta biar gak kesepian hidup bertahun-tahun, bikin mewek gak sih? Mewek bangeeeeet kaaaaan 😭💔😭💔😭💔😭💔
Jujur suka banget sama design hotel, kostum-kostum yang dipakai sama semua talent, juaraaa 💙💙💙💙
Oh iyaaa sukaaa juga sama ceritanya, gak monoton. Tiap episode aja aja cerita baru tentang tamu hotel, oh iya tamu hotel ini arwah alias hantu 👻👻👻👻
Paling seru tamu hantu yang adegan hantu ingin menikah, yang pernikahan arwah, benang merahnya itu loh panjang banget. Rada bertanya-tanya gimana pas produksinya.
Semoga ada season 2 nya, soalnya ada Kim Soo-hyun kan lagi turun tangga di Hotel Del Luna ♥️♥️♥️♥️"
54,호텔델루나,JK- you know iu ?
55,호텔델루나,the kdrama that got me into kdrama + perfect ost
56,호텔델루나,i was too late in appreciating yeo jin goo
57,호텔델루나,"bu final şaka mı abi diziye hakaret gibi bi
final"
58,호텔델루나,chorei mto
59,호텔델루나,"Hotel Del Luna isn’t just a show, it’s a cultural reset, it’s the oxygen you breathe, it’s a lifestyle, reason to breathe, escape from this cruel world, it’s art, the first gift you open on Christmas, a hug from a loved one, everything you’ve ever wanted"
60,호텔델루나,I WANNA HAVE JANG MAN WOL'S CLOSET
61,호텔델루나,Two stars; and that's only because IU is so beautiful and talented
62,호텔델루나,"Unfortunately I got so emotionally attached that I didn’t watch the last episode :) 
IU could murder me and I’d thank her
Manager boy is very nice 
The adventure was GREAT"
63,호텔델루나,"my mom and i have always loved watching spanish telenovelas so we were like “hey korean dramas seem like they would be similar to telenovelas, maybe we would like them” and now here we are three korean dramas in and boy oh boy we are hooked
jang man wol has me by the mf throat"
64,호텔델루나,i want this mfs whole ass wardrobe bro </3
65,호텔델루나,"I was going to rant about the ending and the overall quality of the show, but DAMN Kim Soo Hyun shows up at the very end looking like that I just can’t complain"
66,호텔델루나,emily in paris wishes she had manweol's wardrobe
67,호텔델루나,"a lot of kdramas ive seen do those montages at the end with corny emotional music and stills of the scene that literally just played beforehand and this is the only one i've seen that i think actually resonates and works often enough that i dont want to skip to the next episode.
never been into kpop really but IU makes me want to dip my feet in a bit tbh"
68,호텔델루나,0 STARS BORING BORING BORING
69,호텔델루나,oh my god this was so good the characterization the world building just everything is mwah
70,호텔델루나,"two of these stars are for IU only. Amazing actress. It was okay, but Chan-sung’s character was a tad boring tbh… their chemistry is kinda weird too. It felt sloooowwwww as hell, could’ve had shorter episodes. I have a deep love for existential films/programs but I struggled to finish this, ngl — I just couldn’t connect well with the story. Loved the side characters’ stories, tho! 
also the FASHION"
71,호텔델루나,18 aug 2021 to 30 nov 2021
72,호텔델루나,watching this bc i have a crush on iu
73,호텔델루나,Why am I so emotional
74,호텔델루나,"I know everybody loves this, but I just couldn't finish it. Boring ghost stories, zero chemistry between leads. The only good thing in this was IU and the way she looked."
75,호텔델루나,"decent , the end is so fuckin slow though from like epsiode 12 i watched 12 13 then half of 14 and literally just skipped to the end 16 bc by that point u know whats gonna happen it was tedious and i didnt wanna watch it but like the rest of it was ok and a lot of funny moments"
76,호텔델루나,jieun eu tentei assistir por vc mas achei meio chatinho e dropei desculpa amr.... mas a produção é mto boa os efeitos visuais cinematografia perfeitas e a jang manwol é a maior fodona desse planeta
77,호텔델루나,"Perfect drama for spooky season….lots of crying yes, that is expected, but spooky vibes on the side nevertheless."
78,호텔델루나,"unpopular opinion : their chemistry is kinda weird
thank god the actors acting is so good"
79,호텔델루나,a rollercoaster of emotions for sure *insert joker gif* i feel like a deranged person
80,호텔델루나,hotel blue moon when
81,호텔델루나,honestly the storyline of this is just too beautiful. many parts left open ended but i feel like it was intended to be that way and left to the imagination and i’m kinda glad. the last few episodes i had the biggest lump in my throat. beautiful cinematography and the chemistry between the leads is so cute :’)
82,호텔델루나,16 hours of yearning
83,호텔델루나,"korean contemporary fantasy is now what i live for

also i hate goodbyes so the last episode absolutely wrecked me"
84,호텔델루나,"tba
someone pls tell me we're getting a Hotel Blue Moon series, right? RIGHT?
started: 6/16/21 (but I wasn't really in the mood for it, so I stopped watching the 1st epi after the first 20/30 mins & then picked up from where I left off 2 months later & binged the whole thing in a manner of days)
binge: 8/17 - 8/21"
85,호텔델루나,"great cast chemistry + stunning cinematography. this show was just so pretty and enjoyable to watch. at times bittersweet too. what really grabbed my heart first was manwol & chungmyung’s story, but i eventually grew to love them all."
86,호텔델루나,"fuck whoever decided not to give me iu’s outfits after they finished filming the show, i literally loved everything she was wearing that at some point i forgot how good the story and cinematography was"
87,호텔델루나,"for what it lacks in dialogue and pacing, it makes up for in everything else. hotel del luna is a breath of fresh air amongst the common kdrama. it has excellent stories to tell, with great characters, cinematography, and costuming. it also has some wonderful payoff, and although scenes and information take way too long to divulge, the multi-episode story and character arcs are a treat. everything resolves and doesn’t end meaninglessly!
you can tell this show had women at the helm, and it’s delightful. not perfect, but certainly fresh and new."
88,호텔델루나,🥺
89,호텔델루나,"I love this show and the only reason it didn't get five stars was because I've worked retail and I would hate having her as my boss so, so much. The star I took off is out of solidarity. In every other regard? I love it"
90,호텔델루나,"No because this was so good. the way the last episode had me sobbing
The chemistry between Man Wol and Chan-seong was everything. It was such a beautiful and fun story. I already want to watch it again. 
But why’d they have to do Sanchez like that :/"
91,호텔델루나,cinematography music acting 1000/10 but yeo jingoo was underutilized and i wish his character had more purpose
92,호텔델루나,"IU arruinou minha vida nessa série. Linda e muito engraçada. A atriz perfeita que tanto me fez chorar, nessa série me fez sentir coisas diferentes. Uma série muito bem feita, com visual brilhante. O legal é que também trata de questões espirituais e na série Deus é 3 mulheres. Que ideia maravilhosa. Conta histórias dos personagens principais mas também de vários personagens às margens da narrativa principal. Uma coisa meio greys anatomy em que as histórias dos pacientes ajudam a formar a história principal."
93,호텔델루나,another late review because I didn’t realise it was on here. maybe i just watched for iu but i love it so much <3 I was nice to see mina act since this was the first drama i’ve watched with her in.
94,호텔델루나,jieun also kissed someone here but whatever this was so cute and funny and i just love it so much:( also please jieun yell in my face !!!!
95,호텔델루나,manwol’s fashion looks are top tier
96,호텔델루나,"I’m currently rewatching this. I will rate it when I’m officially done with this kdrama series! 
First episode: At first I thought it was going to be boring so I stopped. Now months later I decided to rewatch but I continued to watch since it seemed very interesting to me. 
Second episode: I did not realize how long these episodes really are but it’s intense.
Third episode: 1 HOUR LONG AND SOMETHING MINUTES EACH EPISODE???
Fourth episode: There’s 16 episodes.. and each are 1 hour and something mins
5 episode : currently i’m very invested in this ghost hotel stuff"
97,호텔델루나,I get why people think this drama is the best ever but…
98,호텔델루나,need them back
99,호텔델루나,Broke me to pieces goddamn
100,호텔델루나,"jang man wol our fashion icon, love u too bae hae sun sunbae"
101,호텔델루나,When I tell you I cried like a bitch-
102,호텔델루나,"amo los ost, amo a manwol y su ropa etc etc cuando la vi se me hacia medio pesada pero disfrutable al fin y al cabo. Que grande iu"
103,호텔델루나,"I'm pretty sure this is the one drama that really effected me after finishing it. The ending was spectacular, and I cried non-stop. When I went to go rant to somebody else about it I cried again just thinking about it. I usually don't get this worked up about a show.
The character development between the two main characters is really smooth and natural, not forced at all. Even the more side characters development is amazing. The actors had great chemistry and I got attached to every single one of them."
104,호텔델루나,IU's costume designer deserves a raise
105,호텔델루나,"two staring scenes between man-wol and yeon-u made me cry so much ; n ; something about unconditional love maybe lol i keep remembering the ""he was the one who loved me the most"" line ; o ;
wish the ending was man-wol and chan-sung meeting again for the first time in their future lives though!"
106,호텔델루나,"Comedy is good 😂👌
Romance and chemistry between them 🖤"
107,호텔델루나,han pasado tres años y el soundtrack todavía me hace llorar
108,호텔델루나,if i can see iu maybe dying isnt so bad 🥱
109,호텔델루나,IS ALL OF KOREA SPONSORED BY SAMSUNG
110,호텔델루나,THERAPY. PAY MY FUCKING THERAPY RIGHT NOW. PLEASE I BEG YOU. ILL NEVER RECOVER IN ANY SINGLE WAY
111,호텔델루나,personally for me it was boring but the end made me cry
112,호텔델루나,depressão
113,호텔델루나,"all eyes for IU. poor dohyun whyd he became just a firefly i wanna see them more 😭 anw, it was good, bawled my eyes out with the last eps. their acting is pretty good too. the leads are cute especially that scene where they ate rice cake (or smn) and iu's genuine laugh, heart eyes. wanna rob her wardrobe so bad she always eat! osts are too good. overall, it was really a great drama totally worth it to watch."
114,호텔델루나,di ko natapos naspoil ako pero bet ko ang plot nakakaputa lang mga jumpscares
115,호텔델루나,they could have cut it to at least eight episodes or something. very redundant. HOWEVER i did like the dynamic between the two main characters. i think i shed some tears for some of the ghost’s stories too
116,호텔델루나,Fav k-drama so far
117,호텔델루나,"one of the best dramas I've ever seen. I got it recommended as a ""cute worker falls in love with boss story"" but god was I in for a ride. I love all the stories of the ghosts and the development of Man-wol. one of my favorite fantasy dramas now !"
118,호텔델루나,everything about this is <3 ily iu
119,호텔델루나,"iu is a queen teehee. it's been years since i watched this but manwol is just stuck in my head since !! can't remember when did i watch it but i remember the feeling really well. how i bawled my eyes out when they decided to d-word sanchez's girlfriend like how tf ... i thought the series will be predictable but surprisingly, i got shocked by its twists."
120,호텔델루나,Mto bom
121,호텔델루나,sanchez’s girlfriend dying was the worst thing that’s ever happened to me
122,호텔델루나,Why would you make me cry like this?
123,호텔델루나,crying.
124,호텔델루나,"Loved it, the first k-drama I’ve watched with IU in."
125,호텔델루나,I watched it because of IU but its just not it
126,호텔델루나,"Hermosa su fotografia, preparense para llorar."
127,호텔델루나,creo que nunca me voy a reponer del último capítulo estoy angustiadisima
128,호텔델루나,"Tiene un buen potencial pero vagamente utilizado, el director de la serie pone tantos efectos de video y sonido que se pierde el verdadero propósito de la historia. Tienen buenísimos actores, una historia interesante y una buena motivación, pero los arruinaron todo desde dirección filmográfica a romance forzado."
129,호텔델루나,i don’t think I’ve ever cried the way episode 4 made me with that fucking old man and his dog
130,호텔델루나,I don't think I will ever be able to emotionally move on from this show
131,호텔델루나,"One of the first few kdramas I watch and IU did not disappoint. The plot was really interesting and IU bodied her role so well. It's not as intense as other kdramas, but I liked the slow magical vibe of it."
132,호텔델루나,after 2 years i am still in therapy
133,호텔델루나,que depressão
134,호텔델루나,Lost a star for making me shed tears all the way through.
135,호텔델루나,crying sobbing throwing up shitting bricks
136,호텔델루나,i literally finished this show being like “oh that was good” and then i found out that the main character like died or something and i never even noticed
137,호텔델루나,"드라마도 등록이 되다니;
어쨌든 이지은의 패션쇼"
138,호텔델루나,"2nd or 3rd favorite also
iu!!!!!!!!! almost cried but didn't lolz"
139,호텔델루나,"ESPETACULAR!!!
nesse dorama aprendi como a Jang man wol fica bem em qualquer estilo de roupa. a atuação da iu é muito boa, é um dorama divertido se vc curte programações q brincam com misticismo. só ficarei imaginando como seria se realmente lançassem o ""hotel blue moon"""
140,호텔델루나,iu gets a whole star to herself she deserves it<333
141,호텔델루나,🤏🏻 #iykyk
142,호텔델루나,I hate that they all have sad story. But afterlife is always amaze me.
143,호텔델루나,Lee Ji-eun you will ALWAYS be famous
144,호텔델루나,"I liked the plot, the music and the acting but the chemistry between the main leads wasn't it"
145,호텔델루나,Nice start!
146,호텔델루나,"one of the most amazing historical drama I've watched!! IU really DESTINED TO HAVE A ROLE IN HISTORICAL DRAMA. the plot twist is great, as is the character of IU, who has been waiting for thousands of years, and the character of Do Hyun, who remains by IU's side despite the fact that she is unaware of his presence."
147,호텔델루나,"best kdrama ever, ost nya juga bagus bagus, karakter iu disini keren bgt si asli"
148,호텔델루나,"Someone has been cutting onions in my room for the last episodes...
What a beautiful drama, the way that it touches grief and the act of letting go it's just delightful."
149,호텔델루나,"i am now an emotional wreck, thank you, iu."
150,호텔델루나,"it was rlly sweet :[
i wish they had more time together tbh
i’m glad we got to see the staff’s backstories, i love them sm :[ they all deserved sm better
the ending was sad yet sweet
BUT YALL THE AFTER CREDS ??? WHAT WAS KIM SOOHYUN DOING OMG HE WAS SO HOT WHATTT???!"
151,호텔델루나,"I'm finding out that my ""brand"" of romance K-dramas are the ones with fantasy elements. I loved this one, the chemistry between the two leads was so intense, even with the lack of physical touch. Probably one of the most in love couples I've seen in K dramas. A popular thing I've noticed in K dramas is the flashbacks to historical times, especially when a character is not human and has lived for a long time. I usually don't care about those parts as much as the present, but with this one, I loved it. I could watch a whole show just based on the historical parts of this one. I liked how it had creepy moments as well. I kinda hoped for some more romance scenes involving physical touch, kissing... I know K dramas hold back a bit on those, but this one really held back lol. But that's okay! Romance, history, low-intensity fantasy, horror, all wrapped into this beautiful show. It's not a 5 star, I though the male lead was a bit boring on his own, but she made him more interesting for sure. He wasn't amazing on his own, but they were great together."
152,호텔델루나,so lovely that i barely even cared that the male lead was unspeakably boring 🥲
153,호텔델루나,"they just don't make kdramas like this anymore... goblin, hotel del luna, just between lovers, the smile has left your eyes... man"
154,호텔델루나,el primer capítulo meh.. pero dsps vale la pena
155,호텔델루나,I rarely enjoy kdramas but I loved this one and can go back rewatch it.
156,호텔델루나,hotel del luna trás a história de pendências pós morte e como é relatado de forma leve e descontraída acaba se tornando um dorama extremamente gostoso de assistir. é lindo ver a evolução do personagem principal a jang manwol e como valeu a pena ela ter esperado por mais de mil anos para desencarnar a espera de quem a feriu muito. o drama fala muito sobre perdão e aceitação e como as coisas acontecem no tempo certo. é um dorama lindo!!
157,호텔델루나,"it isn’t an easy drama to watch, it took me a while to finish it, but it is totally worth of all it’s hype. i cried so much in the ending that i has to take a few moments to breathe. 
yeonwoo really did something with me bc in the last two episodes everytime he was mentioned or showed up i started crying like crazy.
love them miss them!"
158,호텔델루나,i feel like they could’ve done more with this idk girl
159,호텔델루나,her outfits alone T_T the only drama where I rewatch as a feminist and still legit wanted the MCs relationship
160,호텔델루나,One star for every wet dream i've had about Lee Tae-Seon
161,호텔델루나,jang manwol supremacy!!
162,호텔델루나,I wanna live in Manwol's closet
163,호텔델루나,2 stars lang kasi tinapos ng ate ko nang wala ako +1 para kay IU
164,호텔델루나,The amount of investment I put into the teens love story even though I knew it would never work 🥲🥺
165,호텔델루나,NO TENGO PALABRAS. Jieun se merece esas 5/5
166,호텔델루나,"I CRIED I SOBBED
iu my love"
167,호텔델루나,Literalmente o drama mais lindo que eu já vi. Me emocionei  em quase todos os capítulos. Só de ouvir o ost me faz chorar. Tudo nesse drama toca no meu coração.
168,호텔델루나,JANG MAN WOL KAILANGAN MO BA NG ASO
169,호텔델루나,"welp, even my dad likes it
he is 50"
170,호텔델루나,i think i liked this a bit too much (the music is still good idc)
171,호텔델루나,a série é ótima e a IU conseguiu deixar melhor ‼️
172,호텔델루나,"Lo ame, triste pero hermoso. Vale la pena verlo y atrapa desde el primer capítulo, me gusto que profundizarán bien a los personajes y la trama es bastante entretenida"
173,호텔델루나,So far just watched the first three episodes and i am so in love
174,호텔델루나,"miss lee jieun ur serve... uve done it again... constantly raising the bar for us all n doing it flawlessly... 
on top of her never-ending visuals, iu's performance here was so versatile and entertaining to watch. i found myself relating to her character so much, and could even see myself in her at times. not only that, but watching her play a role that contrasts her image as an idol (shoutout to kang mina and p.o, my babies <3) so heavily is something that will always be memorable to me. plus her line delivery whenever she yelled will never not be fucking hilarious AJFLJSLFKSLDS
this entire cast was absolutely stacked in terms of acting and charisma all-around. the characters felt so personal in a way that had me following their respective backstories/side plots far more passionately than the main couple. what struck me even more than the rawness of dealing with their unresolved baggage as ghosts, was that i could easily see them as people i'd meet in real life or even as close loved ones. my heart still aches for the hotel's bartender who reminded me so much of my dad. it was quite easy to become emotionally attached to them all and i miss them so much. t___t one of very few pieces of media in which i hold the characters this close to my heart. 
although the fantasy aspect sometimes had a slight tackiness to it, i think its optimism gave it charm, like a disney movie. the balance between the romance, the historical, the supernatural, and comedic timing was perfect to me and still left me in a good mood despite its darker parts. its overall atmosphere felt very welcoming and familiar, so i can definitely see this becoming a comfort series for me in the future.
also 10/10 ost i will now be unable to listen to gummy's voice without crying 👍"
175,호텔델루나,I LOVE IT. made me cry a lot of times. the visuals are aesthetically pleasing. some of the ghosts are pretty scary but there's always a mind blowing story behind their scary looks.
176,호텔델루나,como que desinstala a depressão?
177,호텔델루나,I stop at episode 5 or 6 due to suddenly having nightmare of those eerie ghosts. They both look cute
178,호텔델루나,lee dohyun
179,호텔델루나,TANGINAMO TALAGA DOHYUN LAGI MO NALANG AKONG PINAPAIYAK
180,호텔델루나,</3
181,호텔델루나,Final episodes had me SOBBING
182,호텔델루나,muito bao
183,호텔델루나,CRIED AND LAUGHED AND WENT ON AN EMOTIONAL ROLLER COASTER
184,호텔델루나,jang manwol gaslighting gatekeeping and girlbossing
185,호텔델루나,the actor needs to work on facial expression
186,호텔델루나,IU's outfits slapped but the chemistry between the two main characters was a snoozefest. was carried by the side characters
187,호텔델루나,"iu ALWAYS being perfect with an impeccable acting in every way I practically didn't blink my eyes in all her scenes, I am completely in love with this woman"
188,호텔델루나,i need a wardrobe like manwol's!
189,호텔델루나,"Cheesy in the best way possible. Snarky sense of humor. Essentially a bit of everything. And a charming, versatile leas performance by IU."
190,호텔델루나,This was the first kdrama Ive watched and paved way to thousands of hours more.
191,호텔델루나,Good drama! Also rewatched this a lot. IU's acting is superb along with jin goo. Halos naluha yata ako sa bawat ep HAHAHA plus all of the OST was amazing!!
192,호텔델루나,FANCY
193,호텔델루나,IU is literally perfect
194,호텔델루나,this show was just heartbreak on another level
195,호텔델루나,not to be dohyun biased but their love story was better
196,호텔델루나,"Estoy muy triste. Los quiero mucho y quisiera poder abrazarlos. 
Cinematografía preciosa, IU se mira siempre súper hermosa y toda fabulosa, estoy enamorada de su personaje. El OST está muy bonito también, y la familia del Hotel es bien bonita también. 
Me dejó con el corazón muy roto. TvN, los amo por siempre."
197,호텔델루나,jieun vc vale milhoes
198,호텔델루나,"Welp, time to be an IU stan.
But seriously, every single character had such hard-hitting stories, on top of being a good ghost story and horror series in a few ways."
199,호텔델루나,"pretty interesting but not the best 
def did make me cry like a lil b*tch a few times 
watched it w koby"
200,호텔델루나,very clear the relied on popularity/views from IU. it was Okay but probably wouldn’t watch it again
201,호텔델루나,"holy shit

I despise spoiler reviews but I have so many emotions about this show that I have to write one.
ill start by simply saying that it would be impossible for me to write in words the love i have for man-weol and chan-sung.
as emotional as it was given the topics it deals with, I stupidly convinced myself I would get through each episode without tears. then that moment, when veronica stepped into the room, and you notice that sanchez doesn't see her fucking broke me.
I can't remember the last time I sobbed like that at a TV show, and after that I cried every episode.
fuck this show for doing that to me, but also thank you, because it's been a hell of a long time since I managed to get so emotionally invested in something like that."
202,호텔델루나,"this is one of the best dramas that iu have done ever, i’m so in love with her and her actress skills"
203,호텔델루나,"it'll be my 9928376th time watching it since it was released, I am pretty sure I will not gonna over it anytime soon."
204,호텔델루나,Loved it so much.
205,호텔델루나,definitely died a couple times
206,호텔델루나,"Never watching a K-Drama again, I am broken. I will say I stared at IU the whole time and do not regret that"
207,호텔델루나,"My man lee do hyun was wronged!!
It really dragged in the last couple of episodes (like most kdramas) but i don't regret a single second."
208,호텔델루나,anything for my iu
209,호텔델루나,this show is so good omg?!?! the acting and storylinr was 💗💗
210,호텔델루나,"DNF @ 8 episodes. I love the premise, the costuming and production design, and IU's PERFECT face. Not bad by any means, but I just couldn't get into this one."
211,호텔델루나,don't remember a single thing i didn't like about the drama so 5 star it is. manwol was such a fun character. chansung is lovely and his development? love it. chungmyung is a bit of a tragedy but i do love my fair share of tragic characters and he was a scene-stealer in all of the scenes he's in. the hotel staff and their dynamic with each other... i love them. i probably have a lot more thoughts about this but let's not get too into it
212,호텔델루나,…i love hot people
213,호텔델루나,ku chan seong ve ben çok güzel ağlıyoruz
214,호텔델루나,Absolutely magnificent!!
215,호텔델루나,"hotel del luna is truly a masterpiece. i really like all the concepts in this drama. the interior, outfits, cinematography, acting skills, soundtracks and the story line is so so so 💯💯💯 one of the best kdrama of 2019!!"
216,호텔델루나,estoy triste… pero ese cameo al final…
217,호텔델루나,This series will beat you up from all sides. I can't describe how many tissues went through. The set was so beautiful! and IU looks so beautiful every scene. It's one of the nicest looking dramas I know
218,호텔델루나,"The concept was so unique, the characters were amazing and my fav was IU, obviously. But the romance felt a bit off and it was too instant. He got a bit sidelined.
IU's outfits were to die for nd her was hair beyond perfect. Nd her acting was splendid.
Ending was kinda ambiguous but that made me love it evn more. Songs were great. It was emotional nd had good comedy. Overall it was great with good aesthetic."
219,호텔델루나,"didn’t finish it
IU is a queen
the reception guy is the cutest"
220,호텔델루나,IU's boyfriend is hot as f
221,호텔델루나,still hoping for chungmyung and manwol ;(
222,호텔델루나,"""Eu não me importo se este lugar é uma prisão ou uma cerca para você. Eu estarei aqui ao seu lado.""
fazia tempo que eu não chorava tanto com um dorama como esse, sério tenho mais agua nenhuma no meu corpo e vai demorar pra me recuperar disso aqui, de verdade..."
223,호텔델루나,"I struggled with the few first episodes, trying to make sense of who's who, what's what. Everyone looks the same to me. I also thought the main actor is the same dude from Netflix's Sweet Home, which didn't make sense since he should've been younger. Turned out, he was in A Monster Boy.
And the series was slow reaching the end. There was a lot staring at that tunnel from multiple characters."
224,호텔델루나,IU’s outfits>>>
225,호텔델루나,"IU can never do wrong, and her stylist needs a raise. IU's character was very compelling but this story could have done better without the present day romance (which it didn't really feel like anyway)."
226,호텔델루나,that whole last episode was a stab in the heart
227,호텔델루나,cried so much literally every episode
228,호텔델루나,"Muchas personas hablan maravillas de este kdramas. Y la verdad no sé si fue el momento de mi vida en el que lo ví o que, pero no logré conectar tanto como todos dicen.
La pareja principal tenía mucha química, pero mi corazón se lo robó la pareja secundaria."
229,호텔델루나,"El soundtrack, los vestuarios, los efectos, las actuaciones, la historia, la foto, literal todo es tan perfecto y tal lindo.
De los mejores papeles de IU hasta el momento, me divertí muchísimo viéndolo y a pesar de tratarse de la típica historia de kdrama de ""ser inmortal-humano"" en ningún momento se vuelve repetitiva o típica como algunas otras historias de este género."
230,호텔델루나,"I really enjoyed all the ghost stories and the mythology is honestly excellent, but honestly the main love story itself is not the best I've watched (saying that, I cried at the end)"
231,호텔델루나,Aidan and I both loved it
232,호텔델루나,CANT someone just give my iu a happy ending please 😭
233,호텔델루나,goo chan sung please kiss me
234,호텔델루나,ouch
235,호텔델루나,manwol hard carried this show. sucks cause yeo jingoo is one of my favorite young actors but the script didn't give him a lot to work with.
236,호텔델루나,"the pairing of ""unhinged girlboss in pretty outfits x guy who is cute and really nice to her"" genuinely means so much to me. anyways making fun of a guy for having an mba until he becomes your male wife....jang man wol is literally the blueprint.
also i CRIED while watching this <////3"
237,호텔델루나,twitter.com/mtr_fr/status/1456390392866353155
238,호텔델루나,"dropped at ep 9
i couldn't connect well with the story"
239,호텔델루나,"chan-sung exhibits endearingly cute dumb boy energy, which proves he lets man-wol peg him every night"
240,호텔델루나,"kim soohyun made everything i didn't like about this show tolerable in 30 seconds of appearence. a living legend, my friends."
241,호텔델루나,que obra de arte.
242,호텔델루나,"The ending still hurts to think about, and my heart still aches for the unforbidden love. ""My dear moon disappeared after swallowing up my night and dream. Goodbye"""
243,호텔델루나,had no business being as sad as it was i was SOBBING for days
244,호텔델루나,mi comfort ship es la luciernaga
245,호텔델루나,"Love the OST
Love the actors/acting
Love the costumes
Love the scenery
Love the storyline
In short one of the best kdramas out there
This is why I rewatched"
246,호텔델루나,come on visuals! come on plot! come on wardrobe!
247,호텔델루나,"Oh, her clothes! I typically don't even notice fashion, but everything she wore was so gorgeous, lush, and trendy. I couldn't wait to see what she wore next!
All of the characters were likeable and interesting, and I enjoyed their story arcs, as well as the stories of the numerous ghost guests.
It's a serious time sink but I totally recommend this series!"
248,호텔델루나,"sem dúvidas o melhor dorama que eu já vi. uma storyline que prende do começo ao fim, personagens cativantes e um casal maravilhoso 🥺 iu é uma atriz maravilhosa mas aqui ela se superou, o mesmo vale pro yeo jingoo. nunca chorei tanto na minha vida quanto chorei assistindo o final, passei a madrugada acordada de tanta tristeza :)) e além de tudo tem a melhor ost do mundo disparado, 10/10! 💙"
249,호텔델루나,i will never ever recover from this
250,호텔델루나,"worth to watch, even though there is a ghost that makes me trigger!"
251,호텔델루나,I need to stop acting surprised when kdramas have me crying for an hour straight during their final episode
252,호텔델루나,"Kita akan bermimpi dan saling memandang.
Drama Komedi Hotel Del Luna bercerita tentang aktivitas sebuah hotel dengan costumer hantu. Jurnal Risa versi upgrade lah kira-kira (tidak hanya tanya jawab tapi juga melayani).
Dibuka menyenangkan, dramanya dikembangkan cukup baik. Ide cerita tiap episode boleh juga. Setting, sinematografi, kostum, make-up sama soundtracknya cakeeep.
IU sama Yeo Jin-goo tampil memuaskan, pemeran pendukung juga oke. Tipe drama yang gak bosen untuk di re-watch lagi 😍"
253,호텔델루나,veo cualquier serie en la q esté iu tbh
254,호텔델루나,i only watched this for iu but i ended up enjoying the story
255,호텔델루나,Episodes were too long and I got lost in the plot
256,호텔델루나,"woah ok why did she like HIM? she should be with ME. pick me, chose me, love me man-wol."
257,호텔델루나,"is this extremely cheesy? yes
is this still my #1 comfort drama? hell yes"
258,호텔델루나,Infinitely one of the best kdrama ever made. Ending not quite like the rest. Honestly I'm still impacted by it.
259,호텔델루나,"Jang Man Wol's wardrobe,,, thank you stylist"
260,호텔델루나,"The effects in this fantasy, comedy, romance is top notch. In fact the production quakity in general is amazing. Really good witty comedy and some nice side stories and romances makes this one of the best k-dramas I've seen in a long time."
261,호텔델루나,المسلسل الي استمريت اتابعه لثلاث اسابيع بكل بطئ و تلذذ لدرجة اشغلني عن كل الافلام الي كنت مخططة اتابعها، فيلم نازل من سنوات و طول الفترات الماضية عيني كانت عليه لكن كنت احس انه ماكان الوقت المناسب اني اتابعه و فعلا ذاك ماكان وقته! وقته كان الآن!! بدون مبالغة صار من افضل 5 اعمال تابعتها في حياتي نوعي المفضل بكل شي فيه! احببته احببته احببته اتمنى أفقد ذاكرتي او اعود بالزمن عشان ارجع اعيد اتابعه بنفس المتعة و الشغف مرة اخرى، رائع رائع رائع
262,호텔델루나,been a while since i watched but there were poignant quotes here whew
263,호텔델루나,"I cried so many times, great side characters."
264,호텔델루나,Beautiful💜🥺
265,호텔델루나,Miss IU and that man kinda ate NGL. And all the employees bro…definitely cried like shit.
266,호텔델루나,shit was painful as hell
267,호텔델루나,many tears were shed. that's all i can say.
268,호텔델루나,Started watching on July 14th and finished on September 2nd
269,호텔델루나,i believe in jang manwol supremacy
270,호텔델루나,IU my beloved 💗
271,호텔델루나,do i want to be with jang man-wol or do i want to be jang man-wol
272,호텔델루나,manwol's wardrobe.. rob list
273,호텔델루나,loved this kdrama so much !!! one of my favourites that i don’t mind watching over and over again ;~; poor koo chan sung 😂😂 iu is a queen and owns every scene she was in ! this is the drama i always recommend when a friend asks for a recommendation <3 <3
274,호텔델루나,"I really loved this drama, the stories and the characters were complex and funny. I adored the supporting characters and their relationships, and loved how balanced the main couple was. The show did feel slow moving or repetitive at times though. I definitely cried at the end."
275,호텔델루나,jang man-wol my beloved <3
276,호텔델루나,"Todos sus elementos han encajado a la perfección y han despuntado para hacer de este drama uno fantástico. Desde la música, el vestuario, la trama..., hasta los actores y los personajes que éstos encarnan. Mis dieces para el hotel."
277,호텔델루나,one of the most visually stunning and well written dramas i've ever seen. truly a rollercoaster of emotions i don't think i can recover from
278,호텔델루나,"achava que o chansung fosse virar o novo dono do hotel, mas acho que isso não aconteceu? de qualquer forma, a jieun beirou e ultrapassou níveis de atuações nesse drama, surreal"
279,호텔델루나,JANG MAN-WOL LOVE OF MY LIFE
280,호텔델루나,"koo chansung my beloved... te amo iu!
só acho que perdeu um pouco de força no final mas foi tudo de bom"
281,호텔델루나,i am absolutely broken
282,호텔델루나,"comecei com as minhas expectativas altas e ele conseguiu alcançar TODAS elas. não tenho nem palavras pro quanto esse dorama me emocionou e me surpreendeu de diferentes formas. as atuações, a história de cada personagem, as osts, a estética, os plot twists inesperados... não deixou nada passar batido. simplesmente impecável.
enfim, a trama não é nem um pouco cansativa (o que já ganha muitos pontos pra mim), achei bem desenvolvida e explorada pois sempre conseguia me deixar instigada a cada final de episódio, e outro ponto que me agradou bastante foi a introdução do passado da man-wol, porque logo no primeiro episódio a gente fica meio ?? e depois que tudo é explicado para os expectadores é de deixar o queixo caído.
a história que mais me comoveu foi a do hyeon-jung e eu tenho uma leve certeza de que ela foi inspirada no filme ""o túmulo dos vagalumes"" porque quase tudo se encaixa, sabe? o cenário de guerra que ele estava enfrentando, a irmã que estava doente, eles viajando para a casa do tio e até mesmo o uniforme dele... não sei se foi inspirado, mas me lembrou MUITO.
jieun mais uma vez mostrando sua personalidade multifacetada e que pode atuar em qualquer papel, queen! te amo iu te amo <3"
283,호텔델루나,4th star for IU alone.
284,호텔델루나,the music is very harry potter but 10/10 iu
285,호텔델루나,"If you like Spirited Away or Goblin, this is definitely the film for you. I'd say it's like a mixture of both. This show is whimsical with a side of mystery, drama, and romance and I absolutely dig it. I definitely would recommend watching this show."
286,호텔델루나,"a história é muito boa mas seria muito melhor se tivessem pesado mais no drama e menos na comédia. os efeitos especiais também deixam a desejar demais. atuaçao a iu é tudo de bom, mas o protagonista é muito chato faz até o casal ficar sem graça"
287,호텔델루나,want to watch*
288,호텔델루나,IU amor eterno
289,호텔델루나,i don't know what about the guy's face makes me think of the bug from an ant's life but i just can't look at him without thinking about it.
290,호텔델루나,i too would make out with man wol
291,호텔델루나,the writing was iffy at times but HOT PPL
292,호텔델루나,i think i cried
293,호텔델루나,güzeldi
294,호텔델루나,"as brutal as i expected it to be and i still cried like a baby almost the entire last episode good god anyways
1. iu i am in love with you (nothing new), you say jump i say how high
2. can we agree hotel del luna collectively has some of the best osts like.....taeyeon (best ost at seoul music awards 2020 come on now) punch, heize, chungha (my beloved) red velvet (my other beloveds), 10cm, paul kim, the queen iu herself like the list is ENDLESS they went IN"
295,호텔델루나,Mbak IU cantik bet
296,호텔델루나,"jang man-wol? ICONIC. a more complex lead than your faves. i heard her hair is insured for $10,000."
297,호텔델루나,it takes a lot of courage to let go than to hold on.
298,호텔델루나,"no jokes on the amount of tears i let out to this one,,,"
299,호텔델루나,3.75/5
300,호텔델루나,"Mengesampingkan komedi romantisnya, Hotel del Lune menceritakan tentang bagaimana pahitnya kematian dan ketidakrelaan mereka untuk dilepas mereka yang hidup.
Hotel del Luna jadi jembatan antara kehidupan dan kematian yang dimainkan dengan sangat sempurna oleh Lee Ji-eun. Hidup abadi emang tidak seindah kedengarannya.
Kisah paling menyedihkan tentu dari 3 hotelier terbaik. Kehilangan seorang anak, dikhianati teman serta harus berpisah dari sang adik, dan dituduh menyebar keburukan lewat karyanya. Terlalu menyakitkan buat dilupakan untuk ke alam baka.
Btw, soundtracknya wow."
301,호텔델루나,IU cute as shit and da love dynamic get real sweet as da show go on
302,호텔델루나,Beautiful Fantasy 💙
303,호텔델루나,"Hotel Del Luna
[90/100]
Great cinematography, Great casts!, Great costume
But its too focused on drama halfway through
But not bad, still a fun series"
304,호텔델루나,"""My dear moon disappeared after swallowing up my night and dream"""
305,호텔델루나,uhmm yes!!
306,호텔델루나,Love De Luna 💛 Love IU 🥰
307,호텔델루나,"'Hotel de Luna' es un drama bonito, cálido y muy interesante que presenta una producción de gran nivel con lo que consigue una estética muy cuidada. ¿Cuáles son sus mayores virtudes? Podemos destacar varias, la primera de ellas es su premisa que logra captar nuestro interés después de episodio piloto. El valor de producción también consigue, gracias a un espectacular diseño y puesta en escena, querer ver más por lo bien que se presenta visualmente. Y, finalmente, unida a estas dos razones encontramos a IU, quien consigue embelesar a cualquier espectador con su presencia. Además la propia serie, especialmente en los primeros episodios, parece servir como vehículo para que IU luzca un vestido/peinado distinto en cada escena. Lejos de criticar que parezca una pasarela exclusiva para la actriz, creo que es unas de sus principales bazas, especialmente par los que disfrutan de su gran presencia y son seguidores de su carrera.
Ahora bien, no todo es maravilloso y encuentro distintos aspectos que me han impedido terminar de enamorarme de la propuesta. El primero, y probablemente más importante, es que la serie no se vertebra sobre una gran trama principal, sino que presenta un objetivo que se va aclarando con el paso de los primeros episodios pero se impulsa en base a distintas situaciones y problemas que hay que ir resolviendo. Disfruto estos momentos pero cuando uno llega a la recta final, y después de conocer el tono tan blandito y feel good que tiene, cabe deducir qué tipo de resolución vamos a encontrar y el resultado son unos dos últimos episodios bastantes flojos. Entiendo que habrá quien los disfrute mucho, pero no viene a ser más que una colección de momentos intensos con música de fondo y despedidas de los distintos personajes que resultan en cierta manera previsibles y carentes del interés que suscitaba el planteamiento inicial de la trama. También esto viene a ser una consecuencia de respetar un formato de 16 episodios que no se ajusta a la historia, menos es más en muchas ocasiones y una menor duración hubiera logrado un conjunto más solvente y menos momentos de relleno que no aportan demasiado.
La segunda cosa que me molesta es la repetición de mismo patrón en prácticamente casi todos los dramas románticos: el destino entrelazado. Vale, aquí se da un pequeño giro y no es tan tópico, pero recurrir siempre al recurso de la reencarnación y el presente vinculado al pasado es agotador y aburrido. Hay que explorar nuevas ideas, el hilo rojo del destino ya está demasiado desgastado para seguir usándolo como combustible.
Es un buen drama que si puedes observar sin estar algo desgastado por la presencia de algunos de sus elementos vas a disfrutar muchísimo, además de que la propuesta visual está a un gran nivel y seduce estéticamente, aunque no por ello uno debe dejar de tener una mirada crítica en aquellos puntos que lo merecen. Eso sí, más allá de la contraposición de ideas, debe quedar claro que merece la pena su visionado."
308,호텔델루나,5 stars just for my king yeo jin goo.
309,호텔델루나,Artistiknya bukan main
310,호텔델루나,this is one of my faves but i love anything magical and about lifetimes
311,호텔델루나,"Flop to Me. But 2 stars for casting iu and jingoo.
Also IU bad bitch era 💅"
312,호텔델루나,there wasnt a single ep where i didnt cry
313,호텔델루나,I LOVE THIS KDRAMA SO MUCH
314,호텔델루나,I fell in love with IU
315,호텔델루나,Melhor CGI em dorama
316,호텔델루나,"The last 4 episodes completely broke me down :( Lemme go back to crying , one of the most beautiful kdramas ive ever watched every frame was so enchanting 😭😭😭😭"
317,호텔델루나,watched on the very rare days of me buying a netflix subscription. maybe it's because i like chungmyung and manwol's plot more but i really do not find chemistry between manwol and the other dude what's his name. i am a professional chungmyung manwol cryer. amazing ost.
318,호텔델루나,Rolig och sorlig
319,호텔델루나,yeah...yeah...it got me!
320,호텔델루나,"Amazing drama, Cast, concept, storyline and OST. Really loved the freshness it brought. The characters were well written and relatable, lovely balance of witty funny moments against the tough angst themes it brought. Cried A LOT. IU is my queen and I wanted her all her outfits. Good/satisfied ending. I believed more in IU and Jingoos characters friendship chemistry more than romantic. What I Loved most is the secondary story line with the hotel staff as much as the main storyline with IUs past. The way it ended with Kim Soo hyun was such a clever beautiful twist and so memorable and leaves you wondering on what could happen next at Hotel de Luna."
321,호텔델루나,"NUNCA CHOREI TANTOOOOOOOOOO ESSE DORAMA ACABOU COMIGO
LINDO LINDO LINDO LINDO LINDOOOOOOO"
322,호텔델루나,"this is my favorite show ive ever watched, it's so amazing and it does a great job at showing how chansung gets used to his new job, plus i cried during all the episodes near the end. im in love with iu take my stars"
323,호텔델루나,"everything is just perfect the cast, acting, plot, dialogue, osts and costume they slayed it all. the fantasy this kdrama has enough to make me stick my ass in my bed all day and skip online classes pls. the ending was painful but that was bearable since it's obvious immortal x mortal ships don't end well they just don't!!!"
324,호텔델루나,"Wonderfully entertaining. I loved the Mina/PO storyline. There is no better Grim Reaper than Kang Hong Suk. Jo Hyun Chul is perfect as Sanchez. Guest spots from Kim Won Hae, Lee Do Hyun and Nam Da Reum!"
325,호텔델루나,i love the ost so much
326,호텔델루나,"obsessed with this cute little kdrama involving ghosts and afterlife.
I love how they made the horror, comedy and romance parts of this show blend so well with each other.
lee ji-eun is amazing as always and her character <333 the sets, outfits & characters everything was just so good.
But i wasn’t too happy with the ending....."
327,호텔델루나,Simplesmente perfeito!! Todos deveriam assistir a essa obra prima
328,호텔델루나,"i don't know if i can let go of chan-sung so soon </3
also manwol please date me you are so hot"
329,호텔델루나,"Have alot of problems, i dont like the ending think i could be better but it still make me sad for like a week properly never gonna watch it again but i will always remember the feelings that the show give"
330,호텔델루나,IU carries another drama
331,호텔델루나,IU my Luv
332,호텔델루나,I can never look at fireflies the same way ever again.
333,호텔델루나,if u randomly start playing all about you by taeyeon pls know i will start crying on cue and wont stop until god knows when
334,호텔델루나,The OST 🥺💓
335,호텔델루나,i will send the writers of this story my therapy bills
336,호텔델루나,"mukhang di ko na talaga to mabibitawan i loved everything about it i could talk about it for hours pero sa totoo lang i think it's worth mentioning that it took me so long to finish this hindi dahil nainip ako hindi dahil hindi ako nagandahan but because i love this show so much i didn't want to let it go :( nandito na lahat ng gusto if im being honest, romance, fantasy, tipong nakakaiyak pero napapatawa ka rin, letting go, moving on while cherishing memories. i loved each and every character (at nasaktan talaga ako sa second lead T__T). to put it short, kung mahilig ka sa palabas na matututo silang magmahal ng iba dahil sa nakilala nila, and because of that kahit magkalayo sila lagi nilang aalalahanin isa't isa this is definitely worth watching over and over. ang dami kong natutunan about sacrifices, love, moving foward and the like. ang ganda ng soundtrack, mapapamahal ka talaga for the characters to the point where you feel their pain, fear and love for one another hayss mahal na mahal ko talaga to
papanoorin ko ba to ulit ? syempre naman pero papanoorin ko kapag handa na ako ulit kasi nasaktan talaga ako HAHAHA in the meantime, papakinggan ko ulit yung soundtrack becausei it's definitely one of my favorite soundtracks ever"
337,호텔델루나,"I’ve already watched this a long time ago when I was in grade 9 I think? So yeah, it was a good kdrama. I would love to rewatch this! My love for IU. <3"
338,호텔델루나,"Man-wol, I'm gonna need your entire wardrobe, some of your jewellery (a girl has some skin allergies you see), and one of your cars. If you want to throw in your man as well in the package, I will not complaint"
339,호텔델루나,"A late review, I've watched this one last year. I really like the concept of this drama, like how ghosts can still have their vacation or do some unfinished business and they can finally decide to go to the other side. Although there are things that I wish they did, like establishing the past life connection between Jang Manwol and Ku Chansung early on the story, cause man the 2 actors lack chemistry they could've made their story some kind of past life connection.
This could go on for at least 3 seasons, the story has a lot of potentials to be a series and not just a 20 episode drama, Jang Manwol's character could be developed with the help of Ku Chansung and the other ghost in Hotel Del Luna.
The drama was good, I will recommend this to some who are still fairly new to the kdrama world and the fantasy genre."
340,호텔델루나,"ini drakor yang menceritakan seseorang bernama jang man wool, pemilik hotel “hantu” bernama hotel del luna. jadi, hotel del luna itu jadi tempat persinggahan “hantu” sebelum dia akhirnya ke akhirat. sebenernya inti drakornya romance, cuma aku second lead syndrome haha :”) jalan ceritanya seru, cuma endingnya terlalu terburu-buru."
341,호텔델루나,"you should know that I have 9 assignments to do but I choose to watch this because I need that freaking imaginary world, full of hilarious ghost and hilarious hotel lady who lives for thousands years long and in love with 1 freaking guy. Is that make sense? it's a yes for me."
342,호텔델루나,"i had expectations.
i was bored."
343,호텔델루나,IU's outfits in this drama is just so ugh 😭❤️
344,호텔델루나,iu i love you so much please call me back please please
345,호텔델루나,"i feel like this one was made for me. it has everything i love i cannot express how i felt watching this, i waited patiently for every episode to come out until the end, ive never done that before. i love this one so much, it makes me happy, sad, conflicted, every emotion a human being can express, it's my comfort show, it will always be my favorite. (ALSO I LOVE HOW GHOSTS ARE PORTRAYED IN KDRAMAS I JUST CANT NOT LOVE IT ITS MY ABSOLUTE FAVORITE)"
346,호텔델루나,It’s a pretty movie but there’s little character growth for the two main characters. Some found it very touching but I was personally not very moved by the main character IU. Though I love IU as a music artist - as an actress she’s eh. But the small scenes of other side characters were good.
347,호텔델루나,"Ceritanya unik, soundtracknya juga nagih, tapi di saya ga meninggalkan kesan yg dalam."
348,호텔델루나,"I don't care about the plot, I cried at every episode. The aftermaths of death and the helplessness humans have before fate - the drama explores this in almost every episode, ofc I had to cry everytime.
IU is a treat to watch.
Also the OST wow."
349,호텔델루나,"nothing has ever made me cry more than Yeo jin-goo crying. 
overall the plot was really interesting and the script was well written . 
cool show."
350,호텔델루나,MANCHAN ILYSM <3
351,호텔델루나,"No, you don't understand. IT BROKE ME. LIKE PHYSICALLY. My heart actually hurts. Wtf"
352,호텔델루나,"Baru tau kalo ada di sini hahaha, kenapa ya drama yang ada IUnya selalu bikin pengen IU sama second lead aja. Kesel dia gak sama dohyun."
353,호텔델루나,"I feel like the concept and the plot line of this drama was so interesting and the cameo of Kim soo hyun ruined me, he looks so fucking good in a waist coat. Quite frankly, i almost died. 
Also, IU is just *mwah* immaculate as always."
354,호텔델루나,"IU is so amazing in it, a goddess 😍💖"
355,호텔델루나,IU SUPREMACY
356,호텔델루나,THIS WAS HERE ALL ALONG????!?!?!? anyway made me fall in love with iu.... made me fall deeper in love with dohyun.....made me miss jingoo.... thank u god bless you were a fucking moment
