,title,reviews
0,하이에나,MILF AND DILF NATION WE WON BIG WITH THIS ONE OH MY GOD
1,하이에나,"korean 🇰🇷
HELLO THIS KDRAMA IS SO HOT, SEXY, PASSIONATE, EVERYTHING 🔥 JU JIHOON AND KIM HYESOO ARE BOTH SO IRRESISTIBLY CHARMING AND THEIR CHEMISTRY!!!!! I HAVE NEVER SEEN A SEXIER COUPLE DEADASS!!!!
the story is also sooo intriguing and amazing and i remember my fav ost was by my fav khh artist giriboy so i vibed with this sooo hard!!!!!
(also remember everyone was talking about some other kdrama airing at the same time (can't rmb what now) but i was one of the few ppl on my twitter tl yelling about this every weekend,,,, good old days)"
2,하이에나,Kim Hye-soo never disappoint me
3,하이에나,"KDRAMA
This is a great Kdrama thanks to its two leads, Kim Hye-soo as Jung Geum-ja and Ju Ji-hoon as Yoon Hee-jae. Their chemistry, onscreen sex appeal and their verbal sparring are a must see. It also helps that the drama is well written and that the storylines are compelling. I loved Oh Gyeong-hwa in her role as the assistant to Kim Hye-soo's character. She provided some of the best laughs for me. Also Lee Kyung-young plays a great antagonist.
Another one that I have to thank the wifey for making me watch.
I watched this last year, during the lockdown but I'm just putting it on Letterboxd because Kdramas are on it.
Watched via Netflix Canada in Korean with English subtitles."
4,하이에나,dilf & milf propaganda :ds
5,하이에나,kim hye soo let's play fake girlfriends
6,하이에나,"- Ju Jihoon #1 milf chaser
- The relationship between the leads makes me want to light myself on FIRE
- This series is both funny and thematically strong and has a great balance of plot & strong characterisation
- We love insane morally corrupt money grabbing lawyers who sometimes get their feelings hurt!"
7,하이에나,HYESOO GIRLBOSS
8,하이에나,dilf ju ji hoon my beloved
9,하이에나,"The fashion feast and savage sexual tension I definitely asked for.
According to an article in Forbes, around 90% of drama writers are women. Where can I find them to express my sincerest gratitude for this lady driven power play? Because the line Chang  Geum Ja delivers about hyenas is girl boss FIRE. 

I need to know how much budget was spent on tea sets, leather folders, kickass sunglasses and Balenciaga coats and Thom Browne suits for literally everyone all the time everywhere."
10,하이에나,"소년심판 끝내고 약간 뻐렁쳐서 우리 갓혜수꺼 뭐 또 없나 해서 찾아봤다가 1화 맛보고 개식겁했네. 뭐야 이 촌스러움ㅋㅋㅋㅋ근데 금자x희재 케미는 좀 좋다 ㅋㅋㅋ약간 우물안 되련님 희재 뒤통수 후려치는 야생의 하이에나 정금자씨같은?ㅋㅋㅋㅋㅋㅋ
-----
4화까지 봤는데 진짜 너무 올드해서 어이가 없어 ㅋㅋㅋㅋㅋ2020년 아니고 2002년 드라마같아ㅋㅋㅋ게다가 왤케 사랑에 미친 인간들이 많아 ㅋㅋㅋ윤희재부터 1화때 주접떨더니 미련철철 혐관ㅋㅋ나 혐관 좀 좋아하긴 함ㅋㅋ싸패재벌, 재벌 내연녀 다 사친놈들 ㅋㅋ그 와중에 갓혜수 스타일링은 대체 무슨일이냐. 직장의 신 때인줄...근데 왜 4까지 봤냐면, 이상한애, 착한애, 나쁜애, 바보같은애, 주접떠는 애 다 여자임. 그거 하나 괜찮아서 4화까지 봄.
-----
6회까지 봤는데 주지훈 상탈 금지, 혜수언니 구렛나루 압수.... 코디 대체 무슨 정신이냐...소년심판에서는 세상 수수하게 입고 나오는데도 언뜻 지나가는 실루엣도 헉 소리 나는데(심판사님 저질 시청자라 죄송 ㅠ) 여기서는 .....주지훈 김혜수한테 그렇게 안어울리는것만 골라오는 것도 일이겠다. 뭔가...나중에 의미가 있나...? 그때까지 기다리기엔 내 인내심이..ㅜㅠㅠㅜ 그리고 법정물인지 연애물인지 모르겠는데 아직까진 둘다 너무 별로다. 마치 음악영환데 음악이 너무 구려서 안타까움을 자아냈던 어거스트 러쉬같은 느낌. 어거스트러쉬나 하이에나 둘 다 배우들이 엄청 멱살잡고 끌고가는데, 작품이 좋으면 시너지가 나지만 이건 배우들만 안쓰러움 ㅠㅠ"
11,하이에나,"i relate to ju jihoon because i, too, would risk it all for kim hyesoo"
12,하이에나,JU JIHOON SEXC and love the whole law firm team im such a sucker for loyal co workers
13,하이에나,"Talk about combusting chemistry, comfort, fun and tension this drama has it."
14,하이에나,"solidified the ju ji hoon lover in me i think lol
loved geum ja and hee jae's dynamic! i wish there were more scenes between them
like hee jae, i too would like to tell someone i like to use me"
15,하이에나,...
16,하이에나,"ver a Hye-soo com uma personagem totalmente diferente das que ela costum atuar foi mais um ressalto de como ela é flexível e criativa em expressões, sem precisar criar muitos hábitos pra definir uma personalidade. o que eu mais gostei nessa série foi ver como todo mundo se torna um mártir muito fácil, Yoon, Geum-Ja, Ma, Kim, Kevin, Ga e Pijul. muitas cenas de comemorações pra encheção de tela, parecia que não sabiam o que colocar pra emendar o episódio, e todos os personagens serem totalmente voltados como material pra desenvolvimento da Geum-Ja ficou algo maçante. todos os outros advogados não tem nenhuma individualidade que traga um elemento de essencialidade pro personagem em tal cena. tudo em que a Boo aparecia por exemplo poderia facilmente ser substituído por um figurante, e adicionar aquele advogado junior (que eu nem lembro o nome KKKKK) foi a adição mais idiota da história. a própria Boo tinha chances enormes de se destacar em várias cenas sem ser por influência dos protagonistas, fizeram até citações sobre a rota de cursagem dela pra advocacia, a aversão por lealdade ao advogado sócio (Yoon) tanto por profissionalismo como por gostar dele, mas nenhum desses pontos tiveram uma continuidade, foi só algo totalmente solto no ar talvez pra que ela não fosse alguém totalmemte esquecivel.
sobre o conceito de justiça da Geum-Ja, já é algo bem controverso desde o primeiro e segundo episódio, já que o passado com o padrasto é o principal remorso dela, e no primeiro caso o que ela faz é justamente garantir que o cliente abusador mantenha uma amante em cárcere privado. lógico que sem saber dos reais objetivos da trajetória da carreira dela isso faria sentido, e ela até se sente um pouco culpada nos últimos episódios, mas nem sequer teve o mínimo de bom senso ou empatia.
Yoon muitos talvez falem sobre ele ser muito devoto ao amor, e isso é óbvio, mas também justificável. ele é uma pessoa que não só alcançou suas metas como as mantém, e mesmo já sendo um padrão da vida dele estar no seu ""auge"" durante maior parte no decorrer da série, ele ainda sabe apreciar tudo muito bem sem reconhecer que tudo poderia só ser algo comum e monótono pra ele.
sobre o final, não considero incompleto, mas foi apressado e um pouco amador por querer relacionar tantas ocorrências a um caso criminal só, provavelmente por medo da audiência achar repetitivo um caso duplo em dois arcos diferentes dentro de uma só série, mas poderia sim ser um recurso utilizado depois talvez até valorizando o Ga depois de se tornar sócio, mas fizeram dele apenas o cara emotivo que forçou uma barreira pesada pra cima dos companheiros de trabalho por conta de uma promoção.
não sei como encerrar essa review, então só posso dizer que a coincidência mais feliz desse dorama pra mim foi ouvir uma música do Baekhyun como trilha sonora do romance principal, era uma das únicas coisas que me deixava feliz em ver o Yoon e a Geum-Ja juntos, já que eu preferia bem mais reforçarem a rivalidade deles e a Boo ter sido o material de plot pro Yoon dar aquela emancipada braba"
17,하이에나,feel like broke with expensive taste would show up on geum-ja’s spotify wrapped
18,하이에나,"my beloveds hyesoo and jihoon. i still feel like i’m one of the three people who watched this but it’s okay, not everyone can appreciate art."
19,하이에나,HOT HOT HOT
20,하이에나,Yoon heejae bulol bangettttttt
21,하이에나,chator eu fui tosco em achar que eu fosse gostar de um dorama em que os protagonistas sao juizes ricos insuportaveis
22,하이에나,Joo Jihoon and Kim Hyesoo are absolutely great partner and killing it!
23,하이에나,ANG HOT NYO HEEJAE AT GEUMJA PUTANGINA thats all thankyou
24,하이에나,"Seru abis. Karena chemistri kedua pemerannya bener2 megang.
Dan dsni ji hoon masyaallah ganteng banget."
25,하이에나,i don’t give a flying fuck my feelings for yoon heejae are REAL.
