,title,reviews
0,구경이,every kind of gay person in this...gay gamer gay serial killer gay scarf wearer gay aunt gay people who are canonically gay
1,구경이,"amazing, brilliant, show-stopping, never been done before, impeccable, amusing, flabbergasting, well-thought, well done, sublime, chefs kiss, topnotch, clever, spectacular, majestic, jawdropping, mindblowing, stunning, staggering, perfection, heavenly, magnificent, breathe of fresh air, AND gay!!
LEE YOUNGAE, THE LOML MY BRAND MY PRIDE MY WIFE MY BABY MY LITTLE MEOW MEOW I LOVE YOU! YOU NEVER FAILED YOUVE DONE UTTERLY WELL SEE YOU AGAIN ON YOUR NEXT PROJECT. I WILL ALWAYS, LIKE ALWAYS, WAIT FOR YOU HONEY!!!"
2,구경이,i support women’s rights. i also support women’s wrongs. i love when they do bad things
3,구경이,so good and so gay best kdrama of 2021 for me
4,구경이,"a cat-and-mouse game between a messy and eccentric insurance inspector and a bubbly and charming serial killer. this was such a strange but fun show. i really enjoyed the tension and dynamics between the two leads and i just loved how female-centric this was. not to mention, a female serial killer with a gay sidekick?? *chef’s kiss* 
++ the storytelling was so witty and refreshing, the acting, writing, directing, music… all great. what a well-done show. i really enjoyed this and i hope to see this team in baeksang arts awards next year."
5,구경이,"esse dorama tem muito potencial como obra de suspense, mas sabe como é: humor coreano; umas soluções nada a ver; antagonista tão complexa que chega a ser meio escrachado e, claro, a classificação +18 sendo que a coisa mais pesada que mostraram foi um homem de meia idade cantando nu na sala cabeludo, mas até isso tava censurado. enfim, meio bom e meio peba."
6,구경이,"Standard story about the possibly evil patron of a children's charity who hires an alcoholic mmo addict ex-cop to work out of the basement of an insurance company to catch a serial killer.
I can't tell if this is good or not, but I can't stop watching it. Every ten minutes the end credit music kicks in, tricking me into thinking it's the climax of the episode, when actually there's another 53 minutes to go. All of these actors are amazing, and this was clearly written by insane people, so it's pretty much a must watch. I still have two episodes to go, so that's at least 12 more times I'll be tricked into thinking the episode is ending."
7,구경이,I hope Kim Hye-jun knows she was an icon! One of my fav dramas of the year!
8,구경이,"muito boa, amei a personagem da Lee Young-ae e o Santa, a química do grupo principal é muito boa e a vilã consegue ser maravilhosa, gosto das motivações dela e do jeito que ela comete os assassinatos, todos os personagens são interessantes e carismáticos, me fazendo querer saber e ver mais deles, a série tem vários episódios excelentes e alguns outros que pareciam bem lentos, não gostei de alguns twists, conveniências e plot armor que teve durante a série mas meu divertimento com ela passou pano pra maioria deles"
9,구경이,fruity as hell i will always love u lee young ae <33 also FUCK IT UP SANTA hes my adopted son !
10,구경이,obsessed with all the women in this
11,구경이,kim hye jun im free everyday hit me up
12,구경이,"korean 🇰🇷
🌕2021 ranked
so insanely fun and fascinating to watch!! all the characters are so refreshing and unique, the opening and closing animations are gorgeous and the whole story flow and writing is just perfect to me... and kim hyejun i am literally in love with you <3"
13,구경이,"We’re tired of men psychopath who did violence against women, and that being said, Inspector Koo with its petite cute anti-hero woman serial killer who got rid of bad guys feels so fresh, never been done before, fantastic!"
14,구경이,"""Something's fishy"""
15,구경이,santa my little meow meow idc who u are come here
16,구경이,gerçekten. ama gerçekten şahaneydi ya! ayrıca herkes gay!!!  ❤️‍🔥❤️‍🔥❤️‍🔥 my favourite lesbians gerçekten çok özlicem ve santa 🥺💗 bu dizi kore için yepyeni 1 başlangıç ve devrimdir.
17,구경이,don't you just love it when the gays are killing bad people
18,구경이,this show was exclusively for the girls and the gays!!!!!!!!!
19,구경이,"Berbekal peluru genius, fun & entertaining treatment, rentetan tembakan Inspector Koo jadi angin segar yg tepat sasaran. Duo lead dgn penampilan brilliant, adu kecerdikan yg menakjubkan, sampai presentasi investagi perburuan serial killer yg jempolan."
20,구경이,"LOOOVED THIS.
the director said that above all it was most important to create a work that women viewers could watch comfortably and those words were definitely proved not empty
might sound like a bar is on the floor thing but it's so fun to watch a good female centric show of this genre which entails women working with other women but doesn't make a thing about their gender like yes let's focus on real PLOT!
it also feels like there's great potential for a second season which would be ideal because i greedily want to see more of this team"
21,구경이,"i think every tweet i've made about this drama has had the words ""my favourite thing"" in it - THAT'S HOW FUN IT IS.
crazy lesbians and their gay sidekicks with the most unpredictable storytelling techniques and an enthralling soundtrack, i wish it never ended."
22,구경이,lee young ae.
23,구경이,"This is billed as Korean Killing Eve, but my impression of the opening episode is it’s missing a compelling antagonist and interesting side characters. Fingers crossed that the next few episodes really flesh out the serial killer, as we only see her in flashbacks and during the cliffhanger ending. Lee Young-ae as the titular Inspector Koo is fun to watch.

Just a really cool show, Korean series have definitely become wittier."
24,구경이,i just know that je-hui is gay for kyung-yi. i rest my case.
25,구경이,lee young-ae
26,구경이,im mentally ill
27,구경이,"kyung-yi my favorite kind of a protagonist: hateful, slightly unhinged, doesn't shower, looks like she bites people, has joint pain, super smart, gamer, obsessed with catching a bubbly serial killer etc etc."
28,구경이,"Done watching season 1.
This is a tv show with a detective and her team and this season they do a cat and mouse game with someone that cover the murders as accidents.
So when they start the cases they aint even considered as being murderes.
The first season is in 12 episodes and is around 1 hour each and there is no dub so its korean and reading subtitles. I think the characters is good, they got nice stories that aint only when they work. The main character is hard core online gamer and she is a thinker and sometimes very tired.
It may not sound that fun but it is. They do plenty of cat and mouse chase and they include bizarr and funny moments.
They got different themes in the music and that part can become a bit repeatable even if one of the songs is really good.
If you like detective stories, this may be your pick if you can concentrate doing the subtitles."
29,구경이,SLAYED THE HOUSE BOOTS DOWN HOUSTON IM DECEASED
30,구경이,"""but she murdered people"" what do you want me to do abt that .and she looked good doing it"
31,구경이,"many people critiqued that K stopped to follow her moral compass she used to select her targets in the middle of the series and going on a little rampage. but looking at it in the context of the whole series it was an interesting and arther smart development or (temporary) modification of her character.
both affected by the death of K aunts death go through paralleling changes. as we see kyungyi get away/minimize her 'unhealthy' habits (excessive gaming and drinking) we see K simultaneously lose control and her moral compass. this is another way the series showcased their similarities and within those their differences."
32,구경이,"It’s been awhile since I have seen Lee Young-Ae, she a good comeback with this one. I don’t understand why a lot didn’t watch this kdrama. One was the great cast involved like Kim Hye-Jun, Kwak Sun-Young, Baek Sung-Chul, Lee Hong-Ba, Choi Hyun-Chul, and one of greatest Korean actresses Kim Hae-Sook. The second thing is that the drama seemed like they were doing different things like the visuals, cgi, and locations. The third and last thing is that the creator or production company put a lot of money into it. There are times where it can be slow, but it is definitely worth the time if you love crime and Korean dramas."
33,구경이,see u in hell u fruit
34,구경이,"the good: i was expecting a full-packed action thriller but it ended up being comedic. the last few eps were paced so greatly i didn't even know I was almost at the end. the cast was also AMAZING i couldn't help but marvel on how they protrayed each their roles SO GOOD. hye jun as yi kyung was just PERFECT.
the bad (not so bad tho) : i felt like we were still missing some puzzle pieces and it left me kinda hanging. but i felt like i love the cast so much that i didn't mind some loopholes at all LOL"
35,구경이,GAY EVERYWHERE
36,구경이,I believe in Kim Hye-jun supremacy.
37,구경이,dorama de quem é lgbtq+ (não irei elaborar mais)
38,구경이,me like very gay
39,구경이,everyone is gay in this
40,구경이,waw best drama i watched ever loved how they gayed up the place
41,구경이,"Lee Youngae and Kim Hyejun are a perfect mix, the story was engaging and most of the plotwists actually unexpected
I had a lot of fun
I loved it and I'm gonna miss these characters"
42,구경이,im a song yikyung apologist
43,구경이,"a man who doesn't talk, cleans up and will do anything you ask him to?? where do i find one <3"
44,구경이,I want to do things to Kyungyi I’m sorry
45,구경이,santa you beautiful soul come here and give me a hug
46,구경이,A mature female lead who is obsessed with gaming and really intelligent and one hell of a mystery make this one stand out.
47,구경이,"Que série maravilhosa!
Na real me identifiquei muito com a Yi-Kyung, o que foi meio assustador. Mas a vibe de ser uma pessoa solitária e o que você faz com isso é meio louco.
Se você quer matar uma pessoa você não precisa machucar ela, basta fazer com que ela se sinta inútil. A Yi-Kyung sempre se sentiu fora da realidade, se esforça muito pra tentar provar que ela é importante e que o que ela faz é relevante. Mas quanto mais ela tenta, mais as pessoas se afastam.
A Kyung-li pelo contrário, não tem vontade de se mostrar útil como detetive, porém sempre atrai pessoas que procuram esse talento. Mesmo quando vivia reclusa era cheia de amigos virtuais fiéis que estavam lá por ela e ela estava lá por eles. Talvez o lance de não se importar se as pessoas ligavam pra ela, mas se importar com as pessoas estão seja o diferencial.
Mas o grande ponto é que a Yi-Kyung está morta por dentro e por isso mata as pessoas na vida real para se sentir viva. Enquanto a Kyung-li se sente morta por dentro e salva as pessoas pra que outras não se sintam assim."
48,구경이,"if santa has a million fans i am one of them. if santa has ten fans i am one of them. if santa has only one fan that is me. if santa has no fans that means i am no longer on the earth. if the world is against santa i am against the world.

so fun and engaging and wonderful that's really all i have to say"
49,구경이,k should’ve killed more people honestly
50,구경이,drama producers should srsly stop casting hot & sexy ppl for the villain role
51,구경이,"Visually most intriguing drama that came out in last 3 years, because of these amazing visual aspects and details that keep you engaged and on toes all the time. Kudos for them having an actual gay couple (you know real gay couple and not ""bromance"" excuse of a pairing) and amazing Lee Youngae as main actress. All the positive aside (and there are tons), this show has the same problem almost every other thriller adjacent drama has - plot. I won't go into details, but the show only picks up in last 5 episodes which, well, isn't good. I did have a good time, though. I loved main cast, they were all terrifically amazing (especially Santa my beloved), but I truly hope this show gets another chance soon in form of second season. That little meta aspect in the end was very cool, which means that Inspector Koo is a very clever show that nails pretty much everything BUT story. Staying hopeful they will get a chance at better story. There's a space for that."
52,구경이,Appleboycat <3
53,구경이,"The drama is so good, the twist is immaculate! Kudos to the director for the representation of LGBTQ. There is more mystery about K that they didn't show in this season. I don't like the ending but I'm hoping there's Season 2."
54,구경이,Je-hui is there something you would like to share with the class....
55,구경이,SOOOOO UNDERRATED like this is sooo good idk why people dont watch it. is it bcs the lack of men in it?? 🙄🙄🙄🤨🤨
56,구경이,"2. #InspectorKoo (2021)
A comical crime-comedy with unique tone from what usually presented in kdramaland. It's seldom tp see hero vs villain (as leads) where both women too. It's crispy twisty from start to end, exactly on the right pace and execution, good chemistry
Grown to love the duet of Lee Youngae - Kim Hyejun in #InspectorKoo. Didn't overthrown or overpower one another, rather it was cute to see the careless hero vs pretty villain giving their utmost ability. Perfect casting for such unique roles. Watch and see these women
(3.5/5)"
57,구경이,kwak sunyoung and kim hyejun i'm free to hang out this monday night please call me back if you want to hang out on monday night when i'm free
58,구경이,galing tangina
59,구경이,women women women
60,구경이,gay people we love you lee young ae we love you santa we love you shoegaze rock ost we love you also song yikyung is basically the definition of the female urge
61,구경이,If Dr. House and Sherlock had a daughter it would be Inspector Koo
62,구경이,"죽어마땅한 놈들을 죽이는 연쇄살인마..덱스터 아니고 K 그리고 그 K를 쫓는 전직 경찰 현 보험조사관 구경이. 케이와 구경이는 오랜 악연이 있었다. 구경이의 죽은 남편과 연관된 사건이 k가 기획한 사건인지 아닌지는 미궁속에(혹은 즌2로)남겨졌지만 산타의 정체를 의심하지 않기로 결정한 이상 구경이가 한걸음 더 나아가게 된 것만은 확실. 산타라는 존재가 믿는 이에게는 의미있지만 안믿는 사람에겐 의미없듯 이경이가 한 말이 진실인지 저기씨가 조사한게 진실인지 그 여부는 경이가 믿기 나름이다. 
일단 캐스팅이 환상적인데, 모든 주요 배역-주인공,살인범, 흑막-이 여자에 남자는 조신하고 깔끔한 키링남조수 ㅋㅋㅋㅋ대놓고 나오는 러브라인 딱 하나인데, K를 돕는 남자 건욱이는 또 게이캐릭터 ㅎㅎㅎ사실 구경이랑 나재희도 이쯤되면 찐사다. 적어도 재희는 ㅋㅋ 그리고 이경x구경도 맛있음. 
그리고 내가 좋아하는 배해선 배우가 간만에 좋은 역 맡아서 좋다. 살인범k가 사랑하는 유일한 사람. 그러나 사랑하는 조카를 의심해야하나 괴로워하다가 의도치 않게 트랩에 걸려 죽는 이모 정정연. 정연의 죽음은 두명을 흑화시킴. 죄없는 희생자를 만들었다는 죄책감에 시달리는 구경이와 보호하고싶은 단 한사람을 잃은 K송이경.
캐릭터성과 연출과 오스트도 너무 훌륭하다. 그런데 그에 비해 큰스토리라인이 약해서 슬프네. 즌2엔 작가 보강해서 나오면 정말 좋겠다."
63,구경이,"Lee Young-ae I LOVE YOU SO MUCH! HINDI PA KITA NAKIKITA SA PERSONAL, PERO GANUN PALA YON... MAHAL NA KITA KAAGAD."
64,구경이,"Series yang karakternya gak ada yang normal. Ceritanya juga ditulis dengan gaya komikal dan dibawain dengan baik sama 2 pemeran utama.
Jadi detektif koo ini dulu punya suami yang bunuh diri tapi daripada lebih pingin tau hal dibalik ini lebih penasaran sama latar belakang santa. 2 cerita ini kayaknya sengaja dibuat misteri dan gak dijelaskan secara detail di akhir 😅.
Intinya sih nontonnya nyenengin. Walau banyak karakter yang mati tapi karena dibawa fun tetep nyenenhin buat ditonton."
65,구경이,"ofc all for our queen young ae, love also how kim hye jun shine on this drama. and kwak sun young cutieee <333"
66,구경이,"""lihat baik-baik dirimu yang menjijikkan."
67,구경이,volto mais tarde para dar minha opinião
68,구경이,"Let's go in parts:
1. I loved it, really.
2. I think they could have went further in making it cartoon-ish. Let me explain, there were some elements that could have been exaggerated and I would have loved it even more if they did
3. The elements in *2* were good nonetheless
4. The acting was nice and I'm in love with thw characters"
69,구경이,"a little predictable but honestly i forgive them because i will always forgive vengeful women murdering abusive, horrible men"
70,구경이,"""It's absolutely miserable living with the desire to kill someone""

it started too flashy for my liking, but getting more intense in the middle like when i follow this series on going, i just want the next week to come fast bcs i just want to see Mrs. Koo! However imo this drama ended up...not quite satisfying. idk what is it but it just lack of something.
However my fav Lee Young Ae was wonderful as usual in here!!!! huhu she is literally the best, i wouldnt watch this if it's not for her.
Enjoyable!"
71,구경이,"a show driven entirely by insane women and their pathetic little men, need a season 2 immediately"
72,구경이,"i get the killing eve vibes for sure (it's inspired by the show/book) from the two female cat-and-mouse leads to the intricate kills to even it's soundtrack; i even put the ending theme on my spotify. but what i loved about this was how it managed to be really visually interesting and unique in it's own right, like when the kills are set up like plays on a stage, or suddenly a scene appears as a video game on screen complete with a Try Again? option
i wasn't too invested at first but by the end i was determined to see how it would conclude, despite the fact that not every mystery gets tied up (season 2?)
anyway, i highly recommend for a good murder mystery and also we fucking stan santa goddamn what a SWEET BOY"
73,구경이,god tier
74,구경이,"literally everything that i asked for , this is THE kdrama"
75,구경이,BEST K-DRAMA OF 2021
76,구경이,women.
77,구경이,plot twist el mudo es villano
78,구경이,"BEST KILLER EVER!!
I fancy everything about this series, especially the relationship between the inspector Koo and K. Still curious about Santa’s back story but well nvm, all i need is more episodes 😭
The OSTs give me Brit indie vibes, I’m obsessed!"
79,구경이,"Inspector Koo is a fun and engaging mystery k-drama that welcomes Lee Young-ae back into the spotlight.
Lee Young-ae is one of the most talented and popular actresses in South Korea but in 2005 shortly after being in Park Chan-wook’s film Lady Vengeance, she announced her retirement from acting to focus on her personal life. Since then, she has gotten married and even became a mother of twins during that time. For nearly 12 years she enjoyed her time away from acting and even though in 2017 she would come out in a few episodes of a show or even a short film it wasn’t until 2019 where she made her big screen debut and delivered an absolute knock out performance in Bring Me Home. Now she has joined a new K-drama series called Inspector Koo and it’s great to see her return to acting. 
Inspector Koo is full of twists and turns that make you keep guessing what will happen each episode and how things will play out. It even has a great sense of adding comedy into the mix that alleviated the much darker tone given the nature of the numerous investigations that are uncovered. 
Lee Young-ae delivers a performance that I’ve never seen from her before and it’s quite refreshing seeing her as a lazy detective that only cares about playing video games on her computer and enjoy eating bountiful amounts of food while having a great mind for solving mysteries that are too convoluted for anyone to understand. 
Overall, Inspector Koo will guarantee you having a good time that will make you laugh and shocked by the actions that we make and how it affects others. If you’re looking for a good k-drama to dive into I would recommend watching this."
80,구경이,2nd best show of 2021
81,구경이,im a slut for the actress irl she's so beautiful
82,구경이,"o começo me fez pensar sobre como toda a série parecia desesperada pra introduzir os personagens, com a Koo no primeiro episódio o tempo inteiro falando ou agindo estranho pra passar uma impressão meio ""olha gente, eu sou a NEET, não se esqueçam"", mas o que mais gostei do protagonismo dela é que ela não pensa de forma muito incomum, só se apega aos detalhes, não é nenhuma mentalidade ou inteligência surreal, e o que tem fora de realidade na série é o que foca mais em trazer um clima diferente além de ser só a história de uma investigação, e a parte humorística fez com que não apelassem pro sentimentalismo todas as vezes. a K em um momento eu adoro e outros me decepcionaram completamente, é até difícil acreditar que era tudo isso acontecendo com um personagem só, mas no fim é legal porque ficar notável que ela teve progressão e não foi só a malvada o tempo inteiro. o que me decepcionou demais na série inteira foi realmente essas ""quedas"" da personagem, mas compensa muito bem com a atuação excelente da Hye-jun.
ainda nos primeiros episódios, mesmo ainda não considerando uma série que eu gostaria muito até aquele momento, uma coisa que me agradava demais é que nunca abusam demais de um só cenário, e eu acho que isso deveria ser essencial pra qualquer série ou filme que envolva investigação policial.
agora o meu ponto preferido, e eu acredito que é a parte preferida de quem assistiu também é notar a cooperação indireta entre a Yu-kyung e a Koo pra chegarem até a diretora Yong. se fosse numa ""crua"" daria 3/5, mas teve coisas boas que recompensaram o que achei de ruim, então essa uma estrela extra é como se fosse a série se recompondo demais de umas bobeiras que poderiam evitar muito facilmente"
83,구경이,death note if they were lesbians
84,구경이,"Drama coreano que mezcla el thriler con la comedia y presenta a una detective inusual pero inteligente a la Sherlock Holmes.
En este programa de tv, vuelven a la puesta en escena en un personaje mas, ya que los escenarios de asesinatos los muestra como si fuera teatro o algunos flashbacks se comunican con el narrador.
Y por último podemos ver a la Señora venganza 15 años después mostrando la gran actriz que es."
85,구경이,SO GOOD!!!
86,구경이,"Ah si mi género favorito, gente linda y trolos"
87,구경이,Não achei ruim mas mt cansativo de assistir.
88,구경이,pls give me another season 🤧😭
89,구경이,"I wish this drama had a second season
A modern korean sherlock and moriarty game, funny and classical korean camera sequences "
90,구경이,"我目前看過最理想的劇集♡
因為它我要把《雖然是精神病但沒關係》改成4.5"
91,구경이,An enjoyable show with quite a quick pace unlike lots of korean shows. The cons is that they claim to be asian Killing Eve and it's just not.
92,구경이,"Full disclosure: I am only halfway through, but I was glad to see it as ""loggable"" (is that a word?) here at Letterboxd. Brilliantly acted, innovative, visually inventive (almost every episode had some new graphical gimmick) and at least one step ahead of thousands and thousands of similar ""wacky"" crime shows."
93,구경이,"JESUS this was good, I love the artistry of this show (especially in the first few episodes) and how they visually show thought processes. the villain is unique and the story and characters are very engaging, santa my beloved <3 i need a s2 with the team solving cases and maybe some more backstory tho"
94,구경이,ดีทุกอย่างแต่จบคาใจเว่อ
95,구경이,Santa
96,구경이,"it’s a very fun show… i was def more engaged w/ this series than “killing eve” which i never finished (ider which season i was on)
but ngl the twists and turns were getting tiring at 1 point and i was like, how is this season gonna end
but overall, i had a lot of fun, binged as much as i can, and am looking forward to s2’s craziness"
97,구경이,"you can never tell with people. they may seem fine, but they could’ve killed themselves because… that’s tough.
vou ser bem sincera aqui, achei engraçadinho. adorei que você não dá nada pela inspetora no início visto que ela não parece ter 2 neurônios mas a bicha é super inteligente.
não tenho muito o que falar sobre, foi bem bacana de ver, o mudinho é um dos personagens mais engraçados, devo admitir. no entanto, acho que deveriam só ter deixado a bonitona matar o pessoal, afinal, eles mereciam.
realmente não tenho muito o que falar, só que é legal, recomendo."
98,구경이,"An eccentric female inspector with her ragtag team fights against an intelligent yet adorable serial killer and her gay sidekick. There was wit and personality. It was smart and humorous and creative in design. This should’ve been right up my alley, but it wasn’t.* And I’m sad about that. Personally, it started getting good too late into the series. Not sure if they’re going to comeback with a second season, but I’ll try it again if they do!
*The Devil in the White City** is a historical non-fiction book about a serial killer during the production of the Chicago’s World Fair— everything I’d want in a book. You’d think I’d devour this, but in reality, it took me over two years to read it. I’ve read the first five chapters 4 times because I would take breaks that were too long and I’d forgotten what I had read before.
**Apparently this book is going to become a Hulu TV series with Scorsese, Leo DiCaprio, and Keanu Reeves linked to the project!"
99,구경이,eu te amo koo kyung-yi eu te amo
100,구경이,Original dark comedy that entertains with a strong female-led narrative.
101,구경이,Love a meta in last scene 🤣❤️
102,구경이,"Lee Young-Ae jadi detektif cerdas dan ngejar pembunuh berantai yang tak kalah cerdas di Inspector Koo yang tampil jenaka dan cerdik lewat presentasi investigasinya dan dikemas menyenangkan juga mendebarkan, terutama berkat penampilan memikat duo cast utamanya."
103,구경이,"This drama screams WOMEN!! ❤️
Life insurance agents chasing a female serial killer. Easily top 3 of my favourite k-dramas this year. Fresh and unique storytelling for a crime thriller, incorporating theatre plays and video game, plus the animation is very on point to tell the story. Iconic acting performances by Lee Youngae and Kim Hyejun."
104,구경이,"dark comedy at its best
As a theatre kid myself, I ADORE the use of classic theatre plays/stories
as K's almost instruction book on how to kill her victims and theatrical elements such as stage lighting (even having scenes inside a theatre!) It adds to the dark comedy theme and just makes everything more dramatic than it already is. The production elements along with the fun music help elevate the show's other aspects, making it a witty, quirky, and humorous ride for viewers. But honestly, it needs a season 2 because I need to know Santa's past so badly....
Also, LEE YOUNG-AE the LOML <3 I LOVE WOMEN"
105,구경이,#freek
106,구경이,"경이로운 이영애
경이로운 연출"
107,구경이,i’m thriving but after this ended i’m not :) what a gay kdrama in 2021–
108,구경이,One of my fave dramas this 2021!
109,구경이,"I still take issue with the finale as with Lee Jung-Heum's Nobody Knows, but arguably, on par with the best of Killing Eve and the first half already beats 3 or more entire seasons of some overhyped shows"
110,구경이,idk idc i love you lee young ae kim hye jun kim hae sook kwak sun young
111,구경이,GAYYYYYYYYYY
112,구경이,"The plot is cool, quite briliant, and well-crafted. The ending screams ,,justice for bad guys"", though have slight plotholes here and there (still acceptable). The casts are no kidding."
113,구경이,so gay. love that.
114,구경이,"BESTTTTTTTT the cast, the direction, the execution just muaaachhh love it. at first it reminds me of Killing Eve but this is much different. love the duo between the main leads. LEE YOUNG AE I LOVE YOUUUUUUU"
115,구경이,"duh ini drama bagussss dan padu banget. directingnya pinter, editingnya mulus ga bikin bingung. musiknya cocok dan bagus-bagus.
kaget pas tau directornya ternyata juga ngedirect Nobody Knows, drama favoritku di tahun 2020. Pak Lee Jungheum please never stop making action thriller🤝"
