,title,reviews
0,출사표,"best rom-com kdrama!!! the definition of healthy and supportive relationship <3
perfect balance of politics and rom-com too. also best cinematography!! it is so fun and quirky and fits the drama well. the quality is consistent all throughout the 16 episodes (imagine the creative process behind this drama??!! wow)
fun fact: its script won at kbs script writing contest and later on got adapted to into the ring drama
great chemistry. great writing. great visuals.
if it's into the ring, you will never be disappointed <3"
1,출사표,maybe the childhood best friends to strangers to enemies to friends to lovers trope trumps all
2,출사표,probably one of the best couples in kdrama history… they match so well omg… i loved when his personality changed pls
3,출사표,"OMG THE BEST DRAMA EVER IT'S ON LETTERBOXD!!
this drama is amazing, spectacular, brilliant, kind, funny, excellent, honest, real, beautiful, so well done.
this drama started my love for nana js"
4,출사표,"This is so underrated! It's really entertaining. The acting is great and the chemistry between main leads is just too cute. The office romance mixed with politics was fun. They have one of the best executions of the love-hate and childhood friends to lovers trope. Also, Nana is so good at comedy, I'm surprised! I'm gonna miss this duo so much<33"
5,출사표,"When I say best romcom drama I mean them.
The drama that made me fall inlove with Nana and Park Sung Hoon. Really enjoyed RaKkong and my best girl Goo Sera"
6,출사표,perfect
7,출사표,"sera & gongmyung one of the best kdrama and ""childhood friends to lovers"" couples to ever exist!!

(i won't rate this since i skipped a good chunk of it)"
8,출사표,"Underrated!! Also the cinematography throughout is unique and beautiful, its nice to see dramas taking place outside Seoul.
Refreshing take on a rom-com with political drama taking the main stage. The poster finally makes sense haha. Nana does a brilliant job of showing her range alongside the male lead."
9,출사표,nonton ini tanpa ekspektasi dan ternyata bagus bisa dibilang cukup underrated sih drama ini karena gak banyak yang ngomongin. dramanya ringan walaupun ada unsur politiknya mungkin karena dicampur sama unsur komedi dan romance juga terus suka sama hubungan dua karakter utamanya
10,출사표,"YALL!!!!! MY NEW FAV KDRAMA. But don’t take me wrong, this does NOT feel like a kdrama. So so so funny, much better take on modern day politics and lovely script/characterization. Thank u nana . I think it’s available on Netflix. it is in my country."
11,출사표,Nana超級漂亮😍
12,출사표,yeah
13,출사표,"Amazing drama that blended quirky with heart and a very realistic portrayal of politics that felt human.
Chemistry was amazing with one of my favorite couples."
14,출사표,i love everything in it it’s so funny and the chemistry is so good
15,출사표,"tem mta politica obviamente ne é o plot do dorama mas as vezes fica chatinho
O CASAL É LINDOOOO muito fofos
quero ser que nem a goo se ra quando eu crescer
ela virou uma das minhas personagens favs de todos os tempos"
16,출사표,cutest kdrama couple
17,출사표,"Don't judge a book by its cover
Who said politics can't be fun? A satiric comedy about politicians can't be wrong
I've watched almost every k-drama of this year and meanwhile the whole internet gets crazy by other K-dramas almost nobody was talking about this masterpiece so it deserves a properly review.
Usually to make a good drama you need a good casting, good chemistry between the main cast, a good story and good characters, this drama not only managed to succesfully do all of this but the script is insanely good, directing was something I've never saw before and edition was weirdly perfect.
I couldn't be more pleased with Moon Hyun-Kyeong's script and Nana's acting, they were perfect, she definitley deserves to win an award for best actress, meanwhile Moon Hyun-Kyeong already won for best script.
Hopefully this drama will open a door for more satiric stylished shows.
Oh and last but definitely not least, Nana's entrances to every scene should be used to educate 🙌
My score: 9.0/10"
