,title,reviews
0,카이로스,"This show is really excellent and I would highly recommend it to anyone who liked Signal, The Call ,Tunnel or any crime thriller fan.
The story is strong and well done, though not completely unique.
The cinematography ,sound track are
Captivating.
By the end, I just appreciated how excellent the actors were in their roles, and it really made for a fantastic watch."
1,카이로스,"Fantasy-mystery-thriller dgn eksekusi jempolan. Directing, scoring, editing, storytelling & acting yg luar biasa. Punya konsistensi suspense apik selama 16ep berturut-turut. Kasus penculikan jd jembatan 2 timeline berbeda. Salah satu yg terbaik di tahun 2020! 🍻"
2,카이로스,"ONE OF THE BEST TIME TRAVEL
THRILLER EVER!!!
The storyline and plot is PERFECT for a time travel concept. The main characters are actually SMART and they actually come up with realistic good plans to try and solve the mystery. The antagonist are all so intelligent that they use MANIPULATION rather than brute force to get what they want. SIGNAL + WORLD OF THE MARRIED = KAIROS
.
The present and the past are easily distinguished and they put DATE LABELS ON EVERY TRANSITION that makes it easier for the viewers to differenciate. It has ALMOST 0 PLOT HOLES and every change in the past perfectly resembles the change in the future flawlessly. The story IS NOT DRAGGY and every episode ends on a cliff hanger making you want more.
Recommended to VETERAN KDRAMA VIEWERS who can appreciate MYSTERY THRILLERS with NO ROMANCE.

Final Score : 90% 🍅"
3,카이로스,"mindblowing, well written, and perfectly executed. Why is this drama so underated!?!? :""("
4,카이로스,"1. Kairos (2020)
A very well written drama with good execution together with its assemble cast. The plot is simple but whatever twist and turn this drama has is unexplainable by words tbh. One of great treasure from 2020 dramas lineup (4/5)"
5,카이로스,"Bercerita tentang seorang pria yang jatuh ke dalam keputusasaan setelah mengetahui putrinya yang masih kecil diculik. Secara tidak masuk akal telponya terhubung dengan Han Ae-Ri yang hidup sekitar satu bulan di masa lalu. Ae-Ri juga memiliki kondisi yang sama, setelah ibunya tiba-tiba menghilang.
Drama thriller fantasi yang dikemas bumbu lintas waktu. Jelas pakde sung-rok kelebihan lain dari drama ini yang mampu mengimbangi drama yang pace nya cepat dan tense bikin gelisah. Penonton terbawa suasana dan bisa merasakan apa yang sedang mereka (para tokoh) rasakan. Ekspresi, mimik, gestur pakde bisa menggambarkan tokoh yang sedang merasakan akan kehilangan, keputusasaan, dan harapan. Tampil powerful dan sangat emosional.
Tidak lain hal itu didukung oleh penulisan Lee Soo-Hyun yang sangat baik.
""with a good script, director can produce masterpiece. with a good script, medioker director can produce a passable film. but with a bad script, even a good director can't possibly make a good film"" -- Akira Kurosawa.""
Begitulah kira kira pengegambaran yang cocok untuk drama ini. Directing nya benar-benar sangat biasa sih imo, untungnya kebantu dengan script yang memang bagus.
naskah nya ditulis dan dikembangkan selama 3 tahun lamanya. Jadi, sangat teresa pacingnya cepat dan menggebu-gebu tapi tetap tidak keliatan terburu-buru dalam membangung plot, ssemua dibuat ""mengalir"" Sebagaimana mestinya. Walau di babak kedua sempat kehilangan arah meninggalkan hole yang cukup menganggu. Termaafkan dengan babak akhir yang kembali ke jalurnya."
6,카이로스,"La premisa de 'Kairos' siempre tuvo potencial pero se terminó ahogando en una trama que da vueltas sobre sí misma volviéndose más confusa, reiterativa y aburrida con el paso de los minutos."
7,카이로스,I like the flow of the story and the twists. The lead characters portrayed their characters so well.
8,카이로스,"drama/series yg mainin time travel emang banyak, kadang ada yg bikin betah, kadang enggak. tp yg ini masih betah. hawa-hawa 'signal' kebawa sampe sini.
pusing sama 10.33 nya, tapi pas dicari maknanya keren, kalo ga salah ada di bible juga kairos 10.33 tentang apa."
9,카이로스,"again some drams does not need the whole 16 episodes to explain the plot, like this one at some point was just so repetitive I just couldn't take it anymore, if it was 10 episodes would be so much better and not so exhausting."
10,카이로스,Gives me doctor who kind of vibes but without the aliens
11,카이로스,amazing fantastic show-stopping never been done before or whatever lady gaga said
12,카이로스,"Comecei sem expectativas nenhuma. Eu gostei muito,melhor kdrama de suspense que assisti,o final é simplesmente perfeito,amei os personagens principais,melhor dupla,amo,amo,amoo"
13,카이로스,"2 orang dengan waktu yang berbeda tapi bisa berhubungan lewat telfon. Buat nyelesein drama ini mayan lama soalnya ditengahtengah udah ngerasa jenuh jadi dipending dulu, nyarii mood baruu lanjut lagi"
14,카이로스,"Ngapa underrated sih?
Btw, seungyoonieeeee😍😍"
15,카이로스,"Underrated drama yang bagus, ga kalah sm drama Signal yg setipe ttg time travel, malah lebih bagus Kairos ini (imo). Plot maju mundurnya dikemas sangat baik & teliti. Minim plot hole (biasanya banyak plot hole di film tema2 time travel), bener2 diceritain detail setiap kejadian yg satu di masa depan maupun yg di masa lalu. 
Kekurangannya cuma di visual yg kurang memikat mata, dan episode2 terakhir yg rasanya kayak dicepetin alurnya. 
Tp overall bagus banget. Menegangkan, addicted setiap selesai 1 episode pengen lanjut terus.
Love so much this drama ❤️❤️❤️"
