,title,reviews
0,로스쿨,“IT’S PULLING ME UNDERRR. IT’S DRIVING ME CRAZYYY”
1,로스쿨,I believe in Yangcrates supremacy.
2,로스쿨,"korean 🇰🇷
🌕2021 ranked
i love the whole study group (sol a, joonhwi, sol b, jiho, yeseul, seungjae😔, bokki) so much!! (sorry idl yebeom till the end i'm actually annoyed he just replaced seungjae like that and jtbc just threw seungjae out after he got permanently expelled from stealing exam papers??). seungjae and sol b are my personal favs and i feel so much for them so it hurts to see his screentime just decrease to mere seconds in the last episode😔
the ending also feels quite rushed,, like i'd like to see how the whole squad is doing after the few years time jump and not just sol a, joonhwi and yangcrates? there are also other plot points that bothered me like why did seungjae choose to go to law school when he was doing so well in med school? i know there's speculations on why but i'd just like to see it on screen,,,, i know there's also supposed to be no romance but just seeing the amount of chemistry go wasted on screen hurts me aaaa
still a really great kdrama throughout and they will always be such precious characters to me❤️"
3,로스쿨,Sol A whipping off that wig was one of the best parts of this show.
4,로스쿨,PROF YANG DILFFF ALL STARS ARE FOR HIM
5,로스쿨,"kang sol A? kang sol B? nah man, kang sol be my wife (yeah, both of them)"
6,로스쿨,"law school: sixteen episodes all about murder and crime and students being stressed out of their minds
me: hehe, my comfort show<3"
7,로스쿨,if u catch me suddenly researching law schools just mind ur business
8,로스쿨,"Menggigit lewat sengitnya adu argumen, studi kasus & simulasi sidang dgn background hiruk-pikuk mahasiswa Fakultas Hukum. Setup elegant, karakter powerful bersama narasi padat yg lantang membedah kasus pembunuhan & menyentil isu2 penting. Thrilling!"
9,로스쿨,"Minusnya cuma ending sih, harusnya episode-nya ditambah aja huhu tapi aku suka banget sama kdrama ini sihhhh i really enjoyed every episodes!"
10,로스쿨,"35. Law School
A drama that truly racking my brain to learn law as well along with the students, and how to get a way with a murder-esque. A good, smart and witty thriller that makes you hooked from start to finish but only If you're ready to swim deep with the law (4/5)"
11,로스쿨,"oh, a k-drama based on my pain as a law student & a lawyer 🥲"
12,로스쿨,I LOVE YOU KANG SOL
13,로스쿨,rewatched this bcs i miss the hankuk law school gang so bad and yangcrates too x( suddenly remembered how kdrama twt was going insane every episode aired and my tl was full of theories where some even suspected an innocent statue lol i miss that era
14,로스쿨,"Good things that kept me going:
- the law school squad
- prof yang
-yeseul’s case (the best case in this drama)"
15,로스쿨,kang sol a and kang sol b pls kiss :)
16,로스쿨,"Being loyal is sitting through the intro song every week and coming back for the next episode, when they said 'it's driving me crazy' I felt that fr"
17,로스쿨,yesssss! i love law school squads!!
18,로스쿨,"""The law is imperfect justice. But when you teach law, the law must be perfect. And when you study law, it must be synonymous with justice. Because unjust law is the most cruel violence.""
-Law School
I can hear the theme song playing now🎵 (2nd Slide)
Wow this show was amazing! It is currently seating as one of my top three favorite shows.
Law school is about a prestigious school in Korea. In the first episode while being in the middle of a mock trial one of the professors is murdered. We follow two law professors and their students as they solve the case.
In Law School you can find....
+Relatable characters
+Supportive Friendships
+Inspiration Fight for justice
+Suspense
+Best Ending
+Great soundtrack
+Amazing Chemistry 👏👏👏
There is no romance in this drama the writers could have easily added it but decided against it. Hope that's not considered a spoiler.
This show also touches on heavy topics like domestic violence and suicide.
In my personal opinion the actors and writes did great job being respectful when the subjects came up.
Sadly dramas, books and other forms of media STILL romanticizes abuse. Which is disturbing and disrespectful. Law School is not one of them, the opposite actually.
I really appreciated this and I know I'm not alone.
If you like shows about justice and law I would highly recommend giving this one a try. Law School /2021/Netflix (PG13) TV14
⚠️Trigger Warnings ⚠️
+Some Language
+Suicide
+Murder
+Domestic violence
+Mention of sexual assult"
19,로스쿨,Messy. I love the characters though. I just hoped that more crimes were featured instead of focusing on the death of Kim Bum’s character’s uncle.
20,로스쿨,it's the dutch angles for me.
21,로스쿨,"Its pulling me under, its driving me crazy indeed.
Walaupun 4 episode terakhir kayak ke sekolah bangunnya telat (buru-buru). Untungnya ‘Law School’ hingga menit terakhir masih berlaku adil pada penyelesaian cerita dan tiap karakter-karakternya, sebagaimana tujuan utama hukum itu sendiri."
22,로스쿨,yangcrates made me continue watching this…. i’d actually listen to him talk all day
23,로스쿨,YANGSOLHWI MY BELOVEDS
24,로스쿨,"This drama does a great job of utterly confusing you in order to keep up your attention, and I loved that. It is certainly not perfect - the storyline was mostly great with nice acting, however some of the characters were really annoying to follow sometimes (although I appreciate the way the main characters were written to have very different mindsets, but all were equally valuable despite their differences). I have to give it extra praise for dealing with deep topics such as an abusive relationship or a suffocating pressure from parents, in my opinion it does a great job of portraying these very important problems. 
P. S. The overuse of shots of the Justice statue was camp."
25,로스쿨,they milked tf out of those statue shots
26,로스쿨,PROF YANG DILF
27,로스쿨,panget hindi umamin si han joon hwi
28,로스쿨,"[Spoiler rate: 25%]
Seo Byung-Ju (Ahn Nae-Sang) adalah salah satu profesor dan juga pengajar senior di Universitas Hukum Hankuk. Dia berjasa terhadap kampus, salah satunya berhasil menghimpun dana dan “menyulap” salah satu ruangan kampus menjadi ruang persidangan selaik ruang persidangan aslinya. Harapannya, dengan adanya ruang persidangan itu, para mahasiswa dapat melakukan simulasi sidang perkara.
Naasnya, di sela simulasi sidang yang dilakukan para murid, Byung-Ju ditemukan tewas di ruang kerjanya. Dia ditemukan salah satu muridnya dalam kondisi mulut berbusa. Di atas meja, terlihat sebuah gelas minuman. Sepertinya Byung-Ju tewas diracun.
Kampus gempar. Semua orang tak habis pikir sebuah pembunuhan terjadi di tempat di mana hukum diajarkan. Polisi mulai menyelidiki kasus tersebut hingga beberapa nama yang diduga menjadi dalang kejadian ini didapatkan. Pada akhirnya, dikarenakan alat bukti yang ditemukan, Yang Jong-Hoon (Kim Myung-Min) yang ditetapkan sebagai tersangka. Jong-Hoon tak lain ialah profesor muda dan staf pengajar di Kampus Hankuk.
Namun, benarkah dia pelakunya?
Jong-Hoon tipe pengajar yang nyentrik. Nggak semua orang suka padanya. Dalam mengajar, dia juga tegas dan kadang memberlakukan peraturan dan cara belajar yang menyulitkan siswa. Tak terkecuali dua murid paling pintar yakni Han Joon-Hwi (Kim Beom) dan Kang Sol B (Lee Soo-Kyung).
Tak terima dituduh sebagai tersangka, Jong-Hoon ikutan melalukan penyelidikan dengan dibantu oleh pengacaranya. Kemudian didapati bahwa Joon-Hwi juga memiliki motif. Walaupun Byung-Ju adalah pamannya sendiri, ada kemungkinan dia membunuh karena alasan tertentu. Sol B pun demikian, mahasiswi cerdas ini tersandung kasus plagiat di mana hasil karya ilmiah yang ia ikutkan dalam satu kompetisi sama terdapat banyak kemiripan dengan tesis yang dibuat oleh profesor Byung-Ju.
Beberapa siswa lain yang kebetulan berada di lokasi dan memiliki motif untuk membunuh pun dicurigai. Polisi bahkan kebingungan dan hingga waktu yang ditentukan lewat, polisi tidak dapat memastikan siapa pembunuh sebenarnya maka profesor Joon-Hoon harus dibebaskan. Hanya saja, dia dimintai wajib lapor selama proses penyelidikan berlangsung dan dia juga dibebastugaskan dari mengajar sementara waktu.
Selama kasus pembunuhan profesor Byung-Ju diselidiki, berjalan pula kasus-kasus lain yang melibatkan Kampus Hukum Hankuk. Misalnya saja kasus pelecehan dan kekerasan seksual yang dialami salah satu murid yakni Jeon Ye-Seul (Ko Yoon-Jung), atau kasus kematian ayah dari murid lainnya -Seo Ji-Ho (David Lee).
Jadi, sepanjang drama berjumlah 16 episode ini, saya disuguhi dengan berbagai sidang hukum beberapa kasus yang lumayan berat. Salah satu tokoh kunci lainnya yang ada di drama ini ialah Kang Sol A (Ryoo Hye-Young), mahasiswi dengan kemampuan biasa-biasa saja, namun memiliki tekad belajar yang tinggi. Kelak, Sol A akan menjadi kunci dari beberapa kasus sekaligus yang melibatkan orang-orang yang ada di sana.
JURI HUKUM DARI WARGA BIASA
Di kasus pelecehan seksual yang dialami Ye-Seul berdampak besar. Ia tak sengaja menciderai pacarnya yang merupakan anak dari kepala petinggi kampus sehingga pacarnya itu cidera berat. Ye-Seul terancam hukuman penjara, padahal apa yang ia lakukan semata-mata membela diri sebab pacarnya berniat menyebarkan video hubungan intim mereka ke sosial media.
Hakim kesulitan memutuskan siapa yang salah (terlepas ada desakan juga dari kepala petinggi kampus) sehingga dalam kasus ini, warga biasa dikumpulkan, diseleksi dan dijadikan (katakanlah semacam) juri hukum.
Bagi yang pernah menonton 12 Angry Men, juri hukum yang saya maksudkan sama seperti itu. Rupanya, di Korea Selatan (juga di Amerika Serikat, di film 12 Angry Men itu), dimungkinkan jika masyarakat biasa dengan latar belakang yang berbeda-beda ditetapkan untuk membantu memutuskan siapa yang bersalah dalam satu perkara.
Menurut saya ini keren! Walaupun penegak hukum (baik tim korban atau tim lawan) harus menyeleksi dengan ketat latar belakang calon juri hukum ini agak tidak ada praktik kepentingan. Saya membayangkan, jika Indonesia memakai cara yang sama dalam memutuskan satu perkara yang pelik, menarik juga, ya.
Sepanjang nonton drama ini, saya merasa jadi ikutan kuliah hukum dan ikutan pintar seperti murid-muridnya. Walaupun jelas hukum di Korea Selatan berbeda dengan di Indonesia, tapi secara garis besar dalam pemikiran awam, saya sebagai penonton bisalah ya menilai mana orang yang baik dan mana orang yang jahat.
Akhirnya, Law School bisa dibilang salah satu drama Korea yang berbobot, yang setelah sepanjang nonton bikin saya kepikiran, “kenapa dulu nggak kuliah hukum saja ya?” haha. Bagi yang suka drama bertema hukum, Law School dapat dijadikan pilihan. Menurut saja walau temanya berat, tapi penulis skenario drama ini jago sehingga secara keseluruhan dapat mudah dimengerti.
Skor 8,6/10"
29,로스쿨,YANGCRATES DILF
30,로스쿨,what a blast to watch
31,로스쿨,i wanted to peg a certain professor each time he came on my screen 💥💳💥💳💥💥
32,로스쿨,"Wasn't really on the same level as How To Get Away With Murder, however, I must say this is an ""ok"" legal-drama-based series."
33,로스쿨,law school izlerken bir anda hukuk fakültesine kayit yaptirmis olmam unutmayacağim bir anı oldu benim için gerçekten de...
34,로스쿨,"should've had sky castle's ost, ""we all lie"" than ""we are"" since that's what they kept doing on the drama"
35,로스쿨,"Where to start
- Sol B was played to such perfection. Her diction, her demeanor, she's a magnetic BABE
- The plot was literally all over the place. I counted and in one episode alone this show attempted to juggle and advance 8 different plotlines. I kept asking who was the bad guy and not in a ""ooooh these characters are all so grey and complex"" way more of a ""I genuinely don't understand whats going on why are they playing creepy music when hes just buying coffee"" kind of way
- Kim Bum and Sol A unresolved relationship bait is not appreciated in this house. Thats what you get for biting off more than you can resolve in the span of 16 episodes, show
- It was an entertaining ride let down by a underwhelming end. Like it was so underwhelming that my feelings on the rest of the show are so meh. I did take away an interest in puzzles though"
36,로스쿨,"interesting plot, good acting, good production quality
boring characters (your typical plucky female lead with tragic backstory, edgy male leads also with tragic backstories and very few scenes with any actual depth, your typical “heehoo” funny older people and side characters, all of which are not particularly interesting or well done) - and i mean very, very boring."
37,로스쿨,all time favorite <3 yangcrates is the moment
38,로스쿨,it honestly sends me that joonhwi kang sol b and jiho are the only smart people in the study group
39,로스쿨,i be rewatching this just to see 4 minutes solhwi crumbs
40,로스쿨,"i admit this drama made me motivated to study and get a study group like them. The acting of all the cast is very natural RYU HYE YOUND AND KIMBUM THOOO!!, it's just that the storyline seems to be forced to approach the ending. although there are still many unanswered problems."
41,로스쿨,the subtle romance!!!?!?!
42,로스쿨,"i really love mind bending stories but this one may be too complex for my liking (or i’m just too dumb) but such a thrill to watch and i’m already hooked from the very first scene! i must say this series is pulling me underrrr and driving me crazyyyy
i also feel very connected to each character in some way, every person in the study group has their own story that makes them very unique and interesting in their own way, while professor Yang character is just 💯. i feel like the ending is quite rushed like they’re not giving us the closure that we want to?? i want to see how everyone is doing not just the 3 of them but i’m happy for where they are now… and there’s still a lot of plot holes that left unanswered 
and p.s as a law student i got asked a lot about things like “why do bad guys need a lawyer?” “what’s the difference between self defense and assault” and thank god they cleared those for me so i can just recommend this series whenever i received those questions again"
43,로스쿨,"Surprised to find this on Letterboxd. A blast to watch weekly, and hooked me right from the start, recommended esp. for those who like legal dramas with the same vein as ABC's How to Get Away with Murder, althpugh arguably less soapy. (This show's pilot has a prominent scene similar to Annalise's introdiction on HTGAWM's pilot.) Middle set of episodes require some suspension of disbelief, but I rooted for the professor and his merry band of students till the end. Hope there is a season 2 though!"
44,로스쿨,"Sebagai awam hukum dan baru beberapa biji aja nonton film dan series hukum, ini bbrp hal baru yg ak dpt:
1. Merekam bukti spt pembicaraan, video atau foto diam2, itu ilegal ya ttp ga sah buktinya, kecuali jd bagian dr interaksi. Aku baru paham rasionalisasinya.
2. Naik banding itu ternyata ada istilah ""penyalahgunaan hak banding"". Jadi selama ini koruptor yg naik banding mulu sampe hukumannya tdk lebih parah dari nenek2 nyolong sendal dan semacemnya, itu bajingammm jg
3. Membela diri itu sekali serangan, kalo berkali2 namanya perkelahian.
4. Soal kenapa orang yg dianggep jahat ttp butuh pengacara
Suka konsepnya, satu premis jd kendaraan yg mengantar ke konflik2 lainnya. Klimaks drama ini ada di kasus Ye Sul sih, bagus banget ituu, soal pelecehan seksual dan toxic relationship dan impact psikologinya dpt banget.
Asik banget sih jurusan hukum bisa adu bacot tp bukan debat kusir yg ujungnya ad hom, adu bacot tp ttp kontekstual, bs nyocot jgn emosional tp jgn baper.
Sayangnya, klimaks dr kasus utamanya agak antiklimaksnya, episode terakhirnya juga gitu doang itu si Dewan Ko, plus masalah kembaran, really? Udah 2021 woy. Yah penyakit sepertiga akhir drakor yg kumat. But still, entertaining dan mengedukasi."
45,로스쿨,Kore dizilerindeki tesadüf ve karakterlerin gecmislerinin bağlantılı olması çok saçma. Ama dizi genel olarak güzeldi ve sürükleyiciydi. Öğrencilerin kıdemli savcılara dava acabilmesini kıskandım
46,로스쿨,opusemediler ya gercekten icimde kaldı
47,로스쿨,medyo rushed ung ending but its ight
48,로스쿨,"to quote one miss Lady Gaga: 
“talented, brilliant, incredible, amazing, show stopping, spectacular, never the same, totally unique, completely not ever been done before, unafraid to reference or not reference, put it in a blender, shit on it, vomit on it, eat it, give birth to it.”"
49,로스쿨,sebenernya ga bagus2 amat tp seru dan relatable bgt
50,로스쿨,"🎶 it’s pulling me under.. it’s driving me crazeyyy
aaah i really don’t want this drama to end 😔 it motivated me a lot to actually study hahah eventho i expected the case to not only focused on seo byeong-ju’s case, but i still enjoy every moment of this drama. loved every cast’s chemistry esp. kim bum <3 ryu! 💖🥺
and the ending.. i’ll just pretend solhwi happily married 😉

(-) there’s too much things left unanswered, they should’ve made it 20 eps long so they can explain more about everything, but i guess it is what it is."
51,로스쿨,professor yang is literally the dilfiest dilf i've ever seen i genuinely could not focus anytime he came on the screen with his beautifully deep voice and the way his hair curls in the back
52,로스쿨,innocent until proven guilty 💪
53,로스쿨,change of plans i wanna switch med to law
54,로스쿨,"The law is imperfect justice. But when you teach law, the law must be perfect. And when you study law, it must be synonymous with justice. Because unjust law is the most cruel violence.
Hampir bisa ngasih rating untuk k-drama ini 4,5/5 kalau aja akhir episodenya nggak begitu. Tapi cukup terpuaskan sama isu-isu yang diangkat dalam kasus disini.
Btw, Go Youn-jung manis banget yaAllah."
55,로스쿨,"first of all, fuck solhwi!?! 2sol >>>
second, where is season 2"
56,로스쿨,Yangcrates you’ll always be famous
57,로스쿨,"bad, but i felt like a hot lawyer watching"
58,로스쿨,HAN JOON HWI /&:$)/&:/!:?.)/$/$:)(#]^|%%]??!!!
59,로스쿨,its driving me crazy
60,로스쿨,Best show ever me thinks
61,로스쿨,I need more of this cause it's driving me craaazzzy
62,로스쿨,prof so yummy??? ehe
63,로스쿨,"alur nya bagus bangett, plot yang ga ketebak, dan dalam drama ini setiap pemeran itu dibuat punya masalah nya masing2 dan belajar jadi lebih kritis 💯"
64,로스쿨,i called the culprit from the very first eps but the twists sorta threw me off and made me doubt myself ngl
65,로스쿨,professor yang dilf alert
66,로스쿨,"This series is so fun, even tho most of the time i don’t even know what they’re saying but hell yes, what a great performance👏🏼"
67,로스쿨,prof yang >>>
68,로스쿨,"Law School é a melhor serie jurídica feita e rodando DENTRO da streaming Netflix. Podem falar o quanto quiser de Suits e seu narcisismo Specter ao longo das 9 temporadas incríveis, podem falar o quanto quiserem de how to get away with a murderer com diversos momentos emblemáticos ao decorrer das seasons, mas Law School traz uma essência maior do direito real.
É uma serie/kdrama que contém em seu primeiro episodio algo que falta em diversos títulos da plataforma: plot twist e ansiedade ao viewer. O começo com os alunos em um júri simulado e que brevemente se vira ao assassinato do reitor da Escola de Hankuk é algo inesperado e que traz a curiosidade. LS traz algo que está dentre os tapetes sociais, não imaginados desde a Grécia Antiga - o direito é estupidamente corruptível e a sombra desse fato é os aplicantes dele. No livro 'A essência do Estado de Direito' de David Beatty examina exatamente essa parte. Porque os juízes, promotores são chaves da sociedade nos quais são consideráveis imputáveis? Desde o inicio do enredo, há uma clara demonstração do porque a promotoria é considerada o Olimpo. Soberanos e aliciadores. Outra obra que abre as portas neste pensar é 'Sereis como Deuses' de Piovezan. Voltando a base do seriado, o professor de direito penal, reconhecido como ''Yangcrates'' - creio eu que por seu método de ensino ser o que mais precisamos hoje nos colégios. Não adianta ter 15 teorias e 1 pratica. Em sua aula, nada se resume a leitura, explicações vinda deles, mas sim uma pratica que impõe os alunos a pensarem já como magistrados, isso mesmo, magistrados e não advogados. O nível de prática dele como dito até pela promotoria no episódio 13 do julgamento de Ye-Seul ''É alguém que costuma usar a lei como ninguém costuma''. A invencibilidade e confiança da promotoria desaba a cada passar de epsodio e isso não é feito unico de Yangcrates. O grupo de estudo que é focado na serie, entre os 6 alunos, são as ferramentas dessa desconstrução jurídica em Hankuk, porém temos 4 alunos que são os pilares que sustentam a briga entre a justiça e injustiça. JonHwi, Kang Sol A, Jiho e Kang Sol B, principalmente Jonhwi que é considerado o gênio da turma por ter passado na segunda fase da Ordem, mas ter desistido de ingressar e voltar a faculdade de seu tio, que foi assassinado.
Meus parabéns aos diretores e atores dessa obra de arte chamada Law School. Lembro que, eu gosto muito de outras series jurídicas como citadas no inicio do texto, mas essa em especial me chamou deveras atenção pela forma que é aplicada e elaborada. Com o passar dos tribunais, debates, aparecem os artigos, que inclusive fui conferir e são reais do código penal, civil da Coreia do Sul. Uma pena conter 16 episódios sendo que poderia ser muito mais elaborada. Pelo comentário eu daria facil 5 estrelas, mas como nem tudo é perfeito, alguns buracos irreparáveis como tal o recurso extraordinário do promotor Jin ao ser acusado pelo aluno Jiho por ter vazado noticias do crime antes do permitido. Não houve conclusão e não mostraram o resultado. Como não so fosse isto, os únicos personagens mostrados em seu futuro foram o Jonhwi, como novo promotor, Kang Sol A como advogada e Yangcrates como professor de direito penal. Houve essas falhas dentre outras também, mas não tira o mérito da serie ser uma das melhores que tive o prazer de assistir e analisar.
It's driving me crazy."
69,로스쿨,it’s driving me crazy ~
70,로스쿨,Dramanya ga kuat ga kuat😔
71,로스쿨,"kdrama #6
yang dilf moment……….."
72,로스쿨,"filed under ""pinanood para lang maalala ano pakiramdam mag aral under f2f set up"
73,로스쿨,i need romance between kang sol a & joon hwi
74,로스쿨,the camera angles made it extremely difficult to take any of this seriously
75,로스쿨,"solhwi is CANON, idc what the show says."
76,로스쿨,man why can’t i have this
77,로스쿨,"just finished watching this, it was so great. the whole cast ate it up. kim bum always delivers!!!"
78,로스쿨,Driving me crazy driving me crazy driving me crazy driving me crazy
79,로스쿨,one of the most brilliant kdrama in 2021
80,로스쿨,Every time the statue appears....you take a shot rsrs
81,로스쿨,i'm halfway through the series and the college setting is making me crave the uni experience so bad
82,로스쿨,mau pindah hukum imida
83,로스쿨,FUCK I LOVE THIS KDRAMA SO MUCHI
84,로스쿨,yangcrates top fan <3
85,로스쿨,I want to be like joowhi so bad
86,로스쿨,"A voz do papai Myung min desestabilizando todo mundo, literalmente."
87,로스쿨,quite enjoyable also I'm really glad to see Kim bum in a drama again lol he was my fave in bof
88,로스쿨,its pulling me UNDER its driving me CRAZY
89,로스쿨,"IT'S PULLING ME UNDER, IT'S DRIVING ME CRAZY. YANGCRATES SUPREMACY ✨"
90,로스쿨,i never wanted to join a study group so bad
91,로스쿨,"comecei esse por causa do kimbum e
nossa amei tudo a atuação dele do myungmin da hyeyoung de todo mundo simplesmente chefkiss!!! adorei bater cabeça fazendo teoria pensando quem matou quem ali e agora sei metade das leis coreanas só por causa deles 💪🏼 yangsolhwi my beloveds"
92,로스쿨,The twin thing was so cringe and the story was left incomplete.
93,로스쿨,"Awalnya coba-coba buat melipir ke Law School karna basically ini bukan comfort movies ku (a.k.a romance) sepanjang episode nyoba positif thinking kali kali diselipin romance dari Joon Hwi & Kang Sol eh taunya emang engga ada sampe episode habis :'D
Tapi untung saja ada karakter Prof. Yang yang buat aku mau duduk manis nontonin iniii, He's superrrre supremee😂🤏"
94,로스쿨,"The law is imperfect justice. But when you teach law, the law must be perfect. And when you study law, it must be synonyms with justice. Because unjust law is the most cruel violence.
as a law student myself, that really stuck with me. i had never dreamt about a career or anything like that, but now I'm actually quite excited to graduate and do something impactful with the things I'm learning lol"
95,로스쿨,the love triangle (?) is so stupid kang sol a and joonhwi can be together idc but sol b is literally mine shes for girls
96,로스쿨,"Professor Yang is THEE DILF, my god. That mans voice does something to me. 
Anyways keeping my dumb ND brain stimulated is a hard enough feat but this show had so much going on that my level of engagement resulted in some sort of extended dopamine hit. So cheers. Highly recommend."
97,로스쿨,didn’t expected to actually like law related kdramas but this was good and kept me interested !
98,로스쿨,seriously one of the best kdramas i’ve ever seen!!
99,로스쿨,It's pulling me under its pulling me. It's driving me crazyyyyy driving me crazy
100,로스쿨,Gimana ya caranya gw melanjutkan hidup setelah menerima fakta kalo Bpk. Yth. Yang Jonghoon cuma fictional character
101,로스쿨,Didn’t like the ending
102,로스쿨,Forever sad that they didn't give us them.
103,로스쿨,The How To Get Away With Murder comparisons are valid. If you had any interest in that show this would be up your alley. Great acting by the cast but mired by unnecessary plot lines/devices however still a solid show. Production is great and one of the best theme songs I’ve heard in the last couple of years.
104,로스쿨,"All hail Yangcrates.
Also, Han Joon-hwi, best boy."
105,로스쿨,at some point i only watched this for solhwi AND THEY DIDN'T EVEN HUG WTF
106,로스쿨,Con ganas de estudiar leyes después de ver este drama xD
107,로스쿨,"ok i love the whole chemistry of the gang along with the professors but the camera angles make my brain hurt (and some were pretty awkward)
plus, i wanted to see more of the ending because the last few minutes felt like an afterthought. i was rooting for yeseul to be a women's rights lawyer or bokgi to be a human rights lawyer just like what they wanted. And I WISHED THEY DIDN'T END SEUNGJAE’S PLOTLINE SO EARLY???? idk his life was actually interesting along with dan and sol b
also... the villain’s death was so anticlimatic... i watched 16 episodes of this drama for him just to die like That...
anyway, sol a, sol b, and yeseul are my girls i love them"
108,로스쿨,the hard thinker was now your turn! Yangcrates was all we need.
109,로스쿨,"with a lot of kdramas I can loose interest in it, this is one of the first dramas where I didn’t feel as though it was being dragged on and really enjoyed it!"
110,로스쿨,starts off boring but then it gets good. ive been on the last episode for months cause i’m not ready but this is nice.
111,로스쿨,"Honestly, I would’ve rated this higher if only I had finished the show properly.
The beginning was very gripping, but it trails off and get excessively long to the point where I was like, “get to the point already.”"
112,로스쿨,"أقدر أعتبر الدراما من أفضل درامات 2021 ومن أفضل الأعمال القانونية القليلة الي شفتها ولو إني ما شفت كثير يعني..
عمومًا قبل ما أبدأ مراجعتي ابي اتكلم عن شعار الدراما
طريقة تحول حرف الـ A بالإنجليزية لـ 스 بالهانغول جميلة
جميلة،بسيطة صح بس لفتتني وعجبتني وحسيت لازم أتكلم عنها
عمومًا كنظرة سريعة على الدراما فهيّ دراما قانونية جيدة رغم بعض السلبيات،لكن عمومًا تظل جميلة وتستحق المشاهدة وإيجابياتها تغلب على السلبيات الي متركزة في التصوير والإخراج في أول الحلقات والاهتمام بالحبكة الدرامية أكثر من الحبكة القانونية في بعض المشاهد وبعض الأشياء الي كانت مجرد حشو زي سالفة سونغجاي والمشاهد الكوميدية السخيفة الي يحشروها في كل دراما ""شخصية المحامي وذاك الي في المطبعة- مدري ايش الهدف منهم غير ثقالة الدم،يعني ليه ما يخلوه محامي عادي ليه مخلينو ثقيل دم ويسوي حركات سخيفة؟🧍🏼‍♀️
الإخراج في أول حلقتين كان شبه سيء لكنه يتحسن مع مرور الحلقات،التصوير وحركة الكاميرا أيضًا كانت مزعجة بشكل كبير،كأن المصور أول مرة يمسك كاميرا وقاعد يلعب،وبعد الانتقالات الزمنية كانت سيئة لكن عمومًا جميعهم يتحسنوا بعد الحلقات الأولى،فيه بعض المشاهد كان استخدام الـ slow motion غير مناسب وشبه مزعج الصراحة بس ما كانت كثير،الموسيقى جيدة ومناسبة للجو العام للدراما غير إن الصوت حق it’s pulling me under,it’s driving me crazy” كان مزعج وما يحسسني بأي حماس،لو اكتفوا بموسيقى بس أفضل🥲
من أكثر الأشياء الإيجابية فيها تركيزهم على القصص الخلفية للشخصيات وطريقة ربطها بالقضية المحورية،وبناء القصة من خلالها،بدل ما يستعرضوا قضايا أخرى لشخصيات أخرى ما عدا في قضية واحدة -النفقة على الأطفال-.
الأداء التمثيلي كان جميل وبسيط بدون مبالغات من الكاست كله ما عدا شخصين كانت مشاهدهم مزعجة""الشخصية الشريرة في الدراما-كو- ومن مجموعة الدراسة ييبام""،مشاهد الحوار والحوارات الطويلة خصوصًا وأداءهم فيها رفع من قيمة العمل سواءً كان من قبل البروفيسور أو الطلاب.

الشخصيات المحورية ثلاث شخصيات بُنيت عليها الدراما،البروفيسور يانغ،ومن مجموعة الدراسة أكثر من تسلطت الأضواء عليهم هم جون هوي،وكانغ سول اي.
عمومًا مجموعة الدراسة حبيت كون شخصياتهم متناقضة بس ترابطهم وتفاعلهم مع بعض مُثير للاهتمام.
البروفيسور شخصية كاريزمية بإمتياز ،الشخصية الأروع والأفضل وإلي أدّاها ميونغ مين بكامل روعته، سماع الخطابات والحوارات الطويلة منه كان رائع أيضًا،البروفيسور يانغ شخص جدّي،صارم، لُقب بـ""تلميذ سقراط"" بسبب صرامته وامتحاناته الصعبة، طريقة تدريسه فريدة من نوعها وغير تقليدية حيث أنه إستخدم قضيته ""اتهامه بقتل البروفيسور سو بيونغ جو""لتعليم طلابه دروسًا قيمة في القانون الجنائي بدءًا من إثبات براءته من قتل عم جون هوي إلى الكشف عن حقائق أعمق (وأكثر قبحًا) حول العالم القانوني، كانت لحظة البروفيسور المفضلة بالنسبة ليّا عندما تمكن من كسر جدار صمت ييسول من خلال استجوابها بفعالية أثناء محاكمتها وعمومًا محاكمة ييسول أفضل ما فيها كان أدائه.
عمومًا جامعة هانكوك محظوظة بوجود البروفيسور💕
هان جون هوي،كانت عندي مشاكل سابقًا مع كيم بوم والصراحة كنت متخوفة من دورو وأدائو للدور لكن كان مثالي للدور فعلًا،حبيت اختيارو للشخصية الي مناسبتو جدًا ولايقة عليه شخصية الطالب الذكي المتوازن جدًا😂💘،الشخصية كانت تحمل جانب عميق صوّره كيم بوم بشكل مُقنع،كونه دخل القانون لسبب،قُتل عمه الحبيب وأصبح فجأة أحد المُشتبه بهم،في شيء في البداية تضايقت منو إنو كيف ما أبرزوا مشاعرو جون هوي بمقتل عمو يعني عمو الحبيب قُتل كيف ما أبرزوا حزنو؟ وتوصلت لاستنتاج إنو ما كان عندو وقت للحزن كونو مصدوم بالوفاة المُفاجئة وطريقة الوفاة بحد ذاتها واتهامه ومحاولتو لإثبات براءتو وضغوطات حياتو الأكاديمية،وهذا بعد كان سبب في عدم وجود لوف لاين والصراحة ما تمنيت يكون فيه أصلًا بس عمومًا صعب يكون فيه وصعبة على جون هوي التعامل مع كل هذه المشاعر دفعة واحدة:(
ابتسامات عينو كانت معدية وجميلة:(💘!
كانغ سول اي شخصيتها جميلة ولطيفة وواقعية بدون أي تعقيدات،كانت تُكافح من الناحية المالية والأكاديمية وحتى العائلية لكنها لا تستسلم أبدًا.شخصية مُثابرة،-كنت انتظر درجاتها معاها🧍🏼‍♀️- بعيدًا عن حياتها كطالبة جامعية كانت ابنة وأخت تهتم بعائلتها جيدًا وجميلة الروابط العائلية الي كانت بينهم~
هي يونغ أدائها كان جميل سواءً في المشاهد الدرامية أو الكوميدية ومناسبتها الشخصية جدًا😂🤍🤍،بما إني حبيت أدائها جدًا ومبسوطة إنها أخذت دور نوعًا ما أبرزها وحنتظرها في أعمالها القادمة طبعًا🤍
الشخصيات الثانوية الرائعة:
الرائع دائمًا بارك هيوك كوون تنطبق عليه مقولة السهل المُمتنع فعلًا،من الممثلين المظلومين الصراحة،وشخصية المُدعي العام الفاسد كانت مناسبته بشكل غريب😂
الرائعة دائمًا لي جيونغ يون،النقيض التام من تلميذ سقراط😂،بروفيسورة لطيفة،مُقربة من طلابها ومهتمة بهم،مستعدة للتضحية بمصلحتها من أجل الصالح العام،مقاطعها الكوميدية كانت جميلة وبدون تصنع😂💕
الجميلة لي سو كيونغ،كنت أعرفها من الأفلام وانبسطت لما شفتها هنا💕،اختيارها للشخصية جميل،تختار شخصيات تناسبها غالبًا،شخصية الطالبة ""المثالية"" الي تجمع الجمال والفكر والإرادة القوية والصلات والثروة،مع ماضٍ يُطاردها،كانت مناسبتها جدًا واهتمامها بتفاصيل شخصيتها كان جميل💕،استعراض قضيتها ومشاكلها مع والدتها،عائلتهم المُتفككة كان مرضي لحد كبير،تطور شخصيتها كان جميل💕
أداءها مُقنع بشكل كبير ومتطورة عن أداءاتها السابقة💕
الجميلة قو يون جونغ💕، تطور شخصيتها هو الأروع والأفضل،رحلتها من كونها ضحية للإساءة إلى كونها الآن بطلة ضد العنف خلتني فخورة للغاية!،آلمتني رؤيتها وهيّ تخلط ما بين الحب والإساءة وغير قادرة على التمييز فيما بينهم، لكن بدعم من أصدقائها وأساتذتها قدرت تدرك إنها لازم تقاتل لنفسها مو ضدها،وهنا يتوضح لنا أهمية الدعم للي تعرضوا للإساءات العاطفية.
أدائها كان جميل،رائع،مُريح،بدون مبالغات💕،قدرت تثبت نفسها بشكل جميل وأنتظر القادم منها طبعًا💕
حبيت إن الدراما سلطت الضوء على قضايا ذات صلة في المجتمع.فيه آلاف من ضحايا العنف ، والابتزاز العاطفي ، والتحرش الجنسي الي خايفين يتكلموا في العالم كلو مو بس كوريا،وممكن يكونوا نفس ييسول مو مدركين وفي حالة صدمة وإنكار،ادعموهم لا تديروا ظهوركم لهم،حتى لو كان دعم معنوي يفرق كثير!
من أكبر السلبيات الي ضايقتني جذًا،الحلقة الأخيرة كانت مُخيبة للآمال فعلًا،يعني كانت سريعة ومندفعة جدًا بحيث إنها ما أعطت أحد حقه،كان فيه مشاهد لو استبدلوها بالتركيز على المحاكمة حيكون أفضل،لأن فعلًا المحاكمة ما أخذت حقها مثل المحاكمات السابقة.
عمومًا الدراما جميلة وتستحق المشاهدة✋🏻"
113,로스쿨,"“The law is imperfect justice. So when you teach the law, the law must be perfect.”
passei todos os 16 episódios chorando por não estudar direito com eles… juro, a saudade que eu senti de htgawm até diminuiu vendo esse drama, mds coreia faça mais com esse tópico eu imploro"
114,로스쿨,"listen to me ... this is literally one of the best kdramas i've ever watched. the cast was amazing, the story line was so intricate and tied together so well. i finished this in like two days. and also the chemistry between joonhwi and sol [A] ... no words it's so good. if netflix gave us a season 2 maybe i wouldn't be so depressed."
115,로스쿨,"In my heart, I know JoonHo (Ha Joon Hwi and Seo Ji Ho) is real <3"
116,로스쿨,"NOT FINISHED
The show was immersive and kept me engaged me throughout the series.
Throughout the film, several different antagonists go against law students as they fight their way for justice. The grand reveal, which was an obvious one, shows Ko Hyeong-Su as the mastermind behind all the trouble that the other antagonists had caused. Thus by revealing all the crimes he committed through his followers, the show focused on him as the main target in the last few episodes. However because of that. the ending felt rushed when the trial for Ko Hyeong-Su took place for there was too much focus on combatting other problems previously. The evidence presented forth against the assemblyman shows that he was guilty of his convictions and did not satisfy the ""defeat of the villain"" for me.
The dimensional main characters had strong, defining traits and their backstories made me emphasize with them and understand their motivations behind their actions. At times, I did feel that the personal development of some characters were lagging such as Kang Sol B and her plagiarizing incident. The development in these characters were subtle and involved a small change in mindset. The very last scene that took place five years later felt like an excuse to show that several of the law students were working and made it as a lawyer and a prosecutor, The sudden time jump, which was probably meant to end in a happy way, seemed to ""make up"" for the lack of character development during the show. But I can't blame them if the show only take place during the first year of law school because who can really change all that much within a few months.
There were a few plotholes that left me confused as to why it wasn't addressed. There was no continuation on how Professor Kim knew Lee Man-Ho's son and why she kept in contact with him.
I'm not one to finish a show if I wasn't interested. I recommend this for those who enjoy watching dramatic crime-solving shows that showcase the difficulties and struggles people go through from the unjust law. The show kept me on edge and I was always wondering what was going to happen next."
117,로스쿨,solhwi is so real
118,로스쿨,prof yang (dilf) and my super smart wife kang sol b! this drama is full of sexy people would’ve given it a 4 if the editing and storytelling wasn’t as confusing as it was. a s2 was possible too if they didn’t rush the ending and instead stuck to the original pace of the show.
119,로스쿨,forgot to log this in
120,로스쿨,"Only watched it for Kim Beom, and I really wish his character and Ryu Hye-young's character officially got together so now I am sad. Overall the drama's premise was great and it pretty much gave How to Get Away with Murder vibes, but I felt that some of the characters and their motivations could have been dived into more. Like Professor Kim and Seung-jae were pretty involved but we barely understand anything about their motivations compared to the other characters. The characters we did dive into were actually great though."
121,로스쿨,"the plot is mediocre but the vibe made me miss college ngl. not much typical k-drama romance going on so that's a plus, the plot twists are a bit reaching I don't buy any of it."
122,로스쿨,"Bitin! I want more! Law Firm ganyan. Hahaha. Ang ganda ganda ganda neto. Sobrang naenjoy ko.
EDIT (mas mahabang kuda):
Sabi nila parang HTGAWM initially. I haven’t seen it yet, so hindi ko masasabi kung same siya. Pero this is about students in Hankuk Law School, their professors, and some evil men. So to be honest, hindi ko alam if logical ba yung mga kaganapan dito sa series, pero aliw na aliw ako sa story nila. Magagaling din kasi ang mga bata dito, saka si Yangcrates. 
So since enjoy tayo sa familiar people - andito nanay at tatay ni Jin Ah sa Something In The Rain, nanay ni Dongbaek sa When The Camelia Blooms, and si Sung Bora ng Reply 1988 (at super galing and katuwa nya dito). Si Kim Bum, I haven’t seen him before, but he’s cutie cute cute naman and magaling din umarte. These kids talaga, they’re good, naworkshop ng ayos. Pretty rin si YeSeul, leading lady material (hindi nganga Seo DalMi acting). Naiyak ako sa trial scene nya, sobrang impactful. O di ba, ganun sya kaganda. Haha. 
Nakakaloka ang twists kada episode, I remember first few episodes inisip ko ah baka gagawan nila ng reason for us to suspect each one of the cast. But no. They didn’t. 
Ang tanging issue ko lang dito (bukod sa namention ni Ninette ne buntot ni Prof Yang) ay yung puzzle piece. Nabuo ba yung puzzle ng elepante? Hahaha. Bakit nga ba hindi? Hahaha."
123,로스쿨,"this show was so interesting !! i loved all the “tricks” / knowledge loopholes that the professor pulled
i wish kang sol A and joon-hwi got together tho </3 they seem so good together 
while it was a good drama, i feel like exploring a relationship w sol A and joon-hwi would’ve made it a little more interesting and sweet. 
i also feel that going more in depth about ye-seul and her trauma, esp after everything got solved, would have been interesting and worth seeing.
STILL, it was a very good drama and i enjoyed it :)"
124,로스쿨,"“hukuk, adaleti tam olarak sağlayamaz. ama hukuk öğretiyorsanız hukuk kusursuz olmalı. hukuk öğreniyorsanız hukuk adaletle aynı şey olmalı. çünkü hukuk adil değilse en vahşi şiddete dönüşür.”"
125,로스쿨,Gave me The Breakfast Club Vibes and I am here for it. I started it purely for Kim Bum but quickly became hooked by all of the characters stories. It was genuinely such a fun watch. Really hope we get a season 2.
126,로스쿨,we are by lee seung yoon is gonna be stuck in my head for the next few weeks
127,로스쿨,"i started watching this for kim bum but fell in love w kim myung min, a 50 year-old man instead"
128,로스쿨,perfeição!!!
129,로스쿨,I'm too dumb for this but Prof. Yang's supremacy ✨
130,로스쿨,perfeito isso aqui eh chef kiss total todo a trama o plot twist a atuação do kim bum da sookyung da hyeyoung perfeição eu achei sensacional eu amei nao entendi quase nada pq infelizmente nao entendo de lei mas só por eles falarem tao bem eu achei sensacional obrigada por isso
131,로스쿨,constant nauseating cinematography and information overload
132,로스쿨,杨格拉底超级出彩，女主让人分分钟出戏。故事到中后段有些牵强，人物欠缺了生命力。
133,로스쿨,Puzzle yapmayı sevenler için.
134,로스쿨,"“IT’S PULLING ME UNDERRR. IT’S DRIVING ME CRAZY.” yes the soundtrack didn’t lie, this kdrama pulled me under and drove me crazy.
I loved their concept of the “value” of law. I liked the study group AND ALL THAT I CAN SAY IS YANGCRATES DILF && i love the why joon-hwi looks at kang sol a BUT i need more sungjae screentime pls T___T i love him sm"
135,로스쿨,a cena do gramado é tão final de coming of age 😭😭😭
136,로스쿨,"Superior law drama alongside with the one with Bae Suzy and Lee Jong Suk.. what's its name again? Damn it was may favorite kdrama and yet I can't remember it's name. (While you we're sleeping.)
The only problem with this series is that the pilot episode was too fast. I need to re-watch to finally cope up with their names. Especially when you have two characters who have the same name. Also, it's Law. So you really need to understand shit. So for it to be fast-phased as the first episode, you need to have a big brain.
Well this show is for big brains anyways.
Lastly, Kim Bum you're my orginal oppa. I love you."
137,로스쿨,"really enjoyed how the plotline doesn’t deviate to corny/unnecessary romance substories tho i couldnt watch this all in one sitting cos the episodes were heavy n Convoluted sometimes like in some episodes/scenes i couldn’t tell right away that it was a flashback a timeskip was inserted
GREAT story tho and each ep just makes u go ???????? HUH at the end"
138,로스쿨,"Agak melelahkan nontonin 1 kasus selama 16 episode. Tapi sempet mikir judulnya ""Law School"" settingnya kebanyakan di pengadilan, seketika gue ambil kesimpulan emg anak2 hukum yah ngerjain studi kasusnya terjun langsung. Gue akan lebih seneng sih ngeliat kdrama gini tokoh sentralnya ga cuman satu. Trus nyadar beneran ini kagak ada sedikitpun romance antara tokoh utama hiks sedih. Anw suara Prof. Yang nge-bass abis yah"
139,로스쿨,lesbians for kang sol b
140,로스쿨,WHEWWWWWWEEWWWWWWEEEHHHHEWWWWWWW 🤯🤯🤯🤯🤯🤯🤯🤯🤯🤯🤯🤯🤯
141,로스쿨,THIS DRAMA WILL LITERALLY DRIVE U CRAZY!!!!
142,로스쿨,this kdrama makes me want to be a law student instead. it was so well-written that i learnt so much from it. yangcrates and joonhwi are my favorite characters (while kang sol a is my spirit energy)
143,로스쿨,quero segunda temporada
144,로스쿨,seruuuu tapi endingnya berasa cepet bgt penyelesaiannya jadi kurang puas
145,로스쿨,"Kompleks, tapi gak ngebosenin sama sekali. Kasus yang tersaji diselipkan asumsi-asumsi di sepanjang penyelidikan, jadi nebak-nebak pelaku sesungguhnya juga seru-seru nyebelin gimanaaaa gitu."
146,로스쿨,"""Law School,"" like any other show or movie about the law, draws a fine line between reality and fantasy in the legal profession but in the best way possible. To me, this feels like a personal love letter written for and by law students who knew the ins and outs of chasing a career in law. Why so? Well, that's what the story laid out actually is, a bunch of well-used and complex characters going after a certain agenda with their own respective motives; revenge being a really strong reason why these characters behave the way they do, though it should be understood that revenge here is not in the way we normally depict it in film or in T.V., but in the sense that growth is followed in their journey for revenge, whether that be in their benefit or detriment.
Overall, this is a show with a well-written story, as it connects mostly small minor ones to fill up a bigger one by the end, and carried by a cast that will surely capture the attention and heart of the common viewer.
P.S. Prof. Yangcrates is such a cold mofo. Imagine representing a client then dropping him/her midway into the trial just to grill the former client in a classroom-like setting for a set of forced answers. Talk about next level hot seat recitations.
(This is the law student bias in me speaking but I'd be lying if I didn't feel like Kang Sol A on most days, but that's the thing though, majority of us are like her. To each their own cinderalla story in the making.)
Disclaimer: This is the 1st kdrama I've ever watched. That being said, I found some tropes a little bit cringey and weird at first, but I understood as well that some of these choices were necessary for whatever reason it was used."
147,로스쿨,made my blood boil at times which was good because it means it conveyed its message! heavier drama than most but very interesting! law jargon was quite hard but necessary to the plot! great watch!!
148,로스쿨,already finish it and still don’t know who tf is the killer…
149,로스쿨,"honestly one of the shows i have too much to talk about. where can I start? 
1. ACTING: im no expert, but lee sookyung did an amazing job as kang sol b. her coldness, acting, aloofness and sheer power and presence she had when she was just in the frame of scenes did not go unseen. go younjung did amazing as well as jeon yeseul. with her court case, and even after, the small details she did during, before and after her arc was so spot on. kim kyung min did fantastic as professor yang, and ryu hyeyoung pulling of two roles in this show was definitely a surprise. not only did she pull both roles off, but she managed to make their characters so in tuned, it’s amazing how one actor could be two different people in the same frame and yet both acting roles had nothing in common. 
2. STORYLINE: yeseul’s arc was definitely the highlight. strip away the murder mystery and just look at her court case alone. it was so well portrayed, especially the scene where she stood for herself in court. a definitely must watch for those who love female empowerment.
one other honourable mention is the presence of female empowerment in this show. in the legal industry, there are actually very few women judges and lawyer. however, this show has prominent and key figures as females. dean of the hankuk law school, a civil code professor who was once an ex judge, and of course we can’t forget yeseul’s case, which is ultimately her defending herself in a jury court trial. 
a must watch for those who love legal dramas and mystery. it’s a little slow in the front, but in the fourth episode or so is when it picks up. trust the show, I swear you will be delighted. 
one star was loss due to the ending, which was rushed and a little disappointing. but other than that, it was good! would definitely love to see a season 2 if the producers allow!"
150,로스쿨,Came for Ryu Hye-Young. Stayed for Kang Sol A
151,로스쿨,"very addicting and fast paced, the study group friendships are great and a lot of chemistry between the actors!! also very satisfying in a lot of moments"
152,로스쿨,boring as hell sorry
153,로스쿨,"Creo que la serie tiene tanto puntos buenos como malos, por ejemplo la actuaciones son un 10/10 para mí,en especial la de Kim Myung-min, el Soundtrack esta hecho a la medida, las escenas de los juicios son emocionantes y entretenidas, así como se explican bien los términos legales para aquellos que no sabemos del tema. Sin embargo la serie tiene varias inconsistencias, deja cabos sueltos o se apresura a cerrar ciertos conflictos lo cual hace que acaben mal planteados y en ciertas partes se puede volver lenta. Me gustó, sí, puedo ser mejor, también."
154,로스쿨,"Plot twist sampe encok 🔥
Karakter setiap cast dari awal udah terbentuk dan gak ada pengembangan yang gimana-gimana tapi udah jelas alur ceritanya TERBAIK!
Entahlah saya cukup terganggu dengan peran Yoo Seung-Jae, dari awal emang labil sih, udah jadi dokter spesialis masih mau sikat hukum, jadi saksi tapi ga gerak & terakhir kasus dia juga berjalan dengan sendirinya, aneh
Pokoknya we are, we are, it's pulling me under & it's driving me crazy!!!!!!!"
155,로스쿨,go younjung i will protect you
156,로스쿨,"i want to be a laywer bcs of this,,, the flow of this story is unbelievable. The fun part was when the students were suspected to be the one who did the crime,,, i love how the characters has their own and unique image. Their friendship was the friendship i want if i’ll be pursuing law
++ WHOOO TAUGHT OF THE FLOW OF THIS PLEASE STEP ON ME YOU’RE THE BEST
~ 16 episodes "
157,로스쿨,liked the study group sm that scene of them lying on the field <3_<3 YANGSOLHWI AT THE LAST SCENE THO MHMM!
158,로스쿨,Deserve a spot here
159,로스쿨,"entertaining but def not realistic
i want a season 2 tho"
160,로스쿨,"you can’t trust anybody watching this and while there are different people you want to see behind bars, the best outcome was having the main villain in jail. if it wasn’t for that person, joonhwi’s uncle would never have gotten himself in such a mess and prosecutor jin wouldn’t have felt the need to break the rules. 
professor yang is so hot and kang sol a is a wonderful character. it’s so easy to resonate with her and find humour in her interactions with people. she’s lovely. 
haven’t stopped singing the theme tune for days lol"
161,로스쿨,drakor gaada komedinya tapi bagus
162,로스쿨,"#LawSchool
Drama hukum dengan konsep unik dan cerita yang intens serta kompleks. Di awal sempet bikin pusing dan keteteran karena alur maju-mundur dan detail yang kalo bisa jangan sampe ada yang kelewat, tapi akhirnya tetep bisa terpuaskan di akhir.
Rate: Kang Fotocopy/5"
163,로스쿨,makes law unappealing in a way that i don’t want to be a lawyer anymore
164,로스쿨,Solid Kdrama all throughout– I could listen to Kim Myung Min lecture on for hours honestly.
165,로스쿨,"solhwi brainrot
im still waiting for the season 2 btw"
166,로스쿨,"my brain truly had a hard time processing every episode that i have to rewind and rewatch it several times over again, but it was really really good!
i learned a lot from the squad's simulations and case studies. loved the cast sm. ♡"
167,로스쿨,"""it's getting me underrrr it's driving me crazyyyy""
be gay, fight crime"
168,로스쿨,Yangcrates ang the gang wkwkkwkkw
169,로스쿨,everything about this series was so GOOD was a v good watch so glad i didn't watch it when it was on going bc ik i wouldn't have liked the wait for the upcoming eps.. rooting for s2!!
170,로스쿨,TUDO DE BOM vou sentir falta do meu doraminha
171,로스쿨,"Watch this because of Go Yoon Jung, her acting is good in this drama!
Beginning of drama maybe a bit bored, might because of building the plot, but after that many cases will make you feel nervous & anxious.
The character I very like is the Professor Yang, although he is very cool, but his aura very different, always lead everybody (include audiences) to the justice!
This drama also let me know some knowledge about the law, which I couldn't get from other drama, that's why it called Law School haha."
172,로스쿨,"I learnt a lot about law for sure. Although sometimes overdramatized, the whole plot is very complex but they managed to pull through. There were some horrible editing techniques and annoying main soundtrack, but I still enjoyed the drama."
173,로스쿨,never cross a law professor lol anw this is better than htgawm couldnt watch this sober otherwise my neurons would dry
174,로스쿨,"Gripping who Dunnit murder mystery thriller with law students ~ really enjoyed the storylines and the characters are all great in their own way, professor yang is a BOSS and played the main character so well , the student friendship dynamic has unique characters within the study group which made each character mysterious and doubtful and intriguing to get to know~ the first few eps are confusing and slow but once you finally understand the characters and their storylines it all kicks off and that's where the thriller drama comes in. Obviously Kim bum as han joonhwi being the sweet but loyal friend that would back you up no matter what was really great to see, there weren't any obvious love lines but you definitely shipped certain characters together, the drama really came together near the end but fell a little short on the last ep where I was satisfied but felt something was missing/off . The ost is fantastic and lol driving me crazy (pun intended) and definitely one of my faves this year, really enjoyed these legal dramas and you really felt as a viewer that you were playing a part to solving these cases."
175,로스쿨,"reason why I finished this goddamn show:
10% to find the real culprit and whose behind the whole case,
90% I just want to see that freaking, fcking, cute smile of kang sol b lmao."
176,로스쿨,Spectacular ensemble
177,로스쿨,"KEREN!
satu kata itu mewakili ekspresi gua ketika selesai nonton sampe abis, serius gagal move on banget saya bun🙂🙂
gua sih ngga terlalu nyangkut sama permasalahan utamanya, tapi lebih nyangkut sama cerita masing-masing karakter. masalahnya emang mengakar kemana-mana, mungkin bukan mengakar sih kata yang benar, cuma gimana ya kayak sub-masalahnya tu banyakk gitu. bakal dibikin ikut pusing mikir dan penasaran setengah mati, serius.
oiya, jangan mengharapkan ada romance ya disini ahaha sebenernya ada sih cuma setitik dan ya itu dirasain sendiri bukan gamblang emang romance.
dari drama ini, gua sampe ngerasa pengen masuk hukum😭 berasa seru gitu liat mereka simulasi sidang, terus pas kelas juga seru. semoga aja nanti kuliah bisa dapet circle kayak di drama inii! aamiin! bener-bener saling bantu meskipun emang pada love hate relationship gitu. kalaupun ga sampe bikin mau masuk hukum, tapi pasti pengen ikut belajar, apalagi kalo ngeliat sol a, gigih banget biar ngga ngulang di matkul prof yangcrates.
semangatt yuk kejar mimpi, karena ya emang kalo bukan kita yang kejar, mai siapa lagi?😬"
178,로스쿨,"Jong Hoon was Annalise Keating's student.
Sol-ah is Han Yeo Jin's daughter.
Joon Hwi is Hwang Si Mok's son.
Rich guy with glasses needs to stfu and buy some sensitive (why is this guy in so many scenes?).
Sol A+ telling her mom (aka. manipulative snake) to swallow those pills was the most satisfying scene in the show."
179,로스쿨,"tots after ep 1- ep 3:
literally first scene of first ep my
brain couldnt alr process and comprehend what was happening
theres just so much information and terms it was so hard to keep up esp they were really going so fast
not reco for slow witted ppl:"")
gon be smashing my head open
as expected i knew the plot, storyline along with the mystery would be great
def a kdrama u dont want ur eyes to lay off on
final tots:
literally busted my head open trying to keep up and comprehend everything they are saying aaaiwbzishz
honestly expected more grand & shocking plot twists bcos some of them were alr obv
kind of disappointed that lee man ho was the real killer bcos the mystery was centered on who was the real killer and its just not that shocking although what was rlly shocking is that seo byung ju was actually with ko, along with that twas also kind of obv and u would guess that twas ko that was the mastermind
kang sol a pretending to be kang dan was actually one of d best scene/part for me
i wished they showed everyone in the study group at the end part doe
convinced me more to never take law:"""")
KANG SOL A & JOON HWI<333333
I LIVE HOW THERE'S A LOWKET ROMANCE IN THEM😭"
180,로스쿨,man why can’t i have this
181,로스쿨,stalled but it’s pretty cool. kinda like a korean htgaw but w younger students
182,로스쿨,It was good. Nothing spectacular or particularly bad. Have watched better crime/law shows even Korean ones. the first half was stronger than the second one. by the end there were way too many trials to keep up with. Characters also fell flat for me. 3 stars for the overall enjoyment
183,로스쿨,Had a good start but after Prof Yang's trial it went downhill 😅
184,로스쿨,PROFESSOR YANG CAKEP CUYYYYY ya emang dee tua sih tp gpp aku emang suka dilf kok
185,로스쿨,"At first I thought this will be a lot similar with How to Get Away With Murder, with bad editing. But it became not when it adds an old evil politician into the mix and we will all instantly know who the killer. It did question my life choices not to go into law school though."
186,로스쿨,"At first I thought this will be a lot similar with How to Get Away With Murder, with bad editing. But it became not when it adds an old evil politician into the mix and we will all instantly know who the killer. It did question my life choices not to go into law school though."
187,로스쿨,"if someone asks, I'd say I graduated from Law School"
188,로스쿨,"Pretty Great Kdrama with Thrilling Screenplay that kept us hooked till the End, Loveable Characters and Unbelievable Twists, One Of The Best Court Drama."
189,로스쿨,"Episode 1, 2, 3 ngantuk bgt apaan w ga ngerti istilah2 hukum. Berat.
Episode 4 - ending: MAU SEASON 2 DONG"
190,로스쿨,"amazing subplots. hyeyoung, sookyung, younjung, bum & david… superior casting lineup i’d say"
191,로스쿨,"This was going so well until the ending was kind of... downplayed? It's really a great kdrama walking through justice, this convinced me enough to be a law student (which, like, only lasted for a week)."
192,로스쿨,"A korean masterpiece.
They did such a good job in making this K-Drama so amazing, without cutting all the basic characteristics of a K-Drama out.
It's intelligent, there are different interesting story lines and the characters are unbelievably well written.
I'm so emotionally attached to almost all of them.❣💫
Additionally, Kang Sol A is literally the best female character ever. Dream woman."
193,로스쿨,"the soundtrack did not lie, this kdrama did in fact pulled me under and drove me crazy"
194,로스쿨,"korea's take on how to get away with murder, but with its own charm.
forever love the squad, and especially my personal fave big 4: joonhwi, sol-a, sol-b and jiho. love the acting, and the legal procedural for the most part too.
the only thing i dislike is the rushed ending and how some factors (or characters) are mistreated. you can't help but notice the loopholes here and there.
awesome OST though."
195,로스쿨,"ikut nonton cz my sis was watching in living room, pertama kali nonton korean series, idk tho so far so good, the only thing i learn is “quid pro quo”. sedikit aga pusing karna harus focus di subs, i cant listen what they said lmao. kaga tau dilanjutin apa kaga, just updating my letterboxd, cz im bored as fuck"
196,로스쿨,if how to get away with murder was a kdrama
197,로스쿨,late log but this korean drama helped me stay sane during my finals week even though every episode is so nerve-wracking lmao
198,로스쿨,"I really like kim bum and hye young here, but it's like a love that is blocked by genre lol💔🤣"
199,로스쿨,yangcrates text me when ur free u absolute babe xx
200,로스쿨,"Gostei e recomendo tem plot twis, temas interessantes de se acompanhar mas tinha potencial pra ser muito melhor do que foi os últimos episódios foram corridos, poderiam ter se aprofundado mais em alguns personagens que ficaram rasos demais, teve personagens com potencial mas tempo de tela reduzido"
201,로스쿨,Bagus banget ini. Awalnya karna ada profesor yang terbunuh tp konfliknya berkembang sepanjang episode. Tapi sayangnya dibagian ending masih kurang detail karna saking banyaknya masalah. Terkesan buru buru diakhir.
202,로스쿨,"Time jumps and edits were a bit confusing in the beginning. Not sure why simple flashbacks couldn’t suffice. Nonetheless, I love the cast— Ryu Hye-Young’s my favorite.
I’m so happy I can start tracking all the TV shows & K-Dramas I watch 🥰"
203,로스쿨,tiga setengah bintang untuk Law School dan lima bintang untuk Go Youn Jung.
204,로스쿨,"Salah satu Drama Korea yang menarik perhatian gua dia tahun 2021 ini, setelah lama ga nonton drakor akhirnya tahun ini memutuskan buat nonton drakor lagi hehe ini salah satu drakor yang gua pilih untuk gua tonton setelah lama hiatus nge drakor
Oke, Law School berkisah tentang kehidupan Mahasiswa Hukum dan para dosen nya di Universitas Hankuk. Kasus kematian Misterius Professor sekaligus mantan Jaksa yang membuat setiap karakter berpeluang menjadi tersangka.
Drakor yang cukup menarik dari ide ceritanya, apalagi latar belakang ceritanya anak kampus. Nonton drakor ini membuat gua tertarik sama dunia hukum haha
Ceritanya rumit, di setiap episode selalu membuat penonton menduga-duga siapa tersangkanya yang akhirnya pemikiran siapa tersangkanya pun terus berubah apalagi ternyata setiap karakter punya keterlibatan tersendiri
Penempatan twist nya juga Oke banget, setiap episode selalu ada hal baru yang mengejutkan dan menarik perhatian penonton. Dan drakor ini menampilkan kasus dan isu menarik lainnya yang mungkin related dengan banyak orang.
Kalo dari segi teknis sih ga usah di ragukan lagi. Dari visual, scoring music dll nya apik banget namun drakor ini emang kuat banget di ceritanya. Drama balas dendam yang menarik."
205,로스쿨,"Não tem nem como explicar a perfeição desse Drama Jurídico. Os casos falam por si só. É derrubado aquele que não teme as leis.
E registrando aqui que ninguém irá me convencer que Joon Hwi e Kang SolA não estavam flertando, é claro que estavam!! Por favor, Dramaland, façam algum outro drama com eles de casal principal. Até porque ao contrário do que muitos pedem, eu não concordo com mais de uma temporada em dramas, terminou de modo perfeito, não vamos estragar, ok?!"
206,로스쿨,"I need a SEASON 2!!!! 
I enjoyed watching this too!! ❤️❤️❤️"
207,로스쿨,"Suka banget! Salutnya drama korea tu selain ceritanya apik, aktingnya totalitas, tapi juga ngasih ilmu banget, buat orang non hukum mudah diikutin.
Drama ini tu lumayan ngereview makul-makul pas jadi anak fh :) salut banget sama representasi fh di sana, mahasiswanya beneran disuruh berfikir kritis nggak melulu dicekokin teks book belaka. Paling suka sama PLKHnya sih eh, MCC deng, harusnya di sini sistemnya kayak mereka aja kali ya, langsung dibagi yang mana tim PH mana tim PU, soalnya for some reason di sini kayak lebih ke pertunjukan teater gitu (imho, alumni fh yang padahal nggak ikut mcc juga tapi pernah plkh)"
208,로스쿨,"magulo lang first few episodes, ang daming nangyayari hirap iprocess lahat pero overall maganda siya!!"
209,로스쿨,i want to be as unbothered as yangcrates
210,로스쿨,TAMA BEHAVIOUR
211,로스쿨,Tiap episode bikin penasaran 😭
212,로스쿨,"Awalnya nonton karena mau liat Go Youn Jung, terus di episode 1 scene kelas Prof. Yang jadi ikut degdegan dan tertarik lanjut. Tapi setelah itu sempet bosen karena konfliknya itu-itu aja dan ga selesai mulu. Cuma lama kelamaan jadi kerasa serunya, penasaran terus, jadi curigaan, dan makin engage. Konfliknya pun makin menarik-menarik."
213,로스쿨,"Dalam sebuah series drakor.
KONSISTENSI tiap episode lebih penting dalam penceritaan. Drakor ini membuktikan hal tersebut."
214,로스쿨,aaa keren
215,로스쿨,Cheesy as fuck and very unrealistic but obviously entertaining enough for my to watch it till the very end. Had good twists and turns and the acting wasn’t awful. Some plot points were amaze too
216,로스쿨,must-watch. highly-recommended. yangcrates supremacy. is asking for my own han joon hwi too much to ask for
217,로스쿨,After ko talaga mapanood to napanaginipan ko na pinapagalitan ako ni Yangrates tapos nag enroll daw ako sa lawschool HAHAHA pero ano for me isa nanaman to sa mga kdrama na nag suffer sa pinamadali yung padulo part pero good watch pa rin naman
218,로스쿨,"one of the few k-dramas that got me really hooked up since the beginning. I'm gonna miss this one TBH I really really love the plot plus the cast is so MWAH they all match and complement each other's characters, also deserved more episodes (I hope there'll be a season 2 or else I'm gonna kay em es)"
219,로스쿨,talented incredible amazing showstopping spectacular never the same completely not ever been done before
220,로스쿨,"nonton ini without any law background. walaupun ada beberapa hal yang sempet bikin bingung, tapi at the end tetep bisa ngikutin alurnya kok. imho sebenernya drama ini bisa dibikin lebih panjang sih kalo per kasus mau diselesaiin secara tuntas, tapi kayaknya memang fokus dari drama ini untuk menyelesaikan kasus yang terjadi di eps 1 aja. seru kok! thumbs up juga buat actor & actressnya yang meranin bener2 kayak pekerja di ranah hukum!"
221,로스쿨,"Honestly, it's been a while since I'm unable to finish any kdrama. despite their different scenarios, they're all getting boring and alike to me.
but Law school was a thrilling different kdrama that I couldn't do anything but to wait with excitement for the next episode. the story and cast are both amazing+The best OSTs."
222,로스쿨,Just finished the series…
223,로스쿨,I love the entire show! esp yangcrates
224,로스쿨,"All the characters did well!
Loved their study group.. made me want to have one.
Also, I finally found my ideal man...
Han Joon hwi 💘"
225,로스쿨,"Law School datang dgn genre & pesan kuat, membawakan sajian menarik melalui serangkaian kasus hukum disertai kritik pedas terhadap isu sosial yg menghadirkan tontonan seru namun sedikit gagal dalam alur & pengembangan cerita yg lemah terutama menuju klimaks di akhir."
226,로스쿨,idk who but i believe we will see at least a couple irl from this drama
227,로스쿨,"Overall the show was entertaining. It kept me hooked with the story week after week, with the writing throwing in a lot of curveballs not only to prolong the narrative, but to dive into the back stories of the main characters involved. It’s not without its flaws - the show completely dispatched a character out of the story when he served his purpose, and he was initially part of the core study group. There were a lot of back stories that were discussed, and how the murder case became the catalyst that brought all of the issues and situations out in the open. I liked the camaraderie of the students, and how they had different perspectives. Professor Yang seems to be someone who doesn’t give any leeways or allowances when it comes to studying the law, but he seems to impart teachings to his students even if they initially question what their professor must be thinking. There were story arcs that seemed way too prolonged or was barely brushed upon. I also think they should have cut the last scene from the last episode and just ended with the Professor Yang shot."
228,로스쿨,hate politics drama
229,로스쿨,Drama of the year for me
230,로스쿨,i love the way joon-hwi looks at kang sol a 😳
231,로스쿨,Belajar banyak banget dari drama ini. Trus tiap liat scene sol A belajar jdi semangat belajar juga ❤
232,로스쿨,"Tertarik banget nontonnya tp sayang ga bisa paham kalo lagi ngomongin hukum2nya. Mungkin karena beda negara dan latar belakang aku bukan hukum yha.. 
Alur ceritanya sedikit banyak maju mundur, tp masih bisa dimengerti sih. Suka banget kalo Kim Bum senyum2 hadeeeh salting abi3z"
