,title,reviews
0,라이프온마스,"korean 🇰🇷
really insane how i only watched this cos i liked how the poster looked with that sentimental warm feeling and it ended up being such a tearjerker for me?!?! cried so much and i love the whole cast with all my heart"
1,라이프온마스,thank you for being my comfort drama 😔✌🏻
2,라이프온마스,"severely underrated series that is beautifully created. i loved every single second of this, it was like watching beyond evil and reply 1988. the serious & comedic moments co-existed and again, it was just beautifully created. i recommend this so much, absolute banger 
but also FOR THE THIRD TIME WTF IS UP W KOREAN CRIME SHOWS/MOVIES AND FLY KICKING LMFAOOO"
3,라이프온마스,no one can convince me taejoo isnt polyamorous and in love with kang and yoon like come on. an essay could be written about them. either way amazing plot and very comforting drama :)
4,라이프온마스,Underrated
5,라이프온마스,"Unexpected friendship is the best
That is my biggest takeaway from Life of Mars. Super love the bond of the violent crimes unit 3. I laughed and become sad with them. Just like Tae Joo, I become fond of the place.
Tho at some point, I am confused as to what is happening, especially with the condition of the main cast. There are also scenes that I think are too fictional but they are bearable and that what makes this drama unique.
Overall, I enjoyed watching this one. It is underrated but definitely a good one to watch.
The place you can live with a smile is your reality."
6,라이프온마스,"Life on Mars is a very good psychological crime thriller. It may take some time to adjust to the main character’s medical condition but once you do that it is quite good and brilliantly executed. 
The good elements are its story, performance, direction and production. Being a 16 episode drama, you didn’t feel it stretched or too long. It is quite gripping, intense and  with a lot of unexpected situations. 
The only drawback is the first 4-5 episodes where you didn’t know about what is happening to main lead. Is he in a coma, trapped in his subconsciousness or dreaming? But once you past that, the journey is quite enjoyable with lots of unanswered questions and then al the end their answers. 
The best part is the ending. Some people may not agree with that but as a human nature of belonging to something, the ending do the justice with the story. 
#A must watch"
7,라이프온마스,"If I could give 5 billion stars as a rating, I would."
8,라이프온마스,"One of the best korean crime-thriller dramas out there

very worth it to watch, watch it now and you won't regret it.
The cinematography, the concept, the character development, and the development of the slowly found family in the series... It's soooo good.
I love the Han taejoo so much because he emphasize with the victims and their families. He never thought of them as ""another case"" and he just respects them as he should. Even he's an outcast cuz of how tough and stubborn he looks cuz he wants to do things in his own(good but strict) way. His heart is pure and genuine. We can see that in the show, but he has issues to becoming close to people, he's hesitant.
And I'm so glad that yoon Na-young didn't gave up and opened a path for him to make him feel that he belongs and he's welcomed. Because she, herself isn't. By the end it's so sweet that their squad +him became lowk a found family i love them sm man.
Speaking of yoon Na-young, she saw the light and ways of things and cases. Even if they seem unsolvable. The discrimination among women are high esp on the older times, and she was just treated like a housemaid at first. But im so glad she got the recognition that she well deserved. She fights so well(that scene on ep3), she solves well, and heck she even saw the good in her squadmates even if they look somewhat a jerk at first. When there's a spot where she can shine, she didn't hesitate and always ran towards that light and shines even brighter. And i love her for that.
Dongcheol, i must say that i really didn't like his character until like ep 6+ he leans towards to violence and he's very stubborn, but he cares and worries about victims too. He's very funny and cool too. He balances the mood ngl. He has soon my heart captured too, and it made me to watch more of his(park Sung-woong) films.
Namsikkkkk i loveeee my kimchi loving boy, too sad that he got less screentime
Lee yonggi no idont even know if his name is right, i still dont like him. Very unlikable even in the ""character development part"" nope i hate him veryyy dislike
The plot is so cool, the cases are sad esp ep 4 and ep7 broke my heart, BUT EP 15 MADE MY EYES BAWL FRFR.
im just so glad that they're all happy together in the end. I still have a lot of theories and confusion, but WHO CARES. im not gonna be sad cuz of them too much angst man TT as long as im thinking they're happy in canon and post cannon it's all happily Canon so true.
I definitely have a lot more to say but I can't express it in words how much ideas, thoughts, and love i have for this show(go to my twitter instead so you can see me wooing about this show often lols)
Jung Kyungho, Go ahsung, and Park sung woong supremacy i love them all so much, this show made me want to watch their filmatograpies
Im still hyperfixating about this show for months and i love it.
Yoon taejoo and dongcheol in a polyamorous relationship so true <333
AGAIN, IT IS WORTH IT TO WATCH. WATCH IT NOW."
9,라이프온마스,"This is how I'd describe this series in a few words: captivating, heartbreaking, heartmending, funny, serious, realistic (!), full of twists, and an emotional roller-coaster
I loved the 80s police station vibes with all the crazy and unique characters. And I loved seeing our modern day forensic struggle with adapting to a world where noone even knows what DNA is yet because it hadn't been discovered.
All of the characters ended up dear to my heart, and they made me laugh, and they made me cry. The plot twist broke my heart and then tried to stitch it back together.
I saw the Korean version first, and I prefer this is over the British version.
I really have a thing for the 80s asthetic so that was a huge factor for me.
A former friend recommended this to me as one of their favorite dramas, I then saw that Park Seong Woo was in this drama, and I decided to check it out. The first twenty minutes were sort of boring to me, but I'm very glad I kept watching because I really loved the rest of the series."
10,라이프온마스,"THE MOST UNDERRATED KDRAMAA!! i can't understand how anyone could think of such an interesting storyline!! the cast may not be that well known, but i'm satisfied with the story.😍😍😍"
11,라이프온마스,I did not expect the ending...
12,라이프온마스,Underrated
13,라이프온마스,Underrateddd
14,라이프온마스,a worthwhile watch !! lee kyungho i love u more and more.
15,라이프온마스,"Fabulous Fantasy Kdrama, with lot's of Crime Investigation and Laughter.
Life on Mars is a well written Kdrama with lots of lovable characters and unique cases solved in each episodes, CLOY Director has pulled a lot of laughter, Friendship into the plot. It has many shades of Memories of Murders but doens't matter. Chase and Tension created excellently. Still it's a complete fantasy, no SciFi, ending is weird for such plotlines, but Good. Completed in 3 days, a Great Kdrama, worth watch...
4.7/5"
16,라이프온마스,"한태주 경관님 어디서든 행복해ㅠㅠ

영국라온마 보다 좋다. 한국패치가 정말 잘되었고 결말은 원작보다 나은듯."
17,라이프온마스,"Underrated.
Underrated.
Underrated.
*sob*"
18,라이프온마스,a 10/10 show everything about it is amazing
19,라이프온마스,absolutely one of the most underrated kdramas.
