,title,reviews
0,세빛남고학생회,the way this all started with a dildo is baffling to me
1,세빛남고학생회,i love these four boys more than anything in this world
2,세빛남고학생회,"I’m so in love with Kang Yoo-seok, pls help me"
3,세빛남고학생회,im stealing Noh Shin Woo's personality also his gender
4,세빛남고학생회,"best korean bl ever made idgaf.
is it cliché? very. is it the most original thing? no. but it's well done like if you are going to do cliché series THIS is how you should do it. the story is easy, the characters are loveable, the bso is great...overall i had a GREAT time watching it and i do think it's one of my faves of this year.
+ it has a lot of rewatch value"
5,세빛남고학생회,all of the possible romcom clichés in one series but make it gay... too powerful if you ask me
6,세빛남고학생회,"Probably one of the most overrated BLs in history. Extremely shallow, they used Daon, who was the only character with a decent plot and then discarded him to make happen a couple that doesn't even make sense. There were more than 10 episodes with Daon and Tae in love - Damn, in episode 10 Tae said he was even more in love than he thought - and in these more than 10 episodes what he had with the other one was not even friendship and still they ended up together. This does not make any sense.
The acceptance and homophobia plot could have been so well worked out, but not only did they not know how to develop it, but they also left him alone in the end. Practically 80% of the show was just Tae and Daon, both dealing with their feelings and with that relationship and you tell me they're not the main couple? And you still make up a horrible dialogue so you don't put Daon as Tae's first love?
It's funny that this is considered the best BL in Korea by many, especially having 'To My Star' that managed to deliver a simple and extremely well written story.
'Light On Me' spends sixteen episodes going around in circles, to get to a point where no direction led. It's a story about nothing. Slow, undeveloped and disappointing. The good news? In the event of an attack, South Korea now has a nuclear weapon to defend the country."
7,세빛남고학생회,"<shinwoo+taekyung3 ,, get behind me 👺"
8,세빛남고학생회,"tava tão hypado para este e nossa que decepção. um protagonista sem carisma algum, um arco podre além de ser mal desenvolvido fora o fato de que é super arrastado e não havia necessidade de quase 20 episódios para algo que se faria com 10 no máximo. (pior bl coreano primas)"
9,세빛남고학생회,another untalented well-intentioned queer person created korean bl ……. yes im still keeping tabs yes im still being disappointed …… keep scrolling
10,세빛남고학생회,"""What they did is just a peck, like their peck their mom"". Better watch ""You Make Me Dance"" instead.

Final Score : 70% 🍅"
11,세빛남고학생회,"Laughed a lot when I wasn't supposed to, anyway, Sin-Woo is an angel."
12,세빛남고학생회,i don't think anything could have prepared me for their meet cute tbh
13,세빛남고학생회,this silly little show gave me so much comfort... i'd risk it all for these four boys
14,세빛남고학생회,shinwoo i love u
15,세빛남고학생회,"Alas, a BL where the main lead chose the right one over the one that he likes!"
16,세빛남고학생회,your typical love triangle k-drama trope except it’s gay
17,세빛남고학생회,"Bland but cute
I was voting for second boy and the moment he lost hurt me so bad"
18,세빛남고학생회,"It was longer than other Korean bl series so they were actually able to flesh out the characters lol, imagine that. It was straightforward and cute, and the conflict was resolved in a realistic way I think."
19,세빛남고학생회,"Listen, when the best character in your BL is the token straight guy (Namgoong you're an angel call me) you have problems. Just. Taekyung is dead boring! How on earth does he have two boys in love with him? Shinwoo deserves the world & the heart wants what it wants, but also whyyy.
South Korea can do SO MUCH BETTER; Where Your Eyes Linger for school days, To My Star & You Make Me Dance for actual adults. (But at least this is better than My Sweet Dear by which I mean I finished it.)"
20,세빛남고학생회,one of the worst shows i've ever seen but make it gay
21,세빛남고학생회,"AHHHHHHHHHHHHHHHHHHHH ALL GAY PEOPLE KNOW HOW TO DO IS YEARN
HANDS DOWN BEST BEST BL TO COME OUT OF KOREA THIS YEAR LET’S GOOOOOOOOO"
22,세빛남고학생회,i wanted him and daon SUE ME
23,세빛남고학생회,Me gustó bastante tiene algunos personajes bastante cliché que pueden llegar a molestar pero es buena la serie. Un punto muy logrado de la serie es explicar la homofobia en Corea y en el ámbito escolar. Buen desarrollo de personajes también.
24,세빛남고학생회,why is doan the cover 😭 anyways mid but alas it was gay
25,세빛남고학생회,"I'm okay whoever Tae Kyung chooses from the two, or a throuple could be cool also."
26,세빛남고학생회,Some people are ashamed but in fact dildo nowadays represents the beginning of a sweet love story.
27,세빛남고학생회,shinwoo i'm in love with you
28,세빛남고학생회,muito fofinho e felizinho nunca fui triste jamais tive depressao a minha vida e linda amo viver amo todo mundo
29,세빛남고학생회,noh shinwoo my beloved <333
30,세빛남고학생회,when they held hands with their little smiles
31,세빛남고학생회,"ending so pretty, shinwoo marry me"
32,세빛남고학생회,light on me é o frontispício dos bls coreanos. um verdadeiro ponto de virada do qual veremos o impacto se perpetuar nas produções seguintes à está obra
33,세빛남고학생회,"ppl are being mean to this series u think ur cool? 🤔
this was very light-hearted, cliche but VERY WELL DONE at it, and clever. if u take time to observe, many scenes are connected to each other. + I love Noh Shinwoo
anyway. rewatch value is ⭐️⭐️⭐️⭐️⭐️"
34,세빛남고학생회,Almost 5 stars??? YES IT GIVES ME COMFORT SO IT DOESNT MATTER IF ITS BAD also I love those 4 boys so much
35,세빛남고학생회,Watching this felt like a job.
36,세빛남고학생회,VERY CUTE
37,세빛남고학생회,"cute 🥰 
also pls change the cover"
38,세빛남고학생회,shin woo 𝔦 𝔴𝔦𝔩𝔩 𝔭𝔯𝔬𝔱𝔢𝔠𝔱 𝔶𝔬𝔲.
39,세빛남고학생회,bakit may dildo sa school?????
40,세빛남고학생회,HOLD ME the best coming of age bl drama i’ve seen the way i cried cause i wanted to have their friend group
41,세빛남고학생회,I know it's not a good show but I still like it
42,세빛남고학생회,Bless their little gay hearts (and No Shin Woo’s ears).
43,세빛남고학생회,cute but there are some awkward scenes and im very uncomfortable with it
44,세빛남고학생회,"Why the girl gotta be the villain everytime man lol and also she straight out outted her best friend like? Damn jdksjdks
But besides that it was cute"
45,세빛남고학생회,"Frustrado pelo fato de terem construído um lindo arco entre dois personagens para no final darem o plot de enemies to lovers. Apesar da frustação, a história é bem construída e os personagens são bem desenvolvidos. Impossível não se identificar com o Da On e o medo de decepcionar quando todos colocam expectativas em você."
46,세빛남고학생회,At times when there is so much negativity everywhere sometimes all you need is some STRONG yearning and sweet moments and this show delivers on that
47,세빛남고학생회,"...........
youtube.com/shorts/0oXKybapbE8?feature=share"
48,세빛남고학생회,"NO KISSING NO STORYLINE JUST GAY PANIC AND YEARNING YEAAAAA
just enough homophobia to keep it interesting.
unfortunately this was good, which means I now need to come to terms with the dildo scene."
49,세빛남고학생회,GOD WHEN
50,세빛남고학생회,i wouldn’t take one bullet for them but TWO
51,세빛남고학생회,introduce me to a character more comfort character than namgoong and fail
52,세빛남고학생회,Hımmm karakterler fazla durağındı ve tahmin edilebilir plotuyla tatlı bir diziydi ama oyuncular mı yoksa çekim mi bilmiyorum bir şeyler fazla off’tu.
53,세빛남고학생회,Nunca mais que eu assisto algo com triangulo amoroso eu quase desenvolvi uma úlcera gástrica de nervoso mas no final deu tudo certo
54,세빛남고학생회,so wholesome 😔🥺🥺🥺🥺
55,세빛남고학생회,assim eu fico até emocionado sabe
56,세빛남고학생회,i understand what they were setting up but daon deserved love
57,세빛남고학생회,INCRÍVEL MARAVILHOSO SEM DEFEITOS OBRA PRIMA
58,세빛남고학생회,as much as I was entertained this has to be one of the worst television shows i’ve ever seen. i will give it a 2 for being gay
59,세빛남고학생회,"so much better than i expected it to be!! it's very cute and sweet, you don't have to think much to watch it, it's just a good time. although i did feel anxious about who he was going to choose, i'm so indecisive and if it was me i would freak out, i would never be able to choose. they're all too good. but the best one is namgoong. i love him 😭💖
yes, the main character has no charisma, it is cliche, it's kind of bland. so it has its problems. but it's still cute and fun, not every bl needs to be deep and intense and i don't think that's what it intends to be. also, i think we need more gay cliches, we have so many straight ones i see no harm in having gay ones. 
definitely watch it if you wanna have a fun time!"
60,세빛남고학생회,I have some trust issues after this but my heart was so warm while watching
61,세빛남고학생회,idk exactly when i watched this but i remember liking it! the main leads were believable and just overall it had a good plot when compared to the other short bl series. y didn’t i log it after tho hm
62,세빛남고학생회,MY HEART IS WARM
63,세빛남고학생회,Nothing new but kilig pa rin!! It’s a feel good BL series from SoKor
64,세빛남고학생회,tangina very webtoon mukha nun bida and also fluff kind of series ito! nakakatuwa lang sa character development sa dulo na open na sila sa relationship nila (⊃｡•́‿•̀｡)⊃
65,세빛남고학생회,"I had no expectation (at all) watching this series from the very first minute. I put my hope as low as possible to Korean BL, since they let me down over and over again. But this series brought something different that I ever felt to any other BL series.
The story is actually pretty simple, with almost nothing new they offered like any other series. However, the way they directed this show turn my head (and heart) around in every single episode. I almost believe this series might be ended up ""sadly"", or at least different than I expected from beginning. Yet, I fell in love with the last 3 episodes. 
Even though, they all are look bit older as a high school student but their performances were spectacular. It's just... I usually fond of original soundtracks from Korean series, but this series has nothing easy listening music that could stuck in my head."
66,세빛남고학생회,"Light On Me es mi BL coreano favorito, me encanta la historia que es inocente y creo que supieron llevar la historia por un buen camino, lo único que creo que les faltó fue desarrollar más a la pareja final.
Espero que saquen una continuación, lo digo por que nos dejan con un final abierto..."
67,세빛남고학생회,effortless chic top good taste
