,title,reviews
0,라이브,"Ah, a heartwarming scene where Kwang-soo is about to feed a starving kid who was neglected by his mother. He reaches into his bag and grabs… A SUBWAY SANDWICH. I was howling lmaoooo
When the drama focuses on violent crimes, political corruption, and officers’ low wages, it gets so emotional and I loved it so much. Definitely a tearjerker. 
Obviously I only watched this for Kwang-soo… it’s cool to see him in a much more serious role - I didn’t really expect that going into this.. Jung Yu-mi is fantastic and her character is particularly interesting, especially with the drama’s feminist message.
Having said all that, they unfortunately take the wrong turn with the issue of police brutality. The university protest was a really problematic and manipulative scene tbh. And that was before I read about how it’s based on a real protest where police were much more brutal to students (and they actually edited out the worst bits after criticism from Koreans). Whenever the drama addresses police brutality (mainly in the final few episodes) it’s really preachy and kinda uncomfortable to watch.
Don’t get me wrong though, most of the drama is pretty great!"
1,라이브,"korean 🇰🇷
one of my favourite kdramas of all time!! only started bc i’m a huge fan of kwangsoo in running man but watching him in his role as a police officer offered such a different charm!! such an underrated slice-of-life drama, it just felt so raw and sincere and i loved every single character. shin dongwook is also such a scene stealer!!
special mention to the osts that got me through life
: han donggeun - after a day
: davicihi - because you"
2,라이브,"18 episode berkualitas yg super hectic, chaos dan juga sangat terorganisir. Dedikasi Pasukan Kepolisian Divisi Patroli garis terdepan yg menguras tenaga, menghadirkan suka dan tawa hingga berjumpa duka. Banyak kasus, rentetan kisah dan valuenya tersaji mendalam."
3,라이브,"Possibly the best kdrama I've ever watched
lowkey had me sobbing
watched it 3 more times and still made me tear up
Kwangsoo's acting is brilliant
Beautiful camerawork and loved the cinematography
Music placement was immaculate"
4,라이브,"Saya menonton drama ini karena penasaran dengan akting Lee Kwang-Soo saat diberi mandat menjadi karakter yang tidak celelekan. Hasilnya, saya justru jatuh cinta sama Jung Yu-Mi yang keren dan begitu memesona di sini (di Train to Busan atau Silenced dia dibuluk-bulukin sih ya).
Overall a very good and underated drama. Enggak paham kenapa drama ini tak sebegitu dicintainya dibanding drama-drama lain yang menurut saya karbitan. Memang sih, narasinya tak begitu banyak mengumbar love story, namun slice of life dan message yang dibawanya sungguh layak dan menarik untuk disimak. Trajektori character development-nya juga cukup baik. Tak hanya dari para karakter utama, namun juga para sidekick yang mendapat showtime dan closure-nya masing-masing. A hidden gem that everyone should watch."
5,라이브,"Kayaknya gue nemu kecocokan di serial bertema slice of life atau life struggles. Yang ini tentang suka duka jadi polisi patroli di Korsel. Bromance abis: dari ""aku-eneg-sama-mentorku"" jadi ""where-my-mentor-goes-I'll-follow""."
6,라이브,"ayo, another fantastic non-cliche kdrama!"
7,라이브,"Mungkin diawal agak bosen karena ini lebih nyeritain kehidupan polisi-polisi Divisi Patroli di Hong-il, daripada kasus-kasus kriminalnya. Awalnya juga sempet stuck di episode 3 tapi coba lanjut lagi dan makin kesini makin bisa nikmatin. Ada momen-momen yang bikin kaget, deg-degan & haru sampe ikut senyum, tapi semuanya pas ga berlebihan. Di drama ini juga jadi bisa liat Kwang Soo yang bener serius, karena biasa liat dia ngelawak dan setiap liat mukanya pasti pengen ketawa tapi disini kaya serius. Walau kadang masih keliatan Kwang Soo-nya sih haha. Puas sama ending-nya, ga macem-macem."
8,라이브,"Such an underrated korean drama. This drama is so beautiful. If you read this, you need to watch this drama."
9,라이브,"A look into crimes that sadly happens everyday on our planet earth and the people that protect and serve. The approach they took on telling the story was just right. Understanding where and how they started was I think, crucial to really engaging in the characters development.  You start to understand why a character is this way. 🤘🏾⭐️⭐️⭐️⭐️ It’s a tear jerker for sure. 😭😭 ok maybe I’m just a crybaby 🤔"
10,라이브,"라이브 / Live (tvN, 2018, 18 Ep)
""I do believe that if you haven't learnt about sadness, you cannot appreciate happiness"" - Nana Mouskouri
Do your best, but most of the time, it's still not enough. If there's a writer in this industry who has better understanding of that dilemma, it's Noh Hee Kyung. Way back in early 2000, when dramas were hitting gigantic ratings more than 40%, Noh's mania drama 바보같은 사랑 / Foolish Love has average rating of 2% in its entire run with lowerst rating of 1.8% in one of its episode. Unlike her colleagues with same great talent like Park Yeon Seon and Jung Ha Yeon (both don't care about ratings), Noh compromised - her past works like 빠담빠담... 그와 그녀의 심장박동소리 / Padam Padam and 그 겨울, 바람이 분다 / That Winter the Wind Blows feel like toned-down, low-rent version of her old self. But slowly now, she's redeeming herself. 라이브 / Live feels like the Noh of yore - barebone dialogue, characters who experience poverty and become their modus operandi in the present, close to home interpersonal relationship - all creating a powerful and meaningful whole. I'm just so happy and thankful that she's back in being brutally honest self."
11,라이브,Setiap ost han dong geun - after a day diplay PASTI scenenya sedih
12,라이브,if this wasn't copganda i would be singing its praises from mountaintops. It's definitely lee kwangsoo's magnum opus
13,라이브,korean slice-of-life dramas truly never disappoint 🥺🥺😭😭😭💯💯
14,라이브,my favourite lah im still so attached to the divorced couple
15,라이브,"Lee Kwang-soo: ""I AM NOT THE MAFIA JAE-SEOK HYUNG!!"""
16,라이브,"Nonton ini karena ada kwang soo 😂

Tentang kehidupan polisi sehari-hari di Korea."
17,라이브,"heartwarming and filled with social commentaries. i just wished it was a little less procedural, and that we never had that “love triangle” because it was such an unnecessary mess. this was still a great show overall"
18,라이브,"Between moral and ethical debates, we are able to see how real is the work of policemen and women and we also see how much laws they have to respect even during the apprehending of criminals.
I had pain in my belly from laughing so much. I cried like a newborn baby in many scenes (and oh god there were many). I screamed a lot of joy. I was shocked and had goosebumps. I even salute in one scene. Basically my feelings went on a massive roller coaster.
And let's not forget who the main actors are. Jung Yu-mi (Kim Ji-young: Born 1982, Train to Busan and Silenced) and Lee Kwang-soo (Running Man, Collective Invention and Inseparable Bros)."
19,라이브,K-copaganda. 이런 건 또 잘 보고 배우는 게 정말...
