,title,reviews
0,라이브온,the sookai adaption of yeonjun’s scene was better
1,라이브온,Am I huge romance fan? Not really. But did I watch this just because the actor who played seokyoon in strangers from hell is in this??...perhaps....
2,라이브온,used to watch this show instead of playing attention in business during lockdown
3,라이브온,watched it bc of minhyun and yeonjun and ended up liking all the casts loll Love the drama so much
4,라이브온,This is the best school kdrama ever
5,라이브온,i still think about u my live on 😢
6,라이브온,"im not a big fan of korean typical romance drama
but this series is so refreshing and light yet the messages and storyline is so deep. the fact that this series only has 8 episodes, make all the scenes important and relevant.
the romance scenes are not too much, the side conflicts are not too much either. in conclusion everything about this series is just well developed and perfecto"
7,라이브온,the instrumental version of 'your light' that plays in the bg while go eun taek and baek ho rang look into each other's eyes mmm chef's kiss
8,라이브온,BAEK HO RANG BEST GIRL!!!! I THINK MOST STUDENT WILL RELATE TO HER STORY.
9,라이브온,""" do you remember dating me? ""
"" we did? "" 😭😭😭😭😭😭"
10,라이브온,Never expected na this drama would be really really good. Sohyun and horang carried the whole drama and I LOVE THEM!! Had a hard time moving on from this.
11,라이브온,younghoon only for you
12,라이브온,it's pretty simple but i love it
13,라이브온,It was a simple and heartwarming drama. The story was quite vanilla but the message was great and the broadcasting club idea was fresh
14,라이브온,Perfect drama to get me back into watching dramas again
15,라이브온,horrible. couldnʼt even get thru 1 ep
16,라이브온,kind of like a middle school anti-bullying short film. or a wattpad fanfiction
17,라이브온,"La historia es mega sad, los actores son muy buenos, el misterio por saber quien es el culpable te mantiene intrigado todo el tiempo.
El bullying escolar no es broma, está fuertísimo sobre todo en tiempos de primaria-secundaría, considero que la gente no le presta la suficiente atención o no lo ve como un problema realmente grave. Nunca te quedes callado busca ayuda.
Es muy triste toda la monserga que tuvo que pasar Baek Ho-rang, y todo gracias al bullying escolar, provocando un trauma, por eso es tan callada y reservada con las personas, ya que no les tiene la suficiente confianza, con justa razón, es temerosa, pero gracias a Go Eun-taek empieza a abrirse más hacia todos. Carece de la atención de sus padres ya que estos todo el tiempo están ocupados.
La vergüenza que siente por haver sido una víctima de abuso es lo que le impide relacionarse con las personas por eso tiende a ser de carácter frío y directo.
Ella no pide ayuda por temor y miedo :( su forma de proteger a todos es alejándolos, me gusta que siempre tiene a Eun Taek cerca para escucharlo ya que no le dice casi nada.
Por otro lado tenemos Eun Taek una persona estricta, rígida por horarios, y agendas, se caracteriza por administrar su tiempo y ser alguien cuadrado siempre pegado a la puntualidad, dañado por sus padres divorciados pero más por su madre, aunque luego se resuelve.
El siempre está tratando de distraerse mediante su pasión que es la radio.
Cuando conoce a Baek Ho rang se da cuenta que lo empieza a cambiar, tanto que pierde la noción del tiempo cuando está con ella, ya que empieza a llegar tarde a todos lados. (me causa risa que para el tarde es literal 8 minutos ajaja) ya que siempre ve la hora, esto es porque se relaja y se siente en paz consigo mismo cuando esta con Baek Ho-rang.
Una frase que rescato de Eun Taek es:
“Por eso me arrepiento, lamento no entenderte correctamente y perderte
Nambre Baek Ho-rang y Eun Taek van a paso mamá jaja me estresé.
Sus amigos como Kang Jae-yi de personalidad extrovertida jaja me sorprende la cantidad de veces que ha cortado con Do Woo-jae por tontos mal entendidos.
A Do Woo-jae le cuesta expresar sus emociones pero siempre se preocupa por ella y le presta mucha atención aunque no lo parezca.
Los ojitos llorosos de todos cuando se conmueven uwu que bello.
Me encantó el soundtrack creo que algo bueno de los doramas es la música sin duda, nunca decepciona en este caso Your light de TXT y NAAN de BIBI UFFAS!
Por último pero no menos importante aparece Yeonjun *-*"
18,라이브온,SO GOOD
19,라이브온,"this drama has so many clichés i swear but I LOVE IT. truth be told i alr watched the 8th episode before rge others just bcs i wanted to see yeonjun and plus i knew abt this drama bcs of txt’s ost in it which is 10000/10 ofc. anyways, i love this drama sm the way it coorperates comedy, romance, drama but also talks abt serious topics also i think that the casts play their character so so well ! LOVE THIS SHOW
ALSO ACTOR YEONJUN DEBUTATION WE LOVE IT HERE !!!"
