,title,reviews
0,도시남녀의사랑법,yeah i love deconstructions of manic pixie dream girl tropes and hot mess male leads
1,도시남녀의사랑법,If Kim Ji Won married me as a joke for a summer and then promptly ghosted me I would not be mad I would thank her for the opportunity
2,도시남녀의사랑법,i wish this series never ended. park jae-won i'm in love with you.
3,도시남녀의사랑법,"its literally too c*nty to be so underrated. kim jiwon u will be famous to me baby i would do anything for u, i literally keep the lights on in her house from the amount of times i rewatch monthly."
4,도시남녀의사랑법,the last three episodes especially the last one with the random couple ruined it
5,도시남녀의사랑법,"Well, that was a pleasant surprise. This might be my first Korean drama that had some good qualities other than being fun and surprisingly had a really low amount of cringe worthy moments as well; so, it was indeed a pleasant surprise.
At first I was kinda disappointed cause of the documentary style; but as the whole thing proceed, I kinda got used to it.
This drama had some really beautiful shots and overall, a pretty decent cinematography. The music was pretty good as well (Isaac hung's song was pretty sweet and the rhythm just stayed with me). I liked the fact that they kinda paid attention to city's role in the whole story. They actually gave us a pretty decent tour of a beautiful and complex city. I just wished they paid a more meaningful attention to city's role in modern romances; I mean, after all it's called lovestruck in the city, so the city deserves more than that.
The character development was quite impressive. They were shockingly relatable and although I wasn't always loving them, but I could feel them and they were actually quite realistic. There is also a really sweet and loving friendship in the story that was actually kinda better than all the romances that they showed us.
Unfortunately The writing had a lot of issues as well. There were times that It was inconsistent and extremely unfocused and this got even worse as it got closer to the end. My girlfriend watched this whole thing faster than me and kinda ruined some aspects of the ending for me; but that actually made me more focused on the details. The ending wasn't a complete disaster. There were some good and satisfying closures; but overall, it wasn't satisfying and I truly believe it was extremely easy to make it satisfying. They just had to ruin it. There were some plot points that felt extremely forced and unnecessary and I just didn't get them. Especially the ending that was for geon's arc; that was just forced as f***. To me, the most annoying sh** about this kdrama was actually a pretty small but annoying as sh** detail; I can't talk about it in details cause I don't want to spoil anything. It's a small unanswered crap from a mid credits scene involving a phone call and the identity of the man who answers the phone; they literally forgot about it.
All things aside, I enjoyed watching it. Jae-won's love for photography reminded me of the times before this stupid COVID-19 era. God, how much I miss just taking a stroll with my camera; taking pictures of a city I love, or at least used to love.
I was going to give it a 4/5; but they just ruined some parts, so now I'm giving it a 3/5. It was flawed, but I liked it; later, I might even change it to a 3.5/5.
Watch it if you're into kdramas or just looking for some sweet and overall Decent time."
6,도시남녀의사랑법,"made me wanna buy a trailer, stay at the beach in Yangyang and never come back."
7,도시남녀의사랑법,cute modern love story. didn’t like the abrupt ass ending or introducing a new love story in the last episode. so many things were left unresolved and there’s not even gonna be a season 2 (not that i wanted one anyway)
8,도시남녀의사랑법,"korean 🇰🇷
🌕2020 ranked
binged this in 2 days! really liked how fun and unique the whole concept was and all the characters were appealing to me! kim ji won in particular,,, she's perfect i love her portrayal of eunoh and how she changed over time so much,, she's everything to me 🥺
i was more interested in watching scenes with the 3 best friends though,, kinda wish kyungjoon and rinyi's relationship received more development throughout so their breakup didn't feel so abrupt?? i also love how cool seonyoung is and wanted to see more of her. the random couple thrown in in the last episode also threw me off because it didn't feel like the other story arcs were tied up neatly too and it just ended like that??"
9,도시남녀의사랑법,eunoh my favorite gaslight gatekeep anti manic pixie dream girlboss 💖✨ ugh the  ̶y̶e̶a̶r̶n̶i̶n̶g̶ moping arc was soooo boring sorry jcw being down that bad for 99% of his time onscreen idealizing the shit out of cute surfer girl he hung out with for a month like dude move on. the story could have been half a star better if they never got back together imo. anyways but ngl i cried my eyes out at the one big reveal scene……..the 3 besties deserve everything…..what a gift it is to continue learning and becoming who you are in every season…i guess..
10,도시남녀의사랑법,so good but I had to drop it bc wtf is up with the realistic/familiar representation of love??? I want unattainable fictional romance not pain!!
11,도시남녀의사랑법,perfect for your nightly sobbing session
12,도시남녀의사랑법,so relatable of eun-oh to run away at the first sign of intimacy. yes girlie keep on gaslighting and gatekeeping.
13,도시남녀의사랑법,"I started watching this at 11 p.m. last night, and I ended up watching until episode 12 before I slept. I continued watching when I woke up and wished it never ended.
Kim Ji Won is the ultimate manic pixie dream girl. I can't think of anyone else best suited to this title in the K-drama world. Eun-o was portrayed realistically, unlike most mpdg portrayals I've seen so far.
The story started a little weird for me, and I had a lot of questions along the way. Isn't it awkward to have cameras follow you all the time? What time do they leave? Is it after the interview or some time later? Do they even leave at all?
To be honest, second chance romance is my favorite trope, alongside best friends-to-lovers. This drama gave me that and so much more. The ending felt a little rushed, though.
I resonated so much with Eun-o because I was the ordinary girl. As I watched, I remembered the saying, ""We become mosaics of the people we met."" Often, we look in the mirror and don't recognize what we see, but we are changing because we are growing.
No one is ever ordinary."
14,도시남녀의사랑법,"South-Korea is really on top of these therapeutic/healing dramas game omg…
Escapism is a real thing… and when you fall in love during the escape, it won’t last afterwards, because you don’t believe that the “real you” deserves it.
Eun-oh’s story resonates with me like crazy, it hurts. I have a toxic relationship with escapism myself (including beaches, surfing and falling in love). And the confrontation was real. I had to mop my face with my blankie.
“I still don’t know who I really am. But I don’t want to go back to the old me.”
“Taking care of myself is, for now, more important than loving you.”
These are quotes that I have literally used before in my life. But the truth is, that all the different versions of you are a part of you. And you don’t have to be perfect to allow yourself to be loved. I just hope that one day I will not only know it, but also feel it.
I love the concept of breaking the forth wall using interviews. I was expecting to get super annoyed by this storytelling style but somehow this worked for me. I am super in love with Kim Ji-won and Ji Chang-wook! And I can’t explain how the Nick Carter hairstyle is still so hot in 2021.
Favorite scene: the candle scene"
15,도시남녀의사랑법,‘why am i annoyed to hear that you’re doing well?’ BOIIII I DID EVERYTHING TO NOT CRY!!! the acting *chefs kiss*
16,도시남녀의사랑법,kim jiwon pick me love me choose me
17,도시남녀의사랑법,I loved this show so much because it really said manic pixie dream girl who!?? And then proceeded to show us how love can be messy but het men are messier!!!
18,도시남녀의사랑법,park jaewon i am free on thursday if you are free we can hang out on thursday please call me on thursday when i am free
19,도시남녀의사랑법,"this series is just different.
sometimes it felt like watching a documentary but no, it's a drama. it kinda felt odd at first, but after a while it felt exciting.
i love how I HATED THE GIRL IN THE BEGINNING OF THE STORY, and as the story continued i started to understand her and sympathized with her, and then ended up wishing for her happiness. i love how i cried for this guy's undeniable love, although i felt its kinda rushed, but- idk what to say THIS IS JUST SO GOOD I LOVE IT! their acting is impressive"
20,도시남녀의사랑법,kim jiwon and ji changwook’s chemistry is INSANE
21,도시남녀의사랑법,"I know, relationships are complicated but JUST TALK TO THE OTHER PERSON!"
22,도시남녀의사랑법,My fav part was when she had a break down and ate four straight bowls of noodles and the chef was like ‘ma'am you ate the entire pan…that’s literally all the noodles we have on the premises’ Absolute mood mate
23,도시남녀의사랑법,"“Taking care of myself is, for now, more important than loving you.”
Love can be messy but cishet men are messier.
In my head-canon, this ended in Episode 16.
I love you Kim Ji-Won!"
24,도시남녀의사랑법,the writers really said this one’s for the girls who hate themselves I FEEL SEEN
25,도시남녀의사랑법,"Why was she lying all the timeeee
They could have been so beautiful together :((((((("
26,도시남녀의사랑법,"MANIC PIXIE DREAM GIRL KIM JI WON !!!!!!
dear kim ji won and ji chang wook, i am also willing to get married (real or fake idc), surf, dance in the rain, and paint surfboards with both of you . pls accept my offer and include me in ur relationship. 
their relationship makes me want to off myself
cliche plot BUT THEYRE SO CUTE IDC i dont like ji chang wook’s character - sometimes annoying like shut up (but i get it if kim ji won left me with no closure i’d be more than annoying) but nonetheless it was cute and still entertaining (the interview layout cinematography was hard to get used to in the beginning but i got used to it)"
27,도시남녀의사랑법,"listen,, that scene of them painting the surfboards lives in my mind rent free"
28,도시남녀의사랑법,"Park Jae-Won (played by Ji Chang-Wook) falls for the free-spirited woman Lee Eun-O (played by Kim Ji-Won) while on a trip to the seaside. Falling deeply in love through surfing, sunsets and the beach, Jae-Won has to return to Seoul for work. With broken promises of staying in touch, we return to the city life when Jae-won discovers that Eun-O wasn't who she appeard to be.
The narrative structure runs between flashbacks and a fun, documentary style (almost like The Office) where we are introduced to a cast of 6 (including the leads), revolving around their experience with love, sex and relationships. I loved how the topic of sensitive subjects came through in this way and how each person had a different (or similar) opinion. As the simple act of holding hands is as steamy of is gets for k-dramas, this show breaks that awkwardness by having these blunt and realistic conversations on the topic.
All the flashbacks were shot so dreamy and beautifully, and worked really well to differentiate between the past and the present. Another thing I appreciated was how they pointed out obvious tropes of product placements. It was a clever way to reveal and be up front, in a humours way, when it comes to showing logos or idols in a shot.
I really enjoyed this way of storytelling (if anything, I wanted more of the behind the scenes style, and breaking of the fourth wall) and how we have a character arc between all the cast memebers through these two mediums. The friendship between them and how it showcased a wide variety of relationships, ups and downs. The music was uplifting and the pacing was great. The two last episodes shook things up a bit and felt like they were hinting to a possible second season, with the sudden character introductions and plot reveals, without conclusions. It felt slightly disjointed, but opens up for a possible second season."
29,도시남녀의사랑법,i need a s2 rfn i loved this
30,도시남녀의사랑법,I am so horribly in love with Ji Chang Wook its actually embarrassing. Why is he so perfect in this 😭
31,도시남녀의사랑법,big big biggggg thanks to someone behind this drama for putting my two favs actor in lovestruck in the city. they are seriously my favorite among all and the fact that the drama didn't disappoint me really made me feel beyond happy. neoooomu neomu joha
32,도시남녀의사랑법,lee eunoh best bitch
33,도시남녀의사랑법,"I def think the format of this drama is what’s making ppl rate it lower than it should be. I did a lot of crying at this one.. even in the happy moments I was bawling, pls send help <3"
34,도시남녀의사랑법,"As many of us after watching the first couple of episodes I had my doubts wether if this was going to be good, turns out it was great, everyone take the risk and it pay off, the setting and character design was great and every one embody them at perfection.
THIS is for the broken hearts and also for the ones in love!"
35,도시남녀의사랑법,"8. Lovestruck in the City (2020-2021)
Displayed different types of adult romance relationship, perhaps this is a decent Ji Changwook drama in years. His chemistry with Kim Jiwon is as clear as water, like they actually dated each other??? A good mockumentary drama (3.5/5)"
36,도시남녀의사랑법,farklı ve çok samimiydi beğendim
37,도시남녀의사랑법,"i love the humor of #lovestruckinthecity, i've been cracking up a lot while watching it. the whole concept of it is so interesting, it's refreshing to see a kdrama that's so different. it kinda has a western style, i like it a lot."
38,도시남녀의사랑법,please they’re all so stupid i love it
39,도시남녀의사랑법,Format was new and different. The two leads know how to fucking kiss. A bit bland otherwise but still enjoyable.
40,도시남녀의사랑법,"uhm idk it's good ending nmn 😕 tbh i always ask why she lying all the time?? edi sana goods kayo at walang break na naganap :(



but besides grabe CHEMISTRY NILA NI JIWON AT CHANGWOOK I SWEARRR YUNG SCENE NILA NA NAGPAPAHIRAN NG PINTURA BEH KINILIG AKO TALAGA"
41,도시남녀의사랑법,all the first kiss in kdramas but i think this is the best one
42,도시남녀의사랑법,i love Choi Min Ho but why would they randomly put his story. no proper end for the actual main characters
43,도시남녀의사랑법,Instagram‘da tek bir sahnesine denk geldim ve hemen  başladım iyi ki başlamışım.  Bir grup arkadaşın ilişkilerini izledim inişli çıkışlı çok güzel bir yolculuk gibi ve hiç sıkılmadım🖤🖤
44,도시남녀의사랑법,"Odd concept, seemed boring in the beginning but turned into a really fun love story."
45,도시남녀의사랑법,dayum
46,도시남녀의사랑법,"There was something so unique and innovative about this drama's format that I still think about from time to time. I love when fiction meets non-fiction - documentary elements (think American Animals).
Yet, I was missing what I'm ineloquently calling ""the spark"". I can't quite put my finger on it, but I didn't feel any affection towards these characters. It was a lot of ""what was the point of that?"".
Did I still manage to mindlessly binge the series in a day? Yes."
47,도시남녀의사랑법,"Loved the new concept.
And the chemistry between Park Jai Won and Lee Eun Woh was electrifying."
48,도시남녀의사랑법,Eunho I love you
49,도시남녀의사랑법,My fault for watching this after my mister and reply 1988
50,도시남녀의사랑법,"Idk what the hell y'all are talking about, this was great!"
51,도시남녀의사랑법,Would’ve been perfect without adding on the cop and actress storyline.
52,도시남녀의사랑법,"En si es bastante confuso pero entretenido, veía la necesidad de terminar cada episodio para ver que ocurría luego. No me gusto que la pareja secundaria no terminara juntos y me pareció el final muy apresurado"
53,도시남녀의사랑법,watched this 4 minho. he is the love of my life. i love you choi minho
54,도시남녀의사랑법,romantik ilişki bakımından baya bağ kurduğum bir dizi oldu. layk
55,도시남녀의사랑법,"i loved him in this drama, but tbh any drama ji chang wook has been in, i’ve loved"
56,도시남녀의사랑법,"This drama goes into deep emotions if that makes sense. The reason I only gave it three stars is because the female lead frustrated me so much, and I’d rather have a different end but it was really good overall and focused on deeper meaning of love."
57,도시남녀의사랑법,mid
58,도시남녀의사랑법,Eu julguei a prota mas sou igual elakkkkkkkkkkkkjjjjkkkkkk
59,도시남녀의사랑법,I SO MESSY!! I'm down for it.
60,도시남녀의사랑법,first kdrama
61,도시남녀의사랑법,"Pontos altos do dorama: a fotografia e Ji Chang Wook. O roteiro favorece muito a identificação com ele. As cenas em Jeju são lindas e escritas e dirigidas de maneira muito sensível e amável. Corta pras cenas em Seul. VAI SE FERRAR o dorama fica HORRÍVEL. Nunca odiei uma personagem principal tanto na minha vida, é muito difícil entendê-la e mesmo quando é finalmente explicado não gera empatia por ela. Os personagens secundários foram totalmente insignificantes pra mim, são muito bestas."
62,도시남녀의사랑법,"Yep, rpier moment"
63,도시남녀의사랑법,tatlıydı ama sonu o kadar saçmaydı ki sjdjjdf 16 bölüm 5 dk görmediğimiz adamı niye tüm final bölümünde izledik anlamadım
64,도시남녀의사랑법,geon deserves so much but ill settle for his friends remembering their plans with him
65,도시남녀의사랑법,Angry 😡
66,도시남녀의사랑법,"Tapos na! Huhuhu. Mamimiss ko sila...
🔘 this is the pogiest Ji Chang Wook I have ever seen. Kahit di sha maghubad pogi nya grabe.
🔘 magaling maganda ang cast. WALANG TAPON. Walang nganga acting (hello seo dal mi)
🔘 first few episodes, maweweirdohan ka, kasi para syang reality series. Pero yun kasi ang concept, kunwari reality series sha. Ganern.
🔘 ang pogi ni Ji Chang Wook.
🔘 me pogi rin na mamang pulis hahaha. Si MinHo ng SHINNEE boyband
🔘sa umpisa nga, parang weird. So mejo nakakabore. Pero hindi ka mapapatigil kasi ang pogi ni Ji Chang Wook. Hahahha.
🔘 ganon talaga ang buhay. Me nagmamahal at me minamalas sa pagmamahal. Parang ganon. Ipapakita nila ang realities of love? Haha.
🔘 so after 5 or 6 episodes, or pag nakuha mo na ung takbo, mageenjoy ka na. Saka hindi sha effoet panoorin. 30-35 mins lang per episode.
🔘hindi mo rin naman sasabihing bitin. Pero... gusto mo pa.. hahah. Ke same cast, or different cast with different stories. Pero shet, mahirapan yung writer ha. Hahahhaha. 
🔘and nasabi ko na ba, ANG POGI NI JI CHANG WOOK. Ugh. Yun na. Enough reason na yan to watch this."
67,도시남녀의사랑법,My favourite actor and actress. But the story sucks. Not my fav series
68,도시남녀의사랑법,"i'm not crying, you are"
69,도시남녀의사랑법,"No thoughts just emojis
☀️🌊🩱🐚🏄‍♀️🏄‍♂️🎨🍜🚲⛲️⛱🌅🎆"
70,도시남녀의사랑법,Kilig and stuff but damn the amount of yelling and the design school flashbacks that came from this show 💀
71,도시남녀의사랑법,"At the start, the format kinda confused me. And then the last episode too, the haena & dongsik story feels unnecessary."
72,도시남녀의사랑법,cara critain ceritanya keren tapi banyak bosen scene
73,도시남녀의사랑법,so passo raiva
74,도시남녀의사랑법,SAUUUUR GOOOOOD
75,도시남녀의사랑법,"özledigim icin bir daha izledim,,,"
76,도시남녀의사랑법,"The set up of this is smart and compelling with fluid interview/documentary style montages. These allow it to offer a more panoramic view of relationship questions that come to dovetail in the main romance- I liked this right away. 
I think the pacing towards the end could have benefitted from expanding further into the leads' relationship. Ultimately, I think the series is too short and could've done a lot more with longer episodes, even if that would've obviated the need for the intercut interviews. Perhaps alternatively it could've abridged the idyllic flashback more in favor of the scenes in the city (part of me thought this should've been called ""Lovestruck at the Beach""). Still, I liked the comedy of remarriage style structure (falling in love again) and how that creates a powerful conflict for most of the run. 
All in all, a quick watch that's smartly constructed, enjoyable, and features strong acting, especially from the supporting cast."
77,도시남녀의사랑법,park jae won shi ahm ready for yaaaa \( ö )/
78,도시남녀의사랑법,i finished this kdrama two weeks ago and i can't stop thinking about it. even though the concept was a bit weird and confusing (like why is there a cameraman in their homes?) the story itself was a 10/10. i keep replaying the scene in the bar where they meet again and scene where they're flirting in the car while it's raining outside and i truly belive that those are two of the most meaningful and memorable scene i have ever seen. the acting was out of the world and the script really highlighted the development of every character. the soundtrack is also a 10/10.
79,도시남녀의사랑법,예또ㅋㅋㅋㅋ
80,도시남녀의사랑법,"Kisah percintaan 3 pasangan kekasih yang dikemas dengan gaya semi dokumenter ini cukup menarik untuk ditonton.
Banyak yang bilang drama ini membosankan tapi bagi saya drama ini punya ruang tersendiri di hati saya. Sinematografinya juara, pewarnaannya juga bagus dan hal yang paling saya suka soundtracknya itu enak didengar hangat dihati juga chemistry antar pemain yang klop.
Walaupun romance disini banyak mendominasi tapi ada juga hal-hal mengenai kehidupan yang relate dibahas disini.
Ada 3 pasangan kekasih disini tapi sayangnya pembagian sorotan masing-masing pasangan tidak mendapat bagian secara merata karena terlalu mendominasi di kisah Lee Eun-O dan Park Jae Eon.
Pace yang lambat tidak selalu berarti membosankan. Durasinya selama 30menitan memang pas untuk premis drama seperti ini."
81,도시남녀의사랑법,o começo eh mto chato mas depois mds EU QUERIA MTO VIVER UM ROMANCE EU SOU TÃO INFELIZ
82,도시남녀의사랑법,"okay i loved this: the leads, side characters, plot, execution but???? the ending felt so??? abrupt???"
83,도시남녀의사랑법,"7 episodes in and im loving the weaving of all the different storylines. light, warm, and the main couple are hot kissers what more could you ask for folks"
84,도시남녀의사랑법,park jaewon pick me choose me love me
85,도시남녀의사랑법,"#LoveStruckInTheCity
Pake konsep wawancara ala-ala reality show jadi jualan utama yang bikin drama ini menarik & fresh + durasi waktu yang hanya kurleb 30 menit juga bisa dibilang keputusan tepat walau masih juga terasa 'membosankan' di awal-awal.
Rate: Hello, My Beach/5"
86,도시남녀의사랑법,"slightly boring at first but still willing to trade anything just to spend a month or two with Ji Chang Wook and/or a minute with Choi Min Ho🥺💘
PS. sa sobrang realistic ng mga kaganapan dito, feeling ko talambuhay ko yung ginamit ng director, half char🙂"
87,도시남녀의사랑법,"kim ji won is so pretty omg 😍
i need a 2nd season"
88,도시남녀의사랑법,"As someone who has gone through (and is going through?) what Jaewon experienced, I can say, the paranoia and misery and helplessness and hopelessness are all way too real. It's painful to watch even, if you had gone through the same thing. 
No one deserves to be disappeared on, no matter what the circumstances are -- but if you look at it at the perspective on the one who left, maybe, things are just as hard for them; maybe it's not only you who's hurting. 
Don't believe the ""it gets better in time"" bullshit. It doesn't. But you, YOU get better. 
And to (you) all the people who left without notice: may you find peace wherever you are, fuck you, but maybe I still love you."
89,도시남녀의사랑법,"One of the most beautiful dramas I have ever watched, it is just one such dramas which instantly lifts your mood up, and makes you crave for all the good things in your life, well executed modern love. Beautiful portayed cast, Overall it’s romantic and realistic at the same time. The problems and struggles they are facing are very relatable, Kudos to entire team!"
90,도시남녀의사랑법,shows you two sides of the story to help better understand relationships.
91,도시남녀의사랑법,"This was easy and light to digest, it's more than the summer romances and existential crises. The soundtrack is amazing."
92,도시남녀의사랑법,"dios mío completamente Devastada  ,, Destruida .... DESCONSOLADA !!!!"
93,도시남녀의사랑법,Asså den är inte så bra
94,도시남녀의사랑법,can't blame jae-won when he fell in love at first sight with seon-a i mean she's a dream
95,도시남녀의사랑법,It was refreshing to watch a k drama which was different from others and has an unique approach. I loved the casts so much!
96,도시남녀의사랑법,Cinta satu malam oh indahnya cinta satu malam buat ku melayang. Napa karakter ceweknya plin plan banget si ah hadeh
97,도시남녀의사랑법,지원 ♡ ^.^
98,도시남녀의사랑법,ji changwook loml
99,도시남녀의사랑법,Totally disaster! The worst thing that Koreans imitate disgusting american productions.This is one of them.Mister Wook don't do that again and Kim Ji Won should also forget this one.
