,title,reviews
0,이구역의미친X,just jobless mentally ill people trying to figure out life… this is representation
1,이구역의미친X,"finally! i’ve been waiting since yesterday for this drama to be here on letterboxd!! 🤩
•
never knew i’d love this drama so much. i watched this without expecting anything as i am not familiar with the leads. i was just thinking that perhaps, this would help me get out of my slump plus it’s not so bad to give it a shot since it only runs for 30-35mins per episode. sure, episode one was a riot and chaos as hell but as the story went by, it became more appealing and interesting to me. oh yeon-seo is such a serve istg. there’s smth about her that made me look forward for the next episodes and what’s gonna happen next. both of them, their acting skills are quite effective and captivating. 
this, mad for each other, is such a precious kdrama. love how it depicts mental issues and even gave awareness to the viewers. it teaches us to trust ourselves and the people around us; to confront our struggles instead of perpetually running away from them; to be the person that we want to be whether or not people approve to it. 
i enjoyed every bits of this— from episode one up to the last one. this made me laugh, teary eyed, and even pause and ponder on things.
please, if you’re seeing this— take this as a sign to watch this kdrama if you have the time! come back to me and shame me if you won’t be able to enjoy and love this. :)


shameless plug: stream my oh yeon-seo in mfeo edit haha tnx :p"
2,이구역의미친X,"aside from being the enemies to lovers cute romance i desperately need, i’m happy there’s finally some good fucking representation of mental illnesses! especially OCD!!!!!!!"
3,이구역의미친X,mentally ill ppl falling in love instead of finding a job just the way it should be
4,이구역의미친X,"they way i screamed and laughed and yearned
theres only one way to fall in love and it begins with hate <3"
5,이구역의미친X,"Yg satu ga bisa kontrol emosi, satu lagi cemas berlebihan. Tinggal sebelahan. Apa jadinya kalau sering ketemu secara kebetulan?
Secara story mirip-mirip Silver Linings Playbook, tapi ini versi lebih ringan dan kocaknya.
Karena tiap episode durasinya juga cuma 30 menitan, jadi enak banget buat binged-watching."
6,이구역의미친X,"korean 🇰🇷
it's fun to binge through and they're not usually the type of characters i'll like but jungwoo and oh yeonseo made them loveable!!"
7,이구역의미친X,"firstly, this was a casual viewing experience that left a pretty nice impression overall so it doesn't feel significant to raise the few issues i had.
on to what i'd like to highlight: media that, in a similar fashion, approaches the topics in this show while placing mentally ill characters at the centre (a grown man who willingly seeks therapy?!) isn't something i easily come by so i did end up getting moved by certain parts (the execution of the scene in which he tells her she did nothing wrong, when he tells her mom to place faith/trust in her daughter instead, when he calls himself the source of his own anger—now that one hit close to home). of course samantha's general presence was also chefs kiss.
the sweetness of some moments just really did it for me and i'd love more rep that entails such warmth!!!"
8,이구역의미친X,why howi the dog was not on the cast and credits???
9,이구역의미친X,flower girl and mad dog were so cute together!! i wish they'd shown more of samantha and the convenience store girl but all in all it's a good kdrama with mental illness rep definitely worth a watch
10,이구역의미친X,"pros:
- amazing FL + ML chemistry
- accurate depictions of mental illness
- psychiatrist in the show doesn't give dogshit advice
- handles core themes of domestic violence + various abuse with sensitivity
- the show doesn't revolve around them sharing the same psychiatrist as i had thought initially
- GNC/GQ/NB (?) character that they wrote as a NORMAL PERSON rather than a stereotype, also ML and pretty much no one in the show was a transphobe
- FL is literally qt af
- ML is weirdly attractive
- cute dog that doesn't die in the end
- really good OST for a kakaotalk show
- it made me cry a lotttttt
- it actually made me laugh in the earlier episodes
- matching couple outfits >
- 30-40 min episodes
- i will remember this show when asked to list my favorite dramas and i'll miss everything about it a lot
cons:
- many stereotypical k-drama tropes that are quite frankly too corny for 2021 (""omg no stop don't leave saranghae"", running after a moving vehicle, ML saves FL in distress)
- i understand ML has anger issues but there is no legitimate origin story that validates his behavior imo (other than maybe his dad's treatment toward him), and at times his anger breaches into scary territory of the repeating the behavior of FL's abuser
- ending was way too rushed to wrap up FL + ML's main conflict story lines
- it's not explained where the FL even goes away to
- what the FL's mom said and did to her was abuse and she never apologizes or tries to amend for it
- at times they portray FL as this hysterical, weirdo, reclusive wreck, and at other times, they try to make it seem like she's completely fine + sophisticated like how she was pre-traumatic events
- 110% they needed to flesh these characters out more, esp ML but they only had 13 ep. that were 30-40 min. long i get it maybe the budget is tite"
11,이구역의미친X,"I liked it. It presents the mental illness in a healthy way, the chemistry between the two main characters is perfect."
12,이구역의미친X,"another great underrated series! each episode made me realize something mad respect for yeon seo and jungwoo they did a great job for portraying their character so well 👏 my new comfort series, it's official."
13,이구역의미친X,"dizide iki erkek karakter var biri şiddet uygulayan, istediği olmayinca çirkinleşen, yalanci, gizlice sevgilisinin videolarını ceken,çok iyi manipülasyon yapan birisi.Digeri ise sevdiginin üzerine titreyen, asla siddet egilimi olmayan normal bir insan. Hayatimiza bu iki tür erkekte girebilir, güvenebiliriz.Hata bizim bu insanlara güvenmemizde degil hata geleneksel aile yapisi adi altinda yapılan dayatmalar yüzünden sorunlu yetisen, toplumun erkektir yapar veya güvenmeseydi, onu giymeseydi, orda ne işi vardı gibi sözleri bu insanlara cesaret veriyor. Hata burda basliyor iste."
14,이구역의미친X,"Unexpectedly refreshing— a gem of Netflix original korean drama worthy of anyone's time. This is my favorie one! bringing trauma, mental disorder, and cross-dressing as the topics with a lots of comedy and romance thingy. Such as a healing drama, I loved it."
15,이구역의미친X,"Kdrama
13 episodes - 35 mins/episode
Rom-Com
Love story between two mentally ill people.
Good Healing drama👌
Mix of fun, unusual romance & emotions.


Enjoyable😁😍❤️"
16,이구역의미친X,455 precious minutes of my life
17,이구역의미친X,"I’m not a human, I’m a dog if I talk to you again."
18,이구역의미친X,"Him, a cop with anger management issues, placed on leave for assaulting someone.
Her, a woman with anxiety and ptsd from an abusive relationship.
They may be mad for each other, but they are far from perfect for each other. I went inbetween rooting for them to be together, and rooting for them to separate. I was always wishing for the episode he would stop yelling ALL THE TIME.
I was honestly more engaged with the side characters, Soo Hyun(the Part-timer) and Samantha. But it was cute at times, i liked how they incorporated serious issues+ mental illness, and it's a relatively short drama so I'm more willing to let things slide. And hey - I'm all for more depictions of people getting therapy (esp. men)"
19,이구역의미친X,"flower girl, mad dog and howi id die for you
just fucking lovely. i found minkyungs mental ilness reprensentation so real and refreshing. i haven’t seen anyone do ocd representation without being annoyingly overly stereotypical. i was especially moved by the dialogues about minkyung not trusting her own judgement.
my only problem with this is that it seems like it was cut short in the middle of production. there were many scenes that obviously meant something important for the characters/storyline that they didnt follow up on. like hwiohs relationship with his father and uljin. 
minkyungs leave?? where did she go did she move back. and her relationship with her mother.
overall i feel like hwiohs mental health problems should’ve been explored more.
and why would they not show hwioh and uljins reinstatement i would dieeee to watch that. also would die to watch the abusive exboyfriend and his mother get sentenced to prison."
20,이구역의미친X,"Jung Woo is sooo underrated, i love this man, he needs to star in more K-Dramas as the lead"
21,이구역의미친X,"Dibuka penampilan duo annoying yg bikin pening, nyatanya kisah ini menjalar jd hubungan serius dua manusia yg berjuang dgn mental issue. JungWoo - OhYeonSeo jd salah satu combo terbaik tahun ini lewat presentasi karakter dengan warna yg kuat."
22,이구역의미친X,a cute kdrama perfect for binge watching
23,이구역의미친X,I laughed a lot
24,이구역의미친X,"Lo ame con todo mi corazón. Me tomo por sorpresa como una serie que se presenta como una comedia romántica con capítulos de solo 30 minutos de duración podía tratar así de bien y con respeto temas tan complejos e importantes como la salud mental, la diversidad sexual, la violencia hacia la mujer y por sobre todo cómo construir relaciones sanas a base de la confianza el respeto y creer en el otro. El único aspecto flojo para mi fue el final, se sintió un poco apurado pero por lo que entendí fue a causa de la pandemia so no los culpo. Aún así fue hermoso que tuvieran el final que merecían. Minkyung y Hwioh inventaron el rivals to friends to lovers, los voy a extrañar un montón 🥺"
25,이구역의미친X,i LOVED it! the couple has great chemistry! i really liked that their relationship was based on knowing the other's mental state and accepting each other as they are AND ITS SO FUNNY the cast did a great job <3
26,이구역의미친X,"tatlı bi diziydi ve bir sahnesinde de denildiği gibi: neden hep kurbanlar yerine suçlularla empati yapıyoruz?
yalnız şunu söylemeden geçemeyeceğim uyuşturucu yapan elemanın yakalanması çok basite kaçmış gibiydi ama markette çalışan kızla ekürisi çok tatlılardı, çerezlik dizi izlenir 👍🏻"
27,이구역의미친X,enemies to lovers is a good sign to watch this drama
28,이구역의미친X,"‘we’re the okay ones, its everyone else thats crazy’ 
will any other kdrama couple ever see them? absolutely not"
29,이구역의미친X,2 mentally ill people and howi da cute doggo (would rate this a 3.5 dapat but +.5 kasi ang wholesome ng ending scene)
30,이구역의미친X,"it was amazing to see how this drama reached such a complexity with the story and within characters in a short amount of time, there's some kdramas out there with almost 95 minutes and 16 episodes that can not reach that.
the story is fresh and nice, the characters funny as hell and even those hard/sad moments were great to see. well done"
31,이구역의미친X,A nice KDrama with a great cast and a heartfelt story.
32,이구역의미친X,"I loved this drama! 
It’s funny, comforting and heartwarming.
They both have their own matters with their mental health, and are seeking for professional help. It’s not a “love magically disappeared my struggles” but a “I now have the support I needed”. 
They support and try to understand  each other, while they keep getting the professional help they need, and start to get better little by little, how it’s naturally supposed to happen when you have the treatment and support; but still, their issues are still there, because that’s how some people have to live. And I love that.  
I can’t wait to watch it again, I’m in love with them. Good acting, comedic timing, OST, and the outfits of the female lead? Iconic. 
It also has some cute post credits scenes."
33,이구역의미친X,Healing and fun. Great portrayal of a relationship between two phsychologically damaged people.
34,이구역의미친X,"was good until the last 3 episodes, i haven’t even comprehended what happened"
35,이구역의미친X,the last episode😓 foe flashbacks why was it so underwhelming
36,이구역의미친X,"Entertaining and mildly compelling low-key K-drama. Clearly mismatched, emotionally damaged leads (him, a suspended cop with anger management issues / work-related PTSD; her, a white collar worker made dangerously fragile by an abusive relationship). They bond through proximity (they are neighbours), her emotional need, and the shreds of compassion that they still possess. But even if the ‘damage’ of one didn’t exacerbate the ‘damage’ of the other (which it does), they are just too ill-matched for there to be a happily ever after.
Semi-sensitive treatment of mental illness. The leads are interesting to watch - her more than him, partly because of the acting and partly because of the writing (she’s the more complicated character - withdrawn, quirky and unsociable, while he’s extroverted, angry, and occasionally violent - i.e. a man). Some semi-interesting side characters, who are somewhere between two- and three-dimensional. Cinematography unremarkable."
37,이구역의미친X,enemies to lovers trope babey
38,이구역의미친X,"afff
muito fofinho
segundo dorama que eu vi e me leva a perguntar: o que doramas têm com maltratos a cães? Será que todo dorama que eu for ver vai ter isso?
eu si divirti bastante, tem umas cenas mt engraçadas, principalmente pelo fato de que eles ficam brigando o tempo todo"
39,이구역의미친X,"Cute, especially Oh Yeon-seo ☺️🌼"
40,이구역의미친X,"👁👄👁🌼
Thanks for the recommendation, Koen!"
41,이구역의미친X,didnt expect it to be this good :D
42,이구역의미친X,"love the visuals of min-kyung w the flower thing and weird outfits.
pretty fun but sadly ran to a rushed ending."
43,이구역의미친X,they’re mentally ill and cute together
44,이구역의미친X,"their chemistry 🥺👉👈
i'm a fan of oh yeon-seo sejak lihat acting dia di kdrama comeback mister. bisa dibilang salah satu watchlistku adalah nonton semua film dan drama dia yang lainnya alias bakal aku cicil pelan-pelan 😆mad for each other ini lebih fokus ke healing mereka, bagaimana pasangan saling mengerti dengan mental health masing-masing. chemistry pemainnya manis sekali rasanya mereka bener-bener diciptakan untuk satu sama lain 🥺❤"
45,이구역의미친X,This was fun and different. I liked how they bought some important topics and discussed it in the show. At times I find the female lead's character as annoying but I had a good time.
46,이구역의미친X,cute and fun show♡~
47,이구역의미친X,"Meu primeiro dorama e sinceramente não sei se será ou não o último. Eis um otimo entretenimento para quem quer repousar a mente e ver algo que vai te fazer rir um pouco aqui, suspirar um pouco acolá, mas nada mais que isso. Admito que as produções são caprichadas e acredito que possa até justificar a nota alta, é algo realmente bem feito, mas...é provavel que daqui há algumas semanas eu esqueça o que assisti. Porém, muito bem feito e tem lá seu charme.
30.06.2021
Netflix"
48,이구역의미친X,*de todos os loucos do mundo by clarice falcao playing*
49,이구역의미친X,this was too good i loved it so so much they’re everything
50,이구역의미친X,why god doesn’t let me live a crazy romance like this
51,이구역의미친X,my mad ppl 🫶🏻
52,이구역의미친X,I guess we can’t have two suns under one sky huh🌞🌞
53,이구역의미친X,lucuu bikin mewek jg. baguuus
54,이구역의미친X,tudo que it's okay not to be okay gostaria de ter sido
55,이구역의미친X,moodbooster
56,이구역의미친X,my new comfort show
57,이구역의미친X,best 455 minutes of my life
58,이구역의미친X,my two fav psychos
59,이구역의미친X,"my personality being a mix of those 2,,, fun experience to watch it as an outsider"
60,이구역의미친X,jobless mentally ill enemies to lovers straights we love u
61,이구역의미친X,mad love for howi the dog
62,이구역의미친X,Los amo tanto
63,이구역의미친X,Codependent as hale so glad they are fake ppl bc real ppl I’m sorry no matter how much you love each other y’all should NAWT be together. But your hearts are in the right place. Good thing they both I therapy bc they definitely not cured but they’re getting better.
64,이구역의미친X,i love oh yeonseo and i love this i will fight anyone who says otherwise
65,이구역의미친X,sonunda kalp krizi geciricem diye korktum neyseki olmadi :))
66,이구역의미친X,loving the madness of the two of them!!!
67,이구역의미친X,"very cute! cheesy ending, i felt like their relationship developed a little strangely but the enemies to lovers part… the FIRST KISS… man"
68,이구역의미친X,i want what they have
69,이구역의미친X,esse aq eh de louco jjkkk mas eu gostei
70,이구역의미친X,"was a bit hesitant to watch at first due to the title —not sure how I feel about the media portrayals of mental illness just yet, but I’m glad I gave it a try. a small step to the right direction about stigmatization through a palatable storyline that centers heteros 🤣 (no worries gays, we will get our W soon). definitely a good attempt; after all, it was aired on Netflix so I feel that certain liberal ideas (shown in the drama) have a targeted audience in mind  lol... the cast is so cute too"
71,이구역의미친X,"It depicted mental health in a way that was realistic, but not depressing. I can honestly say every episode had me cracking up especially the first one"
72,이구역의미친X,"no because the last episode ruined the whole thing.
i really liked the premise of two mentally ill people that, no matter how crazy they were, would still fell attracted to each other somehow. the leads have amazing chemistry, and the ending just threw it away.
they could have work things out. like, i get that she was feeling betrayed bc the only ally she had didn't trust her right away, but, can you blame him tho? she had done that before (accusing the 507's dude of stalking). saying that her abusive ex was stalking her made no sense to him bc the guy was supposed to be in jail. he didn't knew he was released.
also, she didn't believe him when he said that was not married. he never did anything to lose her trust. she simply didn't fully believe him from the start.
their problem is that they can't trust eachother, but that could be fixed, since is not their fault. it's just that they went through a lot.
also, was Yang arrested? what happened to Samantha and the convenience store's girl? did 507' get back to work? did the fl move? why did it look like she suddenly put her life together? her ex wasn't charged for trying to get in her apartment? they could have proven that.
so, yes. the ending ruined it. this could be solved in two more episodes, at most."
73,이구역의미친X,"Mental illness is very hard to describe to people who haven't lived with it, Mad For Each Other does a pretty good job at helping you with that. Bittersweet is a term I feel accurately describes this show, it has it's frustrating tear-jerking scenes that will make you stop wanting to watch but then it pulls you back in right after.
There's only a 30min runtime for each ep compared to most kdrama's so it's easy to pick up which I appreciate, but I do wish it had been a bit longer."
74,이구역의미친X,a química deles dois é surreal
75,이구역의미친X,I don’t have words for just how much I didn’t think I would like this and then ended up loving it please !!!
76,이구역의미친X,"rewatching this rn...
one of the best kdramas I've ever watched, I would die for hwioh and minkyung"
77,이구역의미친X,cute
78,이구역의미친X,"Suka banget sama premis kedua pemeran utama memiliki masalah gangguan mental akibat dari problem yang mereka hadapi di masa lalu. Tidak cuma itu, peran pendukung disini juga sama menariknya, terutama trio asosiasi perempuan. Setiap mereka muncul selalu menarik perhatian dan cukup menghibur.
Fenomena kekerasan seksual hingga revenge porn juga menjadi concern utama dalam series ini. Dimana di sini benar-benar digambarkan efek psikologis dan dampak sosial korban begitu besar hingga membuat sulit untuk beraktivitas normal seperti sebelumnya."
79,이구역의미친X,Gostei tanto de como abordaram alguns temas nesse drama o casal é engraçado e emocionante de se acompanhar e tem personagens secundários maravilhosos
80,이구역의미친X,open.spotify.com/track/0hqj5JBnFt1BHEz2UCFwrl?si=UPU2H-AuRmeVW8TGDpNqsQ&utm_source=copy-link
81,이구역의미친X,funny... cry count: 3
82,이구역의미친X,fofo
83,이구역의미친X,"finally, it was time to end watching the drama full of anger of the casts, but the ending was so 💛 the fact the we have to finish and make peace with our past before starting the new one was the absolute to do list :)"
84,이구역의미친X,"Enemies to lovers goodness, but I really feel like it's a crime it was so short, could have benefitted a lot from more time to finish up loose ends. The ending was kinda messy and felt like they had to shove 15 different plot points in one 30-ish minute episode. Where did she go? How long was she gone? Did the moms ever talk? Did the therapist realize they were a couple? Why couldn't we see them talk about how they caught Yang? WHY INTRODUCE THINGS AND NEVER FINISH THEM? i did like the representation so bonus points for that
ps. if my neighbor blew her safety whistle as much as min-kyung did i would report her to the police"
85,이구역의미친X,"If you are looking for a k-series with a good story, proper execution, and all in all, this is a recommended one. It is more than just a comedy show, it is a gem. Also, it discussed different social taboos and showed how their characters addressed it."
86,이구역의미친X,"Easily one of the best k-dramas. The crime aspect of the story is pretty much nonsense but who cares when the leads are so funny, emotionally engaging, sympathetic, and cute together and there's an adorable dog. A must watch for anyone into k-drama. 
Also the ending is weak because of things external to the drama itself so I give it a pass."
87,이구역의미친X,divertido & dramático do jeito certo
88,이구역의미친X,"Sempre fico pensativa em como relações podem ocasionar traumas, adoro esses Doramas com uma pegada mais jovem adulto, cansada de só clichê de escola"
89,이구역의미친X,"Now this is a real find
All box checked for a nice little drama 😌🔥☑️✅✔️🍸✨"
90,이구역의미친X,"me, shaking Fate by Her shoulders: me and who. me and who!! me anD WHO!! ME AND WH-"
91,이구역의미친X,"Such a refreshing, light hearted drama!
Binge-watch worthy."
92,이구역의미친X,"mental illness and joblessness - i feel heard !
the drama is so underrated and deserves a lot of love and hype.
they've portrayed mental illness and the ptsd that women face after physical and emotional abuse very realistically. the chemistry of the leads is 😭<3
also the drama is really well written !
adding it to my favourites :)
one of the best dramas of 2021."
93,이구역의미친X,It's a really good drama addressing some of the social issues at the present day. The characters were extremely interesting. I was very impressed.
94,이구역의미친X,mentally ill couple
95,이구역의미친X,eu me mijo com este mt bommmm they're so crazzzzy! love them
96,이구역의미친X,such a cute and underrated drama :')
97,이구역의미친X,"De todos os loucos do mundo eu quis você..
Sinceramente eu não estava botando muita fé nesse drama mas ele foi me surpreendendo de uma forma tão positiva que acabou se tornando um dos meus kdramas preferidos.
Apesar de ser bastante leve, ele consegue tratar de temas muito sérios como relacionamento abusivo e transtornos mentais.
enemies to lovers always catch me."
98,이구역의미친X,perfect...it is flawless!
99,이구역의미친X,"Facile d'entrée par des épisodes de 30 minutes et sous ses extravagances, il y a quelque chose d'attrayant et de prenant qui rend la série particulièrement irrésistible, en plus de ses interprètes attachants."
100,이구역의미친X,喜歡💗
101,이구역의미친X,proof that kdramas can be under 40 mins and still be well written
102,이구역의미친X,Literally my favorite k-drama rn and weirdly enough raised my expectations by a lot like I want someone to give me a rape whistle as a gift 😪
103,이구역의미친X,orgil ketemu orgil menghasilkan cerita orgil👍🏼
104,이구역의미친X,"It scared me.
I'm afraid I might mess it all up again.
So this time, I sincerely want to be better.
Healing takes time, and it's okay. 🥺
My new comfort series, final answer."
105,이구역의미친X,The ending is awful
106,이구역의미친X,shoutout mental illness !
107,이구역의미친X,I would have loved another 10+ episodes and more Ahn Woo Yeon as Samantha.
108,이구역의미친X,meus vizinhos jogam pedra no meu telhado mas gosto de pensar que eles se apaixonariam por mim tb
109,이구역의미친X,Este kdrama es bastante entretenido y tiene una historia que no te llega a aburrir.
110,이구역의미친X,hwi-oh eu te amo meu amor da minha vida me namora pfvr eu to implorando
111,이구역의미친X,Iseng nonton taunya bagus banget! ♡
112,이구역의미친X,me identifico com o casal
113,이구역의미친X,"Kisah unik penuh cekcok dari dua manusia 'problematik' ini ternyata bukan sekedar komedi romantis biasa, Mad For Each Other tampil kuat lewat isu penting tentang kekerasan dlm hubungan, manusia dengan masalah mental, serta selipan penyelidikan yg emosional sekaligus mengasyikkan."
114,이구역의미친X,"a short, sweet, and fun show that lightly touches on mental health and stigmas, and also a great enemies-to-lovers drama. 💗 and i just want to say, if this show can tell a story in 30-40 minute episodes, why can’t other shows do? 😩"
115,이구역의미친X,Mad for each other until being 'mad' for each other <3
116,이구역의미친X,Como superar meus loucos ????
117,이구역의미친X,"mais uma peça do meu querido jung woo (o ""lixo"" de reply 1994) e simplesmente: uma metralhadora furiosa de gatilhos, até mesmo por se passar boa parte na terapia dos personagens principais e discutir as suas problemáticas envolvendo saúde mental e superação, como viver o pós trauma etc. um grande e lindo romance, histórias 100% saudáveis entre os principais e entre os coadjuvantes tb. doramão, fazia tempo q não assistia um assim."
118,이구역의미친X,"Only love for this drama 💘
I also suffer with mental illness, and so, many scenes hit home the frustration of all the emotions that seem to muck up inside. The two leads were both sympathetic and sweet once you saw past their jaded exteriors. I liked that it showed how someone can look ridiculous and seem to be having an overeaction from the outside, but since we've been following the character we see how it escalated or why they were triggered. I hope that's something people can take with them after watching this. It was also wonderful in gently combating the belief that LGBT people are dangerous and / or mentally ill, its not often I see positive rep in Korean dramas (that's not played for laughs) so this was a wonderful surprise. It's also significantly shorter than other dramas which helped so it didn't spiral out and get lost in other storylines as dramas often do.
Wonderful, sweet drama!"
119,이구역의미친X,"Drama comedy, tapi triggering. Gak suka sama episode akhir. Penyelesaian konflik/masalahnya maksa banget. Tapi menurutku termasuk drama mental health yang bagus selain It's okay that's love."
120,이구역의미친X,"Because if you're truly happy, you don't need to put your mind at ease by purposely condemning and hurting others.
Mad respect for Jungwoo for his great acting!!!!
Also, it's hella funny too."
121,이구역의미친X,why no one talks ab this kdrama ?
122,이구역의미친X,fé nas maluca.
123,이구역의미친X,Kalo udah jodoh emang ga kemana
124,이구역의미친X,a drama that portrays the realities of mental health issues emphasizing the most important thing: all it takes is for someone to understand. AND SEEK MEDICAL HELP!!!!
125,이구역의미친X,"Main characters are adorable. Perfect mix of comedy, git wrenching romance and crime/thriller. Thirteen episodes at around 40min each fly by compared to the 24x 1.5 hour episode mega marathon dramas!"
126,이구역의미친X,honestly didn’t expect this to make me SOB
127,이구역의미친X,"just finished this healing drama without any expectations and it was so good, pretty funny and warmhearted!"
128,이구역의미친X,fofo sem ser careta ♡
129,이구역의미친X,muito gostosinho de assistir parabens
130,이구역의미친X,"I love this sooo muuuuuchh!! 
Mungkin buat beberapa orang ini akan triggering karna emang ini kisah 2 orang yg lagi ngalamin mental issue. Jadi kulik dulu ya sebelum nonton.
Untuk aku yg khasanah per-drakornya minim (ngga nyampe 5, selalu nyerah) yg ini aku suka bgt karna ngga slow-paced, ngga minyiminyi, sederhana & ringan bgt juga! Romancenya tipikal “sinting” tapi mature tapi tetep manyis. Seru bgt liat dua orang dewasa yg super awkward sama love life. Btw cuma 30 menit per-episode! Penting buat yg suka bosenan nonton series panjang kaya aku :(
Some parts make me cry and wondering “gimana rasanya diperjuangin segitunya?” he he emo total zhayang"
131,이구역의미친X,"fazia tempo q eu n torcia por um casal hetero viu, curti"
132,이구역의미친X,"first impression after watching the first episode: it’s a reality that “It’s Ok, That’s Love” and “It’s Ok To Not Be Ok” tried to capture.
love the comic relief and the chemistry between the actors, which makes the story more interesting and easy to watch. 
slightly similar to Silver Linings Playbook."
133,이구역의미친X,THEY SAID TRANS RIGHTS !!!
134,이구역의미친X,hurt my brain tbh allah y9brhum 3la b39’
135,이구역의미친X,"episode 1nya lucu banget parah, sempet kecewa karena kirain sepanjang series bakal selucu episode 1 dan ternyata enggak. tapi tetep bagus dan jadi salah satu series korea underrated di netflix."
136,이구역의미친X,this drama made me laugh and cry and fall in love with every single character i beg everyone to watch it
137,이구역의미친X,"I was afraid of not being able to solve everything in a 40 minute episode, but luckily it worked! them kissing on top of the guy was wonderful"
138,이구역의미친X,"Its actually a tiny bit impressive how this show contained themes that are still taboo in Korea: domestic violence, mental health and transgender rights."
139,이구역의미친X,mentally ill people going with the flow of life while falling in love.. thank you for the representation 👍
140,이구역의미친X,jung woo cute and all his outfits impeccable. especially long coat turtle neck. also just really sweet show and i may have cried but i’m on my period so it’s ok
141,이구역의미친X,"•I loved that there's a representation of functioning adult struggling, fixing themselves, and actually seeking out professional help
•yesss Samantha
•I also went to a psychiatrist but I didn't end up falling in love with a man who's ready to be my ally- so I guess that's unrealistic"
142,이구역의미친X,the precious 455 minutes of my life
143,이구역의미친X,;_; They are Mad for Each Other
144,이구역의미친X,"perfeito, os personagens são bem desenvolvidos e o romance entre eles é muito fofo <3"
145,이구역의미친X,"Entertaining, short and sweet."
146,이구역의미친X,my short attention span love this drama so much<3333 the storyline is also GOOODD!
