,title,reviews
0,미스티,Endingnya asu.
1,미스티,the perfect drama for the milf and dilf nation.
2,미스티,"korean 🇰🇷
so good and intense!! i love how layered every character is and this just kept me intrigued throughout. go hyeran remains some of my fav kdrama female characters even though i don't agree with some of her decisions but that's how powerful she is!! i remember feeling a bit underwhelmed by the ending though"
3,미스티,"What an intense and sharp K-drama! It is so far from cheesy and melancholy thingy because of the lead actress's characters that made this drama so powerful. A tight competition that has been built by ambition, possession, and obsession is just made a great image although sometimes it's just evil. Great script and unlikable characters in here are simply made me curious to watch it till the end."
4,미스티,the director really snapped by casting hot people only!
5,미스티,"Fine acting all around.  Good writing.  A grown-up story.  The female lead character is complex, and extremely well-played.  She is tough, and very ambitious, but also principled as to her profession.  I didn’t always like her, but she wasn’t just a villain.  There was more to her, and that is what made the acting so compelling to me.  Worth watching."
6,미스티,"Rasanya drama ini kayak ada yang kurang, padahal awalnya menarik, tapi lama-lama jadi biasa aja. Tapi tetep menarik untuk ditonton, karena dibuat penasaran siapa pelakunya"
7,미스티,"I think what this show does best is showcase the dicotomy between men and women very accurately. Of egos flawed, competitive, yet honest and human."
8,미스티,"It was perfect . It had great cast , great plot , great twist. The film score is unforgettable"
9,미스티,"용두사미. 미스티가 남긴 교훈: 성공하려면 남자를 멀리해라

 ------------------------------------

16화까지 다 봄

약간...나 대학생시절 레포트낼 때, 서론이랑 본론 중간까지 존나 공들여서, 쓰면서도 와 이건 진짜 에이뿔 각이다 하고 뽕차서 쓰다가 시간없어서 뒷부분 좆망해서 삐마이너만이라도 겨스님 제발요 마음속으로 울면서 내는 그런 느낌...

 진짜 혜란엄마의 암시, 은주의 집착, 은주가 노킹온헤븐스도어 트라우마 아는 이유, 혜란이가 정의구현에 집착하는 명분, 혜란의 명우에 대한 애틋함 다 설명하려면 금은방에서 성매매든 성폭력이든 금은방 살인이 혜란이 손에서 났던 혹은 혜란이 때문에 일어났던지 해야 아귀가 맞지. 그리고 한지원은 쿠크다스리 죽던 날 연락 왜 한겨. 케빈은 키스하면서 블박메모리를 뺀거야? 브로치는 어케된거고...에휴 작가가 떡밥만 던져놓고 회수를 못하니 ... 뒤로 갈수록 캐붕도 짜증나고 ... 진짜 무슨 작가가 두명인가? 외압이라도 있었나싶을 정도로 초반과 퀄차이가 나버림. 

강태욱 뭐야. 겉으론 세상 온화한척 현부양부인척하는데 뒤로는 후궁들 다 죽여버릴 궁리하는 못된 중전같잖어. 후궁태욱뎐이야 뭐야. 
혜란이 사랑꾼인거 시러...물론 야망이 크니까 살인범부인이라는 타이틀은 숨기고 싶겠지만 그러려면 더 독하게 후궁태욱이의 자살도 이용하는 모습도 보여주던가!! 하오카처럼. 누가 고혜란 착해서 좋아한 줄 아냐. 초반에 한지원 밟을 때처럼 물불 안가리고 돌진했어야하는데 갑자기 10화부터 독기 빠지기 시작해서 막판에 약해빠진 모습의 행복전도사행...캐붕...고혜란 인기요인을 전혀 이해 못한듯한 작감. 배우만 열일 ㅠㅠ 미스 슬로운처럼 쭉쭉 갔어야지!!

고혜란-한지원-윤기자 라인 넘 좋은데 유일하게 캐붕안된 윤기자. (근데 명우는 윤기자는 왜 린치한거야. 싸패야 뭐야..똥오줌을 못가려. 애틋캐로 시작했다가 피아식별못하는 분조장 한남됨. 막판에 은주탓은 뭥미;;) 끝나고나니 여자들의 연대를 그린 부분만 온전히 남았다. 남자새끼들은 죄다 뒤통수침ㅋㅋㅋㅋ시부럴ㅋㅋㅋ

이 드라마 여자들은 다 유능하고 강형사 웅팀장 무능캐는 주로 남자들임. 
흥미로운 캐는 짱국짱인데,
현실 미성년자 성매매 전과자인 본체가 미성년자성매매보도하는 시청률지상주의자로 나온거까지는 웃으며 봤는데 마지막회에서 나의 아저씨야 뭐야. 미친... 16회 장국장이 집필한 줄...진정한 남주는 장국장이었니...(으앜)
 곽기자만이 미약한 희망이다

 16화 보고 빡쳐서 여운이 마더보다 길어짐;
------------------------------------------ 
  8화까지 봄
김남주 ㅠㅠㅠㅠ아흐흑 ㅠㅠㅠㅠ 너모 멋있어. 내가 김남주 드라마 모델시절부터 흑흑흐 이상형얼굴 ㅠㅠㅠㅠ 얼굴천재 만재 ㅠㅠㅠㅠㅠ

미스슬로운같은 욕망캐까지 끼얹으니 이건 뭐 ㅠㅠ 완벽하쟈나 ㅠㅠㅠ 취향 저격이쟈나 ㅠㅠㅠ 미스 슬로운에서 제시카챠스테인 얼굴만 좀 아쉬웠는데 고혜란 완벼크ㅠㅠㅠㅠㅠ
 아, 고혜란 설정이 81,강태욱80이라는데 이건 좀 무리수 ㅋㅋㅋ77-75정도였어도 될텐데 지진히는 어떻게봐도 70이얔ㅋㅋㅋㅋ뭐니. 전혜진도 은주연기도 끝내주지만 역시 천팀장때가 좋았다ㅠㅠ 누가 전혜진한테 짱짱걸역할 좀 주라 줘 ㅠㅠ 그리고 케빈리 너무 양놈들이 좋아할 아시안 상...추성훈st...정작 아시안들은 크게 호불호갈릴 타입. 게다가 저런 멘탈로 어케 월챔을 먹냐. 월챔을 뭘로보고. 

강태욱캐릭터가 짱인데 내조의 왕자임. 한때 김남주가 내조의 여왕이었던걸 생각하면 ㅎㅎㅎ8화까지 봤는데 사실 내용은 크게 긴장감 있거나 연출이 쩔거나 그렇진 않음. 영상은 세련됐지만 음악은 또 넘나 올드한 갬성...그냥 고혜란 캐릭터의 매력이 멱살잡고 간다."
10,미스티,"Very suspenseful, but like most dramas didn't like the ending. It keeps you watching though despite 16x90 mins."
11,미스티,"This drama was too addicting! An intelligent script, excellent acting all combine into a compelling drama. Misty had an overarching theme of questioning people’s dreams and motivations. The actors were all great, especially Kim Nam Joo. Her body language and facial expressions totally on point"
12,미스티,"mds personagens insuportaveis nenhum sequer presta a mulher é babaca e o marido é um trouxa
final mto ruim
as vezes ficava lento demais pra um dorama de suspense que chegava a ser cansativo
mas ainda assim achei legalzinho yassss👏👏👏 viva as milfs girlbosses"
13,미스티,A roller coaster ride drama and will give you a headache in every episode but still worthy to watch because there’s a lot lessons in terms of journalism broadcasting and life.
14,미스티,"This series was good. Go Hye-ran was a great and independent women character and Kang Tae-wook the most patient husband. But, why the ending?? Why??"
15,미스티,imagine having two people who loves u that much…. cannot relate </3
16,미스티,jealousy is a disease go get cured
