,title,reviews
0,마우스,"If you put Stranger, Flower of Evil, Vincenzo and Vagabond into a Petri dish with a sprinkling of The Terror Live, out would come Mouse. It shouldn’t really work but it powers through on pure adrenaline. tvN are fucking fearless for making the final episode 100 minutes.
There were some things that I questioned when I first heard them but only really thought about after the drama ended. They talk a lot about how aborting psychopaths will create a ‘world free of crime’… which makes no sense because not all criminals are psychopaths. Heck, not all murderers are psychopaths either. Kind of a big flaw in one of the fundamental questions the show asks.
It’s kind of hard to rate as I had some issues with parts of the ending - the OZ arc had some weak writing - as well as the overall message of the drama (and of course the headache-inducing screen flickering during flashback scenes). However, what can’t be denied is that it’s incredibly enjoyable, Lee Seung-gi is awesome, and the plot twists are mind-blowing, even ones that are heavily hinted at beforehand."
1,마우스,"Riveting- intense psycho mystery/thriller drama. Unique plot, tightly knitted screenplay , splendid cinematography, crazy BGM and great performances from the entire cast will instantly demand your attention from the word go. Utterly Addictive show. Fucking great!!! Without an iota of doubt, this one gonna be in my all time fav shows list. Pure adrenaline rush from Ep1 to Ep20. I'm unable to put it in right way, as I'm completely dumbfounded at the moment.
You will get connected to a character in the series which is not supposed to happen considering the traits but you can't refrain yourself doing so, that's the beauty of the story telling. Literally made me shed tears in the finale, I'm so into to it. Every character gave their best to make this one standout. Special mention to Lee Seung gi, as he gave a memorable performance in his career, even Hee joon Lee is another asset to the show.  What a ride man, just blindly give it a shot!!"
2,마우스,"Where do I even start ??
Whom do I praise for making this drama ??
I can totally say that Mouse is the most well-written & unpredictable kdrama. 
Each episode is nerve wrecking, mind blowing & even the climax didn't disappoint.
They way it’s engaging from Ep 1 to Ep 20 deserves all the applause.
Detailing is perfect.
Story telling at it’s best.
LeeSeungGi’s finest performance.
This remains favourite forever.
When I think I understand everything, one plot after the other comes and I don’t know anything anymore.
When I think I’m starting to understand again, I realise that I don’t know anything and brain keeps trying to formulate hundred different 
theories none of which are true !
It’s worth your time, don’t miss watching it, experience it yourself !!"
3,마우스,ماوس واحد من المسلسلات الجميله اللى شوفتها الفتره اللى فاتت ، فكره جميله واداء محترم جدا واحداث مشوقه جدا لكن مع وجود بعض العيوب (بالنسبه ليا) زي المبالغه فى التويست والاستخدام المفرط لل cliffhanger والاعتماد على عنصر الصدفه اغلب الوقت كل دا يضعف من اي عمل حتى ولو الفكره عظيمه برغم انها عوامل جذب قويه جدا .. العيوب دى كان ممكن تخليني مكملش فعلا إلا اني فى النهايه استمتعت جدا وكتجربه راضي عنها تماما وينصح طبعا بالمشاهدة
4,마우스,"yaampun gw cape nonton ini sumpah wkwkwk BERTELE” mulu gila, padahal dari awal udah excited banget sampe sekitar eps 7 sehabis itu yg tiba tiba seriesnya yg sok mau dijadiin ala kaya procedural tv series malah buat aku jadi gajelas, PANTEKKK NGESELIN SUMPAH KEK WASTE TIME.
padahal yang bagus lebih ditekankan ke case dari awal dan ke manusia” yang terlibat disitu, banyak banget hal” yang gapenting, kerasa dragging banget nontonnya udah lagi ditambah episode spesial hadeh, anyway buat aku ini mouse kalau cuma dibuat lebih simpel dan cuma 16 eps + 2 eps spesial itu udah bagus. overall menghibur dan recommend kalau kuat nontonnya."
5,마우스,im halfway done this 20-episode mind boggling series and i feel like im hanging onto the last threads of my sanity
6,마우스,"Seven meet The Truman Show meet The Bourne Trilogy.
Exciting, exciting and fucking exciting. I enjoyed it to every bits!"
7,마우스,lee seung gi best actor !
8,마우스,"Alurnya kusut sekusut-kusutnya.
Salut sama Lee Seung-gi yg bisa meranin tokoh katakter berlapis kaya Jeong Bareum ini.
Biasa nonton variety show dia koplak banget.
Keputusan tepat memang ambil job Mouse ini, jadi ajang pembuktian kalau aktingnya ga kaleng-kaleng."
9,마우스,"drama dengan 20 episode, twist dalam twist.
dengan ending yang menjawab semuanya tapi tetap tidak memuaskan (bagiku).
tapi yang jelas semua pemeran yang terlibat di dalamnya memiliki acting bagus bgt! salut!"
10,마우스,"Kegilaan opening yg menggemparkan, pro-kontra gen psychopath, punishment bagi predator. Berbekal awalan solid, berakhir super messy. Ada ambisi berlebih & toxic value di dlamnya. Tp apresiasi tinggi utk jajaran cast yg sukses menaikkan tensi & mengaduk emosi."
11,마우스,"And At last after a long search for one year
A series worthy to be in my all time favorite series collection
Ah Screenwriting ki 🙏
Ah performance ki 🙏
Top Tier Stuff"
12,마우스,Badut2 itu bernama detektif grasak grusuk dan putra nasional
13,마우스,"Masterpiece in Psycho Thrillers. Epic Writing Epic Storytelling. Rollercoaster ride of Emotions with all its Twists and Turns. An Experience like never before for this kinda Genre. One of the Greatest show i've ever witnessed it will be One of my all time Favourite shows. No one should miss this i repeat no one.
G.O.A.T drama 💥💥"
14,마우스,"Best show ive ever watched. It was such an intresting concept with the ethical issues. I think abortion should be legal anyways, but should we just abort all psychopaths...ion know, we dont diagonse people as psychopaths only ASPD and they can still live normal lives e.g yohan 🙏 😘 🕊. But then we got bareum, he was treated unethically but he was on unethical mf. I just feel sorry for the surrounding community, they were going through it. But even then take the situation of the women babysittying yohans baby, to their knowledge this baby could be another psycho killer, just like its father and grandfather but they were neglecting a innocent child. Every part and detail of this show is just very intresting"
15,마우스,"Convoluted mess of a plot that get solved through cheap clichés.
This show highlighted why kdramas and their thrillers often don't work for me. They try to mimic the way Korean movies thriller are made, in fact this show has several scenes that payed homage to the amazing Korean thrillers I saw the devil and Memories of murder. But while twists and turns work in a 2 hours story, they become repetitive and over the top quickly when the writers are dragging the plot to make it last through the 20 hours of the show.
We started ""Mouse"" with a grounded and strong pilot and we ended up with a story that added too many subplots when they should have used their screentime to develop their characters instead. This show is supposed to be a ""psychological thriller"" yet the stories develop the growth of their characters on a very shallow level because the writers chose to prioritize plot twists over well-rounded characters.
What a waste for something that is so long and that deals with heavy topics such as traumatized children, loss abortion, murders...
In the end Korean dramas would be so much better if they were mini series that last 5 to 8 hours.
Mouse was a show that I was looking for cause it was often recommended if you liked Beyond Evil like I do, but it simply did not deliver and sometimes even felt like a parody."
16,마우스,"[Spoiler rate: 30%]
Serial ini dibuka dengan temuan ilmuwan bernama Daniel Lee (Jo Jae-Yun) yang dapat menguji DNA seseorang bahkan saat orang itu masih dalam kandungan. Tak sekadar pengujian biasa, namun Daniel fokus meneliti apakah bayi yang tengah dikandung itu memiliki kecenderungan menjadi psikopat nantinya.
Keberhasilan penelitiannya sangat tinggi, yakni 99%. ""Lalu, apa kemungkinan 1%-nya?"" tanya sederet politisi kepadanya.
Ternyata, walau ""hanya"" 1%, namun bayi ini dapat juga menjadi orang yang sangat jenius.
Dalam rapat terbatas RUU, saat itu diambil keputusan bahwa tindakan aborsi untuk mencegah lahirnya seorang psikopat gagal dilakukan. Daniel Lee kemudian pindah ke Inggris dan terus meneliti dan melakukan kajian.
Sekian tahun kemudian, Seoul digemparkan dengan adanya kasus pembunuhan berantai. Si pembunuh kemudian dikenal dengan nama Head Hunter sebab ciri khas pembunuh ini dia akan memutilasi korbannya dan menyimpan bagian kepalanya.
Daniel Lee diminta kembali ke Korea Selatan dan harus memeriksa beberapa DNA dan juga kecenderungan prilaku sang pembunuh.
Naas, rupanya si Head Hunter ini adalah sahabatnya sendiri, dokter bedah Han Seo-Joon (Ahn Jae-Wook) yang tadinya akan menjadi iparnya. Ironisnya, Jennifer -adik Daniel tewas dibunuh oleh Han Seo dikarenakan Jennifer menggugurkan anak yang ia peroleh dari Han Seo.
Puluhan tahun berselang, Han Seo yang dikenakan hukuman seumur hidup di penjara terus menjalani hari sembari menunggu kematian. Dan, muncul lagi sederet kasus pembunuhan berantai yang memiliki ciri khas: pelaku akan mematahkan jari korban, membuat jari ini menunjuk ke sebuah arah di mana akan ada salib di sana.
Salah satu detektif yang bertugas menyelidiki ialah Go Mu-Chi (Lee Hee-Jun) yang tak lain salah satu korban yang selamat dari kasus pembunuhan terakhir yang dilakukan Han Seo. Ya, kedua orang tuanya dibunuh Han Seo. Sedangkan, kakaknya (yang kini menjadi pendeta), cacat permanen akibat serangan Han Seo dulu saat mereka masih kecil.
Dibantu oleh polisi muda -Jung Ba-Reum (Lee Seung-Gi), Mu-Chi berusaha menyelidiki kasus pembunuhan berantai itu. Sejak dulu, dia memang sengaja menjadi polisi untuk menyikat semua psikopat yang ada.
Dan, ini adalah saat yang tepat baginya untuk kembali mewujudkan keinginannya sambil terus mencari cara untuk melakukan pembalasan dendam secara langsung terhadap Han Seo.
Namun, ada yang Mu-Chi tak sadari, jika kasus pembunuhan baru ini rupanya masih ada kaitannya dengan Han Seo. Konon, anak kandung Han Seo yang bernama Sung Yo-Han (Kwon Hwa-Woon) lah yang menjadi pelaku. Namun, pembuktiannya tidak mudah. Dia harus mempersiapkan diri dengan kemungkinan terburuk yang akan terjadi. Salah satunya: kehilangan nyawanya sendiri.
* * *
Hwo, sineas Korea kayaknya gak pernah kehabisan ide, ya! walaupun tema besarnya standar: tentang pembunuhan yang dilakukan oleh psikopat, namun serial Mouse ini menurut saya cukup segar sebab, sejak awal pembunuh besarnya sudah tertangkap.
Selain itu, banyak misteri berlapis dan juga pelaku-pelaku psikopat lain yang hadir di serial dengan episode sebanyak 20 ini (masing-masing berdurasi 1-1,5 jam).
Plot twistnya juga berlapis-lapis. Dan misteri yang ditawarkan juga bagus walaupun di pertengahan, saya merasa ada lubang besar juga dari ceritanya yang untungnya disamarkan di episode-episode menjelang akhir (maksudnya, akan cukup banyak penjelasan tentang lubang cerita itu).
Akting pemainnya tentu saja jempolan. Sebelum ini saya ""berkenalan"" dengan Lee Seung-Gi di serial Vagabone (ntah season 2-nya kapan diproduksi).
Bagi yang suka drama thriller-mystery semacam ini, Mouse (yang mengacu kepada kelinci percobaan) layak untuk disaksikan.
Skor 8,4/10"
17,마우스,"Karna di geber di awal awal episode
Gue jadi suudzon ke sung yo han
Pas di ending malah terlalu banyak bawang
But overall lumayan lah menemani tiap minggunya nunggu ini series"
18,마우스,"Dahla capek.

2.5 buat Seung Gi semua"
19,마우스,"Akhirnyaaaaa drama ini tamat juga, capek banget nontonya."
20,마우스,"Langsung ngegas di episode awal awal, tetapi buyar di episode menuju akhir, karena alur cerita yang berbelit. Mouse adalah salah satu tontonan seru lewat teka teki serta suspense yg gelap, dan akting dari jajaran cast yang begitu luar biasa sukses memerankan perannya."
21,마우스,i could fix him
22,마우스,the worst viewing experience of my life. five stars.
23,마우스,"10/10 periodt.
tips: do not search anything related to this drama. don't."
24,마우스,"A compelling story full of twists and turns coupled with great acting (especially from Ba Reum and Moo Chi) makes this one of the best shows/mysteries I have ever witnessed. The story is complex but easy to follow. The director effectively used flashbacks to tell the story in different point of views. Aside from minor hiccups in editing and that unbearable flashing lights in some of the flashbacks, this show is perfect as it is with gripping characters and solid writing.
Lee Seung-Ri is a superb actor. I’m excited to see his work in the future."
25,마우스,"Perfect ending for a perfect drama.
Hands down one of the best kdrama i've ever watch. Lee Seunggi did so well. Lee Heejun (Go Moochi actor) did well too, that one shot scene di episode 5, still haunts me. Other casts did so well, they all did so well haha! I think the writer's did such a good job!
Aku mau cerita tentang beberapa highlight drama ini. Episode 5 benar-benar luar biasa sih, mentalku dibuat goyang ketika nonton scene-scene yang ada disitu. Episode 12 - 18 seperti gak kerasa, saking tegang dan intensnya aku merasa nonton itu secepat kilat, padahal ada banyak scene dan dialog yang kuulang berkali-kali saking in awe nya diri ini. Ada sebuah episode yang durasinya 75-ish menit tapi ketika selesai nonton rasanya cuman menghabiskan 15 menit.
Ada beberapa hal lucu yang terjadi ketika minggu-minggu nonton drama ini. Aku marathon episode 11-15 kan, malamnya aku merasa panik sendiri tanpa sebab yang jelas. Gelisah, takut, panik, tapi gak tahu karena apa dan karena siapa? Bukan sama hantu (karena hal itu memang sudah menakutkan sejak dulu) tapi setelah marathon itu kayak ??? Aku merasa seperti sedang dalam bahaya tapi gak tahu bahayanya itu apa dan siapa? Aneh? Sangat. Alay? Sangat pangkat dua. Anaknya emang suka gitu, terlalu masuk kedalam dunia tontonannya.
Banyak sekali pemikiran yang muncul setelah nonton drama ini. Tentang berbagai kemungkinan yang bisa saja terjadi dan bisa saja mengarahkan Jung Bareum ke dunia yang bahagia tanpa kesakitan, segala skenario yang bisa saja terjadi kalau pihak-pihak tertentu diadakan dan ditiadakan. Man, those thoughts benar-benar bikin sedih dan sakit hati. Bareum sudah bisa at least menekan insting predatornya, tapi OZ kampret memanfaatkan masa lalunya. Emaknya yang tidak pantas dipanggil emak (maaf emosi) juga menanamkan pemikiran kalau Bareum akan menjadi monster bahkan sebelum anaknya sendiri lahir. Yeah, I get it, dia punya trauma, dia punya ketakutan tersendiri. But setidaknya kalau Bareum hidup di lingkungan yang bagus, dimana semua emosi yang bisa Bareum pelajari dan bisamengerti tentang hal yang benar dan hal yang salah, setidaknya, Bareum bisa saja gak akan membunuh siapapun, kan?
Jujur saja, Go Moochi dan Bong Yi adalah pihak yang paling tersakiti dan paling dirugikan. Hongju setidaknya tahu lebih duluan, membenci lebih awal, tidak ada waktu dan kesempatan untuk merasakan emosi menyenangkan terhadap sosok Bareum, walaupun semua kesakitan masa lalunya juga gak bisa dianggap angin lalu.
Meskipun begitu, ending yang diterima Bareum tuh... benar-benar membuat perasaanku seperti... berantakan sekali? Aku ingat sekali seminggu setelah menonton drama ini, perasaanku terasa kosong dan melayang-layang HAHAHA ALAY BANGET TAPI AKU MEMANG SEMENGHAYATI ITU KALO NONTON DRAMAAAA. Aku sangat menerima dan setuju dengan endingnya karena setelah semua yang Bareum ""lama"" lakukan, dia pantas mendapatkan semua hukumannya, tapi fakta tentang dari awal ketika dia dilahirkan ke dunia, dia selalu sendirian, dan dia mati dengan keadaan yang sama. Sendirian, kesepian, kesakitan, tersiksa dan penuh penyesalan. He's dying and he's alone. Tahu apa yang lebih menyesakkan dari semua fakta diatas? Dia meninggal dengan keadaan dimana dia sudah berdamai dengan dirinya sendiri. Jati dirinya yang dia cari-cari selama ini. Dan permohonannya dikabulkan oleh Maha Kuasa yang selalu dia panjatkan doa ketika dia masih berusaha menekan sisi gelap dirinya.
""Ada monster yang tidak bisa diselamatkan, tapi Tuhan memberinya emosi. Aku tidak tahu apakah Tuhan melakukan itu untuk menghukumnya, atau malah untuk menyelamatkannya.""
Jung Bareum, kamu bukan lagi seorang monster."
26,마우스,"A perfectly written story backed with brilliant screenplay, performances and music
While you are watching it, it will be similar to something you have seen earlier but yet it's different, irony is they use the movie name in a dialogue as well.
Performances from Lee Seung Gi, Park Ju Hyun, Kyung Soo Jin, Lee Hee Joon and especially the kid Kim Kang hoon are stunning. They are *the pefect cast* for this drama.
The screenplay has created the perfect timing for the revealing the plot twists which are absolutely freaking awesome and riveting. The drama takes its time to start off in the first episode and there is an instant pick up of the pace in the first episode itself.
The questions start rising till the sixth episode regarding the on going murders and in the seventh episode you get a few answers and twists. Then again the questions will increase and in the 14th and 15th episodes which are really well directed to feel the impact of everything happened in the past gives you the answers and of course the turns and twists. Watch the Predator 1 and Predator 2 episodes as well for better watching experience. There is something to reveal even in the last episode, this makes the drama more better and different from other dramas.
People might say that its similarities to a few movies might be a flaw, but it's definitely not. Most of the dramas or movies have their ending rushed when every layer of the story is unfolded but its not the case with MOUSE, the 100 minute final episode gives answer to your every question and theory, gives you a very satisfying ending. The last dialogue by Detective Go Moo Chi makes you think."
27,마우스,i can fix him they said
28,마우스,"About fucking time I finally finalize this. Thrilling, shocking, so god damn twisted! It's fucking with my head but I love it. If they greenlighted Season 2, I'll lose my shit."
29,마우스,"31. Mouse (2021)
Mouse is an experience. It started very strong, it became very confusing in the middle to end, then finished with a bang. It needed some kind of particular reason to stick watching this, for me mostly Lee Seunggi's strong acting spectrum. What a ride (3/5)"
30,마우스,"Each episode of the show gives you amazing thrills 
Excellent cast , mind blowing twists , Brilliant story telling , Superb BGM , Everything is perfect in this show . No matter how many thriller shows will come but this one will stand at top of all."
31,마우스,"At least, the writer create first 8 enjoyable episode. Because after the twist, everything felt so messy in writting. I expected the twist but it hurt too much if the first 8 episode was turned into what i expected. But, yea, twist after twist was played which create cheap feeling into the writer team works. I dont understand why jt should be 1.5 hours in 20 episode film when you can create clean cut stories in 1.5 hours in 10 to 12 episode. Huft Korean Crime Series got me in the first half and let me down after that.
But, i love the connection between character in the first half. It had sweet and sad moments. But, after the twist and many layers of twist in second half of the series. I didnt enjoy that much like the first half."
32,마우스,"I watched it last year and It was the no1 best drama in 2021 in my opinion so far
🌟🌟🌟🌟🌟 such a masterpiece"
33,마우스,"i am so glad my friend forced me to watch this bc it is the best kdrama i hav ever watched, nd that says a lot. im so surprised that it isnt well known because it is literally everything you ask for nd more. it is definitely unpredictable nd the plot twists are insane, its so well written nd the acting is insane. there are genuinely no flaws w this show."
34,마우스,"Tearjerker, topnotch crime drama alert:
Mouse (2021) is so complicated and had so many twists that i started to forget what's ongoing at this moment and who is the killer now. Some characters had so many layers that i started to forget which layer they are wearing now and what to come next.
Mouse is without any doubt one of the most brilliant crime pieces you'll come across in your whole life. I am not someone who gets easily impressed by dramas. If i am saying big words, that means there is surely something in the drama.
Anyway, Detective Ko Moo-chi!!! What a character. Tailor-made for me. I am a big fan of characters like Ko Moo-chi."
35,마우스,"First ever dip into Kdrama and I should say: “More like this, please!”"
36,마우스,this show was absolutely insane pls watch. insane like i didn’t watch it for a month bc i was so scared. plot twists are CRAZY
37,마우스,just a masterpiece
38,마우스,"it's like the writers just said lets throw in as much plot-twists and unbelievable stories as we can, lee hee joon tho his acting is impressive! dont get me wrong i enjoyed this drama AT FIRST, and then it slowly started getting too unrealistic to bear and the whole oz thing was sooooo unnecessary they could've ended the show at ep 13-16"
39,마우스,yasspilled
40,마우스,een van de beste series dat ik ooit in heel mn leven heb gezien het wat zo goed en omgg leuk
41,마우스,"one of my favourite tvshows ever!
the unexpected twist and turn hooked me on. reminded me of jekyll and hyde but not at all!!! this is far too INSANE"
42,마우스,"way too over dramatic for me personally but that’s a me-issue, but the demonisation of mental illness was horrendous through out the whole series lmfai"
43,마우스,a great suspense with many twits to hold but they put to much dragging to make it in 16 episode. they could just simply only put 10 episodes would be enough. also i didn’t know lee seunggi acting such remarkable.
44,마우스,Fresh concept of psychopath drama.
45,마우스,Ba-reum Did you ever lock your door???
46,마우스,"Mouse undoubtedly one of the best series i have seen this year So far !! 
an absolute gem intriguing mind-blowing and incredibly well-written and acted you should watch it if you love psychological thrillers and detective stories and the plot twist was uncountable , The episodes was a bit too long and sometimes it was difficult for me to catch up everything and i was feeling lost in the first half but the second half everything unwrapping slowly 
🤯🤯🤯🤯🤯🤯. A perfect mess a whole brilliant masterpiece of crime thrilling"
47,마우스,"DID THE DEITY DO THAT TO PUNISH HIM OR SAVE HIM ?
Hands down !! That was f*ing masterpiece.
What can I say ? Words aren't enough to praise this masterpiece..... That was an ultimate experience for me.... Mind-blowing story, screenplay... I think mind-blowing is a small word.... But, yea that was freaking mind-blowing !!
Each episode is too great... that it eventually gets you hooked untill end.... Every actor did their job fantastic !! Top notch performance by Lee seung Gi, ju-hyun, hwa-woon, hee-joon, soo-jin & also my personal fav and the best of it's best the kid Kang hoon ( I don't think he performed it, but yea he killed it) and the writer of this masterpiece Choi ran (sir, take a bow), directed by Choi-joon-bae and kang-cheol-woo.
So, started watching this on August 26, 2021 from that moment till now, I was completely blown away by its twist and turns, story, screenplay, direction, performance, bgm that was crazy (my favourite is that unpleasant sound), that cinematography was magnificent !!
From now on, this will be my favourite, one the best unique mind bending series I have ever watched, more than 20+ hrs of murder, thriller, crime, mystery, suspense, drama that you can probably ask for more !! Not even a single min was wasted in this !! G.O.A.T of psychological thriller.... there is no doubt that this can be used as a reference in upcoming serial killer based movies/ tv shows....
So, when I think I understood everything, the other plot comes and f*s my brain !! You eventually connect with each and every character !! But yea, the ending of this made me shed tears....
MOUSE = MASTERPIECE
PS:- I think I might rewatch it in future !!"
48,마우스,lucha dhi anni thelisi oorike choosthu undhi first dheeni car kindha bomb laga dhenge
49,마우스,amazed by how the writer wrote this story.. wouhh😮‍💨
50,마우스,"Este Drama no se parece a ningún otro que haya visto, realmente me sorprendió, todo está hilado a la perfección, no es “conveniente” a los protagonistas, sus personajes son grises en el aspecto que no son del todo buenos o del todo malos (excepto por un par claro), además resuelve muy bien todos los puntos claves."
51,마우스,"Mouse, Signal and Beyond evil are the three must watch crime dramas. So so so good"
52,마우스,"I will start with one word .. Damn!! I don't even know how to describe ... It's just amazing ... The way of taking and maintaining that suspence ... And especially we should talk about lead male character (jung ba reum) he did an exceptional job... Everything in this series is excellent ... Everyone should watch
#Mouse at its best.... With twists and turns.. 😎"
53,마우스,"If there’s any series that ticks off perfect web series to binge on.. then ‘tis surely this! Every episode has that one scene which makes you say *oh my* ,BEST SERIES I’VE WATCHED IN A WHILE!"
54,마우스,"G.O.A.T🔥🔥🔥🔥
Greatest pyscho thriller ever. One of a kind, can any one make better than this??? Many shows comes and goes but this will be forever favourite and greatest ever, remains all time favourite, wonder how this story has been written perfectly with every minute detailing and executing in such a way,one hell of emotions with twists and turns , this show left a great impact and can't get out of the Hangover, It remains as dictionary of psycho thrillers and I bet nothing can beat this ever. Must watch everyone. MUST MUST MUST!!!🙏🏻🔥"
55,마우스,"mouse was a hell of a ride, what a rollercoaster!!"
56,마우스,"Perfect writing & execution 
Haunting score 
Brilliant cinematography 
Excellent dialogues & performances every particular thing made this worthy for every minute"
57,마우스,"20 epsiodes of fuckin' adrenaline rush. Every episode was like 'wtf and wtf is gonna happen next?' peak storytelling I must say.Intense and engaging from the word go. Lead cast performances, soundtrack, storyline,plot twists.. everything about this show is just out of the world."
58,마우스,A brilliantly written drama. No other Kdrama gives me this much of thrill like Mouse did. Absolutely phenomenal.
59,마우스,"Bow down to d greatest thriller Series !
Casting, Performance, Music, Twists, Thrills, Emotion everything was so Perfect.
Brilliant writing, Detailing & interesting ending to every episode took #Mouse to another level
It's a LEE SEUNG GI show !
He just lived in dat role & those variations 👌
Go Moo Chi ( Lee Hee joon) is my Favourite ❤️
Bong yi & Choi both were Fabulous"
60,마우스,"writing here is so clever that it almost feels like solving a mathematical problem and by the time series ended all the dots were connected.
One of the best in psycho thriller genre."
61,마우스,BGSATTTTT
62,마우스,*amazed* how the finale managed to resolve the 102923874833 plot threads and twists.
63,마우스,Brilliant show. Must watch.
64,마우스,"Felsefesini, heyecanını ve oyuncularını sevdim. Tırnak kemirten bir dizi olmuş!"
65,마우스,a must watch kdrama honestly
66,마우스,"오빤 강남스타일
강남스타일
낮에는 따사로운 인간적인 여자
커피 한잔의 여유를 아는 품격 있는 여자
밤이 오면 심장이 뜨거워지는 여자
그런 반전 있는 여자
나는 사나이
낮에는 너만큼 따사로운 그런 사나이
커피 식기도 전에 원샷 때리는 사나이
밤이 오면 심장이 터져버리는 사나이
그런 사나이
아름다워 사랑스러워
그래 너 hey 그래 바로 너 hey
아름다워 사랑스러워
그래 너 hey 그래 바로 너 hey
지금부터 갈 때까지 가볼까
오빤 강남스타일
강남스타일 오-오-오-오 오빤강남스타일
강남스타일 오-오-오-오 오빤강남스타일
Eh, sexy lady
오-오-오-오 오빤 강남스타일
Eh, sexy lady
오-오-오-오
정숙해 보이지만 놀 땐 노는 여자
이때다 싶으면 묶었던 머리 푸는 여자
가렸지만 웬만한 노출보다 야한 여자
그런 감각적인 여자
나는 사나이
점잖아 보이지만 놀 땐 노는 사나이
때가 되면 완전 미쳐버리는 사나이
근육보다 사상이 울퉁불퉁한 사나이
그런 사나이
아름다워 사랑스러워
그래 너 hey 그래 바로 너 hey
아름다워 사랑스러워
그래 너 hey 그래 바로 너 hey
지금부터 갈 데까지 가볼까
오빤 강남 스타일
강남스타일 오-오-오-오 오빤 강남스타일
강남스타일 오-오-오-오 오빤 강남스타일
Eh, sexy lady
오-오-오-오 오빤 강남스타일
Eh, sexy lady
오-오-오-오
뛰는 놈 그 위에 나는 놈
Baby baby, 나는 뭘 좀 아는 놈
뛰는 놈 그 위에 나는 놈
Baby baby, 나는 뭘 좀 아는 놈
(You know what I'm sayin'?)
오빤 강남스타일
Eh, sexy lady
오-오-오-오 오빤 강남스타일
Eh, sexy lady
오-오-오-오 오빤 강남스타일
오빤 강남스타일"
67,마우스,"Agak kecewa pas tau kalo jung bareum pelakunya. Sung yo han yang ngk salah apa2 malah mati😭. Walaupun ceritanya agak muter2 dan episodenya cukup banyak, pokoknya Mouse jadi salah satu thriller termantul tahun 2021."
68,마우스,The best show ive ever seen in my life
69,마우스,"الفكرة حلوة بس الأحداث متزاحمة!! ممكن تخلي الواحد يوقف بعد أول عشر حلقات
وحاجة كمان، كتر التويستات مش هيخلي المسلسل أفضل،بالعكس من كتر التويستات هتحس بالملل والآڤورة
ولكن ككل الصراحة حلو والتمثيل حلو بس كنت أتمنى يكون أقصر ف عدد الحلقات لأن زادت عدد الحلقات عن المفروض المسلسل يقدمه"
70,마우스,"this is the best kdrama series i've ever watched, this shit was absolutely insane tho. well writen, mind blowing twist and unpredictable plot in each episode and i kinda disappointed why the characthers are misunderstanding for each other but is great ( characters building )"
71,마우스,🤯🤯🤯🤯🤯❤️❤️❤️
72,마우스,"كِل شيء في هالمُسلسل رائع بشكل جَارح جِداً حقيقة انه سأل الالهة ان يتخلص من اللعنة التي عليه من نفسه وكيف دار القدر واحاط به من جديد as reward to be reborn to be the self that he ever wanted بعَدين ببببووم he still sinful he is the evil he once was and can’t take that away from him ... الان لما افكر في الموضوع اياً منهم كَانت ملعونة؟ نَفسه السابقة ام الحالية؟
It wounded me a lot not gonna lie...but can’t have a better ending than this ):"
73,마우스,"fazla uzatmaları, olayı gereksiz bir yere çekmeleri, bazı mantık hataları ve psikolojimi bi tık bozması dışında, işlenen cinayetlerin sadece cinayet adı kalmadan yada geçiştirilmeden ele alınması ve ölen kişilerin + ailelerinin de hikayelerine değinilmesi hoşuma gitti. hikayede sadece bir ceset olarak geçmiyor olmaları güzel yani. ayrıca her ne kadar sonuç değişmese de bir katilin neler düşündüğünü, nasıl bir psikolojiyle bir şeylere karar verdiğini, nasıl bir yol izlediğini yada kendini tam olarak nerde kaybettiğini vs izlemeyi seviyorum. kısacası bu tarz dizilerin kulu köpeğiyim… o yüzden sevdim baya. oyunculuklar da 10/10 idi zaten"
74,마우스,Вы должны мне деньги за психотерапевта
75,마우스,"every time you think you know what’s going on, the plot smacks you in the face and says bitch you thought. 10/10 possibly the best kdrama thriller I’ve seen to date, ending had me bawling fr"
76,마우스,felt like i was being gaslighted after every episode i got dizzy at one point
77,마우스,"The idea and story of the film was great .
The filming was very good And the events were really surprising.
That was what made the series my favorite"
78,마우스,watched along time ago. such a good drama
79,마우스,"FANTASTIC!
one of the best crime/serial killer thrillers i've ever watched. hands down to the whole cast and crew for delivering this powerful, riveting, and disturbing mystery about the possible origins of psychopath serial killers.
does the US have something like this? for some reason, i'm interested to see it for the purpose of comparison."
80,마우스,i knew the killer right away
81,마우스,my braincells lost its braincells
82,마우스,eu fiquei biruta bilu teteia das ideias
83,마우스,this had so many twists that i’m still not sure who any of the characters really were
84,마우스,"Öncelikle kdrama yönetmenleri asla acımıyor on ikiden vuruyor insanı...
hiçbir şekilde beklemiyordum sonunda o kadar şaşırdım ve bir o kadar da üzüldüm.. kimin iyi kimin kötü olduğundan bu kadar emin olmayın ters köşe
P.S: Ba-reum sana bayılmışım"
85,마우스,"they all fooled me, now i know why i shouldn't be a detective. loved the storyline, killed it and literally KILLED it."
86,마우스,مكتوب باحترافية عالية جدا ، ما في ثغرات اطلاقا ، دراما تشويق قتل ربط احداث صح كل شي موجود بالمسلسل ، حضرت مسلسلات كثير لكن هالمسلسل من اقوى وامتع ما شاهدته
87,마우스,"Loved this at first but later too much unrealistic , predictable plot twists ruined the experience. Should've been a mini series instead of a 20 , 1 hour long episodic series."
88,마우스,These kdramas are just not for me
89,마우스,"There are no words to describe this show. But i will try : its just amazing, spectacular, epic, mind blowing, incredible . İf you reading this just stop and go watch the show you wont regret."
90,마우스,"a flawed yet compelling, thrilling, unique masterpiece. lee seungi you are literally everything.
one thing abt TVN they gon make an amazing ass crime/thriller drama"
91,마우스,This was one of the best psychological thrillers I’ve ever watched
92,마우스,"對沒人性的人最大的懲罰就是賦予他們情感，讓他們被罪惡感充滿一輩子。編劇的立意很好，但殺人魔的兒子也是殺人魔這個沒有跳脫的思維有點沈悶。
前半部也相當精彩，但後段實在太故弄玄虛，也太多巧合才讓劇情成立，女主角線也要說不說的，令人生厭，刑警根本靠猜來破案的，後4集靠1.5倍速看完。"
93,마우스,3 days binged watch this masterpiece
94,마우스,"izleyeli baya oldu ama dursun istedim. hayatimda izledigim en iyi kurgu ve senaryo. profesyonel oyunculuklar, asla sıkmayan bolumler. kesinlikle en iyi kdrama bi seyleri anlamak icin teoriler bile uretip beyni arastirmistim. acilen deger gormesi ve herkesin izlemesi gereken bir dizi bayilicam izleyin sunu artik daha iyisi yok"
95,마우스,"Simplesmente perfeito do início ao fim, plot impecável a cada episodio você não sabia o que estava acontecendo e cada vez mais ia tendo sérias dúvidas sobre suas certezas, foi a melhor coisa que eu já assisti"
96,마우스,'MOUSE' is the powerhouse of modern suspense-thriller. 2021 will be remembered as one of the best years for having this stupendous series on the board.
97,마우스,"йохана жаль, барыма жаль, всех очень жаль.
дичь, которая затягивает.
красиво, но очень грязно сделано.
лаконичности очень не хватило."
98,마우스,so unpredictable and traumatizing but so good!!
99,마우스,SO FUCKING GOOD!!!!! The details and plot twists are amazing
100,마우스,tangina trauma lang ambag nito sa buhay ko fr fr eMZ GUSTO KONG MAGING DETECTIVEEE
101,마우스,fritei todos os meus neurônios com esse drama
102,마우스,"عندما قرأت قصة الدراما تحمست كثيرًا وتمنيت أن يكون العمل جميل وأن يكون فوق المستوى لكن الواضح أنني تمنيت كثيرًا:)
كانت دراما جيدة الصراحة لكني كنت متوقعة دراما عظيمة وكنت متحمسة للأبطال أيضًا:)
عمومًا الدراما كانت معقدة وفوضوية نوعًا ما بشكل مُنفر للأسف، وأيضًا تقلبات الحبكة متكررة وكان لازم تنتبه للأشياء التي ربما حدثت قبل عدة حلقات، وهذا الشيء خلاني أرجع مرات عديدة لحلقات سابقة:)
يعني حسيت فيه شطحات كثير ومبالغات وأشياء غامضة أيضًا،في الحلقة الأولى باروم الطفل يحمل فأرًا في سير الأحداث يوضح أن والده -صائد الرؤوس-يستعمل الفئران كتجارب،باروم الطفل يُفترض أن يُسجن والده كيف حصل على الفأر؟ أيضًا فارق العمر بين بونغيي وباروم،عندما أنقذها يوهان كانت أعمارهم متقاربة تقريبًا،وباروم ويوهان لهم نفس العمر بما أنهم ولدوا في ذات السنة،لكن في أحد الحلقات قبل بأن باروم أكبر من بونغيي ب10 سنوات؟
أيضًا تم ذكر منظمة Oz بشكل متكرر ولكن عندما اختتمت الدراما ، لم نحصل على القصة الكاملة حول من ينتمون إلى Oz ولماذا انضموا؟
وعمومًا كذا الحبكة الرئيسية كانت واضحة بشكل كبير:)
ما أعجبني في هذه الدراما، تعمقها في علم النفس خلف السايكوباثية،أظهرت بوضوح شديد كيف أن بعض السايكوباثيين خبراء في الاندماج مع الأشخاص العاديين وكيف يمكن خداع المقربين منهم وتصنع شخصيات لا تشبه حقيقتهم. وأيضًا جميع الممثلين لعبوا أدوارهم بشكل جيد نوعًا ما.
الإخراج جميل رغم وجود أخطاء في التحرير لكن عمومًا ليست مزعجة،والسينماتوغرافي جميل ومناسب لأجواء الدراما.
نجي للشخصيات كالعادة:) :
لي سينقي بشخصية باروم: تمثيله كان غريب في البداية بس لاحقًا عرفت سبب احساسي بالغرابة في ادائه حيث أنها ما كانت شخصيته الحقيقية أصلًا بل كان يتصنعها! رغم إن الحبكة توضح أن هذا ما سيحصل إلا أن صدمتي في أداء سينقي المُختلف:)!
يُحترم سينقي على ادائه لشخصيتين مختلفتين تمامًا،طبعًا صعب الممثل يمثل شخصيتين متعددة لكن سينقي أتقن الأداء بصراحة،وعمومًا شخصياته مكتوبة بشكل جيد بحيث ما فيها فراغات واضحة وهذا ساعده على إتقانها أيضًا.
هيجون بشخصية كو موتشي: أفضل شخصية بالنسبة لي من ناحية التمثيل وحتى تطور الشخصية! كو موتشي الشرطي الغاضب يود سجن المجرمين والقبض عليهم لكنه يريد قتلهم انتقامًا أيضًا ،تخبط المشاعر هذا رائع! والحلقة الخامسة حلقة رائعة وأكثر حلقة استمتعت فيها،وتأثرت معها أيضًا، تمثيله للألم رائع كيف يخليك ترى هذا الألم في عينيه ،في لغة جسده ،في كل شيء وكل ما يفعله.
بارك جوهيون بشخصية اوه بونغيي: الفتاة التي كافحت كثيرا. تحملت كل الآلام الجسدية والعقلية ولا تزال تقف للقتال مرة أخرى♥️،بارك جوهيون شاهدتها في دراما سابقة وكان أدائها رائع جدًا! لكن للأسف في هذه الدراما كان أدائها بين الجيد والسيء نوعًا ما،ربما بسبب شخصيتها الشبه هامشية؟ وعمومًا قصة الحُب بينها وبين باروم ما أعرف بس ما حبيت ولا حسيتها دخلت عقلي حتى:) أتمنى أشوفها في أعمال مستقبلية تعطيها حقها وتبرز موهبتها التمثيلية.
كيونق سوجين بشخصية تشوي هونجو: هي أيضًا تمثيلها مترنح مابين الجيد والسيء نوعًا ما،وشخصيتها فعليًا ما أخذت حقها،كان في غموض كبير في شخصيتها وعلاقتها بيوهان ما توضح للأسف،وانغلاقها على نفسها في الدراما أيضًا ساهم في غلق شخصيتها.
في شيء استفزني أيضًا بالنسبة للقس كو دونق كو كان شخصية أشبه بالخيالية،كأنه سالي،مسامحته لقاتل والديه ومُسبب اعاقته وتيتمه هو واخيه في سن صغيرة غريب! وغريب جدًا كمان وبعد لما انقتل كان بإمكانه يقول مين القاتل بس هو سكت هل لأنه يحس إن المجرم حيحس بتأنيب ضمير ويتوب ولا ايه يعني؟ عمومًا شخصية مستفزة كانت وخيالية:)"
103,마우스,"Suka karakter ganda yang dimainkan Lee Seungi: anak baik dan psikopat sekaligus
Adegan berantemnya sih asik. Kadang rada ngeri sendiri.
Menurutku poin menariknya adalah interseksi tema detektif dengan tema psikologis tepatnya perilaku dan karakter psikopat. Series yang tetap bikin penasaran gimana penyelesaian ceritanya. Meski thriller tapi menyenangkan sekali nontonya.
Tone dan gaya sinema sangat mendukung tema dasar. Nice!"
104,마우스,"Sem palavras pra esse drama aqui. É simplesmente tão bom, o enredo de milhões, vc se descabela toda tentando entender que porra tá acontecendo durante a série toda, quando vc pensa que entendeu alguma coisa vem um plot twist, juro viu, eu passei mal assistindo, sério que drama BOM, FASCINANTE, INTELIGENTE, os roteiristas deram o nome, sem mais."
105,마우스,عجب مزخرفی. اینکه ملت از کجای این قصه و فضای قلابی خوششان آمده و برایش به به و چه چه می‌کنند سوال‌برانگیز و نگران‌کننده است.
106,마우스,lee seung gi best actor🤯🤯🤯
107,마우스,"Where do I even start? This is the best thriller Korean series made. The progression of the show, the impact, the sudden kill. The casting is the best. It is truly not an exaggeration to say that this is a masterpiece. How cruel, the worst punishment you could give to the killer really is to feel emotions for the first time and to get love life, just to take it all away from him until he is left with nothing. All that he learned to love, he had learned he does not deserve. I have watched films of lee seunggi before, but with this one, I became a fan. He really did a splendid job of portraying bareum. and nobody could ever do mouse justice than him. Truly a professional. Kudos to the writer, director, the actors and the casts. This is truly beyond the performance of any Korean thriller show."
108,마우스,"gila lee seung gi si aktor dewa anj, ceritanya seru batt bikin otak overthinking"
109,마우스,Lee SeungGi te amo te amo te amo te amo te amo te amo TANTO QUE CHEGA DÓI
110,마우스,medyo may plot holes pero solid ni bhe
111,마우스,"istg, this drama is everything for me. the psycho thriller genre that im craving for... its all here. I really loved it. The characters own stories, captivating cinematography and my really fave in here is the writing of the story. How it is all connected from first to last and just how it was BRILLIANTLY WRITTEN!! Not to forget, but yeah LEE SEUNGGI PERFORMANCE !! He's so good in here he deserves best actor for his exemplary acting. so go watch mouse, the adrenaline rush as you watch it is no joke."
112,마우스,nakakaputangina. that's it.
113,마우스,"I like the way the series fool us with a lot of thing, the plot is very unexpected
But i think there's still some script that felt lazy writing, but overall it really good series to enjoy
And also how i think other minus is some character just suddenly become an important role without any clue before"
114,마우스,"sumpah greget bgt nntn pas ongoing kebanyakn spin off sm special vidionya, kek padahal seru bgt?!?! tAPI GITU KELAMAAN DI SPIN OFF SM SPECIAL VIDIONYA JD GANGGU BGT🥲"
115,마우스,Intensive thriller
116,마우스,blew my mind
117,마우스,got me going through every type of emotions
118,마우스,Interesting series. A lot of screenplay blunders though...
119,마우스,"الفكرة نفسها أول مرة تتنفذ
فكرة أنه إحتمالية ولادة طفل عنده مرض نفسي يؤدي إلى رغبته في قتل البشر والحيوانات وكل كائن حي حوله وبيتلذذ بـ ده
99٪
أحا انت حلك الوحيد إبادة بشرية للكل للمواليد الجدد والقدامى أيضاً لأنه ماتعرفش إمتى إبتدت الحكاية"
120,마우스,"Oh koreans and their love for revenge thrillers and serial killers lol.
How many plot twists do you want?
Mouse: Yes."
121,마우스,Honestly one of the most well-constructed narratives I've ever seen on television. Lee Seung-gi is a powerhouse star.
122,마우스,very excellent.. wish i could watch for the first time again
123,마우스,those endless twists were giving me unbearable headaches
124,마우스,"im commenting on this again but this was excellency ! Everything was put together so well ! The plot, the cinematography… i-"
125,마우스,Got me Aww struck with each and every episode. Excellently written and executed. Best pschyo thriller TV show🔥
126,마우스,"MOUSE O DRAMA OF THE YEAR É SEU
os plot twists, o roteiro muito bem escrito, a capacidade de fazer eu seriamente questionar minha inteligencia
*tulla luana's voice* ISSO AQUI É ARTE"
127,마우스,"if you think you know who it is, you don’t"
128,마우스,"Kehidupan ini udh berat, nntn marathon ini series makin tambah berat, nntn film ajh pusing apalagi nntn 20 eps. Paham emg kehidupan complex bgt trs penulisannya jg dibuat se""realis"" mungkin, tp namanya manusia ada ajh missednya. Apalagi ngeliat Bong Yi perkembangan karakternya dari awal eps sampe akhir, somehow gua kok kesel yah sama dia wkwkwk. Dibilang surprise sih nggak sama sekali yah, toh di 10 eps awal planting informationnya cakep pisan. Tapi yah jujur ajh capek bgt sih emg, itu si Moo Chi apa kagak kalut yah sama pikirannya sendiri. Gue jadi bertanya2 apakah memecahkan misteri jadi candu yah buat detektif gt? Anw, background cerita perihal agama nih, menarik sebenarnya kalo dikulik beneran di korsel sendiri, soalnya anak mudanya dah pada tyda memilih agama setau gue cmiiw."
129,마우스,the most long-confusing-thrilling-nerve wrecking psycho drama i've watched?? but i enjoyed it cuz lee seunggi
130,마우스,"Pretty great murder mystery that mixed many genres into one single story - and actually did a good job si it. Thrilling, this drama is bound to keep one both glued at the screen. The plot twists are smart and the characters feel real and flawed, which makes it a joy to follow their journey as they untangle the multiple mysteries this twisted story presentas them.
The story does lose some sense of direction and rhythm after episode 15 (which is my favorite episode of the whole show), the final arc is unfortunately weak and kinda stupid at that. Still, it does make up with a bonkers series finale, that leaves no question unanswered and provided a realistic and fitting ending for this monster of a detective drama."
131,마우스,تحفة متكاملة الأركان ،، الكوريين ملوك ال plot twists
132,마우스,"Amazing, mind blowing and it kept me on the edge from beginning to end. This show gives me trust issues😳"
133,마우스,"Personally when I heard of mouse I thought it was a cool thriller, I didn’t want romance or friendship. I wanted it to be dark, scary, and something that leaves you questioning everything. I wanted to see plot twist and betrayal, I wanted the murder to make me get goosebumps every time he came onto the screen. I wanted the killer to be emotionless and terrifying. I loved to see the police get stuck on the clues it made me grip for more. But once the whole losing his memory scene I lost interest. I didn’t want to see the killer feel guilty, or sad. It was so cool to see him smile then cry in the mirror. That’s what I wanted, the question if he was lying or not? I was hoping for the ending to get me angry and scared. I wanted it dark. Like the endings cute and all, it’s nice that he’s ok with himself and that he’s no longer a monster. And Moo Chi and PD apologize, live their life’s to fullest. But I wanted rage, I just wanted more. They could’ve made a brilliant story. Not saying it was bad, just saying I really did hope for more. I didn’t watch Mouse for a good ending I wanted it to be dark. I wanted to have goosebumps. I did get that until the memory loss."
134,마우스,🤯🤯🤯🤯🤯🤯🤯
135,마우스,"Kebanyakan orang kata cerita ni berat tapi sebenarnya tak lah terlalu berat seperti beyond evil. Cerita ni memang mendebarkan. Boleh la ye siasat siapa pembunuhnya guna bukti-bukti yang korang ada. Plot twist dia banyak. Kebanyakan orang tak boleh terima hakikat siapa pembunuhnya. Walaupun ini cerita penyiasatan, tapi sangat menyentuh hati dan banyak juga pengajaran. Boleh kata ianya cerita kerohanian juga di samping jenayah. Best ke tak? Memang best. Tengok tau, cerita ni bagus.
www.youtube.com/watch?v=a_odDULxgmA"
136,마우스,"Note:-This review is for the MOUSE 20episodes series and not for MOUSE theatrical cut.I will not recommended you to watch the theatrical cut.Watch the series version for best experience.
Review:-
What a series man..Loved it to the core. Definitely one of the best watch for me. The writing is just soo brilliant,they connected every dots perfectly.The acting of every charcater is soo good. Cinematography,Music& every craft in the film are excellent. This series balanced suspense and emotions perfectly.
Definitely a must watch."
137,마우스,"nunca vi nada com tanto plot twist, minha cabeça tá explodindo até agora"
138,마우스,"WOOOOW LET ME TAKE A DEEP BREATH FIRST!
Salah banget nonton drama ini pake mode binge-watching, ada banget gila-gilanya. Padahal sebelum nonton udah dapet hints penting dari drama ini tapi ternyata gak nolong sama sekali, element of surprise di setiap episodenya tetep berhasil bikin kita terkaget-kaget. So far this is the best thriller kdrama with unpredictable plot twist, suka banget sama semua-muanyaa!! Moral value yang cukup berkesan dari drama ini adalah bahwa ternyata hukuman paling berat gak melulu tentang hukuman mati, tapi bisa juga berupa rasa bersalah yang gak udah-udah. Salute for all the crews and cast!!"
139,마우스,"Dare i say, the best show I watched this year? Definitely!"
140,마우스,A masterpiece
141,마우스,MASTERPIECE
142,마우스,"banyak plot twist, stress ak pas nntn lol"
143,마우스,"this shit's crazy, alurnya panjang dan twist nya banyak bgt tp endingnya tetep jawab semuanya dan gaada plot hole, jd tetep keren plus si actor yg meranin ba reum super keren wow krn meranin beda personality di 1 chara bdjahahah keren dah pokoknya."
144,마우스,i can fix him 🥺
145,마우스,"I don't have enough braincells to exactly put my thoughts to words. Wow what an amazing ride!
It had me by my neck for every single second of the series. I'm literally at loss of words.
The writers, the directors, the actors, the cinematography, the score, WOW JUST WOW.
I have always said, nobody can touch koreans when it comes to crime/murder genre. wow.
Lee Seung gi best actor me thinks."
146,마우스,Fuckinggg Brilliant!!! The actor who played Jung Ba Reum is a Monster💥🔥🔥!!!
147,마우스,twitter.com/mtr_fr/status/1421744512666320898
148,마우스,"Pengen liat psikopat tobat gak? Wkwkwkk. Silahkan nonton ini kalo iya. Saksikanlah aksi grasak-grusuk sang putra nasional~ muka polosnya sang putra nasional ini patut dikasih jempol kaki~
Overall bagus sih, tapi plotnya rada ngaco terus muter-muter wkwkwk. Susunan nya kurang rapih. Ini tuh bisa selesai dengan 16 episode, tapi banyak cing cong wkwkwk. Penulisnya keliatan banget dendam kesumat sama psikopat 😅. Tapi kalo kuat nonton, ini worth to watch kok.
Lee Seung-gi yang kurasa terlalu sering memainkan karakter generic, disini menonjolkan transformasinya. and that was so goooddd!"
149,마우스,The plot is so good with a lot of twists. Lee seunggi has done a great job with his acting
150,마우스,Simply mesmerizing!
151,마우스,"THE BEST,,, THE BEST the amount of thrill this drama made me feel is unexplainable,, i looove loove the flow if this drama. Now i should know if a person has a blood of being a psychopath,,, jk. The characters were perfect,, kinda proud that a filipina actress has been part of this drama.
++ THE BEST LEE SEUNGGGI 
~ 20 episodes "
152,마우스,Dammnnn
153,마우스,"6 episode pertama kalo ga salah. Pokokmen sampe kakaknya moo chi dibunuh atau yohan ditembak. Menurutku dramanya kwece 👌. Abis itu ak misuh-misuh mulu ahaha. Berakhir ga lanjut di ep 12. Jajaran aktornya mah tetep kwece sampe akhir, cuma ceritanya aja yang hshsjksjksl."
154,마우스,Nice plot. Lots of twists.
155,마우스,this series blow my mind
156,마우스,"Korean movies & drama lovers এর বহু দিন ধরে এই ড্রামাটা তোলপাড় শুরু করে। দেখব বলে তাই ওয়াচলিস্টে রাখি। এরপর অনেক কষ্টে স্পয়লার ও ইগনোর করি। একদিন দুপুরে দেখব বলে মনস্থির করি। তাও কিনা দুপুরের খাওয়ার সময়!!!
এরপর প্রথম এপিসোড দেখলাম। ২য় এপিসোড দেখলাম। আল্লাহ!! এটা কী!!
১ ঘণ্টা করে একেকটা এপিসোড আমি একবসাতেই ৫ ঘন্টায় ৫ টা এপিসোড দেখে ফেললাম। কাহিনী এত্ত বেশি দারুন আর টুইস্টিং।
মূল কাহিনী বলতে গেলে এটা একটা সিরিয়াল কিলার/সাইকোপ্যাথ-ক্রাইম মিস্ট্রি। কাহিনী শুরু থেকেই একজন Head Hunter এর আবির্ভাব। এবং সেই এপিসোডেই তাকে পাকড়াও করা হয়। তাও ছোট্ট ভিক্টিমের দ্বারা, সে কিনা পরে পুলিশ অফিসার হয়। এখানে Dr. lee এর রিপোর্ট অনুযায়ী দুজন ছেলে সাইকোপ্যাথ জিন নিয়ে বড় হচ্ছে তারমধ্যে একজন Head Hunter এর ছেলে। তারা পরীবর্তীতে সিরিয়াল কিলিং এ মত্ত হওয়ার সম্ভাবনা রয়েছে। অনেকবছর পর সম্ভাবনা অনুযায়ী সিরিয়াল কিলিং শুরু হয়। আর Detectives Ko mo chi আর Ba ruem নেমে ক্রিমিনাল ধরার জার্নিতে।
Ba ruem পেয়েও যায় খুনিকে কিন্ত এরপর থেকে সে নিজে চেইঞ্জ হতে থাকে। তার স্মৃতি বদলায় এবং সে পুরাতন অনেক কিছুই মনে করতে থাকে। সে এখন যেমন তেমন সে ছিলনা, এখন যা তা সে না। এসব রহস্যের সমাধান সবাইকে অবাক করে দিবে।
সারা ড্রামা তে সাইকোপ্যাথ এর ছড়াছড়ি। একসময় তো নিজের আশেপাশে সাইকোপ্যাথ দেখতেছি ভাই😆।
এত্ত এত্ত দারুন ছিল প্রত্যেকটা ক্যারেক্টার। Detective Ko, Father Ko, Ba ruem, Sang, Bong Yuri...সব্বাই এত্ত জোসভাবে নিজেদের ক্যারেক্টার পারফর্ম করেছে। এবং এন্ডিং টাও heartbreaking কিন্তু উপযুক্ত ছিল।"
157,마우스,bunun hakkinda satirlarca konusurum o yuzden hic baslamicam
158,마우스,"Kejelimetan alurnya bikin pusing, tapi seru dan kalo ga diikutin sampe abis malah penasaran. Cara ngungkap siapa dalang sebenernya dibalik pembunuhannya itu ngecoh banget jadinya nguras otak karena susunan alurnya yg kayak puzzle. Selain itu kita juga dibikin curiga sama tiap karakternya. Harus ekstra fokus dan konsentrasi tinggi nontonnya karena selain banyaknya nama korban, psikopatnya juga gak cuma satu."
159,마우스,fiquei assim 🤯🤯🤯 assistindo na moral muito bom e a atuaçao do lee seunggi perfeita ta de parabens
160,마우스,"Started out really good but then it gets messy! A few twist can be good but if you use as many as you can makes the writting sloppy and boring, I kept thinking ""oh wow...... another twist..."" when actually I had predicted almost everything after the second episode, acting was ok but not that strong to re-watch this for the cast.
I guess it's up to one, if you like a twisted plot then this would be definitely your Kdrama."
161,마우스,this is my shit! i predicted almost everything right a fun and mind bending watch
162,마우스,Only some shows comes too close to my heart.... This is one of those.
163,마우스,"I have mixed feeling towards this series. Loved the first half, kinda lost faith in the second half, & tried to come to terms with the third half. Thank God the finale kind of settling the whole braggy convoluted plot that is trying so hard to look cool."
164,마우스,"Brilliant is definitely an understatement for this masterpiece. Writing is just top-notch and the way the series answers aaalll the questions it raises is mindblowing. It definitely contains the greatest twists of all time and the motive behind Moojin murders is so gripping.
I went from ""There's still 5 episodes remaining, how will they drag the story till then"" to ""There's only 4 episodes remaining, how will they wrap everything up so fast. I need more!!!"" real fast.
It takes 2 episodes to get the hang of it and keep track of all the characters for someone watching Korean series for the first time but it definitely is worth it.
The performances are top-notch too and each and every character, no matter how small it is, has a proper character arc. The way they showed how psychopaths brains work is great. Definitely worth your time.
SPOILER:
Only question I have is how dumb is Father Ko to not reveal his killer on air? The series would've ended there lol."
165,마우스,"[CONTAINS SPOLERS] 
I binged this. I’ve honestly never been this intrigued by a complicated storyline in a drama, sure there have been some but this... it really f-d up my brain, it was harder than math... but that was what made it so interesting to watch. I probably made up thousands of theories while watching it. 
I also want to say something about Lee Seunggi’s role and acting in Mouse: he did such a freaking great job. His role as a Jung Bareum is definitely one of my favourites. He really had me fooled honestly.. I myself thought that there’s no way that he’s the actual psychopath (even though this theory went through my head at some points). And after Jung Bareum’s brain surgery, the way he acted out the confusion and emotions that he felt while trying to figure out everything that was going on.. it was a crazy watching experience honestly. In conclusion, it was an amazing drama with a great plot that even I didn’t expect. Mouse should be a total blockbuster."
166,마우스,"Mouse 2021
Mouse is a very engaging and nail-biting Pshycopath thriller with more and more Surprising elements, In the end, it leaves you with a heavy heart and it feels like I want more and more, but the sad thing is is the story had reached its destination.
Mouse has many great moments and Quirky puzzles, Which engage you till the end. The story starts with a high note, South Korea is Suffering from Psychopaths' and slowly it adds multiple layers with twists, turns and you can guess it is pretty simple if you observed it. At some point in time, we might get boredom. But, This Best part is writing, some brilliant twists, You can guess the twists very easily, but How the story travels is a bit more engaging and addictive to the point. Slowly, psychopath feels the emotions that's where the real human drama starts and keep on watering your eyes which knead your heart. After Completion of the show, you will conclude as a Human Drama, not as a psychotic thriller.
Coming to Casting, Casting was great and each character has its arc and its soul. Bong-Yi you are a fighter, Seong Yohan you're an Unsung Hero. Detective Moo-chi you are a comedian and most VP person. Choi- Hong-Ju you are a warrior and a great Human being and, I want to say one thing How beautiful the story is? and How beautiful the character arcs are! One example is, The Hospital scene between father and son confrontation scene is pure bliss and will be remembered.
And, Finally, Ba-Reum just wants to say one thing, I felt your pain.
Mouse is Pure Human Emotion Drama, Which Haunts you More and More."
167,마우스,"One of the best series out there in thriller genre. The duration might bother you, if you're not familiar with K-series but in the end you'll love it, Brilliant one."
168,마우스,"Lengthy but worth watching
Full of plot twists"
169,마우스,"brilliant drama with tons of surprise.
the script, the cinematography and their acting all were top notch. made me pity and cry to a psychopath. now i need to see sweet version of lee seung gi to balanced his personality in this drama. mouse deserve award."
170,마우스,S01: Study of Pshycopaths.....
171,마우스,"Ini drama plot twistt abiss, di setiap akhir epsnya bikin overthinking terus selalu dipatahkan sama kemungkinan yang ada jadi ga bisa berenti nonton, psikopatnya jga ga terdugaduga kayanya this is korean drama with the different psychopath I've ever seen , plot twis abis pokoknya!"
172,마우스,好看！不過中間有很多部分沒看到，有時間二刷的話再來補心得😫💥
173,마우스,"Mouse (Korean, 2021)
This is no ordinary series. It demands your unwavering attention from the very beginning. There are numerous arcs and the underlying story is complex and multilayered. Smartly structured and led by powerful performances from a talented cast, the darkly compelling 'Mouse' sinks its hooks in fast and doesn't let go.
On the downside, certain logical questions stand in the way as it ends. And the series didn’t need to be 20 episodes long.
Superb! ❤️"
174,마우스,Bagus gais wkwk setelah menonton dan mencari spoiler dimana2😌
175,마우스,"best I've seen in recent times. From episode 1 to 20, pure Adeline rush. Each and every actor will make you connected to the show & the ending, it's so realistic that it will make you emotional. this would definitely stay in my all time favorite series in the psychological thriller genre. In terms of acting, writing, sound and cinematography everything is top notch. Worth the hype."
176,마우스,"I can't even express about how much I loved this series. First it is higly unpredictable and things get crazy as the show moves forward with each episode this show becomes bigger with its story and characters. I binge watched the whole series in 4 days. It was damn interesting and intense drama thriller.
This is the best serial killer investigation thriller which blew my mind completely. This is show was absolutely fucking brilliant in terms of direction, writing, casting, technical and soundtrack everything is just fucking good. The writing is some top tier shit, most of the twists blew my mind and surprised the shit out of me.
Damn the detailings in frame, every dot is knotted in the end and everything makes sense. It's the rare show which has a complex and large storyline but explains everything neatly without being a mess. All the main leads and supporting characters give a solid performance. I fucking loved the show every much 💥
A solid Investigation thriller which is highly engaging thriller from start to end.
Just blindly start watching and you will definitely enjoy the show for sure.
20 Episodes with each 1hr10+ mins runtime.
Higly recommended if you love
Serial killer investigation thrillers."
177,마우스,"Mouse K Thriller
It is one of the best thriller series I have ever saw
Right from the First Episode the premise was set and till the end very last scene of last episode everything was connected so well
Twists and turn you expect to have to it but there's lot more to it
I liked the way how it started and how it ended the crux of the plot was revealed step by step even though we as an audience feel little overwhelming
The screenplay was excellent there's never a scene out of place
Honestly in the midway of the series I just irked by the way the whole series was pacing out but then realised the importance of every scene at the end
Jung Ba Reum ,Ko Moochi ,Oh Bong Yi,Pd Choi ,Sang yo Han everyone excelled their roles
A Highly Recommended series *****/5"
178,마우스,"Another drama thriller yg spesifik bahas psikopat. Plot nya bagusss. Gue suka eksekusinya, alus bgt. Sensasi depresif para karakternya berasa. Nggak terlalu suspenseful sih lebih ke teka-tekinya menarik banget karena detail. Idenya emang mantep banget sih, benang merahnya nyambungg aluss dan rapih bgt dan twistnya jg bagus. Character development castnya nih yg kereen! One thing yg gue gak suka dari drama ini karna bumbu Sci-fic nya jadi bikin aneh. wajib bgt ditonton buat yg suka serial killer. You won't regret, walaupun episodenya banyak."
179,마우스,"this is pretty decent, i like it kinda. but i don’t. but i do."
180,마우스,"Seru sih ya nontonnya tapi ya kuat2in aja kalo kadang pengen marah saking universe-nya ga masuk akal.
Pada akhirnya sih emang simpati sama Lee Seung Gi berkarisma sekali auranya ya, tapi aku tuh bingung tujuan series ini apakah encourage orang buat simpati sama pembunuh berantai......... Karena kalo iya ya aneh ya ajshshdiaj."
181,마우스,"Its beyond words to explain the brilliance of this 20 episode series.The way the story is narrated with unbelievable complexity is just mind blowing.The twists keep coming and the way even the minute details are used in the further proceedings just blows u away.And yes,none can match up the koreans in creating and sustaining the tension for such longer time.Especially the 5th episode which is just on par with the all time great shows.Man the acting by the actor who plays Jung Ba reum is something u haven't seen in a while.Great series though each episode is over an hour long,this keeps u hooked through out and there is no deviation from the script and not even a single shot goes waste.Phew,my longest review yet nothing does justice to this impeccably constructed thriller.This has to be hyped and a MUST WATCH!!!"
182,마우스,The best series ever
183,마우스,"The biggest positive is the twists this film contains 2 major and important twist and I still remember it and I couldn't forget it and it still feels me and that was so lit! But the same twists were the negative because execpt these 2 or more major twists everything coming in this film is just a gimmicks and this was planned by the writers it was not just they did because they didn't know but as a filmmaker we need to avoid it and the characters were lit especially detective ko and Jung ba reum was lit and their acting too I feel some negatives in cinematography the shot divisions were nice but they way they made is not! And screenplay is good but seriously the writers often cheating us with gimmicks and story is lit and I can divide this serious into two seasons like detective ko's version and Jung ba reum's version and this film contain the concept of roshamon and it perfectly came out and I hope there would be reboot or s2 for this because I love this
Here are my ratings
Cinematography - 1.4
Acting - 1.8
Direction - 1.8
Story - 1.8
Screenplay - 1.6
Total - 8.4/10
3.5/5
I would recommend for serial killers fans💓"
184,마우스,"I really liked it
I think one aspect that stand above all of them is writing. Kickass
And Lee seung gi (jung ba reum) acting is 😲
He literally made me cry in the end.
It keeps you up with twists at regular intervals
Big Fan ❤️"
185,마우스,"If a monster was given emotion by God, it is a punishment? Or a redemption?
Somehow, in the end, I pity the monster."
186,마우스,"Loved it, every episode is packed with twists.
Fantastic screenplay and good execution."
187,마우스,THIS IS SO GOOD
188,마우스,falls under the list of god-tier quality dramas i dont recommend bc its jus too much to handle 
189,마우스,"One Of The Best series Of All Time!!!
If U love Crime Thrillers!!!
Then Go For It!!!
Korean Drama 🔥🔥"
190,마우스,"Maraton ini cuma 5 hari aja! Karena emang nagih dan bikin penasaran banget tiap harinya.
Kayanya bakal kontroversial yaa kalau benar-benar ada UU tentang gen psikopat yang wajib dibunuh.
Mau sungkem sama penulisnya yang cerdas banget bisa bikin plotnya rapi dan ga mudah ketebak👍👍
Mau minta maaf sama tokoh yang udah aku suudzonin dan ternyata malah nasibnya tragis bangeett🙏😭
Agak kurang sreg sama endkngnya, apalagi detektif Moo Chi kenapa jadi begitu dah???
Tapi menurutku okelah ga maksa soh endingnya, meski ngerasa aneh banget sama ending detektif Koo🤐"
191,마우스,"#mouse is a Korean drama deals with mainly Psychopaths but it is not only that , it portrays many things which you will know only if you watch.
Masterpiece in writing and editing.
Watch #mouse and do yourself a FAVOUR.
All episodes are Splendid especially EPISODE 5 and EPISODE 14 will give chills to your body.
1 season , 20 Episodes.
Average Duration of Each episode will be 1hr15min.
#mouse
#kdrama
#thriller"
192,마우스,"Such a good thriller drama! The plot moves at a fast pace which keeps you engage all the way through and it just gets better and better! All the actors are amazing, especially the child actors! One of the best kdrama opening I've seen so far"
193,마우스,"Original Title: 마우스
Benar memang kata beberapa pengamat orang yang suka menyaksikan drama Korea: jikalau tahun lalu apalagi diawal-awal pandemi, drama-drama yang diproduksi negeri gingseng tersebut melahirkan tema-tema yang optimistis dan ceria; sementara di tahun 2021 ini malah dihiasi dengan keganasan dan kebrutalan sampai kebobrokan dan Mouse mungkin adalah Exhibit-A nya. Mouse yang mengangkat tema detektif yang digabungkan dengan kasus serial killer ini hadir lewat sutradara Choi Joon-Bae dan turut dibintangi oleh Lee Seung-Gi.
Adalah sosok Jung Ba-Reum yang merupakan angkatan baru dalam akademi kepolisian yang ditugaskan di salah satu pos kepolisian distrik kotanya. Sebagai sosok yang jujur dan selalu bekerja keras, beliau nampaknya memberikan semua usahanya menghentikan kejahatan. Namun ketika seisi kota dilanda ketakutan akan kehadiran sosok pembunuh gila yang menghabisi orang-orang dengan modus yang aneh dan tentunya menakutkan, Ba-Reum ikut terjun sampai memengaruhi kehidupannya, termasuk orang-orang disekitarnya.
Saya merasa tidak tega memang memberikan sedikit shy dari bintang empat koma lima yang memang saya rasa pantas didapatkan oleh serial ini. Dari awal musim memang kisahnya mampu menghipnotis dengan segala kegilaan yang dibumbui dengan twist after twist after twist yang menghiasi plotnya yang rapi dan penuh misteri. Sayangnya memang paruh belakang musimnya memang terasa menurun dan cukup berpengaruh pada keseluruhan ceritanya meskipun masih memberikan sajian yang beda dari tipikal Korean Drama yang kamu temukan. Endingnya yang cukup menyelesaikan banyak konfliknya pun terasa kurang memuaskan secara keseluruhan sayangnya."
194,마우스,"Ini terplot twist yang twist banget, bund 🥲"
195,마우스,"awal doang seru, makin kesini makin drakor banget"
196,마우스,"Andai
Tidak kepanjangan episode
Tidak kepanjangan durasi
Tidak mbulet jalan ceritanya
Konsisten
Bisa jadi bintang 5."
197,마우스,"5000 STARS. If you’re gonna ask me now what’s my favorite Korean drama, THIS IS IT. It was absolutely thrilling. Every single character, subplot, scene, and detail was so important until the very end. What a masterpiece."
198,마우스,"Now this is what a great series should look like. Never a dull moment, never took too much from its influences, and with characters that do not whine too much. This is so far one of the Kdramas that I keep tracked of and was somehow happy they did not drag it out into more episodes.. Superb acting from main to support.. Nice twist too."
199,마우스,"'Mouse' memang drama misteri dengan premis menarik yang punya elemen penyelidikan dan pemecahan kasus yang seru, namun semuanya terasa lama dan melelahkan saat kita dibuat bersemangat di awal dan berputar-putar di pertengahan demi akhir yang memuaskan. Jika suka drama misteri yang berurusan dengan pembunuhan dan psikopat sadis, 'Mouse' tetap layak direkomendasikan, namun jika tidak punya banyak waktu untuk berpikir keras dan dibuat galau setiap kali menonton, 'Mouse' jelas bukan untukmu."
200,마우스,Never ending plor twist got me watching until the end! Lee Hee-jun's performance in this drama is sooooo amazing I loved loved it.
