,title,reviews
0,미스터션샤인,brilliant incredible amazing showstopper spectacular never the same totally unique put it in a blender shit on it vomit on it eat it give birth to it.
1,미스터션샤인,i am going to kill myself
2,미스터션샤인,"This was my first K-drama!
People often talk about second lead syndrome, but I somehow ended up with third lead syndrome. All that rich dude did was study in Japan… he didn’t deserve all this trouble. Not to say I didn’t love Yoo Yeon-seok too, if the third lead didn’t exist I’d still much prefer Oh to Lee Byung-hyun. I did not buy his romance with Kim Tae-ri at all, between the age difference and the lack of chemistry…. I ended up skipping quite a few of their less important scenes. As for Kim Tae-ri, she was phenomenal obviously. I wasn’t sure about Kim Min-jung but she quickly became one of my favourite characters.
I think my favourite thing throughout these 24 (24!! I didn’t realise it was that long) episodes was the world. The side characters are all amazing (especially Emperor Gojong aka Mr PYEHAAAA) and the late 1800s/early 1900s Korea setting was really fascinating and educational. The cinematography is top notch; it’s interesting to see how quickly it’s improved compared to dramas early on in the decade. And when the occupation begins, god I was broken, which seems to be a recurring theme for K-dramas regardless of whether they have happy or sad endings. The ending here… well, they can’t change history, it’s the Japanese occupation."
3,미스터션샤인,i can’t believe lee byung-hun and kim tae-ri invented yearning
4,미스터션샤인,"the most beautiful show to ever exist in this universe. i will never get over it.
and that’s on guns. glory. sad endings."
5,미스터션샤인,"Masterpiece drama korea dengan ending yang gila sekaligus getir.
Gun, Glory, Sad Ending."
6,미스터션샤인,"Udah beberapa hari nonton ulang drama ini. One of the best of the best of the best. The performances are phenomenal, the sets are even more so. Sinematografi-nya cakep, ost sendunya mantap semua. All characters have all my heart, including the supporting ones. Everything is just so flawless. I enjoyed watching it even though the finale had my heart shattered into pieces 🥲
Each character have their own story. Their love are beautiful & painful at the same time. And it also goes beyond a love story of individuals. It’s also a story of a country and people. Of the fights and the bloods, the prayers of desperation, the bravery to protect what is theirs.
Mr. Sunshine proves that you don’t need too many intimate scenes in order to portray the love story just to be felt by the audience.
I was already way too picky before, but after Mr. Sunshine it was so hard for me to watch another K-drama. This drama will raise ur standard so high that other K-dramas will feel so dull and lacking. Even now, i still have trouble finishing a K-drama and usually end up dropping them. I would never find another K-drama as good as this. Mr. Sunshine will make you feel...things. Definitely, I will watch this drama all over again."
7,미스터션샤인,"this set my standard for historical dramas in general and i will never shut up about it. 
and that’s on guns, glory, and sad endings."
8,미스터션샤인,"“I wish to burn brightly, then wilt. Like a flame.“
A stunning and sprawling master work of Korean cinema! Could be described as very Dickensian, this beautiful, tragic, utterly glorious series delves deep into Korea’s troubled history and speaks not only to their national identity, but to the very concept of identity itself and how this is an universally human struggle. I couldn’t help but notice how Mr. Sunshine could even speak to modern America today and how generational and social trauma can cause deep wounds that are difficult to overcome. We call it “systemic,” but really it is just the frailties of human nature manifesting into our culture. Artist and author Makoto Fujimura would call it our “Ground Zero” moments, those deep cultural traumas that cause division or brokenness within us. What I love about this series is that it shows that while that brokenness cannot be “fixed,” there can be healing and a newness that speaks to a brighter hope. This is manifested in our characters, who are of the generation that are directly suffering the consequences of generations before them, especially for our main character Eugene Choi - a run away slave boy who had watched both of his parents die at the hands of Joseon’s aristocracy. Because of this, Eugene struggles with his identity, shunning the Joseon within him and embracing America as his new homeland - only the trouble is he isn’t truly American either. 
All the characters struggle with their identity in relation to their country, and I love the strong visual symbolism and subtext that explores the various aspects of this concept. Yet what is most intriguing to me is how primarily this concept is explored through the use of unrequited love and a “love square”. Normally I hate love triangle nonsense and annoyingly complex romances with characters being ridiculous and dramatic, but Mr. Sunshine incorporates it in a very symbolic (and mature!) way, which speaks to that deeper theme of identity. The character of Ae Shin, the alluring and passionate daughter of a noble family, represents the “ideal” of Josen, as her heart is set on serving, fighting for, and loving her country, even at the cost of her own life or the comforts of her station. She is a truly complex character in her own right, of course, and I loved her a lot, but she is also important in relation to the three men in her life - Eugene Choi, Dong Mae, and Hui Seong. All three fall in love with her, but we could look at it as each man’s relationship with their country of Joseon.  
Firstly we have Eugene Choi, who has grown up with bitterness and rage in his heart for the country that betrayed him and cast him out. He looks upon it with disgust and cynicism, ready to wash his hands clean of it and its problems, until - of course - he meets the beautiful and mysterious Ae Shin, a masked vigilante upon the moonlit rooftops. As their sweeping romance unfolds (and it is truly transcendent, one of the most beautiful romances ever on screen) Eugene is shown the true heart of Joseon. That while it is flawed and broken, it also has a resilient and tender people. They may be humble, small, and often petty and cowardly, but they are fierce and loyal too, and have a long-suffering spirit, and Ae Shin fights for that Joseon. Eugene is utterly transformed through his love for Ae Shin, his heart softened and widened. In the end, his being neither a Joseon man nor an American man is what makes him the most qualified at saving Joseon/Ae Shin. He is able to walk in that in-between space, which gives him the power and strategic vantage point to best help the resistance. I loved how this is represented when Ae Shin is admiring a globe within his office, and she observes that it is two hand lengths between Joseon and America - so far away. Eugene, however, shows how his hand, which is bigger than hers, is only one and a half hands length, and that he can come and go between the two more quickly. A beautiful romantic moment, but also signifies Eugene’s identity, that he will always be there for his beloved Joseon/Ae Shin. Always. 
Hui Seong is a nobleman’s son and Ae Shin’s betrothed. Out of all the men, he has the most “rights” regarding Ae Shin/Joseon, as it is his right to take her as his wife, as this is what is proper and good to do within their society. Yet Hui Seong’s identity is troubled by the sins of his family, as he is often met with the anger and resentment of those whom his family had wronged. (It was his family that killed Eugene’s parents!) His whole life is bent on achieving atonement for these sins, as it is something that haunts him. Yet when he hopelessly falls in love with Ae Shin, Hui Seong is able to serve Joseon in a way that exemplifies his noble and pure heart. He is not defined by the actions of his family, but only his own. I find Hui Seong’s unrequited love the most Christ-like, as he gives of himself freely and completely without price to Ae Shin/Joseon. It is something he doesn’t even think twice about, as he not only breaks the engagement, much to the chagrin of his family, but in every way becomes a servant to Ae Shin, no matter the cost to himself. He doesn’t even think of himself at all, and while this hurts the most to watch Hui Seong’s broken heart knowing he will never have the love of Ae Shin, we know he can always love her/his country unconditionally, even at the cost of his life. Every ounce of himself he gives to her, and it is to his glory. 

“Have this mind among yourselves, which is yours in Christ Jesus, who, though he was in the form of God, did not count equality with God a thing to be grasped, but emptied himself, by taking the form of a servant, being born in the likeness of men. And being found in human form, he humbled himself by becoming obedient to the point of death, even death on a cross.” | Philippians 2:5-8
Dong Mae is the most hopeless of the three, as he doesn’t even have one chance in a million of achieving Ae Shin/Joseon’s heart. A son of a butcher, which is the lowest class you can be, even below a slave, Dong Mae rejects his home country that basically spat and shit upon him and studies the way of the Japanese, Josen’s enemy. In every way Dong Mae makes himself despicable and seven times an outcast from his country. However, when as a young girl Ae Shin showed him mercy and grace, Dong Mae is given a piece of Joseon’s soul which ensnares him for life. He cannot forget her, he cannot stop thinking about her, his heart is utterly overcome with his love of her. His life is her’s, even though because of who he is he can never be one with her. Yet it his acerbic nature that becomes necessary as a reminder of Joseon’s ugliness and brokenness. When the young Dong Mae looks into the eyes of the sweet and naive Ae Shin who just saved him and brutally reminds her who she is and that while she saved him for only this moment, she is part of the class which is the problem - Dong Mae becomes a thorn in Ae Shin’s/Joseon’s side, which humbles her and challenges her continually throughout the story. So while Ae Shin was deeply wounded and never forgot Dong Mae’s words to her in her palanquin, haunting her always, they gave her a dose of reality that was necessary for her betterment. In the end, Dong Mae is fiercely and violently faithful to Ae Shin/Joseon. He received only a piece of her, one moment in a palanquin and a touch of her silk gown, but it was enough to show him a beauty that was worth fighting and dying for. (Of course, he would be my favorite! My beautiful, complex murder boy! 😭)
So, I cannot recommend this show enough for anyone who wants to get swept away in a powerful, romantic, epic historical tragedy that speaks to deeper truths and hopes that can transform hearts and minds, and perhaps even a country."
9,미스터션샤인,"It took me more than 2 months to finish this—I mean it has more than 20 episodes!! I'm not used to watch series—but it's really worth to watch. Everything about this K-Drama is amazing. The editing, music, cinematography, production design, acting, directing, and costumes. They are top notch. Apart from complaints about the historical inaccuracy, the world building in Mr. Sunshine is amazing. It full of lives, colorful, and magical. I don't know about you guys, but watching those people, walking in the street, an then there this street train. It somehow gives me this Howl's Moving Castle's world vibes. If I'm being honest, watching Mr. Sunshine, remained me a lot to Hayau Miyazaki's works, especially with the world building that feels magical and its female characters that aren't damsel in distress. Mr. Sunshine is The Age of Shadows that doesn't feel artificial and glamour. It has heart, and feels warm and hearbreaking. The best K-Drama I've ever watched—although I don't watch many of them—beside my favorite satirical drama, Sky Castle."
10,미스터션샤인,"lines from mr. sunshine that is just *chefs kiss
1. guns, glory, sad ending
2. Let's do it...love
3. You're just a noble fool who lives in luxury
4. I wish to burn brightly, then wilt. Like a flame."
11,미스터션샤인,Paying compliments is way more harder than criticizing when everything is completely stupendous. Mr. Sunshine is a very well-made Sageuk drama. *cry in Kim Hui-Seong tears*
12,미스터션샤인,"Don’t talk to me, I’m crying"
13,미스터션샤인,watching this feels like i'm watching an oscar winner film it's insane
14,미스터션샤인,"One of the best Kdramas.
Set during the Shinmiyangyo incident, in 1871, when an American naval expedition attacked Korea.
A Korean boy, who had been sent to the U.S. returns to Korea as a naval officer and falls in love with a Korean noble woman."
15,미스터션샤인,"Una delle tante storie d'amore che ti afferra il cuore per poi strappartelo dal petto nel suo magnifico finale fiabesco.
Capolavoro assoluto e sottovalutato, con una colonna sonora eccezionale, personaggi stupendi e uno più carismatico dell'altro, raramente vedrò un altro drama così ben realizzato.

""Goodbye Mr. Sunshine in our indipendent country see you again"""
16,미스터션샤인,"Distrutto psicologicamente e moralmente per la seconda volta.
Volevo scriverci qualcosa, ma preferisco aspettare, non sono ancora pronto."
17,미스터션샤인,"Gun, Glory, Sad Ending."
18,미스터션샤인,"Hands down one of the best slow burn in a drama ever! Exceptional cast and soundtrack. The casting was just perfect, and it was such a refreshing and new portrayal of Yoo Yeonseok. He played rough Gu Dongmae really well, very different from Chilbong in Reply 1994 that I almost didn't recognise him.
Not to mention the development od each character. It was so tragic, yet beautiful. I can easily rewatch it everytime without skipping any scene, even when it has 24 eps in total.
I can endlessly singing praise, but I'll tell to watch it instead."
19,미스터션샤인,I cried too many times
20,미스터션샤인,when you have THE kim tae ri and THE lee byung hun agreeing to appear in a korean drama then you know it’s guaranteed to slap
21,미스터션샤인,"7 days, 24 episodes, powerful story, and Kim Tae-ri with a rifle. The last is half-star plus."
22,미스터션샤인,who wants to pay for my therapy
23,미스터션샤인,"""Will our final destination be somewhere between glory and a sad ending?"""
24,미스터션샤인,"this was exactly how i expect it to be and even more. definitely beyond my expectations. all of the cast is perfect for their role and each character's life intertwining is so well written i'm literally baffled by this whole story and on top of that, the historical setting just ties up everything so well. this show consist of 24 episode with each episode more than one hour and i thought that i would lose interest mid way watching it, but i catch myself being more and more invested with the characters each episode. the main five lead has my whole attention, they even got me being attached with the side characters. and unlike squid game, at least the english dialogue aren't corny.... though i have to say some of the romance scenario is a little too cheesy for my liking but it's still so fun to watch. i'm genuinely confused why people don't talk about this show enough.
yes, we all love a little tragic love story, but when your love for your partner is impossible and knowing well enough that your love will only be filled with sorrow and longing that seeing them from afar and even more, just a slight touch of fingers is already everything that you could ever ask for; wrong time, wrong place, right person. all i can do as an audience is sit and witness all of this with a knife in my heart. with that being said, i will be taking a rest physically, mentally, and emotionally. please watch this show."
25,미스터션샤인,"“Gun, Glory, Sad  ending”
Jinjja noemu - noemu saranghae Kim Eun sook ❤️"
26,미스터션샤인,"this is a great drama. the story is amazing, the cast, the cinematography, the soundtrack, everything! and yet there are things that bothered me.
it took quite a while for me to get invested in it. everything goes too slow at first and when the interesting stuff starts to happen it's already ending, which is such a shame. but what bothered me the most it's the treatment of dong-mae and hui-seong.
i get why they went with the whole ""being in love with the main character till the end"" for them. yeah it's sad, it's tragic, but honestly? i find it quite lazy. it doesn't give them the chance to fully develop as characters, to change, even after everything that happens throughout the series.
i gonna end this saying how much i loved yang-hwa and her dynamic with dong-mae. she deserved better, they deserved better."
27,미스터션샤인,Episodes 23 and 24
28,미스터션샤인,everyday i wake up and think about this drama and sob
29,미스터션샤인,"Glory, Gun, and Sad Ending."
30,미스터션샤인,Greatest of all time
31,미스터션샤인,guns. glory. sad endings.
32,미스터션샤인,Top 3 drama on my list for sure - definitely felt Eugune's identity crisis - I also loved the historically connections - the fact that they all died so that she can live on also gmfu because we all know historically that korea will eventually fall to Japan - I think about this drama till this day.
33,미스터션샤인,"my head aches so bad
beautiful"
34,미스터션샤인,would i ever watch this again ?? no !! i care about my mental health too much !! was it the best thing i've ever seen ?? um. YES?/?/
35,미스터션샤인,I’m in pain
36,미스터션샤인,"Amazing Long Kdrama, completed in 5 days, I guess, I download the episodes of a Kdrama for 1st time.
Positives:
• Eugene Choi, Aaesin chemistry ,Character arc, also Dong and Hotel owner character, with our charming Finance, all characters are memorable and well written.
• Panic Moments filled with romance and Comedy gives a Great Blend with entertaining screenplay.
• Osts and Music is Terrific.
• The production design of Josean, America and Japan were mind blowing, very beautiful and Culture potrayed excellently.
• Ending is painful, seeing our loved characters die, Villains give real chill.
Negative:

• Same issue from Scarlett Ryeo, Beginning episodes are too good and final episode ls are fast paced and screenplay is collapsing with plenty of events, main negative.

• Too many Villians, Japan shown very cruel, Korean people shown over patriotic.
It's a Great Netflix Kdrama, probably very memorable and Historic. Overwhelmed Romance and Cute Kim Teri and Noble American Lee will never be forgotten.

4.7/5"
37,미스터션샤인,"3 more Episodes, god i'm tired of crying"
38,미스터션샤인,"The Pilot of Mr. Sunshine is by far the weakest episode. Its storytelling echoes Victor Hugo in that it breaks every rule you should follow when beginning your series/novel. We are given backstory, backstory, backstory without any knowledge of who these characters are, what role they'll play, and how they're connected.
I begun this series thoroughly unimpressed. Boy, did I have no idea what I was getting into.

Side note:
The actor playing Teddy Roosevelt's accent is so... British?"
39,미스터션샤인,"mr. sunshine is definitely one of my favorite k-dramas i’ve watched—i have a whole love/hate relationship with it because the relationship between eugene and aeshin was so good despite it not being like excessive in display of (physical) affection, but it also broke my heart as well, like the scene with them getting married and the end... the soundtrack really aided to the moods and themes the drama was displaying and despite the ending being so bittersweet i think it really carried the theme of how the future is the next generation 5/5"
40,미스터션샤인,"The drama where I discovered kim taeri and my life has never been the same since.

my heart just goes 😫 thinking of this drama. all 5 of the lead characters possess basically what everyone else wants in life: money, beauty, influence yet they are all still lonely at heart... there are a lot of emotional and raw scenes that makes this drama really special. I have a big soft spot for dong Mae 🥲
also, the cinematography in this drama is BEAUTIFUL!!!!!
(me pretending to know anything about cinematography)
the subtle color combos with the backgrounds and outfits as well as the scenic shots are amazing. ugh. Although it was def longer with a heavier tone than the classic drama, I think it did a beautiful job of going in depth with all the characters. It just got a little confusing to remember names sometimes."
41,미스터션샤인,"from where do i start to explain the absolute greatness of this series? it's not only my favorite kdrama but my favorite series overall. amazing characters, storyline, cinematography, casting.....not lacking in any single way. kim taeri was so fucking phenomenal in it. her character and kim minjung's were legendary(truly love kickass strong women). yoo yeonseok made me fall in love with gu dongmae so bad, and to me he was one of the best characters in this series. the chemistry between eugene, dongmae and huiseong was so exciting and fun (i lived for the bar scenes). the details in the plot were so fascinating. there were moments of happiness, victory, calmness, satisfaction, and even fun, but it was also filled with sadness. it was so sad that i literally grieved for months after watching it, and till now am not over it. still, i wouldn't change a single thing about it. just a lump of excellence on excellence.
i feel like it's very underrated tho so please please please watch it, you won't regret it. it deserves all the love and recognition in the world."
42,미스터션샤인,"The plot, the cast , the cinematography, the soundtrack.. everything is perfect!! I don’t think i’ll ever move on.."
43,미스터션샤인,"best kdrama ever.
storyline? interesting.
cinematography? on point.
acting? impeccable.
chemistry? superb.
ost? depressing and memorable.
dialogues? there's nothing like it."
44,미스터션샤인,"A show about history and colonization and nationality and identity that’s so so smart and so so sexy. It birthed me. It raised me. It taught me everything there is to know about historical TV. Go Aesin is the light and love of my life.
Also Teddy Roosevelt’s in it."
45,미스터션샤인,i still think aeshin x hina was a missed opportunity
46,미스터션샤인,"Its decided. I’m gonna rewatch this masterpiece🥺♥️
**SPOILERS**
Ep 1: Eugene’s past
“You save your children, and I’ll save mine.” 
Watching this a second time...and Eugene’s moms acting still made me TEAR UP BAD. I’m already in tears and it’s not even the end of this ep wtf!!
Also, Ae shin’s parents are the second lead couple in “descendants of the sun” ...I’m not crying you are!!😭

Ep 2: 
her training w such beautiful views 
Plus 
- her first time hearing the word “love” was cute and innocent aww
- Eugene and Ae shin’s first encounter was so intense! Then trying to figure out “Ally or foe” which one are you? Love it. 

Ep 3: Dong Mae’s past
- Dong Mae gets his revenge yes!
- introducing inner Zoro sugoiii
- Ae shin asked Eugene what’s love.. and asks him if he can do it w her?! LMAO

Ep 4: Eugene faces the family that killed his parents 
- Hina Kudo, Glory hotel owner, is finally introduced (she’s so badass I swear)
 
So far, I love the change in language from Korean and English to Japanese! <33
- we learn of Dong Mae and Eugene’s infatuation w lady Ae shin 🙊
- Ladies man, Kim Hui-Seong, kills me XD
He’s also the fiancé of Ae shin (arranged marriage) ouuu

Ep 5: 
- Eugene was a runaway slave to the family that killed his parents, but then reappeared in front of them as Captain of the US Marine Corps! YES 
- Ae shin and Kim Hui-Seong’s first encounter She thinks of him as “a fair skinned weakling” 
He thinks of her as a “flower” lol
“Where are you headed? I am thinking I should go the same way” STOPPPP itttt 

Ep 6: 
Dong Mae my boi I feel your pain urggg
Also, that dress transition tho LOL
- the three men finally have a drink together, coincidence? They also are fond of the same girl, Ae shin. Things are getting juicyyy
“I’ve made up my mind. Let’s do it. Love.” 
- either Eugene’s trying to get revenge for his parents by agreeing, or he genuinely wants to do the “love” w her....hmmm

Ep 7:
- Dong Mae and his jap crew search Eugene’s room to find a letter from Ae shin!!! Oopsss..was not what he was looking for, BUT still managed to break his heart ahhhh
PLUS, Eugene couldn’t read it yet bc he can’t read Korean! Dong Mae read it out loud for him..............Urggg poor dong maeeee
Ae shin is also learning the English alphabet atm LOL   
- AND she now knows what “love” means hence the letter to Eugene saying “change of plans” DKM
If u can’t already tell, I’ve already fallen for Dong Mae’s character. (Eugene was already a given 😍 HINT: 2/3 guys down) 
End off w a love square? Ok

Ep 8:
Omg I just realized that Ae shin, a part of the righteous army, reminds me of the revolutionary army in ONE PIECE ahhhh 
- Dong Mae suspects Ae shin as THE gunner and shoots her leg !!! I’m not ok...too intense for my heart 
“I told you not to come and you did. On top of that, you already know” fckkk 

Ep 9: 
- Ae shin wants to end the engagement, 
Hui Seong doesn’t and is actually willing to fight for her ah
- the three men have another drink together, but it’s mutual this time? XD yesssss
Also, Hui Seong limping = 🤣 SOLD 3/3 men

... to be continued"
47,미스터션샤인,"meskipun udah tau siapa aja yang mati, tetep gaakan bosen buat rewatch drama ini. 💕
acting, performance, love story, cinematography, ost and scoring, costume, character, all of things about this drama are well delivered. 
jalan cerita setiap tokoh dibuat saling terkait dan pada akhirnya sampai di tujuannya masing-masing. 
Go Ae-Shin dan Eugene Choi adalah pasangan tersopan dan love story mereka bakalan jadi cerita paling romantis buat aku.
meskipun ga setragis Eugene, hidup Kim Hui-Seong, Gu Dong-Mae dan Kudo Hina juga cukup menyedihkan.
sempet skeptis sama karakter Kim Hui-Seong. saat dia merantau ke Japan dan sekamar sama cewe dan pas pulang ke Joseon malah berjudi. ✌🏻
agak heran juga, kenapa gaada anggota kerajaan yang turun jadi salah satu Pasukan Kebenaran.👀"
48,미스터션샤인,"""Goodbye Mr Sunshine in our independent country see you again"""
49,미스터션샤인,"I’m devastated, everything hurts I think I’m dying 😭"
50,미스터션샤인,"13/10. gorgeous costume design, gorgeous everything, found out betty white died half way into the finale. was ready to go ahead and join her by the time i reached the end."
51,미스터션샤인,"quite literally my favorite thing in the world, i relate to all these men so much because i too am insanely in love with kim taeri"
52,미스터션샤인,One of the historical dramas. Very interesting because of the history and stuff but very gory. If I had known the ending I wouldn't have watched it. Characters were amazing.
53,미스터션샤인,art + the second male lead and just the hina and the yakuza guy
54,미스터션샤인,I felt every emotion known to man with this series...
55,미스터션샤인,i wanna die so bad maybe cishet love is real love
56,미스터션샤인,"MY ULTIMATE FAVE KDRAMA!
this is the series you will never regret watching. this is the only historical drama that i rly liked. i swear that every episodes astonished me with the cinematography (not to mention the war scenes but yeah goosebumps here), brilliant acting (you get an american-joseon man, japanese-joseon man and handsome joseon man plus badass women holding sword and gun) and just a detailed perfect storyline (that will make you feel sad, loved, mad, laugh a lot, cry a lot, and cry again.) HIGHLY RECOMMENDED. JUS GO WATCH IT ON NETFLIX. caution tho, once you finished the series you will never forget it all costs."
57,미스터션샤인,"i love you so
(please let me go)
i love you so
(please let me go)"
58,미스터션샤인,"The first K-drama I have ever watched. A great story which suffers from a heavily flawed execution. No idea if all K-dramas are filmed like this but I hope they're not. A few points:
+ great setting
+ great story, puts a twist on the fish out of water trope and effortlessly weaves romance into a tale of political intrigue and the power of the human spirit
+ great main characters, they are developed carefully so you truly fear for them when they are in danger
+ a few truly beautiful shots
+ quite funny at times
+ great actors, for the most part
- Most scenes look bad. They went the extra mile to use a cinematic aspect ratio but the lighting and color grading make it look like a cheap soap opera. Also, most nighttime scenes are lit like a football stadium.
- Every single Japanese person (with few exceptions) has zero redeeming qualities and acts like the biggest piece of shit on the entire planet. All of them are played by Koreans. I get the historical context but still.
- Almost every single character is a spy in one way or another. It gets old really quick.
- Weird pacing and overall problems with the writing: feels like some scenes are missing while others seem superfluous, which is why it sometimes appears like things are happening out of nowhere.
- Plotholes: fine every now and then but not, for example, when a character makes an epic sacrifice he could have easily avoided. Also, binders full of coincidences. If I had a dollar for every time two important characters randomly meet.
- I get budget restraints but it seriously tests my suspension of disbelief if a story with such epic scale takes place in only a handful of streets, a few interiors and a few other places like the forest, a hilltop and a river.

Overall: If this was filmed and written like ""The Age of Shadows"" or ""Assassination"", two Korean movies which have a very similar setting to Mr. Sunshine, I would have little to complain about.
6/10 because I developed stockholm syndrome while watching"
59,미스터션샤인,This drama is getting more chaotic and the issues are getting much worse i don't like this pls don't give me hopes
60,미스터션샤인,I love this kdrama so much what the hell imma cry i'm still in episode 8 😭🤍
61,미스터션샤인,im suffering
62,미스터션샤인,"The bar is here, folks. Epic and masterful in every way.
My full thoughts. SPOILERS.
youtu.be/d87IHKHwbhs"
63,미스터션샤인,how dare they did that to my most favorite second lead couple <///3 i love them so much but they just wont let us have the happy ending we AND THEY deserved
64,미스터션샤인,"gun, glory, sad ending.
a masterpiece, a top tier k-drama. from the first episode to the last, everything was perfect. storyline, cinematography, characters, soundtrack, I loved every bit of it. 24 long episodes was nothing because of how great this was. I will surely miss this squad."
65,미스터션샤인,Perfect inimah gada obat srepetttt
66,미스터션샤인,"Loh baru tau salah satu kdrama favoritku ada di letterboxd, udah setengah taon sejak namatin ini, tapi masih gamon, whyy yujin whhyyyyyy"
67,미스터션샤인,In spain without s
68,미스터션샤인,"I'm so glad this is the K Drama I chose to go all the way with, for the first time. My eyes are dry and my heart is full."
69,미스터션샤인,"시간을 좀 애껴볼라고 소설을 먼저 읽었었는데 아무래도 인기도에 비해 너무 구려서 1권만 읽고 드라마를 봤더니(드라마 원작인데 소설화 시킨 것...대본집을 내주지...) 드라마가 훨씬 낫더라. 한마디로 배우들이 하드캐리했다는 얘기. 은숙드는 배우들이 대사를 잘쳐야 사는데(못살린 사례: 장동건...이민호, 인공호흡 수준으로 살려낸 사례: 박신양, 현빈, 영도, 라헬,강하늘) 글로만 보니 밋밋 그 자체. 뭐 아무래도 대본이 원작이니 소설화시키기가 어려웠겠지. 지금까지 읽은 드라마 원작 소설은 다 별로였음. 영상을 글로 옮기는 것보다 글을 영상으로 만드는게 더 쉬울까?
소설 원작 드라마는 각색에 따라 다른데 파친코는 아직 1화밖에 안봤지만 꽤 기대된다. 소설은 시간순으로 따라가지만 드라마는 플래쉬백을 많이 쓰는데 선자 셋 다 너무 잘해. 젊은 선자는 예고에서 얼굴 보자마자 책찢캐스팅이라고 느꼈고 오히려 윤여정쌤이 이미지 상으론 좀 안어울리는 데 연기야 말해뭐해 당연히 잘하셨것지. 놀란건 어린 선자가 너무 잘하네....세상에 수안이 이후로 이렇게 잘하는 어린이배우 간만이네. 앞으로 기대된다."
70,미스터션샤인,hit me like a train
71,미스터션샤인,"watching this show made me feel as if i was watching an oscar nominated film. it’s perfect in all its aspect, beautiful and heart wrenching. 
when i started watching it and saw the amount of episodes, i felt overwhelmed because i was used to the usual 12 or 16 episodes of most k-dramas i’ve seen, and 24 episodes simply felt too much. i’m glad i still gave it a chance, though, because it was definitely worth watching. the slow burn aspect of the story was done exceptionally well that it didn’t even feel boring at all and you know that it was all worth the patience. the amount of yearning between aesin and eugene physically pained me too. overall it’s a beautiful show that was done so well with its plot, execution of the story, the casting, the acting, the cinematography, and even the OSTs. everything about this is just *chef’s kiss* and i love it so so much."
72,미스터션샤인,one might think the phrase ‘sad ending’ being repeated every 5 minutes would prepare me for this but alas
73,미스터션샤인,"This easily goes into my top 5 korean drama. Perfect from the casts, the ost, the story line, the plot twist.. everything. Kim Taeri my love, the way she brilliantly portray her character. Looking forward to see more from her."
74,미스터션샤인,"This was my first historical k-drama. Going through themes of patriotism, nationality and the sense of belonging, loss, grief, hope, love and everything you could expect from a historical show, Mr. Sunshine was a beautiful yet painful experience for me.
The cinematography is top tier, probably the most beautiful show I've ever seen. The outfits, the colors, the architecture, the filming frames/takes (?) and the exterior world. Everything was impeccable.
One of my favorite parts was my unpredictable and improbable (yet amazing!!!) trio: Eugene, Dong-mae and Hui-Seong had everything to hate each other, from the abismal difference of personalities to the love for the same woman, yet they complemented and fit each other so well that it has lead to some of the best, the lightest and the most humorous scenes of the entire show. I also loved the two strong female leads: Kudo Hina and Go Ae-shin were powerful characters; seeing them constantly putting their disagreements aside, their traumatic pasts involving each others families and uniting themselves to fight for a greater cause was inspiring.
This was one of the best written and constructed shows I've ever seen, but still I was bothered by some aspects of it. First, I took quite some time connect with Eugene; even though his life story was touching, I thought that the character was a bit too bland, inexpressive and that he lacked on showing emotions sometimes. Don't know if it was purposeful (as a result of all his past), but as a consequence of it, the romance wasn't my favorite storyline. I thought Ae-shin and Eugene didn’t have that much chemistry, so I hoped their romantic relationship was as explored as their “partner in crime” one. Also because of that, I liked Hui-seong and Dong-mae way more than Eugene, and even though I didn't want them to be with Ae-sin, I was always rooting for their well-being and success. I also thought the first episodes were kind of slow -what have made me take longer to get invested in the story- and the last ones were a bit rushed -accentuating the sensation of numbness and pain caused by all that tragedy.
I know this show is fact-based and the history of the japanese occupation can't be changed but OH BOY when everything began collapsing and all of the main characters started to die one by one I was wrecked. I'm a very happy-ending-oriented person, so, even though I knew the disastrous path Joseon was facing as a result of the japanese invasion, I was hoping that Eugene could join Ae-shin on her fight and that they would live -if not happily ever after-, at least together for the rest of their lives, ""walking side by side"". I truly haven't got the amount of emotional structure to go through something so slow burning sad like this again. I feel like the show was the embodiment of Ae-shin personality: to ""burn brightly, then wilt. Like a flame"" was exactly the feeling I got from the development of the episodes.
I don't even know how to evalute this, it had so many layers that I could probably write about it for more 10 hours. I feel like I'm going to need some time to accept the finale, to process everything and to recover from this. Overwall, it has truly impacted me; it has made me reflect about all the suffering people have gone and still go through in wars, invasions and occupations, and how wrecking the process of losing their place and their identity must be. It has impacted me, and I believe there's nothing more a historical show can want from its viewers."
75,미스터션샤인,"I love hands in storytelling!! It's just so personal to me, maybe that's why I loved them so much. I knew this show was going to be sad but apparently I am a fan of pain and suffering because I loved everything about it so much more than I thought I would, especially since the first episode was the weakest one, but omg the yearning? The cinematography? The ost? So good. It did go downhill near the end though but that's kinda to be expected given the situation.
Also I hope these actors were paid well because they were just casually switching back and forth between so many different languages and doing a good job too...well the white people maybe not so much but they were definitely trying!
Also also I love reading and watching historical things while I have history, it makes me feel so smart when they're talking about things and I understand the significance even though I literally could've just learned about it the other day lol"
76,미스터션샤인,i watched this months ago and i’m still crying😭
77,미스터션샤인,"Esse dorama é simplesmente perfeito meu deus, tem final triste mas vale cada segundo desses 24 episódios, as cenas são belíssimas, os atores são lindos e muito talentosos e retrata uma história muito interessante e importante para Coreia. Não supero o final nunca!!!"
78,미스터션샤인,"#Kdrama - 24episodes
GREAT one
Romance between lead actors is just so cute
All the 6 main characters are just perfect
Glory.. Gun... Sad endings...
E01-E12 - 5/5
E13-E24 - 4.5/5
Overall 4.75/5"
79,미스터션샤인,Ep 24 😭
80,미스터션샤인,❤️❤️❤️
81,미스터션샤인,"everything about this series was amazing, the pace, the consistent story line, the character development, the cinematography, the acting,,, the writing,, etc. u get it??
but i think i may need to re watch because the relationship of the main couple just wasn't romantic or interesting to me, And it has nothing to do with tae-ri's character but everything to do with Eugene and just as an actor in general. He is not a bad actor in any way, but it was his character and lack of chemistry with tae-ri's character that left me bored by their scenes and therefore led me to not root for them as a couple. In the series, they are the main couple so my dislike for them together lowers my rating sadly. I adored Kudo Hina and she was played so well and just worked so perfectly with everyone she had a scene with. She was definitely my favorite character of the series. Goo dong-mae was also another really interesting and favorite character of mine. His character development was well done and realistic, he was also vry.....
In conclusion, my dislike of the main couple was really a downside of this drama for me, but that's just me personally. Overall this is a series that I would love to watch again, and see if i could give the main couple a second chance."
82,미스터션샤인,"cinematography, cast, plot, ending, all of aspect from this drama are perfect and incredibly amazing"
83,미스터션샤인,"𝙂𝙪𝙣,𝙂𝙡𝙤𝙧𝙮,𝙎𝙖𝙙 𝙚𝙣𝙙𝙞𝙣𝙜𝙨.
/This is a beautiful drama! And I mean it literally; every frame,every character is a beauty.
With an exceptional cast, amazing cinematography and engaging and satisfying plot; this is one of my favourite dramas of all time./
I need someone to do LOVE with me as per the steps(because it is a difficult thing to do!) and perhaps maybe complete the list :'(
✔︎ Exchange of names
✔︎ Handshake
✔︎ Hug
✔︎ Longing
✔︎ Flower gazing
✔︎ Fishing and then grilled fish
.
.
.
.
Im not crying,you are😭"
84,미스터션샤인,changed the whole trajectory of my life
85,미스터션샤인,i wanna die
86,미스터션샤인,"top-fucking-notch cinematography, grand scoring, and star-studded casts. i couldn't care less about the romance, though.
but God, what a way to tell history.

AND A WAY TO MAKE A DRAMA DEBUT KIM TAERI YOU ARE A SLAYER."
87,미스터션샤인,i need kim eun hee to pay for my therapy
88,미스터션샤인,"(some spoilers)
usually not a fan of Korean historical dramas, they tend to get boring and wordy...and there were definitely instances in this drama where that was the case but overall this was extremely good. all the characters were very well written, very deep characters with clear motives and goals in the drama's setting. I think there was a good balance present in the drama, comedic, sad, romantic, and the obvious historical aspects. getting into the romantic aspects, not a fan of the love hexagon that was going on, I felt like some of the characters were not being written to their full potential because of the love hexagon at some points in the drama. luckily, all the main characters got justice at the end with their characters and the amount of sacrifice every character made for the country, for independence, was extremely sad and amazing to see.
my one issue with this drama was the ending, the main female character is seen happily training others to prepare for further battle. I think the happy ending wasn't what we needed, I think we needed the true power of this character to continue til the end. the sacrifices all the people who she loved should have been recognized by the character and the ending would have been better if we had seen her in battle. the true ending did show her continued motivation to fight but it would have been much stronger to see her truly fight and avenge all the deaths that had occurred."
89,미스터션샤인,✨M✨A✨S✨T✨E✨R✨P✨I✨E✨C✨E
90,미스터션샤인,"This kdrama is here????? Alright, let me give a 5-star rating. This was the first time I watched Kim Taeri's acting and I liked her. She's also in the film The Handmaiden. She's great."
91,미스터션샤인,"""You should move forward, I will take a step back”
I wonder how Lee byung hyun make everything so good. Literally everything he is in become my favourite ❤️"
92,미스터션샤인,"masterpiece👌
*pen rewatch apadaya list tontonan masi numpuk*🤲"
93,미스터션샤인,"Bueno, bueno, esto ya está tomando forma"
94,미스터션샤인,"Primer capítulo, y me siento tan confundida porque son muchas historias, todas en diferentes años. Pero aquí vamos"
95,미스터션샤인,"Best kdrama i ever watched so far. Sebenernya nonton ini tuh karena sering banget sliweran di tl twt, and i was like ""emang sebagus apa sih kok sering banget dibahas?"". Dannn, setelah selesai nonton, gagal move on sampe 2 bulan karena BAGUS BANGET GILA. MASTERPIECE. Nyesel sih pas itu, kenapa baru nonton tahun 2020. Kemana aja saya selama dua tahun???? Dan sampe sekarang masih sering rewatch karena ya emang sebagus itu."
96,미스터션샤인,"a drama that really takes you on an emotional roller coaster

“some things cannot be destroyed even with a sword - like a righteous and passionate heart.”"
97,미스터션샤인,no words needed .
98,미스터션샤인,"When Ae-shin said sad ending she genuinely meant it.
This was easily the slowest and longest k-drama I have seen and in all honesty I only started watching it for Yoo Yoon Seok (Gu Dong Mae) because he's hot but boy was I in for a painful ride.
Mr. Sunshine was unlike any k-drama I have watched. It has this certain warm and cozy ambience that was perfectly pulled through despite the dark plot revolving around war, colonization, death, and more. The cinematography of this show made me tear up because of how exquisite, charming, and every other synonym of the word beautiful it was. Every single episode felt like a phenomenal movie. They were leisurely built up , each one of them, to make up this wonderful plot. The characters are well fucking rounded and they were all real, if that makes sense. My favorite is gotta be Hwi Seong, the rich guy who only likes beautiful things. In times of war, men were expected to be strong and were expected to fight with blood and bravery, but this man, this man who only likes flowers and the moon, completely precluded himself from this stereotype. He fought in the most powerful way he can. I love him. The women in this drama are fucking badass. Kudo Hina and Ae Shin are THE QUEENS. Insert the lovely mothers and mother figures! The last 5 episodes of this drama, where everything that was built up starts to fall down into this rumble of pain and tears and reality. It's honestly such a defining experience for me, watching the last episodes of this drama. It made me cry buckets, because of what's happening and the fact that most of them happened in real life (even worse) and the cinematography, the music (play the music box of eugene and i will start crying like a baby), the characters and their developments and their patriotism to their country, it just all went falling down on you. The romance bit was interesting, it was delicate and different and that way it was shown here was great, but I do not think it is the strongest point of the show. I personally think the bromance was better. As a Filipina, I've felt this series somehow deeper, realizing that my Filipino ancestors have probably experienced the same things having been colonized by Japan and America, such cruel times which Mr. Sunshine beautifully showed. Overall, this drama is something I will never watch again but I'm so so glad I did. This is art. A gruesome yet beautiful art that I will cherish for as long as I can remember it.
Goodbye, Mr. Sunshine.
An entry from my journal when I finished this drama
4/27/21
If anyone happens to ask me right now if I am okay or not, I am not okay. I have successfully sucked the life out of me. I am unable to feel a single thing except pain. I cried all my tears and there's none left to drop. Mr. Sunshine, what an ironic fucking title for something that will scar me for life."
99,미스터션샤인,one of the greatest masterpiece ever made
100,미스터션샤인,Gonna cry for the rest of my life
101,미스터션샤인,"taeri, i watched a historical drama for you."
102,미스터션샤인,"this #changed me as a person i cant believe i avoided it for so long xoxo (note (to my past self): it was the right decision because if I saw this years ago i would have not handled it the same way i did now. as dramatic as that sounds)
also i just want to mention that i am in fact not okay."
103,미스터션샤인,I have no tears left to cry
104,미스터션샤인,"ae-sin deserved the world. very beautiful drama, and not what i expected from the writer at all."
105,미스터션샤인,SUMPAH YA INI BAGUS BANGET DARI SEGI SINEMATOGRAFI ALUR PEMAIN eugene dongmae huiseong 😔💗💗💗 aeshin sama kudo hina kereeennnn bangett mereka ber5 keren smwa
106,미스터션샤인,"Truly beautifully written masterpiece. Everything about it was beautiful and heartbreaking at once. The story was perfect from start to finish. Chills, tears, smiles and butterflies were guaranteed. Every character was well-written and complex. Even the side character was important for the story. Perfect!"
107,미스터션샤인,"Loved everything about this drama starting from the ost to the characters acting, didn’t want the drama to end."
108,미스터션샤인,"passei os primeiros episódios sem entender nada, mas me forcei a continuar e até achei que desistiria pela quantidade e duração dos episódios e valeu muito a pena. foi até engraçado ver como de pouco em pouco todos aqui em casa paravam pra assistir comigo, inclusive um beijo pra minha mãe que não me deixou assistir um minuto do dorama sem ela. nos apaixonamos pelo dong-mae, comoção eterna!
assistir esse dorama foi sem dúvidas uma experiência familiar muito gostosa de sentir visto que minha família se une para poucas coisas nessa vida."
109,미스터션샤인,I cried my eyes out almost every episode especially towards the end . It was worth my tears but never watching a 2nd time unless I wanna feel real real PAIN. The soundtrack is god-tier too
110,미스터션샤인,LEE BYUNG-HUN AND KIM TAE RI!!!!
111,미스터션샤인,"sorry i tried, i really really tried to get through this with it being my first period piece / melodrama 
i have to say i was thoroughly invested in the initial worldbuilding and historical aspect but i really couldnt buy the romantic plotline between the two leads. stretching out the love at first sight trope with more coincidental encounters where they just longingly stare at each other =/= building chemistry."
112,미스터션샤인,"I've watched countless Korean dramas and films. This is by far my favorite drama of all time, I still cry every time I watch the last episodes. All of the characters felt so real."
113,미스터션샤인,top tier everything
114,미스터션샤인,"gun, glory, sad ending"
115,미스터션샤인,"gun, glory, sad ending~"
116,미스터션샤인,a masterpiece. no words.
117,미스터션샤인,"gun. glory and sad endings.
this will always be in my heart. never in my history to encounter this kind of tragic endings, every scene of this drama were no predictable everything in this drama was made in a clever plot. never been this so attached in historical drama but this drama made me do it. one of the best drama back in 2018!"
118,미스터션샤인,"Episode 15
I will fuckin riot what the hell is going on"
119,미스터션샤인,Plus de drama comme ça svp
120,미스터션샤인,"Really good production values, decent enough story, well acted. Enjoyable watch, but the episodes are too long, and as a result, so is the series. Partly it’s because of too many inconsequential side stories, and partly it’s because of portentous pacing. In the main story, the concluding series of shots in many of the most dramatic scenes are held about 10 beats too long."
121,미스터션샤인,the way my chest was hollow for a week after this
122,미스터션샤인,"'Mr. Sunshine' es una historia adictiva y muy triste, demasiado triste aunque sea magnífica en ello. Es una de estas historias que dejan huella si conectas con ellas, y es muy fácil conectar dada sus principales virtudes. Virtudes entre las que se encuentran una factura técnica digna de largometrajes de primer nivel, un reparto fantástico, y personajes realmente entrañables.
Una preciosa historia de amor en tiempos convulsos, en tiempos de patriotas, traidores y conflictos. Una historia política, social, y de acción. Me hubiera gustado otro final, pero el verdadero espíritu que impulsa la trama se termina imponiendo y aunque pueda pecar de nacionalista hasta rozar el propagandismo en algún punto, es la tremenda historia humana la que se impone con una fuerza cegadora al final de sus más de 30 horas de duración.
Es una inversión de tiempo importante, pero merece totalmente la pena. No creo que pueda borrarla de mi mente en mucho tiempo, me ha dejado muy tocado. Lee Eung-bok es alguien con mucho talento, firmar 'Descendientes del sol', 'Goblin' y esta maravilla, las otras dos son notables aunque tienen sus cosillas, es toda una hazaña.
Dadle una oportunidad. Una de las mejores cosas que he hecho este 2020 ha sido darle la oportunidad a los kdramas, así que este es el mejor consejo que os puedo dar."
123,미스터션샤인,"Gun,Glory,Sad ending"
124,미스터션샤인,"BRUH WHEN I SAW LEE BYUNG-HYUN AND KIM TAE-RI I HAD TO. The shots are beautiful, the script pretty damn good too. Not overly romantic and the characters are great. Loved the historical and political context and it gave an opportunity to have these beautiful costumes and sets. Got a little slow in between but the momentum picked up. Loved this show so much. Watched it a second time with my mum. Thinking of watching it again."
125,미스터션샤인,Best historical-melodrama ever produced from Korean studio.
126,미스터션샤인,Allah bin belanızı versin ya
127,미스터션샤인,Some first impressions of the opening episode. Achingly beautiful cinematography. Somewhat confusing in terms of who or what I’m watching but like Kim Tae-ri’s character proclaims these were turbulent times in Joseon. Nothing that watching more episodes can’t easily fix.
128,미스터션샤인,still thinking about Eugene and Ae Sin:')
129,미스터션샤인,I will never emotionally recover from this
130,미스터션샤인,no sense of justice
131,미스터션샤인,Kim Eun-sook's best work
132,미스터션샤인,"I've seen so many good kdramas before, but this one is definitely on a whole different level. This drama is more on the serious side since it's a mix of fiction and history, but still manage to have a lightness and wittiness in it - which hats off to the amazing writer. It's a story about patriotism and finding your own path in this world. Amazing casts and crews behind this masterpiece, the production quality is top notch! From cinematography, to acting, to writing, to soundtracks, and the list goes on!"
133,미스터션샤인,a masterpiece. my lifeline!
134,미스터션샤인,honestly loved it. love a US critical drama
135,미스터션샤인,sad ending
136,미스터션샤인,LADY AE-SIN ILY SO MUCH
137,미스터션샤인,"“Sad Endings always leave lasting impression...A sorrowful conclusion.”
DEFINITELY MASTERPIECE DRAMA. I believe nothing will top this drama. Cinematography so beautiful (pretty sure the best for drama, hands down), acting performances so good (esp Lee Byung-hun), plot wise is so good too although it's a bit long. AND DEFINITELY WILL MAKE YOU HEARTBROKEN"
138,미스터션샤인,"I just want to know who hurt the director for them to break me like this

here’s to gun, glory, and sad ending 😔✊🏻"
139,미스터션샤인,Saw this a long time ago but the ending.....
140,미스터션샤인,Great cinematography. Was too long for my liking though but got me interested in Korean history. Beautiful Kim Tae-ri.
141,미스터션샤인,i need therapy
142,미스터션샤인,"En materia de escenografía, paisajes, vestuarios y planos en general, es el mejor drama que he visto, sin embargo, la historia es lenta y a veces se hace aburrida"
143,미스터션샤인,"Masterpiece
""Gun,Glory and Sad ending""
""I wish to burn brightly, then wilt. Like a flame""
Kim tae ri❤️❤️"
144,미스터션샤인,5 stars for the heartbreaking love story of kudo hina and go aeshin
145,미스터션샤인,"Guns. Glory. Sad endings.
They weren't lying. This is the most beautiful k-drama I've watched yet in terms of cinematography. Nice score and characters too. A bit too melodramatic imo but still great product as a whole."
146,미스터션샤인,i'm speechless
147,미스터션샤인,dropped after 15 minutes. but i’ll try to watch it again lol
148,미스터션샤인,"how am I supposed to emotionally recover from this? when he said goodbye at the end, not see you again i-😭🤧💔
watched: 4/7 - 4/11"
149,미스터션샤인,"Romance yang nggak menye-menye, yang bisa bikin senyum2 sendiri. Pokoknya the best k-drama I've ever seen❤❤"
150,미스터션샤인,"eun-sook making another drama with a badass plot, but forgot to prevent a sad ending. i don’t like period dramas with so much violence, need to be average about it in my opinion. the scenes are amazing and high production, but something was missing, especially at the end. i cried watching it and got angry because of the ending. i hate me"
151,미스터션샤인,"Started on this journey on 6th April - loving the arc so far - the despair and ugliness of war ... the turmoils and tragedies of a lone country, holding fast to its independence from 3 others that want to dominate it. However, war isn't always bitter, not all suffer - the grey zone exists and we learn about History as it is reported but many things remain unsaid and buried along with the ashes of those who lived through it."
152,미스터션샤인,"Masterpiece... Nothing is comparable to this..
Very refreshing lovestory and sticked to the story
Bromance is always a good thing to watch in Kim Eun-sook dramas..
Worth watch. Don't skip it just coz many eps.. Gripping and thrilling sequences makes watch it more"
153,미스터션샤인,Im going to cry myself to sleep when i see the ending of this drama
154,미스터션샤인,"i watched this bcoz of taeri and i know a lot of veteran actors here, and i didnt know i would get a heart gripping ending like pls take responsibility for the emotional damage this caused me 😭 taeri baby why are your dramas’ endings like this"
155,미스터션샤인,"wish i could give 1000 stars :(
the ending actually shattered my heart"
156,미스터션샤인,"My personal favorite of all Korean TVs. I might be biased, but the ending.. I mean come on."
157,미스터션샤인,"This is a solid good show really liked it.
Just started watching Korean TV shows because American TV shows are getting bad especially newer ones."
158,미스터션샤인,it's a crime to dislike this drama
159,미스터션샤인,"all the best aspects are here,everything looks perfect and the series has its own uniqueness.
The part that is lacking is the part of the early episode which is too fast to understand."
160,미스터션샤인,I would like to watch this some more
161,미스터션샤인,one of my favorite shows of all time
162,미스터션샤인,YALL BETTER PAY FOR MY THERAPY
163,미스터션샤인,"Arte.
Es arte puro. Definitivamente mi drama favorito.
Es tantas cosas, es poco convencional y no sigue la misma trama repetitiva de todos los otros dramas de romance.
Esto es la cúspide del amor romántico.
La quiero ver cien mil veces más."
164,미스터션샤인,this was so precious i'm never getting over it
165,미스터션샤인,the best of k-series i've ever watched
166,미스터션샤인,"if i could choose one drama that could represent korea, this would be it. the best in like everything i swear 10/10"
167,미스터션샤인,top tier cinematography ive seen so far in kdrama
168,미스터션샤인,This felt like a huge Oscar winner coz omg.
169,미스터션샤인,"are you FUCKING KIDDING ME with this ending??? i'm devastated. this was heartbreaking. i don't know what is bigger right now, my sadness or my rage. i know it's a war themed story but i never imagined that it would be this wrenching. you can't expect me to be calm and happy after what i've just watched. that was so painful."
170,미스터션샤인,why would you do that
171,미스터션샤인,"Magnifique série d’époque. Les décors et les costumes sont sublimes. Les personnages sont extrêmement bien réussis, complexes et ambigus, surtout déchirés, Eugene et Dong-mae entre leurs deux patries, Hina entre ses convictions profondes. L’intrigue prend du temps à se mettre en place mais on n’a jamais l’impression de s’ennuyer, il y a peu de longueurs. La fin est dechirante, quoique imparfaite sur un point, la mort d’Eugene assez inexplicable et qui aurait pu finalement être évitée. Ce sera mon seul point négatif, le drama explore les thématiques du déchirement identitaire, de l’idéal des convictions, de la vengeance, et propose plusieurs pistes de réponses à travers des personnages miroir qui se répondent. Le traitement des personnages féminins est excellent et jamais très stéréotypés."
172,미스터션샤인,ganda pala ng all of us are dead
173,미스터션샤인,"[𝙉𝙊𝙏 𝙋𝙍𝙊𝙊𝙁𝙍𝙀𝘼𝘿, 𝙎𝙊 𝙋𝙊𝙎𝙎𝙄𝘽𝙇𝙀 𝙏𝙔𝙋𝙊𝙎 𝘼𝙃𝙀𝘼𝘿]
This is a must-watch, and I highly recommend this to anyone and everyone.
The show does a great job at storytelling and acting accordingly, I felt my heartstrings pulled as the story got darker and darker by the episodes. It also does an unusual thing where instead of having two men courting the MC there are three. But do NOT mistake this as a romance kdrama though it has that element to it.
Again, everything locks in place here, the acting, the cinematography, the chemistry between the characters (yes, even Gu Dong-mae though I thought of him as a bastard for quite some time. If he would have let go of his obsession with Go Ae-sin and acknowledged Kudo Hina, it would have worked, but let me digress), the backstories (I would have appreciated a little more about Hina), the OSTs, etc.

My final words will be as follows,
Love,
Gun,
Glory,
Sad Ending."
174,미스터션샤인,"i need therapy bc of them
best show i’ve ever watched 100000/10"
175,미스터션샤인,开头各方面的好，可惜后半程节奏乱了烂尾了。
176,미스터션샤인,oms pusta bente same lang kapalaran ni eugene choi at back yi-jin dahil happy ending lang pag babae partner ni kim tae-ri
177,미스터션샤인,Already one of my favorite Series of All Time.
178,미스터션샤인,shitting farting crying
179,미스터션샤인,this made me cry A LOT
180,미스터션샤인,"I was rooked for most of it but there were so many eps and they were so fck long that it lost me at the end
Is still a overall really good drama"
181,미스터션샤인,"Not very into historical period dramas but gave it a go for Kim Taeri.
The ‘secondary’ characters outshone Eugene and Aesin for me, and I wasn’t a huge fan of the pacing (and some scenes/shots dragged on foreverrrr) BUT those last 4 eps 😩😭🙃💋🤌
Dongmae really saved this drama for me. What a tragic character"
182,미스터션샤인,"guns, glory, sad ending
a masterpiece
there was so much talent here, but for me kim tae ri and yoo yeon seok stole the show"
183,미스터션샤인,"If I were to describe this story in one word, I would say it's Tragedy
If I were to describe it in 2 words , I would add Sacrifice
and if I were to add one last word , it would be Love .....
So Love leads to Sacrifice which leads to Tragedy but in the end it's worth it cause of Love itself"
184,미스터션샤인,"Putangina,,, iniwan akong wasak ng drama na to!!! Must watch pero dapat handa yung puso mo"
185,미스터션샤인,the most well-made historical k-drama of the century
186,미스터션샤인,"while watching the drama, my thought exactly went 'oh so this is the drama that costs $38.5, totally not wasted' masterpiece. everything just perfect. i got goosebumps everytime i remember scenes from this drama.

akhirnya nonton karena lagi suka2nya kim taeri, walaupun ga suka drama tema jaman kerajaan. selama nonton mikir 'ohh pantesan ngabisin biaya >500 milyar'.
'worth to watch'is not enough, this is 'have to watch'"
187,미스터션샤인,i ache all over. I LOVE THIS DRAMA SO MUCH.
188,미스터션샤인,"Grabe!!!!! Ang ganda ng cinematography, plot, at mise en scene ng drama na to. Wala ring tapon sa mga pag arte ng cast dito. Wanmilyon tawsan perpekt/10!!!!!!"
189,미스터션샤인,i tried...
190,미스터션샤인,"Ranked as the 6th highest rated drama in Korean cable TV history, Mr. Sunshine is a retelling of fictional tragedy regarding Korea’s fight for independence in early 1900.
It’s been long since I watched a series so brutally beautiful — in terms of storyline, cinematography, acting, added by likeable characters with astonishing depth and lot of action scenes. Those things made 24 long running episodes worth watching. One of the best korean drama I’ve ever watched. If you like game of thrones or movie like last samurai and don’t mind with the lack of skinship and dark-serious movie tone, this one may be for you!"
191,미스터션샤인,yoo yeonseok's japanese right hand man is the hottest ronin ive ever seen
192,미스터션샤인,"My type of Kdrama! Instead of just pure romance, the series focuses a lot in its depiction of history without making it overly sappy. I was hooked, but not just because of the main pair, but because of the story itself."
193,미스터션샤인,on the 3rd episode and omg the “what is love?” scene😭 at this point though it’s going quite slow
194,미스터션샤인,Hard to get into and quite slow at the start but I’m glad I kept watching
195,미스터션샤인,"Wem die Realverfilmung von Mulan nicht gefallen hat, der kommt eventuell bei Mr. Sunshine auf seine Kosten. Die Serie spielt im Korea des späten 19. Jahrhunderts und thematisiert die Frage der Selbstbestimmung des kleinen Landes und die Rolle einer jungen Frau in der Gesellschaft.
Die Serie kommt zwar mit sehr viel Schmalz daher, hat aber einen wirklich herausragenden Look und sehr charismatische Hauptfiguren. Wer also über eine Vielzahl an schmachtenden Blicken und faustdicke Schnulzenklischees hinwegblicken kann, oder sogar genau das sucht, der sollte hier zuschlagen.
Edit: Nachdem ich die Serie nun auch beendet habe gibt es ein Upgrade von 3,5 auf 4,5 Sterne. Was ein traurig schönes Ende.
- Niklas"
196,미스터션샤인,"i'm about to give 2 for the ENDING omg i'm this close to curse yall but i'm afraid i'd get s word so ... ok yaallah ni tiga masketir yaallah astaghfirullah tau gksie kyk udh cakep bngt trs reaksi lu cm kyk yaaallah udh gt aj ... I MEAN LOOK AT ALL THE PLAYS ... they're LITERAL GOLDS. i love my woman so much omg miss kudo hina let me BARKKKKKK you're just material gworl independent superwoman. KYKKK MAAANN why it's such a rare sight to see people talking abt this series omg both the production cost, story, plays, emotions, and characters are ROYALS. BOLD royals. eh ini tuh romance bukan yang menye menye tapi romance dewasa ... apik banget. acceptance. sacrifices. tp sm aj my heart TORNNNNNNN man i hate you but i'm so fond of this series, ily"
197,미스터션샤인,Gun. Glory. Sad ending
198,미스터션샤인,2.5扣在拍得太冗長跟過多無意義空鏡跟互相凝視。
199,미스터션샤인,"we love a good historical drama! they really  don’t make em like this anymore!!! 
definitely a flawed plot that seems to get lost in itself occasionally and doesn’t seem to have consistent pacing but i honestly still loved it and was ok with the ending for the most part. overall it was enjoyable and had an abundance of scenes and lines that had me sobbing! gagging! clutching my proverbial pearls! and i developed a deep fondness for many of the characters (per usual) but surprisingly their relationships as well even with the frustrations and complications added by social status. and pls… all the yearning, self sacrifice, scheming, honor … i ate it all up! 
despite the expected romanticization and handful of historical inaccuracies, i loved the strength and resilience of the masses, the casting away of petty b aspirations in favor of armed struggle, the power of peoples press, the recognition of the importance of every role and person in the movement and much more i cant remember to name at the moment. don’t want to give the show too much credit tho. i was also v glad to learn of the righteous armies and i hope to do some more research on them. 
last remarks: i love to see kim taeri being sexy in suits i would do anything for her. and fuck imperialism ❤️‍🔥✊🏼
will be rewatching this fs"
200,미스터션샤인,dong mae i would die for you
201,미스터션샤인,when i see the japanese army it’s on sight.
202,미스터션샤인,Todo es dolor desde la muerte de dongmae
203,미스터션샤인,Absolutely loved this kdrama
204,미스터션샤인,"Currently watching.
An unfortunate title, that isn't comprehensible until episode 10, according to the forum on MyDramaList.
I am only up to episode 9 so far, and even given the odd title, I think this is the kdrama that I have enjoyed most out of the couple dozen (?) I've watched so far.
It has all the characteristics of kdrama - moments of emotion are as important as moments of action, action sequences are completely unrealistic, and as long as you stay away from horror, the good guys will win but suffer emotionally at the end. You know that. But the acting is quite good, the actors are gorgeous, as is the scenery, and the story is satisfying to one's built in sense of justice.
Fun in other words."
205,미스터션샤인,"i finally finished this and let me tell you,,, W O W 😭"
206,미스터션샤인,10/10. A masterpiece through and through.
207,미스터션샤인,"""gun, glory, sad ending""
and i never healed from this pain"
208,미스터션샤인,"I forbid to do such a sad things at the world level!

goodbye, mr. sunshine"
209,미스터션샤인,"This show shattered me. I was hesitating to watch it because it was set on a historical period but never have I been so glad that I did. It got me glued to my seat right from the first episode.
All characters especially the five main characters were brilliantly written. They lead very different lives, made different choices, wanted different things yet somehow, every single time, their paths entangle with each other. Most of them died a sad, painful death yet I felt that in their final moments they were content with the choices they made in their lifetime. These kind of shows or films where the main characters exude a fierce, seemingly undying passion always break my heart and soul. I will always be just me, living life day by day, chasing fleeting moments of emotion, and waiting for my demise and that's completely fine. It doesn't bother me in any way, I love and I have no complaints with how I live my life. Yet everytime I come across a show like this, a show where the people move me beyond the walls I've built around myself emotionally, I start to wonder if I could ever be that passionate in my life, if I could ever carry a flame that bright inside my heart. However, every time, every single time I wonder, it just ends up in tears. I will always be grateful to shows like these for gifting me fleeting moments of vulnerability that I could not give myself even if I tried. If I could magically forget everything, I'd love to watch this again for the first time.
Thanks for the flame, Mr. Sunshine."
210,미스터션샤인,WHY DOESN’T KIM EUN-SOOK MAKE MORE DRAMAS LIKE THIS OMG
211,미스터션샤인,Episode 11 Rewatched just to feel something
212,미스터션샤인,probably one of the most beautiful shows I have ever seen.
213,미스터션샤인,Absolutely gut wrenching
214,미스터션샤인,watching this kdrama changed my life. i never felt so much love between two characters and i completely fell in love with the story. when i finished it i was devastated for weeks. it’s literally one of the best things i ever watched and i would recommend it to everyone
215,미스터션샤인,Well that’ll hollow out your chest
216,미스터션샤인,"I wonder how much more enjoyable K-Dramas would be if all the characters had a smidge of common sense and could use context clues like the characters in this one.
So well written and beautiful and devastating.
I had never considered Lee Byung-hun to be a romantic or funny actor, but Eugene Choi really changed my mind. Not quite his relationship with with Go Ae-Shin (though I did adore it), but just his general demeanor and comedic timing.
I don't think I'll revisit this drama (because of the HEARTBREAK), but I will appreciate the time I spent watching it."
217,미스터션샤인,lee eung bok you are a genius
218,미스터션샤인,"""Unbearble"" love"
219,미스터션샤인,"interesting story and great acting, but a little bit childish script.."
220,미스터션샤인,a country can only fall with help from within
221,미스터션샤인,Best kdrama ever
222,미스터션샤인,"eu nunca sofri tanto por dois personagens como eu sofri pela hina e pelo dongmae….eu amei a dinâmica dos dois na série, gostaria que tivessem explorado mais essa relação
talvez seja meu drama sul-coreano favorito
fiquei triste com final, mas achei apropriado para o que o drama estava propondo
não gostei muito da personagem da kim taeri, ela pareceu imaculada demais"
223,미스터션샤인,no words needed
224,미스터션샤인,"kim taeri, kim minjung, and byun yohan my big three"
225,미스터션샤인,"You should protect your country, Joseon, and I will protect you. This is my history and i've decided to do this.
a masterpiece. all about this series were perfect but i would never rewatch it"
226,미스터션샤인,"currrently 7 episodes in and id say it's like your favorite fictional period novel got an adaptation. the level of detail was uncompromising, chef kiss"
227,미스터션샤인,my all time favorite k-drama
228,미스터션샤인,i cried <///3 also hina's outfits??? BANGERS!!
229,미스터션샤인,"This is the best kdrama i ever watched . Tha cast , the plot , the acting , the cinematography all was fucking perfect"
230,미스터션샤인,"Once upon a time, in the far away land of Joseon, there was an American-Joseon man, a Japanese-Joseon man, a handsome-Joseon man, a noble woman, a hotel woman , a gun master, a pottery master, a translator, two pawn shop owners and two servants, they laughed, they loved, they drank and they fought for their country until death did them part...
Sageuk dramas aren't usually my cup of tea, but this one was wonderful, from the stellar cast to the sets, costumes, world building, characters etc everything looked and felt good. I wish it was a few episodes shorter because it was dragging somewhere in the middle, and then picked up the pace and became a little bit chaotic. I also didn't like how they left almost all the deaths for the last episode and thus gave the viewers litterally no time to ""mourn"" so many beloved characters. Nevertheless it was an enjoyable ride with so many funny and memorable moments"
231,미스터션샤인,falam que é otimo mas sei la achei chatinho pq é historico e dropei. quem sabe se um dia eu passar a gostar de doramas historicos eu dou outra chance
232,미스터션샤인,"i love old tragic romance, but this one was a little too tragic.."
233,미스터션샤인,나의 최애 우리나라 드라마
234,미스터션샤인,"I have to start off saying that I'm torn between 3 1/2 and 4 stars, but tending towards the former for one simple reason: the pilot is by far the worst episode of all the show, and if I hadn't seen all the positive reviews beforehand I probably would have dropped this at the start. This is a major flaw for a tv series. The pilot should be interesting, engaging, and straightforward; Mr. Sunshine's pilot is excruciatingly slow and very confusing when it comes to presenting too many characters and their relationships and intrigues.

The Bad
1) The melodramatic montage – inevitably connected to the exaggerated length of the episodes which could have been avoided with quicker cuts and without useless repetitions. The flashbacks are also lengthy and some images are repeated way too many times, e.g. the shoe of Eugene's mother in the well – I've seen that again and again. Sometimes it's more efficient to convey nostalgia, regret, anger and other emotions through a simple expression or reaction and an object found in the present rather than constantly going back to memories.
2) The foreign actors (non-Asian). They're all pretty bad in all honesty. At the risk of sounding pretentious and fussy, those random accents are really disillusioning, and the performances are mediocre. It's obvious they weren't given as much importance, but the colored contact lenses on David Lee McInnis to make him more American is such a stupid move. Either use a different actor, or just leave him as he is. He's half-Asian, so what? I'd have preferred actors with dark hair and eyes but credible accents.
3) The title. ""Mr. Sunshine"" only connects to Go Ae-sin's learning of English, but they're really just two random words she utters that don't have a meaning within the story or as referring to Eugene.

The Neutral
1) Historical truthfulness. The context and some details of it are real (the Japanese occupation, the existence of the Righteous Army), everything else is romanticized, a few things are inaccurate.
2) Goo Dong-Mae and the Black Dragon society. This ultranationalist group from Japan really existed and dispatched agents in Korea as well as Manchuria, Russia and China, and although it started off mainly as an anti-Russian network, the Japanese Army made use of the group during the annexation of Korea too. But with Korean-born Goo Dong-Mae leading his Japanese men in Hanseong (Seoul), it's never clear what exactly they are doing there and where they stand, especially with Dong-Mae switching sides from resenting Korea to helping some people he cares about. Another big question mark is how a Korean-born man was accepted and had a high rank in a Japanese ultranationalist group in those times.
3) The score. Not an especially varied and juicy repertoire, I was getting a bit tired of hearing the same songs and the more modern-sounding, k-pop pieces really did not fit the period drama.

The Good
1) Lee Byung-hun, Kim Tae-ri, Byun Yo-han, Kim Min-jung and more are all convincing and manage to emotionally involve the audience with their performances. At least, I was never tired of watching them switch between comedy and melodrama and crying on cue. It's still a k-drama, but I've seen much worse.
2) The ""binging potential"". The emotional baggage of the story, the exploration of different themes, the evolution of very human characters and the harmony between the main Five acting in their own self-interest, with no inherent moral attributes, but gradually growing fond of each other and becoming comrades (or lovers). I especially loved Kim Hui-Seong; although he wasn't a protagonist, his construction and evolution surpass everyone else's, and Byun Yo-Han played it excellently.
3) The period pieces, costumes, and sets. The credibility and vastness of the world, the immense work behind historical reconstruction.
4) The cinematography. Aided by the construction of the sets, the images are always balanced and atmospheric, but also well-thought. I appreciated the shifts between beautiful landscape or wide shots, medium shots of character-focused moments and a more direct and grounded attention to details and objects."
235,미스터션샤인,"“Gun, Glory, Sad ending.”
such a roller coaster of emotions troughtout the whole series. everything eventually came full circle, it was really neat to see each situation play out. excellent cast too, i swear to God 5 star isn’t enough for this one, i need hundreds of stars... my all time fav kdrama bless whoever added this to letterboxd"
236,미스터션샤인,Best historical drama. The relationship between Go Ae-shin and these three male characters is very strong. Romance stories in this drama can sometimes be sweet romance stories and can also be good romance stories.
237,미스터션샤인,legally obligated to watch if born in Korea
238,미스터션샤인,"This was my first real kdrama and it’s just beautiful. Stunning. Plus Kim Tae-ri, duh."
239,미스터션샤인,"Can't believe i already finished this? 😭
I truly cannot describe how I'm feeling right now. This drama has a lot of amazing things. This literally has all the genres, such as action, thriller, comedy, romance and melodrama you can include horror to if you want to. Very expertly directed and tightly written screenplay. the scenery are so aesthetically pleasing, the cinematography are very fascinating and fuckin well shot, they managed in every angel so perfectly spot on. The story plot is incredibly good and very very interesting, it really makes me get involved in the story and I really feel the tension in every episode but it nearly doesn't arouse curiosity towards their next action. But it doesn't even make me feel annoyed. I must be honest, in some particular cases there were some issues that I didn't catch it, but as you keep continuing the episodes, you'll understand it by yourself. The characters, oh no they are spectacularly mind blowing well played, Especially my golden major cast, Lee Byung Hyun as old selfless Joseon slave boy who became an American soldier Eugene choi, Kim tae ri as determined talented gunner Go Ae Sin, Yeo Yeon Seok as an arrogant passionate Japanese samurai Go Dong Mae, Kim min jung as a badass intelligent hotel owner and has indescribable traits Hina Kudo, and my most fav character byun yo han as cheerfully brave son of a second rich family in Joseon Kim Hee Sung. They were all loyal to different causes and yet that bound their journeys together. The soundtracks? superior!, it's so beautiful yet sad at the same time. Gosh i love this movie with all my heart, this gave me so much emotions that me, myself can't even understand it hzhz. I strongly recommend this to all of you and i must not hesitate to convince all of you that it will change the way you see kdrama after watching this. and for all the crew, staff and of course my fav director Lee eung bok and talented screenwriter Kim Eun Sook who made this happen. Definitely goes into my Top 3 kdrama of all time and will always be. Thank you so so much.. i will never recover from this i fear wml lol :'
""Gun, Glory, Sad ending"""
240,미스터션샤인,"visually pleasing and very well written.

though I do think our female lead can independently shine with or without her romantic interests. Hina and Aeshin— oh I wish we've gotten more of them together.
and as always, Kim Taeri delivered greatness."
241,미스터션샤인,"Epsiode 11 -
""why did you do that?"".
""so I can see you turn to me one last time""
Gonna keep re-loging this and convince y'all to watch this masterpiece.."
242,미스터션샤인,Guns. Glory. Sad Endings
243,미스터션샤인,Currently in episode 3 and i already consider this is one of my fav kdrama 🤍
244,미스터션샤인,There are no words
245,미스터션샤인,"Salah satu masterpiece untuk para pecinta drakor,not a big fan of sageuk drama tbh. Cuman karena memang sepenasaran itu aja ini drama. Kek setiap ditanya fav kdrama all the time pasti tetap nyempil si Mr Sunshine
Dan memang sebagus itu dong,even lumayan panjang 24 eps tapi ga yang bikin boring,di sambut dengan cinematography yang bagus"" dan karakter nya semua acting nya juga mantep banget!
Overall memang ini drama recommended banget bagi para pecinta kdrama!"
246,미스터션샤인,it includes Lee Byunhyun. Not his best but still love and enjoyable.
247,미스터션샤인,This drama!!!! Is so beautiful!!!! Watched this back when it was airing and I remember looking forward to every new episode. I loved all of the characters in this drama but Gu Dong-Mae was definitely my fav
248,미스터션샤인,Episode 22
249,미스터션샤인,Episode 21
250,미스터션샤인,Episode 19
251,미스터션샤인,Episode 13
252,미스터션샤인,Episode 12
253,미스터션샤인,Episode 11
254,미스터션샤인,Episodes 9 and 10
255,미스터션샤인,Episode 8
256,미스터션샤인,Episode 7
257,미스터션샤인,Episodes 5 and 6
258,미스터션샤인,Episode 4
259,미스터션샤인,Episode 3
260,미스터션샤인,Episode 2
261,미스터션샤인,Really really good! All the characters are likeable and compelling for the audience; i.e none of them are boring. If you like history and tragedy… this is the one for you 💯💯
262,미스터션샤인,"Gun, Glory, Sad Ending."
263,미스터션샤인,i'm not going to do one for each episode bc that would be way too much but as of episode two i gotta say this is truly one of the best kdramas i have ever watched. even if you don't like kdramas i HIGHLY recommend
264,미스터션샤인,My favorite kdrama!!!!
265,미스터션샤인,if you didnt cry on 24th episode.. you really had an issue
266,미스터션샤인,one of the best dramas i’ve ever seen
267,미스터션샤인,damn
268,미스터션샤인,BEST PERIOD/HISTORICAL KOREAN DRAMA. LEGIT IS A TEARJERKER DRAMA.
269,미스터션샤인,En realidad son cinco estrellas pero les doy dos porque le hicieron llorar a mi mamá y nadie tiene el derecho de hacer llorar a mi mamá
270,미스터션샤인,14 Juli -
271,미스터션샤인,"talented, brilliant, incredible, amazing, show-stopping, spectacular, never-the-same, totally unique, completely-not-ever-been-done-before"
272,미스터션샤인,oy babo
273,미스터션샤인,The VISUALS in this show was everything! The storytelling and pacing was also phenomenal.
274,미스터션샤인,trem bom trem bem feito
275,미스터션샤인,"In 1871, a Joseon boy boards an American warship and goes to America. During a turning point in history, he returns to Joseon as an American soldier stationed in the country. Later, Eugene falls for a noblewoman named Ae Sin, who protects her country by joining The Righteous Army. Along with Dong Mae and Hui Seong, the three of them try to help Ae Sin in their power.
Mr. Sunshine amazes me in every aspect such as profound storytelling of love, friendship, and patriotism, splendid cinematography, the phenomenal performance of each character, perfect amount of humor, and even beautiful soundtrack and scoring music. This drama deserves its hype and critical acclaim! No wonder people keep saying that Mr. Sunshine is a masterpiece! I totally agree and without a doubt, I'd say that this is one of the best Korean dramas I've ever watched!
It's an epic historical-romance-melodrama without a single kissing scene. Still, I can feel the chemistry between the characters. It's a tragic and heartbreaking story as I cried so hard towards the end. I know how the story will end, but it still breaks me."
276,미스터션샤인,a story of patriotism and cross-cultural identity. every character is important in some way and has a well-written story arc. solid ending. feels a little like propaganda sometimes but it’s fine.
277,미스터션샤인,One of the best.
278,미스터션샤인,KIM TAE RIII LEE BYUNG HYUNNNN
279,미스터션샤인,I LOVE EVERYTHING ABOUT THIS KDRAMAAAAAAA
280,미스터션샤인,"rekindled the violent obsession i had with kim tae ri & yoo yeon-seok thank u very much thank u thank u



this is a peak bisexual experience HAVE YOU SEEN GOO DONG MAE"
281,미스터션샤인,"Aan begonnen, maar nooit verder gekeken.
Misschien toch nog maar eens doen, want ik herinner me wel de mooie beelden!"
282,미스터션샤인,Watched the first episode in class and really really enjoyed it. I don’t know if I’ll end up watching the rest of show but as a K-drama it really does well at using tropes from that genre to its benefit.
283,미스터션샤인,my ultimate fav of all the time a masterpiece of korean television and idc about the rest
284,미스터션샤인,"A Masterpiece. Gak ada celah, sumpah bagus banget. Setelah nonton drama ini, standar drama gue mendadak tinggi. Drama lain serasa kebanting semua. Dan yg pasti, move on nya lama. Dari segi akting pemain, sinematografi, alur cerita, perkembangan karakter, sampe ost dan bgm, semua nya juara. Lu bakal ngerasain berbagai macam emosi. Terutama, lu bakal dikoyak masalah nasionalisme campur persahabatan, yg gue yakin gak bakal lu dapetin pengalaman ajaibnya di drama lain. Dialog-dialognya indah dan meaningful. Dengan romance tipis-tipis yg aduhai. Dan ... karakterisasinya yang mostly strong itu bener-bener meninggalkan kesan mendalam. Arghhh I really love this one."
285,미스터션샤인,god tier shit
286,미스터션샤인,the chemistry between kim tae-ri and byun yo-han is too powerful i fear...
287,미스터션샤인,I CANT BELIEVE LETTERBOXD ADD THIS OMFG that’s just the best kdrama 🙏🙏🙏
288,미스터션샤인,"if E is for Eugene then M is for Mr. Sunshine best drama, best cinematography, best direction, best acting, best screenplay, best soundtrack and best everything"
289,미스터션샤인,اريد انطي اعلى تقيم ممكن بس اعلى شي 5 يعني لو اقدر كان خليت 1000
