,title,reviews
0,MyFuxxxxxRomance,i hate men. i like mean women.
1,MyFuxxxxxRomance,cant remember much about this bc i binged it at 4am but men are trash and her friend was awfulllllll
2,MyFuxxxxxRomance,i watched it a long time ago and at 4 am to me it was GOOD IDC!!! her friend was in love with haaa or whatever...and men can eat shit
3,MyFuxxxxxRomance,"Taking in consideration the short amount of time for each episode, it was a pretty decent story
You can understand the plot and followed the characters' actions. They were some inconsistencies but it has great acting.
I did feel off when Hyun said she wasn't the victim, when she was the one being played. But I understand that if you see the bigger picture, that kinda make sense.
There isn't a ""real"" victim, when everyone knew how each other was, and what their actions affected others. That's the deal with relationships.
It was a good drama"
