,title,reviews
0,나빌레라,"Suicidal thoughts postponed
I want to achieve my dream first"
1,나빌레라,"best kdramas of 2021 so far. thank you for writing this beautiful story.
song kang, i'm new fan. gonna watch ur entire filmography"
2,나빌레라,"""Watching Chae-rok and Mr. Sim, I learned something new, how two people can have each other's back. Now I know that I couldn't have done any of it alone.""
It was a good experience watching Navillera. I learned a lot of lessons. Dreams are for everyone... no matter how, where or when you start, all what matters is that we try to achieve it, it’s ok if it takes a long time, you have all the time in this world to soar."
3,나빌레라,the scene of chaerok dancing in the snow for grandpa was beautiful
4,나빌레라,chae-rok te amo
5,나빌레라,"AND THEY DID IT, THEY SOARED LIKE EAGELS I'M NOT OKAY"
6,나빌레라,Inspiring and uplifting. Navillera menghadirkan perjalanan kedua karakter yang penuh dengan pelajaran hidup yang berarti. Semua pemain solid. Satu lagi kdrama yang *chef's kiss*.
7,나빌레라,everything about this show is beautiful. i love you mr and mrs sim :( <3
8,나빌레라,"""i want to soar at least once in my life.""
such a heartwarming and healing story, and easily one of my favorite dramas of all time. gonna be one of these dramas i'm gonna rewatch whenever i feel like i need comfort and a warm hug. maybe one of these days we'll all be able to soar just like our amazing and kind (and everyone's grandpa) sim deok chul and our beautiful and talented lee chaerok ♡
""did you soar?"" ㅡ ""yes."""
9,나빌레라,"Kdrama
12 episodes

Inspiring journey of a old man to become a ballet dancer.
Heartwarming Emotional drama❤️👌
⭐️3.75/5"
10,나빌레라,"“I want to soar at least once in my lifetime.”
truly a melancholic experience i’ll never forget, the most beautiful 756 minutes ever.
i felt such a connection with haenam since she reminded me of my grandmother, best character :("
11,나빌레라,The story is beautiful and I love how the characters are developing and evolving
12,나빌레라,This drama was so comforting I loved the characters evolution towards acceptance and the plot (song kang in fitted T-shirt) was so heartwarming 🥺
13,나빌레라,"28. Navillera (2021)
An important drama of the year whose not only give healing and comfort but also teach you to not giving up your dream despite your age or your incapabilities before you try. Beautiful drama with a good writings and storytelling. Did you cry? I did. (4/5)"
14,나빌레라,"all i wanted was to see ballerino song kang but i got tears instead, would recommend"
15,나빌레라,did you soar?
16,나빌레라,"ah yes, i cried for three hours straight"
17,나빌레라,butterfly by bts playing in the background as we speak
18,나빌레라,i hope you all find what makes u happy :)
19,나빌레라,beyond evil ile birlikte bu yılki favorim bu oldu
20,나빌레라,"korean 🇰🇷
🌕2021 ranked
I want to soar at least once in my lifetime.
so heartwarming and uplifting! other than the main leads, i love how every other side character is developed so well and you care for their backstories and happiness. deokchul will always be the most magnificent swan 💖🦢"
21,나빌레라,started crying in the first 5 minutes and never stopped after that
22,나빌레라,the most beautiful show i’m bawling
23,나빌레라,"I cried for 12 episode straight.
Thank you for your amazing performance, Park Il-hwan
Thank you for the life lessons, ‘Navillera’."
24,나빌레라,song kang supremacy
25,나빌레라,"IM NOT OKAY
cried about every five minutes in every episode. you watch two unlikely partners change for the better. lee chae-rok finds emotion and passion in his art again all while helping mr. sim achieve a dream he’s had for decades. i cant write a review that does this drama justice but as someone who is majoring in dance and falls apart at the sight of wholesome elderly, i will say this drama hits very different❤️"
26,나빌레라,"A nostalgic travel through losses, hardships and dreams.
We miss korean dramas with a slice of life on it and Navillera came to hit us harder than ever and while the story can look simple it has a lot of heart on it.
Acting was great, the leads had a lot of chemistry and so far Navillera is one of the best Live Action Netflix gave us!
My score: 8.5/10, is not higher because I gave a better score to ""Dazzling"" and I still think that one was better so it would be unfair but still worth watching every minute."
27,나빌레라,"One of the best dramas i've seen so far. Endearing and heartwarming, it shows a very beautiful and, seemingly, unlikely friendship.
Loved every minute of it (also cried a lot, but that was expected)."
28,나빌레라,"Untungnya episodenya pendek, jadi pas. Sekilas cheesy, tp tema yg dibawakan tuh, wahhh, bikin hati anget. Soal ambisi, ekspektasi, hidup di usia senja, makna hidup, dll. Ini engga booming ya? Padahal bagus banget."
29,나빌레라,If you only ever watch one kdrama in your life then make sure it's this one
30,나빌레라,I'm a sucker for unlikely friendships !
31,나빌레라,Dari posternya tu aku udah tau kalo aku bakal nangis di sepanjang episode. Bersyukur cuma sampe 12 episode doang dan jd makin ngefans ma Song Kang ❤❤❤❤❤
32,나빌레라,best one from song kang yet
33,나빌레라,pussy clenching everytime song kang's forehead was shown
34,나빌레라,"I like this show so much 
Id wait every week for a new ep to come out i cried so much when it ended 
I fr thought i was gon die 😭😭"
35,나빌레라,now if yall excuse me imma tattoo that swan lake performance on my forehead real quick
36,나빌레라,If I got hit buy a bus rn and died I would be okay bc I know I finished the navillera series I am content
37,나빌레라,"Hidup cuma sekali, jangan takut bermimpi dan lakukan apa yang bikin kamu bahagia, sama seperti kakek Deok-chul yang punya cita-cita jadi penari balet walaupun udah lansia. Kisahnya, serta narasi subtil yang memotret hidup tiap anggota keluarga berikan inspirasi, kehangatan, dan yang paling penting, harapan."
38,나빌레라,"Absolutely beautiful and heartbreaking, never watched anything like it. I'd say I'd rewatch but I couldn't stand the heartbreak all over again. What ChaeRok's and DeokChuk's relationship ended up becoming is something that can be so personal. Truly a heartwarming story."
39,나빌레라,"""Mom, dad, what should I do now?""
Asked the 75 year old man who solely just wants to fulfill his childhood dream, to dance ballet, while sitting on park bench crying after coming from the hospital and hearing his diagnosis."
40,나빌레라,About a friendship between a 23 year old ballerino with a 70 year old man who just started learning ballet. Very tear-jerking and I cried so much every episodes. This is sooo beautiful and heartwarming. What a masterpiece!
41,나빌레라,old men make me cry
42,나빌레라,I don't cry over series or movies. Unless there's an animal involved. But I sure got pretty close to bawling my eyes ouy. Such a bittersweet heartwarming story about a grandpa chasing his dreams.
43,나빌레라,lowkey gay coded
44,나빌레라,"i actually loved this drama
i cried a lot because of it and got really attached and into it when watching
it was new for me because i had never watched a drama that included ballet before but it was refreshing and i really liked it :)"
45,나빌레라,"It was a good storyline!
But it’s not in my top 10"
46,나빌레라,"While it was a beautiful drama and had a great cast, I felt like parts dragged. Kim Kwon's character seemed underutilized. The whole story seemed a little loose.
*SHINee OST"
47,나빌레라,"Qué precioso mensaje tiene esta serie💜, no pensé que lloraría pero en el último capítulo no aguanté las lágrimas😭😭. Qué amistad hermosa la de Chae-Rok y Sim 💖💖💖 Al fin y al cabo, hay que hacer lo que a uno le hace feliz sin importar el qué dirán💛"
48,나빌레라,se lagrimas servirem de skincare a minha ta em dia parças
49,나빌레라,i'm crying like a baby and i love it!!!!!!! so heartbreaking and beautiful at the same time... god i'm gonna miss chae-rok and deok-chul so much
50,나빌레라,"Drakor Ter-Healing di tahun ini!

Menaruh plot dimana perjuangan sang Balerino dalam menggapai mimpi.
memperlihatkan perjuangan, persahabatan, kasih, keputus-asaan, hingga proses dalam mensyukuri Hidup.
Dibumbui dengan drama kekeluargaan yang menyayat sekaligus menghangatkan Hati.
Good Plot, Cute story, Good act , Best Chemistry.
Membuat Drama ini hampir mendekati kata sempurna.
Salam Sayang untuk
Song Kang dan Kakek In-hwan."
51,나빌레라,"Daamnnn every scene had me teared different tears 😭 sometimes it's so touching then joyful to tearing. The bigger picture is quite predictable and some might see it as ""cliché"" yet the details, every single detail of the characters' daily life making the plot unquestionably vivid and feels very real indeed. It needs more than mere 12 episodes!!!"
52,나빌레라,"love how this is not just a tale of a 70 yo aspiring ballerino but about broken dreams, chasing dreams, and everything about dreams really"
53,나빌레라,"Crying like a baby :(
This drama is so beautiful ♡."
54,나빌레라,Song kang paamoy
55,나빌레라,It can get a bit boring but the sentiment is there. Anyone who's had a family member with dementia or Alzheimer's will relate.
56,나빌레라,Literally cried during every single episode.
57,나빌레라,Wholesome
58,나빌레라,so so beautiful. got me crying like a baby
59,나빌레라,amazing performance from both actors and idk why is this so underrated like why don't you like song kang dressed in tutu and danced ballet
60,나빌레라,song kang best kdrama
61,나빌레라,"I liked this kdrama, but I also felt like it was a little bit too slow for my liking. Considering the genre, that's probably why. It was super cute, but also a bit boring :,)"
62,나빌레라,"Wholesome asf.
Was everything I needed."
63,나빌레라,MUITO FOFO LINDO BONITO OBRA PRIMA
64,나빌레라,literally the best drama I’ve seen yet. Love love loved it. So wonderful
65,나빌레라,um dos melhores doramas q ja vi
66,나빌레라,"Hands down the best Korean drama I've ever seen.
I cried every episode and it got me so excited.
I loved all the characters, their growth and their relationships. I highly recommend it because it deals with very beautiful and profound themes, and in a sobering way. I will definitely see him again."
67,나빌레라,"that grandpa make me cry so much, i don't like him, he's too cute"
68,나빌레라,*sobs uncontrollably*
69,나빌레라,😭😭😭😭😭😭😭😭😭😭
70,나빌레라,Song Kang you are so meow meow shaped
71,나빌레라,"Wau, creo que he llorado en todos los capítulos. Es de verdad una historia que inspira un montón. Esta serie me llegó en el momento indicado y su mensaje más importante es: todos podemos cumplir nuestros sueños sin importar cuánto tiempo haya pasado. 
El personaje del señor Sim me enterneció demasiado, inspiraba a todos y sacaba lo mejor de ellos, sobre todo de Chae-rok. El que se esforzara por bailar ballet a los 70, que incluso lo haya hecho con Alzheimer es sorprendente. Le doy todos los aplausos del mundo al actor porque qué difícil debe haber sido aprender ballet y además me transmitió totalmente. 
Me gustó mucho el desarrollo del personaje de Chae-rok, pasó de ser una persona fría y un poco desorientada a ser el apoyo del señor Sim, lo apoyó hasta el final para que cumpliera su sueño y él también cumplió los suyos. Song kang lo hizo excelente y Dios, realmente parecía un bailarín profesional de ballet, de lejos creo que el mejor personaje que ha hecho.
La esposa del señor Sim, Haenam, era yam tierna, a pesar de al principio no apoyarlo con el ballet, luego fue la primera en impulsarlo para que lo lograra. Y la forma en que se trataban era demasiado tierna, sentía amor a pesar de la edad. Me transmitió mucho también cuando se enteró de la enfermedad de su esposo.
En general siento que todos los personajes han transmitido muy bien sus emociones, los hijos del señor Sim, los esposos de sus hijos, la nieta. 
Creo que la parte más emotiva fue cuando cada uno se entera de la enfermedad y también el momento en el que se presentan en el escenario y obvio cada vez que él olvidaba alguna cosas. 
Pude aprender un poco más del Alzheimer, del ballet, de cómo dos personas pueden aprender del otro y complementarse y sobre todo creo que me he llevado un estupendo mensaje, por ello mi puntaje."
72,나빌레라,do meu ponto de vista pessoal é uma obra prima (isabela boscov saying this)
73,나빌레라,mt linda a história chorei horrores
74,나빌레라,"Sim Deok-chum: Volaste?
Yo: 🥺"
75,나빌레라,My favorite song kang drama. Napakagaling niya dito every episode was beautiful. My most recommended slice of life drama.
76,나빌레라,"I don't have words to describe this wonderful k-drama. It's one of those stories that will always be a part of me, some of those characters I'll always remember. I bet that many years from now I'll recall this story and feel the same overwhelming yet beautiful and so so human feelings once again.
The best production I watched on 2021, without a doubt."
77,나빌레라,i cried every episode (in a good way)
78,나빌레라,"This is the best series I watched on 2021 by far, the message that you can follow your dreams no matter your age is so touching. It was my first K-Drama and what an awesome surprise! Now I'm looking for new K-Dramas :)"
79,나빌레라,Nice plot and love interest but it was just boring after like episode 4.
80,나빌레라,"Reseña objetiva: 😭😭😭😭😭❤️❤️❤️❤️❤️
volaron🥰"
81,나빌레라,"الدراما الأفضل والأروع والألطف والأكمل لعام 2021♥️
قصة دافئة عن صداقة يتم تطويرها بين شاب وكبير في السن ممزوجة بالميلودراما وبعض اللحظات العائلية♥️،جهزوا كرتون مناديل من الآن:)
الموسيقى التصويرية كانت لطيفة والإخراج ممتاز خصوصًا في مشاهد الباليه الساحرة♥️
الحبكة وتداخل الشخصيات وماضيهم وقصصهم كلها مبنية بشكل جيد♥️
بالنسبة للشخصيات فهم اختاروا أفضل شخصيتين للدور:)
بارك إن هوان بشخصية الرجل العجوز: تمثيله مؤثر جدًا وحتى لو لم يفعل شيئًا أشعر برغبة في البكاء😿😿،حسسني بالإلهام والفرح والحزن والأمل. 
وعلاقته الأسرية:( تخليه عن حلمه ثم تضحيته به من أجل أبناءه:( آهخ ما كانت تبدأ مقاطعه إلا وأنا غارقة في دموعي:(
سونق كانق بشخصية راقِص الباليه مُتفجر الشباب:
هو فعليًا كان مُناسب للدور بطريقة غريبة لدرجة إني مش متخيلة غيره يقوم بالدور:) تمثيله كان جيد وجيد جدًا،تطور عن آخر مرة شاهدته وهذا رائع♥️
عمومًا كانت مشاهدة الشخصيتين تتفاعلان معًا بطريقة شعرية ، وتطعمان بعضهما البعض ، وتحفزان بعضهما البعض جمييل جدًا وساحر♥️♥️
الدراما قدمت أيضًا رسائل جيدة للمشاهدين مفادها أن كل شخص لديه حلم ويجب ألا يتوقف عن الإيمان به،ويجب عليه أن يجتهد ويحاول تحقيقه بشتى الطرق.."
82,나빌레라,No inicio você acha que vai ser algo super levinho ai no final você vai estar chorando que nem criança e é por isso que eu recomendo esse drama
83,나빌레라,Guess there are things in life that hurt more than breaking all your bones
84,나빌레라,I cried and cried and cried oh my god but I loved it.
85,나빌레라,"a very beautiful story that tells so much about hardships and not giving up. cried buckets of how the drama reminds me of my own family. ahhh I love it so much, super glad I watched it!"
86,나빌레라,dorama com velhos? tô dentro. espero que a coreia tbm consuma mais esse tipo de dorama assim eu e minha mãe nunca vamos ter que ficar caçando na netflix o que assistir. mas muito fofo e lindo e o único trabalho do song kang em que ele não me faz querer arrancar meus cabelos até sobrar um único tufo de tanta raiva que todos os outros personagens dele me dão. e o shape do menino aqui hm hm hm belos peitões
87,나빌레라,Song Kang made me want to learn ballet.
88,나빌레라,i’ll never emotionally recover from this
89,나빌레라,"Als ich bei Netflix die Miniserie ""Navillera"" entdeckt hatte, wunderte ich mich über die extrem hohen Bewertungen. Das schien mir ein wenig arg überzogen bei einer koreanischen Drama-Serie, in der es um Ballett geht. Wie sehr hat mich die Serie dann jedoch umgehauen! Das geht so extrem tief rein und man fühlt so sehr mit den liebevoll ausgestalteten Figuren mit, mit ihren Nöten, ihren Ängsten. Dabei ist die Geschichte eine ganz ruhige, da ist nichts überzogen oder unrealistisch erzählt, alles wirkt wie das ""ganz normale"" Schicksal des Nachbarn, das jeden ereilen könnte. Im Zentrum steht die wirklich herzzerreißende Geschichte eines alten Mannes, der als Kind den Traum hatte, Balletttänzer zu werden, sein ganzes Leben gezwungen war, ein sehr normales Leben voller Arbeit zu führen, und der jetzt, als ihm mit 70 Alzheimer diagnostiziert wird, versucht, den Traum vom Ballinero noch zu leben. Was auf dem Papier extrem kitschig klingt, entpuppt sich in der Realität der 12 Episoden als nicht nur herzergreifend, sondern vor allem inspirierend. Das wird dann teilweise zum motivierenden pep talk, wenn man sieht, wie die Figuren der Serie versuchen, ihrem Herzen zu folgen und ihre Träume zu leben. Fantastische Serie und in diesen extremen Zeiten ein durchweg zu empfehlender Balsam für die Seele!"
90,나빌레라,heart warming 🤍
91,나빌레라,"I admit, I watched this because of Song Kang. Ala akong idea sa story, alam ko lang based sa webtoon. 
Ang hot ni Song Kang dito, bilang isang ballet dancer, ang perfect ng thighs nya wahahah saka ng pwet haha, pati na rin dibdib. Kahit na feeling ko double lang nya yung sumasayaw minsan, ang gwapo pa rin niya hahah.
First six episodes, mejo meh.. parang pinapanood ko na lang dahil nga ke Song Kang.
Pagdating ng episode seven, nung biglang lumabas yung sort of twist (na napahagingan naman nila several times), NAKAKALOKA. Walang palya mga besh. From episode 7-12, iniyakan ko. Punyeta hahahah. Alam mo, ito forte ng mga Koreans e. Sabi nga ng friend ko, Basta me pa-lolo lola, Sure na yan. Paiiyakin ka.
I’m glad Navillera did not disappoint. Maganda, magaling. Imagine, sa finale, first 10mins pa lang umaagos na luha ko. Anubayan. Sayang na naman eye cream lol. Ayun. Ayaw ko na magkwento kung bakit siya nakakaiyak, kasi baka maspoil. Wag na rin kayo magbasa ng summary, para magulat kayo sa mga pangyayari. Hay. Mamimiss ko legs ni Song Kang."
92,나빌레라,"NAVILLERA o debería de decir corazón.
Qué bonito cuando una historia te lleva a tal impacto emocional que tienes que parar. Eso me ocurrió con el final del capítulo 7.
Una semana después aún no había reunido fuerzas para seguir una serie que veía a diario.
Tiene un virtuosismo interesante tras la cámara, sobre todo en las escenas de baile."
93,나빌레라,"i loved this drama :(
the relationship between chae-rok and deok-chul is just so cute :( i love how they supported each other they everything 
it was so upsetting to find out he had alzheimer’s,,, tho i could already tell that something was gonna happen right off the bat </3 
my fav scene is when deok-chul forgets everything out by the park at night and so chae-rok dances for him outside, in the dark and snow ,,, it was so sad but it was such a beautiful scene"
94,나빌레라,"Five stars and all my love for Chae Rok and Deok Chul. If I wasn’t smiling ear to ear I was crying OR doing both at the same time. 
I love u Song Kang. 💟"
95,나빌레라,"""Did you soar?""
Finished this with my mom on the anniversary of my Abuelita's passing. I was so nervous that maybe watching would be too sad or bring up too many things but somehow it left us with a light heart and hopeful thoughts of the future~ 🩰"
96,나빌레라,"lindo emocionante dms🥺🥺🥺
jurei q o véio ia morrer no final ainda bem que eu tava errado esse dorama já tinha me proporcionado sofrimento demais"
97,나빌레라,"No sentí que estaba viendo una serie lenta, sino un trabajo de hormiga con el fin de llegar a las fibras más sensibles de los personajes. Las dificultades para quienes ""tienen"" que empezar ya su camino, o cerrarlo, o mantenerlo estable creo se pueden ver (lamentablemente) reflejadas en cualquier lugar del mundo. Es conmovedora pero sin forzar las emociones, y las actuaciones son brillantes. Imposible volar sin un otro que nos sostenga con empatía."
98,나빌레라,vixii so de lembrar o olho até lacrimeja
99,나빌레라,"My whole life i have been in love with ballet. I took my first class when i was in 1st grade. Since than i have wanted to be a ballet dancer, but life got in my way so i couldn’t take classes for a while. when i finally took them again, i had some trouble, my feet cramped easily and i had a really hard time spotting so i gave up. That was 3 years ago. Now after watching this show it gave me hope and inspiration to try again. So thank you to the creators. This show is amazing <3"
100,나빌레라,Demasiado conmovedora.
101,나빌레라,the story was so touching :((
102,나빌레라,chorando e dançando
103,나빌레라,"This is so touching, inspiring and emotional. There is not 1 episode that i didn't cry 😭"
104,나빌레라,"Me dolió el corazón, pero valió la pena."
105,나빌레라,shaking crying sobbing on the floor
106,나빌레라,😭😭❤❤🌈
107,나빌레라,"al final lo cumplieron, volaron juntos🤍 :’)
i’m sobbing"
108,나빌레라,hindi naman ako umiyak
109,나빌레라,"esse é sem dúvidas um dos melhores trabalhos do song kang, uma história linda e cheia de emoções. pude rir e chorar ao longo do dorama, com certeza um dos meus favoritos."
110,나빌레라,"Dorama incrivelmente lindo, sem defeitos"
111,나빌레라,"i honestly didn’t expect too much from this show but it was so heartwarming and bittersweet especially the final scene/episode, i highly recommend if you’re not into romantic plot-lines"
112,나빌레라,"Con una película bastaba, han sido demasiadas horas muy planas..."
113,나빌레라,it was so freakin beautiful i cried so bad at the last 3 eps... something abt old kind people + wishful youth makes me cry
114,나빌레라,não queria nem me emocionar mas me emocionei muito...
115,나빌레라,"a beautiful show about losing, finding, and fighting for one’s dreams. about finding what it is that makes you the happiest. and that once you know the answer, how you must hold it tightly in your heart. so that no one can take it. so that it can never be erased...
70-year-old deokchul’s journey towards his dream of learning and performing ballet was so inspiring and moving to watch. even when everyone was against it... even when no one believed in him... he persisted. and eventually, he soared. like a butterfly 🥺🦋❤️"
116,나빌레라,song kang Oscar when? hello?
117,나빌레라,"I cried in almost every single episode, this k-drama is absolutely inspiring and beautiful.
Watching this remembered me that meanwhile I'm alive, I'm still on time to achieve whatever I want to.
Highly recommended."
118,나빌레라,my fav song kang drama!! this is just so wholesome. the way kang portrayed chaerok 💯💯 and also i love harabeoji's fam. very realistic.
119,나빌레라,"Navillera told that never too late to start doing what you dream about. Sometimes, frustrations make people grow up and more sure about what they should do.
The grandpa Deok-chul's story is touching, but I was touched by Chae-rok's ballet teacher Ki Seung-joo. Ki Seung-joo has been seen as a ballet genius and proud of that even after he hurt too much to perform on stage anymore. Once he said he hated Hanon The Virtuoso Pianist, but he found the part he hated was the most important to make finger powerful to deal with long-time play
Regardless of genius or normal people, like Chae-rok or grandpa Deok-chul, they both need to work hard to lay the groundwork for learning .
If you want to display your skills in front of others you must practice hard behind their backs from Farewell My Concubine . The lines demonstrate that there may be slow or fast to reach dreams but no shortcut."
120,나빌레라,it's never too late in achieving your goals or dreams 🤍
121,나빌레라,This old man just wants to dance 🥺
122,나빌레라,todavía no la terminé pero igual es lo mejor que me pasó EN LA VIDA
123,나빌레라,De los mejores k-drama que he visto
124,나빌레라,"""Did you soar?""
What a beautiful show ❤
It taught us that all dreams are valid as long as we work hard to achieve them. Nothing is impossible, we just have to believe.
Halabeoji is so cute and sweet!!! He made me smile a lot. Meanwhile, Song Kang is so good. He gave justice to Chae-rok's character. Love the friendship of these two.
It was a great experience watching Navillera."
125,나빌레라,my fave besides dark me thinks
126,나빌레라,There's a general pressure to succeed and achieve while you're young but it really is never too late to start something new. Navillera is a rewarding experience. Each subplot is integrated so cleanly and communicates a distinctive but resonant message. Halabeoji is the sweetest person ever 💖.
127,나빌레라,Song kang dançando lago dos cisnes eu preciso de 15 dias úteis pra superar
128,나빌레라,filed under lowkey but wholesome dramas
129,나빌레라,Så fin! O bra
130,나빌레라,querido song kang querido galán pídeme que mate por ti
131,나빌레라,never thought I have so many tears inside me. so happy I spent all of them on this masterpiece.
132,나빌레라,I knew what I was getting myself into but I cried every 10 minutes starting from Episode 6. It was so beautiful.
133,나빌레라,não sabia que tinha dorama aqui omg
134,나빌레라,"我不會說它好看到讓人想一直追
但會被他們的家庭情感羈絆感動
會被阿公學芭蕾舞的過程可愛到
會因為劇所散發的溫馨讓人想繼續看
是由漫畫改編一部充滿正能量的韓劇"
135,나빌레라,"Cried so hard during the last episode. This one was short, sweet, and had so much heart. Mr. Kim and Chae Rok are definitely one of the best duos in kdramaland. This one will linger, for sure."
136,나빌레라,"with a lot of flaws and insincere some times.
the main narrative problem is how unbalanced the side stories were developed. You can't really connect with the grandpa's youngest son, daughter-in-law or his granddaughter because they don't get a decent screentime to show their growth. For example: Sim eunho finding what she loves. They show her working at the radio and struggling by times, nothing impactful relevant but in the last episode she stated how much she loves her job.
Other big flaw is the bromance. It was supposed to be a beautiful unlikely friendship, but Chaerok and the grandpa didn't have any chemistry. The grandpa had more chemistry with the bully in their few encounters, than with the protagonist in 12 episodes. Apart from the chemistry, Chaerok was straight up rude towards the old man for most of the show, almost too much, not even the bully was THAT impolite.
But, the last episode is the best, they wrapped the story very smoothly and the last scene was very impactful. The drama overall is enjoyable, with breathtaking scenes, and a beautiful and touching story of a 70 years old grandpa trying to fullfil his ultimate dream."
137,나빌레라,"關於時間 存在與消失 人沒有功成名就如何相信自己的價值與活著的意義
這世界最公平的是太陽 24小時從不簡單 明亮溫暖 陽光普照"
138,나빌레라,"I cried a LOT. This had a great, inspiring story and honestly made me a feel a lot of things. Very well done story and a great story. The performances were done well and was very touching."
139,나빌레라,"i always ask myself what really life is. this drama made me wonder more. every episode made me cry so much, and helped me ignite my passion in life. still, my question was not answered, but i'll definitely bring all lessons from this drama in my life until its very end. song kang is such a great actor and i love all of the characters! def one of my fave kdramas ever"
140,나빌레라,La vi con mami.
141,나빌레라,"se tornou um dos meus doramas favoritos!!!! lindo e inspirador do começo ao fim. mto emocionante ver a paixão dele pelo balé e sua dedicação pra aprender mesmo com tantos obstáculos. e a atuação do song kang dispensa comentários, provou mais uma vez que é bom em tudo que se propõe a fazer, orgulho de ser fã 🤍"
142,나빌레라,é um história bem agridoce
143,나빌레라,"Dalam satu cerita, kita bisa lihat dua nasehat yang bertolak belakang:
✅ Gak ada kata terlambat. Ini cocok banget ketika melihat kakek yang sudah tidak di usia ideal untuk belajar balet, mulai belajar balet.
✅ Jangan sia2kan kesempatan yang ada. Kesempatan nggak datang dua kali. Ini cocok buat Chaerok yang masih muda. Mumpung masih muda, maksimalkan usaha. Kalau gagal, masih ada waktu untuk bangkit lagi.
Selain cerita kakek dan chaerok belajar balet, kisah keluarga kakek sungguh bikin hati nyesss dan juga hangat.
~ Si anak pertama yang tangguh dan keras karena pengalaman di masa lalu 💔.
~ Si anak kedua yang berhenti berharap, tapi punya support system yang luar biasa.
~ Si anak ketiga yang belum siap menghadapi traumanya.
~ Si cucu yang mencari apa yang dia suka.
~ Si nenek yang sangat setia, kuat, dan sayang anak2nya."
144,나빌레라,Too late but better than never
145,나빌레라,"Such an emotionally charged drama!!! I loved every minute of it!!! I loved that it was more slow-paced as well!!! Although no major events happened, it still managed to keep my interest. The main characters friendship was so precious. It just goes to show that no matter your age... you can still pursue your dreams. Don’t let anyone tell you otherwise!!!"
146,나빌레라,so many episodes made me tear up so i had to try real hard not to cry for real
147,나빌레라,"no man-woman love story here, just a good-looking-ballerino-guy and haraboji love story!"
148,나빌레라,"Sederhana, hangat, dan memikat."
149,나빌레라,"- akting kakek sim dan balet chae rok adalah kunci.
- total 12 ep
- genre slice of life, mood selalu sendu kelar nonton
- cocok untuk healing & ditonton malam hari. jangan lupa siapkan tisu"
150,나빌레라,vozinho deok-chul <3
151,나빌레라,"que dorama maravilhosooooooooooooo eu não ironicamente chorei em TODOS os episódios
song kang eu te AMO"
152,나빌레라,"Heartwarming
I cried in every episodes..
Every episode has something meaningful to tell.
Underrated..."
153,나빌레라,LINDO 😭😭😭😭😭😭 kdrama que agrada ate quem nao gosta de kdrama simplesmente perfeito
154,나빌레라,"that healing drama that make your cry every single episode, chaerok and haraboeji chemistry is superb"
155,나빌레라,🥺🥺
156,나빌레라,chef kiss a la actuacion de park inhwan dioooooooooooooos
157,나빌레라,Ceritanya mengalir dari awal sampai akhir episode. Plotnya juga spesial karena sejauh ini belum pernah nonton drama Korea soal balerino. dan chemistry pemain utamanya terbangun manis dari awal cerita. 12 episode yang pas!
158,나빌레라,"i just finished the last episode... i have no words to describe how beautiful and sad is the entire story. at the beginning, with the first episode, i thought it would be a nice and happy thing, but it ended being something marvelous that let me crying everytime. now i feel empty with no tears left, but hey, i loved it."
159,나빌레라,Simplemente de las cosas más hermosas que he visto. Vale muchísimo la pena.
160,나빌레라,realmente una serie sobre un señor de 70 años y un chaval de 22 años que persiguen su pasión por el ballet es la cosa más bonita que puede existir
161,나빌레라,"Que coisa linda!!! Magnífica!!! Genial!! Tudo nesse drama é lindo, não tem um episódio em que você não aprenda uma lição ou que você não chore.
É uma verdadeira motivação, nunca é tarde para seguir nossos sonhos."
162,나빌레라,what a beautiful show!
163,나빌레라,"Beautiful story
Best actors
Solid screenplay
Best Grandpa!"
164,나빌레라,"Heartfelt storytelling wrapped in a box of emotions, thoughtful interactions and understanding human nature."
