,title,reviews
0,원더우먼,"Berkisah tentang seorang jaksa penuh ambisi yang terpaksa hidup menggunakan identitas orang lain yang memiliki wajah sama persis seperti dirinya. Sang jaksa menjadi seorang menantu keluarga konglomerat dan terpaksa terlibat dalam bisnis dan politik keluarga yang ternyata berkaitan dengan kasus yang selama ini ia sedang selidiki.
Setelah terakhir Lee Honey berhasil membuat kegaduhan di drama action-comedy The Fiery Priest, kali ini di One The Woman, pada drama bergenre serupa, pun tidak kalah memuaskan. Menurutku, drama ini berhasil selamat karena performa akting Lee Honey yang luar biasa, ia membawa alur cerita dengan sempurna, setiap momen yang diberikan menampilkan hasil yang maksimal, dari momen yang serius, komedi, hingga yang haru sekalipun.
Untuk ceritanya sendiri sudah cukup banyak digunakan pada drama-drama yang penuh dengan konflik keluarga, dimana ada perebutan kekuasaan, harta warisan, dan tentu dengan segala tipu muslihat dalam mencapainya. Pace-nya konsisten, ada beberapa momen yang masih dirasa tidak penting, namun beruntung berhasil tertutup dengan akting Lee Honey yang tidak perlu ditanyakan lagi kualitasnya.
Overall, drama ini memiliki kisah yang terlalu umum namun berhasil dibawakan dengan menarik berkat Lee Honey dan juga bumbu-bumbu komedi yang berhasil membuat saya bertahan menonton hingga akhir."
1,원더우먼,"funny charismatic and tough this show was everything and i loved the characters!! yes there were some cliche plots but it all ties in nicely and isn't goofy. had a brilliant female lead and villain, i wish we saw more of the romance between the leads tho"
2,원더우먼,"a headstrong prosecutor loses memories and ends up taking the place of the daughter-in-law of a rich and ruthless patriarchal family. this was sooo fun to watch, cliches and all. i really enjoyed watching her stand up for herself and what is right no matter what."
3,원더우먼,"korean 🇰🇷
🌕2021 ranked
Although I wanted to be very different from who I was, I was able to do everything because I was the most like me. When we don't lose ourselves, regardless of whom we're living as, we are capable of doing anything.
this was such a pleasant surprise!! initially only started this for the boyz younghoon (and there wasn't even much of him bc he was just acting as lee sangyoon's younger self asdfghjl) but this was soooo fun to watch.
the characters all have their own unique charm and honey lee is amazing as the lead. she definitely deserved her nomination for daesang at the 2021 sbs drama awards! i also appreciate how well-paced this is, it doesn't drag on unnecessarily and plot details are revealed at a pace that kept me invested. it's also such an empowering drama without being too in your face.
was initially worried they might add a love triangle between lee sangyoon's character and the 2 characters honey lee played as but they didn't which was v refreshing for me! would still have liked more scenes between honey lee and lee sangyoon though,,, they're so attractive together!!"
4,원더우먼,Awalnya seru sih. Tp endingnya yang harusnya membagongkan terlihat malesin bnget. Apalagi yang penjahadnya di bikin jahat banget. Kasian dong kalo semua salah dia wkwkwkwk
5,원더우먼,"i was sad because i was really looking forward to seeing the two lee hanees meet :(
also evil business woman lady is giving bad jung seohyun vibes, lesbian and all"
6,원더우먼,頭8集尚算有趣，看女主角各種飆罵，讓觀眾洩憤。但後面加入超級拖的感情戲和不太聰明的反派，和不斷輪迴的自我感傷，令人只想2倍速結束這場鬧劇。
7,원더우먼,im really sorry for underestimating this drama before watching 😭 it turns out one of my favs 2021 drama
8,원더우먼,看了YouTube李荷妮分飾兩角的宣傳片，覺得好像很厲害就看了٩(　ᐕ)و 還不錯ㄅ！選角都顏值好高
9,원더우먼,"esse dorama começou tendo TUDO pra ser um dos meus favoritos desse ano mas lá pro final foi ficando mais fraquinho sla acho q devia ter menos eps
mas no geral eu gostei mt e recomendo sim viu bbs, o dorama é bem engraçado e a protagonista rouba a cena dms divonica"
