,title,reviews
0,라켓소년단,THIS IS HOME.
1,라켓소년단,"41. Racket Boys (2021)
Youthful, fresh, innocent, antipollution! It told various life values from the eyes of middle schoolers who dreamed to be a badminton players. Watching Racket Boys made you find a new family, new friends and wholesome comfort. One of the best in 2021
--
The eyes of the innocents are purest ones. In #RacketBoys, they perfectly captured the various pov of life from kids. From the meaning of love, friendship, dream, ambition and time that they have together. Not only that, RB also doing it in retrospect to elders in the village. It's not rare that the elders also learned some lesson they got from the kids (mostly Coach Ra & Coach Yoon). While our #RacketBoys +girls continuously bringing comfort, support and colors despite their differences. Clearly showing a true nature of sportsmanship in purest form."
2,라켓소년단,"MY COMFORT DRAMA❤️

#Kdrama
16 episodes - 1hour/ep
Heartwarming sports drama which revolves around friendship, family, love & passion.
It's filled with plenty of joyful moments😁 & some good emotional moments❤️
The characters are so lovable❤️
Good supporting cast👍
Thoroughly Enjoyed❤️"
3,라켓소년단,"Jung Bo-Hoon untuk kedua kalinya berhasil membuat genre yang 'campur aduk' lalu diramu menjadi sesuatu yang manis untuk dikenang. Bila sebelumnya di drama Prison Playbook ia mengisahkan narapidana dengan berbagai latar belakang dan terpaksa disatukan di balik jeruji besi, kali ini Bo-Hoon menulis kisah para remaja dengan berbagai karakter yang dikumpulkan karena memiliki mimpi yang sama, menjadi seorang atlet badminton yang ingin membanggakan bangsa.
Badminton sendiri di Korea Selatan bukan cabang olahraga yang digemari rakyatnya, masih kalah pamor dengan cabor lain terutama baseball. Drama ini bentuk satire kepada orang-orang yang telah mengolok cabor Badminton, mereka ingin menunjukkan bahwa mereka juga berhak dihargai dalam setiap usahanya, setiap keringat saat mereka berlatih, dan setiap tangis saat mereka kalah.
Namun, tidak hanya sisi badminton saja yang ditampilkan disini, tetapi juga sisi persahabatan antar atlet, sisi pengorbanan dan usaha keluarga, sisi romansa pun juga ada walau hanya sedikit. Dramanya juga menceritakan kisah para warga Desa Jeonam yang selama ini selalu dianggap remeh oleh orang kota.
Sangat disayangkan memang di Episode 5 terdapat narasi yang memojokkan negara Indonesia, semoga menjadi pelajaran kedepannya untuk lebih berhati-hati dalam menyampaikan narasi yang berkaitan dengan sebuah negara, lebih baik fokus pada narasi yang sesuai fakta dibandingkan harus menyampaikan narasi yang bersifat opini.
Tapi terlepas dari kasus tersebut, kisahnya sangat patut diapresiasi, banyak sekali pesan kehidupan yang bisa dipetik di drama ini. Walau banyak hal yang terlihat kekanak-kanakan, karena karakter utamanya adalah remaja, tetapi setiap episodenya selalu berhasil ditutup dengan kisah yang hangat."
4,라켓소년단,"Hep ciddi konular içeren diziler izleyince sanki bu yemek sonrası uzun zamandır yemediğim bir sevdiğim tatlıyı yiyormuşum gibi hissettirdi 😋. İzlerken tatlı komasına giriyordum, ciddi anlamda eğlendim. Her karakterin enerjisine bayıldım. Sadece erkek değil kız takımlarına da yer vermeleri hoşuma gitti 🏸
Bu arada söylemeden geçemeyeceğim gerçek anlamda oranın kırsal kesimi böyle renkli ve insanı tatlı ve güler yüzlü müdür bilmem ama yaşadıkları zorluklardan sonra oraya taşınan çiftin kırsal hayata uyum sağlamaya çalışmaları ve insanlara yardımcı olmaları çok güzeldi. Şu iki köri sahnesi fena çarptı.."
5,라켓소년단,"mondays and tuesdays were days i looked forward to thanks to racket boys. with its touching side stories and wonderfully written characters, this drama never failed to bring warmth. i wil miss haenam!!!
i hope there will be a second season with kim junhan and lee kyuhyung <3"
6,라켓소년단,"Energi di lapangan, harapan di tiap turnamen, jatuh-bangun atlet badminton junior dlm mengasah skill & unjuk gigi. Racket Boys mencuri comfort area dengan tampil fresh, fun, entertaining & energetic di tengah pekatnya badai crime yg banyak menghantam 2021 ini."
7,라켓소년단,"family. friendship. community. whether we win or lose in life, it’s the journey we had with the people important to us that matters the most. a show so warm and so full of heart, like how a pot of crappy-tasting curry made some people feel alive again. :”)
what a fun, touching and inspiring show. and who knew middle school romance could be that heart-fluttering?!?! 🥰 i’m going to miss these precious kids a lot 🥺😭❤️"
8,라켓소년단,Rrrrrrraaaaketttt Sonyeondeul.
9,라켓소년단,"korean 🇰🇷
they're all my ultimate comfort characters,, also got my unathletic self into badminton!! also my fav racket boy woochan showing his forehead in the last episode!!! and the boyz - will be also superior ost!! 💖🏸"
10,라켓소년단,"talented, brilliant, incredible, amazing, show stopping, spectacular, never the same, totally unique, completely not ever been done before, unafraid to reference or not reference, put it in a blender, shit on it, vomit on it, eat it, give birth to it...... season 2 when ;)"
11,라켓소년단,MY BELOVEDS 🥺🥺 PLEASE GIVE US S2 🥺🥺
12,라켓소년단,"Setelah sukses memotret kehidupan para tahanan di penjara lewat ‘Prison Playbook’, Jung Bo-hun selaku penulis kembali dengan drama terbarunya. Kali ini merupakan potret kehidupan para atlet badminton junior berlatar di desa kecil pada salah satu provinsi di KorSel.
Terlepas dari kontroversi yang dibuat, drama yang dibintangi oleh Kim Sang-kyung, Oh Na-ra dan Tang Joon-sang dapat dibilang berhasil memberikan sajian drama kehidupan yang ringan dengan paket komplit. Olahraga badminton yang tidak hanya menjadi tempelan serta rasa kebersamaan yang dibangun bukan hanya diantara Hae-kang dan kawan-kawan namun juga sesama penduduk desa menyatu dengan narasi yang tentunya punya “hati” pada tiap episodenya, mudah saja buat menyatakan bahwa ‘Racket Boys’ adalah salah satu drama Korea terbaik tahun ini."
13,라켓소년단,"suka sekaliiiii...
Terlepas dari kontroversi yang sempet rame bahkan bikin rating di IMDBnya jadi cuma 1.3 gak ngebuat serial ini jadi jelek sedikitpun, tetep jadi salah satu drama korea terbaik di 2021.
Racket Boys sekaligus jadi ajang reuni dan obat kangen sama actor actor Prison Playbook."
14,라켓소년단,panalo na nga sa badminton panalo pa sa lovelife at 16 O EDI KAYO NA!
15,라켓소년단,"I liked it a lot, this slice of life of drama has a lots of heart-warming moments, comedy and life lessons <3 I loved seeing all the prison playbook cameos!"
16,라켓소년단,"I don’t think I can move on from this. They’re my family, they’re my back bones, I want to be a part of them too. Their friendship warm my heart, I can’t help but crying throughout the last episode knowing that I won’t be able to see them again next week. Honorable mention to Na Woo-Chan, he’s my favorite and my best boi!"
17,라켓소년단,this drama was such a breath of fresh air!!! i loved all of the characters so much esp my precious racket boys 😭😭😭 i need a second season PLS
18,라켓소년단,i want the love and appreciation they give to each & every one of them
19,라켓소년단,BEST DRAMA OF 2021 TAMA!!!! GONNA MISS MY HAENAM FAMILY )):
20,라켓소년단,everyone in this drama must be loved and protected at all costs 😭🥰
21,라켓소년단,never thought a bunch of kids would have this much of an impact on me lol
22,라켓소년단,nice. my comfort show.
23,라켓소년단,"Welcome back to another episode of me menyesal baru nonton drama ini. Asli deh. Sebenernya udah ada di watchlist dari lama tapi baru niat nontonnya beberapa hari yang lalu pas lagi gabut huhu.
Dari awal episode pertama aku udah jatuh cinta banget sama dramanya. Selain karena plotnya unik (tentang atlet junior badminton), castsnya juga mantep-mantep banget. Aku emang selalu suka tipe drama slice of life gini sih, jadi buatku drama ini enak dan mudah dipahami banget buat ditonton.
Aku jatuh cinta banget sama desa Ttangkkeut, pula dengan dinamika orang-orang didalamnya. Mulai dari geng Racket Sonyeondan, Head Coach Bae, Coach Yoon dan Coach Ra, sampe nenek dan kakek juga. Selalu seneng kalo liat mereka lagi kumpul-kumpul gitu bawaannya adem dan pengen gabung HAHAHA.
Cameonya mantep banget! Kayak ngeliat casts Prison Playbook pindah ke drama ini HEHE seru parah. Jokes filmnya juga lucu-lucu banget, komedinya gak maksa dan kayak natural aja gitu~
Soal moral values jangan ditanya deh. Banyak banget knowledge baru dan nilai-nilai kehidupan yang bisa kita dapetin dari drama ini!
Last but not least, aku mau bilang kalo drama ini RECOMMENDED BANGET!!!
p.s.: aduh aku naksir banget sama captain bbang! padahal liat dia jadi pasien VIP di kim sabu 2 tuh cuman naksir mini, eh pas nonton ini jadi NAKSIR GAS NGENG GAPAKE REM~"
24,라켓소년단,"they are my family, my comfort, my happiness"
25,라켓소년단,"Engga, saya ga bermasalah sama kontroversinya meski sbnrnya ga elok. But, emang aspek olahraga yang dibawa udah out date sih. Misalnya, semua orang yg suka olahraha harusnya tau sih klo One Man Show bukanlah hal yg bagus dlm olahraga, sekalipun suatu tim punya filosofi One Man Show tp orang2 disekitarnya selalu punya peran. RB menurutku terlalu Hae Kang sentris secara sport, yg lain ga bisa diandelin, yg cewe juga terlalu Se Young sentris, intinya aspek olahraganya masih MC sentris. Ya kalau orang yg udah enek sm cerita ala Captain Tsubasa sih ya udah bosen jg sm formula ginian. I know, sbnrnya ga Hae Kang sentris amat, pd akhirnya karakter lainnya juga berkembang dan berkontribusi. Tp hal ini dipake buat dramatisasi aja, sementara suasana yg dibangun ttp aja seolah2 dibuat desperate butuh Hae Kang bangetnya yg ga bgt disukai. Karakter lain ga dibuat berambisi, cm sesekali aja buat dramatisasi, pas kondisi ga genting ya balik lagi Hae Kang sentris. Seolah2 kaya takut spot Hae Kang keambil, jd krg bs bikin plot rivalitas sesama kawan, krg berani. Banyak yg potensial, ky plot In Soel tp ga dikembangkan potensi sbg atletnya, plot Young Tae yg bikin gemes ga ada ambisinya biar demi pesona cengengnya bs bikin penonton luluh smntar pengembangannya cm di akhir doang. Woo Chan jg ngilang cm berkembang di akhir. Blm lagi tim cewek, euhh.
Plot rivalitasnya jg malesin. Antagonis2nya dangkal2 semua ya ampun. Sumpah deh, tingkat sensinya korea itu aneh banget, gampang bgt marah sm hal yg sepele2. Plot bullying senioritasnya itu loh ya ampun, ini kena barier culture apa emang berlebihan enek sih? Marah cm krn kesenggol atau krn salah sapa, cm modal tau status sosial/umur/tatapan mengintimidasi langsung kicep. Enek! Ga kuat.
Aspek terlemah lainnya menurutku sok2an ngetwistnya, permainan misterinya. Bbrp revealnya g dpt pay offnya. Misal, Hae Kang dikira amatir taunya mantan atlet bagus, motifnya apa cb pake tangan kiri, apa bet deh. Reveal kalau ibunya pelatih bagus jg bikin bingung klo gt knp keluarga mereka kesulitan ekonomi, pas ibunya muncul seolah ga punya masalah ekonomi lagi. Halah plot twist2 taek.
Untungnya drama ini diselamatkan aspek plot slice of lifenya. Bagus banget. Bakal ancur klo cm bergantung ke plot sport. Tema gotong royong kehidupan desanya hangat banget. Plot terbaik ada pada pasangan kota yg pindah ke desa, keren banget.
Aspek romancenya juga bagus, krn latar SMP jd keliatan lucu2 innocent gt.
Yah, sayangnya, untuk drama yg branding promongnya di aspek sport, aspek sportnya malah ya gitu, meskipun adegan gameplaynya bagus sih. Kebanyakan nonton anime sport sih ini jd ekspektasinya ketinggian. Ya gimana, anime sport udah ngasih standar tinggi krn udah berevolusi formulanya, jdnya ngerasa ketinggalan jaman."
26,라켓소년단,"Coming of age meets sports meets countryside.
In a year full of revenge-plot dramas Racket Boys came not only with a unique refreshness but also with an amazing production, the level of acting from this kids has nothing to envy the senior actors.
You will cry and you will laugh but most importantly you will learn about true friendship.
Now come on Netflix, give me a second season!"
27,라켓소년단,bitti diye oturup ağlıcam şimdi 😭😭🤧🤧 çokk güzeldi çok eğlendim izlerken 💘
28,라켓소년단,feel-good series. tapi beberapa episode akhir berasa membosankan dan lebay. penulisnya seperti kehabisan ide kreatif.
29,라켓소년단,"Well I don’t take the controversy seriously, it’s just fiction. I love it since begining!!! Never thought would enjoy teen kdrama. They’re so pure, innocent & heartwarming. And the cameo were familiar. I was happy to see Park Hae Soo as cameo."
30,라켓소년단,free therapy!!
31,라켓소년단,"beautiful beautiful arcs <3

corona tignan mo mga ninakaw mo sakin di ko tuloy masyadong naromanticize ang aking 16! epal k

“im the one and only yoon hae kang” i am: emotional because ive been fending off self doubt since last month hahshshahs ty for helping me, hae kangie <3

nakakainggit yung katawan nila nakakamiss naman maging batak pero nakakatamad so san ako pupulutin niyan

ty for getting me thru march, racket sonyeondan <3
february 25 - april 4"
32,라켓소년단,oh to be so sure of a dream at sixteen… first world privilege filipinos (me) cant relate
33,라켓소년단,"Racket boys was honestly such a wholesome, deep, and amazing show. I was hooked from the first episode. There were so many life lessons and inspirational aspects in the show. All while being filled with comedy. Every cast members acting was incredible and they worked so well together.  
I also noticed a lot of actors that where in another favourite show of mine, Prison Playbook, made cameos or where characters in this show. which I was so excited to see, (after watching it I found out it was written by the same person ☺️) 
I enjoyed all aspects of this show wether that was the humour, each character’s eccentric traits, and way of life, and the many times It made me cry. Overall such a great show definitely one of my favourites."
34,라켓소년단,i love them:((
35,라켓소년단,I guess badminton rules.
36,라켓소년단,this show deserves so much more hype 😭❤️‍🩹
37,라켓소년단,ONE OF MY COMFORT DRAMAS thank u so much racket boys!!! choi hyunwook YOUUUU have my heart now <333
38,라켓소년단,my children
39,라켓소년단,"couldn't keep up with the number of times i cried throughout the whole kdrama (most of them were happy tears tho).
it's been a while since i last felt so good after watching something."
40,라켓소년단,"nothing but pure friendship and passion for badminton! love the dynamics between them, would definitely rewatch!"
41,라켓소년단,bitireli bes dk oldu olmadi hayatimda dustugum en buyuk bosluk. her karaktere ayri ayri baglanmistim. ana karakterler zaten cheff kiss bunun yaninda yan karakterlerin hikayeleri birbirlerine olan baglari.. ev gibi hissettirdi comfort zone comfort place comfort series ne varsa hepsi budur artik. woochan ve insolu cok ozlicem. cocuklarin endiseleri aile problemleri kamu spotu tadinda bazi konusmalar ASLA HICBIR SEY BAYMADI cok kotuyum keske bitmeseydi. ayrilamadik veda edemedim cunku
42,라켓소년단,seneng bgt liat remaja punya semangat dan cita-cita... didukung sama teman-teman yang baik dan menyenangkan. terus jg keadaan lingkungan desa yaaang super warm dan menenangkan.... (ditulis dgn perasaan iri sedikit karena udh gak remaja)
43,라켓소년단,THIS IS COMFORT :( bring me to haenam village like NOW
44,라켓소년단,Best boys squad
45,라켓소년단,"THAT BIT WITH LEE KYUHYEONG & JEONG MISEONG !!!!!!!!!! OBSESSED. hanyang & dr. ko realness.
prison playbook (2017) cameos & references aside, racket boys (2021) is such a cute yet tearjerking k-drama. it brings about so many issues such as childhood trauma, certain sports being looked down upon (in this case... badminton), as well as some troubles small rural villages go through due to capitalism.
as someone that played badminton growing up, when i found out about this, i felt really good about it. it's good to see some badminton appreciation! racket boys is lighthearted for the most part but there were multiple parts i couldn't hold back my tears. i think the energy created in production is great for a k-drama mainly surrounding middle school badminton players.
RACKET! sonyeondan~~~"
46,라켓소년단,they simply don't make friendships like them anymore
47,라켓소년단,"It tried to be one of those feel-good family-friendship dramas, but it just didn’t reach me."
48,라켓소년단,i am comforted <3
49,라켓소년단,"watched this because I saw this randomly and after the show, it became one of my favorites and for me, one of the BEST kdramas ever. it was heartwarming, good feels, and also funny. also love the casts esp hyunwook! love the boys so much"
50,라켓소년단,This is home
51,라켓소년단,yung shoulders ni woochan as wide as the pcific ocean NAIINGGIT AKO 😢😢😢😢😢😢😢😢😢
52,라켓소년단,"Watching this series = comfort.
Racket Boys is such a perfect comfort series to watch. I love how everyone's character evolved and improved + their connection with each other becomes better and better per episode.
I have a soft spot for friendship stories, and I think I will be more frequent looking at Yoon-dam's IG (bbangminton) just to remind me of how cute and happy they are ❤."
53,라켓소년단,this show is so cute
54,라켓소년단,LEE YONG DAE STYLE
55,라켓소년단,"i appreciated the whole thing when i finished watching it. the chemistry is so good and their actings <33 racket boys will forever have a place in my heart.
CHOI HYUN WOOK PAPAKASALAN"
56,라켓소년단,"started watching for choi hyun-wook (cos of 2521) but now im enjoying this silly little slice of life of a kdrama. still in ep2 but its so so cute
edit (03/25/2022)
binged this in 3 days (it's currently 5am as i type this review and im totally not stoned right now haha) the editing was jarring at first until it dawned on me that it's comic inspired and i thought that was super cute !!! generally surprised by the themes explored too, it's so refreshing to see life through young but insightful lenses. the definition of comfort !! also im officially a choi hyun-wook stan"
57,라켓소년단,"Okay, why did i just found out abt this gem ?!
.
This is a charming coming of age tale against the backdrop of country life and high school sport
Despite the controversy around ep.5 i actually had a blast watching this series."
58,라켓소년단,my little family… i love everything about this drama
59,라켓소년단,Very very cute
60,라켓소년단,"i ended up watching this on eighth episode, but i got new interest when see Choi Hyun-Wook acting in Twenty-Five Twenty-One, so i decide to continue watching this. i am surprised, there is a lot of things i get from this k-drama.
i can't still believe about how pure teenage friendship is, i cried and laughed a lot here. this show also help me to know more about badminton.
if you have a bad day— you should watch this; you will realize that there is a lot of happiness that we can't see and this show will help you to see it, unconsciously."
61,라켓소년단,HOMEEEEE😍😍
62,라켓소년단,this show made me want to become a professional badminton player and i don't even know how to play badminton
63,라켓소년단,my comfort drama !! one of the dramas that has the best cast/squad
64,라켓소년단,HOME
65,라켓소년단,BRUHHHHH😢😢😢😢😢😢😢💞💞😢😢😢💞😢💞😢💞😢💞😢😢😢💞💞💞💞💞💞💞 i love this film so much its so wholesome i love seeing happy people
66,라켓소년단,"just done watching ep one and im alrdy telling y'all that this is gon be one of my comfort kdrama series together with reply 1988, weightlifting fairy kim bok-joo, and hometown cha-cha-cha"
67,라켓소년단,season 2 when
68,라켓소년단,a little ball of happiness and found family
69,라켓소년단,"Fuck best kdrama. It has lots of lesson in life, in relationship, in friendship etc. + Their friendship omg I love them sm"
70,라켓소년단,best boys ever
71,라켓소년단,"At its best when it focuses on the core group, the villagers and the girls do have good stories throughout the series though. 
Only real miss imo was that storyline about that old player, but even then it was still fine. 
I’m gonna miss these Racket Boys."
72,라켓소년단,"definitely not a sports drama with accurate execution of the technicalities of badminton though many parts drills, training, and actual play na done right sabi ng frenny kong badminton varsity player. Ganda nung drama, nabago into yung opinion ko about living in the countryside, all of my life kasi i have been patronizing and worshipping the city life since pabor sakin. Also it contained all things na wala ako nung highschool ako, mga bagay na i wished i did. Contained few of my regrets in life heheheheh"
73,라켓소년단,very good for my mental health
74,라켓소년단,a very fun and entertaining drama but the ending is kinda anti climactic
75,라켓소년단,It really took me this long to finally watch this !!! Comfort drama !!!
76,라켓소년단,"Desperation for sports, any competitive sport, including evidently Korean, middle school badminton, led me to give this a try. After three, long episodes, I realized my mistake. Relying heavily on exaggerated facial gestures and other tropes of Asian cinema (e.g., gratuitous slow-mo) to generate drama, this mediocre dreck follows kids doing kid things. My lack of experience playing this sport removed any vicarious pleasure imparted by the clearly skillful, but quite young, athletes."
77,라켓소년단,enjoy all the things you can do at your age...
78,라켓소년단,Love how they made a k drama abt badminton and it was good but some parts were just like fillers. The game scenes were intense tho
79,라켓소년단,bangtan sonyeondan watch your backs
80,라켓소년단,It's super nice to see a drama about Badminton. Napaka saya panoorin since I also play badminton before. Heartwarming and super cute ng cast.
81,라켓소년단,my favorite <33
82,라켓소년단,"main trẻ trâu như main của manga shounen (đã bớt trẻ trâu). Đoạn chiến thuật đánh 5 thắng 3 trận đầu ở chung kết ĐHTQ đúng là quá đỉnh, không nghĩ đến luôn. Phim có mấy cái plot twist ko ai ngờ đến"
83,라켓소년단,Could be better
84,라켓소년단,this is what’s called comfort
85,라켓소년단,MY BELOVEDS 😭 give me s2 please or im about to get violent
86,라켓소년단,This kdrama definitely deserves a 5 star ⭐ rating. What a masterpiece ❤️❤️❤️
87,라켓소년단,easily one of my top dramas of all time. writer jung bohoon has me on a chokehold since prison playbook! ty for this masterpiece once again 🤲
88,라켓소년단,"minus point for some bad slo-mo cringy scene
a super wholesome series"
89,라켓소년단,Cute
90,라켓소년단,cast was cute but this show was just Not written well
91,라켓소년단,"One of my favourite k-drama in 2021. As expected from the writer of Prison Playbook which is my favourite k-drama of all time. He really nailed showing warmth in friendship, family and sportsmanship, seems like his writing style as seen in Prison Playbook. One thing that kind of put me off was the relationship between the second couple because of the age of the actress. Other than that, great drama."
92,라켓소년단,a comfort series
93,라켓소년단,meu dorama favorito !!
94,라켓소년단,"This show was relatively good and I rly wanted to like it but there were some small things that ruined it for me. Like watching two teenage boys fight over a girl (who had already made it clear she wasn't interested in one of them).
I do appreciate that they hired a cast of teens tho."
95,라켓소년단,comfort drama + i need to play badminton again
96,라켓소년단,everytime I see sol and yoondam I have an urge to drive off a cliff ❤️
97,라켓소년단,yeah im a whore for found family n friendship. what wbt it.
98,라켓소년단,CRIED MY EYE BALLS OUT. THIS MY NEW COMFORT FILM FROM NOW ON
99,라켓소년단,#1 COMFORT DRAMA such a feel good show i didnt expect to like it as much as i did 😭 haekang is one of my fav characters ever like hes so annoying but so sweet
100,라켓소년단,"Racket Boys benar-benar kasih kita banyak, banyak banget nilai yang bisa kita terapin. Dari interaksi anak SMP, kita bisa belajar persahabatan, mengalah, gak gampang menyerah, dan hal lainnya. Buat orang Indonesia yang skip series ini karena adegan 30an detik yang pure fiksi, kalian bener-bener kelewatan satu series yang bagus. Really, really heartwarming 💕"
101,라켓소년단,"It is possible to cry during a badminton match!!!! 😭😭😭 Are you happy p.e teacher Everton???
The story with the burguers and the plot 💔❤️ I love a team! ❤️"
102,라켓소년단,the biggest problem here is how there’s only one bang yoondam in the world
103,라켓소년단,i love every part of this series U___U i will miss them all !!! woo-chan best boi >___<
104,라켓소년단,In-sol 🥺
105,라켓소년단,I WILL LOVE YOU GUYS FOREVER
106,라켓소년단,My comfort drama☹️
107,라켓소년단,crying cause it happened and cause it's over :')
108,라켓소년단,Gets repetitive but that little boy is cute.
109,라켓소년단,"Beautifully directed.
Well made slice of life drama."
110,라켓소년단,"a connection of what felt like a deep unconditional relationship, seriously hoping nothing but the best for each and every character in this show! except obviously for the evil antagonists that are bullies.
episode 12 could seriously be a film on it’s own."
111,라켓소년단,"COMFORT SHOW
THEY TAKE ON ISSUES AS PEER PRESSURE??? DEPRESSION AND SUICIDE??? 
I'm definitely rewatching this for comfort <3333"
112,라켓소년단,The friendships <3
113,라켓소년단,"A solid series with awesome Sports scenes and many melancholic Moments. The depth of the sidecharacters is really enjoyingly deep and it is good to see, that in a world that is Spinning faster, that they take they're time. Badminton was never my Sports, but it really makes fun to watch them burn for it. Some problematics are the depiction of other nations and the conflicts between the town and village people."
114,라켓소년단,so wholesome
115,라켓소년단,"The storyline is good ✍️ 😤😁
the badminton scenes tho🙅‍♂️🙅‍♂️😭"
116,라켓소년단,"dạo gần ni đang coi phim này.
ban đầu không thích phim có mấy đứa trẻ tuổi đóng cho lắm, à tùy phim :). nói chung ban đầu không thích, coi vì chán. dạo này Hàn không ra nhiều phim truyền hình hay cho lắm, toàn gì đâu. Thấy toàn penthouse ớn vl.
Cái lúc ăn mở ra coi thấy cũng ổn, ở mức dễ thương, coi được. Thấy mọi người review tâng dữ quá. hahaa.
với cũng coi hometown cha cha cha, cũng cute."
117,라켓소년단,This is family. This is home. Let me clarify.... 🗣This is MY family and MY home. 🍠🥺💙
118,라켓소년단,THE COMFORT THIS KDRAMA GIVES 🥺
119,라켓소년단,MY COMFORT DRAMA!!!! so uplifting huhu i luv everything abt dis drama
120,라켓소년단,Glad I gave it a second try. I was able to meet the racket boys and girls and their heartwarming friendship.
121,라켓소년단,"The future of K-entertainment! I love each and every one of these babies.
Easter eggs and cameos of characters from other dramas the writer has worked on is one of my fav k-drama tropes."
122,라켓소년단,"This k-drama deserves so much to be awarded in many places (although it’s kinda scandalous in one episode) but still the whole story is heartwarming and truly will become the best escape for you to find comfort things to release you tiring days. 
It’s difficult for me to moving on from this drama although I’ve done all of the episodes days ago :( to everyone who need something light and could heal your days, it’s strongly recommended from me to watch this heartening korean dramas. ❤️
It’s all about friendship, family and their whole effort to achieve what they deserve to get. You surely will love the story, I could guarantee that! 🖤 
P.s: there’s a slightly love life story here, but it’s cute so it won’t ruined the story."
123,라켓소년단,bestest boys :')
124,라켓소년단,so cute!!!!!
125,라켓소년단,"definitivamente os mais queridos!!!
o tipo de drama que fica para sempre como uma boa memória no coração <3"
126,라켓소년단,Terkeren 2021 juga nihhhhh sukak sama yoon hae kang
127,라켓소년단,"Una serie muy divertida, graciosa e interesante. Es un k-drama muy diferente a los demás ya que no se centra en el romance sino en el trabajo de equipo y perseverancia, pero vale la pena verla porque te diviertes con los personajes. Cada uno tiene un pasado y un presente diferente lo que lo hace aun más interesante. Además tiene giros que no te imaginabas. 100% RECOMENDADA"
128,라켓소년단,my most healing kdrama of 2021. loved how they tied in morals from sports into everyday life stories too. i've adopted every single one of these kids and i can't wait to witness their acting journey 😭
129,라켓소년단,one the best dramas i watched in 2021 <3 i’m gonna miss my racket boys and their friendship and the villagers 🥺 also hansol and seyoon <333
130,라켓소년단,2021 is tang jun-sang supremacy
131,라켓소년단,"İzlediğim en huzurlu, hiç bir toksikliği olmayan bana evimmiş gibi hissettiren kdrama olabilir. Arkadaşlık, aile ilişkileri her şey çok güzeldi kesinlikle bu sene izlediğim en iyi kdramalar arasında"
132,라켓소년단,"Watching the first three episodes gave me the impression that it would be one of my favorite korean dramas.
And my impression wasn't wrong at all.

Personally, the biggest strength of this drama is how they managed to make the viewers feel included. It would make you feel like a part of the teams, the families, and the village (there were even a few first person POV shots) which contributed a lot in developing the attachment that the viewers had for the drama. It gave people sense of comfort.
Simply, home.
Acting-wise, there were several scenes that came out as awkward and cringy. It wasn't bad at all. To be fair, these ""awkward and cringy"" scenes made it fun and entertaining. The youths in this show definitely shined the most. As much as I root for Racket Boys Season 2, I am very much excited to witness these rising actors/actresses (especially Son Sangyeon who portrayed Bang Yoondam) on their future endeavors and how they challenge theirselves through various genres with their growing potentials.
Objectively speaking, there could have been a lot more things to improve for the betterment of the quality of the drama. But it would not be Racket Boys the way as it is now.
To other people, this series might have been very ideal and unrealistic that makes them think how absurd the plot is. However, not all dramas have to convey what was happening and how it is going on in real life. Rather, you might want to sit back for a moment, grab a cup of coffee and start watching shows that would take you into a life that people around you cannot give."
133,라켓소년단,My heart feels lighter.
134,라켓소년단,logging this too just because it's on letterboxd....racket boys i love youuuu mwah
135,라켓소년단,Terlepas dari kontroversinya yang rame kmren. Drama ini masih patut diikuti. Walau kadang-kadang kayak rasanya nanggung gitu di beberapa adegan. And love part too cringe for me. Tapi kan emang buat anak smp 😁.
136,라켓소년단,หนึ่งในซีรี่ย์ที่ดีต่อใจ
137,라켓소년단,Wholesome and sweet.
138,라켓소년단,We have the same glasses so it must be fate.
139,라켓소년단,"inspiring and heartwarming and healing drama, #RacketBoys it brings comfort to my soul. well written screen and well acted, i didn't want it to end and will for sure love to rewatch. 
all young actors stole my heart! 💕🏸"
140,라켓소년단,"this is fun,,, i thought at first i will get bored. But as watched the 1st episode there the fun starts and i got so excited on the next episodes. I liked the concept of the story,,, i laughed a lot. Didn’t expect that there are parts where i would be crying tbh
++ friendship and teamwork best works here
~ 16 episodes "
141,라켓소년단,"Nonton sama kakak yang suka banget sama badminton. Berdua begadang. Besok siap² dimarahin karna kesiangan xixixixi

Btw ini asli cocok banget ditonton sama ponakan yang belum puber² gt. Ada cinlok² dikit tp ga sampe ad adegan kiss nya. Cucok meong lah"
142,라켓소년단,"absolutely amazing! found family, the romance between the teenagers and between the adults! the friendship, the sport aspect of it, the visuals and the cast are really really great.
i can't say it's the most accurate depiction of sports or even life in general, but it is what we hope it can be.
one of the most underrated dramas of 2021."
143,라켓소년단,Top 5 best kdrama in 2021. Thats the deal mfffff
144,라켓소년단,"I decided to give this a chance after it ended because everyone were saying how much they already miss it and so on. And yeah… i can agree with them now, this definitely feels like home, another comfort drama."
145,라켓소년단,"When mum first started playing this show during dinner or something I was just watching as usual while eating but it turned out to be so awesome we watched another 2 episodes or so. Followed by 3 the next day I think. And it was the first time joining my mum to watch Korean tv series became a thing for me.
It's just so 热血, 青春, comedic, heart-warming, exciting, and almost everything you want to have in a tv series focusing on sports with a twist of a city boy moving to the countryside to live in. Best show I've watched in a long while that isn't about all that big theories or heavy plot or complicated story, but just plain, simple, friendship, kinship, community, and sports. The cast is so good and everyone is impeccable in their performance it's incredible like they're real family and friends. I really love this and wish that my friends watch it too.
It also makes me want to play badminton again..."
146,라켓소년단,"Racket Sonyeondan~ my best boys 🥺
this drama gave me comfort during difficult times. this is family ❤ this is home 🏡
+++ love the scenes where they play badminton🏸"
147,라켓소년단,tipe yang bakal jadi comfort dramanya orang-orang❤
148,라켓소년단,Cuteeeeeee <3 as a fan of sports anime and of wholesome content about friendship this was perfect easy watching for me
149,라켓소년단,"Dari awal episode hingga separuh perjalanan merasa drama ini menjanjikan. Sempat membayangkan Haenam bakal jadi tempat yang memikat layaknya Ssangmundong di Reply 1988, tapi setelah ditonton sampai akhir episode, kayaknya terlalu berlebihan.
Sangat senang dengan banyak pemain yang ditampilkan. Bikin drama ini nggak melulu fokus di badminton sebagai layer utama. Konflik jadi lebih beragam dengan porsi yang tetap nyaman untuk diikuti.
Sayangnya, lagi-lagi itu hanya perasaan di separuh awal perjalanan. Menjelang dan sampai separuh akhir, banyaknya pemain justru lebih terasa seperti tempelan semata. Kayak bahan-bahan masakannya berkualitas, tapi pas dimasak kurang matang. Eman-eman, kata orang Jawa.
Gitu sih.
Sisanya tetap enak dan menyenangkan untuk ditonton."
150,라켓소년단,one of my fave kdramas!!!
151,라켓소년단,"One word, warmth. Putting aside how people criticize that this series insults one party, this series deserves support. Aaand I love how small conflicts are handled casually."
152,라켓소년단,"badminton-pilled 🏸😍🥰
fuck baseball entirely 🙅‍♀️🚫⚾"
153,라켓소년단,"watching this feels like a warm hug. a comfort drama with different life lessons (dreams, friendship, love and family)"
154,라켓소년단,"Saat pertama kali melihat rencana perilisan drama ini, saya sangat bersemangat akan dua hal. Pertama, judul yang mengindikasikan temanya adalah salah satu olahraga favorit saya, badminton. Kedua, naskahnya ditulis oleh Jung Bo Hoon, murid dari Lee Woo Jung — penulis naskah drama yang terkenal dengan genre slice of life nya, Reply series dan Hospital Playlist, berkolaborasi dengan sutradara Shin Won-ho.
Jung Bo Hoon sendiri pernah menulis naskah untuk Prison Playbook, drama yang mengisahkan kehidupan napi yang penuh dengan pelajaran hidup. Ya, kedua penulis ini selalu bercerita dengan elemen yang tidak jauh berbeda di tiap drama. Entah itu di lingkungan desa, bilik penjara, atau rumah sakit, mereka dengan baik menggambarkan kisah-kisah sederhana lewat keseharian dan interaksi tokohnya. Alhasil, 'kejujuran' yang berusaha ditampilkan tak pernah gagal membuat penonton merasa dekat sekaligus relate dengan kisahnya, membuat drama-drama garapan mereka sering kali membekas di hati.
Racket Boys pun sama. Namun kali ini Ia datang dengan premis yang cukup segar. Setelah menggambarkan kehidupan napi di Prison Playbook, kali ini Jung Bo Hoon mengangkat tema olahraga dan remaja. Meski begitu, elemen slice of life yang selalu jadi andalan di tiap penulisan masih menjadi kunci utama. Manis dan hangatnya kebersamaan anak-anak SMP dan warga desa Haenam ini akan membuatmu tertawa sekaligus menangis. Kisah persahabatan, kekeluargaan, dan perjuangan mereka selalu berhasil menyegarkan hati dan pikiran, terlebih lagi di masa pandemi sekarang.
Kisah berawal dari keluarga Hae-kang (Tang Joon Sang) yang memutuskan pindah ke desa karena masalah keuangan Ayahnya, juga karena menerima tawaran untuk menjadi pelatih badminton. Kedatangannya menjadi malapetaka saat Ia dihadapkan pada situasi sulit yang mengharuskannya menyelamatkan tim badminton yang telah lama terpuruk. Tim ini terdiri dari Lee Yong-tae (Kim Kang-hoon), penggemar berat Lee Yong-dae — atlet nasional Korea Selatan — yang super polos namun baik hati, ditambah aksen Seoul yang menggemaskan, Na Woo-chan (Choi Hyun Wook), sahabat karib Yong-tae yang gemar membuat berbagai macam variasi tos, dan Bang Yoon-dam (Son Sang Hyeon), kapten tim yang disukai banyak gadis karena tampan dan eksis di media sosial. Hae-kang sendiri punya sifat yang arogan dan dingin, dapat dilihat dari kata-kata yang sering dia ucapkan : ""Aku Yoon Hae-kang, Yoon Hae-kang satu-satunya"". Meski begitu, Ia sebenarnya pengertian dan baik hati.
Berbanding terbalik dengan tim putra, tim putri badminton yang dilatih oleh Ra Yeong-ja justru terlihat baik-baik saja, terlebih lagi mereka punya Han Se-yoon (Lee Jae-in), gadis ambisius yang sangat ahli dalam badminton berkat dedikasi tingginya. Ia punya sahabat karib bernama Lee Han-sol (Lee Ji Won) yang selalu suportif dan pengertian. Singkat cerita, Hae-kang bergabung bersama tim putra. Jeong In-sol (Kim Min Gi) — kutu buku yang selalu meraih juara satu di kelas — juga turut bergabung. Bersama, mereka menjalin persahabatan di dalam dan luar lapangan, dibalut tawa dan duka, serta perjuangan mencapai mimpi : memenangkan pertandingan badminton junior.
Sulit untuk tidak menyukai mereka sejak episode pertama. Jung Bo Hoon tentu belajar banyak dari Prison Playbook yang sukses dalam bercerita dan menyelipkan komedi yang menggelitik. Sejak awal, kita sudah diperlihatkan sosok jenaka dalam diri Yoon Hyeon-jong (Kim Sang-Kyung) dengan tingkah lucu dan jokes receh ala bapak-bapaknya. Dari awal juga terlihat bagaimana Jung Bo Hoon ingin mengajak kita berkenalan dengan warga desa Haenam yang punya sifat uniknya masing-masing. Salah satu tokoh favorit saya adalah nenek Ome (Kim Mi Kyung) yang benar-benar sukses menggambarkan sosok nenek polos namun pengertian. Beberapa kali saya dibuat tersenyum melihat tingkah 'malu-tapi-mau'-nya dan berkaca-kaca saat ia mulai menyinggung hubungan keluarga dan kesehatan.
Penggambaran hubungan antar warga di Racket Boys ini menjadi salah satu elemen kunci dalam drama. Ada banyak hal yang ingin disampaikan melalui interaksi mereka di setiap episode. Salah satu hal yang paling menarik adalah bagaimana Kim Tae Ho (Jung Min Sung) dan Shin Pil Ja (Park Hyo Joo) — pasangan suami istri yang sempat mengalami depresi karena tinggal di kota dan memutuskan pindah ke desa — mendapatkan pelajaran berharga dan makna kehidupan dari bagaimana warga desa bertindak dan memperhatikan mereka. Alhasil, pasangan suami istri yang awalnya berencana untuk mengakhiri hidup itu kini bersama-sama memajukan desa Haenam.
Setiap episode punya formula yang tidak jauh berbeda dari segi alur. Intinya, semua mendapatkan porsi yang pas, entah itu racket sonyeondan atau warga desa. Alurnya juga tak jarang tampil maju mundur, persis seperti Prison Playbook yang sering menggunakan cara itu untuk menceritakan kehidupan masa lalu tokoh ataupun kilas balik dari momen-momen penting yang sengaja diungkap di akhir untuk memberi efek kejut dan puas. Jung Bo Hoon juga piawai dalam menyisipkan pesan kepada penonton lewat momen dan dialog. Ia kerap kali berfokus pada satu tokoh, menaruh simpati penonton dan memberikan jalan keluar lewat kekuatan persahabatan dan kekeluargaan.
Elemen badminton yang jadi salah satu tema utama drama dapat disajikan dengan baik. Salah satu yang patut diapresiasi adalah teknik pengambilan gambar yang berhasil memperlihatkan shot-shot ciamik di tengah pertandingan. Mulai dari smash, drop-shot, dan netting, semua direkam sedemikian rupa untuk menggambarkan ketegangan dan menaikkan intensitas kita saat menonton. Saya seketika membayangkan bagaimana proses pengambilan gambarnya yang kemungkinan besar memakan waktu dan effort yang besar. Tentu kerja keras itu terbayarkan karena pertandingan di Racket Boys selalu jadi momen paling ditunggu-tunggu, mengingat bagaimana ditampilkan atlet-atlet remaja ini selalu berlatih dengan giat di tiap episode.
Tidak sah jika tidak membahas chemistry setiap remaja yang ada di dalam drama. Meski fokusnya lebih banyak pada 7 orang (Hae-kang, Yoon-dam, Woo-chan, Yong-tae, In-sol, Se-yoon, dan Han-sol), ada banyak aktor muda yang turut berada dalam cerita seperti Park-chan (Yoon Hyun-su), Lee Seung Heon (Song Seung Hwan), Lee Na Ra (Park Yoon Young), dan adik Hae-kang yang menggemaskan, Hae-in (Ahn Se Bin). Setiap mereka muncul di layar, ada saja tingkah jenaka dan konyol, terutama dari si maknae, Yong-tae. Terkadang ada konflik, entah itu karena kesalahpahaman atau keegoisan masing-masing, tapi semua itu jadi fondasi bagi mereka untuk memperkuat persahabatan, sekali lagi memberikan pesan hangat bagi penonton lewat interaksi para remaja labil ini. Satu lagi yang menarik adalah penyelipan romansa di tengah pertemanan yang selalu hadirkan momen manis dan menghangatkan hati, mengajak kita bernostalgia saat pertama kali mengenal cinta di masa muda, ditambah tingkah lugu dan canggung yang turut membuatmu sama-sama tersipu.
Ya, Jung Bo Hoon sekali lagi berhasil menyajikan comfort drama yang tak hanya menentramkan hati, tapi juga meninggalkan kesan berarti lewat kisah remaja yang mencari jati diri, memaknai persahabatan, serta menjadi atlet yang bekerja keras untuk memenangkan kejuaraan, keluarga berantakan yang perlahan-lahan menerima dan memaafkan, suami-istri depresi yang menemukan makna kehidupan, dan masyarakat desa yang memang punya banyak kekurangan, tapi saling melengkapi seraya menikmati indahnya kebersamaan dan kekeluargaan."
155,라켓소년단,"I love this drama, even though there's controversy in it, I still love it. Please, make the second season."
156,라켓소년단,MY SAFE PLACE :( I need season 2 or I’ll forever be miserable
157,라켓소년단,found family <3
158,라켓소년단,"this series hits different
easy to watch and honestly good af😭😜🙌🙌🙌🙌🙌🙌🙌"
