,title,reviews
0,로맨스는별책부록,glad we all wanted desperately to work at a publishing company after seeing this
1,로맨스는별책부록,"korean 🇰🇷
“We are like books. We wait for someone to find us and open us to see what’s inside.”
had so many beautiful and heartfluttering quotes!! I love the whole premise of it being a book publishing company too because it just gave me very warm wholesome vibes for some reason? I rmb i was also obsessed with the 2nd lead couple (jung yoojin x wi hajoon) instead like i was just soooo attached to them as compared to the main couple (lee jongsuk x lee nayoung)
“I opened up an old book of mine again. It was good when I first read the book but when I read it for the second and third time, this book made me underline the sentences over and over again. I find new sentences in this book everyday. It’s a book that stayed with me the longest.”"
2,로맨스는별책부록,literally the best ost ever
3,로맨스는별책부록,it is actually illegal to hate song hae rin
4,로맨스는별책부록,"To this k-drama I binged for the entire 16 hours long that it is: the moon is beautiful.
As a young adult struggling with having a personal life while also trying to get a good job, this drama was a huge comfort and a great source of catharsis. I felt so inspired, as well as comforted, while watching. I would occasionally look out my window and think about going out and exploring my city and reading a book and bettering myself. That is how much this drama made me feel.
To those who are also struggling in a way these characters were, we'll get through this. We'll keep going. Today is a new day, tomorrow is a new beginning, and we are good enough.
I feel kind of lame writing a review like this on Letterboxd, but I also feel like I can conquer anything. And i really like this feeling. Here's to great art that makes us feel this way. 🍻"
5,로맨스는별책부록,"Drakornya manisssss banget 🥰 tapi bukan manis giung dan bikin eneg, tapi manis gemes yg ngebikin bibir daku selalu senyum di sepanjang durasi. Tontonan yg pas kalo lagi butuh hiburan ringan dan penuh adegan uwu. BAGUS!!
Emang lah, Lee Jong Suk udah paling bener kalo dapetin peran berondong yg super bucin ke noona noona. Klop banget chemistry-nya sama Lee Na Young 🥺 jiwa shipper-ku kalo ga nginget Lee Na Young udah nikah sama Won Bin, pasti bakalan berharap ( maksa) Jong Suk cinlok aja udah sama Na Young 🤣😅"
6,로맨스는별책부록,imposible describir lo charming que es el maldito puto lee jongsuk
7,로맨스는별책부록,SO SWEET SO GOOD SO COMFORTING
8,로맨스는별책부록,Didn’t know I could cry about spring onions
9,로맨스는별책부록,A milf and two hot guys. Thats is. Thats the review.
10,로맨스는별책부록,honestly my dream workplace
11,로맨스는별책부록,the second male lead's dimples is still doing me wonders
12,로맨스는별책부록,invented romance
13,로맨스는별책부록,the soundtrack here was immaculate. taking a star off cuz i hated her bangs.
14,로맨스는별책부록,"A RAINBOW IN SKY
la verdad que siempre es difícil despegarte de una serie que te hizo feliz por 16 horas pero esto es muy fuerte hermanitas, voy a necesitar fuerzas extra para poder reponerme, sobre todo porque estoy escribiendo esto mientras escucho JANNABI - A Story I Couldn't See - Romance is A Bonus Book OST Part.1 (Sub español)"
15,로맨스는별책부록,"Reasons why Ji Seo-joon was the better choice:
- He has a dog.
- He buys books that are damaged so they don't get destroyed.
- Bookstore dates!!!!
- Big spoon.
- Looks soft 100% of the time.
- Sleepy baby.
- He has a dog."
16,로맨스는별책부록,This drama has everything I need: books and love
17,로맨스는별책부록,"Like a good romance book this show made my heart flutter, gave me comfort, and had me swooning by the end. Really enjoyed that the main female lead was in her late 30s and struggling from a career break, it made her such a real character that you wanted to cheer on."
18,로맨스는별책부록,It started off really good but the last 5-6 episodes started to drag. Hae rin and seo joon were the highlight
19,로맨스는별책부록,"i binged this so fast you have no idea.
while so PG to a point of boring this kdrama has a lot to offer.
i loved that it revolved around a publishing house, i liked that the main leads had been friends for 20 years, i liked the female lead being a bit older and having a divorced single mom. it added a bit of dimension to the story despite the fact that the kid was barely there (boarding school) and was basically a footnote in the entire series.
the chemistry between the two leads was very good in the beginning. in the end it sort of cooled off and partly because it was made so PG. otherwise it would have had a lot of potential until the very end.
i found it very funny, the male lead was well written and his chemistry with the cast was great. also liked how this show portrayed a female-male friendships.
the sweaters were the highlights of this! i love the fall/winter vibes in kdramas the most it seems. so cozy and warm.
oh and there's a mystery here too about a missing author that is handled quite well. i liked that bit a lot.
anyway - this was decent. very PG and not for everyone but it was exactly what i needed at the time."
20,로맨스는별책부록,lord….slow burn romance with the man chasing after me when….
21,로맨스는별책부록,"this was a comforting show about books & the lives of those who pour their love in making books. i loved all the characters & enjoyed their stories, just like how one reads a good book. after all, we are all books longing to be found and to be read 📚❤️"
22,로맨스는별책부록,It felt so real
23,로맨스는별책부록,the best
24,로맨스는별책부록,I wanna work at a publishing company now 🧍🏼‍♀️
25,로맨스는별책부록,"Hay meses que el cuerpo pide un buen k-drama y enero es uno de ellos. Por cierto, ojalá trabajar en esa editorial."
26,로맨스는별책부록,"- eun ho and seo jun serving the there-was-only-one-bed trope. need i say more
- this felt like a warm hug. i haven’t read since july because of my busy schedule but this made me want to get into reading again 
- kang dani, my resilient queen i love u so much and u deserve everything good"
27,로맨스는별책부록,The black skirts and jannabi in the soundtrack? Amazing. I love the songs in this but it was so hard to get through the first 2 episodes because they were basically just this middle aged woman's sob story and I dropped it and picked it back up so many times because I thought the age gap was weird only to find out they're only 5 years apart...dan-i literally acts like someone's embarrassing try hard mom which I guess she is but it made her seem so much older than eun ho. I honestly watched this for all the characters but her...it was really funny though and there were definitely some cute moments that I enjoyed because of eun ho...plus I got to look at lee jong suk and wi ha joon lol...working at gyeoroo might be my dream job.
28,로맨스는별책부록,my third drama with lee jong suk and can confirm i am in fact in love w/ him <3
29,로맨스는별책부록,sooo fucking cutee goddddd i love this i still cannot stop smiling
30,로맨스는별책부록,I know a lot of folks didn’t like the pacing in this but this drama really felt like a warm hug from a favourite book and it was exactly what I needed while it was airing so it rated high for me !!
31,로맨스는별책부록,MAKE ME WANT TO FALL IN LOVE
32,로맨스는별책부록,literally do not remember when i watched this i just know it was very nice and for about a week after i seriously considered a career in book publishing
33,로맨스는별책부록,"The moon is beautiful, isn't it?"
34,로맨스는별책부록,"me, a cinephile: 1 star
me, simp for cha eun-ho: 5 stars
i can't vote"
35,로맨스는별책부록,"This has just become one of my favourite kdramas, i haven't been able to enjoy one like i enjoyed this one in so long. 10/10 would definitely recommend, not only is the storyline beautiful but the actors and actresses are fucking gorgeous as well !!"
36,로맨스는별책부록,First Korean rom com (because one actor played in Squid Game) and it was absolutly cute. Such a feel-good serie around book publishing world in Seoul. I know it’s a fantasy but the actors seemed to have such a good time
37,로맨스는별책부록,"- made me romanticize life as an office worker i feel SICKKKK
- love how her daughter just vanished from the plot halfway thru the show <3
- main guy cringy and obnoxious af he wasn't right for her!!!!!"
38,로맨스는별책부록,ɪ sɪᴍᴘ
39,로맨스는별책부록,"idgaf ima defend this show w my life 
jongsuk was so cute"
40,로맨스는별책부록,"I'm not going to talk about how sweet this drama is (which it is with it's whole 🤍 working at a editorial vibes🤍 and the main characters have amazing chemistry) Because I think that's not the main reason I love this so much.
Korea has a very well known saturated job market and this drama it's very real at portraying that, and the lack of professionalism towards woman just because they became mothers, or in this case someone who took a break from work to raise they're child, because obviously under their standards the woman is the one who should do everything at home and be the one to give up one's job.
And here you can see the main protagonist struggle, at the moment she decides she wants to get a job again, because she just got divorced and is almost homeless. But despite her amazing curriculum (given the fact that she was very successful at her job before taking the time off) nobody seems to want to hire her because of the time that she took. Like you're supposed to work nonstop all your life.
For being a society that really respects elderly people they do have a problem with old woman, like I have read in so many other places, they tend to hire the younger pretty woman. Like they just respect older woman only if they're at home being a 'good housewife'.
This drama shows the ups and downs in the life of a very brave and determined character, who through it all maintains a positive attitude. I gained a lot of respect for her, maybe that's why I have also gained a lot of love for this drama. Kang Dani is so sweet yet so powerful and in this case love wasn't something she was longing for not even looking for, instead love was just a mere coincidence she found along the way of becoming the independent woman she once was and wanted to be once again, which I think makes a very good point about love not being all there is in life, and that there's so much more to it. Personal growth is one thing everyone should focus more instead of always looking for love and going out of your way to find it. This is definitely one thing that should be portrayed more in media.
Let love come to you at it's own time, and let it find you in your own path.
Pd: LITERALLY THE BEST OST including two of my favorite k-indie bands with 'A Story I couldn't see (나는 볼 수 없던 이야기)' by Jannabi or 'Take My Hand' for its english name, but I prefer and love the korean name as it matches perfectly with the theme of books in the drama. And 'Someday' by The Black Skirts."
41,로맨스는별책부록,literalmente inventou livros e romances
42,로맨스는별책부록,BEST SERIES EVER. IF COULD I WOULD MARRY THIS MASTERPIECE🤌🏼💥🤌🏼💥🤌🏼💥🤌🏼
43,로맨스는별책부록,"Can't believe I didn't got to see Seo-joon and Hae-rin on real date.
Besides this, loved everything."
44,로맨스는별책부록,how does it feel like to live MY LIFE!!!!
45,로맨스는별책부록,"No soy fan de la series coreanas pero esta es la mejor comedia romántica hecha desde los tiempos de Meg Ryan.
Además sucede en el mundo de las editoriales y yo soy un tipo simple. Con eso me basta."
46,로맨스는별책부록,"rewatched it bc i missed Lee Jong-Suk after finishing W.
I still really love Dan-i as a character. This show just gives me so much comfort and peace of mind."
47,로맨스는별책부록,Lo mejor que me pasó? Probablemente
48,로맨스는별책부록,"[episode 5 log]
I randomly put this on netflix (i have zero idea about this kdrama but i saw jongsuk was male lead so here we are) and honestly at this point, I don't believe in ""random"" anymore? every single thing that I happen to stumble upon in my life is how my spirit guides and ancestors are trying to communicate with me boy THE FEMALE LEAD IS 100% ME... I am seriously considering a career in a publishing house now"
49,로맨스는별책부록,A drama but cozy story. The couple is soooo cute❤️
50,로맨스는별책부록,"The first k-drama I ever watched :)
(I’ve still only seen 2 but want to watch more)
I didn’t know anything about it. All I knew was it was on Netflix, it wasn’t in English, and the preview thing was just a random dude saying “isn’t that the green onion girl?” to his dog. Good thing I found that compelling enough to want to know what it meant.
The summer I watched this (2018, I think) I had gone through some heartbreak, and just wanted to watch things that would make me happy. I’m glad I picked this. It was pretty silly but there was also some really raw emotion. It made me both laugh and cry. Spoiler alert but the main girl was really going through it. Lost her marriage, lost her house, couldn’t find a job but still had a daughter’s needs and education to fund. It really hurts to watch her cry. I think there was more to it than the typical rom-com story and I really appreciated that. Definitely has a special place in my heart now. Love Dani, played beautifully by Lee Na-Young. She’s all I can remember really.

I did also fall in love with Lee Jong-suk though so I remember his face"
51,로맨스는별책부록,I adored this show. It was refreshing. The main female lead is eccentric in the best ways and isn't enveloped by her relationship. It does an amazing job at getting you invested in the side character stories. The romance is adorable and beautifully paced and it keeps you guessing. My friend who dont love Kdramas adored this show! Give it a shot!
52,로맨스는별책부록,i liked the ending of this series (:
53,로맨스는별책부록,the moon is beautiful😭😭😭😭😭
54,로맨스는별책부록,made me wanna be an editor or something else book adjacent
55,로맨스는별책부록,"light drama to watch.
also best OST ever. really."
56,로맨스는별책부록,"A beautiful, quiet, low-key romance drama. It's hard not to miss this ensemble. This show is one that I occasionally put on in the background for the chill vibe and sweet OST."
57,로맨스는별책부록,"Very enjoyable. Side characters were my favorite. Nice, comfortable show. Probably would rank either 3rd or 4th on my list of 5 Kdramas I have watched thus far. Nice having a woman in her 30s as the main character for a change."
58,로맨스는별책부록,muito cativante!!! eu achei bem levinho e da um certo conforto. ( ꈍᴗꈍ)
59,로맨스는별책부록,"Romance is a Bonus Book (2019)
I cant imagine the main couple together at first, after 2 episodes I changed my mind because THIS KDRAMA HAS A LIT STORY, very relatable to everyone and have you ever wondered to work on publishing company? (4.5/5)
Memorable character: Kang Dani"
60,로맨스는별책부록,"kinda slow in some parts, but it was cute. might like it better when i’m older, i think."
61,로맨스는별책부록,yes I too would like a hot childhood friend who has been secretly pining over me for years please
62,로맨스는별책부록,Me gusta todo menos la trama.
63,로맨스는별책부록,baby’s first kdrama and tbh it’s the workplace romance we all deserve
64,로맨스는별책부록,"choro toda vez que escuto take my hand, morro de medo de reassistir e achar uma porra"
65,로맨스는별책부록,"Direcció dart, I de foto, brutals.
A nivell de guió TE bones frases I refranys que son molt heartwarming.
Edició de so I retoc de color perfectes.
Missatge de la trama no stay mal dent referencia als llibres.
Trama de per SI, too cheesy😳😂"
66,로맨스는별책부록,"this was one of those instances where the premise is so good, but the execution wasn’t the best. 
THIS WOULDVE BEEN A GREAT TROPE UGH"
67,로맨스는별책부록,"Qué todos los personajes de Lee Jong Suk son tan lindos? 😭 Quedé completamente enamorada de Eunho, qué tipazo; es demasiado tierno, hermoso y aparte el tremendo estilo que se carga 🔥
También me encantó Haerin, y me gustó el hecho de que no porque estuviera enamorada de Eunho se interpuso en la relación de los protas. Fue re linda y amable, la quiero proteger de todo 🥺💙"
68,로맨스는별책부록,qué bonitoooo me encantó <3
69,로맨스는별책부록,"it was okay, just sorta bland"
70,로맨스는별책부록,my first kdrama *sobs*
71,로맨스는별책부록,李鐘碩毛衣帥慘，每對都可愛
72,로맨스는별책부록,BITCH I'LL NEVER RECOVER FROM THIS NEVER
73,로맨스는별책부록,cute cute cute cute cute
74,로맨스는별책부록,Actually romance was pretty much the only book. I enjoyed the second couple more.
75,로맨스는별책부록,perfeito
76,로맨스는별책부록,i have no clue if i actually finished this or if i dropped it at some point
77,로맨스는별책부록,"aqui é proibido ser feliz, só é permitido dor, sofrimento e lágrimas"
78,로맨스는별책부록,"“We are like books. We wait for someone to find us and open us to see what’s inside.”
--
“I opened up an old book of mine again. It was good when I first read the book but when I read it for the second and third time, this book made me underline the sentence over and over again. I find new sentences in this book everyday. It’s a book that stayed with me the longest.”"
79,로맨스는별책부록,would not watch again.. as much as I like lee jong suk I just couldn't handle the age difference ack. I had to force myself to finish this one.
80,로맨스는별책부록,"-kitaplar, baskı, kapak tasarım, editör, matbaa, pazarlama, cilt, taslak-
İki kapağın arasında bize ulaşan kitaplar hakkında o kadar çok şey öğrendim ki...
Kitap üretmeyi iş olarak görmeyip tutkuyla yapan çalışanlar bana fazlasıyla ilham verdi. Kendimi sık sık ben neyi bu kadar severek yapıyorum diye düşünürken yakaladım.
Kaos yerine düzenden güç alan birbirine saygılı karakterlerin ışığında Kore kültürüne küçük bir bakış atıp çıkmış bulundum.
16 Bölüm"
81,로맨스는별책부록,"lindo, perfeito, meu nenem!!!!!!!
lee jongsuk amor da minha vida😓😓"
82,로맨스는별책부록,this drama wasn’t bad but god how i hated the female leads dry ass wig
83,로맨스는별책부록,Song hae rin deserves better
84,로맨스는별책부록,"start: 11.03.22
end: 12.03.22"
85,로맨스는별책부록,she looks 45 while he’s like 12. not a vibe
86,로맨스는별책부록,"clássico clichê romântico, da amizade ao amor."
87,로맨스는별책부록,"Lee Jong-suk e Wi Ha-joon atuando juntos foi maravilhoso, a historia é cativante e leve, poderiam ter aprofundado um pouco mais mas não consigo criticar muito por ter sido meu primeiro dorama. Não é só sobre o romance de duas pessoas que se conhecem a muito tempo, é sobre uma mulher madura que tem que lidar com adversidades e ainda assim consegue amar novamente.
""As estrelas que viajam pelo céu apenas brilham.
Elas nunca ficam tristes ou solitárias.
Entretanto, nós somos estrelas que as vezes ficam tristes e sós.
Estrelas com arrependimentos.
E é isso o que nos torna estrelas tão encantadoras."""
88,로맨스는별책부록,una historia muy realista? si
89,로맨스는별책부록,This made me really happy and that's all that matters
90,로맨스는별책부록,ep 1 on 18 Feb
91,로맨스는별책부록,Ahh lee jongsukumm ahh sen başroll olmasan izler miyim hiç böyle diziyi yalvarırım nuna romanceler kapansın lee jongsukum için 10 numara 5 yıldız dizi 0 ama :(((
92,로맨스는별책부록,"Lee Jong suk can get it any sane day
Yeah that's the tea that's it"
93,로맨스는별책부록,"The beat Korean series I have watched, is so emotional and actor are so good on doing their job. I feel that not only the narrative and stories are so good but also the acting is something that has to be appreciated in this series."
94,로맨스는별책부록,"basrollerin kimyası hiç tutmuyor ya izlerken çok egreti durdular bana, tatlı pozitif bir dizi ama biraz daha kısa olsaymıs daha iyiymis"
95,로맨스는별책부록,"pretty good, a bit boring. LJS was amazing as always"
96,로맨스는별책부록,ai 🥺
97,로맨스는별책부록,seojoon and his dog > anything else
98,로맨스는별책부록,"I worked at a publishing company and none of this happened to me...it really hurts to see other people live your dreams
Very cute, mindless, and literary-adjacent -- which is exactly what I wanted. It's a real shame that Eun-ho and Dan-i had neither personality individually nor compelling romantic chemistry together because it was screen and story time that COULD have been more rightfully spent on Hae-rin or Seo-joon. Also I know whenever I see Kim Sunyoung I am going to be delighted and this series was no exception"
99,로맨스는별책부록,is it really a k-drama binge if i don’t obsess over lee jong-suk?
100,로맨스는별책부록,"(why did i decide to rewatch this two days before my exams ?)
i'm used to romantic dramas being toxic and unrealistic but honestly most relationships in this one are not unhealthy and they actually talk about serious issues like motherhood and its impact on women's careers"
101,로맨스는별책부록,MITO LINDO DEMAIS CHOREI IGUAL CONDENADA AMO ELES JESUS
102,로맨스는별책부록,i watched this recently and i wasnt obSESSED but it was enjoyable
103,로맨스는별책부록,this invented milfism
104,로맨스는별책부록,tudo
105,로맨스는별책부록,what’s the point of living if no one tells you that the moon is beautiful
106,로맨스는별책부록,i love noona romances
107,로맨스는별책부록,HAD SO MANY BEAUITFUL QUOTES. but i was very bored
108,로맨스는별책부록,cozy cozy COZYYY the scenes the ost EVERYTHING
109,로맨스는별책부록,"ep1: jan7
ep2: jan7/jan15"
110,로맨스는별책부록,"I initially watched this show because of the amazing cast but unfortunately this high expectation led to a disappointment. I was expecting a good balance between romance and comedy but the romance side of the plot dragged out for no reason.
I was a bit annoyed that it was written in a way that the audience should almost feel sorry for the main leads when they were clearly in the wrong by taking advantage. More specifically, Kang Dan-I's speeches / complaints when things seemed ""unfair"" to her seemed a bit ironic coming from someone who wasn't fair to other candidates applying for the role in Gyeoroo publishing.
It was awful watching grown adults babying each other as if its a teen romance. It could have better with a lot less cringe - especially that last scene before the epilogue I wish I could un-see it. I couldn't get over the fact how quickly Dan-I felt in love with a guy who she's always seen as her little brother for most of her life. I get they were never related it was still gross to watch develop practically overnight.
It's a shame because I really liked Dan-I to begin with but her and Eun-ho became more and more unlikeable as the episodes went on.
I much preferred the rest of the cast - Song Hae-rin (Jung Yoo Jin), Ji Seo-Joon (Wi Ha Joon), Park Joon, Oh Ji-Yool and the rest of the characters from the Gyeoroo. Their storylines were a lot more funny and interesting - definitely worth watching for them.
The secondary plot seemed belittled to begin with so the conclusion was rushed into the last 2 episodes. I wish this had more time to develop.
Unless you're into mushy romance, I don't particularly recommend this one."
111,로맨스는별책부록,slow but lee jongsuk carried as per usual
112,로맨스는별책부록,First kdrama I’ve watched and it was very cute
113,로맨스는별책부록,"O dorama é incrível! É confortável demais assistir, ver a realidade do mercado de trabalho para mulheres mais velhas e que deixaram sua carreira pra cuidar da família. Amo a sinceridade de cada personagem sobre os seus sentimentos, a Kang Dan-i é a minha personagem favorita, ver ela se redescobrindo e lutando por um lugar na sociedade é marcante demais!
A trilha sonora é maravilhosa, e o jongsuk... sempre impecável!"
114,로맨스는별책부록,"A single book might not be able to change the world or change a person's life but a good book is bound to be read by everyone. And little by little, it will warm people's hearts
The good: this was an inspiring and warm drama about people and their passion for making books. i thought knowing about what goes on in a publishing company was refreshing and unique. it made me appreaciate the books i read and be more sentimental on the way it was written and made. shout out to my favorite girl SONG HAERIN! what a passionate, capable, and an overall amazing woman. she was very interesting to watch and i find myself genuinely liking her in whatever she does. i hope we've seen more of her! and wi hajun as ji seojun was very charming (and his passion for books too was just CHEF'S KISS). these two soft and cute second leads made me get thru the show <33 other side character arcs were also nicely done!
The bad: well... ik people say the noona romance wasn't much but its honestly the thing i liked the least about the show. it was just... idk underwhelming? i skipped most of their parts :(( also found dan-i's arc to be the least interesting despite being a center point of the show. it was predictable and just less compelling? also where did her daughter go?"
115,로맨스는별책부록,"meu comfort dorama. preciso dizer algo mais? preciso! jongsukinho no seu melhor trabalho, todo os outros extremamente inferiores a esse, primeiro, porque nenhum tem ele gostoso de professor acadêmico e editor de livros e segundo que até mesmo ele sabe que esse é o melhor. o designer gato? muito gato (fã antes de squid games sim!). a protagonista maravilhosa, aliás, se tem uma coisa nesse dorama que nenhum outro sabe fazer é não ter nenhum personagem detestável ou subaproveitado."
116,로맨스는별책부록,Eu amo esse dorama e sou apaixonada por livros!! Sério as mensagens que ele passa e as atuações impecáveis.
117,로맨스는별책부록,"you put Wi Hajoon and Lee Jong-suk in a drama together and expect me not to go feral???!!
Besides that, this drama was ADORABLE AND HEARTWARMING AND IT FELT LIKE A WARM HUG AND WHY WAS EVERYONE'S FASHION SENSE AMAZING-"
118,로맨스는별책부록,just like my first first real love but 30ylds
119,로맨스는별책부록,my fav k-drama EVER
120,로맨스는별책부록,"fofo, divertido & dramático na medida certa"
121,로맨스는별책부록,"Nice, nice!!! A fresh story with some cathartic plot and character development 😌✔️"
122,로맨스는별책부록,predictable plot. childhood bestfriends trope bores me but lee jong suk carried it on his back. second leads were interesting
123,로맨스는별책부록,dude they were so boring
124,로맨스는별책부록,loved all the characters and the publishing storylines didn't bore me like a lot of job storylines did. v cute couple <3 <3
125,로맨스는별책부록,Not the best compared to the rest of Lee Jong Suk's work. I dropped it at the very end. Maybe its just me but it felt like I was just passing my time. The story did not hold me.
126,로맨스는별책부록,"this was so wholesome, i'm so so happy right now. peak of romance"
127,로맨스는별책부록,I absolutely ADORE this show. It’s so comforting I swear it literally feels like a hug. Also lowkey banger soundtrack. Oh and obviously wi ha-joon is perfect.
128,로맨스는별책부록,mehhhhh not the best jongsuk drama
129,로맨스는별책부록,"❤️‍🩹❤️‍🩹❤️‍🩹
אני חושבת שיש בסדרה הזו סם מרפא"
130,로맨스는별책부록,"Very cute and wholesome, lovable characters"
131,로맨스는별책부록,meu primeiro dorama: check ✔
132,로맨스는별책부록,kang dani mto kawaii>.<</b>
133,로맨스는별책부록,nothing but cute?
134,로맨스는별책부록,"que romcom gostosinhaaa gostei
o personagem do jongsuk aqui foi um dos melhores da carreira dele mds ele é tao fofo que dor"
135,로맨스는별책부록,watching this was a turning point in my life as it made me fall in love with wi ha joon and now i go about my days like a freak constantly thinking about him
136,로맨스는별책부록,"I watched this at a time that I really needed comforting, and it did not disappoint. I remember loving the persistence and gentle hardworking nature of the lead.. and also becoming increasingly invested in side characters"
137,로맨스는별책부록,Wi hajoon posso te fazer 4 perguntas?
138,로맨스는별책부록,"this shit was too long tbh but it was quite adorable,, wi ha joon SERVED in his dark academia outfits"
139,로맨스는별책부록,lee jung suk <3
140,로맨스는별책부록,You can be a good book for someone
141,로맨스는별책부록,"Bom demais meus amores, a verdade é que o Eun-ho tá namorando comigo"
142,로맨스는별책부록,"Some solid lines from Cha Eun So (Lee Jong Suk) that made me fall in love with him even more. I am almost always down for Childhood friends to lovers so this was great. Kang Dan _ kind of pissed me off though in some ways, we didnt see that part of her relationship but her husband was such a scrub. The fact that the plot was centered around books made me very happy."
143,로맨스는별책부록,"made me appreciate all the work that goes into making a book
""we are like books. we wait for someone to find us and open us and see what's inside."""
144,로맨스는별책부록,"É de longo o dorama mais fofo que eu já assisti na vida, como uma boa cadela do hajoon fiquei completamente mais apaixonada por ele se é que é possível."
145,로맨스는별책부록,"Achei a construção do protagonista muito FRACA, a atuação consistia nele ficar olhando pro nada e sustentar o tempo de tela com a beleza???? A atriz principal segurou esses momentos nas costas kkk Não acreditei no sentimento dos dois, qualquer outro personagem era mil vezes mais interessante e não foram tão explorados. Desculpem o tom AMARGURADO mas recebi muita recomendação, a expectativa tava alta e fiquei frustradíssima ! porém amei a temática dos livros etc hausajsh"
146,로맨스는별책부록,i’m half way through and if dan-i doesn’t want either eun-ho or seo-joon i will gladly have them
147,로맨스는별책부록,o melhor dorama de todos não tem jeito
148,로맨스는별책부록,the girl made me irrationally angry
149,로맨스는별책부록,my poor haerin deserved so much better
150,로맨스는별책부록,"Apesar de ter ficado um pouco arrastado faltando uns 4 episódios, gostei bastante. E as frases no final eram lindas, sempre me emocionaram. Todos os personagens são muito interessantes, às vezes até mais que os protagonistas.
Fiquei morrendo de vontade de trabalhar a Gyeoroo também, queria mandar meu currículo pro Sr. Kim"
151,로맨스는별책부록,i Watch this every Christmas time 🙏
152,로맨스는별책부록,i've rewatched this show thrice already. IT'S JUST SO GOOD
153,로맨스는별책부록,first half was so good then eun-ho’s insufferablility increased fucking ten-fold
154,로맨스는별책부록,SI YOREEEE también aparece otro de mis hombres 😍😍🙇🏻‍♀️ este drama me hizo sentir cosas...
155,로맨스는별책부록,"além de ter uma das melhores ost é inegável que o trabalho do lee jongsuk foi impecável, é um romance mais maleável e maduro. um dorama que trata da realidade de uma forma não tão ""absurda""."
156,로맨스는별책부록,".... Vale, he probat d'escriure una ressenya en aquella web PERÒ NOMÉS EM DEIXA ESCRIURE EN ANGLÈS. Bueno, vaig a fer copiar pegar de lo que havia escrit allà però no em deixa publicar :/
Espera, espera.... Aquí a dalt posa Rules: English only... NI DE CONYA ESCRIURÉ EN ANGLÈS; que podria..., sí, però llavors la gent entendria el que estic escrivint i crec que passo. Bueno... continuant amb la ressenya, com que aquest és l'últim drama asiàtic que he vist puc comentar alguna cosa al respecte. Sempre m'ha agradat llegir i els llibres en general, per tant quan vaig descobrir que a Netflix hi havia un drama asiàtic (es diuen doramas no?, no tinc ni idea) que tractava sobre llibres m'hi vaig capficar sense pensar-ho. Al acabar la sèrie em vaig qüestionar seriosament si en comptes de dedicar-me únicament a la interpretació també podria crear una editorial des de 0; però tot i que la idea m'encanti no ho veig gaire factible:/. (Hauria d'escriure una conclusió per tancar el text però no sé què posar per tant ho deixaré així)."
157,로맨스는별책부록,solid noona drama
158,로맨스는별책부록,"One of the most beautiful & sweetest series I’ve ever watched. This is what got me obsessed to kdramas. 
Such a beautiful story and a heartwarming romance."
159,로맨스는별책부록,one of the best netflix original dramas. thanks to this i discovered jannabi
160,로맨스는별책부록,qria namo ele kk
161,로맨스는별책부록,"I don’t typically like flat out romance, but I did it for LJS and it was cute."
162,로맨스는별책부록,"All I Do 💛
Lee Jong-suk is everything 🥰"
163,로맨스는별책부록,"'Romance is a Bonus Book' es un romance que se desarrolla en una editorial teniendo este mundillo como contexto principal. Aunque en sus primeros episodios parece querer esbozar cierta desigualdad y discriminación por parte de la sociedad sobre las mujeres de mediana edad, una vez superada la presentación esto cae en cierta manera en el olvido. Lo mismo ocurre con la condición de madre de la protagonista, en la trama se podría haber eliminado este dato ya que no aporta mucho. La condición de divorciada sí tiene más presencia. No es de los mejores kdramas que he visto, pero sí uno con el que pasar un buen rato. Especialmente si vienes de ver alguno muy triste, ya que el tono y la dinámica es mucho más cómico y optimista que en otros casos."
164,로맨스는별책부록,"Esta muy lindo, pero a veces demasiado cursi."
165,로맨스는별책부록,una poronga pero por este conoci a jannabi thx
166,로맨스는별책부록,Stopped watching after 10 mins - the main couple being a 42 yr old woman and a 31 yr old guy idk it's not cute I like series with younger couples
167,로맨스는별책부록,a cute story
168,로맨스는별책부록,"achei a protagonista mal desenvolvida, mas até aí tudo bem"
169,로맨스는별책부록,My favorite kdrama yet
170,로맨스는별책부록,Boring
171,로맨스는별책부록,"Another K-drama haha sorry.
I really liked this, because you can watch how difficult it is for a Korean woman to return to work after the age of 30, is a really interesting part of this k-drama. But I need to admit that some female characters are really flat in comparison with male characters.
I fell in love again with a character: Lee Jong-suk <3
If you want a short k-drama, with a good background plot and a tender romance, this is the one for you."
172,로맨스는별책부록,my dad liked it and it’s cute. what i expect of the average romcom kdrama
173,로맨스는별책부록,this is the one drama i wish i could watch for the first time again
174,로맨스는별책부록,"La luna está hermosa.
¿Por donde empiezo? Está serie tiene lo que más amo: libros. Ya hasta me dió ganas de trabajar en una editorial.
Amo cuando hacían metáforas para referirse a las personas, y como la historia te mantendría espectante.
Me recordó mucho a Start Up, sentí la misma melancolía y depresión que cuando están viendo la sería antes mencionada jajaja.
Los pequeños detalles se destacan demasiado aquí, como cuando dejaba las cartas Song Hae-Rin en el librero de Cha Eun-Ho para que las leyera y ella pensaba que no lo hacía pero sí, y cuando la rechazó lo hizo por el mismo medio que ella (la carta en el librero) pero hasta eso se sintió hermoso, ay no lloro.
Amé la escena de cuando Kang Dan-Yi estaba tomándole la temperatura a Cha Eun-Ho poniendo su mano en su frente para ver si estaba con fiebre (porque el sentía que su oportunidad para decirle que siempre la había amado y que le dolía verla con alguien más estaba llegando a su fin) y entonces él le dice ""Ahí no, aquí"" y llevó su mano a su corazón dándole a entender que lo que le dolía era su corazón y no otra parte de él. AY NO ME LLEGO FUERTE ESA PARTEEEE.
La deprimida que me dio esta serie es fenomenal, amo cuando una serie me deja así porque sé que me gustó.
Los personajes, cada uno evoluciona a su manera en el transcurso de la serie.
Ay la srita Ko Yoo-Sun la tqm, al principio no la toleraba pero después empatice con ella y hasta llegué sentirme identificada, amé.
Conclusión, amé la tremenda deprimida que me dí y me dió mucho gusto coincidir con esta magistral serie llena de un mundo de editorial, libros y un amor que es un capítulo aparte."
175,로맨스는별책부록,"e o jongsuk continua sendo o mais lindo do mundo 
nao conhecia a atriz protagonista mas achei ela um luxo, jongsuk eh meu queridinho mas o personagem dele não foge do de sempre. 
eu senti que o romance desandou um pouco pela metade do drama, ela não era apaixonada por ele e se apaixonou do dia pra noite ou ela sempre foi? acho que faltou uma explicação ali e um desenvolvimento deles. 
mas é um ótimo drama, os personagens sao bem interessantes e tem muitas cenas engraçadas. song haerin lendinha!!"
176,로맨스는별책부록,oh my god. genuinely the best kdrama there is
177,로맨스는별책부록,"bom demais e bem levinho, lee jongsuk eu te amo"
178,로맨스는별책부록,this drama made me want to work as a book editor.
179,로맨스는별책부록,I can’t believe I subscribed on Netflix for this show.
180,로맨스는별책부록,"apesar do título ser literalmente romance etc o romance dos protagonistas passa longe de ser a melhor parte. mesmo assim achei bem gostosinho de assistir e adorei os personagens secundários!! a direção de arte é a coisa mais linda.... e os figurinos... todos os personagens servem muitooo
obs: a protagonista tem uma filha e a pobi só aparece UMA VEZ??? ou 2 se vc contar uma ligação. achei suspeito."
181,로맨스는별책부록,“the moon is beautiful”
182,로맨스는별책부록,"Ik wil bij die uitgever werken!
De ""Romance"" was redelijk meh (vooral door mannelijk hoofdpersoon; dikke nek), maar de hele serie had gewoon een leuke sfeer."
183,로맨스는별책부록,bom dia boxers estou aqui hoje mais uma vez logando um dorama que é um dos meus favoritos...
184,로맨스는별책부록,"Verdammt, ich bin Koreanischen Serien erlegen."
185,로맨스는별책부록,KANG DANI-SSI
186,로맨스는별책부록,não passei do primeiro episódio
187,로맨스는별책부록,made me want to work in a publishing company for a good month or two
