,title,reviews
0,런온,miss oh mijoo whats ur letterboxd acc 😌 its really refreshing to see a fellow film enthusiast in a kdrama
1,런온,letterboxd gf i hate movies bf
2,런온,"yall i finished this 2 days ago and i’m here to fight everyone who says it is boring because idc it was the most healing and sweet kdrama i have ever watched! it literally gave me a warm hug and told me “everything will be okay” and i love the cast so much 🥺 if you are looking for a comfort drama with healthy relationships, cute friendships and very well written dialogues run on is the one!"
3,런온,"not to sound dramatic but this drama is just pure comfort and happiness in itself and watching it feels like everything is good in the world
i want to turn this into a pillow and hug it forever"
4,런온,"when i say the k-drama with the best dialogues written & most healthy relationships, i meant run on. 100% wholesome, healing and refreshingly cute af. also seon gyeom best boii!!!"
5,런온,"fuck romeo and juliet, i want what these bitches have"
6,런온,quentin tarantino wishes he could direct something like this
7,런온,"When you run, you don't think about what's behind you. The only thing that matters is what's right in front of you. Normally, it's the finish line. But today, it was you.
A cultural reset. My comfort drama. Promotes self-love and healthy relationships. Broke the love triangle trope and gave us wholesome friendship of the four leads instead. In short, Run On best drama! <3
P.S. Bonus that it reminds me of Before Trilogy with its long conversation shots :"")"
8,런온,"Lhooo, pas banget baru kelar namatin drakor ini, lah ternyata ada toh di lboxd 🤣
AKU SUKA BANGET SAMA RUN ON 🥺 fufufu~
Ceritanya realistis bgt, romancenya pun minimalis tapi gemoy abis 😭 adegan nyatain perasaannya juga salah satu adegan nembak paling sweet yg pernah aku tonton seantero drama korea sih. Alih-alih bilang "" aku suka kamu"" , disini malah pake kalimat yg bikin degdegser parah "" Your affection for me gives me meaning and value"" hmmmm permisi mas, aku kalo ditembak kaya gt malah aku yg bilang makasih 🥺
Dan selepas drakor ini, sekarang aku jadi bingung mau nonton apa. Belum rela ditinggal Run On 😔"
9,런온,dream blunt rotation with the 4 leads tbh
10,런온,"I hesitated at first to watch this drama. I've seen Shin Se Kyung's past dramas and I was not convinced with her acting then. In addition, there are three distinct genres that do not easily catch my attention: sports, musical, makjang, and war or period shows. Run On happened to be about sports. Still, I followed my instincts and tried to watch the first episode and to my delight, I was not disappointed at all. I think assertive characters fit SSk more as her acting was convincing this time.

Run On seemed more of an ambient film. It was not particularly plotless, but it was not really centered on its plot. It rather more focused on its characters—their behaviours, growth, and how they perfectly contrasted each other.

Run On still relied in some known clichés, though, it was brilliant enough to craft its own refreshing twists as it was rather progressive than just blindly confining to the conventions of such known clichés. It was great that it also gave way in empowering women.

I also appreciated how they portrayed each character with realistic flaws without overdramatically romanticizing them: the rational and independent, but condescending and insensitive Dan-ah; the creative and adorable, but childish Yeong-hwa; the ethical and hardworking, but socially awkward Seon-gyeom; Mi-joo, who was also independent and hardworking, but sometimes tactless. Even the supporting characters did not disappoint with the interesting character study. I also appreciated how the drama tackled the fondness for cinema; Mi-joo worked as an English subtitle translator and the name Yeong-hwa also means ""film"".

This was overall a simple, but delightful drama. This was akin to spring transitioning to summer. It was just a relaxing show to sit on as you relish in the four season tropical punches brought by each character's quirks and flaws."
11,런온,i found another comfort kdrama. it's just so refreshing to see characters that teach self love and being supportive. I LOVE EVERYTHING ABOUT THIS DRAMA
12,런온,lee yeong-hwa date me challenge
13,런온,i liked dan-ah and yeong-hwa better than the main couple 🤧
14,런온,kinda went downhill after the halfway point for me but it was a sweet romantic series. was nice to spend so long with these characters. dan-ah and yeong-hwa should have been the main couple though........ just saying....
15,런온,first k drama i watch where the couple isn’t toxic
16,런온,SHE A RUNNA SHE A TRACK STAR 🏃‍♀️
17,런온,"gentle slice-of-life dramas are just so much better. no love triangles. no complicated pasts. just people trying their best to live their lives and finding others to share it with.
many have been saying how the lead couple has one of the healthiest relationships in the kdrama world and i couldn't agree more. they encourage each other. mi joo helped seon gyeom learn to love himself more and seon gyeom inspires her just as much as he inspires others as well. i love how their relationship also carries this sense of maturity and honesty which is rare for the kdrama world of cliches and romanticized toxic traits.
the second lead couple is just as adorable. yeong hwa is adorable. probably one of the most lovable characters out there. his bright personality contrasts dan ah's strong nature, but maybe that's why they're perfect for each other. she shows this side of herself when yeong hwa's around that others rarely see: sweet, vulnerable... humane. i cant stop thinking about the ocean scene. her calling yeong hwa by his name for the first time. yeong hwa saying now that he achieved his goal which was to talk about art with her, his dream is to not break up with her. oh my god. the sincerity and affection between them during that moment will always be something so personal to me.
the lines are amazing and characters are very well-written. the show also has one of the best and most natural lgbtq+ representation in the kdrama industry. it doesn't center around just romance at all. it also tackles familial relationships and the dreams people have for themselves. funny and heart-fluttering. makes you feel giddy and warm and leaves you smiling.
this was a breath of fresh air. anyone who wants to believe in love, or just life in general, should check this out."
18,런온,"AHHHH RUN ON WAS SO GOOD!!!!!! 
is it the most thrilling of the kdramas ive watched ? no. but i loved it. 
it was realistic which i loved. each character had their faults which were recognised but were also worked on throughout the series. the two main relationships i loved!!! the character development was SO good. 
i also loved the family elements, especially Dan-ah’s family but also her storyline. i was very interested in her. her relationship with Young-hwa was hilarious and sweet but also brought out the best in both of them. 
Seon-gyeom and Mi-Joo’s relationship was so different to the other one but i loved it all the same, and some of their speeches to each other made me MELT!!!! 
i loved watching stuff about the running, sports industry and MI JOO TRANSLATING !!!!!!!"
19,런온,"korean 🇰🇷
🌕2020 ranked
ahhh this drama gave me so much serotonin and just felt so good to watch it every episode. the friendship and loveliness are all so sweet to me,, i love them so much and the ost, the boyz - priority will always be my coping mechanism ya"
20,런온,another drama where i find the second lead couple is more interesting
21,런온,this is love
22,런온,"oh so this is how love should look and feel like huh... 

oh mi joo, my independent wife, my comfort character "
23,런온,"Okay, this is going to be super random of me logging and reviewing a K-drama on Letterboxd out of the blue, but here we go.
Man, I love ""Run On."" It's really a feel-good drama for a lot of reasons and I am so glad it aired within the time period where I just don't want to watch anything too tense or serious. I still am there now, but unfortunately, none of the dramas I am currently watching at the moment are like that. The J-dramas ""Nijiro Karute"" and ""Uchi no Musume: Kareshi wa Dekinai!"" were two others, but both already ended as of two weeks ago.
I remember coming into this the first time completely blind and not knowing anyone in the cast; except for Sooyoung from SNSD, and I was thinking of dropping it if it turns out it didn't fit my taste. But I am so glad I end up watching it right through the final episode. Just watching all these characters; from Mi-joo and Seon-gyeom to the show-stealing couple and presence that is Dan-ah and Tae-oh (whenever either one pops out on screen it always felt like I wanted to scream lol,) really make every single episode worth its watch and the time spent - added to that the ""excitement"" I end up having every single week whenever a new episode came around the corner.
The story was another that gives a reason why I decided to stick to this drama. In addition to equally exploring the story arcs of Seon-gyeom and Dan-ah, I personally find the plot element of having Mi-joo working as a translator and struggling her way up very interesting and honestly quite relatable as well. As someone who's planning to work in the film industry, I know that someday in the future I will meet and have to communicate with certain crew members on set that can be as arrogant or annoying. I will know how Mi-joo felt on that beach shoot being bullied and yelled at by those foreign crew members.
Okay, we've reached the point where I realized of basically ranting on this log instead of properly reviewing it. On an end note, despite every single flaw that it got (which come to think of it, mostly due to lack of development for certain characters - like Tae-oh's story arc, for example;) I really miss having this drama around a lot and I may be biased when I say this but did find it way superior to ""Lovestruck in the City"" - the only other K-drama I watched during that period, and a majority of the K-dramas I'm watching at the moment; with the exception of ""Hello, Me!"" and ""Navillera."""
24,런온,this show would’ve been much shorter if they gave mijoo a gun
25,런온,don't cry because it's over... smile because it happened...
26,런온,"“Of all the things I’ve loved, why have I never loved myself?”
review in the notes of my kdrama list!"
27,런온,"if it weren't for the lacklustre ending i would have liked this a bit more.
the story follows this socially strange athlete who meets a movie translator through an unfortunate event. it's a funny encounter especially because the main guy is very different and blunt when it comes to speaking.
some reddit thread discussed the possibility of him being on the spectrum which i can definitely see. it's not specified in the show but in a way it shouldn't be. he is simply like every other character but e just happens to have a certain way of communicating.
to contradict this we also have a very emotionally open male character who was my favourite of the entire show. he is a painter and he is wonderful! his female counterpart was very confusing to me. some of her decisions made no sense and her constant state of ... rudeness? started to bother me a lot.
while watching run on it was my first time experiencing being lost in translation. i feel like so many meanings just flew by me and i was confused a lot of the times. i read it was the script writers first show so maybe there's something to that. but also i think the arguments were maybe a bit too complicated for the translator and sometimes the conversations made no sense.
anyway i liked it. i liked the beginning a lot! i like when characters are complete opposites to each other. it is fun to watch it."
28,런온,Seon-gyeom and Mi-joo are so cute it makes me SICK
29,런온,"you have your world and i have mine. but we could align our worlds next to each other, couldn't we?"
30,런온,so wholesome
31,런온,"this kdrama made me feel SO safe the way they deeply cared for each other while separately working on their own problems this was one of the healthiest relationships ive ever seen its been a year and i STILL talk about it to this day. the way they always met each other halfway and knew how to support the other just brought me so much comfort :’) 
fyi this love story is reaaallly slow which is why some people dont like it BUT the buildup is worth the wait!!"
32,런온,puro green flags lang. the best. LOVE IT SO MUCH.
33,런온,"Reasons to watch Run On:
- couples that communicate
- pure comedy gold moments
- lgbt representation
- promoting self-love
- reflection on growth and healing despite harsh upbringing
- socially awkward lead who can’t read the room cause same here
- assertive female lead
- talking about movies
- young hwa’s art
- the comfort you feel 

(watched from 10/23/21~03/17/22)"
34,런온,"When you run, you don't think about what's behind you. The only thing that matters is what's right in front of you.
I started rewatching this drama maybe two Months ago and for some reason i didn't finish it till now.
Tbh run on has everything that i love LITERALLY EVERYTHING, starting from the characters to the cinematography to the cast and the ost, this is really my comfort drama, i can watch it like 100 times and i'll just cry and laugh like it's the first time.
Also all these movie references in this? I'm in love.
Also just wanted to say that but the female characters on this drama were absolutely ICONS, i mean WOMEN.
Don't cry because it's over, smile because it happened"
35,런온,please don't waste your time watching this
36,런온,this kdrama is like a blow of fresh air- no words just self love and respectfulness
37,런온,my life has more action than this and I practically don't go out
38,런온,Liked the side relationship better.
39,런온,"slow moving, boring plot, vague lack of chemistry and also a random connection between the two main leads, it was though they fell in love out of nowhere i get that seon-gyeom's character is a bit deadpan and lacking in some social cues but there was no portrayal of him liking her back or even becoming friends to lovers it was very stilted especially since mi-joo was quite awkwardly full on to begin with i mean she kept proudly saying she was stalking him???
so many fluency errors, there was huge potential for different plots to appear beside each other making things interesting despite the main couples lacklustre vibe, they were cute but dan-ah and yeong-hwa were much better. despite being the female lead mi-joo had nothing going for her. it was pretty refreshing for a female lead to not have a million traumas and cause unnecessary problems but she didn't add anything. seon-gyeom's emotional acting was very good but the plot (or lack thereof) did not do their relationship justice. i honestly felt like dan-ah and yeong-hwa and their story should have been the main leads they were fun to keep up with and yeong-hwa was a scene stealer who was great to watch
the show started strong with woo-sik's storyline and dan-ah's personality but it all got dropped very quickly with the other characters. there was no real development with ye-jun's coming out plot, too much emphasis on assembly man ki and his typical rich corrupt dad ways but the focus on the family was missing. there was so much material with dan-ah's family and her half-brothers but again they all got sidelined for boring dialogue between seon-gyeom and mi-joo, it all got messy towards the end and the finale shows a lame epilogue of how all the characters ended up it was very lazy
half a star for the kim seon-ho cameo he really is my bae"
40,런온,"“No one is born being able to endure pain from the start. Don’t try to seem okay, if that’s what you’re doing”
Within the first few minutes of this show, I knew I had never seen anything like it before. A melodrama is not a revelation amongst Korean dramas, they’re mass produced with varying degrees of quality. However to rate this show solely based off of it’s occupation as a melodrama is unfair. It’s a classic story of boy meets girl in a quirky and unconventional way in which they inevitably fall in love. But it is still so much more than that. On one hand Boy definitely falls somewhere on the autism spectrum, having difficulty expressing himself and speaking his mind and on the other hand girl has been hardened to think that the only person she needs in this world is herself. This odd duo creates for heartfelt dialogue and often comedic moments. Admittedly it may on the nose at times but my heart aches for the characters and I find myself rooting for these down-on-their-luck misfits through every episode. I may be biased because as a person on a journey to love herself, this drama introduced showed me that healing is not always linear and we don’t have to do it alone. All in all I loved how I watched the characters grow and love each other and themselves throughout the course of 16 episodes and I don’t think they’ll leave my thoughts anytime soon."
41,런온,bu diziyi izleyince koşasım geliyor
42,런온,"This is a show to watch while doing nothing, I mean it’s not the best thing in the world or a rewatch (at least for me) but it was cute.
Something i really liked was seon gyeom's healthy behavior in the relationship ;)"
43,런온,"Stopped watching 1/4 into episode 4. Not sure why, it wasn't bad but maybe I'll get back to it later"
44,런온,"Unapologetically cliché but a very feel-good kdrama. It is so easy to love these characters and the chemistry is off the charts! I also love how the lead couple is not toxic to each other and actually communicates what they are feeling. Its attempt for an LGBT+ representation was also nice. I have a hard time finding flaws from this and if there are any, it is trumped by how refreshing and uplifting it is.

napaka attractive nilang lahat hayup,, paano???"
45,런온,"honestly unlike any drama i’ve ever watched before, in a great way. the character dynamics created aren’t stereotypical as ki seongyeom learns how to navigate life as his own person. you see every character grow and change, it’s one of the more heartwarming and slow paced dramas as there is no heart wrenching breakups and completely useless conflicts."
46,런온,"Here's to roads no longer traveled alone. Here's to hands held out without hesitation towards those struggling, and hugs shared to console faltering hearts. Here's to dreams and vulnerabilities shared with, and reciprocated from our loved ones. Here's to listening and feeling wholeheartedly to live life to the fullest. Here’s to long conversations with loved ones who don’t share your exact passion, but want to listen to your every word, all because they are interested in what moves you. Here's to ambitions deferred yet unforgotten, and passions reignited. Here's to inevitable disappointments, and slow but steady recoveries from the pain. Here's to coming back stronger from each hardship and heartache faced. Here's to cherishing every little moment of joy and little comfort. Here's to not holding back and giving it all when chasing after heart's yearnings.
We had a good run. The run continues, and love goes on."
47,런온,"Weh seneng akutuh sekarang banyak KDrama yang masuk di letterboxd. Bisa nyumbang banyak banget movie that i had watch sih soalnya.
Btw, Run On tuh drama yang gemes uuuwu romansanya, apalagi Ki Seon Gyeom kaya bayi polos kali tingkahnya. Dan yeah alhamdulillah gak ada kisah cinta segitiga yang klasik banget. Meski kadang emang dilaognya tuh absurd aneh sampe bikin ngomong ""kok bisa yaa dialognya aneh gini"" tapi selama nonton tuh enjoy-enjoy aja bahkan bisa bikin nuansa healing."
48,런온,i love the godfather reference
49,런온,"Officially my comfort drama! I love it so much 😭 It's very heartwarming. The script was also well written! The substance of the characters are in their lines.
It's nice how random their lives are. They were just normal people in love. Normal people and how their lives were intertwined in one way or another.
I like the characters very much too :( All so dear to me! It was refreshing to see a guy like Seon Gyeom (he looks like Winwin huhu) for a lead. All the characters were also communicative which is rare in dramas. I love how each of them deal with the situations they are in. Actors played their roles very well! ❤ Sooyoung, iluuuuuu
The places/set were all so pretty too. I loooove love love homey places 🏡 It was well curated
I watched this cos I've been listening to Priority by The Boyz emptily. I wanted to feel something whenever I hear it. so TY TBZ for bringing me here <3
It was really so fun to watch this. 😌 Its a drama that leaves you with a feeling that life is good and worth living. who wouldn't want that?"
50,런온,this drama holds a special place in my heart. i will genuinely miss watching it!
51,런온,if this isnt the cutest thing ever
52,런온,i’m a sucker for an actual healthy relationship <3
53,런온,"very lovely and awkward? i liked the main couple a lot. probably the most realistic and healthy m/f relationship in kdrama? ive never seen this tbh, there's no chase whatsoever they just gradually start dating and im like???? oh? im happy for u!
it would be 4 star easily if it'd been more... you know. and id grown distant by the time last ep came around or id be mad with the seodanah lying about being gay bit. i don't know if kdrama writers are really dancing about lgbt rep these days or if im just projecting shit but im starting to loose my patience slowly but surely. and the side couple really didn't work for me 😭 im sorry art students are cute sure but that's a gay women & you can't change my mind.
very good at romanticizing running tho, pretty sure next time my life goes to shit im gonna take up running and inspiring me into doing any kind of physical activity is an achievement in itself!
worth the watch! but again, i wish it was more gay sigh."
54,런온,"A lovely study into opposites who are attracted to each other, and overcome the great communication divide that separates them. Also about learning to love oneself. Full of good-hearted characters, and shows kindness even towards the least likeable of them. This show reminds me of the Mr Rogers quote, ""Love is at the root of everything. All learning, all parenting, all relationships. Love or the lack of it.""
I absolutely loved the first half and could watch it over and over again. However it gets a bit narrow-sighted in the second half, and could have been a few episodes shorter, but I still enjoyed it overall. This show is quietly feminist and inclusive, although portrayal of gay character is a bit of a side note and when the reveal happened not much surprise and little resistance was displayed by other characters which is not the most realistic, but I think the creators are trying to show what could be if we all tried to understand each other a little more. Last but not least, Im Siwan is too cute for words <3."
55,런온,unfortunately so boring...
56,런온,second lead couple got their backs aching from carrying this drama
57,런온,"probably the best drama I've watch, no toxic relationship & second lead at all"
58,런온,"we love a healthy, functional relationship <3"
59,런온,boring
60,런온,"i need a man to cry because of how much he loves me asap
this show was so adorable. seon gyeom is literally the cutest. 
i’m sick and tired of shows being stingy with the kiss scenes. kisses where one of the parties has their eyes opens don’t count."
61,런온,13 jan 2022 – 14 jan 2022
62,런온,i don’t trust anyone who haven’t watched this kdrama yet
63,런온,"are the reviews bots or smt? 
like it has high ratings from other reviewers , but i'm very generous to give it 2 1/2 stars.
why was the actor looking away and not responding most of the time? is the character
neo-divergent ? if so they forgot to mention it.
and the pacing of this was sloww"
64,런온,Started off really good but then I got bored with the story and the main characters started to irk me for some reason lol so I just skipped through the rest of the episodes to the characters I cared about😂
65,런온,"Seon gyeom was not what I was expecting as the male lead and I loved him, mi joo frustrated me a little bit but their relationship was so wholesome unlike a certain one which was a lot of drama because of *cough cough* dan ah but it was so funny and cute and I really loved the ending, new comfort drama honestly."
66,런온,tears rolling down my face i'm just asking the universe for a seongyeom for myself thank u
67,런온,bisexual panic
68,런온,"드디어 끝냈어! 
“런 온” 이야기를 마음에 들지 않는데 임 시완하고 신 세경 씨는 너무 귀여워! “런 온” 커플들 좋아해서 지금 최 수영 팬입니다 
*수영 목소리* 사랑해 널 이 느낌 이대로!! ㅋㅋ"
69,런온,Oh to go to the movies and fill up the theater with the main cast of MY life!
70,런온,i literally didnt care i stopped watching midway thru the last ep and i did not mind
71,런온,if this isnt the cutest thing ever
72,런온,"when hungry, bang"
73,런온,"AHHHHHHHHHHHH I CAN’T DO THIS RIGHT NOW
it’s currently 5 am and im pulled over on the side of the freeway while my whole family is asleep 
BUT STOP EVERYONE DESERVES THE WHOLE WORLD"
74,런온,Kdrama for cinephiles imo
75,런온,"Episode 16 had me in a choke hold. My poor heart felt like it was dragged on an emotional rollercoaster😭 maybe it’s just been a rough week. 
Me: I don’t get emotional with shows
Also me when Dan-ah and Yeong-Hwa started crying:🥺😭😩"
76,런온,i love everything about this kdrama
77,런온,"seon-gyeom, mi-joo, and yeong-hwa all share one collective brain cell and sometimes one of them loses it so then none of them have it and it kills me every time.
i love this series with my whole ass heart. i will never feel this comforted and happy and full ever again."
78,런온,mijoo and seongyeom are the healthiest couple out there!! and i love writer park shi hyun (run on's writer)!! everything about this series is just perfection
79,런온,"Nice show in general. The characters were a bit flat and a little bit forced for the sake of being ""quirky"". Their relationships don't start organically, as there is no much chemistry between them besides sharing scenes and looking at each other's eyes.
However, there are many scenes along the show where they make you smile like a teenage girl that talks with their crush for the first time, so I gotta give them that.
The plot is pretty standard but it's not boring at all. The cinematography also has this cute and modern vibe of the show, really liked how it was used. Not the best drama I have watched, but interesting nonetheless."
80,런온,"This show radiates comfort energy and I am so glad I watched it despite the reviews claiming that it was too boring or slow. The deep and honest conversations between the characters are at the core of the show and even while having a common kdrama set up (with an uber rich athlete male lead and uber rich CEO and an orphaned subtitler who lives in a lavish house and a painter with heaps of talent), is actually very realistic and every character has a life of their own and is interesting to watch. I would say it gets a little slow after the first few episodes, but picks up the pace after the leads confess their feelings. Their romance is so wholesome and the second leads are adorable too! I am so happy with the ending, it was absolutely perfect from start to finish. I highly reccomend watching this for a comfort/healing/wholesome/realistic kdrama!"
81,런온,"i haven't finished this yet but seon gyeom and yeong hwa you are really the loves of my life. the female leads are so powerful, brave and independent. they all teach important life lessons such as self love and respect. there is no toxic masculinity and the relationships between the characters are very sweet and mature.
loved everything about this."
82,런온,"a refreshing show driven by meaningful everyday conversations among its characters. but most of all, a comforting show that teaches the importance of loving yourself, knowing your worth, and taking charge of your life because it is YOUR life to live. so run on! 💚🏃🏻‍♀️😭"
83,런온,"finished rewatching the entirety of run on today.
i think i should rewatch this drama every year because it brings me a lot of comfort and i adore its message of loving oneself which is something i'm striving hard to do. i know i'm getting there. tmi!!
each character in run on had life. mr. jeong was a scene stealer - i couldn't help but cackle each time he put seo danah in her place. mijoo and seongyeom's relationship is the epitome of a healthy relationship.
[will get back to this review when i have the time bc i have zero brain cells left right now]"
84,런온,"""I want you to love yourself a little more. That's how we can keep a long and healthy relationship."" ♡
and for me that speaks volume, you know when someone love and treat theirselves right, they filled their own jar of love. That's the only way they can give other people love, affection, respect, well anything, say it.
you have to love yourself first, you have to know what it feels like to be loved, before you decided to love somebody else.
this drama gives you a new perspective about roles, love, and relationship.
it was a gem. periodt."
85,런온,"ONE OF THE BEST DRAMAS RELEASED THAT YEAR. THE CHEMISTRY THE CASTS THE LEADS.
rare cases where both main and second leads were equally goood"
86,런온,"a breath of fresh air. this is my comfort drama i love oh mi joo so much im crying
and gi seon gyeom??? i would never hype a man up but hes the real deal im telling you"
87,런온,"One of the best K-Drama i'd ever seen. Though it carries many genres, such as sports, romance, friendship, the work world, and even politics but it doesn't make this drama hastily on its resolution. Moreover, it was a light and wonderful drama. The best combination of cast make it more memorable."
88,런온,both main leads and second leads are so good this is the first time i didn't prefer one over the other they are all great
89,런온,"you know it is a good day when you can sit back and wrap yourself in a blanket and watch an episode of your comfort show and allow yourself to just be lost in the moment and yes that is exactly what i did. that is what i needed. this is the ultimate pick me up and i do not care i am giving it five stars for a reason!
and yes maybe love is real"
90,런온,"So calming and relaxing
overall great to watch while sipping tea"
91,런온,my favorite romance drama ever??????? looks like it
92,런온,SIM MEUS AMORES
93,런온,"Awalnya nonton tanpa ekspektasi apa-apa, ternyata alur cerita dan skripnya unik, banyak ungkapan sarkasnya pula, interaksi antar karakternya juga alami, cakep lah pokoknya. Sayang aja sepertinya underrated.
Salah satu best watched dan terfavorit di 2020."
94,런온,"4. Run On (2020-2021)
Smartly written, witty, romance kdramas with unique background from its characters. It will hook you with its dialogues. Individually or in pairs, both lead couples has its own charms with their banters. Watching this is like sipping an afternoon tea. (3/5)"
95,런온,BIG FAT 5 STARS
96,런온,my new personal mission is to watch every single kdrama park shi hyun writes because the dialogues in this are pure gold
97,런온,"a drama that is very dear to me, my best drama."
98,런온,"the acting was really bad, i’m sorry . i didn’t feel the chemistry nor did they ever show face expression ."
99,런온,"I haven’t even finished watching this kdrama (currently on ep10) but i absolutely had to rate it and review it rn. 
This kdrama is the perfect drama to watch after you’ve finished watching a drama filled with angst and emotional scenes; those of which may throw you straight into depression. It radiates lightheartedness, brightness, comfort and happiness. At times it includes subtle moments of tension that make you want to continue watching to see how relationships unfold but apart from that, it is utterly wholesome. I salute the writers for bringing to the screen a healthy main couple that has a somewhat regular relationship. 
Currently feeling bad for Seo Dan-ah’s little brother tho :(( he is such an angel."
100,런온,"Park Min Sook after writing one of the best screenplays ever made for a K-drama:
i.pinimg.com/originals/43/af/14/43af142adb6e66f8adb3047fa3d47546.gif
Screenplay, direction, edition, acting, music, sound mixing, sound edition, costume, makeup... every single little thing was made with perfection! An absolutely standing ovation for the characters design and acting.
Once again JTBC proving that they're the only network that can make slow paces dramas as it should be.
If there's a second season count with me."
101,런온,Okay I only finished this one for the second couple
102,런온,"talented, brilliant, incredible, amazing, show stopping, spectacular, never the same, totally unique, completely not ever been done before, unafraid to reference or not reference, put it in a blender, shit on it, vomit on it, eat it, give birth to it"
103,런온,"(registro etcetc)
O PRIMEIRO DORAMA BOM DA JTBS!!!!
run on conseguiu trabalhar muito bem o significado de amor na vida adulta, muita maturidade e companheirismo em suas dinâmicas deixaram uma delícia de se assistir essa novela e muito mais incríveis as cenas de vulnerabilidade dos personagens principais, aspectos que diferem bastante das outras produções da emissora inclusive
destaque pra atuação incrível da sooyoung que mostrou ser uma profissional top tier"
104,런온,"Sınav dönemlerinde dizi izleme hızım üçe katlanıyor resmen... Stresimi silip süpürdüğü için sürekli izledim bu yüzden şu an beş kat daha çok stresliyim. Ders çalışmaya gidiyorum, sınavlar ve sınavlar..."
105,런온,"for like 30 minutes of its total runtime, this show was homosexual. those were the best 30 minutes. and like, i get the dude! i also have a crush on yeong-hwa 🧍🏼"
106,런온,"a profound comfort, it’s not boring, bite me, i love siwan real bad ok"
107,런온,"I really want to get along with myself. I don't want to love myself too much, but I don't want to be too hard on myself either."
108,런온,One of the best K-Dramas ever. Ki Seon Gyeom and Oh Mi Joo is the standard!
109,런온,comfort drama
110,런온,overall very cute
111,런온,Episode 16
112,런온,"Some might say it's boring and slow, some might say it's a masterpiece. To me it was just alright. I definitely see the chemistry between the two so it was enjoyable enough."
113,런온,❤️❤️❤️❤️❤️
114,런온,The rest of Episode 14 and all of Episode 15
115,런온,The rest of Episode 13 and part of Episode 14
116,런온,Episode 12 and half of Episode 13
117,런온,The rest of Episode 11
118,런온,The rest of Episode 10 and part of Episode 11
119,런온,"amo personagens cinéfilos
e esse casal principal é um xuxuzinho lindos"
120,런온,I WANNA BE LOVED THE WAY THEY DO
121,런온,The rest of Episode 9 and part Episode 10
122,런온,"Este k-drama fue escrito y hecho por mi, le daría 5 estrellas pero en una de las menciones de la la land la protagonista dijo que odiaba los musicales."
123,런온,The rest of Episode 8 and part of Episode 9
124,런온,The rest of Episode 7 and part of Episode 8
125,런온,Most of Episode 7
126,런온,The rest of Episode 6
127,런온,been homeless since this ended
128,런온,"realistic, unlike some other kdramas which involve love triangles and all that annoying stuff."
129,런온,Episode 5 and part of Episode 6
130,런온,ilk kez bir kdrama bittiği için oturup ağladım 🤕🤕 oh mi joo drop your letterboxd acc canım 💓💓
131,런온,Episode 4
132,런온,Fun watch but overly long and the ending episodes lost a lot of pace and joy.
133,런온,Rest of episode 2 and all of episode 3. :)
134,런온,Episode 1 and first part of episode 2.
135,런온,"R u kidding me rn I’m balling my eyes out💔💔 why did couple #2 have to end it so abruptly after all they went through???????😭😭😭
For a while I was putting off finishing the show since the first couple broke up but I’m so happy I decided to finish watching and their ending is my fav💖"
136,런온,Yes. YES. YES! The characters are absolutely amazing!! The romance is so much more realistic to any other drama I’ve seen and they are absolutely perfect! Love love love
137,런온,"cliché rich to poor relationships in kdramas, nevertheless, it was good"
138,런온,"cute:"")"
139,런온,seo danah date me instead i can be better than him
140,런온,Just wholesome romance with great chemistry. Such a nice change of pace from the usual toxic relationships were it’s not dealt with properly. Communication and self worth is the sexiest part of this film
141,런온,"""No one is born being able to endure pain""
""You can slow down if you're struggling. Just don't give up. You can do that as an adult, right?""
A light and funny miniseries about adulthood and self love."
142,런온,"this show is like a warm blanket for the soul. and its about my personal kink, people trying their best to communicate their feelings and needs to each other. hot damn!
52 Weeks of Media 2022
14/52"
143,런온,an underrated kdrama with a healthy relationship
144,런온,"Very healing drama.

Cute, sweet, and not cliche. Love the main couple so much. Their chemistry is so good.
Second couple trope is somewhat cliche. But i love their dynamic too.
Both are memorable.
Third couple? Late but so cute and memorable for me too, i hoped that i got to see more of their screentime tho. Needs more tbh. TT Also May my asexual icon
and there's a gay character too i love how they tackled those kinds of themes there"
145,런온,I really wanted to like this one but by episode 10 I was just done 🥲
146,런온,"let me start by saying that i only watched the second and last episode 😸 but i can tell that the couple has no chemistry, even in the last episode when they were already together HOWEVER the dialogue is SOOO good"
147,런온,i will love my self more
148,런온,"So this is how a healthy relationship looks like...
One of the most real and sweet drama ever. Love it"
149,런온,i want what they have 🦦
150,런온,They are going to have to pay for my therapy bills wow…
151,런온,aborda assuntos interessantes e impactantes e os personagens principais se encontraram na melhor hora da vida de ambos. gosto desse romance em que ambos se interessam pelas conversas que têm um com o outro e como eles se integram na vida e nas atividades da vida de ambos.
152,런온,"no joke this series has made me wanna start running, find me wearing a windbreaker jogging around the neighbourhood"
153,런온,esse protagonista eh viado n tem qm me faça pensar o contrário
154,런온,"very subtle and heartwarming, love their chemistry and friedship!!! what a healthy love <3"
155,런온,"This was so wholesome and warm :,)
I loved the little imaginary movie scenes and their friendships with one another. This also made me realize how much I love movies too and how I haven't been watching any lately.
Also the little things Seon-gyeom does for Mi-joo!! So fucking cute my heart goes 💓"
156,런온,"Such a heartwarming drama, I don't watch many korean dramas because I can't stand toxic relationships, so this one was perfect. I would rate it higher if the main characters had more chemistry. I think this is one of the shows that has made me reflect about life the most. Amazing."
157,런온,"super cute. super comforting. super glad i decided to watch this.
seongyeom, mijoo, danah and yeonghwa are all brilliantly written characters! i love them all.
this drama brings me so much comfort. so, so much. just a simple conversation between the characters bring me so much joy and inner peace.
love this. i'm so, so glad i decided to watch this out of nowhere. will definitely watch it again if i have the chance to.
""yesterday, i watched jerry maguire.""
""was it fun?""
""no, it wasn't.""
""i see.""
""but... it made me feel warm inside."""
158,런온,"the best romance kdrama tbh
ki seongyeom please be my bf"
159,런온,"Pra ser honesta, eu só assisti porque eu sabia que o tbz tinha feito uma música pra ost, e eu nunca assistiria em outra circunstância porque o plot realmente não me chamou atenção. Porém o dorama me surpreendeu muito e eu realmente gostei, não costumo gostar de doramas com essa trama mais lenta mas esse eu realmente gostei e me prendeu. Fora que a construção do casal e o desenvolvimento do protagonista é muito bom de se ver, facilmente um dos melhores doramas de romance que eu já vi ♡"
160,런온,"creo que es la primera serie coreana que me atrapa, ame cada historia de amor que hay dentro de la serie y ame cada personaje, siento que Oh Mi Joo es mi favorita y obvio Ki Seon Gyeom..."
161,런온,comfort show <3 lifts my mood in the same way weightlifting fairy kim bok joo did
162,런온,This is one of the best korean dramas I know.
163,런온,"pinaka fave ko na kdrama ig,,, i love them so much, i love the story lahat !!! sobrang matured ng relationship nila"
164,런온,"'Run On' no empieza nada mal aunque los componentes que en un primer momento la hacen interesante más allá del romance, esto es, la carrera deportiva como velocista de él y el aspecto de traductora dentro del cine de ella, rápidamente quedan en segundo plano para centrarse en un infantil y algo estúpido tira y afloja que da vueltas en círculos una y otra vez. Durante estas vueltas va añadiendo algunos elementos y desarrollando personajes pero la sensación de monotonía es evidente. No me ha disgustado mientras lo veía pero me ha terminado cansando bastante, un drama romántico bastante flojo."
165,런온,Good vibes but a little slow
166,런온,"This show is so heartwarming, I really enjoyed watching it"
167,런온,"I don't have much experience with shows at all, but this is really good. I think it speaks for itself. It might not be good for people who have absolutely none, but it only requires a little patience. The couples have cute dynamics that aren't too unrealistic nor dramatic. The dramatic value comes from the uncommon lifestyles the characters lead, not from making an unrealistic couple dynamic. The ending was abrupt. I watched it with my mom and really enjoying keyed it. Even my teacher binged it in less than a week and enjoyed it. It's enjoyable.
P.S. I like Sooyoung even more now. I'm only a casual SNSD lietener, but I chose to watch this drama because of her, and now I Galaxy Supernova and Lion Heart and Hoot all day."
168,런온,"ang softie at sobrang naive ni ki seon gyeom!!!! gusto ko din HAHAHAHA hay nako
nagulat ako na lumabas si seon ho sa last ep, di naman nakakaiyak pero naging emosyonal ako bigla HAHAHAHAH LUH INARTE YARN. KAKAMISS KSH TALAGA )):"
169,런온,cute
170,런온,"Perfecto, buen desarrollo de personajes y la pareja principal 10/10🥰"
171,런온,"「你不覺得當燈光暗下來，黑暗的電影院是一個讓人很有安全感的地方嗎。」
「才沒有，感覺很可怕。」
「別擔心，從現在起，我們會一起待在黑暗中」
「原來你是要等到最後才能看見的人啊。」
「我一直在等妳，會一直等到最後看見你的那刻為止。」
「跑步的時候維持自己的步調非常重要，累的時候可以慢慢跑，不要放棄就好了。」
「不想做的話不要做就好了，不需要時時克服傷痛。週末也可以休息。」
本來是為了看時完美顏盛世buffet也以為這部劇大概同時伴隨芭樂戀愛buffet沒想到意外地很喜歡欸，雖然總歸是戀愛小品劇，芭樂也還是有的（有時候真的是上一秒還在稱讚這劇잘하다下一秒又覺得等一下怎麼好像有點瞎）（但後面基本上就是被主CP與側CP(?)閃爆）同時也有很多可愛的細節和傳遞了非常溫暖的東西。角色個性與明快的對白刻劃得很有魅力，劇本把主要角色十分兩極到很跳痛的職業性質（田徑跑者／電影與口語翻譯員）巧妙地融在這部劇想表達的事情裡，以及偷渡對於電影的愛這點也很讚。整個故事環繞著生活在不同世界有著完全迥異背景與喜好的人們的溝通互動，即使無法完全理解，每個人也都可以用自己的模樣去共存與產生連結。
很愛這部裡面角色們都很率真乾脆。也覺得時完真的很會找自己擅長的角色耶這次再度是廢萌電波又努力認真人畜無害人人都愛的小動物，覺得大家看完應該都會很想養一隻奇善謙在家。（？）
推雙CP時使用C4取2法這點也是很厲害，角色關係也走一個多元成家的路線，該說不愧是Netflix家的劇嗎，但當今韓式戀愛小品劇也能有這樣的表現真的是挺驚豔。而且取景和打光還有置入行銷也超強看了再度超想出去玩，也開始好奇三星摺疊機了。（喂）還有超想吃韓式冬粉。
想想會這麼喜歡也是因為裡面出現超多一起吃飯散步聊天頂樓烤五花肉之類的生活瑣事，並在談話中激盪出當下的真摯，人正是在說與聽之間產生了關係與關心。我就是對這點超沒抵抗力吧，真的也很適合下班放空配酒。XD"
172,런온,"Es bastante lindo ver un K-Drama sin taanto drama, personajes interesantes y con salud mental ♥️, todo un confort drama."
173,런온,this kdrama was very nice very soft and simple to watch yim siwan is so handsome
174,런온,"the main couple was so peaceful to watch, i have the feeling that i watch a meeting of souls but i rated as 3 stars cause the second couple really pissed me off..."
175,런온,Ki seongyum short king for life<3
176,런온,one of the best healing kdrama
177,런온,"tbh this is one of the best kdramas i have ever seen in my whole life, i love that it shows another perspective of love, not always the same things that happens frequently in kdramas.
the love story was truly so beautiful, and the plot was really nice"
178,런온,Healthy! Movie reviewer Mijoo
179,런온,i feel like the dude cant act idk 😭😭💪🏻 its like cha eunwoo always playing boring ass characters and ppl complaining about his acting .. but sooyoung devoured her character
180,런온,"Pues es una serie sencilla, es algo mucho más cercano al día a día o a una historia que puede pasar en la realidad. Me gustó esa simpleza, los 4 personas me gustaron, aunque tengo que admitir que me gustó más la pareja de Dan Ah y Yeon wha. 
Tengo que decir que siempre es un placer ver a Lee bong run, aunque aquí sea secundaria, se ha convertido en una de mis actrices favoritas coreanas. Me gustó que se quedara con el secretario de Dan Ah. 
Seon gyom me parecía tierno, era diferente a los demás, pero un gran personas, era asertivo y fue lindo que apoyara mucho a su amigo a seguir corriendo. Me pareció un hombre correcto y con principios. 
Me gustó la oreja de Seon gyom y Mi joo, creo que a pesar de compartir diferentes gustos, ambos trataron de involucrarse en la vida y gustos del otro. Eso es lindo. 
De la pareja de Dan Ah y Yeon wha me gustó la complicación que había de por medio, la edad, los estudios, el trabajo, que ella era fría pero se enamoró verdaderamente y él era bien tierno. 
También me gustó conocer un poco más de la profesión de traductora, de verdad fue muy interesante. 
No es una serie a la que le pondría 10/10, pero es disfrutable, te sacará algunas sonrisas y risas, y eso es algo muy bueno."
181,런온,this has some of my fave on-screen portrayals of casual interactions between partners of anything ever… the way they communicate in groups without using words and they just know what the other means even though they say they’ll never totally understand each other 🥺🥺🥺 i’m so soft
182,런온,boring af but comfort
183,런온,how i judge people is by how they review on run on
184,런온,"Started watching kdrama as a joke, i don't think it's a joke anymore."
185,런온,"acho genial colocarem o siwan em um papel que ele representa na vida real também, que no caso é ser corredor. ele deve ter se divertido muito fazendo isso, eu tenho certeza."
186,런온,The way Siwan had my full attention through out but suddenly by the end the only happy ending I cared about was DAN AH + YEONG HWA!!! Second couple superiority.
187,런온,"watching this feels like a constant warm embrace. it's so healthy and overflowing with fluff, luvette!"
188,런온,Masterpiece of romcom k-series for me!
189,런온,idk why i cant finish it but yea fun when it lasted
190,런온,"very... real. definitely up there with my favorites. the characterizations were raw, the relationships were very human. also i wanna be oh mijoo in my next life omg"
191,런온,INSANELY GOOD
192,런온,fav healing drama all the time
193,런온,"‘You can teach me everything else, but please don’t teach me how to break up’ ｡ﾟ(ﾟ´Д｀ﾟ)ﾟ｡
—ep 13

Notes~
Scene transitions/POV changes —>
* phone call: cut back and forth with previous character and new
character and hang up with new character
* Motion: he gets a water bottle thrown at him, she catches a can
""Film"" themes —
* black and white style ‘dream sequence’
* 35mm style film dream scenario
* Different styles of filmmaking through the century for ‘plausible’ outcomes
Relationship developments and character arcs brilliantly handled
Flashback — blurred edges, bright, pale colour grading
Themes of healing and taking care of yourself
* Food becomes muscle💫
* Slow down
The way they talk about their love for each other
* Very much acts of service — it’s the little things —> food becomes muscle✨
the “how can I make myself feel at home without the owner” scene 🥺🥺🥺🥺 ep7 or 8"
194,런온,"esas çifti shiplemediğim tek yapım olarak tarihe geçti, ben 1 gram tension hissedemedim kötülerdi bence. ama yan çiftim öyle mi offf yeong-hwa ve dan-ah...offff alev ateşleerrr🔥🔥🔥güzeldi bu da ama bi suspicious partner değil kb"
195,런온,pobavila som sa na tom! určite jedna z mojich obľúbených kdrám. ki seongyom je kráľom môjho srdca! <3
196,런온,liked it but i couldve had more spiciness or excitement rather than sm ups and downs🙁
197,런온,"Of all the things I've loved, why have I never loved myself?
This show had the most unique lead couple and I really loved that about it. This show was so different from typical dramas. I feel like all the characters were mature and reasonable in a way that didn't make them boring or make the plot unbelievable."
198,런온,"Tiene al mejor varón de todos los kdramas. Dan ha, me identifique mucho con ella y ademas es ENTJ 🛐 Todos los personajes son profundos y tienen un gran desarrollo en toda la historia"
199,런온,letterboxd the series 
200,런온,this is my most fav kdrama of all time
201,런온,it was cute it was fun
202,런온,"i mean, they're cute"
203,런온,i love oh mi-joo so much
204,런온,"I didn't think to give 2 stars when I watched episode 1 but I stopped at episode 10 and decided to give 2 stars.
this is my first DNF kdrama in 2022
I think I was expecting too much in episode 1. As the episodes went on I was really confused where did this story actually go? what is the main point of this drama? what exactly do you want to show us?
I like Yim Siwan's acting. he is so cute as Ki Seon Gyeom. I survived until episode 10 because of Siwan's acting and Se Kyeong's excellent English. she lowkey motivates me to seriously study English.
too many stories in this drama. The plot is very messy and unclear. I can't find the focus. there are so many stories, that I don't see any feelings developing between the main leads. i don't know why they taking it so long to confess at each other and dating.
beside that, now i know that post credit is so precious to everyone behind the movie making."
205,런온,It was a nice feel-good drama with a happy ending
206,런온,omg i didn’t know this was on here hiii anyways forever grateful to this show for introducing me to my meow meows siwan and saekyeong and i think we can all agree even if you thought this show was “boring” (🤨) seongyeom and mijoo are arguably one of the healthiest and least toxic couples..ever in kdramaland...made me believe in straight rights ALSO since i’m here yeonghwa is THE ultimate himbo i have never seen himbo representation like him before absolutely OBSESSED with him <3 (also we need more women yelling FUCK YOU at men and not getting bleeped out moving forward)
207,런온,also started off string but then just.. yeah
208,런온,Dorama tem diálogos muito fracos mas esse superou ou a traduçao ficou muito ruim 🥲
209,런온,started off good but got so boring
210,런온,"Why do we fall? So that we can pick ourselves up.
My comfort kdrama"
211,런온,"It's fine but it's too long. And I totally hate every dialog in this series. Do we really talk like this in every day situations? Nope, we surely don't."
212,런온,i want what they have
213,런온,conforto né
214,런온,i loved this kdrama and the way we got to see into the other relationships without them being boring. definitely one i would recommend. + mijoo would definitely have a letterboxd acct
215,런온,"Hala izliyorum, çok soft bi dizi ben de böyle nazik, düşünceli, iyi yürekli ve yakışıklı birini bulmak istiyorum, tabii kendini de seven modelinden. Ve bundan sonra film izlerken çevirisini kim yapmış bakmak için bekleyeceğim. Çevirmenlik mesleği kaybolmasın yapay zeka yerini almasın çevirmenlerin.. biz seyirciler olarak, bize duygunun geçmesini isiyoruz canımmm"
216,런온,Totally lost steam half way through and suddenly decided to focus most of their character development on their secondary couple. Skipped till the end just for the sake of closure
217,런온,"Honestly I was interested in every storyline except the main one. Likeeeee Dan-ah and Yeong-hwa???? May and Ji-hyeon?? giving and serving 
Eun-bi, Dan-ah and Mi-joo are GORGEOUS! ABSOLUTELY STUNNING!
ngl Yeong-hwa held the series on his shoulders🛐"
218,런온,"Ayyy me estaba encantando tanto tanto TANTO hasta los últimos tres capítulos que los sentía que cerraban las cosas apurados y era un hilo medio desordenado con escenas cortas y desconectadas y tramas importantes tomadas a media ay no sé, pero las escenas últimas últimas estuvieron bonitas"
219,런온,"Vou dar 3 estrelas porque sou bondosa, e por causa da seo dan ah. O dorama não é ruim, o problema é que é MUITO parado, parece que nada acontece; o casal principal não vai nem pra frente nem pra trás, a mi joo implicando com tudo que o ki seon gyeom fazia tava me dando nos nervos. Pra mim a graça do dorama foi o casal secundário e a dupla do ki seon gyeom com o lee yeong hwa"
220,런온,"Run on punya kesan yang menurut gua simple tapi tetep dapet warm and fuzzy feeling setiap nonton episodenya. Male leadnya punya karakter yang pure tapi ga keliatan dumb dan female leadnya yang kesannya unik, berani, cuma ga sampe kaya preman. Drama yang bisa dibilang berhasil ngebagi antara slice of life, romance, dan sedikit comedy (thanks to Seo Danah). It's a great drama for healing and when you want to watch something that not heavy but not cheesy romance either."
221,런온,deixa o coração quentinho <33
222,런온,"A Kdrama with good communication that isn’t toxic. 
It’s not the most captivating but it is sweet and calm. Btw Ki Seon Gyeom talks so sweet like dripping honey 🥰"
223,런온,muito fofoooo
224,런온,"i could watch you for a lifetime, you’re my favorite k(omfort)-drama☂️"
225,런온,"TUDO NESTE DORAMA É BOM OS PROTAS SIMPLESMENTE INCRÍVEIS O CASAL SECUNDÁRIO ÓTIMO SÃO LINDOS AMO ELES COMO PODEEEEEEE
só to falando isso pq hj faz um ano q esse drama foi ao ar"
226,런온,"Very cute, una relación sana y wholesome. Absolutamente todos los personajes se ganaron mi corazón por completo. I love them all y quisiera poder abrazarlos. 
Bonita fotografía, el ost está bien y el mensaje de amor propio también <3"
227,런온,saudade de assistir parece duas crianca se bicando
228,런온,DVEJWKDNKWMENDKWMQNDKWLWMFJWOWMDJSKWWKyeah.only4.5bcthesecondrelationshipwaslow-key confusing
229,런온,"talented, brilliant, incredible, amazing, show stopping, spectacular, never the same, totally unique, completely not ever been done before, unafraid to reference or not reference, put it in a blender, shit on it, vomit on it, eat it, give birth to it."
230,런온,putang ina niyong lahat never talaga ako makaka move on dito
231,런온,"run on is literally one of the most refreshing dramas i’ve seen in a while. 
liked the fact that they didn’t do the whole toxic relationship thing with the main characters, and that the characters actually have a different job, because in dramas, characters always have to be either a doctor, a super rich businessman, a lawyer, or somebody in corporate. 
also, i loved the women in this drama thank god they aren’t just another super innocent, can’t do anything bad character that exists solely for the leading man."
232,런온,truthfully it’d be 2.5 stars but bc of the Awful queerbaiting i’m gonna say 1.5 :)
233,런온,"this was such a wholesome show please im willing to sacrifice my life just to watch it again for the first time. i love how they touched some topics that were not usually, i think personally, very well discussed in kdramas. self love, coming out, asexuality, bullying, straights using gay as an excuse to not date, men being emotional, sensitive and affectionate, CONSENT, no toxic male leads, no love triangles, side characters having their own story line and not just a filler for the show, true and healthy relationships not just with the lead characters but with everyone. easily the best and my all time favorite kdrama."
234,런온,"I miss my 2 hours of comforting, sweet & mature romance each week"
235,런온,o casal é meio sem química mas o dorama é mto gostosinho de assitir
236,런온,"So nice and cute. The cast genuinely just seemed like best friends. 
Also I’ve never seen so much queer representation in a k-drama it was so nice"
237,런온,"this is now my comfort drama. i never knew i needed someone like ki seongyeom in my life but here we are 🥺
also, i love that it covered a lot of societal issues ahhh the writer did great!"
238,런온,"I loved this movie so much. 
How can someone have such a calm demeanor. He even made me feel calm. 
Loved him so much.
And the main couple communicated so well, it was amazing to watch.
Also loved the second couple cause how can you not"
239,런온,"descubrí esta serie de la forma más tonta buscando kdramas que no fueran basados en relaciones tóxicas, pero nunca pensé que me encontraría con esta perla de serie.
diálogos profundos y con significado, entendimiento e igualdad podrían definir perfectamente esta serie.
y mención especial a la pareja secundaria que me ha tenido más enganchada que la principal. dan-ah y yeong-hwa se quedan un pedacito de mi corazón pa siempre 🤍"
240,런온,cute! for some reason it dragged on for me after a while but the main couples are everything
241,런온,Good looking cast. Pretty good storyline. They make a very good couple. I loved Shin Se-Kyung's character! She was so brave.
242,런온,"probablemente el mejor romcom que he visto hasta este año;; las dos relaciones, el grupo de amigos, el desarrollo, las interacciones... perfecto.
A parte de las relaciones no recuerdo mucho de qué iba tho, por eso el 0,5 de estrella que falta"
243,런온,"after rewatching this, i know exactly why it's one of my favorite shows. the witty dialogue + the beautiful life lessons + the tranquil cinematography + the comedic film references + just a good time really made me fall in love with this show and all the characters. this show has taught me so much about family and love and vulnerability, and i'm very happy that i rewatched this. maybe because i'm a film nerd but i loved every reference and the short films within the episodes. i'm also a die hard fan of shin se kyung so watching her again was amazing. i never realized how many product placements were in this show, they did a good job shooting those scenes. and i think the aspect i like the most about Run On is the impeccable translation work. i am not fluent in Korean but i know that this is one of the best translated dramas netflix has ever had. i can tell each line was translated to carry every single emotion and i want to thank soo ji kim!! whenever i am in a theatre, i wait till the ending credits now to acknowledge everyone."
244,런온,only started watching bc of tbz ost but omfggg seongyeom and mijoo are so cute … i want what they have. only really watched for them tho bc the second lead couple didnt interest me at all 😭 still one of my fav dramas tho idk its such an easy watch
245,런온,"this kdrama is the ultimate comfort show. while the plot can seem boring to people because there is no overarching plot point, this allows for the main focus to be the characters and their relationships with each other. i started to care about every character in this show from the main characters to the side ones that showed up every once and a while."
246,런온,"this one it's so cute it irradiates so much comfort and love, now i want to be a translator like mijoo :("
247,런온,cuteeeeeeee this made me want to become a translator like mijoo 🙁
248,런온,"No começo tive muita dificuldade em me conectar com os personagens, mas quando chegou lá pro sexto episódio me rendi e não consegui mais parar. Fofo e sincero."
249,런온,this is going to be a new comfort show ✨
250,런온,"Es re linda la historia además tiene a Ki Seon Gyeom que es como un Jem Carstairs todo perfecto, lo amo mucho POR MÁS PERSONAJES ASÍ POR FAVOR"
251,런온,Aesthetically pleasing and simply heartwarming that it feels like you're reading a poem. Im Siwan and Shin Se Kyung look so cute together
252,런온,o maior
253,런온,"mi joo it’s ok we had our differences but i liked u in the end, seon gyeom best boy that dude is so pure what the fucksfnakf"
254,런온,naur bc i loved mijoo and dan-ah’s friendship 👩‍❤️‍💋‍👩 i loved it so much it was so comforting i wish it would continue forever it really showed growth in a wonderful healthy way
255,런온,"Exact opposite of ""Show, don't tell"". Most difficult time I've had getting through a kdrama, so goddamn boring. No chemistry between the main leads. I liked the movie reference scenes a lot, but those didn't happen often. A shame, because a show about a film translator had the potential to be very fun. This could have benefited from a Start-Up style production."
256,런온,"necesitamos hablar mas seguido de este drama!!! she's the moment shes a icon etc... todo en el me pareció tan puro y lleno de amor, tanto que pedían romances sanos en los medios y se duermen o tratan de aburrido esta linda producción ummm excuse me sir but you hate love??? why you hate this wonderful couple uh"
257,런온,"chatinho demais não tem nenhum movimento interessante, o protagonista eh fofinho mas mt sem sal e o casal principal tbm eh mt bestinha o secundário da um belo show nos dois"
258,런온,such a cute and well written love
259,런온,"I just love the couple's dynamic, so refreshing to see a relationship like this.
They get to know and then understand each other through their passions, they get through a lot of obstacles (aka Ki Jeong-Do) but in the end their love is stronger than everything <3.
I also liked the ""side"" characters, the complexity of Dan-ah and Yeong-hwa's relationship (and also his best friend), also May and Ji-Hyeon are soo funny and cute together."
260,런온,so underrated! The second lead couple stole the show for me tbh
261,런온,siwan nya ganteng
262,런온,the sexual tension between mijoo and danah is insane
263,런온,"comfort drama!! mijoo and seongyeom are my babies, and they had the sweetest and healthiest relationship i’ve seen in a drama tbh.. no toxicity just love... the only issue i had with this was that although yeonghwa was a nice and funny second lead, i didn’t really gaf about his relationship with danah. and danah’s kpop star brother was such a random part of the show, they mentioned that danah and him had this illness but never revisited it like ok? 😭 also the fact that the mother was literally useless but redeemed herself and even the dad got a chance to ‘close his chapter’ and try to be a Good Person by bringing his wife flowers at the end..."
264,런온,"i haven’t been able to stop thinking about this drama since the first time i watched it and it honestly gets better with every rewatch. comfort drama. feels like a warm hug, feels like visiting a relative or close friend’s house in winter with the fireplace crackling and eating a home cooked meal and talking about the has beens and yet to bes."
265,런온,"Une série terriblement attachante qui agit en baume de fin de journée; je ne m'attendais pas à autant alors que certains moments font grincer des dents au départ (l'intro musicale comprise). Cependant, un charme indélébile se forme et ça devient rapidement irrésistible avec des personnages fascinants et intrigants.
Il y a également un amour du cinéma qui s'en dégage par le boulot de traductrice du personnage féminin principal (Shin Se-kyung ) qui se charge de cette tâche autant sur les tournages que le boulot ingrat du sous-titrage. Lee Bong-ryeon est aussi une révélation mémorable de cette série qui languit de façon surprenante en tête."
266,런온,"Simply mad at the way people treat other people in this. Like it started with woo-shik being bullied & then how Dan-an treats her brother & how the assemblyman treats mi-joo. Like y’all never learned to be NICE. Also I know Dan-ah’s brother is like kinda a dick and also annoying but as a younger sibling who isn’t close with their older sibling I can’t help but feel bad for him . I mean he just wanted to be liked by his only family & I can’t blame him for acting out when he wanted attention because like I used to do the same thing. On that note, one of the reasons I think this show is so good is because every character is relatable to some extent, like they have flaws and those flaws are talked about and explored instead of pretending the characters are perfect like a lot of other dramas. I also think seon-gyeom & mi-joo have one of the healthiest relationships. Im still confused if dan ah & yeong-hwa actually ended up together tho?? But seeing kang tae oh playing yeong-hwa made me so happy, I loved him in doom at your service and I’m glad he got some more screen time in this drama. I also enjoyed the badass/strong women and absolute soft boy thing that every single couple had going on. Like let’s be honest none of the boys had a single brain cell, they were kept by their girlfriends. Ji hyun is an exception to that tho, he actually lost his only brain cell when he was with may."
267,런온,why the guy has absolutely no facial expression wtf
268,런온,this show is obviously not for me but it was cute!
269,런온,The amount of comfort this drama provides me is unimaginable 🥺
270,런온,It’s the most healthy relationship i’ve ever seen if u exclude seongyeom’s father
271,런온,he's a runner he's a trackstar
272,런온,it is my comfort drama
273,런온,"Oh Mi Joo es una traductora fanática de las películas, inteligente y sarcástica, siempre buscando frases o relacionando todo con escenas de películas, misteriosamente conoce a un deportista en posición #2 , al principio siempre se encuentran casualmente, hasta que la empresa de el la contrata de traductor.
Ella lo va descifrando mediante su pasión que es correr. El no conoce nada de películas :(
Ki Sun Gyum es despedido de su equipo por agredir (bullying) a otros deportistas que golpeaban a otro jugador, compañero, amigo Kim Woo-sik.
Le da miedo quedarse solo, por eso vive en hoteles :(
No tiene amor propio siempre se preocupa por ayudar a todos menos a el mismo, aunque sea inocente y lo hagan quedar mal.
Se me hizo super tierno como es su relación de amistad con Kim Woo-sik actúan como niños.
Bien diferente a su relación de amistad con Kwon Young Il siempre discutiendo por todo.
Es chistoso cuando se ponen borrachos Oh Mi Joo y Ki Sun Gyum, JAJAJAJA me da risa que luego no saben que hacer y como actuar ante cualquier situación de noviazgo, que lindos.
Dan-ah, es de un carácter super especial, duro, hace las cosas a su favor
“No todos los hijos lloran las muertes de sus padres, y no todos los padres aman incondicionalmente a sus hijos”
Sus hermanos, que al final intenta entender y querer.
Lee Yeong-hwa pinta muy cool, tiene una enorme sonrisa, su carácter llorón es la onda ajaja
Cuando Ki Sun Gyum llora por primera vez T_T sjhbdhjdn quedé rota </3
Y yo que creí que no se iban a dar sus besos bien dados y hasta el final, pum, tómala.
Me gustó este dorama porque tiene mucha historia detrás de cada personaje, tiene partes chistosas, mezcla la música, el cine, con el arte y el deporte (pasiones)
El reparto es muy bueno, sin embargo el actor principal Yim Si-wan su manera de actuar me causó un poco de conflicto, siento que parpadea muy fuerte, tiene varias muletillas, bien curioso, no sé si esa era la intención de su personaje o en verdad es de su persona. Me gustan las caras que hace de sacado de onda jaja.
La actriz principal Shin Se-kyung se me hizo muy cute, tierna,
de Choi Soo-young me encantó su caracterización en especial los conjuntos de ropa que le pusieron super elegantes haciéndola destacar mucho.
Frases que rescato:
“No quiero que desaparezcas” “No lo haré
“Entonces podrías quererme? “Ya te quiero”
“ El protagonista, no entendía sus fracasos en la vida, acabó lastimado a la única persona que estuvo a su lado. Y se dio cuenta del valor de esa persona demasiado tarde. Pero me recordó a mi mismo. Tenia miedo de que las cosas acabaran entre nosotros, al acercarnos más. Tu afecto me da sentido y valor. No sabía si tu sentías algo por mi, como yo lo siento por ti”
""¿Podrías quererme por favor? nunca he sido tan terco con algo, ¿podrías enseñarme a no terminar una relación?""
Adelante llora todo lo que quieras."
274,런온,"yes, this took me like a month to complete,,, but i still loved this very much 😤😤 what a nice calming kdrama. the music was especially awesome 👌 i think my favorite was the alpha wife, omega husband scene at the very end lol"
275,런온,"This is actually nice! I loved how there are many detailed subplots and all are entangled together well. The underlying messages regarding the realities of film (and even its subtitles), art, media, LGBTQ+, sports, politics, bullying, and many others despite keeping strict with a romance core.
I like how linear this plot is. I like how the first half is Oh Mi-joo and Ki Seon-gyeom's main storyline. I like how they built up the characters well. From the get go, end of episode 1, you can already have a very comprehensive idea of the characters' personalities.
The second half was stellar as well as it dives more into Seo Dan-ah and Lee Yeong-hwa's storyline. In my opinion, I loved this duo better, since I can resonate with it better. And I love their chemistry more. But that doesn't negate Mi-joo and Seon-gyeom's chemistry, it is also good.
If I would nitpick anything, for me Dan-ah, Mi-joo and Seon-gyeom has been following a united plot for the whole series with Yeong-hwa quite having his own subplot. It was actually resolved in the latter part of the series well but it was kind of confusing to me at first of where his character is oriented at in the plotline. Though this is a minuscule nitpick, it is actually well-written.
As someone who is also an artist and loves movies, I like how they reference classic movies and art theories in this. It feels like I am part of the conversation."
276,런온,"This drama follows the developing relationship between a national running athlete (Im Si-Wan) and a translator for films (Shin Se-Kyung) as they tackle work corruption, family interference and the hidden abusive culture in the professional sports world.
Run-On had really good pacing and a brilliantly honest depiction of a new and functioning couple. It has a subdued vibe simar to Something In The Rain and Record of Youth, but I felt myself drawn to this more, given the setting.
I also appreciated the nudge towards showing the not-so glamourous life of the filmindustry, the late night working hours and sticking around to the end of the filmcredits.
The supporting characters, particularly Sooyoung, was one of my favourites. A high powered boss woman, styled in suits and sneakers. She brings the wit and humour to the drama. My second favourite is the roommate, played by Lee Bong-Ryan. She is the CEO at a production company and gives us the practical support as well as deadpan humour."
277,런온,I don’t think I’ve seen a k drama like this before. It’s very wholesome and laid back but remains true to reality. With shitty parents and all. Also it show how the love triangle shit isn’t necessary like just normal relationships are okay and it’s not always about conflict. Very nice
278,런온,adorei os secundários
279,런온,it's true when ppl said it's pure comfort i thinl the way they wrote every character in this drama is so nice and the best thing would probably the characters actually communicating w each other and talk it out when they have a problem so there's no silly misunderstanding<3
280,런온,These two were so cute and sweet that I nearly had cavities.
281,런온,How can people not like this. I don’t understand. The acting is so authentic? Like come on. One of my favourite kdramas.
282,런온,Run On is truly one of da best underrated kdramas. The level of maturity in dis drama is sooo admirable. Such a beautiful ending!! every1 had their fair share of happily ever after. Sooo heartwarming n wholesome <3
283,런온,i.pinimg.com/736x/5e/2f/7d/5e2f7d08f3b2e5ca36577c7b07691d6a.jpg
284,런온,and they say romance is dead
285,런온,"overall a very cute fun show!!
it was such a warm hug tv show i love it"
286,런온,the self love and such a comfort drama that i got aspired so much. and when can i got my gi seon gyeom? thank yew.
287,런온,Miss sooyoung if you read this I'm free on Thursday night and would like to hang out. Please respond to this and then hang out with me on Thursday night when I'm free.
288,런온,most loveliest kdrama i've watched so far. perfect drama for spring and fall bc of all the pastel hues.
289,런온,A cute and wholesome story of two beautiful people. This will always be my comfort show. My favorite part of this show is when the wife finally slaps her husband lmao it was so satisfying 
290,런온,"Muy bonita, te libera de tantos problemas, violencia y maltrato que se ve hoy. Muestra varios puntos importantes como el papel de la mujer en un mundo machista y los hombres en su búsqueda de amor propio. La protagonista tiene una personalidad muy interesante que esconde traumas de su niñez pero la fortalece a la vez. Ries, lloras y le tomas cariño a cada personaje. Un buen final!!!"
291,런온,watched it twice during exam week so that says a lot.
292,런온,but did mijoo write the subs?
293,런온,the moment to remember part 😭💗
294,런온,"just finished ep. 12 and i alr got some thoughts—
i get that people say that this is somewhat a boring kdrama and yes it is a slow paced one. but i think thats just how it is, it simply portrays life and whats going on in each character's life
although i think that it is kind of cliche because its the kind of—male lead is in a rich family, and father spies on him, attacks the girls and girl decides to end things with the man kind of trope which i right away kind of predicted will happen at the start
but besides that i agree that this kdrama does radiate a refreshing, wholesome, comfort kdrama without any heavy drama between the characters and is just filled with healthy relationships, friendships and love
i also love how it showcased what its like for the people behind the film and sports industry, i also find that kind of interesting bcos those kind of things aren't usually shown in kdramas. i liked that part where mi joo mentioned that translations were like a bridge for languages which i realized was so true and plays a big part in our lives especially when it comes to the things we watch or even read, that without translations we wouldn't be able to understand each other, for instance, this moment of me watching a kdrama. such things like kpop and other more wouldn't also be as huge and worldwide if it weren't it for the translations and even for the kpop fans, as an example, without precise and thorough translations they wouldn't be able to understand and admire their idols' character and personality as they watch them in like interviews, for instances, and such.
it also emphasized how there are really people in politics who sees and uses their family as objects and animals that they could display at their zoo or some trophies or achievements that they could display and brag about as if it were something that defines them, that there are really powerful people who only cares about their image, reputation and wealth over pure & genuine affection for their family and would only decide to feel those only if it will be at their advantage. tbh seon gyeom & eun bi's father and just the people there in politics disgusts me, i cant believe he considers himself a father & wife. the part where he used eun bi to feed his friends' ego of getting eun bi touch them in disguise of her teaching them how to golf literally DISGUSTS ME. and although eun bi knew better she decides to just continue with it to appease his father and avoid any more conflicts between their family makes me sad.
one of the things i mostly love abt this show is how it portrayed women empowerment (!!!) through mi joo and dan ah who were strong & independent women. i don't know if anyone noticed but there were so much scenes where the show conveyed women empowerment. just with how mi joo knows how to defend and stand up for herself whenever misogynistic men tries to look down on her and blames and uses the whole women gender for something as if us being women is our fault and is a hindrance for us to excel at something she immediately calls them out. and there was also this one scene where the association were discussing about the case of the athletes that abused woo sik where the woman there mentioned and pointed out how it all happened bcos hierarchy was enforced around sports specifically the track & field and that the organization is too male-dominated which is why they need more female in leadership, which is so true !! in the sports industry we tend to think and prefer that men are more suited for these kind of jobs and circumstances and the fact that that one man said it wasn't what matters the most says a lot too.
now about the character's love relationships i love how both couples naturally expressed how they felt for each other in like a natural way without it feeling awkward but more on a cuter side. i liked how their relationships leveled up maturely although with yeong hwa and dan ah's twas kind of hilarious, on a deeper note i find it really mature
i liked how twas between people who all have different level of status, lifestyles and such who found their way to each other and got their lives interwined. especially with dan ah & yeong hwa's rel. i think that their kind of relationship isn't usually shown in dramas but the other way around where the man would be a more succesful one and the girl is the average one so it was definetly a refreshing thing to watch ++ i find them so cute how dan ah who is usually serious and all and yeong hwa who is friendly and chipper contrasted each other and showed exchanged a side of them to each other.
finally finished watching it and i gotta say its really nice to see how they all got their own happy endings and how they just continued with how they usually are with each other + iono with yall assrmblyman ki deserved that sad ending:/ he was such a bad father & husband lmfao
here's some dialogues that struck me
you dont make friends out of need, you just naturally make them
some feelings grow stronger with time
""we'll probably never fully understand each other right?"" ""we're different after all.""
""you have your world, and i have mine. but we could align our worlds next to each other, couldn't we? so let's not be disappointed even if we can't understand each other"""
295,런온,It’s definitely going to my comfort drama list :(( <33
296,런온,oh mijoo my sunshine my beloved my everything
297,런온,"this show is definitely going on the list of my favorite shows, i just loved everything about it."
298,런온,"#RunOn
Drama ringan yang ga perlu banyak bumbu 'drama' di dalemnya. Semuanya ngalir gitu aja dan cocok banget buat yang butuh tontonan sambil santai tanpa beban, tanpa mikir berat, dan tanpa harus ribut-ribut memihak tim siapa.
Rate: E.T/5"
299,런온,"So good, 10/10. When Kang Tae-Oh becomes a first male lead, I will know peace. Also, make him bi or pan because why does this man have chemistry with every character he interacts with? Sick."
300,런온,seo dan ah can step on me
301,런온,amei demais meu fav não tem tanta songuice dos personagens simplesmente lindo
302,런온,Seon Gyeom es literalmente un hombre con todas las letras
303,런온,"Super soft and cute, but I almost felt more invested in the 2nd leads than the main couple??? Also I'm begging someone to give Taewoong a hug"
304,런온,"I’m not 100% sure I liked it. One of the reasons must be the main character. The film translator who doesn’t sleep and drinks only juices... yes that’s totally me. I felt exposed but also a bit touched.
Also I love running, so yeah"
305,런온,"esse dorama me conquistou por vários motivos, um deles é desenvolvimento do casal sem precisar de triângulo amoroso e eles possuem um relacionamento extremamente saudável, fora que existe certa representatividade nele (primeira vez que vejo num drama). amo os casais dele e não é nada forçado. também tem o plot, que por mais que não seja algo bem “uau”, é bom (até demais). te amo run on, te amo."
306,런온,SÅ BRAAAAA
307,런온,"Finally, a show with NONTOXIC relationships and NO LOVE TRIANGLES!! God I really hope that future kdrama writers watch this and take notes bc I promise you we do not want toxic relationships, society has progressed past the need for love triangles!"
308,런온,"que dorama incrível, personagens bem construídos, história boa 😭😭😭😭 não acredito que acabei"
309,런온,"*sooyoung appears*
me: 5 STARS!!! 10/10"
310,런온,"A drama that I wish I could forget and just watch all over again. It was the highlight of my weekends; the thing I would wait for the most. Watching it while it was airing and waiting for the relative behind the scenes, reading the reviews of other fans around the world after completing an episode was a whole other feeling. Its a chillax drama, no dramatic stuff and the dialogue was hats-off awesome with cool humor, sassiness and amusing characters."
311,런온,very comforting + the film references are really cute
312,런온,la prota es traductora pero no bisexual?????? no es muy realista pero vale
313,런온,new comfort drama.
314,런온,"its really cute :) and it was truly amazing to see how they normalized certain topics during the drama, especially the character’s sexualities!"
315,런온,"vamos lá, gastei 17 horas da minha vida vendo isso com esperanças de que em algum momento eles soubessem o que estavam fazendo. Personagens maravilhosos e tão complexos desperdiçados de uma forma tão porca, eles não souberam desenvolver nem o protagonista e nos últimos ep enfiaram um casal secundário. Roteiro cheio de furo, eps de 1h cheio de coisas inúteis. Foi legal ver a evolução dele mas foi tão tosca e fraca, tinha tanto potencial, deixaram pra fazer tudo no último ep, e foi tão rápido que não deu pra sentir o gosto do desfecho"
316,런온,they they they
317,런온,Choi Soo Young and Kang Tae Oh are everything in this drama.
318,런온,another comfort drama
319,런온,"love love love it, Ki seongyeom is literally a golden retriever."
320,런온,very sweet and healthy relationship depicted by the main lead couple which was super refreshing to watch for once! the background plot was a bit boring to me though 😗  did not care for anyone but the main leads im sawryyy
321,런온,slow paced but keeps it interesting
322,런온,"I fall in love ❤️.
A very beautiful drama with a lot of beautiful character."
323,런온,"Já fazia muito tempo que eu não finalizava um kdrama, mas esse aqui ganhou o meu coração. Com certeza se tornou o meu favorito, tem uma ótima relação entre os leads, ótimas referências e uma abertura para conversas importantes! Espero que seja só um início para uma nova onda de kdramas tão bons quanto esse."
324,런온,this was such a comforting kdrama and it was so cool to see the main female lead be a translator/interpreter. i fell in love with all the characters AHHHH!!!
325,런온,"if i could wrap this drama in a box, it would be a gift box with this energy:
*･ﾟ✧・゜゜・．ღ .・゜゜・✧･ﾟ*"
326,런온,cliche maravilhoso chorei em todos os episodios pelos motivos mais bestas possiveis e nao me arrependo de nada
327,런온,"the only kdrama i’ve ever watched and my god is it amazing. sooyoung my wife, and sekyung my girlfriend, i loved this show so much"
328,런온,"An amazing drama, I fell in love with every character,  it was a good display of healthy relationships and growth. I really loved the male lead’s character because he was charismatic without showing a lot of emotion."
329,런온,demorei bastante pra terminar esse mas ele eh muito bom so tem gente bonita no elenco a principal eh uma cinéfila o casal CONVERSA achei uma experiência sensacional 💘
330,런온,"i didn’t finished yeat but all i can say i’m loving this drama, i feel the main couple has such a healthy relationship (something relatively new on kdramas) and like their chemistry is so good. the way that the both characters help each other with their unsolved trauma without being codependent is just beautiful. also asexual representation so important. 
YES, IT’S A 5 STAR DRAMA. 
please watch run on. 🤍"
331,런온,"i honestly liked this kdrama, the story felt somewhat different and unique in a way from the others despite having some flaws characters wise and some cliches, overall it was a good show to watch and i enjoyed how the main characters have a sense of actual growth instead of just making them be flawless people. it was a bit dull towards the mid part, i think there was more room to explore Seongyeom character and really understand how he sees life. 
Mijoo was a strong character and a good female lead for this role, Sekyung is an amazing actress and did justice to Minjoo’s persona. 
Now there was a moment when the supporting characters had a much more interesting story plot than the main ones but i think it actually works for this particular story in a sense that lets you rest from the ‘main drama’ and its whole world, so you end up getting a cute, funny yet really deep relationship between Danah and Yeongwha which i really loved. 
I would watch this show sometime again in the future and would recommend people to watch it."
332,런온,tbh i expected a better plot bcs of the hype around this show but!!! it was still SO CUTE !!! i love it
333,런온,seo dan ah please give me a chance
334,런온,"i have one thing to say about this show, and it is that it is testament to the beauty of slice-of-life! *__*"
335,런온,the way this warmed my heart i just 😭 😭 😭 😭 😭
336,런온,"insane chemistry between the leads. a really good balance of comedy, life lessons and love. i actually watched the first episode and stopped watching because i didn't find this interesting, but i'm glad i stuck through. i wouldn't say run on is a hidden gem because it's now getting recognition, but for it to be released during true beauty's era sucked because it deserves (in my opinion) the exact same attention.

ALSO HOMEGIRL IS A TRANSLATOR FOR FILM?? I KNOW YOU GOT LETTERBOX SIS"
337,런온,"I love this so much. I have so many feels for this drama. Ahhh I love how yung mga side characters ay nabigyan din ng closure yung stories nila kahit na mabilisan lang, Also hindi siya heavy drama, hindi rin naman super light. Swaks lang siya for me. PERO I CRIED TALAGA SA DRAMA NA ITO. ALSO WINNER YUNG OST OKAY HUHUHU current fave ko ito as of writing this"
338,런온,chill slice of life drama but got a little boring towards the end because i knew they were all gna be happy couples
339,런온,My ★★★★★ review of Run On on @letterbox
340,런온,it wasn't boring at all some of you just love drama way too much!!! healthy relationships looks like this fyi. FAVORITE!!! every character is lovely
341,런온,"if you watch dramas this should be on your list to watch asap.  also, catch that ace representation eh"
342,런온,"i'm not one for kdramas or romance, but the characters are just so lovable and their dynamic gives me ""found family"" (which i am a sucker for), its just very heartwarming! also, the soundtrack is stunning, dear god."
343,런온,damn i used to run track and also quit.....guess i’m 선겸
344,런온,the best.
345,런온,This show is so wholesome omg
346,런온,"MEUS AMORESSSS tenho um soft spot por esse drama, o roteiro super bem trabalhado, um romance TÃO bom de se assistir que minha vida amorosa nem é mais tão importante depois disso"
347,런온,It feels strange but feels like sunshine. Lovely🤍
348,런온,"phenomenal. the witty tikitaka dialogue is on point and very different than any other kdramas. each character isn’t That strong when it comes to impression but that’s another strength. we don’t need a super bold or super soft character for us to remember them. it’s hard to write a consistent character and the writer really did good writing seongyeom and mijoo. seongyeom discovering why and how he should love himself more through love, mijoo who loved herself enough to not let herself to be treated badly by anyone. 
this is so fresh in its own way and it’s super crazy good. writer rookie is indeed crazy! Run On is the living proof that you can have more than two main leads and still have a fair plot given to the main leads. even the supporting characters were done excellently. 
i love this so much. :)"
349,런온,We all need more this kind of drama
350,런온,"AHHH I LOVED THIS, SO REFRESHING"
351,런온,yim siwan in a romance drama?!?!? consider me blessed 😌
