,title,reviews
0,검색어를입력하세요WWW,bae ta mi and cha hyun the #1 enemies to lovers
1,검색어를입력하세요WWW,girlboss but unironic
2,검색어를입력하세요WWW,Girl power alias suka bet pas adegan nih cewe bedua pas ngancurin tuh mobil. Goks lah!
3,검색어를입력하세요WWW,this could have been THE perfect sapphic kdrama
4,검색어를입력하세요WWW,this drama offers not one but three (3) milfs. what a bless.
5,검색어를입력하세요WWW,"korean 🇰🇷
i love how well-written the female characters are!! it was nice to see how even when they were rivals or had disagreements with each other, they handled it in very mature ways. i love all of thems so much but jeon hyejin's character stood out for me!!"
6,검색어를입력하세요WWW,secondary couple > main couple
7,검색어를입력하세요WWW,"Simplesmente pare tudo que você está fazendo e vá assistir Search WWW.
Eu não vi tantos doramas na minha vida, mas não acho que isso vá influenciar minha opinião. Eu sei que existe dorama sobre qualquer coisa e é um universo bem vasto, eu só não estava esperando NADA que aconteceu aqui. Eu ri, eu chorei, me diverti, questionei minha moral, questionei justiça, me apaixonei, sonhei, lembrei de amizades verdadeiras que fiz na vida, repensei estruturas de relacionamentos, isso tudo em 16 episódios.
Não é clichê e se for também, não importa: é bom.
Apenas digita aí na netflix: Seach WWW."
8,검색어를입력하세요WWW,i seriously wanted to give this show a four but the ending disappointed me. i loved all the couples though. i wanted jin-u and ga gyeong to be happy together. i don’t get why they didn’t make that happen.
9,검색어를입력하세요WWW,PROTECT SEOL JI HWAN AT ALL COSTS OR ELSE
10,검색어를입력하세요WWW,"what if… what if we kissed at the subway lost and found while all the lost phones ring and blare different lights, making it seem like we’re kissing at a club 🥺👉🏼👈🏼"
11,검색어를입력하세요WWW,"Ladies and gentlemen,
Cha Hyeon aka Scarlett."
12,검색어를입력하세요WWW,was expecting some sapphic moment but thats too much too ask right
13,검색어를입력하세요WWW,"Cha Hyeon/Scarlett is the feminist queen we all need.
I think it was a great k-drama overall and really enjoyed every episode but Ga-gyeong's family was quite unrealistic and bored me to death. It could've been better.
Anyway, Seol Jihwan I'm free this weekend pls call me <3"
14,검색어를입력하세요WWW,"24. Search WWW (2019)
All three leading ladies and their fierce personality is what keeps this drama appealing, the competition between two companies are also interesting. Sadly, the romance stories here are weak (esp. between JKY & ISJ) (3/5)"
15,검색어를입력하세요WWW,"it started being awesome with a lot of female empowerment, great photography, nice soundtrack and cool characters, but then, it became bored af and unnecessary long, like they could have done the same great story in less episodes and it wouldn't feel like such a tedious drama, but anyways, the best moment was when lee dong wook came in screen for like 2 minutes and said 3 things."
16,검색어를입력하세요WWW,"gaslight, gatekeep, girlboss: the kdrama
i loved scarletts love story, and just wish ta-mi's relationship had more of a resolution, although it did very much pull its weight
i also really liked the commentary on the internet & it's freedoms
just wanted to note that i fully thought this was going to get sapphic so if you're reading this don't get your hopes up"
17,검색어를입력하세요WWW,"i know this drama is supposed to be a girlboss drama but it was so bad the main girl was so frustrating and annoying. the only people I cared about in this drama were dahee and jaewooks character, everyone else got on my nerves and I had such a hard time finishing this drama tbh I don't know how I did"
18,검색어를입력하세요WWW,cha hyeon supremacy who’s doing it like her
19,검색어를입력하세요WWW,AKA search: WLW
20,검색어를입력하세요WWW,Fully a girlboss themed show. I adore my girl Lee Dahee <33
21,검색어를입력하세요WWW,"I think that the love story of the main couple was unnecessary, the drama would have been more catchy without it because it already had an interesting story line and strong characters.
On the other hand I wish there were more scenes of scarlett and ji hwan ;("
22,검색어를입력하세요WWW,Ok but Scarlet's love story could be another kdrama. Overall i enjoyed the drama if it wasn't for some scenes like please they could've kissed there
23,검색어를입력하세요WWW,milfs
24,검색어를입력하세요WWW,crying int the club?? i only know crying in the 노래방
25,검색어를입력하세요WWW,The main storyline about search engine company was original and fresh. The performances in this drama was beyond words!
26,검색어를입력하세요WWW,"The girl bosses I never knew I needed! Fell a bit flat at times and the relationship between the two main leads (although sexy) may be doomed to repeat in its struggles, but I absolutely loved any scene with these badass women dominating their industry and supporting each other."
27,검색어를입력하세요WWW,"son dönem kdramalarında klişe güçsüz kadın tiplemesi out oldu ve güçlü kadınları görmeye başladık, bu dizide bir değil, iki değil, tam üç taneler"
28,검색어를입력하세요WWW,"i bow down to the three ✨women✨ who owned this drama. i watched this for lee jae wook but stayed for cha hyeon, bae ta-mi, and song ga-gyeong. <3"
29,검색어를입력하세요WWW,come on women
30,검색어를입력하세요WWW,Dude was really hot. They should've gone with the lesbian plot for the second leads. But the women were really well written.
31,검색어를입력하세요WWW,girlboss
32,검색어를입력하세요WWW,미스 슬로운 한국 각색물인줄...
33,검색어를입력하세요WWW,爱情戏剪了就五星
34,검색어를입력하세요WWW,could have been better with some lgbt
35,검색어를입력하세요WWW,#teamunicon Real-time keywords are made by our users and it’s their RIGHT to be informed about issues like this.
36,검색어를입력하세요WWW,bae ta mi dominating the whole korea
37,검색어를입력하세요WWW,the producers really be messing with us thinking we can't tell that all three of them are the definition of wlw solidarity
38,검색어를입력하세요WWW,"Yeah, enemies to lovers is amazing. But man, enemies to reluctant alies to best friends just hits different. And maybe it's my bias, but especially when it's between two equally badass women>>>"
39,검색어를입력하세요WWW,"very average kinda tedious drama but the side characters warrant the extra stars. lee jaewook really the finest most beautiful man ever he’s such a good actor too,,,, lee da hee carried search www on her back she’s so pretty and written so well here like this is how – i actually hate this phrase – strong female characters should be written can the industry please take notes?? i hate when im watching a drama and the side couple are more compatible and have better scenes than the main couple like this ain’t what i tuned in for are the leads not ASHAMED"
40,검색어를입력하세요WWW,"eu ameiii, apesar de ter perdido um pouco a força nos episódios finais ainda achei muito bom. infelizmente o que mais perdeu a graça pra mim foi o romance principal, não sei, achei o conflito deles meio arrastado, mas pelos menos eles se comunicavam!!! já o casal secundário estou completamente obcecada e queria que eles fossem os protagonistas 🥲 fofissimos, cha hyeon rainha bissexual.
fotografia lindíssima e a ost DE MILHÕES. a última cena tocando mamamoo pelo amor de deus arrepieiiii"
41,검색어를입력하세요WWW,Girl power vibes 🔥
42,검색어를입력하세요WWW,SEOL JIHWAN YOU HAVE MY HEART 🥺🤏
43,검색어를입력하세요WWW,pls the way this could have had a sapphic couple-
44,검색어를입력하세요WWW,Impressive! I stan powerful women and their positive circle vibes. You go girl! It's girls fixing each other crowns.
45,검색어를입력하세요WWW,uma das séries mais girlboss da coreia que eu já assisti…..cha hyeon >>>>>
46,검색어를입력하세요WWW,Opening is cool but idk it feels very disconnected
47,검색어를입력하세요WWW,Lee da hee & jang ki yong i did this for u
48,검색어를입력하세요WWW,"I loved this drama so much. Gave me Girl power in every form.
Definitely one of my all time favorites"
49,검색어를입력하세요WWW,honestly a very neoliberal plot and repetitive romance but of course a great casting specially the extras and secondary characters
50,검색어를입력하세요WWW,"naur bc the main couple was insane for what they fought over and broke up over. like, maybe it’s just me but you don’t have to get married legally to a) be in a super longterm relationship and b) to even have a wedding. like girl you can both win. just stage a wedding without filing the papers. ffs."
51,검색어를입력하세요WWW,Didn't care much for the romance between the FL and ML. But this is a great workplace drama about women who work for the two largest search engine companies in South-Korea.
52,검색어를입력하세요WWW,Womens power 🔥🔥
53,검색어를입력하세요WWW,i watched it cause i liked the main ml the tall one anyways i stayed for the kdrama actor and the fan they’re cute
54,검색어를입력하세요WWW,"Bagussss, keren deh. Woman power!!! Tapi kurang suka aja sih sama loveline tami. Loveline scarlett lucu bgtt"
55,검색어를입력하세요WWW,"It's nice to see k-dramas where there is female empowerment and protagonists that does not fall into the cliché of being weak or submissive, WWW is the perfect example that this can be done from a respectful point of view and not being cringy or annoying."
56,검색어를입력하세요WWW,"the romance of the first pair was boring, the second leads romance stole my attention."
57,검색어를입력하세요WWW,The part where the ladies destroy the car is awesome. I could watch it over and over. Hurrah for strong female leads! I hope to see Jang Ki Yong in more lead roles.
58,검색어를입력하세요WWW,"apologies to kim seon ho and ryu jun yeol,
lee jae wook has my heart now."
59,검색어를입력하세요WWW,I <3 MILFS
