,title,reviews
0,시멘틱에러,only gay people change their whole wardrobe to a specific color just to piss someone off smh
1,시멘틱에러,"finally a korean bl that i can vouch wholeheartedly! not just fan service but also the script is well made, no straight awkwardness between the cast and acting is well enough uwuwu i enjoyed a lot~"
2,시멘틱에러,if red is bad why hot
3,시멘틱에러,semantic error only having 8 eps is extremely homophobic
4,시멘틱에러,"jaeyeong: 😒😒😒
sangwoo: 😞 hyung 🥺
jaeyeong: 😟🙁☹️🥺

me: 🙂🙂🙂🙂🙂🙂🙂🙂
mar 7 - 11"
5,시멘틱에러,sitting on the same table with to my star
6,시멘틱에러,jung jaeyoung walks around campus all day with no homework completed and his hyung kink maxed out. have some shame
7,시멘틱에러,the actual chemistry between the characters... yea i hope my next breath is my last
8,시멘틱에러,"have a lot to say about the drama but what i'd like to point out is how both seoham and jaechan r so genuine about portraying queer characters like:
(1) jaechan's company tried to stop him from accepting the role yet he persuaded them to do it
(2) seoham and jaechan were the ones who suggested the kissing scenes (that were initially just hug scenes) because they think it would be for the best
their chemistry and delivery is crazy but we have to give them the credits for being sincere in the world full of BL actors that uses the concept for clout despite being homophobes!"
9,시멘틱에러,could've been 5 stars if Jang Jae Young's hair was red smh
10,시멘틱에러,"Finally, korean brings a good bl to the surface, let's celebrate this together. No they're not toxic, they're wonderful couple and great person, f*ck anyone who says otherwise."
11,시멘틱에러,i love how everyone on the show just thinks OUT LOUD in public.
12,시멘틱에러,i can not unsee jisung from nct on chu sang woo pls i need help
13,시멘틱에러,i would've also gotten a boner if jaeyoung whisper in my ear like that
14,시멘틱에러,ennemies to lovers?? sign me up✍🏻
15,시멘틱에러,very gay. thank you
16,시멘틱에러,if nobody got me i know k-bl directors doing some changes in the script instead of following the manhwa got me 😌 can i get an amen?
17,시멘틱에러,finally annoying bisexual artist representatation
18,시멘틱에러,i want choi yoona's hand in marriage
19,시멘틱에러,finally a realistic representation of how doing group presentations at university looks like
20,시멘틱에러,sonunda izledimmmmm sukur 🙏 bayildim cok tatliydi keske daha uzun olsaydi… neyse bu arada dizideki iki kiz off ikisine de asik oldum keske ikisi ciksaydi ve seoham gercekten galiba hayatimda gordugum en cekici insanlardan biri her ekranda gorundugunde ic cektim resmen valla o nasil bi Yuz… oneririm neyse 🫶🏻
21,시멘틱에러,"I've never seen anyone make all red outfits look sexier than Jae-young. Standing ovation for my king. 🥵🔥
Semantic Error is like the family member that's riddled with flaws but you love them despite all of their issues. The plot could've been a lot stronger, the acting came off a little monotone and lacked range, and for most of the series the script felt too fluffy and unrealistic. These are pretty much the same issues I have with most Korean BL's, but as I said despite all this I really grew to love Semantic Error with each passing episode. It started off a bit slow and shaky but progressed nicely into it's conclusion. The chemistry between Jae-young and Sang-woo was great and the kissing scenes were a far improvement from other K BL's. I actually felt something each time they kissed. I know it's literally like asking for diamonds to fall from the sky but I'm hoping for a second season. It would be nice to see Jae and Sang establish their own successful gaming business and subsequently experience strains on their relationship, putting their love for each other to the test (cliche and cheesy I know but it would be cute lol)."
22,시멘틱에러,"ooh, look at me… i’m jang jaeyoung, i have perfect bone structure and kind eyes. go fuck yourself, jang jaeyoung"
23,시멘틱에러,finally may malo-log na ko at ano pa nga ba kundi pambading na naman!!!
24,시멘틱에러,"I’m a really big fan of the Semantic Error manhwa, so this was a real treat! The first episode had me screaming and crying due to excitement and it was just uphill from there. Was especially delighted to see that my favorite moment from the series, the bar scene, got a pretty great live-action equivalent. Admittedly, none of this has the same emotional depth that the manhwa does, but it was a great time nonetheless!"
25,시멘틱에러,I aspire to be as petty as Jaeyong in his red phase.
26,시멘틱에러,NOT THE HYUNG
27,시멘틱에러,tbh I cringed a lot but I don't have the heart to rate this lower bc I did feel incredibly entertained
28,시멘틱에러,"I will put this in the list of ""the bl that irresistibly enjoyable and deserves the second season""."
29,시멘틱에러,"coming from someone who have read the manhwa, i can say that they really delivered!! honestly would've been five stars if they included more scenes from the manhwa ifykyk.
but aside from that their chemistry is really at the top when it comes to korean bls!! the amount of fs they gave filled the emptiness i felt after the show ended.
i mean if jaechan himself is willing to wait for two years to give us season 2 then what's stopping you watcha?? ㄟ( ▔, ▔ )ㄏ"
30,시멘틱에러,"""You're like an error. Bad personality and no sense of time. You're also capricious and irrational. I don't know why I'm like this. I keep telling myself to send you away. I know it's pointless to say this to you, I know that. But I like you. I like you, hyung. I really do.""
*internally screaming
after almost a month and eight episodes; semantic error concluded its final episode last March 10, 2022 (also seoham's military enlistment, imagine how did I felt during that day *crying) sad but glad that they happened.
Semantic Error is a campus romance about Chu Sangwoo, a Computer Science major who is the epitome of an inflexible and strict rule abiding person. He's working on a group project with freeloaders who doesn't contribute. Sangwoo decides to remove their names from the final presentation, it happens that the campus star who everyone knows from Department of Design's Jang Jaeyoung is also in the group. Jaeyoung has everything from looks, skills, background and good social except for one big problem Chu Sangwoo. Jang Jaeyoung is like a semantic error in the perfect world of Chu Sangwoo. What happens when an engineer and an artist whose personalities are like oil and water have to work together?
i remembered, there were announcement that they will adapt semantic error as a series; i have read the material and i thought it could be good since its a campus romance plus i love the enemy to lovers trope story in the novel/webtoon; semantic error is already popular so there's expectations too.
when they announced the cast, i never been so satisfied with a casting for a korean boys love series (aside from light on me) i'm very picky when i watch my dramas/series, i don't watch all dramas that are airing right now or the popular ones, i tend to watch when i see something good in it.
from watching the adaptation, you can see that dir. kim soo jung put her efforts into bringing the material to motion; i read an article about how she have worries adapting the series since semantic error is already popular and already have a fan base prior to filming, dir, kim soo jung is known to use her setting as a correlation to the scenes or to the character's situation; in the interview she explained that she identify sangwoo and jaeyoung as colors and when they bound to meet each other as they got closer, they tend to emit the color of purple which signifies that there is an attraction;
kudos to the director and also to the staff behind the cinematography that they used color tones as a way to express the character's emotions and their interactions;
semantic error script writer also have an interview regarding to the series, they adapted the novel with a drama style in their consideration, the novel/webtoon level is not available for teenager that's why they toned down the script material for 12 years and older, there were also scenes in the novel that hasn't been considered due to time duration and public adaptation, he also gave kudos to the production team because most staff are women from writers, producer, director, marketing that's why he's able to know what female audience could like and what could make them uncomfortable.
the soundtrack was also a thing that added foundation to the setting of semantic error, with how the music cues to a certain scene fits well with it.
i also have favorite shots from semantic error and i appreciate the cinematography that this series wants to convey; they filmed this around almost winter that's why you could see some autumn leaves in their setting.
for the cast, i'm so satisfied with the way they cast sangwoo and jaeyoung; i knew park seoham before this but i have never heard of park jaechan and to my surprised he's an idol singer so if you think about it, there's a risk in taking this project and role especially lgbtqa in korea hasn't really been openly accepted yet so him taking this role and starring in a bl drama took a risk for him and i appreciate that he challenged himself,
in an interview jaechan shared that his company stop him from accepting the role but since jaechan is determined, he persevered and finally able to act with park seoham as leads in semantic error;
for park seoham he shared that he declined the offer in the beginning but after he left his group and his company, he tried again to audition and finally got the role of jaeyoung.
in an interview, dir. kim soo jung shared her insight about casting seoham and jaechan; according to dir. kim, jaechan is an abstract actor, the moment he entered the audition room, they found their sangwoo, she complimented jaechan's expressions and movements as he embodied sangwoo and truly I agree, as I watched him, he has a sense of flexibility with how he will execute his scenes,
he can be serious, stern and act cute if he wants too without acting stiff, jaechan is a natural actor that absorbs his material and carried it through motion, SE script writer complimented jaechan for he has great understanding with his character that he able to show it through his acting, they are satisfied with how jaechan executed sangwoo's feelings from hatred to love for jaeyoung that changed throughout the episode going forward. in an interview, jaechan said he hopes that SE will allow to people to understand that LGBTQ love stories are just like regular love stories that they're not unusual or different.
for park seoham, dir. kim, mentioned that they saw a picture of seoham in sweaters/sweat shirt like that one he's wearing in the drama poster and with his model like height & given that he's attractive, dir. kim found their jaeyoung, seoham declined it first, dir. kim mentioned how desperate they are to get seoham in semantic error that they called him again to try auditions luckily at that time seoham is ready and able to do it, finally he's our jaeyoung; script writer complimented that seoham used some ad-libs that the script writer thought he's seeing jaeyoung in flesh, seoham has a great understanding with his character.
park seoham carried jaeyoung as he made him sparkled through his fits, visuals and personality, seoham has that natural attractiveness in him that suits jaeyoung, he mentioned that semantic error has been his great chance and i'm glad he's able to encounter that chance and opportunity, he's now in military, although 2 years might be a little long but i know he will do well when he comes back but gawd thinking about it making me feel old already.
i appreciate seoham and jaechan's genuine friendship and chemistry that they made through semantic error, all the interviews you can say that they are more than colleagues now but now they are brothers bonded by their shared stories, experiences before and after the production, they both mentioned that they have their shared stories of circumstances and them being together in semantic error, they rely to each other,
a little story, seoham and jaechan already met before when seoham still in his group, seoham been rooting for jaechan's group and now they met again in this project somehow seoham called it fate; both of them shared that they are willing to do a season 2 for semantic error, although it might take a while since seoham still have to serve in the military for two years but yes, i'm hoping they could do it because no other korean bl series topped that high in a streaming service locally in korea so yes, i'm hoping for season 2.
the reason why semantic error is so effective and acknowledge by many; the chemistry between seoham and jaechan is so evident and natural, aside from the heart fluttering height difference between them, SE script writer mentioned that when they saw seoham they thought he could be good with jaechan, when they put them together in one frame, the staff have this expression of ""THIS IS IT!"" ""ITS DONE!"" I mean i feel the same too when they saw them together in one frame. seoham and jaechan have this genuine interaction; they both embodied their characters in their own take with considerations of respect and camaraderie to each other.
in the article interview from director kim, she mentioned that jaechan and seoham suggested scenes that fits well with the mood like for example that kissing scene at episode 6 & 8, jaechan suggested it while the epilogue kiss was suggested both by seoham and jaechan, when i tell you this is the kind of actors you want to work with, open minded and willing to go beyond the limitation of the written script,
director kim said that they are also careful carrying the intimate scene since they considered jaechan as the younger lead and probably consulting the actors first before doing it but yes seoham and jaechan did went beyond it and im glad they are comfortable with each other
the interview from director kim somehow gave me a scope of their genuine working space, she also mentioned that the female characters of semantic error, instead of being the antagonist that separates the leads, the female characters of semantic error are independent and talk their thoughts that they became counselors for sangwoo and jaeyoung,
i actually love that; the actors/cast and the director worked together as a team that it radiates through the screen.
semantic error novel/webtoon hasn't finish yet but the drama's conclusion satisfied me that fits well with the adaptation; drama jaeyoung and sangwoo is another alternative universe, it could be an open ending or could be a conclusion but all i know drama sangwoo and jaeyoung are living together, achieving their goals and working things in their relationship.
thankful for seoham, jaechan and director kim for their genuineness and care that they put to the series; this series wouldn't work if seoham and jaechan doesn't trust each other but they did believe and trust each other in the process of it;
they set the bar high for me in terms of korea adapting bl as a series (i also like light on me, would probably watch to my star since most people these three sits together so yeah im looking forward to it but semantic error just hits different)
semantic error is a campus romance drama that follows two characters with different personalities, correlating each other's feelings through technicalities but bound to meet each other in the middle as attraction blossoms.
10/10 would recommend, will binge it again anytime.
sorry for the long review, i tend to write long reviews when i really put my time and affection to a series or film, if you reach the end here, thank you for reading this, much appreciated.
Semantic Error trailer: www.youtube.com/watch?v=0DycWi5nPJo
Semantic Error Playlist from Watcha (if you miss the boys, here's all the SE contents that Watcha made, yes, holding on to these contents for the next two years. Dongyo Ent also release Jaechan's log while filming SE so yes crying in the club rn, missing them)
www.youtube.com/playlist?list=PLUeCZC5QVrhrKfPMqOaapHAYrcWG_es7e


official streaming sites:
VIKI for US/EU region
https://www.viki.com/tv/38375c-semantic-error
GagaOOLala for Asia regions
https://www.gagaoolala.com/en/videos/2571/semantic-error-2022-e01"
31,시멘틱에러,My beloveds sangwoo and jaeyoung you guys have my whole heart...I'll patiently wait for seoham and s2...
32,시멘틱에러,I REALLY HATE GAY PEOPLE SO MUCH😭😭😭❤️❤️❤️
33,시멘틱에러,"im fucking emo
as an artist tho couldnt help but nitpick LMAO what is ur setup jaeyeong??? uve got a display tab that aint even ON??? ure using PS to make game assets oml"
34,시멘틱에러,"看完無論是長度或情節都輕鬆好入口號稱是韓腐天花板的語意錯誤（시맨틱에러）感覺也是一個始料未及的坑（？）
本身是個ＢＬ短小品，改編自同名小說及漫畫，劇情老實說並沒有太多新意但覺得韓國很厲害的是明明營造了一個套路般的模式，但在關鍵時刻不會讓人覺得「這套路又來了好膩」，反而是「這套路我懂他們是真心相愛」（？）。真的是堪稱擁有經營ＣＰ的最強軟實力，戀愛感的氛圍氣場說服力太好，幾個配角與女性角色的呈現也是蠻可愛的。
兩個角色最萌的大概就是177/189相差達12公分以上的身高差（=吻戲時會墊腳）與형的稱謂萌，然後一查花絮發現不得了了根本全糖加爆，也是對年上寵翻年下這件事越來越沒抗力了啦。且看到此劇欲籌備第二季真的是要站起來替導演鼓掌拜託加床戲（修但幾咧）"
35,시멘틱에러,not only korea’s best bl but also the best live action adaptation of a korean webtoon i’ve seen so far
36,시멘틱에러,cuuuuuuuuute but i need to stop trying these webdrama-ish romances because they do nothing for me except kill time and delay reality
37,시멘틱에러,"All Jang Jaeyoung know is McDonald's, charge his phone, twerk, be bisexual, eat hot chip, and lie"
38,시멘틱에러,Two best tropes on earth: enemies to lovers and idiots in love. Could not ask for more.
39,시멘틱에러,"to think this is only 8 episodes but they really be putting good story, good acting, good script, even those little details on every episodes is just crazy. their on and off screen chemistry rocks. this is how i wanted a live action adaption to be like. it’s an adaptation >>>>> original novel and webtoon for me 
it's definitely won for best bl and webtoon adaption on 2022!! the only villain origin story is seoham enlisted on the last day of semantic error gdi"
40,시멘틱에러,this was everything I could’ve wanted from a live action adaptation of this series
41,시멘틱에러,GOT ME BLUSHING AND SHIT ٩(◦`꒳´◦)۶ love them so much
42,시멘틱에러,im both of them in one body help
43,시멘틱에러,"the chokehold these two have me in. at this point, i am claiming them as my best friends."
44,시멘틱에러,if it's enemies to lovers... imma have it
45,시멘틱에러,God damn I love my little goofy gays 💗💗
46,시멘틱에러,cute
47,시멘틱에러,if you're going to adapt the entire story into a minuscule 12 episode extremely low budget live action why in the fuck would u spend most of your time on season 1 where next to nothing happens? why do they change the most inconsequential details from the comic that actually make the story worse and less compelling? why is sangwoo's internalised homophobia literally not mentioned at all? why are the casting guys so lazy they couldn't even be bothered to dye the jaeyoung actor's hair? WHY ARE THEY LEARNING FRENCH?
48,시멘틱에러,@nil bana bunu izlettiğin için çok teşekkür ederim AŞIRI TATLIYDI ASDHFGJSKADHBVSGACJK ÖZELLİKLE BAŞ OKŞAMALARI VE EL TUTUŞMALARI AYYYYYYYYY 💞💓💞💝💝💖💞💗💞💝💘💗💓💕💓💗💘💝 gidip webtoon'unu okuycam şimdiiiiihiiiiiiiii
49,시멘틱에러,v happy to see seoham play his true self
50,시멘틱에러,"a k-bl whose leads Don’t look like they’re being 
held at gunpoint to be a lil fruity on screen? v rare. not nitpicking this bc it delivers in aspects other bls don’t so yeah it was cute!"
51,시멘틱에러,WOAHHH. Powerful. Meaningful. We NEED more content about video game devs who are gay and have lesbian friends
52,시멘틱에러,"I CAN NOT BELIEVE MY EYES IS THAT???? A GOOD???? KOREAN BL???? (/pos) today we, the gays, win. no straight awkwardness and finally some actors who take their queer roles seriously. this is legit the first korean bl without extreme fanservice, bad acting and very obvious homophobes in the cast. LOOK VIKI. THIS IS THE BARE MINIMUM. TAKE NOTES FR."
53,시멘틱에러,Can’t ever go wrong with enemies to lovers and a good height difference 😏
54,시멘틱에러,"The best korean bl series after To My Star. Apa ini jadinya di atas To My Star ya, haha gue bingung yg jelas keduanya nih sama-sama bagus.
Chemistry 2 karakter utamanya bener-bener kuat & natural, cuma satu yg kurang yaitu irit durasi & episode wkwk"
55,시멘틱에러,I know it’s good when I’m yelling at the screen. Loved the chemistry and quality of this show ❤️
56,시멘틱에러,"yes, finally a good bl. loved every episode of semantic error. it was so cute that i want to rewatch all of it."
57,시멘틱에러,my son jaechan kickstarting this year's adoption season for me 🥬
58,시멘틱에러,JAEYOUNG IS SOOO FINEE i need him
59,시멘틱에러,I love the accuracy this live series brings compare to the manhwa. Also omg their chemistry is alive
60,시멘틱에러,perfect cast with perfect chemistry. i need them back do u hear me. bring them back for s2!!!
61,시멘틱에러,"SO FUCKING GOOD LIKE OMG OMG. if only the episodes were longer :((((. but nonetheless the best show ever ever ever. made me cry, made me kick my feet, made me smile, made me vomit 😖😖"
62,시멘틱에러,"seoham was meant to play jaeyoung as much as jaechan was meant to play sangwoo and i cant see it any other way
I LOVE THEM SM 🚶💔"
63,시멘틱에러,"Invented 'enemies' to lovers and gay nd people falling in love!!! good adaptation (liked it Way more than what i've read of the original source at least), great cast, good direction. A lot of love was put into it and it shows. Now I'll dry up waiting for s2 i guess. Also stan Dongkiz they're having a comeback on April!"
64,시멘틱에러,"A Korean bl with openly queer characters and no homophobia? thank you so much. Next step: Korean gl without homophobia (or just any gl, please I'm begging you)
Also, hearing the actors persuaded them to do kiss scenes instead of hug scenes makes me so happy, I was afraid they were secretly (not so secretly) homophobes like certain other bl stars
BRING BACK THE OUTFITS FROM THE FIRST EPISODES even (especially) the red one, it secretly slayed"
65,시멘틱에러,gay people so real i almost died
66,시멘틱에러,sangwoo autistic hes so me!
67,시멘틱에러,hehgrhwe so cute i love them
68,시멘틱에러,Too much fluff for my fragile heart
69,시멘틱에러,THIS WAS SO CUTE AND IT WASNT ONE OF THOSE DRAMAS WHERE IT WAS SO LONG AND TOOK LONG FOR A KISS OR HAND HOLD IT WAS A BIT SHORT BUT IT WAS AMAIZNG IDEK HELCIFIFIGIGIIHIHJ
70,시멘틱에러,No meu ponto de vista pessoal vou dizer é uma obra prima.
71,시멘틱에러,semantic error going through its 2getherfication OuuUUIUUuuuuUu
72,시멘틱에러,no one is safe from the eyes wide open kiss trope
73,시멘틱에러,ver esto me ha devuelto la serotonina
74,시멘틱에러,the best kdrama bl <3
75,시멘틱에러,amazing show stopping spectacular never been done before
76,시멘틱에러,SEMANTIC ERROR IS LITERALLY MY FAVORITE WEBTOON AND THIS DID NOT DISAPPOINT MY GODDDDD
77,시멘틱에러,"wait i didnt expect them to be so cute 🥺🥺🥺 and hilarious!! this was a really well done live action adaptation
jaeyeong some kinda super artist tho??? one-man studio"
78,시멘틱에러,JAEWOO MOVE !! 😒😒 I'm trying to see YUNA and JIHYE on the screen!!! 🗣️🏳️‍🌈👩‍❤️‍👩
79,시멘틱에러,where is the second season you guys i'm crying this is so homophobic i need it rn
80,시멘틱에러,"There were no kissing scenes in the script, I repeat, there were no kissing scenes in the script, bless the actors for convincing them otherwise and fuck netflix for not doing the same in Nevertheless for solijiwan"
81,시멘틱에러,jaeyoung so funny he really said: i’m gonna bully sangchoo yeah this prank is totally gonna work *puts on a red beanie* that’ll show him” and he’s absolutely valid for this!
82,시멘틱에러,"finally, a good one aND TOO MUCH GAYNESS IM NOT COMPLAINING"
83,시멘틱에러,"ang ganda legit huhuhu hindi po ito plastik. iba talaga ang epek basta marunong umacting ang mga artista anek? BEST KOREAN BL outsold,outcharted to my star I'm sawrrryy"
84,시멘틱에러,sangwoo 🥺🥺💞💞💖💖💗💗💓💓
85,시멘틱에러,"One of the best Korean BL ever to be made. Love the drama and the webtoon. Not even a single ERROR can be spotted. O so loved it from episode one to the eighth. I give it a 10/10 peace!! The chemistry between Park Seo Ham and Park Jae Chan is so good, and they nailed the scenes! Just like the webtoon, the acting was spot on. Now, coming to the technical aspects, the sound is brilliant, I love the song ""Romantic devil"" so much. Then the cinematography was okay, loved the opening scene of episode 1 and the ending scene of the last episode. there were so many great elements in this drama. Even though there have been many Korean dramas that have created huge impacts, I believe Semantic Error is the actual beginning of the reign of Korean Bls. There will be a huge to shift to Korean BL, starting from this drama."
86,시멘틱에러,MY BABIEEESSSSS
87,시멘틱에러,First Korean BL I watched and it enjoyed it. Koreans are really something.
88,시멘틱에러,"""ali durante aquela meia hora, cria ali pra você um lugar tão aconchegante, tão reconfortante"" - Boscov, Isabela
torci sim, me envolvi sim, fiquei boiolinha sim, achei uns fofos e fizeram a alegria do meu dia"
89,시멘틱에러,pra um kbl esse aq é bem legal
90,시멘틱에러,5/5 kasi BORAAP yung characters hehehehe do i need to say more bawasan ko nalang kapag nachismis na homophobic pala sila irl just like every k-bl actor ever chariz
91,시멘틱에러,what if we were game designers and we kissed idk .. just a thought
92,시멘틱에러,one of the best kbl let’s be honest
93,시멘틱에러,"Semantic Error aposta no conforto e no desconforto para aprisionar o telespectador numa narrativa perfeitamente desenvolvida.
Leia mais em:
sucodemanga.com.br/semantic-error-review/"
94,시멘틱에러,i could talk HOURS about how jaeyoung is the literal love of my life so i will keep it short...this is my second fave k-bl ever WE LOVE YOU SEMANTIC ERROR WE LIKE YOU
95,시멘틱에러,this was sooo cute but my heart isnt satiated i want more of my beloved chaotic gay boy jaeyoung and his antisocial lover sangwoo!!
96,시멘틱에러,"Pretty impressive for what it is. All the characters are well-acted and some shots, if a bit over-lit, were very pleasing to look at. Most of all, the romance was contextually believable and I found my heart racing whenever Sangwoo’s did, as annoying as he was. My only complaint is the set-up in the beginning; him getting the “free-loaders” to fail their semesters was really confusing but it’s probably just cross-cultural confusion."
97,시멘틱에러,então o jeito é se vestir da cor que a pessoa gosta
98,시멘틱에러,çok tatlıydı ağlıcm
99,시멘틱에러,got me at the rivals to lovers and ended up falling in love with jaechan & seoham because they’re literally one of the best chemistry i’ve ever seen in a kbl drama. hoping for a second season when seoham leave the military </3
100,시멘틱에러,"I'm so fucking single.
*cries*
*kiss and hugs his own pillow*"
101,시멘틱에러,"Can't be objective, yang nonton ikutan error"
102,시멘틱에러,i want more of them pls :(((
103,시멘틱에러,"mas do meu ponto de vista, pessoal, vou dizer... é uma obra prima"
104,시멘틱에러,"so GOOD, softest thing EVER!!!!"
105,시멘틱에러,"ㅎㅎㅎ원작이랑 웹툰은 봤지만 드라마 실사화는 OMG... 아니 왜 2d를 굳이 실사화 하려고 하는거야....일본이야 뭐야. 2d는 2d로 냅둬 주시라구요. 카우보이 비밥이랑 이누야샤 실사화처럼 말이 안된다고요. 비엘은 퀴어물이 아닙니다. 여자들이 만들고 소비하는 성적판타지물이라고요. 제발 현실 퀴어끼얹지마. 레즈비언 퀴어물과 gl(백합물)도 백만광년 차이인데 비엘은 말해뭐해. 얼굴, 그것이 핵심이거늘...실물인간으로는 안된다고요... 종이인간 픽셀인간으로 충분해! 얼굴이 개연성인데 뭔 실물 한남으로 ㅜㅠㅜㅜ 뭐 내가 싫어하거나말거나 드라마가 머글들에게 너무 흥해버려서...아직 드라마는 안봤어도 박서함 웃긴짤들 이미 너무 수백개 본듯ㅋㅋㅋ...그래..웃수저는 소중하지...그치만 실사화.....해지마...ㅠㅠ 너무 힘들다고...비엘은 완전 여성향 장르물인데 실사화 되어서 남돌, 남배들만 제일 또 꿀빠는 것도 보기 싫음. 드씨도 마찬가지. 여튼 흥해서 작가님은 좋겠다. 2차 복이 많은가봐. 소설 좋아도 웹툰이 너무 별로인 경우도 많은데 시에러는 웹툰도 연출이 드물게 좋던데 드라마까지 호평이고 흥행해서 머글 유입 장난이 아니던데, 부럽다."
106,시멘틱에러,"📍語意錯誤 / 시맨틱 에러 / Semantic Error（2022）
.
▫️CAST：
張宰英（ #朴栖含 飾）
秋尚宇（ #朴宰燦 飾）
.
我就問這部⋯怎可以這麼可愛咧(⁎⁍̴̛ᴗ⁍̴̛⁎)
每一集都好看！就算知道劇情還是很吸引人看下去💞
因為本來就很喜歡《語意錯誤》這套作品，所以真人版一出來既期待又怕受傷害🤣
不過這陣子看到大家的好評放心許多，努力忍耐到了完結終於一口氣乾掉他，只能說是我看過最喜歡的韓國BL劇！在此宣布我ㄉ韓腐天花板底加٩(˃̶͈̀௰˂̶͈́)و
｜ 前言 ｜
前幾天發限動時，很多看過原著或漫畫的朋友問我真人版會不會崩掉（大家都被傷害過XD），我只能說請放心享用吧ψ(｀∇´)ψ 
《語意錯誤》這部作品真的各方面都表現得好好呀！原著、漫畫、動畫、抓馬、以及這次的真人改編戲劇，幾乎啥類型都出過了！
而且作者說台灣也買下小說版權ㄌ～
想看原著很久了 拜託快出版絕對買爆💖！！
身為漫畫粉之一，對於欸小學長的愛很豐厚，畢竟前期多煩後面多甜，帥氣又聰明的個性很吸引我（顏狗is me），看漫畫時也是最喜歡宰英了🥺
雖然先看了漫畫卻也告訴自己，畢竟漫畫也是改編自小說，不要因為太過於重視漫畫而錯過了任何原著所延伸的作品，也因此沒有錯過與真人改編戲劇版本相遇的機會😍 
哭哭⋯完結當天是朴栖含的入伍日🥲
｜ 真人戲劇 ｜
首先對於他們兩位鮮明立體的人設感到很有興趣！前期宰英吊兒郎當受大家歡迎，學長真的很跩演得好好🤣 尚宇則像程序機器人一切按照規劃理性生活，性格差異極大，看似兩條平行線，毫無相干的個性，究竟能發展出怎樣的故事，而真人版究竟會擦出多少火花><
嗯看到這邊如果還不清楚我在說啥的話
舉例來說：
學弟：前輩你全身都是錯誤！
學長：真假😍太棒了吧！！
學弟：⋯⋯⋯(腦內：Error)
（對。學長大概就是這麼白目😍）
（對。學弟就是無法理解為何有這種人😍）
學長的演出完全就是心目中白目宰英的化身✊🏻（是稱讚）
而且劇裡頭兩人的IG帳號是有真實創辦，非常值得追蹤！完全就是他們會發的文XD
劇組對於角色的設定很用心我給一百分💯
（漫畫也有IG呦）
｜ Error ｜
「錯誤」對於尚宇來說是不可能出現的單詞。
首先他們所擅長的遊戲及程式中，最討厭Error了，尚宇也和這些程序一樣，要有一定的模式，像機器一般設定好程序，幾點起床幾點出門、座位和書本的擺設方式、一定要喝同一款咖啡等等，他的生活也絲毫不容許任何「錯誤」的情形發生。
而讓他有所轉變的肯定是宰英了，不只是他全身都是錯誤，還是唯一能夠讓他打破常規生活的人，人生中第一次讓尚宇產生亂碼！
前段的學長的惡趣味，讓大家又氣又笑的，雖然實際上不犯法，但對尚宇來說根本就世界末日，對他來說這樣的日常生活被打破有多崩潰哈哈哈！但不用擔心後面會有學長懊惱的時候🤣 
兩情相悅後真的太過可愛，更是我應該不用再多說了吧ㅠㅠ
可愛的女配角最後說尚宇改變了很多，的確一開始他根本不在乎別人怎麼想，也總是一個人獨來獨往，這也點出了尚宇自己沒發現的事情，原來自己早就深陷其中，且默默地受到宰英影響而改變。
從對於告白如何拒絕感到困擾這件事，變得懂得替人著想，在乎他人的情緒，從這我們就能知道他的改變不只是對宰英，對其他關心他愛他的人都有所轉變，整個人不只理性還多了感性！
果然遇到對ㄉ人就是會互相產生好的影響呢❤️
Error？
一切盡在不言中囉😏
｜ 名場面 ｜
💖這是我最愛的宰英最最最經典ㄉ名台詞！
「預告，一分鐘後我要吻你，要逃走趁現在。」
我：（⋯⋯安詳升天）
💖除了心動的吻戲之外，還超喜歡喝酒的「平語時間」！
宰英叫尚宇「형～」(哥)的時候，真的沒有其他人的事了！
我：（⋯⋯安詳死亡）
💖尚宇不經意撩人場面
尚宇：「因為你很棒，我要摸摸你的頭。」
我&宰英：（？！！⋯⋯安詳辭世謝謝）
｜ 韓腐天花板 ｜
吻戲都真心太有愛了😭隔著螢幕感受到泡泡！
你們是怎樣撒糖不用錢喔！！
（重看個幾遍都不會膩ㄅ）
除了戲劇本身好看之外，花絮、採訪、互動等真的甜到我蛀牙😇
而且朴栖含和朴宰燦是我看過最熱愛自己角色及作品的韓腐演員！
這當然是非常難得的😍太喜歡這點了！
兩個人私底下感情也超好，覺得這些好令人感動🥺
我久違的看BL劇嗑到有點上頭ㄌ！
再次感嘆怎麼去當兵ㄌ我要哭ㄌ～
期待兩位演員未來走花路吧(⁎⁍̴̛ᴗ⁍̴̛⁎)
第一季的故事已經算相當完整！
好希望有機會可以看到原班人馬的第二季(⸝⸝⸝ᵒ̴̶̷̥́ ⌑ ᵒ̴̶̷̣̥̀⸝⸝⸝)
｜ @parkseoham @zzang_jae_0_0 
｜ @jaechan_dkz @choosangwoo_ 
｜ 戲劇代理：@gagaoolala.official 獨家
#時光說電影"
107,시멘틱에러,BOM DMS SLK ri dms ost maravilhosa atores maravilhosos. um pitel esse de vermelho!!! arrasou
108,시멘틱에러,maybe enemies to lovers isn't so bad...
109,시멘틱에러,so fcking cute!!!!!!!!!!!!!!
110,시멘틱에러,way too many conflicts for such a short drama but it was really cute
111,시멘틱에러,"very gay,,, like GAY GAY"
112,시멘틱에러,v cute
113,시멘틱에러,perfect perfect perfect
114,시멘틱에러,give me more eps im begging u this was so short i love them
115,시멘틱에러,"En serio, este drama es una maravilla."
116,시멘틱에러,It entertained me for a few hours on Easter
117,시멘틱에러,literally so good could watch until i die chemistry is no joke jaechan is cutest man ever i fear as well also this is a show but slay
118,시멘틱에러,"i wasn’t expecting to like this one so much but it’s incredible!!!! acting, cast choice, chemistry… 10/10! kissing scenes were intense and cute at the same time, such as the first one and the confession one are marvelous. having seen the webtoon before the adaptation made my expectations go to the roof and they managed to surpass what i had on mind, the character development and treatment was very loyal and even tho i KNEW there wouldn’t be more sexual scenes like the webtoon, it didn’t feel the need of having it. GOOD."
119,시멘틱에러,it was really cute how sangwoo stopped wearing the cap when jaeyoung said he looked good without it
120,시멘틱에러,".. I use a different site to log in dramas lol.
but on this series, the webtoon freaked me out so I'm glad the plot is altered to still have the same essence but length friendly."
121,시멘틱에러,"I’m a developer. My birthday is 0101, a binary number. I hate red. I have daily routines. I evaluate my feelings using flowcharts. My apartment is organized and my books are arranged by color. I can’t draw shit. Even with those similarities I’m not Chu Sangwoo, but I think I believe in love again too. 🥺👉🏼👈🏼"
122,시멘틱에러,"i too experience gay panic, chu sangwoo"
123,시멘틱에러,you know what catch me dressing head to toe in the color that the person i want to fuck hates ✌️
124,시멘틱에러,also am i the only one that thinks yuna and jihye should just ended up together? anyone else?
125,시멘틱에러,"me watching this from ""its okay its cute... gonna only watch a few episodes tho"" to ""I CANT BELIEVE i had to finish this tmrw? fuck timezones"" right before april mop day has to be the biggest joke ever"
126,시멘틱에러,"""You're like an error. Bad personality and no sense of time. You're also capricious and irrational. I don't know why I'm like this. I keep telling myself to send you away. I know it's pointless to say this to you, I know that. But I like you. I like you, hyung. I really do."""
127,시멘틱에러,it gave what it was supposed to give
128,시멘틱에러,They just like me fr
129,시멘틱에러,"jang jaeyoung waltzes into the class with no assignments done, $5,49 on his bank account and a mission to annoy the fuck out of sangwoo until he falls in love with him"
130,시멘틱에러,finally!! korean bls are catching up!!!
131,시멘틱에러,Only legends
132,시멘틱에러,"Light and fluffy and gay. definitely different from the manwha (maybe the novel too I didn't read that tho). As a fan of the manwha I was kinda hoping for some of the scenes to be put into the show but either way, this was a cute drama albeit really freaking cheesy lolol."
133,시멘틱에러,Saur cute
134,시멘틱에러,"no cringe, just cute."
135,시멘틱에러,this was very gay 10/10 would recommend
136,시멘틱에러,the best korean bl and y'all can't convince me otherwise.
137,시멘틱에러,eh inovador e revolucionario? nao. mas durante aquela meia hora cria ali pra vc um lugar tao aconchegante tao reconfortante
138,시멘틱에러,simplesmente o maior do mundo
139,시멘틱에러,CUTEST FUCKING THING EVER.
140,시멘틱에러,nugu kpop idols: alright guys i think i may have just found a side hustle that has a huge potential to earn money and nobody's doing it
141,시멘틱에러,yes yes thanks (gay heart spasm) this is my new obsession and this was my second watch
142,시멘틱에러,I will miss these two. Also the editing was unexpectedly perfect.
143,시멘틱에러,Clap for the gays
144,시멘틱에러,the girls in this !!!!
145,시멘틱에러,I love the chemistry between these two leads and I definitely wished they could work on several more projects in the future as soon as that becomes possible
146,시멘틱에러,gay cute show
147,시멘틱에러,"看男生談戀愛好爽、看直男被撩到生悶氣也好爽、可愛的弟叫형也好爽，總之就是看了好爽的小短劇。
偷親跟偷畫臉堪稱絕美鏡頭！
那接下來就拜託韓國偶像女團來拍百合劇了，第一部就是我跟金雪娥了吧？申留真跟我也沒問題，但更想要他跟韓韶禧拍姐妹愛情🥵

發現後半段完全跟本劇沒關係補充一下：
其實也很想看유나的故事，感覺是女版的學長⋯我有在迷這種女（好無聊的情報）"
148,시멘틱에러,"si se llama sangwoo me va a gustar, pero damnn jaeyong what a mann"
149,시멘틱에러,"my fav bl along with kieta hatsukoi. the novel is amazing as well and I LOVE THE OSTS TOO OMG ROMANTIC DEVIL
i love jaechan sm 
and yuna is so hot oh my god"
150,시멘틱에러,your usual cheesy bl it was cute!
151,시멘틱에러,park seoham you will always be famous
152,시멘틱에러,sanguchito te amo con todo el alma
153,시멘틱에러,I DIDN’T KNOW THERE’S SEMANTIC ERROR IN LETTERBOXD??? AS A JAE CHAN AND SEO HAM SIMP I’M RATING THIS 5 STARS!! 😭 I can’t get enough of their chemistry!! 😭💗
154,시멘틱에러,qt!
155,시멘틱에러,jang jae yeong being a theater nerd is what convinced me to give this a solid 5
156,시멘틱에러,i want yoona for myself
157,시멘틱에러,"The rule (I just made up) is that when you watch 3 bad BLs in a row (Oh Boarding House, First Love Again, & Kissable Lips) you're allowed to rewatch a good one.
Semantic Error, still the best Korean BL this year & it isn't even close."
158,시멘틱에러,medj okay naman chz
159,시멘틱에러,#我是土狗我爱看系列
160,시멘틱에러,fez história
161,시멘틱에러,"Finally, Yeouido produced a pretty decent BL drama. I like that its short, but it deliver a very specific yet universal from enemies to lovers story."
162,시멘틱에러,"Mas do meu ponto de vista pessoal, vou dizer: é uma obra-prima"
163,시멘틱에러,the only romcom ever!!!!!
164,시멘틱에러,season 2 where yuna and jihye are gfs 🤲🙏🤲
165,시멘틱에러,i love gay people
166,시멘틱에러,semantic error being one of the best korean bls. the feeling is wonderful
167,시멘틱에러,AND THE GAYS KEEP WINNING !!
168,시멘틱에러,"at first i thought i was going through some shit with all the corny stuff that happened in the first quarter and also because of how i've been always lowering my standard when watching bl because for me, it is like a genre that still needs to grow and be supported by more people for it to reach certain standards straight romantic plots have ever made— but damn. i've never felt these much flustered because of how raging these butterflies in my stomachs were going in the span of 8 episodes (｡･ω･｡)

thoughts:
- sangwoo is an expert in his chosen industry but have zero knowledge about love. that time when jihye tried breaking the barrier between her and sangwoo, it felt really cold for how he reacted dumb all the time for not knowing a single shit about love so, no. people doesn't really like an ingénue most of the time.
- im sorry to be that person to point this out but that first kiss felt illegal. it was not consensual and it will never be okay. im not going to defend that.
- lastly, sangwoo's dream of creating a game in just 1 semester while starting in midterms is impossible and i am saying this as someone who actually works in the industry— but... he can dream."
169,시멘틱에러,PERFECT I BINGE WATCHED THE WHOLE THING AND I LOVE IT SO MUCH I LOVE EVERYONE AND I LOVE EVERYTHING WOW
170,시멘틱에러,Yall.... go watch this IMMEDIATELY
171,시멘틱에러,uno más iiii que el otro 🙏🏻
172,시멘틱에러,"I take back everything bad I ever said about Korean bl dramas. Also, I'm glad someone else can't stand the colour red."
173,시멘틱에러,their height difference lives in my head rent free 24/7
174,시멘틱에러,"Ntah kenapa cerita dengan plot yang biasa biasa aja, bisa jadi luar biasa menarik because their chemistry and also HOW SWEET THEY WERE!!!"
175,시멘틱에러,wahahaha saur cute
176,시멘틱에러,直接二刷
177,시멘틱에러,stan DONGKIZ they make bangers also this was okay
178,시멘틱에러,😭😭😭😭😭😭😭😭😭😭😭😭😭😭😭😭😭😭😭 park jaechan
179,시멘틱에러,Really loved this light hearted series. Such a fun watch with almost no filler scenes. The mains had awesome chemistry. Hoping for a second season!
180,시멘틱에러,i wish they got together in the middle so we got at least 2 eps of them alr dating but it was still cute
181,시멘틱에러,"完全不是腐女，沒特別愛BL
跟風看結果也太好看！！
近期愛情劇發糖的one top
心動到快爆炸😍🫣🤯"
182,시멘틱에러,"oh my gosh, dont u know im a gæ"
183,시멘틱에러,i love the idea of this but the execution? not so much. park seoham and the girl playing his bff carried tho
184,시멘틱에러,achei meio rápido (? pra um bl de 8 eps e quase meia hora cada ep. parece que foi meio rushado ou sei lá senti que do nada eles tavam se gostando fiquei muito confusakkkk mas achei eles muito fofos e queria que a amiga do jaeyeong tivesse tido mais screentime uma linda <3
185,시멘틱에러,jaechan <3
186,시멘틱에러,fofos
187,시멘틱에러,this could have 1000 eps and i would still want more cuz GOSH THEY’RE SO FREAKING CUTE AND FUNNY 😭
188,시멘틱에러,"Before I wrote this review, I had to rewatch episode 1 because I wasn't really sure what happened with those two at the first place?!
I started this series with hate, because my logic didn't agree what I saw on this series. How could you forgive someone who failed you? or even delaying you for your graduation? I did something terrible when my best friend took my book a month before final exam (when I was in college), I can't imagine what I would do If someone failed me on my test like sang-woo did.
But... at a leisurely pace I fell in love with this series. Especially when their feeling toward each other gradually improved in every episodes."
189,시멘틱에러,"semantic error shows you that sometimes you don't need to include EVERYTHING from the source material to make a good adaptation 😁
taking half a point because yuna jihye didn't happen 😒"
190,시멘틱에러,"In terms of BL story, Semantic Error didn't really offer something new. It's all been done before. However, it's still an appealing treat, thanks to the low-key, less cringy, and more grounded approach to its narrative. Nothing was too grand or overly sensational, but still charming nonetheless."
191,시멘틱에러,YES YES YES YES YES!!!!!!!
192,시멘틱에러,"I find it hard to believe the love interest fell in love with the narc of a main character. And yet I also enjoyed every moment of it, so I wish them the best"
193,시멘틱에러,Xixixi
194,시멘틱에러,made an anti-romantic gae wish the death of his queer bitterness
195,시멘틱에러,"don’t avoid it. and don’t ignore it. just try and feel it.
utterly screaming for them."
196,시멘틱에러,"binge watching 8 episodes in 1 day will leave you having delusional thoughts like WHYYYYY do i want a tiny grumpy know-it-all s/o now 🤣🤣🤣

also, yuna, yuna yuna,,,, call me please we can make this happen we can have a happy future together please give me a chance JUST one moment of your time"
197,시멘틱에러,Perfection.
198,시멘틱에러,liked it but felt awkward at some point. ending's good though.
199,시멘틱에러,Nice
200,시멘틱에러,semantic error = serotonina
201,시멘틱에러,"i'm not into BL series before and prefer queer themed movies but i decided to watch this because i got so curious why so many people talk abt this
and now i understand why"
202,시멘틱에러,"sebetulnya kesimpulan yang bisa diambil dari drama ini adalah sepintar-pintarnya tupai melompat jika di hadapan cinta tiada berharga, atau apalah arti kepintaran jika sudah menjadi bucin.
penggambaran hubungan cukup sehat ya, bukan bucin bau yang 'oke aku akan membuang semua rencanaku demi kamu sayang,' jadi penonton tidak perlu teriak ke layar 'ANDA BODOH YA'.
sohibnya juga cakep banget sih mendukung dengan kasar ✨ we love brutally honest girlie hihi dan cakep pun.
(tapi aslinya tetep bucin sih.... katanya cinta hanyalah delusi logika tapi u nyosor duluan tuh logika anda sudah NYUNGSEP) lumayan lah di ranah BL korea yang pernah aku tonton ini salah satu yang bisa dinikmati, gambarnya juga cakeppp banget ini drama.
cocok buat tontonan di kala bengong karena durasinya ga panjang 🥳 untuk kaum yang susah fokus dan ngantukan kalo durasi lama ini sudah pas sekali hihi"
203,시멘틱에러,em termos de melhor bl coreano esse só fica atrás de tô my star
204,시멘틱에러,finally a good korean bl! i love this show sm
205,시멘틱에러,When you're only enemies with someone for barely two weeks because you like them too much and now you're lovers. Lovers. It's a happy word. It's a good one. Lovers.
206,시멘틱에러,"This drama is everything that is okay in Korean dramas. Well done, you're learning very fast."
207,시멘틱에러,so cute i could actually SOB. now to read the manhwa omg
208,시멘틱에러,全程姨母笑，果真是韓國BL劇的頂標！
209,시멘틱에러,"veoma fruity
ok i like it picasso"
210,시멘틱에러,muy bueno para ser de Corea
211,시멘틱에러,FINALLY A HAPPY ENDING IM TIRED OF LGBT STORIES BEING TRAGIC AT THE END
212,시멘틱에러,"Basic BL story, a little lighter on the abuse than usual. Very tropey, some cute moments. Good chemistry."
213,시멘틱에러,This was genuinely the cutest thing I’ve ever watched
214,시멘틱에러,I love the enemies to friends to lovers trope. This was cute :3
215,시멘틱에러,"The best Korean BL so far , this drama didn't ruin the manhwa, and the OST is sooooo good ✨"
216,시멘틱에러,"This is a big step for KDrama, or in this case, webdrama.
Plot is actually linear and non-challenging for cinema. It is largely reliant on the chemistry of the protagonists but since their chemistry's good, it worked very well.
It had the KDrama treatment in cinematography and grading but I didn't mind it.
I liked how despite it being a BL, which is rare in Korean Dramas, it didn't conceive the gender role ideas of who is the man or the woman in the relationship which most BLs usually do. This one made it seem like they are equally in the relationship without complying to stereotypical roles and I appreciated that.
One detail I would nitpick that maybe cut off some points for me was the pace. I don't know if maybe because Korea is still testing the waters for BL but pace is too fast yet too slow. The characters had small time to build up personalities so the relationship growth for me wasn't fully organic, it was kind of iffy at times.
Also, I would've liked some fleshing out for the side characters. I didn't get it. I didn't even remember their names, they were so ignored to the point that I don't even know if they were plot-essential. I just felt the lack on character support.
Nonetheless, a good industry breaker for Korean cinema, I hope they make more of these and improve on them and not be too restricted by their past cultures and notions.
I know there's a season 2 since I know that the webdrama this is based on is still ongoing, so I will not criticize how it ended, yet."
217,시멘틱에러,"Binge-watched this today and [muffled screaming]. I have thoughtS:
1. The story feels rushed that’s why everything felt shallow and there’s not enough build up to the climax but still,
2. IT’S GAY. GAY GAY GAY VERY GAY SO, LET’S GET IT.
3. There’s something about the portrayal of the roles that feels a bit lacking but this is mostly because of #1. There could only be so much room for character development in a story as compressed as this one. Still, the chemistry between the leads IS SO GOOD.
4. It has potential though. The only time I’d immerse myself in narratives that revolve around the cliché type of romance is when it is GAY.
5. Park Seo-ham’s visual is that of a chameleon?! He looks like a different actor in different angles?! Like, I don’t know their names so I couldn’t list them all but for one, there’s a scene where he looks like Lee Jong-suk. He looks different every time.

edit: added half a star because I cannot stop thinking about a certain scene and it makes me smile like an idiot and [more muffled screaming]"
218,시멘틱에러,I will never move on from them 😭😭😭
219,시멘틱에러,I WANT WHAT THEY HAVE
220,시멘틱에러,"talented, brilliant, incredible, amazing, show stopping, spectacular, never the same, totally unique, completely not ever been done before, unafraid to reference or not reference, put it in a blender, shit on it, vomit on it, eat it, give birth to it"
221,시멘틱에러,<3
222,시멘틱에러,forte ta?
223,시멘틱에러,mga bading
224,시멘틱에러,epa não sei tipo isto n seguiu bem o manhwa mas tava bue sexy jkdcbhksdvh
225,시멘틱에러,would literally do anything just to watch this for the first time again
226,시멘틱에러,kelan ba ako magkakaroon ng jaeyoung to my sangwoo....
227,시멘틱에러,"lord, wheeen??"
228,시멘틱에러,"sangchoooooooo 🥺💖

Love getting hyungpilled"
229,시멘틱에러,I love gays
230,시멘틱에러,Cute
231,시멘틱에러,"This was the cutest cute. Korean dramas can get away with things that western drama can't, and it's a thrill to see. I want to watch this again."
232,시멘틱에러,"смотрела с юлей. милая дорама, жду проду. наверное ещё нужно прочитать манхву хаха"
233,시멘틱에러,a cena pós créditos alugou um triplex na minha cabeça 🫠
234,시멘틱에러,The standard. Nggak cringe. Heartwarming. Nggak ada feel awkward yang buat gue pengen ngedrop series ini. Intinya infinite/10.
235,시멘틱에러,"this was very high quality and the chemistry is saurrr good. no grand plot twists or annoying characters. just rainbows, gays, and GREAT PEOPLE I WANT WHAT THEY HAVE"
236,시멘틱에러,this was so cute… best korean bl of all time i think
237,시멘틱에러,yooo that was so sexy
238,시멘틱에러,park seo ham lemme talk to u
239,시멘틱에러,"This was such a surprise for me - maybe because I've watched so much bad-to-mediocre bl lately? Or because enemies-to-lovers is not historically my preferred dynamic? Or because I was extra sympathetic to Sang-woo having been burned myself on group projects? Who knows, but I found myself *delighted* on every new episode day. It's another of those extra-low conflict shiny Korean BLs, but they're both so weird in such specific ways. What a treat.
PS shout out to Choi Yu-na, chaotic bisexual, which we knew even before she mentioned an ex-girlfriend, simply from her inability to sit in a chair."
240,시멘틱에러,Waiting for s2 after his military enlistment ends
241,시멘틱에러,whoever enjoyed this series should also check out dongkiz’s music cause they’re good. also i love them <3 softest bfs
242,시멘틱에러,I think this is the first kdrama bl I've watched wasn't overly cringey.
243,시멘틱에러,baddie gay and softie gay make love
244,시멘틱에러,"i loved this show so much. for someone who loves enemies to lovers trope this is literally one of the best bl series i have ever watched the fact that both actors gave their very best in portraying the main leads. everything in this series is just so chill and heartwarming. the chemistry of both actors was honestly better than some kdrama hetero ships out there, they did so well despite the age gap and i loved that both actors got close with each other. additionally, DAMNNNNN Song Ji Oh (Choi Yu Na) IS SOOOO FREAKING GOOD WITH HER ACTING !!!! she caught my attention the most. I just wish that she had more screentime alongside with Kim Won Ki (Go Hyeong Taek) I love Jaeyoung's trio. Jaechan and Seoham did so well, this is literally my number 1 KBL! I am hoping for season 2 and i need yuna and jihye end game."
245,시멘틱에러,😍😍😍😍😍
246,시멘틱에러,"This was amazing 😭. I loved their chemestry and I'm absolutely in love with Jaeyoung!! So well acted and directed!!
I think have replayed that one scene from episode 7 at least a hundred times.
I really hope we can get a season 2 when Seohan comes back from the military. We need more of them 😢."
247,시멘틱에러,i can't stop thinking about this.
248,시멘틱에러,"So this is my first time in my life watching korean bl, and when I tell you that this show is SO GOOD, omg. The character development was so good. I definitely recommend you guys to watch this show💕💕."
249,시멘틱에러,JAECHU I MISS YOU
250,시멘틱에러,FOFO FOFO FOFO
251,시멘틱에러,"jaeyoung *on his phone*: keep talking i am not busy
sangwoo: hyung!
jaeyoung: *drops the phone and has a gay panic*"
252,시멘틱에러,i like it when the gay people get angry and have a gay little strop
253,시멘틱에러,"que dorama gostosinho de assistir, pena que sao poucos episodios, vi tudo num dia :("
254,시멘틱에러,cute 🥰
255,시멘틱에러,bi to my star olmasa da güzeldi bu da
256,시멘틱에러,that was so good...Sangwoo so naughty.. 😭😭
257,시멘틱에러,"the actors accurately potrayed and expressed their characters as the manhwa. i hope there will be season 2 and have THE ""car scene"" in it."
258,시멘틱에러,quero um namoro na universidade que seja desse jeito
259,시멘틱에러,"bro the fuck why did this masterpiece ended so quickly like the duration per episodes were only 20 minutes-ish AND IT WAS ONLY 8 EPISODES I NEED MOre
but overall the thing with lil durations was that the story was on point and everything that the characters do are important in every scenes. it was definitely not boring at all
moreover everytime sang woo n his partner (i forgot his name) are together, my heart beats so fast like im scared, anxious, but also excited.
SO I THINK THIS SERIES IS SO GEWD and i love how they combine the mbti personalities along with computer science and art major. i think it was interesting"
260,시멘틱에러,This drama made me fall in love with the series even more. The dynamic of these two..... hands down 5 stars.
261,시멘틱에러,"an enemies to lovers masterpiece. one of the best if not the best kbl we’ve got until now. i already miss them so much, hopefully we’ll get the second season after seoham comes back from the army :( <3"
262,시멘틱에러,i liked the webtoon better
263,시멘틱에러,"QUE COISA MAIS LINDAAAAAAAA
ASSISTI TUDO DE UMA VEZ MARATONEI MESMO NÃO CONSEGUI PARAR, É TUDO LINDO TUDO FOFO ELES SÃO UNS AMORES QUE ÓDIO EU QUERIA MAISSSSS"
264,시멘틱에러,god this was so cute and perfect
265,시멘틱에러,petitioning for several seasons
266,시멘틱에러,cute and everything
267,시멘틱에러,"Generally okay. I still feel that it dragged a little bit by the end, it could have one or two episodes less and the story would be much fluid. The whole videogame and programming content felt fresh at first but shallow overall.
(Also, I know that none of us were watching this for educational content but please keep in mind that kissing someone while sleeping without previous consent is abuse)."
268,시멘틱에러,confort
269,시멘틱에러,"I read the manhwa way before announcing there's going to be a drama for this and holy shit its rlly good
and if there's going to have a season 2 it might be wild just like the manhwa definitely more kissing idk if they'll do the car scene cause uhhhhhh....."
270,시멘틱에러,"BRILLIANT AMAZING INCREDIBLE SHOWSTOPPING SPECTACULAR
also i have a humongous crush on choi yuna"
271,시멘틱에러,"就超好看
兩個人都很甜蜜很適合角色
目前最好看的BL韓劇
改編漫畫的調整也做得很好
節奏掌握得宜
兩個人真的是在談戀愛吧
朴宰燦發的那是什麼想念入伍老公的文啦"
272,시멘틱에러,Sangwoo being a complete softie after they finally dating are so cute🥴
273,시멘틱에러,"new comfort show
and yuna is bi <3
I'll ask her if she is willing to have a 2-week trial with me"
274,시멘틱에러,"A MASTERPIECE THE BEST BL IVE WATCHED SO FAR AAAAAAA,, like bruh this shit made my heart beat fast af, the characters, story, cinematography all just perf man,,, big ass props to the actors they made their characters shine in this drama. I NEED MORE PLS IM STILL NOT OVER THIS DRAMA IM OBSESSED HELP! pls watch this if u havent aaaAaa"
275,시멘틱에러,it’s okay sangwoo i too would malfunction if jaeyoung was whispering like that to me 🤒
276,시멘틱에러,never getting over this
277,시멘틱에러,doyamadım
278,시멘틱에러,e quem não gostou q se lasque
279,시멘틱에러,Hard to believe that park seoham is not a lil man my brain created in order to keep me sane
280,시멘틱에러,"objectively is it worth 4 stars? yes: TO ME, TO ME it is. one of the better bl’s to be released in a while. the leads have undeniable chemistry. it felt refreshing to finally see the leads who are charming and dynamic whenever they shared the screen. seoham, call me. CALL ME!! season 2 can’t drop any faster."
281,시멘틱에러,I LOVE THEM SO MUCH
282,시멘틱에러,So cute
283,시멘틱에러,i need more of them. :(
284,시멘틱에러,everybody who liked this should go buy a copy of DONGKIZ Chase Episode 1. GGUM right now
285,시멘틱에러,yass gay
286,시멘틱에러,"BL DE MILHÕESSSSSSSSSS EU AMO TANTO ELESSSSS <3
Já tô com tanta saudadesssss"
