,title,reviews
0,그림자미녀,i really thought choi bomin's character would be the ultimate psychopathic bad guy but he actually was just an emotionally inept guy who later turned out to be the ultimate softie.
1,그림자미녀,haneul deserved better😐
2,그림자미녀,"When I started watching this, I expected it to be something similar to True Beauty, but I was surprised it was psychological! I almost thought it's a jdrama, a show like Switch.
It was pretty boring in the first episodes, I found the storyline very slow.
Maybe it would've been better if it was longer. and tbh some parts didn't make sense but I was ok with it cuz whatever
the actors did a good job however in the later eps some acting parts were a bit cringe, I think that's the direction's fault...
Despite everything I was excited for new episodes and that's rare of me because if I don't like a drama I'd immediately drop it.
My favourite character was Jisung and I'm upset they barely gave him any screentime :(
Anyways, I recommend it, I really liked the ending.
Moral of the story : being beautiful is not everything. It's okay if you're not perfect."
3,그림자미녀,anyways CHOI BOMIN IN SPECS pls be my bf
4,그림자미녀,this wasn't what i expected it to be but not bad either
5,그림자미녀,What ifㅡ WHAT IF Sun Mi-jin was actually Ae-jin's dead sister?
6,그림자미녀,"choi bomin <3____<3
also nagyung ??? I Can Fix Her ....."
7,그림자미녀,actress nagyung <3
8,그림자미녀,it’s probably one of the K-dramas that hurt me the most but it was totally worth it
9,그림자미녀,when he’s a sociopath but he’s hot 😋
10,그림자미녀,good and hot casts I LUV U HONGSEOK AND BOMIN
11,그림자미녀,"the final of that, was disappointing"
12,그림자미녀,"This show actually was surprisingly good. The trailer seemed really promising and I was willing to watch it even if it was a bit corny, based off how dramatic it looked. Personally I really liked the way it looked visually, it’s a rather dark drama so naturally it was lit the same. I’d say this is definitely one of the better idol dramas I’ve seen. Bomin especially shocked me with how well he was able to play his character. It wasn’t an Oscar performance obviously but hats off to him for being able to portray Ho-in so well. I also liked that Ae-jin was easy to sympathize with, I feel like sometimes, in shows, the lead character can be a bit much at times but I actually never really felt frustrated with her (even though I think we were supposed to lmao). Over all the cast was good, story was pretty interesting (in like a I wanna see how this plays out kinda way), and didn’t feel like a waste of time."
13,그림자미녀,Nagyung carried fr
14,그림자미녀,choi bomin in glasses please be my bf im gonna protect you
15,그림자미녀,annyeong genie!! 😁🤓
16,그림자미녀,watched it just for nakko
17,그림자미녀,Just amazing!!
18,그림자미녀,se tivesse mais desenvolvimento seria bemmm melhor mas é bom
19,그림자미녀,NAKYUNG SLAYED.
20,그림자미녀,"me la termine en una tarde, realmente me gusto."
21,그림자미녀,*My first movie in english
22,그림자미녀,I thought the bullying in this was gonna make me really uncomfortable so I wasn’t actually gonna watch it but it wasn’t as bad as I thought. Usually these themes make it really hard to watch but it was actually kind of tame I think I was expecting something more like the better days movie which was way too graphic to be able to watch. Honestly tho I think they did a good job with this one. Also a big fan of Choi bo-min in this.
23,그림자미녀,“i don’t think i can forgive you” said the bully to the victim because the victim didn’t reveal to her bully that the victim and bully were online friends FUCK she didn’t apologize for bullying but the victim apologized a BUNCH OF TIMES ?!?!!  this happens so freaking often !?!!!
24,그림자미녀,"Shadow Beauty (2021)
Web drama yg diadaptasi dr webtoon Mengangkat isu bullying dngn konsep berbeda yakni si korban bully mempunyai identitas ganda yakni Influencer hits. Kisah persahabatan, cinta dan keluarga yg menguras emosi penonton dngn jalan cerita yg menarik."
25,그림자미녀,"This was a blast! I really loved it. It’s hard to watch at times because the bullying gets intense, but the story itself has plenty of twists and turns to keep you engaged. These kids are so ruthless and nasty. Also social media was a mistake. The love story takes a backseat (for the most part), which is rather refreshing. Also the friendships and relationships in general are just so messy and good. Every bite-sized episode ends with a cliffhanger of some sort, and it’s super easy to wind up binging. A really strong drama with a great cast. I can’t recommend it enough."
26,그림자미녀,i could stare at choi bomin's face all day long
27,그림자미녀,Finished it in one sitting and IT WAS SO GOOD AND WORTH A WATCH i was literally on my edge of seat while watching it
28,그림자미녀,"kim ho in and ur glasses, pls let me talk to you !!!"
29,그림자미녀,IDC IF PEOPLE DONT THINK IM PRETTY AS LONG AS IM HONGSEOK’S CRUSH <3
30,그림자미녀,"Muy interesante, algo innovador aunque kinda bored en algunos episodios. El final 10/10"
31,그림자미녀,"Honestly pretty good. A bit confusing and a bit much sometimes but yk, a fun watch nevertheless."
32,그림자미녀,crying over Jin-sung and Ae-jin but like Choi got me screaming and gripping the walls
33,그림자미녀,"I love how it focused mainly on the main character and her problems rather than romance. This made it much deeper and serious than other dramas that have tried to tackle the same issue. All of the characters had some questionable morals in order to do the things they did, but honestly that made them seem more human in the long run.
It was good/short enough to make me finish it in a 24-hr period lol, so do with that what you will. I just wished they used more than 1/2 of an episode to resolve all the issues. Other than that, it was good."
34,그림자미녀,greget bgt film ini isinya 60% Ae Jin nangis gajelas + dikit-dikit jatoh
35,그림자미녀,tangina nang mga nambubully kasi pangit hayop kayo to the highest level go go go
36,그림자미녀,"I love it. Really worth watching! shows how far someone goes to ""fit"" the standard of beauty created by the society. Really disgusting and traumatizing. The end was good. Showing you that you have to accept yourself and love yourself with all your ""imperfections"", that honestly are not bc thats what makes you ethereal and unique, its a part of you, everyone is beautiful. literally and im really not just talking about the physique. That can go to hell. for real
btw was i the only one who literally knew lee jin sung liked ae jin??? like BOY I KNEW YOU LIKED HER SINCE CAP 1. Pretty obvs and cute. I also kinda shipp her with the cute psycho( Kim ho in) lol"
37,그림자미녀,It was good but not good enough to be five stars🤷‍♀️
38,그림자미녀,"o drama é maravilhoso, mas deixou algumas coisas em aberto, porém foi um dos kdramas que mais fez mexer com meus sentimentos e minha cabeça, senti tudo o que os personagens sentiam, principalmente a Ae Jin e a Haneul.
senti raiva da forma que a Ae Jin tratava o Jin Sung, porém eu entendia ela pelo fato de que queria que ele se afastasse dela para não magoá-lo. Ae Jin também se sentiu mal por ter mandado aquelas mensagens e achar que ele seria o tipo de cara, então eu compreendia ela :/"
39,그림자미녀,"Teve algumas coisas pra mim que ficaram meio abertas, mas no geral eu amei demais o drama sério a mensagem que ele passa e a ambientação meio sombria está tudo perfeito."
