,title,reviews
0,스카이캐슬,rich people are just crazy yall <3 anyways dilfs and milfs <3
1,스카이캐슬,"A social satire about the pressures of the education system in Korea. Some of it is hilarious: particularly the pyramid subplot, the dad was fucking nuts lmao.
Despite moments of brevity however, the show is pretty dark in its subject matter. And just when you think things are calming down, it will completely mess you up around episode 14 and from there it’s pure mayhem. I appreciate using the final episode as an epilogue of sorts, it was quite relaxing after the stress the show put me through.
Kim Hye-yoon as the spoiled daughter is amazing, and Kim Seo-hyung is frightening as the mysterious tutor. Those are the two most memorable characters, but everyone is spectacular to be honest, from the ambitious mothers to the comedy relief fathers to the unfortunate kids just trying to get by. Hye-na fighting!"
2,스카이캐슬,mmm that’s right fuck school
3,스카이캐슬,"SKY CASTLE ✖️✖️✖️
MILF CASTLE ✔️✔️✔️✔️✔️"
4,스카이캐슬,milfiest milfs to have ever milfed
5,스카이캐슬,girlbosses and malewives
6,스카이캐슬,masterpiece. perfection. acting masterclass from all the actors and actresses involved. fucking great storyline.
7,스카이캐슬,han seojin did nothing wrong tbh 😩😩
8,스카이캐슬,"korean 🇰🇷
so good i remember i wrote about this kdrama in a magazine feature for one of my modules in school before omg. I love how it touches on such universal themes of education and parenting that even people outside of korea can relate to. while it focused on the lives of 4 elite families living in the same neighbourhood, i like how we still get to see stark differences in their parenting styles and how these differences show in the children that they bring up. likewise with the children, even with the same competitive education system, they were different in their styles and attitude towards learning so there is definitely one character everyone can relate to.
with solid writing and acting by the whole cast ensemble, this will always be one of the most superior kdramas to me!!
“We can’t change this education system. So the least we can do as parents is to help our children endure the brutal system by loving them as much as we can.”"
9,스카이캐슬,the pyramid got me 💀
10,스카이캐슬,"Perfect casting, love this. Park You Na is so pretty."
11,스카이캐슬,"we all, indeed, lie"
12,스카이캐슬,"It's pretty sad there's only a handful of non-cringe Korean series and I've probably already seen half of them (literally just three) but this show was incredible. There's not many stories that are so consistently high quality and with characters that are so in-depth without being impossible to follow nor unrealistic (at least not entirely). It was quite a pleasure to view this. On a side note, it's quite amusing how much Penthouse blatantly rips off of this show and I watched them the wrong way around which is also amusing."
13,스카이캐슬,so many milfs and dilfs idk how to handle myself
14,스카이캐슬,i don't care if kim seohyung is a murderer or abuser. she is always right and i'll always forgive her! talk to a wall
15,스카이캐슬,coach kim did nothing wrong
16,스카이캐슬,EVERYONE TALKING ABT THE MILFS IM CTFU.. but yes!! this show is a serve sorry i feel like someone has to bring this show up every month just to recognize how good it is
17,스카이캐슬,yoon se ah marry me please
18,스카이캐슬,"top notch drama.
all characters punya kepribadian yang kuat, bikin motif2 setiap yang mereka lakukan juga jelas dan ga bias. penggambarannya sempurna antara sedih, ironi, haru, dan lucu."
19,스카이캐슬,"grabe ang talino talaga ng drama na 'to as in may times na parang ""HUUUHHHHH ITO BA TALAGA YUNG DIREKSYON NA PUPUNTAHAN NITO"" kasi parang anytime may sasabog na bomba kahit na nagtitinginan lang sila (tas at one point, closeups na lang ng kamay yung ginagamit nung direktor to show what the characters feel and I thought that was pretty gutsy???)
rare yung palabas na nagu-upstagean 'yung mga gumaganap pero 'di mo sasabihang ""ay OA naman nito"" dito parang tama lang na lahat sila sabay sabay pumupunta sa isang daan porsyentong lakas ewan ko kung may sense pa 'tong sinasabi ko ah basta tangina anggaling talaga ng palabas na 'to andami kong uncomfortable laughs at surprisingly.... IYAK?!?!"
20,스카이캐슬,Deserves the  hype euphoria got :(
21,스카이캐슬,"yeesh! i thought my parents could be intense, these people are on a whole other level. i finally get why this drama was so insanely popular; i never knew where the story was going and i think i gasped in shock a billion times. 
where they lost me a bit was when they made the characters a bit too over the top and lingered a little too much on side plots that didn’t progress for ages. other than that, easily one of the top dramas i’ve seen."
22,스카이캐슬,Coach Kim… I love you… I don’t care if you’re a crazy ass bitch and a murderer 😃
23,스카이캐슬,"a flawless piece of television, no words can capture my love for this show and this cast
SLDGHFJDHGKDFJHKGJFNDJGDKJ"
24,스카이캐슬,"One of my favorites Korean drama. There's so many things that I feel relatable and scared of anything will happend like ""I will be that crazy if I'm become a parents like them"".
But again, the ending is just NO for me, always. Why Korean drama always give me the diamond in the First episode and give me nothing in Ending????."
25,스카이캐슬,ill log this properly once im done the series but damn one episode in and im hooked
26,스카이캐슬,This is the most stressful Kdrama I have ever seen.
27,스카이캐슬,rich people are insane
28,스카이캐슬,wow. this revolutionized issues in korean society. but more importantly kim seohyung was so hot 😭 this was the gateway truly
29,스카이캐슬,Why are they so problematic towards their children's grades.
30,스카이캐슬,a fucking mess which i very much love. yum jung ah BEST ACTRESS!!!
31,스카이캐슬,"kamu harus sekolah di situ"" ""kamu harus kuliah di sini"" ""kamu harus dapet nilai segini"" ""kamu harus dapet nilai segitu"". Sky Castle mengkritik obsesi orang tua pada pendidikan anak di Korea Selatan. Dibalut dengan drama super kompleks, mencekam dari awal hingga akhir. Masing-masing karakternya punya motif yang kuat demi mewujudkan apapun keinginan mereka, bahkan sampai kita sebagai penonton dibuat bingung untuk memihak ke siapa.
Bagus!"
32,스카이캐슬,uju i wanna bang your mom…
33,스카이캐슬,i need rich people to die
34,스카이캐슬,"Not only is the cast incredible together, the story is written in a way that keeps you hanging on the edge of your seat every single episode."
35,스카이캐슬,gags ang lala
36,스카이캐슬,rich ppl are boring as hell
37,스카이캐슬,mhm the milfs and dilfs of this show very yummy
38,스카이캐슬,what am I gonna do now that I finished it?????? </3 i feel so empty
39,스카이캐슬,Perfect K Drama
40,스카이캐슬,"thank you Sky Castle for the roller-coaster-feelings in every single episode! walaupun endingnya kurang nampol, tp cinta bgt sm properti (house decors & wardrobes) + ostnya. so detailssss!"
41,스카이캐슬,It's impossible to discontinue since ep 1 ending. You know what it is....
42,스카이캐슬,SCRIPT-nya ✅
43,스카이캐슬,i think you mean milf castle
44,스카이캐슬,These are the real crazy rich Asians
45,스카이캐슬,"só não estou dando 5 estrelas pela forma que as mulheres sofrem na mão das agressões dos maridos e a série todinha tratam como se isso fosse só mais algo no dia a dia da esposa! a tentativa de quebrar essa relação abusiva com a representação da família cha, pra mim, foi algo tão estúpido! tudo isso pra sra. cha voltar pro marido abusivo dela no final, apagando todo o histórico de filha da puta do marido dela e eles ficarem juntos como um casal feliz, sendo que obviamente não funciona assim!
esperando o dia em que a coreia escolher abrir os olhos e ver que certas atitudes de personagens masculinos em obras são abusivas e pararem de retratar como se fosse algum climax pra demonstrar o ""amor"" da pessoa por tal."
46,스카이캐슬,just Asian mothers doing Asian mother things 💁🏻‍♀️ But also murder
47,스카이캐슬,oh yeah crazy rich asians indeed
48,스카이캐슬,26 dec 2021 – 28 dec 2021
49,스카이캐슬,camp
50,스카이캐슬,all the milfs in one drama thats why it was successful. JK but I loved how this drama touched on the topic of how competitive the education system is in Korea and how power and money can get people basically anywhere...the casting was done amazingly and all the plot twists were very interesting
51,스카이캐슬,we all lie telling the truth
52,스카이캐슬,ha yeh sabh asian logo ka same hota hai
53,스카이캐슬,milf heaven
54,스카이캐슬,the last episode was so unnecessarily long
55,스카이캐슬,home of the milfs
56,스카이캐슬,rich people are so insanecore
57,스카이캐슬,"Yes my friends and I will """"""""sing"""""""" (note: scream) We All Lie at every karaoke night because the impact has been that lasting"
58,스카이캐슬,"saur good made me cry so much </3 also that ep when the 2 kids tried to escape..... i sobbed so hard for atleast half an hour, i think perfect casting and BORA AND HYEYOON MY BELOVEDS"
59,스카이캐슬,the greatest mini series ever created
60,스카이캐슬,"so absurd and messy. nearly every character is insane and needs to get a therapist. 
i binge watched this in 3 days. the story is so addicting. the characters are really well-written, especially coach kim. i loved ye seo’s character development.
btw the cha family is so entertaining. professor cha and the pyramid gag were crazy."
61,스카이캐슬,"I didn’t know we could log kdramas on this app (but they’re technically like miniseries, now that I think about it) I don’t remember when I watched it - probably may 2019, so I’m logging it two years later lol don’t mind me. this show’s an acting masterclass for sure, my only quip with it is that it feels like they gave some of the parents redemption arcs towards the end which left me feeling very uncomfortable. some of the shit they pulled was really bad and if it’s actually an actual problem in south korea the show should let people know the repercussions of such abuse. can’t just get away scot-free. I’m talking jail-time, folks! but I guess they did a good job of at least raising awareness since this show was the talk of the town or whatever, getting one of the highest ratings and shit.
definitely not a biased opinion but kang chani is one of the more promising idol-turned-actor prospects in recent years. I know he acted a lot as a kid so he’s not part of the inexperienced bunch, but still. I’m usually very strict with my evaluation of idol acting performances so if you’re not on do kyung-soo or yoon kye-sang’s level, it’s a hard pass from me. well, except for suzy - cause she’s hot. didn’t finish start-up though but I might."
62,스카이캐슬,real hot milf shit
63,스카이캐슬,"top notch drama.
all characters punya kepribadian yang kuat, bikin motif2 setiap yang mereka lakukan juga jelas dan ga bias. penggambarannya sempurna antara sedih, ironi, haru, dan lucu."
64,스카이캐슬,"Never finished it because the pacing of this show is awfully slow & I don’t have the patience but admittedly, it’s realistic and well-done. Wonderful performances by the actors. 
A good watch if you’re into melodrama, mystery, or realistic portrayals."
65,스카이캐슬,i love how this drama is so dramatic and scandalous but still making sense and got a really good pace.
66,스카이캐슬,SINO NAGLAGAY NITO DITO SKWKWKKSKSKS GRABE THIS IS SUCH A GOOD SHOW WALANG KUPAS
67,스카이캐슬,ISTG I ONLY STARE AT THE CEILING FOR THREE DAYS BCS I COULDNT GET OVER OF WHAT HAPPENED WHAT THE HECK
68,스카이캐슬,"não sabia que precisava da Kim Seohyung de vilã até ver ela de vilã
foi o plot dela que me fez continuar até o final também pq no início era só gente rica insuportável"
69,스카이캐슬,"És una de les millors series coreanes que he vist sense dubte. Reflexa molt bé la crua realitat de la vida estudiantil coreana i de la desesperació d’entrar a una de les 3 millors universitats a Corea (SKY). No s’exagera quan es recalca que el teu èxit és basa en la universitat que hi vagis, i això no hauria de ser així. Enganxa moltíssim, surten actorazos i ho fan taaaant bé. Però el sistema educatiu és una de les principals raons que em tiren enrrere de viure a Corea. Us la recomano molt si us interessa el tema, sino igualment és molt molt interessant:)"
70,스카이캐슬,i love milfs
71,스카이캐슬,gilrbosses milfs
72,스카이캐슬,"Entretenido, lo mejor de cada capitulo es el final, te dejaba con intriga y ganas de mas. Buenos actores y personajes bien desarrolados."
73,스카이캐슬,"i want to cry and scream and yell and laugh at and for every single main and side character in this show. this is such an eye opening show for so many people that dont realise just how much it sucks to be treated this way as a child, a sibling, a parent, a friend, and as a student. as a person it hurts to be treated as less!
sky castle, you're so hot and so messed up but i love it."
74,스카이캐슬,if god is giving me 5 beautiful women who am i to say no
75,스카이캐슬,Netflix.
76,스카이캐슬,I loved this but I am disappointed that there were no consequences for ye-seo at least some counseling because she is also a victim of both her tutor and her mother . I loved the plot development for professor cha's family loved his daughter seri I. I also didn't love that u-ju didn't get much character development I wish he got some more like what happened to his parents . But aside from that I enjoyed this show i really loved chani he was such a good fit in this drama
77,스카이캐슬,Famílias ricas corrompidas saborosas
78,스카이캐슬,this is what happens when you cast five gorgeous stunning sexy beautiful intelligent talented actresses in one project and make them the leads. you get the best tv show of all time
79,스카이캐슬,"If you enjoyed watching it The Penthouse, this k-drama is definitely for you !
Definitely the best drama in my opinion. Why? I think it is rightfully said that no other drama is able to potray such realistic emotions and express these issues that exist in society in such a way which reaches our hearts. Although the first episode was somewhat a slowburner, from the start of the second episode every second is engrossing and one begins to think deeply and enter into the world of Sky Castle; which is a perfectly accurate potrayal of reality, to a T with perfect proportions of satire and comedy. Today's education system around the world is focused only on creating more and more doctors and engineers in order to sustain this unsafe world without even considering the feelings of the later generations, directly or indirectly. This system just wants to create workforces to keep the older generation' progress in this world and put them at ease without even considering how their children might feel. Although it is true that someone must do these jobs to keep our lives comfortable and protect the things built by our ancestors, shouldn't a parent's first priority be their child? The stellar acting by Kim Byung Cheol, Jung Joon Ho, Choi Won Young, Jo Jae Yoon, Yoon Se Ah, Yum Jung Ah, Oh Nara. Lee Tae Ran and last but certainly not least Kim Seo Hyung is perfectly suited to this drama and nobody could've done better. This drama opened my eyes to the issues of today's society and it is no wonder that it is still a phenomenon even today. This is a must watch for today's world. Hope this helps you to realise the true nature of this world through Sky Castle"
80,스카이캐슬,WE ALL LIE
81,스카이캐슬,"FUCK SCHOOL, BEST KDRAMA IVE SEEN SO FAR, I LOVE MILFS"
82,스카이캐슬,sky castle>>>>penthouse
83,스카이캐슬,"Fala de assuntos que quase  nenhum outro drama coreano aborda.O enredo é muito bom , não tem nenhum episódio entediante."
84,스카이캐슬,"Well they weren’t lying when they said ‘we all lie.’
Rich people really be different omg they are blinded by wealth and success. What terrible parents oml"
85,스카이캐슬,pyramid family is my favorite
86,스카이캐슬,omfg nothing compares to this kdrama it was literally so addictive n scary n omg i just LOVED
87,스카이캐슬,"Best kdrama next to a piece of your mind for me.
An eye opener and really emphasized on how education can sometimes affect students mentally"
88,스카이캐슬,"favorite moments:
when the mothers embraced seunghye to console her
when the twins took their dad out of the house!"
89,스카이캐슬,fuck yeah milfs
90,스카이캐슬,they r crazy….  but also hot.
91,스카이캐슬,👍👍👍
92,스카이캐슬,곽미향 씨!!!
93,스카이캐슬,"pls, this kdrama is CRAZY!! not the first i’ve ever watched but the first i’ve ever finished. the pace, for me, is fast unlike what other people usually say?? maybe it’s bcos i was hooked to the dilfs and milfs in it …. 
but anw, it’s not just a drama, it kinda gives off a comedy vibe too, and it’s a very family-friendly show too. ++ did i mention the PLOT TWISTS…..? AMAZING. 
coach kim, i can fix you"
94,스카이캐슬,"Malewives, rise up!"
95,스카이캐슬,MEUS AMIGOS WE ALL LIE !
96,스카이캐슬,"no início, é muito ruim quase dropei. somente lá pro meio a coisa começa a tocar na minha cabeça e, me fazer ficar sensível em um certo ponto."
97,스카이캐슬,Good drama but ending was too happy considering how wild and negative the first 15 episodes were. Really liked the acting and mother daughter due
98,스카이캐슬,"Reflected distorted desires for top notch universities widespread in Korean society incredibly realistically. Also the ending of each and every episode is so dramatic that it’s practically impossible to stop watching it then. 
Could have been a masterpiece, were it not for the last episode, which undermined all the themes of previous episodes."
99,스카이캐슬,"havent finished it yet but *chefs kiss* so far .

edit. nice i loved it :)"
100,스카이캐슬,"Addictive, amazing, incredible, show stopping, spectacular"
101,스카이캐슬,yeseo ainda vou te dar mt orgulho
102,스카이캐슬,"gave me a huge, throbbing headache"
103,스카이캐슬,I haven’t finished it yet but I’m actually enjoying this so much rn it’s a refreshing watch from all the romances I been watching lately. Also I like the mystery to it
104,스카이캐슬,drama stressed me the fuckkkk out fr. read about how some ppl hated the happy ending and that it was cringe BYEEEEE i feel like ive been getting nothing but sad endings in the name of realism and im TIRED of it. bring back happy and cheesy endings bro
105,스카이캐슬,milf castle
106,스카이캐슬,So dark but probably the second spiciest drama I’ve ever seen (first being the world of the married) I’m so glad I wasn’t raised in the Korean education system! 😃
107,스카이캐슬,太好看了，感觉剧本和parasite是同一挂的：极其人为工整但还是能直击人心，就像是陈凯歌说的冰与火的融合。
108,스카이캐슬,"we all lie, to tell you the truth"
109,스카이캐슬,"Hampir nyerah buat nonton series ini. Sampe 5 episode masih ga tau mau dibawa kemana ceritanya. Butuh effort jg buat hafalin karakternya yg segambreng. But, thank to the character Teacher Kim, akhirnya baru seru dan 'mencekam' di episode 6 ke atas. Sebagai guru les, cukup relate sama konflik2nya, sih. Boleh ditonton kalo lagi punya banyak waktu kosong."
110,스카이캐슬,"uma das melhores obras do mundinho dorama sem tirar nem pôr. foi um sofrimento pra terminar mas valeu a pena pelas milfs e pelos lacres! nunca eu ia ter conhecimento de como o sistema educacional coreano é doentil, mas aí a questão é: o que naquele país não é doentil?"
111,스카이캐슬,"Điều bố mẹ hướng con cái đến là sự thành công, nhưng điều con cái muốn là sự hạnh phúc. Trong phim, những đứa trẻ luôn gọi nhà là địa ngục. Vậy cuối cùng, đâu mới thật sự là hạnh phúc?!"
112,스카이캐슬,keren sih
113,스카이캐슬,"talented, brilliant, incredible, amazing, showstopping, spectacular, never the same, totally unique, completely not ever been done before

[started: feb 14th]"
114,스카이캐슬,I believe in No Seung-hye and Jin Jin-hee supremacy
115,스카이캐슬,noh seunghye and her three kids CARRIED the show and i probably would've liked the show more if i wasn't such a sucker for penthouse :(
116,스카이캐슬,"Drama qui critique le système éducatif coréen basé sur la compétition et le surmenage. Il faut réussir à tt prix.
On remarque une évolution des persos qui comprennent la vrai vie, l'importance de celle ci, la façon ridicule de vivre une vie centré sur la réussite pro et non sur la recherche de soi.
Avec une touche d'humour (dont perso je n'apprécie pas vrm), des professeurs et tuteurs aliéné (et psychopathes), des intrigues et des cliffhanger inattendues : c'est un bon drama qui reste bcp trop dramatique pour moi (il y a des situations vrm trop extrême), irréaliste sur certains points, une happy end très facile, ...
J'ai quand même passé un bon moment de bingwatching.
Mais les persos restent bizarre et idiots dans bcp de situations (appeler la police? La mort de Hye na juste parce qu'elle entravait la route d'une autre?), Bcp de clichés et ressemble bcp à the Penthouses
Cela reste le genre de série coupable qu'on adore par les dramas de familles riches"
117,스카이캐슬,"흙수저 여자 아이 죽여서 은수저들 행복찾기 ㅋㅋ
주제의식이 너무 천박해서 어처구니가 없는 정도. 1,2화가 재밌어서 8화까지 재미있게 보다가 점점 무너지더니 막판에 똥물 뒤집어쓴 ㅋㅋ원래 한드는 종영회가 젤 구린데 손더게 수중구마랑 라온마 카엔딩때문에 잠깐 방심하고 있었네...아무리 그래도 진짜 역대급 엔딩이다. 이 정도로 화제성 높은 드라마가 끝나고 이렇게 확 죽어버린 케이스 또 있나? 아 있구나. 왕좌의 게임ㅋㅋㅋ아오 작가 유현미인거 알았을때 손절했어야했는데. 8회 혜나 혼외자설정 나왔을때라도... 끝까지 본방사수한 내가 루저다. 
초반엔 사교육코드 넣은 고오급 막드인가 싶었는데 그냥 본격 막장드라마로 치달아가는 와중에 김주영쌤 너무 잘생겨서 기절ㅠㅠ (염정아 테러리스트 시절부터 얼빠라서 시작한 드라마이기때문에 염찬양은 굳이 또 하지 않겠어요. 입아프니깐) 그래도 염정아 얼빠로 시작한 드라마 김서형 잘생김 하나는 건졌으니 됐다ㅠㅠㅠ정신승리 ㅠㅠ얼빠는괴로워 ㅋㅋㅋ용두사미? 용두사망 수준. 로롸정제니펄페어펙스마약남묶어서스핀오프나보여주지"
118,스카이캐슬,damn....
119,스카이캐슬,kalian harus bersaing dengan diri kalian sendiri. Bersaing dgn org lain akan membuat kalian kesepian. Yakinlah kesuksesan sebenarnya adalah hidup tanpa rasa kesepian
120,스카이캐슬,finished this in one sitting im telling u it's THAT good...there were annoying moments of course but that's the fun of it
121,스카이캐슬,not the piano song from call me by your name
122,스카이캐슬,this show got me frustrated on a diff level. krazy good (also hi chani)
123,스카이캐슬,"There is a reason why, when this drama burst onto the scene in 2018, there was such a huge stir.
Aside from incredible acting across the board and a gripping, suspenseful storyline that constantly made you unsure of whom to root for, this drama just hit too close to home.
The concept of classism is not unique to South Korea, but the way it was laid straight bare in this movie almost without reserve, led to me also question my own privilege in my education thus far. Speaking of education, the film's laser focus on how East Asian parents in general prioritise their children's education over anything else, just felt so damn familiar.
Underneath all the social outrage it provoked, this movie is a treasure trove of great characters. The main Kang family, in particular, are deeply flawed human beings who are who they are because of circumstance, and the lengths they go to 'protect' and 'support' each other are just a sight to behold. I can't recommend this drama enough."
124,스카이캐슬,cha seri my fav harvard student
125,스카이캐슬,ambisi berlebihan tidak sehat
126,스카이캐슬,they don't made a kdrama as good as sky castle no more
127,스카이캐슬,rich people are insane
128,스카이캐슬,This is peak asian drama craziness
129,스카이캐슬,"watched this for the plot
the plot: milfs and dilfs <3"
130,스카이캐슬,crazy rich asians
131,스카이캐슬,"SHOUT IT OUT!!! WHAT YOU WANT FOR THE WORLD!! MONEY, HONOR, BEAUTY, EVERYTHING YOU WANT!!!


POWERFUL CAST!! BEST OPENING!! BEST RESOLUTION!!!! CRAZY RICH ASIANS!!!!!"
132,스카이캐슬,Kim SeoHyun🥰🥰🥰
133,스카이캐슬,"看了两集觉得尹世雅那个角色不错，对孩子也不错，没被她丈夫同化很厉害了，她丈夫也太搞笑了吧哈哈哈。都弄出个防音室了要不您学学打鼓吧哈哈哈哈哈哈我他妈笑死了
金珠英老师短发放下来好攻😭"
134,스카이캐슬,"Selesai nonton final tahun 2019, nonton akhir ditahun 2018.
Beneran series drama Korea yang worth it ditonton, akting, visual dan soundtrack bintang lima banget ಥ‿ಥ"
135,스카이캐슬,"can't believe it's almost been 4 years since this masterpiece. props to everyone who made this all happen, and the actors omg bc more than half of these people are fucking NUTS also love the twins' mom girlbossing her psychotic husband"
136,스카이캐슬,TANGINA GIRLS TAPAKAN NYOKO also seung hye eomma best eomma
137,스카이캐슬,"god this was so exhausting to watch. i appreciate the message of the show, but i think it got lost in the final few episodes. nevertheless, it was a good show, but so frustrating to watch.
anyways oscar winner kim seohyung when?"
138,스카이캐슬,A HYENA MERECIA MAIS!!!!!!
139,스카이캐슬,"Story and acting, on point! Some events we’re definitely questionable in relation to the ending. I felt like a sad and dark ending would definitely fit the story more since it is how the flow of the story began."
140,스카이캐슬,one of the best kdramas ive ever watched. really opens your eyes to how serious families take prestigious universities and the extent they will take to put their kids in one.
141,스카이캐슬,"no kdrama comes close to this masterpiece. the actresses, actors, storyline, setting, and just everything IS JUST PERFECT <3"
142,스카이캐슬,"THIS WAS SOOOOO GOOD , but hye na , yeh suh , and her mom pissed me offff sooooooo much . the coach was crazy like genuinely crazy like hello ??? like she’s so fine but like i cant even say i could change her bc i couldn’t she’s that insane . the twins i loved them alot and seri she was 😭❤️❤️❤️ i loved her i loved their whole family and i liked how the dad changed at the end it was nice . woo joo’s family was really admirable ? i would say it’s nice to see how their dynamic was and how they all respected one another it was really nice . LOVE ME SOME MILFS AND DILFS !! kim soo hyung is my fav actresses ever"
143,스카이캐슬,eto dahilan bat sinipag ako mag-aral dati ei
144,스카이캐슬,just dilfs and milfs
145,스카이캐슬,"Top tier drama that aimed to criticise a very real issue in society, that is, the educational rat race that ensues as a result of the fierce competition in today's society. I honestly hated everyone in the show for a majority of its runtime but that's more because they felt way too real. Alot of that was down to the acting and directing which were both excellent.
The ending however seemed a bit too preachy and happy atleast to me but not a total dealbreaker. In a show which beautifully portrayed the dark side of human beings and how they wouldn't stop at anything to fulfill their greed, the ending seemed to take away from the realism as thy show concluded in a place that was way too idyllic to be believable. I also had a few minor issues with some details that I wished were expanded upon but I'm overall satisfied with what I experienced so I'll only deduct half a star."
146,스카이캐슬,"sad end for trainer Kim, but her daughter is very beautiful 🥰"
147,스카이캐슬,krazy rich parents' obsession
148,스카이캐슬,Great ensemble
149,스카이캐슬,"um hello k-dramas are now being uploaded onto this site ??? and i wasn't brought into the loop on this ????
ok but anyhow absolutely phenomenal performances from the cast; this was the first k-drama i watched in .. quite a while and boy i was not disappointed
except for that last episode smh some questionable decisions were made
- an enraged but excited soul on 21st nov 2021 -"
150,스카이캐슬,i watched this like a year ago and i just remembered it exsists JESUS FUCKING CHRIST THIS SHOW LITERALLY MADE ME GO FERAL. i cried for 5 mf hours because of it... 5 HOURS GIRL IVE NEVER HAD SUCH A BAD HEADACHE IN MY LIFE. the way the plot fucked with my head was crazy i mean LORD HAVE MERCY WHO GREEN-LIT THIS??? don't get me wrong it's probably one of the best shows i've ever seen in my entire life but it was just genuinely so fucking traumatizing. i'm not a person who cries a lot while watching film and tv but THE WAY I WAS SOBBING FOR 5 HOURS AND I'M NOT EVEN EXAGGERATING LIKE IT WAS SO PAINFUL and the fact that i also binged it in like 2-3 days DID NOT help but at least that's how u know it was worth watching. might rewatch someday just for shits and giggles.
151,스카이캐슬,"as someone who has been in a similar environment and didn't know it could be portrayed in media, this is more comedy over thriller than many non-Asian (or non-academically-extra-childhood) viewers will ever know
the main plot at the end is eh but everything else is mwah"
152,스카이캐슬,litt treg i starten men fy søren den tar seg opp. det er så mange twister og svinger her at man blir helt svimmel. applaus.
153,스카이캐슬,esta serie salvó mi 2020
154,스카이캐슬,where's season 2.... this show is responsible for my mental health
155,스카이캐슬,"Brilliant directing and production, engaging plot, convincing acting with a powerfully befitting soundtrack to boot.
This drama portrayed the reality of a very sensitive subject of pressures of Education. A lot of the moments told in this drama related very closely, to a lot of children in the real world"
156,스카이캐슬,"Una maravilla de drama que he disfrutado intensamente a lo largo de estos días.
Cada familia ha tenido su momento para brillar, hacer reír o acongojarte. Creo que el balance ha sido muy bien llevado, de modo que ni te asfixiases con demasiado drama ni dejaras de tomar la historia en serio por exceso de comedia.
Destaco los giros de guion, sus personajes y la estupenda interpretación que cada actriz y actor le da —destaco sobre todo al cuarteto de madres y a Kim Seo Hyung—, además del poderoso y siempre importante mensaje que da esta sátira.
Me ha encantado."
157,스카이캐슬,"AMO DMSSSS doramas de gente rica sendo insuportavel são meu guilty pleasure (penthouse e twotm que o digam tb)
entregaram tudo neste a critica social mto foda yasss go besties fuck school"
158,스카이캐슬,one of the best kdramas i have watched.
159,스카이캐슬,we all lie
160,스카이캐슬,the one-shots sa parking?? YESS
161,스카이캐슬,haven't finished but giving it 5 stars for reaffirming my childless cool rich lesbian tita agenda
162,스카이캐슬,"This is my first k drama which isn't a rom-com.
This is the best k drama I have watched till date"
163,스카이캐슬,"Apa tugas orang tua sebatas membiayai anaknya. Ayah mengaku orang tua tapi mendidikku hanya untuk menyombongkan diri?
Dialog yang menohok Sky Castle menceritakan ambisi para orang tua mengenai masa depan sang anak.
Andil orang tua lebih besar dibanding sang anak dalam menentukan bagaimana kesuksesan diraih, meskipun alasannya cukup masuk akal namun tidak dengan caranya.
Dramanya dibangun dengan baik, lamban diawal tapi ceritanya berkembang sangat baik, ritmenya juga terjaga hingga akhir. Pengenalan karakter dan konfliknya dipaparkan cukup oke dan menyajikan perdebatan yang seru.
Karakter protagonis dan antagonis berperan sesuai porsi dengan performa dan chemistry yang tak usah diragukan.
Scene pembedahan buku dibuka dengan asyik dan ditutup dengan menarik."
164,스카이캐슬,SKY MILFSM!!!
165,스카이캐슬,incredibly long and drawn out show only to smakc u with the death of the most righteous character. ig points for shock factor???
166,스카이캐슬,call me old fashioned but i was born and raised to serve my milfs. i clean the dishes and cook their food. i do whatever they say because they’re my milfs and they make the rules around the house. they OWN me. i am their property.
167,스카이캐슬,"有峰迴路轉的感覺
越後面有越來越狗血"
168,스카이캐슬,I watched it long ago but I just remember this one character who got me so aggravated lol
169,스카이캐슬,I want to be accepted to study at one of the SKY universities in South Korea or I can be made into gossip by my neighbors.
170,스카이캐슬,ep 20 was fine i don’t understand you people
171,스카이캐슬,this ate
172,스카이캐슬,fkin rich people!!!
173,스카이캐슬,breaking the cycle 🥺🧘🏻‍♀️🧚🏼‍♀️🫀👩‍🍼👩‍❤️‍💋‍👩🦋🍄🍓🏹🤍🥵🩹
174,스카이캐슬,one of best kdramas to ever being made methinks
175,스카이캐슬,"they’re all going to hell. 
the complexity of kim joo young is just so fascinating. she’s grieving for a life she doesn’t allow herself to have, she’s avoiding who she truly is, what she did and what she’s doing, she’s only expressing herself through revenge and guilt but yet she’s still aware of what’s happening at the core of who she is. it’s like no matter how far she runs, she can never escape from herself. 
she’s on the verge of suffocation, she’s running toward it, there’s no way out but that way.
anyway this so entertaining, dramatic, comical. 
YES! LOVE WATCHING THE RICH AND THEIR MESSY LIFE. 
also kim seohyung had no business looking this good."
176,스카이캐슬,So fricken good idc... if u need a break from cheesy romance kdramas this is perfect
177,스카이캐슬,omg so beefy
178,스카이캐슬,"cue ""we all lie, tell you the truth. sometimes we laugh and easily lie. alright, it's a, it's faker"""
179,스카이캐슬,"a critique on korea’s toxic competitive education system where parents push their children up the pyramid of “success”, at whatever cost. compelling, chilling, and truly praiseworthy 👏"
180,스카이캐슬,SKY CASTLE IS THE BLUEPRINT. 🤩💅
181,스카이캐슬,What? Why is this show on here? Umm anyway milfs <3 I'll leave a more serious review sometime I guess
182,스카이캐슬,"Mind-blowing plot, characters, actor performance, cinematography, holy shit. This is a masterpiece."
183,스카이캐슬,"""เป็นซีรีส์ที่ 'ย้วย-ยืด-วน' แต่ต้องยอมรับว่าเป็นอีกมิติใหม่ที่หยิบ 'การศึกษาเกาหลี' มาวิพากษ์ ฉาบด้วยการสร้างภาพของ Elite ความกดดันของเด็กที่ถูกกดทับด้วยความคาดหวังจากผู้ใหญ่ มุมมองต่อวงการแพทย์ ชอบประเด็นมาก แต่เล่าไม่ค่อยสนุก และไม่ค่อยเซอร์ไพรส์เท่าไหร่"""
184,스카이캐슬,…………
185,스카이캐슬,the stress this drama gave me... BUT ATLEAST THERE'S A LOT OF MILFS
186,스카이캐슬,milfs <3.
187,스카이캐슬,Can be over the top but is a pretty solid show.
188,스카이캐슬,MILFS <3
189,스카이캐슬,"Circle yang menghalalkan segala cara untuk smpe ke puncak, sampe ngubunuh orangg. Kelakuan keluarga piramida emang paling kocakk, lagi pusing-pusing sama alurnya tra muncul kelakuann keluarga piramida jadi meminimalisir pusingnya lol. Ga nonton sampe akhir sii, stop di eps 17an klo gasalah karena kena spoileran trs jadi males jadi langsung ke endingnya, suka sii sama endingnyaa. Bikin ademm, udahh tobatt hahaha"
190,스카이캐슬,"de las mejores series que he visto en mi vida por no decir la mejor, la trama está súper bien hecha y cada episodio es más impactante que el anterior, me gustó mucho y la recomiendo."
191,스카이캐슬,Drakor yg mayoritas pemerannya antagonis.
192,스카이캐슬,"I LOVE THE CAST, THE STORY, AND THE PLOT!!! THEY ARE THE BEST MILFS FOR ME!!!"
193,스카이캐슬,"review from the day I finished: ""the writing was so layered and the conflict was so complex,,,,luved the children's acting,,,,
my fav lines: 
why the hell is it a pyramid when the world is round!
if u wanted a doctor, then you shouldve become one yourself, grandma
 the mummies were kept in the middle."""
194,스카이캐슬,all the frustrations and stress i invested was worth it
195,스카이캐슬,This show is insane. My god.
196,스카이캐슬,Drama. Scandal. Intrigue. Devastation. Emotions. AND I’D DO IT ALL AGAIN.
197,스카이캐슬,This was some drama indeed
198,스카이캐슬,everyone’s a milf then there’s woojoo’s nosy mom.
199,스카이캐슬,Me bawling my eyes out with the last five episodes is something I did not expect ….. also this soundtrack is amazing
200,스카이캐슬,Really does a good job on how stressful korean education system is. We all lieeeee
201,스카이캐슬,one of my absolute fav dramas !
202,스카이캐슬,best drama idc idc NOTHING CAN COMPARE
203,스카이캐슬,I WILL BULLY TF OUT OF YESEO'S EXISTENCE. THAT ONE COACH KIM SCENE: PHENOMENAL.
204,스카이캐슬,PERFECT. PURRR. TOP TIER.
205,스카이캐슬,i think i should study harder 😟
206,스카이캐슬,"the way this drama drove me insane with the families' different struggles, and how these events are connected, just blew my mind. rich people are so weird man 😭"
207,스카이캐슬,Choi Won Young alert!
208,스카이캐슬,"just finished this kdrama omfg.... as good as everyone has been saying. ive been wanting to watch this for so long but never got around to it until now when i realized i havent seen donghee (plays a kid in this series) in a drama for so long AND I MISS HIM.... but yeah this was really good. its hovering ""shayne's ultimate favourite kdrama of all time"" territory
also, all of the actors played their part extremely well, especially the actress for yeh suh UGH her slayage.. plus the plot is just super interesting like ive always been curious about these type of things and despite being a kdrama im sure these things do happen in real life, just done behind closed doors. great social commentary! and just good entertainment.
(p.s. the cha family is the best family and seunghye is easily the best mom!)"
209,스카이캐슬,"1-19 oke buanget
20 hemm...."
210,스카이캐슬,simplesmente o melhor dorama ja feito
211,스카이캐슬,KIM HYE-NA I WILL FIGHT FOR YOU
212,스카이캐슬,"Started watching this for the rave reviews, and enjoyed parts of it for sure, but overall it wasn't as good as I had hoped it would be.
Strengths: Really distinct characters that represent people that fall on to different ends of the spectrum when it comes to the study culture in eastern Asia. All of them are true to their nature from beginning to end. Some touching scenes between parent/child and between friends. Also, kudos to the creators for making Han Seo-jing's a sympathetic character, even though she does many unsavoury things throughout the story, and for making her point-of-view understandable, even if you don't agree with it.
Weaknesses: Around the half-way point the show starts to wallow into melodrama territory and story development almost grinds to a halt. The argument for studying and achieving success in life really starts to sound tone-deaf and one-noted, I felt like they could have explored that view a bit more widely. I would have like a bit more development on Kim Joo-young's backstory too. Acting was a bit uneven, with some really strong performers against really weak ones."
213,스카이캐슬,i fawking love kim hyeyoon
214,스카이캐슬,wow rich people are weird
215,스카이캐슬,Keren bingids
216,스카이캐슬,amazing
217,스카이캐슬,"love it muchhhh, rich ppl r complicated"
218,스카이캐슬,"bakal jadi salah satu drama yang sangat aku suka seumur hidup kayaknya. nonton ini jadi mikir semua karakter tuh tersiksa with their own background, menjelaskan segala stereotype asian family juga.... bagus dan akan rewatch di masa yang akan datang!
anw love the dynamic of prof cha's family!"
219,스카이캐슬,"It got me hooked right from the first episode, and that’s the thing about good kdramas, you put everything else aside, studies, chores, other movies, and stayed up till 4 a.m for two consecutive days to finish it."
220,스카이캐슬,kim seo hyung if you read this im free on thursday night and would like to hang out. please respond to this and then hang out with me on thursday night when I’m free
221,스카이캐슬,"I remember watching this drama from ep.1-10 in 2019, then I came back to rewatch the first 10 episodes last year, 2020, and finish it in 2 weeks. What I can say is that this drama is that they really mastered the art of cliffhangers, episode by episode they didn't fail to give us a shocking cliffhanger. Each episode won't bore you it was consistent from start to finish, unlike some k-dramas that I have watched before. Also, I like to talk about the chemistry between the actors who played as parents, it was all-natural and all of them really played their role so well, probably because all of them are veteran actors now, the actors who played as their children also did well not as well as the veteran but they carry their role fine especially Kim Hyeyoon (Kang Ye-SEO) swear to god her acting was so good I want to punch her and at the same time I feel bad for her, she was just a kid.
Overall the drama was really unforgettable no wonder this was such a hit in Korea and for someone who also loves satirical comedy, this one hits the nail for me."
222,스카이캐슬,"after watching this i felt guilty for cheating in high school so i stopped and ~studied ethically~
then i went to college"
223,스카이캐슬,O MAIOR KDRAMA FEITO NA HISTÓRIA
224,스카이캐슬,"Isso sim que é um novelão, hein.
Cada episódio, um ataque cardíaco garantido."
225,스카이캐슬,"top top top drama
ADJUNTO MEJORES FRASES de este drama
""They (children) are not some tools that can fix your (a parent's) inferiority complex. They are not sandbags that you can use to vent your anger""
""Who cares whether they acknowledge you or not? I just want to be happy...""
este drama refleja la cadena social jerárquica q caracteriza a surcorea, no es muy alejado de lo que se vive acá tmp.
pd. chani es el próximo d.o."
226,스카이캐슬,"Wild, just fucking wild"
227,스카이캐슬,"Setelah drama ini tayang , muncul lah banyak drama setipe
The real paved the way 💅"
228,스카이캐슬,"I wasn’t able to binge-watched this kdrama because every ep for me was so heavy. I had to recover every ep.
Fuck the school system! Fuck our parents unfair expectations! Fuck the society that wants us to be someone we’re not!"
229,스카이캐슬,so good until a certain character [redacted]. then it quickly devolved to contrived melodramatic nonsense and lost its message
230,스카이캐슬,wow
231,스카이캐슬,I learned stuffs from this drama.
232,스카이캐슬,"One of my favorite kdrama. A social satire, a dark comedy which criticize the south korean society. I wanted to punch the characters in the face, some were really awful. I felt bad for this kids, it shows the pressure south koreans chidren have at school. I really recommand it if you like dark stories"
233,스카이캐슬,One of the best K-Drama EVER for some reasons.
234,스카이캐슬,"Pernah nonton dokumenter ttg pendidikan korea, emang banyak sih bagian yang didramatisir. Tapi emang sesusah dan sesadis itu"
235,스카이캐슬,this show did me dirty when i was wishing hye-na a good life and kills her the next episode unforgivable
236,스카이캐슬,"The one of the only two K-Dramas that I adore for their technical factors and storyline developments. All the characters are phenomenal in this show. I was a bit skeptical at first, as I am still a dilettante in keeping up with Korean shows but then, when I watched the first episode, I set off a chasm that ended at the final episode.
Yum Jung-Ah is perfect - no place for error. 
The shots, the plot, every detail was superior to every drama made in the country. Except the one KDrama that I love more than this - World Of The Married (if you still haven't guessed from my profile picture and username)."
237,스카이캐슬,"why i like this drama:
1. criticizes korea's education system
2. production design (kita yung personality ng family sa design nung mga bahay nila) and cinematog (malinaw yung purpose ng bawat shot)
3. seryoso yung theme in general pero hindi misplaced yung humor ng writer and director. absurd catfights and arguments show kung gaano kaabsurd yung pagkagrade conscious ng mga tao. parang sinasabi na these characters are experiencing the grave consequences of a problem na madali lang naman solusyonan kung nasa tamang pag-iisip sila"
238,스카이캐슬,yes yes so good i miss this
