,title,reviews
0,서른이지만열일곱입니다,"the more i think about it the more i like still 17.
it's a drama about this 17yo who gets into a car accident and spends the next 13 years in a coma. waking up as a 30yo she feels foreign to herself, everyone around her has disappeared.
after some time in the rehabilitation she runs away to her old house where she lived, in her memories, only like a day ago.
but of course 13 years has passed and somebody else lives there.
coincidentally it is somebody who is strongly connected to her. we viewers know this but they do not.
it's slightly frustrating that way but honestly the joy of seeing them discover it is all worth it.
it's nice, emotional and actually well written. the main characters are super quick to connect the dots too. like they will realise things really fast, sometimes they are maybe even too aware but it is better than being completely clueless. better smart than dumbed down.
still 17 was a nice and joyful watch. it has a lovely family dynamic and there are many backstories that fit together and the whole package is just so well delivered. definitely among my favourites and i'm glad i stumbled onto it."
1,서른이지만열일곱입니다,shin hye sun still does look like a 17 years old.
2,서른이지만열일곱입니다,all my crushes in one drama 👍
3,서른이지만열일곱입니다,SIEUN OSCAR WHERE???
4,서른이지만열일곱입니다,"Sekarang aku punya banyak orang baik disekitarku. Aku merasa sangat kaya.
Menarik Still 17 bercerita tentang seorang remaja yang kehilangan masa mudanya karena mengalalami kecelakaan dan koma selama 13 tahun. Di tempat lain ada lelaki yang kehilangan dirinya atas sebuah tragedi, kebetulan mempertemukan mereka dan keduanya menjadi terikat.
Shin Hye-sun tampil paling prima diantara yang lain, karakter yang dimainkan berkembang dengan baik. Alurnya lamban dan ceritanya basic, konfliknya bicara tentang berdamai dengan keadaan. Chemistry kedua pasangan kurang klik, latar belakang keluarga si Woo Seo-ri juga tidak digali."
5,서른이지만열일곱입니다,everything about this drama is beautiful
6,서른이지만열일곱입니다,"Still 17 / 30 but 17 (kdrama, 2018)
You want something fluff with slight angst, mutual pining, no evil but complicated situations? this kdrama offers it all. it made me shed a tear or two, laugh along with people in the house. and yang sejong's voice. just. melted me. 😍😍 (4/5)
Plus fetus dohyun 🤭"
7,서른이지만열일곱입니다,"Yoo Chan, my meow meow 🥺 Sobrang babie ni Hyoseop dito?!"
8,서른이지만열일곱입니다,who thought the cliche comatose trope would touch my heart so much but here we are
9,서른이지만열일곱입니다,IM FUCKING CRYING BEST YANG SE JONG DRAMA EVER (╥﹏╥)
10,서른이지만열일곱입니다,"Очень приятный сериал без всяких изъебов сюжета, после которого приятно на душе.
Но было бы забавно посмотреть на сцену секса главных героев, которые подошли к 30 годам своей жизни девственниками"
11,서른이지만열일곱입니다,"Otro recital de Shin Hye-Sun en un drama que peca de ser bastante inocente y blandito por su propia premisa. La realidad es mucho más cruel y salvaje, pero esta pequeña fábula prefiere perderse en su mundo y ofrecer un buen rato de evasión entre gestos tiernos y una bondad excesiva."
12,서른이지만열일곱입니다,truly is the best dama like idgaf everything was perfect
13,서른이지만열일곱입니다,"there are several reasons why i don’t like this drama, and one of them is the protagonist who looks like a stone. each character is like a curse that torments you, i couldn’t finish"
14,서른이지만열일곱입니다,this drama was so frustrating to watch but is still worth watching!
15,서른이지만열일곱입니다,the cutest plot twist in a drama <3
16,서른이지만열일곱입니다,cried so much i can’t feel my left cheek
17,서른이지만열일곱입니다,i can watch ep 8 over and over again
18,서른이지만열일곱입니다,"Light story, funny, & heartwarming relation between characters, without any unnecessary plot.
Be patient until coincidence turned into fate.
Mrs. Hye-sun indeed still looks like 17."
19,서른이지만열일곱입니다,I'LL FOREVER TREASURE THIS DRAMA
20,서른이지만열일곱입니다,hindi ko matapos puta andaming unnecessary scenes nakakafrustrate pa 💀
21,서른이지만열일곱입니다,love it
22,서른이지만열일곱입니다,No offense but the main guy could not act at all
23,서른이지만열일곱입니다,"the way they fall in love with each episode a little more makes you want to see the whole season in a row, beautiful soundtrack / ost, i don't have words to describe what this drama makes me feel.
100% recommendable :)"
24,서른이지만열일곱입니다,Kadın başrol başkası olsaydı daha güzel olurdu ama yang sejongum için izlenir
25,서른이지만열일곱입니다,Don’t you all agree that Shin Hye-sun is *heart eyes*
26,서른이지만열일곱입니다,Emocionante e uma lição de vida!
27,서른이지만열일곱입니다,The love and wholehearted support that the characters have for one another will definitely warm your heart. That's the friendship that resembles family
28,서른이지만열일곱입니다,The cutest first kiss scene I’ve ever seen in kdramas.
29,서른이지만열일곱입니다,eu gostei é mt fofo me faz sentir como se a vida é muito linda
30,서른이지만열일곱입니다,SOOOO GOOD i rewatched it like 10+ times
31,서른이지만열일곱입니다,i honestly don't remember anything about this drama bc it's been so long.. i just know i cried.. so it must deserve at least 3 stars 🙏
32,서른이지만열일곱입니다,"yine bi kdrama ile sıcacık olduk 💕
neden bizim de karşımıza böyle direkt patır patır sevgi dolu, iyi, temelli hayatında kalan insanlar çıkmıyor ki :<"
33,서른이지만열일곱입니다,"Good comedy moments mixed with lots of tears of sadness and hapiness. Decent, not overplayed, soundtrack. This one is super sweet and was easy to watch."
34,서른이지만열일곱입니다,"this was such a refreshing show about growing old & growing up, and about the families we’re born into & the families we find. the story wasn’t the most original or the best, but the charming characters and their relationships were everything!!! 😭❤️
there wasn’t anything new with the story, but the writer handled things surprisingly really well, which would’ve gone disastrous on the hands of other writers. see, you don’t need hateful characters and over-angsty situations to drive a story
and i really loved the relationship between woojin & seori. it was pure/innocent, but it‘s also mature. they supported each other & had great communication. they spoke their hearts out, they listened, they understood each other or at least tried to. definitely a new favorite OTP! 💖"
35,서른이지만열일곱입니다,sooo heartwarming
36,서른이지만열일곱입니다,nem terminei mas pela jennifer já merece 5 estrelas
37,서른이지만열일곱입니다,"Little Slow paced, rushed ending yet able to move your heart.
Still 17 is one of the shows that defines the power of love with its 'slow but steady' execution. At first, the curiosity of characters make you to feel attached to the characters and slowly that curiosity make you fall in love with these characters and their lives.
Positive:
Very good story and its character
Good acting
Slowly develops yet impact is huge
Shows the impact of self guilt and power of family/love
Negative:
-The secret of both main characters revealed its self too quickly in last episodes.That is why ending feels a bit rushed.
-Start is good but mid part is slow.
- Some situations can be more complex especially emotionally
Verdict: You should watch it once. Underrated show but have a huge impact."
38,서른이지만열일곱입니다,"korean 🇰🇷
just very fun and cute to watch throughout!"
