,title,reviews
0,스토브리그,won the 56th baeksang best drama award for a reason. def a great watch !!
1,스토브리그,The script is excellent. They know how to let you watch next episode by next continuously.
2,스토브리그,"Great character writing and entertaining screenplay
But I didn't liked this show as much I should have..."
3,스토브리그,"Lanjutkan perselisihan kalian. Perkelahian orang dewasa tidak bisa dihentikan, apalagi berkelompok.
Drama olahraga Stove League menceritakan tim baseball yang sedang diujung tanduk.
Alurnya memang lamban tapi tidak ada satupun scene yang membosankan. Ritmenya terjaga dengan baik, konfliknya juga dilihat dari berbagai sudut pandang.
Konflik utama dipaparkan menarik pada setiap episode, penuturannya menyenangkan dan diselesaikan dengan baik. Mulai dari aspek dasar tim (arti kompak), manajemen kepelatihan, ketimpangan gaji dan hal keuangan lainnya, kesetaraan dalam memperlakukan pemain (senioritas), memberantas staf yang bermasalah, bernegosiasi dan kecermatan dalam melakukan transfer pemain serta memperbaiki sistem bisnis.
Konflik sampingan (drama keluarga) juga menjadi selingan yang oke. Pengenalan karakter 👍, performa cast utama menawan sedangkan cast pendukung saling mengisi.
Salah satu drama korea yang 🔥
Namkoong Min 🔥😍"
4,스토브리그,I think baseball is cool and sexy
5,스토브리그,"3. Stove League (kdrama, 2019)
the story is well written, the character buildings are great, every arcs finished well. You can learn a thing or two since I know nothing of baseball, you can also feel goosebumps and love each person in this drama (5/5)
Best Drama Winner of 56th Baeksang Arts Awards"
6,스토브리그,"the good: i had no expectations before watching this show but afterwards i knew it definitely live up to its name as a best drama awardee. it has a well-paced storytelling and an amazing cast that completes the whole picture. no filler episodes and everything just fits into place like puzzle pieces then before you knew it you're almost at the end. not really a fan of underdog stories since you know you'd have to go through lengths just to see our leads thrive but this one took me in a whole other level and served something heart-warming and manaegable to watch despite the politics and my unfamiliarity with baseball. the highlight of this show was the character developments and bonds formed like i knew these characters were easy to root for and their endings were understandable and well-deserved. highly recommend!
DREAMS! DREAMS! DREAMS!"
7,스토브리그,thirst watched for namkoong min and i'm not disappointed. even though i don't know a single thing about baseball lmao
8,스토브리그,"Tim baseball Dreams telah mengalami kekalahan selama bertahun-tahun. Mereka menempati klasmen terbawah dari sederet tim baseball lain yang ada di Korea Selatan. Dan, tentu saja hal ini juga menimbulkan kerugian bagi perusahaan induk yang menggawangi tim ini.
Kondisi tim dan pengurus memang luar biasa kacau. Orang-orang ini bahkan rela baku hantam saat pertandingan tengah berlangsung.
Pengurus pusat lantas memutuskan untuk mencari manajer umum yang baru dengan harapan dapat mengubah situasi yang ada. Nah, dari proses wawancara, terpilihlah Baek Seung-Soo (Namkoong Min), pria yang berhasil membawa tim gulat mencapai kesuksesan.
""Apa kau mengerti tentang baseball?"" tanya Lee Se-Young (Park Eun-Bin) manajer operasional.
""Tidak. Tapi saya akan cepat belajar,"" jawab Baek Seung.
Walau Baek Seung kelak akan menjadi atasannya, dalam proses seleksi calon manajer, Lee Se-Young bertindak sebagai interviewer. Sejak awal dia sudah tidak sreg dengan Baek Seung sebab orangnya dingin dan cenderung ketus. Makanya, saat direktur kemudian memilih Baek Seung, dia sebal tapi tak mampu berbuat banyak. Ia harus menerima Baek Seung sebagai bosnya.
Ada banyak gebrakan yang dilakukan Baek Seung dalam awal kepemimpinannya. Salah satunya, mentransfer Lim Dong-Gyu (Jo Han-Sun) ke klub lain. Terus terang ini memunculkan protes dari semua pegawainya.
""70% penjualan cendera mata berasal dari baju atas namanya,"" ujar tim marketing.
Belum lagi, Dong Gyu memang atlet yang hebat. Dia pemukul nomor satu di Dreams. Namun, Baek Seung tetap keukeuh dengan pendiriannya. Dalam rapat pertama, dia memaparkan kenapa Dong Gyu harus dilepaskan. Dengan kemampuannya Baek Seung mampu meyakinkan semua pegawainya.
Di sisi lain, Dong Gyu yang tidak terima mulai mengintimidasi. Dia mengirimkan tukang pukul kepada Baek Seung. Hebatnya, Baek Seung tidak gentar. Cara-cara yang dia lakukan untuk menaklukkan Dong Gyu hebat sekali.
Permasalahan datang silih berganti. Saat negosiasi gaji atlet di musim terbaru, beberapa atlet bertingkah dengan meminta bayaran tinggi. Di sisi lain, perusahaan memotong gaji sebanyak 30%.
""Aku tahu kau dapat mengatasinya,"" ujar direktur Kwon Kyung-Min (Oh Jung-Se).
Baek Seung banyak berselisih dengan direktur Kwon. Dia ditekan dari segala penjuru mata angin. Tapi, kepintaran Baek Seung sering membuat Kwon tak berkutik. Sayangnya, banyak hal yang harus dibayar mahal oleh Baek Seung demi memajukan klub Dreams ini.
Lantas, apakah niat baik Baek Seung akan berhasil?
* * *
Hwooo! nemu lagi satu drama yang bagus. Beberapa minggu lalu, aku sempat coba nonton, tapi hanya tahan 10 menit dan aku putuskan untuk skip.
Tapi 3 hari lalu aku coba tonton ulang karena inilah drama yang memenangkan Baeksang Award. Setelah disimak, eh tahu-tahu aku kebablasan nonton sampai 4 episode sekali duduk eh rebahan haha. Soalnya serial ini emang seru!
Aku yang biasa menamatkan satu season drakor 7 sd 10 hari (bahkan bisa lebih), khusus di Hot Stove League ini cuma butuh 3 hari, itu pun setelah pulang dari jaga toko. Asyik banget nontonnya. Durasi 1 jam gak kerasa. Nonton bentar, eh tahu-tahu selesai 1 episode.
Baek Seung keliatan banget cerdasnya! orangnya tenang (sehingga cenderung dingin), dan dia dapat mengatasi banyak masalah yang muncul. Ide-ide demi kemajuan Dreams juga cemerlang.
Oh ya, walau ini tentang olahraga baseball, hanya di awal, tengah dan akhir episode diperlihatkan adegan bertanding. Selain memang kejadiannya terjadi setelah musim pertandingan berakhir dan persiapan musim yang baru, memang drama ini lebih fokus di kisah di balik layar sebuah klub olahraga besar.
Kayaknya, para manajer sepakbola Indonesia mesti nonton drama ini sebab akan banyak sekali ilmu yang didapatkan. Aku sendiri, walau gak paham baseball jadi tahu betapa kompleksnya mengurusi sebuah klub olahraga.
Skor 9/10"
9,스토브리그,"I thought a lot of things while watching this K-Drama. Even after I finished it, it was hard for me to move on.
Memorable.
That might be the right word to describe how i feel.
I was thinking of an appropriate answer when I was asked what I liked in this drama? And it turns out it's an easy question. My answer is almost all, in fact I love more than 90% of this K-Drama. It may sound overdramatic to some, but I've actually discovered a lot of new things in this K-Drama. And it all made me think,
""Wow, this is what their lives are.""
""I have to live my life like him.""
""Why he's so..? Ah, No wonder he's like that.""
Then sometimes I wonder why I'm so obsessed and even as I worship the characters in this K-Drama. Then I figured it out.
It's human beings.
They are images of our lives, though their work is not always the same, but variations in human nature are shown in the characters of this K-Drama. They're very complex and have their own problems.
A cruel but capable man, fierce but loyal person, clever but obedient like a slave, noisy but sweet, looks good but sly as fox, talented but stubborn, even up to a bastards.
The bastards in this drama can't even be fully blamed, at least they're fighting for the same thing as everyone else.
Pride. As important as money is, we just can't always get both. Some people lose it for money, some poor because they struggle with pride. Sad but true.
Those things I like most in this drama, complex characters but stick with solid stories.
Besides, I've learned a lot about baseball, sports that I don't even hear very much about. But now I know at least a little bit more because of this K-Drama. Such as knowing about score management and management of the team behind professional athletes.
A toast to the production team, Cheers!!
Is there anything I dislike?
Yes, actually there's one thing I regret. The match.
Why is the match scene so few? Although I know this K-Drama is more focused on managerial team, but at least I was hoping for a match during the management problem. I try to understand, but it's a little hard for me not to think about it. Even in the last episode, I expected to see DREAMS performance in the finals as a result of all this work, but nothing, just voice of a car radio. What a waste :(
Well, it's a really good K-Drama anyway. No wonder this Korean drama won the best K-Drama at 56th Baeksang Arts Awards. And to be sure, it's one of the best K-Dramas for me!!!
P.S. I WANNA LIVE LIKE HAN JAE HEE
- Jay"
10,스토브리그,"Menarik karena temanya baseball, kayanya ini pertama kalo nonton drakor tentang olahraga. They showed great teamwork and leadership."
11,스토브리그,Mengambil tema baseball & lebih berfokus pd team manajemen 'Dreams'. Sungguh taktikal pertaruhan yg panas. Ada mimpi besar yg ingin digapai team pecundang ini selama 4 tahun terakhir. Dreams vs Everyone!
12,스토브리그,"AN UNDERRATED GEM, A MASTERPIECE.
I went into this without expecting that i'll finish the show in just one day, literally. i absolutely know nothing about baseball and i'm def not into sports. But not even once i was confused about the story because of my lack of knowledge about the sport. So if that is what's keeping you from watching this show, then rest assured bcs it's far more than just baseball.
But this drama, wow. Solid writing from the first episode up until the last. Great storyline and brilliant acting. I believe there were no unnecessary scenes or fillers in the story. Each episode is like a piece of a puzzle that needs to be there in order to complete the whole puzzle.
This show is not your typical heartwarming sports drama/film where you see the worst team winning miraculously because of just one person. It's so much more. This show isn't actually about the sport (baseball), it's about the people. The people behind the sport, the management. It's a political and power-struggle drama. It is both character and plot driven show. It gives a deeper understanding of what goes on behind the scenes of a professional sports team. There is hardly any on-field action throughout the whole show which i was first worried about.
The cast did an amazing job of bringing the characters to life. Not just the main leads but all of the cast. They all have significance to the story and are well incorporated into the main plot. One thing i also enjoyed is the main villain's character. They had their fair share of character development. Which makes me love a character i hate at the beginning by the end of the show.
It was not a fast nor a slow paced drama, it just flows naturally. without any boring scenes or episodes.
I honestly could watch another season of this show focusing on Mr. Baek and his next team. Though i'm attached ofc with the Dreams team but i can't help but be curious.
Now i understand why it won the 56th Baeksang Best Drama Awards 2020 for a reason, definitely deserved. It was not underrated in S.Korea but internationally it is and i wish many people would also watch it.
Overall, it was a great drama. An underrated masterpiece. I enjoyed every episode of it. It's been a while since i really fell inlove with a show. That's how much i love this show.
DREAMS! DREAMS! DREAMS!"
13,스토브리그,"The heightened drama of Friday Night Lights meets the backroom baseball of Moneyball. I loved every second of this wonderful South Korean mini-series, which made my heart-swell with its wonderful flesh-out characters and stories. The way this show takes about baseball sabermetrics is incredible - key dramatic moments throughout the show hinge on it and it treats the audience's intelligence to understand the importance of these concepts with respect. It would be a great crash course for a baseball rookie. Stove League (called Hot Stove League on Netflix) made me laugh and tear-up in almost equal measure, and it is probably the most enjoyable thing I've watched in years."
14,스토브리그,"Stove League boleh jadi memang tidak membawa premis yang menyegarkan dalam kelindan narasi yang dipentaskannya. Sebuah tim olahraga yang tengah terpuruk mendapat juru selamat, yang dengan sentuhan Midas-nya, perlahan-perlahan membawa tim ini ke jalur kesuksesan. Bukan hal yang baru, namun rasa-rasanya masih jadi sesuatu yang menarik untuk dinarasikan.
Hal yang paling membuat Stove League cukup berbeda, barangkali adalah fokus ceritanya yang lebih memilih berkiblat kepada sisi non teknis di luar lapangan berupa konflik internal dalam tim dan human interest sebagai tambatan jangkarnya. Dua poin yang nampaknya memang menjadi kekuatan utama dari drama-drama Korea, sekaligus di sini berfungsi peretas jalan pintas agar budget-nya lebih affordable karena meminimalisir tampilnya scene pertandingan-pertandingan di lapangan. Cukup cerdas namun akan membuat kecele bagi penonton yang mengharapkan hadirnya adegan-adegan matchday di lapangan.
Lain daripada itu, rasa-rasanya Stove League adalah sebuah drama yang apik. Penulisannya solid, subplot dan closure yang dihadirkan juga valid. Head to head antara Nam Goong-Min dan Oh Jung-Se yang tampil brilian di sini juga amat menarik untuk disimak. A well boiled and perfectly seasoned drama to watch."
15,스토브리그,"What the funny friend!
Not too familiar with the KBO outside of clips of first pitches from female K-pop idols, dancing cheerleaders on top of dugouts, and the corporate names like Lotte and Hanwha Life that operate clubs. Live near a big market MLB team that doesn’t have a recent tradition of winning and has historically bad ownership with mismanagement, which is why the story of the bottom dwelling Dreams feels intriguing. It’s fun to see how things like nepotism and graft play out in Korean pro baseball.

This being a K-drama there is the baked in cheese factor, but I’ll remember this very fondly for the writing and lack of romance."
16,스토브리그,"An inspiring story about hard work, passion, and leadership. The whole drama felt so warm and encouraging us to be better and reach our dreams. This drama mainly focuses on friendships, and the management strategy for a baseball team. It was new and refreshing.
The writer had a great job on every character. Each one of these characters had their time to shine. By the end of the show, you'll love and miss them so much"
17,스토브리그,"A Good Decent Drama, with lots of characters managing a Baseball Team. But i am not impressed, loved the first 6 episodes and 12th one, major problem is not showing the matches but only management. Every episode there are plenty of problems and they overcome it, it felt so exhausting in long watch. Me Baekh character is Good. The American Visit was awesome. I didn't like the disband Villian group, their scenes deviated a lot. But overall a decent one...
3.8/5"
18,스토브리그,"'Stove League' es un drama deportivo que se centra principalmente en el aspecto administrativo de un club de beísbol con una mala racha insuperable. Lo he disfrutado mucho, es original y no tiene ningún tipo de cliché habitual en este tipo de producciones. Aclaro que se centra en el aspecto de gestión porque la trama abarca toda una preparación de pretemporada, y en ningún momento llegamos a ver partidos oficiales. Este es quizás el único pero que le pondría, las ganas con las que nos deja de disfrutar de lo que viene justo cuando termina, así que no vería con malos ojos una segunda temporada que dudo que llegue a existir. Un kdrama muy disfrutable y recomendado para cualquier amante del género deportivo."
19,스토브리그,"Cómo le hacen en estos dramas para hacer personajes tan entrañables? Incluso los villanos.
Me faltó ver un partido de beisbol, pero aquí lo importante son las emociones que se viven detrás de la cancha , dónde no sólo los jugadores tienen un papel importante en cada campeonato, si no todo el equipo detrás de ellos. Gran serie, con razón se llevó el Baeksang Award en el 2020 que la verdad es que fue un año bastante bueno en k-dramas."
20,스토브리그,"Baeksang best drama awardee for a reason. Baek Seungsoo = king shit! 😮‍💨😮‍💨😮‍💨

i finished in ~5 days lol"
21,스토브리그,"Thanks to this show I now know what Hot Stove League stands for. I commend this show for dramatising the technical side of baseball to the masses, and especially for exhibiting some good practices of management, which I especially appreciate at this stage of my life.
However some plots were inexplicable and too much of a coincidence which is obviously employed to move the story forward in a certain way. Pretty heavy-handed in teaching some life lessons.
I also criticise Netflix('s subcontractors) for not getting proper translators to properly translate this into English, it was painful to watch sometimes because of how bad the English subtitles were. But then to be fair it seems that some of the dialogue wasn't very well written as there's a lot of repetition on ""protecting so and so"" and ""doing this and that well"". Enjoyable show but could do better on this front. It's screenwriter Lee Shin-hwa's first screenplay, and it shows, but good effort anyway."
22,스토브리그,Sepak terjang Club Bisbol yang cukup dramatic namun Heartwarming.
23,스토브리그,"how are you gonna make a show about baseball and not even have 3 scenes with actual baseball scenes
other than that the baseball stuff was spot on"
24,스토브리그,"kinda wished we saw more of the dreams' games towards the finale. also, yoo minho <3"
25,스토브리그,This easily became one of my favourite kdrama.
26,스토브리그,"pantesan dapet awards. baru mulai nonton udah nagih~
genre slice of life yang heart warming gini selalu jadi pilihan"
27,스토브리그,The series is so good. The pace of the storytelling is what makes this series so enjoyable. The emotion portrayed by all the characters really make u feel like u are part of the team. Very recommended
28,스토브리그,"A realistic portrayal of the management scheme of things involved in a sports league. A beautiful take on how management and current technology analysis can win you games and the backroom staff are as much important as the players on the field. I can even call this as a case study on sports management and along with the right blend of emotions , this was a good watch."
29,스토브리그,Beautiful story telling what's happening behind the field. Damn worth to watch
30,스토브리그,Took a few episodes for me to really get into it. Both fun and exciting at times but also a little bit too much of daytime soap opera moments for it ro be compared to Friday Night Lights for example. But I did learn a lot about Korean culture so that was fun.
31,스토브리그,"Who needs Squid Game, when you've got this gem of a Korean show. Really great story even if you don't know anything about baseball, but so refreshing to have meaningful baseball content."
32,스토브리그,"got a headache with all the pointless, childish schemes the ceo just because of his stomped fragile ego. i stayed because of min namgoong and park eunbin and partly cause i was waiting for an actual winning game of redemption in the final episode only to be disappointed with their live radio broadcast of the game. however, i learned many lessons from mr. baek seungsoo. a remarkable character"
33,스토브리그,"sebelumnya, udah sering banget ripiyu berseliweran yang bilang kalau drama ini seru. ternyata emang seseru itu! aslik.
berbeda dengan racket boys (iya, w nonton racket boys duluan ehe), yang lebih menunjukkan pov dari para pemain, hot stove league lebih menunjukkan bagaimana manajemen sebuah klub olahraga profesional bekerja. dan siapa sangka, ternyata kisah yang disajikan bisa sangat menarik. bener-bener bikin yang nonton tuh engga mau berhenti nonton, karena pacenya yang cepet tapi pas karena penulisan yang apik--pinter bikin penonton penasaran.
masalah acting, jangan ditanya lagi. drama ini punya empat pemain utama yang diperankan oleh aktor/aktris tersohor (w sendiri naksir berat sama kemampuan actingnya Oh Jung Se). ditambah pemeran pendukung yang wajahnya sudah pasti engga asing buat para penggemar drama korea. di episode terakhir juga penonton dikejutkan dengan kehadiran sosok Lee Je Hoon sebagai guest role yang tampannya engga pernah ilang.
tapi endingnya--oke sih, tapi KUMAHA ATUH IH KEPO ABIS SAMA KELANJUTAN LOVE-HATE RELATIONSHIP PAK BAEK SAMA PAK KWON."
34,스토브리그,"PROTECT BAEK SEUNG-SOO!!!!!
*a kdrama that did not disappoint me w/ its ending!!!! ;)))
Go, dreams!!!!!!! 💚💛❤️🤍"
35,스토브리그,"Hot Stove League is a drama that thaught me many things, about work, about passion and about relationships, and awoke a new-found love for baseball in me. The premise in itself is already intriguing, and while the show uses many classical k-drama tropes (which, don’t be mistaken, I oh-so love), it gives the story a healthy spin by placing a sports team’s management in the spotlight - a thing that we rarely see in sports-themed works. The acting performances were refreshing, the storytelling was satisfactory, and the bittersweet ending left me thinking about the show for many days after I finished it."
36,스토브리그,"Salah satu drama yang Underrated dan jarang banget dibahas. Pemenang Baeksang tahun lalu as Best Drama.
Mungkin karena drama ini hanya bener"" fokus sama sport nya aja tanpa ada bumbu romansa seperti Fight For My Way atau Weightlifting Kim Bok Joo.
But overall it's a good story with amazing acting and chemistry from Namkoong min and others."
37,스토브리그,"First time watching a k drama from beginning to end. Really hooked 3/4 of the series. Love baseball and the ins and outs of it, so fun to see a show about my favorite sport. Great, great emotionally manipulative stuff. Then the show drags and loses steam and has a crap ton of product placement. Very underwhelming end. Thought I'd be watching k dramas halfway through and now don't really wanna try.
I loved all the older actors in this."
38,스토브리그,"The series is so good that I'm longing to watch the next episode
Love all the casts (especially Baek manager, who is witty and calm) and the chemistry/relationship between them"
39,스토브리그,cha jonghyeop bae ily
40,스토브리그,"a look into the struggles of a cellar dweller baseball team, the politics within & its growth into a potential champion team. this was really compelling & surprisingly heartwarming to watch. i never thought i could care so much for a fictional baseball team 😭❤️⚾️
2020 baeksang arts awards best drama!!"
41,스토브리그,One of the best too!!!
42,스토브리그,"Amo estos k-dramas donde uno se encariña hasta con los villanos, no sé como le hacen para hacer siempre personajes tan entrañables.
Lo único que me faltó fue que hubiese un partido completo de beisbol, pero aquí las grandes emociones se viven atrás de las canchas dónde no sólo los jugadores juegan papeles elementales para sostener un equipo del deporte que sea. Gran Drama!"
43,스토브리그,A+ strategic & negotiation lesson from mr. Baek
44,스토브리그,"super fun crisis drama. best arc was the first, though. no romance 10/10 but had to take out one star for never showing us a full game of baseball"
45,스토브리그,That this drama would make me care for a baseball league on its off-season is an achievement in itself. The writing is just so precise as it makes room for a talented ensemble. Each character is given time to grow and shine. The triumphs are familiar but the roundabout journey is fun and unpredictable. Haven't seen a sports drama that's this good in awhile.
46,스토브리그,wasted potential
47,스토브리그,"Hot Stove League (2019)
Drama olahraga pertama yang saya tonton. Menceritakan tentang perjuangan seorang manajer membangun tim bisbol yang terpuruk. Konflik internal dan eksternal membuat alur yang menarik disertai banyak twist dalam setiap episode!
Meski mengambil tema tentang bisbol, keseluruhan episode tidak banyak menampilkan pertandingan bisbol. Justru, drama ini lebih menyoroti konflik di luar lapangan, bagaimana kerja keras dan perjuangan dari banyak pihak untuk membangun kembali sebuah tim bisbol. Drama ini menarik karena kita diajak melihat sisi lain sebuah tim olahraga, bukan hanya soal menang-kalah, melainkan apa yang telah dikorbankan, perjuangan, dan kerja keras. Saya ingat salah satu kutipan dalam drama ini: ""Tidak apa-apa jika tidak kuat. Kita akan saling membantu"".
Memang, karena bertemakan bisbol, saya terkadang harus mencari tahu tentang istilah-istilah dalam olahraga ini. Tapi, tanpa pengetahuan tentang bisbol pun, sepertinya alur ceritanya masih dapat dimengerti. Overall, Hot Stove League merupakan drama yang saya rekomendasikan bagi mereka yang menyukai cerita tentang perjuangan mencapai tujuan. Dikemas dengan akting yang menarik dan cerita yang penuh kejutan, drama ini menjadi salah satu drama favorit saya.
Satu lagi yang patut diapresiasi adalah Namkoong Min yang memberikan salah satu penampilan terbaiknya di drama ini."
48,스토브리그,"i know nothing about baseball but park eunbin made me care, also sassy analyst baek youngsoo ur great ily"
