,title,reviews
0,모범택시,lee jehoon in every single casting be like if i don't beat up someone i don't want the role and i thank him for it because he looks HOT every single time he beats someone up
1,모범택시,"korean 🇰🇷
🌕2021 ranked
i love this concept of a taxi service taking revenge for victims so much!! every single crew member means so much to me and i love the family-like bond they have with each other although they first started doing what they do because they wanted revenge.
very engaging throughout and it was fun to watch all the different cases unfold. i also like how they brought light to real issues (workplace abuse, school bullying, illegal hidden cameras, etc.) that happened in korea and especially when they dedicated a short segment on the real story of the falsely accused at the end of ep15.
🌈🚕 5283
you’ll always be so special to me"
2,모범택시,"Taxi Driver punya pace yg tidak akan bisa memberimu jeda untuk bernapas, drama ini langsung tancap gas sejak episode pertamanya. Drama yg juga diangkat dari webtoon ini akan mengikatmu dari episode ke eposide dengan kejam, tapi adil, nostalgia tapi sentimentil. Bagussss!"
3,모범택시,"I lost my family, friends, and everything else. So how can he not be punished? is the statute of limitations more important than people? what kind of law is this?
A drama with thrilling and intense action combining with a realistic theme and a little bit of comedy. Boldly critics about the laws system, the dark side of humanity like leaked sex tape cases, bully and etc also tackle a topic about lack of standing up for the victims.
Watched on VIU Indonesia"
4,모범택시,"A series about a taxi company which offers a revenge-taking service on behalf of their passengers. A service where people will look for when the law is not on their side.
I enjoyed the plot very much. Yes, there are some unrealistic scenes, but it still keeps me engaged from start to finish. I highly recommend this series! 👍"
5,모범택시,"Layanan Taxi Mewah - Jangan mati, balaskan dendammu. Kami akan bantu.
Drama korea ke-2 di tahun ini yang aku suka setelah Vincenzo. Bercerita ttg perusahaan Taxi yg membuka jasa balas dendam untuk orang-orang yg disakiti. Drama ini seru bgt. Akting Lee Jehoon, keren sangatt! Esom, bikin terpukau sama aktingnya disini sebagai Jaksa yg tegas.
Aku amazed bgt sama perubahan karakter Lee Jehoon saat dia lagi jalanin misi balas dendam, keren aja gitu, kayak 2 peran di dua drama yg beda. Eps favorit, saat Lee Jehoon ngelawan anak buah Park Yangjin, di eps 8. Dan juga saat Lee Jehoon ngelawan anak buah Baek Sungmi di eps 14. Di dua eps itu adegan fight nya keren bgt. Keren pokoknya Lee Jehoon!!! <3
Tapi episode terkeren nya si menurutku ada di episode 15, setelah end credits. Disitu ditampilin documenter asli dari kasus salah tangkap pembunuhan Hwaseong, dan kasus polisi yg memalsukan bukti dari pembunuhan Hwaseong.
“Pembalasan dendamku menjadi senjata makan tuan bagiku dengan pembalasan dendam”
Pesan moral drama ini, jika disakitin jangan balas dendam. Maafkan jauh lebih baik.
*Worth to watch 💯"
6,모범택시,"Jasa balas dendam menaungi korban kriminal yg tak mendapat keadilan. Crime for crime menghukum predator, campaign anti-bullying hgga meruntuhkan massive porn cartel. Bahkan satir Nayoung & Hwaseong Case tak luput dr incaran. Treatment action-nya nendang!"
7,모범택시,lee je hoon i want you to [TRAIN HORN] my [DOLPHIN NOISE] [BLEEP] and [AIRHORN]
8,모범택시,"rainbow taxi isn’t just a company, they’re my family 🌈🚖"
9,모범택시,baek sung mi going to prison for 20 years is my villain origin story
10,모범택시,"Seruuuuu pake banget!!
One of best drakor I watched this year!"
11,모범택시,"i fell in love with lee jehoon. also, i can't move on from this."
12,모범택시,Last 30 mins was full of ads..
13,모범택시,Rainbow Taxi > The Avengers
14,모범택시,2021 REALLY was lee jehoon's year
15,모범택시,"Personally, if I were on team Rainbow Taxi I would take every opportunity I had to make fun of Dogi. I don't care how cool he is, the man wanted to be a theatre major and IT SHOWS."
16,모범택시,"aku kasih solid lima bintang karena;
ketagihan binge. INI ANJIR SIH PARAH. aku kalo di total kayaknya emang cuma 3 hari kurang dikit. ini kayaknya juga drakor 2021 yang dari pertama nonton udah langsung klik juga weyy soalnya seru banget. walaupun emang ide tentang pembalasan dendam itu kayaknya udah mainstream ya, tapi nonton Taxi Driver ini keinget sama Player weh makanya pas nonton entah kenapa otak langsung ""INI PASTI BAKAL SERU"" dan iya sih, seru bangetttt!
nggak ngebosenin tentu saja. dan nggak nyebelin🤣🤣 aku kadang sebel banget sama drakor yang temanya begini DAN ADA OKNUM YANG NYEBELIN BANGET sampe bikin bete lanjut. alhamdulillah weh disini gak ada. suka aja gitu sama kedua belah pihak.
alasan lain ya...... karena.... ada lee jehoon😳👉🏼👈🏼

katanya mau ada season 2 ya👀 mari kita lihat season 2 bakal serame ini atau nggak🥴"
17,모범택시,"so far, Taxi Driver is the best drama this year. I personally think it is even better than Penthouse. The plot is exciting, nerve-wrecking and realistic. The drama tackled a sensitive, dark and heavy society problems with such a cool and refreshing revenge plans. That's must be why it is getting a hot responses from local audiences since most of the events were based on real life stories so it reached to the viewers' hearts."
18,모범택시,"it has everything i wanted from a criminal kdrama. FOR GOD SAKE, everyone should watch it.
btw, Esom! marry me pls"
19,모범택시,"pros:
• rainbow taxi revenge service squad
• kim do-ki with his deluxe taxi
• kim do-ki's fight using an adjustable wrench
• kim do-ki's fight using a crossbow
• kim do-ki's fight using his brass knuckles
• kim do-ki's fight using a camera & tripod
• lee je-hoon
• lee je-hoon
cons:"
20,모범택시,"Personal enjoyment 5/5 stars
lee je hoon masala hero era
first half was fun, cathartic and sexy and the second half was drawn out. i hope season 2 is more of him beating up sex offenders and the return of wang tao zi and his fake fur coat.
also making my girl ahn go eun a cop was terrible, booooo tomatoes tomatoes boo"
21,모범택시,lee jehoon is ruining my life
22,모범택시,"WOY. INI SERU BANGET ANJENG! Lagi-lagi serial drama keadilan dan pembalasan dendam yang punya action yang gokil dan pemain yang kece punya. Banyak kombinasi kasus yang diambil dari kisah nyata dan punya cerita yang straight-forward tapi gak maksa. Konsepnya juga asik. Bangsatnya selalu dibawa emosi terus; it's agitating, aggravating, upsetting, you name it. Salah satu serial drama dari Korea yang beneran addictive yang mempunyai permainan emosi sedahsyat itu. So happy that the status on Season 2 is on going."
23,모범택시,"taxi driver mainly talks about revenge; how it's done and what the impacts are. it also shows how the law is imperfect and the people working behind it are unable to protect those who desperately need it. so, it's kinda justifiable that this kind of ""revenge-call"" service is needed for those who don't get fair protection from the law.
the plot is quite fast-paced. in the beginning we're shown on how this service works for different cases. and then, we're brought to a more focused conflict within that service itself. it's extremely thought-provoking since the writer decided to take a win-win solution for both party (rainbow taxi and prosecutors) as the conclusion which satisfies the audience.
based on the finale and the hype it gets domestically and internationally, i think it's safe to say that second season is probably in the process."
24,모범택시,One of the k dramas of 2021!
25,모범택시,"This show definitely had a lot of potencial. But SBS just messed everything with those crap songs in fight scenes. I'm pretty sure the director disapproved that, he just had awesome ideas, a lot of Oldboy (2003) inspired scenes and they just ruined everything. My friend fixed the corridor fight scene and if you like Taxi Driver you should watch.
youtu.be/tB5iB42m7KA"
26,모범택시,didn’t expect myself to enjoy the series this much!! season 2 better come soon!! lost half a star because the last 30 minutes were basically product placements.
27,모범택시,"in one place we have the Taxi Rainbow Team who every one of the squad have experience at first hand what its like to lose a love one in a very violent way. they know how the system does not help the victims and consequently the family of the victims. therefore they have to spend their days knowing they will never get justice. that the system was never there to help the victims but to protect the bad guys. with that they decide to take revenge in the name of those who can't, with their own methods, outside the law, their ways can even be said to be derived from morality;
in the other hand we have Prosecutor Kang Ha Na who believes bad guys needs to get punish through law and the law only, any other method will make you as bad as them. she is the shining example of what ""justice"" is —rightfull, law abiding—. you see, she's the good cop, the one that follows the rules, can't get corrupted and works hards to get the villains in jail. she's different from the others —which can include even her sunbae— because she can see what is ""right"" and what is ""wrong"". therefore for her The Taxi Rainbow Team is in the wrong, The Taxi Rainbow Team broke the law so they deserve to be punish as well. in fact this particular 'case' of a Taxi Driver who kidnaps bad guys deserve her full attention. because for her if you don't follow the law —or rather, the system— then you need to be judged.
yet she watches over and over again how the system she so much believes in is unreliable, unable to actually help those who need it and rather benefits those who don't deserve it. but you see for her it's not the system, it's the people who utilizes the system in benefit of the bad guys. even when she's the one who requires the service of The Taxi Rainbow Team she's unwilling to accept that is the system that it doesn't work and has never worked. she even managed to give them a lecture about how wrong their methods are and gets to be the one who helps them to punish ""rightfully"" the bad guys at the end of the show.
The Taxi Rainbow Team finally decides —with a little bit of help of Prosecutor Kang Ha Na— that bad guys go to jail because apparently the prision reform is ""helpful"" and therefore they are respecting the law. that their ways have crossed the line so there was no need anymore for the company to continue with that project. that bad guys are to be left to the police because apparently they actually are ""useful"". and with this new ""realization"" they part their ways....
....but no longer after, they reopen the The Taxi Rainbow project?
does it means that they realize —once again— that the system truly will never be there for the people? that as long as they live in a capitalistic society the system would be there only to give profit to the powerful and therefore the non privileged are set to suffer? that at least the little support they offer help the victims in a way....?
....yet we find that now Prosecutor Kang Ha Na is part of the team. does it means then even though they will follow with the Taxi Rainbow activities they'll do it according to the law and therefore they are given their hopes on this flawed system?
the fact that Ahn Go Eun decides to become part of the police reinforces the idea that they have decided somehow to believe in the system, making then this just another cop propaganda show and therefore undermining how these cases both in here and real life are wrongly handled, which makes you wander then what's the point of this show?"
28,모범택시,"각본가: 아마도 로어셰크
몰카 에피소드 잠깐 보고 껐다. 가학적인 주제에 무책임하고 감성에 모욕적이다."
29,모범택시,do ki is like a fucking avenger
30,모범택시,"Berbekal narasi balas dendam yang menjadi pondasi cerita, kasus-kasus menarik (beberapa terinspirasi dari kasus asli) yang menjadi benang merah plot utama pada tiap episodenya serta jajaran cast tak main-main yang tampil luar biasa (and by luar biasa i mean Lee Je-hoon), 16 episode ‘Taxi Driver’ sukses memberikan tontonan yang menyenangkan sekaligus menegangkan.
Even though the ending is very cliché, it’s still one of the most satisfying korean drama ending that leaves you (or maybe just me) wanting for more."
31,모범택시,"[Spoiler rate: 30%]
Jang Sung-Chul (Kim Eui-Sung) adalah seorang petugas kejaksaan senior yang menangani bidang (semacam) konseling bernama ""Burung Biru"" yakni mengumpulkan orang-orang yang menjadi korban kejahatan untuk dilakukan proses healing.
Rupanya, selain itu dia memiliki ""bisnis"" sampingan yakni perusahaan taksi. Ya, selain taksi biasa, dia juga menjalankan usaha taksi spesial. Yakni taksi yang dapat membantu membalas dendam.
Klien mereka adalah orang-orang yang putus asa, yang dijahati oleh orang lain tapi tak bisa berharap banyak terhadap hukum.
Mereka menempatkan iklan di tempat-tempat strategis, misalnya di jembatan tempat orang mau bunuh diri, atau memunculkan pop up iklan di internet saat ada orang yang mencari keyword khusus seperti: cara mati yang mudah.
Iklan mereka cukup efektif. ""Jangan mati, biar kami yang membalaskan dendammu.""
Klien yang putus asa merasa ada harapan. Dan benar saja, bersama timnya, petugas Jang dapat membantu para klien dengan cara-cara yang tak biasa.
Ujung tombak Taksi Mewah itu ialah pemuda bernama Kim Do-Ki (Lee Je-Hoon), mantan tentara yang kehilangan ibunya akibat dibunuh seseorang.
Ada pula wanita cantik Ahn Go Eun (Pyo Ye-Jin) yang jago komputer. Dua tim lainnya yakni Choi Kyung-Koo (Jang Hyuk-Jin) dan Park Jin-Eon (Bae Yoo-Ram) yang merupakan team support. Keduanya jago menyamar dan menguasai mesin.
Jadilah mereka mulai mencari orang-orang yang sudah menimbulkan kekacauan di hidup orang lain. Di kasus-kasus awal cukup beragam. Ada pengusaha makanan olahan mentah yang mempekerjakaan kaum disabilitas dengan semena-mena, ada juga anak SMA yang terlibat bullying, hingga kasus penipuan telp yang menjerat banyak korban.
Kasus-kasus ini dipecahkan dengan mudah. Namun, semakin berjalan, kasusnya semakin berat. Misalnya saja saat mereka harus berhadapan dengan perusahaan teknologi yang ternyata distributor film porno.
Penjahat-penjahat itu mereka tangkap dan mereka penjarakan di sebuah tempat yang dikelola oleh Baek Sung-Mi (Cha Ji-Yeon). Penjahat ini dikurung dalam ruang sempit, mereka kelaparan dan kedinginan.
Tujuan petugas Jang memang ingin bikin mereka jera. Namun, ternyata hal itu menimbulkan masalah sendiri saat kemudian Jang dan Baek pecah kongsi. Mereka yang tadinya bekerja sama belakangan terlibat perseteruan pelik yang mengancam nyawa.
Di sisi lain, ada jaksa muda Kang Ha-Na (Esom) yang menyelidiki hilangnya para penjahat-penjahat itu. Sebagai jaksa yang bersih, dia meyakini tidak ada ceritanya orang jahat dihukum dengan kejahatan pula. Akibatnya, Kang Ha-Na sering terlibat perseteruan yang rumit dengan Kim Do-Ki dan timnya.
* * *
Ide Taxi Driver ini aku suka. Terlebih di kasus-kasus awal, cara mereka memecahkannya sangat unik dan menghibur (terutama di kasus bullying dan telepon penipuan).
Akting Lee Je-Hoon yang baru-baru ini muncul di Move To Heaven tetap jempolan. Dia bisa memerankan pemuda dingin, beringasan namun juga konyol saat berhadapan dengan musuh-musuhnya.
Ceritanya seru, terlebih beberapa kasusnya diangkat dari kisah nyata. Hanya memang ntah kenapa di episode-episode akhir aku merasa tensinya sedikit turun dan pemecahan kasusnya terasa terburu-buru. Kurang terasa intens seperti di episode-episode awal.
Walau begitu, ya Taxi Driver ini tetap layak tonton.
Skor 8/10"
32,모범택시,The ending kinda meh for me like they just had sudden change of heart just like that???
33,모범택시,ep. 10 was my favourite
34,모범택시,"I love stories about vigilante, and this is one of them. Lots of stuff you usually only see in movies, reminds me of Netflix Daredevil. Lee Je Hoon is truly a versatile actor. He did a lot of stunt work, including the car drifting. I really didn't think he would be this badass when I first saw him in Fashion King back in 2012. I have watched 10+ movies & series of him since and I couldn't be more proud of him, even though he doesn't even know I exist, LOL.
P.S I think Travis Bickle would also be proud of uri Do Ki."
35,모범택시,"Perusahaan Taxi yang membuka jasa balas dendam bagi para penumpangnya, Drakor action kriminal yang menghibur dengan karakter yang kuat!
Setiap episode perminggu nya memiliki cerita yang berbeda, walaupun begitu tetep ada cerita yang menjadi benang merah di drama ini.
Chemistry antar pemainnya juga dapet banget! Dan tujuan setiap karakternya jelas
Adegan berantemnya menghibur dan terasa realistis, jadi ga ngebosenin.
Dengan cerita yang jelas dan solid drakor ini berhasil menjadi drakor yang cukup memuaskan di tahun ini
Aksi balas dendam yang cerdas dan keren. Pesan moralnya dramanya, cerita yang diangkat, akting pemainnya, konflik yang di sajikan membuat drakor ini menjadi drakor ciamik yang ga boleh dilewatkan.
Drakor dengan open ending, yang terbuka lebar untuk ada season berikutnya dan menurut gua worth it sih kalo ada season selanjutnya. Nunggu lagi aksi fantastic grup Lee Jee-Hoon, Pyo Ye-Jin, Kim Eui-Sung, Bae Yu-Ram, Jang Hyuk-Jin.
Dan yang pasti Jaksa Kang Ha-Na (Esom) yang penampilan nya bagus"
36,모범택시,"I absolutely fucking loved every single goddamn second of this holy shit. Rainbow taxi, blue bird foundation members, u have MY HEART, pls give it back. :,)
Also I’ve said this before and i’ll say it again but Lee Je-hoon SUPREMACY🧎🏼‍♀️🧎🏼‍♀️🧎🏼‍♀️🧎🏼‍♀️ 
Like goddamn the past 4 kdramas ive watched, he was the main character and he KICKED ASS IN ALL
OF THEM I AM IN LOVE!!
Cannot stress enough just how much i loved this"
37,모범택시,"'Taxi Driver' está en la línea de los últimos kdramas que vienen a liderar ciertos sectores sin ser realmente buenos. Es entretenido, completamente inverosímil, y ofrece la dosis de espectáculo que un espectador puede buscar aquí. En mi caso no consigue engancharme, como la mayoría de kdramas recientes que veo. Empezar por los más destacados/relevantes puso el listón en un lugar que comienzo a ver que es muy excepcional ya que el nivel medio es flojito tirando a mediocre, aunque el envoltorio (la producción) suele tener una calidad bastante decente."
38,모범택시,my new dream job is to get revenge on criminals with lee je hoon
39,모범택시,"Best kdrama everrr
ودي انساه و ارجع اشوفه"
40,모범택시,Kim Do-Kiiiiiii
41,모범택시,พระเอกแม่งยังกับกัปตันเมกากลับชาติมาเกิด
42,모범택시,rainbow premium taxi company always got your back fr
43,모범택시,"The storyline, plot twist, and casts were perfect!! I’m excited for season 2!! Hands down to Lee Jee-hoon, he nailed the role of Kim Do Gi! A highly recommended kdrama!"
44,모범택시,Vigilante berkedok perusahaan taksi yang balaskan dendam manusia tertindas di Taxi Driver ini jadi pertunjukan non-stop yang tak pernah habis bensin lewat kasus-kasusnya yang berdasarkan kisah nyata dan pastinya sosok Supir Taksi Mewah a.k.a Lee Jee-Hoon yang tampil gila-gilaan bersama presentasi aksinya yang juara.
45,모범택시,esom and je hoon in one drama = god's gift to humanity
46,모범택시,Lee Je-hoon singlehandedly beating the shit out of tons of men is the sexiest thing I have ever witnessed. HOW DARE HE LOOK SO FUCKING FINE IN EACH AND EVERY FUCKING FRAME!!!
47,모범택시,Sigma male behaviour.
48,모범택시,jehoon n esom ily
49,모범택시,31 dec 2021 – 2 jan 2021
50,모범택시,the effectiveness of legal and non-legal responses 🙄
51,모범택시,will never stop saying how good of an actor lee je hoon is
52,모범택시,"HAEUNDAE DOLPHIN. The voice phishing episodes were too funny for my life. If it gets renewed for Season 2, I’m gonna throw a party."
53,모범택시,"Nonton drama romance, dikasih loveline tumpah2 malah bosen. Pas nonton drama yg bukan romance, eh malah ngarep ada loveline. Dasar aku🤣
Semoga ada season 2."
54,모범택시,"From the getgo,this one takes off and very rarely slows down which is both a blessing and a curse.The main character is apparently a famous actor with quite a few dramas to his name but this was my first introduction to his work.The man has incredible range;he can play both the silent badass from a noir film and do over the top comedy really well.I think I spilled some coffee in the Voice Phishing Arc when music from In The Mood for Love started playing.The show centres around this taxi company that offers revenge services for its clients.Beyond that,I think it's a good albeit one-sided critique of the law and it's systems.
The crimes in the show(which is based on a webtoon) actually loosely follow some real life cases in Korea and I thought that was a nice touch;it probably reminded the public of forgotten tragedies which might bring back traumatic memories for some but I also think it's a chance to learn for others.We also see some of these crimes from the law's point of view through the lens of an honestly annoying prosecutor as her character was not written very well in my opinion.The Deluxe Taxi crew themselves each have been through some horrific incident which triggered them to participate and it does get fairly brutal to watch at times.Structurely,each arc lasts a couple episodes and we see them inflict revenge of some awful people.Sure it's very satisfying to watch but what makes it even better is some of the moral questions it dares to present especially when you look at their actions from the law's pov.I'd say my biggest complaint is how overpowered and easy it feels as it's not really until the final arc do we see our characters get themselves in properly big trouble.
I successfully predicted who the final villain of the show would be from the very beginning and she is simple yet sadistic so that still kept things engaging.I wish we got a little extra rest time between each case though as there's really not much time to delve deeper into our cast because everything moves so fast.This is a rare case where I wish it would go perhaps only 1 or 2 episodes beyond the usual 16 in K-dramas.However,the last 2 episodes felt clumsily put together and unnecessarily dragged out by introducing us to some new backstory for a villain that deserves much more instead of focusing on who we already have.I think the action looks pretty solid;not great due to even nearly as many quick cuts as a Bay movie but the fights feel creative enough to be fun.Lastly,I wish we got more compelling arguments from the prosecutor herself because she's supposed to be representing the law;yeah I love vigilantes too but if you want to make the law as part of your show against them,then do it thoroughly.Also,the soundtrack absolutely kick ass and I particularly enjoy the synthwave vibes.Overall,I had a fun time with this show despite the imbalances.
B+"
55,모범택시,"a real conflict in our society: how justice is unfair and how it should be.
a true story about revenge and puts us in the shoes of the victims throughout the kdrama.
jehoon is always making amazing dramas. 🤍"
56,모범택시,-1 dahil nakakaantok
57,모범택시,bitirmiş olmak için bitirdim yanii vasatın üstü skfjjgkfkf şaka şaka başrollerin hatrına bile izlenirdi ayrıca 15. bölümün sonundaki o belgeseli o yaşanmış acı hikayeleri izlerken üzüldüm valla ya bakalım 2. sezonu nasıl olacak esom yokmuş gerçi ama
58,모범택시,je hoon💗 olmasa hayatta bitiremezdim
59,모범택시,can't wait for the sequel😆
60,모범택시,Lee her hoon outdid himself with all the incognito characters he played. I really liked the idea of a group of outlaws fighting for justice. The one thing I'm annoyed at is the fact that we didn't get Ha-na and Do-gi romance and esom isn't coming back for season 2.
61,모범택시,Just beautiful ❤️🚖
62,모범택시,check tws
63,모범택시,"ENDED BATMAN!!! love that they wrote most (if not all?) cases based on real crimes. one that broke me was the real-life victim kim hyunjung and the innocent man who served 20 years (ep 15).
also, i'm in love with chairman baek sungmi. she's my queen.
minus half a star for the atrocious product placements."
64,모범택시,kim doki’s green bomber jacket stays on during secs!
65,모범택시,Scoresese is a fraud
66,모범택시,"Finally finished this exciting and stylish Korean thriller drama TAXI DRIVER (on prime), and let me give my instant review “Do watch it, highly recommended and not to be missed, my rating is 3.5/5.”
It’s a revenge drama where a group of 5 people help the victims or their family member take their revenge from the ones who wronged them. This team comprises of the main hero and muscle power Kim Do-ki (Lee Je-hoon) who is also the main driver of the Rainbow Taxi company, the technical expert aka hacker Ahn Go-eun (Pyo Ye-jin), the auto expert Choi Kyung-goo (Jang Hyuk-jin), the assistant mechanic Park Jin-eon (Bae Yoo-ram) and Jang Sung-chul (Kim Eui-sung) the owner of this taxi company and the founder of revenge scheme. And they all have joined hand because of their own personal interests. And then we have a prosecutor on tail named Kang Ha-na (Korean kangana 😛 Esom). And all this revenge thing made this series an exciting watch.
The negative thing about the series is it’s long run, Korean webseries generally have more episodes than 10, many have 12 and 16, this one has 16 episodes each around an hr long. And for each 2 episode they covered one case in the beginning, and during the last episodes everything comes full circle as these main characters got mingled in their own stories and incidents. And yes the series has a lot of loopholes, like no evidence coming in cctvs, and many more. One case I didn’t liked, maybe they taken too far in imagination, a cloud based company’s CEO beating the employees. 
But they have wonderful score, and it’s stylish, and it make you feel good when you see that bad guys are getting punished, and you’ll also feel emotions for the good guys getting their lives back. The new episodes generally started with previous episodes’ last moments covering it from different angle, and we can see a unique style of fight in the end episode, a guy hitting so many goons, and you are seeing like it’s you who is hitting, nicely made. All actors did pretty well, along with special mention for Jo In, Cha Ji-yeon, Yoo Seung-mok and Lee Yoo-joon. Again saying, recommended!!"
67,모범택시,"Not fan of korean action series, but they are getting better and better in recent year."
68,모범택시,KIM DOKI SLAYYYY
69,모범택시,drama korea genre crime yang tetap cocok dinikmati saat sedang banyak pikiran. lee je-hoon yang menampilkan sisi lain dari kharismanya disertai komedi ringan yang tidak berlebihan membuat drama korea ini sangat menarik dan wajar untuk ditunggu season 2 nya!♡
70,모범택시,"the writers are geniuses!!! no filler eps, no boring moments and it ended beautifully"
71,모범택시,"It's Lee Je-hoon's supremacy era, y'all. Thanks to this drama I now worship Lee Je-hoon."
72,모범택시,If Drive (2011) was Korean. This was so f’n cool!
73,모범택시,Drama balas dendam yang haram untuk dilewatkan
74,모범택시,freaking phenomenal. this deserved way more attention
75,모범택시,INI SERUUU PARAHHH DAN GABISA MOVE ON DARI KIM DO KI 😭😭
76,모범택시,crush q si lee je hoon kaso ndi q matapos-tapos kasi naboboringan ako kaya baka next year k p siya ituloy??????? kasi nwalan n ko interest pero crush ko si lee je hoon hehe
77,모범택시,Every 1 vs 100 and lee je hoon manages to come out unscathed and at first it bothered me but in the end like OF COURSE HE IS LEE JEHOON
78,모범택시,pls i need season 2
79,모범택시,Sooo geeewwwddd
80,모범택시,i want season 2….
81,모범택시,"Cukup menarik. Tentang taxi yg menyediakan jasa balas dendam. Dari episode 1 sampe 4 bener bener dikasih liat cara bales dendam yang SERU BANGET. Tapi episode 5 sampe 11 gua ngerasa bales dendam nya kureng. Terlalu di lama lamain anjir sampe greget gua.
Adegan fighting nya jg banyak dan keren keren banget, terutama pas berantem sambil gelap gelapan. tapi di beberapa Adegan kaya keliatan klo masih di aba aba gitu..tapi cuma di beberapa Adegan aja sih gak banyak. Klo beneran ada Season 2 nya gua bakal tunggu banget sih😆"
82,모범택시,nooo dont faint on the street ur so hot haha
83,모범택시,"Esom best girl no cap but her character here is kinda annoying. The concept of their taxi service is good and was so cool at the earlier episodes but seemed farfetched later in the series. The product placements were too much of a reach but overall, this series is a good watch."
84,모범택시,"Poorly written.
Premisenya menarik tapi perkembangan plotnya jelek banget. Jujur ini drakor terlama yang gue tonton karena emang ngebosenin parahhh. Karakter antagonisnya gak ada nuance, tipe antagonis yang dibenci karena dia emang jahat. Gak masuk akal juga si Kim Doki, tokoh utamanya ini selalu jadi ""The Savior"". Sistem kerja kejaksaan juga gak terlalu diperlihatkan, padahal salah satu tokoh pentingnya itu jaksa. Sayang banget padahal aktor-aktornya udah lumayan. Taxi Driver macam Signal knock-off, ketauan banget SBS kagak jago bikin drama tema crime thriller."
85,모범택시,troppo lungo
86,모범택시,"kumat begadang lg, krn nge-ship lee je hoon dr jaman 'signal' g bs dibendung gara2 byk drama dia yg nongol baru2 ini. bs gitu karakter sebanyak ini dimainin di 1 drama, dan berhasil. case by case nya cukup deket banget, mnrtku sih ga tllu fiksi jg ceritanya."
87,모범택시,"i watched this with my mom while she was watching. like i didnt watch from the beginning. but it was too good not to watch. incredibly gripping and i love the ending. literally the only korean show that i’m satisfied w the ending.
however there are some things that are concerning. like how the main character is too strong. normally main characters don’t die, but they will be injured and will be in a lot of pain etc. but this character. he’s literally immortal. he cant die. cant get ‘too injured’. he’s too strong. this makes me happy tbh lol, but for the story to get interesting, having a ‘too strong’ character might have some drawbacks.
overall a great show. need season 2!!"
88,모범택시,got bored and decided not to finish the last 2 episodes. it was good it's just too lengthy my adhd brain cannot
89,모범택시,lee jehoon beating people up is my new favorite genre
90,모범택시,"Like the concept, different eps different case"
91,모범택시,the esom jehoon dynamic 🤤
92,모범택시,"I have walked on grass I shouldn't step on!!! The gardener must be furiously calling the taxi now! Oh no, Doki will crash me with his car 💥😌💀✊😤
Things I LOVEEE:
- BEST KDRAMA OPENING SONG INTRO
- The car and fighting scene are all so fun. Well choreographed and edited
- The taxi team dynamic and the actors performance
-The Ep 14 Doki VS 7492039402 men underground jail fight---my sis and I were screaming esp taken aback by the editing
The editing sometimes are off and out of tone. The foundation of the overall plot is hella interesting, but it of course have weaknesses too."
93,모범택시,"Keren banget anjingggg !!!!
Suka banget sama plot cerita, pesan2 yg disampaikan & sudut pandang korban(banyak bawang) dibalik setiap kasus kriminal yg ada di series ini tentang kurang maximalnya keadilan hukum bekerja.
Pas pertama kali nonton nyangkanya series action lucu2an soalnya tokoh utamanya kek overpower wkwkkwkw
eh taunya background cerita disetiap kasusnya mengandung bawang yg bikin menarik."
94,모범택시,sometimes revenge is the right answer
95,모범택시,if only the end wasn't rushed
96,모범택시,"omg, hayyyy, i love
tính coi từ lúc mới ra mà chờ mãi đến bay giờ cái web lậu yêu thích mới chiếu. vì từ khi đăng ký cái web lậu này là không muốn đi đâu kiếm phim nữa vì nó tuyêt quá :)
quay lại phim thì hay, ổn kết ổn không bị máo chó :)"
97,모범택시,It gave you satisfaction when the team revenged the bad guys.. 😌
98,모범택시,ekting nyamarnye bagus kocak wkwk
99,모범택시,"Taxi Driver (2021)
Director: Joon-woo Park
Starring: Lee Je-hoon,
Esom and Kim Eui-sung. 
Synopsis: A deluxe taxi driver
gets revenge on behalf of his passengers.
——————————————————————
This review will be spoiler-free.
Taxi Driver is a South Korean television series adapted from the webtoon “The Deluxe Taxi” written by Carlos and Lee Jae-in, and based on actual heinous crimes committed in South Korea. Lee Je-hoon dons the bomber jacket and fingerless driving gloves as former special forces officer-turned-taxi driver, Kim Do Ki. Working for a mysterious company under the guise of the “Rainbow Taxi” alongside CEO Jang Sung-chul, computer hacker Ahn Go-eun, lead mechanic Choi Kyung-goo and assistant mechanic
Park Jin-eon. All having experienced their fair share of loss. They set out to reform society with their
own means of justice for the oppressed.
As one of my highly anticipated K-dramas
of 2021. I can proudly share that my expectations were met and I believe it was due to the convincing performances from the main cast members. Especially Lee Je-hoon who once again proves his versatility as  an actor, tackling multiple identities in order to infiltrate the territory of his enemies
and Pyo Ye-jin who served as a replacement for Lee Na-eun following ostracism accusations, delivered an emotionally driven performance as the damaged Ahn Go-eun and it turned out to be the most noteworthy for me. Her casting was simply a phenomenal choice and she even showcased her singing talents on one of the tracks of the series titled “A Walk” which molded a somber atmosphere.
As opposed to “Rainbow Corporation” and “Model Taxi” composed by Kim Sung Youl with electronic beats and synthesizers that immerses the viewer into a modernized eighties era. Reminiscent to my second favorite film of all time. Drive. The fight sequences and the camera shots behind the wheel will certainly please fans of the action genre.
This series has too much to offer audiences
and I wouldn’t miss out on this groovy first season.
Taxi Driver - [9/10]"
100,모범택시,"ganda!! 'di ko lang nagustuhan nu'ng una but suprisingly, i've grown to like it along the way. kalikot ng utak ng writer at director"
101,모범택시,amazing show stopping i would like to give jehoon head anytime of the day
102,모범택시,KDramas are winning
103,모범택시,Glad I watch it after the announcement of season 2
104,모범택시,"dogi, sir give me a chance, i'm free this saturday, you can pick me up in ur taxi and we can try fake taxi stuff pls sir"
105,모범택시,me rin need k revenge
106,모범택시,BAEK SUNG MI THE WOMAN THAT YOU ARE!!! no more barking im a whole zoo
107,모범택시,"As someone who does not enjoy action series, I enjoyed this one!
Lee Jehoon's performance is phenomenal, and he was complimented well by her co-stars! Definitely a must-watch."
108,모범택시,YES.
109,모범택시,i thought this would be better than i thought. just typical crime drama as it best
110,모범택시,amazing show
111,모범택시,"Great set pieces.
Cha Ji-yeon is the perfect villainess.
I want that second season."
112,모범택시,lee. jehoon. period.
113,모범택시,"kim do-gi is the cardo dalisay of korean dramas charot
anyways, lee je-hoon if you’re reading this i am free on friday night. if you would like to hang out i am free on friday night when i am free to hang out. i am free on friday night to hang out so if you want to hang out on friday night i am free but if you’re not free on friday night well then what about saturday night i'm free on saturday night. are you free on saturday night when i am free to hang out?"
114,모범택시,LEE JE HOON acting is toptier and the drama itself is so good
115,모범택시,time to gatekeeping kim doki :>>>
116,모범택시,"Watch date: 07/01 - 11/01
Lee Je-hoon is superb in this. The writing, the acting, the visuals, everything works super well. The pacing of the drama is great. It's clever and it dived into the things that we needed to know.
I'm not usually an action fan, but this may start my streak into the more violent side of k-drama.
Can't wait for season 2!"
117,모범택시,"Series (drama Korea) pertama tahun ini yang saya tonton, sungguh menyenangkan melihat series dengan ide dan kemasan yang beda kayak Taxi Driver ini, crime thriller drama Korea udah seabrek jumlahnya dan kebanyakan sajiannya hampir sama, tak jelek kok hanya mungkin butuh 'pembaharuan' kemasan aja, dan Taxi Driver punya itu 👏
Berbekal premis sederhana: jasa balas dendam dengan kedok perusahaan taxi untuk orang-orang yang tak mendapatkan keadilan. Simple! tak bertele-tele, tapi langsung tancap gas dari episode pertama, salah satu yang menarik lagi bahwa kasusnya (terinspirasi dari kasus asli) yang disajikan di Taxi Driver masih satu benang merah yang sama, berkesinambungan sampe akhir. Kasus-kasus yang diangkat pun beragam mulai dari memerangi bullying, hingga menjatuhkan perusahaan video porno, bahkan kasus Hwaseong dan Nayoung yang sempat heboh di Korea sana pun tak luput dibahas di Taxi Driver ini. Beberapa karakternya pun kompleks, punya satu kesamaan dengan akar premis di drama ini sendiri, yaitu balas dendam. Aslik keren 👏
Bicara soal action packed-nya Taxi Driver pun tak asal-asalan, ada beberapa fight scene dengan camera work yang menurut saya brilliant, shot dari belakang aktor, lalu perlahan naik dan berjalan mengikuti fight scene sepanjang lorong dan berakhir di bawah lagi, whooaaa tracking camera yang tentu dipikirkan mateng-mateng blockingannya, apalagi dengan sekali take tentu tak mudah, belum lagi scene yang berantem gelap-gelapan di basement itu, whoooaaaa fuk! keren kamera worknya sumpah!
Kudos untuk semua ensemble cast-nya yang bermain apik, khususnya Lee Je-Hoon, this guy is something else! Dia pinter sekali ngambil/milih peran di beberapa dramanya, sebut saja Signal (2016) yang bagusnya gak ketulungan, kemudian tahun lalu ada Move to Heaven yang bikin nangis berkali-kali, lalu sekarang di Taxi Driver dan semuanya bagus. Ngingetin saya ke aktris Bollywood, Sanya Malhotra yang juga piawai sekali ngambil peran dan beberapa filmnya: Dangal, Ludho, Pagglait, juga ada di Shakuntala Devi.
Overall Taxi Driver adalah sebuah sajian yang fresh di genre serupa, kemasannya tak biasa, treatment action-nya nendang, di beberapa bagian camera work-nya brilliant, konfliknya tak ada yang remeh temeh, dan pada akhirnya SEPERTI RINDU, DENDAM HARUS DIBAYAR TUNTAS!
Season 2? OHH YEESSSS PLEEEAASSEEEE 🤩"
118,모범택시,"yawa kayo ng intense na kaayo ang scene... sa sige nakog tap ug next ep kay wa na nako nabantayan nga last episode na diay to yawwerrr napingis ko laytch hahahahahaha pero payts ra bai, cutie kayos lee je-hoon magpa weird2 huhu <333"
119,모범택시,NEW FAVE KDRAMA
120,모범택시,esom owns me
121,모범택시,BEST ACTION DRAMA EVER!!
122,모범택시,"which cast of Lee Ji Hoon would you deny? none, cause this's just too cool! 🤩"
123,모범택시,Someone please tell me how can I get myself a taxi service like this cause i have revenge in mind
124,모범택시,"Another frustrating drama since episode 1!
Lee Je-hoon sukses memerankan beragam karakter dalam tiap penyamarannya: guru matematika, karyawan baru, ""konglomerat"" Tiongkok. Kerja sama tim yang super kompak membuat setiap misi, secara internal, berjalan dengan baik. Meskipun beberapa adegan tampak agak tidak berterima, ""Taxi Driver"" tetap menjadi serial Korea yang menyuguhkan cerita-cerita menegangkan dan seru untuk diikuti."
125,모범택시,"Taxi Driver has a similar plot to other dramas which is revenge but doesn't have the same cliché scenes in it
excited for season 2!!"
126,모범택시,"Tertarik nonton ini karena ada esom. Buatku, secara keseluruhan drama korea ini sedikit membosankan, tapi beberapa plot sangat menarik. Sangat rekomendasi buat ditonton untuk mengisi waktu luang disela-sela kesibukan."
127,모범택시,i would too go soft on kim do ki
128,모범택시,"""NÃO MORRA, VINGUE-SE"" 🗣️🗣️🗣️
Só com esse slogan eu já comecei adorando esse dorama. Os personagens são simplesmente maravilhosos, vc acaba gostando de cada um. Com um ritmo intenso e muita ação desde o início, e um ótimo timing de humor pra completar. Com histórias baseadas em fatos reais, abordando assuntos importantes, esse dorama foi simplesmente uma surpresa pra mim, pq na verdade eu nem sabia o que esperar direito, mas acabou sendo ótimo, e melhor do que eu esperava eu me diverti e quando chegou no final eu fiquei triste em ter que me despedir dos personagens e do mundinho que criado nesse drama. Um destaque pro Lee Je Hoon que foi incrível e entregou um dos melhores personagens do anooo 🗣️"
129,모범택시,"“If my way doesn’t work, I’ll follow your method.”
A fast pacing action crime drama that has me hooked since the first minute. But… here’s the thing, as much as I love Lee Je Hoon and Esom, I have to say this: the premise and plot is really interesting but the outcome is much more dramatic and unrealistically based on the good guy’s pure luck. Even though I truly enjoyed the entire series, I just can’t overlooked some major flaws in this drama.
Okay, so let’s start with the thing that I love first, shall we? I love how the cases were based on real stories which did great to ground this drama. The scoring was really good, it added a memorable flair to the entire drama. This drama actually started out strong with the factory employee and school bullying cases. Also, the cast selection is smashing. Lee Je Hoon showcases an amazing versatility, he completely embodying every role that he does in this drama. We got to see him as the dumb jeotgal-loving businessman, the awkward substitute teacher, a docile but avaricious employee, silly illegal mobile phone dealer, and of course, the lieutenant turned taxi driver. Esom is, and as always, so charismatic on screen. Cha Ji Yeon’s impressive potrayal of her villain character. And last but not least, Lee Ho Cheol’s remarkable acting as twin with an opposite characteristic.
However, this drama really does struggle in the second healf of the drama. From the data centre case onwards, it just became too focused on the villains rather than the victims. It lacks focus to the existing cases and became too dramatized and unrealistic. Kim Do Ki, the male lead, never lose. Everything else is just a small hiccup for him. He just seemed so unrealistically powerful to the point where there was no conflict during any fights. You just knew he would survive 🤷🏻‍♀️ Imagine getting stabbed in the shoulder yet still managed to fight with 20 people and still wins. That’s not humanly possible, like… I can’t relate, the US Marines can’t relate; yet Kim Do Ki can lmao. 
The fighting sequences, while enjoyable, are not as neat as some other movies/dramas. Some fights look obviously fake and the stuntmen are obvious as well (i think they struggled to find stuntmen with the same physical appearances with the actors). But, all in all, fighting scenes with an upbeat music playing in the back is always my cup of tea.
I do think this drama would have a much better outcome if it still maintaining their episodic arcs which based on real life cases, though. Those cases were more ‘humane’ rather than whatever the hell happened in the second half of the drama.
All in all, it was definitely an enjoyable ride. In terms of quality, this was definitely an extremely well produced drama with phenomenal cast. If you want to watch this, just watch it for Lee Je Hoon’s acting, you’ll definitely won’t regret it."
130,모범택시,lee jehoon you’re too sexy
131,모범택시,LEE JE-HOON
132,모범택시,Thrilling webseries
133,모범택시,"If I could give this more than 5 stars, I would! Everything from the plot to the cast, twists, action is simply perfect. Loved how they based this on real-life incidents & the flaw in justice systems that leaves victims and their families vulnerable. Unlike most dramas, the ending was satisfactory too, which is an added bonus.
Also, Lee Je hoon!!!! He absolutely nailed the role (and entered my favourite K-actors list lol)."
134,모범택시,MAIOR DORAMA DE 2021 E SEM CHORO VIU
135,모범택시,"lee jehoon extremamente gostoso em um dorama de vingança com muitas cenas de luta, inclusive atirando em pinto de estuprador??? é isso que o brasil quer ver!!!!!"
136,모범택시,lee jehoon will you marry me
137,모범택시,"as a law student myself, this show made me question all my career options lol
the fighting scenes are crazy good (the one where do ki fought in the dark was so cool omgg). and yes, president Baek is a bitch, but she is an iconic bitch, one of my favourite characters hands down."
138,모범택시,found family of vigilantes and sexy lee jehoon yeah
139,모범택시,it’s official. lee je-hoon owns me. i’m his bitch.
140,모범택시,"I like the plot of this drama where they seek revenge on behalf of victims who cannot get help from the law. It tackled societal issues like voice phishing, school bullying, organ trafficking, and more.
They showed cool revenge plans and it is very entertaining to watch. The crew members are working like a family and it made me attached to them.
Lee Je-hoon is so hot and sexy in here, ngl. Him in action is so satisfying to watch.
Overall, this drama is well-balanced with action, thriller, crime, and comedy. I enjoyed watching this one. 💯
5283 starting service now 🚖"
141,모범택시,This concept is so so good. Taking revenge for the victims that the police and authorities ignore. Shows how fked up the system is. There's so many victims who didn't get justice. I'm glad they're shedding a light about it.
142,모범택시,"Again, bad guys (with subjectively good morals) beating up the badder guys is a very fun plot for me.
Badder [bad-er] adj. - slang. Comparative of bad."
143,모범택시,"44. Taxi Driver (2021)
Idk why I put this on hold but-- it was thrilling from start to finish! The whole concept of antihero+the tribute to victims on real life cases are the highlight of the story. Exquisite performance from Lee Jehoon. For me, the ending already perfect! (4/5)"
144,모범택시,"Sekelompok korban ketidakadilan yg menjalankan jasa ""taksi mewah"" untuk membalaskan dendam para klien nya. Pernah denger peribahasa mata dibalas mata, gigi dibalas gigi?. Nah, begitulah pondasi cerita series ini. Namun kita tetap diberi dari sudut pandang hukumnya juga, lewat tokoh bernama Kang Ha-na, jadi gak timpang. Alurnya dirangkai lewat kasus demi kasus yg beragam yg nantinya juga mencakup kepada development characternya yg solid. Dengan kemasan yg menarik dengan balutan action yg gokil. Treatment balas dendamnya nampol dari awal sampai akhir. Ayoooo season 2!!!"
145,모범택시,"this one was one of the dramas this year that i had been really curious about and hmm i quite enjoyed it even if i didn't think it was perfect!
the action was engaging and the i like the multiple story structure because all of it were pretty fun even if they were a bit cliche or exaggerated (which isn't really a problem for me because it's fictional anyway lmfao). i'm not sure if this had giant plot holes or if there were just some moments that felt a little empty to me?? like the build up would be good and then sometimes it just wouldn't deliver for the sake of anticipation but then it kinda gets to the point where ur like... please. i need to see some action before u bore me... like i remember watching the first episode and noticing how it just kept jumping from scene to scene without fully fleshing out ANYTHING... i think that's one of my main problems about this. it's not a drama driven by characters it's one driven by plot i believe which i think makes this still a fun watch because i do think a lot of the stories they present are important (and very much real!!!) still a lot of fun and if u like action and watching people get revenge then this is pretty good!
really hoping the 2nd season is much more thrilling!!! (especially since the last episode was just filled with ads and was personally an unsatisfyingly wrapped up conclusion lol)"
146,모범택시,"Taxi Driver (2021)
South Korean TV Series 
01 Season, 16 Episodes
(Renewed for S02)
In a world where criminals can get away with the law, some people choose to take matters into their own hands through a deluxe taxi that offers revenge services to victims. don’t die, they say. get revenge. they’ll do it for you.
At first, I was hesitant to watch this kdrama but after watching episode one, I ended up watching the rest of the series. If you are into crime, thrill and action pack kdrama's, you should watch this. The story was well written and the actors/actresses portrayed their character perfectly, especially to the main lead LEE JEE HOON who showed us how versatile he is as an actor. Will never stop saying how good of an actor Lee Jee Hoon is."
147,모범택시,Engaging and quite satisfying crime drama.
148,모범택시,"in a world where criminals can get away with the law, some people choose to take matters into their own hands through a deluxe taxi that offers revenge services to victims. don’t die, they say. get revenge. they’ll do it for you. would love to ride again 🚖"
149,모범택시,"ain’t a movie but since it’s here, i’ll just say this deserves a season 2!!"
150,모범택시,"Good acting 
Great story
Good direction
The Taxi driver is good action packed drama that has elements like revenge, fighting sequences, betrayal and good social topics. 
The drama creators did a good job in making is such interesting and worth while. The acting of all cast is very good. 
The social that are covered in drama was very interesting and connecting. But they are not in the flow of main story. The life, revenge and their struggle should be same rhythm of these social issue. That is the main drawback of the drama
Despite having Esom and Pyo Ye-Jin, the story lacks a 
Proper love connection. The creators can throw a hint for the audience. 
The first 13 episodes are well planned and have good action sequence, fighting scenes, plot twists and some good intense situations; the last 3 episodes are too simple. They may have good emotional psychological scenes but they are a let down.
#good drama with good performance. Can watch it once."
151,모범택시,i mean lee jehoon come on
152,모범택시,"it was really good,tbh the way they did justice for the ones suffering..."
153,모범택시,Too Soon: The TV Series
154,모범택시,so fun so satisfying so need a season 2
155,모범택시,"Taxi Driver is easily one of the best Kdramas in 2021. While perhaps some of us are getting tired with revenge as the story theme, luckily Taxi driver serves the revenge story in its unique and mind-blowing way. The fact that the story is inspired by true events about injustice gives humane and sensitive side that makes the audience contemplates about how the society goes and how injustice is still happening around us.
The ensemble casts are so solid and they do convincing job in portraying their character respectively. And of course, it's the main lead that steals the scene. Lee Jehoon gives such a strong and alluring persona as Kim Doki and not to mention his awesome disguise as various roles in the story itself. His acting range is undoubted. The production design, the cinematography, and the choice of shots also take a huge part in making this KDrama really great. All the action, fighting, and dangerous scenes feel so intact and they're sort of the combination of The Raid and Daredevil."
156,모범택시,"lee je hoon kotu adamları dovuyor,,,seksi"
157,모범택시,this show is SO good. i’ve never seen anything like it
158,모범택시,"Taxi Driver's premise is fueled by the victims' need for justice that the police and the law failed to give them, hence, being motivated to seek help from others and avail rainbow taxi's service of doing the revenge for them. Taxi Driver managed to become a really good action/thriller kdrama while inserting social commentary that is not too on the nose and also presenting a moral dilemma out of the actions these characters make. The whole ensemble gave great performances, but Lee Je-hoon is easily the standout among them, showing his range as the lead role required a lot of him--from doing action scenes to being comedic--and he pulled it off!
lee je-hoon and esom lamion"
159,모범택시,"this drama started off strong and enticing, but i found myself getting bored after the first 10 or so episodes. i enjoyed how they tackled an array of issues and how creative the team was to get revenge. overall not a bad drama at all, it was just a bit too slow for my taste!"
160,모범택시,한 인터뷰에서 마크 월버그가 자신이 911 테러에 사용된 비행기를 타고 있었으면 911 테러를 막을 수 있었을 거라는 엄청난 헛소리를 한 적이 있다. 그게 이 드라마를 보면서 생각이 났다.
161,모범택시,truly TRULY good . no words. fav kdrama in 2021
162,모범택시,가학적이고 화가 나고 무책임하기 짝이 없는 자경 프로파간다. 실제 사건을 차용한 것은 무례하기 짝이 없다. 자세한 리뷰는 나중에 기회 되면 쓸 듯.
163,모범택시,"Salfok banget sama lee je hoon gans abisss wkwk ditambah meranin action gini. Agak kaget sama 'penjara'nya beneran serem, sempit, bikin gabisa napass. Ruang rahasianya kerennn, peran pendukungnya juga lucu ada aja kelakuannya wkwk. Berharap ada storyline antara doki sama kang hana tapiiiiii yasudahlahh, menurutku kang hana disini kurang dihighlight sii padahal dia yang jadi female leadnya"
164,모범택시,esse drama é um dos melhores que já vi e ser baseado em caso reais torna tudo mais perfeito
165,모범택시,Review
166,모범택시,"one of best k-drama i’ve ever watched! acting aktor & aktrisnya ga diragukan lagi, jalan ceritanya menurut gue bagus bgt, gaada celah buat kecewa 😭 mereka juga mengungkap kejahatan2 di korsel, banyak yg based on true story! oiya, kisah yang based on true story ada dokumenternya juga (kalo udah selesai 1 eps, lanjutin terus nontonnya jgn langsung lanjut ke eps selanjutnya, suka ada dokumenternya). 
huaa. gue bener2 galau sih pas drama ini selesai. bukan gabisa move on, tapi emang gamau move on. sebagus & seseru itu sih. semua orang harus nonton! 
oiya, ini fast-paced ya menurut gue wkwk. jadi ga ada tuh istilah “bosen di awal” karena dari awal emang udah langsung ada konflik. 
pokoknya 100000/10 deh!"
