,title,reviews
0,본대로말하라,"Yet another well made Psycho thriller from Korean industry !
Loved d relation b/w Oh hyun jae & Cha soo young ❤️"
1,본대로말하라,Mystery solving and MOUSE series lovers must watch
2,본대로말하라,ini tipenya drama ocn bgt dimana penjahatnya itu selalu orang terdekat. Mangkanya pas tau the guy nya itu siapa aku kayak udah ngira gitu loh klo bakal dia.
3,본대로말하라,TELL ME WHAT U SAW COZ IT IS WHAT IT IS
4,본대로말하라,"It was a good watch.
Jang Hyeok played his character so well. I will forever remember him as ‘the profiler’ ✋🏽😩"
5,본대로말하라,"Another underrated but did not disappoint kdrama.
Tell Me What You Saw was so good that it made me binged-watch it despite my busy schedule. It made me so hooked from the start till the end, I did not get bored. The plot, the characters, the gruesomeness, and the plot twists are chef's kiss.
Got teary-eyed on the last part, especially in the bloopers coz I'll gonna miss them so bad :(((
Definitely a fan of crime-thriller dramas. A very good watch! Highly recommended."
6,본대로말하라,another detective role from janghyuk yas i'm in
7,본대로말하라,"Walaupun element of surprisenya agak kurang berasa karena beberapa kasus cukup bisa ditebak akhirnya seperti apa, but I still loooove this drama very much! Tapi tolong banget fashion profiler cowoknya agak sedikit ganggu, coba dibikin lebih ringkes dikit gituuu biar gampang gerak. 🙃"
8,본대로말하라,"I saw, predicted, and concluded... Was I right? Yes, because the most useless character is always the serial killer."
9,본대로말하라,What more could I ask for? Its Jang Hyuk and Jin Seo-yeon!
10,본대로말하라,"Jang Hyuk, Sooyoung, and Ji Seo Yeon.... very sexy cast. The drama is pretty disturbing and gruesome, but cast is super sexy."
