,title,reviews
0,마녀식당으로오세요,"Drama ini mengingatkan saya dengan salah satu drama yang memiliki plot sejenis, Mystic Pop-up Bar. Dimana seorang penyihir membuka sebuah restoran/kedai makan untuk membantu pengunjung membalaskan dendam mereka. Bedanya, The Witch's Diner melakukan aksinya lewat makanan, bukan melalui mimpi layaknya Mystic Pop-up Bar. Dan juga, drama ini lebih menekankan bahwa setiap pembalasan dendam yang dilakukan dengan hal buruk maka akan ada ganjarannya, akan ada hal penting di hidup kita yang harus dikorbankan, dan tidak sebanding dengan apa yang kita dapat nantinya. Drama ini memberikan pesan eksplisit bahwa membalaskan dendam tidak akan membuat kita bahagia, malah akan menambah beban dan perasaan bersalah dalam hidup kita.
Selain pesan moral dalam cerita, kita juga dimanjakan oleh adegan masak-memasak, ASMR versi penyihir, yang mungkin jarang kita lihat ada di sebuah drama. Untuk akting para pemain sendiri masih dalam batasan standard buat saya pribadi, tapi saya menyukai cara Song Ji-Hyo menampilkan aura penyihir yang dingin dan kejam. Dan mungkin karena hanya berjumlah 8 episode, ceritanya jadi terlalu banyak fokus pada side story sehingga main story terasa tenggelam dan diselesaikan dengan terburu-buru. Tapi overall, cukup menghibur untuk tontonan ringan pengisi waktu kosong."
1,마녀식당으로오세요,if goth witch song jihyo ruined my life through a magical wish i would love that
2,마녀식당으로오세요,"Drama yang paling ditunggu soalnya suka dengan konsep dunia penyihir apalagi hadir dengan episode yang singkat hanya 8 eps.
Sayangnya drama ini tidak memenuhi ekspetasi saya yang terlalu tinggi. Ada kisah salah satu pelanggan yang berprofesi sebagai penyanyi tapi dijelaskan lebih lanjut lagi bagaimana nasibnya tidak seperti pelanggan lain. But its okay sih ga terlalu bermasalah lagian juga episodenya singkat tapi disisi lain moral value nya tersampaikan dengan baik.
Akting serta penjiwaan Song Ji Hyo terbilang bagus + suka dengan aura badasnya. Tapi saya merasa janggal dengan kemampuan akting Nam Ji Hyun kali ini justru mengalami penurunan dibanding dramanya tahun lalu sedangkan Chae Jong Hyeop sebagai aktor rookie mencuri perhatian saya terlihat aktingnya disini cukup bagus serta penjiwaannya juga lumayan.
Overall drama ini masih cukup bagus untuk ditonton okelah untuk 8 episode walaupun masih banyak kekurangan masih bisa termaafkan setidaknya ada pelajaran hidup yang didapat."
3,마녀식당으로오세요,not enough menacingly sexy milf witch song jihyo for me
4,마녀식당으로오세요,"I actually really like short interesting dramas and was looking forward to watch this. This drama did have a unique concept(food,wishes). The first few episodes were actually good.
The vibe was creepy and every episode focusing on different people life was gripping as well. But, at the same time character development was lacking, most of characters existence is meaningless.
Song Ji-hyo did potrayed a witch character pretty good other that that other actors didn't stand out at all.
It would have been a memorable short unique drama if there were more content showing other people stories more and their wishes. Every thing happen so quickly at the end episodes which was quite disapointing . The ending was so abrupt that made this drama exposed it's plot holes. Overall, definitely a one time watch for it's unique storyline."
5,마녀식당으로오세요,"Dark & sexy  jihyo can ruin my life through a wish anytime. Literally, STUNNING"
6,마녀식당으로오세요,"korean 🇰🇷
🌕2021 ranked
watched for jihyo and she looks amazing as a witch!! i like the concept and since it's quite short, it's easy and fun to binge the episodes at once!"
7,마녀식당으로오세요,"Ide ceritanya menarik tapi eksekusinya kurang joss gandos aja. Agak ngingetin ke Drakor di awal-awal baru terjun di dunia perDrakoran, ditambah durasi per episodenya yang gak lebay and of course Song. Ji. Hyo."
8,마녀식당으로오세요,would have gotten 4 stars or more if not for the fact that this drama was way too short. they would’ve benefited a lot more by giving themselves more time to explore the heerajin dynamic :( to their credit i do think they did a decent job despite having so little episodes and barely any time to flesh things out
9,마녀식당으로오세요,"It was alright, a little dark for my personal taste. It was a good one time watch for me."
10,마녀식당으로오세요,jo heera changed the trajectory of my life ! also the plot twist was everything !
11,마녀식당으로오세요,i thought professional cooks trim their nails
12,마녀식당으로오세요,we need more of song jihyo in our lives. i need more of song jihyo in my life.
13,마녀식당으로오세요,"Spooky delicious food porn prepared by the absolutely stunning Song Ji-hyo. A simple “be careful what you wish for” plot with a fun main cast and gorgeous aesthetic. The production design is darkly whimsical and beautiful. I wish I could live in the diner for real. :( I really enjoyed this easy, breezy watch. The end is so cute ugh.
My biggest gripes: I feel like 8 episodes… weren’t enough in the end. This needed to be at least 10-12. More characters and backstory were introduced, and they were interesting enough, but it felt like there was zero time to explore much of anything other than the main plot and the Wish of the Week. What a shame! I guess I wanted more lore and world-building. Also the memory loss subplot was super forced. I didn’t care for it at all. The melodrama went overboard oops."
14,마녀식당으로오세요,this remind me so much of mystic pop up bar unless i really don't care with any of characters in this show. i don't even care about the witch and she's supposed to be the appeal of the show idk
15,마녀식당으로오세요,"i wish there were more episodes, but i loved this cast"
16,마녀식당으로오세요,Congratulations .... You have succeeded to make me cry 👏🏻👏🏻👏🏻
17,마녀식당으로오세요,"Tentang restoran yang dipimpin penyihir. Sang penyihir akan menyajikan makanan ketika sang pelanggan mengucapkan keinginan dan akan dikabulkan. mengabulkan apapun keinginan klien, tentu, ada bayaran dari jasanya tsb. dan bisa dari mana saja, BELUM TENTU dari uang.
premisnya mengingatkanku pada drama fantasy bertema sama, yaitu Mystic Pop Up Bar. namun bisa ku katakan, The Witch Dinner terasa lebih getir dan menakutkan. karena menganut paham, apa yang kamu mau, kamu harus mengorbakankan sesuatu untuk mendapatkan nya. entah itu permintaan baik atau buruk. bukankah hidup juga seperti itu? ya gak sih, ketika kita pengen sesuatu, ya kita harus berjuang, dan tanpa sadar kita akan mengorbakan suatu hal. entah itu menyakitkan/tidak. drama ini mengingatkan kita tentang itu. drama ini juga erat sekali kaitan nya dengan apa yang kamu tabur, itu juga yg akan kamu tuai.
hawa misterius & magisnya terasa sekali, jadi judulnya itu bukan pajangan doang. miris rasanya melihat beberapa kasus yg dibahas di drama ini. ada beberapa kasus yg membuat hati hangat juga, bahkan mata saya sempat berkaca-kaca.
this is a good drama, with a good story, but with a bad eksekusi. rasanya cerita dirangkai dengan terburu-buru terutama di babak akhir, jadi saya tidak bisa terlalu into pada pendalaman karakternya. apalagi ketika sampai pada pembahasan utama. alhasil, ketika berhasil menyelesaikan nya, tidak ada kesan terlalu dalam, mudah terlupakan. tapi masih worth it kok sebagai tontonan di waktu luang. dan lagi, drama ini punya dialog-dialog quotesable yg sarkas yg tentunya relate dengan kehidupan. dan terasa memeluk penonton nya🥺."
18,마녀식당으로오세요,"um id do anything for this cast, just saying"
19,마녀식당으로오세요,"Idk if it's just me but I find it hard to finish this drama. It took me a while to finish it even though it's just a short drama. Maybe I'm just too busy to binged watched it or the story just isn't interesting enough for me.
What I like about this is the different stories of customers. Foods presented look delicious too. Also, the witch is hot, ngl. The twist is kinda expected tho.
Maybe the storyline and the pacing aren't just for me."
20,마녀식당으로오세요,Somg Jihyo is a delight in this drama. Wish this could be more but it's still good even with 8 episodes
21,마녀식당으로오세요,this is a very fast paced drama. it didn’t really give me much time to connect with the characters. the concept is pretty fun tho.
22,마녀식당으로오세요,"Watch this because of Ji-Hyo, she looks so charming while acting as witch in this drama!
I love the storyline so much, and also like some of the characters too!
I want to make a wish to the witch for the second season!"
23,마녀식당으로오세요,"- watched this in one sitting
- cried when the moms were talking ab jin"
24,마녀식당으로오세요,"casts are brilliant and perfectly fit their roles. though, there are some parts which are slow-paced, overall, it's a wonderful one.
to end, here comes a quote from this drama - ""all encounters in this world are magical""."
25,마녀식당으로오세요,"really liked this short drama. loved the plot and the moral they tried to show with each wish and the people's stories. they had to give up a lot, one lady got dementia for her wish, but they all knew it was the consequence of their choices and their wish was granted in full. there weren't any scams or ""gotcha!"" moments thankfully
really wish the slimy author got a harsher punishment and wish we saw the outcome of the musical singer, if only they showed her leaving that loser she risked her talent for and finding love with the doctor. it was implied but i would've preferred to see her find peace and see the author get a stronger sentencing than a fear of his past coming to light
chae jong-hyeop was lovely in this, he has such a pretty smile. very enjoyable drama and the way it all became full circle was splendid"
26,마녀식당으로오세요,"be careful what you wish for as everything comes with a price, and only time can tell if the price paid was worth it. this was visually pleasing to watch and the stories portrayed were all distinctly interesting. i just wished it was longer & more fleshed out"
27,마녀식당으로오세요,"It's good and hey it's our Mong-ji, but the gaps between each episodes bothered me."
28,마녀식당으로오세요,This story line completely deserved a full 16-episode arc. Season 2 pls?
