,title,reviews
0,왕이된남자,"Punya pace yang menarik di awal tapi melempem hingga akhir. Segalanya dimulai dari keputusan penulis skenario yg ""mematikan"" karakter Sang Raja.
Sayang banget!"
1,왕이된남자,my fav kdrama ever i love yeo jingoo bcs of this dramas n his acting so genius
2,왕이된남자,"I just love Yeo Jin-goo.
This show has what I like: good actors, great looking clothes, characters that you easily love, rats, even bigger rats..."
3,왕이된남자,"I didn't care about anything other than two main leads romantic portions...
3.75/5"
4,왕이된남자,one of the best shows I've ever seen. even if u dont like a character u cry at their deaths bc of how everyone else reacts which absolutely gets to u. it unfolded very well and the pace was amazing. the romance and friendship wasnt lacking at all either ! my only complaints are Jang's death- it felt like they really wanted him dead for no reason. they waited an entire year to avenge the widowed queen?? its not like they needed preparation it was like only 6 of them?? AND they chose to attack exactly when Jang appeared?? idk it was very unnecessary and ruined the ending for me. I couldnt be happy for hasun and soowon because I was still processing what the fuck was that mess. at least the shot with Jang and Hasun laying on the ground was very good. would give 5 stars if it werent for that death
5,왕이된남자,JINGOO GOT NO AWARDS FOR THIS?
6,왕이된남자,"ttyl, still sad for their mom :d"
7,왕이된남자,"'The Crowned Clown' no aporta mucho a lo que ya se obtiene de la estupenda película 'Masquerade' y es inferior en la mayoría de aspectos, pero para aquellos que disfrutasen de la trama encontrarán aquí una versión alternativa con un final distinto que entretiene a pesar de sus vaivenes de guion en la segunda mitad."
8,왕이된남자,I cried a lot
9,왕이된남자,"[ reading scrolls for emails every morning ]
would give this half a heart for all that its time carried, especially that, when the real king died, part of me died with him !"
10,왕이된남자,"can i just say, YEO JIN-GOO. i fell in love with him during this era, his performance as the mad prince was insane paired with how he put a very distinct and mind-blowing distinction with the pauper.
the mad prince's storyline was INSANE. i had goosebumps each time he appears on my screen, i just anticipate to see the madness, the fear, the anxiety—even without words, the audience could feel the tension in his soul and the plot itself.
it's still my #1 historical drama just because I usually forget historical dramas after consuming them and appreciating them. but not this one, it left an imprint. mostly because of the plot and jingoo's acting performance."
11,왕이된남자,《光海：成为王的男人》诙谐又不失严肃，历史无论远近，都是厚重的。李承宪一步步的自我发觉，继而坚定的说出“我想成为王”，剧作功力了得。逃亡的男人失去了全世界后，投向柳承龙不舍的眼神，是对正义的不舍，柳承龙同样向他告别，向自己心中的理想告别，向理想的国度，理想的君王告别。喜欢部将和许钧的表演。404。
12,왕이된남자,By far the BEST historical political kdrama I've seen so far. We love social justice. Also I'm so sad about Haksan and Officer Jang.
13,왕이된남자,amazing. show stopping. talented. wonderful. yeo jingoo gave what he needed to give!
14,왕이된남자,finished this in 1.5 days.
15,왕이된남자,"SOBBING,, TEARS IN NY EYES"
16,왕이된남자,"The acting was good, but overall, I was pretty meh on this. Perhaps sageuk dramas just aren't for me."
17,왕이된남자,"영화 광해를 베이스로 만든 드라마인데 원작보다 훨씬 좋다. 원작은 코메디고 이건 정극인 차이도 있지만 하 진구오빠와 이세영 두 배우의 심리묘사 보는 재미가 쏠쏠하다. 왕자와 거지는 마크트웨인 이전부터 보장된 미슐랭이잖아. 
사극장인 여진구 이세영 김상경 장영남 제발 뭐 좀 더 찍어주세요"
18,왕이된남자,"considering that i enjoyed masquerade i immediately put this up my watchlist to see its take on the whole concept and i honestly loved the political tension and thrill more than anything in this which is a surprise even to me because i don’t normally seek out political thrillers let alone sageuks. it does drag a little in the middle (exacerbated by the fact that i kept watching this in parts and long breaks) so at times it was just… quite forgettable but to be honest, easy to keep up with. i’m not an expert on korean history or politics so i won’t speak on that aspect other than it was the most enjoyable part of the show for me! other than, of course, watching yeo jingoo’s acting. also interesting how i watched this for yeo jingoo and ended up having a crush on lee seyoung…. shes so pretty i can’t even explain it well but when she smiles i feel insane
makes me really want to get into more sageuks and im quite glad i watched it despite my apprehensions!"
19,왕이된남자,"Plot Twist atrás de plot Twist, me manteve curiosa e aflita pela trama até o fim.
Apesar do final clichê e um tanto dramático é uma série excelente com ótima qualidade"
20,왕이된남자,"Aku sudah menjalani hidup dengan merindukanmu.
Adaptasi dari film Masquerade The Crowned Clown bercerita tentang pemuda yang menggantikan raja karena paras yang serupa & konflik internal lainnya.
Ceritanya mungkin biasa saja tapi eksekusinya oke. Alur, sinematografi, chemistry dan performanya cakeep.
Yeo Jin-goo 😍"
21,왕이된남자,"เดือดมาก ลุ้นเหนื่อยมาก ไม่มีช่วงเบื่อเลย ครบรส การเมือง ดราม่า ความรัก ครอบครัว ตลก มีหมด หนังเล่าเรื่องนักแสดงตลกละครเร่ที่บังเอิญหน้าเหมือนกษัตริย์จำเป็นต้องเข้าไปสวมรอยและช่วยกอบกู้บัลลังก์และประเทศชาติเอาไว้ ชอบความเกา (กาว) ที่เอาเรื่องราวในรั้วในวัง ที่ถูกเล่าซ้ำๆ มาเติมสี ใส่ไข่ ใหม่ได้ไม่ซ้ำรอยเดิม สร้างกี่รอบก็สนุกทุกรอบ 
ไปเจอมาว่ารีเมกจากฉบับภาพยนตร์ “Gwanghae: The Man Who Became King” หรือที่รู้จักในชื่อ “Masquerade” มาอีกที อึ้งตรงแคสสำคัญอย่างขันทีใช้คนเดิมเล่นด้วย ว้าวมาก"
22,왕이된남자,"Letterboxd居然有好多韓劇（？）
一邊碎唸吐槽竟然還是把這部劇看完惹，其實裡面很多我蠻喜歡的題材，例如戲子假扮君王，臣子在真假君王之間的抉擇，權位扭曲人心與純真的可貴等，很可惜的是所有東西都是點到為止，沒有什麼深刻的描述而顯得虛浮。節奏也是蠻不穩，有些地方停頓得太久太冗但最後卻又有點暴走，看到剩下二十分鐘時我喜歡的配角被發便當只覺痾有必要嗎....編劇請再加油ㄚ.....
但珍九太會哭了且講起一些情話竟然也蘇得很有一回事（？）大概就是在糾結天啊劇本真的不行但演員實在美賣之下就默默看完了。
我真的好想看珍九與河均叔演歷史正劇。（徹底暴露不正的動機）"
23,왕이된남자,"probably has the bestest death scene ive ever seen in a kdrama
*spoiler*
just wish the king was alive for more time he was an interesting character."
24,왕이된남자,"*ahem*
This is my most hated kdrama to ever exist and it's on letterboxd so guess who's logging it because she'll never not be be mad at it.
Jingoo as Yi Heon is outstanding. The cinematography of the first half is exquisite.
Story wise it comits egregious fundamental, structural and logical writing crimes and thematically it's a moral relative piece of sh☠️t."
25,왕이된남자,BAH liat judul ini aja hatiku dugun dugun
26,왕이된남자,"If I were going to recommend one historical drama to a newbie, this would be it. It's so good. One of my favourites."
