,title,reviews
0,뷰티인사이드,Such a fun and beautiful concept. Loved both couples
1,뷰티인사이드,100000 stars for anything starring Seo Hyunjin.
2,뷰티인사이드,"That one time Han Segye turned into Kim Minseok, it was epic."
3,뷰티인사이드,episode 10 broke me
4,뷰티인사이드,"korean 🇰🇷
can't remember much now but i'm quite sure i enjoyed watching this!!"
5,뷰티인사이드,"I loved this so much!!!
Es tan fresco y bonito!! 
La relación entre ambos leads, el ost, el grupo de amigos, la familia; todo me encanta. 
Los amo<3"
6,뷰티인사이드,It feels like riding a rollercoaster full of laughs and tears. I can't help to laugh in the first half of the episode and burst into tears in the second half episode. A healing drama worth watching with amazing acting!
7,뷰티인사이드,"Cool concept. Lee Min Ki was very attractive in this drama. Beautiful kiss scenes in my opinion. Loved them. They were there for each other. They made each other so happy!
Once they get together, they are end game. Very lovely drama. I do recommend it!"
8,뷰티인사이드,I love how this drama started as cute and funny but it starts to get serious in the middle without completely letting go of that romantic comedy-drama vibe.
9,뷰티인사이드,"honestly this drama was so beautiful to watch that i probably will do a rewatch and the truth is that i didn't wanted to finish it because i knew i will miss this cast (especially you lee min ki and lee da hee).
it's not like such a comedy but it had so many fun moments where i truly laughed, but also had its emotional moments where all i wanted was to hit my head in the wall, soooo to finish it, i should say, it was such a great way to spend my time.
AND

*spoilers*

that last scene in the beach wich it was the same as in the movie was so beautiful that i completely forgot how much i hated han se gye in the episode 14 when she leave and left seo do jae all alone and heartbroken, they made it!"
10,뷰티인사이드,3 1/2 stars for the drama but 10 stars for seo hyun jin
11,뷰티인사이드,"Reprenant une partie de l'idée de base du film au même nom valant le coup d'oeil, cette série avec une légère saveur fantastique se regarde bien, mais sans grandes explorations et plusieurs bémols. Malgré tout, un certain charme s'en dégage ce qui aide à poursuivre l'écoute jusqu'au bout."
12,뷰티인사이드,"HELLO EVERYTHING IS JUST PERFECT ??? CASTS, PLOT, ACTING, SCREENPLAY, CHEMISTRY ?? i wish i can watch it again with the same feeling of the first time i watched it"
13,뷰티인사이드,the sudden romance is what made the drama bad and boring to follow. i only leave a few stars for loving the intro with “the beauty inside” and the 1st episodes. had a chance
14,뷰티인사이드,The assistants in this gave me hustle energy and I was here for it
15,뷰티인사이드,THE SCENE W THE MOM AND HER THINKING HER SON IS GAY???? BEST SCENE BEST SCENE
16,뷰티인사이드,can't even explain how much I love everything about this kdrama the story the cast THE OST everything is amazing I could watch it for the rest of my life without getting tired of it.
17,뷰티인사이드,"te amo seo hyunjin, embora oq era um grande mistério continua sendo misterioso no fim. mas uma linda história"
18,뷰티인사이드,"Muy linda la historia, si lloré. Y todos los personas caen muy bien ☺️💖"
19,뷰티인사이드,"Graciosa, suave y hermosa historia..."
20,뷰티인사이드,Would you believe me if I said I skipped most of it only to watch Sara and Eunho get together?
21,뷰티인사이드,seo hyun-jin is such a good actress why does she only get those stiff love interests but this was cute and with a terrible solution to the central conflict... as it is somewhat usual in kdramas?
22,뷰티인사이드,type c kdrama but super feel good! casts have chemistry!! <333
23,뷰티인사이드,Cute I guess
24,뷰티인사이드,ay allahim kpop oglani yuzunden dustugumuz hallere bak 960 dakika erkek basrolun cirkinligine katlanmak zorunda kaldim neyse ki seo hyunjin COK guzeldi de bi dayanagim oldu.
25,뷰티인사이드,Maraton sehari kelar. Ggingggang i love you. You're the best. Saatnya tidur
26,뷰티인사이드,"Thought it was gonna be a real superficial drama, but turned out to be a deep, heartwarming fun story."
27,뷰티인사이드,"the music ++++ the couples +++++ u feel so warm and giddy and there were so many funny moments, i have to rewatch this"
28,뷰티인사이드,ahiinh ni uruul goyinmaa haha
29,뷰티인사이드,"Imagine, falling in love for someone you never saw, been there."
30,뷰티인사이드,"this was a fun and touching show about loving people for who they are, not for what they appear as. seo hyunjin was amazing as always, and the leads had great chemistry, but the 2nd OTP was definitely my favorite! 💕"
31,뷰티인사이드,"very slow moving and kinda boring but kim minseok’s cameo was brilliant and i really liked how loyal the manager and secretary of han se-gye and seo do-jae are, as well as the side pairing of sara and eunho
finally a chaebol with a supportive healthy family!! it was so sweet to see his stepsister and grandad feel genuine guilty for making do-jae feel like he couldn’t be honest about his illness and apologise for that"
32,뷰티인사이드,the only good thing about this drama is seo hyun jin
33,뷰티인사이드,깅강 좋아해
34,뷰티인사이드,"..tapi aku seseorang yang bersikap sebagaimana aku diperlakukan.
Remake film Korea dengan judul yang sama The Beauty Inside mengangkat isu beauty privilege, namun mengambil gender yang berbeda dari filmnya. Meskipun menarik diawal ditambah dengan kelainan prosopagnosia (seseorang yang tidak bisa mengenali wajah), secara keseluruhan dramanya kurang mencuri perhatian.
Tidak seperti filmnya, The Beauty Inside versi drama kurang melibatkan profesi karakter dalam konflik, materinya juga tidak dikembangkan dengan cukup baik. Chemistry Seo Hyun-jin dan Lee Min-ki kurang padu, tapi performa Seo Hyun-jin top."
35,뷰티인사이드,Tror den är bra kolla på den för länge sen
36,뷰티인사이드,"This story 💌💌💌
Always in my heart!"
37,뷰티인사이드,i- one of my faves
