,title,reviews
0,사의찬미,"this heart of mine is burning. this heart of mine is suffocating. my eyes are welling up with tears and I am choked by sorrow. why does your letter bring me to tears?
maybe artists have always been the same; born with the same kind of soul. torn at the flesh and bound to a life riddled with torment, but it’s all ascribed to the desire for something greater: passion for art and love and everything in between. hymn of death contains the salient theme of duty; whether it be duty to one’s country, to one’s family—duty to one’s heart. duty to the arts. it feels traditional and universal all at once. 
painful romantic yearning also happens to be my favorite genre so there’s that! this reminded me a lot of brief encounter (1945), except it all happens twenty years prior and amidst the sociopolitical backdrop of imperial japan. the tragedy feels just as devastating and i will once again take some time to recover from it </3
“Are you truly living? 
No, I am yearning for death in order to truly live.”
From the poem The Theory of Death and Life, May 4th 1926 by Kim Woo-jin"
1,사의찬미,can't believe jongsuk was a theatre kid
2,사의찬미,"korean 🇰🇷
I really want to recommend this to everyone?!? it’s so short (6 x 35min episodes) and we already know what will happen at the end but it still managed to made me feel so much for the characters?!
it’s also shot so beautifully and i loved watching lee jongsuk and shin hyesun in a period piece like this. other than them looking breathtakingly beautiful, the emotions they convey!!! The longing for each other, the struggles to be with someone you love… sohyang - only my heart knows also captures this feeling so well it always gets me choked up."
3,사의찬미,is only 3 episodes long but hurts for a lifetime
4,사의찬미,"i loved this, got me researching the first korean pop song while crying at 3am also shin hye sun and lee jong suk??? cmon thats top tier visualss"
5,사의찬미,"youth
oh, youth does not wait for us.
coldly, like a flowing stream. sadly, like a wilting flower. our youth is fleeting.
oh, youth is just like a handful of sand we encounter while riding the waves of life.
with all your might, hurl it at the tides. make them snarl and howl."
6,사의찬미,"are you truly living?
no, i am yearning for death in order to truly live
this may have just changed the definition of love for me (for the better).
p.s. i’m so in love with shin hyesun. how does she manage to make a masterpiece of each film she plays in?"
7,사의찬미,that ending... damn.. who wants to do it with me
8,사의찬미,"65/100
Despite being a South Korean drama, which are basically soup operas, the quality was above the norm, yet much of its narrative devices are completely soap operatic.
I guess they can't get away from it to connect more with the crowd that consumes them and who are evidently their target audience.
Hymn of Death is a tragic romance, but without an excessive load of melodrama.
It fails to avoid the clichés of the genre or the style that South Korea imprints on this type of shows. Although I think that within the context of what it's doing they're understandable but not excusable, but still they're not something that becomes problematic for its development and resolution.
It was fine I guess."
9,사의찬미,"Even as I am living, my heart longs for you. Until the moment of death, I will long for you. 
I FEEL LIKE PURE SHIT"
10,사의찬미,"How do I move on? The end was an endless crying experience, and it hurts even more cuz it’s based on a true story. 
They were so passionate but exhausted at the same time. Although I’m sure everyone knew from the beginning what will be the end, it still hurts very much.
I love this series so much for the way they reflected so many emotions in a relatively short time."
11,사의찬미,"""the fact that we're trying something with hope is what matters""
so beautiful and tragic... wished this was made into a 12-episode drama instead, we could have explored more the depth of the characters and the setting at that period :"")
nwezi i enjoyed this so much! jongsuk and hyesun are such a great actors and they have an amazing chemistry <33
also this is a wyws cast reunion 😆"
12,사의찬미,"the most heartbreaking thing is when passion is stolen from you, especially in the midst of political and social unrest where it is the only thing that you strongly hold onto"
13,사의찬미,he was cheating on his wife for her but ykw he so fine i cant even be mad about it
14,사의찬미,no YOU are crying not me
15,사의찬미,"""Are you truly living? No, I am yearning for death in order to truly live"""
16,사의찬미,"""Absorbed in living, you are the one dancing upon the blade.""
The cultivation of a beautiful and tender melancholy—although I do have an issue with (spoiler!) the manner in which this period drama romanticizes suicide. Altogether, this is a visually stunning creation with an adroit dose of moments of both tension and heart-flutter.
As a fellow soprano who lives in vintage attire, where is my poet-playwright in a smart vest? Something seems fishy to me. 🤔"
17,사의찬미,"tonight, I will dance with you
""are you truly living?
no, I am yearning for death in order to truly live""
izlediğim hiçbir şey kalbimi bu kadar kırmamıştı, gecenin iki buçuğunda deli gibi ağlıyorum"
18,사의찬미,"a gravely poetic romantic tragedy, with beautiful cinematography ✨"
19,사의찬미,This is so titanic + chicago typewriter vibes… im depressed now btw
20,사의찬미,shaking crying bawling my out at 2 am while on my period bcs of the ending. it was so sad. five stars.
21,사의찬미,"beautiful yet tragically sad. 
I wish they produced more episodes but it's already nice with just 3 episodes. I love their acting and I think emotions they have shown was really well executed."
22,사의찬미,a sad story but beautiful
23,사의찬미,it's more sad because it's real
24,사의찬미,"Her aklıma geldiğinde içimi çok ama çok acıttığı için tekrar izlemeye cesaret edemiyorum. 
Gerçek hikayesiyle ve oyunculuğuna bayıldığım Lee Jong Suk ve Shin Hye Son ile enfes bir yapımdı.
Tekrar hatırladım, tekrar üzüldüm"
25,사의찬미,"Dentre as coisas mais tristes que podem ser produzidas estão as histórias de amores proibidos que levam a depressão, a dor profunda e ao extermínio da própria vida. Louvor à Morte, shakesperiano como pode ser, é um Romeu e Julieta da vida real, já que Kim Woo Jin e Yun Sim Deok foram pessoas reais, na acepção mais direta que podemos atribuir à realidade. Independente da família em que nasceram, sofreram a pressão da sociedade, grandemente influenciada pelo Confucionismo e os deveres filiais, vivendo sob o jugo do Império Japonês. Mas, vou explicar, com calma, o que eu pude absorver dessa mini-série de três episódios, disponível na Netflix, que encolheu meu coração.
Começamos a série pelo fim da história, em 4 de agosto de 1926, dentro da barca que faz o percurso entre o Japão e, então, Joseon, sabendo que um casal pulou no mar. Voltamos cinco anos na história (1921), para Tóquio, onde Kim Woo Jin e Yun Sim Deok se conhecem.
Kim Woo Jin (interpretado pelo au concours Lee Jong Suk), filho de uma abastada família de Mokpo, em Joseon, estuda Literatura Inglesa em Tóquio, escreve e dirige peças de teatro como forma de resistência ao regime ditadorial do Império Japonês que perdurou de 1910 e 1945 em Joseon, sendo um dos períodos mais difíceis na história do país. A resistência se dá pelo uso da língua coreana, ao invés da japonesa, imposta à época, e pelo conteúdo, que mesmo censurado, conseguiu transmitir a mensagem de luta e liberdade que ele buscava, para iluminar e guiar seu povo. É creditado como, nada menos que, o primeiro crítico literário profissional e o primeiro dramaturgo na história da literatura coreana, se opondo a tudo que sua família havia planejado para ele como primogênito. Ao buscar uma atriz para sua nova peça, é apresentado por um amigo a Yun Sim Deok.
Yun Sim Deok (interpretada pela emocionante Shin Hye Sun), nasce em Pyongyang em 1897, mesmo ano em que nasceu Kim Woo Jin, como filha mais velha de uma família bem simples, e, com muita dificuldade, vai para o Japão, tornando-se a primeira coreana a estudar na Tokyo Music School e a primeira soprano coreana a cantar profissionalmente.
Disse que era um amor proibido lá no começo (e sem spoiler, já que essa informação está na descrição da série) pois Woo Jin é casado, de forma arranjada por seu pai, e mesmo que não haja amor e seja infeliz na vida que deve levar, não pretende desonrar sua família.
Com esse pano de fundo, é só sentar e assistir, reparando a delicadeza e profundidade de Woo Jin, a interpretação de Jong Suk ao enfrentar, finalmente, seu pai e decidir lutar pelo seu amor verdadeiro (“- Você quer que eu viva ou morra?“), a dor da decisão que tomam e os diálogos, as humilhações que Sim Deok passa e seu enorme talento (mesmo que a atriz seja dublada, não interfere em nada na profundidade da narrativa), a trilha-sonora, o processo depressivo e de envolvimento com a bebida pelo qual Woo Jin também entrega sua alma de poeta, a depressão e o desespero, a música que criam juntos (não se sabe se essa parte é verdadeira, mas a música foi lançada como “The Hymn Of Death”, gravada e assinada pela cantora três dias antes de seu suicídio aos 29 anos), a dor de preferirem partir juntos a continuarem vivendo separados em uma sociedade sem liberdade de expressão e escolha.
Lee Jong Suk aceitou atuar nessa mini-série sem receber, para promover a história, o diretor e seu amor por atuar. Sua atuação, demonstrando um intelectual frustrado e, ao mesmo tempo, lutando internamente com seus sentimentos por Sim Deok, ficaram bem expressos e consegui sentir o sofrimento dessa narrativa. Não é leve, principalmente porque retrata um suicídio, quando o drama está no seu ápice, o coração já ficou pequeno e dolorido."
26,사의찬미,"Una historia de amor algo triste. Bien actuada y con un par de buenos momentos dramáticos. Se esfuerza bastante en su diseño de producción y puesta en escena , eso se agradece , de fondo y el pilar de todo este K drama el amor imposible entre un escritor y una cantante. Que su estética televisiva no los socave. Es una bonita historia de amor, y un puntual y tibio repaso a la sociedad coreana patriarcal. Recomiendo este dorama para aquellos que nunca han visto uno. Es un buen inicio.

Check my list.
K-Dramas boxd.it/cjqHW"
27,사의찬미,"Lee jong suk as always shined bright throughout the entire drama.He played the role of kim woo jin who loves to write poems and plays under pen name soosan.He's patriotic person in his heart and hopes to do something for his country through his writings and plays.
While Shin hye sun played the role of yun sim deok who is a independent women majoring in music.Shim deok's character had an an edgy situation where she can't help either to hold her emotions or forget about him though she knew him to be married beforehand.
Though i already knew that i had a sad ending,the beautiful screenplay by actors the Mesmerizing music the and pure love between them without those cheesy lines and scenes provided me chills throughout the drama.
Ljs's clearly justified how much of intensity Kim Woo-jin needed,Shin hye sun also proved why she's being casted in this drama.
Supporting actors/actress also really did a great job procuring enough strength to this drama.
This story describes how they choosed death above all due to the pressure exerted by the unjust society, urging them to do things what they don't like to do, fulfilling their duty towards family unintentionally chained them up to the chain of eternal isolation and despair where they can't rest if they want to or they can't run if they long to.
Their statements/reason to end their life is something I can't digest as according to lead pairs they didn't end their life instead they choosed death a way to rest in peace,a way to be together while enacting their originality.
This story truly touched my heart though they could have done anything else but the difficulties and pain that they had been gone through,to take such a harsh step is something I can never imagine of.
Throughout the drama i screamed like don't end this drama please portrays how cleverly the writers have bewitched us into this timeless phenomenal love story, that's why i am thinking i wouldn't be able to forgot about this drama for a very long time."
28,사의찬미,"so beautiful but offensive for putting english words in a song for a PERIOD DRAMA.
the drama is fine, the music score not so much, it felt modern  at times and i couldn't really immerse myself when a pop sounding song was playing...."
29,사의찬미,I thought they were supposed to love each other 🤔
30,사의찬미,Really?? That's it??
31,사의찬미,SANA SINAKSAK NYO NA LANG AKO
32,사의찬미,"لا مين الى قلك ان ليا فوق الست ساعات مخلصاه ولسه بعيط
youtu.be/Mfb4aqQufPM
صوتها زي صوت البحر"
33,사의찬미,CRIED MY EYES OUT ONE OF MY FAVORITESS EVER
34,사의찬미,"Tonight, I will dance with you.
And then they jumped?!?! That's devastating........😔😔😔

But again, this is a real story"
35,사의찬미,simple yet touches on some important topics. i wuv lee jong suk 😔✋.
36,사의찬미,"I love, love, love Kim Kang Hyun's look in this.
Be prepared for sadness."
37,사의찬미,"therapist: are you okay?
me: i watched hymn of death"
38,사의찬미,i cried out my fucking soul with this masterpiece.
39,사의찬미,"still listening to the ost and crying every time, their story really are heartbreaking reminds of the song of fiersa besari - waktu yang salah"
40,사의찬미,bitch i cried like a baby
41,사의찬미,painful but i love it
42,사의찬미,Gotta rewatch this again and again just to have a reason to cry
43,사의찬미,its the time of the year
44,사의찬미,"I always love shin hye sun, she was like the only korean actress that i truly like. On the other hand, i kind of have love hate towards lee jong suk. But damn, their chemistry just top notch. I lived for crying lee jong suk, i lived for painful smile shin hye sun.
I really love how they gaze towards each other, so loving yet painful.
I don't wanna glorifying suicide or cheating, but maybe that was their only choice to be peacefully together.
Rip Yun Simduk & Kim Woojin"
45,사의찬미,"Ah whatever
I absolutely sucker for melodrama and shin hye sun"
46,사의찬미,要是两位演员的微表情还能更到位一点就更好了，演绎缺少张驰，略苍白，虽然这种角色演成这样不错了
47,사의찬미,jose rizal and leonor rivera if they slayed
48,사의찬미,that damn hat....
49,사의찬미,"so beautiful and painful at the same time. words aren't enough to express my grief. i should have been prepared for the ending already since they literally showed bits of it (the context was understood) at the beginning but i still cried my eyes out. they both deserved so much better, and it pains me how they thought the only option they have was to end their lives. and to think this was based on a real-life story,,,,, fucking painful. but this was such a masterpiece. i will forever remember this."
50,사의찬미,i get the fact they're trying to make this 3 episode series as poetic/melodramatic as it can be... i've never seen a writer happy in a series or in a movie... they're really sad huh ( this is my completion to Lee Jong Suk's filmography)
51,사의찬미,breaths were held. tears were shed. lives were taken.
52,사의찬미,literature+classical soprano+pressure to live up to Asian expectations=me (and also this film lol)
53,사의찬미,na última cena eu fiquei com os olhos marejados
54,사의찬미,I hate that it's only 3 episodes but even though I find it very short I think it's one of the best kdramas I've seen I really hope lee jong-suk and shin hye-sun work together again
55,사의찬미,"“Are you truly living?
No, I am yearning for death in order to truly live.”
and if i kms"
56,사의찬미,essa porr ta me fazendo chorar tem 15 minutos minha vida acabou nao tenho mais chao q desgrcaa triste cacete infenrk
57,사의찬미,shit broke my heart ;-; broke even more after finding out this was based off a true story and shit got me SOBBINGH
58,사의찬미,im glad that there was an ending preview in the beginning so i didn't feel sad in the end of film.
59,사의찬미,This world which is made of tears. Is it going to the end if I die?
60,사의찬미,"i really liked this drama, it was very interesting to watch."
61,사의찬미,"this series based on true story, made me more love this. they choose death to be happy like a disney story and stay together till death"
62,사의찬미,lindo & triste demais
63,사의찬미,"Such a great drama despite it having only three episodes. It was both a happy and tragic ending for me. I really love how a period piece, set in the time of the Japanese occupation in Joseon usually has themes revolving about fighting for independence. Although it was definitely a very sensitive topic to talk about, what I love about dramas set during his era is seeing that gradual modernization and the western influences in the characters' clothing, culture, architecture etc. It just screams perfection. I wish there were more dramas like this.
Talking about the story itself, the very first scene in the first episode was already a foreshadowing of what was about to happen to the two characters. It became even more blatant when they mentioned Takeo Arishima and his lover's death, to which watchers can easily relate to the eventual fate of the two lovers.
There were many quotable lines not just from the characters' conversations, but even with the writings. This is probably the reason why I love dramas where one character portrays a role of a writer, which is usually the male lead. It was beautiful, poetic, and it pierces straight through your soul. This drama is an emotional fest.
Thank you Kim U-Jin and Yun Shim-deok for sharing your story. It's very unfortunate to see your love story grow during a time of war, where you have no other choice but death, in order to love and live truly.
Ending this review with my favorite line/quote from the drama:
“Are you truly living?
No, I am yearning for death in order to truly live.”
— The Theory of Death and Life, May 4th 1926 by Kim Woo-jin"
64,사의찬미,best show ive ever watched hands down
65,사의찬미,Jongsuk be looking SO FINE AND HOT and its not good for me
66,사의찬미,"""The life running in vast wild field
Where are you heading?
In the lonely world, rough confession
What are you looking for?
This world which is made of tears
Is it going to the end if I die?
The lives seeking for happiness
It is the emptiness that you are seeking
Those smiling flowers and crying birds
Their lives are all the same
The poor life indulged in living
You are the one dancing on the blade of a knife
The dancing life engrossed in vanity
do you know you are deceived
Everything in the world is futile to you
nothing exists after you die""
My favorite kdrama. What a masterpiece."
67,사의찬미,"underrated short series:(
i think this is base on true story. 
historical, romantic, drama.
aghhhhhh the love they had,
the life they had, it was just all unfair.
they didn’t deserve what life they were living."
68,사의찬미,Watching this show was an amazing experience I loved it sm… 10000% recommend. It’s just so beautiful and sad.
69,사의찬미,"Not understood completely
But good"
70,사의찬미,"Passionately, I listened to the courses put on my fate. She was the only safe heaven in my life besieged by the devil."
71,사의찬미,jong suk my beloved was a lil too stiff in this one but ngl thats the writers fault i still shed TEARS watching that final scene
72,사의찬미,"Pensar que está basado en una historia real me pone triste. 
Pensé que iba a llorar o sentirme devastada al terminarlo pero no fue así, sólo me siento algo triste. 
Buenas actuaciones y buen elenco, muy bonita fotografía y vestuarios también."
73,사의찬미,SO GOOD THE ACTING>>> i think this one might be a bit confusing if you don't know the history and context tho...really well done and I like the plots speed.
74,사의찬미,"Eu sou obsecada por essa história, já assisti mais de 4 vezes por que é simplesmente perfeito!!"
75,사의찬미,just killed me off
76,사의찬미,beautiful and pathetic
77,사의찬미,"Gambaran dari ""cape idup, mo mati aja"
78,사의찬미,top 10 séries que fazem você chorar toda a água do seu corpo.
79,사의찬미,"“Are you truly living?”
“No, I'm yearning for death in order to truly live.”
Beautifully tragic. I shouldn't have cried at this hour but the tears keep on coming :(
Also, I suppose it's true that Lee Jongsuk will always shine on every single one of his performances. And Shin Hyesun also delivers a beautiful portrayal of Yun Simbok. Three episodes are not enough for this"
80,사의찬미,SEMPRE CHORO
81,사의찬미,it felt a bit all over the place but its still really heartbreaking
82,사의찬미,"Espectacular, increíble, fantástica. Todo en esta serie es arte; las actuaciones, el guión, la fotografía, es tan poético el ambiente y amo. Lee Jong Suk se lució, tremendo actor que es 💙"
83,사의찬미,This drama was based on the true tragic love story. It was very emotional. But the events happened very quickly. I didn't have time to get familiar with the characters.
84,사의찬미,"já sabia que o final ia ser triste (até pq ta na sinopse ne) mas a frase que apareceu na ultima cena...... DAMN THAT HIT HARD.....
hymn of death vc ainda paga a minha terapia viu"
85,사의찬미,"aborda sobre assuntos que te deixam presos ao kdrama, principalmente a história, que envolvia japão e coreia do sul, eu realmente amo esse kdrama de verdade, e uma das partes que eu adoro de paixão é o final, a onde você fica com vários questionamentos e várias teorias!."
86,사의찬미,"casal santo, eles mereciam felicidade"
87,사의찬미,"Una dramática miniserie basada en la vida de la primera soprano coreana y su amante, un escritor teatral, en la época en la que Corea estaba bajo ocupación japonesa. Trágica y profunda, la historia viene retratada con precioso acierto."
88,사의찬미,"lee jongsuk ta atuando bem nesse aq
ai triste né adoro romance trágico e é bem isso"
89,사의찬미,no chemistry just depression
90,사의찬미,3.25/5
91,사의찬미,tenho q me lembrar de nunca ver coisa que envolva casal e navio misericordia
92,사의찬미,sedih.
93,사의찬미,"im in love with this movie, bestest pls"
94,사의찬미,"Gatau kenapa suka banget ceritanya. Berulangkali nonton episode 2-nya keren!
Based on true story lagi:')"
95,사의찬미,la dirección de arte WTFFF T.T
96,사의찬미,LEE JONG SUK 💔💔💔
97,사의찬미,aku merindukan kematian saat aku ingin hidup dengan benar]]]
98,사의찬미,"هل أنت عل قيد الحياة حقا؟
لا.. إني أتوق إلى الموت لأحيا
youtu.be/Mfb4aqQufPM"
