,title,reviews
0,하늘에서내리는일억개의별,"""i'll keep a tight grip on your heart"" WELL WHAT ABOUT MY HEART AFTER THAT ENDING"
1,하늘에서내리는일억개의별,they put romeo and juliet to shame
2,하늘에서내리는일억개의별,"Never in my life have I seen such chemistry between the leads. It's electric and passionate yet warm and soft. Every moment between them flows so naturally, so beautifully. This chemistry is driving me mad, if I start talking about it I know I won't stop.
Well done thriller/slow burn drama. It's almost perfect. Broken people, their broken hearts and their broken lives. What better drama to cry to in this time."
3,하늘에서내리는일억개의별,absolute tragedy i’ll never recover from this
4,하늘에서내리는일억개의별,Poignant & poetic. Slowburn melodrama mempertemukan anak-anak korban tragedi yg hrs berhadapan dgn masa lalu penuh manipulasi. Kim Moo-Young jd salah satu karakter paling kuat & memorable yg mengemban takdir tragis smpai titik terakhir.
5,하늘에서내리는일억개의별,the drama the angst of my life. can’t say anything else. rewatching tshlye is my yearly agenda
6,하늘에서내리는일억개의별,I don’t recommend finishing this drama in public settings...
7,하늘에서내리는일억개의별,"i love seo in-guk
i really liked this show at the start but the “plot twists” were annoying. this show is a prime example of how communication can solve all your problems but people choose not to say anything."
8,하늘에서내리는일억개의별,when almost dropped it because I thought they were siblings
9,하늘에서내리는일억개의별,Why do I love dramas with friggin tragic ending!? Why why why
10,하늘에서내리는일억개의별,their chemistry cannot be topped everyday i fight the urge to rewatch this
11,하늘에서내리는일억개의별,it got boring
12,하늘에서내리는일억개의별,mooyoung apologist
13,하늘에서내리는일억개의별,SO FREAKING SAD WHO SAID SOMETHING COULD BE THIS SAD IM SO ENRAGED i recommend
14,하늘에서내리는일억개의별,Oof. It didn’t have to go down that way.
15,하늘에서내리는일억개의별,good cry and just tak so jung being the cutest police officer ever
16,하늘에서내리는일억개의별,Depressing as fuck but the chemistry is hottttt. Seo In Guk's eyes still haunt me.
17,하늘에서내리는일억개의별,".. literally what happened
how was it both boring and captivating.

their chemistry was so insane i couldnt stop rooting for them even though they both needed therapy.
they assembled such an insane cast so im a bit sad it kinda fell through..
also it was truly difficult not to be a mooyoung apologizer when hes both sexy and an orphan :/"
18,하늘에서내리는일억개의별,after that ending i am absolutely shattered and devastated.
19,하늘에서내리는일억개의별,"This drama really had me on an emotional rollercoaster. The ending? The death of me.
I still need to watch the original Japanese  version of it. Do get even more destroyed.
Gave it a 4 instead of a five because I felt like they were dragging it for too long, and for the sake of idk whom, they changed the ending sooooo hmmm"
20,하늘에서내리는일억개의별,"dorama completo amo muito, tem plot twist tem chororô e um final que ninguém espera"
21,하늘에서내리는일억개의별,GUTTED. ABSOLUTELY GUTTED. the chemistry… the twists… i will never recover
22,하늘에서내리는일억개의별,cho rong the best character i felt so bad for him
23,하늘에서내리는일억개의별,the ending just speechless
24,하늘에서내리는일억개의별,"all along was so good, could've been better with the ending."
25,하늘에서내리는일억개의별,UGH 😭
26,하늘에서내리는일억개의별,"As the great Julia Roberts once said I'm also just a girl standing in front of Seo In-guk asking him to love her.
Phenomenal acting by the three protagonists."
27,하늘에서내리는일억개의별,mildly disturbing but i like it.
28,하늘에서내리는일억개의별,"weird protagonist, just listen to your dad damn you"
29,하늘에서내리는일억개의별,"The buildup was slow and i didn’t like Mooyoung at all and by the end i still didn’t like him but less ?? Also i didn’t like how Jin Kang ignored a few red flags (when he still looked a little suspicious at the beginning of the show) and later got so clingy towards him. 
I was getting annoyed but i continued watching cause i wanted to know what all the fuss was about, as they said it was “so tragic and sad”. Not as much as i expected though. Didn’t even bawl my eyes out idk."
30,하늘에서내리는일억개의별,no other drama will give me what they gave me and i have to live with that
31,하늘에서내리는일억개의별,1. it would’ve gotten 5 stars but i absolutely despise sad endings 2. THE FREAKING PLOT TWIST WAS HEARTBREAKING?:?: 3. the chemistry between the two leads was absolutely beautiful and finally 4. SEO IN GUK IS MY EVERYTHING <3
32,하늘에서내리는일억개의별,"I don't want to like this drama 😭 but it has really stuck with over the years
Impactful, exciting, dreadful, and kept me guessing the whole time"
33,하늘에서내리는일억개의별,had me sooo depressed but one of the best kdramas ever.
34,하늘에서내리는일억개의별,"quem ta reclamando de final triste ta querendo um montao de pica e nao ta sabendo pedir
decidiram assistir um melodrama por que"
35,하늘에서내리는일억개의별,the writers were wrong for the ending though seo in guk is phenomenal in this
36,하늘에서내리는일억개의별,"The fact that i don’t remember anything from the first time is astounding. Anyways, nostalgia is killing me now. 

Wait wtf?!!! Why kill them? Why the unnecessary drama? Jesus"
37,하늘에서내리는일억개의별,Loved it—until the ending. *Hated* the ending.
38,하늘에서내리는일억개의별,"I really enjoyed watching this, the ending was unexpected (super emotional). The plot and twists had me on the edge of my seat, the relationships between the characters was so heartwarming🥺. Definitely a favorite❤️
TW: Spoiler//
I'll address the ending first bc that really hurt me lmao 😹💔. Like it was so unexpected, I prepared myself for all the possible endings I could think of but the one I got was nowhere near what I'd planned for😭I didn't expect a Romeo and Juliet ending :(
Moo Young and Jin Kang as a couple is just ✨everything✨. I love how they embraced their feelings for each other. Their bond was rooted in childhood and grew through similar experiences, they helped each other grow, couldn't help but 🥰 them! 
Overall, the ost is really unforgettable👌 and the production is okay✨. Really sad I'm only watching this now, but I'm glad I did bc it's truly a Must-see!! 🌼"
39,하늘에서내리는일억개의별,"le he puesto 5 estrellas porque sale uno de los mejores actores de kdramas de corea aka seo in guk (estoy enamorada de ese pavo vale?) y porque es la de las mejores series coreanas que he visto hasta que llega el capítulo 14, a partir de ahí todo es un desastre que ni olvido ni perdono"
40,하늘에서내리는일억개의별,if I had a nickel for every time a show made me consider rooting for the two leads despite maybe being siblings I’d only have two nickels but still isn’t that fucked up
41,하늘에서내리는일억개의별,"i didn't watch the original but i saw spoilers about it, which may have tampered my viewing experience. anyway, this was a pretty good and solid show with great acting (mostly). i just wish i wasn't spoiled so i could have enjoyed this more 😩"
42,하늘에서내리는일억개의별,"1000000/10 made me cry the heck out. The chemistry between the twoooooo is aaaccckkkkk,,, love that Seo In-Guk is here and he has this bad boy character. The plot of this is unexplainably amazing. 
++ ENDING IS FREAKING UNEXPECTED LIKEEE WHYYYYY
~ 16 episodes "
43,하늘에서내리는일억개의별,potaena nyo baket ganun ending d ko p rin tanggap </3
44,하늘에서내리는일억개의별,"Uyarlama bir dizi. Sonunun değiştirilmesi bana göre iyi olmuş. Müziklere, oyunculuklara ve dizide kullanılan ışıklara bayıldım. İyi bir insan olmayı öğrenmeye sizi sevk eden aşkın öyküsü :)"
45,하늘에서내리는일억개의별,nothing can hurt me after this.
46,하늘에서내리는일억개의별,bro .. what the fuck was that ending 😭😭😭
47,하늘에서내리는일억개의별,"If you die, I'll die too. I can't go anywhere without you.
Adaptasi dari drama Jepang The Smile Has Left Your Eyes memiliki ending tragis, bercerita tentang kisah antara dua orang muda-mudi dengan keterikatan masa lalu.
Meskipun para cast tampil oke, alurnya tidak terlalu enak diikuti (lamban).
Karakter Kim Moo-Young menyebalkan sekaligus mengundang simpati."
48,하늘에서내리는일억개의별,"u think u can HURT ME? ive gone through a Real roller coaster ride with this one here. No, u cannot hurt me u just CANNOT"
49,하늘에서내리는일억개의별,peguei depressão em 16 episódios
50,하늘에서내리는일억개의별,"I hear the original Japanese version is even more angsty. I haven't worked up to that yet.
I'm still dealing emotionally with this version."
51,하늘에서내리는일억개의별,so….🫂
52,하늘에서내리는일억개의별,the ending got me depressed.
53,하늘에서내리는일억개의별,"korean 🇰🇷
this started off good but then I just lost interest halfway through at how boring it was and never got it back"
54,하늘에서내리는일억개의별,I still crying when I think of this drama 🥺
