,title,reviews
0,손theguest,lesbian and her two gay best friends chase after spirit
1,손theguest,"korean 🇰🇷
gave me nightmares and i was scared of drinking water for a while lol but KIM JAE WOOK THE HOT DILF THAT YOU ARE"
2,손theguest,PARK IL DOOOOOOOOOOOOOOOO!!!
3,손theguest,Two not-so-gay male leads are on the hunt for a tsundere spirit and bear the burden of their useless female friend
4,손theguest,these bitches gay good for them
5,손theguest,the way the main three avoid questions about heterosexual marriage like they’re dodging bullets in the matrix
6,손theguest,the power of love and friendship > centuries old homicidal ghost
7,손theguest,"Kdrama
16 episodes - 1 hour/episode
Horror/mystery
GOOD WATCH👌
⭐️3.75/5"
8,손theguest,"this series is so CRIMINALLY underrated i can't believe it. it's such a masterpiece -- horror, mystery, thriller, action, and gay pining all in one ! this series has it all."
9,손theguest,these bitches are GAYYYYYY
10,손theguest,"one of the greatest kdrama fs, no kidding.

Whenever my days are filled with dullness and bleaker sluggishness , both my head and muscles get tired, my thirst quells for kdrama , in fact they are enchanting devices that cause escapism and ecstasy at the same time, even though I may have got some shit ( most of them are pathetic ngl ) in this sequence but I enjoyed watching them more often. ( The sapidity and share of cinema is more than the escapism in my life.) The Guest is genuinely magnificent that caught me off the guard. The Guest truly delineates upon something inevitably classic within its universal horror theme of primitives and the unknown through suspense and dread. But Despite taking orthodox themes in focal, The Guest is a very modern drama, with a contemporean feel and modern filming, looking back on old fears and traditions in its scenario and the thing stands out is that it's characterization. Talking specifically on theme of horror , The Guest refreshingly didn't rely upon cheap jump scares to generate the genuine bloodcurdling moments when demons transcended beyond the realms of nightmares to reality. Although not flawless from several moments of lacklustre acting and undeniably slow pacing in earlier episodes, But The Guess was so much tantalising experience that I didn't have to put in any effort to scratch the memories of it in my mind."
11,손theguest,priest kim jaewook. that's all i have to say.
12,손theguest,eu queria tanto pegar una carona núm taxi pra ser presa e depois exorcizada ! chega a ser pecado colocarem um homem desse como padre viu? inventaram a poligamia esses 3
13,손theguest,These bitches gay as hell and we love that for them.
14,손theguest,Three gay people yell “PARK IL DOOOOO” for 16 hours everyone should watch this
15,손theguest,"If Kim Jae-wook is the priest,
I'd love to be possessed."
16,손theguest,"It has been such a good drama.
I'm gonna miss those three guys."
17,손theguest,The Guest was exactly my kind of horror thriller series. I keep thinking about that reference to Father Choi from this series in Hotel Del Luna - that could have been a heck of a crossover!
18,손theguest,the priest is so hot plz and I couldn’t watch this at night scared the hell out of me😭
19,손theguest,"Maybe the REAL spirit is the friends we made along the way!
I am scaredy cat #1 and normally stay as far away from horror as I can, but for Kim Jaewook I can brave a few demon screams and stabbed eyes. The scares are indeed scary, the twists the plot takes are unexpected, and the main trio is a delight. And it's so fun to see Kim Jaewook and Kim Dongwook together again doing the exact opposite as their Coffee Prince selves!"
20,손theguest,"park il-do: 0
the power of love and friendship: 1"
21,손theguest,this drama is abt the gays and my little gay protector being obsessed with PARK IL DOOOO
22,손theguest,OMG A BETTER HORROR STORY THAN THOSE HOLLYWOOD STUFF.
23,손theguest,I think this one was made for me.
24,손theguest,When you watched The Guest for the plot but ended up falling in love with the hot priest. Not to mention that Kim Jae-wook is actually an atheist… what a remarkable performance.
25,손theguest,best horor kdrama so far
26,손theguest,one of the best dramas i have ever seen!
27,손theguest,"Emotional damage. I fucking loved every second of this omg, gays chasing spirits? What more do u want. This was so thrilling from start to end i loved it sm. Also again, GAYSSSSSSSSSSS"
28,손theguest,hot priest so #real
29,손theguest,twos gays and their girlboss lesbian friend omg the slayage
30,손theguest,"não me aguentei de saudade desses três gays e vi tudo dnv, mesmo assim o final continua sendo ruim"
31,손theguest,my favorites hobbies include: watching the guest every two other months and crying whilst making coffee because i love yoon hwapyung so much
32,손theguest,"On the beginning of the episode, I felt that one of the main character (Yoon Hwa-pyung) didn't play right. Because lack of intimacy of their chemistry. But sooner, i understand if that was exactly the right condition of their relationship.
Hwa pyung is a really weird man that suddenly came up and it makes gil-young felt annoyed by his existence.
But when I saw the next episode, boom. Choi Yoon a.k.a Matthew or Mateo??? Their chemistry went 🙏🏻🥺💃💥👺🥰💯💋📈📈📈
But holy moly shiettttt, they're gay. THESE 2 MEN R GAYSSSS. no doubt. Lmao.
I love gays"
33,손theguest,"I am a baindha kozhi but this was so good I still watched it(though only during the day)
Mateo awakened something very problematic in me."
34,손theguest,"Really liked this show! It was slow at times and I had to skip some parts (because I needed to hurry and finish so I can work on Sunday night lol) but it was still very good! Super gruesome when the possessed literally stab their own eyes out and shot but I guess that’s how we’re going to roll now. Some many twists and turns I couldn’t even tell halfway through who was Park Il-Do. I was convinced it was Father Yang, then Hwa Pyung. Ending was super great! It was sad and I literally cried but final ending was good."
35,손theguest,"Ótimas cenas de suspense e terror, personagens interessantes, atuação mt boa, pena q o final é ruim"
36,손theguest,Gave me anxiety
37,손theguest,"Wait, what the fuck happened to the mummified corpse of Park il do??? Because I didn't catch what the fuck they did with it when I was watching the last episode.
The scene at the sea really was *chef's kiss* also THE ACTORS WHO PLAYED THE POSSESSED PEOPLE!!! *chef's kiss intensifies*
For me, the best part of the entire series is the dynamic between the three leads. There's NO stupid love triangle and each person really had a role that makes the team work."
38,손theguest,"maybe it's because i had 0 expectations going into this but this shit blew me out of the water with how GOOD it was, like wow so dramatic and emotional and well-acted and honestly creepy. the ghosts and special effects were so good and it was shot so well, i loved our main crew and pretty much everything about this
justice for yuk-gwang who is the most wholesome character ever and fuck y'all for making choi yoon the hottest priest of all time"
39,손theguest,park il do anjikkkk selama 16 eps penasaran siapa park il do
40,손theguest,MUITO BOMMMMMMMMMM
41,손theguest,priests are Not that attractive irl like i can hope and dream but they don’t look like kim jae wook
42,손theguest,hwa-pyung and choi yoon should just kiss already 🙄🙄🙄
43,손theguest,"korean drama always make a hot priest and for what? try to make a hot ustadz instead please, im trying to be religious"
44,손theguest,"三位主角真是命运般的开端
3.5但是我喜欢这种题材"
45,손theguest,Nobody can resist the found family arc
46,손theguest,"muito boiolas
vou sentir saudades <3
jae-wook de padre 😳😳😳"
47,손theguest,Highly recommend. I love this show so much. It's scary and the actors are great.
48,손theguest,"I was looking for a horror movie when I stumbled upon this on my list on Netflix. This is the first horror series I've ever watched and yes it was nice. The plot is good, I'll give that to them. I got to at least finish it so it's not a bad series. I'll definitely not start and finish the first episode if it's not good. Kim Dong Wook looks like G-Dragon's older brother for some reason and I can't unsee it."
49,손theguest,"It was very good, very entertaining and well shot and I was very attached to the characters. Matthew was extremely sus, good for him. And Kil-Young was a huge girlboss, good for her. 
Anyways I recommend a lot very nice"
50,손theguest,ot3
51,손theguest,"omg this drama… /pos
the amount of twists and turns {?~^|> they were so well placed and just OMGG
i love the trio :-( they deserve so much happiness please
THE FUCKING ENDING THO?!3):#+€} i was crying SO much in the last ep but then THE FINAL MINUTES!!!!! YUHHHH 
if being possessed means choi yoon will straddle me and yell an exorcism at me…. COUNT ME IN SHDKHD
anyways,,, this was a RLLY well made show and it was soooo so good :-)"
52,손theguest,i hope everything that ends is as beautiful as The Guest was
53,손theguest,can you believe people have the audacity to say kim jae wook can't act????
54,손theguest,한드 역사상 가장 불쌍한 남주 화평쓰
55,손theguest,This is my favorite show of all time no lie. I don’t know how they did it but they made this show specifically with me in mind
56,손theguest,"'The Guest' entra directamente en mi podio de kdramas favoritos. Aguanta el paso de los episodios como un titán manteniendo el nivel en todos ellos gracias a distintas posesiones y situaciones. Todo ello envuelto en un constante halo de misterio respecto a la trama y de suspense en cuanto al tratamiento que te mantiene en velo durante todo su metraje. La evolución de los personajes es muy buena pasando del rechazo a la amistad forjada por combatir lo inexplicable y conectando sus distintos destinos de forma muy correcta. Otra virtud a destacar es lo imprevisible que resulta en más de un momento, tanto por el juego psicológico en esta especie de escondite constante, como por las decisiones de guion que se alejan de lugares comunes para abrazar lo nefasto cuando corresponde. En definitiva, un drama magnífico que hay que reivindicar para los amantes del terror y del suspense porque no se conoce tanto como debería."
57,손theguest,Can't believe park il do is the one who's been raising the male lead all along...
58,손theguest,3 orang yg dipertemukan oleh setan
59,손theguest,assistindo the guest e me sentindo a fleabag?! a história me prendeu bastante e as atuações tão perfeitas também (a cena do mar no último episódio acabou com meu emocional).
60,손theguest,"‘The Guest’ es un gran K-Drama de suspense sobrenatural y terror, con un guión bien pensado y con un ritmo bastante bueno. Sí que hay un par de episodios que se me hicieron algo cuesta arriba, pero después sólo tienes ganas de ver cómo acaba, y descubrir quién es Park Il-do. Los actores están geniales, y a medida que avanza la serie, y sus personajes evolucionan, les coges un gran aprecio.
Si os gustan los thrillers de terror sobrenatural como ‘El Extraño’, ‘The Priests’, ‘El exorcista III’ y ‘Fallen’, o si habéis disfrutado de las series coreanas ‘Possessed’ y ‘The Cursed’, fijo que os gustará.
Aquí os dejo la crítica completa
lascronicasdedeckard.com/critica-serie-the-guest-un-thriller-de-terror-sobrenatural/"
61,손theguest,"Short Take - Yet another K-Drama which I recommend wholeheartedly. Terrific cast & enough scary moments, the show delivers big time."
62,손theguest,"hwapyung, choi yoon, kilyoung & i are actually a quad"
63,손theguest,"I like the characters and I did not expect the story would take such an interesting plot. I also did not expect Park II Do, such a nice horror and exorcism  movie…."
