,title,reviews
0,방법,"มีวัตถุดิบที่น่าสนใจแต่ปรุงรสไม่ดีเท่าไหร่ 
พึ่งรู้ตอนดูจบว่าน้องนางเอกคือคนเดียวกับลูกสาวใน parasite เปลี่ยนลุกจนเราจำไม่ได้เลย😂"
1,방법,"I absolutely loved this. Checked a lot of boxes, Shamanism, police procedural, inugami, corporate corruption and a gung ho reporter.
Also shows all the evil came from Japanese Imperialism lol
Downside is that it would flash back to things you saw 2 minutes ago. Yes thank you I’m not a goldfish, either shoot more or shorten the episode.  All in all a delight"
2,방법,เมื่อตัวนำและตัวร้ายมีพลังใกล้เคียงกัน มันก้เลยสนุก ซึ่งแตกต่างจากหนังฮอลลีวุ้ดหลายเรื่องที่ตัวนำมันเก่งเกินไปจนยังไงก้ชนะแน่นอน
3,방법,After 12 episodes the ending was a cliff hanger I do hope that they proceed with Season 2.
4,방법,"I watched this, because Yeon Sang-ho wrote all 12 hour long episodes. How ironic that the writing is the absolute worst part about this."
5,방법,Just two unnies vibing
