,title,reviews
0,우수무당가두심,quite good. 20 mins on each episodes with simple and light plot. it’s kinda funny and sweet at the same time when woo soo asked doo shim if he could kiss her lmao i think he’s so polite and cuteeee <3
1,우수무당가두심,"Quite enjoyed the supernatural stuff. Wish it was explored more but given the limited time and episodes, still good. Kim saeron and nam dae rum should rejnite to a more meaty drama.."
2,우수무당가두심,Could’ve easily been shortened into a movie but other than that it was okay. The romance was impeccable though.
3,우수무당가두심,"Do-shim and Woo-soo moments > possessions and evil spirit
(The leads has a really cute chemistry.♡)


P.S. Kids/Students - must protecc.
Everyone has a place in this world, growth happens not just in school. Damn that fxckng principal."
4,우수무당가두심,"Agak ngebosenin sii, dan ada beberapa scenes yang kurang masuk akall tapii gara2 yg meraninnya good looking jadii terbantuu wkwkwk trs durasinya jga ga lama2 jadii yang bikin ngeboseninnya berkurang, durasi sama episodenya menurutku pas sii. Pemeran cowonya gamtenkk bgt agsjishwkzlfkl"
5,우수무당가두심,"It wasn't bad it wasn't good
And certainly not my favorite
It's just a light kdrama
12 episodes and each one is about 20min
I was a bit decieved cause I expected it to be very good. The actors are great tho and very cute."
6,우수무당가두심,just the premise of this being about a haunted school and kids who can see ghosts is like... enough for me to give it three stars
7,우수무당가두심,Kurang nendang gt ceritanya padahal dah nunggu bnget duet saeron sama dareum
8,우수무당가두심,It shorts but I get touched
