,title,reviews
0,한사람만,"at the end of each episode i could feel myself on the verge of tears cause of how heartbreaking things were💔 heartfelt performances from everyone, like i really loved everyone’s chemistry with one another."
1,한사람만,"I am very upset that this has ended! To me this show deserved a hell of a lot attention because it deals with the stage that nobody wants to talk about that is the last stage death. This kdrama had great directing from Oh Hyun-Jong and great acting from the four main leads Ahn Eun-Jin, Kim Kyung-Nam, Kang Ye-Won and Kpop idol Red Velvet Joy. These four were the standouts of the show and truly amazing to watch to see them every week when it aired. The supporting cast was great as well like Do Sang-Woo, Lee Bong-Ryun, Jang In-Sub, Lee Soo-Mi, Yoon Bo-Ra, So Hee-Jung, Kim Soo Hyung, Lee Hang-Na, Joo In-Young, Sung Byoung-Sook, Ko Du-Shim, Jang Hyun-Sung, Seo Yeon-Woo, Cha Hee, and Ahn Chang-Hwan. The kdrama is really slow at the beginning but it is worth in the end! I’m not lying I balled my eyes out after finishing it."
2,한사람만,Okay but like. that scene where they're walking down a noisy street and he slowly gets in front of her to walk slowly backwards because HE KNOWS THAT WHEN SHE CANT HEAR WELL SHE LOOKS AT PEOPLES EYES AND HE JUST WANTS HER TO LOOK AT HIM FOR ONCE OMG WHERE DID THAT TENSION COME FROM
3,한사람만,"what an absolute cryfest this was. and super underrated too!


some jumbled thoughts while i was watching the finale (some spoilers ahead):
- we spent so much time with jipyo's awful acts and it felt like it all got wrapped up way too easily
- i'm sad we didn't get to see more of the trio in the finale! wish their friendship was developed better too
- where did the sexy detective go?? we never saw him again ever since he was fired/suspended????
- sister veronica and her detective were cute and i thought they were a fun little distraction from all the drama... happy to see they got a happy ending!
- the entire finale i just felt SO bad mido... honestly wished she got the better end of the stick
- the lack of seyeon in the finale was a crime
- insook and woocheon deserve the world!!"
4,한사람만,can’t believe this wasn’t popular… way better than most dramas that have come out recently. had me sobbing till the end <3
5,한사람만,"""Under what circumstances do you fall in love at first sight?
Why are you asking a kid about that? The feeling just comes.
What feeling?
Well...like you need to pee""
Lmaoooo but fr this started so strong i love it im only on ep 5 but we will see where this goes its def underrated tho"
6,한사람만,"shows about girls with brain tumors >>>>>
this show was very repetitive but i still liked it. woo cheon is the sweetest. 
i need to stop watching such sad shows though."
7,한사람만,Sad but thankfully it didn’t make me cry. Choked on my whimpers tho
8,한사람만,"Joy's big improvement in acting still amazes me. She did a good job, kaproud lang! A drama about living and death with a spice of mystery, up until the end it's beautiful."
9,한사람만,"perfeito nao é, mas é muito bom pra quem gosta de um bom e triste melodrama. pena q foi muito underrated não mereceu ser um fracasso em audiencia!!"
10,한사람만,Cute… I liked it got me crying too
11,한사람만,so underrated when it shouldn't be </3 insook and woocheon top tier romance and the girls of the green ray room were everything
12,한사람만,"i love the characters and how they felt like real family, the scenery and cinematography felt so heartwarming"
13,한사람만,"ending was rushed but i loved the characters and how it felt heartwarming, the scenery was also incredible. the gay rep was also everything to me"
14,한사람만,"ilginç bir şekilde huzurlu ve uyuşturan bir dizi,
izlerken koltuğa geçtim ve duygularda boğuldum,
beğendim,"
15,한사람만,"e aqui a joy provou que é maior que a montenegro, viola davis, meryl streep e olivia colman juntas!"
16,한사람만,Joy was soo good here
17,한사람만,Mido D::
18,한사람만,"one thing is for sure: i've never cried watching a drama. i've watched age of youth (the first season, at least. the second is trash), true beauty, how to buy a friend, the liar and his lover (also starring joy) and i can't remember not even one of them making me cry as much as the one and only. true beauty probably have, but not as much.
really, the cast ATE, they carried this show until the very end, and they didn't even flinch! joy has grown so much since her days as sorim on the liar and his lover. from becoming a meme on the internet because of that one scene where she's crying while walking home, she's way more natural than she was when she was just starting out. she may not be the best out there, but she's getting there.
i don't know kang yewon and ahn eunjin very well, but their characters were really fleshed out. maybe insook is not as three-dimensional as her fellow terminally-ill comrades, but she's interesting of sorts, although a lot annoying most of the time. yewon's sexuality is not properly addressed in the story, but we know some of her decisions in life may have come from a place of desperation.
the plot has its twists and turns and also holes. early on the story, it's said the criminals have a spy in the police, we know who this spy is, or at least it's kind of addressed, but the story doesn't stretch as much. the spy keeps his work and the writers doesn't offer us any sort of punishment to him or even redemption. this is only one of the many plot holes. but regardless, it's still a good drama to watch"
