,title,reviews
0,부부의세계,why do rich ppl have so many problems
1,부부의세계,You can be stupid but don’t be Lee Tae-Oh stupid
2,부부의세계,han so hee OUTSOLD
3,부부의세계,#yeodakyungapologist
4,부부의세계,PEOPLE STILL DONT UNDERSTAND HOW MASTERFUL THIS DRAMA
5,부부의세계,i believe in han sohee supremacy
6,부부의세계,banish all men
7,부부의세계,"Dasar Lee Tae Oh laki-laki brengsek!
Lee Tae Oh gila, udah selingkuh miskin pula!
Dae Kyung perempuan ular!
Dasar pelakor!
Cemangat Dr. Ji Sun Woo.
Udah! Udah! Cerai aja.
EMAK GUA."
8,부부의세계,"Kisah Ibu-Istri yang tegar banget menghadapi perselingkuhan suaminya (baca: lelaki kardus) dengan seorang perempuan muda yang cantik, lengkap dengan problem dalam parenting, mencoba cinta baru, another perselingkuhan, pengkhianatan teman juga upaya penggulingan jabatan di tempat kerja.
Was really enjoyed episode by episode back there at the moment."
9,부부의세계,This shit is way too toxic for me.
10,부부의세계,"I requested this. And I'm thrilled.
This series - oh my Lorde. This is an emotional rollercoaster of betrayal, revenge, ecstasy, lust and love. How a family falls apart like a china vase. 
Dr. Ji Sun-Woo is a loving woman who juggles family and her job like a pro. Her husband Tae-Oh is a filmmaker, who makes the biggest mistake of his life. And Sun-Woo will make sure he pays the price of his mistake by his blood and tears.
Kim Hee-Ae gives a masterful performance throughout the whole series. And this show has the longest episodes. Her aura of motherhood yet a hint of terror ripples during the runtime. Whenever she's on screen, she will deliver.
This K-Drama is at the highest level in terms of storytelling, thrill, melodramatic themes and twists, along with crisp cinematography and direct dialogues accompanied with A-Class acting. 
If you have not yet seen it, bless your eyes and ears and your mind soon by seeing this gem."
11,부부의세계,"so good, literally had me screaming “OHHH SHITTTTT” every single episode."
12,부부의세계,lee taeoh still haunts me in my dreams sometimes
13,부부의세계,"ㅤThe World of the Married explora com maestria o significado de confiança, casamento e família. Fez com que eu me aventurasse nos meus próprios sentimentos, desde a felicidade plena até uma raiva excruciante. A pequena e rica cidade de Gosan, interior da Coréia do Sul, é palco de uma quase ""novela das nove"". Ji Sun Woo (Kim Hee Ae) é uma das moradoras ilustres do local, uma médica respeitada, administradora e rosto do hospital Family Love. Casada com Lee Tae Oh (Park Hae Joon), um produtor de cinema, juntos eles tiveram um filho, agora com 14 anos, Lee Joon Young (Jeon Jin Seo). A primeira vista uma família perfeita e cheia de amor, que logo no primeiro episódio desmorona e revela sua estrutura frágil. O casal acaba se mostrando mais distante do que parecia de início. Sun Woo era a responsável por manter a casa financeiramente, enquanto Tae Oh tentava fazer sua produtora de filmes acontecer, tudo com o patrocínio da esposa. As coisas ficam meio suspeitas para Tae Ho quando uma união de vários fatores — como histórias mal contadas e um fio de cabelo desconhecido — fazem com que Sun Woo suspeite da fidelidade do marido. A doutora acaba por se colocar em situações angustiantes para tentar comprovar essas suspeitas, até que encontra as evidências concretas da traição.
ㅤ""Confiança é como um copo de vidro.""
ㅤKim Hee Ae já é uma atriz veterana no mundo dos doramas, e conseguiu dar vida a Sun Woo de uma maneira única. Juntando a atuação com a direção detalhista e de qualidade, acabamos sentindo, sofrendo e até mesmo chorando com a personagem. Minha crítica negativa fica ao ator principal, Park Hae Joon. Talvez eu possa estar errada e tudo fazia parte da construção do personagem, mas senti certa falta emoção vinda da parte de Tae Oh. Foram poucos os momentos que ele parecia estar realmente vivendo aquela cenas. Outra personagem de destaque e de suma importância para a história é Yeo Da Kyung (Han So Hee). Ela é a amante de Tae Oh, além de ser uma moça jovem e abastada que simplesmente quer amor e carinho em sua vida. Filha do empresário Yeo Byeong Kyu (Lee Kyoung Young) e Uhm Hyo Jung (Kim Sun Kyung). Uma família poderosa e dita como ""dona da cidade"", o que torna Da Kyung inconsequente, não se preocupando muito com a vida, por sempre estar protegida pelo poder de seu pai.
ㅤThe World of the Married aborda questões sobre o casamento e como essa instituição social pode ser complexa. Porém o dorama vai além apresentando temas como traição, desconfiança, agressão e divórcio; tudo isso intrínsico entre casais. E um tema que achei especialmente pesado mas necessário, o gaslighting. Esse termo em inglês pode ser definido como uma forma de manipulação psicológica onde uma pessoa ou grupo constantemente pressiona um indivíduo, fazendo com que este questione seus atos ou afirmações. É possível ver principalmente Sun Woo passando muito por isso com a colega Myung Sook (Chae Gook-hee). A trama foi escrita e bem direcionada pensando muito na questão do psicológico. Esse tópico não só aparece como tema de conversa durante a história, mas também subliminarmente nas atitudes dos personagens. Cada um deles parece carregar alguma marca dentro de si, uns mais evidentes do que os outros, e o diretor Mo Wan-il achou uma maneira de nos fazer sentir o mesmo que os personagens sentiam. Um grande exemplo seria o vestuário das atrizes principais e como o mesmo foi se moldando de acordo com seus estados psicológicos.
“A esposa não deve se zangar ou ficar brava, e sim entender que o respeito do rei por ela o leva a dividir sua lascividade com outra mulher” - Plutarco.
ㅤNas palavras do historiador Lúcio Méstrio Plutarco ele afirma que o adultério é na verdade um ato generoso e de respeito do marido para com sua esposa. Ele explica que os reis persas jantavam com suas esposas, mas as mandavam embora quando queriam se embebedar e fazer sexo selvagem com suas concubinas. De acordo com ele, os reis estavam fazendo um favor à suas mulheres ao se divertirem com escravas, porque não querem sujeitar suas esposas a episódios lascivos. Uma visão repugnantemente machista e antiquada mas que, mesmo com milênios de evolução, ainda é praticado.
ㅤUm machismo sútil. Entre episódios carregados de emoções, o drama não deixa de alfinetar a sociedade em si, que mesmo nos dias de hoje, ainda é machista. Sun Woo foi a vítima, traída e praticamente furtada pelo próprio marido, ainda assim foi a maior criticada por escolher o divórcio. A trama representa o momento complicado que mulheres divorciadas enfrentam e como elas, mesmo tendo bons motivos para se separar, acabam sendo mal vistas na sociedade. Mesmo sendo uma mulher independente e rica, a protagonista ainda tem que lidar com muito machismo vindo de homens e mulheres. Porém o dorama decepciona um pouco nesse contexto, é de se imaginar que tratando de um tema tão real e pesado, nos seria dado um exemplo de mulher cheia de autonomia que passaria por todos os desafios do divórcio, um belo exemplo de como uma mulher deveria ser forte para começar de novo, apesar de todo o preconceito. No entanto, não é bem isso que acontece. Apesar do sucesso do dorama, a raiva foi um sentimento predominante em praticamente todos os espectadores. A protagonista é uma mulher extremamente forte e bem-sucedida, mas que simplesmente desmorona com a notícia da traição. Na verdade, o roteiro explica muito bem sobre tudo que a família e o casamento representavam para Sun Woo, conseguimos entender o quanto descobrir aquele segredo deve ter sido chocante. Ainda assim, conforme os episódios vão passando, percebemos que a obsessão e o sentimento de vingança tomou conta de Sun Woo de um jeito doentio, inclusive.
ㅤSun Woo tem a chamada alienação parental. É um dos temas mais delicados do Direito de Família. Os efeitos psicológicos negativos que são ocasionados na criança por causa disso são inacreditáveis. O drama fez questão de mostrar o quanto a disputa entre Sun Woo e Tae Oh fez mal para o jovem Joon Young. Mesmo que por muitos momentos a vontade era de socar esse moleque, nem mesmo ele sabia o que estava fazendo. Joon foi envolvido em uma disputa cruel sem ter feito nada de errado. Desde o início, não haviam motivos que justificassem o fato de Sun Woo tentar separar Joon Young de seu pai. A única que precisava cortar relações com Tae Oh era ela mesmo. O que realmente a impedia de fazer isso? Obsessão? Vingança? Sentimentos perversos envolveram um jovem em uma situação completamente desnecessária.
ㅤ
ㅤ""Perdoar alguém é tão arrogante quanto julgar alguém.""
ㅤ
ㅤThe World of the Married nos faz refletir no porquê uma mulher como a Sun Woo passou por tantas situações humilhantes por causa de seu casamento desapontante. A maioria das mulheres que se submetem a isso, justificam suas submissões pela dependência financeira. O que é outra realidade angustiante. Depois de muito pensar eu percebi que Sun Woo, apesar de não ser dependente financeiramente do marido, ela também passava por algo parecido. No entanto, sua dependência era puramente emocional. O dorama brinca com nossa perspectiva, mostrando uma personagem aparentemente forte, lutando por justiça, por sua felicidade e por seu filho mas que na realidade continuava lutando contra sua própria dependência emocional. Sun Woo queria se tornar independente de Tae Oh, nem que para isso precisasse passar por cima dele. A única saída que ela tinha em mente, era desgraçar a vida de seu ex marido, fazendo com que ele se arrependesse de tudo. O drama, além de todas as complexidades também abordou outro tema extremamente delicado que é a violência doméstica.
ㅤ""Ele só me bate quando está com raiva""
ㅤ""no fundo ele tem um bom coração""
ㅤ""eu tenho pena dele""
Frases que parecem inacreditáveis para quem está do lado de fora de uma relação abusiva e que foram retratadas de forma muito concreta. Lee Hak Joo e Sim Eun Woo protagonizaram pontualmente uma relação lotada de abuso, tormentos, perseguição e angustias.
""Não há no céu fúria comparável ao amor transformado em ódio, nem há no inferno ferocidade como a de uma mulher desprezada."" – William Congreve.
ㅤSun Woo é, de fato, implacável. A mulher é assustadoramente obsessiva, calculista e psicótica. Ela é egoísta quando se trata dos seus sentimentos. E ao mesmo tempo que é incrivelmente forte, foi a que mais se machucou durante a história, de uma maneira tão profunda. Essa mulher me deixou em apuros diversas vezes... eu a amei, a odiei, questionei os motivos de suas atitudes, e senti muita pena dela. As atuações desse elenco são sensacionais. Mas com destaque para Kim Hee Ae, sempre muito intensa, sentimos suas dores, suas dificuldades, seus anseios. Muitas vezes, eu queria sacudi-la, dizendo: “você está fora de si! Recupere seus sentidos!“… Outras vezes eu simplesmente aplaudia suas atitudes. Ela é uma mulher cheia de nuances, erros e acertos. Um tigre feroz pronto para morder quem ousasse encostar em seu filho. Extremamente merecido o prêmio de melhor atriz que ela recebeu no 56º Baeksang Arts Awards. Han So Hee também dá um show de atuação e me deixou surpresa! No começo eu a odiava com todas as minhas forças. Eu só pensava que ela e Tae Oh combinavam por serem tão asquerosos. Conforme os episódios passam, comecei a conhecer melhor Da Kyung e reconheci, inclusive, algumas de suas qualidades. A atriz estava tão naturalmente presente nas cenas que é difícil explicar com palavras.
ㅤ
ㅤThe World of the Married mostra cruamente como as vítimas de uma traição se sentem culpadas pelo que aconteceu. Elas não são bonitas o suficientes? Não foram atraentes o suficiente? Perderam a mágica com o tempo? Mas nada disso importa. Não importa o quanto uma mulher seja bonita, seja inteligente, seja engraçada e autêntica. Um homem que trai, com certeza, vai trair e continuar traindo. Isso jamais é culpa da vítima. Não existem desculpas, traição não é perdoável. Deve-se seguir em frente, não importa o quão fraca(o) se sinta, não importa o quão difícil será a caminhada… não importa o que o mundo diga, nem quantas tentativas sejam necessárias. A felicidade nunca estará perto da pessoa que trai.
ㅤNão é um dorama comum sobre vingança, que você assiste imaginando as próximas cenas. Também nem pense em assistir sem se envolver muito porque é extremamente difícil que isso seja possível. Praticamente todos os episódios são surpreendentes e nos deixam chocados. É revoltante! Cheio de tensão e cenas que, às vezes, demoram para serem moídas. Suportamos, remoemos, xingamos os personagens com frequência, e no meio de tantos sentimentos assombrosos, somos levados até o fim da trama."
14,부부의세계,كُسم الرجالة. 🌻
15,부부의세계,I don't know what it is with melodramatic stories about rich people's problems but that shit slaps!
16,부부의세계,"brilliant first episode. if we talking sidepieces han so-hee is the perfect prescription. also noticed 3 of the same actors from my mister, which is a personal fave. very messy business, it’s going to be a bumpy ride.
felt slightly betrayed by the ending, but you’ll be hard-pressed to find a more addictive, wild drama from korea."
17,부부의세계,"The World Of Married (2020)
Drama ini berhasil memperlihatkan skenario paling buruk dari sebuah pernikahan & membuatku sempat berpikiran untuk ga usah nikah aja di masa depan nanti. Ga ada happy2-nya nonton ni drama, kesel mulu bawaanya, but ironically i still enjoy it :)
4/5"
18,부부의세계,i've never been more miserable watching a kdrama before in my life
19,부부의세계,"..sejalang apapun kamu, hanya orang jahat yang menghancurkan keluarga orang lain.
Opening yang wadidaw The World of the Married menampilkan tiga hubungan dengan kisah rumit yang saling berkaitan. Setiap episode penuh kejutan, dramanya menarik & tensinya terjaga hingga akhir.
Setiap karakter memiliki konflik mencuri perhatian. Penyelesaiannya tak hanya di lihat dari sudut pandang benar dan salah, tapi juga mempertimbangkan perasaan yang terkadang tidak rasional.
Semua karakter berkesan, performa dan chemistrynya juaraa. Hingga akhir, tetep simpati sama Dokter Ji. Seol Myeong-suk ngeselin, Lee Tae-Oh pengen di geprek yaa anda (kelakuan sama ekspresimu itu lo..). Ibuku kzl sama Park In-gyu (sungguh mengintimidasi katanya..).
Visual, sinematografi, pengambilan gambar, make-up, wardrobe cakeeep. Dialog dan narasinya juga apik, emosi penonton dipermainkan dengan sangat baik.
Episode terwadidaw akhir eps 5 (pengumuman perselingkuhan pas makan malam) sama yang Dokter Ji di pantai, emosional..
Endingnya..menjelaskan bagaimana kelanjutan hidup tiap karakter, yaitu berproses. Banyak detail mengesankan dalam episode spesial.
Kalo inget drama ini, selalu kangen ibuuuk. Al-Fatihah.."
20,부부의세계,"Da Kyung cakep bgt busett, gapapa deh lu kek dakjal soalnya cakep, astaghfirullah"
21,부부의세계,Man fuck Junyeong. fuck him.
22,부부의세계,"Si vivo cien años, cien años vas y chingas a tu madre Lee Taeo"
23,부부의세계,"Gue terlalu meremehkan film yang sempet rame ini hìks. Astaga sumpah sih. Ini drakor yang paling emosional yang pernah gue tonton. Kayaknya hampir semua episodenya berhasil ngaduk perasaan.
Premisnya emang sepele, soal perselingkuhan. Tapi kompleksitasnya dikembangin dengan baik dan terlihat natural. Kalo liat judulnya, gue nebak-nebak ini nyeritain beberapa keluarga. Dan bener aja sih dugaan gue. Tapi syukurnya fokusnya ga ilang, pembagian porsinya pas. Selain cerita, semua pemain berhasil banget mainin perannya masing-masing. Semuanya. Even ibu-ibu nyinyir yang berhasil banget bikin pengen nimpuk.
Gue sebenernya agak kurang suka sama yang over drama. Tapi mungkin karena keliatan natural, ga sampe keliatan jelas. Kecuali drama bentuk visualnya yang kayak slow motion dengan backsound-nya yang ala-ala itu. Gue banyak skip sih wkwk.
Intinya gue suka sama semua pemainnya, sama ceritanya, terutama pesannya. Di sini gue nonton, bukan kayak cuma lagi nonton buat hiburan. Kayak ngeliat mereka semua secara langsung dan terlibat. Kayak, depresi bareng Ji Seoun, belajar bareng, bangkit bareng, healing bareng wk. Terutama gue ngerti banget perasaan Lee Joon Yeoung yang bingung, yang mau self-proclaimed korban tapi gatau siapa yang bisa disalahin.
Salah satu pesan yang bisa gue ambil dari drakor ini adalah:
Mau lo lagi senyaman apa, lagi sesempurna apa hidup lo. Tapi lo bisa kapan aja ngerasain terombang-ambing sama hidup lo. Jadi lo cuma butuh selalu kuat dan bersiap."
24,부부의세계,melodramatic in ways i wish dr foster was. the second coeur feels repetitive and i really felt the runtime.
25,부부의세계,"i really hate men when i watch this drama, the actor’s act so pure in here"
26,부부의세계,AAAAAAAAAAAAAAAAAAAARRRRRRGGGGGHHHHHH!!!!!
27,부부의세계,"Original Title: 부부의 세계
Sebuah hukum nasional di Korea Selatan yang telah ada selama lebih dari 60 tahun menyebutkan bahwa mereka yang melakukan tindakan perselingkuhan dengan istri/suami mereka dapat dikenai hukuman penjara hingga 2 tahun paling banyak; namun tepatnya lima tahun yang lalu, hukum tersebut dihilangkan dan mulai dari saat itu juga, tindakan adultery dianggap legal dan tak dapat lagi dijatuhi sanksi hukum. Barulah 2020 ini, drama Korea yang memfokuskan pada kisah tentang perselingkuhan akhirnya mendapatkan fokus besar bahkan sampai episode-episode terakhirnya berhasil memecahkan peraihan rating sepanjang masa di sana.
Kalian pasti tahu kalau kita sedang membicarakan soal The World of the Married, serial yang tak hanya populer karena temanya namun karna kontroversi yang hadir (di Indonesia karena hal memalukan sampai menghina pemain karena perannya). Namun toh cerita yang diangkat serial ini bukanlah hal baru, melainkan sebuah remake. Bahkan ketika tahu pertama kali serial ini dan mencoba menyaksikannya, saya malah terkaget berpikir “Kok bisa jalan cerita sampai adegan-adegan (episode awal) mirip persis dengan serial Inggris yang pernah dulu saya tonton” dan usul punya usul nyatanya The World of the Married memanglah mengadaptasi serial Inggris buatan BBC yakni Doctor Foster yang pernah juga menggemparkan Inggris pada 2015 silam dan bermain sepanjang dua musim hingga 2017.
Membahas tentang The World of the Married dimulai dari settingannya yang mana menghadirkan sebuah keluarga yang awalnya harmonis terdiri dari suami bernama Lee Tae-Oh yang selalu bercita-cita menjadi sutradara terkenal namun karena keterbatasan dana dan investor selalu gagal; istrinya bernama Ji Sun-woo, seorang dokter keluarga ternama; dan putra mereka, Lee Joon-Young. Ketika Tae-Oh belakangan mulai melakukan tindakan-tindakan mencurigakan yang sudah tidak masuk akal mulai dari pulang malam jauh setelah pulang kantornya, sampai bertindak berbeda; Sun-Woo mengikutinya hingga menemukan kenyataan pahit.
Kenyataan bahwa sang suami telah menduakannya dengan seorang gadis belia bernama Yeo Da-Kyung. Dari situ Ji Sun-Woo yang merasa terpukul, mulai mencoba memikirkan jalan terbaik sekaligus bagaimana dia bertindak menghadapi tindakan ketidaksetiaan sang suami yang dilakukan padanya; terlebih lagi takkala menemukan kenyataan pahit yang memperparah lagi hubungan mereka, ditambah Joon-Young yang harus jadi korban ditengah-tengahnya. Dan orang-orang disekelilingnya pun turut ikut jadi bagian drama mereka yang pelit tersebut; sekaligus membongkar kisah hidup mereka yang sama tak sempurnanya seperti keluarga Sun-Woo.
Sebagai seseorang yang sudah menyaksikan Doctor Foster (dan menyukainya) saya tidak berharap banyak dari drama yang satu ini; meskipun saya paham mengapa popularitas bisa begitu mudah dan cepat menghampirinya. Sayangnya saya tak bisa memberi sepenuhnya kredit pada penulis naskahnya. Takkala sebagian besar plot ceritanya bahkan sampai episode penutupnya di episode 16 ini benar-benar mengikuti alur cerita sumber remakenya; terlebih lagi di beberapa episode awal yang benar-benar memimik adegannya satu persatu (termasuk episode pertengahan yang benar-benar sadap tersebut) semuanya sudah mengagetkan saya duluan sejak 2015 silam.
Kalaupun ada yang patut diberikan acungan ialah bagaimana penulis mengembangkan karakter orang-orang disekelilingnya yang harus diakui tak terlalu dieksplor di Foster, sementara disini habis-habisan diperkenalkan dan berhasil, bahkan sosok Da-Kyung pun memperoleh porsi sedemikian besar; terlepas dari popularitasnya yang mungkin dipikir menjadi minat utama penontonnya. Dari segi narasi sebenarnya mungkin terkuat di awal saja, sementara dibeberapa bagian akhir mulai terkesan terbolak-balikkan dengan konflik berkepanjangan terutama paska settingannya melompat waktu ke beberapa tahun.
Pada akhirnya, serial yang pertama mendapat perhatian karena rating 19nya yang menawarkan adegan sensual (which is common in UK, I mean they don’t watch Doctor Foster because of that) berubah menjadi sajian perseteruan rumah tangga yang gila, dimana disatu sisi mungkin jadi pelampiasan warga Korea Selatan setelah selama ini kasus perselingkuhan adalah kejahatan; dan cara pandang mereka terubahkan takkala toh mereka yang berselingkuh punya alasan tertentu meskipun tak sepenuhnya benar; dan tak sepenuhnya salah. The World of the Married tetap jadi fenomena terlepas dari kisahnya yang naik turun. It’s okay (lah) but I’ve seen it before and it’s better."
28,부부의세계,"Nonton drama Korea ini rasanya tuh keseeeeeeeel bangeeeeeeet 💔💔💔💔 Tapi seruuuuu bangeeeet ♥️♥️♥️♥️
Tapi paling sebel sama si anak. Kenapa bisa banget seegois itu."
29,부부의세계,"balas dendam yg pd akhirnya pun menghancurkan diri sendiri.
tp mw gmn, nasi sudah menjadi bubur.
manteplah drama ini, selalu bikin gregetan per episode nya."
30,부부의세계,Tema retakan dalam rumah tangga dikemas dengan tensi tinggi dan menguras emosi. Tiap episodenya memiliki pesona berimbang dan menantang. Kombinasi ambisi dan keinginan menghakimi yang hanya menghadirkan benci dan buat mereka merugi.
31,부부의세계,（╹◡╹）♡ marriage go brr
32,부부의세계,gulo ng buhay ng mayayaman ampota pero HAN SOHEE yasss
33,부부의세계,"this is making me want to not get married...
anyway, ji sunwoo my milf and d(octor)ilf"
34,부부의세계,If men are trash was a drama...
35,부부의세계,only cared for sunwoo and yoonki like wow.. sunwoo my emotional attachment hot woman
36,부부의세계,Rich people pissed me off
37,부부의세계,"Took me a week to finish it, this kdrama put itself in a high standard and I don't know if i would ever find something that can reach its standards. The plot, characters, acting, direction, cinematography, even the styling  was on point."
38,부부의세계,One word: Toxic
39,부부의세계,currently rewatching and its just as good as I remember
40,부부의세계,"Nontonnya udah dari kapan tau baru tau ada di sini filmnya jadi kita log. Kdrama yang fenomenal pada masanya tentang perselingkuhan yang bikin emosi para penonton. Personal opinion, eps 6 puncak yang baik buat ngeakhirin cerita. Iya, udah sampe eps 6 aja trus selesai udah bagus banget itu. Setelahnya dramanya jadi gitu dilebih-lebihkan. Tapi untung ditutup sama ending yang realistis, mereka masing-masing ngejalanin hidup dengan memikul pahitnya masa lalu."
41,부부의세계,"""Those who are there for you are the ones that mean the most to you. If you forget that because they're always there for you, you'll end up doing stupid things like me. If you forget those who care for you the most, you'll lose everything.""
At the end of the day, the choice is in your hand. Whether you choose to stay, to leave, to love, to hate, to hold on, or to give up. This drama shows a complex side of human emotions and how everything is never just black and white. You start by hating a character but end up realizing the pain that they have gone through, you start sympathizing a character but end up seeing a different side of them. Personally would've loved a better ending, but I guess it's a way for all of the characters to heal, especially for Seon-u to finally learns to let go of control and heal.
p.s. The after credit made me cry so hard cause I just realized all of the characters barely smiled throughout the 16 eps, they've all gone through so much pain and problems that genuine happy scenes rarely came out"
42,부부의세계,YES
43,부부의세계,Drama perselingkuhan rasa thriller. Tiap nonton pasti nyumpahin suaminya.
44,부부의세계,tá interessante 🤭
45,부부의세계,This was actually so insane. I have no other thoughts like my brain short circuited after a while.
46,부부의세계,"esse homem é doido, credo"
47,부부의세계,biitcchhh
48,부부의세계,this was so dramatic but damn was it compelling
49,부부의세계,"There is truly a reason why this is the highest viewed TV show of all time in Korea. If you like cute and fluffy k-dramas then this is definitely not for you. I have absolutely nothing bad to say about the show, the plot develops beautifully with plenty of twists along the way and it’s refreshingly dark and twisted. It’ll have a grasp on you from the first episode and I ensure you that you’ll be completely caught up in it. The plot does not weaken [like a lot of K dramas] as it goes on, it just gets better and better. If you love betrayal, thriller, romance and heartache... Watching this k drama immediately!! You won’t regret it."
50,부부의세계,han sohee carried
51,부부의세계,...
52,부부의세계,fuck taeoh fr
53,부부의세계,itsacslife // otin g // doc jail brought me here
54,부부의세계,"The plot twist in Episode 1 still mind boggles me — the way I called out the twist after twist except the final, crucial one. How could her ""friends"" do that to her!
-1 because Joon Yeong is such an unlikeable character, could have been better as a son."
55,부부의세계,i smile every time han sohee appears
56,부부의세계,"esperando o nosso querido walcyr carrasco fazer uma adaptação dessa obra prima, acabou a farra, vamos trabalhar!"
57,부부의세계,"mula episode 1-16 galit ako eh.

kung naiinis kayo sa anak nila,,,,bakit??????"
58,부부의세계,Felt emotions very good
59,부부의세계,all the more reason not to get married
60,부부의세계,IM SHAKING. CRYING. VOMITING. FUCKING SHITTING MYSELF. IM
61,부부의세계,i’m never getting married
62,부부의세계,istg i will never ever want to get married
63,부부의세계,i would d!e for kim hee ae no questions asked
64,부부의세계,"It's beyond my low expectation. I love how the writers gave time and space for the characters to show their true self in each episode. The writing was very neat, no rush in the characters development, just like slicing an onion. Their motives and decision making parts were realistic enough despite the generic and overused theme, also overdramatized sequences/events in the drama. In the end, this drama discussed more than just a shallow theme about a relationship affair, but also tries to talk more about forgiving your past before starting the future."
65,부부의세계,The way this series was paced is what makes it. It plants seeds for future plotlines and weaves it in current plotlines. And the ending is so hard-hitting and tragically real.
66,부부의세계,"ikut nonton ini karena waktu itu hype banget. dan ya, boleh lah ... pertama kalinya juga liat han so hee di sini. awalnya aku ada di pihak kim hee ae, tapi makin lama ternyata semua karakter sama aja.
semoga kita semua dijauhkan dari pria seperti tae oh 🙂"
67,부부의세계,mental illness?
68,부부의세계,men are so fucking stupid.
69,부부의세계,ang goal ko sa buhay ay maging successful kabit
70,부부의세계,The drama captured what a divorce psychologically looks like from the point of view of everyone involved in the affair.
71,부부의세계,"2020 yılının bombası. Aşırı heyecanlı ve tadında bir final. Ülkemizdeki versiyonun aksine uzatılmış bir konu yok. Vazgeçme, vazgeçememe hakkında. Güzel bir diziydi."
72,부부의세계,lee tae oh pangit
73,부부의세계,"Di ko na keri, magtatagalog na ako! Jusmiyo nakakaloka 'tong kdrama na 'to, I swear. Gigil na gigil ako HAHAHAH. I'm thankful that I'm gay."
74,부부의세계,"nonton ini gara-gara layangan putus. bagusan ini si jauh. sun woo ama tae oh dua2nya toxic, kasian anaknya"
75,부부의세계,"adding this to my list of reasons why you should NOT get married . fuck all men i hate men !!!!!! the audacity for them to fuck around and lie to their wife’s face?? IT FUELS MY ANGER SO BAAAD
this was so exhausting to watch definetly not a feel good show 😭😭😭 but a great distraction tho ! watch if u are bored of ur life and if there is nothing going on and u want some drama OR if u want to find a distraction from ur miserable life ! 
i think everything was well done ! acting ! plot ? maybe . writing ? sure ! production ! 
women in this show specifically seon-u, hyeon-seo & ye-rim DESERVE BETTER

han so hee fav genre"
76,부부의세계,i got invested for the side characters more bc i feel like they do a realistic take on that one and do exaggeration version for the main couple
77,부부의세계,i didnt expect to be invested in their relationship. cheaters should eat shit
78,부부의세계,"hype-nya ga main-main, akting Han so here bagus banget, udah keliatan dari dulu sih emang dia aktris berpotensial banget"
79,부부의세계,"WHAT A MASTERPIECE ! the plot blew my mind, such an artistic approach, rlly mature themes tackled GREAT ACTORS WOW WOW WOW"
80,부부의세계,im rewatching this now. ofc my rate still will be the same!!
81,부부의세계,it made me so stressed in a good way and i hate tae oh
82,부부의세계,siguro kung pinoy c sun-woo baka matagal nya ng kinaladkad sa escalator c da-kyung whahahahahahahha
83,부부의세계,"So intruiging
This would make you sit tight till the last scenes
Also this is a comeback loving and watching Korean drama for me after years of hiatus
Worth a watch"
84,부부의세계,fucks up my perception of marriage
85,부부의세계,SANGAD SANGAD MENGURAS EMOSI
86,부부의세계,"And the Oscar for ""MOST ANNOYING SON ON TV"" goes tooo... Lee Joon-Young. 🏆"
87,부부의세계,i studied madea to understand this
88,부부의세계,CINDY THIS IS EXCELLENCE
89,부부의세계,Watched this a while ago but I bingewatched during finals week because I was too impatient to wait for what happened next/watch after finals week #noregrets
90,부부의세계,had me cursing in every damn episode but it’s kinda addicting to watch :/
91,부부의세계,so frustrating to watch but i could Not stop.
92,부부의세계,bro this drama messed me up so much emotions i did not expect a drama about old married people holding me in such a chokehold
93,부부의세계,Five stars are for the scoring because I literally can't stop listening to their original soundtracks damn
94,부부의세계,"So perdeu uma estrela mesmo pelo final capenga... Mas sinceramente eu já tinha tentado assistir outras séries coreanas antes e tinha achado alguns massantes mas eu NUNCA me senti entediada um segundo sequer das quase 1h30 desse dorama
Não consigo deixar de pensar que foram 15 episódios incríveis a kim heeae merece todos os daesangs possíveis foi ótimo saborear a han sohee e o kim youngmin no auge da beleza
Rapaz se eu já não ia me casar agora eu tenho certeza !"
95,부부의세계,apalah
96,부부의세계,"A great drama that explored the dark side of marriage, relationships and being human. Even though this topic might be uncomfortable for some, it is worth a try. I started the show feeling more compassion for Ji Sun Woo, but I realized towards the end, the most innocent victim is Joon Young. Being in his shoes is hard because he couldn't choose aside. The endings wasn't my favourite thing ever but it has my respect"
97,부부의세계,"eu ameiiii nao existe nada mais delicioso do que makjang de gente rica insuportavel querendo se vingar um do outro por qualquer coisa
a protagonista muito girlboss amo ela queennnnnn"
98,부부의세계,men aint shit
99,부부의세계,Real hard on this one..
100,부부의세계,"such a stressful and good show, didn't like the ending, hoping for a season 2"
101,부부의세계,"This ain't no miniseries
Just 1 season that's it
Sometimes it's too much of a brag
I hate this ppl just to sum it up"
102,부부의세계,its so fun to watch lol
103,부부의세계,More like A World of Toxic People tho
104,부부의세계,"Consequences.
Of course, Han So Hee is better here than in Nevertheless!"
105,부부의세계,"A good drama that could make your blood boil and give you anger issues. For real I often had to pause at some scenes just to curse and calm myself.
I stopped at episode 6, tho. I heard it's based on Doctor Fostor series and episode 6 of this drama is the same as the ending of Doctor Fostor. Also I didn't want stressing myself no more hahaha, but it's a good drama really."
106,부부의세계,This drama has managed to make my feelings shake when watching it. The guy like Lee Tae-oh should be beaten to death for his jerk behavior.
107,부부의세계,"I was tearing my hair out because of this show. If you're going to watch it, make sure you're mentally prepared—one of the best series I've seen thus far. Almost every emotion that the audience desire is covered in this series. It is well worth your time to watch. It depicted both the worst and most relatable aspects of marriage"
108,부부의세계,intensified my hatred for men x1000
109,부부의세계,A mess but an entertaining mess.
110,부부의세계,"life is easy, just stay single or do dr#gs. kidding"
111,부부의세계,"again, i love intense dramas !!!!"
112,부부의세계,"Suaminya selingkuh cerai, nikah ma pelakor, selingkuh ma mantan istri, di cerai tapi ga nikah ma mantan, amit amit jauh jauhlah"
113,부부의세계,"Aprovecho para condenar de nuevo, desde el fondo de mi alma y de mis vísceras a Tae-oh. MALDITO SEAS TAE-OH."
114,부부의세계,"#TheWorldoftheMarried
Cerita tentang perselingkuhan yang agak nyentrik dan sedikit beda ditambah kepiawaian drama ini dalam urusan mengacak-acak emosi (baca: amarah) penonton jadi alasan kuat kenapa drama ini jadi salah satu drama dengan rating tinggi
Rate: 🐍🐍🐍/5"
115,부부의세계,Pretty wild of a watch– probably a makjang but looked too sophisticated to be one. Worth a watch.
116,부부의세계,"cheating love story, really made my day feel semrawut:/
Menahan umpatan throughout this drama:)"
117,부부의세계,too heavy and too much negativity for me.. i only watched this bcs of the hype and its totally a WASTE of time
118,부부의세계,"Si todas las novelas y dramones fueran así , no vería nada más."
119,부부의세계,i pretend it ends in the 1st episode
120,부부의세계,highest-rated drama in Korean cable television history? DESERVE.
121,부부의세계,Tae‑oh ngeselin banget ribut aja yuk kita @_@ asdfghkl
122,부부의세계,"Started last week. I actually started watching this thinking there will be explicit content, but got into the story instead. Like the story, (but not the ending) and the superb acting of the wife and of the ""younger"" kabit."
123,부부의세계,such a masterpiece✨
124,부부의세계,"sinceramente? chato, eles fazem de tudo pra vc ter 0 empatia pela protagonista que foi chifrada vc não tem outra escolha a não ser torcer pra amante. nem terminei kkk (e nem vo"
125,부부의세계,"daekyung & sunwoo could have anyone they want, why must they settle for lee taeoh"
126,부부의세계,objectively so so good i deeply reflected on the concept of marriage divorce and family dynamics for like a week after this
127,부부의세계,"is this parasite, but in a serie?
no, no es. pero a veces sí es"
128,부부의세계,LMAO THE MELODRAMA
129,부부의세계,fought for my life watching this as a park haejoon and kim youngmin stan but you know what bitch... the experience was just so Riveting
130,부부의세계,i luv this drama soooooooo much!
131,부부의세계,i’m just a han so hee apologist
132,부부의세계,this is the korean version of doctor foster and both suranne jones & kim hee ae played lesbians
133,부부의세계,great pilot episode really took my attention and tae oh is really one shameless bastard cunt
