,title,reviews
0,옷소매붉은끝동,"already finished this since last month but only logging it now it's so hard to move on from this drama...
""his highness is dear but myself is dearer. so i would never drive myself into pain. if I cannot have it all to myself, i would rather not have it all""
the red sleeve is a delicate and beautiful yet heartbreaking drama. it delivered a fresh take in sageuk dramas, i haven't watched much sageuk dramas but this is one of the sageuk dramas that i've seen where it centered on women. it's more than the story of a king and court lady... the red sleeve is a story of a sung deokim, the court ladies, the queen, the mother of the crown prince, the princess, and all the women in that time. it's a drama written and directed by women for women <3
i really love the directing of trs, it felt like i was watching an artwork? jung jiin pd carefully crafted each frame and coated it with the perfect ost. seyoung and junho's chemistry is also so good, their romance may be slow burn but the tension has always been strong. i always rewatch the first quater of trs where they were still enemies haha my serotonin boost! also the way seyoung and junho aced the acting department?? trs will not be trs without these two fr and now that they left me in a heartbreak they should pay for the emotional damages...
overall. the red sleeve is a masterpiece, everything's perfect in the directing, ost, scriptwriting, and acting. now i can't wait for another trs sweep on baeksang <3"
1,옷소매붉은끝동,this show should come with free therapy
2,옷소매붉은끝동,screaming crying and throwing up
3,옷소매붉은끝동,deok im is a real ass bitch. not once did she let a man get in the way of her friendships. what a real one 😭 to her death she was deadass like get me my friends!!!! she’s just like me fr. the crown prince was so fucking fine that i did not care how toxic the relationship was tho. she’s better than me i would have fucked him the first night alone
4,옷소매붉은끝동,please don’t ever talk to me or come near me if you don’t think this is one of the best kdramas ever made because it is !!
5,옷소매붉은끝동,lee jun ho YOU WILL ALWAYS BE FAMOUS
6,옷소매붉은끝동,"I'm crying a river. I'm totally in love. Its slow-pace delivery with engaging yet beautiful plot, astonishing cinematic detail that harmonize beautifully with its exquisite dialogues, and stellar performances from all casts. The Red Sleeve is a masterpiece of perfection. No doubt.
Curahan hatiku versi bahasa ibu :
Sebuah kisah nyata dengan detail fiktif terinspirasi sejarah era Raja Jeongjo dari Joseon. Kisah seorang court lady yang sedari kecil sudah mengabdikan dirinya untuk kerajaan. Sung Deok-Im, memiliki sifat yang berbeda dibandingkan yang lainnya. Ia memiliki pendirian yang teguh, kesetiaan yang tulus, dan rasa cinta yang begitu mendalam kepada orang-orang yang telah menemani kehidupannya. Kisah demi kisah dilalui hingga sampai pada cerita cinta yang begitu indah namun juga menyakitkan. Deok-Im jatuh cinta kepada seorang putra mahkota, begitu dekat di pandangan namun begitu jauh untuk digapai. Tak disangka, cintanya bertepuk seirama dengan sang pujaan, namun sebesar apapun cintanya, Deok-Im hanya ingin mencintai dari kejauhan, tidak ingin terlibat lebih dalam yang nantinya malah akan merenggut kebebasan. Tapi perasaan berkata lain, setelah usaha demi usaha untuk menjauh justru malah semakin mendekatkan dan menguatkan perasaan. Setelah mengalah dengan keadaan, segala cobaan bertubi-tubi datang tanpa sapaan, menenggelamkan sepenuhnya kehidupan dalam kesedihan. Kawan, keluarga, dan cinta harus direlakan, demi terlepas dari belenggu kesepian dan penderitaan yang tidak dapat terobati oleh apapun dan juga siapapun.
Tim produksi benar-benar berhasil memberikan drama sageuk yang penuh dengan penghayatan. Segala sesuatunya terlihat sangat sempurna sehingga tidak ada lagi sisi yang bisa dikritik. Mulai dari pacing yang lambat dengan cerita yang memikat, akting setiap pemainnya (terutama Lee Se-Young dan Lee Jun-Ho) berhasil membuat penonton berdecak tawa karena humornya, tersenyum simpul karena keromantisannya, dan berderai air mata karena kepiluannya. Ditambah lagi dengan sinematografi yang memanjakan mata, tidak lupa detail-detail permainan kamera yang berkesinambungan dengan setiap dialog dalam kisahnya, membuat penonton mampu menghayati dan merasakan segala emosi yang ingin disampaikan oleh dramanya. Setiap dialog yang diberikan sungguh memberikan pandangan baru terhadap sebuah kehidupan, terutama tentang kehidupan seorang court lady, yang seringkali tidak memiliki arti karena telah menjadi milik kerajaan sepenuhnya. Tetapi dramanya berhasil menyampaikan perasaan dan kehidupan para court lady, Raja, Ratu, dan seluruh aspek kerajaan dengan sangat baik, dramanya menghargai kehidupan setiap peran dalam dramanya, menjadikan The Red Sleeve terasa utuh tanpa ada yang tertinggal sedikitpun.
(Spoiler alert)
The Red Sleeve bukan hanya menceritakan kisah cinta, namun juga kisah pengabdian seorang court lady yang sampai akhir hidupnya akan selalu menjadi milik Raja. Kisah Sung Deok-Im yang harus melepaskan kebebasan hidupnya, melepaskan orang yang dicintainya, melepaskan persahabatan, melepaskan keluarganya, dan melepaskan dirinya sendiri, sepenuhnya kepada kerajaan. Sebuah kisah pahit manis kehidupan Sung Deok-Im sedari kecil pemberontak, remaja yang pemberani namun keras kepala, hingga menjadi dewasa yang penuh cinta serta kesabaran. Tidak akan ada habisnya segala pujian yang bisa disampaikan untuk drama ini.
Dan ternyata, memang benar adanya bahwa cinta tidak selamanya harus memiliki, walau sampai akhir hayat Sung Deok-Im tidak pernah memiliki Yi-San sepenuhnya, tetapi ketulusan cinta mereka akan abadi selamanya <3"
7,옷소매붉은끝동,"saeguk dramas aren’t my thing… but dear god this is just so good. btw, I LOVE YOU JUNHO"
8,옷소매붉은끝동,"korean 🇰🇷
🌕2021 ranked
period dramas are not usually my thing but this was so good?1?! that one scene where deok im said goodbye to her friends and her younger self because she had to give up so much just to be with yi san... it will always get me,, i love them so much 😭😭 also feel like this affected me even more because i really liked seeing lee junho and lee seyoung together as leads 😭💖"
9,옷소매붉은끝동,"this drama will stick with me forever. such a nuanced story about the sacrifices women make in their lives. how, throughout history, women have to fight to hold on to what little autonomy they have. seyoung and junho performed beautifully. i long for a happier ending but understand how necessary it was to end their story that way."
10,옷소매붉은끝동,"This show toes the line between responsibly depicting a hopeless situation/ an incredibly toxic power dynamic and romanticizing it. For the most part, I think it succeeds in not shying away from how inherently unbalanced and problematic this relationship was. It's realistic and heartbreaking, and I'd die for Deok Im.
Also that orchestral soundtrack 🤩"
11,옷소매붉은끝동,definitely the most carefully crafted sageuk dramas out there. incorporating hand shots into storytelling has always been an endearing element that i absolutely enjoy watching. deokim and her friends deserve the whole world <3
12,옷소매붉은끝동,if i had a time machine i would (1) kill baby hitler and (2) bring deok im and her friends to the future so she could live a long and happy life like my favourite misandrist bestie was meant to live.
13,옷소매붉은끝동,"Harta, Tahta, Lee Se Young."
14,옷소매붉은끝동,"saeguks are my fave kdrama genre but this one was beautifully different to other period dramas. while i find the romance and rich political plots to be leading factors, in this show those same points are showcased differently. love is expressed differently, viewers learn more about the intricacies of concubines and kings, they’re not a complete exclusive relationship. in other period dramas the king usually gets with the girl he wants, who he later finds out is coincidentally of noble birth so he marries her but this show dismantles the popular tropes a little and keeps it more genuine. 
you recognise the power play and realise how deok-im sacrificed whatever free will she had left because she loved san and the moment he figured that out (literally right at the end ugh yi san you fool) made the whole thing so realistic and beautiful. he remained unabashed in his love for her, choosing to make tough decisions because he did not want to lose her at all. the fact that she let him because she too wanted to be with him oh shit im gonna cry again
i always want a happy ending in dramas and while this show really did not give me that, it did provide closure. they both fought for each other in their own ways and did have happy times together. the whole finale episode is unexpected but the ending is perfect. sickness causes him to dream of deok-im during a happy memory they shared. instead of waking up into a sad lonely reality, san decides to follow her and the love they shared into the afterlife.
junho is an amazing actor like yeah i occasionally enjoy 2pm music and find him beyond gorgeous literally perfect face but i GENUINELY ADORE his acting here. this role definitely showed how he is no longer an idol actor but an actor in his own right. special shout out to lee deok-hwa as the first king, he was astounding to watch."
15,옷소매붉은끝동,"Running Doekim is my new energy😭😭😭

Penyutradaraan di episode 9 memang memukau namun pertunjukkan akting para pemain di episode 12 lebih dari sekadar penahan napasku.
Jika suatu drakor belum mampu memuaskanmu, cobalah tonton drama ini, terutama 2 episode di atas. Tidak akan menyesal☺
Akan diupdate jika 7 nominasi dari The Red Sleeve ada yang jadi pemenang di Baeksang Awards"
16,옷소매붉은끝동,emotional damage
17,옷소매붉은끝동,"""If you see me in the next life, please just pass by as if you do not know me. I do not blame you. I do not hate you. I just want to live the way I want in my next life."""
18,옷소매붉은끝동,"i dont think i’ll move on from this drama any time soon. it’s been three days since ive finished it and im still emotionally drained from deokim & san’s heartbreaking story. i can barely put my thoughts into a coherent and articulated way. tbh it’s been a while since i was this engrossed into a drama. 
there’s something so harrowing as a viewer to root for deokim and san to be together knowing their inevitable tragic end. bc even if u dont believe in the concept of soulmates or fate, these two simply belong together. a human needs lungs to breathe just like san needs deokim to be happy and fully complete (however, we cant really say the same when it comes to deokim). the blatant truth is that they simply make sense and it’s painfully obvious to them both from the very start, their love is natural, it’s almost intrinsic for them to choose and always protect each other despite the rules of a world that were against them. but by wanting deokim to finally give in to her love for san you know that you’re pushing her towards her downfall. and she was aware of that even before she allowed herself to fully love him. i’ll never forget the scene where she’s waving goodbye to her younger free self and old life with her friends. she lost herself in the process of finally being with san, and the tragedy is that san never understood that even on deokim’s death bed. san never got to understand the depth of her feelings for him, all she gave up, her everything for him, when he couldn’t do the same bc he was the king. in the end their love languages were opposite of what they needed from each other, and this despite their deep abiding love for one another, which is sadly ironic. my heart aches for these two. 
i think My girl lee seyoung is made for sageuk dramas and the role of deokim felt like it was expertly crafted for her. deokim became one of my favourite female characters oat. my fierce and bold girl whose bright light got dimmed too soon. 
now… i had never watched anything with lee junho before, i only knew him from 2PM or as a singer in general (also, insanely talented in that field, the man wont allow me to know peace i fear). and upon seeing his graceful and mesmerising performance as king san i must embarrassingly admit that he got me good. the scene of san screaming at his grandfather to recognise him “i am san, look at me” broke me. he’s just too good at acting."
19,옷소매붉은끝동,"my 2022 korean dramas rank 
Then if you see me in the next life, please just pass by as if you don’t know me.
one of the best sageuk dramas detected!! and this is my first kdrama in 2022.
the scene when Yi San didn't open the door and chose to go back to Deok Im had me crying😭"
20,옷소매붉은끝동,"""right now i am engaged in something i enjoy, here in my favourite place with the person I adore"""
21,옷소매붉은끝동,"“with the one i love and who likes me, i’ll hold your hand and part with you.
if you are affectionate and love me, i’ll hold your hand and go back with you.”"
22,옷소매붉은끝동,"'The Red Sleeve' se ha convertido por derecho propio en uno de mis kdramas favoritos. Melodrama en su máximo esplendor que en primer lugar, sabe construir la historia, a sus protagonistas y su relación de forma progresiva y con un gran desarrollo emocional y, en segundo lugar, por haber aguantando la emoción, la tensión y el clímax hasta el último segundo. Muchos dramas se queman antes de su final y tienen un desenlace flojo, pero aquí se cosecha buena madera y esta arde hasta el final.
Mención especial para la gran química que tienen los dos protagonistas y sus buenas actuaciones. También por lograr haber ido más allá del romance y mostrar desde una perspectiva crítica la represión a la que se veían sometidas las mujeres por el rol otorgado en la época. Es tanto una historia de amor desgarradora, como un canto a la libertad de la mujer y su propia independencia.
Uno de los dramas de época que más he disfrutado y sufrido. Para mí, un must para cualquiera interesado en este tipo de historias. Memorable."
23,옷소매붉은끝동,"i never really watch 사극 dramas but i got curious after seeing 이준호 in rain or shine and all the hype around this and wow. this totally exceeded my expectations. it was literally heartbreaking and at times very frustrating, but i really enjoyed how they explored the complicated relationship between a king and a concubine along with the general treatment of palace servants/court maids in a refreshing way."
24,옷소매붉은끝동,I don't usually like historical dramas but dare I say this is the best one. The cinematography and the way the power dynamic was portrayed in their relationship was so good. It was slow paced but not boring and I loved how deok im didn't change despite everything.
25,옷소매붉은끝동,"acting 8/10
chemistry 100/10 😭
cinematography 7/10
plot 9/10
This is over but it is still overwhelming me every single second!!!"
26,옷소매붉은끝동,DO NOT WATCH THE RED SLEEVE!!!!! IT’LL KILL YOU!!!!
27,옷소매붉은끝동,lee junho you will always be famous
28,옷소매붉은끝동,"about a crown prince-turned-king and the only woman he has ever loved, a court lady always unafraid to be herself and fights for her freedom and dignity in an era that suggests otherwise. a beautiful and breathtaking historical romance for the ages ❤️"
29,옷소매붉은끝동,oh i’m miserable
30,옷소매붉은끝동,this is the most beautiful and heart wrenching kdrama you can watch. it’s definitely one of my top 5 fav kdramas
31,옷소매붉은끝동,"feeling absolutely lightheaded. this shouldve come with hurt/angst ao3 fic tags idk
probably one of the best kdramas ever??? and deok mi is truly one of the greatest kdrama protagonists. if u look at my letterboxd history, u might observe that i like a good light-hearted silly goofy romcom esp when it comes to my kdramas. and ive been looking for a fun little saeguk to switch it up for a really long time now. but woah. did not expect this drama to melt my heart and break it so throughly. this is one of the few dramas w an actual sense of scope, scale and stakes. the passage of time is not only palpable but integral to the narrative. these characters feel real with their own agendas -- grappling with very nuanced interior conflicts. REALLY REALLY well done political/court intrigue. costuming, production design and the musical score are all absolutely gorgeous. writing that packs a punch, episodes 5 and 17 especially feature scenes and dialogue i may never move on from. like that reading poetry together, separated by a door. ""i will protect you until life leaves me"". im so sorry but truly some romantic shit. and the fact that the power dynamic between the two never goes unexamined. the drama is hyperaware of the imbalance as a point of contention esp when it comes to their autonomy and identity. all bolstered by an incredible cast, both supporting and leading. just phenomenal all-around. so many dramas nowadays only rely on the chemistry of their leads to carry what is ultimately a weak/flimsy story but this never had that issue. the performances from junho and seyoung elevate the material but the script also provides them with so much to work with-- so much subtext and yearning and longing embedded in the text (and isnt that the best part of saeguks and period dramas in general).
ive enjoyed some dramas, but ive never been as invested as i have in this. just smart and complex storytelling. honestly one of those dramas that you HAVE to write an essay whenever you talk abt it
GIVE HER HER TENS"
32,옷소매붉은끝동,how am i gonna recover from that
33,옷소매붉은끝동,"still bawling at this drama, i mean how they end the series it like just a nightmare for san and showing us they lived happily ever after. but how they pov it to san, made me realize every couple has ending point. +++i like deok im's character, she speaks louder than her voice"
34,옷소매붉은끝동,absolutely masterpiece never a moment i was bored could have been extended to one ep tho to see the the family life of deokim and yisan with their child but whatever it’s been a while i watched a kdrama with this much lack of flaws i think everyone should watch this.
35,옷소매붉은끝동,"perfectly made
THIS IS NOT A LOVE STORY"
36,옷소매붉은끝동,i have received emotional damage beyond repair
37,옷소매붉은끝동,"One of the best kdramas I’ve watched in a while. I have been raving about it to my family, and they’re probably sick of me lol. Idk where to start. I absolutely loved Duk Im’s character. Some kdramas try to depict the “independent cool smart girl” character, and they cannot live up to it… but truly, Duk Im hit the mark. She really loved and valued herself, and it showed through every single episode. Also, Lee Jun Ho… oh man… he was my bias in 2PM yeaaars ago, and whew my 12 year old self was smart. I underestimated his acting skills, and that’s on me. He is a wonderful actor. The friendship between the girls just made my heart melt. I loved them all. Another thing I enjoyed was how there wasn’t some third man character trying to start some weird love triangle as every kdrama tries to do. While this drama focuses on their love story, it occurs within the backdrop of San’s ascension to the throne. No frivolous side stories. Ugh okay loved it. This will be a drama I’ll watch again in a couple of years. I look forward to Lee Se Young and Lee Jun Ho’s acting career moving forward 👍"
38,옷소매붉은끝동,bucin deok im sama lee san banget pokoknyaaaa 💔❤️💔❤️💔❤️ gems of 2021 k-drama!
39,옷소매붉은끝동,"as it neared the end my heart just broke more and more for deokim. i’ll never forget that scene in ep16 where she waved goodbye to her friends and to court lady deokim. it’s as though she was bidding goodbye to her freedom, to the life that she wanted to live, to the life that she fought to have for so many years. 
as someone who’s really not a sageuk enjoyer, there’s smth so wonderful abt the red sleeve that made me so drawn into it ^___^
 see u in baeksang, seyoung nd junho <3"
40,옷소매붉은끝동,"junho was so pretty in those hanboks my feminism left my body. deok-im was a strong woman fr, i could not have rejected him even if that relationship was hell."
41,옷소매붉은끝동,"Although the love story between Lee San and Deokim was very touching (thanks to the beautiful portrayal of both Lee Junho and Lee Seyoung) what melted my heart throughout the show is the relationships built between all of the characters.
Deokim was an admirable woman. Her friendship with the 3 court maids, her loyalty towards the royal family, and her mother-daughter-like relationship with Court Lady Seo was endearing. But something else I loved was the way Deokim stayed as someone true to her principles up until her last breath.
One thing I know for sure is that all the characters had left an impression on every viewer, whether they were the antagonists of the story, the heroes, or even the supporting characters who gave more color to this drama. They were equal, and along with the storyline it became harmonious. And thats what made The Red Sleeve unforgettable."
42,옷소매붉은끝동,no bc this had me sobbing… also junho wow
43,옷소매붉은끝동,This show went downhill after EP 13.
44,옷소매붉은끝동,LEE JUNHO & LEE SEYOUNG U WILL 4EVER BE FAMOUS… no one warned me that it was a melodrama. i refuse to watch ep17 haha. also I requested this to be on letterboxd ure welcome 💋
45,옷소매붉은끝동,if i could give this show 100 stars i would. deserves every award divisible - still trying to take in ep17 and that final line “a moment then became an eternity” absolutely soul shattering
46,옷소매붉은끝동,"Deok-im: *waving her friends (and herself)*
My room: *oh please, it's just the 2nd day of 2022 and you already flooded me with tears*
It's over, but I'm not mentally prepared to say goodbye to this masterpiece. And knowing what actually had happened to them back in real life really ached my heart.
Thank you Lee Se-young, Lee Jun-ho, and the other crew. :')"
47,옷소매붉은끝동,i am not able to currently talk about this without turning into a crying mess so i will be back! sandeok forever!
48,옷소매붉은끝동,*emotions*
49,옷소매붉은끝동,I'll never know love 😭😭😭
50,옷소매붉은끝동,احتاج الوقت للتفكير وتحليل بعض المواقف والمشاعر حول شخصيات الكوبل وقصتهم تقريبا هو تصرف واحد ماقدرت اتوصل للنتيجة النهائية لماوراء ذلك! قرأت الكثير من التعليقات عن هذا الموضوع بعد ماانتهيت منه وغالبها كان مقنع بجانب معين، أنتظر فترة تتفلتر المشاهد بمخي عشان آخذ حكمي النهائي لها لكن كل هذا الكلام ثرثرتي الجميلة عنه لاغير لأن التقييم نفسه، جدا جميل ودوك إيم مدهشة وقوية والأكيد الكوبل كتناسق وصلني بمشاهد أقوم أقفز من الفراشات🦋
51,옷소매붉은끝동,"“ if this is a past memory, it is fine 
if it is a dream, it is fine 
it does not matter if i’m dead 
i will always choose this moment with you 
and hope this moment to not change “
man……"
52,옷소매붉은끝동,"loved this. great performances from everyone, especially the leads. very well done and emotionally evocative."
53,옷소매붉은끝동,"stunning.
if anyone is looking for some sign if they should watch this or not, this is your sign, ""watch it.""
this is a masterpiece of its own.
beautiful storytelling, impeccable cast. its wonderful seeing such strong acting from idol members, but hes experienced so that says something.
the tragic sacrifice a woman endures, because the king loves her brings in a lot of questions.
is love enough?
what lengths does one go, when one is in love?
duty and public responsibility vs personal attachment?
the way power can make you greedy and do things you would not have done if you weren't in that position of power.
the king was not bad or evil, he was just powerful and he knew that, she knew that.
the perfect distance which is neither too far nor too close, which she struggled to keep between them to keep herself safe and happy, was breached at the end, and if she had to chose between sacrificing her independence or him,
we all know the answer to that.
brilliant watch, hope it wins the baeksang award for best drama."
54,옷소매붉은끝동,"10/10 ( MUST WATCH )
اكثر شي يقهرني بالحياة اني ابي اتكلم عنه مع احد شافه ولافيه احد حولي يبي يشوفه
حرفياً كملته ببداية السنه ولاقدرت اسوي له لوق لأني ابي اكتب عنه بس عجزت اوصف كيف جميل ومؤثر"
55,옷소매붉은끝동,"Gua nonton ini karna liat posternya yg ciamik, dan ngg nyangka ni drama bakal sebagus itu. My best melodrama all the time."
56,옷소매붉은끝동,I thought I have move on already daaaaaam :)
57,옷소매붉은끝동,I couldn't stop crying in the last episode😢
58,옷소매붉은끝동,"hated the ending, wish I knew it was based on a true story before watching. otherwise cute"
59,옷소매붉은끝동,"the red sleeve 🤝 scarlet heart ryeo
emotional damage
historical dramas be giving me traumas,,, this is my last straw
but, allow me to simp #LetLeeJunhoLeadMyLife :>"
60,옷소매붉은끝동,wish someone would’ve warned/told me about the real life story this was based on because could no one prepare me for this ending this had no business being as heartbreaking as it was i feel like shit
61,옷소매붉은끝동,"The chemistry of the lead characters are so strong. The acting, cinematography are worth praising. Definitely a must watch series. One of my favorites series."
62,옷소매붉은끝동,finished today! very good i cried more than i was expecting to. i love the whole boy falls first trope. i eat it up EVERY time.
63,옷소매붉은끝동,Eating my tears for dinner
64,옷소매붉은끝동,"The Red Sleeve is a masterpiece of perfection. No doubt.
I'm totally in love. Its slow-pace delivery with engaging yet beautiful plot, astonishing cinematic detail that harmonize beautifully with its fabulous dialogues, and amazing performances from all casts."
65,옷소매붉은끝동,"i just wanted to watch a forbidden love/romance joseon era drama. what the fuck was this.
and as for using the “it was all a dream/nightmare” trope idk whether to applaud them for setting it up earlier or hating it because then what was the point of all that angst. 
edit: it was not “all a dream/nightmare”. what the fuck. why put all this angst into the last episode. what was the reason. literally everyone died."
66,옷소매붉은끝동,i still don't understand abt the ending but i love their chemistry tho
67,옷소매붉은끝동,well-executed drama. cried for a whole day because of the ending. this drama will forever remain a masterpiece.
68,옷소매붉은끝동,"Nahhh the way i knew i was gonna be a sobbing mess watching this drama and I WAS CRYING SO MUCH BY THE END OF IT i think 60% of the water from my body is spent BYE. also wtf??? This drama really opened my eyes to how romantic love AINT jack SHIT and that platonic love is so much better???? I cried so much thinking abt my friends cos i see them in the mc's friend group as well. Like wtf??? Such a personak attack sia cb. And also how their love story is soooo glorified and romanticised but in all honesty their love story was so fucking depressing. Like right people wrong fucking era type beat. Life was so unfair for people back then, especially when it came to personal freedom like FUCK. Their chemistry was off the fucking charts but holy shit was this drama depressing. 10/10"
69,옷소매붉은끝동,never getting over this
70,옷소매붉은끝동,"""the north wind blows cold, and the snow falls heavily. together with my dear beloved, we shall leave while holding hands. why are you hesitating? we are already pressing on time."" what about MY mental health?? 
i wish i was better with words, so i could properly explain how much this story means to me, nothing has ever made me feel as much as this one did. this is absolutely my number one favourite kdrama, number one favourite anything, and i don't think that's ever going to change. i have been sobbing for hours now, i need help
deok im and san i love you and you mean the entire world to me. i know this isn't just a love story as it's so much more than that, but i wish they were just ordinary people and my heart aches so much for them. part of me also hopes that deok im and her friends will meet again at the promised house.. every single character has made an impact on me and i ended up crying even for the supposed villains. it's just so beautifully written! beautifully shot as well, expressing character's feelings through their hands will always be my favourite genre and the actors did so well oh my god, obsessed with seyoung and junho!!!! 
i literally don't know what else to say, even though i desperately want to. i have no words for how stunning all of this is. it is so profound and heartfelt, so tragic but also so beautiful in so many way. it hurts me to my very core, i have been emotionally damaged and i will never recover, but i will also never forget this and i will never move on and it will stay in my heart forever :( <3"
71,옷소매붉은끝동,Junho in hanbok is a top tier 🙇‍♀️
72,옷소매붉은끝동,"being a woman in the palace during 1700s korea is such a tragic fate and they portrayed the power dynamic so honestly that i don't think i can view other romance period dramas the same way as before. the scene where royal concubine deokim says goodbye to her younger court maid self, her freedom and her friends had me sobbing! deokim's pov definitely made the show more interesting and i wish we saw more from it."
73,옷소매붉은끝동,"I can't refute to the ending because it's based on historical facts.
I just wish Yi San and Deok Im met in their next lives and lived happily.
Lee Junho and Lee Seyoung, what about my mental health? 😭"
74,옷소매붉은끝동,"李俊昊這麼性感的王放在各種情境下都覺得好沒說服力，宮女怎麼會不愛他或不想幫他洗澡？久違的發現自己還是有在愛男人（抱歉）
最喜歡相認方式那段，扇子掉到水裡讓倒影破碎，就覺得果然是韓劇做出的唯美，每集都有一些爆點，不會讓人覺得無聊，如果想不到爆點的話就讓王每個禮拜都洗一次澡好了。
演技都很好，好到覺得真的好煩，尤其是心意猶疑不決的樣子，雖然明白這是戲裡主打的虐戀、宮女視角，但坦白來說古代真的很難有這樣的人？看得出用各種不同的方式表達對於拒絕的心態鋪陳，但身為只想看一些浪漫愛情的觀眾就覺得太不耐了。不過也是前面鋪陳了這麼多，觀眾才會這麼投入，進而對太少的甜蜜片段而扼腕。
結局收束的很厲害，一直在想這種歷史劇到底要怎麼拍呢？導演想了很棒的方法來作結。照理來說我應該不能喜歡這樣的結尾，但她說服了我。
看結局的時候哭了半包衛生紙，隔天醒來眼睛像被打過一樣，難得可以哭的這麼開心，大概也是我喜歡的理由？
（廣寒宮真的有點太瘋了但其實很喜歡這種設定再合邏輯一點會更棒）"
75,옷소매붉은끝동,Orang dulu kisahnya seru-seru ye...
76,옷소매붉은끝동,"“And that moment becomes eternity.”
The regrets will never be repeated. In the afterlife he won’t leave her, he didn’t let go of her hand and always stay by her side.
ini drama sgt2 cantik dr awal episode dibikin ketawa terus menuju akhir dibikin nangis terus sinematografi dan ostnya jg BAGUS BANGET"
77,옷소매붉은끝동,it was a constant roller coaster
78,옷소매붉은끝동,"Historical K-Dramas aren’t my cup of tea but I’m still glad I watched this drama. It does more than your typical historical romance drama by showing the power dynamics between the lovers (king and court maid), realities of living in a palace and the loneliness that comes with royalty, power and prestige. 
Overall, a good drama. Kinda draggy at some parts but I think they were necessary for us to understand the characters better."
79,옷소매붉은끝동,"《衣袖紅鑲邊》
「倘若我真的愛上殿下，我絕不會讓他知道。就是我的一個小小叛逆，至少是我現在唯一能做的選擇。」
老實說我還好，不過結尾的確收得很棒。"
80,옷소매붉은끝동,Baru kali ini nonton drama gak mau main characternya bersatu... 🤷‍♀️
81,옷소매붉은끝동,Good but sad...beautiful scenes and emotional scenes....good acting.
82,옷소매붉은끝동,"There is no such thing as eternal happiness and eternal sadness in life, but there are eternal moments.
That is enough.
Jun-ho Lee simply impressed me."
83,옷소매붉은끝동,I fell in love with Lee Jun-Ho after avoiding him my teenage years. Also lee se-young is a gem!!!
84,옷소매붉은끝동,節奏掌握得很好，古裝劇但卻不沉悶，每集都小高潮，但不會讓觀眾覺得厭煩，反是精彩。選擇這段歷史的小說來改編真的很高明。
85,옷소매붉은끝동,"Maganda lahat. Kahit na mahaba yung episodes there wasn't any dull moment. Seyoung never disappoints when it comes to choosing her dramas!
P.s: I can't give this a five since they didn't include lia's ost :))"
86,옷소매붉은끝동,"literally so sad i cried for an hour straight in the last episode. absolutely tragic. deokim my love. still trying to take it in. ""a moment that became an eternity"" do u hear that? it's me crying"
87,옷소매붉은끝동,"I still didn't finish it but I'm going to rate it anyway and I'll update later.
Booooring. A lot of skipping lmao. It's only later later that it became better. And even so, still I was skipping 😅
It was funny in some parts.
Great performance in episode 12 from both the king and the crown prince.
Also I don't seem to guess where the story is going. It's very difficult to find the goal or the purpose of the story.
Anyway can't wait to see where it leads me.
I finished it but I'm keeping the 2 stars 😂 the ending was so rushed"
88,옷소매붉은끝동,i just know it’ll take months until i can fully recover from this drama t____t
89,옷소매붉은끝동,😭😭😭
90,옷소매붉은끝동,"one of the most heartbreaking kdramas ever. so unique and beautiful 🤍 wanna cry just thinking about it rn
it’s a lot more than romance. it’s more about life. how to be happy. how to be free. and the question of decisions in life. do we really have any choice after all. fate is such a cruel concept"
91,옷소매붉은끝동,rip san's mental health
92,옷소매붉은끝동,junho's so hot
93,옷소매붉은끝동,Mahal na ata kita Junho
94,옷소매붉은끝동,"نِهاية كُمي الأحمر مع بداية السنة الجديدة:(
قصة تاريخية عاطفية تجعلك تُبحر معها،فتارةً قد تجد نفسك تبكي في وقتٍ ما،وتضحك في أوقات أخرى.
كنت أُشاهد لقطات ما خلف الكواليس في أثناء انتظار الحلقة القادمة،الكيمياء بين جونهو وسي يونغ رائعة حقًا!
شكواي الوحيدة هي أنني أتمنى لو أن الحلقات كانت 20 حلقة كانت ستكون أجمل ، أيضًا الكتابة أصبحت سريعة بعض الشيء قرب النهاية ،الكاتب ركز بشكل كبير على الجزء الأوسط من العرض لكنه سارع إلى النهاية.
لكن عمومًا القصة مكتوبة بشكل جيد والأحداث سلسة لا تجد للملل مكان فيها،الإخراج جميل ومُناسب لجو الدراما وإخراج مشاهد المُبارزة جميل أيضًا على قلتها وعدم مِحوريتها:)
لي جونهو بشخصية ولي العهد يي سان: جونهو من الممثلين الآيدولز المُفضلين عندي ،جسّد شخصية يي سان بشكل مثير للإعجاب من خلال كتابة شخصيته الجيدة بشكل كبير،مُنذ طفولته وهُو يُعاقب على إثم والده الذي لم يرتكبه وهذا مؤلم أن يُعاقب طِفل لِمثل هذا لكنه ولي العهد! يجب عليه التحمل ليستطيع تحمل مسؤولية الإمة،كَبر ولي العهد لتُحاك عليه المؤامرات والخطط ويصبح الصديق عدوًا،كبر وهو قلق على مستقبله كملك ويُحاول حماية نفسه بأي طريقه،كَبر ليتعثر بحُبه لسيدة بلاط وقلقه من أنه تُصبح مُحظية للملك قبل أن يُصبح هو الملك،يالطفولة هذا الشاب! لكنها جعلت منه رجلًا يُعتمد عليه ويستطيع قيادة الأمة ، وهذا جُسّد في عدم استطاعته وضع دوك إيم في المرتبة الأولى برغم حُبه الكبير لها إلا أنه قيد نفسه بإحساسه بالواجب والتزاماته تجاه شعبه بأكمله. تجسدت رؤيته هذه في مشهد موت ابنهما بسبب مرض الجدري ، حيث يُذكِّر الملك دوك إيم بأنه أب للأمة بأكملها.
جونهو كان رائعًا كملك حقًا،يليق به:)
لي سي يونغ بشخصية سيدة البلاط دوك إيم: لم أُشاهد سي يونغ في أعمال كثيرة ولا أتذكر بصراحة رُبما عمل أو إثنين؟ لكن تمثيلها جيد وأدوارها متنوعة بشكل جميل،أكثر ما أحببته في شخصيتها هو حُبها وعلاقتها بصديقاتها كم كُن جميلات ولطيفات!♥️♥️♥️
عمومًا كانت دوك إيم تُريد حُريتها فقط،تُريد حُرية الاختيار،لذا كانت تقاوم أن تصبح خليلة للملك لأنها بذلك ستُقيد ، في البداية رفضت ولي العهد موضحة بعبارات لا لبس فيها مشاعرها بشأن هذه المسألة. لكن لأنه أمير مُتعجرف ومتطلب تُصبح خليلته في النهاية وتفقد ما كانت تُريد.
بين هذا وذاك مرّ الاثنان بالعديد من المغامرات والمؤامرات قبل أن يجتمعوا أخيرًا:)
 علاقة بدأت بخدعة واستمرت لتصبح أكثر لطافة في المنتصف ثم سارت في خط رفيع مُتقلب بين حقيقة العصر القديم وحقيقة الحب المزدهر بين الأمير الذي أصبح ملكًا وسيدة البلاط التي أصبحت مُحظيته.
سأحرص من الآن على مشاهدة أعمال هذه الجميلة:)
بالنِسبة للشخصيات الأخرى فأستطيع القول بإن المُمثل كانغ هون بشخصية هونغ دوك رو الأبرز وأكثر أداء جذبني أيضًا من الممثلين الآخرين، يستحق جائزته فعلًا:) كانت أول مرة أشاهده فيها لكنه أدّى دوره بشكل جيّد رغم قباحة شخصيته وإتسامها بالغدر والخيانة:)
طبعًا المُمثل القدير لي دوك هوا بشخصية الملك يونغجو كانت له أداءات جميلة أيضًا خصوصًا عندما كان يظن بأن يي سان ابنه وليس حفيده، كم لمسني ذلك المشهد ،عندما طلب يي سان من الملك مُعاملته كشخصه هو ليس كشخص والده المتوفي...
""انظر إليّ لا إلى أبي""
أثر فيّ جدًا."
95,옷소매붉은끝동,the red sleeve crew just love to see me suffer until the end
96,옷소매붉은끝동,"And the moment became eternity
I love ths drama so muchhhhh❤❤❤❤❤❤ There are simply not enough words to explain the brilliance of ths drama . From the story, pacing, dialogues, acting, cinematography, music score, OST, costumes, all the detailss so perfecttt😭
Best casts ever and storytelling. So much love, pain and angsty 😭 It would be our ethernal memory too. Junho and seyoung, thanks for being yisan and deokim... they're blooming perfectly in our hearts."
97,옷소매붉은끝동,"a lot of the earlier episodes kind of reminded me of scarlet heart (my favorite kdrama). the politics of this had great potential, however after about 7 episodes of the crown prince’s enemies absolutely failing to do anything significant, it became clear to me that no matter what they did, the protagonists would always be able to counter them. the king and queen were likeable (very, i liked them a lot). another thing i thought was missing are the osts, WHERE ARE THEY?? i barely heard any. also there were a lot of times when the main characters did questionable things. anyways junho did so well 😭❤️ se young too. i like the last 10 minutes and how they showed san’s death."
98,옷소매붉은끝동,"""Mental illness"""
99,옷소매붉은끝동,내 인생 드라마.
100,옷소매붉은끝동,"this drama made me way too emotionally attached to these people.. i cannot began to explain how much they mean to me... even if you don't like historical dramas or kdramas in general, you MUST watch this one! this is it, this is IT!!!!!
SEONG DEOK IM, I WILL ALWAYS REMEMBER AND LOVE YOU DEARLY!!!"
101,옷소매붉은끝동,traumatic.
102,옷소매붉은끝동,"Impeccable acting and starts with one of the best first episodes I've ever seen. At times the plot seemed a bit tiring, but that didn't erase the power of this drama.
LEE JUNHO SUPREMACY."
103,옷소매붉은끝동,i love angst. i love crying. i love being in pain.
104,옷소매붉은끝동,"- some silly scenes
- Duk-im is so annoying but make sense"
105,옷소매붉은끝동,too long but i'm simping for lee junho
106,옷소매붉은끝동,"i literally watched this bcs i saw few clips on tiktok and THEY MADE ME GIGGLES !! BUT to my surprise, I didn’t saw THAT coming ㅠㅠㅠㅠ the red sleeve wrecked me ㅠㅠ consort sung ㅠㅠ"
107,옷소매붉은끝동,In my mind this ended after Deokim was exiled of the palace and she lived an independent life reading folktales with her friends. But a happy ending is an undesired marriage with the king i guess 🙄🙄.
108,옷소매붉은끝동,"It is a drama that tackles the freedom of choice. A drama that showed the notion of female empowerment. It is a drama that discussed the lives of the women in the palace, specifically the court ladies. 
“The king loved the court lady. Did the court lady loved the king?” This tagline made us curious as we watched this drama. Romance on the outside, but there’s more within. The acting, the cinematography, the soundtrack, they’re all top notch! Kudos to Lee Se Young and Lee Jun Ho, and to all for making this a wonderful drama. 
The tears, laughs, anger, frustrations are all worth it. We know it is a melodrama, and we signed up for this. In conclusion, it is a RECOMMENDED drama. A really good watch."
109,옷소매붉은끝동,"""Everytime I am alone I keep calculanting. What have I earned here? What have I lost? I am happy today. Some days i am sad. That is what life means after all. I cannot always be happy or always be sad.""
The Red Sleeve foi a maior surpresa e um grande presente em meu 2021. Minha referência de sageuks é bem limitada, mas esse drama veio para superar toda e qualquer expectativa que eu tinha. Na minha concepção toda a construção dessa história foi incrível, desde a escolha do elenco, a composição das osts, principalmente a parte orquestrada, até a forma como escolheram abordar determinados assuntos e narrar a vida da Deok Im e do Yi San.
Não tem como falar de The Red Sleeve sem citar o que eu acredito ser a alma dessa narrativa, afinal a manga vermelha pode até dizer respeito ao rei, mas a verdade é que ela é muito mais sobre os punhos de uma dama da corte e é justo essa mesma personagem quem enriquece a história. É sobre Deok Im e sua tragédia pessoal, é sobre essa mulher que aparenta ser invisível e sem voz, mas sabe usufruir da pouca liberdade que tem em prol de uma vida simples e tranquila. É sobre uma mulher que luta por ter escolhas e para dar escolhas aquelas aque também não são ouvidas, ela é símbolo de coragem e faz o possível para sobreviver, mas não aceita ser anulada. Ela tem vontades, convicções e faz questão de expressar isso e deixar claro que nem mesmo aqueles que a consideram pequena tem o direito de silenciá-la. Com tão pouco em mãos, ela consegue dar voz, visibilidade e proteção a tantas pessoas, e não satisfeita, ainda se faz presente nos cantos mais solitários e vazios do palácio. A dama da corte tão pequena e ordinária preenche de vida e conforto os corações mais machucados e tristes."
110,옷소매붉은끝동,"buat timeline tahunnya agak bingung si, karena pemainnya gk keliatan tua 😭 tp cukup bgt bikin banjir air mata. dan berdasarkan sejarah dgn bumbu fiksi penulis 😭🔫"
111,옷소매붉은끝동,No loving will be like yours.
112,옷소매붉은끝동,"beautiful drama.
kudos buat akting, sinematografi, alur cerita, eksekusi ending, Junho iinuneo, Seyoung, Sutradara, Penulis dan seluruh Tim Red Sleeve. kisah cinta Raja Jeongjo dan Uibin dikemas dg indah oleh mereka.
baper baper aku baper"
113,옷소매붉은끝동,lee seyoung ilyyyyyy baeksang best actress i’m calling it now
114,옷소매붉은끝동,a masterpiece
115,옷소매붉은끝동,#이세영 #이준호 LOVE YALLLLLLLLL
116,옷소매붉은끝동,"QUEM VAI PAGAR MINHA TERAPIA ????
QUE SOFRIMENTO
mais um dos melhores drama do ano
um ótima surpresa"
117,옷소매붉은끝동,"A masterpiece for sure. Well deserved ratings and awards, definitely an unexpected dark horse, favourite drama of 2021? A kdrama hasn't made me cry in a really really long time, especially a saeguk. It reminded me of the old 00s and 10s saeguks like dong yi, yi san and jewel in the palace, so I felt a sort of nostalgia whilst watching it. The chemistry was so beautiful and the acting of both the main leads and even the supporting actors yes *chefs kiss* ahh I'm missing lee junho and lee seyoung already :'( The plot just kept of giving and I'm glad they stuck to the history and timeline with the last two episodes, it made the story even more bittersweet and memorable, realistically telling the plights of deok im's situation. I love that the story centered around deok im's faithfulness to her duty as a court maid and the ones around her, as well as her will to live her life as her own above just falling in love with the king. It was fun to see such a gutsy and challenging female lead, definitely out of the norm to see the king getting turned down that many times lmao. Also PSA lee junho's voice portraying the king damnnnn, I hope he does more saeguk roles. Not only yi san and deok im's relationship but the friendship between deok im and the other three court maids really struck me, it was so beautifully portrayed, especially that one scene in ep 16 bawling my eyesss out :'( The title is soso perfect and well thought out, very telling of the whole dramas dynamics. Definitely not forgetting this one, theres tons of saeguks coming out recently but none of them have made a lasting impression, this ones in the top 5 of all time for sure and I will be rewatching!"
118,옷소매붉은끝동,"the way i got emotionally invested to this drama... i wanna thank that one twitter acc for translating some novel scenes and for dropping historical facts about king jeongjo and his concubine, uibin. i thought scarlet heart ryeo was painful enough, but no. red sleeve came and wrecked me, more.
there's a particular scene that i think is gonna linger with me for a long time... yep, thats right. the one where deokim bid goodbye to her friends and to her court lady self. heartbreakingly beautiful.
thank you lee seyoung, lee junho & to everyone involved in this masterpiece drama that is The Red Sleeve."
119,옷소매붉은끝동,"The only sageuk drama that I watched so far, I don’t really like historical drama but this one has changed my mind. I am in love with this drama, um wait, this drama actually more of like a movie, cause it’s just THAT beautiful. 
Ah to good indeed😭"
120,옷소매붉은끝동,"One of the best historical romantic korean dramas I’ve ever seen. Top notch acting, chemistry, cinematography, script… it has all the feels"
121,옷소매붉은끝동,"episode 17 doesn’t exist. just no. 
loved the drama. it’s the best historical kdrama i‘ve ever watched."
