,title,reviews
0,서른아홉,"really really wish i enjoyed this but i just couldn't bring myself to because of how high they turned up the melodrama, i wish there was some amount of balance there. The show kept going around in circles, they did SO little in the span of 12 eps.
also HATE how Jo-hee is just an afterthought for them in most eps and i know that it's addressed but it really isn't enough because it's immediately forgotten, what about the growth in their dynamic, everything feels stunted and stagnant with the characters ugh so many missed opportunities."
1,서른아홉,"yep, i’m never recovering from this one!"
2,서른아홉,"i'm sorry but the way they left joohee out of the central relationship (mijo & chanyoung)—despite selling this drama with a main TRIO— right until the end just doesn't sit right with me
which was such a shame because i liked many things about this drama. but everytime they go ""mijo and chanyoung bffs forever! joohee who?"" in my face, i just get a little bothered"
3,서른아홉,"Good, but I need more of Johee’s story, Johee’s POV, Johee’s screen time."
4,서른아홉,mijo and others
5,서른아홉,"beautiful and so very sad. the casting was great and the pairs were sweet. only complaint is they should have focused on joo-hee's friendship with chan-young just as much, despite being a trio, the show sort of always felt very biased in mi-jo's favour. even joo-hee's romance was stunted, we saw her crush but not his appeal from his point of view. they could have wrapped it up in 10 episodes at least and done a little more character development. i started this one bc i thought it was about finding love at 39 and it technically is but.... yeah :("
6,서른아홉,"They’re just like me, on the couch eating ice cream while watching Girls’ Generation on Knowing Bros."
7,서른아홉,"grief, truly, is love with nowhere to go"
8,서른아홉,the brunch scene really makes chanyoung the happiest terminally ill person
9,서른아홉,"""We started out as three, and now the two of us are left here missing you."" this is so heartbreaking"""
10,서른아홉,what is grief if not love persevering indeed
11,서른아홉,"Kinda dissapointed because I think Jo Hee deserves more screen time & pov, like I wanna know what’s inside Joo Hee’s gift? Sorry but, even Seon-u got more screen time than her. Anyway let’s talk about Lee Moo Saeng, he delivered the character really great! 
nb: just prepare yourself."
12,서른아홉,"A 12-episodes series that revolves around friendship and how they prepare themselves for one's impending death. I can't help but cry every episode because all the tears shed here felt real.
At first, I was also annoyed by Joo-hee's short screen time compared to Chan-young's and Mi-jo's. But after having some thoughts, realizing that Joo-hee also acknowledged her being left out (not because of the bad writing), I think that is also one aspect that makes this series realistic. Life isn't all sunshine and rainbows.
Last but not least, Mi-jo is very clever for turning the funeral list into a brunch invitation list. That scene broke me, and I'm still in pain. 😭"
13,서른아홉,i feel sad for joohee and that one of her last moments with chanyoung was her telling her that she felt more sorry for mijo than her like wtf :(
14,서른아홉,"Jangan mudah tertipu dengan judul dan posternya yang terlihat ceria. Drama yang disutradarai oleh Kim Sang-ho bukanlah hanya kisah kehidupan tiga sahabat diumur mereka yang ke-39, melainkan juga tentang merelakan kepergian salah satu dari mereka.
Dengan plot dan subplot dijahit rapi dalam 12 episode, visual yang enak dilihat, beberapa soundtracknya yang merdu di telinga, dan tentunya susunan pemain yang tampil mengesankan, tak bisa dipungkiri bahwa drama yang ditulis oleh Yoo Yeong-ah masih punya beberapa kelemahan. Namun, berkat Son Ye-jin, Jeon Mi-do dan Kim Ji-hyun yang tampil begitu meyakinkan sebagai sahabat dengan kualitas akting mereka yang mumpuni serta para aktor-aktris pendukung yang pandai mengolah emosi, kekurangan ‘Thirty Nine’ pada akhirnya bak semut diseberang lautan, tak terlihat."
15,서른아홉,"""no matter how prepared you think you are for the death of a loved one, it still comes as a shock, and if hurts very deeply"""
16,서른아홉,แด่มิตรภาพที่งดงามอยู่เสมอ
17,서른아홉,You best believe I bawled my eyes out.
18,서른아홉,"watch this when you're in the mood for crying.
tbh, sometimes i feed sad for joohee because she was often left out, but i think thats also realistic in some friendship. some of them can be closer to each other but it doesn't mean the others aren't important.
mi jo is someone who is really considerate but also very melancholic, she really makes everyday feel gloomy. well, it is indeed. so that's why i suggest you to watch this when you're ready to be sad.
i really like the scene when they break the shop glass to take the cake, it is so bittersweet. tbh my most favorite ep is the last ep, it is pure sadness but very beautiful."
19,서른아홉,"SOOOO, i literally cried every single episodes. heart warming? yes. lovely? yes. but it is so unrealistic bcs their relationship was so dreamy. sad but kinda not? but other than that, the performance of the casts were goooood especially who played Jinseok Oppa. seen him once for a minor role, but he is definitely qualified for a main role in the future. excited to see more of jeon mido, i think im a fan of her?! she is just so charming in so many ways. the casts are good but the story line is so-so."
20,서른아홉,"Such a good show.......I think the roles were casted perfectly, and there was never a dull moment. The last episode was so so nice, it showed so many emotions surrounding chanyoung and it was nice to know that she was loved in her final moments. I saw a few people saying they wish the show dove more into her relationship with Joohee, but I thought it done in a more realistic way. It's okay to love and cherish friendships differently, and I don't think Chanyoung was worried about Joohee because she expresses her feelings all the time. Where Mi jo bottles them up and doesn't want to burden her loved ones. I like how the overall theme was about love amongst friends, often in kdramas there'll be a romantic element and friendship element, but the romance always trumps. This drama exclusively focused on 3 life long friends and their journey together. This drama didn't rush women into dating and getting married. I really really love this show, definitely will rewatch in a few years (wounds too fresh rn....💔😞)"
21,서른아홉,"it’s about matured friendship in their late 30 to tell us about love, family, and loss. i wish my friendship stays like that even though through up and down but still remain the same. 🥹🥹"
22,서른아홉,this show did irreparable damage to my psyche & i’d watch it again if i have to !
23,서른아홉,"Cha Mijo and friends should be the title.
Justice for Joohee too!"
24,서른아홉,"most of the main cast i would have sex with
except for jin-seok
fuck jin-seok"
25,서른아홉,"i did not shed a single tear while i was watching this, even when the friend died. just couldn’t get into it I GUESS"
26,서른아홉,Drama ini memberitahuku klo masih ada orang sahabatan kek anak SMA biarpun da umur diatas 30an. Iri betul.
27,서른아홉,"korean🇰🇷
🌕2022 ranked 
thanks to you guys, my life couldn't have been better.
didn’t have a great start and i was disappointed because it seemed to focus on the lovelines more than the friendship between the trio but it got much better as it progressed… didn’t actually really like mijo though lol and I wished they didn’t keep leaving joohee out and making it like mijo and chanyoung were besties and joohee was just a side bonus friend ??
the ending still broke me so badly 😭
(siwan’s cameo though and run on,, they mean the world to me)"
28,서른아홉,nothing warms my heart more than seeing a loving and mature relationship amongst friends depicted in media in a very positive manner❤️ friendships can be messy at times and they can also be some of the best relationships you’ll ever develop in your lifetime. these past two months with this show has been so wonderful to watch as i felt reflected and moved by the 3 leading characters. not once did i ever doubt their love for one another and i think this kdrama will stick with me for awhile.
29,서른아홉,"""I'll visit you in every season.""
Beautiful and tender and tragic, Thirty-Nine both warmed my heart and broke it in two. It's a difficult but extremely cathartic watch if you have walked with a loved one through a cancer diagnosis or similar process of farewell. It would've been so easy to veer too far into either levity or melancholy, but Thirty Nine strikes an impeccable balance. Its characters come alive, and I've rarely seen media portray the dynamics of feminine friendships so well—their teasing and resilience and enduring love. Romantic love is also important in Thirty-Nine, but it is ultimately complementary in the lives of Mi-jo, Joo-hee, and Chan-young. We witness the trio's affection blossom across years, even after death.
The theme of adoption is also incredibly important and handled with such care. I can hardly summarize my admiration for what Thirty-Nine accomplishes in twelve episodes. I laughed and cried; I recognized parts of myself and my story and also what it might become."
30,서른아홉,"trying to understand how this show ended without a cha mijo lesbian reveal also joohee deserved better i would’ve watched a whole seperate show with just her

[started: march 12th]"
31,서른아홉,"I knew Son Ye-jin is an excellent actress but RENT WAS DUE AND SHE PAID IN FULL.
Also immensely happy that 5urprise members are getting the roles they deserve."
32,서른아홉,justice for joo-hee and hot chef.
33,서른아홉,"Well, I cried a lot about their friendship not their love stories."
34,서른아홉,"As scar from lion King once sang be prepared because this drama dropkicks you out the tears inside and pursuing out like a waterfall. I had no idea that this drama was gonna turn out this way I Innocently thought it was the usual kdramas about friendship and finding love but wow this hit too hard from dealing with all the friendship politics to emotional drama when your friends are your rock to get through some tough shit. I watched this for jeon mi do as I loved her in hospital playlist and my god she's amazing in all the ways what a powerhouse. I cannot wait to see her in more dramas~ It was a rollercoaster of a drama but it still lacked in a lot of ways. I'm frustrated that they did not focus on joo hees POV as much as mi Jo's when it came to ALL THAT and the constant shine on mijos character bothered me because this drama was about the trio and really didnt come across that way but I guess the irony is that friendships do happen like this in real life and I related to joohees character a lot. The pacing of the drama was slow at times especially after we found out about chan young and only hit the ball out of the park closer to the end, the actor who plays jinseok my god the way he cries is top tier quality and broke my heart each time and when everytime you looked at him looking at chanyeong. I wished the drama focused on the trio more and how we only got one scene of all 6 of them is so blah. I didn't mind the ending I was too busy crying throughout the last two eps especially when chanyoung had her own brunch living funeral and the way it filmed from her pov was just *chefs kiss well done director and when they all finally watched her movie - as I am getting older and know that my friends are the most precious people in my life and knowing i too have lossed and gained. This drama has a special place in my heart for showcasing real life issues that puts everything in perspective. Cherish your parents, cherish your love ones, cherish your time on this earth and want to do all the fucking cliche things that bring you joy."
35,서른아홉,give my girl son yejin her oscar
36,서른아홉,"To me this was a really well made kdrama about friendship and the last of life death. Also this kdrama showcases the three main stars acting like Son Ye-Jin. Her acting was like when she was in “The Truth Beneath”. She really good in this and I cannot wait for her Hollywood debut! The second one was Jeon Mi-Do who was great in this one. Letter box hasn’t posted reviews for other masterpiece kdrama “Hospital Playlist “, where she was really good in, and who avid fans of kdramas. The third and final one is Kim Ji-Hyun. The only acting that I have seen her in is “Artificial City”, and as soon as letter box puts that one up I’ll let y’all know how I felt about that one. In that kdrama I didn’t really care about her character, but in this one she made me a fan of hers, and I enjoyed seeing her on screen and happier then her character in the other kdrama where she was mean and cold. The supporting cast was great as well like Yeon Woo-Jin, Lee Moo-Sang, Lee Tae-Hwan, Ahn So-Hee, Kang Mal-Geum, Seo Hyun-Chul, Lee Ji-Hyun, and Nam Gi-Ae. Definitely a kdrama that will talked about generations to come."
37,서른아홉,"Good premise, some good moments but no so good execution"
38,서른아홉,"honestly, i can relate with joohee character. i don't know, but i feel the same. imagine when your best friend is close to your another best friend but not that close to you also they never tell you anything. that's a sad part of friendship, isn't it? so i love joohee character eventho her character isnt as strong as chanyoung and mijo.
and yes overall, i think thirty nine was a brutally sad story. i mean i can't imagine how i lost my best friend, daaaang i can't!!! watching this reminds me that i will never get tired of saying how much i love my best friend and it's so true."
39,서른아홉,"good thing they capped this off with 12 eps. there was a great emotional connection between the characters and the viewers, and will resonate with anyone who have close friends as treasures and yes, family."
40,서른아홉,taught me alot about timing and how to say when to say. the female friendship was superb — have goosebumps jst thinking about it. made me bawl in the worst and best way possible. life is never like how u planned it
41,서른아홉,"They had a beautiful friendship, but we can’t deny that Joohee was less closer than the two. She was always the last one to know about things, she was not included during important discussions, and it pains me because she’s well aware of this. When Chanyoung asked Joohee to give the gift to Mijo when she’s having a hard time, I thought, wouldn’t Joohee feel the same thing after Chanyoung leaves? We also didn’t see much of her story throughout the drama, like the things she had to give up when her mom had cancer, the buildup of her romantic relationship with Hyeonjun, and her nail art shop. Jang Joohee, let me hug you :("
42,서른아홉,akala ko magtatawanan tayo rito ANO 'TO
43,서른아홉,i am an emotional wreck somebody check up on me
44,서른아홉,so totoo pala ang sinabi nila na kapag tatlo ang mag bestfriend may isa talaga na ma le-left out
45,서른아홉,"the concept of the show they sold to the audience vs what we actually got is two very very different stories.
wonderful acting from the three women, but it fell short because of the way the story was constructed. it ended up being more about mijo's life ft her friend chanyoung and johee added as an afterthought. so many unneccessary subplots that added nothing to the show (idgaf about mijo's birthmom scamming her parents/her, seonu's sister and dad, and the restaurant owner - who had like 0 chemistry with johee might i add). also was anticipating a lot more with chanyoung's death scene but it was quite underwhelming considering what i felt was a huge build up leading up to it.
that being said i cried quite a bit watching this, and the first two episodes were really great. the three women had great chemistry and i loved watching their interactions - i wish there was more of them together, and i wish they committed the story better to the idea of making chanyoung the happiest terminally-ill person like mijo said"
46,서른아홉,joohee is the friend that walks behind them when the sidewalk can’t fit all three of them
47,서른아홉,"Bawled my eyes out for this one. The story is beautiful and very touching. This drama made me afraid to grow old, to keep wonder what the future holds for me, for us all.
Their friendship is so superior, it’s just that they’re too focused on Mi-Jo and Chanyoung while there’s Jo-Hee. All of the male lead were all too perfect, they’re basically male characters written my female writer. Overall, I enjoyed this drama but I’m not going to rewatch it ever again because of how heartbreaking it is."
48,서른아홉,"This slice-of-drama is such a quick watch, not because it’s an easy, light, feel-good watch but because there were no hidden agenda. From the first two episodes, we know what the ending will be. The rest of the episodes just shows how to get there, and how to make the most of the rest of the character’s life. Because it also features leads in their late 30s, we see more mature, no-nonsense conversations and smart decisions that are often present, cute albeit sometime annoying, in most teen, romance dramas. 
Both Mi-jo and Chan-young are such great characters. A pity though because they could have included Jo-hee more. And while I still do not approve of Chan-young and Jin-seok, the show provides a variety of life and love dynamics among our three leads.
Kudos also to Chan-young’s mom. Superb acting in episode 8 — from fuming mad/enraged to utterly confused and painful sadness; i saw it, i felt it. 
Side note: tweets I tweeted while watching the show —
At first, I thought this Seon-u — Mi-jo pairing seems a little too convenient. It was too easy to create a love story between them. Then I realized with episode 7 that it needed to be the case. Their shared background, though borderline distasteful, actually wasn’t because it allowed them to learn and grow together, farther than any normal partner would. They have insights on each other, which proves to be useful."
49,서른아홉,"This was supposed to be a story of 3 friends but Jo Hee was always out of the picture, so kinda disappointed with that.
Not disappointing tho was Jin Seok's top notch acting in one particular scene.
All in all, heavy and boring (sorry!) but the last episode is 😭😭😭.
Would not recommend."
50,서른아홉,😭
51,서른아홉,i just lose my granddad because of cancer so yeah total tearjerker 🤪
52,서른아홉,"i kept thinking and thinking and thinking while watching this — but eventually i would think that i need to push my thoughts aside and just live for a bit.
for me, this was all about regret. what do regrets look like? what forms do they take? when do they manifest? which ones are less regretable than others? why?
it's an inevitability, regret. but it's also the cause for so much joy and beauty and love and if you think about it that way,
you don't regret it at all."
53,서른아홉,"I really loved this drama, and cried so much in every episode. 
It’s visually very captivating and the story is heartbreakingly beautiful. 
I really want what they all have (except you know, that thing)
My only complaint is that they gave us just ONE scene with the six beloved characters."
54,서른아홉,"if there are 3 besties, possibly one person will feel being left out."
55,서른아홉,"dealing with loss and grief is never going to be easy. but isn’t is better to get a chance to say goodbye? it won’t hurt less, but you’ll have a few less things to worry about when they are gone. 
the reason i could not stop watching thirty-nine is its beautiful characters. rarely do you get to see characters on screen that act, behave, and feel the way we do in real life. the raw human emotions with their ugliness are not always easy to show on screen but this story was perfect for that portrayal. 
the show does not paint an all-is-rosy picture of the world, rather it emphasises on the importance of having people in your corner so you can face the ugly truths a bit easily. 
i wish they had showed more of certain characters’ stories but i’m still very satisfied with thirty-nine."
56,서른아홉,"bentar, bentar. gue agak bingung mau ksih ripiyu kayak gimana. perasaan masih acak adut banget ini pas selesai nonton eps 12.
bintang lima buat kemampuan drama ini yang sanggup mengangkut kami kaum-kaum jarang menangis karena lumayan bisa dipake buat numpang mewek HAHAHAHHAHAHAHAHA
overall gue sih suka suka aja ya. line up main leadnya oke oke semua, cantik-cantik! apalagi dua diantaranya (yang gue kenal) kemampuan actingnya ngga main-main. sayangnya, sutradara kurang menggunakan kesempatan ini secara maksimal. contohnya, di beberapa episode pertama gue sempet keganggu sama pengambilan shot yang terlalu banyak potongannya. maksudnya kalo mereka lagi ngobrol berdua kenapa ngga lebih banyak ditampilin dalam satu frame aja gitulooo jangan dipotong2222 huft.
selain itu, pembagian cerita ketiga tokoh utama ini terlalu berat sebelah ke cha mijo ya. mungkin karena itu di poster doi jadi center kali ya? hm. karakter joohui juga kurang dikulik, bener-bener kayak dikesampingkan sama mijo & chanyoung (itulah kenapa pamali temenan bertiga).
dinamika plotnya asoy geboy banget. jujumpalitan kalo kata orang sunda mah. sedetik nangis, sedetik marah, sedetik ketawa, sedetik gemes. awal-awal masih seru, tapi ke belakang-belakang rasanya kaya diburu-buru gitu.
tapi teteup, guhe suka. apalagi ostnya!!!! anjrit lah. pengen nangis mulu kalo intro ostnya mulai muncul!!!"
57,서른아홉,JUSTICE FOR JANG JOO-HEE!!!
58,서른아홉,One of the best k-drama😭😭😭😭
59,서른아홉,seonu is the most perfect ml i love him
60,서른아홉,😭😭😭😭😭😭😭😭😭😭😭😭😭😭😭😭😭😭😭😭😭😭😭😭😭😭😭😭😭😭😭😭😭😭😭😭
61,서른아홉,I just came to vibe with Mido after Hospital Playlist and now I'm dehydrated after crying for half an hour. If they start messing with me on 25 21 i will literally pass away.
62,서른아홉,what’s sick is that none of this would have happened if mijo and chanyoung just got together and the writer knows it
63,서른아홉,"The finale was beautiful and really captured the essence of the show. However, the series overall lacks in depth and spends too much time in bland subplots. I loved the trio but Joohee deserved more and I absolutely love Son Yejin but Mijo was a bit underwhelming as a character."
64,서른아홉,"chorei tanto com a amizade delas aff que dor, mesmo sabendo da morte doeu demais"
65,서른아홉,ดูเพราะจอนมีโดจากหมอๆ เป็นอีกเรื่องที่ดูพร้อมกันกับสองเรื่องก่อนหน้า ก้เป็นอีกเรื่องที่มีปัญหาเรื่องช่วงวัย แต่รู้สึกเปิดปมมาเกินไปหน่อย ไม่ค่อยชอบเวนี้ก็เลยเฉยๆตั้งแรกแล้ว แต่ก็ดูจนจบ ง่วงเหมือนกัน
66,서른아홉,I cried almost every single episode. It was a beautiful drama and really hit me where it hurt lol.
67,서른아홉,"thankyou for the life lessons of the importance of having a genuine relationship with family, best friends, and partners in life. the last episode really made me cry like a river."
68,서른아홉,"i need more of joohee, she's a main character also :((("
69,서른아홉,"What a wholesome cryfest. I wanted to keep watching because it was so good, but didn’t dare to keep watching because I knew what was coming 🥺 Truly made me ponder about life and death, hope and loss, and friendship and family."
70,서른아홉,"emotional rollercoaster!!!
it has warm moments that give you comfort but of course, the underlying pain is always present. i tried to love it as much as i wanted to but advertising it as having the trio as the central leads while making joohee as an afterthought riles me up."
71,서른아홉,😭😭😭😭😭😭😭
72,서른아홉,"how can something be so utterly depressing yet wonderful at the samE GODDAMN TIME
((sorry but joohee being left out so much is actually very true to life with most trio friendships lol))"
73,서른아홉,"really heart touching story 🥺
about friendship ,romance ❤
The story is beautiful and truly a different story 😌
It's beautiful to see the lives of those who are associated with friendship and love 🥺🥰❤"
74,서른아홉,"Hiç bu kadar ağlayacağımı tahmin etmemiştim. Son bölümde yanımda peçete(ler) bulundurmam gerekti. Kalbim parçalandı, oyunculuklar o kadar doğaldı ki, ister istemez empati kuruyorsunuz. Allah kimseyi sevdikleriyle imtihan etmesin.
Öncelikle en çok sevdiğim kardeşim, yani en bestie dostum, sonrasında canım arkadaşlarım, iyi ki varsınız. Canım ailem bana her zaman çok iyi baktınız, iyi ki sizin kızınızım.
Tekrar izlemeye kalbim dayanmaz ama 10 numara dizi. Chang young yerinde, rahat uyu. Joo hee ve mi jo mutlu olun."
75,서른아홉,"Wish we had gotten more of certain characters, but overall I do love how this is a story of platonic love between female friends. Cast was so good!!!"
76,서른아홉,"“But when I think about you, I’m sad because I already miss you” 

Was trying to put off the last episode, but as expected, cried my whole way through the finale. 
찬영 💔"
77,서른아홉,I go from kicking my feet to giggling and then sobbing
78,서른아홉,"Menguras air mata, teaejerkernya kreatif buatku, soalnya nangisnya emangbsedih sih, tp sambil bikin lega bahagia juga.
Ak sula gimana romansanya begitu dewasa, karakter2nya ngehandle konflik secara dewasa"
79,서른아홉,cried so much while watching this
80,서른아홉,Was marketed as a trio drama only to end up as cha mijo’s self centred. I know that son yejin is popular (no offence to her) but 70% of drama are about her. Joohee is like an outsider from the trio and supporting character in this drama.
81,서른아홉,Heartwarming & heartbreaking. Mi jo was a bit of a narcissist though and the group’s friendship felt imbalanced @ times
82,서른아홉,wow he was so good in marriage not dating and made me feel so many lovely things in this too🥺🥺 but what i loved the most was the friendship between the three women🥺
83,서른아홉,So so.
84,서른아홉,forever jealous of their friendship
85,서른아홉,"WOAH GILA!! one of my fav drama di tahun ini, bener2 sebagus gitu, BANYAAK SEKALI MAKNA KEHIDUPAN YANG BISA DIAMBIL, dan setiap epsnya akan selalu mengurai air mata huehehhehehehe"
86,서른아홉,Just think of me from time to time.
87,서른아홉,"Sorry but i'm not really calling this a female centric kdrama if joohee is just left out 😕, this is more of 'Mijo-Chanyoung-Seonwoo' trio rather than 'Mijo-Chanyoung-Joohee' trio.
Even if that problem was addressed it was never solved ? Joohee is just an afterthought. Really could've been great if seonwoo's fam story did not eat up that much of that story LIKE THAT BIG CHUNK I SCREENTIME COULD'VE BEEN GIVEN TO JOOHEE INSTEAD.
The romance could've also been cut off (well not fully, but the thing is mijo and seonwoo's love story ATE WAY TOO MUCH) Again, if it wasn't for the loveline we could've gotten a lot more joohee scenes, better yet AN ACTUAL SHOWING OF THEIR FRIENDSHIP, i mean how many scenes do we have with ALL 3 OF THEM TOGETHER??? Not just mijo and chanyoung BUT WITH JOOHEE.
It could've been such a great kdrama IF THE WRITER JUST INCLUDED JOOHEE MORE LIKE IT WAS SUPPOSED TO!???!?!? EVEN JOOHEE'S LOVELINE WASN'T SHOWN MUCH???? ONLY IN THE ENDING!!!! ENDING.
Sorry if this was more of a rant on how joohee deserves better BECAUSE SHE DOES DESERVE BETTER. Impactful scenes were just the two, WHERE IS MY JOOHEE????
(I finished this weeks ago i just couldn't remember when)"
88,서른아홉,"Saat salah satu teman dari ketiga wanita divonis penyakit kanker, mereka mulai mencari kebahagia & meninggalkn kenangan"" terindah. sinematografinya bagus, kisah keluarga, asmara & persahabatan yg heartwarming. Nonton ini hrs sediakn tissue yg bnyk 😭"
89,서른아홉,i cried.
90,서른아홉,I didn't watch the preview or trailer of this drama so I had no idea what I was getting myself into. I was sobbing so hard in the finale T__T
91,서른아홉,💔
92,서른아홉,"Bagus sekali, cocoq buat aku yg sedang ditampar realita 😭"
93,서른아홉,I went into this thinking it was a comedy.
94,서른아홉,Made for a good cry and life realizations
95,서른아홉,"You heard about the infamous 'til death tear us apart, now let me present to you friends that faced death together because one of them has their days numbered."
96,서른아홉,"เป็นเรื่องที่คนรุ่นเดียวกันดูน้อยมาก (ยิ่งเทียบกับซีรีส์อื่นๆในช่วงนี้) ส่วนใหญ่มีแต่คนบอกว่าแม่ดู5555
เปิดเรื่องมาด้วยความสัมพันธ์ของเพื่อนรักสามคนในวัย 39 ซึ่งดูแล้วเหมือนเห็นตัวเองกับเพื่อนในอนาคตยังไงไม่รู้เลยทำให้อิน ดูต่ออย่างง่ายดาย ช่วงแรกๆเราชอบมากแต่พอผ่านไปหลายๆตอนเนื้อเรื่องมันเริ่มเอื่อยขึ้นเรื่อยๆเหมือนเรื่องไม่ค่อยดำเนิน เล่าเรื่องเดิมๆซ้ำๆ แต่ยังไงก็ตาม ตอนจบก็ตราตรึงใจเรา คุ้มค่า เป็นการจบที่งดงาม สุดท้ายก็คิดว่าเรื่องนี้เป็นอีกเรื่องนึงที่ดีมากๆ


สปอย


- รู้สึกว่ามันเป็นเรื่องที่จริงแบบจริงมากๆ ความสัมพันธ์ของเพื่อนสามคนที่มีสองคนสนิทกันมากกว่า แล้วคนนึงกำลังจะตาย ถ้าหากตายแล้วอีกสองคนจะยังสนิทกันเหมือนเดิมมั้ย ตัวเชื่อมความสัมพันธ์มันมีจริงๆ แล้วสุดท้ายหนังก็เล่าเรื่องนี้ รู้สึกว่าเป็นดีเทลที่ละเอียดอ่อน
- ความสัมพันธ์ของชานยองกับรุ่นพี่คือ ตอนแรกงงมากว่าชู้คืออะไร สรุปคือรักกันมากๆ เลิกกัน สุดท้ายผู้หญิงอีกคนมาหลอกว่ารุ่นพี่คือพ่อของลูกแล้วก็ยอมรับ รู้สึกไม่ค่อยเห็นความสัมพันธ์แบบนี้
- ตอนแรกชอบแฟนชามีโจมาก แบบมากที่สุด นี่คือนิสัยพระเอกที่เราชอบมาก แต่พอเรื่องผ่านไป รอยแผล ความเจ็บปวด มันมากขึ้นจนเราไม่ได้โฟกัสเลยว่าอีพีแรกๆเคยชอบนิสัยเค้ามากขนาดไหน
- โจฮีกับหนุ่มร้านอาหารจีน จริงๆแอบไม่ค่อยเชียร์ให้เค้าเป็นแฟนกัน รู้สึกความสัมพันธ์ของสองคนนี้ควรเป็นพาร์ทเนอร์ที่ดีต่อกันไปก็เพียงพอแล้ว พอเป็นแฟนดูยัดเยียดและฝืนไปนิดนึง
- ตัวละครที่ชอบมากๆอีกคนนึงเลยคือพี่สาวชามีโจ แบบ ใครทำน้องกู! ต่อหน้าทำเป็นแกล้งกันแต่จริงๆรักกันมากๆ 
- การป่วยของชานยอง ถ้าเราเป็นชานยองเราก็อาจจะเลือกวิถีแบบชานยองก็ได้ ไม่อยากอยู่ได้ด้วยการป่วย ลำบากคนรอบข้าง รวมถึงเรื่องเงิน แต่พอใจเราสู้มากๆสุดท้ายก็พ่ายแพ้กับความกลัว สุดท้ายการเจ็บป่วยมันน่ากลัวเสมอ ถ้าเราจะตายเราคงเตรียมตัวต่อการตายของตัวเอง ตอนชานยองลิสต์รายชื่อแขกเราก็คิดว่าจริงๆน่าจะนัดคนในนั้นมาเจอกันก่อนตายเพราะเราจะได้เจอกันจริงๆ สุดท้ายมีโจก็ทำให้ ตอนจบเป็นอีพีที่เจ็บปวดแต่งดงามที่สุด"
97,서른아홉,I cried a river
98,서른아홉,"i love them all so much. perfectly written from the beginning til the end. 
knew from the start its sad but still hurts."
99,서른아홉,"Ang masasabi ko lang sa 39, Grabe. Halos buong episode ng finale ata akong umiiyak, I had to pause kasi di ko kinakaya ang eksena. At hindi lang sha basta iyak na Judy Ann na tumulo lang ang luha, iyak Jodi Santamaria sha with matching atungal hahah. 
Hindi ko alam kung dahil ba sa story or dahil relate ako kasi grieving din ako, Pero ganun na rin yon - kapag relate ka, e di maganda ang istorya!
So in fairness ke Son Ye Jin talaga. Itong last 3 Drama Series (SITR, CLOY, And now 39) are really great projects. Sobrang nailabas ang galing ni ate sa pag-arte. Mararamdaman mo ang emosyon talaga, magagalit ka, matutuwa, maiinis, kikiligin, iiyak. Ganyan. Magaling din yung 2 girls, yung pilit na paglaban ni Chan Young sa buhay, at dama mo ke Jo Hee na napagiiwanan sha haha. 
Pansin ko hindi sila naglagay ng super gwapo na oppa haha, para siguro mafocus ung story sa friendship nung tatlo. Pero charming din naman sina kuya, lalo na si chef haha. 
Kahit 12 episodes lang, sapat lang sha - halos every episode ka paiiyakin. Juskodai, lalo na sa Finale.. Life changing? YES."
100,서른아홉,they were making son yejin's tear ducts WORK!
101,서른아홉,Cry fest!!!
102,서른아홉,태희오빠 보고싶다.
103,서른아홉,cried a lot. this was beautiful.
104,서른아홉,the last episode got me burst into tears and bumpy eyes in the morning
105,서른아홉,"- truly a shame that it had its potential. a women-centric drama focusing on mi jo, chan young, and joo hee's journey in life, friendship, and life is what it is supposed to be. but t'was not executed well. it’s either nothing’s happening or everything happens at the same time
- tears. and top notch acting!"
106,서른아홉,so sad and incredibly heartwarming..remember to always appreciate your loved ones 🥺
107,서른아홉,"Watch date: 03/02 - 03/04
Was boring in the middle but the ending left me in tears"
108,서른아홉,"@nastia never suffer like mijo had to suffer, let me die after you"
109,서른아홉,"still need to watch the last episode which I need to mentally prepare myself,,,, but every episode has broken my heart into pieces 🥺🥺😩"
110,서른아홉,"Heartwarming!! Awalnya sempet boring, karena probably ini gak related buat adult. Tapi tetep ngikutin, and damn!!! I'm crying a lot😭 banyak banget moral values yang bisa didapetin disini😍"
111,서른아홉,con el último capítulo: no lloraba tanto desde ayer
112,서른아홉,yaallah...tiap episode nangis mulu gw😭
113,서른아홉,บันทึกไว้ว่าตอนสุดท้ายของซีรีย์ทำงานกับเรามากๆ สวยงามจนใจเจ็บ ขยี้แล้วขยี้อีก แพ้ทางสุดๆ
114,서른아홉,Bawang everywhere
115,서른아홉,"12 episode solid penuh haru, iya, kelihatannya setiap episode ada kali nangisnya wkwk. Thirty-Nine adalah salah satu romance adult paling ideal, dengan kedewasaan yang sama-sama mau menginjak umur 40. Friendship ketiga tokoh sangatlah dewasa dan kelihatan sangat erat, tapi sayangnya Johee tidak diberikan porsi banyak, terkesan seperti orang ketiga di antara Mijoo dan Chanyoung. Ya terlihat dari tidak terlalu terlibatnya Johee di beberapa kesempatan, sampai kisah romansa yang tidak terlalu kentara dibanding dua tokoh lainnya.
Son Yejin, alias Mijoo - membuktikan bahwa dia jago acting, nangis-bahagia-bingung sangat didalami dengan baik, yah emang bener-bener aktris keren wkwk
- Entah ya, masih bertanya, lebih sedih ketika ada kematian mendadak, atau kematian seperti ini, yang sudah diketahui kapan dan bagaimana, yang setiap detik menjadi kekhawatiran yang tak kunjung selesai, sampai pada waktunya, kesedihan itu meledak. Tapi mungkin kematian yang tidak mendadak ini membuat orang-orang di sekitarnya jadi lebih menghargai waktu ketika mereka bersama di saat-saat terakhir, dan bahkan membuat waktu pulih setelah kematian menjadi lebih 'nyaman' tanpa ada kesedihan berlarut-larut :')"
116,서른아홉,"ep1-3 really slow pace and boring.. until Ep4 makes me said ""omg this is disaster"" and crying every episode
IMO the last episode is the best episode, you can make a choice to happy ending or super duper sad ending 😭😭😭"
117,서른아홉,"Even though their story and friendship was very beautiful and touching, but because I knew Chanyoung would die, after knowing that fact, it became very boring."
118,서른아홉,"Rating this 4 stars bec it could've been better. Wished I could see more angst and bond of the THREE bestfriends. Nevertheless, I enjoyed watching the entire series. I cried, laugh and more importantly I relate to some instances.
Also, Jang Joo-hee deserves better!!!"
119,서른아홉,"Ekspektasiku tinggi sekali sama drama ini. Pertama karena genrenya slice of life. Kedua karena Son Ye Jin.
Bosen-bosen ngga nonton ini deh. Persahabatan mereka ini canggung ya kurasa. Baik pas on cam atau off cam nonton btsnya. Malah kadang suka ngerasa kok screen timenya banyakan si A sama B padahal ceritanya bertiga.
Plot holenya banyak juga jadi bingung kok tiba-tiba gitu sih, lah kok tiba-tiba saling kenal semua. Sampai episode akhir mempertanyakan, ini thirty nine-nya bagian mana ya, atau aku yg ngga relate karena usia belum sampe kesitu?"
120,서른아홉,trailernya menipukuwhhhh
121,서른아홉,"Ekspektasi gua tinggi bgt ke drama ini, tapi ternyata meh. Alurnya lama, chemistrynya jg setengah2, dan banyak adegan yg gua nanti2kan tp ternyata ngga ada. Rasanya seperti sayur asem yg ngga asem."
122,서른아홉,"للأسف  كانت أسوأ مما توقعت بكثير.
شخصيات إعتيادية بدون شيء مميز فيها، وبدون أحداث فعلية،كانت تشان يونغ -ميدو- المحرك الوحيد للأحداث.
الأداء كان متذبذب بالإضافة إن جيهيون وتاهيون -جوهي وحبيبها- أدائهم كان سيء طوال الحلقات.
يمكن أفضل المشاهد هي مشاهد ييجين وميدو معًا.
وطبعًا ما ننسى الإخراج السيء.
عمومًا عمل سيء."
123,서른아홉,"can't believe i fell for it when they said this was a ""healing drama"" 😒💔"
124,서른아홉,"best kdrama
fuck"
125,서른아홉,i'm in spain but the s is silent
126,서른아홉,"Welp, this was a good prelude to the further emotional ruin that awaits me after 2521 wraps up this weekend"
127,서른아홉,"the most beautiful story of a friendship that endures through love and loss 
my head is still throbbing, eyes are still swollen, and my nose is still blocked. i don’t know when i’ll recover from this one"
