,title,reviews
0,악의마음을읽는자들,Memories Of Murder Extend Version 💥💯
1,악의마음을읽는자들,"South Korea's Mindhunter meets Memories of Murders.
I really enjoyed watching this show and Kim Nam-gil you bleedy beautiful bugger of a performer!! That interrogation scene in episode 10 and anxiety attack scene in car probably will never leave me. I've been replaying them for an unhealthy number of times. His portrayal of criminal profiler Ho Young is one of the most understated and subdued performances I've seen this year so far. One could feel his mental health deteriorating and the fake thick cold demeanored skin he developed as a coping mechanism withering away as episodes pass, unbearably hitting a rock-bottom.
Unlike other crime thriller dramas from South Korea, this show is interested more in the whydunnit than the howdunnits and whodunnits. I loved the fact that there is a fusion of thriller and crime-documentary making style throughout. The actors playing serial killers were all so good and Jin Sun-kyu's camaraderie with Kim Nam-gil is literally one of the best things about the show.
Now that Mindhunter season 3 is not coming, head straight to watch this. People."
2,악의마음을읽는자들,All the actors killed their roles. What an outstanding thriller-crime drama!
3,악의마음을읽는자들,"Surprisingly, crime documentaries, series, and movies often focus on the criminal as a main character. We know everything from their childhood, background, the crime conduct from start til the end. But the question is, are they worth the recognition? Or should we shift the attention to the loss of the victims and their families instead. Doing so doesn’t mean putting cam on their face but be aware of their grief and how seeing these criminals get recognized from killing their loved ones could make them feel.
Loved that this series portray exactly that without it being boring. The focus is on the work, the struggle of person in authority and the grief of the families of the victims. At the end of the day, these people are the one who deserves peace, happiness, and recognition on their bravery in trying to continue their life with such a big hole in their heart"
4,악의마음을읽는자들,"South Korea's Mindhunter which is based on the novel written by Korea's first Criminal profiler. This slow burn crime-investigation thriller may not be on the level of Mindhunter, but the approach, conversations, taking , score and cinematography gets you in. Above all, performances from the main leads and serial killers act made me sit through. Especially Kim Nam-gil's performance deserves all the praise. He will take us for a ride and gets us deep into the story along with him, such is the act. The 10th episode performance is enough to rave Nam and his bonding with Jin Sun-kyu is another major aspect which pulled me in. Cinematography literally created the much needed atmospheric vibe. An intriguing drama, compelling narration ,solid performances makes this one a great ride."
5,악의마음을읽는자들,"Kim Nam-gil is a fantastic actor, but this time I watched this show for all of the actors who played serial killers."
6,악의마음을읽는자들,so gooooood. kim nam gil was fantastic here. mad props for profiler out there. i literally got chill on my bone because of the last killer characteristic.
7,악의마음을읽는자들,"I really like the series Mind Hunter so when I saw a k-drama similar to that, I couldn't resist. And damn, this was a slow burn but worth every last minute. Kim Nam-gil did an amazing job. All actors were great and I especially want to appreciate the people who acted the roles of the serial killers. They just nailed it, it felt a lot real to me. I really liked the relationship and dynamics between the two main profilers in the drama. Even though its a thriller drama, it still made me very emotional at times. This was a pleasant surprise!"
8,악의마음을읽는자들,"I really good drama that reminded of The masterpiece “Memories Of Murder”, and a great Netflix series called “Mindhunters”. This drama is wonderfully directed and had an amazing cast of Kim Nam-Gil,  Jin Sun-Kyu, Ryeo-Un, Kim So-Jin, Jung Soon-Won, Kim Won-Hae, and Kong Seong-Ha. I really great series to help you get in a mind of psychopath and learn from a psychological perspective on why these criminals commit these crimes."
9,악의마음을읽는자들,"I've been waiting for a crime drama like this!!! This is so unique compared from the other ones that I've watched so far. I really liked how this drama focused on humanizing the people working behind each case and the psychological aspect of criminals. Having to talk to these wicked individuals, hear their sickening thoughts and spout nonsense, it must be emotionally and mentally draining for them. But often, we only see the tough side of these detectives/criminal profilers in most kdramas. Through the darkness brought something new to the table by showing that these people are humans too—while they have to act tough to face criminals who did heinous crimes, it's also natural for them to crumble and be filled with anxiety, disgust, rage, and other emotions that make them humans.
The script is amazing and as I watch each episode, I've grown to love their squad too especially Ha Young (aka the only empath ever !!!). I really formed a connection with his character that I even cried with him during the last 3 episodes...
In conclusion, this drama made me more eager to pursue psychology and NAMGIL NEEDS TO BAG THAT BAEKSANG BEST ACTOR AWARD !!!"
10,악의마음을읽는자들,kim namgil supremacy
11,악의마음을읽는자들,"The killer isn’t after the money. If it’s not about money or personal grudges, there can be only be one goal. Killing.
This drama is based on the experiences of Korea’s first criminal profiler. Serial killer drama that focus on how the profiler in figuring out how to pinpoint the characteristics of the preps and how their minds works into the killings. I enjoyed something from this specific genre, it’s was great and I loved it"
12,악의마음을읽는자들,"Bercerita tentang profiler kriminal yang bertugas untuk membaca dan menganalisa pikiran para pembunuh berantai, drama yang diangkat dari buku non-fiksi karya seorang profiler kriminal pertama Korea, sekilas mengingatkan serta mengobati sedikit kerinduan akan serial original netflix karya David Fincher, ‘Mindhunter’.
Narasi dipenuhi kasus-kasus pembunuh berantai (beberapa berdasarkan kasus asli), Drama korea yang disutradarai oleh Park Bo-ram ini terbilang cukup padat dengan 12 episode-nya. Namun begitu, ditengah-tengah kepadatannya, tidak bisa dipungkiri bahwa kelemahan ‘Through the Darkness’ ada pada tiadanya pengembangan dibagian cerita maupun karakter yang ditampilkan."
13,악의마음을읽는자들,"BOY, THAT WAS A WILD RIDE!!!!
KEREN. KEREN ABISSSS.
menurut gue, through the darkness ini pantes masuk ke dalam kategori drama crime-thriller terbaik untuk kuartal pertama tahun 2022.
(+) kim nam gil did such an outstanding performance as song ha young. sebagai pengikut beliau, jujur gue takjub banget ngeliat acting dia di sini. kurus dan suramnya dapet banget. apalagi pasca dia kecelakaan, 'makin kurus'nya tuh keliatan banget. gokil.
(+) drama ini bukan tipikal drama yang memunculkan penyakit 'trust issue' kepada yang nonton karena harus suudzon dan mencurigai siapa yang jadi pelaku, tapi entah dengan mantra ajaib apa rasa-rasanya kita yang nonton tetep ngga bisa lepas. singkat kata, storyline dan pengeksekusiannya jelas apik. solid. udah gitu ngga ada yang terbuang sia-sia, satsetsatset kelar.
(+) karna bikin penasaran dan pacenya cepet tapi ngga buru-buru, serta jumlah episode cuma 12 @60mnt, drama ini cocok banget buat dimaratonin si asli.
(-) karena plot dan aksi kim namgil yang luar biasa, gue jadi ngga begitu memerhatikan visual dramanya ya. tapi ngga ada masalah si soal pengambilan gambarnya. yang cukup disayangkan cuma pengambilan latar awal tahun 2000nya agak kurang dapet tapi tetep oke sih.
(-) sama satu lagi sih yang kurang dikit; backstory-nya song ha young kurang dikulik tapi ya bukan masalah berarti juga
debut drama yang luar biasa menakjubkan dari sutradara dan penulisnya. gue akan menantikan karya-karya lain yang akan datang dari mereka"
14,악의마음을읽는자들,beautiful yet disturbing.
15,악의마음을읽는자들,"After Beyond Evil I was struggling to find an other good kdrama/thriller. They tend to be too over the top for me. TTD was grounded, had a great casting from the detectives - Kim Nam Gil was excellent - to the actors they picked to play the serial killers and a good slow burn of story. I loved how it digged into those criminal minds but also into the detectives and showcased the psychological impact of this work.
While most of the supportive cast was sadly undervelopped, they did a great a job with their lead, Ha Young's character. TTD was a lot like Mindhunter (a compliment since it's one of my favorite show) but they made the clever decision to make their male lead way different from Mindhunter's - Ha Young is an introvert, a shy character who is not like the usual strong/cocky male lead you see in kdramas. My favorite part of the show was to see how working with psychopaths slowly messed with his mental health and also the logic he used behind each arrest.
Bonus: the show only has 12 episodes, a great ost and a great serie finale !"
16,악의마음을읽는자들,"based on the experiences of korea’s first criminal profiler, a compelling crime drama and a story of people holding on to their hope in humanity despite it all. heavy and chilling, but brimming with so much sincerity too 🥺. definitely one of the year’s best shows."
17,악의마음을읽는자들,"Koreans can do anything it seems, they created their own mindhunter."
18,악의마음을읽는자들,He who fights with monsters should look to it that he himself does not become a monster.
19,악의마음을읽는자들,This is a journey. I felt like it should be 20 episodes long. Im intensely terrified with the camping knife killer.
20,악의마음을읽는자들,it’s been forever since i enjoyed something from this specific genre because as you know nothing has lived up as well as… You know what. but this was great and i loved it and i hated that it was only 10 episodes because now i feel exactly the same way when i found out they weren’t renewing mindhutner for a 3rd season………. so so good and it’s very fun TO ME.
21,악의마음을읽는자들,"Menceritakan tentang profiler pertama di Korea, film ini lebih fokus ke pengenalan karakteristik para pelaku kriminal. Slow burn dan bikin kesel sama para psikopat nya!
Bagaimana awal mula Profiler ada di Korea, saking asing nya itu Profiler bahkan mereka harus menjelaskan profesi mereka ke orang-orang sampai akhirnya divisi ini membantu memecahkan kasus pemberantai dan menghentikan pelaku.
Akting pemainnya pada mantep banget dan menjiwai terutama para pelaku kriminal nya dan itu berhasil bikin gua emosi jiwa selama nonton. Yaps drama ini lebih fokus ke psikologis pelaku nya bagaimana monster seperti mereka bisa ada yang kebanyakan akibat trauma masa kecil
Drama ini ga di tampilkan dengan sadis dan disgusting karna cukup kenceng memberi pesan bahwa kita harus tetep bersama korban dan di sisi korban yang mana sampe sekarang masih ada luka yang belum kering dari keluarga para korban, turut berduka.
Drama ini memang minim aksi tapi kalian bakal di bikin merinding dan ngerasa campur aduk ketika nontonnya apalagi pas scene wawancara sama para pelaku, nontonnya berasa kena mental. Pemilihan cast pelaku nya di buat semirip mungkin biar terasa nyata
Gua suka drama ini karna akhirnya semangat lagi sama tipe drama sejenis ini dan drama ini ada kasus yang di angkat dari kejadian nyata jadi berasa nonton dokumenter. Drama ini berat banget di sisi psikologis nya ampe berasa stress nontonnya"
22,악의마음을읽는자들,MASTERPIECE! DETAILED THOUGHTS LATER. 12 HOURS OF SHEER GENIUS.
23,악의마음을읽는자들,""" - هل تُخال أن الوحوش/المجرمين يولدون أم يُصنعون؟ إذا كانت هذه الحيوات محدد مصيرها بالفعل منذ لحظة ولادتهم فهذا يبدو قاسياً وغير عادل. 
- لطالما كانت الحياة غير عادلة، احياناً عندما أجلس مع المجرمين ابدأ في الرغبة بأن أصدق أن الناس ولدوا أشراراً، وإذا كان يتم صُنع أولئك الناس سيبدو عالمنا ميؤوس منه. 
- لكن إذا كان العالم مسؤول عن خلق أولئك الوحوش فينبغي أن يتقاسم المسؤولية ايضاً. -صحيح. يا ترى ما نوع البيئة التي كبروا فيها لكي يصبحوا بهذهِ الوحشية؟ 
تصور المرء للآخرين هو الذي يحدد سواء كان الناس بطبيعتهم صالحون أم أشرار. 
العمل رائع جداً. من الواضح أنه مقتبس من مسلسل Mindhunter"
24,악의마음을읽는자들,Perfect slow paced thriller with extraordinary performances from all of the cast. Hoping for a season 2.
25,악의마음을읽는자들,kim bongsik is so mf useless he should be in jail
26,악의마음을읽는자들,"Mendobrak genre crime-mystery dengan sorot pekerjaan profiler, THROUGH THE DARKNESS jadi sajian investigasi apik di tangan cast2 totalitas & lead-performance brilian dari Kim Nam-Gil. Hati-hati, beberapa episode sangat-sangat menguras pikiran dan emosi.
Selengkapnya di sini"
27,악의마음을읽는자들,"It was a perfect drama from start to finish.
I was worried that there might be a scene where I defend or sympathize with criminals because I was motivated by actual criminals, but it was good that I remembered the victims who were hidden by the perpetrator and showed that the criminal was only a mean person targeting the weaker ones weaker than them.
I would like to express my gratitude to those who spread the profession of profiler in Korea.
Because of them, they were able to reduce numerous victims by catching those who hid in society wearing masks and committed ugly crimes."
28,악의마음을읽는자들,"one of the best dramas i’ve seen this year. the whole cast was incredible, but my god, kim namgil was so perfectly cast!"
29,악의마음을읽는자들,uhhh some characters pissed me off sm but overall i love thriller murder mystery
30,악의마음을읽는자들,"liking every bit of the dynamics, it could be triggering for feeling anxiety. Entire casts are doing such an amazing job, especially Kim Nam Gil."
31,악의마음을읽는자들,"First point : SK Is the country where you can find the best thrillers.
This k-drama is remaking ""Mindhunter"" but through south korean culture.
You won't get ""Memories of Murder"" or ""The chaser"", for instance but you will watch a good k-drama which tries to point out the difficulty to make a profiler department to find serial killers. It seems obvious but it is quite realistic how much you have to prove that psycholgy is a must have to deal with serial killers and psychopaths.
You'll see many different types of psychopaths and perverts and how it's hard for your mind health not to be fascinated by those devils.
Anyway the flaws are in the direction which is supposed to suit the kdrama codes, so you'll get moments that you don't need but which belong to this kind of tv shows (emotions, poses, tears and vs) : kdrama codes are sometimes hard to bear, but this tv show is at the top in this genre.
Believe me, watch one episode and you'll be hooked to keep on for 12 hours !"
32,악의마음을읽는자들,watched this as per ryujin from itzy recommended it and i loved it! drama based on real crimes was fun to watch :))
33,악의마음을읽는자들,The only thing I didn't like about this is that it's only 12 eps long
34,악의마음을읽는자들,"Ini kerenn bgt aslii??!!! Diceritain kasusnya pun berbeda beda, nntn ini jd lebih menarik tntg profiler krn mereka lebih mainin psikologis nya"
35,악의마음을읽는자들,Mindhunter meets memories of murder...
36,악의마음을읽는자들,Yoo Young-chul and Jeong Nam-hyu doesn’t deserve a show (and a film) as amazing as this. Hope they’re having a shitty day in hell and in jail!
37,악의마음을읽는자들,"This series is sick!!
Slow burn psychological thiller who could trick your mind.
You will knew how it feels being as Psycopaths and serial killers.
I don't know psycopaths point of view stories can be so enjoying."
38,악의마음을읽는자들,loved it! great acting great everything!
39,악의마음을읽는자들,"Un regalo para los amantes del género.
-
한국판 <마인드헌터> 말고 한국판 <악의 마음을 읽는 자들>이다. 너무 잘 만든 드라마."
40,악의마음을읽는자들,"The innocent; 'Oh Kim Nam Gil is in it imma watch this!!!' into a definite favourite drama of the year & all time favourite thriller IM-😁😁😁
I love how TDD has tone, themes, is subversive and just really respectful.
Tone: it's always dark and moody and somewhat melancholy, but at the same time its... hopeful. Because it tackled real cases and is based on a book by the first Korean profiler; it handles the most sensitive part in thrillers that the genre rarely explored; the emotional part. In many ways, Through the Dark was bound to not have many watchers due to its uncomfortable themes.
Yet the show handled sensitive issues well; this show focusing its lens on the bereaved families and the struggles of the police searching for answers, and how it affects them mentally. With superb cast and advice from the first Korean profiler himself onset and the care and respect to the real victims from everyone, this show became a 𝖒𝖆𝖘𝖙𝖊𝖗𝖕𝖎𝖊𝖈𝖊 & DESERVED all the praise from the critics and the watchers. (WILL be mad as hell if it doesn't get nominated at least one Baeksang 😤).
With TTD, it's different because the characters are NORMAL people just doing their best too. Its subversive in a way that the main characters don't have any connections to the victim, or the big bad guy. Main lead, (my BELOVED 🥺❤️) Song Ha Young is not even a genius or a character with no emotions-which an archetype we see a lot in Korean thriller dramas- he is just a person who's soft-hearted with a heavy sense of duty, trying to do his best.
With the ACTORS BE ACTING and their chemistry *CHEF KISS*
It being a 12 episodes drama did not made it fast-paced by any means- it definitely has a coherent rhythm due to its great tone & pacing- but it took it time to set it and has one of the best buildup in this genre like ✨EVER😩. 
You love Ha Young as he's an honourable sweetest man (for real) with a nice perm, and you feel for him and feel really worried witnessing his struggles. But he's Ha Young, he's strong and will stand tall.
TTD sets the BAR for future thrillers of the same theme. May we go through this darkness with a hopeful outlook!"
41,악의마음을읽는자들,Brutal
42,악의마음을읽는자들,"One of the best serial killer dramas that focus on how the police or, in this case, profiler, in figuring out how to pinpoint the characteristics of the preps and how their minds works into the killings. It's so fascinating and never bored me at all (coming from someone who can get easily bored in a matter of second easily) as I was drawn into every detail and acting they did. I just love this so much and how the actors delivered their portrayals is outstanding, Sometimes an adaptation from a book especially non-fiction can be a little tricky, but this did the job well."
43,악의마음을읽는자들,perfect example of slow paced but intense thriller with amazing performance form actors that kept my eyes always on screen. and let's be honest kim namgil deserves another daesang.
44,악의마음을읽는자들,semua bagus yg gw gasuka cuma gambar dan music scoringnya
45,악의마음을읽는자들,"Very horrifying to know that most of these individuals still function in society in both fear and ecstasy.
I also thought there will be more episodes so I spent my whole Friday desperately anticipating an episode that doesn't exist."
46,악의마음을읽는자들,12 episode cukup buat ngikutin gmn kisah tim analisis perilaku kriminal di drama ini. kim nam gil emang bagus banget actingnya di sini. dan acting para kriminalnya tuh top banget. sempet pause beberapa part karena saking intens-nya.
47,악의마음을읽는자들,"وحدة من أفضل درامات التحقيق والجريمة الي تابعتها،بدون مبالغة.
دراما غير اعتيادية ببساطة.
بالعادة درامات الجريمة تركز على طرق تنفيذ الجريمة وعملية التحقيق واكتشاف الأدلة،لكن هنا كان التركيز أكثر على العامل النفسي والسلوكي للمجرم والمحقق كذلك،بدايةً من تحليل شخصية المجرم وتوقع صفاته وختامًا بايجاده والحصول على اعترافه.
كان فيه حرص كبير في تفاصيل الشخصيات،وهذا يعكس جودة العمل طبعًا،وجودة طاقمه.
كتابة العمل كانت جيدة جدًا،رغم إنها أول درامات الكاتبة،تنتظرنا كاتبة جيدة،أتطلع لأعمالها القادمة.
التمثيل كان جيد عمومًا،نام قيل قدم أداء مثالي بشخصية المحقق سونغ هايونغ،وتطور شخصيته وتأثره بالمجرمين جعل الشخصية واقعية أكثر،أيضًا أعجبني خروج الشخصية عن التنميط لشخصية المحقق بكونه سكير يعتدي على المجرمين وأعضاء فريقه،ببساطة شخصية محقق حقيقية.
جين سيون أيضًا قدم أداء جيد،سعيدة لحصوله على فرصته كان من الممثلين الداعمين الي يعجبوني،شخصيته وشخصية نام قيل كانت مكملة لبعض.
سوجين كنت متوقعة منها أداء أفضل صراحة،أداءها جيد لكن تعابيرها وانفعالاتها في الحوارات محرجة.
أتمنى يكون في جزء ثاني صراحة."
48,악의마음을읽는자들,"프로파일링 기법과 사고의 과정을 심도 있게 다루는 쫀득한 드라마를 기대 했는데, 좋은 소재를 두고 뻔하고 전형적인 형사 드라마를 찍어냈다. 구성이나 배경음악은 <손 더 게스트>가 연상됐고 연쇄살인마들은 이미 너무 많이 알고 있어서 그런지 지루하게 느껴졌다. 기반하고 있는 내용이니 그대로 다루는게 맞지만 그때의 프로파일링이 어땠는지가 중요한건데 겉핥기로 넘어가고 팔리는 방식으로 안전함을 취한다."
49,악의마음을읽는자들,One of the best psychological thriller kdrama i've ever watch
50,악의마음을읽는자들,"“This isn’t a job for the weak-minded,” – Captain Yoon Tae-Gu.
Plot: Di akhir tahun 1990-an, Kook Young-Soo, anggota kepolisian dengan jabatan terakhir kepala forensik, mengajukan usul membentuk unit analisis perilaku kriminal. Dia percaya bahwa unit tersebut akan berguna untuk “membaca” kepribadian dan jalan pikiran penjahat-psikopat terkeji: para kriminal yang melakukan pembunuhan tanpa motif. Young-Soo yakin, kriminal-kriminal macam itu akan segera muncul di Korea Selatan. Membentuk unit baru (dalam kata lain, memicu perubahan struktur internal kepolisian) bukanlah hal mudah. Idenya dicemooh dan kerap tak digubris. Namun, Young-Soo percaya bahwa dia punya calon kuat untuk mengisi unit tersebut sebagai profiler pertama Korsel: Song Ha-Young, pria introver 30 tahunan yang logis, sensitif, dan intuitif dalam menganalisis perilaku kriminal.
***
Curhat dulu ah: Through The Darkness adalah pengalaman pertama saya menonton drama Korea secara ongoing. Eh! Malah ditinggal hiatus 3 minggu karena slotnya dipakai buat siaran Olimpiade Musim Dingin di Beijing. Sedih.
Untunglah, penantian itu terbalas tuntas. Selepas hiatus, paruh kedua serial ini benar-benar makin matang dan mantap. Mungkin karena penjahat di paruh kedua ini sama-sama “kelas berat”. Ketegangan terus terbangun bukan karena kejar-kejaran dan tembak-tembakan, kengerian bukan menyeruak dari adegan berdarah-darah, deg-degan tak disumbang oleh tebak-tebakan “who dun it?”. Melainkan, semua kombinasi perasaan tidak enak itu timbul dari menonton sesi interogasi yang ketat dan panjang, ekspresi muka pelaku yang tanpa rasa bersalah (bahkan ada yang cenderung euphoric) bercerita dengan rinci soal metode dan senjata terbaik dalam membunuh. Saya pun otomatis merasa relate dengan mimik serta gestur para protagonis yang harus mendengarkan semua pernyataan keji itu… It is so disturbing. Bagi saya, akting para tokoh kriminal di serial ini tak kalah bagusnya dari para pemeran utama. Apalagi saat saya menyadari bahwa para tokoh kriminal di sini didasarkan dari karakter nyata.
Namun, tentu saja yang paling menonjol di sini adalah Kim Nam-Gil. Dengan perannya sebagai Song Ha-Young, akan sangat sulit mengeluarkan dia dari daftar aktor terbaik tahun ini. Saya pertama kali berkenalan (dan terkesan) dengannya lewat The Fiery Priest; di sana, dia pecicilan bin komedik. Di sini? Kebalikannya. Tak banyak tersenyum (apalagi tertawa), cenderung “poker face” dan menyimpan emosi mendalam ketika harus berhadapan dengan penjahat-penjahat terbengis Korea Selatan. Kendati demikian, dia sukses membuat (saya sebagai) penonton berempati penuh padanya. Perkembangan karakternya dari bocah yang menyimpan pengalaman unik, menjalani karier berat sebagai “pengumpul dan penganalisis kisah para kriminal” bertahun-tahun, hingga titik akumulasi kelelahan mentalnya, sangat menarik disimak. Di sini dia juga tampil berbeda secara fisik: chubby di awal serial, berangsur-angsur mengurus dan tirus di akhir. Tak heran perannya di sini menuai banyak pujian.
***
Sebuah catatan lain: serial ini realistis. Ia tidak serta-merta memosisikan profiler sebagai “obat mujarab” yang membuat penjahat langsung mudah tertangkap. Butuh waktu tahunan bagi tim kepolisian menerima adanya unit baru ini, dan butuh waktu tahunan juga untuk melacak si pelaku—belum lagi jika si pelaku mengubah modus operandinya. “Seiring waktu berlalu, penjahat-penjahat yang kuhadapi malah semakin pintar,” demikian curhat Song Ha-Young.
Para detektif dan polisi di sini juga bukanlah tokoh super tanpa cacat cela. Mereka juga manusia yang bisa kelelahan, butuh support system, dan punya beban mental yang harus “dikosongkan” sewaktu-waktu jika sedang “penuh”. “Ketika kita terus berlari tanpa beristirahat, kita akan selalu tersandung dan meledak,” kata Kook Young-Su.
Akhirnya, jam terbang memang tidak berbohong: dibutuhkan analisis data wawancara ratusan terpidana selama rentang waktu tahunan, untuk memahami bagaimana metode terbaik menghadapi dan menginterogasi pelaku secara efektif dan efisien. “Profesi profiler bukanlah cenayang. Kami menganalisis pola psikologi dan perilaku pelaku kejahatan dan membantu penyelidikan agar mereka bisa ditangkap secepatnya,” kata Song Ha-Young.
***
Sebagai karya debut penulis skenario Seol Yi-Na dan sutradara Park Bo-Ram (keduanya perempuan), Through the Darkness adalah sebuah drama yang dieksekusi dengan sangat baik. Ceritanya ditulis dengan rapi dan sudut pandangnya jelas berpihak pada korban. Humanis. Karakter Song Ha-Young yang berempati mendalam ke keluarga korban, wartawan Choi Yoon-Ji yang menolak memberikan “panggung” kepada berita sensasional pelaku pembunuhan… semuanya benar-benar ingin menunjukkan respek kepada korban dan keluarga, yang sering kali menjadi pihak yang tersingkirkan dari sorotan.
Kualitas akurasi dan eksekusi yang realistis dalam serial ini tak lepas dari campur tangan Kwon Il-Yong, profiler pertama Korea Selatan yang menjadi sumber cerita sekaligus semacam “penasihat” drama ini sejak proses pembacaan naskah hingga pengambilan gambar. “I also sprinkled some blood on the set myself,” akunya dalam acara variety show Master in The House episode 209.
PS. Meski serial ini tanpa romance, it is full of heartwarming bromance and wonderful camaraderie. Kook Young-Soo: sosok ayah yang hidup sendirian karena anak istrinya hidup di negara orang. Song Ha-Young: yatim yang tidak pernah mengenal sosok ayah karena meninggal sejak ia lahir. Pertemukan keduanya di satu tim yang isinya hanya tiga orang. Uuu, klop deh <3"
51,악의마음을읽는자들,"Slow burn but burned tf out my head and my emotion
Kim Nam-gil did fantastic job!"
52,악의마음을읽는자들,"yeah Kim Nam-gil and the other detective casts nailed it. but I want to give an appreciation to the cast who played as the serial killers. you are my fav!!


pssst *spoiler* I also like Kim Nam-gil when he played as a serial killer in Memoir of a Murderer (2017).


pssst another spoiler I think?
the ending scene–the daesung case–the look into camera saying,
And if he's watching this show now, I would like to say this to him. Science is making progress day by day and there is no perfect crime in this world. So you'll never get away with this.
That is a more ""digestable"" scene from Memories of Murder (2003).
(just saying this cause I see a lot of people seems confused with that)"
53,악의마음을읽는자들,saur good and kim namgil is so hot 😐 i just wanted to give hayoung a hug through out 🫂 he went through so much and looking at him being sad made me sad. so happy to at least see him happy for a few moments! so glad they didn’t make him like.. turn into a ~serial killer~ or not i would’ve been fuming
