,title,reviews
0,타임즈,"Sepertiga awal lumayan seru, kaya butterfly effect, tapi di tengah-tengah melempem seperti kehilangan arah. Untungnya di sepertiga akhir mulai seru lagi, meski endingnya dibuat ambigu."
1,타임즈,"23. TIMES (2021)
Started off nicely with decent amount of thrill and action, but went pretty off & downhill (even lost in direction) in their second half. Lee Jooyoung and Lee Seojin are great, but the the storyline not so much. Still good to see her in first leading drama (2.5/5)"
2,타임즈,"Upaya pembunuhan presiden digagalkan dlm 2 babak yg tersaji kontras. Dibuka suspense apik dr fantasy-thriller namun ditutup political-war berbelit yg tak solid. Sulit menyandingkannya dgn Kairos, karena yg satu ini pesonanya berubah drastis menjelang akhir."
3,타임즈,"ga pernah nonton Lee Seo Jin di drama, seringnya variety show, trs jd nonton ini akhirnya. sama pgn ntn Lee Jo Young jg sih. klo ngangkat timeloop dibanding kdrama lain yg gini jg, times variablenya agak beda emang, tp nyerang ayah sendiri yg korupsi jg berat sih."
4,타임즈,"I'll be honest...
The first few eps were quite good and thrilling (ofc it's an OCN originals) but it suddenly becomes dragging and somehow confusing. Although it also bounced back to the thrilling plot in the latter part, specifically eps 9-12. And to be fair, Lee Joo-young and Lee Seo-jin's chemistry on screen were really good."
5,타임즈,"the first episodes seems quite thrilling but i got bored in the middle but good plot, good acting for every characters."
6,타임즈,"This is '24' by way of a time warp. The object is the same: stop the assassination of the president, but someone from the future is calling to help out. Of course, she's a bit annoying, and the show is very melodramatic, but there are good moments in there. Just keep your finger on the fast-forward button."
