,title,reviews
0,트랩,plot? so so. madness? YES. how could they play with our minds within 7 eps?
1,트랩,"This may be a short kdrama with 7 episodes but it made me want to say a lot about it.
First, what a hidden gem! It has only 1 review here that I understood but that was enough for me to watch this. Good thing that I did coz it did not disappoint me at all.
Second, I'm still fascinated about how this short kdrama was able to give me all basic types of emotions. I felt joy, sadness, fear, disgust, and anger, all with just 7 eps.
Third, I must say that the plot is well-written and the acting is so good and effective. The main characters delivered well and the antagonists are very effective as they never failed to get into my nerves.
Lastly, I love the duo of Ko and Yoon so much!!! They compliment each other plus it's always a laugh trip when they are together. I just wish this drama was longer so I'll see more of them together. I miss them already!!!
Overall, I enjoyed watching this drama! Highly recommended but tbh I want to gatekeep this one HAHAHAHA
It's been one hell of a ride, Trap."
2,트랩,Beneran kena trap 👍
3,트랩,"Plotnya oke bgt, mengungkap misteri hilangnya istri dan anak seorang pewarta terkenal pas lagi liburan. Cuma 7 episode doang, bisa dikejar maraton.
Tiap episode dibikin mikir.. ini pelakunya siapa, ini yang salah siapa, yang bunuh siapa. Banyak misteri yang saling berhubungan dan saling keungkap. Bikin istighfar kalo nonton dan greget bgt rasanyaaaaa
Seruu nontonnya tapi juga capek. Ada banyak plot twist, tapi gak bikin ""wahhh kaget"", ya biasa aja gitu.
nonton ini tuh keinget sama film Fractured (2019). Sama2 istri dan anaknya hilang dan si suami berusaha buat nyari tau. Jadi selama nonton bisa nebak2 lah gimana nanti ceritanya, jadi gak kaget kalo ending plot twistnya begitu. :""(
Tapi ini rekomen bgttttt. Assliiii seruuuu bgt buat ditonton buat yang nyari tontonan misteri thriller.
Suka bgt sama Bapak Sung Dong-il huhuuu peran apa aja emang selalu keren dan cocok."
4,트랩,Alurnya muter-muter banget. Banyak plot twist dan sampai akhir pun endingnya gantung. Capek banget nonton Drakor ini.
