,title,reviews
0,트웬티트웬티,"แม่!! ลูกแม่อายุ 20 แล้วนะ ไม่ใช่ 10 ขวบ อย่ามัวแต่บังคับลูก อย่าตัดสินใจแทนลูก อย่ากดดันลูก ปล่อยให้เขาได้ใช้ชีวิตของตัวเองบ้างอะไรบ้าง หยุดคิดแทนลูกได้แล้ว ลองฟังเสียงของลูกบ้าง ปัญหาแบบนี้จะไม่เกิดขึ้นเลยนะ ถ้าแม่ลูกได้เปิดอกคุยกันอย่างตรงไปตรงมา ซึ่งก็คงยากแหละ สำหรับแม่ลูกที่ไม่สนิทกัน
ว่าแต่นี่มันซีรีย์วัยรุ่นในรั้วมหาลัยไม่ใช่เหรอวะ ทำไมเราพูดถึงปัญหาครอบครัวมากกว่าประเด็นความรัก แต่ก็คงเป็นเพราะแบบนี้มั้ง เราถึงหยุดดูไปเป็นปีๆ แต่แล้วในวันที่ฝนตก พอได้กลับมาดูจนจบ เราก็ตายอย่างสงบศพสีชมพู"
1,트웬티트웬티,twenty twenty? more like mommy issues 101
2,트웬티트웬티,an amazing drama
3,트웬티트웬티,"I didn't know this was here! watched it roughly after it finished airing. More relatable than I expected, especially with all the mommy issues going on, it is worth the while"
4,트웬티트웬티,the way i SCREAMED when i saw the ateen cast together in the first ep 😭😭😭😭
5,트웬티트웬티,mommy-issues 🔥
6,트웬티트웬티,something about comfort shows like no this doesn’t make sense yes it does <3
7,트웬티트웬티,you would be surprised if i told you i very much adored this😫
8,트웬티트웬티,honestly did not expect it to be this good i had a wonderful lil time !! i have not felt this much hatred for a character in a WHILE. all i’m saying is if i see hajun on the streets he is getting SMACKED. also why did he dress like shinji??? ANYWAY. … very good time and a very fast watch !!! also if ur not a just like the rain appreciator get out of my face.
