,title,reviews
0,언더커버,"Jajaran cast on-point, soundtrack enaq, family-squadnya bikin jatuh hati. Hidup dengan identitas palsu, mantan agen rahasia justru terlibat misi baru yg mengancam keluarganya. Kematian aktivis mahasiswa, organisasi anti korupsi & NIS top secret.
Ji Jin Hee!!"
1,언더커버,"korean 🇰🇷
🌕2021 ranked
great casting, great osts, and the story is compelling even though it's a genre that i'm usually not interested in!! ji jinhee and kim hyunjoo are so amazing that even though it's not a romance drama, you can feel the sincerity and care their characters have for their family!!
also started watching this just bc i felt so held by the ost 'on a secluded road' by sondia and kim junhwi💖 THAT OST IS GOD-TIER,,"
2,언더커버,Well arranged scene each character performed to the best way he or she can
3,언더커버,"Salah satu drama terbaik tahun ini dan sedikit yang ngomongin. Tapi ini drama bagus banget, walaupun sempat melambat temponya di episode 13-14.
Jajaran castnya gampang banget buat jatuh hati, chemistry-nya bagus ditambah soundtracknya juga enak-enak. Sayang banget sama keluarga Pak Han.
Alasan nonton Undercover gara-gara Ji Jin-hee dan Kim Hyun-joo, semoga kalian bisa dapat project drama atau film bareng lagi."
4,언더커버,"loved this more than the original it was based on, great casting and ost too!"
5,언더커버,Untung saja han junghyun dan keluarga selamat sejahtera sampai akhir episode
