,title,reviews
0,언프레임드,"Vote for Inno : 8.5/10
My God Park Jeong Min!!! he delivered one of the most fascinating directorial debut ever.
Rerun : 7.8/10
Bandi : 8/10
Blue Happiness : 7.5/10
Nothing really hit me here, but I'm so proud for you Lee Jehoon oppa!"
1,언프레임드,"Vote for Inno 4/5
Rerun 3/5
Bandi 3/5
Blue Happiness 3/5"
2,언프레임드,"this was honestly a good watch only if the translations are not off. I would've enjoyed it more but nonetheless the stories are actually good. It's a four episode short film, each episode is a different story directed by four different people.
Vote for Inno - 3.5/5
Rerun - 3.3/5
Bandi - 4/5
Blue Happiness - 3.5/5"
3,언프레임드,"Aku hanya akan mereview Vote For Inno from director Park Jeong-min.
4/5. His brain justt wow @/parkjeongmin. gimana bisa dia kepikiran bikin film pendek kayak gini. Apa dia pernah dibully? ┬＿┬
Apa yg ingin dikritisi jelas dan gamblang sekali, mencakup banyak hal termasuk bullying, kelas sosial, pertemanan, permainan politik, semuanya kena hanya dalam durasi 30 menit kurang dgn satu ide menarik yaitu pemilihan ketua kelas.
sebagai orang yg tidak suka kubu-kubuan pas sekolah dan jijik/benci sama murid sok iye yg suka berkuasa, aku sangat sangat menyukai film ini. film ini serasa menyuarakan hati murid-murid pasif diluaran sana. karena saya pernah berada di posisi itu, ini sungguh mengganggu. memori tidak menyenangkan itu serasa dipanggil kembali. rasa lelah dan muak karena merasa tak dianggap dan tak diterima, dipandang remeh, yg dicari saat lagi dibutuhkan saja. bukankah itu juga termasuk bullying?
seriously ini sangat disturbing untuk saya:(, juga sangat satire, gimana bisa dia menyelipkan kritik pemerintah hanya dengan ide voting ketua kelas. Tuhan bener-bener ngasih banyak bakat ke aktor park jeong-min. Gila."
4,언프레임드,"director park jeong min delivered!!!!!!!!
truly a multitalented king!!!!!!!!"
5,언프레임드,bandi - 5/5
6,언프레임드,"Class Representative Election 4.5/5
made me feel anxious
Rerun 3/5
Bandi 4/5
Blue Happiness 3.5/5
not that good but this has jung hae-in and is the directorial debut of lee je-hoon"
7,언프레임드,Just want to talk about Bandi it was SO GOOD it had me teared up and THE SLAMDUNK THINGS i rly thought bandi’s father would left her mom anw soyi and heeseo delivered the emotions so well
8,언프레임드,lee jehoon i’m so proud of you!!
9,언프레임드,"This was the debut of Park Jeongmin and Lee Jehoon as director. I really love the twist and turns of events on Jeongmin's Vote for Inno including the musical scoring. The shots were stunning and the message it holds.
Blue Happiness by Lee Jehoon, is not bad for his director debut and it was well suppported by his friends in the industry as casts such as Jung Haein, Junsang and more."
10,언프레임드,i feel very proud of park jeongmin’s debut as director. he is really that multitalented
11,언프레임드,"vote for inno (2021) dir. park jeongmin
4.1/5
difícil não ressaltar todos os detalhes desse episódio, sejam técnicos ou não. os cortes de câmera, a ost muito bem colocada no momento certo (brincando com as nossas emoções), atuação das crianças, a sensação de incapacidade e como toda a história, com o seu início, meio e fim muito bem desenvolvimento, se torna uma grande alegoria.
rerun (2021) dir. son seokkoo
2.9/5
eu tô desacreditada como ele arrastou todo o cast de ds60dkkkk eu gostei da história, os personagens principais são duas pessoas que, mesmo com gestos sutis de afeto, se amam e se cuidam.
bandi (2021) dir. choi heeseo
5/5
eu poderia facilmente passar o dia inteiro falando como essa história é linda envolvente importante tocante emocionante forte ao falar sobre a morte de maneira tão acolhedora, que, mesmo te derrubando, te conforta e acolhe ao mesmo tempo.
blue happiness (2021) dir. lee jehoon
3.8/5
queria muito assistir esse filme em uma qualidade melhor, porque tenho certeza absoluta que a fotografia aqui é responsável pela harmonia da narrativa, como o título sugere. jehoon foi muito perspicaz nisso. tenho certeza que ele vai longe. sobre a história, que coisa frustante? chanyoung, se não fosse coreano, seria facilmente um brasileiro, todo dia uma derrota. mais um tendo os sonhos corroídos pela sensação de incapacidade."
12,언프레임드,"Vote for Inno 4.5/5 PARK JEONGMIN👏👏👏
Rerun 3/5
Bandi 4/5
Blue Happiness 3/5"
13,언프레임드,"vote for inno?!?!?!
rerun ☂️... :/
bandi :(((((((
blue happiness ""send me that photo. what photo? yesterday i looked through the camera and there is a photo of me smiling. i just.. i like that expression"" :(("
14,언프레임드,"vote for inno - 3.5/5
rerun - 2.5/5 
bandi -  5/5
blue happiness - 3.5/5"
15,언프레임드,i watched just  jehoons and hae in 's episode 😭😭
