,title,reviews
0,왓쳐,"kim hyun-joo, the actress that you are today! she’s so good in this that i can kinda forgive the entire series for being underwhelming overall. her character’s storyline was a bit more interesting to me as she’s mysterious, snake-like, and an absolute scene stealer throughout the series. i did enjoy this show i just wish there were more interesting things to get excited for."
1,왓쳐,"hello??? han suk kyu, seo kang jun AND kim hyun joo in a thriller drama together?? do i need to say more??"
2,왓쳐,Convoluted and confusing but worth it. Very underrated. Seo Kang Joon delivered.
3,왓쳐,I demand more seasons immediately. Jebal
4,왓쳐,"yeah watcher is cool, but you know what's cooler? having a watcher who watches over the watcher"
