,title,reviews
0,으라차차와이키키시즌1,"am i ruined by my sense of humor, or is my sense of humor ruining me??"
1,으라차차와이키키시즌1,lah ini yang season 1 apa 2 sih hng pokonya udah nonton dua-duanya dan favorite s1 dibikin ngakak melulu 😭
2,으라차차와이키키시즌1,"LMAOO SO HILARIOUS, it got me crying while laughing like crazy from the start to finish, pure comedy!"
3,으라차차와이키키시즌1,this is what i meant about healing drama is
4,으라차차와이키키시즌1,"in my opinion, s1 is better than s2 but best character still goes to lee joon gi😄"
5,으라차차와이키키시즌1,EVERYTHING IS JUST PERFECT COMEDY
6,으라차차와이키키시즌1,"feel good show, lighthearted, very funny, 10/10"
7,으라차차와이키키시즌1,"Positives:
1. Funny
2. Engaging (well not always though)
Negatives:
1. Lacked logic
2. Lacked reality
3. Predictable
4. Repetitive"
8,으라차차와이키키시즌1,goblin ost
9,으라차차와이키키시즌1,this was my first kdrama i loved it so much back then
10,으라차차와이키키시즌1,literal definition of comedy
11,으라차차와이키키시즌1,very funny
12,으라차차와이키키시즌1,"season 1 is my comfort drama and the best season, season 2? we don’t know her"
13,으라차차와이키키시즌1,LOVE THIS DRAMA SM!
14,으라차차와이키키시즌1,i love junki
15,으라차차와이키키시즌1,This series was so funny. I don't see the sitcom style often and I loved it. I wish the second season had the same cast and premise.
16,으라차차와이키키시즌1,there's no episode that i did not laugh. you can watch this whenever you're feeling down. highly recommended.
17,으라차차와이키키시즌1,Best Korean drama. Underrated and it’s literally so funny.
18,으라차차와이키키시즌1,SO SO FUNNY. watched this with my mom and we both couldnt stop laughing
19,으라차차와이키키시즌1,Actually kinda funny
20,으라차차와이키키시즌1,Only like 1 star (maybe lower) for season 2 cause as soon as Lee Joon Ki was the only one out of the guest house that stayed i couldn’t continue. It’s just not the same
21,으라차차와이키키시즌1,"Entah kenapa kalau liat waikiki jadi teringat scene Jun-ki di dalam bus yang secara tidak sengaja ketemu sama si yondu, lmao."
22,으라차차와이키키시즌1,"The first five episodes were good but after that, it got kinda boring. They should have ended at 16 episodes, bringing sol’s father to the picture was pretty unnecessary."
23,으라차차와이키키시즌1,İzlediğim en iyi komedi dizisiydi. Acayip güldürmüştü. 👍🏻😂
24,으라차차와이키키시즌1,Comedic gold from episode 1. This series is literally what I thrive for in comedy writing
25,으라차차와이키키시즌1,"Really thought season 2 was gonna flop because of the cast being revamped, but boy was i wrong…
Gotta admit the writing on season 2 was slightly better and more clever than the first season, which was also amazing. Wouldn’t mind the cast, either, by the way. Love love LOVE all of them.
Lastly… just gonna say if you didnt laugh your ass off while watching this you’re not even human. (Was that too much lol i’m sorry*)
Definitely one of the, if not the, funniest kdramas ever.
*im not sorry"
26,으라차차와이키키시즌1,only watched s1 but it was really funny
27,으라차차와이키키시즌1,"The chaos that everyone needs in their life, and I can't believe it's been 3 years since I watched this one. Kim Jung Hyun is still killin it."
28,으라차차와이키키시즌1,Got me dyinggggg the characters were so funny
