,title,reviews
0,김비서가왜그럴까,everyone shut up and make way for the drama with the best kiss scenes in k-drama history
1,김비서가왜그럴까,park seo joon rail me please i’m begging
2,김비서가왜그럴까,"korean 🇰🇷
very fun and heart-fluttering to watch while it was airing but doesn’t leave much impression or impact after it’s over. feels like one you watch to have a good time in that moment but it doesn’t really stay in your head/heart? also feels heavily dependent on the chemistry and star power of park seojoon and park minyoung for this to appeal."
3,김비서가왜그럴까,what’s a kdrama without the “met during childhood and found each other again as adults and that’s how you know it’s fate” trope
4,김비서가왜그럴까,AURA!
5,김비서가왜그럴까,"god, when is it my turn?"
6,김비서가왜그럴까,HOW DOES IT FEEL TO LIVE MY DREAM??! AHHHHHH
7,김비서가왜그럴까,i retained nothing other than the fact that park minyoung was hot
8,김비서가왜그럴까,I can forgive all the flaws this drama has because Park Seo-Joon was smoking hot in this.
9,김비서가왜그럴까,"disregarding all the minor flaws and stuff, i really enjoyed this, even though it was kinda weird at times. but very sweet!! i am invested in all the side characters"
10,김비서가왜그럴까,"they can add this, but not weightlifting fairy!?"
11,김비서가왜그럴까,just pure fan service
12,김비서가왜그럴까,"Well, I guess for reviewing this one, I have to divide it into 3 parts;
1. A pretty fun series with some really sweet characters and a great romance. It's not perfect at all, but it's extremely fun to watch.
2. Pretty much like the first part, but with one hell of an idiotic plot point that is absolutely unnecessary and extremely cringe worthy. I mean, it was so freaking dumb that I was almost convinced to give it a 3/5 or maybe even 2.5/5 (though it was still a fun and lovable TV series and I liked it).
But...
3. Holy s***! The third part became the exact thing I hoped to watch. It still wasn't perfect, but it was far better than what I could have imagined. This series actually improved as it got closer to the end and between all the Korean rom-coms that I have watched, this is actually pretty rare. So, yeah, I think this is one of my best guilty pleasures and I'm recommending it to anyone who wants to have some fun and enjoy a predictable but sweet rom-com :D"
13,김비서가왜그럴까,moaned watching episode 13
14,김비서가왜그럴까,this had its problems but it also had some of the best kiss scenes i’ve seen in kdramas so it deserves applause just for that
15,김비서가왜그럴까,Secretary Kim is the baddest.
16,김비서가왜그럴까,"when i say comfort kdrama, you say ‘what’s wrong with secretary kim’"
17,김비서가왜그럴까,park seo joon i can do the cooking i can do the cleaning
18,김비서가왜그럴까,Ok. The childhood storyline wasn’t necessary but… THE SCENE 👀
19,김비서가왜그럴까,I love him so much!!! Didn't think I will find his narcissistic self so endearing
20,김비서가왜그럴까,took me a while but this was fun and funny.
21,김비서가왜그럴까,"one whole star for park seo-joon looking FINE in those suits and those fanservice scenes of his perky nipples and double d chest. this was a cute drama but their beginning as a couple felt forced. he literally said date me because he didn't want to lose her as a secretary and then slowly developed feelings so it comes across a little choppy. thankfully the romance is pretty good in general, i just hated how she remained his secretary and didn't get a life outside of work like she originally planned.
the childhood trauma got a little tedious and confusing a third of the way through, her family adamantly denying her kidnapping was never addressed so that's weird and shitty writing. can the kdrama industry give it a rest with the 'knew them as a child, forgot about it, now ive met them again and fell in love' bullshit bc it's not realistic. if i married someone i knew from my childhood please urge me to get a divorce."
22,김비서가왜그럴까,yeong joon is the sweetest man ever.
23,김비서가왜그럴까,if you hate this you hate fun
24,김비서가왜그럴까,"i still have no idea what the fuck was wrong with secretary kim!!!
actors aside, the story was trash. i swear i see the same story being done but with different actors."
25,김비서가왜그럴까,i had an unhealthy obsession w this show cos i thought their chemistry was so unbeatable. i was blinded by the kilig factor that i forgot how messy the plot was 💀 soz i switched sides so fast. still a v nice drama just super cliche and slightly toxic
26,김비서가왜그럴까,it was kinda cringey ngl 😭 but park seojoon is so fuckin hot hello
27,김비서가왜그럴까,Is it cliche? Yes. And I will eat it up and every long gaze or adorable moment from Park Seojun & Minyoung. Oh and the tie-fixing... I'm blushing just thinking of it
28,김비서가왜그럴까,Whoever paired psj and pmy were doing god's work🥰
29,김비서가왜그럴까,One of my first kdramas. Back when I still thought of the childhood connection as an original plot twist. Can't help but swoon over this one.
30,김비서가왜그럴까,"De longe o meu dorama favorito. É tão sútil e ao mesmo tempo envolvente, tipo de obra que faz você maratonar sem perceber. Um romance envolvendo um crime na infância que causam traumas na vida adulta. A sintonia entre o Park Seojoon e a Park Minyoung é nítida, eles transmitem serem um casal de fato. Dorama da minha vida 🥰"
31,김비서가왜그럴까,Okay I love THEM I love them so so much.
32,김비서가왜그럴까,I absolutely love Seo-joon so this was a must watch. Very cute and captivating drama. Their dynamic was adorable.
33,김비서가왜그럴까,So sex
34,김비서가왜그럴까,This drama had the best kiss scenes. Their chemistry is unmatched too. Even the side couples chemistry is so good. One of the top rom-com in kdrama land.
35,김비서가왜그럴까,episode 8 they finally kissed the tension was killing me!!!
36,김비서가왜그럴까,idk but i loved this drama and they’re gorgeous
37,김비서가왜그럴까,"Im obsessed with the « emotionless person has emotions for the first time and hates it/ has no idea what the fuck to do » trope & it is in fact because I believe I am incapable of love & would appreciate if I could feel things too. That being said I hated every minute of it because like yikes romance is a strange concept & makes me uncomfortable. Maybe these shows are some sort of exposure therapy? Idk what I’m doing. Anyway the scene where Young Joon’s parents apologize was heartbreaking to watch. Imagine having parents who can genuinely apologize and like not in a manipulative/ victim complex guilt trip kinda way. Only part that made me cry & was sort of healing? Idk I think this show turned into some sort of free therapy for me. I’ve related to the characters too much and I can’t tell if that kind of insight is good or bad. Also cheers to keeping me very interested without actually having that much going on, only lost interest a lil bit in the last two episodes."
38,김비서가왜그럴까,jealousy is fun to watch yaar
39,김비서가왜그럴까,somethings not clicking
40,김비서가왜그럴까,wtf abi bu dizi niye burda fmgmfndjshsjs neyse yorumlicaz mecburen: slowburn asigi bunyeme bile kriz gecurten bir dizi olmustu diyeblrm ya da o zamanlar cokfazla ask diliordm ve bunlarin nazi benim kafami s1kmisti acikcasi onun disinda eh keyifli
41,김비서가왜그럴까,i kinda had to force myself to watch after episode 12 bc it slowed down quite a bit but it was still enjoyable and i’m glad i watched the last few episodes
42,김비서가왜그럴까,"One of the best romances I've seen in kdramas.
He's so annoying but so funny at the same time. And it's clear from the beginning that they're perfect for each other.
The childhood plot was unnecessary in my opinion, but it didn't damage their relationship in any terrible way so I let it slide."
43,김비서가왜그럴까,this drama will always have a special place in my heart 💜🐮
44,김비서가왜그럴까,Dragged in the end but overall a nice series....
45,김비서가왜그럴까,another kdrama trying to brainwash us into thinking men are nice and funny and patient enough to wait for their One and only love to come back to them ....... and guess what? they succeeded!
46,김비서가왜그럴까,mera hero kidhar ko hain
47,김비서가왜그럴까,Eğlendiren güldüren bazen hüzünlendiren harika bir yapım.Kesinlikle izlenmesi gereken bir dizi
48,김비서가왜그럴까,"Aku ingin hidupku kembali.
Menghibuur What's Wrong with Secretary Kim romcom yang bercerita tentang kisah cinta antara seorang wakil presdir narsis dengan sang sekretaris.
Mungkin ceritanya tidak istimewa tapi dibawakan dengan menyenangkan, banyak adegan kocaak 😄. Chemistry dan performa kedua karakter utama apik, yaampuun Park Seo-jun dan Park Min-young cakeeep gak ada obat 😍. Karakter pendukung menjadi pelengkap yang oke."
49,김비서가왜그럴까,"Salah satu drakor yg menyenangkan untuk ditonton.
Park Min-young ini cantiknya sungguh ga manusiawi."
50,김비서가왜그럴까,"at first i loved it, then i rewatched it and realized how bad it is ."
51,김비서가왜그럴까,"If you want kilig, you can watch this!! But that’s only it can offer, I think. The plot was meh at best. Oh yeah, sometimes it’s funny!"
52,김비서가왜그럴까,"Easily the funniest kdrama I've seen so far, I think I was just laughing through most of it
Buuuut, the childhood backstory was so far-fetched and almost unnecessary? KDramas are usually unafraid to use contrivance to bring together their characters but this was the most preposterous contrivance I've seen in any KDrama so far. And the drama it adds really hampers a lot of things, especially the perfect characterization of Young-jun's self-absorption. Much of the comic charm wore off by the last 3rd of the show because of it as wel
Still love it tho."
53,김비서가왜그럴까,"Park Seo-jun ganteng bangeeet ♥️♥️♥️♥️
Dengan adanya drama Korea ini bikin banyak baper Sekretaris gak sih? Baper kali aja dapat bos ganteng, kaya, dan bakalan jatuh cinta. Iya gak sih? Huhu."
54,김비서가왜그럴까,everyone who says this is bad is just a hater
55,김비서가왜그럴까,"y’all simp over Seojun while I am gonna simp over my girl Minyoung thanks 
p.s y’all should definitely watch this just because it has the best kiss scenes in kdrama history"
56,김비서가왜그럴까,"forbidden love>>>
started out kinda meh. then there were some cute scenes. dude the ending loke i coudlnt watch the last 3/4/5 episodes with my undivided attention especially the last three ep. idk it wasn’t giving towards to end and like it was dragged out and now that it’s over like I’m not mad abt it yk. like it doesn’t give u anything to think abt if that makes sense. Overall, I won’t miss this drama. It was fun sometimes but then there were rlly boring and cringey parts."
57,김비서가왜그럴까,park min young is so pretty
58,김비서가왜그럴까,The comedy in this series is unmatched
59,김비서가왜그럴까,One of the classics. Love this drama
60,김비서가왜그럴까,"desperate, lovey, interesting"
61,김비서가왜그럴까,THIS DRAMA HAS A SPECIAL PLACE IN MY HEART ( !! ) 🤧💗
62,김비서가왜그럴까,"so beautifully made n fucjing hilarious😭😭😭😭😭💔
ps. i started watching this 2018 n never finished so this is my biggest accomploshment"
63,김비서가왜그럴까,"park seo-joon? more like park that big mac truck right in this little garage
… im so sorry"
64,김비서가왜그럴까,First ever Korean drama. Enjoyed it so much at the time. It's enjoyable.
65,김비서가왜그럴까,this was addicting for no reason
66,김비서가왜그럴까,Watched 2x
67,김비서가왜그럴까,This was absolutely ridiculous but I'd do anything for park seo joon
68,김비서가왜그럴까,"Main plot revolves around the relationship of a narcissistic CEO and his loyal secretary, with a subplot of a kidnapping that happened to them in their childhood days. The main plot of their romance feels draggy at times, and honestly I'm more interested in unraveling the subplot and wished it could have taken precedence.
As a romance Korean drama, it follows a few cliches here and there, but there wasn't any disapproving rich family that throws water or offers money, which is nice change in pace from the trope. However, some of the cliches leaned more towards being 'cringey'.
Characters were hyper-realistic at times, and felt a little flat in terms of their personalities. Dynamics between characters also felt more cartoon-ish, if that is the viewer's cup of tea (but it ain't mine).
I absolutely hate the editing here with numerous break in 180-degree rule, and random choices of shot sizes.
Overall, What's Wrong with Secretary Kim is lighthearted to watch, but it had a lot of moments where it was difficult to swallow."
69,김비서가왜그럴까,"i never finished this. i think i literally watched up to the last ep and called it quits. but really, you can't go wrong with park seo joon and park minyoung is gorgeous. my fatal flaw is being attracted to handsome men who are absurdly cocky and theatrical about it and fall in love with their employee that they work super hard. qq"
70,김비서가왜그럴까,damn
71,김비서가왜그럴까,the kidnapping memory amnesia subplot was so unnecessary imo
72,김비서가왜그럴까,SO GOOD!!!!!! my perfect little meow meows i loved them as a couple so much. and it was so funny too. definitely one of my favorite kdramas ever ❤️❤️
73,김비서가왜그럴까,😩
74,김비서가왜그럴까,It made my heart flutter though I know the drama was full of fan service. What a good drama to enjoy to lift my mood.
75,김비서가왜그럴까,Another Park Seojun classic. Amazing love story.
76,김비서가왜그럴까,finished it today and i absolutely loved it 🥹
77,김비서가왜그럴까,"PARK SEO JOON MAHAL NA MAHAL KITA
a lot of ppl are saying that this is bad but i enjoyed it lol"
78,김비서가왜그럴까,I'm in love with a narcissistic
79,김비서가왜그럴까,I love this show sm
80,김비서가왜그럴까,im probably never even gonna finish this
81,김비서가왜그럴까,.
82,김비서가왜그럴까,İzlediğim ilk k-drama. Gayet beğendim. Küçükken birlikte kaçırılan iki küçük çocuğun yıllar sonra yollarının kesişmesi ile başlıyor. Başkan yardımcısı Lee kim mi soo’yu görür görmez onu hatırlıyor ve şirkette kendi sekreteri yapıyor. 9 sene yanında çalıştıktan sonra kendi hayatını kurmak için istifa etmek isteyen kim mi soo aslında başkan yardımcısı lee’nin kendisine olan aşkını farketmesine sebep oluyor. Böyle ilerleyen dizinin sonunda sekreter kim ile CEO lee evleniyor.
83,김비서가왜그럴까,"Park So Jun is my favorite actor. He's just so Good in every role he plays. This show is funny, sweet, entertaining and pretty much everything that I wanna see after a long day."
84,김비서가왜그럴까,"""""Aura""""
Park Seo-joon lindo perfeito sem defeitos (em português lê-se Parque São João (y))"
85,김비서가왜그럴까,jug jug ah ah
86,김비서가왜그럴까,aaaaaaaw this was so fun <\3
87,김비서가왜그럴까,"they were insane for the kissing scenes 
i only watched the beginning and the kissing scenes that’s enough for me"
88,김비서가왜그럴까,"I'm not a romantic genre fan but Secretary Kim kept my attention during the 16 episodes even though the story could have ended in ep12 , loved the supporting cast and the attention their stories gained, over the main actors I couldn't think of other people in their places."
89,김비서가왜그럴까,comfort show
90,김비서가왜그럴까,still crying bc of the wedding... i love destined soulmates <3
91,김비서가왜그럴까,"4th favorite kdrama
super funny
manager bong is my favorite character she looks just like me"
92,김비서가왜그럴까,park seo jun. park min young. what a sight to see.
93,김비서가왜그럴까,loved it but don’t love male lead
94,김비서가왜그럴까,"tba
watched: 3/3 - 3/6"
95,김비서가왜그럴까,gonna tell my kids that Park Seojoon and Park Minyoung invented chemistry.
96,김비서가왜그럴까,"More trope than plot. Few funny moments and feels light-hearted, but not much character development, and the tropes get old very quick (tying a tie, cleaning a wound, ridiculously falling on a bed/or a couch together -> multiple times).
1 episode as a distraction is enough."
97,김비서가왜그럴까,park couple supremacy
98,김비서가왜그럴까,"So, when is this going to happen to me?"
99,김비서가왜그럴까,i’m sick in the head. broken.
100,김비서가왜그럴까,AURA!!
101,김비서가왜그럴까,"A MUST WATCH! There's so many scenes that can make u laugh 😂 Plus, I love the plot it's so good :)"
102,김비서가왜그럴까,"Comedia romántica, graciosa y buenos besos"
103,김비서가왜그럴까,"AKU SAMPAI NGESHIP PSJ SAMA PMY, DANGGGGGG! MEREKA GEMES BANGET AKU PUSINGGGGGGG 😍💗"
104,김비서가왜그럴까,KILIG NA KILIG AKO HANGGANG MADALING ARAW DI NAWAWALA NGITI KO POTANGAIANAISGAUAHAGAGGAGA
105,김비서가왜그럴까,this was unbearably misogynistic and not even good enough dialogue/writing to make up for it. don't know what the hype is.
106,김비서가왜그럴까,yummmm
107,김비서가왜그럴까,"The background story seems really irrelevant, it was there just to give the slightest bit of drama. Wish the older brother had more screen time."
108,김비서가왜그럴까,meu dorama favorito simplesmente
109,김비서가왜그럴까,"Loved the character arc of Lee Young-joon…
Both their smiles got me intoxicated 🤤🤤🤤😂"
110,김비서가왜그럴까,"This is a cute, feel good, light and funny rom-com❤"
111,김비서가왜그럴까,"HEAR ME OUTTTTTT
the chokehold this drama has on me. god i wish i could go back to the time when i was religiously watching this…. omggggg i have no words i just love it a lot"
112,김비서가왜그럴까,first series that i really love btw ganda mo minyoung kainiz
113,김비서가왜그럴까,idc if this is fanservice if it was a kdrama. i'm a fan and it SERVES! serotonin show
114,김비서가왜그럴까,i know what's wrong with secretary kim.....
115,김비서가왜그럴까,THAT video of park seojun and park minyoung... iykyk
116,김비서가왜그럴까,"My Second Korean Drama
Sangat menghibur dan cocok untuk ditonton bagi yang masih pemula di dunia drama korea. Tapi ga worth untuk ditonton ulang jatuhnya jadi cringe. Telat menyadari juga aktingnya Park Seo Joon dan Park Min Young kelihatan canggung ga nyaman melakukan adegan panas."
117,김비서가왜그럴까,Vaquinha Trabalhadora protagonista
118,김비서가왜그럴까,this show made me smile every time i watched it
119,김비서가왜그럴까,Are you going to drive me into the afterlife? 💀
120,김비서가왜그럴까,And the winner for the best love scenes in any Korean drama goes to...
121,김비서가왜그럴까,"my favorite romance kdrama — maybe my favorite romcom ever. 
over-the-top, comic-esque, and puts the drama in dramatic. 
it’s obviously very fictional, but it deals with trauma in such a real way — and it doesn’t trivialize it like most kdramas tend to do
the characters act realistically considering what they’ve gone through. trauma can cause various, surreal reactions, especially since trauma is something that should never happen. 
my comfort drama for several different reasons, and a must watch for those of us who use kdramas as our escape."
122,김비서가왜그럴까,literally my favorite show 💀💀 kim mi so pls marry me
123,김비서가왜그럴까,watched this with my mom and she loved it so much
124,김비서가왜그럴까,"i loved his character in this, it was so cute😭💗"
125,김비서가왜그럴까,"SO CUTE 
I LOVE PARK SEOJOON"
126,김비서가왜그럴까,"Lee Young-Joon, es talentoso, inteligente, guapo, algo orgulloso y vanidoso, pero super bondadoso y atento, aunque a veces no capta las indirectas y puede llegar a ser imprudente hehe, presidente CEO, enamorado de su secretaria Kim Mi-So desde la infancia. Ambos se conocen muy bien, se cuidan entre ellos, son atentos uno con el otro, pero siempre bloquean sus sentimientos, o más bien tardan en darse cuenta de ellos . Luego para despistar terminan diciendo cosas graciosas o nada que ver, mezclan muy bien la comedia y los chistes.
Como el de niño reprimió todos sus sentimientos fingiendo no recordar nada, vrg que valiente y admirable, todo eso para no hacer sufrir a los demás, que niño tan comprensible T_T
Como sin querer el le dio la fobia de las arañas :(
También como todo lo analiza shingos ajaja piensa en todas las posibles soluciones, va un paso adelante.
Me dio un shingo de cosa verlo llorar de grande era un cumulo de represión de emociones desde niño hasta que estalló.
Kim Mi-So, es muy dulce, linda, y trabajadora, dispuesta a aprender, siempre esta ahí cuando la necesita, delicada y sofisticada. Me gustaron mucho las combinaciones que le pusieron en cuanto a su estilo, se ve muy bien.
El pasado de ambos fue trágico, que bueno que ambos se tuvieron para darse apoyo mutuo aunque uno bloqueó los recuerdos como autodefensa.
Me gusta como se ríe Lee Young-Joon, bien bonito cuando esta con ella, awww, ¡Mueroooo! la sonrisa del actor es muy agradable. Es frío por fuera pero masita por dentro cuando se descontrola ajaja.
Su manera de sonreír con sus mensajes de texto y sus caras JAJAJA, también como se emperra cuando le dan celos y frunce el ceño.
El hermano del presidente, Lee Sung-Yeon, es un famoso autor de libros, el cual casualmente termina siendo este el autor favorito de Kim Mi-So. Tiene el rostro más aniñado que su hermano, pero sigue siendo lindo, es más sentimental y explosivo.
La escena del ramen es super mega tierno jaja que le cocine y además le dio su keran (huevo duro)
¿Quieres un poco de ramen? = Me gustas
JAJAJAJA cuando jugó a las maquinitas, si soy alv jajajajaja todo necio ahí intentando e intentando.
JAJAJAJAJAJA mira por allá un fantasma! *se asusta*
Ppororok, Ppororok, awww como repite todo lo que ella hace, sacando su ramen para que se enfríe qw
""Mi chica JAJAJAJAJAJAJAJAJA mi mujer""
Me gusta que jueguen con los emojis que se mandan en los mensajes de texto, LOL
AJAJAJAJAJAJAJA morí con sus nervios, de verdad no puedo JAJA.
A U R A
Frases que rescato de Lee Young-Joon,
“Yo no te odio te desprecio”
“Nos ponemos mas emocionales, mis sentidos son mas fuertes en la oscuridad”
“Por un momento quiero estar así, por un momento, quiero amar mucho a partir de ahora. Quiero amarte”
“Soy un meticuloso cuando se trata de dar y recibir”
“No podía trabajar porque estaba enojado contigo”
""Prepárate porque ya no ajustaré más mi velocidad de carrera”
“No puedo evitar ser un jefe egoísta pero no quiero ser un novio egoísta”
“Y porque eres demasiado bonita, ya no puedo molestarme contigo”
“Porque eres mi mujer” awww
""Si no es algo urgente perderá su trabajo mañana"" JAJAJAJA
""Se emborracho y se durmió de tanto esperar"" jajajajaja
Y el todo desesperado ay no
La neta si me gustó mucho, la trama cero aburrida, divertida, graciosa, con clase, excelente soundtrack 10/10, esta cool para pasar el rato y distraerte, hasta cuenta con momentos serios, como su trauma del pasado. Los tres actores principales en los papeles del presidente, la secretaria y el hermano del presidente, son buenos en la actuación y guapos, mis respetos. Me dio como cosa recordar esa etapa de enamoramiento jaja, como es bien bonito estar todo embobado por la otra persona, qw."
127,김비서가왜그럴까,"didn't leave much of an impact looking back, but it was still quite entertaining for a cozy sunday also best kiss scenes"
128,김비서가왜그럴까,those stars are for you park seo joon 😘
129,김비서가왜그럴까,it’s a classic for a reason
130,김비서가왜그럴까,"ok now i’m not really into cheesy drama but i LOVE this one, cuteness overload!!! park seo joon is just never wrong. yes there’s some cringeworthy moments but overall it’s funny and has the best kissing scenes out of every k-drama I've watched so i let it slide lol"
131,김비서가왜그럴까,"Me apaixonei no park seo-joon aqui
(shout out pra cena de pegação)"
132,김비서가왜그럴까,the original toxic romance man trope and i can’t even hate him for it xx
133,김비서가왜그럴까,he's obsessive but they're hot.
134,김비서가왜그럴까,ok but i loved the cast
135,김비서가왜그럴까,the answer is that she is a baddie and Park Seojoon can’t handle that
136,김비서가왜그럴까,a breath of fresh air
137,김비서가왜그럴까,"Two virgins with a work kink. 
Uhh this was very good I enjoyed it a lot!"
138,김비서가왜그럴까,They are perfect for one another. But the side stories are sooooo annoying
139,김비서가왜그럴까,gatekeeping seojoon from all you bitches when the marvels comes out. y'all do NOT deserve him!!
140,김비서가왜그럴까,was their relationship unethical? yeah but consider this..it was sexy
141,김비서가왜그럴까,"Watched the first three episodes for work back in 2018, thought I’d finally pick it back up. To be honest I could’ve done without the childhood backstory and still be satisfied. Cute, silly and that’s all it is, but it knows that’s all it is."
142,김비서가왜그럴까,I’m convinced this started out as a Seokjin fanfic
143,김비서가왜그럴까,nem preciso falar nada
144,김비서가왜그럴까,"Ms Kim Mi So would not stop calling her bf vice chairman. Like ma’am it’s your wedding day, I think you can stop."
145,김비서가왜그럴까,MUY WENA
146,김비서가왜그럴까,"A solid K Drama.
Really encapsulates all the essence of what a k drama is."
147,김비서가왜그럴까,The chemistry is perfect
148,김비서가왜그럴까,"start was a bit boring but as it progressed it got better. I liked the fact that the characters had intresting back stories, it made me like the drama a bit more. It was cute and fluffy type of romance but that iconic kiss(three cheers for Park Min-young for that. She stole the show there).
The side characters nd their story was also amazing.
The wedding scene was perfect."
149,김비서가왜그럴까,another locals favorite
150,김비서가왜그럴까,leaving me speechless... it's...just...so...cute...and...nice
151,김비서가왜그럴까,Don’t expect some high concept symbolism or the most cinematography but if you wanna have fun with some adorable cheesy romance her is a excellent kdrama for you
152,김비서가왜그럴까,Park Min Young can do no wrong in my book
153,김비서가왜그럴까,"watched this because my mom asked me to join her, and this was so bad. too many cishet couples i couldn't handle, and i felt that internal homophobia. the normalized ""i won't let you go bec i know u well"" was weird, especially when the other party didn't know anything about that. the stalking scenes that were normalized as romantic gestures were creepy. and men, for the love of god, let women do the things they love to do.
i hate how its kdrama and webtoon, and other forms of media with a similar plot are popular anywhere. and yeah, psj, the male lead.
sighs women deserve better."
154,김비서가왜그럴까,"very cute and i didn't mind the office romance plot as much as i usually do, probably bc the show was so funny"
155,김비서가왜그럴까,This show is way funnier than I expected omg I didn’t expect to like this show this much!! I can tell they all had a really fun time filming this while also acting really well & cute. The main leads are just so hot 😩😩😩😩😩😩😩 their love scenes were 10/10 their chemistry together is so sexy 😩 they were also way funnier than I thought they’d be I was thoroughly surprised at how much I enjoyed this! Their drunk acting was way too real I was laughing my ass off. There’s a ton of cute couple scenes & dialogue I loved between them & I like how this show wasn’t scared to be explicit or naughty
156,김비서가왜그럴까,"It was fun to watch and easy to love. 
Sometimes this is exactly what you need"
157,김비서가왜그럴까,PERFECT SHOW. SEXY CAST.
158,김비서가왜그럴까,my very first kdrama omfg. i mean it’s totally melodramatic at some points but i haven’t found anything like it since 🥲🥲🥲❤️
159,김비서가왜그럴까,I'm biased because this kdrama is honestly not that special but my heart fluttered so much and this is the kdrama I gravitate towards when I want to relax and rewatch a kdrama
160,김비서가왜그럴까,"One of my first Kdramas. So everything was very new, the childhood connection and everything that most Kdramas has these days. It will always have a special place and Kim mi-so is love."
161,김비서가왜그럴까,"Oh I love it, it has many acting flaws but you just adore this show!"
162,김비서가왜그럴까,lol fav kdrama
163,김비서가왜그럴까,"I get why it's a highly recommended drama. It's full of great romance and comedy and fun to watch.
The side couples were alright. It started to drag a bit near the end as the episodes seemed to just be filler until their wedding."
164,김비서가왜그럴까,"I love 🥲
I swear this was one of the funniest shows I’ve watched. I was seriously cackling every episode. 
Yes it was strange. I was not expecting that back story?? But I still had so much fun watching"
165,김비서가왜그럴까,First kdrama I’ve ever watched has a special place in my heart
166,김비서가왜그럴까,Light and enjoyable show with wholesome pairing
167,김비서가왜그럴까,"The story wasn’t going anywhere 
Cringey overacting"
168,김비서가왜그럴까,"Park Seo Jun was a simp here, and I live for it"
169,김비서가왜그럴까,kim mi seo crazy i’d GLADLY slave 9 years and THEN SOME working as a narcissistic park seo jun’s diligent secretary
170,김비서가왜그럴까,Cheap
171,김비서가왜그럴까,AURAAAA 🙌🏻
172,김비서가왜그럴까,I mean I get the hype over it but like it contains so many kdrama tropes that I’m bored of.
173,김비서가왜그럴까,Park Seojoon deserves better
174,김비서가왜그럴까,"Okay, but what's wrong with me and my obsession with emotionally constipated men??????"
175,김비서가왜그럴까,tem que ter coragem pra assistir 16 eps disso
176,김비서가왜그럴까,AURA !
177,김비서가왜그럴까,女主有点像 Mi...
178,김비서가왜그럴까,"Dropei e acho que foi bem no começo (4 ep?). 🤡
Park Seo Joon que me perdoe mais que drama CHATO. Mais um que eu não entendi o HYPE."
179,김비서가왜그럴까,"Not usually one for romantic shows but this was alright - although there were a couple of cringe-worthy parts. The beginning and end of the show was hilarious - definitely worth watching for the laughs.
The main part that put me off was the memories from their past and how the ""secret"" was revealed. It was a little anticlimactic for me and didn't make much sense.
My favourite scenes were the conversations between Young-Joon and Yu-sik. I was in actual tears because how ridiculous they were - I loved it so much."
180,김비서가왜그럴까,episode 8 where park seo joon calls park. min young his girl made me want to find a man too 😔
181,김비서가왜그럴까,it is so fun to watch and i really couldn’t tell you why. maybe it’s that men realizing they’re the worst is therapeutic
182,김비서가왜그럴까,My first k-drama that makes me fall in love with k-drama!
183,김비서가왜그럴까,"i wanted to watch this bc of the kisses scenes (mind ur own business) but it was just unbearable and irritating and the whole telenovela plot was the worst thing ever, worst part i stopped watching before even getting into the good kisses 😒 a girl can only bear so much"
184,김비서가왜그럴까,I don’t really like the plot but the chemistry between the main leads is good
185,김비서가왜그럴까,"the casting crew are matchmakers, the chemistry between them was unmatched <3"
186,김비서가왜그럴까,I wanted to watch this kind of kdrama just for a good laugh
187,김비서가왜그럴까,i do NOT remember the actual plot but park seo joon + park min young = bi panic
188,김비서가왜그럴까,O melhor personagem do Park Seo Joon.
189,김비서가왜그럴까,"finished watching this after Law School cos i wanted a corny and hella cheesy drama to wash off the heaviness of Law School and i didn’t rly have high expectations of this at first cos the trailer seemed so shallow BUT I WAS PLEASANTLY SURPRISED at how Well they executed the story and the cliché scenes like i genuinely felt secondhand kilig watching the corny ass moments between mi so and young jun
i haven’t watched a lot of kdramas but i’d definitely rewatch this one just cos of how Happy it makes me 
ALSO DIDNT EXPECT STEAM THAT WAS A S H O C K"
190,김비서가왜그럴까,"no but, the drama is good. however, there are some flaws. like personally, i felt like the elder brother’s character was a bit sloppy.
but it’s kind of sweet to see how Park Seojoon’s character becomes more softer over the episodes."
191,김비서가왜그럴까,"welp, I couldn't finish the series in a short term, not bcs it's boring but I'm just busy. To me, it's not much to say about it. The storyline was described perfectly and had me intrigued who's the kid that was kidnapped though I expected it was seo joon even at the early episodes. Decent standard for a kdrama"
192,김비서가왜그럴까,their chemistry is unmatched
193,김비서가왜그럴까,"De todas as que assisti não sei porque é a minha preferida. Me passa a sensação de que com jeito e persistência se consegue qualquer coisa. Não há obstáculos na vida. Os protagonistas não tem nem o que falar, são perfeitos!"
194,김비서가왜그럴까,"Sweet and funny drama.
Inbetween romantic portion, they also added mystery portion to keep the viewers engaging.
All side characters and stories are really nice"
195,김비서가왜그럴까,entendo todo o hype por trás pq no final a história é muito quentinho no coração mas no começo o personagem do park seojun é insuportável meu deus
196,김비서가왜그럴까,only for Park Seo Joon
197,김비서가왜그럴까,they could’ve stopped after the whole kidnapping thing was resolved but tbh i don’t really care it was still super cute
198,김비서가왜그럴까,that kidnapping story line came out of no where
199,김비서가왜그럴까,this could’ve been 6 episodes.
200,김비서가왜그럴까,the secretary #girlboss
201,김비서가왜그럴까,i hate my life
202,김비서가왜그럴까,"SO good but the ending was cut a little short though ☹️
other than that this was a very good show! they served every trope in the game and their kissing scenes were actually good compared to some other dramas.. but yeahh this kdrama was definitely superior to other kdramas"
203,김비서가왜그럴까,"idk... there was nothing really special about this drama. to be completely honest, i think it was overrated"
204,김비서가왜그럴까,omggggggg my heart these two are adorbs and the cameo of the main couple from beacuse this is my first life!! i'm screamingggg
205,김비서가왜그럴까,"If you are not the type to bother their braincells, then, this is it. Cause it has a very deranged way of tackling topics like worker exploitation, power imbalance et cetera. I don't know if I could confidently suggest this to anyone.
🙏"
206,김비서가왜그럴까,"one of the best romcoms in years, w/ a winning pair & endearing side characters. my only complaint is, as someone has said, “i was doing fine with my solo life until i saw youngjoon and miso, and now i want to go on dates. this pisses me off!” 😂❤️"
207,김비서가왜그럴까,"pertama, romancenya cringe. kedua, Kim Mi So nya suka bersikap tolol nan childish. jadi males nontonnya kalo peran utamanya punya sikap yg childish gitu."
208,김비서가왜그럴까,So cute and funny. Loved it.
209,김비서가왜그럴까,It's cute in the moment but I wouldn't watch it again. Most of the cast is also extremely good.
210,김비서가왜그럴까,one of my first kdramas. it was cute:)
211,김비서가왜그럴까,"nós precisamos falar mais sobre o casalzão desse dorama, que química meus amigos 🔥🔥🔥🔥🔥🔥"
212,김비서가왜그럴까,Park seo joon você me arruinou
213,김비서가왜그럴까,"esse dorama é tão bom cara, eles são uns fofuchos 😾"
214,김비서가왜그럴까,"you tried to let me go because you love me, but i want to stay beside you because i love you.
digitando isso aqui diretamente de um manicômio pois esse kdrama me fez surtar em níveis macabros ao ponto de eu tentar contra a minha própria vida no momento em que eu percebi que nunca viverei um amor assim pois a) nao sou a secretária perfeita de um CEO perfeito e b) nao fui sequestrada quando criança.
enfim, mais uma vitória para o mundinho childhood friends to lovers trope, sempre superior!!!!!!"
215,김비서가왜그럴까,"okay so this was p good but not great 
i went in expecting like an office romance type feel and def that was there but the shared childhood trauma plot was v ??? like they built it up and then it was just kinda whatever after episode eleven or smth idk just seemed pointless. i rlly hated the brother for those episodes but by the end he seemed chill so i was like yeah ig he’s cool
i rlly liked the different office relationships and their development, esp the friendship with the other guy’s secretary. tbh i rlly like that actor from the other stuff i’ve seen him in so this was fun to watch him again
damn can psj wear a suit like bruh, those waistcoats were v nice and my fave fit was w the orange shirt from the camping episode hehe
overall it was a cute show that kinda dragged at times but given that it took place over a month i feel like it was actually well developed in terms of feeling yk, plus i feel like i learned a lil more abt korean culture through the work scenes and then the wedding was a cool insight"
216,김비서가왜그럴까,"Nonton ini belum kelar, gatau ngebosenin kaya udah ketebak gitu alurnya gimana. Cuma kelakuan park seojon emang kocak muluuu, ada aja yang bikin senyum2 sndri"
217,김비서가왜그럴까,Park Min Young's acting is cringeworthy. Him Hiding that he was the boy was unnecessary. Them lying to his brother was dull. What happened wasn't that traumatizing. The cliche that they met when they were kids and had a traumatizing event in kdrama is repeated again but here it doesn't really matter to the plot it was just added for the drama. This was shitty now i know why i skipped it when it was still airing.
218,김비서가왜그럴까,"sure the plot may be a little messy and it dragged a little after the 12th episode but i had a lot of fun, plus seo joon and min young’s chemistry was 10/10 chef’s kiss"
219,김비서가왜그럴까,"Todo excelente y el final perfecto. Me he reído mucho con esta serie, es difícil no amar a young-yoo. Me encantó que hubiese una historia atrás, que de niños se hicieran una promesa y la cumplieran, también que nunca perdiera él su estilo egocéntrico. Ambos actores excelentes, siento que son los papeles perfectos para ambos. Los personajes secundarios también me gustaron. 4.4"
220,김비서가왜그럴까,"Park Joon Hwa is so hot. I didn't realize it in Itaewon Class, where he never changed his haircut in the 10 years the show spanned. 10/10 for the hair alone"
221,김비서가왜그럴까,"'¿Qué le ocurre a la secretaria Kim?' es una serie blandita, agradable y sencilla. Fácilmente, y con razón, se le puede tildar de ser excesivamente romántica y dulzona pero ahí está su mayor baza. En contraposición con otros kdramas que te dejan bastante tocado, he aquí un pequeño oasis felicidad que te dejará satisfecho gracias al buen rollo que transmite y los buenos sentimientos que deja en el espectador. Objetivamente tiene cosas criticables pero como es justo lo que buscaba estoy muy satisfecho con el resultado final. No me han interesado mucho las tramas secundarias que casi he obviado, pero compensa con su pareja protagonista y un final a la altura de lo esperado. Muy recomendable si un drama romántico que te deje con muy buen sabor es lo que estás buscando."
222,김비서가왜그럴까,just thank you so much for making this
223,김비서가왜그럴까,"me fez rir muito, o que é raro"
224,김비서가왜그럴까,"they are both sexy, that's all"
225,김비서가왜그럴까,who cares if the plot is messy i had fun
226,김비서가왜그럴까,"this was such a PAIN to watch WHY IS IT SO BAAAAAD AND CRINGEY but the only thing that kept me going was park seo joon . i dont really like the plot (v predictable) and it felt so draggy towards the end,, theres too much unnecessary characters and scenes that just annoyed me and made me skip to just park seo joon & park min young 🤕 2 stars : 1 for park seo joon 1 for kissing scenes 
WHEN HES TALL AND SMART AND HANDSOME AND THE CEO OF THE COMPANY AND RESPECTFUL AND AND JEALOUS AND CONSIDERATE HELLO !!!!!!!!!!!!! FUCK ME
DRUNK PARK SEO JOON IS THE HIGHLIGHT OF THIS SHOW
bruh the shirtless park seo joon jumpscares I CANNOT HANDLE"
227,김비서가왜그럴까,I am addicted to Korean dramas and I don't want to quit them. ^_^
228,김비서가왜그럴까,Helt ok
229,김비서가왜그럴까,perfect romance must i say!
230,김비서가왜그럴까,"•está buena a pesar de que el plot está bien mixeado y tiene partes medio cringe ngl
•ellos son el verdadero stfu and kiss!!!
•otro proyecto de tvn que me agrada, aunque siento que es como el televisa de corea
•cuando me enteré por lo que pasaron de niños yo 0’:"
231,김비서가왜그럴까,"Ugh, so cheesy. Not a very strong female lead - so cute and submissive. I roll my eyes at the main lead. Character development is meh."
232,김비서가왜그럴까,"so hilarious and Sweet! Love the relationship between Park SEOJOON and Park Minyoung especially at the start where she gets all flustered and confused when he starts trying to appeal to her! So many very cute and hilarious moments. Don't really care for the secondary characters (office workers) until the later part of the series as SEOJOON and Minyoung really make the show as it should, Young joon being so funny in his narcissistic ways and adapting to realising his feelings towards Miso. the kid actors were brilliant especially the boy with the kidnapping plotline. It wrapped up nicely and didn't drag. His narcissistic ways become charming when he finally gets with Miso. Park Seojoon and park Minyoung are too freaking cute together their on screen chemistry is no joke and so many kilig moments~ The jealousy and teasing scenes were the best; funny and witty! Best Kiss scene goes to them!😄🥰 The last two eps were great! Satisfied ending!"
233,김비서가왜그럴까,extremely long winded
234,김비서가왜그럴까,this one was honestly really fun. rich guy learns how to love and listen is actually so funny and great.
235,김비서가왜그럴까,PSJ lang nagdala :'>
236,김비서가왜그럴까,não é o melhor drama do mundo eu sei mas eu amo ele
237,김비서가왜그럴까,they were a sexy couple
238,김비서가왜그럴까,"I feel like i'll never watch a kdrama as good as this one again, everything will be a cheaper version of it"
239,김비서가왜그럴까,Aura
240,김비서가왜그럴까,I've never hit a cement wall so bad before in my life after every cheesy scene
241,김비서가왜그럴까,they r so cute... i 🛳🛳🛳
242,김비서가왜그럴까,The vibes were OFF
243,김비서가왜그럴까,aff nenhum ceo pra se apaixonar por mim kkk
244,김비서가왜그럴까,it’s fun to watch and you also get interest in the other characters besides the mains stories so i genuinely liked it and even through park minyoung and park seojoon don’t match i love the kiss scenes
245,김비서가왜그럴까,we got multiple kiss scenes but zero chemistry booooo
246,김비서가왜그럴까,now this was good
247,김비서가왜그럴까,big fat underwhelmed but I had fun sorta
248,김비서가왜그럴까,feels like i’ve watched this type of kdrama a hundred times before. nothing’s original. the abduction storyline is absolutely unnecessary
249,김비서가왜그럴까,SAUDADES ETERNAS DESSE CASAL
250,김비서가왜그럴까,the chemistry between them gets five stars. however the plot is so terribly cringy and cliche but i like cliche and this makes me happy so :)))))
251,김비서가왜그럴까,"such a nice rom-com with a light story and great chemistry. maybe not one of my favorites but one of the kind i'd sit and watch several times, especially during those sunday afternoons where you have nothing good to do."
252,김비서가왜그럴까,Why are these kdramas on letterboxd? Now I'm compelled to catalogue all of them and add my review. This was cute until they got together. Then it gets predictable and boring
253,김비서가왜그럴까,bad.
254,김비서가왜그럴까,I would watch any kdrama with park seo joon in it tbh. I binged watched this like crazy when i found it. Its a great romantic comedy worth to watch. The chemistry is good. I began to read the webtoon too
255,김비서가왜그럴까,another TOP TIER
