,title,reviews
0,동백꽃필무렵,"I'm very thankful that When a Camellia Blooms really tried hard to give audiences a new perspective about our social norms, especially about single mother, divorced couple, children from broken home, stigma about some professions, mental illness, and more. It feels very relatable, things that I could see in everyday life. In my opinion, When the Camellia Blooms does a great job at that. By the end, it may still be like your typical K-drama but the way it potrays this issues is quiet realistic.
Both Gong Hyo-jin and Kang Ha-neul does a great job, especially Kang who plays the ambitious, funny, and whipped police officer. His facial expressions and body language absolutely hilarious in comedy moments, then calm, strong, and full of determination in his investigation mode, while emotional and full of understanding in dramatic moments. While Gong is quiet but always charming. Their chemistry is cute and other casts also delivers strong performances.
The best things in this series is obviously the combination of the light rom-com and the dark and intense tone of the crime-thriller. It's not perfect, as the darker tone comes slowly in the series until at the very end when the rom-com isn't as light and charming as in the beginning. But When the Camellia Blooms indeed does a good job at that, changing the mood using lightning, music, and colors—from the bright pastel colored visual to the moody dark greenish blue."
1,동백꽃필무렵,"i came to tell you some facts: hwang yong sik is the best man, best dad and best male lead character ever. and so is dong baek. she is the best woman, best mom and best female lead character ever."
2,동백꽃필무렵,"Another KDrama entry...
I’m a big fan of Gong Hyo-jin and this one has a nice blend of classism, romance and a serial killer storyline. 
Highly recommended! 
Watched via Netflix Canada"
3,동백꽃필무렵,"idk why men even try, they will never be hwang yong sik"
4,동백꽃필무렵,"I think this is the most whipped I've ever seen a man for a woman
it's so inspiring xoxo"
5,동백꽃필무렵,gong hyo jin best girl
6,동백꽃필무렵,Can people ride airplanes even though they can't ride taxis?
7,동백꽃필무렵,"Bastante bien 'When the Camellia Blooms', un drama romántico ubicado en un pueblo -evoca en esa construcción a 'Hometown Cha Cha Cha' aunque en menor escala- que logra mantener un buen nivel de interés en su trama hasta prácticamente el final. Es algo excesivo en su duración y tiene algunos problemas pero merece la pena si te gustan este tipo de dramas, de lo mejores hechos en los últimos años dentro de su línea."
8,동백꽃필무렵,if you have abandonment issues don't watch this! 😭
9,동백꽃필무렵,gong hyo jin <3 by far the greatest actress in terms of picking the plot she knows is right for her. she always picks shows that have something to say about society. conscientious choices all throughout.
10,동백꽃필무렵,"""Can a person become a miracle for another?"""
11,동백꽃필무렵,"Why didn't dongbaek have character development until the last episode and why did she have to cry all the time?? I mean i know how hard her life is but suddenly crying when someone, her boyfriend, yongsik being all adorable fluffy cotton candy trying to cheer her up is a kind of??"
12,동백꽃필무렵,"love, love, love this Kdrama. One of the most adorable yet thrilling ones I’ve seen that doesn’t actually focus too much on the mistery but rather this very cute small town romance targeting the male lead’s romance. There’s both a sense of innocence yet maturity built into, whether it’s about the Female Lead’s old flame or just needing someone to hold onto. With this, I have to mention that I started loving Kang Ha-neul even more and I absolutely enjoyed watching Gong Hyojin and Son Dambi‘s acting for the first time! An unexpected combination that interestingly works out.
„I‘ll remind you everyday what a great person you are so that you‘ll never forget.“ - Hwang Yong-sik 
Kang Ha-neul really made every single moment enjoyable to watch. He himself and his character are adorably charming but he also has this innocent and dedicated charm which his constant support for Dong-baek truly expresses. He’s a little playful and humorous though very humble and the way he manages to be persistent on reaching what he wants or rather desires and knowing how to act when it comes to dealing with the female lead’s situation is something I think is just really wonderful to see.
„I‘m the perfect person to share your secrets with. I don‘t think, and my memory sucks.“ - Choi Hyang-mi
Next there’s Hang-mi portrayed by Son Dam-bi. She is one of the most heartbreaking components of this Kdrama. I think what makes her so special to me is the amount of realism that plays a role in her life. She reminds me of the different variations of situations one is in and that we somehow have to deal with them anyway.
„If you‘re rude to me, I‘ll do the same. That‘s my life‘s motto from now on.“             - Oh Dong-baek
And the last character I’ll be talking about is Dong-baek portrayed by Gong Hyo-jin. She’s definitely one of my favorite FL of all time! I love her strength so much. The way she managed to raise her son under those awful conditions is something I can only look up to. Her Character has to deal with a lot of motherly instincts that collide with all her misfortune but this shows a lot of strength and self respect which she definitely has."
13,동백꽃필무렵,Best Of 2019!
14,동백꽃필무렵,HONESTLY VERY CUTE
15,동백꽃필무렵,best love story ever written me thinks
16,동백꽃필무렵,"MISS GONG HYOJIN NEVER MISSES!!!!!! god i loved this so much i love how he loved her and uplifted her unconditionally and never made her feel like she had to compensate him for it. this is the healthiest relationship i’ve seen in a kdrama so far!! and the running gag about the dogs custody in this show is so perfect it’s always hilarious and never out of place LMFAOOO. ugh, now i want to watch all of my favorite dramas of hers again 🥺🥺🥺"
17,동백꽃필무렵,I’m a great person to share your secrets with. I don’t think and my memory sucks.
18,동백꽃필무렵,mães ❤️
19,동백꽃필무렵,<3
20,동백꽃필무렵,"honestly at first i just thought it was a romcom but they got us solving murders 😭 not complaining tho, 10/10 WOULD RECOMMEND"
21,동백꽃필무렵,"Gak cuma sekedar ngasih pesan bagus, tapi semua masalah berat dan haru warga Ongsan, di kemas dengan sangat ringan, sampe-sampe gak kerasa udah 20 episode selesai /crying under the shower/."
22,동백꽃필무렵,"honestly the only downside is that the guy is a cop,, besides that 100/10"
23,동백꽃필무렵,"omg may kdrama na pala dito haha and omg my fave ♡ yeorobun, watch juseyo ♡"
24,동백꽃필무렵,"i love everything about this drama. it shows struggles of being a mother, being a child and being a family. everyone killed this drama but i would like to give all the credits to my favourite squad also known as ongsan warriors."
25,동백꽃필무렵,"Hwang Yong Shik is THE himbo!!! The best man I know!!! Obsessed with that man!!!!
Absolutely none of the promotional stuff clues you into the fact that the B plot of this rom com is that there is a serial killer desperately trying to kill the female lead and every cat in town."
26,동백꽃필무렵,DAYUMMMM THE BAEKSANG IT DESERVES
27,동백꽃필무렵,hyojin is mother
28,동백꽃필무렵,"Mengungkap misteri dengan cara kiyowo. Dari alur terlihat lambat dan beberapa dialog terlalu bertele-tele tapi castnya cukup solid.
Cukup bingung juga didrama ini menerapkan pola yang sama untuk menceritakan masa lalunya.
20 episode perjalanan panjang, harus sabar untuk bisa turut menikmati ceritanya"
29,동백꽃필무렵,i missed the feeling of watching this series for the first time. never really bored with the stories in it everytime i decided to rewatch again. one of the best kdrama for me so far and i cant enjoy any new kdrama after watching this. in conclusion: no one can beat this series.
30,동백꽃필무렵,Father who stepped up
31,동백꽃필무렵,"the direction of the story is uncertain, whether you want to go to romance, thriller, or comedy"
32,동백꽃필무렵,AITA for throwing myself off a building so my son will stop murdering people?
33,동백꽃필무렵,"A very heartwarming drama. First episodes were really entertaining, but it was very slow-paced so it took me sometime to finish the rest. I really liked the last episode though! I cried so hard when the Ongsan people worked together to get Dongbaek’s mom to the hospital :( AND KANG PILGU! THAT BABY IS SO CUTE GRRR!"
34,동백꽃필무렵,so completely perfect in so many ways <3
35,동백꽃필무렵,"THIS MAN IS A SIMP!
shouldnt have watched this because NOW I HAVE TO REMIND MYSELF THAT HWANG YONGSIK DOESNT EXIST"
36,동백꽃필무렵,"bagus bangettt huhuhu, plot ceritanya ga ngebosenin sama sekali, banyak sekali pelajaran hidup yang bisa diambil, such a good drama to watch🥰🥰"
37,동백꽃필무렵,another sad k drama by netflix
38,동백꽃필무렵,I keep suggesting everyone to pLEASE WATCH THIS until this second.
39,동백꽃필무렵,"Salah satu drama korea favorit di tahun 2019! Saya yang kebetulan suka sama aktingnya Gong Hyo Jin kayanya lumayan gercep nontonnya waktu itu.
Bercerita tentang Dong-Baek sebagai heroin utama yang merupakan seorang orang tua tunggal bagi anaknya Pil-Gu. Dong-Baek yang dulunya sempat diterlantarkan oleh ibunya, sekarang bertekad untuk merawat dan membesarkan anak semata wayangnya dengan membuka bar atau kedai minum di kawasan perkampungan Ongsan yang terkenal akan Marinated Crab-nya. Beberapa tahun kemudian, Yong-Sik, seorang polisi di Seoul dipindahtugaskan kembali ke kampung halamannya di Ongsan. Ketika pertama kali bertemu Dong-Baek, Yong-Sik langsung jatuh cinta pada pandangan pertama..💞
Awalnya, saya rada ragu sama chemistry antara Kang Ha-Neul dan Gong Hyo-Jin di drama ini karena jarak usia mereka. Di drama ini juga ceritanya umurnya Dong-Baek sedikit lebih tua beberapa tahun dari Yong-Sik. Akan tetapi, yang ada mereka berdua sejoli sekali. Ga berasa kaya hubungan noona-dongsaeng sama sekali karena si Yong-Sik ini walaupun masih kaya anak-anak kadang-kadang bisa juga mengimbangi kedewasaannya Dong-Baek. Begitu juga Dong-Baek yang meskipun udah jadi mamah-mamah ketemu Yong-Sik jadi malah kaya anak muda lagi. Engga deng, emang si Dong-Baeknya aja masih mamah muda wkwk. Porsi romansa mereka tuh emang cukup banyak karena perjalanan cinta mereka yang banyak rintangannya tapi tidak sampe tahap yang ngebosenin sih. Kebetulan perkembangan hubungan mereka lumayan lambat tapi jadinya lucu dan bikin deg-deg-an soalnya realita romansa kalau udah punya anak tuh tidak segampang itu. Si Yong-Sik mana sabar banget ya ngejar-ngejar Dong-Baek dengan segala macam usaha. Oh iya, ini Yong-Sik kayanya orangnya pinter banget ngasih afirmasi ke orang lain sampe bisa bikin si Dong-Baek tuh mindset-nya lama-lama berubah ga jadi orang yang gampangan lagi. Rada ngebosenin sih di beberapa bagian karena tiap ada kejadian apa jadinya selalu mikir nih nih si Yong-Sik mau ngasih afirmasi apa lagi nih. Kayanya semuanya bakalan dikasih afirmasi yang panjang biar si Dong-Baek berubah🤣🤣. Tapi sebenernya sweet ya ini, cuma lama kelamaan bosen aja wkwk.
Alur ceritanya seimbang buat saya dimana mereka bisa memberikan porsi romansa, cerita sampingan, cerita tetangga, sampe ke big event-nya tuh pas. Semua ditampilin dengan baik dan rapi sampe akhir dimana semua ceritanya tuh nyatu dan tokoh-tokohnya berperan sampe di akhir cerita. Drama ini juga berhasil menyampaikan maksud ceritanya dengan baik sampe akhir. Tapi emang mungkin karena genre dramanya bukan thriller, menurut saya penggambaran si psikopatnya di akhir kurang serem aja. Padahal kan dia ini kan ga disangka-sangka dan emang psikopat ya. Kalo nyari yang yoi kayanya emang harus nontonnya yg genre thriller kayanya😅.
Selain chemistry tokoh utamanya yang yoi, peran-peran pembantunya juga bagus. Baik dari segi cerita maupun akting mereka. Beberapa emang udah lumayan terkenal sih di kalangan drama Korea, kaya anaknya Dong-Baek itu yang main di My Wife's Having An Affair This Week. Si mantannya Dong-Baek itu juga dramanya dah banyak dan dia di sini berhasil jadi orang nyebelin dan pathetic sekali sebagai mantan. Si ajumma2 di kampung Ongsan juga jagoannya itu emaknya Sun-Woo di Reply 1988. Emang dasar ya ni ajumma sejak nonton di Shopaholic Louis kayanya gabisa lagi kalo ga ngehin karakternya dia. Selalu bikin ngakak dan unik. Penggambaran kampung Ongsan mungkin emang sebener-benernya tetangga di dunia nyata kali ya. Meskipun sering ngegosipin, tapi tetep aja kalo udah kenal lama ya kalo susah pasti dibantuin.
Nontonin drama ini tuh bikin percaya kalo dimana pun orang baik tuh pasti ada. Meskipun kayanya kita ngerasa hidup kita sial banget atau susah banget, tapi percayalah yang namanya usaha dan niat baik itu ga bakal mengkhianati. Dan menjadi single mother bukan berarti kita harus menjadi malu atau bagaimana. Karena menjadi single mother itu merupakan perjuangan panjang yang butuh tekad yang kuat. Salut untuk para orang tua tunggal dimanapun!
Terakhir, nonton drama yang perkembangan romansanya lambat begini tuh bikin gregetan sekaligus bikin senyum-senyum kaga berhenti kalo udah ada adegan romantisnya. Hihihi🤤
Don't pity people so easily. Not everyone can do that. -Park Heung Sik"
40,동백꽃필무렵,gong hyo jin was amazing and always be my favorite actress
41,동백꽃필무렵,"Drama yang banyak bercerita tentang peran perempuan sebagai ibu di lingkungan patriarki. Bagaimana seorang ibu tunggal harus bertahan hidup membuka sebuah bar demi putranya dan melawan stugma janda.
Bagiku drama ini lebih dari seorang laki-laki yang berjuang meraih hati ibu tunggal.
Aku suka dengan pengembangan karakter Dongbaek (Gong Hyo Jin) digambarkan dari perempuan lemah dan selalu tertindas sampai kuat karena desakan keadaan. Buka ujug-ujug kuat bak superhero, lebih realistis aja menurutku.
Banyak dikisahkan sosok para Ibu yang membesarkan dan mendidik anak dengan cara berbeda. Hubungan orang tua dan anak diceritakan dalam berbagai sudut pandang.
Justru cerita ini lebih kuat tanpa bumbu thriller pembunuhan, karena kurang klop dan gantung."
42,동백꽃필무렵,"Indeed a drama that deserve a daesang and even all the casts deserve to get an award. Such a nice and good story about dating woman that older and already have a kid, they tried to break the stigma with some thriller story and that's good.
You can get every genre in this drama and that's what make dongbaek hit big."
43,동백꽃필무렵,"hampir lupa masukin list. padahal udah ketonton bbrp bulan yg lalu. penasaran ni drama dapet award kenapa. abis itu nonton kok bisa bikin ketawa, nangis, merinding sendiri (karena ada bunuh2annya juga)"
44,동백꽃필무렵,"Dongbaek: avoidant attachment legend, Yong-sik: himbo king"
45,동백꽃필무렵,"Couldn't deal with the meanness and cruelty of the neighbours and the indecisiveness/feigned coyness of the female lead. It was stressing me out or annoying me rather than enjoying the drama. Add to that the serial killer looming and yeah, dropped it like a hot potato"
46,동백꽃필무렵,"drama yang kayak es campur yang sangat kaya, cross-genres, menyenangkan, sekaligus menyenangkan. Lovely, warm, painful, suspenseful, sad, happy, sweet, empowering, uplifting, and bitter at once. Semua elemen dari genrenya diolah dengan rapi dan amazingly balanced. Drama favorit gue!"
47,동백꽃필무렵,this thriller is more than i can bear
48,동백꽃필무렵,this drama deserves its fame! what a refreshing concept they have.
49,동백꽃필무렵,"happy mother's day sa lahat ng amazing hardworking gorgeous women out there special shoutout sayo dongbaek best woman of her generation!
also! great casting! amazing actresses and actors talaga!
alsooo ALSO i wanna try dongbaek's famous dishes in camellia <3"
50,동백꽃필무렵,"i know why the women were the breadwinners in this town, it’s bc every single man in this drama sucks"
51,동백꽃필무렵,men would never be hwang yongsik
52,동백꽃필무렵,young sik is husband material
53,동백꽃필무렵,"if comfort was a tv show, this would be it"
54,동백꽃필무렵,"when the camellia blooms is one of the best drama out there. they gave us 20 episodes of heart-wrenching drama, thrill & rom com. each character has their own story arc that was developed well and wrapped up perfectly at the end. even in dramas with smaller cast, sometimes they fail to wrap everything up. but just like mr sunshine, when the camellia blooms did so well with it. they’re not shy to add 1-2 more eps to get everyone’s redemption. each character was truly given the spotlight they deserve.
also… special mention to kang haneul!!! the man that you are!!! literally one of the best actors out there. this guy deserves the chungmuro title. hwang yong-sik won’t be this iconic if it isn’t for kang haneul."
55,동백꽃필무렵,Gong Hyo Jin once again proved she is the definite romantic comedy QUEEN i love her so much
56,동백꽃필무렵,why do kdramas insist on dragging on in the most boring ways possible
57,동백꽃필무렵,This was beautiful and I enjoyed every second of it. It has been a long time since I watched something without getting critical over every single thing and just enjoyed the ride. Wish we could have seen more of Pilgu and Yongsik as family. This was very emotional yet comforting. Would definitely watch again sometime later.
58,동백꽃필무렵,wtcb will forever be a favorite kdrama of mine <3
59,동백꽃필무렵,"Be ready to be scammed, this is not only a romantic flower filled drama. One of my top tier also, love the chemistry but at the same time I love the thrill also. It is so hard to find dramas like this anymore. Just so I may add, i love also how they showed a single mom working so hard for his son ++ the people's judgement towards her and they showed that a woman with a child is not a disability. Just like a normal woman, you can still do things and fall in love."
60,동백꽃필무렵,"this drama surprised me with how good it actually is !!
it reminds me of hometown cha cha cha, beyond evil, and touch your heart /pos
there were so many wholesome scenes, sad scenes, dark twists, and overall just an amazing drama!!
i love dongbaek and yongsik sm :,( they deserve the world
hyangmi deserved better and i sobbed when i found out her ending :("
61,동백꽃필무렵,"had a hard time getting into this drama bc it was so difficult to watch the way dongbaek was treated </3 but i'm glad i didn't give this up, as it is truly a gem!"
62,동백꽃필무렵,kang ha-neul meu namorado e o personagem dele também <3
63,동백꽃필무렵,cutee!! asgajskai
64,동백꽃필무렵,"Romance, slice of life and mystery in one drama. A very good one!"
65,동백꽃필무렵,Best kdrama for me!!! The awards received by this series will speak for itself. I cried many times during the last 5 episodes. Sana all makatagpo ng Yongshik in this lifetime. Yakap.
66,동백꽃필무렵,"i didn't realize that they made 20 ep dramas still!
good pacing and good balance (between romance and thriller)
the police station banter and the ajumma squad make this well worth a watch.
ultimately, a drama about parenting."
67,동백꽃필무렵,The most beautiful thing I have watched in the past few years I think
68,동백꽃필무렵,gusto ko rin ng isang hwang yong sik plsssss
69,동백꽃필무렵,one of the greatest thing that ever came in my life was being able to watch this warm masterpiece
70,동백꽃필무렵,"Overall heartwarming and loveable I wish I could grow up in a town like this. At its core, it's really about the importance of family, by either blood or by chance. This drama proves the word family can really be extended towards anyone who understands and cares for you. I'll always hear Yongsik's satoori when I think of this drama."
71,동백꽃필무렵,always love a show about motherhood :) personal bias but i just dont like it when cute slice-of-life shows like this somehow always get a plotline about a serial killer or a kidnapper or something....... like it's giving whiplash
72,동백꽃필무렵,"i loved this show, although going in for some reason i didn't expect it to be so murder-y. I'm so happy it got a 20 episode season because it was able to flesh out a lot more ideas than I think they'd have been able to w/ a regular 16 ep season. appreciated the commentary on different kinds of parenting and the effects they can have on kids growing up, being judged for your background/job/family and more. i will never not love the golden retriever simp love interest, so that was a very fun bonus.
cons: made me want to punch a kid and an old lady at one point, and activated my ""must figure out who killer is before tv characters do"" superiority complex, so i yelled at the TV a lot

pros: literally everything else, 10/10"
73,동백꽃필무렵,i luv et !!!! invested talaga ako sa mga pinagdadaanan ng characters + so much wisdom 😌 di ko ramdam na 20 eps to i will miss it
74,동백꽃필무렵,i really like this dramaaaaa! if you want something light “she was pretty” and if you’re up for a deeper story “when the camellia blooms” (really interesting and refreshing) i actually fell in love with yongsik😓
75,동백꽃필무렵,Hwang Yong-Sik 🥰🥺🤧💞💥✊
76,동백꽃필무렵,"Sobrang ganda neto! Tatawa, iiyak maiinlove ka talaga tas sobrang bagay nilang dalawa ang cute cute pa ni haneul 🥺🤎"
77,동백꽃필무렵,"Tal vez no todos los policías son malos, tal vez 2019 no fue el peor año para el mundo de los kdramas y tal vez tenga la fortuna de algún día ver otra serie tan bonita como esta."
78,동백꽃필무렵,"one of the best storylines ever written, and men will never be hwang yong sik!!"
79,동백꽃필무렵,Kang HaNeul loml
80,동백꽃필무렵,god i love the characters sm
81,동백꽃필무렵,"One of my all time favorite K-Dramas of 2019! I loved the main leads the beautiful Gong Hyo-Jin and the handsome Kang Ha-Neul. I loved that this drama, talks about an centers social issues like single mothers and divorce (taboo topics in SK). I loved how refreshingly different this Korean drama was. I always love k dramas that deal with social issues especially queer and LGBTQ issues, like a transgender portray in Itaewon Class (most groundbreaking ever in a Korean drama). Excellent cast and great soundtrack. The male lead is so whipped too that’s something you don’t see everyday. Fantastic k drama. I highly recommend it! Watch it on Netflix!"
82,동백꽃필무렵,"amamos ver a mistureba perfeita de romcom com suspense
como que pode o yongsik ser o male lead mais saudável e amorzinho de todos os tempos eu o amo"
83,동백꽃필무렵,Male lead is so soft 😭 Love him but after this loved him even more!! His smile 💘💘 I also love the actress. Probably my fav kdrama actress.
84,동백꽃필무렵,YOU DON'T UNDERSTAND!!!! I WANT A HWANG YONGSIK IN MY LIFE SO BAD!!!!!!!!!!!!!!!
85,동백꽃필무렵,"Drama Romcom Family Thriller yang bagus banget menurutku!
Dari Chemistry,Acting,Thriller semua perfect dah. Kalo kata orang sih ini Drama Paket Lengkap dah haha."
86,동백꽃필무렵,Well this was just precious
87,동백꽃필무렵,"Good for only one episode, I found this required a suspension of disbelief too much to bear. For example, the music that plays every time the main character enters doesn't automatically make her hot. The characters seemed cardboard and uninteresting."
88,동백꽃필무렵,COMMUNITY VALUES !!!!
89,동백꽃필무렵,it was such a huge warm hug from a kdrama that ive ever got. and i need hwang yong shik in my life asap. thank yew
90,동백꽃필무렵,"Cheers to all of you, who are the strongest, the toughest, the most splendid, and the most praiseworthy in the world. And who are making your own miracles every day by overcoming many obstacles in life.
a must watch!"
91,동백꽃필무렵,haneul deserved all the awards he got for this drama <333
92,동백꽃필무렵,"Pengalaman menonton biasanya setiap orang berbeda-beda, menyaksikan scene yang sedih di dalam sebuah film bisa membuat penonton - bisa saja ada yang terisak-isak, atau malah biasa aja.
Menonton drama dengan 20 episode ini sungguh menyenangkan. Kadang bikin ketawa, bikin penasaran, atau malah kesal sendiri, lalu berujung menangis sampai dada sakit dan mata bengkak, tapi melegakan.
Jajaran para pemainnya tak usah diragukan lagi, apalagi pesona aktingnya Gong Hyo-jin, matanya berkaca-kaca saja, saya sudah terisak-isak. Deretan lagu-lagu pengisi soundtracknya pun pas dan saya suka, apalagi lagu miliknya Heizi, Destiny Tells Me."
93,동백꽃필무렵,"Another masterpiece. 
The message of this film is very meaningful especially to women out there that we shouldn’t settle for less because we deserve the best.
Hwang Yongsik is the best dad, best male lead and best MAN."
94,동백꽃필무렵,OTENTIK.
95,동백꽃필무렵,BEST DRAMA
96,동백꽃필무렵,if it werent for the pilgu arc i wouldnt have made it this far to the ending
97,동백꽃필무렵,i love gong hyo jin
98,동백꽃필무렵,loving the destigmatization of single motherhood which is demonized esp in more conservative cultures. honestly could've done away with the whole murder mystery plot but this was really sweet and beautiful and kind. a lot about forgiveness and family and love and the choice of love and care.
99,동백꽃필무렵,"What’s great about the opening episode is that it feels like so many different genres. I’m a big fan of Gong Hyo-jin, but mostly through her movies (Crazy Romance and Crush & Blush), as I’m a relative noob to Kdramas. Also, the scene by the water and what the bracelet implies is just maddening to contemplate."
100,동백꽃필무렵,kayaknya semua orang harus punya hwang yongshik paling enggak satu deh dalam hidupnya
101,동백꽃필무렵,Endå bra asså.
102,동백꽃필무렵,made me smile a lot that my jaws hurt and most of the time i'd just tear up watching hwang yongsik be the bestest man that he is. he singlehandedly restored my faith in men. this show also said women are powerful and i'm here for all that. did feel a bit draggy somewhere in the middle but it still was vvvv enjoyable and i... just have so much love for this show now
103,동백꽃필무렵,O ator mais lindo do planeta. Gostosinha demais de assistir e esse homem é perfeito. Perfeito. Perfeito.
104,동백꽃필무렵,one of my favorites dramas <33 i was obssessed with it for weeks its so so good
105,동백꽃필무렵,so I'll never be loved? okay
106,동백꽃필무렵,"FINALLY! A ROMANTIC K-DRAMA WHERE BOTH LEADS ARE ABSOLUTE DIAMONDS!
Best boy and best girl almost break their backs carrying this show with tonal shifts all over the place, unlikable side characters until 15 episodes deep, cheesy scenes that are way to overdramatic and a predictable (at times) story.
This is the just way to wholesome, fun and lovable to hate.
Netflix really just pours all their money and quality in South Korea it seems."
107,동백꽃필무렵,"v cute very reasonable slice of life romance with a small side of murder mystery
the soundtrack hits af but lowkey one loophole in the last episodes boooo"
108,동백꽃필무렵,hwang yongsik was so perfect that his only fucking imperfection was how perfect he was........ will never find a man like him and that’s just 💔
109,동백꽃필무렵,"I wish all women have a Hwang Yong-shik in their lives <3
I wish everybody have a Oh Dong-baek in their lives as well <3
No fictional characters even come close to Yong-shik and Dong-baek. I love them with all my heart."
110,동백꽃필무렵,Esse foi um dos doramas mais sofridos que já vi. Fiquei desidratada de tanto chorar com a Dongbaek.
111,동백꽃필무렵,Ongsan Pride!
112,동백꽃필무렵,i want an 8 year old child
113,동백꽃필무렵,"tontonan awal tahun yg asik. jarang2 suka romance drakor. eh ini suka banget. mix romcom dan thriller. nonton karakter-karakter polos ternyata menyenangkan. banyak adegan yg enak diulang-ulang tonton, bikin senyum-senyum gemas haha."
114,동백꽃필무렵,"每個人的成長環境和經歷，或多或少都會影響到成年後的自己，每個人都有自卑的地方，而我們未來會遇到的人以及社會經歷，擁有能夠讓這個自卑最大化或最小化的力量。
沒有人知道自己的言行會在什麼時候踩到他人的底線，一句無心的話，可能會像釘子一樣釘在某人心裡，一句兩句三句不斷累積下去，那些話語會迴盪在腦海中折磨著當事人。雖然也有天生的殺人犯，但本劇中的調皮鬼，應該是被內心的自卑以及他人的言行塑造出來的心魔吧⋯⋯"
115,동백꽃필무렵,haneul bucin
116,동백꽃필무렵,Another K-drama!
