,title,reviews
0,기름진멜로,The female lead was so ANNOYING
1,기름진멜로,"i got a one month worth vikipass to watch ""the red sleeve"" and i have been sucking the soul out of that $4,99 as u can tell by my last logs in letterboxd, and this was no exception. it wasnt THAT bad yall"
2,기름진멜로,"It doesn't have a proper ending whatsoever. It was like: Oh time's up, let's wrap it up ridiculously fast."
3,기름진멜로,I watched tjis originally because of jang hyuk but it was kinda cute in a lil corny way as dramas do. Its def a drama you can half pay attention to and still get the plot
4,기름진멜로,"В этом сериале настолько много Чачжан мёна, что я все 19 часов хотел Чачжан мён"
5,기름진멜로,very nice but it can get boring at time my adhd brain couldn’t sit through without skipping some parts
6,기름진멜로,"watched this after The Red Sleeve bcs of Lee Junho!!! but yeah, it wasn’t bad nor good tho"
7,기름진멜로,"yes his fiancé may have been kind of classist, but maybe if he his immediate response to situations wasn't just throwing knives at people, she would've told him about getting an abortion and wouldn't have cheated on him with his boss. Anyway the ml was pissing me off so i stopped watching after like 5 eps. If he gets better I might try watching it again"
8,기름진멜로,mahal kita lee jun ho !!!!!
9,기름진멜로,I watched this as it aired and it became a little disjointed due to being preempted for sports programming (FIFA?) I should probably binge this one to get a clearer view of it. Junho is always fun though.
