,title,reviews
0,술꾼도시여자들,"A gleeful tale of three best friends who enjoy meeting after work and drinking together. I really admire the plot following its detailed depiction of a best friends' life which very realistic and satisfying. Work Later Drink Now displays a lot of emotions that could occur in our life; love, hate, fear, anger, joy, sadness, grief, envy, frustration, and so on. They convey all the extraordinary moments with simplicity which I cherish until the end. It delivers great values and shares possible difficulties that might happen in life. 
Superb performances from all casts!
Definitely will miss all these relatable characters; 
So-Hee, a passionate woman that actually a dependent friend who has inferiority complex and empathic traits.
Ji-Yeon, a clumsy gal that actually an adorable friend who has savant and thoughtful traits.
Ji-Gu, a taciturn type of person that actually a caring friend who has solid and reliable traits.
Overall, Work Later Drink Now is a convincing series that portrays the sincere bond in friendships, works, relationships, and mostly...alcohols. It has a lucid storyline with humorous delivery and fulfilling ending."
1,술꾼도시여자들,"Tbh i started watched this drama because it seemed like super light fun comedy. And it is started that way but soon became so dear to me. I was not expecting the drama to touch heavy topics/feelings.
Work Later, Drink Now is about 3 best friends in their 30s who finds comfort in drinking alcohol. They drink whenever they are happy, sad, or having a bad time. Serumit apapun masalah, bagi ketiga sahabat ini, selama masih bisa mabuk, maka dunia akan selalu baik-baik saja.
I really love the trio’s relationship and how they are always there for each other, their stories and even the dorky annoying character Siwon played, I loved it all. Beyond the trio's drinking session and their hilarious mess, the plot touches on serious topics & gave slice of life advises. The scenes are relatable and their tight-knit friendship is something we wish we have. Some episodes made me ugly cry tho, snots and all. Every high and low they go through will resonate with you one way or another. I like how it tackles real life issues, but at the same time it is fun to watch. Overall this drama it's unexpectedly good!
Also they used some of my favorite songs such as 0310 by Baek Yerin, Everything by The Black Skirt and Gondry by Hyukoh as the bgm AAAAAA 🥰
Definitely going to rewatch this many times later hehe"
2,술꾼도시여자들,I hope this last for 10 seasons and 10 years from now we would be dehydrated saying goodbye to them on the series finale just like classic American sitcoms. I love this trio so much and I’m also highly enjoying watching their on-going variety show! 💜
3,술꾼도시여자들,"i, too, enjoyed watching this drama wishing i had two other friends with me right now with bottles of soju on the side"
4,술꾼도시여자들,"Gak perlu banyak syarat menobatkan Work Later, Drink Now masuk list feel-good-series yang wajib ditonton. 'The Drinking Avengers' bikin hati cenat-cenut karna romansa, nangis jungkir balik soal keluarga sampe ketawa lepas ngadepin usia 30an yg jenaka. Dan yg pasti persahabatannya, juara!"
5,술꾼도시여자들,this was so funny choi siwon has to be one of my favourite comedians and his voice is so nice too
6,술꾼도시여자들,"เพื่อนรักนักดื่ม มิตรภาพโซจู สุราอเวนเจอร์
ตอนแรกนึกว่าจะแดกแต่เหล้า เมาเหมือนหมาไปวันๆ แต่ความจริงนั้นมันคือมิตรภาพโซจู
นึกว่าจะขายขำอย่างเดียว แต่เนื้อเรื่องนั้นจริงจังกว่าที่คิด มีหลายจุดที่ทำให้เราตกใจอ้าปากค้างได้อยู่เรื่อยๆ เหนือความคาดหมายมากๆ บทจะเศร้าก็เศร้า บทจะฮาก็ฮา ครบรสจริงๆ เรื่องนี้
ขอมอบคะแนนเปิดขวดให้ไปเลยร้อยล้านคะแนน
เหนือสิ่งอื่นใดคือ อิจฉามิตรภาพพวกเธอจัง เพื่อนดีๆ แบบนี้จะไปหาได้ที่ไหนอีก"
7,술꾼도시여자들,they are my best friends
8,술꾼도시여자들,jigu and jiyeon end game please 🤞🏼
9,술꾼도시여자들,"일단 적시자! 🍻
Three alcoholic best friends who drink away their problems, but are always here for each other. Touching and fun, what’s more to ask?"
10,술꾼도시여자들,I want to date Jigoo so bad btw.
11,술꾼도시여자들,kang jigu is my girl crush
12,술꾼도시여자들,"Cheers to:
Lukewarm soju and stories.
Treasurable friendship.
Tears and a shoulder to lean on.
Ups and downs.
Youth and adulthood.
Life. Love. Laughter.
Take it in, feel it all.🥂♡"
13,술꾼도시여자들,MY BEST FRIENDS!!!! Ugly cried during the last 4 episodes but laughed all at the same time. I will be waiting impatiently for season 2
14,술꾼도시여자들,a trio of female friends navigating life as they drink their worries and sadness away. this was so fun but i didn’t expect it to crush my heart the way it did. may all our friendships be as undemanding and full of love & understanding like theirs 🍻💛
15,술꾼도시여자들,sejin storyline fucked me up a bit
16,술꾼도시여자들,"Pertemanan tiga perempuan yang hobinya kobam. Seperti judulnya, abis kerja ya kobam. Ketiganya bekerja jadi penulis variety show, guru yoga dan youtuber origami.
Cara mereka temenan beneran kaya temen yg udah deket belasan tahun, natural bukan akting. Selalu nunggu scene mereka minum-minum karena seru! berasa join bareng tapi aku **stay halal** aja kak, maap. Ceritanya ringan dan realistis. Kisah cintanya walau selingan tapi gemeyyy.
SUMPAH ini drama seruuu. Aku suka! suka! suka! Ngga ngadi-ngadi tapi bikin kemekel. Kayanya mau dibikin season 2, kutunggu!!"
17,술꾼도시여자들,I want to have what they have
18,술꾼도시여자들,i enjoy watching this kind of trope bc i wish i could experience to have one.
19,술꾼도시여자들,need to drink with them so bad..
20,술꾼도시여자들,"Compared to words, true friends believe in drinking a toast.
Started watching this Korean drama because of how it focuses on the culture of alcohol-binging. The whole drama is structured like an American sitcom, where you can barge in halfway amd still enjoy the individual plot and characters. Not to mention that the characters are interesting.
Albeit there are 3 female leads, not all of them falls into the hackneyed Korean drama trope of each lead getting into a romantic relationship at the end. It's a short run by conventional Korean drama standard and it has several loose ends in terms of the plotlines. Still, give it a go if you want a series focused on women chain-drinking through their way into early 30s."
21,술꾼도시여자들,"I had been looking for a drama similar to Hello My Twenties for soooo long, I'm so happy I watched this!!! My heart is full right now, I love friendship"
22,술꾼도시여자들,they made me believe in friendship ♡
23,술꾼도시여자들,"as gorgeously breathtaking mr. nice paper is, kang ji-gu shouldve ended up with a woman js"
24,술꾼도시여자들,KANG JIGOO IS GAYYY
25,술꾼도시여자들,thank you for your service 🍻🍾🧘‍♀️
26,술꾼도시여자들,Jung Eungi please be my girlfriend
27,술꾼도시여자들,i mean....are jigoo and jiyeon....yk...
28,술꾼도시여자들,slapped me in the face with a good time 👍
29,술꾼도시여자들,이런 느낌의 드라마는 멜로가체질 이후로 처음이었다.. 또 새롭기도 하고. 저런 친구들 있으면 진짜 성공한거지.
30,술꾼도시여자들,10/10 fuck Siwon though AND JIGOO SHOULD FALL IN LOVE WITH JIYEON
