,title,reviews
0,커피한잔할까요,"I want to live here!!!
Super chill slice-of-life web series that makes you appreciate life even when nothing seems to happen. Lately, being our own individual selves is seen as empowerment, self-care, and while there is truth to it, we often forget we also need other people to help us realize our selves. To see and be seen; to love and be loved—as some would say. Watching this felt like an embrace and I hope more people find out about this!"
1,커피한잔할까요,drama of the year idc
2,커피한잔할까요,ong seongwu barista 🛐🛐
3,커피한잔할까요,"about a rookie cafe barista learning about coffee and life as he makes and serves coffee for various customers. lovely, touching, and most importantly it’s short (12 episodes, 25-30 mins each). good for my attention span 😂☕️"
4,커피한잔할까요,عايزة افتح كافيه cozy
5,커피한잔할까요,DRIP COFFEE
