,title,reviews
0,엑스엑스,would be better if it was sapphic
1,엑스엑스,"i was queerbated but also pleasantly surprised by the endgame otp but also dissappointed because once again самый классный парень на районе, который модный стильный молодёжный, без мизогинных выкидонов живёт спокойно с ггероиней, шарит за макияж и вообще владеет собственным мини-бизнесом по производству духов(!), оказался геем, like i know hetero guys are no shit but it's offending to associate 'girly' behavior in men with being gay only
twitter.com/mtr_fr/status/1463586699284516871"
2,엑스엑스,"eu definitivamente NÃO assisti esse dorama só pra poder ver a cena da hani falando adios bitch
eu deixaria a hani bartender girlboss feminista fazer literalmente qualquer coisa comigo btw"
3,엑스엑스,"korean 🇰🇷
i love the vibes and the setting of the bar so much!! wished it was a longer drama so that the characters can be fleshed out more? fun but i think it had potential to be something bigger!!"
4,엑스엑스,"This movie is part of a web series that is all in Korean. The plot is not based on real-life events, but it does have elements that happens to some people in real life. The writer definitely created a clear and captivating plot that forces you to follow along the story. It’s very eventful, packed with drama that you just cannot look away from because it’s really good. It really reflects events that happens in real life so the person that watches it somehow relates to it. The rhythm is equally both dynamic and smooth, it’s dynamic because there are many changes that happen within the aftereffects of a break up and a fallout with a friend. But it’s also smooth because there are times that some scenes felt like a filler that didn’t go anywhere, however it somehow connected two different scenes together, so it works. I feel like the target audience is 16+, it includes mature subjects within the breakup that is not suitable for the younger ones to know. There were many shots that the cameraman use in the film, that really portrayed lots of tension through the main character’s perspective. The lens became our point of view that overlooks the whole story that is being presented on the screen. The movie touched up on a lot of serious issues like the effect from a cheating boyfriend that slept with her best friend. From that traumatic experience, which can influence the person’s mind to not love again, or to not be friends with anyone ever again. The casting was very successful, you can really feel their feelings from the way they act through the portrayal of their character. The general atmosphere of the movie felt very realistic because it talks about an issue that gets dealt with in everyday life, especially when it comes to love. ~Odette L."
5,엑스엑스,"Satisfying and Beautifully Shot. I love how the story was developing, each episode brings something new. The plot was simple to follow but very entertaining. Kudos to all the actors! ""Adios, bitch"""
6,엑스엑스,To everything in it: YES.
7,엑스엑스,Cool
8,엑스엑스,"5 long enough episodes so there’s plenty of chance for the characters to be fleshed out and it was! i didn’t feel sorry for lee ru-mi at all, she was made a fool of but she was guilty to begin with cause why would you sleep with ur best friend’s ex the day they break up???? that’s sus 
yu na-na is powerful and so empathetic. park dan-hee is sweet and sincere. watching their relationship was great he totally knew his boundaries and always left the ball in her court. plus bae in-hyuk fine as all hell so brilliant casting. 
jung-deun is the gay hilarious bamf im tryna be he was an excellent comic relief and friend. this was really good for a web drama and i loved the setting of the bar!! i don’t drink but mixology looks like so much fun"
