,title,reviews
0,오월의청춘,"my heart is broken. this was so tragic.
my prayer to the people who had lost their family and their loved ones in Gwangju Uprising 1980.
Go Minsi & Lee Dohyun's chemistry is OFF THE CHARTS. their acting skills are out of this world. one of the finest kdramas of all time"
1,오월의청춘,i want a hwang hee tae :(
2,오월의청춘,"“Those lonely and painful forty-one years were merely my love for you. The remaining years of my life will be an answer to your prayer. No matter how many more times the rising tide pushes me back to that May, I have you here now. until the day we meet again, I will swim against the tide with all my might.”
Youth of May was never only a love story between the two main leads. It is a heartbreaking tribute to all the victims and survivors during the Gwangju Uprising who courageously resisted and fought for democracy with their lives.
Up to this day, there are many Hee-tae's and Myung-hee's in modern Korea who never forgot and will never forget what happened in May 1980."
3,오월의청춘,"Well we all knew what we were getting into with a drama about the Gwangju Uprising. 
If I had to sum up my thoughts it would be ‘show me the activists, not the lovers’. Why am I being shown a slow and peaceful romance scene (I’ll avoid spoilers) in the final episode when there’s literally a massacre happening outside?
The things I really liked: the cut to the present day, the evil guy from CLOY, Myeong-soo/Jeong-tae friendship, Soo-ryun and her family, the side characters, Hee-tae when he isn’t insulting democracy activists, the first few episodes and the last four episodes.
I was on team Soo-ryun the whole way through: her democracy activist background was interesting given the context and most of the things she was being blamed for didn’t really seem like her fault. It really annoyed me that when the uprising actually started, Soo-ryun suddenly had no screen time. That event was what her entire arc had been leading up to!
The only character I didn’t like was Myeong-hee: she spends the whole time blaming others and risking everything for a guy she met two weeks ago, and then just stands there sulking for the last four episodes every time something goes wrong.
I guess this is just a downside of being on KBS: the strict one hour time slots mean that a lot of the side characters just… don’t have conclusions. Also, that dude Hye-gun had one of the best scenes near the end, but again we barely know who he is! Hmmm maybe Hotel Del Luna has just spoiled me for side character arcs."
4,오월의청춘,what if this was my last straw.
5,오월의청춘,the first three episodes were so funny but girl it did cost
6,오월의청춘,"#Kdrama
12Episodes
Final episode leaves a great impact & made me weep harder😪😪
Go min-Si❤️❤️❤️❤️❤️"
7,오월의청춘,"A well written drama that depicted a real life event of Gwangju Uprising in 1980. Youth of May covers life of the innocents, life of ones who stays on the sideways but wrongly victimized from Medical Practitioners, Students, Police, Higher-Ups, Entrepreneurs, and Young Kids.
It filled with many parallelism between each scenes that makes you wonder and connected that lying beneath its melo-romance.
A romance between Lee Dohyun and Go Minsi are tragically beautiful and off the charts (well done chemistry!!) as they recently called as Next Gen Melo King and Melo Queen.
To Heetae that represents the survivors and lost a loved one, to Myunghee that represents the innocent lost soul. We pray, there are still so many real life Heetae and Myunghee out there. A very important drama"
8,오월의청춘,Myung Hee may forgive but I don’t
9,오월의청춘,i've bawled my eyes out in every kdrama lee dohyun has starred in
10,오월의청춘,I CANT SEE THROUGH MY TEARS
11,오월의청춘,"hwang hee tae, the perfect man in a perfect drama "
12,오월의청춘,"youth of may is hands down one of the best dramas of 2021. with 12 episodes, it conveyed a lot of life lessons and depicted a dark period in south korean history."
13,오월의청춘,PAIN. PAIN EVERYWHERE. Myeong Hee deserved better she was a woman full of dreams and hope. A kind woman who took care of others first before herself yet she died alone in that cold woods. What upset me was that it took them 41 FUCKING YEARS to find her corpse like that long no one manage to see her breaks my heart so bad. Meanwhile Hee Tae spent those 41 years still hopeful that one day she'll comeback. It's a painful story that showed what the people of gwangju had gone through during that time a great story to show to people who are foreign to their battle. They also showed too what a conflict can do the innocent people that their action will always have a big effect in the innocent.
14,오월의청춘,"korean 🇰🇷
🌕2021 ranked
thinking about how i stopped watching this because i didn't want to get to the ending and only finished this now 😢 so heartbreaking and sincere, my heart goes out to everyone affected by the gwangju uprising.
myungheetae means so much to me and go minsi and lee dohyun's chemistry is insane?!?! need them in another kdrama with a happy ending..
I don't want this May to pass by without you."
15,오월의청춘,not to be cringey but they make me believe in true love <3
16,오월의청춘,"nothing could go wrong when you pair up the best actor and best actress of this generation! will treasure this drama forever <3

filed under: best chemistry and drama that makes me happy and sad at the same time"
17,오월의청춘,"Kdrama - 12episodes
Upto 8th episode, it was very nice and romantic
After that tragic and sad ending..
Romance between lead pair is tragically beautiful"
18,오월의청춘,"“those lonely and painful forty-one years were merely my love for you. the remaining years of my life will be an answer to your prayer. no matter how many more times the rising tide pushes me back to that may, i have you here now. until the day we meet again, i will swim against the tide with all my might.”
this is more than just a love story. it is historically significant and for someone who did not study the history of korea, while watching it, i had to read up on it to fully grasp what the story was conveying. it's nice that they delicately trudged through history and made sure not to embellish it by masking the tragedy with romance. extremely heart-wrenching; i did not watch anything for the next week because i couldn't get over it."
19,오월의청춘,"Took me a while to finish this one, I have no heart, this drama took it from me and tear it apart, break it into million pieces.
A drama that deserves way better, everything was made so well but the storytelling, setting and montage were the cherry on the pie.
Definitely not an easy watch, this is not a romantic drama, this is based on one of the darkest times on South Korea's history and how people has to deal throughout all that, representing the dreams, the fears, the life of many people and how were all taken away in the blink of an eye.
Now give Go Minsi, Lee Dohyun and Lee Kang the Baeksang they highly deserves!"
20,오월의청춘,IM NOT OKAY
21,오월의청춘,this drama has given me nothing but PAIN 💔
22,오월의청춘,"""All this time, my life felt like swimming during a rising tide. No matter how hard i tried, I couldn't move forward and I even tried to let myself drown. But when I woke up, that tide had pushed me back to that May inside my heart.
For a very long time, I lived in regret and thought about what could've been. If I hadn't gone to Gwangju in May of that year, if I hadn't met you, if I hadn't let you go of your hand in those woods, would you still be alive?
But on this 41st May when you finally returned, I now realize that I was the one who chose to do all of that. In May of that year I chose to go to Gwangju and chose to love you with all my heart.
Those lonely and painful 41 years were merely my love for you. I'm going to live the rest of my life in response to your prayers. Even if the strong tide returns me to that May, I have you here now, so I’ll swim hard until the day we meet again. The first May of 2021. Hwang Hee Tae.""
This K-Drama gave a cumulative effect on me, I have felt the weight of their experiences and feelings to one another over the years, and considering that the characters also served as proxies to the many people who have suffered in the Gwangju Uprising, it just made it more poignant. That is the biggest compliment I can give to this show.
*Plays I'm through with love by Ella Fitzgerald because I'm heartbroken by this show*"
23,오월의청춘,"this is not a k-drama, this is a 720 minutes long panic attack."
24,오월의청춘,they could of had it all...
25,오월의청춘,hwang hee tae raising standards for men everywhere
26,오월의청춘,"This is hands down one of the best kdramas i've ever seen. It portraits Gwangju uprising really well without making it feel light hearted with the romance. The ending really opened my eyes about the whole uprising and i can't imagine that some people actually had to go through this. Even though this kdrama broke my heart ahhhh, i enjoyed every second of the rest and i 100 % recommend."
27,오월의청춘,hannah baker smiling down at me right now
28,오월의청춘,we were all so happy that day it’s actually hard to even imagine how terrible things would soon become
29,오월의청춘,pag nirerewatch ko toh parang ako yung namatayan eh
30,오월의청춘,NEVER MOVING ON FROM THIS
31,오월의청춘,"Youth of May depicts one of the tragic moments in South Korean History. I felt moved whilst watching this drama. The violence by the military and what people went through during that time seemed to be portrayed quite realistically. It didn't hide away from the brutal history.
The story was very well written and the cast did a wonderful job in carrying out the drama. The pairing of Lee Do Hyun and Go Minsi was absolutely beautiful.
This drama has now pushed me to learn more about what took place in the 1980s and has opened me up to other dramas and films such as ""A Taxi Driver"". I like how towards they end they also showed the year 2021 and how such a big event left marks on people even 40 years later.
Overall, I would 100% recommend this drama but would preface this by stating that it's not just a romance genre drama, it is mixed with the harsh reality faced by many in South Korea."
32,오월의청춘,"""All this time, my life felt like swimming during a rising tide. No matter how hard i tried, I couldn't move forward and I even tried to let myself drown. But when I woke up, that tide had pushed me back to that May inside my heart.
For a very long time, I lived in regret and thought about what could've been. If I hadn't gone to Gwangju in May of that year, if I hadn't met you, if I hadn't let you go of your hand in those woods, would you still be alive?
But on this 41st May when you finally returned, I now realize that I was the one who chose to do all of that. In May of that year I chose to go to Gwangju and chose to love you with all my heart.
Those lonely and painful 41 years were merely my love for you. The remaining years of my life will be an answer to your prayer. No matter how many more times the rising tide pushes me back to that May, I have you here now. Until the day we meet again, i will swim against the tide with all my might.""
Youth of May bercerita tentang pertemuan naas antara mahasiswa kedokteran bernama Hwang Hee Tae (Lee Do Hyun) dan seorang perawat bernama Kim Myung Hee (Go Min Si), yang jatuh cinta di tengah peristiwa bernama Pergerakan Demokratisasi Gwangju atau biasa disebut Gwangju Uprising di bulan Mei tahun 1980.



Sudah lama sekali rasanya aku gak nonton drakor yang genre nya melodrama begini, episode 1-5 masih berasa seperti kisah romansa pada umumnya masih bisa senyum-senyum. Episode 6-12 ini baru memulai ke-horror-an dan konfliknya yang bikin nangis bukan nangis pada umumnya tapi bikin hati hancur serta dada sesak dan bikin bertanya-tanya dimana letak arti kemanusiaan. Ya ini bukan hanya tentang romansa antar karakter saja tetapi juga membahas tentang peristiwa Gwangju Uprising dimana para mahasiswa dan rakyat Korea memperjuangkan demokrasi. Menurutku Youth of May itu painful to watch dan gak semua orang bakal suka. Akting para pemain nya patut diacungi jempol bahkan pemain yang cuma numpang lewat doang itu bagus sekali.


Youth of May mengingatkan atas sebuah keberanian untuk membuka hati, menerima cinta, menjaganya, lalu melepas ketika tiba waktunya."
33,오월의청춘,still recovering
34,오월의청춘,"screaming, crying & punching the air rn"
35,오월의청춘,"You can’t help but fall in love with this couple, the ending is gut wrenching but a harsh reality for many families who lost their loved ones in the uprising."
36,오월의청춘,i knew it'd be sad but i didn't know it'd be THIS sad. changed the trajectory of my life forever
37,오월의청춘,..... the writer will be receiving my therapy bill
38,오월의청춘,"Such a heartbreaking drama, but a very important one 🙏🏽 it showed the massacre for what it really was, just madness with no sense or direction, hurting and killing people regardless of guilt or innocence. I loved Hwang Hee-tae’s realization at the end that he had to bare that pain for 41 years because he asked God to give him all the pain and suffering in Myeong-hee’s place. So lived in sorrow until he learned the truth and could finally rest 🤕"
39,오월의청춘,i have no words just pain. insurmountable pain. no matter how many times i watch this it still hurts
40,오월의청춘,i already miss hee tae & myeong hee
41,오월의청춘,Best kdrama of this year
42,오월의청춘,a taxi driver but with a touch of romance
43,오월의청춘,"i would just like to dedicate this review to lee soo ryeon for always fighting for democracy despite the pressure or challenges she had to face
(i’m giving this only 4 stars bc i was expecting the last episode to also include the aftermath of the gwangju uprising other than the scenes of the couple)"
44,오월의청춘,hearts been broke so many times
45,오월의청춘,"Is it the wrong time to say that minsi is legit the most beautiful actress I’ve ever seen?
 Ngl tho, gonna go cry myself to sleep after this one."
46,오월의청춘,ikaw parin ang pipiliin sa susunod na habang buhay aaaaackkkkkk
47,오월의청춘,"I was not ready for this melodrama. I jumped into this from 18 again because of lee do hyun. I just want to see more of him. And, I am very thankful that I have watched this masterpiece. I don’t think I can recover any time soon. 
I’d like to say that it’s like Scarlet Heart Ryeo in terms of the heartache it can give but the two are very different and a great drama of their own. It’s just that, these two dramas are the ones that I really like but can’t rewatch because it’s just too painful.
My myeong hee deserved better. 😭😭😭😭😭
Anw, aside from that tragic love story, I want to emphasize how cruel and evil the military is. This is a great example of how innocent people lives are sacrificed for the greed of few people in power. And why defunding the military has been one of the cries of protesters. Military should be protecting the people but it hasn’t been that way for years. Instead, they are pointing their guns to ordinary people by the command of people in power. The military has been protecting only the elites and their hold of power. 
I want to believe that the system will change but this has been the situation since 1980s and even way before that. It’s now 2022 and I couldn’t see any change, it may have gotten worse.
If people are reading this review in the future (maybe the future me), I hope you are living in a world where there are justice and peace."
48,오월의청춘,malang sekali nasibmu myeong hee
49,오월의청춘,"No matter how many more times the rising tides pushes me back to that May, I have you here now. Until we meet again, I will swim against the tide with all my might.
There's no more tears left to cry. But still I'm crying recklessly, it's tragic, heartbreaking and devastating. Perhaps beyond that. A hard punch to my gut. Can't speak or feel anything right now."
50,오월의청춘,the floor fell under me the roof collapsed the walls are closing in my hearing is fading i have lost smell and taste my breath is getting fainter i can see hannah baker smiling at me
51,오월의청춘,"When you have Kdrama that starts out like the film “Taeguki: Brotherhood of War”, you are in for great time, and what I mean by that is that you are going to ball your eyes out with this Kdrama. This drama stars the main two leads from “Sweet Home”. Those two are Lee Do-Hyun and Go Min-Si. In Sweet Home they played brother in sister in that drama, but in this one they play lovers. To me that is real interesting because they did a real good job at playing siblings, but in this one their chemistry is just unreal. This was in my opinion one of the best Kdramas from 2021! The supporting cast was great as well like Lee San-Yi from “Hometown Cha-Cha-Cha”, Keum Sae-Rok from “The Fiery Priest “, Kwon Eun-Bin from the Kpop group ClC, Oh Man-Seok from “Crash Landing On You”, and Park Se-Hyun from “Record Of Youth”. If you know about Korean history then you should know about a place called Gwanju."
52,오월의청춘,yet to see lee do hyun’s character getting a happy ending
53,오월의청춘,"""طوال هذا الوقت شعرتُ بأن حياتي أشبه بالسباحة أثناء أرتفاع المد، مهما حاولت بجد لم أتمكن من التقدم للأمام، حتى أنني حاولت إغراق نفسي، لكن بعد أن استيقضت، اكتشفت أن المد دفعني للخلف لشهر مايو ذاك المتواجد في قلبي. كان ذلك قاسياً جداً، لـ درجة أنني عشت في غضب. لوقتٍ طويل للغاية، عشت في ندم وفكرت في كيف كان سيكون الحال لو لم أذهب إلى جوانجو في شهر مايو ذلك العام، لو لم ألتقِ بكِ، لو لم أترك يدكِ في تلك الغابة، هل كنتِ لا تزالين على قيد الحياة؟ إلى أن نلتقي مجدداً سوف أسبح عكس التيار بكل قوتي"" 
قصة حب رائعة وحزينة عاشها (هوانج هي تاي) و (ميونج هي) في مدينة جوانجو التي شهدت انتفاضة 18 مايو الديمقراطية الشعبية والتي راح ضحيتها المئات من الأشخاص في الفترة ما بين 18-27 مايو 1980. المسلسل يصور المرحلة القاتمة من تاريخ كوريا الجنوبية في الثمانينات، بداية من التظاهرات الطلابية الديموقراطية المحتجة على قانون الأحكام الشرعية الذي أقره الديكتاتور شون دو هوان، مروراً بالتعامل القاسي للجيش الكوري الجنوبي المؤمن أن هذه الحركة ما هي إلا تمرد دبره الشيوعيين المدعومون من قبل حكومة كوريا الشمالية، و ختاماً بالأثر النفسي الذي عاناه من شهد هذهِ المجزرة حتى يومنا هذا. 
دراما رائعة وحزينة ):"
54,오월의청춘,myungheetae 🥺
55,오월의청춘,I don't want this may to pass by without you.
56,오월의청춘,😭😭😭😭😭😭😭😭😭😭😭😭😭😭😭😭😭😭😭😭😭😭😭😭😭😭😭😭😭😭😭😭😭😭😭😭😭😭
57,오월의청춘,hwang heetae is a walking green flag btw
58,오월의청춘,i'm killing myself
59,오월의청춘,what if i killed myself
60,오월의청춘,Hurt so much. Seeing them be in pain completely numbed me can't imagine how awful it must of been to go through this in real life
61,오월의청춘,my god this show……so beautiful. i cried so hard and just really felt the emotions portrayed by the characters within the show. such an amazing show
62,오월의청춘,"Everything in this drama was portrayed so well. The costuming, the set up of 80' and everything. Go Minsi was absolutely stunning! This story was too realistic that I can't accept some of what happened in the drama. It's so painful."
63,오월의청춘,"I FUCKING HATE YOUUUUU LETTERBOXD WHY IS THIS ALSO HERE !$/&,$:&&(&2&"
64,오월의청춘,This is one of the best kdrama I have watched the ending made me 😭
65,오월의청춘,"Spoilers!!!

i don’t wanna talk about the ending……….
hee tae really loved her :( the pain he must’ve  endured those 41 years like damn poor thing…

I loved the development of jung tae bc I couldn’t stand him in the beginning… but I get why he was like that. he even saved myung hee from getting shot <3 i also loved his friendship with myung soo. besties

hee taes father was an asshole and got on my nerves the whole damn serie… he didn’t even give a shit about his children and wife :/ man didn’t give a shit bout anyone tbh

im not gonna lie but soo chan and soo ryeon really annoyed me sorry :/ 

it was sad when that officer guy died tho I know he probably wasn’t really a good guy but still his death was cruel and damn he was in love too :( didn’t even knew her name or phone number… </3"
66,오월의청춘,made me cry a lil too much
67,오월의청춘,"Shaking, crying, and throwing up"
68,오월의청춘,"Ketika gue nonton ini gue tersadar akan
Setiap negara pasti punya bobrok nya masing masing
Selalu ada korban di setiap perubahan apapun itu
Dan yg bikin gue amazed juga
Kejadian di Korea
Di bulan Mei juga
Ada apa sebenernya dengan bulan Mei?"
69,오월의청춘,one of my biggest losses
70,오월의청춘,www.facebook.com/koreantube923/videos/210115580747434/
71,오월의청춘,"Tears Behind the Smile
Youth of May shares the stories of the youths in Gwangju amidst Gwangju Uprising, which took place in May 1980. The uprising began after pro-democratic university students suffered fatalities after demonstrating against the new martial law government.
The drama not only gives us many light-hearted moments as Hwang Hee-Tae and Kim Myung-Hee work against all odds to be with each other, it also carefully unpacks the stories, grief and generational trauma felt by those who lost families during that period of time. Although I went in knowing it would be a somewhat tragic story, nothing prepared me for the rollercoaster of emotions, that had me on the edge of my seat after every episode. The character development and emotional raw acting by all the cast like there will be moments you feel really mad at them and there will also be moments where you begin to understand why they made certain choices. Seeing the story unfold through the lens of different characters who must make a choice between what is right and wrong, all whilst heading towards a tragedy really adds to how impactive the historical events were. With the long wait for closure, the bittersweet ending felt very fitting. People around the globe will not be able to hold their tears as it would be unexpectedly saddening. Broken hearts yet poetically beautiful storyline will draw a piece of line through your heart. I can't say whether this series is a one time watch or a thousand time watch. But if you watch it for the second time or more than that. The more you try to watch this again and again the more it will get dismaying.
As beautifully quoted in the drama, ""The life of the one who was left behind. Those lonely and painful 41 years were merely my love for you"""
72,오월의청춘,"got me into Korean dramas, great pace, great cast, great storyline and loved the historical context."
73,오월의청춘,"fuck I hate this kind of drama bcs I cried in nearly every episodes (I knew about the ending but still watch it 😐) and it's hard to move on. Go Minsi and Lee Dohyun's chemistry goes through the roof, they are now my favorite actors."
74,오월의청춘,my heart is broken
75,오월의청춘,kenapa orang baik selalu ditimpa banyak masalah.......... huhuhu sedih. what a tragic love story
76,오월의청춘,"y'all... friends have warned me about this show being sad as hell but i paid them no mind. now, i am in pain. this is just so damn painful, I'm laying off dramas for a while. i loved it though but i don't think I'll ever be able to rewatch it again."
77,오월의청춘,"Youth of May is absolutely heartwarming yet heartbreaking at the same time. This series encapsulates the Gwanju Uprising in South Korea that occurred during the month of May in 1980 where many innocent people were killed due to the abuse of power of the soldiers.
I find its storyline utterly unique and fascinating since it is something that I have never seen before.
I love the way how the series is presented, especially with the build-up of the emotions and how it eventually turned into one hell of a rollercoaster ride; and the way how each character was carefully characterized, and how the actors did a great job in projecting their characters as if they are in their characters' shoes.
Youth of May is now one of my favorite melodramas. Watching this series is like being stabbed with a knife on your chest. Other than that, I bawled my eyes and was ugly crying during the last few episodes. You guys must definitely check this out!
P.S. I need a Hwang Hee Tae in my life now."
78,오월의청춘,"Too many ninjas cutting onions in a total of 12 hours. I cannot stop thinking how hurtful it was to my well-being, also man, this was so heartbreaking.
Myeong Hee is the epitome of “human” and our representative toward the cruel world itself. You could see half of yourself in her and her ear at the same time. Beware of crying at midnight."
79,오월의청춘,"istg the last time i enjoyed kdrama was 2016. after that, wala na akong kdrama na nagustuhan and pinanuod pa, BUT OK I FEEL LIKE IM SLOWLY GIVING IN TO KDRAMA AGAIN BECAUSE OF THIS ONE."
80,오월의청춘,"hands down one of my favorite kdramas and ships ever (i think it even tops my lists so far). it may have its fair share of cliché plot points and tropes but it's done right & executed so well that it still feels fresh. it was a very honest and realistic story too, especially given its portrayal of the time period and the gwangju.
i'm so glad i got to witness this story of hwang hee tae and kim myung hee. there are definitely multiple hwang hee tae's and myung hee's out there whose story is represented now and i think that enough merits a watch to hear their stories and pay respects.
p.s. i hope to write a proper review for this because it deserves one."
81,오월의청춘,Go Min-si ❤️😭 such a great story but that finale was disappointing af
82,오월의청춘,vo nem assistir esse ultimo ep eu faço terapia pra melhorar da cabeça e me vem isso?amr fica com deus lindossss mas overall um romance top tier foi lindo sofrer junto com eles (na medida do possivel pq esse final foi peba)
83,오월의청춘,"Como explicar esse drama e os sentimentos que me deixou. Terminei hoje e chorei tanto que parece que morrerei desidratada, eu preciso de terapia após assistir a essa trágica obra-prima."
84,오월의청춘,I'm not ok after ending this😭
85,오월의청춘,"3AM and I'm sobbing so bad I can't control my tears.
Lee Do-hyeon and Go Min-si best actors <3"
86,오월의청춘,"finally getting used to a writer's intention. loved this so very much, i think this is a new favorite for me with dramas and just writing in general. i am in love with romance even if i haven't experienced it, and falling in love with these characters was a very easy thing for me to do. have to admit i cried. i thought there were 16 episodes, so i was not expecting the finale to actually be the last of hee tae and myung hee!! ahh ❤️‍🩹❤️‍🩹 omg wait i did not know there are new emojis!!! okay yes let me log this."
87,오월의청춘,"“I’m going to live the rest of my life in response to your prayers. Even if the strong tide returns me to that May, I have you here now, so I’ll swim hard until the day we meet again. The first May of 2021. Hwang Hee Tae.”
lee do hyun and go minsi’s chemistry is so out of the roof. no one could’ve played myunghee and heetae better than them. although the drama was definitely flawed and was rushed because it was only limited to 12 episodes, i love it sm. the ending was indeed depressing but it was realistic tho. it had me bawling my eyes and i stil haven’t moved on until now. their love was unconditional. he loved her so much and waited for her for so long, it breaks my heart. 명희태"
88,오월의청춘,im never recovering from watching this
89,오월의청춘,"(me) don’t have the heart or am i not attached to the characters? i didn’t cry watching it, i thought they were both boring and cool at the same time, i couldn’t find THE COUPLE
too dramatic & i didn’t see many scenes with chemistry, but their love story was beautiful, that’s all. average, sorry"
90,오월의청춘,tue way it’s a true story too stop this
91,오월의청춘,di ako nag review ng finals grade 11 dahil pinapanood ko 'to HAHAHA omg ultimate favorite melodrama.
92,오월의청춘,where do i even fucking start with this. i just love it so much. their love for each other was so pure and they were literally just in love with each other. the ending made me cry so bad </3 the deserve a better ending but knowing the theme of the story was abt the gwangju uprising it made sense why the ending was like that :( a tragic love story </3
93,오월의청춘,"é um casal que não encontra paz, não encontra pouso e nem sossego"
94,오월의청춘,Broke my heart
95,오월의청춘,both of my eyes ran out of tears
96,오월의청춘,"Hands down to one of the best k-dramas I’ve watched 💗
While I was kind of disappointed that Youth of May focused more on the love story of the main characters rather than the uprising, I can’t deny that it’s also a good drama that tells the stories, the struggles and the tragedies of the victims of the May 1980 Gwangju Uprising. 
This is a good drama that pays tribute to all the youths, activists, progressive leaders and victims of the Gwangju Uprising.
I just want to leave this message I learned after watching the drama: To the young people out there, may we never forget the sacrifices others made to achieve the freedom and democracy we all enjoy today.


 My heart goes to the people who lost their friends, family and loved ones in the Gwangju Uprising. A red salute for their courage and patriotism ❤️"
97,오월의청춘,"what a good kdrama my god, but the ending was not what i expected."
98,오월의청춘,Their love story is so tragic whhyy 😭😭😭😭
99,오월의청춘,"This is definitely my kind of story. Each episode ends exactly at the part you can't stop watching making for an addictive yet slow-paced series
Hwang Hee-tae n Myung-hee make are really good characters."
100,오월의청춘,"in that 41 years, it's still myunghee :(("
101,오월의청춘,FULL ON TEARS. IVE NEVER CRIED SO HARD TO A KDRAMA OMLLLLL. I JUST WANTED A HAPPY ENDING 😭😭🙏🙏
102,오월의청춘,"SOMEONE CHECK UP ON ME 
EMOTIONAL DAMAGE
lord isang hwang hee tae namn dyan
i kinda spoiled myself so i wanted the scenes to be a bit stronger for me to bawl my eyes out but that’s on me
wanted to see more of the uprising and soo ryeon and the other characters that was a shame
also like 41 years?:/? no one found her !/!/"
103,오월의청춘,Lagi nalang namamatay partner mo boy
104,오월의청춘,“i dont want this may to pass by without you” this drama broke me fr not a day goes by where i dont think about myungheetae ☹️💔
105,오월의청춘,"i miss my myungheetae :(
i love this drama more than anything because it showed a non-toxic, healthy relationship. really refreshing since most dramas i've seen have unnecessary undertones of emotional abuse."
106,오월의청춘,this was SAD
107,오월의청춘,Eu poderia passar um dia inteiro falando sobre esse dorama.
108,오월의청춘,I'll never be fine after this.
109,오월의청춘,I will never emotionally recover from this.
110,오월의청춘," Sosyal medyada her zaman insanlar 80’ler olsun 70’ler olsun bu  dönemlere ilgili ya da bu dönemlerde yaşamak istiyor. Çünkü; bazılarına  göre bu dönemde sadece moda, müzik ya da güzel olan bir takım şeyler tek mevcut ama işin aslı o dönemlerin ne kadar zorlu ve çetin geçtiği. Kısaca Bir çok darbe  özellikle bu dönemde yaşanıyor ve belliki dünyanın bir çok yerinde aynı dönemler darbeler gerçekleşmiş ama gel gör ki biz zannediyoruz ki bu dönemler çok  eğlenceli geçmiş, İşte bu noktada bu tür diziler insana gerçekleri gösteriyor.  Bizim ülkemizde olduğu gibi başka ülkelerde darbeler, zülümler, katliamlar gerçekleşmiş, işte tarihi unutmamak bunu en güzel şekilde aktarmak sanatta var olduğu için dizi veya film bu yüzden önemli.  Diziyi izlerken her bölümde mutlak olarak ne kadar kötü geçmiş diye kendimi sürekli sorguladım ki bu konularla ilgili bizim dönemimizde detaylı bir şekilde araştırmış olmama rağmen, sonuç olarak  diziyi yazan herkesin eline sağlık gerçekten  çok etkileyiciydi, başka bir ülkenin Vatandaşı olmama rağmen onların tarihi hakkında çok eğitici  bir dizi olmuş. Bu güzel dizi için teşekkür ederim 🙏🏾 🌷👌🏼"
111,오월의청춘,still cry thinking about it.
112,오월의청춘,"My head still hurts from watching youth of may.. I also literally started having a sinus headache that’s how heartbreaking the ending was for me. I really do recommend watching it but if you do, then prepare yourself from the start. It was a really perfect melodrama and one of my favourite dramas so far. The actors were so skilled that it made the drama seem extremely realistic and emotional - the innocent, pure love and desperation that the main characters felt was conveyed really well which made it so heartbreaking in the end. I don’t know if it’s because I’ve been extra sensitive lately, but I did cry a lot and not just during the last episode. Not only did the drama show a beautiful story between two lovers, it also showed the events of the Gwangju uprising which was really interesting to learn about. However, finding out what happened and how many innocent people were affected was saddening. I really recommend it. One of the only dramas I've watched that deserves a full 5 stars."
113,오월의청춘,no puedo escrbir bienla review porque la slagrinas no me dejan ver
114,오월의청춘,"my heart, bro, my heart"
115,오월의청춘,"Set against the Gwangju Uprising in 1980, Youth of May is so much more than a simple love story. It's a tribute to the victims and survivors of one of the most painful chapters in South Korean history.
At the center of the story is Hwang Hee-Tae, a 26-year old medical student who has lost the urge to practice medicine, and Kim Myung-Hee, a hard-working nurse who has experienced her fair share of hardships.
Amidst the turbulent political environment of the time, the two fall deeply in love, unaware of the tragedy that lies ahead.
This was such an incredibly heart-wrenching watch, but one that is worth the tears and truly beautiful."
116,오월의청춘,love how it started but i ended up feeling pain
117,오월의청춘,"al principio es un poco larga pero de verdad vale la pena terminarla, estéticamente fue la mejor serie que ví en mi vida. tiene escenas tan hermosas y otras tan tristes que casi termino con mi vida mientras la veía a
myeong hee no se merecía absolutamente nada de lo que le pasó :(
update: cada vez q me acuerdo quiero llorar nao pode cer"
118,오월의청춘,"the first episode: omg lee do hyun!! hi
the rest of the story: *depression, ptsd, screaming loud as hell, looking for a psychiatrist*"
119,오월의청춘,THE ENDING IS SO PAINFUL
120,오월의청춘,we all want hwang hee tae
121,오월의청춘,trauma malala
122,오월의청춘,watched this because the female lead is a nurse now i have depression
123,오월의청춘,TANGINA ANSAKIT PADKN TALAGA GAGO
124,오월의청춘,me to min-yeop with tears in my eyes: and you did this... for what?
125,오월의청춘,;)))
126,오월의청춘,se eles tivessem mais 5 minutos ...
127,오월의청춘,If you loved this you should go watch the film A Taxi Driver (2017)
128,오월의청춘,the ending was bullshit
129,오월의청춘,"""i can see the stars"" FUCK. ME. 😭😭😭😭😭"
130,오월의청춘,devastation is an understatement
131,오월의청춘,"knowing these events actually happened some forty years ago made it really difficult to watch. i cannot fathom the terror living in those times.
this was amazing. i've never cried, sobbed, wept, bawled so much for a show before.
oh and hwang heetae one of my top 3 fave fictional men!!"
132,오월의청춘,MY HEART BREAKS SO MANY TIMES.
133,오월의청춘,i am never going to be okay again
134,오월의청춘,im never forgiving the directors for this.
135,오월의청춘,chorei tanto q senti minha alma indo embora
136,오월의청춘,this is why my standard is too high
137,오월의청춘,last episode ❤️‍🩹
138,오월의청춘,"I think the scenes could be stronger, the prod could be greater, and I wished they showed and tackled the gwangju uprising more than it had been presented. After all, the drama used that part of history and it was also an important part of the plot & the characters’ lives.
but still kudos to lee do hyun and go min si’s performance! and the minor characters’."
139,오월의청춘,"This was tragic. This was heartbreaking.
Myunghee and heetae was a good pair. Grabe iyak ko dito during the last ep"
140,오월의청춘,this had me shaking and crying. throwing up and sobbing if you will. i will never emotionally recover from this. the worst thing i've ever seen. 10000/10 so good. i hated it so much.
141,오월의청춘,😭😭😭😭 crying and screaming
142,오월의청춘,gorgeous gorgeous girls love Lee do hyun
143,오월의청춘,"the way i had to stop watching this for months because i couldn't let go of this show until today...
god why you must hurt me this way? i am not your strongest soldier 😭
edited: my only issue here is the last episode. it felt rushed and lacking, but mostly kdrama endings are like that :(( they should've focused on the lee siblings, too. they missed a lot of stuff on the last episode when it should be the one completing the whole story."
144,오월의청춘,I want what they had. 🥺
145,오월의청춘,this is too tragic
146,오월의청춘,"Kim Myeong-hee es enfermera, noble, linda y perseverante por sus sueños, de familia pobre, peleada con su padre hasta el final no logran arreglarse, pero en el fondo lo quiere. Ella se hace cargo de su hermanito Myung-soo quien entrena para competir en carreras de atletismo, es muy gracioso porque siempre anda batallando con sus tenis.
Su padre es relojero y tiene lastimada una pierna :( su madre vive en su pueblo natal junto con su abuela que sufre de la memoria.
Gracias al plan de ambas amigas, es que Myeonh-hee conoce a su bato. Su mejor amiga desde la secundaria Lee Soo-ryeon, adinerada, protectora, dueña de una imprenta a la que le gusta defender sus derechos, encargada de las protestas a la libertad, junto con su club. Tiene un estilo de vestir medio despreocupado, aunque luego si se viste formal.
Ella tiene un hermano Lee Soo-chan el cual tiene 30 años, todo el mundo le hace bullying de que se case pronto, pero a el le gusta Myeong-hee, es muy atento con ella y siempre se preocupa por ella y su familia.
Hwang Hee-tae es famoso en su ciudad natal por aprobar el examen más difícil para ejercer medicina, pero no se ha titulado por temor a su pasado, cuando era practicante, tiene un ligero trauma con eso y se pone mal, cada vez que se encuentra en una situación similar, además de que quiere competir en un concurso de música local, siempre suele ser muy feliz y sonriente.
El padre de Hwang Hee-tae es un hombre despreciable, igual solo le importa su posición y el mismo. Causando casi todos los problemas graves, (OJO AQUÍ). Que bueno que al final se quedó solo, con semejante actitud. Me gustó lo que le dijo su propio hijo que el era el huérfano porque nadie quiere ser su familia.
En realidad Hee-tae siempre se sintió solo, ya que no tenía a nadie más, hasta que conoció a Myeong-hee :( su padre es un asco con él, su madre murió y el resto de su familia vive en su casa pero su relación no es tan buena.
También me gusta como toca la guitarra, cada vez que esta con Myeong-hee, que bonito.
Me dio mucho gusto que al final dice que le costó levantarse de la depresión pero se puede notar que siguió con su sueño de ser médico, ayudando a las personas. Así como manteniendo el contacto con sus amigos cercanos.
La espera interminable que tuvo que pasar hasta que por fin encontraron el cuerpo de Myung-Hee, que doloroso. En aquel evento ni siquiera logró despedirse de ella :( y después de 41 años logran saber donde estaban sus restos.
Hwang Jung-tae el hermanastro de Hee-Tae su pierna si quedó lastimada por culpa del disparo que recibió de niño, adiós a su sueño de ser corredor.
Kim Myung-soo el hermanito de Myung-hee amigo del hermano de Hee- Tae al final se convierte en padre supongo que por todo el impacto que vivió de niño.
Kim Kyung-soo el amigo militar de Hee-Tae fue el único que presenció como mataban a Myung-hee y le lloró bastante porque se da cuenta que se iba a casar con su amigo. Todo el tiempo que debió sentirse con culpa como al final se disculpa con Hee-Tae, indirectamente sin palabras pero con la mirada entre lágrimas. Que impotencia tener que ser un militar, obedecer órdenes, estar en desacuerdo, ver golpear y matar a civiles inocentes y además tener que guardártelo porque te va peor, claro que no todos son bondadosos como Kim Kyung-soo.
Como durante las protestas de los estudiantes universitarios empezaron los militares atacando a golpes a todos parejo a niños, civiles, estudiantes personas mayores, luego con cuchillos y al último con armas disparos y balas.
La transición de todos en el último capítulo final de adultos a jóvenes me dejó WOW, desde Lee Soo-ryeon en el auto, hasta su hermano Lee Soo-chan escribiendo todo canoso en un café, Hwang Hee-tae siendo médico, Hwang Jung-tae siendo psicólogo y Myung-soo siendo padre.
Para mí las escenas más dolorosas fueron la muerte del padre de Myug-hee, La muerte del oficial que se enamoró de Lee soo-ryeon y la muerte del amigo protestante que torturaron para que les diera todos los datos. Al igual que el capitulo final.
Muy buenas actuaciones, que bárbaro.
El soundtrack tiene rolas muy viejitas se me hizo tan acorde a la época del drama, excelente elección.
Frase final que rescate:
“Este año es el 41 de mayo, desde que te perdí, Myeong-Hee. Todo este tiempo, mi vida se sentía como nadar durante una marea creciente. No importa cuánto lo intenté, no pude seguir adelante e incluso traté de dejarme ahogar. Pero cuando desperté, esa marea me había hecho retroceder a ese mayo dentro de mi corazón. Se sintió tan cruel que viví con resentimiento. Por un largo tiempo, viví arrepentido y pensé en lo que podría haber sido. Si no hubiera ido a Gwangju en mayo de ese año, no te hubiera conocido, no hubiera soltado tu mano en esos bosques, ¿Estaría todavía vivo? Pero… En este 41 de mayo cuando finalmente hayas regresado, ahora me doy cuenta de que fui yo quien eligió hacer todo eso. En mayo de ese año, elegí ir a Gwangju, y elegí amarte con todo mi corazón. Recé todos los días que peores dolores en mi vida vinieran a mí en lugar de ti. Si yo hubiera sido el que muriera en la encrucijada, de la vida y la muerte, y tú hubieras vivido, habrías experimentado las mareas que he experimentado todo este tiempo. La vida del que quedó atrás. Por lo tanto, finalmente me di cuenta que lo que viví todo este tiempo, fue la manera en que el señor respondió a mi oración. Estos 41 años solitarios y dolorosos eran simplemente mi amor por ti. Los años restantes de mi vida, serán una respuesta a tu oración. No importa cuántas veces más. La marea creciente me empuja de regreso a ese mayo. Te tengo aquí ahora. Hasta que nos encontremos de nuevo. Nadaré contra la corriente con todas mis fuerzas”."
147,오월의청춘,I just finished but I've been crying for 20 minutes
148,오월의청춘,"MORRE HWANG GINAM SEU DESGRAÇDOOOOOOOOOOO
dorama lindo😭😭 o casal teve mais  momento triste do que feliz como pode isso meu deus chorei igual uma vagabunda 10/10"
149,오월의청춘,fazia tempo que um dorama não mexia tanto comigo... muito bom!
150,오월의청춘,"what can i say abt this kdrama … it’s hurtful and so sad. it was cute and enjoyable but it was when gwanju uprising took place so of course it was def sad. i’m not much for historical dramas if this is what u call one, but def would rewatch! hwang heetae is a wonderful character and the chemistry between him and myung-hee (female lead) is so cute. if you’re looking for a interesting and drama filled story this is def one! the love they have for each other is so strong and it gets interesting when you figure out the reason how they met, and how their love started. they go though so much, and i was upset with the ending. watch if ur looking for drama and a cruel but cute love story too. watch out for gore and blood of course as myung-hee works as a nurse and of course the uprising so just be wary. overall rating: 10/10 this kdrama broke me 😭"
151,오월의청춘,A very sad love story with full of heart-breaks
152,오월의청춘,pls a drama with them being happy is all i want
153,오월의청춘,One of the only pieces of work to ever make me cry. It was so genuinely beautiful I still get emotional every time I think about it. It’s one of those things that don’t really feel real when you think about them because they’re so good you can’t really comprehend their existence.
154,오월의청춘,The best kdrama in 2021. So many loves and tears that i have sacrificed for this drama. My forever favorite kdrama.
155,오월의청춘,crying a river this is gold 🥲👍
156,오월의청춘,i will never be happy
157,오월의청춘,🤧🤧🤧
158,오월의청춘,i think my tear ducts are dry
159,오월의청춘,"such a great great romance tv show! love the chemistry between the main leads. the tragic ending was hard to take in...had me sobbing in bed for the entirety of it. it’s been months since i’ve watched this but i still think about them so very often :,)"
160,오월의청춘,why this ending why why whyyyyyyy i just hate the writers so much for the ending
161,오월의청춘,"dua orang yang jatuh cinta di waktu dan tempat yang salah. sebenernya rada capek liat otpnya dipisahkan disatukan dipisahkan disatukan lagi dan lagi, diuji bertubi-tubi, tapi secara keseluruhan ini bagus. give a comfort vibe if you like simple things and angst : astaghfirullah naneun gakuat sedih temen. min si - do hyun cocok banget, saya ngeship!"
162,오월의청춘,the ending…
163,오월의청춘,i was bawling my eyes until they give me headache. pain
164,오월의청춘,this series broke me so much idk how to cope up
165,오월의청춘,"took me so long to actually finish this. it was so hard to watch knowing all these events actually happened, and that there are still people out there who lost friends and family in the gwangju uprising. it was heart-wrenching, but i think this drama did well in depicting it and the horror and pain the victims went through.
as for hwang hee tae and kim myeong hee, they're such wonderful characters. both lee dohyun and go minsi are so good in bringing their characters to life. my heart really broke for them"
166,오월의청춘,"'Youth of May' es el típico kdrama romántico que es más valorado por tener unos cuantos highlights de romance y una pareja que funciona (en este caso, realmente más por el despertar popular de la bella Go Min-si) que por motivos más serios. Sinceramente, utilizar una masacre civil para terminar centrándote en un romance bastante convencional, detener la escena en dos o tres frases bonitas mientras fuera está muriendo gente masacrada es algo tan poco ético que es difícil pasar por alto, incluso sabiendo que, al final, la finalidad de la producción es entretener y no lo hacen ni con mala intención, aunque sí con una inconsciencia desvergonzada. Ha vuelto a pasar este año con 'Mogadishu', donde en clave de ficción se utiliza un desastre humanitario real para hablar de la ""unión"" de las dos Coreas a través de una película superficial y orientada a la acción. Creo que algunas producciones coreanas deberían reparar en la ética que tienen detrás de este tipo de narrativas.
Más allá de eso, el guion es flojo. Comienza bien pero en su recta final muchos arcos de personajes se desaprovechan, no se cierran bien o pasan directamente al olvido. La faceta del activismo se desaprovecha por completo y su episodio final es bastante malo.
Si merece la pena es por Go Min-si y la ligera dosis de entretenimiento que logra ofrecer, para lo demás hay películas como '1987: When the Day Comes' o 'Taxi Driver' que muestran este catastrófico evento de forma bastante más acertada y con mucha más calidad."
167,오월의청춘,"Those 41 lonely, painful years are my only love for you.
no thoughts it still pain and its heartbreaking 💔💔"
168,오월의청춘,i am inconsolable
169,오월의청춘,IM FKING CRYING
170,오월의청춘,Na minha imaginação eles são casados e tá tudo bem e n tem ninguém q mude isso
171,오월의청춘,love is not real all fake it’s fantasy fiction that shi dosent exist irl you’ll never experience that shi it’s all a fairy tale it’s a social distraction it’s gazebo
172,오월의청춘,go minsi ilysm
173,오월의청춘,"Let me just cry 
I watched it about month ago and now just reviewing it but I constantly think about it even now
Actually really interesting to learn about the Gwangju Uprising in 1980 in Korea , also just the main characters you can’t help but love them"
174,오월의청춘,11/03/21—11/17/21
175,오월의청춘,"even if the tears we shed fill up to our chins, please don't let us drown and give us the power and swim safely through this life 
idk really where to start, but i love this drama :( it took me so long to finish because i hate sad endings lol. 
i don't have a say in whether or not the 5.18 gwangju is accurately represented, but i must say that this drama drives me to learn about the event even more to the point that i read multiple accounts & books about it hehe. it hit harder when i realized that myungheetae's tragic ending were actually the lived experiences of many gwangju people, with them separated from their loved ones through death. from my pov as a viewer, it has successfully woven the stories of the people (myunghee, heetae, & others) against the backdrop of the gwangju uprising.
production-wise, beautiful performance & insane chemistry by both lee dohyun & go minsi. pretty realistic characters building with heetae having an apolotical attitude cuz he's an snu medical student & the son of chief of anti-communist whatever, not to mention the branding of those voicing dissents as commie to justify the use of violence against them (something familiar to a lot of us in the....third world countries). anyways.

rest in power for all the fallen people of gwangju! "
176,오월의청춘,rewatching this even though i'm not ready at all
177,오월의청춘,Its somewhat sad story .however the couple address was giving you a development flows in light of the subject of the show
178,오월의청춘,"marcos diktador putangina
#NeverAgain"
179,오월의청춘,i proclaim this to be my villian origin story
180,오월의청춘,incest.
181,오월의청춘,ang sakit tangina
182,오월의청춘,This show cost me my sanity
183,오월의청춘,"desenvolvi depressao ansiedade e outros 97 transtornos depois de assistir esse dorama e nem pra eles ajudarem a pagar minha terapia mas ainda assim o amo
queria mais doramas falando sobre a ditadura yushin mds lacraram dmssss"
184,오월의청춘,"i love they relationship, myeongsoo and jungtae friendship, and this drama cant heal and kill you at the same time"
185,오월의청춘,This is the most beautiful kdrama I have watched so far // just got my heart ripped out of my chest x
186,오월의청춘,pain
187,오월의청춘,"I watched this months ago, listened to Annie’s song today and cried. Will I ever recover?"
188,오월의청춘,my heart still hurts listening to the osts :(((
189,오월의청춘,"watched this for go minsi at first but eventually fell in love with lee dohyun. knew what I was getting myself into (an angsty drama with a sad ending) but that didn’t made me feel any better. removed half a star because the time skip annoyed me lol, 41 years was just too long."
190,오월의청춘,the ending is my last straw and my 13th reason
191,오월의청춘,hurts
192,오월의청춘,what if this was my last straw
193,오월의청춘,BEST KDRAMA EVERRRRR
194,오월의청춘,just tears
195,오월의청춘,"I kind of hoped they’ll end up happy in the end 🥲 i cried 😭
Based on the tragic events of the Gwang ju uprising."
196,오월의청춘,one of the best kdramas this year methinks the chemistry between the main characters are crazy
197,오월의청춘,This was truly one of the best kdrama. I bawled my eyes out watching this. It was so realistic and tragic. The love they had for each other was pure and true. My heart truly goes out to those who lost their lives and lose their loved ones during Gwang-ju uprising. It was more heartbreaking and tragic knowing there must be real life Heetae and Myeonghee.
198,오월의청춘,dami ko iyak dito shuta pain
199,오월의청춘,go minsi and lee do hyun looking at dramas: yeah this one seems painful let's do it
200,오월의청춘,12 ep. tearjerker. i'm not okay.
201,오월의청춘,myunghee i’ll get u out babe pls don’t die. and then she died
202,오월의청춘,nah bro she didnt die in a ditch hahaha bro remember they didnt split up in the woods bro
203,오월의청춘,"The last two episodes of this kdrama made me cry a bucket of tears. The love story of Hee-Tae and Myeong-Hee will never be forgotten. I just feel so sad for both of them especially Myeong-Hee, because she suffered so much even to her final moments."
204,오월의청춘,this stupid drama broke me they deserved sm better i love them sm 💔
205,오월의청춘,"nenhum final me destruiu tanto quanto a desse dorama. myeong hee realmente mereceu um ponto em sua vida, seja de amor tão grandioso quanto o que viveu com tae, como de paz, apoio e final. as estrelas realmente deveriam estar bonitas naquela noite."
206,오월의청춘,30 de agosto e eu ainda sinto vontade de chorar com a gaita de days in memory.
207,오월의청춘,"set in the turbulent times in 1980 leading up to the days of the gwangju uprising in korea, this show is about the fight, the struggles and the helplessness of the youth of that time, while also depicting a sweet romance inevitably destructed by circumstances 😢💔"
208,오월의청춘,"PLEAAAASEEEE THIS DRAMA BECAME ONE OF MY FAVES,,, even tho i already know the ending bcs of the amount of spoilers i saw on fb, still it made me cry the freak out,,, love the chemistry of the two aacckkk, i can give Lee Do-Hyeon to her irl, jk love him… 
++ I CAN WATCH THIS A HUNDRED TIMES, ONE OF THE KDRAMAS THAT I’LL REGRET IF I DID NOT WATCH BEFORE I DIE like istg 

~ 12 episodes "
209,오월의청춘,Eu só consigo dizer que assistir esse dorama foi uma experiência muito importante pra mim e o meu único arrependimento foi de não ter assistido antes
210,오월의청춘,sana hinampas nyo na lng ako sa pader 💔
211,오월의청춘,im sad
212,오월의청춘,I LOVE EVERYTHING ABOUT THIS 💔 made me cry so hard and dohyun & minsi's chemistry is insane..... i wouldn't mind if they pair them up again <3
213,오월의청춘,I'm in episode 6 and I really don't have the nerve to stop watching even though this is gonna break my heart heavily 😭
214,오월의청춘,a atuação nesse dorama foi simplesmente impecável
215,오월의청춘,"i love all the emotions that this series made me feel. couldn't ask for more. the main characters are so well-written and it worked out really well until the end because the actors did great.
this is, indeed, one of the best k-dramas that i've watched recently."
216,오월의청춘,lee do hyun and oh man seok's exceptional acting!!! they never disappoint.
217,오월의청춘,oh so that was the meaning of pain
218,오월의청춘,the leads' acting were great. would have been really great if extended to 16 eps and given more depth for the side characters. ending made sense and that for sure did not feel long.
219,오월의청춘,nunca mais eu vou sorrir
220,오월의청춘,pain... all i know is pain
221,오월의청춘,Sad
222,오월의청춘,i would've never thought of watching this if not for dohyun and minsi but damn i'm glad i did......... ok i lied i'm sad
223,오월의청춘,im still recovering
224,오월의청춘,"don't you ever watch a movie/drama with intimate chemistry and plot that is built very well and so fun if you know, it will end with a sad ending.
Hwang Hee Tae & Kim Myeong Hee are the best couple drama of the year, yaa setidaknya di paruh pertama ini lah"
225,오월의청춘,"The first few episodes are all nice, it's just your typical cute romance between a man and a woman, with the uprising placed only in the background, not directly affecting the leads yet. Then there's the last few episodes which felt like getting hit by a bus every episode. I saw it coming, but was never prepared when it all came true.
Right off the bat, it seems that the focus is definitely the romance between Myung-hee & Hee-tae and the uprising always takes the backseat that makes me wish they featured and provided more context about the Gwangju uprising more, taking a deeper look to what the protesters are fighting for."
226,오월의청춘,sad beautiful tragic 💔 the chemistry between lee do hyun and go min si was SOOO GOOD 😫
227,오월의청춘,"THIS KDRAMA=PAIN
CRIED A LOT
next to reply 1988 in the sad radar/making me miserably cry this comes next
LOVE THE EFFIN STORYLINE ALSO BC TWAS BASED ON A REAL EVENT WHICH MAKES IT MORE SAD😭
the story was jus so damn meaningful and pure and genuine i jus luv how the story unfolds + the mystery in each ep in trying to figure out who could've be that guy from the first ep and who died jus made the whole watching experience v investing to watch which btw the ending was also so unexpected from all the guesses,, and how the reason and meaning of each happening were revealed and made sense each time and by the end of it
TRUE FCKING LOVE LIKE BRO😭 5 MINS BECAME 41 YEARS ARE U KIDDING ME SIWBXIEBXU
""help me find my one and only family"" —sOBBING
the wedding vow of myeong hee PLS 😩😩
it jus hurts everytime i think about it and how twas such a forbidden love like they only had one moment of happiness which was their wedding day but also the day myeong hee's dad and her died like pota?? iabiehxi which must've been hard for myeong soo too doe knowing they both promised him they would come back
until the end myeong hee prioritized others before herself;((("
228,오월의청춘,"a drama about a politically tense time in korea was of course not going to be rainbows and sunshine but DAMN is it so wrong to want a cute lil 80s romance story i was up 4am crying after finishing this likeeee he loved her and only her until the end and i do mean right until the end he still loved her deeply decades later..... soo-chan was so sweet and genuine a really great side character/second lead as much as i love watching lee do-hyun i wouldnt have minded if the second lead won (yes i am second lead trash)
also it really sucks to see the kids of the rich ""in power"" families survive the uprising and lead good lives in the future while the innocent wrongly accused hardworkers have to die its so saddening #justiceforthekimfamily
would've got 5 stars if it didn't make me cry"
229,오월의청춘,pls :(
230,오월의청춘,IM READY TO WRITE A WHOLE ASS PAPER ON THIS KDRAMA. HANDS DOWN TO THE BEST DRAMA IN EXISTENCE
231,오월의청춘,"Ini tu drama yang sedihnya bukan sedih yang bikin ngluarin air mata, tapi sedih yang nyesek, sakit di dada 😭 i can feel the pain just from the look in their eyes 😭"
232,오월의청춘,"""Those lonely and painful 41 years were merely my love for you""
-Hwang Hee-tae
Bye, I'm heartbroken rn..."
233,오월의청춘,"i remember the day news about youth of may was announced and how excited i was to see dohyun and minsi take part in a melo-romance set in politically turbulent times and i was so giddy about seeing dohyun in the small screen again i was going around telling everybody about it! 😭 i’ve been a fan of his since november of last year and i feel like i just keep watching him grow! 
this was truly one of my most awaited dramas of 2021 and i’m relieved it did not disappoint me! a lot of romance dramas are usually a hit or miss for me and im so happy that this was one that hit me more than i realize. i’ve been going around saying this but despite minsi and dohyun’s extremely poignant chemistry and relationship throughout the drama, i think what affected me the most personally was the intense political plot line that served as a backdrop to their romance. i don’t want to go into too much detail as i feel like i could talk forever about how i honestly felt like this drama was too upsetting to watch sometimes but nevertheless, it’s the sole reason why youth of may does not feel like the typical melo-romance. 
the finale did leave me a little empty because i wanted to see a clear conclusion for the rest of the characters. as much as the drama was centered on myungheetae’s relationship, a lot of the characters played a significant role in the plot but they kind of… just didn’t have an ending? i’m not so sure how historically accurate this was. if it was meant to be historically accurate or at least very close to real events, perhaps it is why they didn’t mention what happened to heetae’s dad/family because i guess the audience is supposed to just assume the conclusion? idk lol… as much as i loved the 12 episode cut as the drama tends to focus on the main plotline and intent, i feel a little disappointed that a lot of the characters seemed to have their development cut short for the sake of giving the love story a bit more spotlight. which is just sad because i LOVED the myungheetae story but why did it mean having to have no end to some characters like suryeon and her family, heetae’s family, myunghee’s family etc. we don’t even know what the hell happens to heetae’s dad… DID HE CHANGE? DOES HE GET WORSE? i wish they delved into it more but i get why they couldn’t. i really wish there was just more time to kind of revel in their love story and feel like there was some sort of development/conclusion for the rest of them.  
despite my own personal issues, i do still think that it is one of those dramas you can never forget. my love for dohyun is very apparent but i have to say that go minsi was the shining star in this!!! based on acting and chemistry alone, the myungheetae love line is unforgettable. the drama makes sure to include the nuances in political uprisings (ex, political pov, familial pov, military pov) and it handles such a heavy subject with utmost tenderness seeing as they made sure to let the love story be the main theme. even at such dangerous and violent times, love will always continue to exist. it lives in different forms whether romantic, platonic, familial or simply a kind of love that lets one go thru extreme lengths just for a stranger. it is one of the most touching messages for me; amidst everything, it is always important to love."
234,오월의청춘,hagulgol sesh 😙
235,오월의청춘,i've never wept like this since scarlet heart... lee do hyun please know that i love you very much
236,오월의청춘,"Watched this ongoing Kdrama, finally ended with breaking all our hearts, started bit slow but totally went Beautiful 80s vibe Love Story at ep2 , Excellent Music and Casting makes it Great. Final 4 episodes are Best part, yet again after 18 again, Great Drama, saddest ending, Gwangju Uprising gives real Trauma, Worst Incident occured, 600 killed, students most affected. One of the Hidden Gem of 2021..."
237,오월의청춘,I don’t know how I’m suppose to move on…
238,오월의청춘,"MAJOR SPOILER ALERT
do not read if you have not seen this drama
.
.
.
.
.
.
.
.
.
.
.
i lowkey am not gonna trust people who say they don't like how this drama ended bc ""they don't end up together"" or ""it's a sad ending."" like yes, you can be sad about it (i am). and yes, you can believe this ship deserved better (i do too and i would've loved to see their romance for the rest of their lives). but given the time period it was set in and the circumstance, it was more important to tell an honest and realistic ending, which the director and team recognized. furthermore, pain was expected since episode 1 (or the show's premise even). the ending was tragic and hopeful at the same time because a form of peace has still been served. in addition, the love/relationship between our lead characters hasn't stopped even because it lives on forever in a hopeful prayer and concious decision to act upon love. lastly, if they did end up together, it would've even more cliché.
in conclusion, give this show a chance."
239,오월의청춘,love story of the century. go minshi and lee dohyun truly delivers!!!!!! im gonna need them act in another drama with a lot lighter and happier setting please this makes me feel so depressed
240,오월의청춘,"Hwang Hee Tae is my favourite kdrama boy and that's the review.
plus, they could've done a better ending"
241,오월의청춘,All I know is tears
242,오월의청춘,ive never known pain like this .
243,오월의청춘,si no quieren sufrir eviten ver.
244,오월의청춘,"The subtle tribute to the taxi drivers of Gwangju throughout the 11th episode is profoundly beautiful<3

—

The taxi drivers of Gwangju played an important role in helping the citizens during the uprising. One taxi driver, Kim Sa-Bok helped aid German journalist, Jürgen Hinzpeter to document the violence against Gwangju’s citizens and inform those outside Gwangju who had no idea of what was happening in the city at that time. So if you catch glimpses of green taxis on the background of episode 11, I believe it’s to commemorate the taxi drivers of Gwangju.

You can watch A Taxi Driver (2017) to know more :)"
245,오월의청춘,I NEED MYSELF A HWANG HEE TAE
246,오월의청춘,"purely devastating. the 12 episodes worked all well together, no filler episodes. this was a nice portrayal of student activism and how brutal the martial law was and people behind it.
episode 12 traumatized me because of the series of events. prepare your tissues, i guess!
* im a student act*v*st as well, and i have daddy issues and a younger brother so this made me cry alot.
lee dohyun is so HANDSOME I CANTTTT
go minsi is so pretty and she portrayed all those emotions incredibly."
247,오월의청춘,"lee do hyun & go min si ilu guys :(((( they played so well and their chemistry! but honestly in so much pain right now cos i just finished it....... yung hagulgol ko sa last episode pls ang lala HAJSHAHSH although i would say first few episodes were basic for me, i stayed for dohyun's pretty face (PLS I LOVE HIM SO MUCH) and superb acting. i guess the last episode would be the one to leave the most impression to me so i can say its really good :c soundtrack's also very nice. again, i luv yew lee do hyun. i kinda hate that you took this drama and i had to watch it and feel this pain cos of you"
248,오월의청춘,"thank you for filling my May with tears, love and laughter."
249,오월의청춘,you'll hear me crying while grabbing my heart in the corner because it just too painful
250,오월의청춘,:(
251,오월의청춘,from release date
252,오월의청춘,"walaupun di tengah agak bosen tp overall though, Youth of May has been a really pleasant surprise this year, and a solid historical drama wrapped up in a sweet forbidden romance"
253,오월의청춘,"really good, but it could've be better.
the story and personality of myunghee made her the most interesting and beautiful character. sadly, the romance and the male lead was the main focus.
wasted potential with myunghee."
254,오월의청춘,"(sings at the top of my lungs)
IN ANOTHER LIFE
I WOULD BE YOUR GIRL
WE'D KEEP ALL OUR PROMISES
BE US AGAINST THE WORLD"
255,오월의청춘,lee do hyun my beau owning the melodrama genre 🥳❤️💐
256,오월의청춘,SO BEAUTIFUL
