,title,reviews
0,유미의세포들,"Yumi's Cells is a webtoon adaptation that really close to the original story. A slice of life drama about Yumi and her brain cells, how she live the day with the ruckus in her head, similar to Inside Out but more complex and more mature. The main story was about Yumi's life, including her dream, family, friends, job, and also her love interest. The chemistry between all the characters were so adorable, especially with Woong, lovey dovey in every way. The plot is so simple yet so relatable. Everything was so good! Insightful story, bright delivery, extraordinary acting, awesome animation, and truthful ending. All the cells are very attractive and super lovely! Lust cell is my fav so far hihi (if you know, you know). This is beyond my expectation, really. I'm so in love with this drama! I watched all the behind the scenes only for seeing Kim Go-Eun & Ahn Bo-Hyun together. Can't wait for season 2! Still ship Yumi and Woong till the end, tho."
1,유미의세포들,woomi changed the trajectory of my life
2,유미의세포들,"I Believe in Ahn Bo-hyun supermacy
(those muscles and long hair) ☺️

Final Score : 83% 🍎"
3,유미의세포들,"there's nothing more painful than ending your relationship in the same place you started it. sometimes, people need to get their feelings hurt in order to grow. people come and go. glad that she realized that break up doesn't mean: end of the world. it's a phase that ppl normally would go through for character development."
4,유미의세포들,need s2 so bad
5,유미의세포들,"it felt like i was with yumi throughout her journey of living her life, falling in love, making mistakes, and picking up pieces of herself back together again. friends, lovers, people come and go, but the main character of our life will always be ourselves :”)"
6,유미의세포들,sel selnya gemes pol
7,유미의세포들,"Veo K-Dramas para escapar de la realidad, esto es muy real 😩"
8,유미의세포들,"The moment I sensed a looming breakup, I realised something that I had forgotten. Who my number one priority is."
9,유미의세포들,ZON’T ZO IT❌
10,유미의세포들,i love how the cells always prioritise yumi over everything else and make sure she’s happy in whatever decision she makes
11,유미의세포들,YOO BABI YOO BABI YOO BABI
12,유미의세포들,This series made me realize I get sadder for fictional break-ups than my own 🤡 love that for me
13,유미의세포들,"Amazing drama! if you're a big fan of psychological romcoms, then go ahead! you'll love it."
14,유미의세포들,LIKE A STARRRRRR😭😭😭😭 YA SAQUEN LA S2
15,유미의세포들,"felt like a 16-episode Akiko Ohku stash! 
personal, genuine, bittersweet.
the cells are so cute! and absurdly accurate. 😅
as much as i felt yumi, i also want to acknowledge goo woong’s character (progressive king!)"
16,유미의세포들,"Good..
Just watched it for #kimgoeun 🖤"
17,유미의세포들,loved it can't wait for s2! woong sucked lol
18,유미의세포들,"'Yumi's Cells' es una kdrama romántico caracterizado por incluir secuencias de animación que, de una forma similar a 'Inside Out', representan las distintas emociones y sentimientos de sus personajes. A partir de esta mecánica se proyecta la relación entre Yumi y Wong, y se van mostrando las distintas fases del romance (primeras citas, primera etapa de relación, peleas, convivencia, etc) y el pensamiento o desarrollo emocional interno de cada uno con sus distintas personalidades y formas de pensar. En este sentido, llega a ser un drama bastante interesante por momentos. El problema es que la dinámica del webtoon que adapta es algo cansina y, al mismo tiempo, los momentos secundarios no me han interesado en absoluto. Así que por un lado me parece recomendable y, por otro lado, se me ha hecho bastante indiferente. El añadido especial es tener a Kim Go-Eun como protagonista (en realidad, el motivo principal para que le diese la oportunidad a la serie).
Ya confirmada una segunda temporada para la que no tengo ningún interés."
19,유미의세포들,the best.
20,유미의세포들,korik
21,유미의세포들,"i can't wait to see the new season !!!
one of my favourite comfort k-drama <3"
22,유미의세포들,<3
23,유미의세포들,"loved the creativity of this show, the cells were humourous and fun to watch. loved seeing jinyoung on my screen and most definitely loved ahn bohyun as woong. he was ticking all the right boxes whew. this was a good drama that depicted romance differently because we get to see the character's literal thought processes. half a star for gay minho.
***can't wait for season 2, might change my rating once s2 is out"
24,유미의세포들,Team Yoo Bobby... Hoo Hooo!
