,reviews,title
0,"I absolutely despise Eun-pyo's cousin, like damn never seen someone that double faced.",그린마더스클럽
1,"Watched 2 eps, seems like a drama you can skip without really missing out on something.",그린마더스클럽
2,Louis is really getting on my nerves! I cannot stand his constant smirky face. He seems hell bent on turning Eun-Pyo's life into a chaotic mess. Let the woman live her life dude! You already had a chance with her- which you so conveniently ditched for being with Jin ha. Leave her be!,그린마더스클럽
3,"I'm sad the comment section is so dry 🥲

Anyway, am I the only one who thinks Jinha is attracted to Eunpyo? But that does not make sense because she married her (Eunpyo) ex-boyfriend....",그린마더스클럽
4,"I started to watch the drama because of Lee Yo-won. I knew Lee Yo-won since the drama - Night Light, and she played a business woman leader, a very strong female character.

In this drama, her role is very different and her performance is impressive. She is an awesome actress.

However, I almost gave up watching it since the tempo of EP.1 is ... boring and the story is weird and hard to understand.

But, I've just finished the EP.4 and it is becoming interesting. I start to like the story and can't wait to watch the EP.5, too.",그린마더스클럽
5,I really like this drama. The one drama i wish I could binge. Dont want to wait next week for it 😮‍💨,그린마더스클럽
6,I was about to stop hating on JH but this episode just sealed the deal for me! It's actually really sad and disgusting that JH has a lot and keeps going after everything Eun pyo has. At this rate she might even end up going for Eun pyos husband and kids too LOL!,그린마더스클럽
7,"everyone talking about JH and EP but can we talk about how annoying, dense and two-faced her cousin is like seriously",그린마더스클럽
8,"Jinha is jealous of Eunpyo to the point that she asked her husband what does it feels like to lose your parents.

eunpyo feels the same way right? she's also jealous of jinha

and is no one gonna talk about how eunpyo's kid is a genius like man the parents didn't think abt using that piano lol",그린마더스클럽
9,Eun Pyos husband just knocked down French guy with that small flash back.,그린마더스클럽
10,Korean mothers here are scary :o :o I feel sad for the children :o,그린마더스클럽
11,"ooh my feelings for all the characters are so mixed!! i can't decide who i like and dislike but it's nice, it makes the characters feel more realistic bc everyone's got good & bad sides",그린마더스클럽
12,"sorry but regardless of whatever backstory they may have jin ah needs to stop being so obsessed with eun pyo. like wth eun pyo CLEARLY doesn't like her and yet she's determined to be her friend. why does she think that eun pyo HAs to like her back if she's nice to her. you know people are allowed to not like each other and not want to be friends. honestly it's an unhealthy obsession, she legit cares more about eun pyo than her own husband lol",그린마더스클럽
13,"OMG, the ending of ep4 really annoyed me! Like mister France get lost! You have a wife and a son. What you had with Eunpyeo ended the second you left her (not fully confirmed but likely) and went to Jina. I hope Eunpyeo stops him and they don't kiss in ep5 but it will probs happen at some point. Like even if Jina took him from Eunpyeo (not confirmed yet but likely), Eunpyeo is married and has 2 kids as well. She shouldn't rekindle with an ex who LEFT HER for her ""best friend""!!! Because that is just low of her and makes her even worse than Jina because she will be destroying Jina's family and her own as well. Also, love the interaction between Chunhee and Eunpyeo. But ngl Chunhee seems a bit suspicious and that she might be using Eunpyeo for something we don't know yet. Like we shouldn't forget the warning the last owner of Eunpyeos house gave and also the glances she give at Eunpyeo and Jina here and there.
Also what if Jina's son Henry is not the french guy's kid and someone else's???
And what if Eunpyeo's first child, the genius one is actually her and ex, the french guy??

Let me know your opinion.",그린마더스클럽
15,damn..the ratings dropped from 7.8 to 7.1 overnight 😔 doesn't do justice to the show imo,그린마더스클럽
16,I could tell the kid Dong seok was gifted. I had my suspicious and I'm glad it's confirmed.,그린마더스클럽
17,"Dongseok being the actual ""gifted"" kid 🤡🤡🤡🤡",그린마더스클럽
18,"Getting better, slowly unveiling the profiles of each lady, each with her own interests, at times in line with other people interests, at times different, and at times in full contrast.
The music is OK.
The French is improving, too.
""What do you think about bumping into an ex?""
""Oh là là! Ça va me faire chier.""",그린마더스클럽
19,I don't think any plot twist can top Dong Soek being a genius,그린마더스클럽
20,"Atleast they admitted some things like the bad school system and her inferiority complex vs orange lady's over bragging

Tho they added more exes mixes and it's like how likely is it for 4 couples living in the same area with 2 exes and 2 relatives 🤡

That little plot twist does spice up their story so I am not totally hating this especially with the budding friendship",그린마더스클럽
21,the best of ep3 was watching their drunken shenanigans lol,그린마더스클럽
22,"I have to say ... the poster is horrible, sorry.",그린마더스클럽
23,this show just got so good at ep 3!!,그린마더스클럽
24,I am really really curious abt Jin ah background story from her pov..By now it seems Eun Pyo is dealing with her own inferiority when it comes to Jin ah because she seems better than her in every aspects that's why maybe she failed to consider Jin a friend while Jin ah seems to be trying really hard which is still not clear why..,그린마더스클럽
25,"OMG, the satisfaction I got from ep3s ending! I knew that enpyeos child is probs going to be gifted in even higher education. HONESTLY CANT WAIT FOR EP 4 TOMORROW!!!",그린마더스클럽
26,"Started this series. Looks like major copyright infringement from other series.
Is it a re-hash of ""Reflection of you"" (two female painters, one guy, Europe, ...) mixed with ""Sky Castle"", (helicopter moms, newcomer in the group, ...), and ""Vincenzo"" (Vincenzo couldn't speak Italian and this guy can't speak French), or am I misguided?",그린마더스클럽
27,"So what are the general thoughts on this one?
Another ""who cheated on who""-korean drama?",그린마더스클럽
28,can anyone tell me what was in the article that made the FL cry and sick?,그린마더스클럽
29,"I enjoyed these first 2 eps more than expected, looking forward to how the FL develops and decides what kind of mum she is.",그린마더스클럽
30,"Even if it's not an affair, either way the guy isn't worth it
He chose to go to the other woman. Either they broke up and eunpyo left him or he left her
It doesn't matter he was ""hers"" before, and sure them becoming rich and him still being a hottie while she's suffering with a manchild that won't let her rest is sad but being rich and hot isn't everything 🤷🏻‍♀️🤣",그린마더스클럽
31,"If you want to watch this drama I'd advice you to go into it open minded. For some reasons I thought it was comedy lol but it's not. This is very makjang like and can get really annoying yk so it can be hard to watch. When I wanna watch makjangs I think of it as comedy, works for me lol I'm having fun watching this now. Am I rooting for anyone? Nope not yet ig",그린마더스클럽
32,Half past ep 1 and it's already so tiring to watch mother's fake persona to win over bitch mom. Unsure if i can carry on.,그린마더스클럽
33,"Nothing new, not even the story, just women competing with each other making their minor children as an excuse, in the midst a bitch who stole her best friend boyfriend and marries her, but she never felt at ease, or felt the love she stole. is now threatened by the FL appearance again. She will create problems, misunderstanding, and will tarnish FL image, and make her life miserable then it is already.

So if you ask me this is it, not it is not.",그린마더스클럽
35,"I just finished watching the first two episodes. I almost didn't watch Ep. 2. I just don't understand the competition element; the pressure of which leads some to lie just to save face over reasons I find arbitrary. It's uncomfortable. Well, we'll see. The jury is still out, as they say.",그린마더스클럽
36,"After 2 episodes, i can't figure out the direction of the movie, but I'm strapped in and ready for the journey, wherever it may lead.",그린마더스클럽
37,This drama caught my attention but unsure if it's worth it... How is it so far?,그린마더스클럽
38,"Jin-ha seems to care so much about Eun-pyo, yet seems to suck at reading the room. Eun-pyo looked so uncomfortable on some scenes, yet Jin-ha seems to keep pressing on topics she obviously does not want to discuss.

I do hope this is a case of Jin-ha genuinely being so dense that she doesn't know Eun-pyo has some deep unresolved bad blood with her. I hope they work out their issues! I feel so bad for Jin-ha for some reason after that slap, she just never felt ""fake"" with her care for Eun-pyo for me personally.
She genuinely seemed flabbergasted near the end there.


Hopefully episode 3 sheds a further light on whether Jin-ha's toying with Eun-pyo or not.",그린마더스클럽
39,A lot of people are talking about the affair stuff... i feel this drama won't be extremely focussed on it and that would rather work as the base work of the relationship between the two women....,그린마더스클럽
40,What beach is that in the starting of Ep2!? It's sooo beautiful!,그린마더스클럽
41,What beach is that in the starting of Ep2!? It's sooo beautiful!,그린마더스클럽
42,Ep 1 was boring but ep 2 tho! OmL It's pretty Good compared to ep 1. So so excited for ep 3,그린마더스클럽
43,We getting a lesbian milf story??? Yes I'm excited!,그린마더스클럽
44,the amount of snakes in the neighborhood my goodness,그린마더스클럽
45,"Just because there is a past regarding one man, people have judged this drama as a drama of makjang with affair in it. I think you should give this drama a chance. Over time, I think those mothers will make friends and dealing with the past. .",그린마더스클럽
46,ep 1 was a bit slow but it started to get good from ep 2 for me. interesting characters. i hope this show picks up even more. can't wait for eun pyo and chun hee's drinking scene as shown in the preview for ep 3 :) rooting for all the moms' eventual friendship 🙌,그린마더스클럽
47,Okkkiiieeee after 1st episode I'm not ready to start with ep2 ..give me motivation that it was actually something different than what I expect about ep1???,그린마더스클럽
48,"Am I the only one who actually really liked these 2 first episodes?
I was so entertained watching this :))",그린마더스클럽
49,I thought we will be getting another Uncle like slice of life drama but after seeing the first episode I'm a little bit disappointed... snif snif.,그린마더스클럽
50,IT IS THE DRAMA WHICH MAKES ME WANT TO GET MARRIED AND TAKING CARE MY OWN CHILD 😭😭❤,그린마더스클럽
51,I just want them all to grow around their differences and become wholesome friends please I don't have the emotional energy for another Reflection of You 😭😭😭,그린마더스클럽
52,does louis's french sound like its his first language?,그린마더스클럽
53,"I was hoping this was more on the Avengers Social Club side rather than High Class, but from the first episode it doesn't seem so. Let's hope it will change direction!",그린마더스클럽
54,"i hope this isn't too similar to makjangs like sky castle, penthouse, mine & high class. why are rich parents obsessed w their kids being crazy talented/clever always a thing in most makjangs? i wanna see smth new in this sort of genre.
also i hope these 2 didn't ruin their friendship over a man. i don't want that to be the main focus.
anyway it's too early to judge completely, i like the characters so far, just really hoping it isn't the same old storyline",그린마더스클럽
55,Is this show trying to be a poorer version of Sky Castle? Someone let me know.,그린마더스클럽
56,It's not available on netflix in my country sob I'm so curios to watch the first episode.,그린마더스클럽
57,"just watched the first episode, the characters dont seem complex. just seems like we have a stereotypical “bully” character everyone listens to and a nice smart character who keeps rubbing everyone the wrong way. i struggles to watch it because it just felt so .. silly. why did she say this? why are they doing that? these were my only thoughts.",그린마더스클럽
58,Can’t for wait Jang Hye Jin’s character to get more screentime,그린마더스클럽
59,The women in this show are down right awful and simple minded followers of whoever is on top and to chicken💩 to speak up for fear of being ostracized and looked down on. 😒 ep 1 and I'm already yelling and cursing at the tv,그린마더스클럽
60,1st episode was good but we dont need man in this drama,그린마더스클럽
61,"why netflix has this, but not letting me download.",그린마더스클럽
62,Has definitely got me interested for what's next.,그린마더스클럽
63,The opening sequence is beautiful,그린마더스클럽
64,Tomorrow Is the day 🤩 I'm so excited af,그린마더스클럽
65,Hope this one's better than 39,그린마더스클럽
66,Any international ott got rights for this?,그린마더스클럽
67,Remind me when it airs .,그린마더스클럽
68,this definitely sounds like my type of drama,그린마더스클럽
69,cant wait to see my fave lee yo won!,그린마더스클럽
70,"My gosh Queen Seondeok is back…have never heard of this show, glad I discovered it after stalking her profile. I just know she will nailed her character",그린마더스클럽
71,Nice Lee Yo Won is back! So happy to see my fave Queen Seondeok in a new series again 💗💗💗,그린마더스클럽
72,this could be awesome and she has picked such interesting roles. think im gonna rewatch ASC!!! you can tell she values these stories! exciting!,그린마더스클럽
73,excited for lee yo-won😊,그린마더스클럽
74,"Great cast, hope all confirm.",그린마더스클럽
75,"After watching Avengers Social Club, I have such high hopes for this one! Lee Yo Won is just so amazing.",그린마더스클럽
76,Lee Yowon is confirmed!,그린마더스클럽
78,yayyy I missed seeing her I hope she confirms,그린마더스클럽
79,"Lol Lee Yowon join club again after Avengers Social Club XD >
Btw I am so curious the 4 other actresses",그린마더스클럽
80,yeeessss Lee Yo Won ❤,그린마더스클럽
0,I want to like this show because I love K dramas but the lead is so depressing She is constantly judging people and has a frown on her face and brings down the show I'm sure there's a reason why but I don't care enough about her character to be interested in why,그린마더스클럽
1,OK First review on here but this show irked me so much I had to For starters the plot is boring The trailer made it seem so cool like oooh aah housewives drama or something more like Sky Castle solid show with lots of drama But instead you're watching this woman rarely show any other emotions besides confused sad expressionless for an hour and every ep The other women hate on her and I get why but it's not fun to watch lol It's also boring Im on ep but nothing about this show makes me want to continue it Slight spoiler I guess Eun Pyo's son breaks one of the children's violin Why are children so annoying I was so annoyed when this happened like oh my gosh this is so stupid Anyways the Mc is genuinely uninteresting at the point I don't care what happened to her and I don't care for what will Last note The french ok so I get the feeling that Korea idolizes Paris and France but every time this rich man shows up Mc and this other woman auburn coloured hair they must speak french Are their accents horrible Honestly it's not the worst thing I've heard but as an English Canadian I'm cringing with the expressions chosen a va is repeated MULTIPLE times and it's so aggravating It's a very informal french something you say to your close friend but here it feels misused End of ep spoiler Louis and Eun Pyo have past history They speak french together due to Louis being born in France I'm pretty sure On multiple occasions they use a va in the weirdest contexts Mc faints and while in hospital the first thing he asks is a va PLEASE STOP SHE JUST FAINTED COME ON PUT SOME MORE WORDS INTO IT IM BEGGING YOU They've probably said it five times in a couple of scenes inbetween the last part of ep begnning of ep And then what prompted me to come review this was when Auburn haired woman explains to Mc that Louis is Henri's father Louis walks up to the women and says a Va PLEASE WRITERS USE OTHER EXPRESSIONS ITS GENUINELY PAINFUL Its so repetitive that I'd imagine non french speakers picking up on how they wrote his dialogue Final thoughts probably won't finish it too long and uninteresting I don't care about any of the characters and the story seems to have been a jumble of many other stories before it Imho skip it,그린마더스클럽
2,The lead is such a downer,그린마더스클럽
3,Protagonist is depressing and the french,그린마더스클럽
