,reviews,title
0,Gave me heavy dose of second hand embarrassment but was very cute!,나의흑역사오답노트
1,This one's really lovely and enjoyable. Sweet and funny vibes. Strongly recommend. 9/10,나의흑역사오답노트
2,"Watched this because of PSH.  Loved him in 'Justice', so now I'm going through his dramas :-)",나의흑역사오답노트
3,My review: PSH looks great in a black bomber jacket.,나의흑역사오답노트
4,ikr he's dreamy  lol,나의흑역사오답노트
5,ikr he's dreamy  lol,나의흑역사오답노트
6,Short and sweet.  Ok film.,나의흑역사오답노트
7,"the main leads should do 16 ep length drama, the chemestry between them was so good",나의흑역사오답노트
8,"I originally rated it an 8, but I came back to change to 9. This really settled very sweetly in my memory, it was really enjoyable and the chemistry of the leads makes me ship them to this day.",나의흑역사오답노트
10,They should cast them,나의흑역사오답노트
12,I love this!Jeon Somin and Park Sunghoon's chemistry <3,나의흑역사오답노트
14,I have several cavities after this ;;,나의흑역사오답노트
16,the male lead is just too sweet and the couple was CUTE!<3,나의흑역사오답노트
17,Where can we watch this? Any links?,나의흑역사오답노트
18,KBS World YouTube channel usually uploads Drama Specials.We just have to wait for them to sub it and upload it.,나의흑역사오답노트
19,You can watch them with eng sub here:https://youtu.be/yOd7Brk1cd8,나의흑역사오답노트
0,This show is only slightly over and hour long but I still found myself fast forwarding a little through parts of it The characters are interesting and the actors actresses all do a good job it's just slow I can't really be more specific than that though because it's not like the story line was lacking or anything It even has a couple rather unexpected moments in it but somehow I still found myself struggling to not fast forward However even saying that it's a cute show and the three main characters are well written and have a story that feels like it could really happen in life so that is nice It just felt like it could have been done in even less time or else the scenes needed to have a bit more to them Read More,나의흑역사오답노트
