,reviews,title
0,"Ah, KGW is the serial killer yet again? In Catch The Ghost I sort of sympathised with his reasons but seems he’s just a cold-hearted killer in this one.",나쁜형사
1,this drama is just so good ive already watched it twice. its pure gold. 10/10,나쁜형사
2,"Hm, I'm currently 7 episodes in and I don't think I'm gonna finish this. The cast is great, acting is solid, and I do like the suspense between Woo Taeseok and Eun Sun Jae, but the episodic format of the show itself (with all its unrelated high-tension cases) feels too disjointed for me. Because each episode features yet another death or kidnapping, I don't really manage get invested in any of it. People are dropping dead like flies and, besides the fact that it is highly unrealistic in a South Korean context, it makes that I've come at a point where I can't be arsed to care about any of these characters anymore. I haven't watched the UK series-- so I don't now how faithful it was to the original work-- but I think the show could have been much stronger if it focused more closely on that past serial killer case that ties  Woo Taeseok and Eun Sun Jae together. Now the show keeps postponing the main storyline by zooming in on unrelated cases, and it makes the plot drag. But then, maybe it also just boils down to personal preference: I'm not a huge fan of episodic dramas anyway.Edit: Also,dang, the dialogue in this show really is the most pretentious crap I've heard in a while. It is fraught with unnecessary metaphors and those melodramatic conversations on rooftops (during which the characters gaze at the city and complain about the dangerous nature of their job and all the sacrifices they need to make for the sake of humanity) are just a tad bit too cliché for me.",나쁜형사
3,Is this the prequel to beyond evil?,나쁜형사
4,"Nope, it's just coincidence that the English titles are similar and feature Shin Ha Kyun as the main character!",나쁜형사
5,This is such a good show!!! Why is this so underrated!!!!!,나쁜형사
6,How dark is it on a scale of 1-10?,나쁜형사
7,not really dark tbh 3  I will say. This your average cop show but if you will enjoy it...there is never a boring moments but yes in some instance somethings that happens in the drama is illogical but hey that's every show,나쁜형사
8,i read that kim gun woo is a serial killer here so i want to ask how good is he here?,나쁜형사
9,out of 10 I will rate him 4.5ish,나쁜형사
10,Is there a source where I can see the opening credits?,나쁜형사
11,love this,나쁜형사
12,"A REMAKE OF LUTHER!?! Why?! You can't remake perfection, it is unique! This is probably good if you haven't seen the original! The two leads here cannot measure up to Luther and Alice! They lack the charisma, the chemistry, the mood.... Sorry, I'm dropping this! Two episodes were enough! I prefer the original over pale copy!",나쁜형사
13,A REMAKE OF LUTHER AND I DIDNT KNEW ABOUT IT OMG HOWWWW,나쁜형사
14,I love the poster sfm,나쁜형사
15,Is it worth to watch?,나쁜형사
17,Thankz,나쁜형사
18,@Geethu Is the prosecutor the whole villain of the show?  Did they capture him early?,나쁜형사
19,@eyychem Still pending..,나쁜형사
20,"I'm definitely in the minority here because I never was able to become a fan of Luther. I just couldn't connect with it and dropped it after three/four episodes.This series however, I binged in one go. I love the set-up, not a remake of Luther but more loosely-based-on, and the characters are all really well-written. They all have their faults, no one is perfect, but I guess that's what makes them so likeable and relatable. The story is interesting too, the way things and persons are connected, in the past and present, but most importantly I really liked the path of Tae Seok and Sun Jae. I'm a sucker for dramatic connections between leads and here we get a truck load of it, no to mention the chemistry they have in some scenes.Overall, I'm going to have a rewatch (probably more ^^) in the forseeable future.",나쁜형사
21,"I feel you so much!!! I’ve tried Luther so many times and Idk man, I just couldn’t connect. But this drama... I mean, I loved it! The female lead was quite grey which I liked, she wasn’t a secretly great girl and the main lead... ****spoiler The moment he let the guy fall to his “death”, I knew I would love him :)",나쁜형사
22,"It was so good! I don't understand all the hate. A remake doesn't have to be the same. I hope I'll get to see more of Lee Seol on the screen, she's so good.",나쁜형사
23,Already at episode 7 and the drama disappointed.Two problem in the drama!1. Eun Sun Jae - Can going to everywhere and do what she wants with no problem.2. Too expected!The drama had the potential to be a lot better.,나쁜형사
24,very boring and i had to fast-forward most of the time. the only good thing in this drama is the cast.,나쁜형사
25,"I enjoyed it a lot but I have to admit that around 10th ep, the plot was boring in some moments and I caught myself that I didn't pay attention to the plot.  Then, the plot is becoming more and more interesting and the last few episodes were great!  A big plus for Lee Seol's acting skills. She was brilliant! I totally believed in her character's emotions and feelings. There were moments when I hate her so much or when I love her.  I think if not her good acting, the kdrama would be very boring. Rest members of the cast acted well but I didn't notice anyone who could stand out like Lee Seol in that drama.",나쁜형사
26,Is lee seol the witness bae yeo wool?,나쁜형사
27,"Dont watch it will just fustrate you! i barely watch it until episode 8 or 9 when his wife was hurt and called him in phone. what did he do? He SHOUT! He RUN! He Drives the car! YOU ARE THE POLICE, A DETECTIVE.  CALL 112 or 911 or THE AMBULANCE GODDAMN IT!! NO!!! HE RUN!! HE SHOUT!! HE DRIVES!!then i close it, too much stupid writing.PS that Captain Jeon is a piece of crap writing what a stupid way writing of being antagonist.",나쁜형사
28,"Lost its steam after a while, sorry... 7/10.",나쁜형사
29,I enjoyed it... i want them to be paired up in ending...and i like the way they both help eachother in investigation,나쁜형사
30,"I watched the original Luther show years ago, so I have virtually no memory of it other than I liked it and desperately wished it had subs since the British accents were so strong I barely understood them sometimes.  So I was not comparing the 2, nor influenced by it.  SHK is hard for me to take.  I think he overacts a Lot!  But I did like him mostly in this role.  Lee Seol was wonderful.  The rest of the cast was also really good and fit their roles.   I liked the cases they worked on and thought they did a really good job, for the most part, in presenting them and the characters in them.  If I had to pick apart anything, I'd say it's the tendency to hyper-dramatize.  Everything was just a bit over the top, from SHK's anti-hero character, to all the bad guys.  They all could have been wearing placards advertising:  Anti-Hero, Villain, Psycho, Dirty Cop, Naive New Cop, etc etc.  Still...like I said...the show was enjoyable for me.  I don't care so much about the muddled 'message'.  It gets kind of tiresome watching dramas where everyone is either squeaky clean or downright evil to the core.  In this you have to struggle a bit to understand or justify, or not, the behavior of many of these characters.  In other words, it wasn't black or white.   8/10  or maybe 8.5",나쁜형사
31,I enjoyed this series. I haven't seen Luther so I didn't have anything to compare it to or form some kind of bias against the show. If you've haven't seen Luther you'll most likely enjoy the show and if you have seen it than get ready for a bumpy ride. I'm a huge SHK fan and I like seeing him play an Anti-hero type character.,나쁜형사
32,"So, I guess, we might get another season of this crap.The narrative, whatever they tried to set, should never sit right with anyone even if you are a hardcore SHK fan. As I see it, narrative was: to catch worst of worst he became one. Nope, not at all. He was incompetent to begin with & to hide his failures & incompetence he NEEDED to blame it on someone. & that someone was our 1st villain of the show.2nd narrative: that he needs to suffer since he did wrong. Nope, again, not at all. He never suffered. But the people around him...definitely! And those yo whom he did wrong suffered most than anyone else but he tries to make us pity him of which he doesn't deserve any. 3rd narrative: I can't stop but catch bad people. Nope. This actually the height of hypocrisy. If he wants to punish bad people, he should get punished 1st. As BYW rightly points out, he doesn't have any right to. & if he doesn't have right, then he should quit & let others take over. I don't suppose there's lack of intelligent detectives in SK. But 'I've to catch them' is just sheer narcissistic of him. The world never revolves around one person. All characters go only one way, except for a few villains who actively kill people. All in all, this was a stupid show. I shouldn't have finished it but did so to see the potential of the actress playing BYW. She did good. But she too didn't have much as the whole show just revolves around him. Although BYW did have more story than Alice, it was better had they left this Main Character a mysterious one. I felt so many emotions for Alice but for BYW I always felt pity. Yeah, but that's just my opinion. If they try to come up with a new season, BBC should stop them, I desperately wish.",나쁜형사
33,Never saw Luthor. But I'm watching this on its own merit and because I'm a fan of Shin Ha Kyun. 4 eps. in and i'm impressed so far. The Psychopathic FL doesn't strike me as a 31 year old woman though. More like a 21 year old.,나쁜형사
34,"watched 11 episodes and dropped it, it was fine at the first 5 episodes but the senario get rediculous after that , the only good thing about this drama is that the female lead is a great actress",나쁜형사
35,I haven't watched Luther (original version) but I have to say this drama is really good. I never really binge watch anything but this has kept me hooked. I hope people would appreciate it more tbh.,나쁜형사
36,"first episode was thrilling, why so many bad comments?",나쁜형사
37,I like it...i think they are not appreciating it on its on but comparing it to the original.... I like this drama and look forward to it every week while enjoying season 5 of Luther and like the fact that they made it their own so i dnt knw what to expect.,나쁜형사
38,this drama is kinda bad but Lee Seol is too pretty for me to drop it. and her outfits? damn.,나쁜형사
39,"Finally caught up to the last episode, this entire ongoing plot is just getting ridiculous.Makes me we wish for weekly cases/episodic cases instead,",나쁜형사
40,I didnt know about this. Is it good? Is it episodic like a new thing each episode or a continuous ongoing plot? Romance?,나쁜형사
41,"No main romance, might be a chance for sub-romance (non-main leads). It's a combo of episodic and continuous ongoing plot, but mostly ongoing plot. The original TV series it is based on is episodic (homicide cases), with tiny bits of ongoing plot.",나쁜형사
42,"I love Luther, first season is like one of the best TV I have ever seen.hopefully, the Luther-Alice relationship is re-imagined here. It's what made the first season of Luther one of the best imo.Edit* I didn't like the part where they met before (she is a reporter).edit 2* where does ""alice"" income come from? she chose to become a lowly report in this lol.  That girl's name sounds like Beowulf",나쁜형사
43,i’ve seen the original luther and it’s one of my fave show of all time but this drama is still  good imo. they changed enough stuff from the original that it’s not boring like ur watching the exact same thing. lee seol is amazing she plays my fave character in this show.,나쁜형사
44,No episodes this week?,나쁜형사
45,Asking the same question. Well Happy New Years anyways!,나쁜형사
46,No but S5 of Luther just released! :))!!,나쁜형사
47,"Haha, yes watched the 1st episode!",나쁜형사
48,Applause for lee seol such a fab actress!,나쁜형사
49,Ikr she is awesome,나쁜형사
50,"She is, hopefully she gets more good roles in the future",나쁜형사
51,"Park Ho San is really a talented person , I hate him ( in the drama) hahaha",나쁜형사
52,Holy crap! That scene with Tae Seok and Sun Jae taking back the diamonds at the end of ep 16 was so badass!! loved it!!,나쁜형사
53,I really love with her character in Less Than Evil drama!,나쁜형사
54,i wonder if they’re gonna keep the romantic connotations between luther and alice.......,나쁜형사
55,"Not sure about the original Luther, but I came into this as I went into watching Life on Mars, with the expectation that it would be different. If you can put aside your previous biases and keep yourself from constantly comparing the two then you might like what you see. The psychology of this story is interesting enough to keep me interested and I'm really digging the blatant disregard for personal space.  I can also see some users slamming Baro as well but I don't find fault in his acting skills here. His character is believable which is why I'm continuing to watch it. If I start to see Baro more than his character then I'll stop watching but until then I'd say he's doing a decent job.",나쁜형사
56,Watched first 8 episodes and love it! People not giving it a fair chance but its a good drama don't be deterred by people actor bias!,나쁜형사
57,"As a big Luther fan, this is Luther light; however, as its SK brand, it is doing a great job in translating the nuances of Luther. On regular TV, I'm surprised this made it past the family censor board. Sorry, not sorry but this is GOOD!!",나쁜형사
58,"As a Luther fan, this drama can never compare. Luther was such a unique brilliant drama that should just stay as such and no remakes. So I don't like this. The main leads are none of Luther and Alice. It's barely a remake. I would have liked it if Luther wasn't involved... Sigh",나쁜형사
59,"That's why I said it's a LEGO version of Luther, Shin Ha Kyun acts more like Grouchy Smurf than Luther (wearing the same coat doesn't help)  and that idol Baro should be kicked out of the acting industry! seriously!",나쁜형사
60,Baro has done just fine with his various acting jobs - he's doing what's required of him here.  I think SOME people just see an idol and assume they will be bad :(Shin Ha Kyun always does an excellent job whatever his role.  I've not seen the original so have to just accept your judgement there.  I will agree that Idris Elba is certainly a LOT hotter than Shin Ha Kyun....they both are great actors but I give Shin Ha Kyun the edge there.,나쁜형사
61,"@TeleriFerchNyfain I really loved Luther. It was a really dark, smart and edgy tv show. However, I understand that this is a remake with an SK bent so I will give it a chance. Also I think Baro is a pretty good actor. He was really good in God's Gift - 14 Days. I agree with you on people automatically thinking idols can't act.",나쁜형사
62,"@kyuubi I enjoyed watching ""God's gift"", Yes Baro was able to play the character as a stereotypical “Retard”, not a taxing role, besides some quirks he doesn't have a lot to convey.  And after watching ""Eyes closed"" where he plays the main role, and some episodes of ""less than evil"", IMHO Baro has already reached his acting limits in God's gift. Me referring to him as Idol was coincidental.",나쁜형사
63,"@Merong Firstly, I wouldn't say he was completely stereotypical as autism (I'm going to say autism and not the ""r"" word) is a spectrum. Having a brother who is autistic and meeting  different people on different ends of the spectrum, I would say that the character he portrayed can be seen in real life. Also  I think acting in general is pretty hard, and that it's especially hard playing someone with a disability, be that mental or physical. You may have thought those quirks weren't much, but I still thought it took a lot effort. For that, I'm going to give him his props. Secondly, I haven't seen him in anything since, so I'm going to watch this with a fresh pair of eyes and see how good he is.",나쁜형사
64,"@kyuubi Allow me to rephrase my previous comment so nobody conflates my criticism of Baro acting, with my opinion about actual people on the Autism spectrum: Baro portrayal of a developmentally disabled person conforms to a widely held but  oversimplified image of the latter, nothing out of the ordinary, so to me saying ""He was really good in God's Gift - 14 Days"" is like saying ""the boy that played the role of grass in his school play was a really good actor.""",나쁜형사
65,"@Merong I feel like you're really over simplify his role in the drama. Yeah he was a supporting character but to liken him to grass essentially a bit part status is a bit much. Again, I haven't seen him in anything else and to me, based off what I have seen, I believe he is a good actor.  An actor can be good in one drama and maybe not so good in another drama. And as I've said numerous times I haven't seen him in anything else, so I'm going to judge him fairly when I watch him in this.  Let's agree to disagree.",나쁜형사
66,"Looks like a LEGO version of  the british crime drama ""Luther"" starring Idris Elba.",나쁜형사
67,Compared to other crime dramas this one lacks suspense and has too many plot holes. A lot of good action scenes to keep you entertained throughout the episodes though. Just wished that the lead would be a bit less awkward with some of his acting and facial expressions.,나쁜형사
68,Finally a good crime drama ! First four episode were great!,나쁜형사
71,Me too! I saw luther yrs ago sobi am so excited to watch this!,나쁜형사
72,"Same here. I just watched the first episode of Luther the other day and found it awesome. (Plus Idris Elba and Ruth Wilson were so hot, and I wanted them to make out with each other.)Based on one episode alone, I think Luther is better, but Bad Detective isn't bad (no pun intended). I'm planning to watch both, and I'm sure I'm going to enjoy both as well.",나쁜형사
73,what a episode (2)just Beatiful,나쁜형사
74,"great drama even thought some scene are gross and brutal.   Reminds me of  the drama ""Bad Guys"", it has the same feeling and intensity.    The lead guy here is doing a great job, not sure about the female lead though,,",나쁜형사
75,This is off the charts!! I'm still amazed this is on network TV!! And where did they find this newbie to play Eun Sun Jae?!!  She is AWESOME!!,나쁜형사
76,She beat 300 other people at the auditions,나쁜형사
77,She has impressed me!!,나쁜형사
78,@NewKDramaAddict That's what I've been hearing. Haven't started though. Can't wait.,나쁜형사
79,Voice 3 team formed (without superpower) ?,나쁜형사
80,The first 4 eps are legit top tier. Would 100% recommend,나쁜형사
81,so I lived under a rock and have never seen the original. Could someone be as kind as to say something more about the plot? Is it a case-of-the-week or one huge story? Is that woman insensitive to her own death an antagonist main guy chases or rather some kind of a partner?,나쁜형사
83,The bar is set super high from the UK version so I hope they can pull through and make this worthwhile.,나쁜형사
84,A Korean remake of Luther?  COOL!,나쁜형사
85,i hope they make something different because cases are too similar to luther series,나쁜형사
86,"According to Nielsen Korea, “Less than Evil” recorded 8.6 percent during episode three and 10.6 percent during episode four. It was not only the No. 1 drama in its time slot, but also succeeded at doing so by achieving double-digit ratings within two days of its premiere. - Soompi",나쁜형사
88,"Really good first episode, super solid all around!",나쁜형사
89,that was aperfect first ep i have ever seen go ahead and watch it guys,나쁜형사
90,They did the sexiest man alive dirty Shin Ha Kyun is a good actor but not near as close to  Idris Alba's charm & talent,나쁜형사
91,luther is one of my favorite show song of all time so i really hope this is good,나쁜형사
92,"Haven't watch it yet, but I loved the series Luther. I will for sure give it a try, but I may  look at it more closely or in a harsh light since the original show is so friggin good.",나쁜형사
93,"This will be really hard to watch since Luther is  a very dear character to me. And honestly, Shin Ha Kyun is nowhere near Idris Alba in my eyes. Plus I don't really trust kdrama writers to make this at the levels of UK drama.This will always remain Less than LUTHER.",나쁜형사
94,it's a really good first episodealthough there some cliches but still it's  very good for now,나쁜형사
95,Shin Ha Kyun playing a morally ambiguous & machiavellian role? Count me in.,나쁜형사
96,"I've been living in the UK for 15 years. Haven't watch any ep of Luther. But now that I've seen it remake by an asian production I'm like ""it looks cool. let's add it to Plan To Watch"". What kind of biais is this?",나쁜형사
97,Luther is good. But people not giving this one a fair chance bc of the actor Idris which i think is unfair...rate the drama not ur bias for an actor. I watched luther full series yrs ago n found it awesome but i also find this awesome. So give luther a go u wont regret it ...watch each based on their own merits and u will find it enjoyable instead of actor bias.,나쁜형사
98,"HAHAHA! I think you anderstanded me wrong. I LOOOve Idris Alba and seen most of the movies is in. He is not the reason I didnt' watch Luther. I didn't watch because I don't like the detective genre so I didn't took the time to read the synopsys LOL. But now that I read it here, I might be incline to giveit a try.",나쁜형사
99,omg the poor cat from the teaser O.O,나쁜형사
100,super excited!,나쁜형사
101,Based on a series of the same name? The original is called Luther...,나쁜형사
102,"Kdramas have multiple titles, one of this show's other title is Luther",나쁜형사
103,Which doesn't make sense either because they changed the main character's name.,나쁜형사
104,"COMING SOON TO VIKI (regionally licensed ~ check the link to see if the series is licensed in your region).Shin Ha-kyun, Park Ho-san, and Cha Sun-woo cast in crime drama remake of British TV show ""Luther"". The crime drama is scheduled for October on MBC network.https://www.viki.com/tv/36238c-bad-copTitle Request Form:  https://vikiinc.wufoo.com/forms/z1ovcsxe011lqq2/Edited November 25th",나쁜형사
105,"This is great news! Shin Ha-kyun was wonderful in ""Pied Piper"". The MBC drama is supposed to premiere in October following Jang Hyuk's ""Bad Papa"".http://blog.asianwiki.com/korean-dramas/shin-ha-kyun-cast-in-mbc-drama-series-lutherAnd Baro is considering a role.https://www.soompi.com/2018/08/02/b1a4s-baro-talks-role-luther-remake/",나쁜형사
106,"I wonder who there going to pick as the Alice, since she was a murdering sociopath",나쁜형사
107,if only this was picked up by ocn...,나쁜형사
109,It is picked up by MBC.,나쁜형사
110,@Ceki That's right and Baro is considering a role.https://www.soompi.com/2018/08/02/b1a4s-baro-talks-role-luther-remake/,나쁜형사
111,OCN makes the best mature shows.Not everyone likes things light and fluffy.,나쁜형사
112,OCN didnt make this dramaMbc Did,나쁜형사
0,A more or less faithtful adaption of BBC's Luther that makes no bold leaps Although not as impacting as the original series Luther the main plot of Less Than Evil is an adaptation of BBC's hit that remains more or less faithful to the core elements its main characters and some of the stories and plot lines featured in Luther but altered to match the south Korean underworld For new fans this will be an interesting experience at least the first half while for older fans who have watched all the seasons of Luther you are not going to be surprised by anything in particular Special mention goes to Lee Seol for her portrayal of Eun Sun Jae even though she got much less screen time than the leading male actor which is one of the main flaws in my point of view of Less Than Evil Still every time she appears it becomes very clear that Lee Seol and her character are one of the main reasons why you should watch this show Shin Ha Kyun's role as rough 'n' tough no moral compass detective may edge around overacting but he just as the support cast were well picked for their roles and matched well the story there set in Less Than Evil has a soundtrack that fits perfectly its procedural crime world investigation while shifting to more sombre soft tones during more emotional heart wrenching scenes The main song by BLACK NINE is really good Only the scenes involving Eun Sun Jae are worth revisiting everything else amounts to run of the mill detective stories so nothing particularly memorable The ending itself is left on a very vague note which may imply a second season Read More,나쁜형사
1,High Paced Intriguing Captivating Intense This drama made minutes feel like It was so good I loved it It kept me very focused on the plot and characters I appreciate how the psychopaths are represented and how all the corruption is shown It had a story with multiple points of separate villains Yet still kept a main large mystery throughout It's very cool to see how all the relationships characters evolve I had high hopes for this drama when I read the plot the actors I was in no way disappointed Even the way they tied up everything in the end Just Highly recommend it I would rewatch it numerous times I kept my usual spoilers out of the review Just so many little mysteries that just get revealed so well all throughout It's like every box you open episode watched theres another box with more information and clues that leads to more and more Hands down I love this show Only found out later that its based on another TV Show called Luther I will probably be biased towards this version though so theres that Sara Rojas MARCH Read More,나쁜형사
2,Started to watch the series cause I needed some dark themed action filled crime drama cannot say that I did not get what I've wanted I love stories about serial killers both fictive and real ones so I had expected that this series would fit me quite well and it did The soundtrack could highten or lower the impact a series can give me and I was very satisfied with this OST it matched the series well and I could listen to Son Seung Yeon's song on and on One of the serial killers in this series particularly made me feel amazed bank teller The revenge plot only added to the series Still I cannot say that this series became one of my favourites of all times simply because the story wasn't so exceptional and I would've loved to see more of the crime squad member's personal life not just the main character's Detective JCM's character was missing its behind story it felt like he was abandoned by the writer It would have been great if det Woo would've been a little more vicious at times after all he is supposed to be the real bad cop My favourite scene was the one when JHM fell and I expected him to die on impact but he seemed like he had supernatural powers and risen from the dead too many times I can understand that his presence was much needed to continue with the plot but still enough is enough he was like a damn phoenix and the shows effect of credibility suffered because of his repeated revivals I did not watch Luther nor I intend to do so so I could not compare the two series Read More,나쁜형사
3,Good storyline and the episodes towards the end was quite thrilling The main back story behind the characters were beautifully unfolded Shin Ha Kyun played a powerful performance as a ruthless detective,나쁜형사
4,A Good thriller,나쁜형사
