,reviews,title
0,"Wow, the pacing here just... isn’t it. Everything that happened in the 12 episodes felt empty, no real development or meaning to the actions and reactions given. Too much rushing for a series this long. Smh unfortunately another drop for me.",녹두꽃
1,Absolutely loved it. This definitely should have a higher rating but I guess it's not the kind of drama that's very popular internationally,녹두꽃
2,Heavy  romance?,녹두꽃
3,I wouldn't say heavy but it's there. Both brother have a love interest but everyone is kind of busy on other things at some point,녹두꽃
5,"I rarely watch historical dramas and this was truly the best one I've watched. It was really refreshing to see one from the point of view of the common people, most dramas usually focus on the royal family. Great acting from all the cast, Good to see so many diverse female characters as well. I found YSY's acting a little hit and miss especially during the latter part of the drama, his facial expressions were a bit over the top but otherwise a great drama, you keep watching even when you know how it will end.",녹두꽃
6,"WAR COMES FROM HATRED BUT REVOLUTION COMES FROM LOVEi loved the dialogues n quotes from the drama. Its amazing to see how world has changed completely .I see revolution i jump ryt in n m a fan of historical kdramas. I dnt know much about korean history n peasant revolution but as one of the colonized countries i cud feel them.Although so many coincidences in the drama n few scenes were out of place which turned me off i still loved the drama n connect with characters. Martyred will never be forgotten. I feel sad that they dnt make such great drama in my country, there is no chance korea will make drama on my country but i think dramas r easy way for people to know their history n keep them reminding of their roots.Underrated but its no surprise i never trusted other ppl judgement n ratings but really good dramas n one of the best historical kdrama.Yoon shi yoon is an amazing actor for sure,he was even better here than psychopath diary, i cud only see him all over the place n his journey , he played the character very well. He looked really good in traditional clothing.",녹두꽃
7,The rating doesn't justify its worth. This is definitely one of the better sageuks out there!,녹두꽃
8,Most best historical rated kdrama I’ve seen so far with amazing casting crews and have to say what a tragic ending ;(,녹두꽃
9,"One of the historicals that needs more recognition. This doesn't deserve an 8.2 rating imo. Cmon guys, watch it!!",녹두꽃
10,This drama was purely amazing,녹두꽃
11,"what kind of rating is this mannnnn, this must be the best historical drama with war theme I've ever watched. Even though i am not a big fan of historical film but i still manage to watch a 24-episode-long drama without skipping too many parts.I love how they set the drama so similar to the reality, it's not a drama telling the story of a famous person, a winning match, it's just about farmers who stand up to fight for their beloved country, to get their right to live in a world where there is no class, people are people, everyone will be treated equally. It's so emotional watching the battle of Ugeumchi, this is the first time I've cried watching a war-theme drama. I wouldn't say too much about the Japan-South Korea relationship though, but The Nokdu Flower reminds me a peasant revolution in my country that I was taught when I was in high school, if only my country could make a masterpiece like this, history wouldn't be a dull subject at school anymore.The acting is top-notch, i love how they keep the romantic element balanced, either too much or too little. However the last episode seems to be a little bit rush, it's like they're trying to put everything in an ep to end the drama ASAP.",녹두꽃
12,Ep 12 and God! Baek Yihyun disgusts me to death.,녹두꽃
13,"Man honestly I didn’t think the Koreans still hated the Japanese so badly, but they fucking must XD they make them look like the biggest sociopathic murdering assholes in this. I mean think or imagine what you will, but I doubt that any army after a battle is won goes walking through the mountain of corpses they’ve left while laughing maniacally. I thought this show only covered the Donghak rebellion, when I realised it would cover the first Sino-Japanese war as well I immediately also realised that this is not going to have a happy ending in any way…",녹두꽃
14,"Think about how Nazis or Russians are used in Western movies. For Chinese and Koreans, that´s Japanese.",녹두꽃
15,"To be fair, I understand, because what the japanese did to the korean and chinese was really awful, from the occupation in 1910 to the end of ww2, they committed civilan massacres, forced prostitution, cannibalism, experiments on prisoners and more, war is always awful but they took it to the next level, really laughing at your dead enemies doesn't seem that far fetched",녹두꽃
16,"It’s not about the war crimes they committed, I’m from Croatia so I’m not unaware of the fucked up shit ppl do during a war. But I also know from personal knowledge of being in a war zone for over 2 years that those stories you hear are definitely true but they are also far and few between. Of course there’s going to be sadistic sociopaths in the military it’s a job that’s perfect for them, but most of the humans in that job are just people and trust me they react like anyone else in extreme sadistic and tortured situations. My point is that yes the Japanese did fucked up shit, just like the Serbs did to us, but that’s about 10% of them while the other 90% in their units just wanted it to end… And if I remember correctly, every single Japanese character in this show was a total psycho. I liked this drama because it was accurate and most importantly it didn’t need to exaggerate anything, yet they still chose to portray every Japanese character in such an exaggerated way. I haven’t seen a recent western movie that portrays every single German character in it as a sadistic nazi, sure they might have a few or even a whole unit but not every single one… it was just a disappointing aspect of the drama considering that it managed to be so grounded compared to what K drama is usually like.",녹두꽃
17,"@Yian Ji Korean dramas tend to reinforce very one-sided and nationalistic readings of history, especially when it comes to Japan and the period of Japanese occupation. That's a symptom of the issue that Korean-Japanese relations haven't really recovered since the first half of the 20th century, so anti-Japanese attitudes and stereotypes are how Koreans cope with the fact Japan has refused to take responsibility for its historical actions.Unlike Germany, whose government has made efforts to take responsibility for the crimes of the Nazis and acknowledged them as evil, for example, modern Japan has a very complicated relationship with its imperial past and still refuses to acknowledge many of the war crimes it committed in Korea, China, Taiwan, etc.All this is to say that I agree with you that fictional depictions of Japanese characters in Korean historical dramas tend to be very two-dimensional, cartoonish & naively patriotic (in the sense of justifying Korean patriotism), which points to the larger issue of blind nationalism in Korean society, but also Japan has refused to apologise for many of the atrocities it committed, so it's hard for Koreans to move on and reexamine the past critically/objectively.",녹두꽃
18,"I know everyone hates Yi Hyuns character in this but it’s just such a well written character guys! There’s actual deep and meaningful development! He starts out so idealistic and is slowly torn down by reality until he turns into what he used to hate. And it’s done so well, not in an overly obvious arc where you can tell right from the start that he was going to turn out like that. I was convinced he would be one of the good guys in this drama, right up until he did something super fucked up. This is something that’s done incredibly well in this drama, you can never tell where characters will end up or what they will do when put under pressure. Honestly I’m so surprised by how well this is written.",녹두꽃
19,"Man I’m only on like ep 4 of this and it’s already spectacular, just fucking mind blowing. Honestly I didn’t know the Korean drama industry was capable of making something this good. The serious tone of it works so well with their brand of humour too, and this show has just enough of it every now and then for it to really make you smile and appreciate how it’s used. Like I started this for Yoon Shi Yoon but Jung Suk is stealing every scene from him XD I’ve only seen him in hospital playlist and like he’s fine in it everyone in it is fine, but the show is kinda to relaxed for anyone to really show of acting skills, but this drama is like a showcase for skills XD anyway he’s very good in it.",녹두꽃
20,What an emotional rollercoaster. I cried when General Nokdu photographed after his trial. It felt so real thus so heart wrenching to see. Kudos to all the actors :'),녹두꽃
21,"as of today, not on Netflix/US",녹두꽃
22,Now it is available on YouTube.. you can watch there,녹두꽃
25,@Piya_fangirl_of_yibo Thanks! Just checked. Got this msg: 72 unavailable videos are hidden!,녹두꽃
26,"This was really a drama of one kind. To begin with there were so many heart wrecking scenes and the cast was just the perfect one. The story is just down to earth and realistic and it really took into account real facts.Especially I liked how they ended with a pessimistic but a positive note. It was really sad that the leader died, but he never regretted not surrendering himself. It was not really the ending of the movement, but actually the beginning of a journey towards the boundary that divided the people from themselves.",녹두꽃
27,"when master choie died, han yeri crying scene breaks my heart into pieces, it amazes me how someone can cry like this while he acting, it was like she was suffocating with deep pain that torture her, this is the most remarkable scene in the last few years for me",녹두꽃
28,"Is there any korean historical drama that have ""WAR SCENES""  like this drama?",녹두꽃
29,Emm please do check out Six Flying Dragons & Rebel: Thief Who Stole The People. Lots of great fighting  & war scenes. I hope you'll like them as much as I do.,녹두꽃
30,"han ye ri was a phenomenal as song ja in, I know her from age of youth but I never liked her acting and didn't look for her dramas so imagine how I was surprised by her acting here, she is my new favourite actress and to be honest every time she cried here I cry with her, I'm starting to bing her dramas and movies now",녹두꽃
31,Please give my unfamiliar family a chance! It's a really heart warming drama and yeri is fantastic in it,녹두꽃
32,"its the second thing i did after finishing nokdu flower, it was a heart warming story with a spectacular acting from yeri and the rest of the cast",녹두꽃
33,I hope it comes to Netflix in the US. It isn't there yet. It is always disappointing that I paid extra for Viki Plus Kocowa but they dont put all their content on Viki.,녹두꽃
34,"Hi, you could use a VPN and set it on Europe. I am in Europe and can watch it on Netflix. My usual VPN setting is US and I couldn't see it the other day.",녹두꽃
36,Coming to netflix UK on November 10th,녹두꽃
37,Great news. Thank you for sharing.,녹두꽃
38,"No problem, I also think it will be added for whole of Europe too (:",녹두꽃
39,"this drama is really well made and really great, but painfully underrated.  jo jung suk nailed his roles as always ><i hate yi hyun sooo f much, he is like, the worst of the worst.",녹두꽃
40,Some one gotta add Minari here in Mydramalist. Need to spread the word so that more people will watch and admire the beauty it is.,녹두꽃
41,Haven't watched it yet!,녹두꽃
42,This drama is so well made. Like Mr. Sunshine.,녹두꽃
43,"i don't like an historical genre, but i'll give it a try just because yoon shi yoon",녹두꽃
44,whats your thought on it ?,녹두꽃
45,"still on episode 1 because i don't have a mood to watch this, but it's kinda okay",녹두꽃
46,Have been wanting to see this one so I decided now is as good a time as any to watch it. Usually SBS has their dramas up for free but this one happens to be one of the ones that costs! might be a while before I can watch it.,녹두꽃
47,A meaningful and highly entertaining drama about fighting for basic human rights. Considering the worlds current affairs its only fitting to watch these kinds of dramas! BLM!!!!,녹두꽃
48,This is probably the most underrated series I have seen. It is truly a masterpiece.,녹두꽃
49,This underrated gem won award in the mini series category in 2020 New York Televisions and Festivals award. Hurray!,녹두꽃
50,"So this was simply robbed of awards. It's so sad. If any drama deserves to be recognized, it's this. I'm so disappointed in Baeksang Arts Awards. You just cannot talk about good dramas and overlook this masterpiece.",녹두꽃
51,"I am so happy to see the rating slowly but surely rise! When it was on going, it was only 8.2/8.3. Now it is 8.5. Would love to see this one reach a 9 like it deserves - unlike other dramas that have an undeserving 9.",녹두꽃
52,Nokdu Flower OST (Complete) (English Hardsubbed): https://www.youtube.com/playlist?list=PLIDckZuI0IdWUMTPVQSsDZx58fQLJFgGV,녹두꽃
53,"As always, this kind of drama always amazes me. I skip watching this because I'm not in the mood. but still, give it a chance so, in the end, I love all the casting and the main cast! especially to Yoon Shi Yoon! he's always the best. can't wait for his 2020!",녹두꽃
54,"There is something I dont understand... why was it a bad thing to be an ""official"" at those times? Could someone who knows explain it to me please? Or is it just a mistranslation?",녹두꽃
55,"It's less that there is something bad about being an official in itself. Rather, the officials of this period are overwhelmingly corrupt and abuse their power. The main character's father is a particularly flagrant about it.",녹두꽃
56,"I see, now I understand thank you for answering :)",녹두꽃
57,"It's a middle class position during pre occupation period. His father wants him to be a minister (noble/aristocrat position) that's why he doesn't want him to be an ""official"".",녹두꽃
58,Thank you for answering on my question <3,녹두꽃
59,"Sad and disappointed, Siyoon did not win the SBS drama award, yeah, ,,,,,,,, Indeed, he was only a second lead, but his acting and role was extraordinary, and at least the one who became Jenderal Nokdu should also at least win the best supporting award, they really deserved to win it ......",녹두꽃
60,"The Nokdu Flower is such an impactful, rich drama with great characters; I am disappointed too. Yoon Shi Yoon did amazingly well.",녹두꽃
61,"To be honest, to me Yi Hyun is the best character Siyoon has ever played, this role is not unusual for him, in his last 3 dramas, he seemed to play a double role ,,,,,, we know, all this time he played a lot of funny roles, So i was disappointed........",녹두꽃
63,"Me too, at first.. I thought he is the man lead of this drama.. but he is a second lead .. but he is deserving to won atleast supporting actor .. I dont know, why they dont choose Yoon Shi Yoon.. Hoping, soon.. it will not happen again .. and hoping he is man lead soon.. He is a best actor as far i know.. When I watch this .. I really amaze his acting.. superb!",녹두꽃
64,He's main lead. Both JJS and YSY are main leads. That's how they were introduced. Being a antagonist  doesnt mean he's second lead.,녹두꽃
65,"@grooty True, they both had about the same amount of screen time",녹두꽃
66,"Me too, .",녹두꽃
67,I hate Yi Hyun so much!! He acted like cared about Yi Kang and his mother  yet the minute Yi Kang finally has a purpose in life he tries to destroy it.,녹두꽃
68,"I thought 24 episodes (48 30min chunks) would feel long even for a sageuk drama, but I couldn't get enough. Each actor portrayed their character exceptionally and there were so many layers in this drama, I wish it didn't end.",녹두꽃
70,"Baek Yi hyun dies at the end, but Baek Yi kang survives and has a happily ever after",녹두꽃
75,Sadly it's not available for my country :(,녹두꽃
76,Is there a strong love story in this? I usually need a love story to follow along.,녹두꽃
77,"There are two love lines. They are not the drama's main focus, though.",녹두꽃
78,Where do you watch it?  I can’t find it on Viki or Netflix’s.  Thanks,녹두꽃
79,I'm watching it on Viki. In US,녹두꽃
80,It's on Viki. The Tale of Nokdu Flower.,녹두꽃
81,"This appears to be a different drama than The Tale of Nokdu which is on Viki in the US. I'm not sure where this is playing in the US, but I'd love to watch!",녹두꽃
82,"@Ashelynn oh you are right, sorry.",녹두꽃
83,It is on Kocowa too,녹두꽃
84,Thank you!  I will check it out!!  Merry Christmas!,녹두꽃
85,It's been a while since I watched a very good historical drama. Recommenced!,녹두꽃
86,does it have happy ending plz never mind to spoil for me clear answer and thanks in advance ;),녹두꽃
87,"Well for me it was happy ending somehow, it was sad at some point too SUPER SPOIL DOWN THERE Baek Yi hyun dies at the end, but Baek Yi kang survives and has a happily ever after..",녹두꽃
89,"im glad, the fact that all the comments here are positive. this is a very meaningful drama. so, im disappointed in you guys who didnt watch this drama... how could they miss this good drama. the only thing lacking is a low rating.",녹두꽃
90,The plot is quite similar to Grand Prince! Is this some sort of a remake or sth??,녹두꽃
91,"The only thing they have in common is that two key players are brothers from each other, however there is no love triangle,  is setting place in an entire different era and is not about a royal family.",녹두꽃
92,Thx for the explanation,녹두꽃
93,"All the characters' storyline is the best edge in this drama. Every single character was given a moment to shine not to mention there's only like 1 hr for each episode. Kudos to the writer for excellently giving each character's complexity a big role in this drama.  And let's not forget how the cast did a great job portraying the roles. Best saeguk of 2019. People, do not sleep on this, jebal.PS: i am not really a fan of YSY but he impressed me well with his acting and role. It was super convincing I loathe him and cried with him. What a wonderfully-written character. Kudos.",녹두꽃
94,"This is definitely one of the best dramas I've ever seen, I honestly could not stop crying.  Kudos to the writer.",녹두꽃
95,i agree wholeheartedly - I only have two episodes left and I don't think there are enough tears left in me to finish.  I will push on and continue to cry - aigoo aigoo.,녹두꽃
96,rewatching this breaks my heart. Yi Hyun and Yi Kang smiling so freely.,녹두꽃
97,The best drama of 2019. I will remember Nokdu general and his fighters forever. And definitely this drama deserve more love and higher rating. ♥♥♥,녹두꽃
98,It went from 8.0 to 8.4 yess!!,녹두꽃
99,"Glad to see the rating go up finally ! But still deserves more, ONE OF THE BEST !",녹두꽃
101,"For something this serious, it has the most baffling comedic timing, complete with a crowing sound effect. /What a ride though! What a powerful, grand drama. One of the best.",녹두꽃
102,"The best saeguk drama so far. Who wouldn't love this one? All characters have perfectly portrayed their role. For those who are planning to watch it, I swear you will not regret it. Interesting. Intense. This drama is not that typical historical drama, it is too poweful and meaningful. It is 10/10 for me.",녹두꽃
103,"From all of the dramas that I have watched for him, Yoon Shi Yoon's character here as Baek Yi Hyun was by far the best one in my opinion. He carried out that role masterfully and his character left a big impression on me; now I just want to see more of Baek Yi Hyun but in a much less tragic context!",녹두꽃
104,"I'm not a fan of 'sageuk' films, and I've only seen few dramas/movies of this genre.Usually, I'd find it boring by the 10th or so episode as they either; have no strong, captivating characters (or poorly played); ridiculous plot with absurdly foolish characters; slow or long; too political or fixed around romantic interests.The Nokdu Flower is  first of its genre to successfully have me completely smitten by both characters and story. And it's the opposite of everything I found boring.Interesting, complex, characters with their own virtues and demons, stemming from their separate upbringing.Great balance/pacing between political and romantic/character developments. Nothing felt forced, everything happened naturally. No matter how awful the character's actions, though arguably irrational, they're surprisingly justifiable.Incredible acting from such a great cast. Though I initially watched this for Jo Jung Suk and everyone did amazing, I'm especially in love with the FL.Honestly, I don't know why this drama only has a rating of 8.3, because it's a 10 on my list.Unfortunately, every good thing do end. Still, I shall gleefully finish the remaining episodes.",녹두꽃
105,"Bravo! Nokdu Flower is one darn beautifully constructed story. Set from what I initially thought was another superficial period piece, it blew into a profound historical experience. From Donghak to Sino-Japanese war and ended with the appearance of the great Kim Gu. After all those humbling episodes, his name being mentioned for a mere few seconds was monumental. Flushing all the pain and restoring hope,  pride, marking the start of an unforgettable movement. Manse!",녹두꽃
106,"I am so happy to see new viewers comment so favourably about this well-crafted drama, which was also a beautiful experience. Vicariously experiencing those people's struggles is humbling, isn't it?",녹두꽃
107,"amazing drama the best this year, one of the best historical drama over all, every thing was amazing the way the tell the story of a  Revolution from normal people view and the leader view at the same time without you feel it's so hard to follow they even make me want to know more that i searched about it and now i learned a new things, and the give use the fun friendship , brotherhood, love stories and i loved loved how the brothers represent the people at that time and that even the Traitor or villain at that time is the result of the frustration and cruelty of the world around him. not just because that they want to betrayal their country.",녹두꽃
108,"Wow, all I can say is that this was an amazing saeguk. Very dramatic and touching and so beautifully acted and written. Definitely one of the best dramas of 2019 so far. Higly recommended if you are not only looking for romance but for a deep, intense moving story about how weak people can become strong through their beliefs and willpower.",녹두꽃
109,"None of the lovely commenters here told me I will need tons of tissues while watching this drama. My god, my eye is still puffy.  Jeon Bong Jun made me want to join the Donghak movement.  My favourite scenes were between him and Yi Kang. This is a great drama watch it if you can, just be ready for the tears.",녹두꽃
110,"Jeon Bong Jun and Yi Kang definitely had memorable, heartwarming interactions!",녹두꽃
111,It was the best. :),녹두꽃
112,"Just one word: Masterpiece. Stellar acting, amazing writing, an epic tale about two half-brothers becoming at odds with each other, fighting for their beliefs in the midst of those ever changing turbulent times. Yoon Shi Yoon as Baek Yi Hyun was my personal favorite but everyone was fantastic and delivered  top-notch performances. Best sageuk of 2019 and will easily go down as a favorite of mine for this year. Final rating: 9.5/10 <3",녹두꽃
113,Is there any romance between Baek Yi Hyun and Song Ja In? Please tag your answer as a spoiler! Thanks in advance!,녹두꽃
114,"No, there's none...the romance is between Baek Yi Kang and Song Ja In.",녹두꽃
116,@Levichan,녹두꽃
118,"Bridging from personal stories of two half brothers to the historical Donghak and Sino-Japanese war made this drama far more interesting. If you know Korean history, you'll have an idea where this story is supposed to go. I have four more episodes left, so I am bracing for the inevitable...",녹두꽃
119,Spoiler please.. Is it a happy ending?Whom did Song Ja In end up w?How did the brothers' relationship end?Thanks so much!,녹두꽃
120,Her love interest was Yi Kang and it was a satisfying ending. The ending of the drama is pretty tragic but hopeful.,녹두꽃
121,can u explain more what do u mean by tragic but hopeful i couldn't get it i dont mind ruin the end for me plz clear answer,녹두꽃
125,@NotMuch thank u so ^_^,녹두꽃
126,"What a beautiful show! 10/10 for me. This is one of the few series where I would change absolutely NOTHING. Great watch and highly recommend it! While I loved all the characters, I found Baek Yi Hyun the most interesting and really kept me coming for more. I'm impressed by the actor and hope he lands complex roles like the one here, which truly made his acting skills shine.",녹두꽃
127,Watch or no?,녹두꽃
128,I highly recommend it!,녹두꽃
129,Perfect! Thank you,녹두꽃
130,"I have been robbed! WHY were not there more Lady Hwang and Song moments in this? Gosh damn it. I am going to sign a petition for a second season. All jokes aside, this certainly has the potential for one, if they add life to the historical figures they'll add. Besides, there are still some characters left to explore, like Lee Gyu Tae. But I am content with this too. I think the second last scene has me wishing for more, especially Park Hoon as Chang Soo.",녹두꽃
131,"Oh, so Jo Jung Suk is incredibly good looking with his glossy hair. I know he is a handsome dude, but seeing him unkempt made me forget he had nice hair too, lol.",녹두꽃
132,Yi Kang fulfilled Jeon Bung Jon's wish of being a fertilizer to a field of mung bean flowers. It was a beautiful scene. And the flashback to Nokdu sharing that was a welcome one - it is one of my favourite scenes of this drama.,녹두꽃
133,"I loved how they threw in names of other historical figures of korean history lee bang won, lee seong gye.  it added such a cool touch and reminded me of SFD.Also young kim chang soo at the final ep was epic ( watch cho jin woong’s movie of him it is was awesome you’ll love him as much as jeon bong joon).",녹두꽃
134,"I was thinking where all these characters came from! Now I understand. I absolutely love how cool the scene with Kim Chang Soo was, btw.",녹두꽃
135,One of the best sagueks of 2019. Period.,녹두꽃
136,"Baek Yi Hyun is a very complex character to pull off but YSH nailed it so effortlessly! He has this straight face expression that makes u despise and sympathize with him at the same time. he's just perfect for the role. Another actor that can pull off such character is Yoo Ah In. He was brilliant as Yi Bang Won in Six Flying Dragons. they would make a great pair as siblings in imperial court fight.I find BYH and YBW to have similar traits of split personality. They are nice people but they also have this beasts inside them that can be contained unless triggered by something. sometimes i wonder if that is a disorder? Because serial killers don't  just become serial killers overnight. They have that violent traits since young or driven by circumstances. Now we can diagnose it with disorder or mental illness or stress, but those days they would just be labelled as heartless crazy men.",녹두꽃
137,"Yi Hyun did admit to being jealous of the noblemen's children and lying to Yi Knag about being beat up by them just so he could have the satisfaction of seeing them in pain. I suppose he had worked to tame that side, until his almost obsessive admiration for his teacher shattered. He did not break suddenly. It was a gradual process that began with his father feeding him with the ambition of becoming a minister, being seen as low by nobles while simultaneously wanting to be them, finding that one advantage of being in a ""civilized"" country (that is, absence of aristocracy), admiring a teacher to the point of obsession, letting said obsession become extreme hatred and opposition to anything he himself stood for, and losing hope in himself finally.",녹두꽃
138,"Lady Song, a character who has stayed in the middle throughout the show, despite her personal leanings, has witnessed the major events Yi Kang and Yi Hyun could not. I am glad a woman was given such an important role in saeguk.",녹두꽃
139,Yi Hyun losing his control when the celebrations were going on was an incredibly powerful scene. Him speaking in Japanese and wondering if he were still living in Joseon made me pity the man who used to encourage his brother to rise from his personal insecurities; the Yi Hyun I had predicted I would love.,녹두꽃
140,Yi Hyun and Yi Kang's relationship has to be one of the most tragic one's I've watched.  They went through so much.  Amazing character arcs. Round of applause for the writers of this show!,녹두꽃
141,"This drama is a gem, extremely underrated ! Do not understand why people are sleeping on this one. This is easily the best sageuk of 2019 and one of the best, a must watch ! (Especially if you're a fan of the genre).",녹두꽃
142,If Yoon Shi Yoon doesn't get an award after this I'll scream.,녹두꽃
143,"I will join in the angry screams. I am guessing Kim Nam Gil will get an award this year for the Fri-Sat slot though, for his performance in The Fiery Priest.",녹두꽃
144,"Count me in! Yoon Shi Yoon was mindblowing as the tormented soul Baek Yi Hyun, he deserves all the accolades!! Give the man an award! (he's criminally underrated)@NotMuch Yep, agree...Plus, 'The Fiery Priest' got better ratings than 'The Nokdu Flower' during its run so Kim Nam Gil is almost assured to bring the award home (not that I mind because I love the guy too but if I have to choose, I'd give it to Si Yoon)",녹두꽃
145,"Also, Lady Hwang grew on me throughout the drama. I did not find her interesting, and I was hardly invested in her relationship with Yi Hyun. However, her growth and new-found self-reliance has raised her importance in my eyes. You go, girl, and remind vermin that they're vermin.",녹두꽃
146,"Han YeRi was, once again, great in the 23rd episode. Her grief when Yi Hyun visited her was so well-conveyed. You don't have to overdo it to convey the depth of emotions. She was restraining her emotions, not trying too hard to show them, and that, someone has said before, is a mark of a great actor.",녹두꽃
147,"I think it had to come from Nokdu's mouth for Yi Hyun to think about his actions so far. He was obviously affected by his conclusions about him, and, as witnessed in his last meeting with him, wanted Nokdu to stay alive in hopes of returning the humanity to Joseon's soil.",녹두꽃
148,"Watching eisode 45, and General Nokdu always impresses me. He is so audacious. I love how he gives zero f***s that Oni is sitting in front of him. If he wants to mock you, he will; if he wants to tell you how big of a scum you are, he will. I loved how he was enjoying his food. Lmao, the scene was so funny but sad at the same time.",녹두꽃
149,"I was listening to the OST by FORESTELLA, and the lyrics are so simple yet moving. Not to mention their epic delivery. Leaves me with goosebumps, I swear.""Bird, bird, blue bird,Don't sit on the Nokdu fieldBecause if the Nokdu flower fallsThe Changpo General will cry and goBird, bird, blue birdDon't sit on our farmBird, bird, blue bird,Don't sit on our field,The southern bird goes SouthThe northern bird goes North...""[The translation isn't mine.]",녹두꽃
150,This drama makes Mr.Sunshine look bad in so many ways. XD,녹두꽃
151,"How so? I heard it was pretty good, although the reviews focused more on the great cinematography and the setting.",녹두꽃
152,I rated mr.sunshine an 8 but after wathing this i feel like that drama doesnt deserve an 8 at all (maybe because i was blinded by the bromance and Byun Yo Han then). The setting n cinematography is pretty with really good acting but that's just about it. The plot and character build ups are not as good as this one. It's hard not to compare because theyre about the same timeline. Plus this drama doesnt get the attention it deserved which is so frustrating!,녹두꽃
153,"@etcetera You are right about the attention. I think Mr Sunshine, since it aired on tvN, gained viewers based on that fact alone, because of the repute of their production. This one, however, was on SBS + is not romance focused. It's frustrating, all right *insert devastated emoticon here*",녹두꽃
154,"@NotMuch yeah i heard tvn is quite reputable. it is a pity for good dramas like this to have less attention! it is not romance focused, but the romance is pretty good too..... but that's okay at least we have a hidden gem like this every once in a while.",녹두꽃
155,@etcetera This is why i stopped rating dramas all together.,녹두꽃
156,"i loved mr. sunshine so i am excited to start this one, haha!",녹두꽃
157,"i hope romance is not your main focus. unlike mr.sunshine which focus quite heavily on romance, this has very minimal  romance. other than that  u should be excited!!",녹두꽃
158,"Can't believe the show will end tomorrow. Man, this was a long ride, and a favourite 2019 drama and one of my all-time favourites.",녹두꽃
159,Hands down the best historical drama of 2019!! I'm still scarred because of last week's episode. I swear i never cry when i watch any drama but THIS. i was so overwhelmed i had to stop watching for a bit. I knew what was coming but i wasn't prepared.,녹두꽃
160,Just started. Which brother/actor is on which side of the revolution?,녹두꽃
161,The fun is in finding that out! :p,녹두꽃
162,Enjoy the roller coaster ride XD,녹두꽃
163,"So much pain in last week's eps... which was obviously coming seeing the time period it's set in, but it's still heartbreaking to watch T_T",녹두꽃
164,"Also, a sort of unpopular opinion: Yoon Shi Yoon and Han Ye Ri have great chemistry. I love Lady Song and Yi Kang together, don't get me wrong, but Shi Yoon and Ye Ri have a potential to pull off a romance if they are paired together in another drama. It might also have to do with the dynamics of their relationship in this drama and the friction between their characters, but I absolutely love their interactions.  Don't kill me!",녹두꽃
165,I agree!,녹두꽃
166,Glad to hear that! It seems five people agree with me so far :p,녹두꽃
167,"@NotMuch I suspect more people might, but not many might be checking the comments.",녹두꽃
168,"I used to hate Lord Hwang, but he has redeemed himself. Not of his mistakes, but in his principles, and I found myselt respecting him when he said what he said to Oni. The grey and coloured division between the two was symbolic in defining who saved himself and protected their people in the end.",녹두꽃
169,"A significant part I found in this episode was when he confronted Lord Hwang, a changed man who realized his hand in destroying his country; and confronted himself, or Oni, who still refused to accept his wrongdoing, and obsessively blamed his teacher.  When he hesitated to shoot, and for a moment pretended not to possess the intention to kill him, only to shoot him later, nails his personality. He knows, deep down, he is too far gone, too involved in the fall of his people, but he wants to redeem himself in his own eyes to protect the bit of sanity left.The part of me that wants Yi Hyun to suffer enjoyed when Hwang woke him up with his words.",녹두꽃
170,Episode 22 was also sad. I can only imagine what the last two episodes have in store for us.,녹두꽃
171,"The episode 21 is so heartbreaking. But they pulled it off beautifully. I swear to God, if this drama does not get an award on major award shows next year, I will rip my hair out.",녹두꽃
172,What a heartbreaking episode this was! Yet so beautifully executed!,녹두꽃
173,"I will be honest and say I never cared much for Lady Hwang, but I appreciate the writer's thoughtfulness for her. She was not cast aside when she stopped being part of a certain someone's life. The writer chose to show more of her in her own skin, and I like that consideration.",녹두꽃
175,"There is one, but they are not as prominent.",녹두꽃
176,Thanks for answering! could you please tell me a little about them,녹두꽃
177,"@JoumanaSCS There love story is pretty tragic, you could say. Not that somebody dies, but one of them walks down a very dark path, so it becomes impossible.",녹두꽃
178,@NotMuch Oh sounds interesting..will check it out soon!,녹두꽃
179,"Is it possible to rate this drama more? It's already 100/10 for me. Goodness. Can't wait till next week, this is why i hate watching ongoing dramas. Lol For those hesitating to watch because of the lack of 'romance'.. well its here.. took them 37 episodes but its finally here. A slow burn (tbh the best) type.",녹두꽃
180,"I think the rating and overall percentage of watchers is low because of one simply thing : romanceI think someone already did an article about what people watch the most (the elements) and I think the statistics say that most of the users on MDL go for heavily romantic dramas, thus....this is the outcome?IDK just my pov",녹두꽃
181,"Why is this drama still stuck at 8.0 rating when it at least deserves an 8.6, AT LEAST.",녹두꽃
182,It’s really underrated. It is one of the best dramas of 2019.,녹두꽃
183,"Why is this drama still stuck at 8.0 rating when it at least deserves an 8.6, AT LEAST.",녹두꽃
184,"I understand your frustration, but these days I always take MDL ratings with a grain of salt. I found that most of the time reviews (positive and negative reviews) and comment section give better picture of what to expect of a drama or a movie. Whether it's good or not, whether I'd enjoy it or not, etc.",녹두꽃
185,"You are right, but then sometimes even comments tend to be toxic for some dramas.",녹두꽃
186,I use reviews and comments as a base. But I always just try the drama and see if it clicks ...at least up to 6 ep. Reply 1997 had such high praise and rating....I expected to like it....kept watching it and was waiting to enjoyed it...I sorta watch up to ep 10 and dropped it.  It was not enjoyable to me.Nirvana in fire took me 2 trys and going pass ep 2 to find me clicking with it and really enjoying it. My secret romance had all the cliche. I thought it sounds stupid. I watched it and enjoyed it.  Was it a great drama...by all means NO! Did that really matter when watching gave me such great enjoyment of the feel of falling in love and feeling giddy....not at all...many ppl would say it's trash....don't matter....I enjoyed it It really depends.....some drama either click with us or it don't.,녹두꽃
187,"Well, looking at the top currently airing shows on MDL, you could see that they are mostly from the Romance genre. Unfortunately at takes a scroll down the page to find other genres trying to squeeze themselves into the top ranking list. Not blaming it on anyone's personal preferences, but I think more people are simply looking to entertain themselves with the lighter themes as an escape away from the pressures of the day. For me, I've always loved the kind of input that allows for more food for thought/thinking processes, which is why I love dramas with historical, political, tactical/strategy, sci-fi or investigative themes. But I certainly don't mind having a smattering of romance inserted into them, as they are great for emotional investment as well. That's why you can find  Six Flying Dragons, Signal, Stranger, Chicago Typewriter, Black and Healer on the top of my ranked Watched list.",녹두꽃
188,I genuinely enjoy Yi Kang's interactions with Jeon Bong Jun. I always laugh with them if the situation calls for it.,녹두꽃
189,"Watching episode 35, and I saw hints of the angry Yi Kang. And I was glad he was finally standing up for himself. He has come a long way. I am proud.",녹두꽃
190,The cinematography really captured the rage inside him. I loved the camera angle at which they showed him.,녹두꽃
191,"The line about making Joseon ""civilized"", said over and over again, almost made me roll my eyes. ALMOST. Because that kind of reasoning (and its variations) had been used, is still used, regularly, to this day, to justify military intervention upon foreign soil.",녹두꽃
192,"And what makes the statement hard-hitting and an irony, in my opinion, is that Yi Hyun, a man who is himself been ""barbaric"" in his dealings, uses it to justify his doings. It saddens me - and makes me rolls my eyes too - that this is how seemingly civilized, sovereign nations oppress and take over other nations.",녹두꽃
193,She is an excellently written character indeed!,녹두꽃
194,"Man, Lady Song is traveling up to my favourite female characters' list. Woman! I adore your nerves and persistence. I almost want to scream, unlike my nature, ""QUEEN!!!!""",녹두꽃
195,"Finally! A saeguk outside the four corners of the royal palace. Love the portrayal and the complexities of each characters, also the way the writers focuses on the corruption of the privileged few and the plight of the poor. Im only midway through it but there's one scene that hit me real hard and made me think, wow this is what REAL saeguk should be like and not the usual plotting, bickering and killing of the royalties. That scene was when Lady Song was walking through the alleyway full of beggars and poor people. There was one lady asking for food and all they have was a dead rat. And when she gets to the official's house they were feasting and stuffing their faces with food and drinks. It's just too surreal. I actually paused for a while after it. That was POWERFUL.looking forward to the next episodes..",녹두꽃
196,And that was when I learned Lady Song was not a two dimensional character at all. You will love her soft-hearted but composed nature.,녹두꽃
197,"I already love her T_T her character is perfectly written and the actress understood her so well. Shes easily my fave, her and General Nokdu.. lol",녹두꽃
198,@SEI General Nokdu is my favourite too! And noth actors have embodied their roles perfectly!,녹두꽃
200,"@SEI Honestly, his role is pretty much main than support. Good to know I'll have someone along with whom I can gush over Nokdu's poise and class in the comment section.",녹두꽃
201,"Lord Hwang is still alive?!? I thought (rather hoped) he was dead after the slaughter that happened at his house... I hate his character, he's so despicable! Hope he will get his comeuppance in the end...His stuck-up attitude and snooty face annoy me to no end!I know we're all responsible for our own decisions/choices and actions but Lord Hwang is partly to blame for Yi Hyun's downfall into darkness. He ruined him. Yi Hyun was dragged against his will into this mess because of a family's feud and had to commit atrocities just to survive...and when he's about to suppress the monster inside him and is trying to live a normal life, his past caught up with him  and left him with no choice but to escape again...I really feel sorry for him. Yi Hyun is definitely the most compelling character of this series so far. Glad Yoon Shi Yoon got the chance to play such a multi-layered character and as usual he nails it!",녹두꽃
202,"I agree that Lord Hwang has a great role in shaping Yi Hyun, but I think Yi Hyun ended up attaching still more importance to him after he discovered his true intentions when he was drafted as a soldier. He went from obsessively admiring him to obsessively despising him - something his brother warned him about. Yi Hyun had the privilege of education and travel to guide him when he was face-to-face with the Ogre, but Yi Kang had neither. Who thrived in the end? I should not draw parallels, but this is exactly what the writer did by creating Ogre and letting Yi Kang nurture his better sense, like Nokdu did. I am afraid Yi Hyun was too far gone when he returned for the first time as a local soldier for his older brother, or the old Yi Hyun, to be able to save him. I am not sure if I can feel sorry for Yi Hyun, though a part of me still begs for the small place where his gentle nature hides to appear.I agree that he is a very compelling character! I am impressed by the writing and how each character has been made so realistic and acceptable, even with their dark side.",녹두꽃
203,"I wonder how Yi Hyun will face Yi Kang now. Perhaps he has forgotten already, like he claimed to in front of Lady Song. He is too rash, akin to an 'uncivilized' person, ironically, and maybe he desires to be the one in power. I fear Yi Hyun is too driven a man now to back down at a smaller status even if he does achieve equality in the end. Perhaps I am underestimating his ambition, but I am too disappointed in him to want to give him much credit anymore. He is a shell of a man who, just for a revenge against his Master, will do anything necessary. Understandably, he was enraged, but now, he has crossed a line. He is like his father in many aspects. But I have no complaints with how the character was written, of course, Great writing.On a lighter note, in the preview of the next episode, it seems Yi Kang will comfort Yi Hyun's fiance. That's a nice sight to see, their interaction. The poor girl is being too harsh on herself. The doing was solely her fiance's and her brother's and a bunch of other factors.",녹두꽃
204,"I was wrong about Yi Hyun. I gave him too much credit, like Yi Kang made the mistake of doing. I fear him now. We all know he is capable of worse than murder. He is too blinded by hatred, too consumed with rage.. It's funny because before I could imagine Yi Kang embodying such a role, but now they have exchanged places, with Yi Hyun straying even farther from the position The Man stood on.",녹두꽃
205,"Damn you, writer! Why are you making Yi Hyun sexier and sexier as he goes darker and darker? *melts*",녹두꽃
206,"I love how Song Ja In is not your typical damsel in distress female lead - instead she can stand for herself,  takes action by herself and is involved into the whole political struggles. She's naturally cool and calculating (traits which are usually used for males in dramas) but also has her own flaws, instead of being the perfect, nice,  Mary Sue type of female lead we've seen countless times.This is definitely the female lead I want to see in future historical dramas!",녹두꽃
207,These past couple of episodes have been one hell of an emotional roller coaster.,녹두꽃
208,This only gets better each episode. Each character is doing something - Lady Song's ability to keep a cool composure has landed her an imortant job; Yi Kang's guts and loyalty has him face to face with the King; and I think Yi Hyun's dark side will enable him to undertake tasks others would be unable to.,녹두꽃
209,"Yi Hyun has let the Ogre overpower him again, The only redemption I see for him is death.",녹두꽃
210,Yi Kang's mother is one of the best support actress role in this story...she sacrificed for his son and she is quite hard-core ;-; hope to see her acting in more kdramas as a main/supporting actress :)),녹두꽃
211,"I was afraid the plot would lose its steam after the events in episode 20, but that is not the case. I am enjoying the politics immensely!",녹두꽃
212,"Okay I watched upto episode 12 (or 24) yesterday, I have to say I hope that Yi Hyun's ""evil transformation"" doesn't end here. I know many people wanted him to become ""good"" but for me the conflict inside the character and his longing for revenge were so huge, I don't think he can control it so easily. I'm still convinced that it will backfire sometime and he will become a villain again.",녹두꽃
213,I am impressed with how Yoon Shi Yoon has brought Yi Hyun to life. Such an amazing actor! His character is the most compelling for me so far!,녹두꽃
214,His character is one of the biggest reasons why I'm watching this show. I'm so curious how he will turn out and if he will lose his humanity and sanity or keep it.,녹두꽃
215,"Me too. He's walking down the tragic hero path and one can't help but root for him and hope he doesn't stay. But his acting is also so on-point! When he got that flash of PTSD... it was AMAZING! I've only seen the actor once before in ""Mirror of the Witch"" and I wasn't impressed. He's grown a lot as an actor!",녹두꽃
217,"@kura2ninja Agreed! PTSD has existed since forever, it's just that people wouldn't have been able to define it during that time.",녹두꽃
218,"Can't believe both Korean and international audiences are sleeping on this drama! It's not your run off the mill historical drama and hard to lose interest in, especially the characters - they will pull you in. Very enjoyable, at least for me.",녹두꽃
220,"This drama has Six Flying Dragons vibes, I love it. it deserves a better rating!!",녹두꽃
221,It’s the same director.,녹두꽃
222,"The preview for episode 13 tells me that it's time for Song Ja In and Yi Kang to drift further apart. But I am glad Yi Hyun has gained sanity; however, I would have loved it had Yi Kang punched him a few more times.",녹두꽃
223,"thank God Lady Song realized where she was wrong. Not exactly wrong, per se, but different.",녹두꽃
224,This drama is so good. Why is the rating so low? ????,녹두꽃
225,"Lastly, a standing ovation for the actors. Lady Song's newly found respect for Nokdu was conveyed impeccably by Han Ye Ri - she's a polished actress. Choi Moo Sung portrayed General Nokdu's overwhelmed state with ease. Then there's Yoon Shi Yoon's ability to express a range of emotions, and lack of them. I'm in love with the cast. We're in luck, fellow viewers!",녹두꽃
226,And I'm guessing my prediction about Yi Hyun was correct. *happy dance* He has to experience the worst side of himself to its entirety. He has to embody the Ogre before he returns to embody his original identity.,녹두꽃
227,"Song Ja In confuses me sometimes. She is being selfish, entirely forgetting her part in the situation created in the 11th episode. But then, I'm also absolutely in awe of her composure. She's a breath of fresh air, for sure, albeit imperfect.",녹두꽃
228,"Absolutely loved episode 11. It was the right blend of comedy, sadness, struggles, and politics.",녹두꽃
229,I don't understand why the ratings are so low. Such a good drama!,녹두꽃
230,That's what,녹두꽃
231,"I love this drama ... great acting, directing, script, but I find myself wishing Baek Yi Hyun would die, I don't understand how he could do a 360 like that on a brother he loved so much... Episode 20 I found myself think oh no Song Ja In you're not really doing that are you... Yi Kang will hate you forever but moreover what gives you the right to try and save him by getting thousands of others killed, cannot wait for next weeks' episode",녹두꽃
232,"You mean a 180? That would out you in the opposite side. If you do a 360, it means you go back to the way you started, since you end up in the same spot having made a full circle :D.",녹두꽃
233,"Oh, and Yi Kang's mother defending herself and lashing out was EPIC! I loved that scene.",녹두꽃
234,"I have to say, I am disappointed in Lady Song, but from the looks of it, she will become a spy or temporarily work for Jeon Bong Jun till he relieves her of the duties. As for Yi Hyun, it is implied he will realize he has lost himself. I can't bring myself to like him, even if I try to understand him. There are decent and cruel people on both sides, and the only likable person from the Joseon side is Lee Gyu Tae. All I can say is, the Ogre shot the wrong person - Yi Kang is hurt, and he may do anything at this point. Talk about heartbreaking - the bro-ship sank before it even sailed. Sigh,",녹두꽃
235,"Every one is becoming cold-hearted. I guess battles do that, and this is how they die, like Nokdu said.",녹두꽃
236,"Oh gosh, why did episode 19 had to be so tragic? Ugh, I am crying.",녹두꽃
237,Is there any romance in Yoon shi yoon character in this drama?,녹두꽃
238,"there is, but it is pretty much side-lined, and less prominent than Jo Jung Sok's",녹두꽃
239,Is JJS/ Baek Yi Kang romance HEA?I almost skipped watching this drama coz I thought there was barely any romance because Romance isn't listed as part of this drama's genres..,녹두꽃
240,"@chococheese We don't know that since the ending will tell us. However, the drama is too good to be ignored.",녹두꽃
241,@NotMuch >. < sorry!! My bad.. This series hasn't yet completed til July 13th..How's the romance so far thou?  Is it quite prominent?,녹두꽃
242,"@chococheese It seems politics is more of an issue here; I would say the love lines are more of a side story. However, the focus on it when it's given tends to be bittersweet.",녹두꽃
243,"@NotMuch :'( doesn't sound like what I'm currently craving for, which is romantic historical series HEA :)* .. Haven't found any on recent kr/ch releases.. Thx thou @NotMuch for kindly answering!!",녹두꽃
244,@chococheese No problem! Hope you find what you're looking for  :),녹두꽃
245,"@chococheese @chococheese if you are looking for a romance kdrama, maybe you should consider watching 'Romance Is A Bonus Book' it was recently released this year (2019) <3 you can watch it on Netflix or online ;-;",녹두꽃
246,@nvylihudv I've watched it :)) hehe..  Thx thou for d suggestion,녹두꽃
248,This is getting more tense and sad. :/ Not complaining though,녹두꽃
249,"Yi Hyun has saved the little bit of his past, likable self when he decided to protect his teacher. One step by the man he respected and placed on the pedestal brought him down. How much of this has to do with his weakness? Or is he a strong person? It is up to perspective, but at least he let the affection he has for Hwang Myung Sim prevent him from taking an action that would have stolen any hope of turning back. I have bitter feelings about his shooting Nokdu, but it is understandable since they are on the opposite sides of the army.",녹두꽃
250,"Yi Hyun has become cruel - working in the Joseon Army can make any well-intentioned person into a heartless human. What I find especially heartbreaking is that he is attacking men from his brother's side, and might even kill him (since Yi Kang refused to be a part of his family). I wonder if Yi Hyun will become part of Nokdu's army or stay a part of the Joseon Army that has zero sympathy for the people. Battles are never pretty, and involve human suffering; however, here, I will have to pick the side of the Donghak members. Where the Joseon army strives to maintain its staunch control, Donghak members want to help the people escape the inhumane treatment. But how much of it will be achieved before people fighting for the cause are wiped out?",녹두꽃
251,Choi Moo Sung is amazing in this role <3,녹두꽃
252,why are people sleeping on this drama? this is really good so far!!!!!,녹두꽃
253,Oh no my baby Shi axion is evil?! TT,녹두꽃
254,"In many aspects it is better saguek than Mr Sunshine. It's better written, the characters are deeper, the main idea of uprising is better showed. And well, the acting is AMAZING!",녹두꽃
255,Exactly! I personally find mr.sunshine as pointless because at the end of the drama I was like “what was all the commotion and killing for?” Nothing was resolved. They focused too much on romance. Everything in this drama is what I have been looking for in saeguks since Rebel Thief!!!,녹두꽃
256,"""Nokdu Flower"" in a perfect and phenomenal way shows the lifes of people involved in a big history. The battles, the invasion of Quin and Japan, even the drama of emotional life of characters,  are much better portrayed here than in a big hit, Mr Sunshine. Even the plot is more complex and interesting.",녹두꽃
257,waiting for this to end to have an insane sleep depriving marathon,녹두꽃
258,I love dark and sad vibes of this drama. Humor is in its right place and doesn't mix with serious plot. This is what i was waiting for a long time. I enjoy every second of it.,녹두꽃
259,"The tension is gaining intensity as the Donghak members progress. I am dreading what is to come, and, at the same time, I cannot wait for it. Bring it on.",녹두꽃
260,The beggar's song during the battle was beautiful. A tear may have welled up. The scene was depicted very artistically. And when Lady Song broke down? It hit me how subtle of an actress Han Ye Ri is. The gradual shift in expression was impressive.,녹두꽃
261,Great drama.. Really well written & every actor is just amazing...meaningful to watch how it is hard to change but still possible it is really never too late to turn new page... Also learn how to forgive,녹두꽃
262,I think in epi 4 perhaps ir six when he told yi kang to join the army to protect yi hyun. I am sure he is nort a human let alone a father he is a dirt to step on even dirt can be useful... I just hope he would not listen to that evil father... I never been that angry  since long time.... Enjoy watching,녹두꽃
263,"Ha, and I used to think Yi Kang was irredeemable. But he was caged in a world beyond which he could never venture. Yi Hyun, however, has seen the world, and above all, knows himself (unlike Yi Kang), yet still has allowed one betrayal to arouse the cruelty he has inherited from his father. With a snap of his fingers, he betrayed his brother and his past self. What makes him more cruel is that he did not stop to think, even for a moment, that his brother had found a place where he had a name and a drive that was not an extension of his father's. Just like his father, Yi Hyun assumed Yi kang would give in if he urged him in the name of a family that had given him nothing but grief. The irony! However, I have no complaints regarding the sketch of Yi Hyun. I can believe why a person like him would go south. First, the rebellion, then the forced draft where he had to kill in cold blood to survive, then the betrayal. He is merely eating to prevent from being eaten.",녹두꽃
264,Oh no... I have a suspicion that Yi Hyun has added something to the food.,녹두꽃
265,"""Were you only thankful? Were you not going to run to hug me if it were not for the ropes?"" HE IS SUCH A FLIRT, lmao. The way he said it was adorable too.",녹두꽃
266,I always wanted to see Yoon Shi Yoon playing a darker role. He's done the character development well here to get to this grey area. Anxious to see what his character will do next :D,녹두꽃
267,This drama is like a mini reunion of six flying dragons. So many familiar faces :D,녹두꽃
268,"second lead syndrome, andwe! Yoon Shi Yoon.",녹두꽃
269,"i don't understand the low rating,  its definitely the only drama I'm looking forward to this season :'') although the pacings a lil quick this iS a longass drama so we got plenty of time for character and plot development. yi kang is kinda my favorite person evER and seeing him reform into a freedom fighter revives all types of PROTECC feelings in me istg. the romance w/ja in isn't being developed as deeply as i would've liked but I'm willing to give the drama/characters the benefit of the doubt and let it flow. (ja in is also a fav of mine,, her character displaying qualities of strong headedness, strength, morally upstanding ethics, etc, but in a wholesome and credible way. none of that female pigheaded bullshit). yi hyun pushing away from the wrong but also from the right gets me anxious and worried. his mental state isn't at its best and it'd ache me to see the two brothers confront each other due to conflicting beliefs. wfaljdfksal i can't wait for what's to come",녹두꽃
270,This is shaping up into my clear best of this year so far and I don't mean that lightly. Fantastic viewing and the score it has now is an injustice,녹두꽃
271,I think a handful of viewers gave it a rating below five. Sigh.,녹두꽃
272,Sigh indeed.,녹두꽃
273,"Final comment for today, I swear: Jeo Bong Jun was made for Choi Moo Sung. He exudes leadership, discipline, and morality, so well has he embodied Nokdu.",녹두꽃
274,"Can we appreciate the OST? It awakens the disciplined soldier within me. And the music they use! I was taken aback by rock in the first episode, but the next thing you know, I look forward to the action just because of that BGM.",녹두꽃
275,When Yi Kang teaches Nokdu how to shake hands - hilarious! The confusion on Bong Jun's face was priceless. I am already looking forward to more of the two's interactions.,녹두꽃
276,"Looks like Lady Song has yet to find her place. She is not there, neither is she here: she just is. It seems her affection for Yi Kang and her consideration for people in general will lead her to Nokdu. She really just needs a push.Yi Kang's growth in this episode was stressful but heartwarming in the end. He was almost moved by his father's pleas, but it was only for his brother that he gave in, only partly. Whatever his past may be, he is strong-willed, almost recklessly. I am afraid his weakness (Yi Hyun) may be utilized by the other side to manipulate him in future. His poor excuse of a father knows that much, and if he deems it right for himself, he may attack is own son.Yi Hyun is still set in his principles. I like seeing different sides to him; often times, he reflects his father's tendency to lean on the immoral side. He has not been outright about it, but I can see him witnessing his worst side before he goes to Nokdu. My assessment might be wrong, however.",녹두꽃
277,Best drama in airing dramas.I hate cliche but this one is new. Yi kang and ja in chemistry is wonderful.,녹두꽃
278,"I love the cast and their characters promise something good and strong. But the first episode was an heavy one to digest, too much political and corruption, I barely keep up with the plot.So the entire province is ruled by corrupt nobleman who scare people and even every officer sent by the capital, so they can keep doing their business.One of the brother work for the father as a beating man since he is the black ship of the family whereas the other one lived in Japan and just come back and have pity and guilty feeling for his older brother.  In the meanwhile there are civilian that are preparing a revolution.The girl is a merchant and end up involved cause she needed rice to sell to Japan and causally found out about the revolution scheme plottingRight?",녹두꽃
279,"Good summary ;) Dramabeans has picked the show up for recaps, in case reading those helps you keep track of things.",녹두꽃
280,"Thanks, now I can keep watching, I was scared I missed something.",녹두꽃
281,"""The path will be paved if we walk on them."" Nokdu is a leader, all right.",녹두꽃
282,"Yi Kang and Song Ja In are my favourites so far. At the end of the sixth episode, I was cheering for Yi Kang. I did not expect to like him, and predicted my favourite would be Yi Hyun. Tables have turned.",녹두꽃
283,Great so far - hard to tell what will happen  with the brothers moving forward.  Interesting plot for sure. I love Song Ja.,녹두꽃
284,intense right out the gate,녹두꽃
285,"So far,so good.If it stays like this I will follow.Ignore low(for MDL)score,if you're not watching K-dramas for romance only that is",녹두꽃
286,"What a strong start! I am loving this - but is that too early to say? The characters are torn between the right and wrong,  particularly Lady Song and The Man. I wonder where it is headed, since saving one of them destroyed any hope the people had of living peacefully, although that seemed impossible too, given how unsuccessful past revolts were. One thing is established: only the three can break this down alone.",녹두꽃
287,"I am in love with the lead lady. It is superficial for me to say, but she is not the traditional korean beauty, which is why I am pleased to see someone like her in a lead role. Plus, the character she is portraying is promising.",녹두꽃
288,strong Six Flying Dragons vibe... I think I'm in for a ride,녹두꽃
289,"I really enjoy  first two episodes, hope there is no romance because I like 3 main leads and ship her with both......so I rathe rnot...",녹두꽃
290,There is a character relationship chart including love lines if you want to spoil yourself :P,녹두꽃
291,Where? :) I might have to since Im seeing some hinting here and there in 2 first episodes !!!!,녹두꽃
292,"@ClaudiaKdrama4ever https://www.soompi.com/article/1320460wpp/nokdu-flower-breaks-down-the-complex-relationship-of-charactersYeah, the second ep (or 3+4 depending on the numbering) kind of made it obvious :P",녹두꽃
293,"@risingsun oh ok got it...I thought so, after the hate beginning lol",녹두꽃
294,"The fact that Seo Young Hee is the same age as Jo Jung Suk but she plays his mother is such a miscast tbh. The 1st scene of them, when I did not know what is the  relationship, I was sure she was his wife...",녹두꽃
296,They could at least have given her some strands of gray hair^^,녹두꽃
297,i know! my brain refuses to accept this idiocy!,녹두꽃
298,Me too,녹두꽃
299,She is a sevant/slave. Probably she was raped in 15 or 16. It could be understandable and coherent.,녹두꽃
300,She does not look 15 years older than him tho. That is my problem.,녹두꽃
301,the legal marriage age of noble women was 14 at that time. brides would be married younger if they were of the lower class. she was raped at an age younger than 14 . i'm gonna say 11 or 12 by what they hinted at later in the story.,녹두꽃
302,Its heeeeere the cast is amazing,녹두꽃
303,"I didn't expect much but... it was great! The cinematography is excellent, the relationship between brothers - super interesting, acting - I didn't want to miss a thing because main male leads play on the top. The first episode gave me hope for more exciting plot.",녹두꽃
304,Gotta watch it for Jo Jung Suk.,녹두꽃
305,I CAN'T WAIT,녹두꽃
306,"The director of Six Flying Dragons and Secret Dooor! Plus, a top cast is in this. This has potential to be great! Added to the list.",녹두꽃
307,the trailer looks awesome,녹두꽃
308,watching for Han Yeri <333,녹두꽃
309,"Clicked actress in the thumbnail is pretty, adding to my plan to watch cus Jo Jung Suk, I love him!!!!",녹두꽃
310,This cast :O,녹두꽃
312,The cast it so powerful oh my god,녹두꽃
313,Please let YSY be the main lead,녹두꽃
314,"Sounds interesting with some original content (the rebellion aspect) mixed in with some very unoriginal content (two half brothers fighting each other) This has the potential to be really good, or like any other drama. Hoping for the best with the cast!",녹두꽃
315,Waiiit!!! JJS is there so is YSY the 2nd lead? Whaaat? 2nd lead era for YSY should've been finished by now. He has proved himself so much over the years!!! :(,녹두꽃
316,"I think is like with Grand Prince, both were co-leads",녹두꽃
317,I hope that's true! I feel better now! ^^,녹두꽃
318,"Excuse me, Jo Jung Suk doesn't deserve to be the second lead, nor does Yoon Shi Yoon. Don't break my fcking heart like that!",녹두꽃
319,They are co leads like in Grand Prince with Joo Sang Wook,녹두꽃
320,I loveeee the 3 main leads......and she is so kick ass....love it...,녹두꽃
322,Oh how I wish PBY would be the female lead actress to be with JJS. I really ♥️♥️♥️ #OMG..,녹두꽃
323,Is ysy the main lead ?,녹두꽃
324,yoon shi yoon please i have a need for a romance-heavy drama from you   ಥ_ಥ,녹두꽃
0,Edited This is my first rating though I tried to find reasons to rate it half a point less there were none whatsoever A saeguk outside the confines of the castle and a fairytale like setting and focuses on the common person's fight for rights and equality I did not realize I needed that until I watched this A drama that does not beat around the bush and jumps straight into action I did not realize I needed that either The plot is well executed it moves forward without losing steam and stays true to its story line and characters Since it was based on true historical events heartbreak and tragedies were inevitable I appreciate however that it was not entirely based on real people that is the three main leads we have including their families and friends are fictional in an otherwise non fictional historical setting I cannot comment on the accuracy of the historical events as I am not well versed in Korean history yet this compelled me to search about the Donghak movement and Japanese takeover of Joseon I can say I am more enlightened than before however The lighter funny scenes were never out of place as they always centered around the heartwarming friendships between the characters Side characters had their own story which prevented their screen time from feeling unnecessary even those you might be least invested in underwent growth that justified the writer's choice to include them apart from the otherwise obvious reasons It should be noted there were some shifts in plot that made me dread that this drama would go south that it was headed beyond what was meant to be the conclusion but that never happened the plot proved itself to be excellent and the characters served to ground and consolidate the narrative Now it is time to expand more on the characters their growth and changes were interwoven with the struggle they willingly or unwillingly became a part of To be able to see many characters of varying backgrounds coming to terms with their identities or altering them at whim was extremely gratifying Their decisions simply made sense in light of their circumstances and personal convictions The writer also drew many parallels while crafting characters the parallels between the brothers with the titles assigned to them that they wanted to break free from the parallel between a teacher and a student with their attempt to rise from their ugly decisions the parallel between two parties who wanted to save their country with one man joining hands with the enemy and the other party firmly resisting And then these parallels evolved beautifully into a juxtaposition it was a thought provoking angle the writer took You might think I am being too generous but I do have a tiny complaint about flashbacks in one or two episodes since they felt needless but what's a k drama without those eh I have learned to take them as a necessary part of a k drama recipe so I am not counting it in this time around I guess I AM being a little generous And need I mention how amazing the actors were from the support to the main Moo Seoung Choi was an excellent casting choice for Jeon Bong Jeon the poise and leadership that oozed out of him stunned me not to mention the sense of humour he possessed Han Ye Ri is a subtle actress perfect to portray Lady Song calm collected sharp Yoon Shi Yoon has a way with expressions and they were more than suitable for a character like Yi Hyun Finally Jo Jung Sok made Yi Kang a lovable character who you wanted to root for till the end Loved the OSTs the one by FORESTELLA often plays in my head The BGM was not outstanding but it complemented a good deal of the show I especially enjoyed the rock music whenever action scenes came in Adds to the excitement and just how cool the characters look I think this has great re watch value For one it never drags and the characters are so multi layered you want to come back and appreciate them Despite knowing the plot you might want to catch up on a few details that you may have missed and certain impressive progressions Read More,녹두꽃
1,I started watching this drama knowing barely anything about Korean history which usually makes me reluctant to watch any sageuk that isn't romance fantasy or is just too focused on fighting and politics I was always afraid that too much of a story like this would go over my head The only reason I decided to watch this drama is because of Jo Jung Suk He's one of my favorites and hasn't disappointed me yet but this was a tough guy type of role so I still had my reservations The first episode was good and introduced characters well but I still wasn't convinced I could get into a story like this If anyone else feels this way or similar trust me and give this drama a chance What this drama does exceptionally well is make historical events feel personal and relatable through unforgettable characters and an equally heartbreaking and inspiring story This drama isn't just about recreating events it's about how these events shape every single character and telling an epic story through their eyes The story centers around three main characters brothers Baek Yi Kang and Baek Yi Hyun and merchant Lady Song and how their lives are all changed by the Donghak Peasant Revolution Their relationship with each other isn't a traditional love triangle but instead it's more about how their roles directly or indirectly affect each other rather than a traditional rivalry which was a much more interesting dynamic to watch I don't want to give anything away by saying too much but they are each so good in their roles and how they relate to and interact with each other that they didn't need a clich romance plot to keep me engaged Han Ye Ri as composed and calculating Song Ja In is formidable in her role and I loved watching her hold her own in a mainly male dominant cast I already mentioned that Jo Jung Suk is a favorite K actor of mine and he does display some of his usual charms as Baek Yi Kang but it's nice to know that even with romance playing such a minor part in the story he is still so good However surprisingly my favorite of the three characters is Yoon Shi Yoon as Baek Yi Hyun His range in this drama is amazing and award worthy he's really come a long way from the king of baking lol and his relationship with his brother is the true heart of this story I can't imagine a better possible pairing Junk Suk and Ye Ri had great chemistry but it's Junk Suk and Shi Yoon that got me right in the feels I mentioned the three leads as the main branches of this plot but the reality is that every single character in this drama is important and well played Choi Moo Sung may have the biggest shoes to fill as Jeon Bong Jun but even the most minor characters end up being major parts of the story and I loved watching how all the characters and their allegiances and relationships changed with each episode The real history makes a lot of this story predetermined but it's the individual characters that keep the story unpredictable and exciting I wish I could name every character I loved but there are just way too many This really is a perfect cast all around and I love that there's not always clear villains or heroes which keeps things from getting too predictable That leads me to the writing which is truly amazing Yes the beginning episodes take their time setting up who everyone is the unfairness of ancient Joseon and what's about to happen but before I knew it I was totally addicted and wrapped up in the revolution I also liked how historical moments were noted to make them clear but without distracting from the story I appreciated the details in even the side plots that made me care more and made this turn of the century Joseon world feel more real This is the kind of story that you can definitely watch again and maybe catch things that you missed the first time I can see myself watching this again now knowing more about what really happened although knowing how it ends may make some scenes a little less exciting It's hard to hate a soundtrack that takes a traditional song and plays off of it beautifully I liked the rest of the soundtrack as well and thought the music was always well placed but some of the songs were too forgettable for me to warrant a perfect score for music The music definitely enhanced the mood especially during battle scenes this drama is a practically perfect sageuk It's much deeper than the usual fighting over status family betrayals corrupt politics and ill fated love story tropes that make up most dramas in this genre although sometimes I love those too In Nokdu Flower I loved the themes of fighting for equality tradition vs change struggling with identity self determination figuring out what is really important in life and what it truly means to win or lose loyalty and betrayal and all the conflicting faces of patriotism I have no idea how accurate it was overall but I did actually learn a lot while watching without it feeling too preachy or feeling like the history channel It's also not so heavy that the story becomes too depressing even if you already know the history There's a little bit of romance great action war scenes even many funny moments and the characters may be mostly fictional but the way they brought life to the story felt hauntingly real I loved how many of my favorite characters got the spotlight they deserved in the story too and that the ending didn't feel rushed and really honored the history it was celebrating Sure the bluebird song will probably get stuck in your head for a while from watching but it's definitely worth it Read More,녹두꽃
2,I just watched this because I'm a big fan of Yoon Shi Yoon and knowing that he's just a second lead so I hesitate at first but still I give it a try and that never fails me It's just that I felt really sad about how it ends not just because I'm a big fan but also the story and their parts everyone did a great job on their role and the story is heartbreaking but the performance was well deserved they did a good job on that I really wish that Yoon Shi Yoon part was a good thing but it may be a yes or maybe a no it's just that him being Yi Hyun was all great but the character was really heartbreaking Read More,녹두꽃
3,The Nokdu Flower drama was endearing to watch It was not just the drama of the story but some parts of it were too slow and ended up being boring and tiring to watch Nevertheless the performances were top notch Yoon Shi Yoo was really good as the bad guy and the transformation of his character from the innocent royal boy to a rougthless politician was amazing The ending was good as well Another thing that worked for the drama was the intensity of the story As it was based on true events the drama was even more powerful However other than the parts of it that were boring the romance had only a few good moments as well I understand that they wanted to focus more on the tragedy and less on the love story However a milde romance just didn't feat well So six out of ten Read More,녹두꽃
4,The Donghak Peasant Revolution The Nokdu Flower is worth watching and also a lesson about the Donghak Peasant Revolution history with some fictional characters mixed in the story I wish the big Broadcasting Corporations such as MBC and KBS would make more Epic Historical K Dramas such as The Nokdu Flower and not only making Fusion Historical K Dramas Some segment of population really like to watch Epic Historical K Dramas Actor Jo Jung Suk that portrays Baek Yi Kang looks uncomfortable as The Man As the story progresses he grows from The Man to the rebel fighter Actor Jo Jung Suk performs convincingly as Yi Kang the rebel fighter that maintains the rightness of his decision to fight the Japanese Occupation without apology The Nokdu Flower also shows the ugliness of any wars Post Traumatic Syndrome Disorder Actor Yoon Shi Yoon portrays splendidly as Scholar Baek Yi Hyun the step brother of Baek Yi Kang It is so heartbreaking to watch Baek Yi Hyun the Candidate for a Civil Service Exam is eliminated from the Civil Service Exam by Lord Hwang Seok Joo Yi Hyun's teacher Yi Hyun is even enlisted in the Royal Regiment of Joseon as a sniper He is forced by his chain in command to shoot rebels Subsequently he is called Goblin and suffers full blown PTSD from the war with no sympathy Actress Han Ye Ri is forever a talented artist she does so well as a Merchant Song Ja In The Nokdu Flower shows the monstrous side of business that flourishes due to wars since merchants business gain wealth from wars by selling or distribute materials used for wars The Original Sounds Tracks are excellent Read More,녹두꽃
5,In my opinion Nokdu Flower is a very valuable saeguk drama This drama has a clear historical accuracy and is a drama that is enjoyable to watch meaningful no disappointment such as the ending of a hanging story or an unfinished story Many people say this drama is very heavy Obviously because this is a historical drama and lifted from a true story except for the three main characters in general the saeguk drama is identical with beautiful scenery colorful kingdoms or handsome princes but this drama is far from that impression I admit this drama is sad but very meaningful In terms of the story of this drama has no disability I really like the relationship between characters Baek Yi Kang Baek Yi Hyun Gosh they are very close brotherhood care for one another even though they are half brothers Baek Yi Kang Jenderal Nokdu Describe the figure of students and teachers who are very inspiring In fact Baek Yi Hyun vs Mr Hwang I always look forward to the story every episode Really Their hostility makes me emotional carried away In terms of acting all the players and even supporting actors also performed their best acting the actors actors artists and the characters they played were very suitable and impressed me To be honest the main reason I watched this drama was because YSY and I was very proud of him how could he play a heavy character complex like Yi Hyun I thought to myself as a fan the saddest thing about this drama besides the defeat of the Donghak army is seeing Yi Hyun change he and Jeon Bong Jun are two people who both care and dream of a new world but in a different way When it comes to ost my favorite ost part by Forestella I always want to cry when I hear it and for me it is the best to accompany a drama the lyrics are very simple but very meaningful So for those who watch this drama definitely do not regret it and those who haven't watched it then you better watch it I really recommend this drama because it's really worthy of you watching Read More,녹두꽃
6,While I started to watch ''Nokdu Flower'' with almost zero knowledge of Korea's history in regards to this period of time I was thoroughly surprised and definitely learned some new facts including reading historical articles after some events happened within the series The series itself may be slow at times even overly dramatic at some points and not as much action as one may wish from a drama or film but I thoroughly enjoyed the story itself as it's most likely closer to reality and made directors really do their best to produce a proper story While the story was efficient and good they did an even better job with the cast as many of the actors were a perfect fit for their position I especially found Choi Moo Sung when not and Jo Jung Suk excel at their roles Read More,녹두꽃
7,A perfect historical drama for beginners to the genre The Nokdu Flower is such an incredible drama and the fact that it's based on real life is even more overwhelming To think this really happened I don't know how accurately as I wasn't obviously alive in in real life makes me even more emotional upon completion The drama is so amazing the choice of cast was great surprising to see actors I know in this drama but then again I rarely watch historical dramas so I can obviously say this The OST while at first I believed to be a little underwhelming turned out to be one of my favourite themes in a long time The rewatch value is a little lower than what I had thought but please bear in mind it's more than the usual that's literally the only reason why The Nokdu Flower has really made me interested in reading about this real story into an even more depth if that is even possible I guess I'm going on Amazon after I write this review to check it out While I do that watch The Nokdu Flower You will not regret it Read More,녹두꽃
8,The Nokdu Flower is not the typical Korean palace saguek drama There is romance in this drama but it's not the main story line The Nokdu Flower is set during The Donghak Peasant Revolution and it is about two half brothers that end up on opposite sides during the rebellion Baek Yi Hyun played by Yoon Shi Toon is the naive legitimate first son of a wealthy local government official and Baek Yi Kang played by Jo Jung Suk is his illegitimate half brother Yi Hyun has always had things handed to him while Yi Kang knows the harsh realities of the world The cast in this drama played their characters amazingly well The soundtrack of this drama is awesome This drama introduced me to a great classical k pop boy group called Forestella that everyone should check out I would definitely recommend this drama Read More,녹두꽃
9,I've got to say that going in this my expectations weren't high because of the main make lead Jo Jung suk but right from the beginning he blew me away This show is a standout performance for him and he'll hopefully be this smart about his acting career The story is basically about brothers and illegitimate and legitimate They are very close dispute there differences But when a war breaks out they wind up on opposite sides Will their brotherly bond survive A great historical drama rating does not do it justice If you are not a fan of Jo Jung suk watch it your mind will absolutely change Read More,녹두꽃
10,It's a worthwhile challenge to watch When I got to this drama I didn't know what to expect I wanted to watch this for Yoon Shi Yoon to be honest But I got drawn not only in its' story quite fast but even more in the story of its' characters Especially both brothers You can see how much Yi Kang adores his little brother while Yi Hyun wishes for him to have a peaceful life Even after becoming enemies they are still looking out for each other it's heartbreaking at times A lot of people take a dislike on Yi Hyun portraying him as a wicked enemy but I think it's very important to consider his background to get the real picture As someone who is probably too softhearted for an era like Joseon has been back then it's easier to get corrupted and that's what happened to him Having a father who is indeed a manipulative Evilness being betrayed by the one he trusted having seen horrifying scenes leading to PTSD That's what ultimately broke him and created the Dochaebi within him Yoon Shi Yoon did an amazing job there portraying the differences between those two personalities While Yi Hyun got somewhere between lost and emotional the Dochaebi seems to be just cold and cruel without any real emotions Especially his eyes give away with whom you are dealing with It's a drama that needs a lot of emotional investment but I'd recommend it every time Read More,녹두꽃
11,A must watch if you like true historical drama I started to watch this drama as I really like the acting of Yoon Shi Yoon Jo Jung Suk was excellent too The cast acted superbly from minor to major roles I didn't notice the music so it must have been ok because I always check it out if I really like or dislike I really enjoyed watching this drama but had to take a short break in the latter quarter of the series because I was too upset to keep watching However I went back after a week and finished it One of the things that was very interesting for me is that these events ended in just two years before my grandfather was born There was political intrigue and references to other major powers too I recommend watching this but keep a box of tissues handy Read More,녹두꽃
12,I love this drama great acting directing script but I find myself wishing Baek Yi Hyun would die I don't understand how he could do a like that on a brother he loved so much Episode I found myself thinking oh no Song Ja In you're not really doing that are you Yi Kang will hate you forever but moreover what gives you the right to try and save him by getting thousands of others killed cannot wait for next weeks' episode Enjoy this a great deal after Haechi and that was I must say the best drama of Was this review helpful to you Yes No,녹두꽃
13,Historical drama where the poor rise up against the powerful and two brothers find themselves on opposite sides An interesting story and well acted but the pace is too slow and my interest wanes as each episode goes nowhere very fast If they had cut down the episodes it could have been tighter and more entertaining,녹두꽃
14,Decent entertainment if you've run out of things to watch Even though its based on real events I hope those main battle strategies were fiction or that General is probably the worst General in World history having his men continuously run into a hail of bullets,녹두꽃
15,Very good acting from all the actors and actresses Slow but has a meaningful and exciting storyline Sometimes things get really fictional which means that some things in the drama are unlikely to happen in real life But overall a really good drama,녹두꽃
16,The Nokdu Flower drama was endearing to watch It was not just the drama of the story but some parts of it were too slow and ended up being boring and tiring to watch Nevertheless the performances were top notch Yoon Shi Yoo was really good as the bad guy and the transformation of his character from the innocent royal boy to a rougthless politician was amazing The ending was good as well Another thing that worked for the drama was the intensity of the story As it was based on true events the drama was even more powerful However other than the parts of it that were boring the romance had only a few good moments as well I understand that they wanted to focus more on the tragedy and less on the love story However a milde romance just didn't feat well So six out of ten,녹두꽃
17,This is a satisfying drama with an involving plot believable relationships and great performances most particularly from Yeri Han an actress I would like to see again,녹두꽃
18,Good drama to watch acting was also good must watch it,녹두꽃
19,Slow but watchable,녹두꽃
20,Good Enough,녹두꽃
21,Recommended,녹두꽃
