,Unnamed: 0,title,reviews
0,0,돼지의왕,i lovedthe scene where they made bacon idk
1,1,돼지의왕,"The part they have taken from the movie is well done and all the investigation and post-bullying stuff they have done is new and that is the part that lacks. I found the revenge part to be inconsistent and was dragged but for people who watched the movie before, that is the part that kinda kept the story going cause the rest of the stuff is already seen and imho the main strength of the movie was how they did not provide escapism to viewers from the bleak reality of how things usually go. Something that extends even the corporate world and the conclusion of the movie was really good. Here, I feel a bit lax due to the other stuff taking realism away from the main message and plot and helping viewers to apply for some medicine to the wound but in the movie they did not allow you to apply some medicine but put salt on it lol"
2,2,돼지의왕,"I don't understand why people here are hating on Jungsuk and are saying he is the same as the bullies , yes he did something awful but that doesnt make him a bully like the others , yes those bullies were beaten by the upper calss bullies but they were not bullied , there is a difference between being beaten and being bullied .. JungSuk and KyungMin were traumatized to the point of believing Cheol was like a god , they were not in the right mind frame , even Cheol who they worshiped filled their minds with messed up things and even made them torture that poor cat TT ....JungSuk's actions were born out of trauma , the bullies did it for fun .. its very different"
3,3,돼지의왕,"ok how the hell can this detective kang leave a man who is been kidnapped right Infront of her and leave to check his hand writing? Like for real? that was one hell of a bad writing for a detective lol!

and man that ending was expected of Jong Suk really (from the cat scene to the belt scene), its like the bad kids, the birth of a killer kinda thing, he stole chul's dream of being a cop and refused to face the reality of what he has done.. chul didnt deserve this! If Jong suk didnt choose that back then their lives would have been different, and kyung min wouldnt have turned into a killer, as that scene traumatized him for good! I feel bad for everyone by now =("
4,4,돼지의왕,"Last 10 min of epi 10....i was like... Oh .. No.. noo.... Plsss... Noooo :(

Feel so sorry for these three kids."
5,5,돼지의왕,"Jong Suk can be annoying but I don’t get the comments hating him. He was a severely abused child who made a bad decision. His mind suppressed the truth all these years but not now the memories are coming back. I feel bad for his character because as a child he was braver than Kyung Min and stood up for his friends.

Even Kyung min was messed up. Children should not be talking about falling heroes etc. And the child bullies were too evil to be real.

And why did Cheolie bring up suicide and mess up their already traumatized brains?.

Jong Suk as a child was insensitive not to even think about Cheolie’s mother but children can be insensitive. They don’t see beyond themselves or the present. Little problems seem insurmountable to them.

BUT I DON’T GET WHY AS AN ADULT HE IS ACTING SO RIGHTEOUS. The best thing would have been to excuse himself from the case."
6,6,돼지의왕,"What a plot twist! This drama is so intense!
Damn u Jong Suk btw"
7,7,돼지의왕,"yall ready to say goodbye? here's the final 2ep(s) preview for this week:
https://youtu.be/8zWvzlk_utw"
8,8,돼지의왕,"I have to say, half of the show is amazing, half of the show is awful.
Everything about the post bullying and now the revenge is awesome.
All the investigation is extremely poorly written it makes me laugh.
Everyone involved in the investigation is either annoying, dumb or insignificant .

I like though, how it shows whenever you are a victim or the perpetrator depends on the perspective, and with episode 10 it kind of shows most of these teens were both (yes, it includes all the bullies from their class).

The only person who was evil and not a victim even 0.000001% was the homeroom teacher/principal or whatever he was at the school."
9,9,돼지의왕,CINEMATIC EXCELLENCE ILL SAY
10,10,돼지의왕,"Al I can think is poor Cheol, taking in those piglets turned out so badly and Jong Suk, I can't believe it, he's been so self righteous about protecting Kung Min's targets. I'm full of fury towards him while a part of me is wandering whether he didn't completely suppress his memory deciding it was suicide or if whether he was really shameless enough to have those conversations with Kyung min knowing what he did."
11,11,돼지의왕,"This drama is a fucking masterpiece.
Absolutely brilliant.
The story telling has been great and the acting of these child actors is just incredible."
12,12,돼지의왕,"I already knew this was coming even looking at the main posters (before release), but excuse my profanity:
F%CK YOU F%CK YOU F%CK YOU F%CK YOU F%CK YOU F%CK YOU F%CK YOU F%CK YOU F%CK YOU F%CK YOU F%CK YOU F%CK YOU F%CK YOU F%CK YOU F%CK YOUF%CK YOU F%CK YOU F%CK YOU F%CK YOU F%CK YOU JUNG JONG SUKKKKK

BECAUSE OF YOU, HE'S DEAD. BECAUSE OF YOU, YOU TOOK HIS LIFE DREAM/GOAL: TO BE A POLICE OFFICER (OR BASEBALL PLAYER). BECAUSE OF YOU, CHEOL'S MOM SUFFERS ENTIRELY. BECAUSE OF YOU, YOUR BEST FRIEND CAME FOR REVENGE, MEANING FOR YOU TO BE THE LAST. SERVED YOUR NIGHTMARE PAIN IN YOUR LIFETIME, THANKS TO YOUR 'IDEAL PHILOSOPHY', AND THANKS TO YOU... you'll gonna die (along) to make it justified

*PS: just the character, not the actor"
13,13,돼지의왕,i'm loving how it's unfolding and how it sticks to the anime movie pretty accurately while still adding so much more to the story. jong suk is so annoying to watch though i don't feel sorry for his ass one bit. he's acting out and getting all angry at everyone around him because he doesn't want to be exposed for what he did. fcking loser. watching him suffer and become unhinged is fun tbh . poor cheolie :( i just wish kyung min completes his mission of taking out everybody before he gets caught or killed. and i hope that includes jongsuk. i'm always gonna be on HKM side lmao chanyoungs punishment wasn't brutal enough for me but i'm so excited to see how things end next week this was such an amazing thrill ride
14,14,돼지의왕,Out in dramacool
15,15,돼지의왕,What the ^$&%#!! The end of ep 10??
16,16,돼지의왕,"This is really good! Like really, really good. Weaves gold out of grass"
17,17,돼지의왕,Omg episode 9 was so intense!!
18,18,돼지의왕,"i know you all hating on the police ML now but i think that he is the biggest victim because like the things that made just a KID kill his best friend must be so ttramatizing and scary
sorry English isn""t my first language i can""t really tell my point of view correctly ."
19,19,돼지의왕,"I know it's contrary to most of the others' views so maybe the drama did not hit me in the right place. The start was great and suspenseful. I would have even accepted only a revenge-based plot. But finding out the real story just feels a little forced. What happened in childhood seems overstretched and I can not find the real motivation behind the whole revenge. Actually, I understand half of it. I am having contrary opinions on this one. The last few episodes will be detrimental."
20,20,돼지의왕,"Best. Best. Best

Amazing, not a single scene, episode is boring.

I want HKM to kill the final person, no matter what, if that person is given a chance than this series has no meaning at all.

I know HKM is destined to die, but the person responsible for Cheol death must also be punished."
21,21,돼지의왕,"Best. Best. Best

Amazing, not a single scene, episode is boring.

I want HKM to kill the final person, no matter what, if that person is given a chance than this series has no meaning at all.

I know HKM is destined to die, but the person responsible for Cheol death must also be punished."
22,22,돼지의왕,"Poor choljie:( everything we saw here is not far from reality and this is how some children live their childhood, its so devastating, the biggest fault lies in the adults who raise their children in this way and those who only observe without doing anything sadly this is a cycle that never ends"
23,23,돼지의왕,This drama is a gem its something you never expect to be good before it air like their was no hype or huge news or anything before and then it air and suddenly it come with huge surprises and quality story! finding these gems always give me the best feeling!
24,24,돼지의왕,I am sorry but their is no coming back to Jong Suk for me like i cant like him anymore i mean his poor friend never found happiness in his life and never wished for it but when he finally wished to find happiness in his life and start to have motive to keep living and help his mother and make his life happier and better! he made him to a god and killed him! what he did is a a betrayal and selfishness to the highest level!
25,25,돼지의왕,Didn't expect the ending of episode 10. x_x;
26,26,돼지의왕,Does anyone know how to watch the dramas on dramaday? I followed the instructions on the how to download but I keep getting an error. I wonder why its soo delayed that the latest episodes are still not on dramacool
27,27,돼지의왕,"It just keeps improving, episodes 7-8 were possibly my favourites so far. I love slowly learning more about the past and Cheolie because it's told and directed so well especially in his scenes. Might end up as my favourite kdrama to date."
28,28,돼지의왕,Can somebody drop a link for subtitled episodes. ??
29,29,돼지의왕,"I don't want it to end :(
It felt too short"
30,30,돼지의왕,"where did y'all watch ep 9, 10 with subs ?"
31,31,돼지의왕,"Episode 10 was crazy! Even though I saw it coming because they've been hinting at it for four episodes, that moment still hit me like a truck (if you watched the episode you know what I'm talking about). The moment they took the picture together I started crying and I don't think I've stopped until the episode was over. Choi Hyun Jin (the child who plays Kim Chul) has a bright future ahead of him, he was amazing in this episode. Can't believe this is already ending, I'm gonna miss this drama so much once it's over. And by the teaser released for the last two episodes it seems like this drama will inevitably break me."
32,32,돼지의왕,"In a few words this drama is INSANE.
Can't believe people are sleeping on this."
33,33,돼지의왕,connecting dots ! very frst ep mentioned park dog & revealing that in 10 th ep...wohh that was smooth !
34,34,돼지의왕,fight scene in ep 10 was 🔥🔥🔥
35,35,돼지의왕,DAMN EP10 WAS EVERYTHING AND KYUNG MIN KNOWS THAT IT WAS JONG SUK WHO KILLED CHEOLIE BUT HE STILL BLAMED PARK CHAN YOUNG FOR THAT
36,36,돼지의왕,Dramaday has it uploaded the subs!!!
37,37,돼지의왕,"When does subs appear on dramacool? I finished 8 episodes in 2 shots and went to the site to download the rest 2, but---"
38,38,돼지의왕,I think at the end both of them will die :/ Definitely not a happy ending imo
39,39,돼지의왕,are there deleted scenes if we watch TVN version?
40,40,돼지의왕,hope we can get a faster engsubs =)
41,41,돼지의왕,Ep 10 reviewed the real villain
42,42,돼지의왕,is the drama heavy?? can u state some kdramas that are as heavy as this one or similar
43,43,돼지의왕,Where do you watch eps 9 and 10 with eng subs?
44,44,돼지의왕,"i don’t like school bullying things, but i always impressed with Kim Dong wook acting… he’s such a really good actor!"
45,45,돼지의왕,"Hella, i was so damn right on Park Chan Young from Day 1!"
46,46,돼지의왕,Are we currently witnessing the best korean drama ever made?
47,47,돼지의왕,Underrated! It should be 9 at least
48,48,돼지의왕,What happened with Cheol's father?
49,49,돼지의왕,I'm in love with this drama. The story is just too good! Actors and characters are amazing. Those bullying scenes are really hard to watch.
50,50,돼지의왕,child actors are doing phenomenal job here ! I especially liked jong suk ( young ) !
51,51,돼지의왕,"it's difficult to watch those bullying scenes.. behind anyone's imagination... I literally haven't seen a small bullying thing in my entire life , even haven't seen many news in my country ! ( i don't mean that doesn't happen here )
but it's horrible to watch this ("
52,52,돼지의왕,"Can someone tell me if Is it as good n dark as strangers from the hell or is it like mindhunters?
I dint like beyond evil n mouse,If its better than these two i will give it a try."
53,53,돼지의왕,"Why did I start this drama now--- and why I have to wait.
This drama is a gem. Could become easily one of my fav dramas. This deserves an high high score.
I need more dramas like this"
54,54,돼지의왕,Kim dongwook and kim sunggyu are so good. Such underrated actors.
55,55,돼지의왕,I wish by the time it finishes airing it atleast gets 8.7 rating🤞🏻🤞🏻
56,56,돼지의왕,"I love how TKOP explores the main character slowly going insane while realising and coming to terms with the fact that they aren't as good as they believe (or that's what I've perceived it as, still a mystery that needs uncovering...), it's such an interesting trope - and one my favourites!"
57,57,돼지의왕,Just ended ep 4 and this is soo good and addicting.
58,58,돼지의왕,"This is so well made, i mean how should i put it. It really keeps the viewer engaged. The amount of work that went, it almost feels real, i don't wish it to be. It screams about issues of bullying, it depicts it clearly. The trauma it causes, how it destroys one and people around. It's such an amazing crime based thriller. Never appreciated a drama just by watching 2 eps. I really love how well the plot is and acting, cast, production everything."
59,59,돼지의왕,I hate when shows have the police do a magnification to get a photo
60,60,돼지의왕,Purely engaging from starting to the end... 🔥
61,61,돼지의왕,"This show is a masterpiece I SWEAR
!!"
62,62,돼지의왕,Spoiler to me everything pls below
63,63,돼지의왕,where can you watch with eng subs?
64,64,돼지의왕,"If it keeps up this can be one of the best thrillers, so far zero disappointments. On the contrary, loving every minute of this."
65,65,돼지의왕,SEKARANG DAH TENGOK EP 6. ONE WORD TO SAID. MASTERPIECEEE!! SUMPAH CITE NI MMG BEST GILAAA. GERAM BETUL TENGOK SEMUA PEMBULI TU. TAK SANGGUP NAK TENGOK. KIM DONG WOOK PUNYA LAKONAN BEST SGT. AND I REALLY LOVE KIM SUNG GYU. THIS IS THE FIRST TIME IM WATCHING HIS ACTING. HE'S SO CUTE. SEMUA PELAKON YG JADI PEMBULI TU TERBAIK SGT. THEY PLAYED THEIR CHARACTER VERY WELL. THUMBS UP TO ALL OF THEM.
66,66,돼지의왕,I said this twice before a masterpiece.
67,67,돼지의왕,"Me: finished watching ep8
Also me: give steady final rating (despite almost to end) perfect 10

Never regret"
68,68,돼지의왕,But that retired police officer nephew story was so sad... and this song...
69,69,돼지의왕,Dongwook missed out on a baeksang nomination. He should have been nominated for this one
70,70,돼지의왕,I NEED THE SONG THE GIRL SANG IN EP 8 LIKE NOW
71,71,돼지의왕,watching ep 7 and jong suk is still so frustratingly annoying lmao i will forever root for hwang kyungmin - warning spoiler for the anime movie below
72,72,돼지의왕,Plot twist: pills given to him increase his hallucinations
73,73,돼지의왕,"Insanely good so far, might be one of the best thrillers of the year?! LETS GO!"
74,74,돼지의왕,2022 is really the year for good crime/psychological shows. this one and through the darkness are both doing down as two of my favorite thrillers ever.
75,75,돼지의왕,"After watching episode 7 and 8 we definitely know that jong suk has a secret concerning the death of cheollie, something that he does not want to accept. He also seems to think differently about cheollie, when the female detective asked him (twice) if he had another friend he kept denying it. This series is really amazing and i can't wait to actually discover the truth."
76,76,돼지의왕,"Ah, I'm at the beginning of 3rd ep, woah, I'm a sucker for cinematography with satisfying revange. This is my cup of tea right here🤩 I really hope they make an amazing satisfying ending!!!
If you know good revange series/movies, asian/nonasian please recommend, it would be really appreciated!"
77,77,돼지의왕,"this is how a good crime thriller should look like. I normally hate crime thrillers bc they don't me those thrills which they guarantee,but this one is really really great"
78,78,돼지의왕,"I'm glad that Kang Jin Ah is finally taking a more active role in the storyline, it seems like she will be the one who will solve the mystery of that day. Episode 8 made me so emotional, at this point I think it's inevitable that this drama will have a tragic ending and it will hurt like hell because I'm so invested in those characters, all the actors did an outstanding job here; the director deserves a mention as well because he somehow managed to make every scene interesting, even during long dialogues there has never been any dull moment so far, it's completely immersive in my opinion."
79,79,돼지의왕,"what a solid series, not a single episode is a filler, each scene, each episode shocks you, rage you up, tears you up and tell you we humans are monsters."
80,80,돼지의왕,I am liking and rooting for Hwang Kyung Min revenge even more now because in the end if those bullies has redeemed themselves and become a better people and made an genuine apology like Kim Jong Bin did he would not have kill them so of course i will root for my guy even tho murder is wrong.
81,81,돼지의왕,Can someone that have seen the animation movie tell me if that female police officer is also a character there?
82,82,돼지의왕,when sub for 7&8 will come someone told me it is every sunday. please tell.
83,83,돼지의왕,no subs for episode 7 still?
84,84,돼지의왕,Does anyone know the name of the song that plays over the end credits of episodes 3 and 6? It's gorgeous but I can't work out the title/artist.
85,85,돼지의왕,So wait did Jong suk killed Cheol? I am confused now...
86,86,돼지의왕,with every episode released I almost forgett to breath WOOW!!!
87,87,돼지의왕,"Just fantastic so far. 18+ so be warned! Really gruesome sometimes but truly exposing the underbelly of society. Fast paced, psychologically thrilling, and sometimes edge of your seat through your fingers watching. Might be next masterpiece in Korea."
88,88,돼지의왕,Is this a worthy watch? The poster itself feels a bit off..
89,89,돼지의왕,"Somehow i managed to finish ep 2, i mean not because it is bad but the level of rawness this drama has. I cannot watch school bullying but the level of detailing the writer/director has gone into is making super hard for me to finish an episode. It is super tempting as the series has just 12 episode and each episode is roughly 50 mins long. The comments section is full of praises so i really want to watch but not able to. The king of pigs/or the baseball guy has still not come into the scene (at least till ep 3.) already i am struggling, don't know if i will be able to continue this......
Someone please give me little motivation......"
90,90,돼지의왕,"Somehow i managed to finish ep 2, i mean not because it is bad but the level of rawness this drama has. I cannot watch school bullying but the level of detailing the writer/director has gone into is making me super hard to finish watch episode. It is super tempting as the series has just 12 episode and each episode is roughly 50 mins long. The comments section is full of praise so i really want to watch but not able to. The king of pigs/or the baseball guy has still not come into the scene (at least till ep 3.) already i am struggling, don't know if i will be able to continue this......"
91,91,돼지의왕,"This is a Masterpiece !!!!! I wasn't sure if it deserves watching...but I'm surprised !!! It's really goooood ..and getting better every episode...I hope the end will be amazing as well..it reminds me of ""Beyond Evil"" it seems a normal mystery , thriller drama , but turned to be a Masterpiece !!"
92,92,돼지의왕,actor Jung Eui Jae is a bit busy these days (Kill Heel) and I love it😍
93,93,돼지의왕,EP#7?
94,94,돼지의왕,"people should know this about more...

It is NOT wrong to say that not for a single sec I wanted to get even more more gruesome revenge that HKM is taking...

In this world bullying among other crimes, have no true punishment in the court of law anywhere around the world.

I wanted to say I don't condone violence, but when you are dead inside in a living shell, if hell broke lose on earth you don't care, as you are passed that stage.

Each bully, each oppressor, should never be given probation or a chance of salvation, because h
there is no hope for such people."
95,95,돼지의왕,"I have missed out on this one, so its a masterpiece so far?"
96,96,돼지의왕,"a masterpiece , I can't wait for more ep"
97,97,돼지의왕,"Kim Sung Gyu is just a freaking charming actor. Every scene he is in, he just grabs my whole attention. From ""kingdom"" to ""One ordinary day"" and now this."
98,98,돼지의왕,Omg the new posters in photos look so cool~~
99,99,돼지의왕,Masterpiece (°ロ°) !
100,100,돼지의왕,"It's getting better and better. The young actors are amazing, the real stars of this drama seriously."
101,101,돼지의왕,This is one of those shows you just watch for the hell of it and find a gem. I can't get enough of it even though I'm so done with mystery drama. Kim cheol is currently my absolute favorite. Is it just me or does anyone else keep wishing these bastards die before they are found? Especially Kang min. I was seriously on the edge of my sit thinking he'd live to see another day. That douche gats to die so bad.
102,102,돼지의왕,I just watched ep 5 and got the thought that the king pf pigs was Cheolie.
103,103,돼지의왕,"Even though i never like ‘the bullying’ things … but i always get hooked of Kim Dong wook act, he’s a great actor 👍"
104,104,돼지의왕,Damn the last scene of episode 6 is a super cliffhanger. This drama getting more and more interesting. Pretty surprised that actually there is a bigger figure behind kang min. I still find the back and forth pretty annoying.
105,105,돼지의왕,i'm so entertained by this show. finished ep 5 and i love cheolie!!! such a satisfying episode ending. if only other kids had his courage. those bullying scenes literally make my blood boil i wish it didn't take this long for them to get what they deserved. anyway adult jong suk is annoying lmao i seriously hope kyungmin gets away with everything in the end
106,106,돼지의왕,"I was watching Military Prosecutor ep 10, still shocked after seeing that shit disgusting, raw just ugh but I saw a tiktok of a scene from this show and it was on the same level, now I am going to watch it, I don't know how I can stomach this shit."
107,107,돼지의왕,No but the bullying scenes wtf o_o
108,108,돼지의왕,This is so good
109,109,돼지의왕,"Already saw all episodes so far and I started yesterday evening. Super gripping, albeit hard to watch at times."
110,110,돼지의왕,Hwang Kyung Min is considered a psychopath?
111,111,돼지의왕,This is more hardcore than mouse
112,112,돼지의왕,Every episode it gets better
113,113,돼지의왕,I love this drama <3
114,114,돼지의왕,"in the animation jong suk killed cheol. maybe this going to happen in this drama too, jong suk freaked out when he saw cheol."
115,115,돼지의왕,"Wow, wow, wow. Just watched episode 5 and 6. Absolutely amazing. Love this drama. This came at the right time. So tired of romance dramas. This is incredible. Love the bromance and also how the bullying is depicted. Can't wait for more. Love the villain. So broken and hurt."
116,116,돼지의왕,"Totally agree with the comment below this is a masterpiece. Incredible acting. I had kind of guessed and put pieces of the story together. I have an idea of the ending but I’ll wait and see. It’s a very hard watch, but I give this drama 10/10. I don’t condone any type of violence but honestly I could hear myself shouting out loud for the victims in this drama."
117,117,돼지의왕,"I'm gonna have nightmares because of this drama, but I absolutely cannot stop watching."
118,118,돼지의왕,"Just saw first episode, and really liking it so far!! Definitely way above my expectations so far! Just hope it won't be too hard to watch for me since I have dealt with a lot of bullying as well which sadly has ruined my life in so many ways. v_v; So I can relate to his trauma in some way.."
119,119,돼지의왕,"this is a masterpiece!
i know if it was aired on a more mainstream platform, it would get the hype it deserves but icl, i'm kind of glad it's underrated. sometimes things are better off gatekept so the hype doesn't ruin it"
120,120,돼지의왕,Just finished the anime... The twist at the end was shocking I didn't see that coming!!
121,121,돼지의왕,Until ep 5 I used to think that the pig faced boy whom kyung min can see was his younger self but i was wrong he is Kim Chul.
122,122,돼지의왕,I think Pigs refer to those who were being bullied and Dogs refer to those who dominated the school. That criminal Park Dog must be one of those bullies I guess whom we are yet to be introduced.
123,123,돼지의왕,"Kim Dong Wook is giving quite the performance in this drama. Never thought much of him though I liked The Guest, but after this I’m a fan and will watch whatever he does next."
124,124,돼지의왕,Cheolie is the king of pigs...? And the pigs are hwang kyung min and maybe soon jung jong suk because of how much he is getting triggered by seeing his classmates...
125,125,돼지의왕,i love the animation and this drama is so good man
126,126,돼지의왕,the episodes 5 and 6 are already online with sub!
127,127,돼지의왕,"I knew I shouldn't have started this drama while it's airing, how am I supposed to wait a whole week after that ending?? I wanted to write something about the episodes, but I can't even articulate my thoughts right now."
128,128,돼지의왕,what time will the subs be out ?
129,129,돼지의왕,I am curious about Cheolie he mentions. So he saved them? Did something happened to him later?
130,130,돼지의왕,still waiting for ep 5 and 6 with eng sub for intl'l fans
131,131,돼지의왕,Man its sad that many people are not watching this drama like believe me if this aired in Netflix it will break everything.
132,132,돼지의왕,dang poor cat :(
133,133,돼지의왕,This should also be available on Netflix then it would have become more popular especially among the international viewers.
134,134,돼지의왕,I feel like that police officer is bound to become an accomplice in these killings because the perpetrators keep triggering him by justifying themselves that what they did wasn't some kind of sin they're just joking and all. 😠
135,135,돼지의왕,"This is what I've been waiting for!!! After almost no good kdramas for 3 months we get this. Just watched episodes 1 and 2, solid stuff."
136,136,돼지의왕,https://youtu.be/DKTO3E5jy1M if anyone is interested the cast did an interview on ELLE KOREA ^^ (no eng subs yet)
137,137,돼지의왕,Is the fifth and sixth episode out yet?
138,138,돼지의왕,the bullying scenes are so hard to watch sometimes but the revenge scenes make up for it honestly... one of my fav dramas atm
139,139,돼지의왕,"This one is great and fast paced,really keeps me wanting more. I wish I could binge the whole series right now."
140,140,돼지의왕,"As often in thriller dramas, they drag the suspense scenes a little too much to my liking, especially when it's obvious what is happening, but it is still a good one so far and I look forward for the next episodes."
141,141,돼지의왕,The child actors are so goodddd. Never saw them before
142,142,돼지의왕,U want a good drama...Don't miss this.... I just can't wait for each week anymore....Please just release everything in one go...
143,143,돼지의왕,the school bullying scenes are SOOO triggering.. i want to throw up when i think of people who really went through things like this in their lives
144,144,돼지의왕,"the second episode blew my mind, amazing!!!!"
145,145,돼지의왕,Hwang Kyung Min is really smart
146,146,돼지의왕,Holy shit this is great so far!!!
147,147,돼지의왕,From the board revealed in ep3. It looks like he is planning to kill 9 people in total.
148,148,돼지의왕,I think if anything happens to Kyung Min his work will be carried on by Jong Suk with other way.
149,149,돼지의왕,wow this is insane and I am loving it. What surprise me is also the fact that it is a true story.
150,150,돼지의왕,"This is based on true story?! 😳😨😭

Oh... my dear S.Korea, you have so many things to work on."
151,151,돼지의왕,"has me on the edge of my seat every single episode, loving it so far"
152,152,돼지의왕,I AM SHOCKED! THIS IS SO GOOD!! Can't wait for ep. 5!!
153,153,돼지의왕,The most phycological problem in this show is ppl have more empathy for the murderer rather than the victims .
154,154,돼지의왕,Park il do is still inside him
155,155,돼지의왕,sooo good
156,156,돼지의왕,Anyone else laughed a little when Kim Dong-wook got into the taxi in ep3? I had Hwa-pyung flashbacks lol
157,157,돼지의왕,"Damn the wait is killing me, I got addicted to this."
158,158,돼지의왕,I wish if they've dropped all the episodes together I can't wait 😭😭
159,159,돼지의왕,So far the best drama of this season .
160,160,돼지의왕,"Had been I in Jong Suk's position, I would have been a lot weaker: he want to save his friend from becoming a monster, but hell, I would have watched all those assholes die without lifting a finger."
161,161,돼지의왕,just binged first 4 episodes and I gotta say this is awesome. Looking forward to what happens to the monitor. Ahhh acc to me kill that fucking monitor who still doesn't realise the trauma he caused them and just think it as nothing happened
162,162,돼지의왕,Bruhhh my deadass watched ep 4 first instead of ep 3 and 4
163,163,돼지의왕,"This is so hard to watch, but I can't help it but want to continue."
164,164,돼지의왕,Episode 3: Oh my god school scenes and scenarios were so good
165,165,돼지의왕,One thing is sure: kim dong wook is scary asf in this role
166,166,돼지의왕,This really keeps you on the edge of your seat and excited for moreee
167,167,돼지의왕,"I hate school bullying in dramas (it makes me feel miserable and my heart breaks for the victims), especially extreme ones like this, but I signed up for that when starting TKOP... Although the whole thing is dark and disturbing, I'm fond of how the scenes switch between flashbacks and present day, it balances it out well and doesn't completely overwhelm you.

I'm loving it so far and I know it's bad but I can't help rooting for the killer because damn those classmates were beyond horrible and still are (＃`Д´) ugh... I hope he gets his revenge!"
168,168,돼지의왕,"I can't watch this drama without crying, people who suffered bullying know how horrible it feels and not being able to have a ""normal"" life like others... I didn't live it the same way as Kyung Min but still any degree of bullying hurts and leaves consequences."
169,169,돼지의왕,the beginning of ep 3 was so satisfying and fun to watch let's go kyung min!! i hope the other bully kang min gets it worse
170,170,돼지의왕,This is drama is good so far....is it bad I am rooting for the killer??? 🥴
171,171,돼지의왕,"This looks so good, but 1 ep per week is not enough for me, im just going to wait till its nearly done and watch it then"
172,172,돼지의왕,"Can't wait for Hwang Kyung and Jong Suk to finally meet, this is going to be heavy (but I'm sure Dong Wook and Sung Gyu are going to nail it).
Also, I'm loving those ending songs, they really capture the mood of the episodes.
I guess the only issue I have with the show so far is that Kang Jin Ah seems a bit bland compared to the other two leads. She's not bad, but she's not as complex and interesting as they are."
173,173,돼지의왕,What an amazing drama! 100% my favorite drama of 2022 so far.
174,174,돼지의왕,"After two episodes I find that it's heavy stuff, but I like it. Definitely NOT recommended for lovers of light romance. Even with pixel censorship, the drama can shock the viewer. So far I like how it is psychologically driven. Definitely not violets and roses, but a very serious thing with chains."
175,175,돼지의왕,Waiting for the english sub for episode 3 and 4 🥺
176,176,돼지의왕,Omfg shirtless Jong Seok was so hot in ep3😭🙏🏻
177,177,돼지의왕,Does anyone know why Pachinko is not in Mydramalist ?
178,178,돼지의왕,Why are the subs taking sooo long?
179,179,돼지의왕,I see some people complain when news of idol or actors's bully are everywhere and they had to quit their career. Bully is sensitive issue in my option and it can't be forgiven. I guess complainer people were bullier themself back in school.
180,180,돼지의왕,"idk what's about Kim Dong Wook but i like him. He's not like... a Oscar worthy actor, he's good, ok in some roles, better in others, but i guess he has this.. charisma? and he doesn't disappoint in this one, makes me root for him. Also, let's be honest here, no one does revenge cinema like koreans do."
181,181,돼지의왕,Where can I watch ep 3 and 4 bcz I cant find it anywhere
182,182,돼지의왕,Just watch the first 2 ep and man this is soooo goooddd !!!
183,183,돼지의왕,Just watch the first 2 ep and man this is soooo goooddd !!!
184,184,돼지의왕,"from 9.3 to 8.5 -__-
...umm lets hope it rises again to 9.0 or something."
185,185,돼지의왕,this is good and honestly i'm rooting for him
186,186,돼지의왕,I feel like the detective is the person who he keeps imagining that tells him what to do that's y he keeps leaving messages for him. I think when they were younger the police officer probably made a revenge plan with him but when the police officer got older he forgot abt it cuz he wasn't the one being bullied but since the ml was bullied he remembered the plan and his wife killing herself was the trigger for him to finally go through with that plan
187,187,돼지의왕,"Lol what is this uneventful boring monolog.. it's a dude that was bullied, with some anger and resentment issues. And 2 cops with like a murder or whatever going around"
188,188,돼지의왕,"Aw, but why are the ratings dropping when it's such a good show? It's giving me flashback from when I was watching Through The Darkness and the ratings dropped a lot for no reason"
189,189,돼지의왕,Another brain bursting series...
190,190,돼지의왕,"GO HWANG KYUNG MIN!! rooting for you, you deserved better! the end of episode 2 was so satisfying seeing that loser end up like that hahaha. it would've gone a lot smoother if he didn't hesitate so much and just immediately got the job done. those bullying scenes really know how to make your blood boil though. okay and i also loved the part when kyung min said those final words to his abusive father. i'm loving this show so far and i love kim dong wook as hkm. can't wait to see where this goes"
191,191,돼지의왕,"Supporting the villain in this drama. Hope he escapes the police.

And is it just me? The imaginary personality looks like the detective when he was young"
192,192,돼지의왕,"I definitely agree with some of the comments below, this is a hard watch. I thought I wouldn’t be able to continue but it is so interesting......my mind is spinning.......did these bullies at school make our two main leads do something terrible to another student......is that student now appearing in front of him as part of his imagination? I’m going to stick with this one for another while.....hopefully it won’t get too gruesome...."
193,193,돼지의왕,"In the original work Jong Seok kills Kim Chul and then (older) Kyung Min kills himself in front of Jong Seok. The ending of the movie is very weird. I'm curious how will this one end, but i'm pretty sure it will have sad ending and Kyung Min or Jong Seok will die (or maybe both of them?). But it's definitely not happy ending"
194,194,돼지의왕,"Do you think Kyung-min is ultimately coming for Jong-suk because as they say nothing hurts more than the betrayal of those who are closest to you? Jong-suk turning a blind eye and letting the bullying continue to happen might have angered Kyung-min even more. I'm so stressed but also sad, this show is quite hard to watch :("
195,195,돼지의왕,Finally a good drama started .
196,196,돼지의왕,"This isn't going to end well, isn't it."
197,197,돼지의왕,"In which ep is revealed that his another name is Nam Gi Cheol? I'm not there yet @-@

ep2?"
198,198,돼지의왕,If one ep is released every week how come there are two ep already available?
199,199,돼지의왕,"Very strong start shows very sad and tragic ending ,, similar to Mouse drama in some ways and the flower of evil in others ,, overall I like the main lead's acting ,, he's one of my favorite actors
But the dark colors hurt my eyes ,, why do they use always very dark colors in such dramas ,, I barely can see properly"
200,200,돼지의왕,Two episodes in and I'm already into the story. Great start really. It exceeded all my expectations. I was really looking forward to watching this drama.
201,201,돼지의왕,"I don't understand... the wife tries to kill him, he wakes up and the first thing he does is kill those who bullied him."
202,202,돼지의왕,"anything with kim sungkyu is an immediate mustwatch (he looks so good in this) but this show went beyond my expectations. love lee dongwook's performance so far and i really feel for his character. i'm rooting for him to get his revenge but also don't want his life to continue going in a downward spiral. i wonder what the deal is with his wife (why she tried to kill him) and those two kids from the past (the one with the baseball and the one with the glasses). and i can't tell if they're going to work together or against each other, but i hope kyungmin meets his childhood friend and the female detective soon.

also, that pig head creeps the hell out of me. i feel like i'm going to turn into a corner and see that mask hidden in a box. ugh"
203,203,돼지의왕,"Outstanding and thought-provoking first 2 eps, bullying is freaking gross and this one is so complicated and disturbing cause you really feel for the antagonist"
204,204,돼지의왕,"the first two episodes are also on this site
direct download links with high quality episodes and hard english subtitles on them
https://mkvdrama.org/download-the-king-of-pigs-korean-drama/"
205,205,돼지의왕,Great start. Exceeded my expectations. Shows a lot more psychological depth than most other serial killer kdramas.
206,206,돼지의왕,"Finally watched the first two episodes. I have to admit that I was a bit afraid that this would turn out to be a dissapointment due to how hyped I was because of this having Kim Dong Wook as one the leads (after all it wouldn't have been the first time in which I was dissapointed in something involving one of my favourite actors) and being the adaption of a highly praised animated movie, I really wanted it to be good.



And I can finally say: it met all my expectations and I would dare say that it's even better than what I was expecting. The cinematography, acting (even the kids nailed their role) and directing were great. I loved the color palette they used and the fact that the soundtrack was so minimal, but it did the job perfectly; it felt like I was watching a movie. The pacing was also very good: it's not fast paced so it gives every scene the right room to breathe, but the fact that the episodes are so short doesn't make it draggy. Let's hope that it keeps this level until the end."
207,207,돼지의왕,"This was way better than what i expected, the first two episodes were so good, I love revenge stories so i am all in for this drama :) only two episodes and i can already say that Kim Dong Wook is already on the way to be the best actor of 2022 for me. Last Year it was Nam Goong Min actor of the year for me in his role in the veil."
208,208,돼지의왕,"Kim Sung Kyu was so so good in these two eps, i wanna see more of him now :>"
209,209,돼지의왕,this is really good
210,210,돼지의왕,"First two episodes reminded me a of mouse drama ,, same vibes"
211,211,돼지의왕,"The first two episodes are available for download with english subs here
https://dramaday.net/the-king-of-pigs/"
212,212,돼지의왕,finished first two episodes. Omg this is scary af and disturbing but Kim Dong wook unreal acting in pulling this monster role. Cant believe he is the same sweet guy in You are my spring
213,213,돼지의왕,If bilibili is not available in your region Dramaday has it to download. If this drama is available on any platforms in my region I would pay for the subscription to show my support but unfortunately it is not. I'd rather more viewers are able to watch the drama than not.
214,214,돼지의왕,"https://twitter.com/kimdwook/status/1505486982214217736?t=IWW5cIwhJJXNF3bYvcXrVw&s=19
its available on bilibili apps. sub eng/indo✅"
215,215,돼지의왕,send requests to VIKI and Netflix to get this subbed!!!!
216,216,돼지의왕,"This drama will be available every sunday in bilibili/Bstation Indonesia. But this a premium content in bilibili and maybe release in Bilibili Indonesia only. As far as I know, another premium content like Dr Park Clinic and A superior Day only had indonesia sub only. But lets see in its premiere, if there is indonesia sub only then people need english fan translation from its subtitle rip."
217,217,돼지의왕,Does anyone know where we can watch this drama with the english subs?
218,218,돼지의왕,"I have watched the first two episodes without subtitles and I can only say that I need them now, this looks too good."
219,219,돼지의왕,I am super excited for his drama. The guest (his dramaa) was also one of the best drama of his.
220,220,돼지의왕,omg another drama only airing once a week??? what's with kdramas doing this recently
221,221,돼지의왕,"Not sub yet...

I found RAW here for those want to watch https://kdownload.online/the-king-of-pigs/"
222,222,돼지의왕,If VIU is not subbing this then we wont get this subbed until one from those fansubs pick it up.
223,223,돼지의왕,Tell me if there's an English sub please!
224,224,돼지의왕,"Ohhh, they release two eps a day? 😳 What a great surprise! 😍"
225,225,돼지의왕,where can i watch this ?
226,226,돼지의왕,Was it already released in Korea?
227,227,돼지의왕,does this have multiple seasons?
228,228,돼지의왕,oh this is interesting...
229,229,돼지의왕,"I'm confused, the countdown says it starts tomorrow march 17th but the details say it's a fri-sat drama starting on the 18th, so what's the truth?"
230,230,돼지의왕,"The drama is set to premiere on April 18 due COVID-19.

https://www.soompi.com/article/1517606wpp/the-king-of-pigs-cancels-promotional-activities-as-kim-sung-kyu-tests-positive-for-covid-19"
231,231,돼지의왕,Will VIU sub this?
232,232,돼지의왕,"Ooh 100th comment!
Eagerly waiting for this one. :)"
233,233,돼지의왕,Man! its gonna be so dark! I am going to love it yes!
234,234,돼지의왕,Omg this has bullying in it...why man why....The most difficult part of any show...
235,235,돼지의왕,Any chance of this getting taken by an international platform or is it too late to be likely?
236,236,돼지의왕,I hope there is an international platform for this one...
237,237,돼지의왕,"Arg 18 March, why so far away? I can't wait for this!"
238,238,돼지의왕,"Main trailer:
https://youtu.be/HrU4s-kimRo"
239,239,돼지의왕,2nd teaser!! https://www.instagram.com/tv/Caf86q1r38x/?utm_medium=copy_link
240,240,돼지의왕,Yes yes and yes sjjhhjujjhgy looooved the movie. I'm excited
241,241,돼지의왕,Kim dong wook and Kim sung gyu in one drama???? Omgggg I’m excited
242,242,돼지의왕,Kim Sung Gyu!!!!! I AM READY FOR YOU SIR
243,243,돼지의왕,Kim dong wook as serial killer omg T_T
244,244,돼지의왕,The synopsis and the trailer sound different from the animation movie so i guess it was just inspired by the movie?
245,245,돼지의왕,Ok the new synopsis is better that it sold me on the story for this drama so it’s in my plan to watch.
246,246,돼지의왕,New poster is ouuut! https://www.instagram.com/p/CaTIXqwJRoQ/?utm_medium=copy_link
247,247,돼지의왕,Kim Sung Gyu is just a piece of ART that has the SEXIEST voice and looks and also a great acting ability and I cannot wait to see this!!
248,248,돼지의왕,"To people who watched the movie and don't know yet, this drama will also explore the story of a detective (one of the two friends) who is trying to solve a series of murders in the present year."
249,249,돼지의왕,I am looking forward to this. I enjoyed the 2011 movie.
250,250,돼지의왕,"First teaser it out:
https://youtu.be/q8g-kCGc1F4

Will be so fucking dark..."
251,251,돼지의왕,"It will start on March 18th till April 23th, and will have 12 episodes!"
252,252,돼지의왕,exciting
253,253,돼지의왕,"It’s not like I have anything super against people in their late 20s to 30s playing high school students but I’ll prefer if the high school students in the drama are actual students. I don’t know, it will give it a more realistic feel. I don’t like it when grow adults in their late 20s ( I don’t mind early 20s tbh ) to 30s playing kids. Even if their acting is super good, I just can’t feel as sympathetic, I’m saying this as a 15 year old who’s experienced bullying and is still going through it right now."
254,254,돼지의왕,I watched the animation yesterday... It will be a very dark and painful drama..
255,255,돼지의왕,The posters released on TVING's instagram account!
256,256,돼지의왕,Will be on Netflix?
257,257,돼지의왕,sksksksksk i can't wait to see this drama finally ><
258,258,돼지의왕,who is playing kim chul?
259,259,돼지의왕,I read that it will release on April 18
260,260,돼지의왕,It will has two season with 6-6 episodes! ^^
261,261,돼지의왕,Yessss 12 eps!! It's going to be perfect yall
262,262,돼지의왕,I hope its not too dark...I have a weak heart. Will watch it for kim dong wook.
263,263,돼지의왕,"Don't know what to think about it, The King of king has too much violence in my taste...I was not fond of the movie but perhaps I will like it if it is adapted as a Kdrama ? + I love the actor Kim Dong Wook so I will try"
264,264,돼지의왕,Will be streaming on Netflix?
265,265,돼지의왕,"This was a surprise! I love The King of Pigs animated movie, hopefully they'll give it justice in the drama adaptation as well :)"
266,266,돼지의왕,"This will be a TVing original drama. Cast confirmed and filming begins in August 2021.
https://www.soompi.com/article/1484021wpp/kim-dong-wook-kim-sung-kyu-and-chae-jung-ahn-cast-in-thriller-drama-based-on-award-winning-animated-film"
267,267,돼지의왕,"Jamkhan! THis iS 18+!
I dunno what 18+ they're gonna show but bullying is certainly not my type of tag. Let's hope this goes well!"
268,268,돼지의왕,Great cast. Let's hope the writer and director bring it.
269,269,돼지의왕,MKAY MKAY THE CAST IS HOT
270,270,돼지의왕,uwu
271,271,돼지의왕,OMG SUNGKYUUU MAIN ROLE?!?!?!?!? DAMN
272,272,돼지의왕,Kim Sung Gyuuuuu
273,273,돼지의왕,"it looks amazing
pretty excited"
