,reviews,title
0,Ohh my God! The female lead is so annoying. She is just the worst. So full of herself. She actually did wrong to every fucking one in her life and she did not even say sorry to them. Worst Worst Worst.,땐뽀걸즈
1,I have two remaining episodes left. Some thoughts in spoiler.,땐뽀걸즈
2,The FL is really unlikable in the first half (with what she did to her Friends damn girl you're not the only one that have problem). However I totally can relate what she did in the second half (with why she break up with the ML). She just know her father's death is related to ML Father. Of course it takes time to move on. They are still young. What do you expect for love to prevails all. Just hope the last two episode does not disappoint.,땐뽀걸즈
3,"As we all can relate to Dream vs Practicality...This drama just hits so much, as a 20 yrs old who is scared for her future. I will try to find my happiness too ✊",땐뽀걸즈
4,"I know many hates the female protagonist in this drama and it just proves that the actress is very much convincing to her role and that the writer's way of introducing the character's color is effective. If you're hesitating to watch the drama because of some reason, please don't and watch it until the end. It's a very short drama, to begin with. And the realness of the scenes and the dialogues will hit you on the spot. :)",땐뽀걸즈
5,"Oh man, the female lead in this series is so unlikable. The show is not bad, but she makes me tempted to drop it at times since she is such a brat.",땐뽀걸즈
6,"Me, too! But I love how the character's colors fit together. ^__^)///",땐뽀걸즈
7,How's this drama? Is it worth watching? I want to watch this because of Jang Dong Yoon,땐뽀걸즈
8,You should watch it and you'll forget that you're watching it because of Jang Dong Yoon. This drama is very real it will hit you somewhere somehow. Please consider watching it. :),땐뽀걸즈
9,"I watched it already :) I can't say that it's a good drama, but it's not also that bad. And you're right, this is sooo real, and anyone can relate specially those youngsters who are struggling to fit in in the society, fighting for their dreams and meeting everyone's expectations towards them.",땐뽀걸즈
10,"I just watched 2 eps and this has me hooked on, definitely worth watching!",땐뽀걸즈
11,"Just an ordinary story with a slighter touch of some different scenario although Jang Dong never fail to grab audience attention but the Female Lead is just annoying and selfish chaarcter may b it's a demand and her life circumstances make her selfish enough to over come her complexity and showing her selves strong,indepdnetn and She is an arrogant girl.But dropped out the drama just because Female Lead can't be tolerate to be that negative and full of herselve only.",땐뽀걸즈
12,her answer to why she wanted to be a movie director is honestly so inspirational and touching,땐뽀걸즈
13,i just wished kim shi eun expresses herself more.......she's always having a mental breakdown....,땐뽀걸즈
14,"I hate the fl so much i just want to reach into the screen and slap her across the face. She is bitchy, selfish, manipulative, ungrateful and just plain annoying. She thinks life revolves around her just keeps hurting people around her and when caught she plays victim. She is so entitled like am not asking for much but atleast be nice to your mom for pete's sake. On the other hand i love love Hye Jin",땐뽀걸즈
15,"Park Se Wan's character?  She's the only reason I'm interested in watching this, but if her character's that bad... :|",땐뽀걸즈
16,Just watch it. The writers write her with alot of depth.,땐뽀걸즈
17,"i dont like much highschool dramas, its a personal thing, cz i hateee the phase where we used to cry alot, go through puberty and everything is a big deal. i dont like to remember what i passed through in the past. so these kinda series are not on my most wanted list. but sometimes, these drama get u caught. and make u dont take ur eyes aways. these series with magic i watch them fully and i enjoy them,  i although i dont rewatch them, but they are worth watch for the first time, the recommended dramas also i recommend to watch if u didnt watch the series already.",땐뽀걸즈
18,"I wish we got get a drama revolving Park Hye Jin. Her character was interesting and at times I wished that she was the main lead instead of Kim Shi Eun, i disliked her character a lot actually. I know that the script writer wanted to write a flawed character and there is nothing wrong with that, but she never seemed to grow out of her problematic behaviour, Still I did like the drama and Seung Chans puppy love was so cute!!!",땐뽀걸즈
19,It was great but the epilogue ruined it.,땐뽀걸즈
20,"Wait, why?",땐뽀걸즈
21,"They crammed too much in the few minutes it lasted. The whole episode was full of plot holes. The FL ML reconciled, the whole scene seemed too easy with not much feelings. The reason presented was also something like they came up at the last minute. Usually that reason entails a lot more drama and plot for resolution.Similarly Hye Jin story was handled carelessly, thus ending up in a very open ended manner. The actions she took and the times between them were completely undefined. It was like they tried to convey the character's story by showing the peaks but had to skip on the how and why to achieve it.We also couldn't know where ML ended up aside from the romance. This was a drama including all of their friends but few got closure. Overall it seemed that the series was originally meant to be longer but was cut short before production began. Thus the writers tried to cram all the good stuff at the end. The plot leading to the conclusion perhaps couldn't be cut short, if conveyed.",땐뽀걸즈
22,"This drama is one of the rare cases for me that I enjoyed it even though I didn't like the FL's character very much! She was selfish, whiny, manipulative and unsatisfied, always lying or hiding her thoughts, didn't stand by her friends (esp. Hye Jin) and didn't treat properly her mother, sister or boyfriend or apologized sincerely to anyone... Of course she admitted to some of her faults when she was confronted, but her character growth was the smallest compared to all the other girls and side characters...Overall, it was a very interesting and realistic slice-of-life school drama, with impressive acting from all the young and veteran actors and well-fitted music.",땐뽀걸즈
23,"I finished this show last night.  Not sure what to think.  The lead actress didn't evoke much compassion in me because she was mostly so angry and lashed out to hurt those closest to her.  I hated the way she hurt her mother and her sweet, overly-tolerant boyfriend who painfully suffered her tantrums and breakups after sweet, shared romantic, caring moments together.   I kept wanting her to go take Anger Management classes.I loved the dancing since it made me think of my ballroom dance class days and how I'd be practicing steps everywhere--like down the supermarket aisles while I pushed a cart.   The girls in the group felt real as they faced the reality of their futures while experiencing the giggly fun and pressures most face in high school.  Their teacher was the epitome of what we can only hope every teacher should be--encouraging, inspiring, understanding, and doing everything within their means to help each student reach their full potential.The theme message about achieving happiness was tossed around so much, in both positive and negative ways, it felt slightly watered down due to Shi Eun's relentless, angry attacks against the entire theory of happiness.  By the time the series ended, I found it difficult to give a damn if she ever found some personal joy or not.",땐뽀걸즈
24,"""not all adults are like teacher Lee Kyu Ho, so we made a promise to be someone like you to younger people""""even small fleeting happiness is still happiness""",땐뽀걸즈
25,"Park Hye Jin's ending is as sad as loony's from Prison Playbook...she tried to hold on to Shi Eun, but Shi Eun had her own problems/journey... they can't live her like this.....",땐뽀걸즈
26,Absolutely lovely drama.  Wonderful writing and acting.  Loved the look and feel of it.  I had not planned to watch it at all and what a surprise it was.  Seriously overlooked drama.,땐뽀걸즈
27,Does the ML and FL end up together????,땐뽀걸즈
29,Thank you,땐뽀걸즈
30,"I'm really confused though... Does the guy still not know the truth of why they broke up? He thinks they broke up because his father told her to, but that's not true... If this goes on, won't they just break up again.. I just don't like how she doesn't communicate what's wrong, it makes me feel like they are going to break up. Please be a season 2!!! I need to see their relationship getting stronger!",땐뽀걸즈
33,"I agree with you, Seung Chan comments just adds to the ""realness"" of this drama, but doesn't look like the drama itself is ""normalizing"" the 10 age gap? the ex did ask her to get back together (which is the writers objective)at first I thought either the age gap is smaller, or he wasn't really seriously dating her. like she ""misunderstood his kindness"" or he was leading her on. but they were seriously dating and he said he never wanted to break up..I kinda hoped her mom would've seen them and said something, or tried to punch the ex ;P",땐뽀걸즈
34,"this really came out of nowhere, I was enjoying the ""realness"" of it, but it's being so real it's like a punch to the face.. I really envy how expressive they are, even if it's a lie, it's such a well made one that you can't not believe someone would fall for it... I don't know what I'm saying xDit's like the little smiles on the side, the little screams of joy, the tears, the hugs, the fights, the little details, they just make this so real...",땐뽀걸즈
35,"This! I feel the same, that's why the characters are unlikeable (especially the female lead that people are attacking in other comments) because they seems real DEEPLY REAL... It seems like another cute mini drama but the dialogues and struggles are so true :(((( it became an example of Slice of life drama",땐뽀걸즈
36,"I'm known around mdl for always criticizing female characters, but tbh as long as they are ""different"" I like them, I don't need sweet female characters, or ones who could fight, I just like diversity ;)",땐뽀걸즈
37,The characters developments in this drama are actually great so far. I am enjoying this so much.,땐뽀걸즈
38,"I feel like they've really mellowed out the mother a lot, she was intensely unlikeable at first, at least for me, but now watching episode 10 she's much more relatable.",땐뽀걸즈
39,I hope the break up in the preview is just a temporary thing.Shi Eun and Seung Chan are cute together...,땐뽀걸즈
40,"this is just so beautiful, I can't help but tear up all throughout the ep... it's hopeful, cute, fluffy, sad and just so emotional.. and I kinda feel jealous, because they went through this beautiful life journey, does that even make sense? xD",땐뽀걸즈
41,This drama just keeps getting better with each episode.,땐뽀걸즈
43,"and the way his friends accepted him was sweet as well, they were hurt so they tried to be ""manly"" about it or something, but they soon realized their mistakes and they all cried tougher :(",땐뽀걸즈
44,I just watched that scene and was coming here to make the same comment! Seung Chan just absolutely crushing toxic masculinity!!,땐뽀걸즈
45,"ep8 was really so emotional, and they all had so much character growth.. Hye Jin is one of those rare independent female characters, and Seung Chan is such a cutie~",땐뽀걸즈
46,https://www.youtube.com/watch?v=WfhrCFUPc3gtheir chemistry be sizzlin xDD,땐뽀걸즈
47,"I'd rather watch a drama with crappy editing than one with beautiful cinematography but a boring-as-hell plot.this drama is realistic with the perfect mix of friendship, family, and romance. ya'll sleeping on this drama need to try this asap. I swear it's better than most of the recent mainstream dramas...plus it's only 8 1-hr episodes, so no room for dragging.",땐뽀걸즈
48,"lol, I thought this was a full 16 ep drama, so I was adding 1ep at a time xD",땐뽀걸즈
49,I really like this,땐뽀걸즈
50,The soft filter the use  always throws me a little bit off each time I watch coz it makes me think that the episode is a flashback!,땐뽀걸즈
51,It's now on Viki!,땐뽀걸즈
52,"I'm really enjoying this, I was even anticipating the ep all week, it's a slice of life coming of age friendship cute puppy love girl centered story, ie, my type of stories ;p",땐뽀걸즈
53,I don't like the female lead's character in this drama. She is so manipulative and condescending. The writer probably wanted to make her flawed so that they can show a lot of character growth but they failed really hard. They made her way too dislikeable. Her character is more fitting for an evil second lead who redeems herself later. I'm not rooting for her at all. They should have made Hye Jin the main lead instead. But the actress is doing a good job. Just the writing is the problem.,땐뽀걸즈
54,the writing is fine. it made the drama seems more realistic .,땐뽀걸즈
55,"You can of course disagree. Everyone has different tastes. But for me her character is too much. I find manipulating others to reach your goals pretty evil and it's making it impossible for me to root for her. She feels like the type who would step over everyone and everything to get what she wants. In high school setting she could totally have been a bully. I wouldn't want someone like this to have around me in real life. It would have been completely enough to make her think lowly of the others in her mind and misunderstand them without lying, manipulating and even blackmailing. That would still have allowed enough character growth.",땐뽀걸즈
56,"@Lara Ah, yes, of course. lets bring out each opinions. I do hate characters like that. but, still, it even showing more how good the writing is. beside all of her bad behavior, the writing delivered a background of it in a very good way; her family--her mom, her dreams. that youth when someone had some selfish behavior. often occur in real life.  the main characters not always must have an acceptable behavior, though. its all about how things would be settle down. Really, i don't think i can  explain it clearly. im not good at this. Just watch the 7-8th episodes. maybe that would help more.",땐뽀걸즈
57,"@Dang Yes, it's precisely because she was so awful, it makes it all the more powerful when she admits to her faults. If she had been just slightly disagreeable,  it would have made this story bland and trite.Teens especially need to see stories about no matter how awful you have been, you still have a chance to grow to be a good person. But you have to start by admitting you were wrong. And Shi Eun does. It takes her a while, but she gets there.",땐뽀걸즈
58,"hope it doesn't have romance, focus on the dancing!",땐뽀걸즈
59,ooh i found this i should watch it soon cause imma going vacation,땐뽀걸즈
60,does it have romance ?,땐뽀걸즈
61,Not yet(after first 2 episodes). Something may develop with the ML and FL over time though. There seems to be something natural with them.,땐뽀걸즈
62,oh ... thank you,땐뽀걸즈
63,I'm pretty sure there will be romance. Seung Chan seemed flustered when they danced together and Shi Eun leaned on him. He either likes her already or will come to like her soon.,땐뽀걸즈
64,hoping for that to happen... thank you,땐뽀걸즈
65,"about the song something like "" ballet tonight, Vamos Vamos "" did anybody know the exact name of that song.?",땐뽀걸즈
66,"This show is currently flying under everyone's radar due to the much higher profile dramas being released at the same time. But still, this is a quality show with very good writing that should earn strong recognition. Nice high school coming of age type story so far(3 half hour episodes ).Also, the actress that plays Kim Shi Eun's mother(Kim Sun Young)is an acting goddess.",땐뽀걸즈
67,"lol, this is really funny, and Seung Chan's little puppy love is adorable,  Shi Eun is kinda a creepy two-faced (manumitting her friends and giving  them mean nicknames while pretending to be nice) but it's refreshing xD and I like Hye Jin, she's different too..",땐뽀걸즈
68,"I have waiting this drama for month because My fav writers in KBS drama special  team up with my fav PD. And man, so far I'm not dissapoint. I have so much trust in them to deliver a good relatable drama. Kwon Hye Ji has shown her potential in KBS drama Special and her short drama Individualist Jin Young is so  lovely.  So far, as expected, relatable and unique character, good ensemble cast, hillarious line, and might be some heartfelt scene in upcoming episode. The writers seems excel in high school drama concept because she nail the environment and the conflict she bring. Does it will be a roller coaster ride? Hopefully.",땐뽀걸즈
69,This one took me by surprise. It had a good and solid first episode. Also I love how the Playlist and other web drama actors getting their roles in dramas. So far saw two actors/actresses like that here in the first ep itself.,땐뽀걸즈
0,When Your world populated by full of powerfull people to the point your world makes you feel small your dream seems so BIG and you seems unable to achieve with of what you have you face real struggle and the weight seems getting heavier each step you take The obstacle getting bigger and your small body and mind is no longer can handle it Without knowing you are looking the light in a dark of a cave You seeks Opportunity and hope when you face full of pessimism people that almost take you down Every people need escapism These student find their escapism in dancesportsgirls a club which almost getting eliminated in their school Girls commercial due to less people interested in and getting overlooked by others In the end this club is the one who give them the happiness they crave even if it's just for a brief moment and the little glory that give their hope up For every reality you face Money powerfull and selfish people pessimism bad environment There is Escapism and someone something you can rely on as your grip Shie EUn has it in Dances sport girls club Great Teacher Seung Chan In this worlds is hard to find it But when you find it try and achieve your dream so might be someday you will be the one people could rely on and become their hope among endless array of pessimism This drama have great message Each episode you will be an awe of each the storyline and the realism the writers put in each character This is one of many aspect that makes a drama special There is a lot of writers who seems excel to create a believable and cohesive story but they lack soul and heart that make a good story become great This drama has both from the first scene until the last one credit rolling without giving us useless gimmick more focus to the overall narrative The only aspect I think is lacking is I wish KBS give the writers more episode to give this drama more justice so some conflicts would be unfold more subtle and believable But overall another great project from the writers among her other drama KBS Drama Special I hope My Favourite writers will get another awsome project from KBS or any TV station despite the low rating this drama got She is awesome Read More,땐뽀걸즈
1,To say I was surprised is an understatement I walked into this drama without reading the synopsis but I figured it would be along the lines of Sassy Go Go or School which both leads had supporting roles in Definitely real At moments heart wrenchingly real I watched this all in one go but I think if I had been watching it as it aired I might have had an issue with the pacing of it Acting Superb Honestly I wasn't too surprised with the leads Park Se Wan has always delivered in her support roles she just has that presence It was only a matter of time before she landed a lead Jang Dong Yoon was amazing as well he's kind of a veteran to the student role Side Note I really want to see him in a drama next year where he is not a student A Poem A Day does NOT count he's essentially a student The chemistry between them was lovely The supporting actors were impressive as well Just so sweet It melded really well within the scenes The only reason I didn't rate it as a is because there wasn't any song in particular that made me stop the episode to find and download it and then continue on to listen to it a million times Rewatch I loved it they did an excellent job with this drama However for me this isn't the type of drama I could rewatch Just an unexpected treat to find at the end of the year The only minor thing is I really don't care for the time skip trope as sometimes its used needlessly However I think this drama could have made it work in the final episode Read More,땐뽀걸즈
2,The hidden Gem It suprised me It was real there was no cringe or dramas The frienships the family ties even the love story was so real I really loved it With Just episodes it left me wanting for more But now that i think about it would have been too much It was just the right amount of slice of life The ending it was moving on from one chapter in life to another but that ending was soo memorable thanks for giving me an hidden gem The hero did a great job With no acting background he is doing a really great job Was this review helpful to you Yes No,땐뽀걸즈
3,When I watched this drama I wasn't thinking of anything as significant that would make me stay To be honest episode and were like that I don't really enjoy many slice of life variations of any kind Well i just haven't had the time to explore as much But when I gave this drama some time and some effort i found myself enjoying it It actually effected me more than I thought it would I came to relate to the character Kim Shi Eun At first she gave me vibes that I wouldn't like her because of how she was using people for her own personal gain But then I thought Isn't that how society is We as humans we desire so much we do anything to get it Which means we hurt others I liked how as the story progressed the character matured it was refreshing inspiring In this drama the main focus wasn't just on this character it was on the other girls that were part of the Dance Sports club Their struggles their strengths their shortcomings It made me cry because their situations were almost similar to mine and it made me find comfort in this drama On a personal level I connected with each character It sounds cheesy I know but this drama really captured youth in a memorable and approachable way One thing I also loved about this drama was the sweet little romance between Kim Shi Eun and Seung Chan It was maybe a bit misplaced but being a romance fanatic with all the life situations going on i think it was a nice feature It's the first time that a drama has ever come close in making me feel so reflective about my own life I believe this has got to be one of the best underrated drama I have currently watched To close this review I would like to say that If you are stumbling upon this drama I think you should give it a go It's a nice change especially for all the young people like myself who are struggling either on their dream or life itself It helps us relate and not feel like were the only ones feeling like this In the last episode when Kim Shi Eun was in her interview she talks about how a movie is like a fake fantasy to give those a chance to have a small bit of happiness so they can escape reality even if its for small amount of time I found that beautiful As someone who inspires to create the same type of fantasy for someone to have even just for a small amount of time using the power of words that description stuck with me And that's what this drama has achieved in my opinion Opened a window for me to be understood and related to by using fictional roles That alone has given me a small bit of happiness and made me feel more determined and that's why I believe you should try this drama out Read More,땐뽀걸즈
4,A great slice of life drama It's short it's dramatic it's about innocent teenage love and hardships so it's just perfect if you like more realistic dramas The only fault is the leading lady at first She was annoying and too egoistic thinking only about her own gain and using everyone However she overcomes a major character development and she grows up Being a part of the dancing team helped that The later was such a clever way to introduce the girls and their lives as well as backgrounds and their friendship The final concusions of their stories were satisfying as well except of the love story that had a weak ending The cinematography moreover was perfect for the mood of the drama Read More,땐뽀걸즈
5,I have grown out of school dramas I don't enjoy them much but Wow this drama is so my type A beautiful and melodramatic friendship and life story Plus an artistically portrayed cinematography Every episode is shot like a movie It has music that you think this is not wow but it greatly grows on you I really cried so much for this drama both when it felt sad and happy really so many hot tears And smiled so wide so many times I ve grown to understand and empathize with everyone so deeply My heart feels so full when I watch it And though the main character s personality and actions may not be understandable by many I can personally relate to them This drama is all about the feelings it gives The story is short simple and have some holes but the honest emotions and the way the story was told makes up for it that I didn t mind it very much It is something that I would have loved to watch when I was in school but I don t think I would have understood and appreciated it as well as I do now Read More,땐뽀걸즈
6,I came to watch this drama because of Jang Dong Yoon his role in The Tale of Nokdu made me curious about his acting skills and now I confirmed it that he is really a gem in acting but while watching the drama I was hooked by each characters' story I hated the female protag just like everyone else but I wanted to know her reasons I disliked the other girls but I came to like them because of the beauty of their pain and their story While watching this drama I often point it out to myself that yeah I was once like that too and yeah I thought like that too somehow The reality of the drama is very convincing that I found myself in the shoes of the characters and made me thought I was like that when I was younger Life is really hard and full of hardships just like what the drama depicts but it is also full of overcomings I hope you'll consider watching this drama and may you go for your dreams and not let the obstacles stop you Read More,땐뽀걸즈
7,Love how this drama showcased real struggles that teens face marginalized or not Some kids are just strong willed while others need a lot of handholding I liked how the mother daughter relationship was so honestly portrayed although I really can t wrap my head around the reason why mom was so against her daughter s college education I find it contradicting that she fought for the principle that her husband is not a selfish person to take his own life and leave his family She went through hell and high water to prove that his death is the company s fault and yet she won t let her daughter go to college because they would be separated Isn t that SELFISH I sincerely hope the subs may just have lost the real meaning in translation I love love the acting Some folks have mentioned the FL was so disrespectful to mom I agree she was but that was partly brought about by her frustration It gives her no excuse to judge mom the slap from sister is well deserved but mom should have been more supportive too How would you feel if your older sibling was given the opportunity and just because unnie chose a different and not so glamorous path that the only one option for a better life was pretty much forced on you Because of her youth the FL s idea of happiness was initially naive and immature I was glad she concluded that no matter how little happiness it is still happiness in the end so it s okay to pursue it for whatever it s worth It s just heartbreaking how many times she broke our sweet ML s heart in the process I DID NOT LIKE the ending it was definitely rushed The writer could have easily added another or more episodes There are so many loose ends that it is confusing What about Hye Jin Did Eun Shi ended up in Geoje she opened her window to the familiar shipyard view in the last scene Was she really told not to date the ML Did mom and the manager just continued hating each other till the end The writer did not really show how close her husband was to the manager I could have understood the mom better if the backstory was told but I guess I could read between the lines The short lived happy and sweet couple moments made up for my frustration but if this was real life I don t think those two would end up marrying each other Read More,땐뽀걸즈
8,Short and sweet I don't usually watch slice of life coming of age dramas cause they can be too realistic for me and I watch dramas to escape but this one is worth the watch it's short and sweet with a nice message and heartwarming characters The positives The romance was very freaking cute cause Jang Dong Yoon is so freaking cute The relationship between the teacher and the girls was so wholesome and heartwarming and the relationships between the girls felt realistic and relatable so I liked them a lot The negatives The mother daughter relationship was too strained for my liking I really disliked the mom most of the time The protagonist changed her mind too many times too quickly till it became annoying but overall I liked her The story is very simple yet poignant I think we've all been in similar not quite the same situations or experimented the same feelings as the girls and boy in the drama which made it very relatable for me in some aspects But at the same time it has a very positive sweet and feel good vibe and the fact that it is based on a true story makes it even sweeter BUT It has its annoying repetitive and draggy parts though Cast the cast did a good job Jang Dong Yoon ML is just the cutest EVEEER but most important than that he is such a good actor my favorite kind of actors are the ones who emote really well and oh boy does he know how to emote I don't need the show to spell it out for me to know what his character is feeling Park Se Wan FL was good too as always The only weak point for me was Lee Joo Young Hye Jin is not that she was awful or anything but she could have been less wooden It wasn't the best nor the worst not memorable enough for me to rate it higher but not necessarily bad Rewatch value Since it's fairly short and a feel good story it's possible I'll rewatch it eventually Also the romance scenes are so cute that I'll revisit them fairly often for sure Watched on December Read More,땐뽀걸즈
9,This drama was literally a workout for my emotions My eyes kept on sweating This drama is not just about some high school girls and some random drama going on between them like it is in other dramas This is a wholesome drama that teaches you life lessons After watching too many dramas I start to see a pattern which is that there are people who are all good and people who are all bad and the story becomes the conflicts between them Those are people who are just unnecessarily mean by nature and it is nearly impossible to reason with them However reality is not like that Reality is about people who have their own perspectives Everybody has a reason why they act the way they do and I feel that this drama depicts that extremely well Every person in this drama has their own flaw and their own different personality that is full of colors After experiencing that emotional roller coaster I personally began to realize how fortunate I am to live the life I am right now Through this drama I became every character When the character was sad I would cry for them and when they were happy I would still cry of happiness Although this may seem cliche this drama is well worth watching The character development is real I feel that this drama deserves more than it got It depicts the unrepresented suburb population of Korea that is rarely ever shown and it warms my heart to watch such a drama It is a drama that I will probably never forget I recommend all users no matter who you are to watch it Read More,땐뽀걸즈
10,Time to have fun and start dancing You probably would enjoy the movie,땐뽀걸즈
11,A great slice of life drama It's short it's dramatic it's about innocent teenage love and hardships so it's just perfect if you like more realistic dramas The only fault is the leading lady at first She was annoying and too egoistic thinking only about her own gain and using everyone However she overcomes a major character development and she grows up Being a part of the dancing team helped that The later was such a clever way to introduce the girls and their lives as well as backgrounds and their friendship The final concusions of their stories were satisfying as well except of the love story that had a weak ending The cinematography moreover was perfect for the mood of the drama,땐뽀걸즈
12,The actors are really talented When my friends were telling me about Korean drama and they were saying it's very good I always thought they are overreacting And i used to say to myself too rich for my blood Why would i read subtitles all the time But now i see what's the fuss is about I'm hooked I wil start to learn Korean now,땐뽀걸즈
13,My first review but just had to since I really am enjoying this Actors do a really great job very well produced and directed Not only a story about a dance team but how it changes the lives of everyone involved,땐뽀걸즈
14,Good Enough,땐뽀걸즈
15,it's the first Korean drama for me i really enjoyed it,땐뽀걸즈
16,Coming of age story suprisingly good,땐뽀걸즈
