,reviews,title
0,"The first episode is killing me xD the way Gooyoung and Miyoung behaves is just like me when I'm trying to cook at home, I had to always ask my mom where did she put the stuff because I'm really clueless where that stuff going even though I live there too. And that thing where Gooyoung's mom can't throw away stuff and thought that e~verything can be fine once they go to the fridge, OMG that's so my mom! It makes me thinking, does all mom in the world behaves like that or what?Anyway, the first 3 episode is kinda solid even though the way Sarin handles the pregnancy is kinda uncomfortable to me. I mean,  the more you thinking it negatively, the more it will come out badly. It's already happened so rather than harm your baby by keeping yourself depressed about it, it's better to accept it, move on and find the best way out of it. Like planning for the future once the baby's come, how to handle households while working and split duty between her and Gooyoung.",며느라기
1,Hi. Can I know where I can watch this drama?,며느라기
2,"You can watch it on KakaoTV or Watcha but since all of that are korean streaming platform and only available there we can't access it unless using vpn. I watch it on Watcha using vpn. There's no international streaming platform that has picked this up yet. If you want to wait, you can wait for the engsub version of it because I'm in the middle of subbing this season too. But we haven't finished subbed the previous season due the lack of resources, so it will takes some time.",며느라기
3,"@kamjura Hi, where i can se season one and two with english sub?",며느라기
4,"@Chiara Chiessi Hi, we're still working on this but we've released the first 6 episodes of season 1 so if you want to know the links where to watch it, you can message me cause I can't share it here I'm afraid. But if you want to wait till we worked on both season, that's cool too I will let you know through here. We'll try our best to finish Season 1 so we can move on to work on Season 2.",며느라기
5,@kamjura Ok. I understand. I can wait until you worked on both season. I'll write in the future. Thank you,며느라기
6,@kamjura Hi do you mind to share the link? Its okay via direct message. Thanks,며느라기
7,@Bai Ying Hua sure! I've replied your message :),며느라기
0,can you send me the link too? thanks <3,며느라기
1,Where can I watch this with English subs?,며느라기
2,"why the rating only 8, so underrated. This drama need to be more appreciated",며느라기
3,the pregnant sister in law is my hero,며느라기
4,"We want to let everyone know that we've subbed the first 6 episodes of this. But I'm afraid I can't share the links here publicly so if you want to know the links where to watch it, feel free to message me ^^",며느라기
5,"They really portrait a perfect image of how a daughter-in-law's stand, how they're not able to say no and everything. It's not a romance, watching this made me feel depressed and think triple times before getting married haha I mean, I know it's just a fiction, but still it can happen to everyone who's lived in a country where almost everyone still holds the patriarchal values. I'm glad in the middle, they show a different perspective of their family, especially her mother-in-law. I hope they show us the dynamic of their family more in season 2",며느라기
6,"For people who's looking for the english subbed version of this, you can hit me up. I'm in the process of fansubbing this one because there are no official subs for it yet.",며느라기
7,"Waiting for the subs, do let us know when you are finished. Thanks!!!",며느라기
8,"Hi sorry for disturbing, but may I know where to watch this drama? I've been looking this drama for a while and still can't find it. Thank you and stay safe",며느라기
9,@DorianGrey101 got it! I'll let you know through direct messages for the links,며느라기
10,"@ayakahana you can find it on kakaotv, wavve or watcha but as you know all of those streaming services are only available in korea. you can try to use vpn if you want",며느라기
11,Oh! that's amazing I've been looking for a place to watch the episodes since it released and still haven't found one :(,며느라기
12,@kamjura Hey!Can you provide me the link with English subtitles :),며느라기
13,Please let me know when u finish the subtitles! ☺️,며느라기
14,definitely interested subs if you are working on this!!,며느라기
16,"@Dramadrama Yeah, there's no international streaming platform that picked this up yet so we decided to fansubbing this :) We've subbed the first 6 episodes of it, you can message me for the links ^^",며느라기
17,@Ivy oh thank you :) we've subbed the first 6 episodes of this so you can message me for our site links ^^,며느라기
18,@kamjura Someone sent me a message with a link but I'm kind of wary about opening random links?,며느라기
19,"@Ivy oh yeah that's maybe eunji86, she's one of our team's member. don't worry, the links are safe :)",며느라기
20,@kamjura yeahhh... it's me... don't worry... i did it as an encoder... the links are safe :-),며느라기
21,can you send me the link too? ive been waiting for this! tysm,며느라기
23,I'm just about to start this (thanks so much for the subs!) I have a feeling I'm going to be majorly frustrated by her husband but we'll see!,며느라기
24,Hi! Can you also send me the link? Thank you!,며느라기
25,Where to watch this one? They already confirmed s2….,며느라기
26,"hi, we've subbed this up to the episode 6 ^^ I could message you our site link to watch it :)",며느라기
27,Where is this drama?,며느라기
28,Where can I watch this?,며느라기
29,"hi, we've subbed this up to the episode 6 ^^ I could message you our site link to watch it :)",며느라기
30,hello! may I have access to your site link? thank you!,며느라기
31,@amirah of course! I've sent you a message :),며느라기
32,Not a bad drama. It deals with marriage & the relationships between spouses and in-laws. After watching just a few ep. I can see why South Koreans are heavily against marriage/kids. Their values are still rooted in chauvinism & patriarchy. Also the daughter-in-law is expected to do everything. Yikes.Also I can't get over Sa Rin's ridiculous hairstyle! It looked so much like Darth Vader's helmet LoL. Park Ha Sun is married to actor Ryu Soo Young & he's a sweet husband and doting dad.,며느라기
33,Do you have online link of this drama with english subs?,며느라기
34,Request form:https://help.netflix.com/en/titlerequesthttps://support.viki.com/hc/en-us/articles/360034633713-Request-a-TV-Show-or-Movie,며느라기
36,I guess people are still waiting for Eng Subs... Haven't been able to find them so far.,며느라기
37,maybe on dramacool? I haven't checked yet,며느라기
38,Its not on dramacool.. thats a very basic website where I searched.. Its not on Dramacool or Telegram.,며느라기
39,"hi, we've subbed this up to the episode 6 ^^ I could message you our site link to watch it :)",며느라기
40,Sure. Thanks!!!,며느라기
41,Park ha sun actually went to my little old boy and promoted this drama. But it’s useless if we can’t watch it lol,며느라기
44,"Just leaving this here: even if you don't know Chinese, if you have watched enough romance/marriage dramas, you could probably just watch the Chinese subbed ones and still understand.",며느라기
45,"Another freaking Kakao drama... we have to hope for the equivalent of the Ji Soo fan who translated and uploaded the episodes onto a FB fan page for Amanza, I guess... Way to make the global kdrama audience hate you (on their own website they have pretty aggressive blocking and no subs so even kdrama lovers IN South Korea can't watch til they are fluent, I guess). I get loving your own kind and all, but it's lost money, a lot of it based on the success of Love Playlist sorts of shows!",며느라기
46,"yes, but it may be that dramacool adds it to the site after",며느라기
47,"Still, shows only relying on fan subs when plenty of SK staff are quite fluent in English, especially people involved in webseries/new small works since they tend to have younger staff... it's a pity. Why -not- put it on YT and rake in $$ for it?  I can kind of see why they won't use Naver or Vlive IF they believe they're direct competitors, but Google is kind of everyone and no one's competitor at the same time. They could also toss it to Viki (pretty ideal for webseries), Amazon Prime or Netflix for a really modest profit. It's just strange and self-defeating to ignore and block half the people who'd be viewing it raking in ad $ (after all, they get nothing from dramacool, kissasian, etc-they're all illegally uploading it and adding whatever subs they find around, making their own $ from ads on their pages). Kakao's just being foolish to me with these webseries.",며느라기
48,"The title is listed on dramacool as ""The In-Laws"" but no episodes have been updated yet..",며느라기
49,"The title has changed... Okay, I haven't found it, but I'll search under the new title.",며느라기
50,there's no eng sub?,며느라기
51,I wanna watch this.. But where,며느라기
52,Where can we watch it?,며느라기
53,It's on KakaoTV but no English subtitles available.,며느라기
54,why has no one given it any rating?,며느라기
55,they probably haven't watched it yet,며느라기
56,"i guest so, I cant find where to watch either :D",며느라기
57,Where can we watch it?,며느라기
58,"God help us all, if we have Moon Hee Kyung as a mother in law. I don't want to be cynical or critical, but do we need this story even in 2020? But for the sake of Kwon Yool, this should go hit, as he is long over due for a lead role.",며느라기
59,Released?Where can I watch this?,며느라기
60,"What a horrible hairstyle!!  She looks just like Lord Farquaad, from Shrek.  (>.<)",며느라기
61,I decided to watch this drama because of her hairstyle. It looks unique and cute on her.,며느라기
63,are you watching the drama? where have you seen him because kakao limited his access Foreign!!,며느라기
64,Latest episode from her IG it is normal. Maybe there's a time jump or flashback.,며느라기
65,"The way I laughed out loud, Lord Farquadd must be setting trends!",며느라기
66,This one seems funny I think I am on board for now,며느라기
69,15 minutes per episode that’s kinda weird cuz when I see the cast I thought it’s the 1 hours per episode kinda drama,며느라기
70,"I guess because it's a web series, they kept it short",며느라기
71,Only one ep,며느라기
72,"The details were updated, there will be 12 episodes @ 15min/episode",며느라기
