,reviews,title
0,This was really good. It sort of reminded me of school 2015 but this was more intense. I did not expect that plot twist. That means the entire show was just a figment of her imagination while she was dying. She didn’t get found till it was too late:( it’s sad,모두그곳에있다
1,I just watched it. And OMG! The scene in the end threw we off guard. I didn't expect that. But it was really good. Totally recommended.,모두그곳에있다
2,this really need to turn into a drama or a full movie,모두그곳에있다
3,The very last scene threw me off. Like who died?,모두그곳에있다
4,The girl was dead from the begging. Everything was in her imagination.  + mark your comment as a spoiler 🤭,모두그곳에있다
5,OMG THE TWIST WTF?!?!?!? SO WHAT HAPPENED IN THE END OMG SOMEONE HELP ME,모두그곳에있다
6,jeongui being evil or not.. still so damn cute her smile her dimples ahhhhhhhhhhhhhhhhhhhhhhhhhhh,모두그곳에있다
7,"I really liked and enjoyed, I recommend it so much. Btw it was so short for me, I was enjoying it so much that the time passed so quickly.",모두그곳에있다
8,Where can I watch it (eng subtitles)??,모두그곳에있다
9,"Idk I watched with Spanish subtitles, but maybe is on dramacool, sorry",모두그곳에있다
10,@thegrisha I already looked on dramacool but it's not there,모두그곳에있다
13,woooow this is extremely good! That ending is offering twist after twist. Very well done 10/10,모두그곳에있다
14,or so yeon really had a twin sister?,모두그곳에있다
15,"from what i understood, her twin and the counseling teacher was illusions? so it was a personality disorder 3 in 1?",모두그곳에있다
16,Where can I watch it with english subtitles?,모두그곳에있다
18,"So let me summarize what i understood about the ending: after the police station, actually she was schyzophrenic and the other 2 aren't real, then actually they're real, then actually it was her dying dream and none of it happened (since the ""save me"" in the ending is the same as the beginning). This doesn't make any sense.",모두그곳에있다
19,"A brain that is swollen and hemorrhaging will fall out of sense fast... but schizophrenia isn't the disorder; it doesn't mean split personality-dissociative identity disorder is what you were thinking of; schizophrenia is a whole other beast. :) There's room for interpretation, but the most straightforward one is yes, it was her delusion in her final hours, her brain making a story there as she was dying all alone, fading out of reality and found too late. I am guessing some of what we saw was her memory, though-ie it wasn't the first time this had occurred even if it was the last.",모두그곳에있다
20,what happened?!! huhuhu,모두그곳에있다
21,I don't understand why it's season 3? Do it have seasons 1 and 2?,모두그곳에있다
22,No it's drama stage season 3 ....this particular doesn't have more parts ....it's like there are other drama stage,모두그곳에있다
23,why isn't this a movie but is a tv series instead,모두그곳에있다
24,"Drama specials are short usually 1-2 episode (but some like EXIT, Page Turner, etc are longer) made-for-TV ""movie equivalents"" that come in big batches-basically TV anthologies, stories sometimes (ie SF9) all around a theme, other times just independent small works or in tvN's case they take script submissions for it and choose several to make. Some feel like small budget movies, others like mini-dramas... they aren't box office/DVD content, just television (apart from maybe some getting put on DVD years back when foreigners bought such things vs streaming). They are created by/for a TV station and they air the series of them at a regular drama time slot-they often scatter them between bigger series or just do a few months of weekly 9 or 10pm specials air (there are usually 8-12 titles for each ""season"" [and they do 1 season most years] depending on the network).",모두그곳에있다
25,I still don't understand the ending :/,모두그곳에있다
26,"From my understanding, everything that happened throughout is her fantasy during her dying moments. She actually died in the end",모두그곳에있다
29,this was so fuckin great guys itss so freakinly worth watchin - this ep needs more attention but this was my typa shit,모두그곳에있다
30,Please someone share me the drama with downloaded subs plz,모두그곳에있다
32,Its not working please give a solution plsss,모두그곳에있다
33,"@Bts Lover idk why, mine is working",모두그곳에있다
34,@ExplorePorrito Its working but no eng subtitles why??..,모두그곳에있다
35,"@Bts Lover wait, theres cc down there",모두그곳에있다
36,@ExplorePorrito Ohh i will see it then,모두그곳에있다
37,@Bts Lover press to turn on ur sub,모두그곳에있다
38,thank you for the link :D,모두그곳에있다
39,"@ExplorePorrito pls help me out , i have been searching the eng sub for months now , i am so unlucky ,even wen i found it at last ,its aint working , pls help meor else can upload the video version this is thru drive",모두그곳에있다
40,"@bad bish divi i meant can u either upload the video version,cuz its been an hour since its loading",모두그곳에있다
42,"@bad bish divi hi! i don't know if you have already watched this, but I think I figured out why the eng subs aren't showing up for you. I tried watching it from drive on my phone but I didn't see the subs. But I switched to my computer after and tried again, this time I got a CC suggestion. I don't know if this will help, but I hope it does!",모두그곳에있다
43,"Can anyone please tell me or enlighten me about the Ending? pleasei really didn't get it.. ?is she dead already from the start? so what i watched is only an imagination? from the detective's imagination? or what?if it's only an imagination, then what really happen to that bully girl at the hospital? is it also an imagination?please help..",모두그곳에있다
44,i think it is  a open ending for me.  They left the end to the audience. For  me she was not dead in the entire time. She died for me when she said goodbye and got on the airport and then there found her dead body in the forest. Because she got into the car the and the teacher drive her to the airport and the teacher was an imagination. I think it was all her imagination of getting revenge before she died.  I only wanted to share my opinion hopefully someone can tell there theory.,모두그곳에있다
45,"if you have not yet, you can go to https://ww2.kissasian.ai/drama/drama-stage-season-3-episode-8 and download the drama, then go to https://subscene.com/subtitles/drama-stage-2020/english/2216734 and download the subtitles. I recommend trimming the whole movie forward 21 seconds before adding the subtitles through video media player, then it will sync up",모두그곳에있다
46,Can you share that downloaded video plz in my regiin subscene in not available,모두그곳에있다
47,How do you download the drama ??,모두그곳에있다
48,"Hey ,do you have a facebook account or insta account cause i really want to watch this movie,but i don't know what to do with the subtitles ??",모두그곳에있다
49,Did anyone find where we can  watch this?,모두그곳에있다
50,"Use subscene to download subs.   Then, download the episode from somewhere else and append the sub file to it.",모두그곳에있다
51,where I can watch it with English subtitles,모두그곳에있다
52,It’s been in my watch list since idk and i’m finally back here but have no idea where to watch this. Y'all where do u watch this?,모두그곳에있다
53,"This drama best part is in ending, it has unpredictable plot twist",모두그곳에있다
54,I got lost in the ending. What really took place?,모두그곳에있다
57,thank you so much for this!!!!!!!!,모두그곳에있다
58,@nullberry can u tell me how u got it,모두그곳에있다
59,"@nullberry i need it very badly pls dont ignore ,i have been searching for eng sub eps for months",모두그곳에있다
60,I've watched this one n got goosebumps bcz of its endingI was wondering whether it's soo yeon who ended herself as the police didnt really see where she left. It's really shocking that she called her different self bcz of the bullying,모두그곳에있다
61,"Did you watch this with eng sub? If so, then mind sharing the link?",모두그곳에있다
62,"if you have not yet, you can go to https://ww2.kissasian.ai/drama/drama-stage-season-3-episode-8 and download the drama, then go to https://subscene.com/subtitles/drama-stage-2020/english/2216734 and download the subtitles. I recommend trimming the whole movie forward 21 seconds before adding the subtitles through video media player, then it will sync up",모두그곳에있다
63,@IndyBean Thank you so much!! Much appreciate that :),모두그곳에있다
64,@IndyBean How do I add them together?,모두그곳에있다
65,are there seasons 1 &2? why arent they linked here?,모두그곳에있다
66,"tvn has several drama specials per year, so s1 was 2018 drama specials and s2 is 2019 drama specials, and s3 is for 2020",모두그곳에있다
67,"so they arent connected plot wise, right?",모두그곳에있다
68,"@requlus yes, they are not connected.",모두그곳에있다
69,Can't believe the protagonist is 6yrs old... For such a young age to want to commit suicide... What has the world turned into?,모두그곳에있다
70,"She 16 years old 😀 and age doesn't really matter if the person is suicidal. We have different pain after all, maybe suicide is the only answer they know :))",모두그곳에있다
71,Mhm.....this is similar like Who Are You: School 2015!! But still watching it hehe,모두그곳에있다
72,where did u watch it? can u give me the link please?,모두그곳에있다
73,Did anyone find it,모두그곳에있다
0,Good short movie It was good Well it made me clench my fist everytime the bullying scene appears Acting I'm not a pro in this case But judging from how much i got immersed into the story the actors really did a great job If you think it's boring just keep watching It's getting better Just dont try to think of whats gonna happen next and go with the flow you'll enjoy it Well at first i dont understand what the ending but after rewatching i kinda get the hang of it Was this review helpful to you Yes No,모두그곳에있다
1,Sometimes when you try to heal a pain you just daydream about a thing that makes you feel safe and comfortable Until you realize that is just your power before you die,모두그곳에있다
2,Plot twist macam apa ini,모두그곳에있다
3,head in hands im in confusion,모두그곳에있다
4,Watch it come back to me The plot twist is harddddd and legit made me cry Korean writers are really eating the us up,모두그곳에있다
5,Hahaha you deserve that girl Love the plot and storyline also No Jeong Ee is so beautiful,모두그곳에있다
6,confused sumpah,모두그곳에있다
7,CONFUSION,모두그곳에있다
8,story of my life everytime im in the edge immidiately always thinking about a lot of things that i could do all i capable of doing in the future but back again to reality ive trapped i have no power,모두그곳에있다
9,this is just so sad tragic heartbreaking distressing it weighing on my chest,모두그곳에있다
10,a really confusing ending,모두그곳에있다
11,so to summarize she was already dead from the very start,모두그곳에있다
12,i think the plot really great if you middle schoolers to high schoolers this movie is about a girl who getting bullied until she hospitalized but the school doesn't wanna this case getting blown up so it hide it the movie really portrayed the effects of getting bullied and its effect,모두그곳에있다
