,reviews,title
0,Jung Moo Sung and Park HaSun's chemistry is really good as well,뫼비우스:검은태양
1,Su Yeon really deserves some air time in the main drama,뫼비우스:검은태양
2,This one was better than the main drama I guess. Just short and sweet,뫼비우스:검은태양
3,Why is the rating so low?Did people watch this without watching the actual drama?,뫼비우스:검은태양
4,"Much better than the main drama because there were no unnecessary characters so it was more like a spy drama. The main drama should have continued with these sidekicks alongside Nam goong min . If they continue with that inexperienced girl in the first season, I hope there will be no more.",뫼비우스:검은태양
5,"Should I watch the main drama ""The Veil"" first - or this spin-off first?",뫼비우스:검은태양
6,"Even tho Moebius is a prequel to The Veil, you should watch The Veil first to understand better the whole story and the characters.",뫼비우스:검은태양
7,ok - thanks!,뫼비우스:검은태양
8,"I can't get why saddest dramas are the best for me, but it's true. One of the best drama, for me much better than The Veil itself. Moebius left me speechless. I can't express my feelings. But Moebius left a big mark in my heart. 10/10",뫼비우스:검은태양
9,"This spin-off was really good, and gave some excellent background for the main drama.  We get to see just how cold-hearted Do Jin Suk was in her days before she became commissioner, how Soo Yeon met Kyung Seok, and how her complicated relationship with Jang Chun Woo developed.",뫼비우스:검은태양
10,"Can't not mention the OST , it felt so good to hear it again ! Matches so well with the story ( both main story and the spin-off ) .",뫼비우스:검은태양
11,"What a great first episode of the spin-off !Here are my thoughts :1) In the veil soo yeon seemed to have a pony tail in the flashbacks , while here she had the same hairstyle as she had in the main story 2) People will find this spin-off easier to digest compared to the main story because it has just one thing going on 3) Commissioner Do is even more unlikeable here XD , she's so ruthless , but that goes to show how well Jang youngnam played her4) I personally think this spin-off should have been included in the main story , it would have explained things so well5) You cannot watch the spin-off without the main story or vice versa because both are needed to complete the story . 6) I also think this was just as good as the main story , so the people who seem to be comparing both as if it's a competing fest , they are from the same family ( a parent story and a child story ) for goodness sake . Don't do that . You can praise something without comparison .7) Chun woo * internal sobs * i cannot tell you how sad i was when he died in the main story even though we saw so little of him .8) Soo yeon's character is very likeable here , for all those who couldn't stand her in the main story , you should watch this , it'll change your mind for sure !9) I thought at first that the spin-off will be about their mission in china ( reference to the main story ) but it wasn't 10) Chun woo and goo pyung's comradery reminded me of Ji hyuk's team T-T *cries*11) I liked kyung seok's character too ( though we know from the main story how he was following orders just as dong wook was ) 12 ) Lastly , i hope there are more spin-offs like another user has said here ( like maybe about baek mo sa ? About the missions outside korea ? About Ji hyuk's childhood ? About Je yi's childhood ? About Lee In hwan ? )There are numerous possibilities and i would even love a season 2 if that ever happens !",뫼비우스:검은태양
12,"1) I thought about it, and... maybe she just liked both hairstyles and switched them from time to time? 😅 Because it's 2012, 4 years before the main plot, and she could grow her hair for ponytail untill 2015 and cut it after, like in 2012, before Ji Hyuk returned (but at first I was confused too lol)",뫼비우스:검은태양
13,"Wow can’t believe this show has the same production with The Veil. The story, the acting, and the atmosphere are more interesting and more intriguing than The Veil itself. The cinematography is also waaaay much better.Glad I watched it ❤️❤️❤️",뫼비우스:검은태양
14,"i don't get why they ordered Agent Chang to hand over Mobius to the broker.  the Mobius was already with Chang, they should have gotten it already.  why give it to the Kim broker, since they don't want it to end up in the gang's hands?also, was the blond guy gang member really a rat? i though it was just Chang (being undercover andall)?",뫼비우스:검은태양
15,"They wanted to trace and disband the Russian mafia. Chun-woo didn't want to take the risk so he just shot Kim Jae-hwan instead, even though it wasn't what the Foreign Bureau planned. The blond guy was a member of the North Korean group and provided for his family. He gave information to the Chinese and they thought he was the rat, even though both Chun-woo and him were. Chun-woo didn't know about Moebius, though, until Su-yeon pointed it out.",뫼비우스:검은태양
16,"I just thought it was sad that Chang Chun-woo, despite his struggles, always tried to do the right thing given his circumstances. The plan was to let the Moebius virus go to the Russians, but Chun-woo couldn't take that risk so he killed the broker. The thing was, even though Chun-woo seemed to use Su-yeon, he didn't know that the broker was transacting the Moebius virus. Of course, that wasn't obvious, and despite everything Su-yeon still prioritized trying to save Chun-woo, but she was frank towards him that he can't be welcomed as before. So instead of being his handler to another treacherous North Korean post, Chun-woo's instead grazed by Su-yeon in his arm so that he can escape the agency (she likely planned his route, too). It's a sad story and reality for these agents, where trust is so hard to come by. It's nevertheless inspiring that Su-yeon took a risk for Chun-woo (she didn't ask for the promotion, because all she really wanted was to take him back) because of what he also did for her. Honestly, this deserves more than a 7.9. It's much better than The Veil.",뫼비우스:검은태양
17,Jang Chun Woo  high-key got the raw end of the deal no matter how you slice it (┬┬﹏┬┬).,뫼비우스:검은태양
18,"True. I don't blame Su-yeon, because she also tried her best, but that was the best option she could offer him. It's better than Veil, IMO.",뫼비우스:검은태양
19,"Wow I liked this one better than the drama, Su Yeon’s story is so interesting",뫼비우스:검은태양
20,"well this was depressing , especially when u know how Chun Woo ""ends"", that's just sad and i seriously don't get his telling Ji Hyuk that he owed her (in The Veil), what he owe her? she used him - heck she admitted to using him, so she could get a promotion and get back in the good-graces of the NIS.so i guess he means that she finally voiced the truth, that he knew? that no matter what he did, he would never be welcomed back in the NIS? what choice did that leave him. what was the point of all the crying and going on about dark places, worth?!? what other option was open to him? like talk redundantidk why this Soo Yeon's ""story"" or why the description had to mention China (confusing me into thinking it was the mission from the Veil) also why she have the hair-cut she had when Ji Hyuk came back? while here she hasn't even started a relationship with Kyung Seok, and he already off with Ji Hyuk to china 🤷‍♀️🤦‍♀️ he for sure wouldn't know about a mission a yr in advance - for her to grow out her hair and open up to a subordinate, let alone get into an intimate relationship with him...The Veil was really really well written - this isn't and i'm confused and a bit disappointed 😫this should've been Jang Chun Woo's story / explanation, as to why he went dark. cause he was interesting and seeing his friendship with Goo Pyung was bitter sweet - heartwarming and breaking all in one. so just cause of that moment, i don't regret watching this. but this more a miss then a hit",뫼비우스:검은태양
21,"i think she still kicking, as we only saw a hospital bed empty! :)",뫼비우스:검은태양
22,"yeah  i thought it was a trap to get Ji Hyuk.  but after a while there would be no point to her still hiding.   either way she wasn't a character that i liked, so one way or the other (like in this short drama) she was anticlimactic",뫼비우스:검은태양
23,"Lemme give you the timeline so you're less confused.The Veil: Moebius takes place in 2011 and 2012.2011 - Soo Yeon is Jang Chun Woo’s handler as he works undercover in the gang in China.2012 - Do Kyung Seok is a newbie who has just joined the NIS, and he helps Soo Yeon with the Moebius project. Chun Woo gets shot by Soo Yeon and fakes his death. Just FYI, she shot him so that the NIS would believe he was dead. Soo Yeon knows he survived because he sent her the gift with the Chinese lottery ticket (the way they used to send messages when she was his handler).Do Kyung Seok had just joined the team with Ji Hyuk and Dong Wook at the end of Moebius; the three of them worked together from 2012 to 2015.In 2012, Han Ji Hyuk is on his mission in Syria with Ha Dong Gyun and Choi Il Lak – which is addressed in episode 4 of The Veil.Meanwhile, The Veil takes place in 2016. Soo Yeon dated Kyung Seok from 2012 to 2015 (up until he went on the mission to Shenyang and died) so she had three years to grow out her hairbetween Moebius and the main drama.  Hope this clears some things up for you.",뫼비우스:검은태양
24,"Thank You🙂 but obviously after watching i got what's what lol - i guess what i meant in my initial comment was that the description is miss leading. as i was looking forward to know what happened to her after the people she was handling (i.e Ji Hyuk and her bf got murdered) and how she got into her new position. writing this now, i guess it wouldn't be that interesting - but as far as i'm concerned her part in this mini drama wasn't that important either  🤷‍♀️ the MVP was Chun Woo IMHO",뫼비우스:검은태양
25,"I think spin-off has actually outmatched the main tv show and its hero by all means. It was such a nice watch and it was done way better. The main show relies too much on biceps and actions of the hero and there things happens all conveniently and casually. Last scene could have been better - chun woo escaping is just easy an outcome.Overall, these 2 episodes are worth watch.",뫼비우스:검은태양
26,Agree. It should even rank higher than the series.,뫼비우스:검은태양
27,thank gooodness we got this spin off ㅠㅠㅠ,뫼비우스:검은태양
28,Somehow I didn’t like the director Do’s role .,뫼비우스:검은태양
29,"She had to weigh her options and prevent a catastrophe in the Foreign Bureau, so she always had to keep her cards close to her chest. Chun-woo spoiled the connection to the Russian crime group, but he wanted Moebius to also be kept safe - so the only option really was to go dark.",뫼비우스:검은태양
30,Yes yes I understand. It’s tight spot.,뫼비우스:검은태양
31,I'm glad we got this spin off. Su yeon's character makes so much more sense now. Her role in the main story felt off/flat and I couldn't connect. Her death didn't hit as hard as it should have but now i get it. I appreciate the context and depth.,뫼비우스:검은태양
32,Hoping for Baek Mo Sa spin off too :/,뫼비우스:검은태양
33,I agree. The Baek Mo Sa arc was too rushed for me. I needed more meat or something. We didn't get to see him  truly unravel or change. He really just popped up at the end but I  get that he was mostly a foil character for Han Ji hyuk,뫼비우스:검은태양
34,Can you understand this without having watched the drama before?,뫼비우스:검은태양
35,"i think so??? i think this special episode adds some information to the drama, its only 12 episodes you should watch it.... 9/10",뫼비우스:검은태양
36,This episode has more energy than the original show itself. Plot is cliche - but our heroine is looking far more normal than compared to the hero of the show.We should get many more spin-off of this show.,뫼비우스:검은태양
38,"I don't know if I should mark this as a spoiler or not, since I assume only people who have watched The Veil would be watching this. Like, I know they're both dead, but I kinda ship it?  Chang Chun Woo loved Su Yeon, that's pretty much certain.  She was the only one who was honest with him and had no ulterior motive, didn't betray him, and tried her utmost to help him, even disobeying orders to protect him.  She was a light in his incredibly dark life and lonely life.",뫼비우스:검은태양
39,"He tried his best to protect her against Sangmuhoe but he couldn't do it because the Domestic Bureau was also chasing him. It was as clear when Ji-hyuk was hunting Chun-woo that Chun-woo wanted him to find the truth, too. I mean, before he died, he was still trying to dig out the origins of Sangmuhoe, so I presume that Chun-woo never stopped working surreptitiously for Su-yeon.",뫼비우스:검은태양
40,"It makes perfect sense to have special episodes. It becomes extremely hard to add these scenes in the main plot, as ML is not seen in most of these scenes.Also ParkHaSun  and JungMoon acted well.",뫼비우스:검은태양
41,Now if only they'd do a spinoff of the Syria mission that Dong Gyun and Ji Hyuk were on together - I'd love to have seen more of that.,뫼비우스:검은태양
42,Yes agree .. not sure will there be any other episodes.,뫼비우스:검은태양
43,This backstory looked more intense. I wish they added it in the main show instead of a prequel. Knowing the end result ruins this prequel,뫼비우스:검은태양
44,who opens the door to a guy with tatts on his neck. I mean really come on director!,뫼비우스:검은태양
45,"Agree.,.. what’s that hurry … really stupid….",뫼비우스:검은태양
46,It's available on KOCOWA and OnDemandKorea (subscription)https://www.kocowa.com/en_us/season/38517085/moebius-project-2012-the-veilhttps://www.ondemandkorea.com/moebius-project-2012-the-veil-e01.html?from_collection_name=The%20Veil,뫼비우스:검은태양
47,So who is the one kill her???,뫼비우스:검은태양
48,"If you're asking who killed Su Yeon in the main drama, that was a hitman who killed her on the orders of the Sangmuhoe organization, because she was about to go to the press about the secrets she knew.  This spinoff takes place in 2012, four years prior to the main drama, and recounts the events that are talked about briefly in episode 7 of The Veil.",뫼비우스:검은태양
49,Where to watch,뫼비우스:검은태양
50,They probably have it on dramacool,뫼비우스:검은태양
51,Pls don't mention these sites they can get taken down and also kindly delete your comment,뫼비우스:검은태양
52,"@loonie yoonie dramacool has been active for years and has been mentioned more than a million times all over the net. don't worry, it won't be taken down..",뫼비우스:검은태양
54,"Cant wait to watch Seo's story, though I preferred she is alive",뫼비우스:검은태양
55,So? She dead or not?,뫼비우스:검은태양
56,"Yeah, she's dead, but this focuses on her backstory. It also focuses on Chun-Woo, Jin-Sook, and Pil-Ho.",뫼비우스:검은태양
57,"buy all we saw was a an empty bed, didnt we? I cant remember if we ever saw a body. So it would be a nice tie in with The Veil, if she was whisked away!",뫼비우스:검은태양
59,"unless i missed it in The Veil, never saw her actually die. Just an empty hospital bed! So hopefully not dead would be better. I dont really care about prequels when we know later on they are going to die.",뫼비우스:검은태양
0,As good thrilling as the main drama Moebius The Veil also carries the same message as the main season The Veil Human's own conviction of truth and righteousness is something that can either raise them high or destroy them for good And when it comes to to loyalty what harbours nurtures and strengthens it is trust upon each other The episode short spin off had these things to convey Plot is nothing but the back story of the main series keeping Seo Soo Yeon Park Ha Sun at the centre How why she ended up in the NIS and during his mission he discovers astonishing facts about the agency and at the same time gets involved with Chang Chun Woo Jang Moon Sung the black agent who has been cornered by his own agency years ago They develop a close bonding between them and the story ends with a mission and it's subsequent results This also is a proof of how personal greed power trip and high ambitions ruin an organization putting the life of people working in it in danger Lies conspiracies greed for wealth and power etc bring hazard to intelligence agencies like this The production value is again very high The direction and screenplay are intriguing The short yet intricate exciting development within episodes with awe inspiring twists and revelations truly amazed me Action scenes and the characters' skills and performance has been delivered well which is worth looking forward to The writer didn't forget to showcase human emotions and psychological behaviours this time either The melancholic elements with the shady tracks and bg scores will melt your heart We all craved for more because the main series has only episode but thanks to this pre planned spin off episodes that was on the productions' mind all along we got another treat of a superb action thriller yet again Also some were mad about Seo Soo Yoon's insignificant role in the story but lil did we know about how significant her character was that laid the foundation of the entire thing years before Her character makes so much sense now This was much needed Read More,뫼비우스:검은태양
1,Only if The Veil was this good A much needed behind the story This mini series of episodes min each was released just a week after the main drama The Veil's last episode aired I think this after story must be seen after watching the parent story The Veil only jumping on this before won't spoil suspense but it will spoil the fun Seo Soo Yeon acted by Park Ha Sun is an interesting character in itself I liked her character in the main part only and watching her here again this time as a better more strong character felt good This short story is more about Soo Yeon and less about others since this part narrates a story of her past just beginning of the story got me thinking that maybe all agents have their own reason to enter this field There's a behind the story or layer after layer behind every decision they take Jang Chan Woo Jung Moon Sung is yet another role that's unforgettable His character was not given so much priority in The Veil unlike here Moebius represents the nd side of coin while the Veil only showed us the st side On analyzing both sides the story was actually very incomplete until Moebius came out Dealing with so many secrets and in the chaos of protecting them then trying to catch the rat who's hidden deep in their own roots made agents to have trust issues between themselves only the one they actually think of wrong could turn out to be right while the trusted one may may not be on their side the pressure from the organization superiors using someone being used is still there like The Veil Action theme can't be neglected yet again Since Namgoong Min was not here someone had to take over his job It's Park Ha Sun here She did a few scenes like that They weren't that smooth or intense like NGM but they weren't bad either Only if The Veil was as good as Moebius it would have made up to my favorite list Read More,뫼비우스:검은태양
2,It kept me waiting for more After watching this spin off I suggest that you should watch the original The Veil as one of the huge pros about this particular series is that you kept in the dark as Han Ji Hyuk too finds out what happened within the year that he lost his memory I feel like this could have been longer to explain PHS s character s hostility towards NGM s character with situational evidence and that this could have been the finishing piece to complete the full storyline as there are still a lot of questions within me that I m unable to answer However despite this I still enjoy the spin off even though the action scenes are less intense than the original due to the lack of time to build up the suspense The chemistry between the main characters is so strong despite it not being romantic is refreshing Watching this finally allowed me to connect some of the loose strings together but I wished it was longer But I do think that this might be one of the best ways to end a drama keep them wanting for more Read More,뫼비우스:검은태양
3,The plot not spoiler This is an intriguing story of a NIS agent Han Ji Hyuk who loses his memory during a mission and returns back after a year The story is well paced neither too fast nor too slow The only problem I faced is that the writers keep adding characters which made me bit confused to remember all the names The action is on the point Its not an unique drama the plot is quite common but its very well executed it definitely leaves you wanting more at the end of each episode The cliffhangers will make sit on the edge of the seat Nam Goong Min Okay So it's a one man show and i e Nam Goong Min He is just astonishing as always His workout scenes are well directed his muscles bulging and his skin glistening with sweat ooooohhh Not only action but his gaze also He will rip you off just by his gaze and he looked so damn violent and wild in all his action scenes But sometimes you will feel like he is a cold hearted assassin Kim Ji Eun She supported well Nam Goong Min Her character is cheerful and cute and she is a badass girl also She has humanity and warmth which melts his senior's frozen heart whose humanity was on the verge of extinction Overall the plot script writing is little weak it could have been better if they wouldn't have shown so many characters I wouldn't recommend this series to those who have low attention or those who watch dramas in fast forward because if you skip even for secs boom you have just missed an important character It's not everyone's cup of tea but if you like a good mystery action packed drama then this is worth checking out OST Its worth adding to your playlist PS Remember all the names,뫼비우스:검은태양
4,I have watched six episodes so far At the end of each episode it seems that a large part of the mystery will be solved in the next episode The story is like an onion when one curtain is removed a few more stand In a word there is no shortage of Thriller If you don't see it you will miss a lot,뫼비우스:검은태양
5,A lot of the so called suspense are quite unnecessary as it seems a lot of investigators are already in the know of the secret gang from the start but simply choose not to reveal to the audience and the protagonist until much later I guess the director writer is trying to setup an air of mistrust between agents but it doesn't seem to work very well here Some of the fight scenes are also unnecessary as if they fought for the sake of an exciting fight scene More like gangster fights than battle of wits between spies The media and cops seemed oblivion to frequent mass fights and murders in the city Good casual entertainment nonetheless if you're in for the gun fights and car chase,뫼비우스:검은태양
6,This is termed as spy thriller but nothing great as of now Will change my rating if it offers something thrilling and best episodes later If the show is of just episodes I would rather expect something great in first episodes,뫼비우스:검은태양
7,I really enjoyed it thus far Story is intriguing enough action is building somewhat slowly but not dragged out rather in a realistic pace Acting is good lead actor especially so Without spoilers I have to say the car chase in episode was filmed very nicely from a different than usual viewpoint which definitely adds to cinematic experience,뫼비우스:검은태양
8,More action thriller in south korea drama series,뫼비우스:검은태양
9,Great story line with of twist well acting and in each episode you will hooked,뫼비우스:검은태양
10,Min Namkoong is an amazing actor There are only two episodes out right now and I'm hooked I'm enjoying the story line and action scenes Can't wait till the next episode,뫼비우스:검은태양
11,Nam Goong Min nailed it As im watching it reminded me of John Wick movie Really great drama You wont be disappointed watching this Nam Goong Min deliver his character really well he deserves awards,뫼비우스:검은태양
12,It is a really interesting series concerning trust and moral values I loved it The action scenes were just on point It was somewhat confusing in some parts but my questions were all answered till the end of the series,뫼비우스:검은태양
13,South Korea makes a lot of NIS themed series and movies but The Veil is arguably one of the best out there It's a episode spy drama that's full of plot twists and is intriguing from the very first episode up to the last Note that The Veil is heavy on the narrative so it isn't as action packed as the trailer suggests BUT when it's time for action it's crunch time All fight sequences really deliver and they get pretty intense with a jacked Namkoong Min at the forefront would recommend to anyone who has a knack for crime thrillers,뫼비우스:검은태양
14,Good action packed thriller series Could've been better,뫼비우스:검은태양
15,Detector refused to unveiling mystery real quick,뫼비우스:검은태양
16,Good action but lacking in story development as a thriller,뫼비우스:검은태양
17,Episodes Nothing great,뫼비우스:검은태양
18,Very captivating,뫼비우스:검은태양
19,More action,뫼비우스:검은태양
20,Amazing action thriller,뫼비우스:검은태양
21,Great action thriller,뫼비우스:검은태양
22,Great thriller drama,뫼비우스:검은태양
23,Worth watching,뫼비우스:검은태양
