,Unnamed: 0,title,reviews
0,0,백수세끼,We are from Majimak Seontaek fansub team. We've uploaded the english subbed version of it on our site so feel free to message me for the links :) Thank you.
1,1,백수세끼,We have uploaded the rest of the episodes (episode 7 to 12) and by that we have completely subbed this one so feel free to message me or eunji86 for the links of our sites :) Thank you for patiently waiting for it to be subbed and enjoy!
2,2,백수세끼,Thank you for the subs. Truly an amazing experience it was. This drama was very good
3,3,백수세끼,may i also get the download link? thank you!!!!
4,4,백수세끼,"@riva sure, i will DM u soon... :-)"
5,5,백수세끼,@AppleBoyCat you're very welcome! I hope you enjoy our works :) and if you have some comments or crtitics about the subtitles you can always let us know because we're open to feedbacks :)
6,6,백수세끼,May I have the link? Thank you so much!
7,7,백수세끼,@haejunee Sure!
8,8,백수세끼,May I have the link? Thank you!!
9,9,백수세끼,sure... i will DM u soon... :-)
10,10,백수세끼,may I get the link as well please.
11,11,백수세끼,Sure... I will DM you soon... :-)
12,12,백수세끼,@eunji86 I can only find the PDF not the video.
13,13,백수세끼,@Hamza Ejaz links are replaced... u can download now... :-)
14,14,백수세끼,"For Mac users make sure to install VLC on your Macbook before watching our subbed videos. For Windows users, we recommend you to install Potplayer on your desktop before watching our subbed videos. So there is no reason for you guys to not be able to watch our subbed videos, we won't provide any subbed video with the AVI extension. Sorry for the inconvenience... Kamsahamnida!"
15,15,백수세끼,can i get the link for subs?
16,16,백수세끼,sure... i will DM u soon... :-)
17,17,백수세끼,thanks
18,18,백수세끼,Could someone message me a link for subs? :)
19,19,백수세끼,sure... i will DM u soon... :-)
20,20,백수세끼,Could you DM too?
21,21,백수세끼,@Vanessa_ sure... i will DM u soon... :-)
22,22,백수세끼,Any news about the subs ?
23,23,백수세끼,We will upload E07 till end soon... Expect 2 weeks from now... Stay tuned... :-) we already subbing E11 now... :-) Will upload soon... :-)
24,24,백수세끼,can u pretty pls send the link where i can watch this? 🥺 thank u
25,25,백수세끼,@akanetsu Sure... I will DM u soon... :-)
26,26,백수세끼,Hi! I'll really appreciate it if can you also send me a link where I can watch this with subs. Thank you.
27,27,백수세끼,@teegee Sure... I will DM u soon... :-)
28,28,백수세끼,"Hi, can you dm me the link also. Thank you"
29,29,백수세끼,@MissNF sure... i will DM u soon... :-)
30,30,백수세끼,"Hi, can you send me the link too? 🥺"
31,31,백수세끼,@Moonlight179 Sure... I will DM u soon... :-)
32,32,백수세끼,@eunji86 Hi there can you plz send it to me too
33,33,백수세끼,@Tripti Sure... I will DM u soon... :-)
34,34,백수세끼,@eunji86 Hi there..kindly send me the links to the episodes too! Thanks
35,35,백수세끼,@Sadaf_071 okay... i will DM u soon... :-)
36,36,백수세끼,"@eunji86 Hi, can you DM me too?"
37,37,백수세끼,"@Fir okay, i will DM u soon... :-)"
38,38,백수세끼,"@eunji86 Hi, can you also DM me too?"
39,39,백수세끼,Could you also send me the link?
40,40,백수세끼,"@Hannahlulu okay, i will DM u soon... :-)"
41,41,백수세끼,"@Nicolefordrama okay, i will DM u soon... :-)"
42,42,백수세끼,"Hi! We've uploaded the rest of the episodes, you can check on our site :)"
43,43,백수세끼,Thank you @eunji86 for subs. Very good subs
44,44,백수세끼,"you're welcome... all thanks to @kamjura she was translated all episodes, i only helped her not so much and i did all as an encoder... :-) enjoy!"
45,45,백수세끼,Thanks @kamjura too. 🙏
46,46,백수세끼,@AppleBoyCat you're very welcome! I hope you enjoy our works :) and if you have some comments or crtitics about the subtitles you can always let us know because we're open to feedbacks :)
47,47,백수세끼,@kamjura Subtitles are so perfect. Enjoyed all 6 episodes. Wiating for rest. Appreciate the hardwork yall have put 🙏
48,48,백수세끼,@kamjura Please can you also share the subtitles files or links with me too
49,49,백수세끼,@AppleBoyCat Can you sure it with me pls ?
50,50,백수세끼,"Thank you @eunji86 ,@kamjura and @Matchitza  for the subs"
51,51,백수세끼,You are welcome... enjoy!
52,52,백수세끼,sure! it was my pleasure :) enjoy~
53,53,백수세끼,Waiting for sub. Please massage me.
54,54,백수세끼,"@hachimapin30 Hi! We've uploaded the rest of the episodes, you can check on our site :)"
55,55,백수세끼,still waiting for someone to sub this… :(
56,56,백수세끼,"hello, my team and I are subbing this one up to the Episode 6 you can check on our site for the link. You can message me if you'd like to know the site link since I can't share the links here if we don't want to get takedown"
57,57,백수세끼,"Hi, can I have the name of the site, please? I'd like to watch this drama because I'm reading the Webtoon. Feel free to DM me and thank you to you and your team for the hard work."
58,58,백수세끼,"@Clelia Hi, can I also have the links please. Thank you for all your hard work!"
59,59,백수세끼,"@Sopheeauck Hi.... Check DM, i've sent the link.. Thank you... :-)"
60,60,백수세끼,Hi can you dm me the link please?‪♡‬
61,61,백수세끼,"helloo, can i have the link too please??"
62,62,백수세끼,@minatozaki226 okay
63,63,백수세끼,@eunji86 Can you dm me the link too pls!
64,64,백수세끼,@Ohm07 Sure... i will DM u soon... :-)
65,65,백수세끼,"@Clelia Hi! We've uploaded the rest of the episodes, you can check on our site :)"
66,66,백수세끼,"@Sopheeauck Hi! We've uploaded the rest of the episodes, you can check on our site :)"
67,67,백수세끼,"@Megan Hi! We've uploaded the rest of the episodes, you can check on our site :)"
68,68,백수세끼,"@minatozaki226 Hi! We've uploaded the rest of the episodes, you can check on our site :)"
69,69,백수세끼,"For the love of Ha Seok Jin, kindly sub this ㅠ_ㅠ"
70,70,백수세끼,"hello, my team are subbing this one up to the Episode 6 you can check on our site for the download links. You can message me if you'd like to know the site link since I can't share the links here if we don't want to get takedown"
71,71,백수세끼,"Hi! We've uploaded the rest of the episodes, you can check on our site :)"
72,72,백수세끼,it's very light and fresh I'm quite enjoy it so far
73,73,백수세끼,where can you watch it?
74,74,백수세끼,unfortunately I watched the raw version of it illegally since there's no international video provider of it so no english sub yet. I'm in the process of fansubbing this one actually. I'll let you know when I finished subbing it if you want
75,75,백수세끼,@kamjura Do let me know too. ♡
76,76,백수세끼,@kamjura thanks so much for subbing it yourself!! i know subbing takes a lot of time and effort and it's really appreciated. <3
77,77,백수세끼,@kamjura please let me know once you finish subbing it. thank you
78,78,백수세끼,@kamjura thank you for subbing it 🥰 let us know when you finish it
79,79,백수세끼,"@Sassy_me hello, we had subbed it up to the Episode 6 so you can message me for the links ♡ we will try our best to sub the rest of the episodes as fast as we can"
80,80,백수세끼,"@celtyq hello, we had subbed it up to the Episode 6 so you can message me for the links ♡ we will try our best to sub the rest of the episodes as fast as we can"
81,81,백수세끼,"@Maria hello, we had subbed it up to the Episode 6 so you can message me for the links ♡ we will try our best to sub the rest of the episodes as fast as we can"
82,82,백수세끼,"@Maria Hi! We've uploaded the rest of the episodes, you can check on our site :)"
83,83,백수세끼,"@ksh_1507 Hi! We've uploaded the rest of the episodes, you can check on our site :)"
84,84,백수세끼,"Hi @kamjura, I also want the sub. could you please sent it to me?"
85,85,백수세끼,sure! I've sent you a message :)
86,86,백수세끼,@kamjura Thank you. I enjoy watching it!😍
87,87,백수세끼,"@Vi Truong Hi! We've uploaded the rest of the episodes, you can check on our site :)"
88,88,백수세끼,Anyone knows where we can watch this outside Korea? :(
89,89,백수세끼,"there's no international streaming platform that pick this up so, my team fansubbed this. we have subbed it up till the Episode 6 so if you want to check this out, you can message me for the links since I can't share the links here :)"
90,90,백수세끼,"Yesss, please message me thank you!"
91,91,백수세끼,"@sophrambles Hi! We've uploaded the rest of the episodes, you can check on our site :)"
92,92,백수세끼,where can i watch this with eng subs? link please.
93,93,백수세끼,"you can message @kamjura for the links, we can't share the links here :-)"
94,94,백수세끼,"Where can I watch this show. It is not on dramacool, or the other website I watch K-dramas on.I don't have access to Korean VPN. So anybody please let me know. :("
95,95,백수세끼,"hi, we're fansubbed the first 6 episodes of this one. you can watch it through the links we provide, just message me if you want to know the links because we can't share it here :)"
96,96,백수세끼,Thank you
97,97,백수세끼,"@Caeselpinia Hi! We've uploaded the rest of the episodes, you can check on our site :)"
98,98,백수세끼,Can't miss another work from Kim Joon Mo!
99,99,백수세끼,"With Korean VPN and without subtitles you can watch 1st episode on TVING's official YT channel.Here: https://www.youtube.com/watch?v=fbLTYjDysW424th December should be the date when Playlist Originals YT channel starts releasing episodes, with subtitles... hopefully! :)"
100,100,백수세끼,*fingers crossed*
101,101,백수세끼,"hello, we're fansubbed the first 6 episodes of this one since there's no international platform that pick this up so if you want to watch it and want to know the links, you can message me for it :) or I could message you, just let me know if you read this!"
102,102,백수세끼,Could you please recommend a Korean VPN as well pls...
103,103,백수세끼,"I use paid VPN, Cyberghost. 😅"
104,104,백수세끼,"@Mio Oh, got it, thanks :)On ep 4 now."
105,105,백수세끼,Link please
106,106,백수세끼,"Yayy!! I am already shipping Seok Jin and Won Hee couple, it'll be such a ln interesting pairing."
107,107,백수세끼,"Wow, I'm excited. It's a brilliant cast of way too underrated actors."
