,Unnamed: 0,reviews,title
0,0,I thought the series got off to a sluggish start the wife of a police officer is stalked and killed by a smooth talking elegant killer armed with a sort of ball peen hammer and the story drags while the officer grieves Then the authorities think they have the culprit but another female officer a call centre operative claims the voice of the suspect does NOT match her recollection Thus we encounter the unique 'hitch' of this show this girl has amazing hearing a skill she has developed diligently As work begins on other cases this 'gift' plays a big part and we suspect one day she will identify the voice of our mysterious serial killer with the 'slugging device' The series contains forensic errors and some unexplained plot elements which savvy viewers in the Western Hemisphere will detect easily but the gifted call Center Officer the cop with the murdered wife and their new team combine for suspenseful episodes if you stick with it This 'gifted faculty' thing is catching on we have Monk with his obsessive compulsive attention to details Sniffer a Russian crime series with a human bloodhound and the defunct LIE To ME about a human lie detector It all makes for fun if you suspend your belief a bit It all started with Sherlock Holmes you know in Victorian England and his gift of observation deduction So despite its faults and some grisly moments when the mysterious killer strikes we are going to wait this one out TIL our gifted girl nails the bad guy,보이스
1,1,I like Jang Hyuk as an actor but I didn't even feel a little guilt or sadness from him when his wife died He was just busy trying to be the cool guy like he always has in every other show And why is the one look throughout the entire show female lead always whispering Seriously even the supporting actors and actresses show more emotions than both male and female MCs In episode the drug Midazolam doesn't work like this You don't need to swallow it for it to take effect All you need to do is drip it in your mouth He had it in his mouth for like a minute before he spat it out It would've taken effect Exactly how inefficient are the cops in Korea mins on a smartphone with names and you still can't pinpoint the person's location Even my friend locator app does better than that And how can she tell which direction a sound is coming from through a mono walkie talkie She doesn't even know which direction the walkie talkie is facing Even god can't do that It's on your left my bottom,보이스
2,2,This show had potential and an interesting semi Sherlock ian premise It quickly turned into a collection of every B movie cliche and the worst most unbelievably bad police work We are burdened with the troubled live outside the lines detective with a vengeance cops who apparently have never heard of handcuffs thugs who conveniently attack at a time so our hero can defeat everyone ever a to second discussion before doing ANYTHING including chasing a bad guy the showdown where our hero tells everyone to back off because this one's personal Yes it's that bad At one point a detective stops mid foot pursuit to take a phone call Bad guy dressed in standard obvious Hitman uniform gains another yards in distance Cop then says let me catch this guy and I'll get back to you and starts running again I could go on but why,보이스
3,3,This show is laughably bad Starting with the writing the dialogue is terrible and the situations unlikely in the real world The outcome is it's just not believable at all,보이스
4,4,Maybe I'm being a little unfair but I started watching this coming off the back of Stranger Bimilui Soop which is really very good and fancied watching another Korean series I like the cast and some of the stories within the main arc are pretty cool But as others have said the decisions made by the Golden Time Team can be really dumb They seem to spend a crazy amount of time listening watching before actually doing They display the time onscreen since the calls came in which seems redundant when they are so slow to respond Also unlike Stranger the cops seem to carry guns more often in Stranger they always seemed to have tasers yet seem like they really don't want to use them at all as they would rather wave them around than actually shoot them And yet I must admit I'm enjoying it and its cheesiness The cast are good enough to keep me watching as are some of the contained stories,보이스
5,5,Ridiculous meaningless lousy performances poor script Underestimates the intelligence and judgment of those who watch this crap,보이스
6,6,I really really appreciate and enjoy this drama because it was kept me at edge of my sit any time I watch each Season I and friends really love it I hope to watch more Season of it,보이스
7,7,So my cousin recommended this From the start it just increased my blood pressure because of how stupid all the officers are If all police officers are just like in this drama then don't rely on them anymore The talent of the female lead is amazing but the way they solve a crime really sucks It's just like they don't really care about the victims who are calling for help because they act slow move slow and they have no sense of urgency This is not how you respond to an emergency The crimes are so intense but the way these leads try to respond or solve these crimes is so laughable and it just makes you angry,보이스
8,8,I tried to ignore some of these things but it's been episodes and I can't help but cringe at them Response of the emergency call centres Their actions make no sense calling back a victim not being able to trace the phone slow responses to activate a team to investigate etc MC's hearing is great until someone walks loudly behind her then suddenly she can't hear them at all Main detective's shooting is all over the place and does not make sense He makes sure suspects are out of reach then shoots at chest level to kill instead of incapacitate Dialogue doesn't make a lot of sense eg at one point they knew where the suspect and victim was and was already on the way Then they figured out the background between the suspect and the victim and acted like it was a game changer it was not I could go into more details but this feels like reason enough not to watch I'll still continue this series a little longer and will come back and change this review if it gets better,보이스
9,9,When you have transvertist in high heel running faster than police on hilly street you know that you are in for a nonsense police drama The police in the drama is so inefficient that you thought the only police working in Korea is the one in a call center Avoid unless you are dead bored,보이스
10,10,Ignore the other review Even among Korean dramas which are generally very good this one stands out,보이스
11,11,You know im just episodes in major flaw all crime suspect didnt bother to kill the phone call to the police while continue to do whatever they want with the victims Which moron does that And that woman is able to listen to miniscule sounds coming from a normal headset No doubt the drama could be suspenseful But then again Im not watching superman or supergirl Totally unrealistic,보이스
12,12,Just goes to show how important a script is You can have good actors and a good story with appropriate twists and cliffhangers But the captions have got to go I understand that it's incredibly complicated to try and convey the depth of what is happening in bite size captions especially with cultural and linguistical differences But really Almost every interaction between characters goes something like this Character The suspect is in the alley Character So what you're saying is that the suspect is in the alley I'm episodes in and it just continues and continues Quite maddening Decently entertaining otherwise,보이스
13,13,If you are an American living in the USA it's really hard to watch because the police procedures are so imbecillic compared to what we expect them to be Officers physically abuse suspects and each other subordinates yell at their superiors rich people physically abuse poor people and when unhappy kick their employees in the knees and officers are allowed a lot of leeway without being suspended for bad behavior Also the cops are very hesitant about using their firearms to end a conflict with criminals even in life and death situations Come on guys shoot him in the head the arm the leg something Sometimes the head of the Center responds immediately to information or situations Other times she stands frozen like a deer in the headlights prompting the viewer to scream Do something,보이스
14,14,I wonder whether they consulted someone from police before writting the script A lot of things will stress you out and everyone who watched at least one series of CSI would be a better detective than those in Voice On the other hand the crimes are scary and very intense and I can only hope nothing like that actually goes on in Korea and if so i hope those investigating them are more competent What i liked hmm when it comes to Jang Hyuk i am a modest person his martial arts skills made up for the lousy script and narrative It isnt terrible it is still watchable but prepare to be forgiving,보이스
15,15,Knowing how dark and thrilling Korean dramas can be I must say that I'm disappointed by this show I watched the first season only Kim Jay wook was amazing I could feal how scary he is and at the same time I did feel bad for him at the end of the show So he gave his character its fair representation For other characters I'm not so sure And the over all series is weak too It would have been better if they only focused on following the main serial killer only and little by little filling up the story holes So Is it recommended I would say No there are better but if you are a fan of Kim Jay wook then it's a must even though sadly he didn't appear for a large portion of the series,보이스
16,16,The trailer was promising but at the end I must say it was a disappointment So many things that are unrealistic Emergency call center code zero everybody would know what their job is but they wait to get orders from the female main character to track a mobile or a car One person drives within a few minutes from one crime scene to a press conference to a nd crime scene and the local forces arrive at the same time or even later one gets within three minutes to a crime scene the other detective hasn't even left the police station in the same time sometimes they need to press on the micro to talk and sometimes not very slow reaction time they wait at their desk for all the information and then run to their car or they discuss instead of trying to find the victim really and who would only walk around a corner or go into the interrogation room to make a confidential phone call etc I know it's TV but serious it's annyoing when they make such unrealistic scenes,보이스
17,17,The show isn't perfect but it's really entertaining I think that's the main idea of every show Don't compare the show to CSI or anything like that because this is different Season has some really good episodes Don't focus on the details and just enjoy the show,보이스
18,18,She can hear every useless sound but she can't hear the footsteps and keyboard of Mo tae goo in the first floor But when they go up to the second floor she can hear his cannonball in his hand The first half of the series is good but there are too many logic errors made me crazy,보이스
19,19,Stupid finish and stupid acting by the main guy Overactinguch Non of this is clos to realistic The female is pathetic even when she runs she runs like a pathetic person who says things that try to sound smart but because they are Korean they get it all wrong Disappointing show as I have watched plus Korean shows and most are great,보이스
20,20,It's clear from this drama that the CSI and forensic evidence programs so common in the US and UK etc haven't yet made it to Korea There is constant snap diagnoses at a crime scene often by detectives and without for instance a medical examination of a cause of feath that for some reason is thought to be irrefutable A prisoner is strangled leaving ligature marks amd dosed with gas and set on fire with a lighter afyer which the perp escapes out an open window and when the cops finally bust the door open theg immediately call it suicide So in a locked bathroom the now dead guy somehow manages to dose himself with gasoline and without lighter or mstch burn himself up and it erases all signs of ligature marks Just stupid Other than pre SCI bumbling and a woman who hears everything but only sectively the basis of the show this is entertaining,보이스
21,21,A team based at a emergency call centre called the golden time team are tasked with solving emergencies in the optimum time period before tragedy Luckily the team is headed by a lady with exceptional hearing and contains a brilliant but loose cannon detective Running through the series is the search for a clever serial killer who has murdered people in both their pasts Has some good parts but overall disappointing in that the characters are mostly unlikeable or stupid Plenty of needless blood and gore and repetitive scenes also marr the story,보이스
22,22,The season was an ordinary detective drama with little intense only However it still has some illogical moments I wish the director learn how police force worksand procedures because they made it rubbish I can say its nothing exciting on this Season while Season is worse than this and Season is the worst Season is better than all its predessors,보이스
23,23,The police make the keystone cops look like the FBI and that's being generous I'm wondering why they lean so heavily on corruption with police connivance in Korean cop shows Their incompetence is enough to make you consider moving to Korea to become a criminal,보이스
24,24,Where to start Has got to be one of the stupidest crime dramas I have seen And I have seen a lot The center is hopeless They can't make any decision and have to refer everything to the boss lady How will they ever learn Also explains why they never send response teams out in time She's also quite irritating She keeps asking stupid questions when cops are on the ground Plus her magical hearing is just crazy Shouldn't she be driven mad by incessant sound already Perhaps that explains why she only has one perpetual look on her face Police seem to be trained at the kindergarten level Every thing is taken at face value There seems to be no need to conduct an autopsy before determining cause of death And that by the me too Was he also trained in play school The response teams also seem to be unable to do anything until they are told I could go on and on but I only have this piece of advice if you are intending to watch it If you have a brain and common sense avoid this show like the plague,보이스
25,25,Review is based on season available on Nexflix There is no continuation though its a cliffhanger The drama is ok Season is better than There are seasons in the drama Too much betrayal,보이스
26,26,Not up to other Korean crime shows Kang Kwon Joo has someone enter her room in the first season and the team takes no precaution from experience And not immediately following up on the last place Na Hong Soo was seem Both lead male characters just were not that believable Korean cop shows non Netflix seem to generally pretty good but this one is just so frustrating stupid,보이스
27,27,Yes although like some programs or movies there were some flaws But Damn Hyuk Jang portrayed his character superbly Although the other actors actresses did a great job also to me it seemed as though the series centered on Hyuk Jang's character Hey which I loved We need more honest moralistic no fear kinda people like that not only in every cop station but just in general population I'm now getting ready to watch season on Netflix I sure hope I don't have to wait to long for Netflix to pick up,보이스
28,28,I started watching Korean movies tv shows my sister told me about some I loved the drama even though I'm late for when it came out I've watched it a total of times or more Netflix didn't have season but I was determined to find it on a Korean site and I did Wished it ended differently Good actors and actresses A really good twist on cop show,보이스
29,29,A good idea spoiled by bad acting and direction and the worst continuity goofs I have ever seen I haven't got time or room to list them all but what about this The cop fights with the criminal on the roof of a building in the middle of the night The back up arrives to see the cop bringing the criminal out of the door of the building in the bright sunny daylight Need I say more,보이스
30,30,I have watched the series twice in order to have a clear perspective I find it is not thrilling as it was supposed to be Main actress Her performance in this series was not as good as I expected The acting is neither expressive nor appropriate for this type of series To declare the acting has not changed dramatically and accordingly to the features of different situations It was questionable to me when she is angry sad doubtful etc her face is not changed at all Her tone of voice is low across two seasons and there is no such clear emphasization while talking It makes the series mostly likely are unexpectedly low key even when there are various climaxes Contents After I watched them the nd time I figured out that without the special ability of the main actress it is extremely difficult to persuade viewers on how the cases are solved Hence the whole series exposed to heavily rely on the ability of the character in order to solve crimes Due to the dependance on the main actress the other actors and actresses are not able to be highlighted adequately Sometimes they even seem desultory in the big picture Positive points The improvement in content development in season more thrilling more logic and more persuasive despite the unreasonable ending There are many famous and talented actors and actresses that joined the series which adds more colours for the whole series A variety of cases case per episode that makes it clear and easier to follow,보이스
31,31,If you can ignore the stupidity of the police bad writing and plot holes AND you have a very low IQ you will enjoy this I don't know why Koreans can't write a good procedural but this one is the worst of the worst It's so infuriatingly stupid I almost smashed my TV The lead female has a cute hearing but can't hear somebody sneaking up behind her when we can She can't fight or use a gun yet she's out in the field being mostly useless Watch CSI,보이스
32,32,The cases the team investigates are interesting The lead female character is unusual for a police officer She hyperventilates a lot The main female support charachter is more believable,보이스
33,33,Deep into my kdrama obsession I recently watched the romantic comedy Her Private Life and this account immediately became a KJU stan account lol I decided to watch all of his past work that I could find and saw a lot of praise for his portrayal of Mo Tae Gu in The Voice I watched the first season and the ONLY reason I made it to the end was KJU's magnetic portrayal of the deranged serial killer He gets stars for his performance Having watched dozens of kdramas I'm pretty forgiving when it comes to the differences between Korean and Western TV shows but this particular drama was terrible as a police procedural I would have rather watched a episode season of the police tracking MTG as he toyed with the leads The extraneous stories were just not interesting and I found myself fast forwarding to only watch when KJU was onscreen or being investigated The female lead who plays Kang Kwon Joo just didn't do it for me at all Her character strains credulity in the way she uses her extreme sense of hearing and it seems like her facial expression hardly ever changes While I really enjoyed the male lead when he was Yi Bang Won in My Country The New Age his portrayal of Moo Jin Hyeok doesn't have the same charisma as I've seen from him before KJU was the only redeeming quality of this drama His incredible acting and presence brings depth to a character that might otherwise have been a boring cliche I'm in awe of the way he uses his facial expressions and subtle movements to convey emotion sometimes with only the slightest flicker in his eyes or a hint of a smile or snarl The only problem with him in this role is that he oozes sexuality out of every pore and I kept having to remind myself he's a really bad guy because he somehow becomes more attractive the more unhinged he becomes The way he fully embodies his roles no matter how different they might be really shows his range as an actor So in summary season is watchable solely for Kim Jae Uk I will not be watching further seasons and will instead move onto to more of KJU's old work,보이스
34,34,Tried to watch the whole thing but had to stop because the script is just too stupid Spoiler Too much cliche talking when someone is about to be killed or about to die Police takes ages to track down a phone by GPS but the stupid killer will just keep talking to the police until he she gets caught When the police found the victim who's about to die the first thing he did was to let him speak on the phone rather than calling the ambulance When the policewoman heard his dad getting killed the only thing she did was to stand there and listen rather than trying to get someone to save him Sorry this is too stupid,보이스
35,35,Script with potential ruined by clich s and subpart acting,보이스
36,36,Written by eighth graders,보이스
37,37,Don't waste your time,보이스
38,38,It could be so much better,보이스
39,39,Voice is a Fantastic Drama,보이스
40,40,JUST MAKES YOU ANGRY BECAUSE OF TOO MUCH STUPIDITY,보이스
41,41,Glaring actions that don't make sense,보이스
42,42,Confusingly nonsense,보이스
43,43,excellent thriller,보이스
44,44,Which suspect leave the phone calls on,보이스
45,45,The captions make it cheesier than it needs to be,보이스
46,46,A decent show but,보이스
47,47,Just fine,보이스
48,48,Worth Watching,보이스
49,49,The main character who cannot use her superpower to add drama to the script,보이스
50,50,The female is just terrible and the killer would of killed her plenty of times,보이스
51,51,Ignores obvious forensic evidence,보이스
52,52,They were all toys to him,보이스
53,53,A normal investigation detective drama,보이스
54,54,The lead actress is watchable but the rest is forgettable,보이스
55,55,Would have given it if I could,보이스
56,56,It was ok,보이스
57,57,Too much stupidity,보이스
58,58,Pretty Dang Good,보이스
59,59,Best show ever,보이스
60,60,CSI this is not,보이스
61,61,Good storyline,보이스
62,62,Every star of this rating goes to Kim Jae Uk,보이스
