,reviews,title
0,Perfect adult viewers drama There is no first love and young romance childhood friends even no simple motive of revenge This is a political drama with strong characters who carry the entire show Motivations of people's acting a desire of the power dreams of perfect society and state are portrayed excellent The main question of this story is that does the end justify the means Is this a true what Machiavelli said that everyone is evil and you must do anything to gain a political power Surprisingly although there are some corruption motives this drama isn t about corruption but rather about what politics do and what it looks like Director s job is splendid The director Kwak Jeong Hwan is also an author of Miss Hammurabi and if you like Miss Hammurabi you will like Chief of staff too The acting is brilliant because Kim Dong Jun acting is better and better Elliya Lee after her odd and makjang appearance in The Last Empress has a real character to play here and I like her Lee Jung Jae and Shin Min Ah the leads are amazing They present serious relationship involved in job and moral dilemmas Kim Gab Soo the true lead is AWESOME Try this drama to watch his impressive performance I hope he will receive an award We all know that dividing drama into two parts has no sense but in this case it breaks in a perfect time Read More,보좌관:세상을움직이는사람들
1,THE REAL THING STRICTLY FOR ADULTS Don't watch this if you're an idealist You can't pretend to live in a La La Land forever This drama is an absolute depiction of how politics work It's cruel sweet but most of all overwhelming to most extent We all start by thinking ' I will change the world ' How ' By my sense of justice and righteousness ' It all starts with such self belief and shit Everything comes at a cost And that includes power too This is the first season so it's a cliffhanger right now But always remember ' You don't cling to the wrong to climb up else you're bound to fall and there's no standing after that ' This is it It's not a review but an explanation of what to expect in the drama It's not a plot to please you but to depict how things work Enjoy Read More,보좌관:세상을움직이는사람들
2,Chief of Staff is perfect for those who don't need romance or cute little moments ruining yeah I said ruin the story Yes there is a couple but their relationship is a thin veil over the rest of the story Chief of Staff is political intrigue at it's best There is greed murder backstabbing conniving and everything else under the sun Like one of the other reviewers said it's the perfect adult drama The cast led by Lee Jung Jae was impeccable Shin Min Ah was so good and so far removed from her typical characters that I forgot it was her If it weren't for her dimples I would have thought she was someone else They were good Everyone was good but Kim Gab Soo was brillant He stole the show He was mesmerizing in every scene FYI Kim plays the President in Designated Survivor Days I watched them simultaneously and confused myself a few times LOL The incidental music was great Honestly I don't remember any songs I'm sure there was at least one slow song in it but it was irrelevant I finished Chief of Staff the other day and am ready to rewatch both back to back now How's that for rewatch value If you like political intrigue murder Chief of Staff is a great series You really can't do much better Read More,보좌관:세상을움직이는사람들
3,I watched this season and in my opinion is a must see if you watched The K even if there is not a lot of action When you watch it is like a big brain time you won't get bored like watching a simple romance or something else The story is just great completed with good acting and the music is pretty accurate The cast played thier role perfectly and the male and female lead dominated the scene even they were put in ridiculous situations I'll recomand it to everyone who like politics Read More,보좌관:세상을움직이는사람들
4,This drama is about what happens behind the scenes of politics The good the bad and a really good dose of the ugly How far will people go to get the way they want This drama deals with backstabbing corruption and everything bad you can think of in a world of politics The main characters are trying their best to help the people but to help the people they have to do stuff that is not always a good thing Don't expect this drama to be a walk in the park or a drama you can watch to catch a break from real life This is heavy but it has it satisfying moment The acting is really great Lee Jung Jae as Jang Tae Jun is amazing He's playing the good guy but still make you question if he goes to far and if he himself is gonna go to the point of no return Shin Min Ah is playing a female lead that is strong and even during pressure and criticism fails to crumble which I find very rare in Kdrama The other leads are also amazing and Kim Gab Soo is doing an amazing job as the villain The music is really good lots of good songs and even some of the instrumental OST stands out Read More,보좌관:세상을움직이는사람들
5,Excellent Political Drama I was absolutely hooked on every episode I wasn't sure about the casting before I watched it but Shin Min Ah and Lee Jung Jae played their parts well I will say that their chemistry was a bit off at times though this may be because it was more of a comfortable relationship than cute or fiery My only criticism was that the ending seemed more like the end of an episode than the end of a drama It was very sudden with no follow up But now that I've seen that there will be another season it makes perfect sense Was this review helpful to you Yes No,보좌관:세상을움직이는사람들
6,Different mostly in a great way Chief of Staff is definitely different 'mostly' in a great way It managed to pull of a serious story that illustrated many issues in the world we live in today with a hint of realism that isn't apparent in other dramas of it's kind politics genre etc I really liked the production especially in filming and editing of this too and while story wise I felt like I desired something that wasn't there I was still impressed from the end The first couple of episodes are quite slow but eventually by the third fourth episode you'll get into the story more Acting was top notch quality by nearly everyone accompanied by a great OST Re watch value is normally low for me anyways so don't read into that too much If you are a fan of these kinds of dramas I definitely recommend watching Chief of Staff If you are new to this genre of haven't watched a great deal I would suggest something different for you as it may not be to your taste All in all a decent watch Read More,보좌관:세상을움직이는사람들
7,After finishing season I have only one question What exactly does JTJ want We know he wants power but for what Everyone in the show has a motive a reason for doing things but with JTJ I just can't seem to figure what exactly he hopes to do when he reaches the height of power He's meant to be a morally grey character so I'm not expecting him to be a complete good guy but his actions are a little too much He's not even a complex character always taking the easy way out and clinging onto those powerful even though he has all the evidence to bring them down It's not like he's backed in a corner There is always another option albeit thornier yet he choses to let the villains walk all over him just so he can get a small chunk of their power KSY is my favourite character She's intelligent sly and cunning She uses all of her available resources to solve her issues Unlike JTJ she doesn't force others into a corner so she could get something done The last episode is just a perfect example of how she is able to solve her problems without compromising herself and or the victim What I like most about her is that although she is in a relationship with JTJ she doesn't blindly accept his decisions and actions She questions him and points out when he's wrong She doesn't place him in a pedestal and doubts him when its justified She also solves her problems and gets shit done Even when she was betrayed by JTJ she didn't just follow his lead but made sure she was able to keep her job YHW is like a broken record repeating everything JTJ says and accepting his words and actions without any questions She honestly believes that he can do no wrong She's incredibly intelligent but when it comes to JTJ she becomes a brainless idiot The irony in it all is that she isn't even the main love interest At least KSY questions JTJ doubts him and forces him to take a second looks at his choices YHW never questions his actions even when she knows he's wrong The second time she explained to HDK why JTJ made the choices he did she repeated exactly what JTJ told her Nothing was from her perspective I mean no matter how much you like someone to put blind trust in someone especially when it is not justified is stupid I hope she improves in the next season or else it would be a waste to have such an intelligent woman and turn her into an idiot because of a man HDK is another character i really liked At first I thought he was an idiot who was too emotional and too trusting but as the show went on it became obvious that without him key evidences would not have been discovered He is intelligent and is the K drama definition of a good albeit a little bit green He felt more like the main lead because he was always the one to discover key pieces of evidence and was always at the right place at the right time Read More,보좌관:세상을움직이는사람들
8,Cold Blooded Political Drama The premise of Chief of Staff is that pretty much everyone in politics is ruthlessly ambitious and willing to put aside any morals to achieve their goals That's kind of all you need to know lol It's cynical but probably fairly realistic At least all these politicians are super attractive In general the show is very well executed and well worth a watch Although if you're looking for something light and feel good I'd steer clear The show's strongest assets are its characters while there's a mid sized ensemble cast all the main players are complex and fully formed and their personalities are easily discernible within the first few episodes Standouts include Lee Jung Jae as leading man and Chief of Staff Jang Tae jun His facial expressions alone are so telling you can immediately feel his constant struggle between doing the right thing and advancing his political goals He's one of the best anti heroes I've seen in television Another standout is Shin Min Ah as Kang Seon yeong she's a political badass who you'll constantly root for as she strives to be one of the few uncorrupted politicians I love her and Tae jun's chemistry you can tell how much they care about each other even as their political careers keep jumping in the way The show also does a good job establishing the tangled web of relationships you can immediately tell who is loyal to whom who has beef etc The acting and character building is excellent on its own Chief of Staff is super plot heavy the first few episodes are more slice of political life as Tae jun grittily handles crisis after crisis Just when it's starting to get repetitive the latter episodes start developing more of a seasonal arc which ends in a dramatic season finale There's a lot going on and tons of side characters and political scheming so it can be easy to lose track of some of the moving parts Even so you don't have to remember every detail to enjoy watching how the drama unfolds The soundtrack is fun too the dramatic underscoring matches the premise' tone and urgency I'd recommend Chief of Staff if you're looking for something a little serious dark with a standout cast of characters Read More,보좌관:세상을움직이는사람들
9,The second season starts with a bang and it only goes upwards from there Jang Tae Jun with more power than before starts his plans to change the world of today's politics by getting rid of the corruption in the house This of course proves quickly to be very hard and he and the people he trusts have to struggle Every victory quickly becomes a loss One step forward two steps back A season that is even more heavy than the first but also has way more satisfying moments Is the ending worth the suffering you might endure watching this and the previous season Yes definitely The acting is still as good as well as the music Ps this show has really made me think about how much of this is true to what happens behind politics in real life quite a scary thought Read More,보좌관:세상을움직이는사람들
10,RETALIATION TIME NON SPOILER 'I'll be the light in the darkness ' This nd season started with such high hopes and for good measure it has delivered every bit of it Outstanding finish to such an elegant drama This drama is an ART An art of reflection for a power struggle in the most heinous way When I first saw the st season It left me with numerous questions in my mind and this season answered all of them graciously Politics is a tool if used in the right way is beneficial for the people Ardently it ends with a dark theme just near the end to give you a little shock I'm sure many of you wouldn't have been able to catch it since it was in a mixed tone but the writer saw it through ACTING The whole cast needs to be applauded Both Lee Jung Jae Tae Jun and Kim Gab Soo Mr Song are the souls of this drama Especially Kim Gab Soo I've seen him numerous times now He's a LEGEND for playing villains every time Phenomenal acting They deserve awards for this one I'm truly convinced DIRECTION Mind boggling direction of the year Songs Cool and reflective to the nature of the drama Romance It's pure mature romance nothing cheesy but in terms of realism you would definitely want to have a relationship like our both leads do That kind of understanding and trust just makes you want to have someone in your life SPOILER with thoughts on ending Seriously Song Hui Seop is the most cunning and sagacious person you'll ever come across which is outstandingly awe striking Hye Won is truly a great woman Both Miss Kang and she are examples so strongest female characters I've cross across in dramas Noticing Mr Song's driver's face when he got stumbled by the news said and reflected a lot His face screamed ' It's all over now It's been piled up so high it's gotta fall ' The writer though went for a satisfying and positive ending but gave us this line ' Don't think it's over As long as I'm breathing you'll see me again in this world ' This is a truth none can deny People forget that the world doesn't end in a day It continues even before you and even after you Tae jun resigning tells you a lot Tells you how he's won the battle but lost the war To be that gracious even at the end I'm just speechless He used his situation well and did the best He knew he no longer belonged there That last scene had an abyss hiding That call from the blue house to him was a huge troll and sarcasm on the ending that the writer went for That ending scene was dark and profound And he meant there's only one thing he can do ' One light can't lighten up the night Deepening darkness can sometimes only be fought with darkness Yet I must keep my light alive even in the dangerous darkness ' Penetrate the darkness as he has been It will be bliss if they go for a season coz with that ending they can PS The Best drama of Read More,보좌관:세상을움직이는사람들
11,Surprisingly Chief of Staff manages to outpace and maneuver season One of the reviewers called Chief of Staff the perfect adult drama So too then is Chief of Staff Sequels usually fall short but not this one It starts with a WTF continues to Holy S and ends with Yup I knew it I marathoned the episodes on Netflix I was completely vested in the characters and the story I was all in perhaps too much as my family kept saying You know they can't hear you or Do you know you're talking to yelling at the tv I'm really thinking of spending the weekend rewatching both seasons The plot the writing the directing and editing the entire production is fantastic They doubled down on the backstabbing and scheming The political intrigue wasn't as upfront as was the investigation They prosecutors are a big part of Season The acting is superb I mentioned in my Chief of Staff review that Shin Min Ah was so far removed from her usual type of role that I forgot it was her I did in season as well They got a shot of those dimples and it hit me who she was Kim Gab Soo was as mesmerizing in this as he was in season He only lost in his scene stealing to Jung Woon In Lee Jung Jae embodied his character This was the first time I've seen him in a drama He is wonderful Chief of Staff the full series is fantastic Season brings everything from both seasons to a satisfying close However they leave you hoping you may see some of the characters again It's like a great book that you couldn't put down for a while even after you've finished Read More,보좌관:세상을움직이는사람들
12,Improved Dialogue seems to be repetitive Chief of Staff succeeds in having a greater story compared to it's first season but it's enjoyment becomes a little weakened due to repetitive dialogue that eventually becomes tiresome The story connects greatly from the first season and answers many questions viewers may have had after the final episode of the first season along with many twists and turns to keep the viewer on the edge of their seats some twists and turns were predictable but others really weren't which I really enjoyed One thing I love about both seasons of Chief of Staff and Chief of Staff respectively is the realism in their story alongside greatly built characters and character development Even though it was ten episodes some episodes like in the first season did feel quite slow and that's the reason why the re watch value may be a little low here but I still recommend people to check this series out especially if you enjoy dramas in the politics genre etc Acting was again great although the tiniest bit weaker compared to it's first season in my eyes but nothing of a major difference so don't worry OST was also amazing so no complaints about that All in all again a decent watch Read More,보좌관:세상을움직이는사람들
13,The drama that makes you question what's around you First of all the start of this season started of with a strong starting point as I was shocked with the sudden death of gu seok man The writer did a good job here by making the watcher once again feel angry seeing how innocent people suffer because of people in power This starting point made me question who was involved in the death and you feel satisfaction watching the drama unravel what happened I enjoyed the ending as I though it was quite realistic for example was mr song said you'll see me again which highlights how people in power can bounce back from hindrances in life It also presented how stubborn and arrogant mr song was because of the way he was so sure that he will meet tae jun and destroy his life With some political dramas i get confused about what is happeningbut with this one i didn't Somehow i managed to understand all the storyline links in the drama right till the end With tae jun being asked to come to the blue house along with the new beginnings of the side characters i do wish there could be a season as it would be interesting to see how tae jun will make the world a better place I loved the women in this drama and how they subtly touched on sexism in the workplace throughoutthe seasons There where many aspects if this drama i enjoyed I would say however that repetitions if some scenes did annoy me as they seemed out of place but apart from that i would recommendthis to someone that well enjoys politics and mature dramas ofcourse but also someone who wants to watch a drama that is not in a rush as you still enjoy this without having to binge one thing this drama did was made me think about how much of this happens in real life Like what has been purposefully released to the media what's been hidden and buried how they are controlling public sentiment and opinion Read More,보좌관:세상을움직이는사람들
14,This is a must watch show on Netflix The leads are great as politicians and the show is fast paced,보좌관:세상을움직이는사람들
15,Lee Jung Jae plays a chief of staff trying to change a corrupt system with the help of the beautiful Shin Min Ah an assemblywoman of the opposing party In this well acted drama he is faced with the dilemma that to change the system he has to stoop as low as the people he despises Well paced with a story that holds the attention and an excellent supporting cast,보좌관:세상을움직이는사람들
16,A series that you can't seem to stop watching Always have the urge to know who outwits the other,보좌관:세상을움직이는사람들
17,It can be impossible to follow a complex plot in a foreign language with unrecognisable names But persevere into episode and the political shenanigans start to become clearer If you stick with it you will be rewarded Many of the strengths of Korean drama are on display here deft plotting with twists and turns galore superb acting by all involved and high production values The moral conundrum at the heart of the story serves to raise this a notch higher in my estimation Highly recommended,보좌관:세상을움직이는사람들
18,One of the best political thrillers I had watched in recent times it keeps you guessing wat happens next till very endHope they will return with season,보좌관:세상을움직이는사람들
19,Some people says that political series are bore This one as Borgen can be a perfect introduction,보좌관:세상을움직이는사람들
20,The show was suspenseful and dramatic just fine I would only give it a medium rating because watching this old man playing the M O J eat in like every other scene was distracting and DISGUSTING Who's idea was that and please fire them forever Yuck Totally took away from potentially powerful scenes So i guess I'd just say great writing other than that the genius main character would just leave game changing evidence in his desk drawer Not believable even for an idiot Great cast Bad directing Ew made me sick watching him eat,보좌관:세상을움직이는사람들
21,I love K dramas AND political themes CHIEF OF STAFF proved to be another excellently paced thriller starring some powerful actors and convincing co stars Lee Jung Jae was truly impressive as the stoic COS Jang Tae Jun who worked for Assemblyman Song played by veteran character actor Kim Kap su Kap su made me grimace at his eating habits but I loved that he introduced so many different Korean dishes in his many scenes Actress Shin Min a played Tae Jun's love interest and Assemblywoman Kang I found their together scenes sweet but completely devoid of affection with the exception of a hug or holding of hands I was hoping for a brief kiss at least The supporting characters around these main threesome were terrific overall It was a bit tiring watching all of them scurrying around in the COS offices The plot was a bit predictable but kept me completely immersed especially when reading subtitles The scenes were full of details and worth rewinding so as not to miss anything As always there were tears shed during the final episodes Season was as strong as Season and it was so good to see more veteran actors joining the cast Another wonderful Korean series that's a must watch,보좌관:세상을움직이는사람들
22,The first few episodes start out decently with just enough premise building character introduction and a tad of intense battle of power The writer seems to always pick the easy way out to every issue though Jang Tae Un faces an opponent and so his witty move would be digging up dirt of that politician that somehow nobody else has found out before Then Jang has the upper hand and wins whatever event of the episode This same solution repeats throughout the series and in one of the later episodes Jang even has dirt against a dozen of them and take their support away from the Minister Simply ridiculous,보좌관:세상을움직이는사람들
23,Great political thriller,보좌관:세상을움직이는사람들
24,Power corrupts,보좌관:세상을움직이는사람들
25,Addictive,보좌관:세상을움직이는사람들
26,Excellent Political Thriller,보좌관:세상을움직이는사람들
27,Must watch,보좌관:세상을움직이는사람들
28,Another perfect Korean serie,보좌관:세상을움직이는사람들
29,It's good Real good except,보좌관:세상을움직이는사람들
30,Political series at its best,보좌관:세상을움직이는사람들
0,This is one of the best Political Drama I have ever seen.... They have shown clearly.. how dirty the politics is.. How a person can abuse his authority. How hard it is to report and capture a Corrupt person.. How the internal struggles for the nomination works.. How they maintain a clean image with such Ugly truths in their graveyard.... The ML was true light in the darkness...  FL was the sword while ML was the shield.. it was a perfect combination of two people who did everything possible.,보좌관:세상을움직이는사람들
1,"I have watched a lot of dramas, but I don't think I've hated a character as much as I hate Song Hee Sub and Oh Won Shik, they grate on my nerves.",보좌관:세상을움직이는사람들
2,Worth watching if political is your cup of tea.,보좌관:세상을움직이는사람들
3,Any romance?,보좌관:세상을움직이는사람들
5,Love to see Shin Min Ah Comeback!,보좌관:세상을움직이는사람들
6,"Both seasons were such a joy to watch, if this genre is your cup of tea just like me then give ""Chief of Staff"" a go.p.s. This may not be the best script out there but the characters are solid and they make it up for the plot holes.",보좌관:세상을움직이는사람들
7,"I found this to be very boring, didn't like the triangle between Tae Jun,Sun Yeong, and Hye Won, it wasn't strong but was there, didn't like how Hye Won acted around him with love in her eyes, found that to be very disturbing, yet another writer with no integrity, of course in my most humble opinion.  1/10",보좌관:세상을움직이는사람들
8,Korean Francis Underwood is back in action. ?,보좌관:세상을움직이는사람들
9,Do I have to watch season 1 in order to understand season 2?,보좌관:세상을움직이는사람들
10,watch season 1 before season 2,보좌관:세상을움직이는사람들
11,"Ok, I will. Thank you.",보좌관:세상을움직이는사람들
12,"An idyllic ending to what I thought was a much better story overall than CoS1 although there were those usual kdrama elements popping up during the last few episodes.What a fabulous performance by KGS as the Minister for Justice. He really wanted to crush JTJ using all the political means at his disposal and not through the Chairman’s more crude methods. He really believed he had the better political prowess. He just forgot about how the mouse (the Driver) when it roars can turn the world upside down.As for our main couple, I liked how they rebuilt their relationship over a long period of time in a very considered way. A couple for the ages!Then we have the wide eyed boy wonder and YHW - finally a bit of traction :)Now onto the Blue House...",보좌관:세상을움직이는사람들
13,Ohhh so they are still hiding their relationship. I was hoping to see power couple vibes in the end. Its not like they are super young xD,보좌관:세상을움직이는사람들
14,I think we will see that re S3 when JTJ enters the Blue House (well it’s certainly set up for that anyway),보좌관:세상을움직이는사람들
15,But it seems like there wont be s3. At least it looks like that in press,보좌관:세상을움직이는사람들
16,"@ElektrionHeart It would be a shame if there isn’t a third season. However, I’m happy enough with where Show ended up",보좌관:세상을움직이는사람들
18,"What? Finished?...Hope there will be a 3rd season!Can't wait for the viper to strike in the ""blue house""",보좌관:세상을움직이는사람들
19,I hope they make a Chief of Staff 3! The 2nd season was so much better than the 1st!,보좌관:세상을움직이는사람들
20,"Give me Chief of Staff 3 NOW, Netflix.",보좌관:세상을움직이는사람들
21,Romance drama of the year. Don't @ me.,보좌관:세상을움직이는사람들
22,Now a mad dash to the finish line. Who will reign supreme?,보좌관:세상을움직이는사람들
23,Can they really end the series in just 2 episodes? I hope it would be satisying,보좌관:세상을움직이는사람들
24,"I mean, the cards are all on the table already, I think they can finish it without rushing things up.  Not gonna be a complete happy ending though.",보좌관:세상을움직이는사람들
26,"@Vincent Libutan ""Happy ending doesn't mean good ending""So what? I didn't say I was mad because it was not a happy ending. Read it again before trying to put words in my mouth.",보좌관:세상을움직이는사람들
27,@Jorsias i didn't mean anything bad in your statement. I just said happy ending does not equate to good ending.  You're putting negative meaning in my opinion.  I'm not putting words in your mouth.  Read my statement before assuming that I'm putting anything in your mouth.,보좌관:세상을움직이는사람들
28,"@Vincent Libutan if you got irritated because of my statement, that's your fault, not mine. I didn't directly say anything bad, and you took my statement in a negative way.",보좌관:세상을움직이는사람들
29,Minister Song's Driver to the rescue?,보좌관:세상을움직이는사람들
30,it could be,보좌관:세상을움직이는사람들
31,Can Tae-jun change the world in  the two remaining episodes? I smell something hehe.,보좌관:세상을움직이는사람들
32,"The best thing about this show is Jang Tae Joons(Lee Jung Jae) ass. Sorry, but true. Hey daddy.The show is interesting to watch, cuz its suspensful, but it lacks logic. They did it over the top. To many times story went back and forth, enemies suddenly forgiving to each other to stab in the back again. In one moment one side is weak, in another it has absolute power..and so do all sides here.Plus its doesnt seem realistic at all. Korean people are sooooo judgemental and dont seem forgiving. So to have a politician whose two chief of staffs were having a scandal...and that politician can act like he knows nothing?mwtf? Why would someone bribe CoS if not bcs ot THE politician. Then all the scandals seem to be easily forgotten... in a country where you can be put to wall of shame if you dont bow correctly in front of others and suff.. like ehh.Plus as a political scientist the most stupid part is that all scandals were from the same party. Like members going against each other..but literally one scandal is enough to ruin a whole party. But here one part has XXX scandals, but no one minds it. Like, really? And if members dont seem coherent..would you vote for a party like that?There is no opposition here. Plus they made it like the whole country is about maybe 10 politicians, while no one cares about other. Ehhhh",보좌관:세상을움직이는사람들
33,you know there is a saying => never watch a drama/show from the same field you are working in/studying inYou will never find 100% accuracy when it comes to portraying a field in a drama. That is not possible either.,보좌관:세상을움직이는사람들
34,it isn't drama if it is 100% accurate haha.  just my opinion,보좌관:세상을움직이는사람들
35,"Haha that is true! But it seemed like finally something i would enjoy! Well ok, its not that i dont enjoy... its just that they could have made same problems, but with different players :/",보좌관:세상을움직이는사람들
37,"@ElektrionHeart Yeah I unterstand your feelings well. I have a similar problem too XD But the story is still interesting although I absolutely agree with you, the drama might have profited a lot with a good solid opposition. But then, it could also have backfired.",보좌관:세상을움직이는사람들
38,"All I will say is I have been in the political arena for over 30 years and I have enjoyed every moment of CoS2, even if there might be one or two little questionable moments :)",보좌관:세상을움직이는사람들
39,"If you think one side is too strong here, don't go near Vagabond.",보좌관:세상을움직이는사람들
40,"I agree how some parts of this were done for the plot's sake,""but literally one scandal is enough to ruin a whole party. But here one part has XXX scandals, but no one minds it. Like, really? And if members dont seem coherent..would you vote for a party like that?"" but we don't see the opposing party's problems or scandals since the story is about ""chief of staff"" who is Jang Tae Jun hence we see what is related to him, so we don't know why people have voted for the Daehwan party,  as long as they present a good image before the elections it's not impossible to win it again too. Also the members were coherent on the farce which is only to be expected and seemed quiet realistic to me. ""There is no opposition here. Plus they made it like the whole country is about maybe 10 politicians, while no one cares about other. Ehhhh"" From what we were shown the whole country was actually all about those 10 politicians since every important position was filled with their people which again was quiet realistic to me. Everyone was taking bribes and somehow connected to one another so the real powerplay was naturally only between the upper crust of the crowd. Of course reality is much different than dramas but in my country it's not less ridiculous. In actuality I've seen much more stupid and unbelievable stuff here even as a citizen, so who knows how worse it is behind the scenes.p.s. ""Plus its doesnt seem realistic at all. Korean people are sooooo judgemental and dont seem forgiving. So to have a politician whose two chief of staffs were having a scandal...and that politician can act like he knows nothing?mwtf? Why would someone bribe CoS if not bcs ot THE politician. Then all the scandals seem to be easily forgotten... in a country where you can be put to wall of shame if you dont bow correctly in front of others and suff.. like ehh.""Political scandals are commonly buried with celebrity news sooo idk, the weird part for me was how some of those scandals even made it to the news, I would've liked to see the real action from the opposing party maybe then it would've make much more sense but oh well.",보좌관:세상을움직이는사람들
41,Just about korean being  judgements...Korean ....asian in general are the worse. Wicked  judgements and unforgiving.  I hate going  to the temple for that factor..It is  judgement city,보좌관:세상을움직이는사람들
42,"This drama is just as good as Stranger, I hate Netflix for having two season. It killed the momentum of the drama.",보좌관:세상을움직이는사람들
43,I agree.,보좌관:세상을움직이는사람들
45,I agree. waiting for more episodes.,보좌관:세상을움직이는사람들
46,CoS2 continues to impress. Great acting all round!,보좌관:세상을움직이는사람들
47,Song Hee Sub looks like he could have a heart attack at any moment,보좌관:세상을움직이는사람들
48,I think he is a great character and one of Kim Gab Soo’s Best roles,보좌관:세상을움직이는사람들
49,Definitely.,보좌관:세상을움직이는사람들
50,Chief of Staff is the most realistic romance drama airing this year.,보좌관:세상을움직이는사람들
51,how is it so far?,보좌관:세상을움직이는사람들
52,"CoS 2 is off to a great start. In fact, I’m enjoying it more than CoS 1 so far :)",보좌관:세상을움직이는사람들
53,My body is ready for Tae Jun wearing a Tom Ford suit lol,보좌관:세상을움직이는사람들
54,"Oh,  Hi There. It's been a while. Let's watch the second (first season) as we got the sad ending we're all hoping for?",보좌관:세상을움직이는사람들
55,Your dp though >< spotted the Eagle,보좌관:세상을움직이는사람들
56,Finally the day it's here ^^,보좌관:세상을움직이는사람들
57,Jung Jin Young died in season 1. How come he is playing main role in season 2?,보좌관:세상을움직이는사람들
58,"lmao, right? busted ctrl+c ctrl+v",보좌관:세상을움직이는사람들
60,"He wasn't in the 2nd season, he died, only time you may have seen him was only in flashbacks. Not sure where you received your information that he was back in season 2.",보좌관:세상을움직이는사람들
61,Can you please reveal who killed Go Seok Man in the last episode of season 1. I am unable to control my curiosity,보좌관:세상을움직이는사람들
66,Dropped My First First love because  of this nonsense. I just hope Netflix won't get too big in South Korea and force more and more dramas with seasons.,보좌관:세상을움직이는사람들
67,It’s gonna start in November after the first season is competed in July? Seriously??????? We have to wait that long?,보좌관:세상을움직이는사람들
68,"it'll be hard to watch some dramas if Netflix keeps doing that... honestly, one of the reasons why people like to watch kdramas is because they don't have that season thing",보좌관:세상을움직이는사람들
69,yes thats true,보좌관:세상을움직이는사람들
70,I completely stopped watching English Tv shows just for the season breaks. Now Ntflix is crapping all over kdramas with this… ugh!,보좌관:세상을움직이는사람들
71,"jTBC is the ones splitting it, since there are new laws in South Korea decreasing working hours. This is for the best since a lot of staff die because they are rushing dramas. Moreover, actors are really overworked, go sleepless for the filming weeks, and suffer mental issues from this. If you love the actors, production crew, and drama you wouldn't want them to suffer, and would patiently wait. People need breaks, just like you get in summer holidays and payed leaves if you are working. The would go to their family and rest, instead of spending weeks in the filming locations.Moreover, when they split the drama, they get more money from sponsors and ads to fund the next part. They gauge the response for the first season and decide if they would make another one, instead of wasting money filming a long drama and then not have the money to pay the actors and production staff (which is a big issue in South Korea now).Netflix is only streaming and subbing it, they are not the ones producing it. They have no control over splitting or not.",보좌관:세상을움직이는사람들
72,"@Hessa There are many other (better) ways of improving the workers' conditions, but ok, it's not that we can change it ourselves. Thanks for the explanation!!",보좌관:세상을움직이는사람들
73,@Hessa The real solution is to have pre produced finite dramas.,보좌관:세상을움직이는사람들
74,@Hessa thanks for the explanation. would make a great article. I've gotten really mad at Netflix but this makes me understand.  I don't want actors and staff dying over a drama.,보좌관:세상을움직이는사람들
0,The internee is so cute. I feel so bad for him. Life of an intern is not easy.,보좌관:세상을움직이는사람들
1,Any romance,보좌관:세상을움직이는사람들
2,The leads are a couple right from the beginning but no romance really. Just a few scenes.,보좌관:세상을움직이는사람들
4,"after watching stranger and designated survivor, this definitely falls more on the designated survivor side of the scale of politcal drama. entertaining but not the realistic and tightly woven political plotlines i was hoping for. all the politics in this show revolves around their little bubble and while i guess it's hard to feed too many characters to the viewer, its disappointing how they made a few assemblymen look like the core power that runs the entire nationcan't say i didn't enjoy it though. definitely a guilty pleasure drama for me, especially since 70% of why i kept watching was to see tae jun x seon yeong moments because that couple is seriously driving me maddddddd",보좌관:세상을움직이는사람들
5,Aah !!!!i watched stranger and designated to survivor as well. Should i keep watching this drama ???,보좌관:세상을움직이는사람들
6,"i think it's about your expectations! it's an enjoyable show, but if you're looking for a deep dive into politices (like stranger), this definitely isn't the one. it's basically a thriller that happens to have a politics as a backdrop",보좌관:세상을움직이는사람들
7,"That 7.9 isn't justifiable?So far, the best political kdrama I have watched! Any other recommendations?",보좌관:세상을움직이는사람들
8,Designated Survivor: 60 Days,보좌관:세상을움직이는사람들
9,"Might not be everyone’s cup of tea, but i would say its a great show good enough. Even though there are many other better political dramas but this show is realistic and well i would say it’s worth a watch.",보좌관:세상을움직이는사람들
10,Speechless. Insane! That was an insane ride. I cried. I was angry and I still am actually because this drama ends on a crazy cliffhanger. Highly recommended!,보좌관:세상을움직이는사람들
11,Been looking for a legit serious political kdrama for the longest time and finally found one without the idol frills! So excited for this since a friend was raving about it and the reviews seems promising,보좌관:세상을움직이는사람들
12,Can I just say how glad I am the intern is not the main lead and that YHW is not the main love interest.,보좌관:세상을움직이는사람들
13,I take that back. The intern is a damn good intern. Without him the others would probably be toast (if we disregard some of his stupidity ofc).,보좌관:세상을움직이는사람들
14,So i haven't tried any dramas of this genre? Should  I make this the fist one?,보좌관:세상을움직이는사람들
15,Yes you should,보좌관:세상을움직이는사람들
16,"This is a good political drama, I would reccomend to watch both season together, makes more sense.",보좌관:세상을움직이는사람들
17,Whenever i see Netflix label i see conflict in story and pacing. Dropping this one,보좌관:세상을움직이는사람들
18,"This is a JTBC show, Netflix is just the distributor for international audiences. Read the damn details",보좌관:세상을움직이는사람들
19,Dear Mars Netflix has 10k+ content in its box but only less than 3% is its original content. i'm well aware of that fact but what i meant was whenever they pick a series from another distributor they always breakup good story to make more money (more episodes/seasons)thus ruining over all experience of the show. If you want you can see my watchlist and judge for yourself.,보좌관:세상을움직이는사람들
20,@Rajprasat A Haha that isn't Netflix's fault. its the original network for pitching it to NF for distribution. Personally I'm ready for drama seasons. Too many dramas I've seen that would've been fun with a second and third season,보좌관:세상을움직이는사람들
21,Disappointing. Unrelenting repetitive study of corruption. Won’t be bothering with the second season.,보좌관:세상을움직이는사람들
22,Does this drama have any romance and is it worth watching? I've heard this drama was good.,보좌관:세상을움직이는사람들
23,"I'm looking forward to seeing Mr. Han showing Mr. Park he did not choose the right way in season 2. The men who put him in that place have so much dirty on him that he will focus on how to keep that place instead of helping ""the people"".",보좌관:세상을움직이는사람들
24,"That ending was really something, I mean I've seen it coming and I love when main leads' morals become questionable and essentially more realistic yet I wouldn't mind a bit fairy dust to make our leads a bit stronger. Overall this drama is pretty good but it left me quiet frustrated most of the time, hopefully the second season will be able to solve the knot this season left in my heart.",보좌관:세상을움직이는사람들
25,"This lost major points for have a despicable trash triangle in it, subtle and quiet but still there in the form of Hay Won liking Tea Jun, even worse knowing he's with someone,  only reason it didn't get 1/10 was because of it not being obsessive where she is obsessively chasing him. Other than the triangle I found it boring, with the low lives getting away with murder, and so much more, not good, but maybe in the next season justice will be served, should have done it with this season. Another reason this lost major points was the fact of one of the characters having an abortion, in my most humble opinion abortion is murder, shame on this writer. 4/10",보좌관:세상을움직이는사람들
26,"I felt like I'm watching Korean version of house of cards and it didn't disappoint me, rather I loved it.",보좌관:세상을움직이는사람들
27,"It somewhat reminded me of West Wing (by Sorkin) which is a complex and brilliant show, unlike this. It's promising at the beginning, but goes down quickly.",보좌관:세상을움직이는사람들
28,This was boring imo....,보좌관:세상을움직이는사람들
29,"""The viper has returned with more poison"" <3",보좌관:세상을움직이는사람들
30,"As someone who only watched this up to six episodes, this is high-quality pure political drama. However, at times my brain also froze as the story and relationship between characters become more complicated. I want to appreciate this show as a whole but I couldn't since I decided to drop this after the 6th. I watched this while airing but after the 6th I put it on-hold and now to continue from where I left off wasn't as easy for now I have a different mood. Due to the complexity of the story, at least an  8 is well-deserved for this show.",보좌관:세상을움직이는사람들
31,"I have put this one on hold. Unlike many, I found the first episode was too fast, and, consequently, a little too dry. Politics is definitely my cup of tea, but here it seemed almost sensational and unrealistic.",보좌관:세상을움직이는사람들
32,started strong...but the ending is just a hard stop at a pivotal moment... TIP: wait till nov for the rest of the episodes (part 2) then watch the whole thing together,보좌관:세상을움직이는사람들
33,So there's a season 2 for this?,보좌관:세상을움직이는사람들
34,as far as i can tell ...but not really sure... think there is a link  at the  top of this page (just below the synopsis) for part 2,보좌관:세상을움직이는사람들
36,Not the best drama imo... Started out strong though.,보좌관:세상을움직이는사람들
37,I hate Jang Tae Joon so much hope Han Do Kyung makes him pay next season .. from the very start I thought Yoon Hye Won was a smart and amazing woman now all I see is a complete idiot .. I'm hoping to see Han do Kyung and Kang Sun Yeong start working together to make them all pay,보좌관:세상을움직이는사람들
38,"This quickly got boring and repetitive after starting so intensely. The season split is ridiculous with Netflix forcing a 20 episode kdrama into 2 seasons. This season is disappointing especially the ending. It would not be so bad if the follow on second half started in a week. It starts in November, 4 months after this season ends, just in time to forget this or not even care anymore. 7.5/10 for the first 10 episodes.",보좌관:세상을움직이는사람들
39,Did all the episodes release at once?,보좌관:세상을움직이는사람들
41,"Any Romance, Kiss scenes?",보좌관:세상을움직이는사람들
42,"Yes, but it's definitely not the main focus of the drama. For some it's not even ""romance"" but it's there for two couples. I think season two will make it obvious. It's nothing fluffy if that's what you're looking for.",보좌관:세상을움직이는사람들
43,"This truly was an interesting drama. Acting wise top, character wise: unique and very realistic.It dealt with a lot of unusual topics and characters. It was not the typical drama, truly well done.  It reminded me a lot about the netflix show ""House of Cards"".  I really enjoyed it.As of the accuracy: yes, political wise there were some not-so-true things. But honestly, this is a drama and not a documentary, therefor some leeway should be given.The problem I had was less the accuracy, it was more the background to the characters. We were not allowed to be given a lot of info about them. Content for season 2 maybe? From this: I give this drama a 9/10.Well done, now lets see where season 2 will take us :)",보좌관:세상을움직이는사람들
44,"Yes, the acting is superb. I thought after the end to Ep 8 (which I was disappointed with), Ep 9 transitioned the story very well. However, I felt Ep 10 needed to be a longer episode to accommodate JTJ’s transition so to speak and close out some of the other storylines.I haven’t watched the US (Netflix) version of  “House of Cards” because the original UK version was such a masterpiece (and so on the money). Perhaps, I will one day.Overall, I gave COS 9.5. The first half of the show and the portrayal of how a COS goes about business is not far off the mark. Perhaps Season 2 will be even stronger re our idealist failing to see how his actions are changing as a result of the quest for power. I find it interesting how he clings on to Minister Song’s comments re giving up everything to achieve a goal. Do the ends justify the means?",보좌관:세상을움직이는사람들
45,"Yes same. He is such a twisted character, very unique. And very interesting. I too am curious how this will turn out. But you are right, the end was a little bit too rushed, but then we only have 10 episodes, you don't have much leeway there. I wish season 2 wouldn't be quite so far away, but alright what shall we do. Lets see how this will turn out :)",보좌관:세상을움직이는사람들
46,"Agreed....this reminds me a lot of House of Cards...Lets hope, season 2 will also be good...Bdw I like the OST too!",보좌관:세상을움직이는사람들
47,Ayy I hope so too and oh gosh yes! the OST  was absolutely amazing!,보좌관:세상을움직이는사람들
48,"I m a political scientist and i was sooooooo looking foreward to this drama. First episodes were really fun and i started to like this show. Which is a big thing for me, cuz in dramas i prefer romcoms, cuz doing what i do...you get sick and tired of politics, so dramas are my escape hahaBut this show is becoming a bit too much!It seems like there is no opposition. Not even one case was against them, its made like there are only 6 MPs that do all the work, others nothing. I m not sure how their party can be the ruling party, when they dont do a thing together, but all important members (it seems like only 3 are important) are against each other. They are in constant war. Especially in judgemental society like Korea, in which one bad thing ruins your career, so i dont get it why would members of the same party do things like that in that scale. Basically it ruins possibility to get re elected.Plus, there were some smaller scandals and it seemed like Mr Song cant do a thing without KTJ, like he was inferior to Mr Jo and only KTJ could save him. Boom, now he has ultimate power toe ven control prosecutors, even tho he is not even a minister yet. And KTJ cant do a thing. I mean, you were there all the time, you know all important things about him, now he doesnt know what to do. Nor does have plan B. He is so lost.He was so full of himself and now...meh. I mean how stupid you have to be to trust people like that and not prepare escape plan if something goes wrong. Now it seems he will ruin even more people by his actions.“Trust me”. Meh.",보좌관:세상을움직이는사람들
49,"Did they really have to go with that route with Lee Sung Min. It's not convincing at all and kinda forced tbh... I mean he was shown to be a righteous man with a righteous ambition and is not that weak to commit suicide. Now, I'm just sad TT I hope that he lives but according to the word of ''Funeral"" in the preview, I guess not!",보좌관:세상을움직이는사람들
50,"seriously wtf.. it just seems so out of place??? literally why would he do that it doesn't make sense ... i was genuinely shocked.. like i thought when he said ""you don't have to worry"" or whatever on the phone that he meant he would take the blame at the questioning. there's like no reason he would kill himself ksdjfk and he just gonna leave his family like that ? its just not realistic..",보좌관:세상을움직이는사람들
51,Yes exactly! I couldn't even feel sad about it because this suicide was a total nonsense ;(  This drama was really good at first but in a last few episodes so many stupid things happened that it's ridiculous..,보좌관:세상을움직이는사람들
53,So much has happened and we're only in the first season.,보좌관:세상을움직이는사람들
54,I love Yoon Hye Won and I will protect her until the last of my days. Her eyes are the truth.,보좌관:세상을움직이는사람들
55,Does this include romance or not? I'm getting confused from reading the comments down below.,보좌관:세상을움직이는사람들
56,it does have a romance story in it But the romance is not the majority topic of the drama.,보좌관:세상을움직이는사람들
57,"Yes, but it's not the main focus of the drama. In my opinion is done really well, especially since both ""couples"" are very different. Nothing fluffy though.One is basically business, the other is about overcoming a trauma together. I really like it.",보좌관:세상을움직이는사람들
58,"Drama is fun to watch , fast paced and script is quite good, but there is big BUT..I am only one do not get main character? His character is very incoherent. He is supersmart and super stupid at the same time. What is his dream? To become an assemblyman? To get revenge? After 4 episodes nothing is clear about him and there is no mystery, no emotional pain surrounding him to keep watching this.There is no way Mr. Song will let TJ to become an assemblyman. He is too valuable to remain as a dog, as a servant to let him walk away. Song will never help TJ. TJ is in trap and he willingly put himself into this situation. As TJ smart is, he should predict this. But his main plan is to rely on only Mr Song. He has no plan B no plan C etc. He is not naive rookie to believe that. Seems like very stupid character, but from first episodes he is shown like superhero smart. I do not get his character and do not get any emotion, do not feel sorry for him getting caught with USB (btw he was too stupid to place in office). Does not feel anything for break up with lover. He chose to betray her for Mr. Song and does not get anything from it. Seems there were many ways to get out of situation without betraying her. Whole situation was too much forced to just portray him sad, regretful in later episodes.Every episode he just gets more enemies and seems he step by step farther away from his whatever dream.Can anyone interpret his character and his motivations?",보좌관:세상을움직이는사람들
59,"Yeah, I was really exited for this drama and the moment I saw him put the USB in his desk... I knew it was over. Shit writing.",보좌관:세상을움직이는사람들
60,Writing is actually not bad. The dialogues. The issues. The plot twists. The political battles. These things urges me to keep watching. But everything about TJ is total nonsense and he is main character. Maybe it is actors fault I do not know.,보좌관:세상을움직이는사람들
62,"What you are seeing play out is the impact of his dream falling apart and the pressure this can put on someone when this happens. You start to make silly mistakes, make the wrong calls and even lose sight of what is important. It’s very realistic in this regard.",보좌관:세상을움직이는사람들
63,"Mistakes are understandable. Issue not about his choices or overlooking what is important, but why he has to make these choices at all.Why he has no plan b no plan c to reach his dreams? Why he builds the dream on empty promise from boss? He is not in early 20s naive rookie. He is too smart and too old to behave like that, to believe that without doubt. His character is very inconsistent. His plan to reach his dreams is very stupid from very beginning. Sounds like a plan from child with zero life experience.",보좌관:세상을움직이는사람들
64,"@kestonis It does seem that way. Unfortunately, he has to make these choices because he is in the world of politics (aka Game of Thrones) and is beginning to lose his grip as a master player in this realm. It happens even to the best political movers and shakers and is known as “failing to see the wood (forest) for the trees” (there are many well documented cases out there re this political phenomenon).  Plan B for him would be to actually listen to KSY and step back or actually resign and rise from the ashes at a later date. Not many people are wise enough to do this though. His resurrection in this instance would make Chief of Staff even more compelling.",보좌관:세상을움직이는사람들
65,"@SeanFletcher I get what are you saying. But here is not the case. I will explain why his plan is stupid and childish.1. In world of politics most valuable asset is connections. In 5 episodes he does not try to increase his assets. He only makes more enemies in political world during each episode. Comparing to his nemesis other chief of staff, who tries to get deals with various people on every opportunity.2. His connections are from the past police buddies and various skilled workers who hold zero power in political world. It helps to fight battles but not to become a politician.3. He fights his boss battles and gets blamed by everybody while boss stays clean. He gets nothing in return, just empty words. He does not negotiate with his boss to become step by step more independent, to get seen by people.4. His original plan is to get seen by his boss' shady supporters is stupid. Shady people support you only if they get something in exchange. He cannot offer anything to them that his boss can't.  He doesn't try to brake their relationship, that they would doubt his boss and start seeing him as alternative.5. Another way is to work directly with voters like his girlfriend got elected. He shows no improvement in that part too.6. His only power is using his boss name (f.e. getting media attention). He has no power outside.7. The only actions for himself is to return to post and remain boss underdog.8. His plan to randomly gather evidence on his boss is child's dream. He has zero preparations to betray his boss. His girlfriend prepared before betraying her senior. Hundred times smarter than him.In summary he has zero power in politic world, not skilled politician but extremely good in fighting behind the scenes battles , cleaning his boss messes. He is not on path to become assemblyman. He does zero actions to change situation. This is not the way experienced politician would build his career or plan his dream.",보좌관:세상을움직이는사람들
66,@kestonis Some great observations. I think we are in for some further surprises.,보좌관:세상을움직이는사람들
67,"amazing drama so far. It's very political but we have some great twisted characters, a secret romance, and a smart lady. Gives me a lot of ""Big Issue"" and ""The K2"" vibes.",보좌관:세상을움직이는사람들
68,"I only watched 1 ep, and dramas that are solely focused on politics are not my thing, so is there something else here?",보좌관:세상을움직이는사람들
69,"Well, the genres are drama and political... If you don't like this kind of dramas then I would recommend dropping this one, it's mostly about politics :)",보좌관:세상을움직이는사람들
70,"sometimes those 2 genres could have something ""intense"". like a character driven emotional journey? and not just a simple power struggle.. I'm always looking for that ;)",보좌관:세상을움직이는사람들
71,"@XingBack yeah, you're right ;) anyways, still I think that this one is mostly about political struggles, at least that's how I'm perceiving it",보좌관:세상을움직이는사람들
72,@Paula ok thanks~ I'll keep this on hold and see how it ends ;),보좌관:세상을움직이는사람들
73,Me neither I got bored halfway ep 1. I wanted to watch this for Kim Dong Jun and Lee Elliyah I only watched other political dramas 'cause they had some action/suspense in it (Three Days) or investigation (Secret Forest),보좌관:세상을움직이는사람들
74,"For me this show would be full time killer if there was a mega twist.  Tae Joon betrays Sun Yeong in order to achieve his goal, then kinda win over mr Song and Jo, but then comes twist.., Sun Yeong becomes super popular thanks to some case related to single mothers, becomes super influental politician and gets her revenge by stopping Tae Joons career.To finally get a bit of super strong female lead, finally being more superior than a guy. Especially after being hurt by him.",보좌관:세상을움직이는사람들
75,"High quality stuff! Probably my fav this year after ""The Crowned Clown."" Few PD's like Kwak Jung Hwan in the industry - always a joy to watch his dramas. And loving Lee Jung Jae & Shin Min Ah as a couple! Hope things work out for them after the ep 4 reveal.",보좌관:세상을움직이는사람들
76,Putting this comment in to drop the toxic message below me.,보좌관:세상을움직이는사람들
77,"I love that Sun Yeong is a power player and I like how Tae Joon admire her. If you're in the same wavelength, you will love this power couple. Everything they do seems like its calculated, but I love it. That last scene appears to say Tae Joon will have to make the worst personal decision, but I think otherwise.",보좌관:세상을움직이는사람들
78,"The most wonderful thing about people to me is our uniqueness.  How siblings created by the same two individuals can be so vastly different including their blood type.Therefore, we are all not going to enjoy the same drama in the same manner.  This app was placed here so that we could express our varied opinions and reactions.   How dull would the world be if everyone were the same.  So we should accept, respect and appreciate our differences.  It's fair for one to express his opinion and not be willing to debate or read others' whose differ.  Since ""block"" is an option, it's rightful for him to use it.  But to use it after calling others ""stupid pricks"" is downright disrespectful and immature especially when nothing written in response to his opinion was offensive.    ???? @helldracoIt's also silly to waste one's time on a drama predetermined to be a waste.  Time in a day is limited; so is life.  Spend it on things that are necessary and enjoyable.",보좌관:세상을움직이는사람들
79,This drama does romance better than 90% of Romance dramas lmao,보좌관:세상을움직이는사람들
80,"I disagree. The romance, I don't really get why they are paired up with each other.",보좌관:세상을움직이는사람들
81,Really?,보좌관:세상을움직이는사람들
84,A very intellectually stimulating romance. That's what they are. :),보좌관:세상을움직이는사람들
85,Cheers to that. Not really a common thing in kdramas but I sure am on board with it.,보좌관:세상을움직이는사람들
86,"True. Not some cliche things being repackaged all over again, i just live for their time together, even if its not every other scene",보좌관:세상을움직이는사람들
87,"Now, for a mastermind as Jang Tae to leave a USB drive in a place like that that is really silly, especially since the assemblyman believed Mr. Oh without checking the content of the drive.",보좌관:세상을움직이는사람들
88,"It's not silly, it's the writing style of the show: they need cool scenes and cliff', not coherence.",보좌관:세상을움직이는사람들
89,"Of course it's silly when you have the actor go way out of character just to get caught. If only they had shown him tired or something to justify him being dumb. Hell, in the beginning of the episode it shows him concerd about Mr. Oh sitting on his chair and trying to open the locked drawer. Would you keep the USB drive there? lmao.",보좌관:세상을움직이는사람들
90,It’s an exciting political game of chess where each opponent is trying to stay as many steps ahead of the others as they rise to power. It will be hard to pick the winner. They are all skilled.,보좌관:세상을움직이는사람들
91,"Yes, CoS has really hit its straps in eps 3 and 4. JTJ is acting more like the President’s chief of staff (or at the very least a minister’s) that’s how good he is, because he is better than any of them in terms of creating opportunities out of a crisis and working out the steps ahead. KSY is also a very talented performer. However, when it comes to politicians and the game of politics it’s never about the smartest person in the room. This is where the show has got it right. On another note we can all forgive JTJ for the flash drive error - the question remains: “was he really that silly, or was it a red herring?” I would like to think so :)",보좌관:세상을움직이는사람들
92,"When you think of political dramas, you often think of slow moving or uninteresting  melodramas... but this is so fast paced, interesting and intelligent. I know we're only at episode two and it's likely too soon to judge accurately but I think we're in for some spectacular take downs ahead and I'm so excited to see more.",보좌관:세상을움직이는사람들
93,So the main leads are just dating??,보좌관:세상을움직이는사람들
94,Apparently ????,보좌관:세상을움직이는사람들
95,"Beyond dating, they're cohabitating.",보좌관:세상을움직이는사람들
96,Am I the only totally loving this show? I loved the political aspect of the story. Yes there maybe some loopholes and a bit exaggerated but still the show is off to a great start for me. The first episode totally hooked me in. I’m totally waiting for this one. Like someone said maybe it’s not for everyone. The political aspect is there more than anything and it shows what actually happens behind the scenes of politics :),보좌관:세상을움직이는사람들
98,I'm with you! Love this kind of mature dramas :D,보좌관:세상을움직이는사람들
99,I don't think it's for everyone. The drama is alright. I do find it interesting that it focuses on campaigning.,보좌관:세상을움직이는사람들
100,shin min ah finally!!!!!!! mature role for her and not so rom-com drama ♥️,보좌관:세상을움직이는사람들
101,"you need to watch tomorrow with you, but i mean NOW!",보좌관:세상을움직이는사람들
102,ive watched it already tho,보좌관:세상을움직이는사람들
104,"This show looks filled with a great cast .Is this the Korean ""House of Cards ?""",보좌관:세상을움직이는사람들
105,"This was my thought, 'House of Cards.'",보좌관:세상을움직이는사람들
106,"It's going to be a waste. The narrative lacks the two most important things to be a good story: motives and exposition. What are they doing ? Why are they doing it ? You can't answer that because there's only scenes (well acted) here for the show: You're going to react because they're cool, but they're only that. They' don't make sense, they're simply here to make you react. The main couple is bad: yes it's a nice couple, but it's a couple that doesn't make any sense: they are enemies ! Why are they together ? How is it possible nobody know they're together ? The show isn't coherent: in the second ep one of the character did something bad (not on purpose). He's being reprimanded for that by people ... who are here to do ONE thing: bad things to destruct to other party. It's going to be waste: it's well acted, but there's no reasons nor exposition behind anything.",보좌관:세상을움직이는사람들
107,There is a reason why there are 2 seasons be patient,보좌관:세상을움직이는사람들
108,"First: thank you for not being a stupid prick like the other three. (^_^)Second: why ? Why do I have to be patient ? The motives behind actions is the first thing you have to show, that's how you can like (or not) what is happening. This show (just watched the third ep) is like Punch but utterly messed up. Every scenes are here because they're cool, not because there's a reason behind them. The perfect example: the cliff' of the third ep. Seriously, does that even make any sense ? It's a scene that's here because they needed a cliff', it's absolutely incoherent: the MC saw what could happen in the beginning and he didn't do sh*t about it ? Come on ... (u_u)",보좌관:세상을움직이는사람들
109,"Wow!  What you've described here is ENTERTAINMENT.•  Cool scenes that evoke  viewer reactions•  A likeable main couple.  Intelligent.  Though political opposites.•  Backstabbing, maneuvering•  Well acted!   Woohooo!",보좌관:세상을움직이는사람들
110,"No, it's a BAD tv show. Big diff'.",보좌관:세상을움직이는사람들
111,Don't watch it then.,보좌관:세상을움직이는사람들
112,"I do what I want, you are nothing and don't have any right to tell me what I can and cannot do, it's toxic and aggressive.",보좌관:세상을움직이는사람들
113,"Interesting comment, but I deem it too early to make the call ""it's going to be a waste"" when you're only 2-4eps in.. Part of what makes this drama interesting is that it relies on showing rather than telling. You'll find hints of the characters motivations and goals as the narrative develops (rather than a standard 4 episode backstory that plagues too many dramas IMO). This of course requires us as viewers to tune in and engage with the show on a more attentive level, but I like that. The scene where Jang Tae Joon met his father and we learned of his family tribulations (as well as the flashbacks to him working as a police) were great examples of short yet effective scenes— lending an eye into where he came from and why he holds his current worldviews and goals.",보좌관:세상을움직이는사람들
114,"If you are not into dramas with politic theme maybe you will find it a little boring but it's  fast paced and the cast does an awesome job. Even though romance is not basic element in the series , I began  having already my female second lead syndrome! Lol.Both actresses come out as strong characters and i hope they will stay like this.",보좌관:세상을움직이는사람들
115,I was so excited for this drama because of the awesome cast but politics doesn't interest me at all. I tried watching episode 1 and indeed it was so boring to me. I really wanted to like it. Will have to wait for their next dramas with other genre.,보좌관:세상을움직이는사람들
116,definitely the stand out in netflix's new crop of kdramas for summer.,보좌관:세상을움직이는사람들
117,"A class act all round. This is an insightful production, with a fine cast and it’s good to see the female leads playing much more mature roles",보좌관:세상을움직이는사람들
118,This show is so good :)... def worth watching,보좌관:세상을움직이는사람들
119,"from the promos i didn’t realise these two were already an established power couple, damn. absolutely love them already and how they sold the romance with just a few scenes between them. i’m dying for more of them and their history. loving the miss hammurabi vibes (same PD) and the more realistic take on a political drama. no weak link in the cast. lee jung jae is killing it, i can see why he’s so respected as an actor. also love shin min ah’s cool, calm, and collected sun yeong as well. i often find these days that episodes are too long and bloated with so many wasted scenes. not in this drama. it’s impressive that the writer so efficiently set up the story and characters in just over an hour. i hope more people will give this show a chance.",보좌관:세상을움직이는사람들
120,"I'll have to admit, the OST and the poster brought me here. I knew straightaway this leaned more on the political or thriller side. Let's see how this goes, knowing that Netflix has got it to split into two. Must have been 20 episodes.",보좌관:세상을움직이는사람들
121,I am so mad at this new system that Netflix is trying to push for. It is obviously one whole drama and creating seasons that are aired with few moths disturbs the flow of the story and what for? Because American shows have seasons? This has been getting on my nerves lately and it just blew up here because the second part is going to be aired in NOVEMBER which is crazy,보좌관:세상을움직이는사람들
122,"Exactly .. the reason why I stopped watching alot of american shows is the seasons thing, it gets truly boring that i end up dropping the show",보좌관:세상을움직이는사람들
123,It makes more monies for netflix lol in the long run... longer time period... more attention and advertising... spread costs etc.. build suspense and create a fan base etc.... annoying but what can we do lol,보좌관:세상을움직이는사람들
124,Is there any romance?,보좌관:세상을움직이는사람들
125,"Yes, there's a romantic story-line, but I don't think it will be the main or even a major focus.",보좌관:세상을움직이는사람들
126,It's on US Netflix as of today!  https://www.hollywoodreporter.com/news/netflix-unveils-five-korean-original-series-one-film-1218366,보좌관:세상을움직이는사람들
127,"It’s on Netflix Italy as “chief of staff” title, so I imagine  it will be available soon. Probably two weeks after korean premiere. Italy date airing 24 June",보좌관:세상을움직이는사람들
128,"Thank you. It's listed as ""Chief of Staff"" on Netflix in the USA too. Also, Netflix states the episodes start on Friday (tomorrow) June 14.",보좌관:세상을움직이는사람들
129,I admire the way two leading ladies act: both of them are very good actresses I think. That's why I am curious about this show.,보좌관:세상을움직이는사람들
130,Is this a  new trend! First they started splitting 1-hr episodes into two 30-min ones (for commercials) and now they are splitting the whole drama into parts.,보좌관:세상을움직이는사람들
131,awkward relationship?,보좌관:세상을움직이는사람들
132,Jtbc next big hit,보좌관:세상을움직이는사람들
133,This one seems like a quality production. Looking forward to it~,보좌관:세상을움직이는사람들
134,Everyone who is excited about this drama. please submit license requests to Viki.https://vikiinc.wufoo.com/forms/title-request-form/,보좌관:세상을움직이는사람들
135,Thank you ! Requested.,보좌관:세상을움직이는사람들
136,Thank you much!,보좌관:세상을움직이는사람들
137,@irilight You're welcome.  :  ),보좌관:세상을움직이는사람들
139,Shin Min Ah❤ so excited aahhh..٩(˘◡˘)۶,보좌관:세상을움직이는사람들
140,"This drama is scheduled to follow JTBC's ""Beautiful World"" and should premiere in May 2019.The drama is also called ""Advisor"" on Soompi. https://www.soompi.com/article/1311261wpp/lee-jung-jae-and-shin-min-ah-confirmed-for-new-jtbc-dramaShin Min-ah confirmed as lead actress and Lee Jung-jae confirmed as lead actor.",보좌관:세상을움직이는사람들
