,reviews,title
0,"Ep 1 BoSam character is really one of those guys who think that a girl OWES him to like him back because ""he is a nice guy"" 🤦🏻‍♀️ (The irony is when guys make these claims, it's often not that they're turned down for being an actual nice guy: an actual nice guy would take the hint & leave the disinterested girl alone! But be rejected for being a JERK who won't take no for an answer).He likes a woman since school days, who's never once liked him back, still obsessing over her YEARS later in their 30s,Then he even tries to drug her with an aging serum to turn her into an old woman so he'll have chance with her.WHAT. even is this character ?!!😅🤦🏻‍♀️Men, don't EVER be like this ok! 🤦🏻‍♀️",봄이오나봄
1,This is one of the best body/ soul swapping series out there! The acting was A+ and there were some hilarious hijinks. Very entertaining and a must watch for “Avengers Social Club” fans out there too!,봄이오나봄
2,Watch it for Lee Yoo ri,봄이오나봄
3,will start this drama for gay reasons,봄이오나봄
4,"The poster is so melodramatic, I was expecting a heavy drama. But it's a great comedy! Had me laughing out loud many times. Once again I was fooled by a misleading poster hahaha",봄이오나봄
5,the chemistry between the Female Leads got me shipping them like hell,봄이오나봄
7,"A unique take on the Body Swap plot. Different from what you might expect. If you like to watch unique dramas, you won't regret it.",봄이오나봄
8,"It's a fun drama, I enjoyed watching it 1❤",봄이오나봄
9,I’ve watched 20 episodes in a single dayIt’s too addictiveWelcome to theBOM,봄이오나봄
10,I like this series im always rewatching the last episode im not hoping and i think maybe it's not possible  to have a season 2 of this series but who knows.  A remake is awesome,봄이오나봄
11,"I remember watching this drama as it aired, then randomly had to stop as I got busy. I think it was quite fun, but I also remember only enjoying the leads and not caring much for anyone else especially the childhood friends. However, I'm thinking about picking it back up again for Um Ji Won, who was fantastic in Birthplace Center.",봄이오나봄
12,"i do like it very much don't need tissue for this if you want pure fun this is for you, will watch it again in the near future.",봄이오나봄
13,"I'll give this drama a solid 8.5/10, i do like the body switching but there's no romance, and Kim Boo Mi's personality did not change (maybe only a little towards the end) in the drama, i do not like how she's so mean in every episode and that she's very selfish girl.  No hate on Lee Yoo-Ri her acting is so good! but i feel like the directors should change that and put in Romance.So if you like REVENGE, AFFAIRS, BODY SWITCHING, NO ROMANCE, MYSTERY, FRIENDSHIP, COMEDY, CLIFFHANGERS ON EVERY EPISODE or if you like the disney movie 'Freaky Friday' then this movie is for YOU! This KDRAMA has a lot of that.",봄이오나봄
14,This is such an underrated gem.   It is a perfect comedy drama with very talented female leads.but why it is so underated:(,봄이오나봄
15,I didn't liked bom il ...he was quite irritating while speaking english,봄이오나봄
16,That’s so true,봄이오나봄
17,Perfect casting...both female actresses are too good:),봄이오나봄
18,This has gotta be my favorite representation of americans yet XD,봄이오나봄
19,I love Lee Yoo Ri's acting skills so much. This drama was very fun,봄이오나봄
20,I didn't see bomi have sisterAnyone remember when geum chae ahn (bomi's sister) appear??,봄이오나봄
21,"Seems like a lot of people liked the show, but for me this missed the mark - which is too bad because I really like the main actresses. While the storyline itself was interesting, I found the show really dragged on and I didn't really like the characters. I ended up skipping forward a lot - especially towards the end when it was just ridiculous for me.",봄이오나봄
22,I loved the 2 FL's and ML's since they were so hilarious and were perfectly cast.  I laughed so much whenever Bo Mi was in Lee Bo's body and acting tough or eating junk food which the real Lee Bom never ate...the facial expressions of Lee Bom's  husband were priceless and the chemistry between Lee Yoo Ri and  Lee Jong Hyuk was amazing and wish they were a couple in the show,봄이오나봄
23,"So I've paused this at 8/16. It's been a fun ride but I'm finding it's dragging a little now.Whilst the acting is excellent from the leads the joke is essentially the same one throughout.I have no interest in the Bom boys, in fact I don't really like any of the characters which is part of the problem. The growing sismance between the leads , lent some growth to their one dimensional characters but they seem to have gone back to square one again. I'm going to go back to this after a break in the hope it gets better and to refresh the 'joke'.",봄이오나봄
24,Went back after to this and thoroughly enjoyed it - with a bit of judicious skipping that is. Not perfect but a good laugh.,봄이오나봄
25,Any romance ?,봄이오나봄
27,Thanks!,봄이오나봄
28,This was hilarous the lead actresses were amazing! Those characters  were really funny Kim Bo Mi our love! But do yourself a favor and skip the CIA parts it's sooo cringy. And the last 2/4 eps are dragging/useless. For me it deserves  a 7.5 quality-wise and  a 8.5/10  for enjoyment I loved it!,봄이오나봄
29,Its cringe worthy and nthn funny about it .,봄이오나봄
30,"Great the double interpretation of Lee Yoo Ri and Uhm Ji Won in the duo BonBon!But the acting of Lee Yoo Ri stands out for the whole drama, in particular Kim Bo Mi is one of the best roles ever made in a kdrama.The plot is complex but not complicated, always fun and never predictable with many twist plots that change the perspective without deviating too much from the main plot. The swap body is also one of the most original proposed so far.Great work by all the cast, but the entire script is governed by the great acting of these two actresses. This is one of the best interpretations ever seen in a kdrama.If you love comedy, sassy roles and great acting this is a must watch.",봄이오나봄
31,"They usually give this kind of totally OBNOXIOUS, SELFISH, DICK, eccentric roles to male leads, but the 2 lead actresses, especially Lee Yoo Ri, have made this character one of the best and most hilarious to watch in AGES!!! I'm pretty sure Lee Yoo Ri came up with that hand brushing her hair sleazy move LOL.  Uhm Ji Won was so good to go from nice and proper Ms Lee Bom to eccentric Kim Bo Mi, I couldn't tell who was who sometime. These 2 actresses were fantastic. Girls RULE!!! It feels so good to see women killing it across the globe lately. They always have but never been allowed to shine to their full potential! SA.RAN.GE! KIM.BO.MI.! What's your best Kim Bo Mi moment?I start: the elevator scene when she go down as Kim Bo Mi with her finger pointing to the sky like her obnoxious rockstar self, then she end-up on the next floor as a deflated Ms Lee Bom.On another note I learned 2 new words: ToraHA! SsaraJa!",봄이오나봄
32,Absolutely loved it!!,봄이오나봄
33,Funny as Hell love these 2 crazy woman.,봄이오나봄
34,I don't rewatch dramas at all but this is definitely one I would rewatch more than once. Its so funny and the actresses embodied their characters. Chemistry off the charts! I hope these two ladies star in another show together because they are on fire.,봄이오나봄
35,"It's rare, that I watched all episodes of a drama in such a short time. I never got bored. Loved it.",봄이오나봄
36,"is it just me I laughed at Park Yoon Chul's evil laughing?I was expecting that type of ending.I'm guessing they still switch over because they only drank half a bottle and/or the original formula they drank wasn't the same as the new one they made (newer one had more adamant and original one wasn't perfect)? overall fun drama to watch. I almost thought Hyung Seok was going to end up with Bo Mi in the ending when he stopped her from kissing Bom Sam... that drama name ""Regrets of the Sun"" LOLthe foreigner actors were cringy as usual xD how did the Bom brothers not notice that camera in the room?",봄이오나봄
37,"Miss this show, Kim Bo Mi character was the best thing ever",봄이오나봄
38,Is it a happy ending ? What are the couples ?,봄이오나봄
39,"happy ending but no one ends up with each other, there wasn't really romance in this drama",봄이오나봄
40,"@Sunset Oh, ok thank you.",봄이오나봄
42,@SolaCookie it's been a long time since I watched this drama.. but I think she did.,봄이오나봄
43,"I think both actresses showed amazing acting skills well I'm on 10th episode so far don't know what is next yet but for now I absolutely love it, funny interesting and very believable love it)) finally found something fun to watch",봄이오나봄
44,Any drama with Lee Yoo Ri is always a hit,봄이오나봄
45,This drama was hilarious XD Watched it mainly for the female leads and also liked Lee Jong Hyuk's character. I'm a huge fan of Lee Yoo Ri's and this drama just made me love her even more :D,봄이오나봄
46,"The first 10/20 episodes were good, but then... meh...",봄이오나봄
48,Kom Bo Mi character started to really annoy me by the last few episodes but overall a decent show.,봄이오나봄
49,WELL COME TO THE WELL COME TO THE BOM,봄이오나봄
50,"What a funny crazy ride. The casting is perfect from the mainn leads to the side characters. I actually  started to watch this drama cause I'm a fan of Yoo Ri since Jang Bori is here and I also found Jong Hyuk in the cast. I love how Yoo Ri can potray both villain and funny roles. I haven't watched any drama of Ji Won but in here, I became her fan.What I like about this drama is that you won't have an idea on what craziness the two Boms will do in the upcoming episodes and so, you can just simply enjoy the ride. On the other hand, how I wish Hyung Seok confessed his feelings for Bo Mi. I mean, it was very obvious that he has fallen for her, especially when he tried to stop Bo Mi's kissing scene in Bom's body. Haha. I also wish that Jong Hyuk and Yoo Ri will work again on a romcom. They look good together. Also, Yoo Ri always have a good chemistry with whomever she is paired up with.",봄이오나봄
51,Am I the only one left with confusion???,봄이오나봄
52,Decent comedy...Perfect casting with good story.,봄이오나봄
53,"The story sounds ridiculous but i have seen worse so it was kinda OK. The drama was definitely dragged on in the last few episodes for no apparent reason. But glad the ending is satisfactory.I wish they both ended up with someone or at least one of them have a decent romance partner. But since this is not under Romance genre so i guess it's fine, still i can't imagine Kim Bo Mi and Lee Hyung Seok together. Just thinking of their lives together gives me a headache. I was actually shipping Lee Hyung Seok with Lee Bom. In the middle section of drama, i was having hard time understanding Kim Bo Mi's character, she was playing two sides. If it wasn't for Lee Bom to find her secret locker's key, i didn't think we would be having such an ending. One thing is for sure, Kim Bo Mi's honesty can't be trusted. Which is confirmed in the last episode.Anyway both casts did a fabulous job portraying their roles. The same can be said for the rest of the casts.  6.2/10",봄이오나봄
54,"A lighthearted funny drama. Although it maintained the excitement throughout the series, last few episodes were slightly dragged ( especially the last two episodes). The writers used everything they got until the 12th episode and we can clearly see they ran out of ideas for the last 4. But anyway it was way much better than many other dramas and it entertained properly until the last. Though the plot is much old, the main two female characters were designed in a unique way. And the cast was also perfect. Even the villain characters are likable in a way . But still the Englishmen in the series are joke. They were not at all realistic.   If anyone is looking for a light hearten fun ride  then this is the one.",봄이오나봄
55,I still say this comedy drama had to many episodes. Still one of the funniest. Kim Bo Mi and Lee Bom are great actresses and are so funny. Great acting all around.,봄이오나봄
56,"I enjoyed the ride, I'm definitely going to miss nice Kim Bo Mi lol",봄이오나봄
57,"lol, I'm actually crying.... I'll miss watching this weekly... I'll miss bomi, lee bom and the boms... well, tbh, I have a problem with the whole ending being weirder than usual, and a little episodic(?), but who cares, I haven't seen a drama that made me feel so happy and laugh so much (since FGTD. but this was funnier) ;palso, I'll miss lee yuri, now she needs to do an action drama, all those leather outfits and ""fight scenes"" should not be wasted xDthis was such a perfect match for me, my soulmate in dramawolrd~ xD",봄이오나봄
58,"I can't believe Lee Hyung Seok didn't even confess... they were one of my favorite drama couples, I mean a man that doesn't meddle in the female lead's personal affairs? a man who always waited on the side and let the woman do her own crazy thing? he didn't need her to tell him everything, yet he always knew what was going on AND he always had a smile on his face when he talked about her craziness?",봄이오나봄
59,Yeah a shame it mostly stayed as implied feelings. Was rooting for them as a couple the entire time.,봄이오나봄
61,Female leads were great! Would love to see them in another comedy.,봄이오나봄
62,"Unique, unpredictable story, delightful comedy and excellent performances from both FLs.I really did have a great time watching this!",봄이오나봄
63,"Side note to emphasize the two main actresses  performances, the best I’ve seen in a drama since a long time. It’s absolutely crazy how we can see the change of characters by a simple look into the eyes or a gesture",봄이오나봄
64,"This drama is actually comedically clever with the usage of 'Bom' -- 봄. It means Spring. So the english title 'Spring Turns to Spring' is a play on Bom turns to Bom, which is exactly what happens in the drama, in more ways than one. The main OST is titled 'Well come to the Bom' too!We also have Bom Il, Bom I, Bom Sam, Lee Bom (Bom Lee pronounced same as Bom I), and Il(il), I(i), and Sam mean 1, 2, 3 respectively. The drama's setting also conveniently (or probably intentionally) takes place to where it ends up as Spring as the finale wraps up--and we're literally turning to Spring in real time on the finale day. 20190321",봄이오나봄
65,"Also Park Bom just released 'Spring' recently, which is completely irrelevant, but hey it's more Bom.",봄이오나봄
66,https://www.youtube.com/watch?v=kikL5SZR9CkLove this ostI DON'T WANT THIS TO END T T,봄이오나봄
67,This is one of the funniest comedies I’ve seen in awhile. The 2 female leads were great. Going to miss this one.,봄이오나봄
68,"There are many cracks in the writing but damn, the actresses and actors are great.",봄이오나봄
69,Is there some romance?,봄이오나봄
71,"only very slight hint.Then there's the other ""romance"" part lol (secondary characters)",봄이오나봄
72,I LOVE KIM BO MI!! And her outfits.,봄이오나봄
73,"The story can be silly and they can't really explain it scientifically, but at least they made it clear since the beginning that they were not serious at all. It's the only drama I'm really really enjoying to watch.",봄이오나봄
75,Idk why the AIRING label came off already. This show doesn't end until next Thursday.,봄이오나봄
76,"This may not be the best written drama of all time, but for me it is fun to watch Lee Yoo Ri and Um Ji Won play off of each other.  They seem to be having a really good time.",봄이오나봄
77,"These cliffhanger endings will be the end of me, can’t wait for next week tho",봄이오나봄
78,Crazy good! it's a blast to watch!,봄이오나봄
79,Love this drama so much! You are missing out if you are not watching this.,봄이오나봄
80,This drama is gold and need more appreciation like Avengers Social Club :(,봄이오나봄
81,tHIS IS AMAZING,봄이오나봄
82,I've only watched 10 episodes and I'm loving it!,봄이오나봄
83,"out of Kim Nam Hee and Ahn Se Ha, I thought KNH would pull of their switch better, but I was surprised by ASH, it really felt like bom il.. I might've not focused too much on bom sam, but seeing KNH's way of talking didn't convince me, did bom sam stutter a little? I feel like he did, but then bom il stuttered while switching between korean and english so I'm not sure if it's a bom sam stutter ;p",봄이오나봄
84,Bom Sam stuttered. They are really doing a great job. I was impressed!,봄이오나봄
85,"I was more convinced by the new ep, at a certain point I really got confuse about who's who xDthey both change their tones perfectly! that's why I added a bromance tag, those 2 are gold~",봄이오나봄
86,That Goblin/Lee Jong Suk reference LOL and zombie Kim Bo Mi... this drama just gets better every time! ep 20  that cliffhanger ending...the only other airing drama I find funny right now is Legal High (Korean remake) - wasn't really a fan of it at first but the male lead is amusing to watch xD,봄이오나봄
87,"I've already dropped 90% of the 2019 dramas I started, and this is literally the only worthy one...",봄이오나봄
88,this is so funny,봄이오나봄
89,"Just started this one and it's so funny, wish more people would find out about this gem!",봄이오나봄
90,"Sometimes I feel a strong secondhand embarrassment for Bo Mi, and it gets hard to watch some of her scenes",봄이오나봄
91,"I'm right there with you, which is why I'm having a hard time continuing the drama.",봄이오나봄
92,"I’m so happy to have found this drama, this is sooo good",봄이오나봄
93,So... I just started this and it's very funny and interesting Lol.Only problem is.... I want to Slap the Husband in the face,봄이오나봄
94,there's no ep today?!! I don't see it on any site ;(,봄이오나봄
95,Don't think I hope they air it today been waiting for the episode the whole day as well lmao,봄이오나봄
96,"ikr! it's my most anticipated drama all week xDI'm confused though, I saw previews for eps 21-22, when eps 19-20 weren't out?",봄이오나봄
97,@XingBack Same. I look forward to the drama but as gutted. Idk if it gave in South Korea but I'm guessing they didn't since they haven't out in the rating for the drama. I'm not sure if this is pre produced then something must have occurred for them to delay it like an accident maybe.,봄이오나봄
98,"@Maya Amina that's good to know, I even saw clips of ep20 and I got super nervous xDwell this way they'll have 2 eps for the last week which is a good thing I guess ;p",봄이오나봄
99,@XingBack Yeah I guess so but now I have no drama to watch apart from spring turns to spring and love in sadness.  Got any drama suggestions ?,봄이오나봄
100,"@Maya Amina (Ep.19-20 did not air Wednesday, February 27, 2019 due to news coverage of the summit between USA and North Korea in Vietnam. Ep.19-20 will air Thursday, February 28, 2019) I saw this on asianwiki ;)have you seen Feel Good To Die? it kinda has a similar comedy sense with a different supernatural twist... Angry Mom or Live Up to Your Name are fun and light, Father is Strange has another flavor of crazy lee yoori xD",봄이오나봄
101,@XingBack I've watched angry mom and father is strange (didn't really like father is strange) but LYR character was flawless lol,봄이오나봄
102,I really want more moments of the real Kim bomi with Hyung Seok since they're gonna be the end couple and not the fake nice Kim bomi,봄이오나봄
103,"Same, I like the real Kim BoMi interactions with the team manager it's like a love hate relationship",봄이오나봄
104,"I'm enjoying this way more than those other rom coms right now, it's the only airing drama I actually look forward to! I love watching Bo Mi in both bodies, her personality is more entertaining for me to watch",봄이오나봄
105,Nice KBM fighting and punching was hilarious lmao,봄이오나봄
107,Kim Bo Mi (Yoo Ri) with them Jin Kazama/Kazuya Tekken gloves lolKim Bo Mi's mother's face creeps me out omg. Looks too much cosmetic surgery,봄이오나봄
108,This is good! Please recommend me something before I catch up with this show. I'd like something light like this show.,봄이오나봄
109,I think you might really enjoy Avengers Social Club ! They both have the same vibe I guess,봄이오나봄
110,ASC is very good. I also recommend it.,봄이오나봄
111,"@questdenied Perfect! Thanks to you both. Will watch after this after Feel Good to Die.  STTS is taking so long to come back, it was a fuck-it watch honestly but turned out much better than I expected.",봄이오나봄
112,"""Big"" also funny drama with the body switch idea, although it's rated low here on MDL but I still love it!The Package is a nice travel drama with just 12 episodes. Woman of Dignity also has a similar cheating hubby but I still find him funny though...",봄이오나봄
113,"I don't give af about ratings or age of dramas, if the plot grabs me, there actors I am familar with, and the network its on. are what I take into consideration. I'll add all of these. Can never have enough.",봄이오나봄
114,"right now both lee bom and bomi are in my favorite female characters, and next ep seems really promising with the ""character development"" -or even just the plot development- and I'm so happy :)",봄이오나봄
115,"both girls punching the cheating husband (and the mistress) was the 2nd highlight of ep 8... the best of the best was when lee bom confronted Lee Hyung Seok about his ""true"" feelings for bo mi, I'm so glad I was on the right ship xDpoor bom sam and bom il... they were so happy thinking bo mi's mom was their's.. I hope they could get their happy ""ending"" too..",봄이오나봄
116,"Idk, I'm shipping nice Kim Bom Mi (Yoo Ri) with Mr Lee, as weird as that sounds lol.",봄이오나봄
119,"About to watch this after reading the comedy reviews. I like ""in your face comedy"" as one person put it. My first body switch kdrama after watching Come Back Mister. I was in a slump after that. It was so good.",봄이오나봄
120,"When they were jumping for the lottery scene LOL omg Dec 19 is also my birthday! The cheating husband is funny though, he sort of reminds me of the hubby from Woman of Dignity. I don't know whether to ship Bo Mi or Lee Bom with the team manager... Bom Il's English cracks me up XDWhy is that woman Seo Jin always in their house? And why did their clothes not switch in ep 13-14?",봄이오나봄
121,"I like Choi  Byung Mo! He always has a minor role, but here he shows us amazing acting skills. He fits to cheating husband role perfectly! He is fynny, comical, and silly.",봄이오나봄
122,this is so good.,봄이오나봄
123,"Lee Yoo Ri's nice/cute mode is so adorkable. That part where she part's Ji Won's hair to look while hiding is cute lol.Also, quite a dilemma - I ship ""nice"" Yoo Ri with Team manager Lee, but since that's not really her, am I advocating for cheating then? xD",봄이오나봄
124,One of the funniest I've watched in a while. Great acting.,봄이오나봄
125,"The cute aegyo seems to come natural to Lee Yoo Ri. I've watched Jang Bori is here before, so it's interesting seeing her act sweet and innocent.",봄이오나봄
126,Yes another Yoo Ri Aegyo-mode fan!her character was bold/aggressive in Father is Strange too lol,봄이오나봄
127,I'm currently watching Father is Strange. Her character is my favorite.,봄이오나봄
128,Got my nice Yoo Ri for the week. I'm good to go.,봄이오나봄
129,Did she have to run away like that? Couldn't she let Lee Bom marry the guy in her body? Lol It looks even worse to run away like that,봄이오나봄
130,"to be fair they DID switch clothes meaning ""lee bom"" is wearing the wedding dress and didn't really have the time to change out of it considering bo mi was called literally a minute before to enter the ceremony",봄이오나봄
131,"Couldn't they change? Being a little late is better than running away, no?",봄이오나봄
133,"I actually feel like the writers don't want bomi to marry that guy, I hope it means my bomi x Hyung Seok ship can sail ;p",봄이오나봄
134,"I guess this is fits me so much more than the typical romcoms, I LOVE this xDI love that they keep changing back and forth, that way I can enjoy both actresses playing both characters..when bomi called lee bom eonni I teared up, but can they have more interactions with bom 2 ;)another thing I love about this is that it's female centered, even though lee bom has that ""disney princess"" thing going on, bo mi's selfishness just evens it up, and for bo mi's a bullyness there's lee bom's cuteness..",봄이오나봄
135,Why didn't it air yesterday?  ????,봄이오나봄
137,Anyone know when the recent epusode will come out :S,봄이오나봄
138,"I love how whacky it is. Gulped all four eps in one go and new ones just can't come soon enough. It has some romance in making, too, and it's making me all giddy.",봄이오나봄
139,Both leads are doing a fantastic job portraying the other one.. It feels ridiculous at first but quite hilarious at the same time.. I just hope this pace remains the same further on.,봄이오나봄
140,"At this point, I'm just watching Yoo Ri act all sweet and nice. It's really great",봄이오나봄
141,"Ha, ha ha!!! It's crazy!",봄이오나봄
142,Loving this show! really unpredictable.. plus very funny..,봄이오나봄
143,This drama is so refreshing ! Totally funny,봄이오나봄
144,"out of the Jan dramas I like this the most, I'm actually really anticipating the next ep",봄이오나봄
145,What is this infidelity tag is about? Need spoilers. Thanks.,봄이오나봄
146,"Lee Bom's husband cheats on her with her ""best friend"", it's not really a spoiler since they talk about it right from ep1",봄이오나봄
147,Ok thanks for your reply.,봄이오나봄
148,I love the series so far. But I do think the Body Switch itself is a bit awkward and far-fetched. Soul-switch is fine though,봄이오나봄
149,I'll be watching this because Lee Yoo Ri is in it! I also like a good body swap story if done right.,봄이오나봄
150,"I couldn’t stop laughing in the first episode when  the scientist meets bom Sam, his English accent was hilarious  and when bom Sam keeps telling him to leave haha! And that scene when old lee yuri calls him bom sama I kept rewinding the scene so funny Hope this stays good till end",봄이오나봄
151,it's funny how KimNamhee always plays a character that can't speak Korean fluently lollll (as in Mr.Sunshine),봄이오나봄
152,"I'm kinda enjoying this, most of it is because of the girl x girl switch, it's refreshing because it's about both of their lives, and it's not a simple romance or revenge type of drama that focuses on one more than the other..the comedy is too in your face, but it really made me laugh several times, so I guess it's my type of comedy xDI don't get how Kim Kwang Gyu fits in the story, he's whole screen time is completely unrelated to the main leads...bom il is really funny, bom sam is too forced in the story. and I just got chills!!! bom il is Kim Nam Hee! the crazy psychopath in MS is the funniest guy here!! I was waiting for him to show up, but I didn't recognize him xDI hate the cheating husband, the brat kid and the two faced friend, I feel bad for lee bom, and I wish for a huge sismance between her and kim bomi.. lol, they have so many boms ;)",봄이오나봄
153,Has anyone watched 1st ep.? how's the start?,봄이오나봄
154,Good! You should watch it it's funny.,봄이오나봄
156,@Neel1902 Did you watch the 1st episode? How was it??,봄이오나봄
157,@MarsWanKenobi I have watched all 7 eps.that are released. Its amazing n so funny. Both FL are amazing.,봄이오나봄
158,"I honestly love a good ""body switch"" genre, and I have been practically dramaless ever since 2019 started so I'm looking forward to this ;)I also see Kim Nam Hee who was great in Mr Sunshine, I hope he has enough screentime here..",봄이오나봄
160,Viki has added a channel and is seeking licensing.https://www.viki.com/tv/36420c-spring-is-comingTitle Request Form:https://vikiinc.wufoo.com/forms/z1ovcsxe011lqq2/,봄이오나봄
161,"i'm so sick of ""switched bodies"" stories :|",봄이오나봄
162,can u tell me names of dramas with 'switch body' tag,봄이오나봄
164,Ugh same and I literally haven't even gotten through a whole series yet. I always end up dropping them.,봄이오나봄
165,"Same. Very overused trope, especially considering there were a bunch of body swap dramas aired so very recently.",봄이오나봄
167,@BimiluiSoop Not as bad as rich man/poor woman,봄이오나봄
168,@Brownie Rich man/Poor woman is almost in EVERY drama. You can't escape them. We get 10 of those each seasons.,봄이오나봄
169,I only seen 2 ...the secret garden and the one about the lawyer and convict whos title i can't remember.... Are they really that common ?,봄이오나봄
0,Well come to the Bom An absolute gem One that flew under everyone's radar and it would have flown under mine as well if it wasn't recommended to me by another Avengers Social Club fan Spring Turns to Spring is a very lighthearted comedy revolving around body swapping of two women and all the hilarity that ensues The plot never takes itself too seriously while also tackling issues such as corruption infidelity misogyny in a comedic fashion We're also given an abundance of hilarious revenge schemes quirky office humor and interactions endearing sismance and mother daughter bonding and more If you've seen Avengers Social Club and enjoyed it I can almost guarantee you'll enjoy this drama as well The cast and acting were amazing especially our two leads Lee Yoo Ri and Uhm Ji Won What I never saw in this drama were the actresses Lee Yoo Ri and Uhm Ji Won only the characters Kim Bomi and Lee Bom The way both actresses portrayed characters was so breathtakingly convincing I couldn't help but think to myself every episode as they changed personalities wow these two are incredible at acting You could instantly recognize the change in character by the shift in facial expressions voice and body mannerisms How each character was portrayed so seemingly accurate and similar by two different actresses was stunning especially when you consider how contrasting Bomi and Bom's personalities were The rest of the cast were no slouch either Lee Jong Hyuk's interactions with Lee Yoo Ri were godsend regardless of which character she was currently in Choi Byung Mo never fails to perfect the role of a world class douche of a husband and human The Bom brothers by Kim Nam Hee and Ahn Se Ha were golden I have to admit the broken English by Bom Il was disconcerting at first but eventually grew on me as a comedy factor Heck even the foreign actors were a joy to watch as the scenes were always pretty self aware that they were mostly to serve as comedy The OST was fitting and catchy the songs never felt unnatural to their respective scenes I also eventually found myself singing along to the intro of every episode with its Yeh yeh yeh yeh The main theme Well come to the Bom slowly grew on me throughout the show with it's upbeat catchy tune and how it was always inserted at the perfect moments I could always expect a welcome shift in mood whenever the song played Just an overall very feel good drama A great watch if you're feeling a bit down looking for nonsense comedy or just want to turn your brain off and enjoy a K drama And so as Winter turns to Spring I encourage those who haven't seen Spring Turns to Spring to give this gem a chance you won't regret it Read More,봄이오나봄
1,Spring turns to spring is an unexpectedly good drama It was funny entertaining and witty My only concern was that the two final episodes were just there to prolong the ending as there was no point in repeating some scenes and trops However the rest of the drama was really good The whole switching bodies although kind of cliche at first it really worked out here And that's because of the two leading ladies Never have I ever watched two people switching personalities so naturally They changed their attituded gestures even way of speak to match the one the other girl would have and they were just amazing I would suggest checking out this drama only to experiance it Other than that the story was nice kind of funny and overall entertaining Read More,봄이오나봄
2,Welcome to the BOM because You'll enjoy it like BOMB The justification for my overall high rating is mainly due to Lee Yoo Ri's Kim Bo Mi acting and I'm glad that I got to know her first through this drama after feeling really interested about the plot Nope the drama didn't disappoint me cuz I was craving for some light comedy accompanied by some great acting it offers all Trust me if you miss Lee Yoo Ri's acting that'd be such a big waste She was probably the sole reason why I wouldn't even think of dropping the drama when it seemed a bit draggy But you know all k dramas have this dragging thing in common She outperformed all of the other casts here with her unique expression which I highly admire The body swapping plot is a bit too old but the director executed the story well throughout the drama the actors have done the rest quite smartly wise Yebin's Say my name and BerryGood's Welcome to the Bom were the ones I really liked a lot Nope I don't see any particular reason why I'd rewatch this drama apart from Kim Bo Mi's unique expression It seemed quite an underrated drama as I haven't seen a lot of views where I watched it So don't let the views hinder you miss this awesome drama Finally I'd pray that Lee Yoo Ri will be offered more FL role cuz if not her talent will be wasted that's really unfortunate remembering her age factor Please PDnim show some interest toward this underrated actress cuz she deserves more recognition Read More,봄이오나봄
3,''Spring Turns to Spring'' is undoubtedly a hidden gem I honestly don't know why it's so undpopular There are not even users who completed this it's so sad because this drama is truly good and unique I wish more people gave it a chance because it deserves it To be honest I was also hesitating whether to watch it or not I don't know why but it just didn't seem like my type of show However I decided to give it a try despite my hesitation and I'm glad I did ''Spring Turns to Spring'' is a very beautiful well written funny and heart warming drama that is truly one of a kind It grabbed my attention from the first episode Well I wasn't that crazy about it then but when the story started developing and when I got to know the writer's idea I became quite obsessed and I binge watched it I couldn't get enough of our sweet ladies Bom and Bom Mi The interactions between them were everything I love how their characters developed and how they managed to change Bom was a naive woman who was so obsessed with doing good deeds that couldn't see how trashy her husband and her friend are But I loved how she became an independant strong woman who believes in herself and doesn't allow anyone to hurt her Bom Mi was definitely an interesting character and her development was a bit slower but at the end of the drama I was so proud of her I still do understand why so many people couldn't understand her and eventually disliked her but her development was amazing I can keep praising Lee Yoo Ri's and Uhm Ji Won's acting for days Seriously these ladies swapped their bodies so naturally that I forgot that I'm watching a drama and that can't happen in real life The chemistry between them was out of this world It was so obvious that they were having fun while filming There are a few things I didn't like though The last three episodes could have been better I think they dragged the story a bit too much The ending was VERY satisfying I cried a lot because I wanted more Also perhaps I'm a bit too much hahah but I wanted to see at least one romantic scene between Bom Mi and Hyung Seok I shipped them a lot and Hyung Seok was my favourite character so D Lee Jong Hyuk is an amazing actor and I'm definitely gonna follow his works in the future ''Spring Turns to Spring'' is a drama that needs more attention It's very very good The acting is excellent the characters are all very interesting and well written including the supporting ones the humour is nice it's not everyone's taste but I got used to it pretty fast the storyline is very intriguing and the ending will leave you satisfied I'm so glad that this drama exists we don't see many dramas with a different and unique vibe very often So please give it a try Read More,봄이오나봄
4,TH S DRAMA SOOO FUNNY Bom's really funny and realisctic acting for tis drama Actually i like Yuri's acting so much she will never be disappoint me This drama saved me from my bad mood Why so underrated i really understand Can be watched for pleasure My favorite one of funny drama's All cast really funny acting Bomi oma bom bom bomi a bom bom bom bomi oma bom bom bomi oma bom bom really funny Was this review helpful to you Yes No,봄이오나봄
5,I started this drama because the trailer looked entertaining and I decently enjoyed the first episodes The build up of each character was pretty decent but it was pretty obvious that they were writing such contrasting characters to prepare for the body swap But I wasn't a fan of how cringe worthy some of the comedic moments were This drama was just too much silly for my own personal preferences and since it's not a sitcom it's just awkward and cringy to watch The acting was good but the soundtrack was entirely unnoticeable in the first episodes Was this review helpful to you Yes No,봄이오나봄
6,Spring turns to spring is an unexpectedly good drama It was funny entertaining and witty My only concern was that the two final episodes were just there to prolong the ending as there was no point in repeating some scenes and trops However the rest of the drama was really good The whole switching bodies although kind of cliche at first it really worked out here And that's because of the two leading ladies Never have I ever watched two people switching personalities so naturally They changed their attituded gestures even way of speak to match the one the other girl would have and they were just amazing I would suggest checking out this drama only to experiance it Other than that the story was nice kind of funny and overall entertaining,봄이오나봄
7,Good Enough,봄이오나봄
