,Unnamed: 0,title,reviews
0,0,사당보다먼의정부보다가까운시즌3,"nothing's new. i watched the same plot before but i forgot the title. still, good watch when you're bored."
1,1,사당보다먼의정부보다가까운시즌3,"Why I feel that this season lack many things😅However, I'm happy & satisfied that Sarang doesn't choose woojung hehe"
2,2,사당보다먼의정부보다가까운시즌3,Loved this season. Any semblance of love I had for Woo Jung was destroyed this season though. Ah well. I'm contented with Sa Rang's choice.
3,3,사당보다먼의정부보다가까운시즌3,I cant seem to be able to watch it on mydramalist. Where can i watch it???
4,4,사당보다먼의정부보다가까운시즌3,Out of all three i'd have to say this was the best season. And it's amazing how much chemistry Kim Chae Eun and Mu Jin Sung have.
5,5,사당보다먼의정부보다가까운시즌3,"For those who wonder whom does she ends up with,it is Woo Jeong."
6,6,사당보다먼의정부보다가까운시즌3,"This really confused me. She ends up with Jeong Woo, the PD - not the ex-bf Woo Jeong."
7,7,사당보다먼의정부보다가까운시즌3,how can a web series be so perfect!!
8,8,사당보다먼의정부보다가까운시즌3,Is it the same characters but different casts...
9,9,사당보다먼의정부보다가까운시즌3,Do I need to watch S1 & 2? Or can I just go ahead with S3?
10,10,사당보다먼의정부보다가까운시즌3,Watch it ! There’s not a lot of episode and the episode are not long. YES!
11,11,사당보다먼의정부보다가까운시즌3,Does anybody have a link to the first episode with subs?Thanks :)
12,12,사당보다먼의정부보다가까운시즌3,Here you go: https://www.youtube.com/watch?v=FvlSXtKCuvQ :)
13,13,사당보다먼의정부보다가까운시즌3,Thanks! :)
14,14,사당보다먼의정부보다가까운시즌3,@Asuna Of course! :)
