,reviews,title
0,Dope Web Series Leaves An Impression Goosebumps through and through For anyone who likes noir teen dramas with a dark concept The story is quite tormenting and not easy to watch still addicting Production Hope or Dope consists of a heavy and dark plotline that is undermined by a capable filming and editing crew Several closeups enable the audience to get a set image of emotions and mental states which are worsening as the story carries on On one hand the lighting consists of mostly warm colours during the night and is used as another tool to set the mood which contrasts with the cold and dark vibes on the other hand some moments during the daytime are giving off a more cold coloured vibe Plot Generally said the plot is extremely thrilling and emotional clarified by how pathetic and miserable each character is and how natural and not exaggerated their situation seems because they almost have no unrealistic turns twists I also found their in character behaviours quite appealing since they never really acted OOC Cast There is nothing that irritated me while watching rather the opposite I kept admiring Wo Ji An for her portrayal of such a complicated and bitter character like Kyung Da Jung The two brothers Gong Yoon Tak and Gong Yoon Jae portrayed by Yoon Chan Young and Yoon Hyun Soo also left a positive impression on me All appearances in this drama were solid Eventhough this drama is quite good and I really enjoyed the story and kept admiring the crew and cast behind it it s still sometimes heavy to watch Therefore my second run might take some time but who knows I ll eventually be back since minutes per episode is not dragging to watch Read More,소년비행
1,so lacking need season,소년비행
0,Are eps 9&10 already released?,소년비행
1,Bro be patient and wait until next week?,소년비행
2,"chanyoung's character is soo cute, i love him so much",소년비행
3,"was ep 7, 8 released with eng anywhere  except viki,?",소년비행
5,this series was so good! can't wait for season 2,소년비행
6,"waiting to binge it still :D Great, that's good :D looking forward",소년비행
7,def a good series to binge,소년비행
9,@NotJohnity enough to understand the story. i had to look up some words but I understood enough to understand what was going on & conversations between characters. I am not fluent but this show's dialogue is around intermediate level korean,소년비행
10,yoontak really don't know that he was growing weed omg hahaha,소년비행
11,I'm predicting that the dude working with Da Jung's mother is the owner of that marijuana field,소년비행
12,i thought he was her husband?,소년비행
14,No I think  they are just business partners  and it’s highly unlikely for that guy to own the field because where he lives is very far away from the town with the field but I may well be wrong - that’s just my prediction,소년비행
15,"A much lighter show than the quite dark, intense extra-curricular.  This was really good, though the FL looked anemic at times.  More like dangerous teenage adventure?  They kept it light; if you think about it too much it will be very scary.",소년비행
16,U watched it in subs or u understald korean,소년비행
18,Hope or Dope,소년비행
19,Both,소년비행
20,still saying this should have been 15+ WONDERING WHEN IT WILL GET DARK,소년비행
21,how was it? was it super dark?,소년비행
22,I'm at episode 5 and it's not that dark so far.,소년비행
23,"it was surprisingly very light, ep6 and they havent sold a single weed yet",소년비행
24,If I had to guess .. this is all build up for season 2 which will probably have a darker feel. It's already been confirmed so maybe?,소년비행
25,"@Lain i hope so. i was kinda hyped expecting something like breaking bad, or at least extracurricular but now ill even settle for half the vibe of extracurricular",소년비행
26,very underrated! bro and the girl looks like suzy in some angles. probably one of my fav school drama (like extracurricular) this year.,소년비행
27,Wait is this over?I dont wanna start unless its finished.i can't wait for one week for this kind of series,소년비행
28,this is over in sk but its not fully subbed,소년비행
29,Thanks .can u please tag me when u finish the last episode ?,소년비행
30,@Markiepooh lmao... its gonna take months tho,소년비행
31,@NotJohnity Ok then it's fine .thanks for ur help.,소년비행
33,@Markiepooh eps 1-6 are fully subbed on viki (and ep 7 is slightly subbed) so far,소년비행
34,@yuukii true but they not free,소년비행
35,"@Aklima Oh that's okay, you should be able to find the episodes on sites like dramacool",소년비행
36,where's ep 5-6?,소년비행
38,thank you,소년비행
39,"watched till 5th ep...! somehow turned from dark theme to light fun theme , it's good ! I'm loving this !",소년비행
43,loving this,소년비행
44,Is there going to be any romance in this drama? I'm really enjoying this webdrama,소년비행
45,Some people say that there will be a little slighty romance in the drama but it will definitely not be the focus at all. It’s like a light one.,소년비행
47,Episode 6 where do you watch it i still in 4,소년비행
48,i watched it raw (no subs),소년비행
49,Bruh how u understood what was going on,소년비행
52,Another week to wait for ep 5&6 😩,소년비행
53,No U Can Watch All 10 Ep On Dramacool.pk But Ep 5 To 10 R Without Subs . It's Hard For Me To Wait So I Searched Ep 5 Without Subs & On This Site Others Ep R Available Too Don't Know How Cos Viki Only Released 4 Episodes I Was Shocked  But Still I Watched Them Without Subs . After Watching So Many KDramas I Can Understand A Lil Bit Korean 🤭 . Also My English Isn't That Good But I Hope U Understand What I'm Saying .,소년비행
54,Its better with subs u can understand whats happening,소년비행
56,No U Can Watch All 10 Ep On Dramacool.pk But Ep 5 To 10 R Without Subs . It's Hard For Me To Wait So I Searched Ep 5 Without Subs & On This Site Others Ep R Available Too Don't Know How Cos Viki Only Released 4 Episodes I Was Shocked  But Still I Watched Them Without Subs . After Watching So Many KDramas I Can Understand A Lil Bit Korean 🤭 . Also My English Isn't That Good But I Hope U Understand What I'm Saying .,소년비행
57,i understood what you meant!! thank you!!!,소년비행
58,@bea Welcome 😊 .,소년비행
59,@bea Welcome 😊 .,소년비행
60,"only me or...? FL aka WJA is look a  like Ahn Ha Ni, isn't she? hehe",소년비행
61,seen a lot lot lot worse webdramas with better ratings... this is one of the best webdramas ive seen so far,소년비행
62,I cant find eps 5&6,소년비행
63,"hi, I want to watch this drama, but I just saw that there will be a sequel in drama description here, does it mean this season might end unfinished? when will they air 2nd season? is there any official info about it?(I'm asking before I start watching in case I should wait and watch it when 2nd season is out, since I prefer not waiting for a second season to be made for long time)",소년비행
64,within this year only they will air 2nd season,소년비행
65,thank you.,소년비행
66,Love the flow of the story cant wait for ep 5&6,소년비행
67,when does ep 5&6 come out?,소년비행
70,you can watch all 4 eps on dramacool! :)),소년비행
71,The drama is really good.,소년비행
73,the rating for this drama is too low omg it's really good,소년비행
74,Where i can watch ep 3&4 other than viki? I don't have viki pass and in the other sites are available only the first two episodes 😭,소년비행
75,nowhere i think . i wanna watch too ;(,소년비행
77,"when searching for it on goplay, do i search the old title or the new one? thanks!",소년비행
78,@alarie Search Hope or dope :),소년비행
79,@mari98 thanks!,소년비행
80,@mari98 I searched Hope or dope on goplay and it wasn't there ;(,소년비행
82,"They already had to change the domain once after years existing peacefully because MDLers couldn't respect their wish to not advertise their site lest it get taken down permanently. It's going to get a paywall to use at all if people on here keep posting comments about it... or be taken down because Viki etc file a suit after skimming comments on their drama pages on MDL - WHICH THEY DO.All to say can you please respect the site owner's wishes unless you plan on paying the hundreds a month it costs to handle the traffic (and the risk involved in owning that site/domain, too)?",소년비행
83,"@ElBee Sure, could've just said delete the comment lol I would have.",소년비행
85,Thank you,소년비행
88,It's been 4 days since ep 4 came out and there's still no eng subs on viki TT,소년비행
89,Its for vip pass,소년비행
90,I have VIP pass on Viki but it's still not up :(,소년비행
91,@yuukii Weird. For me its up and i dont have pass,소년비행
92,its out now,소년비행
94,y'all should watch on this website!!!! https://myasiantv.cc/show/juvenile-delinquency,소년비행
95,Its now available on dramacool,소년비행
96,https://goplay.ml/333834343963/Hope-or-Dope/Share this link for those who can't watch it on viki with subs,소년비행
98,Type the website name then go on the reddit page ull see,소년비행
99,"Unless you want the site taken down because Viki sees your comment here and files a suit against the owner [or put behind a patreon style paywall where you can only view if you pay $5 a month], please remove this comment and the ones below it (if you paid the reddit thread any attention you'd know the site owner requested to NOT post the link elsewhere, esp. here where Viki admins regularly check). As the saying goes, this is why we can't have nice things. Someone has to go spamming it left and right and ruin it for people who aren't in one of the licensed regions (otherwise ppl SHOULD watch on Viki because otherwise Viki will not think the show is getting viewership and will stop making programs like it). The domain changed BECAUSE of posts like yours. A paywall is the next step, you know, all because you can't keep it on the down low and have to blast it out for Viki to see and deem a problem. If Arms gets sued by Viki, it'll be because of posts like yours.",소년비행
100,this is available on goplay with subs..,소년비행
101,does anyone know where to watch this other than viki with eng subs or just raw eps? its not available on viki in my country :(,소년비행
102,Sry u cant watch this anywhere else with subs but some guy posted the link woth raw eps check in comments,소년비행
104,only 2 eps,소년비행
105,"waiting to binge it, gimme it to me now :D",소년비행
106,Where can i watch this other than viki?,소년비행
107,U cant watch this anywhere else with subs ik its dumb,소년비행
110,The page cannot be loaded😭,소년비행
111,@Plk Sodhi It can be just type the website name then go on the reddit page ull see,소년비행
112,Those two episodes were so good! Cannot wait for the next.,소년비행
113,"first name title is sound interesting, not sure why they change it but i cool with hope or dope",소년비행
114,Its an alternate title tho,소년비행
115,"oh really? i didn't know that, thanks for telling me",소년비행
116,First episode was so good,소년비행
117,The ratings...,소년비행
118,"it doesn't matter. especially for webdramas, webdramas on mdl usually get lower rating for no reason. don't trust",소년비행
120,All eps are out but only episode 1 has english subs.,소년비행
121,Let me know when you got the sub !,소년비행
123,@thakerrydiaries no its not,소년비행
124,@NotJohnity I just watched it on viki. Maybe it's just avaliable in some countries?,소년비행
125,@Shin Adrian Viki has the 1st ep. Another ep will be released sometime today. But it might take a day to get complete subs. Not exactly sure what schedule viki is following in releasing this. Might get an idea after the 2nd ep is released today.,소년비행
126,"@Notenoughyakbap Yes, it just released in some countries, so if it not available in your country, try to use VPN when you watch it",소년비행
127,@Notenoughyakbap Yes sûre u watched all eps subbed on viki lol,소년비행
128,@NotJohnity I thought we were talking about the first one. The rest will be on viki as well.Lol,소년비행
129,@NotJohnity https://goplay.ml/333834343963/Hope-or-Dope/watch it here if not on viki,소년비행
132,This story looks fresh. Making me watch it ongoing.,소년비행
133,1st ep was good but I am scared I will be uncomfortable watching the violence,소년비행
134,"this  is  pretty  good  so  far, pleasantly  surprised  ^°^",소년비행
135,be  it  only  episode  1  is  out,소년비행
136,Thank god this is on VIKI,소년비행
137,Ngl its pretty good even tho theres no subs,소년비행
138,Finished ep 1 barely understood anything,소년비행
139,If you can't wait for proper eng subs. You can OCR & machine translate the korean hardsub. That's what I did. Better than not understanding anything.,소년비행
140,Can u explain how to do it,소년비행
141,"@NotJohnity I use the method described here: http://jumonjigiri.blogspot.com/p/extracting-hardsubs.html (Part 1 only). VideoSubFinder to create cleared images from the video,  FineReader to turn images into text, then https://www.syedgakbar.com/projects/dst to translate the text.",소년비행
144,@NotJohnity https://goplay.ml/333834343963/Hope-or-Dope/watch it herePLEASE GIVE IT A BETTER RATING IM SAD IT HAS ONLY 7.7,소년비행
147,Right now I am watching the raw version with Live Google Translate through mobile pointing at the Screen. Tedious but the translation is really good.,소년비행
148,Or...u can go watch on goplay.ml or myasiantv.cc,소년비행
149,@NotJohnity goplay.ml does not even load and there is no hope or dope drama on myasiantv.cc,소년비행
150,@Sabin Bir Bajracharya Bruh... go to the reddit page for goplay smh... but u can watch it on dramacool,소년비행
151,@Sabin Bir Bajracharya There actually is on myasiantv.cc,소년비행
152,@Sabin Bir Bajracharya U have to search with the old drama's name,소년비행
153,"@NotJohnity Oh ok the drama name is ""Juvenile Delinquency"". Thanks! But still only 4 episodes. I cant make myself wait for the actual sub to be release though lol.  So will watch the episodes I downloaded with only the hardcoded Korean subtitles.",소년비행
154,@Sabin Bir Bajracharya Man translating 10 eps is hard when theyre all released at once so it takes time,소년비행
155,im actually watching this in raw version :/,소년비행
156,is it only one ep? the airing icon disappeared and the is no countdown for the next ep,소년비행
157,... look at the airing date its march 25th right? WHICH MEANS all episodes were been aired in 1 day,소년비행
158,"Oh, I forget that it can be done nowadays LoL, i thought only Netflix do that and when i checked VIKI it showed only 1ep that it is still unavailable",소년비행
159,@Marionberry I think the raw version was released at once. But Viki will release it bit by bit.,소년비행
160,"@Elle1313 yeah viki released only one ep, but maybe we are going to have an ep everyday",소년비행
162,Thanks! No 720p/1080p version?,소년비행
163,Where with eng subs,소년비행
164,I cant believe some1 alr rated this,소년비행
165,"They've probably seen it on seezn, that's why",소년비행
166,Well i think u have to buy from korea to watch it,소년비행
167,"@NotJohnity Not necessarily, you can use VPN for it,  I doubt there are english subs tho so if you can't speak korean, it wouldn't work much but hey, it's coming on Viki soon",소년비행
168,@prettystranger there's a website who uploaded all eps in raw,소년비행
169,Where th i can watch this 😩,소년비행
171,On viki there is not unfortunately (maybe only in my country),소년비행
172,@Ilenia  Thema try maybe dramacool. But i think it will be realesed tommorow,소년비행
173,"@Rebecca Rizzo Nope, even on drama cool there is not. Maybe tomorrow 😩 (I really hope so)",소년비행
174,@Ilenia  I think so. At viki it comes tommorow too,소년비행
175,@Ilenia  I think so. At viki it comes tommorow too,소년비행
176,lead casts 🤤,소년비행
177,Do u have any idea where to watch this,소년비행
179,can i know where?,소년비행
181,@Shoi I can't seem to find it. Do you have a link?,소년비행
182,@Shoi can someone link it i cant find it there.,소년비행
184,@Shoi Where did you find it? Couldn't even find it raw.,소년비행
185,@ea5241b85a I think i found that website but it doesnt let me watch kissasian.watch,소년비행
186,"@NotJohnity Yeah this website is a scam. The ""player"" is fake and just display an image. I don't think the drama has been ripped yet.",소년비행
187,"@ea5241b85a Bruh how did thats person watch it they even put the drama watching status as ""currently watching""",소년비행
188,"@ea5241b85a Yep now I saw it. I didn't play it cause im not in home rn,  just saved the link. Sorry for misunderstanding",소년비행
190,"It sucks, Seezn released all 10 episodes today but Viki is only releasing episode 1 in 3 days and it'll probably be 1 or 2 episode per week there.",소년비행
191,oh so i can watch there thank u,소년비행
192,oh... in 3 days -_-,소년비행
193,WAIT SO I HAVE TO BUY TO WATCH? :/,소년비행
194,18+ restricted??????? Ah yes this is gonna be good but when its airing,소년비행
195,its taking longer to watch episode with eng sub than i thought,소년비행
196,its taking longer to watch episode with eng sub than i thought,소년비행
197,its taking longer to watch episode with eng sub than i thought,소년비행
198,It'll be on Viki! 😉,소년비행
201,Bruh where did u see that its gonna be on netflix,소년비행
202,Is it going to air later today?,소년비행
203,based on the schedule it seems like in around 1hr from now,소년비행
204,This drama change the English name to 'Hope or Dope' and here the new trailer https://youtu.be/VhPku2lypPw,소년비행
205,This drama is not on the Netflix so it won’t release all eps?,소년비행
206,unfortunately its even worse than normal kdrama since it will 1 ep every week,소년비행
207,"Oh noooo 😭😭 tyty for telling me, now we all have to suffer while waiting",소년비행
208,Sejin😍 I'm gonna watch this!,소년비행
209,most shocking thing is that this drama haven't airing yet and now they are all ready filming season 2 out of nowhere 🤣😅,소년비행
210,damn it must be hella good then lol,소년비행
211,That's a problem There's 50% people will might like it and wants season then it's all good but there's another 50% people might disappoint with it 😬For me i don't care and surely will enjoy with it 🤣,소년비행
212,"The cast has some of my faves, can't wait for this!",소년비행
213,Where will this be airing??,소년비행
214,no ott has picked it up yet,소년비행
217,Han Se Jin❤️ a Korean BL icon lmao. I am happy he is getting recognized more and more he deserves it. ❤️,소년비행
218,Director is new. Production house doesn't have high-budget dramas so no hits there. The writer has some good works and that's it. The only thing going for this one is the cast.,소년비행
219,The trailer quality was as if it's a low-budget YouTube mini-series lol. I hope it's good and the show isn't like that.,소년비행
220,its not even a trailer,소년비행
221,"Yes, the teaser. That doesn’t help its case lol, short teasers are better than trailers a lot of times.",소년비행
222,@inneoish i doubt if yes which teasers?,소년비행
223,@NotJohnity Almost every show? Western shows? New kill heel teasers? All of us are dead teaser? Juvenile justice teaser? Hellbound teaser? Reflection of you? Literally every other show.,소년비행
224,@inneoish lmfao... well thats ur opinion and i respect it,소년비행
225,"AIthough this is Seezn original,  surprised to know that this drama is produced by Playlist Studio, which produced some known webdramas.. Why the teaser like that :D",소년비행
227,based & epic,소년비행
229,teaser*,소년비행
230,"When I read the synopsis, I thought that Yoon Tak would be helping her with getting over addiction, but no, my mans the one growing drugs lol.",소년비행
231,Actually he do not know that there is marijuana growing in the field he have been tending. Drama is about innocent teenager getting caught up in  something that is too much to handle at young age.,소년비행
232,How does he not know though?,소년비행
233,@arin probably because he's hella sheltered,소년비행
234,OMG. I think I'll have a hard time watching this. 1 episode a week? I can't..,소년비행
236,What is with all the 1 episode a week kdrama these days T_T first grid and now this,소년비행
237,Teaser was so good. Hoping for a show better than extracurricular.,소년비행
239,god this sounds so sad :(,소년비행
240,Next drama for which I'm waiting,소년비행
241,Han Se Jin and Yang Seo Hyun? both starred in great BL dramas I'm excited for this.,소년비행
243,Can’t wait for this one,소년비행
244,I hope this is good!,소년비행
245,Bro nailed it in All of Us are Dead. So I’ll be watching everything he is casted in. So much talent.,소년비행
246,cant wait for this! <3,소년비행
247,im excited for this,소년비행
248,Waiting for this one!,소년비행
249,Looking forward to a dark high school drama without romance,소년비행
250,There will be romance but it won’t be one that is typical of a Kdrama cause it’s a noir and those usually have “cold” romances.,소년비행
251,so excited for this!!,소년비행
252,Great casts,소년비행
253,I'm waiting for this <33,소년비행
