,reviews,title
0,"the acting is SOOOO BAD also why does it never get clear why yuna likes nari so much, why did she suddenly want to be friends so bad with her?... seems weird to me. awkward and cringe acting, hurted to watch.",소녀의세계
1,"The webdrama is not bad, but compared to the Webtoon is lacking so much!!! I wish someone pick this up to do a 16 eps kdrama with at least two seasons",소녀의세계
2,"I agree with people saying to read the webtoon! If I didn't read through the webtoon, I would've been so confused with the drama and how their friendship formed. Basically 1 episode of this drama is like 10-15 chapters of the webtoon.... anyways love my girl Yuna!!",소녀의세계
3,I loved this drama,소녀의세계
4,"Just finished this drama. The acting was not that great to say the least. If I focus on the story only though. Like most people, I also enjoyed how it was centered on friendship. But damn I found the main friendship (Yuna/Nari) very toxic. I understand that Yuna struggles to express her feelings but she's overly pocessive to the point it becomes scary... She's also extremely mean and rude (why does she call Nari's other friend from middle school ""ugly"" and ""loser"" at their first meeting ???) She doesn't have to be overly kind, but the way she overly judged Seon Ji at first really threw me off. Overall, I didn't like Yuna that much...",소녀의세계
5,"I liked how this webdrama was more friendship centric, I feel like a lot of times with webdrama's they push friendships to the side in order to show more romantic scenes, and so it ends up just feeling like the FL's friends are there just to further the FL's plot. I understand that in these cases it's because the romance is main story line in the drama, but somehow we're supposed to believe the FL has these friends that are there for her in times of need, when we had really never seen them together much previously.",소녀의세계
6,"Although I enjoyed bits of this webdrama, most of it just made me go '?!???', I felt like it was so exaggerated that I couldn't understand any of it, or even believe that this stuff would happen in the real world. I'm a teenage girl, (19 lol) and although I know teenage girls can get bitchy, there was just so much bitchiness that none of it made sense. I even went to an only girls' school where girls are notoriously more bitchy- and people didn't act like this. The fact that the only nice characters were part of the FL's inner circle was just very weird to me. Highschool sucks, but people really don't care that much about people other that themselves, like they're not paying that much attention and this drama just made it seem very FL vs Everybody Else. I know this seems like I'm getting really worked up over a cute drama, but I just want to add one more thing (god I sound whiny)- if anybody ever tried to apologise for treating me badly by making a grand gesture of singing my fav song in front of a crowd, I don't think I'd ever talk to them again. I feel like they gave us this cheap version of an apology because they didn't know how to work a serious discussion surrounding feelings into the drama, and I understand that they wouldn't want spend a whole heap of time on it (since its a webdrama), but I wish they would have at least touched on it a bit instead of glazing over it with that tiny scene.",소녀의세계
7,I love this,소녀의세계
8,"I tend to avoid dramas about people who lack self esteem cause it reminds me of myself but, in this series at first it was different Na Ri started to annoy me because she barley stands up for herself and it seemed that she lack self respect to stay by herself when she clearly sees her classmates are toxic(desperate to make any friends even if there not good people),what annoys me is she doesn't stand up for herself and her friends which i think its stupid.it just seems like she desperate to me loved by everyone. This series makes it seems like everyone who lacks self esteem cannot also have self respect",소녀의세계
9,This is actually good… Mi Rae and Woo Kyung >-< Love their friendship ! I can rewatch this anytime! Only thing I hated was the bullying and gossiping 😮,소녀의세계
10,Cute and funny. Highly recommended for a relaxing watch,소녀의세계
12,Is this similar to the webtoon or did they change the story a lot? I like the webtoon so I don't wanna get disappointed...,소녀의세계
13,A bit. Not too different,소녀의세계
14,I need a season 2 from the webtoon with Chanyang and Seongha,소녀의세계
15,I need a season 2 for this with Chanyang and Seongha !!,소녀의세계
16,the drama is not bad but read the webtoon instead. it is soooo good (although you'll be introduced to more shitty 'friends' but with character development ofc),소녀의세계
17,Mirea's contact lens looks like she's blind. they should have matched her with a more fitting color.,소녀의세계
18,typical fluffy high teen drama. cute intro song.,소녀의세계
19,the drama should've been called the hard life of pretty people and their ugly friend...,소녀의세계
20,It was cute while it lasted. Nothing new. Fast and good.,소녀의세계
21,Short and sweet ^^,소녀의세계
22,I can't believe odd girl out got a drama adaptation.,소녀의세계
23,"The girls at that school are terrible people. Jinhyuk was the most disappointing, it felt like the scene in Frozen when the prince revealed his true intentions.",소녀의세계
25,What is the question?,소녀의세계
26,@hyperfocusd i forgot what i was gonna ask ffs 😭😭😭,소녀의세계
30,Between Mi Rae and Woo Kyung only,소녀의세계
31,"You know, The webtoon has 2nd season now! I am glad that the webtoon's story is so beautiful",소녀의세계
32,Hi! I was wondering if do you know where I can watch the 2nd season? I really love this webtoon :),소녀의세계
33,"u can read the webtoon on app called ""webtoon"" season 2 still isn't out though",소녀의세계
34,My honest thoughtsI heard a lot of criticism for this drama but I watched it anyway It was a little dissapointingOh nari basically faced problems her whole life and it was likeok ok Watch it when u r vvvvv bored,소녀의세계
35,Oh Nari deserves a full-length drama.  This was good for a webdrama but kind of unsatisfying if you're a fan of the webtoon (like me).,소녀의세계
36,"The drama was ""ok"" but it's so off from the original webtoon (probably they cut most stories off because it only has 12 episodes?)",소녀의세계
37,Where can i watch the webtoon ??,소녀의세계
38,"you can download the webtoon app, it's for free. The webtoon it's called '' odd girl out''",소녀의세계
39,@Bored Potato Thank you!!,소녀의세계
40,@Astha08 You're welcome!,소녀의세계
41,"I thought Jin Hyuk would end up with Nari at the end or more screen time, since he's in the screen cover",소녀의세계
42,I would rather my fav webtoon adapted to 16 eps kdrama than to continue this drama. This webtoon has a long story and a lot of potential. I am sad webdrama writer removed a lot of characters from webtoon.,소녀의세계
43,"Cute drama. I enjoyed how it was centered on friendship over romances. I have to be honest the acting was probably some of the worst I've ever seen in a kdrama lol. You can tell the majority of them are complete rookies. But the the plot is fairly lighthearted so it doesn't take too much away from it, just the occasional  cringe or awkward scenes.  The actor playing Jinhyuk was the only person I'd consider good lmao. But the actresses playing Nari and Yuna show potential so I hope they're able to grow.If you can overlook the inexperienced cast then I would recommend this drama.",소녀의세계
44,This is actually my favourite web series I’ve seen so far. It’s just managed to beat Kiss Scene In Yeonnamong. I just loved how well this explored female friendship. I’m gonna remember this one,소녀의세계
45,"Awe, its finished what a cute drama. A pleasant surprise. I enjoyed it a lot, i cried in  epi 8.",소녀의세계
47,I ship them too but their relationship in the webtoon is much better than this i disppointed. Their relationship in here looks (kinda) cringe,소녀의세계
48,Blue ocean you are absolutely right!,소녀의세계
49,Blue ocean you are absolutely right!,소녀의세계
50,The kiss was messed up. She wiped the kiss off his cheek then it was back again. But I did like them as a couple,소녀의세계
51,I can't believe it has only 12 episodes! I was hoping it was going to be longer :C,소녀의세계
52,"I just watched ""when you love yourself"" 1 & 2 from the same screenwriter/director and if you like this series, i highly recommend watching those as well!",소녀의세계
53,"Yuna , im sorry for thinking you're a bad friend. lolI'm glad we saw her  side of the story. The bad friend who broke them up, that's the girl Nari was speaking too at the beginning right. At the cafe sort of place, where she was telling her about what was happening.",소녀의세계
54,The drama really just ended like that? Both 2 girls should have confront her. And the girl name was “Mi Jung” if I remembered correctly,소녀의세계
55,"To those who are enjoying this show, I encourage you to read the webtoon! In my opinion, the webtoon is so much better than the drama but the drama is good by itself. I know they had to tweak the story to fit into 12 episodes.",소녀의세계
56,Mirae and Sunji's crying makes me laugh so hard lol,소녀의세계
57,Umm hi so um I made a discord for people looking for new friends https://discord.gg/UZQzea,소녀의세계
59,Wah i cant believe that they solved the problem by transferring jinhyuk to another school lmao,소녀의세계
61,is it different in the webtoon?,소녀의세계
62,Not sure cos I havent read the webtoon,소녀의세계
63,"Different. In the beginning, everyone (include me) thought that Jinhyuk is a new chara for nari ml. But it revealed that jinhyuk might be Minjae aka his real name Yoo Sunghyun even though not 100℅ equal (but in english webtoon his name is Seo Yoo, not Yoo Sunghyun. Idk why it is different lol). He is Yoona's stalker since middle school. he obssesed to Yoona. He pretend as nari's senior in nari's school (in fact he is not same school with nari and friends) and become nari's boyfriend to get close to Yuna. I swear He is more creepier in the webtoon. Conclusion, webdrama writers make jinhyuk as if a new chara to suprise us. Actually Since beginning webdrama is a bit different from webtoon lol so...",소녀의세계
64,"@gmsn21 oh wow. i got from the comments that they made some considerable changes from the webtoon, but i didn't realize how much",소녀의세계
65,"Wait what they transferred him, how did I miss that?",소녀의세계
66,There was a part in ep 8/9 where people gossip about jinhyuk transferred to another school,소녀의세계
67,"It seems like they're smushing a lot of the boys' plots from the webtoon together into jinhyuk in the webdrama.  Iirc there was a dude who xferred schools in the webtoon, too?",소녀의세계
68,Im still at chapter 2 of the webtoon so Im not so sure about it :(,소녀의세계
69,Here best friend broke up is more more painful than couple broke up.,소녀의세계
70,"Watched ep.9. Ahh Soobin is a piece of work. Being a mean girl doesn’t pay off. My favourite quote was ‘It’s okay, because I know I didn’t do anything wrong’ That was powerful to me, sometimes we try to kick ourselves because of other people. Wen it’s them who are the problem.I hope Yuna apologises properly because if my friend ditched me n ignored me for no reason.  It would take a lot for me to forgive u wen u try to be friends again.",소녀의세계
71,"Ok just finished ep 8 and i cannot express how vehemently i don't care about jinhyuk's backstory.  Waste of a good episode! However, i do hope we get more of yuna's backstory bc that reveal was one of my favorite parts of the webtoon.",소녀의세계
72,"There is so much PPL in here, but it makes me sad that a lot of it is from Wiggle Wiggle and i can't find any place to buy most of their stuff that will ship to the u.s.",소녀의세계
74,Lol it had me bawling my eyes out.,소녀의세계
75,"In the webtoon it rly only happened once where a guy used Nari to get to Yuna, so I wasn't expecting this guy they gave so much airtime to to be such a dbag.  Gut punch for sure.",소녀의세계
76,"I found this on vlive, thought id give it a go, was surprised how much I enjoyed it. I like the storyline. I like well done high school stories. Binge watched it, now im caught up. Cried in the last episode. Didn't know that the this was a webtoon, I will deffo check it out. Hyun Bin, watching him acting was like watching Seojun from True beauty come to life. If he is not cast in the kdrama then idk what their doing.I also, luv the friendship of the four girls.",소녀의세계
77,"Episode 8 made me cry,  wtf was that. I believed him, I believed he was one of the good guys. And Yuna. Nah, you cant decide to ignore me and then later on when u realise those friends are fake u want to come back.And  i do kinda relate to the whole sidekick friend thing in high school. So this hurts more. Im a ball of emotions now. I can't believe the guy did that. I just can't.",소녀의세계
78,Here for Arin! ❤️ Stan Oh My Girl,소녀의세계
79,It's so sad how Nari lost her boyfriend....,소녀의세계
80,And It is sadder how Yuna lost her precious friend Nari again... T T,소녀의세계
81,"I hope they're still friends but Yuna will learn a big , BIG lesson from this",소녀의세계
83,"IMO, Wookyung in the drama looks nothing like his character in the webtoon but instead looks exactly like Seojun in True Beauty, even down to the way he applies lip tint on his lips.",소녀의세계
84,"rightt, the earrings, when he wore black. It was like I was watching him come alive. Hopefully they cast him as Seojun for true beauty.",소녀의세계
85,"Yeah, the earrings for sure were like the cherry on top of the sundae of the whole Seojun look.  Who knows, maybe the stylist is a fan of True Beauty, too?",소녀의세계
86,"I haven't read the webtoon but from what iv'e watched Nari cannot catch a break it's like every episode  she gets picked on for her ""plain"" looks, I hope she does  find confidence in herself at the end because the writers seem to think it's a good idea for her to go through this constant cycle of being hurt/let down by others.",소녀의세계
87,A big part of the webtoon is about Nari becoming less self-conscious and more confident in herself bc she tends to overlook her good qualities.,소녀의세계
88,Ahh I just found out about this adaptation from a random comment on the webtoon.  Hopefully it's good and doesn't cut too much out bc it's a shorter web drama.,소녀의세계
89,How did I not know this was happening gahh gonna start it now,소녀의세계
90,ikr! been a fan of odd girl out for so long..!,소녀의세계
91,That A'GUCCI'M tshirt lmaoooo,소녀의세계
92,I never realized how beautiful Hyun Bin is until now,소녀의세계
93,did this get extended? or was it originally supposed to have 12 episodes and the information here was just wrong?,소녀의세계
94,"I found it from tvN D ighttps://www.instagram.com/p/B_1jA1NFDV1/?igshid=1niwwqgeqh3naBut it's unclear the actual number of episodes. They only revealed schedule in May (events and eps 3-12) . Until now, I have not found other sources about this yet.... (Maybe you all can help me?? )",소녀의세계
95,THIS IS SO CUTE ♥,소녀의세계
97,Character development Im Yuna !! The way she start to warm up to Sunjii is beautiful,소녀의세계
98,"For people who have read the webtoon, what are the main differences?",소녀의세계
99,Mirae's characterization? And a lot of scenes were cut out. I suggest you reading the webtoon now wile waiting for more episodes. It is much better than this,소녀의세계
100,"Yeah, the biggest diff is Mirae, in the webtoon she is no longer on the idol track and doesn't care about instagram/youtube.  Also Yuna is not class president and Nari was the one who befriended Seonji first.  Seonji also works in Nari's family's bakery but they cut that out for sponsorship and pry to cut down on characters since it's a short drama.  Also Nari doesn't rly have a defined romance in the webtoon, though she has a couple admirers.",소녀의세계
101,after watching episode 4... i knew i just had to check out the webtoon. and it's so good! there are a lot of changes in the web drama but it still think the webdrama is good and i will still watch it till the end even though i've already caught up with the latest update in the webtoon.,소녀의세계
102,"To be honest, as a webtoon fan, my first impression of this adaptation  made me a little disappointed because they changed the story a lot (I'm sure that webtoon fans think same as mine). The story flow is fast and skip many arc. I understand this problem because this is web drama. However, it becomes interesting from episode 3. Now I've watched it until episode 5 and it's getting more and more interesting. I can feel their heartfelt and special friendship. It still shows each girl's backstory. I wonder about Mirae's backstory since her character is kinda different from webtoon. Aaaaah i can't wait for episode 6!!Comedy in drama is so good (I've laughed many times lmao). I hope you keep watching this. It is still worth. But one thing that I feel bother is romance part. I hope there's no romance, or atleast slight romance.",소녀의세계
103,i think there'll be much more romance in the drama than the webtoon. the webtoon has like 0.01 romance hahahaha but since a new male character (Jinhyuk) was added... the webdrama would definitely add the romance for the viewershipi also think that the casting in the drama is pretty good,소녀의세계
104,I heard from Arin's fans about Arin's interview. Arin said that Oh Nari isnt gonna have love line. I am shocked lol. But I am not sure about that since the guy clearly likes Nari lol,소녀의세계
106,"Waitt, i just saw thumbnail eps 6 on vlive and whattt !!?? Jinhyuk...Nari? Aaa now i am confused smh :""(((Edit: After watching ep 7, Arin isnt lied lol, but i dont expect that it follow webtoon story so this is sad to see Nari.",소녀의세계
107,"Yeah I was definitely on the....""this is only ok"" train, but eps 4, 5, and 6 got me on board.  It's not the same as the webtoon, but for a web drama it's pretty good.  Plus I love that they added Jinhyuk lol.",소녀의세계
108,this is so cuteeee but there are only 8 episodes huhu,소녀의세계
109,For those that are not aware you can watch the episodes on VLive as well! It is already on episode 4 and subbed,소녀의세계
110,Just search up ‘tvN D’ on the app and you can find the episodes on their page,소녀의세계
111,Wow didn't know that! >.< Thanks so much ^^,소녀의세계
112,"I am a huge fan of the webcomic, but they really failed at making Arin look even remotely ""plain"" which is a tad bit disappointing.  The webcomic did a much better job at making her look more normal compared to her friends, but the first ep was still really cute!",소녀의세계
113,where did you read the webcomic?,소녀의세계
114,You can read it for free here https://m.webtoons.com/en/drama/odd-girl-out/list?title_no=1420&page=1&webtoon-platform-redirect=true,소녀의세계
115,@fireflower thank you!,소녀의세계
116,Where can I watch this and is it free?,소녀의세계
118,Will they be posting all the episodes for free?,소녀의세계
119,@Kpoptrashyutaa yes. they will :) they even post earlier in their vlive channel,소녀의세계
121,https://www.youtube.com/watch?v=PsTWEzt1GTw first episode with english subs!,소녀의세계
122,"I've not read the webtoon so I can't comment on how this compares, but that first episode was so funny, adorable and such a brilliant introduction to these characters. It's rare that I really really like short webseries like this, but this ones blown me away after only it's first episode!Also I was trying to figure out where id seen the actor for the role of Yoo Jin Hyuk and I can’t believe it’s the detective from 365: Repeat the year, he looks so different! He’s adorable in both though!",소녀의세계
123,"Ok can we appreciate the reason Yoona is class president bcs Nari said it was cool when they were grade school? Nari and Yoona's friendship is a lit. They are like soulmate❤.  I like their friendship since first time i read the webtoon. Kuddos for Arin and Boreumbyul can potray their chemistry so well.  For those who watching and still thinking negative this drama, please give it a try. Personally I wanna see more their friendship in live action, also squad moments. Can't wait for next eps!❤",소녀의세계
124,nothing like the webtoon i am so disappointing. Director should have just kept the same plot bc it's more interesting,소녀의세계
125,the characters look older than i expected. izone's wonyoung would've made the perfect yuna.,소녀의세계
127,Just watched the teaser and i got suprised seeing mirae & wookyung asdfghjkl I suddenly threw my phoneee,소녀의세계
128,Love love love that new poster!,소녀의세계
129,omg one of my favourite webtoons is getting an adaption aaa!!!,소녀의세계
130,i wanna know who plays nari's bro lmao,소녀의세계
131,Official english translation:https://www.webtoons.com/en/drama/odd-girl-out/list?title_no=1420,소녀의세계
132,i really want to watch this oneeee!!,소녀의세계
133,My favorite webtoon. My favorite squad. Can't wait to see these 4 strong girls in drama ver. They are so precious!,소녀의세계
0,WEBTOON VS WEBDRAMA Just completed this WebDrama so dropping some of my thoughts here FYI this story is based on a popular Webtoon by MorangJi Odd Girl Out I really love the Webtoon and have been reading it for years already So I do have some high expectations about this adaptation For me if you read the Webtoon beforehand and expecting it to be as good as the original please don't because WebDrama adaptation will get some adjustments to fit in the short period of the broadcasting WebDrama is a simple version hence there are many important plots didn't get featured so please be considerate This webdrama is super cute That's a bonus point for me Regarding the actress I shall say that I do have some problems to imagine Nari as a an ugly duckling because in my eyes SHE'S THE PRETTIEST AMONG THEM If you read the original Webtoon you'll understand why Nari looks so plain among her friends So when there was a scene when Nari's boyfriend sorry I forgot to his name said this line ARE YOU KIDDING ME HOW ON EARTH UGLY PEOPLE LIKE US CAN BE TOGETHER And I was like whoa you guys are ugly Wait until you see me p And the part when Nari was treated as a laughing stock in her class because they said Nari is ugly like gosh I can't imagine her as ugly cause she's the prettiest in her class well hello We're talking about Arin from Oh My Girl If you say that she's ugly I don't know what am I p But yeah I do understand that it's a part of the storyline In fact Nari in the original Webtoon is actually quite decent but because her others friends are way prettier than her making she looks like she's the ugly duckling in her group About their acting because all of them are still quite new in acting so it's understandable but my personal favorite would be Yoona and Nari because there were many scenes where they needed to be sad mad and happy The part when Yoona sing for Nari SPLENDID p But the ending I wish it could be more impactful and could focuses on the four of them instead of Soobin's crisis and PLEASE PLEASE PLEASE READ THE ORIGINAL WEBTOON cause the original story is SPLENDID More laughing crying and emotional moments Thank you for reading this and sorry if I wrote something that may sounds offensive Read More,소녀의세계
1,Cute drama I enjoyed how it was centered on friendship over romances I have to be honest the acting was probably some of the worst I've ever seen in a kdrama You can tell the majority of them are complete rookies and crying scenes especially were hard to watch But the the plot is fairly lighthearted so the poor cast doesn't take too much away from it just the occasional cringe scenes or awkward dialogues The actresses playing Nari and Yuna show potential so I hope they're able to grow in future works Mi Rae was passable Sun Ji was very grating and hard to watch at times Woo Kyung fell flat and forced at times Jinhyuk was the only person I'd consider a good actor and lastly Soobin was surprisingly well developed for a side character If you can overlook the inexperienced cast then I would recommend this drama It's refreshing to see a story about female friendship in a high school setting The drama is fun and very binge able short episodes left a lot of characters underdeveloped so I'd be interested in watching a season Read More,소녀의세계
2,If you guys love to watch web dramas this a must watch there are idols playing as the cast and the drama itself is based on a webtoon Everything is good The storyline itself does not make the watcher bored cause each episode has its own story which is good so that the watcher does not get bored easily Even if the acting is still just okay but they can improve it's a Teenage drama about friendship also based on a web drama I really like this web drama It made me cry and also laugh I really recommend this drama if you love a drama about friendship Read More,소녀의세계
3,The world of my seventeen was unexpectedly really good Hope there will be a second season though The drama has some romance but it focuses on the girls' friendship and their problems There is bullying being insecure about yourself family problems and some love affairs too The overall mood is youthful and nostalgic with a nice presentation of the school friendships and relationships Plus all girls did a great job with their characters and their performances were really good from everyone in the cast However I do have to point out that the ending needed an episode more to wrap things a bit better but overall the whole drama was satisfying and a roller coaster of emotions with some unexpected twists too So eight out of ten for this web drama Read More,소녀의세계
4,The World of My is the adaptation of a popular webtoon set around the lives of a group of friends and their adventures their crushes and romantic relationships as well as the ups and downs in their friendships The drama fell victim of the usual high school kdrama troops there's a cold hearted yet beautiful girl that attracts everyone to her there's a bully with a tragic backstory there's a very bubbly main lead that believes the world is made of rainbows there's the adorable airhead and there's the outspoken wannabe idol girl This aspect really limits any authenticity given that many times the writers will always have to break the same old boxes they put their own characters in Nonetheless it had the gift of a very fluid story with no halts whatsoever and a good pacing with just a little bit of an awkward acting here and there i'm staring at you HyunBin And it wasn't badly produced just plain and simple with some good lovely life lessons It was nice that we got the point of view of various characters and generally speaking the main cast is adorable The very ending scene was my favourite Read More,소녀의세계
5,I could have sworn I had a review up for this but it's nowhere to be found so I guess I'll write it again lol Just a heads up I watched this before ever reading the webtoon it's based on but as of writing this review I am currently almost finished with season so I probably will end up referencing it here This is like so many web dramas of it's genre kind of surface level and cliche and truthfully too big of a story for it's run time but it's also very cute and fluffy and generally feel good and the acting is decent so I enjoyed it well enough I would honestly love to see another season especially now that I'm reading the webtoon My biggest complaint with the story would have to be how everything plays out with Nari's 'boyfriend ' That entire part of the plot is terribly handled in my opinion and doesn't make any sense without reading the webtoon for context To spoil it cause that's what I do in my reviews lol Nari starts going out with a boy at her school and he's incredibly kind and supportive and thoughtful the entire time and appears to genuinely like her until it's suddenly revealed that he's only been dating Nari to get to her classmate friend Yuna because he's been stalking Yuna for ages and can't take no for an answer It comes completely out of left field and is so unbelievable that it's laughable The plot point does come directly from the webtoon but it also makes Sense in the webtoon There's proper pacing and foreshadowing and he isn't this completely perfect in every way boyfriend so even though the reveal is shocking you still believe it The drama writers didn't get this part of the plot right and I think it's probably the biggest flaw of the story My only other complaint with this web drama is the treatment of Yuna There are a lot of complicated layers to Yuna and Nari's relationship There's hurt and betrayal some unhealthy attachment and ultimately just too many layers for a short webdrama to properly explore Unfortunately this affects how Yuna is portrayed in the story She is very manipulative and selfish and demanding in the webtoon And the webdrama but the webtoon adds context to her behavior and her part of the story is ultimately one of her working towards reconciling with Yuna and growing as a person so that their friendship can be healthier for both of them Because of the time constraint inherent in webdramas there was no way the drama writers were ever going to be able to do the same thing and Yuna ends up suffering as a character for it which is disappointing I admit it's probably a good thing I watched this Before starting the webtoon because aside from the two complaints above there were some other changes to the story that could have made this a frustrating watch but I went in with fresh eyes and I'm glad I did I'm able to view the webdrama and the webtoon as two separate entities and enjoy them both as such without the differences ruining my experience If you're reading the webtoon and wondering about watching the webdrama I recommend approaching the webdrama in the same way It will definitely help you enjoy it more Read More,소녀의세계
6,i like this drama i gotta say this web drama was good i remember when this was first released i went to watch the st episode straight away hehe the acting wasnt that great since it was full of rookies but i still liked the drama one of favourites is that this drama is more into friendship than romance which i absolutely love alot because its more focus on their friendship and getting them to get along and stuff load of scenes were pretty funny of them all together Yu Na was my favourite character there she wasnt a weak character but a strong fierce one Yu Na always take care of Na Ri thats what friendship is taking care of each other Seon Ji and the rest of the characters were amazing i have only watch this web drama ONCE so i forgot the story but i know that i finish it i recommend to the people who loves web dramas its suits for them overall its was good I heard the WEBTOON of The World of My isnt finish yet woo Read More,소녀의세계
7,The World of My huh Let's start This is a web drama I read some eps even before his drama so I kind of knew the characters which was nice but if you don't like that then I wouldn't recommend reading the webtoon before watching this drama Now this was pretty well written some parts were really lacking like the acting would be on point but the scene would just be weirdly written or the acting would be the worst and the scene would be really well written pssssttt there is a little romance but expect more friendship it's still really good tho Arin bro what I've been a fan of oh my girl for a while and I knew Binnie was an actress but Arin Nari She did well I liked the chemistry between the actors it wasn't anything special Everyone played their parts well but that was kinda it like I mentioned before some parts were really lacking like the acting would be on point but the scene would just be weirdly written or the acting would be the worst and the scene would be really well written So it kinda connects https open spotify com playlist KHaUBogxFfsQPHzHYIOu playlist link to the ost The music was nice I really liked friends but that's my personal preference they should've made oh my girl sing too tho or just Arin It's short around hours long I didn't feel like I wasted my time It was fun cried laughed everything It's a web drama one of the best I've seen yet so pls watch it you will not waste your time Read More,소녀의세계
8,Lighthearted stories with touch of drama and comedy So yeah I want to write a review for this because it is a lit web high school drama As you know the story revolves to the lives of high school students experiencing friendship love and life with an emphasis to real friendship or friends to life The plot is easy to follow since it was backed up by flashbacks and the actions of the characters are being justified It may be right or wrong we know that there are stories behind of all of that I personally loved how everyone has a story to tell And I can say that they are relatable for high school students I also loved how are they are with each other in drastic times as it really shows the meaning of real friendship Now I know really that you can find your friends for life in high school LOL The acting is great as if they are acting just themselves The cast suited their roles and I love it They are adorable and at the same time cool by acting their roles t 'But Yuna I wont forget what you did there HAHAHA for the sake of friendship APPLAUSE' Well I hope to see the cast in other dramas too coz they are awesome artists The music is also a good thing to know about this show as it blended in the scenes very well Though there's no music I think that catch me But still the music makes the mood in the show great it a great show looking for lighthearted stories with some touch of drama and comedy Please consider watching it and I am sure you won't regret it except for some douchebags here and there HAHAHA It is a happy ending don't worry just a high school life drama free from worries Finally friendship is created naturally just being ourselves It is called appreciation Friends appreciate you and of course we should also appreciate them It is hard to find real friends so when you found one don't let them go Read More,소녀의세계
9,When watching web dramas I ve noticed I tend to enjoy them a lot but this one is very cute and funny I could just be super bias about it because I am a very loyal oh my girl fan miracles but the friendship value and how much these girls are all completely different yet seem to make such a strong team is uplifting and interesting I know it doesn t follow the original Webtoon comic but I ve always wanted a web drama to not be so tied down to following it s originally form and to actually try to be different because different is good I hope in the end I m still very satisfied and intrigued with this web drama and it becomes one of my favorites ever Read More,소녀의세계
10,the hard life of pretty people basically the story revolved around girls hating girls because they were prettier or and the ugly girl that hanged out with them honestly every guy only looked at girls so they chased them and belittled other girls then the remaining girls hated the pretty girls and the ugly friend becasue they were jealous their plot line literally revolved around things that were repeated over and over again boys used girls to get the pretty girls even their main lead the not pretty girls got jealous and hated on each other for shallow reasons the friendship between the mains was explained after a loooong series of misunderstandings but the other girls just randomly stuck with them it was like sure the other not pretty girls wanted to be their friends and use them so the pretty girls got outcasted by choice but they too chose the other pretty girls becasue they knew they didn't want to use them since they were pretty too that's such a nonsensical logic even the misunderstanding around the fls started by jealous rd parties it's so hilarious every girl was like you're too ugly to be yuna's friend and started hurting their friendship until both believed it too instead of talking it out I'm most disappointed by the fact that this was written by it's okay to be sensitive and When You Love Yourself for a story about sismance it revolved alot on girls hating girls just becasue they're pretty atleast it wasn't romance centered and side romance was sweet and the other loser left though again the way that good romance developed was because the girl got jealous cuz they guy was too friendly with a clingy girl after chasing her and telling her he likes her he goes and let a girl kiss him then he gets angry at the girl he likes anyway shallow writing with basic acting Read More,소녀의세계
11,amazing drama the overall drama was good the story was amazing and personally i would watch again i definitely recommend the message of friendship was on point arin's acting was on point and hyunbin's appearance was a surprise and a delight this drama is in my top IT WAS AMAZING Read More,소녀의세계
12,I'm honestly debating between a and a but I put out one star because some of the scenes ngl were so cringey However except for some of the scenes I loved the overall movie I loved all the actresses and the storyline was okay too would definitely rewatch it sometime,소녀의세계
13,Surprisingly Good,소녀의세계
