,reviews,title
0,"I LOVE THIS DRAMA SERIES LIKE OMG, we want more of Han Jin Woo",신의퀴즈
1,Please Give us More.. This should not be the Last,신의퀴즈
2,"HJW is funny, I laughed so much LOL",신의퀴즈
3,Gosh they change his looks so much from season to season .. but all the styles look good on him,신의퀴즈
4,i gotta give it to them. they did good with this reboot.,신의퀴즈
5,They went a bit crazy with the overarching story with the previous seasons but I think it's a really good reboot. Not sure if studio dragon was the best choice but it's a great season nevertheless,신의퀴즈
6,Would you recommend just watching the 1st and 5th seasons then? I love this type of genre,신의퀴즈
7,"Yeah, I really like the series and think the first 3 seasons are the best. But you kinda have to treat it as a bit of a mini series with a new story in each episode. Not something you binge to get a real overarching story. Also keep in mind the older ones are around 10 years old on a smaller cable channel. So not a blockbuster, but a really enjoyable series. That's why I think studio dragon was a bit overboard for the 5th season, since they tend to make more blockbustery stuff. Watch the first 2 episodes of season 1 and if you don't like it, there is a good chance you won't like the rest very much. If you enjoy it, you can watch the whole series without any issue.",신의퀴즈
8,"@kiinasu Thanks, this was really helpful.",신의퀴즈
9,Do i need to watch all previous season of this drama?,신의퀴즈
10,You don't really need to but there are things that are referenced from previous seasons. Also the whole series is really good so you should watch them,신의퀴즈
11,This series is absolutely my favorite!! ❤,신의퀴즈
12,"I haven't started this yet but the premise of this drama reminds me of House MD, am I the only one?",신의퀴즈
13,"If you like House, I think you'll like this one. There are so many seasons too, but I hope there's another, eventually. I love this drama!",신의퀴즈
14,"I love the core of this drama, about rare diseases! But when Ryu Deok Hwan tried to be funny I couldn't smile nor laugh!The jokes aren't funny at all and it bothers me a lot even from season 1!I don't know why such a dialogue like that was maintained.Trying too hard to make funny!!!",신의퀴즈
15,"I want to ask. If I don't watch the previous season, still can understand the plot?",신의퀴즈
16,"Seriously, the best season from the whole GQ series. I feel that they are ending it here (with that ending and all), but I really want another season! I want more interaction with CODAS, I want a wedding, I want to see more of Dr. Han's genius mind! Ugh. And I have never fell in love with an anti-villain before, but waaah! Kim Jaewon really nailed his role. I cried buckets when they killed him and Taejoon...",신의퀴즈
17,is there a next seson???????,신의퀴즈
18,Im going to watch it without watchng prev seasons bec of high rating here.,신의퀴즈
20,"I was a bit disappointed with season 4, but I like the God's Quiz series overall so I decided to give season 5 a chance. I am super glad I did, it actually is my favorite season out of the five. I tend to skip some moments in almost all the dramas I watch but here I didn't skip once: this series has a great cast with amazing chemistry, great villains, great acting, the plot was enticing and kept me at the edge of my seat. I also really enjoyed seeing a more mature and encouraging Dr. Han, his character showed a real development from the previous seasons.I now hope for a season 6 with the same cast.9.5/10 for me.",신의퀴즈
21,"OMG, I've been waiting YEARS for this!! I just finished Miss Hammurabi (EXCELLENT!) today and this is what I'm watching next....meaning RIGHT NOW!!",신의퀴즈
22,"It was worth the wait. I've never seen Kim Jae Won play a true villian before. I must say he did an excellent job. It was hard not to side with him considering what those ""people"" did to him and the other children. I know Ryu Deok Hwan is on the short side and no one else was especially tall but Kim Jae Won seemed huge when standing next to people. Not sure if it was the hair or just the way he played the part.",신의퀴즈
23,Totally fell in love with Kim Jae Won / Hyun Sang Pil he was totally my man...I was on his side throughout.. but then I totally believe in revenge...He was just so badass LOL,신의퀴즈
24,"Straight to the top of my favorites list 'cause this season was all i ever expected from a drama, and more.",신의퀴즈
25,Do I need to watch the earlier ones in order to understand this?,신의퀴즈
26,No you don't have to,신의퀴즈
27,but it will be better if you start with the earlier seasons,신의퀴즈
28,@hime ayra Okay thanks :) The earlier seasons have been on my PTW list for ages...,신의퀴즈
29,If you don’t watch the previous seasons you may not really get the big picture of things. If you are watching for the case of week only then you don’t really have to watch the previous seasons. But I will recommend that you do.,신의퀴즈
30,7 months later: Watched all seasons and this one in one week :D,신의퀴즈
31,"I heart Dr. Han Jin Woo-the-mentor. He has always been brilliant and charming, but this season we can add ""encouraging"" to the list. He doesn't put down people who want to learn. (He used to make fun of Officer Kang constantly.) As a mentor, he is generous with his praises. I love how he always recognizes Lee Dong Keun's achievements and counsels Jung Seung Bin without imposing his point of view.",신의퀴즈
33,16 episodes. I'm currently waiting for episode 13 and 14 to be out (coming this week) but I can't find it anywhere. I watch it on Dramanice or Kissasian.,신의퀴즈
34,All of 16 episodes are finally out now :),신의퀴즈
35,@Pari Yes! I know. I finished watching the last 2 episodes last week. Thank you tho,신의퀴즈
36,@Prabashi Oh is it? I just found out! I was so surprised. I almost dropped it last month owing to the cliffhanger I heard about it in ep 12. I thought no new eps are gonna show up you know? Am so relieved right now! Gonna watch it right away!,신의퀴즈
38,Exactly how much episodes are there....episode 12 is a cliffhanger.....waiting for next season will probably have me die of curiosity... Even if it's just 12 episodes....anyone knows when the next season gonna come out???,신의퀴즈
39,now it says 16 episodes! yeah i cant handle ep 12! what a cliffhanger!,신의퀴즈
41,If he choose revenge that would defeat the point of the all character.  We need him to always side with Good so that he can speak for the little guys.,신의퀴즈
42,"so is this 12 or 16 episodes?  Wiki's are also saying 12, but koreandrama.org says 16 (to be decided) and comments on 16 sound like the story is ongoing...as in Not open ending.",신의퀴즈
43,It seems there is a bit of romance and most are saying to watch all seasons to understand better. So does the romance start from the beginning or later on.,신의퀴즈
44,From season one they have this will they won’t they thing going on where their attraction to each other is heavily implied. From season 2 onward they are a couple but the romance is not really the emphasis in any of the god quiz.,신의퀴즈
45,oh well. i do love a Castle/Beckett relation and was hoping if it was something like that.,신의퀴즈
46,@RejaulHoque Lol this a Asian drama. When I say low key romance it’s really low key lol.,신의퀴즈
47,Season 4 was romance heavy,신의퀴즈
48,"@Lotti But it had the most upsetting ending ,  I so glad they gave us season 5. I'm truly hoping for a season 6.",신의퀴즈
49,"@darkn3ss Ikr, I'm so happy they gave us season 5 after that... Hopefully season 6 is in the plans :) or ATLEAST end it with a happy ending...",신의퀴즈
50,@Lotti Yeah I got so scared with the ending of ep 12 I was like that can't be it.,신의퀴즈
51,Kim Jae Won is a badass villain he is terrifying me in villain role,신의퀴즈
52,I hope he is not targeting our han jin Woo to hurt him.,신의퀴즈
53,should i watch the seasons 1 to 4 to understand this one?,신의퀴즈
54,"I would highly recommend watching the other seasons. Even though there are different cases per episode, you won't really get the relationship between the characters or the beginning of this season without watching the other seasons. Plus all of the other seasons are really good.",신의퀴즈
55,alright thank you so much,신의퀴즈
56,Season 5 please end with their wedding ~,신의퀴즈
57,I wish all the crazies would just leave our Dr Han alone.  So he can have a bunch of mini Ji woos with detective Kang. See like Kim Jae Won  villain is targeting our Dr. Han.  On another notes I'm totally lmao at the little bromance Dr. Han and detective Nam seems to have going on. It's like a little bromance with the subttle scent of romance hahaha. Detectice Kang better watch her man.,신의퀴즈
58,This drama has been a classic for me love the first 2 seasons haven't watched season 3-4 though do I need to watch it to watch this one? I keep on seeing this on the drama website I watch and is so tempted to watch but idk if the story connects to last season where I have to watch that one before,신의퀴즈
59,The story connects! Watch all the previous seasons :),신의퀴즈
60,kim jae won is really in this? why he's not in the poster?,신의퀴즈
61,I think that he will be the main villain!!,신의퀴즈
62,"says reboot, but says season 5? im confused",신의퀴즈
63,Lots of sweet moments between Dr.Han and Detective Kang❤God bless writer nim,신의퀴즈
64,where can you watch it?,신의퀴즈
67,kissasian its another site that I experience problems after 5 min I am watching a drama.Thank you though,신의퀴즈
69,Wow this drama keeps exceeding my expectation... I'm speechless.,신의퀴즈
70,Good start! :D,신의퀴즈
71,It's finally here. I can't wait to this new adventure S2,신의퀴즈
72,"do you have to watch season 1, 2, 3 and 4 to understand this story?",신의퀴즈
73,"Yes, you should watch the past seasons to understand the story since this is basically season 5 of the show, not actually a reboot.",신의퀴즈
74,Yoon joo hee's character was not really exciting before. The romance also felt forced. Hope they could make it all interesting this time.,신의퀴즈
75,I thought I was the only one... I think they could have been a good couple but it was so poorly executed and just... weird. I never really believed it.,신의퀴즈
76,"Yes, I always felt compelled to skip their romance scenes if it is not contributing to the case. I have felt that he has more chemistry with other characters than with her. A lot of little things about their relation ship was nice and supposed to be cute but it fell flat in the execution.BTW, I heard it will get released by Nov 7 but couldn't find it anywhere.",신의퀴즈
77,Which season does romance start ? I thought this series had no romance,신의퀴즈
78,Do I have to watch all of the previous seasons or can I just start here?,신의퀴즈
79,Better to watch them all .... it will not take time anyway and the first and second season is really good,신의퀴즈
81,I’m soooo happy to be seeing some familiar faces!! Love this series and so excited,신의퀴즈
82,"Whow!!!!!!!A 4th season! They took their own sweet time! I cannotttttt wait! After watching the first three seasons of this drama, Last I saw Han Jin woo was in the drama ""Faith""! Anyone knows the date of release?",신의퀴즈
83,5th season. :P,신의퀴즈
84,The actor who plays Ha Jin Woo was in Miss Hammurabi,신의퀴즈
85,Release is November 7. Here's Soompi's most recent post.https://www.soompi.com/article/1244143wpp/ryu-deok-hwan-genius-doctor-new-gods-quiz-posters,신의퀴즈
86,What is this drama about? Sorry for my ignorance.,신의퀴즈
87,You may want to start here? https://mydramalist.com/3379-gods-quiz,신의퀴즈
88,But it is supoosed to be a reboot...Do I have to watch all those four seasons?,신의퀴즈
89,"@Belu ""After he gets involved in an unexpected case, he returns to the medical examiner office for the first time in 4 years.""  I might be wrong, but I think it's just a metaphor for his life.",신의퀴즈
90,"My favourite casts are all back plus some new faces, and Kim Jaewon as support role? Is his role going to be a villain or a role like donghae's role in last season?",신의퀴즈
91,I have never been this excited for a new season. I love this drama so much.,신의퀴즈
92,Wow! They're all back @.@,신의퀴즈
93,"According to Soompi the drama premieres on November 7, 2018.https://www.soompi.com/article/1228625wpp/park-hyo-joo-confirms-casting-new-season-crime-drama-gods-quiz",신의퀴즈
94,Wow if the main cast comes back i'm so in.,신의퀴즈
95,Hope the main members sign back on for this season! Excited to see it.,신의퀴즈
96,Yessss season 5. This is going to be good.,신의퀴즈
97,yes a season 5 i just watched the season finale today and i'm so glad there will be a season 5 :3,신의퀴즈
98,dsgfzfxngvm  OMG a 5th season *O*,신의퀴즈
0,First off I really enjoyed this th season or reboot of the show I didn't realise the show got another season and season was getting kinda well strange so I had stopped watching but I really wanted to give the show another chance and OCN really showed what it can do The cast has changed again from the previous seasons except for a few leading characters I love that the leading characters returned it would be heart breaking if not but luckily we get Doctor Han Detective Kang and also Doctor Jo back We also get a bunch of new characters but this time around compared to season you notice that they are more experienced actors and older because they fit the show a lot better than the new actors in the previous season The new characters fit quite well and make the show even better But also the villains showed amazing acting The storyline itself is more to earth than the previous season but still gives you a little mysterious and over top like what you are used to from season and I loved that we also get some background to some characters as well as get to explore the dynamics between Han Jin Woo and Kang Kyung Hee more Just get married already Also I'm definitely gonna rewatch Not today and not tomorrow but I find myself always returning to God's quiz If you have watched the previous seasons I highly recommend this one too If you have not watched it well maybe at least watch season and another season just to get you a little bit up to date This show proves that following seasons installments are not always worse than the previous ones Read More,신의퀴즈
1,More Dr Han Jinwoo I was always a big Fan of this Series I Loved the Cast and the Stories behind every Illness and Episode in every Season so far When they announced the new Season I was so happy that this Storie finally got a continuation I enjoyed every new Episode and the Love Relationship between our Inspector Kang Kyung Hee and our lovely Dr Han Jinwoo We got a lot of new content and new Insides behind his Background Storie The Villian again did a good job and we got a lot of Heart attack moments Thanks to the production team for more Dr Han Jinwoo jokes and smart ass affairs I laughed a lot Read More,신의퀴즈
