,reviews,title
0,i only watched episodes 6 and 7 of this drama because of kim minki was in it lmao. the ending was disappointing to the say the least :(,어른연습생
1,Where do I go to watch this?,어른연습생
2,Anyone knows of similar dramas like the 2nd couple ?,어른연습생
3,Have not watched this but are the episodes not related to each other? are they independent short stories ?,어른연습생
4,Hello! They are not related. They all focus on different people. Episodes 1-2 focus on one main lead. Episodes 3-5 focus on another and 6-7 on another.,어른연습생
5,Thank you comment section. I wasn't disappointed. Watched only 3-5 and it was cute and meh :),어른연습생
6,Where did you watch it?,어른연습생
7,Stayed for Nam Ho and Yura. The rest are meh,어른연습생
8,"idk what ya'll are on but 1-2 was also good, on my way to 3-5",어른연습생
9,Where did you watch it?,어른연습생
10,JUST WATCH 3-5 EPISODES! My god this couple is perfect! I want to see whole drama with them!,어른연습생
11,"Trust me just watch Ep 3-5 for Nam Ho and Yura!!! No wonder their story is set in middle of 2 other stories, they are literally the main highlight of this drama! Their's is definitely the hottest and more intense out of the 3 couples~ If anyone is really bored, you can watch the remaining 2 couples after watching Ep 3-5, but let me warn first you may experience anti-climax if you watch Nam Ho and Yura's story first...Really enjoyed the entire 3 episodes and I would actually hope the drama just focus on them rather than just a short story. Really hilarious and steamy and I really didn't expect them making the kissing scenes out to this extend! Literally I had my grin on for the entire 3 episodes, NOT ONCE did I felt bored about the plot!",어른연습생
12,Save your time and watch 3-5 episodes. 2nd couple was the best they deserve their own Romance 16 epi drama. Namho is so hot i really want to see him more,어른연습생
13,"Cute watch :)IMO if i'll rank the 3 dramas it will be the 2nd drama, 3rd and the 1st one. It's much better if you'll watch the 3 dramas ;)",어른연습생
14,"Yea, I don't know... The second couple was the best tbh.The first story was funny and in the last one they didn't even go out in the end. 8/10 because of the second story, but I still recommend the other ones.And don't you dare say you didn't watch 6/7 because of the chubby girl! It was a cute story!",어른연습생
15,"can someone tell me why they didn't like 6/7, im watching 6 now and i wanna know if i'll be a waste of time to watch the rest of it ?",어른연습생
16,"I didnt watch it too, i dont know why 😂",어른연습생
17,"Too short to give characters some depth, but the second couple could have a whole drama of their own. Still, it's enjoyable",어른연습생
18,Yeah 2nd story was better.,어른연습생
19,"I didn't like this drama. It was very cheese and maybe this drama would be suitable to kdrama beginners and to people around their 20s. The acting was weird to me, stories weren't developed enough.  The 2nd couple was the most romantic one and in my opinion, that's why they are loved the most.",어른연습생
20,"I just want to score the second couple’s story. It was the only one worth my time. Lol. Plus, Namho is really hot. Hope to see him in mainstream dramas.",어른연습생
21,If anyone finds a drama similar to the second couple please let me know 🙂,어른연습생
22,I just watch it because i stumble in Kim Nam Ho abs on youtube :),어른연습생
23,"The 2nd  story was the best one, while the first and third were utter garbage. The first was cringe, but funny, while the third story was shit.  It grind my gears how her relationship ended up, like fat people don't deserve love or something. Plus her staying friends with him was BS. He said some pretty cold stuff about her, but never apologize. He literally just made it about him. I would've walked away from him, honestly. It tried to convey a message, but it failed. But I'm glad her blinders came off and she just wasn't seeing him for his pretty face anymore.",어른연습생
24,"I totally agree. It's so boring to have every story centered around the ""fat girl"" finding her self worth in the end instead of love. But she did like him for pretty superficial reasons which isn't much better then everyone judging her so I don't know if them being together would be that great either. Should have had a different guy show genuine interest in her.",어른연습생
25,I want to watch something. SO i will just watch ep 3-5 like the comments suggest.,어른연습생
26,"this is what I did. watched only 3-5, pretty good.",어른연습생
27,All the  rewatched values rely on 2nd couple!!!,어른연습생
28,"I watched for second couple only. I think from story pov, while it seems carry too many kdrama trope,they succeed make it feel like original (more to it below). And both of leads delivered everything on point. I don't think the act cringe at all. And the FL succeeded bring many emotions to her face. Many scenes made me laugh out loud (more to it below). And I like small detail the director put on the show, or how he/she directed the actors. They all looked natural. The classmates scenes reminds me of another masterpiece from Asian drama, nobuta wo produce. It gave me the same craziness vibe that I really love from teen drama. I agree with all comments here,they chemistry is on another level.",어른연습생
29,"The cliche was done beautifully. piggy back scene: instead making it cringe, they were keeping it real by making the boy looked very exhausted carrying weight. First kiss: instead making it like they were kissing in movie,they made the boy getting trouble holding the girl while kissing (it was so awkward) but maintaining the hot hot kiss above Korean standard. My favourite scenes must be the ""empty home"". I bursted out watching the ending of that scene.",어른연습생
30,"just watched episodes 3-5 (i took advice from u guys bcs i'm obedient girl) and their friendship slightly reminds me of DUFF (hollywood movie), the story really not our usual school drama and i really love when the ML stops going further in the end of ep.4. That action emphasized that consent doesn't has to be TALKED, but you can also SENSE if others dont feel comfortable abt it ,and it really needs to be taught to all men out there that there's limit in everything, when a girl agree to doin something, doesnt mean that she agree to do anything else(sorry for my rant, it just happened that i encountered less educated guy who thought nice women are easy)",어른연습생
31,"I decided to watch this in a different order. I watched it 1-2, then 6-7 and then ended it with 3-5. That way the stories get progressively better in my opinion. Still annoyed at the ending of episode 7, that story could've been so cute with a slightly different ending. But all that being said that doesn't matter because episodes 3-5 are brilliant.",어른연습생
32,one of the best friends-to-lovers,어른연습생
34,"I haven't watched everything yet I could easily say the 2nd couple is definitely the kind of couple that I want to see in a drama, the show is more realistic because of them and their chemistry is just- 🔥. I stan (G)I-dle and watched this for Miyeon but my attention was more in Yura and Namho, I want to see more of them together.",어른연습생
35,"first story is good but they should've added a little romance. second story is definitely my favorite, the carried the show.third story is confusing for me.",어른연습생
36,id probably rewatch the 2nd couple's part after some time again shjajs their chemistry was so good,어른연습생
37,"If TVING is only available in Korea, why bother with subtitles?...  And not making a kdrama available to watch globally at this day and age...",어른연습생
38,I LOVED the second coupls (3-5 episodes). They are so cute and lovely!,어른연습생
39,"Would've rated this 9.5 if it was only about the 2nd couple tho there were  clichés. I didn't expect those intimate moments in a high school drama like this as they're not even seen enough in any other kdramas with ""adults"" out there AND they were done well",어른연습생
40,"First story was really motivational n funny evn if its not good romantically. I want to know abt such club too. Second, of course the best, the couple should have a mini series of their own. Third was weak n unwatchable.",어른연습생
41,I enjoyed this as a whole and agree with the overall opinion that the second couple/story was the best. I liked the third story as well but why didn't the girl in that  'get' the guy? I understand it is a story about friendship but it would have been great to see fat girl get to experience the usual romantic machinations that girls that represent the crap beauty standards we have today.  She didn't have to be the 'friend'.,어른연습생
42,"But I actually loved that part the most. She realized she was wrong liking him for his face from the beginning. And I think it was gold that she said to him ""be careful cause u will fall for me"". That line was pure gold. Not the old fast love, but in steps.",어른연습생
43,Yeah I liked this aspect too.  It just that I see this often with romance stories with bigger women. It would be great if an actual romance is shown with them  and is seen as the norm.,어른연습생
44,@Corneliafudge01 You have a good point. Yes.. It would be nice,어른연습생
45,"The 1sr story was fine, the 2nd one was the best and the 3rd one didn't interest me much.So I would have rated the drama 7 or 7.5 but it got 8, all thanks to the 2nd one.",어른연습생
46,"Personally I don't think so. I actually loved more the 3d one. It was more realistic. Especially tha fact that they didnt end together. To be loved back isn't so easy. I loved 2nd story too because of her, she was really funny and down to earth. This drama wasn't a classic teenager story and to say adult..ohh it would be nice if adults would be so mature. But that's rare.",어른연습생
47,"I only liked the second story tbh, it was better acted and the characters were more interesting,a bit cringy for sure, but it's high-school love so ~ the other two stories were not bad but not as good, the whole drama is cliche, still it was nice.",어른연습생
48,I love the second coupleeee!!!!,어른연습생
49,Is That Ok If I Only Watch Second Leads Story ??,어른연습생
50,"Why wouldn't that be ok, just watch ep 3-4-5 ~~",어른연습생
51,@Yumi Then What About episode 1 2,어른연습생
52,"@ROCKY The stories are separated and divided on the 7 episodes, the first story is ep1-2, the second story is ep3-4-5 and the last story is ep6-7.So the second story that you want starts from the 3rd ep.",어른연습생
54,I really enjoyed this drama. It was different from the other web dramas that I've watched. I liked all the couples as they had their own stories and did really well with it. The first couple were very sweet together. All the crush thing was really good and giving butterflies ( its all butterflies when you have a crush). The proposal by creating a comic was was so romantic and sweet. The second couple had one of the best chemistry and were making me blush and smile a lot. This section of the story had much More comedy as well. The third couple was based on friendship and was good but not as good as the previous stories. The third was kind of cliche and the whole fat girl has to love herself frist trope and many scenes made me cringe. I like it but this story was very week. Overall it is a good drama.,어른연습생
55,I will acc never forgive the first episodes for ruining the sacred experience of moisturizing your hands and sharing the excess lotion w/ur friend,어른연습생
57,That second couple really stole the show. They were pretty good.,어른연습생
58,I loved this drama,어른연습생
59,"enjoyable cringe-fest, that's how I would describe it",어른연습생
60,"Hi, cant find online? Where to watch?",어른연습생
61,you can watch it herehttps://www4.dramacool.sk/drama-detail/adult-trainee,어른연습생
62,Am I the only one that thinks this is the Korean version of Sex Education?,어른연습생
63,Damn...Second couple really set the bar high for teen web dramas..,어른연습생
64,the ml of the 1st story reminds me of ok taecyeon . don't know why though,어른연습생
65,Same. I thought I was the only one😂,어른연습생
66,"The 1st story was ok for me...but the best part was the 2nd and 3rd story~ Ep 5 & ep 7 got me crying my eyes out TT.TT  2nd cpl was really sweet, i was expecting more but at least they got 3 eps yay! the 3rd story, i really empathies with na eun  TT.TT  but she was so brave!! You go girl!  and her imagination was pretty funny too xDD kinda wish there is a season 2, i need more after storyy!! anyone actually understands what the 3rd story ending meant?Side note,  i think Ji beom looks like Lee Jong suk @_@",어른연습생
67,i believe they really just became good friends right?,어른연습생
68,omg I totally agree! I also thought that he looked a lot like Lee Jongsuk hehe,어른연습생
69,I'm laughing so HARD. (pun intended),어른연습생
70,3 episodes for the 2nd couple is just not enough,어른연습생
71,And Nam ho was superrrr handsome.... And this every action was so hot..;),어른연습생
72,I literally started this drama because of the 2nd couple.. for Yu Ra & Nam Ho... Their chemistry was just on point... And those intimate scenes wasn't a bit awkward at all...!!!They should have a drama of their own🥺❤️,어른연습생
73,9.5/10 for Yu Ra and Nam Ho's story (2nd couple)Other couples were just so-so.,어른연습생
74,"Going through the comments, it looks like I am not alone  XD",어른연습생
75,short and sweet. I enjoyed all couples,어른연습생
76,"The chemistry between the female and male lead (2nd couple) is like sizzling good. The male lead is really handsome, good acting and soothing voice.",어른연습생
77,"Am i the only one who found the first arc hella funny. maybe because I'm a guy, I thought it was super funny and that the acting was well done",어른연습생
78,i liked it better than i thought i would . i was shocked when the first clip was of mus.****** ( i didn't expect it at all ) but then i liked it mostly because of the ml's acting ig . cause the topic is kinda sensitive ( for me maybe ) so if the acting was bad/awkward it could've looked weird .also this being a web drama the quality of the drama was very good . cause most of the webdramas r cheaply produced ( and i have watched many web dramas )tmi : i am a girl,어른연습생
79,"yeah no it definetly could be seemed as creepy. the only reason it wasnt was because of how the shot was directed and the acting, which made it seem more comedic.also I agree this webdrama was really nicely written. its had some great comedy, and had some great cast. esp in the second arc, the acting really shined",어른연습생
80,"Third couple wasn't really a couple as they didn't have the guts to make a story where the slightly overweight girl actually has an attractive love interest that likes her back. Even the imaginary kiss scenes were a cop out as they were filmed in such a way to not actually show much of anything. So in the end the so called message of how she didn't need a man to feel happy or complete, while certainly true, just felt like a weak way to end her story without actually having a girl with less than the ideal standard of k-beauty get to be a romantic lead.",어른연습생
81,I almost wish I could rate this drama's episodes separately. For me the first couple was meh. Second couple made the drama with their great chemistry and using one of my favorite tropes. I'll put my third story opinion in a spoiler.,어른연습생
83,Dude if my best friend ever dated my ex i would never be friends with her Coz y the hell would u do that coz it is a big NO in a friendship,어른연습생
84,let alone that 'so-called' bestfriend acts as if she did nothing wrong ughh i wanna punch her face,어른연습생
85,"IF IT AIN'T FOR BAN YU RA AND KIM NAM HO I WON'T GIVE IT 8/10. I ONLY LOVE THIS 2ND CP!!😭👍👍👍WHILE OTHER CPS, 0/10 SIGH",어른연습생
86,"I only liked the 2nd couple, can't they just make the whole show about them?",어른연습생
87,The first couple was nothing and it ended without them being together. The third couple was boring from the start and I lost interest and didn't continue with them.,어른연습생
89,@vousnemevoyez I loved the 2nd couple so much and it was too short,어른연습생
90,@Layhope In which episode the second couple appear,어른연습생
91,@SeVeNtEeN_LoVe Episode 3-6 I think,어른연습생
93,this was so good and refreshing! the acting was amazing for rookies!!,어른연습생
94,"I LOVED how each of the story ended differently and not just all couples getting together. Especially the last two becoming friends at the end, I liked that a lot.",어른연습생
95,"This was SO FUN, it was cute, funny, horny, and I enjoyed it a lot. First two episodes aka the first story I didn't enjoy as much as the others but still it was really great. I realy laughed out loud multiple times. If they make another season with more short stories I will definitelly watch it!",어른연습생
96,"should've named it HORNY trainee, it was so childish watched it only for Ryeoun",어른연습생
97,"Well, It's based on teenagers and their crush on opposite sex...",어른연습생
98,"They tried to make it PG13. ""Adult"" probably means horny lol, like saying ""Adult movie"" and knowing that it's going to be horny.",어른연습생
99,This is too cute. The Story in ep 3- 5 is my favorite.,어른연습생
100,couldn't agree more! they stole the whole show🤧 how i wish them to be main lead in another drama but it's kinda hard for kdrama hhhh,어른연습생
101,Enjoyed this,어른연습생
102,LOVED IT!!! REALISTIC AND CUTE!,어른연습생
103,"Damn I was reeling coz I thought Kang Joon looked a lot like Copter Panuwat, I mean I thought for a min that it was Copter but he's thai and ashhhhh IT WAS FREAKIN CONFUSINGGGG UFFFFF",어른연습생
104,10/10 for yura and namhos story. need a drama with them only. don't waste the chemistry and potential!!,어른연습생
105,Manifesting them for the remake of Goong!,어른연습생
106,"lmao🤣 it's hardly possible since Goong was one of legend kdramas that hit its peak in their era. PD nim must've selected senior actors to lead it. on the other hand, i do agree if they're paired again in another drama xx",어른연습생
108,"First one is actually reality. Stopping with masturbating and watching porn boosts your confidence, low self esteem and you become mentally healthier and happier. You should try if you are addicted.",어른연습생
109,The second couple was 🔥need a Full length drama !!!,어른연습생
110,"I AGREE, I got so into it and then it suddenly ended",어른연습생
111,"3 stories in a drama. Ep.1-2, I skip a lil bit, Ep.6-7 not even a peek. Ep.3-5 was the real drama condensed to a 3-eps. ^_^  #TheKissSceneWasSuperb! LOL. cute!",어른연습생
112,agreed! i skipped ep 1-2 and 6-7. only watched ep 3-5 lmao,어른연습생
113,THIS DRAMA STAYS ON MY MIND… am I really gonna rewatch it for the third time,어른연습생
114,Where to watch? Only mydramacool?,어른연습생
115,"Why is this so short. I live tje 2nd couple they are the only one who has a complete story. Nam ho was so hot, sexy and cool any dramas chinese or korean that looks like their story?",어른연습생
116,"uhmm not exactly same but it reminds me of kdrama ""weightlifting fairy kim bok joo"". FL and ML were always bickering🤣 and they came from bestfriend to lover as well🙃",어른연습생
117,"Just finished the first story and seriously why nobody is talking about it? It was hilarious and so cute! Honestly, I expected something dump and perhaps unwatchable, but I am so happy it wasn't the case. Perhaps it won't be the best story but still, it was hella cute and I was rooting for Jae Min all the way!",어른연습생
118,"The second couple's story was better than some of the dramas out there! It could be coz it was short and concise, but still it was too good!! They made a chiche story their own and so beautifully so!",어른연습생
119,I sweaaaar Kim Namhoo looks like that character from Penthouse his name slipped my mouth urrrgh,어른연습생
120,He reminds me of Park Bo-gum,어른연습생
122,I didn't watch penthouse but I guess you mean Logan,어른연습생
123,Yess!,어른연습생
124,Ryeowoon and the penthouse actor are together in Doctor Prisoner - not sure if they have many scenes together but I recommend that drama ^^,어른연습생
125,Will be looking it up thank you!!,어른연습생
126,From now on This is my favorite kdrama♡ 10/10☆,어른연습생
127,Can you please tell me who ended up with whom?,어른연습생
128,the drama revolving around different kinds of couples every few episodes.the characters who are more closer to each other in the poster that is shown are the couples.I hope this makes sense and helps you,어른연습생
129,@sourlatte Thank you so much,어른연습생
130,"in my drama list, pairs go in turns to cast.  Seo Jae min ♡ Park Ye Kyung;  Ban Yu Ra ♡ Kim Nam Ho;  Choi Kang Joon ♡ So Na Eun",어른연습생
131,"in my drama list, pairs go in turns to cast.  Seo Jae min ♡ Park Ye Kyung;  Ban Yu Ra ♡ Kim Nam Ho;  Choi Kang Joon ♡ So Na Eun",어른연습생
132,"in my drama list, pairs go in turns to cast.  Seo Jae min ♡ Park Ye Kyung;  Ban Yu Ra ♡ Kim Nam Ho;  Choi Kang Joon ♡ So Na Eun",어른연습생
133,I wanted to watch only the 2nd couples story. So what ep do they start from? Will I miss something if I won't watch it from the start?,어른연습생
134,"no, they're all different stories. start watching the third episode :)",어른연습생
135,3-5 that’s what I did too! Those 2 need a full drama to themselves,어른연습생
136,I wanted to watch only the 2nd couples story. So what ep do they start from? Will I miss something if I won't watch it from the start?,어른연습생
138,no uh wont miss coz its 3 diff stories,어른연습생
139,"Everyone here talking about how good is the last two stories. But for me, it's absolutely the first story! I think this is not a common subject. While the other stories are so predictable and I got boring.",어른연습생
140,I liked all three but the first one was hilarious.,어른연습생
141,This was very cute and fun to watch but I  wish that they added another ep where all the couples somehow interact in school.,어른연습생
142,This was actually better than expected..,어른연습생
143,I need season 2 of the second story PLEASE,어른연습생
144,Is this going to become available on official sites at all? I want to support it and dramacool gives me bugs,어른연습생
145,"song chae yun and jung chae yeon look very similar, I got them confused",어른연습생
146,"Just saw a YouTube vid about Yura and Nam Ho story, I am kinda disappointed that’s it’s only a few episodes😂",어른연습생
147,"Great drama! :) 2nd Couple Yoo Ra & Nam Ho. There is a behind the scenes of ""Adult Trainee"" video on TVING facebook page https://www.facebook.com/watch/?v=292972952755587&ref=sharing",어른연습생
148,thank you for the link! 💕,어른연습생
149,its a cute  & short 3 love stories of HS life but damn... the 2nd story ML Ryeoun is soooo hot... a combo of Park BoGum & Lee MinHo... damn hope to see him in more drama....,어른연습생
150,Yeah he looked like park bo gum and I also see some angst of soog joong ki. So hot,어른연습생
152,I would gladly watch this a 100 times just for Kim nam ho,어른연습생
153,I download EP's of dramas and it felt painful to delete the episodes where Kim Nam Ho is in,어른연습생
154,second story made me giggle so much and felt kind of nostalgic,어른연습생
155,"third story was also really good, needs a sequel",어른연습생
156,"2nd couple got me feelin' ""sana all"" vibes 😭😆",어른연습생
158,Manifesting that the second couple be the leads in Goong's remake 🙏,어른연습생
159,"I listened to the comments here and watched ep 3-5. Yeokshi~ a main couple’s chemistry can make or break a kdrama. There was absolutely nothing new/unique in this but still I laughed, I fell and then poof gone! Definitely need a full drama with these two.",어른연습생
160,"I really enjoyed this drama because it wasn't the usual unrealistic ""Korean high school students are so innocent and pure that even a kiss on the cheek is halfway sex for them""  I loved how open this was about how students in highschool of course experience lust and to want to experiment etc. My favourite couple was the one from the second story (which I liked)...however I really enjoyed the third story because I liked that in the end, the girl realized she didn't need validation from people that didn't care about her.",어른연습생
161,a great miniseries for reflection,어른연습생
162,"Beautiful people!  The ""spoiler"" button in the comments has a function for a reason... Thanks!",어른연습생
164,"I watched it for the 2nd couple but fell in love with other 2 too, really want  separate dramas for each story they did it well I loved all three stories. Hoping for Adult Trainee 2.",어른연습생
165,Does anyone know where the 7th ep is,어른연습생
166,Dramacool has it.,어른연습생
167,Thanks!,어른연습생
168,"at first i really wanted the third story to get a happy ending too, but eventually i realized a happy ending doesn't necessarily mean for two people to become a couple... This ending was even better than a sloppy unrealistic love story ! I loved this series.. I wish there was a season 2! the actors were all wonderful too",어른연습생
169,The comment should be in spoiler.,어른연습생
170,Where can I watch this I am from Europe and i can’t see what channel is bringing this,어른연습생
172,I need a 16 or 12 ep drama for ep 3-5 couple. Their chemistry is insane. I love them so much!,어른연습생
173,"The ""J."" plot in the third story went exactly the way I thought it would, and I was disappointed...  While I think lots of people started watching  for the second couple which seems to be the most talked about on social media, I did start watching for Kwon Young Eun (third story). I was an oversized depressed introvert girl in high school and even rarest were the stories with oversized female leads back then (6 years ago) so I still like watching them when I do find them (which is extremely rare in Asian drama).",어른연습생
174,"Clearly, I was sad she was the only one of the three girls of the three stories who didn't have someone with a crush on her. She's sooo pretty, she's super kind and she plays the guitar, I'd have given her notes and perfume.  First girl said they'll date in college and second girl got the boy. But Na-eun didn't... They ended both being misunderstanding...? Also her friend?? Calling her by the name her bullies call her + constanty telling Na-eun that none of the two most popular guys would be interested in her, not even in her dreams ? What the hell? No one ever question, correct or try to stop her bullies.  I really hoped she'd also get a sweet romance... Don't get me wrong, I understand the ending, the fact she doesn't need love to be happy and all, but I'm judging from what I wanted for the story, only. :)",어른연습생
175,"I agree with everything you said especially abt her friend... At the end when she said she realized she actually have someone by her side, I was shaking my head bcs her so called friend literally indirectly body shamed her almost everyday, then even her brother always ridicule her for her weight... At the scene when she finally got revenge with the bullies I literally cried bcs she was so happy only for people to turn their back on her again, just bcs she's larger. I really feel like hugging her at that part so badly. I know that's somehow the realistic portrayal of our sick society but in this drama at least, they should've given her a happy, better ending (and I don't even feel like her getting with Kang Joon as a happy ending too bcs I hate him after what he said abt Na Eun). Honestly I dont even know what kind of ending would have been better but at least one where people realize she's just as pretty and charming no matter her weight, bcs honestly thru out watching I can't get over how gorgeous and pretty she is especially on the music video part, she is literally stunning!",어른연습생
178,@Kayangan Exactly my thought!!,어른연습생
179,second story (ep 3-5) was the best. I wish it was longer but I am still satisfied. their chemistry was insane!,어른연습생
180,second story is unmatched but third was also super fun,어른연습생
182,Watched bc of 2nd  couple but fell in love with the 3rd one even tho I expected a different ending,어른연습생
183,I've seen some videos of the second story on tiktok that made me decide to watch this. Just finished watching episode 3-5 and it was sooooooo good! How can it be so short?? I want to see more of them!!! They made me smile and kilig! 😂I tried watching the first half of episode 1 and decided to skip it 😬 🙅Should I watch the 3rd couple?,어른연습생
184,"I liked the 3rd story better than the first one, so I'd recommend giving it a try :)",어른연습생
185,"Eps 1 -2 is a little bit ..erm 🔞 and little bit of mature? but eps 3-7  is swear... Is the most cute🥺and romantic😍. Need Season 2🔜 ..For ur information Every 2 Eps is different story,They had a romantic,Slice of life, friend to lover and etc. If u don't like story in eps 1, u can skip to eps 3. U gonna luv it❤✌",어른연습생
186,I initially watched the drama for miyeon but im now in love with the two other couples😭,어른연습생
187,Love finishing shows in four hours lol. Gave this a final rating if 7.5 would be higher if more couples were actually together like I’m low-key annoyed but it was still cute,어른연습생
188,I absolutely love the 2nd and 3rd couple stories. Anyone can recommend me others drama like the 2nd couple please!! 😭 their story deserves a 16 ep drama lol,어른연습생
189,Same thooo😍 i need more of their chemistery together🥺,어른연습생
190,"the second couple lowkey reminded me of ""so i married an anti-fan""",어른연습생
191,I’ve read the WEBTOON and I tried to watch both drama versions of “so I married an anti fan” and I don’t know why I didn’t like neither of them! The 2nd couple chemistry reminded me more of  “my secret romance” if you haven’t seen it yet you should definitely give it a try ❤️,어른연습생
192,omg third couple and the friendship thing is so beautiful,어른연습생
193,"Just started this and what the HELL is going on in the first minute of episode one?? I am crying , literally fell off my bed I wasn’t expecting that😂😂",어른연습생
194,I thought SK was conservative how did they get away with him masturbating to start off the show?? oh my god I can’t stop laughing WHATTSJDJDH😭 is this a webdrama ?,어른연습생
195,Omgg the whole first episode is wild😭 I’m shook I already gave this an eight rating lol,어른연습생
196,@Baddiestalli U should watch eps 3...It's another story.,어른연습생
197,@wubbawubba1602 Yeah i finished the whole thing in like four hours lol ep 3-5 was my fave,어른연습생
198,"watched only the second couple and omg they were soooo cuteee!!! it feels like a wattpad story but i still couldn't help but giggle at them. it's the right amount of second hand embarrassment, right amount of tension, and right amount of heart fluttering scenes. wish their story was longer! and i hope they work tgt again",어른연습생
199,"The first couple made me laugh, the second couple made me thirsty, the third couple made me cry. All of these in one drama. And seriously I need more Ryeoun  with that kind of character. Can someone recommend a drama similar to that of the second couple (ep 3,4,5)? I totaly need something that's both cute and hot.",어른연습생
200,The second couple was so cute.the second lead killed me with his super hot body and his cute smile.i want more from that boy please.,어른연습생
201,"omg ryeoun was so hot here . His charisma, his serious face, his manly voice, and his tanned skin not to mention the sizzling chemistry bye",어른연습생
202,Omg .I'm hooked to him too .he's so sexy .I agree .I want to watch more of his dramas as leads,어른연습생
203,3rd couple is so cute and the ending made me cry <3,어른연습생
204,from which ep the story of 2nd leads will start?,어른연습생
205,you mean the 2nd couple's story? they start at ep 3! and the 3rd couple is at ep 6,어른연습생
208,"Jin Beom, but the gift was originally for Kang Go Eun, his actual crush, who swapped the presents around and gave it to So Na Eun as a joke",어른연습생
210,Need season 2...so many more stories to explore,어른연습생
211,"Were there some cut scenes ? Bcs I watched Yura and Namho story, and I feel like it was missing a lot of the scenes I saw on yt",어른연습생
212,"Yea you probably had a lot of scenes cut out thru whoever posted it on Youtube, u can watch it on dramacool online right? And then u can compare what scenes might look cut out for you bcs I don't think a lot of scenes were cut",어른연습생
213,"nah I mean, I already watched it on dramacool, but then I watched edits on yt and there were scenes taht weren't in the drama. Like the kiss where he carried her, the piggy-ride, the bed kiss etc etc. All the scenes where she had her stripped top weren't on dramacool, it was strange!",어른연습생
214,@Rina_a365 thats weird. try watching on myasiantv maybe. you should definitely watch the full version those were the best scenes..,어른연습생
215,@lilcub okay thanks!,어른연습생
216,The second couple had perfect chemistry. Their scenes were too hot. Need a spinoff asap,어른연습생
217,I SOOO AGREE WITH U ISTG THE SECOND ONE WAS PROBABLY ONE OF THE CUTEST LOVE STORIES IN THE SHOW,어른연습생
218,Liked this drama more than i thought i would 😍,어른연습생
219,The 2nd couple is just so adorable ❤🤗,어른연습생
220,If anyone find ep 7 with eng sub plz lemme know 🥺🥺,어른연습생
223,does anyone know where to watch the last ep eng subbed?,어른연습생
225,Thank u  alot!,어른연습생
226,i can't find ep 7 eng sub :((,어른연습생
228,I love how everyone mutually wants a full length drama for second story couple,어른연습생
230,second story made me nuts cause I was blushing too hard but wish they wrapped it up better (I'll just assume the ML completely changed his attitude towards her at the end cause he's just a dumbass lol),어른연습생
231,The 2nd couple PLS I NEED A SEPARATE DRAMA ABOUT THEM,어른연습생
233,oh god please let the third story have a happy ending too... they are adorable(´∩｡• ᵕ •｡∩`),어른연습생
234,this series is a masterpiece!!! it's rare for a teenage drama to be able to make a 25-year-old relate to the stories to the point of being a laughing and blushing mess... but this one actually did that to me!  I LOVE ALL THE STORIES :),어른연습생
235,Ping me when somebody gets ep 7 subbed til then im not watching last 2 eps .,어른연습생
236,Im also waiting for ep 7 :(,어른연습생
238,Thank you,어른연습생
239,"cute, funny and i think kinda relatable. I personally loved 3,4,5 episode and liked that we got a wlw character :) Btw. Laughed so much XD",어른연습생
240,"Ep 3, 4 and 5 the best !",어른연습생
241,oh godd....hilarious indeed...but why is it so underrated?,어른연습생
242,laughed a lot while watching this. so cute!,어른연습생
243,I thought this would be another basic high school web series but it’s surprisingly good & pretty funny!,어른연습생
244,did anyone ever find eng subs for ep 7? if so pls let me know :),어른연습생
245,Pls me too!,어른연습생
247,I was just scrolling through the comments hiping somone found it😭 I just binged the rest of the eps but can't find subs for the last one.,어른연습생
248,Yea.. me too!!😩,어른연습생
249,Let me know tooo😭😭😭😭😭,어른연습생
250,"Me too please , I've wanting to watch :(",어른연습생
252,Kim Min Ki is so cute!,어른연습생
253,"This was hilarious! I started watching for the second storyline, because I saw a FMV about them on YouTube. But in the end I liked the first and third storylines the most, they made me laugh like crazy.",어른연습생
254,could you possibly tell me where youve watched ep 7 😭😭,어른연습생
255,"I do speak Korean, so I watched it raw on Dramacool",어른연습생
257,"@Vidushi Sharma Nothing to do with luck, I learned it for four years so I would be able to watch dramas without subtitles. 😁",어른연습생
260,@Fala Wow did u learn korean on ur own?,어른연습생
261,"@Vidushi Sharma No, I took classes at university. But I do seem to have a knack for languages. I generally enjoy learning new ones.",어른연습생
262,"@Fala That's amazing. My uni. Does not provide extra language course fr korean😭. So, I started on my own lol",어른연습생
263,@Fala can you add subtitles for the rest of us then? I think on some websites someone can add subtitles,어른연습생
264,"oh my, i'm currently watching ep 6 and i wow, Minki is so sweet :(",어른연습생
265,I want to see ryeoun and yoo jung together in a drama!!,어른연습생
266,can i maybe ask where youve watched ep 7?,어른연습생
269,"MORE couple #2 pleeeease. Baby PBG, PBG Jr., OMG, I am over here.  Please send help.........",어른연습생
270,Not only the concept this drama is so so funny tooooo omg needed more of this drama and specially second couple .,어른연습생
271,"I never expected a korean drama to be as such . I am truly happy to see kdramas going  all free and showing us such things as masturbation , weird feelings about your male friend , having all those intimate thoughts with your crush and even changing the way that how  teenagers take those changes in life. cause those are all normal and happens with everyone . This one is truly amazing of a drama . I often miss out such gems cause i don't see much hype and go for the ones with shit story and expensive clothes . I cannot see the difference why people like the show cause of the female lead dressup or just the story ? however this one is something i tried and i am glad i did.  I hope i don't miss such dramas even after this .",어른연습생
272,"why are so few people talking about this drama? he's amazing, i'm in the third episode and i'm loving it",어른연습생
273,"the best friend of the third story is just straight up fatphobic and really mean what the heck?? it’s not funny at all for me, calling her fatty like her bullies do, telling her that kang joon is too much for her and she couldn’t even dream of it… or that she  gave herself the perfume… just say that you’re jealous and go… Na eun is waaaaay too niceand idk the scenes where she was getting bullied made me feel very uncomfortable, what’s with that funny background music??",어른연습생
274,I was thinking the same thing when I was watching it. I dont understand how she can claim to be her friend but she constantly keeps putting her down.,어른연습생
275,asdfghjkl the second story❣️ i want more of those 2 leads,어른연습생
277,Please tell me about ep7,어른연습생
279,"Out of all 3 stories, my heart is still stuck on second leads. They can make a great drama out of that storyline with same couple. Their top notch chemistry still gives me red blushie cheeks. ♡",어른연습생
280,"Sameee , I only watch them in an MV and I’m hooked …This might have been a fave if they made a longer drama for them <3",어른연습생
281,"Okay I'm all here for the third couple, they're adorable already and AH!! But I wish Korean and Asian dramas in general would stop using the whole being bullied and dieting cause their slightly bigger than other people thing.. Can't they just cast them and treat them like any other actor, why do they always have to be considered the fat person, I only ever see them in these roles :(",어른연습생
282,Honestly y i couldnt watch it finish.....the whole plot was around her weight,어른연습생
283,"i hate seeing them in these roles too, but its probably a more accurate representation of how even slightly bigger people are treated in asia and korea specifically. its not okay at all, but accurate about how image is important there",어른연습생
284,"yes that's true , but fat shaming is what actually happens and not only in korea but everywhere and i think the story of the whole drama is only to show how life goes around with teenagers of such so i think it was for the story .",어른연습생
289,the second couple chemistry is no joke !,어른연습생
290,I wonder why suddenly EPs 5-7 are not available. Almost makes me think it's on purpose because this show got really popular all of a sudden.,어른연습생
293,"was it just me, or did Ryeoun remind anyone else of  Park Bo Gum in this??",어른연습생
294,"Totally. He looks like a younger, buffed out PBG!",어른연습생
295,Anyone knows similar drama like 2nd couple. Conservative girl and hot guy?,어른연습생
296,YESS!!! I need this type of dramas too,어른연습생
297,This drama emerged out of nowhere and entertained me to bits with the 2nd couple's story (ep 3-5). Incredible chemistry between these leads. And the male lead is smoking hot. Holy cow. I want more.,어른연습생
300,Kissasian doesn't have subs yet,어른연습생
302,"@Blinghuba I checked, they haven't released eps 5, 6 & 7 with subs yet. Are you able to access them?",어른연습생
303,@yuukii Even i couldn't find any site with subs from ep 5. Can someone mention the site name which has subbed. Please!!,어른연습생
304,"@yuukii I just watched 5 & 6 today on Dramacool, check it again",어른연습생
305,Anyone knows who that actress from the second story is? The one who has highlights and 'son' tattoo.,어른연습생
306,i want to know too..but can't find her name...,어른연습생
307,Ikr she's not on the cast list too:(,어른연습생
308,looking for ep 5 with eng sub.. anyone?,어른연습생
309,"anyone who has seen ep 5 with eng sub.if yes, plzz provide the link..and if its cool we can share insta id like follow each other... bcome frnds. tlk abt dramas",어른연습생
310,Second story also pretty good!!,어른연습생
312,Ep5 wth eng sub please. I can;t wait anymore.,어른연습생
313,Can I skip the first 2 episodes?,어른연습생
314,"Yes, dont have any problem to understand the nexts couple story",어른연습생
315,tbh i skip it. too cheesy for me,어른연습생
316,loved the second story too,어른연습생
317,Their chemistry and scenes are insane.,어른연습생
318,The second story is very similar to real-time love web drama. Watch this if you're interested in friends to lover relationship.,어른연습생
319,the second couple story is really goood! i hope episode 4 ain't their last episode 'coz i enjoyed watching them together--plus ryeoun's charisma is too much to handle but i'm loving it!,어른연습생
320,"I honestly don't like the portrayal of masturbation in the first episode. It's not unhealthy to masturbate infact, it's super healthy to do it. I like honest and helpful information about sex education and that wasn't it, even if it was supposed to be a comedy",어른연습생
321,this!! i didnt like how they made it seem like youre a maniac for masturbating,어른연습생
322,masturbation is not unnhealthy but he was considered as an addict  and  for the record too much masturbation is not that good of a thing you can find so many drawbacks if u do a lil reaserch.,어른연습생
323,"he wasn't casually masturbating though, he was addicted. and the porn he was watching everyday was affecting him to the point he would sexualize women who were just minding their business in the world",어른연습생
324,Why is he so attractive like is it because of him getting buff?does he look like park bo gum i am talking about the second couple lead- Ryeoun,어른연습생
326,"Actually, he kind of reminds me of Tsao Yu Ning in Mysterious Love.",어른연습생
327,ohhh yeahh me 2,어른연습생
328,Second couple story is much much better than the first one! Lol it gave me butterflies ♡,어른연습생
329,The concept is hilarious.  Anyone who has been a teen could see how funny this could be.  High hopes.,어른연습생
330,The concept is hilarious.  Anyone who has been a teen could see how funny this could be.  High hopes.,어른연습생
331,It's basically the Korean equivalent of Sex Education tv show and it's honestly pretty good. I've been both cringing and laughing at the same time. It's about time dramas got a bit more real and less sensitive with this subject lol,어른연습생
332,there are 3 couples and 7 eps. so I think it'll be two eps for each couple and last ep of them together,어른연습생
333,"i guess every two episode focuses on a different story~ i wish i am wrong because i still want to see more of Jae min and Ye kyung, but it's still ok :)",어른연습생
334,i think you're right but we'll still see jae min and ye kyung as support roles,어른연습생
336,@M1U wdym lol? i didn't understand you.. I've only watched 2 eps so far too,어른연습생
337,"@foxyjo i mean, after 2 episodes , first 2 episodes leads doesnt came with support roles 😥",어른연습생
338,@M1U oh really... that's sad. i was looking forward to them in other eps :(,어른연습생
339,"The parts with the no mastubartion club are really funny (they seem like a cult lol).When one of the student try to give advice to Jae Min about how to confess...""him :By any chance, did you fart ? """"TheGuyPlayingAGirl : Oh my god...No !""him : Because you blew me away !""",어른연습생
340,"The parts with the no mastubartion club are really funny (they seem like a cult lol).When one of the student try to give advice to Jae Min about how to confess...""him :By any chance, did you fart ? """"TheGuyPlayingAGirl : Oh my god...No !""him : Because you blew me away !""",어른연습생
341,I think they got idea from tv series sex education? think it is great idea to make people more aware of teen years and the things that are happening not everything is smooth and innocent like in sweet kdramas,어른연습생
342,omg trueee that's what it is/..,어른연습생
343,something is wrong w/ the countdown because ep is already out.,어른연습생
344,Ok this show is pretty funny and original,어른연습생
345,"First 2 eps were actually pretty good, the acting isn't very cringey as well, very superficial.",어른연습생
346,just finished ep 1. I thought that the show was going to focus on the whole cast equally but it was like 65% jae-min and 35% ye-kyung. Hopefully we will get to see the other characters more from ep 2.,어른연습생
347,What is this NoNutNovember propaganda lmao Enjoying the series so far!,어른연습생
348,where did you find it online,어른연습생
350,@Celine thank you,어른연습생
351,Idk about the rest of the episodes since I haven't seen them yet but the first two were alright and pretty funny.,어른연습생
352,Ep 1 is so funny,어른연습생
353,where did you find it online,어른연습생
354,I use Dramanice :) here's the link https://dramanice.cx/drama/adult-trainee-detail,어른연습생
355,Any streaming platform for international viewers?,어른연습생
357,"me, looking at the poster, trying to figure out how she's supposed to be overweight...",어른연습생
358,At least it's her natural body and not a skinny actress in stuffed clothes,어른연습생
359,Isn't that guy at the front from racket boys?,어른연습생
360,Yes!!! He played Insol in Racket Boys and the brother of the FL in true beauty,어른연습생
361,I have to watch it then😁,어른연습생
362,"Yes, In true beauty he was the younger brother of the lead actress.😍😁",어른연습생
363,Press F for respect. I did not expect that. I really wanna see this one.,어른연습생
364,is miyeon rlly gonna have a role in this?,어른연습생
365,"With the current poster, I think so, she's going to be one of the main leads.",어른연습생
0,Honestly the second couple is what gave it a they carried the show and I would recommend to only watch their episode if you don t feel like watching my the whole drama The first couple was cute but I found them a bit boring and the masturbation addiction really threw me off as I didn t expect it to center the first episodes I liked that they openly mentioned how sex masturbation compared to some dramas where they hide away from it especially highschool ones I kept watching as I didn t know what to expect and was pleasantly surprised with the second couple This couple need to have their own drama the actors chemistry and looks really kept me hook on their episodes Their plot is good the fake dating trope was really well done and their end of story really wrapped up well Their kissing was so much better than some other couples in dramaland it wasn t cringy or awkward as you would expect from highschool dramas Like I already said if you don t want to watch the full drama episode are the much watch and you will not regret it If I ever rewatch the drama I would be likely to just go back to this couple as I already done twice already I was slightly disappointed with the rd couple I really didn t like how the plot surrounded the girl s weight especially the fact that in my opinion she ain t fat but more towards healthy Additionally I couldn t enjoy the rd couple to the fullest as the second couple really put the bar high and therefore it was hard for them to keep me as hooked The ending also left me slightly dissatisfied but overall this drama is a good watch The music didn t stick out to me so I won t talk about it as I got nothing to say Read More,어른연습생
1,The Woe And Joys Of Adolescence Teen and high school storylines are not an unfamiliar subject in South Korean popular culture with myriads of teen films productions and dramas being churned out every year en masse in South Korea However whilst many South Korean film and drama enthusiasts find themselves drawn again and again to these setups the typical depiction of squeaky clean high school life has left many enthusiasts torn about whether South Korean directors and producers should try to push the boat out towards a more realistic presentation of teens Adult Trainee can be found somewhere between daring and eye brow raising belonging in one of the notably categories of South Korean teen productions which attempts to market itself at an older age demographic as well as being raw and truthful This is certainly reflected within casting choices of rookie and lesser known actors as our main lineup However whilst this does create certain benefits for the storyline by respectfully a more mundane presence of the characters onscreen aside from the initially controversial casting decision of Miyeon certain line deliverances and scenes admittedly could differ within quality and performance Of course this isn t to critique the cast or bring down their talents as actors However it is crucial to point out to those expecting impeccable performances that you may be slightly disappointed by the final result The storyline itself is composed of three storylines and evidently three main couples Rising rookie actor Ryu Eui Hyun is the notable main character of the first few episodes as Seo Jae Min a high school boy addicted to sexual gratification and attempts abstinence in order to focus upon spending more time with his crush Yet before we could even delve more into the highs and lows of Jae Min s tale we are suddenly whisked away to another school and experience through notably conservative high schooler Yu Ra Jo Yoo Jung s exploration of casual relationships with a boy as well as our final story through the problem of single high schooler Na Eun Kwon Young Eun s first experiences of love and feeling self conscious about her body The seven episode miniseries wasted no time within diving into each storyline and their problems yet with a short time to cover these plot points and characters it should come as no surprise that these executed plot points and characters could often feel incomplete Admittedly Adult Trainee does interweave the subtext with some more risky issues of teen relationships However it often felt as though the show wasn t entirely sure which direction to go with these messages at times with more serious scenarios often being fixed by feelings romantic relationships or love rather than taking the screen time to focus upon character building or growth In the miniseries we rarely saw these opportunities to understand more about our main characters social and emotional interactions Admittedly Adult Trainee does interweave the subtext with some more risky issues of teen relationships However whilst these problems did touch upon some realistic issues for teens and helped to motivate plot angst Adult Trainee rarely took time to diverge from problems defining the characters More realistic teen issues such as relationships with friends or family likes dislikes and searching for personal identity were rarely touched upon and even our main characters often felt shoehorned into particular tropes such as the infatuated teenage boy the goody two shoes high schooler and the bullied girl rather than well defined or subversive approaches to the cliche archetypes In between the more heavy topics in Adult Trainee the miniseries does interweave the plot with notably more comical scenes The comedy is fairly lighthearted enough to generate perhaps a chuckle for audiences and necessary to take the weight entirely off certain issues but admittedly variable in quality from scenes and context The ending of the series acted as a deadlock for Adult Trainee enough to just briefly finish off some plot points of the final storyline but admittedly lacking in an over arching sense of fulfilment and satisfactory completion for audiences So this leaves the ultimate question is Adult Trainee actually worth watching Adult Trainee is a short miniseries which attempts to present itself as a more realistic depiction of teenagers Alongside comical scenes which may differ for audiences dependent on personal tastes Acting performances admittedly did vary from certain episodes and scenes but a possibly unfamiliar cast lineup for audiences will likely give the series some fresh appeal The more daring messages of the series whilst addressed admittedly did feel slightly downgraded and lacked an impactful punch As a consequence whilst the split narrative of the series for different episodes spiced up the storyline characters often fell flat due to little time for audiences to digest their personalities and growth onscreen by instead often being shoehorned into romantic setups Adult Trainee was the epitome of a binge watch drama to watch when you have nothing else to do not unwatchable and certainly entertaining within its different plots setups and heartwarming messages but admittedly lacking in more subtle character growth plot buildup and diverse as well as more relatable and realistic issues for teens Read More,어른연습생
2,a pleasantly relatable watch Kudos to this series for being straightforward when it comes to the uncomfortable but relatable topics it chose to tackle in it s short run Ofc more could have been explored but I am impressed with what I saw Korea can we have more types of these shows with these types of characters this was a pretty good show The show focuses on three teenagers experiencing different issues in life and figuring out how to get through them My personal favorite story was Jaemin s The bits with the online class he was taking had me laughing Not only was it relatable but I can totally picture a guy doing a no fap challenge to get a girl he likes Yu Ri s story hit close to home with me because it s kind of what I m going through currently in my life I m sure a lot of girls out there are waiting for a genuine guy with good intentions to come their way but instead end up feeling disappointed and used I ve yet to see the last episode but the ending to the first two stories are satisfactory I m glad to have finally found a show with teens who have realistic issues that are relevant to their age because you don t see that much in the kdrama world The acting is good too despite the no name cast except for Miyeon All the actors involved seemed to genuinely portray teens in an approachable way which was fantastic for the viewer If you re looking for something quick lighthearted and not too silly then this show is for you Read More,어른연습생
3,definitely a MUST watch not your typical webdrama i personally loved the rd couple more than the other two but all couples in one school and their stories are all really good too couple showcases a teenage guy and his journey to become a better person for his crush ep couple is about childhood best friends who makes a fake relationship deal ep while couple is about an overweight girl who always gets bullied and her popular guy crush ep though you might find it cliche it's really NOT i cried towards the ending and each couple's approach towards every situation is realistic as all leads are teenagers the ost too is so good as well you'll find yourself smiling alone before going to bed like an idiot because all couples has huge chemistry go ahead and give it a try Read More,어른연습생
4,Misguided educational program for Korean highschoolers This is basically unrelated short stories bundled up in a episodes long anthology Act You would think that a story that involves porn masturbation addiction would break kdrama convention but unfortunately that is not the case High school dating is still a no honestly the message that wetdreams are preferred over masturbation is just plain wrong Also the way how this almost relationship started is very male fantasy like and unrealistic Act This one is much better than Act but it's not amazing For starters it was supposed to be a friendship to lovers story but the friendship is barely shown it's not even for a lack of time since there was more than enough time to focus on naked upper bodies and such I don't even think it was that well acted out really the chemistry between the leads is not all that great either Also in one scene FL is worried about her mismatched underwear fastforward a few minutes she is not even willing to allow kissing come on now Act I'm not exactly sure what this is supposed to be about It felt aimless and strange to me I don't think this was worth watching at all Perhaps the main theme is bullying but it's not very impactful even if someone liked watching that kind of thing Read More,어른연습생
5,Good Enough Korean Drama Adult Trainee is a short drama that sets itself apart from the rest of short school dramas because it deals with more taboo ish issues especially the sexual awakening of the students However and even though the mood was light and fun the stories weren't equally enjoyable Admirably the second one was the best with a good couple that had chemistry along with an intense romance The first story on the other hand was cute but concluded rather awkwardly The third one had potential but the ending that was given to it could have been better Other than that the drama had nice performances and a good pace So overall out of Read More,어른연습생
6,This is strictly about Eps GO WATCH NOW I was hesitant to watch this show because A I do not normally watch web dramas and B I like committing to completing the dramas I watch I didn't want to skip around HOWEVER I just could not resist this drama it was everywhere on all my social media feeds so eventually I just gave in I tried watching episodes and but I could not get into the first story line and I had already spoiled the third story for myself out of excitement and it left me disappointed Taking all of this into account I decided to just check out the middle episodes to see what all the hype was about and I ended up thoroughly enjoying it What was so good about it Friends to couple done right The two main leads were soooo cute and likable and their transition into liking each other wasn't awkward or lacking in any way It was realistic in that unlike other school based dramas where anything over a rating of PG is never mentioned or acknowledged here it was embraced This drama approached these subjects in a hilarious and relatable way that I found charming rather than harsh or unpleasant I loved that there was no mean second lead female and instead the FL made a new friend that added much more to the story The FL held conservative views on the physicalities of being in a romantic relationship and stuck to her beliefs until the end I liked that she didn't change not that otherwise thinking is wrong but I like that she was confident enough to follow what she felt and go at her own pace it was a refreshing take KIM NAM HO so fine so charismatic and in the end so adorable What he said in the end to the FL's question had me screaming I felt like I had to rewatch everything again to re analyze their interactions The amount of times I replayed that single scene it was endless If you need a quick drama fix just want to kick back and embrace the quirks of hilarious high school love this is the one for you Its endearing and warrants more episodes I am sad that the story was only episodes long and not even its own singular drama I hope they make a remake with more episodes or something similar I also expect to see more main lead roles from both Yoon Hwan Kim Nam Ho and Jo Yoo Jung Ban Yu Ra The only slightly irritating thing that had a little redemption Ban Yu Ra FL 's bestfriend Kang Da Hyun was so irritatingly 'innocent ' tbh it felt like mostly an act What kind of friend does that But also Kang Da Hyun's pushy ness to double date and have the FL take pics of her kissing her ex boyfriend These situations made me want to claw at the screen I understand that everyone has the right to their happiness and like good for her for finding someone she loves but it was mostly at the expense of Ban Yu Ra I was so glad that FL took a break from her supposed BFF at the end and expressed how uncomfortable she felt I wish that KDH would have come to FL first and told her everything because her having to find that out on accident was probably more hurtful KDH would have been a good character and likable if it didn't feel like she was purposefully being naive and aggravatingly irreproachable Feel free to disagree all was written with respect and simply to express my opinions Read More,어른연습생
7,Really short This drama has stories so I think I should give the opinion of them separately I didn't like the first one at all I do think it shows something that happens nowadays but I didn't like how they showed it because there was almost no realism Everything was more like a comedy for me and a little bit strange so I don't feel like I enjoyed it The second story is the best I think that the romance between the two main characters is cute and in a short period of time there are few scenes that are really good I think it was good and I enjoyed it The last one has I believe a topic that needs more episodes because it is about discrimination I think that for the viewer to be able to connect with the character and that way understand them better That's why I couldn't kinda as I say connect with it but it was not that bad I consider it is cute and I liked the main girl character However the other characters were a little bit empty Principally the stories should have been a little bit longer Read More,어른연습생
8,Being a teen This web drama focuses on the struggles of some teenagers To be exact the whole series is divided into parts each of them last episodes but the last part is episodes My favourite couple was the second one I'm sure you've seen some teasers about the on tiktok or any other platform something about their chemistry makes them special I've watched this a while ago and to be honest I enjoyed it but if it could've had more episodes to each part I would have enjoyed it more But overall it's a good series Was this review helpful to you Yes No,어른연습생
9,Only watched Epi As my headline says I only watched the nd couple which was Episodes Many people were saying they are THE couple to watch so I didn t bother with the other episodes lol And they were right Their chemistry was sizzling and the storyline was pretty cliche Grew up together as neighbours he secretly liked her but didn t say anything Instead was constantly teasing her and acting all nonchalant Won t give too much spoilers Go watch it it s a great binge short watch with intense chemistry and some very funny scenes Hahaha Was this review helpful to you Yes No,어른연습생
10,This is just a rant about the last storyline I didn't watch the first couple the second was definitely the best but the third was deeply disappointing The closest I've witnessed in a Korean drama movie where the girl wasn't super thin and perfect and got the guy is Lovely Sam Soon and she's maybe lbs overweight wouldn't even be a thing in Western media the rest are all about people who get surgery to become beautiful or they end up alone but learn a valuable lesson about self love or whatever It's ridiculous Did I think she should date Kang Joon Not really given her endearment for him was mostly based on his looks Could she have ended up with someone else who liked her as she was Um yeah And she should have I don't know why they try to be inclusive while also giving girls who look like her the impression they're not deserving of a normal romantic storyline that isn't centered completely around accepting their weight like isn't trying to be so blatantly body positive but not giving characters like this the same endings as the others just saying people who aren't the beauty standard aren't normal but should love themselves anyway What message are you trying to get across by friendzoning these characters anyway because it's not representation Read More,어른연습생
11,The nd Couple To be honest I personally think the nd couple from Episode are the ones that deserve out attention If I gave such a good rating it s only because of this couple I just love their chemistry so much The female character s reactions are quite relatable very Gen Z but also very logical compared to over sensitive FLs I have passed high school age way long ago but she is still very relatable in the way she reacts to some situations at least her thoughts totally are I also like the way they fight and act around each other I have watched their particular episodes so many times already Read More,어른연습생
12,Definitely not something you'd expect in a regular drama Honestly my first reaction when I reads the synopsis for this drama was WTF Why Because I've watched tons of drama and they've never been this direct and on the nose before Especially one that is centered around high school kids Other than that I really love the drama cause it realistically speaks on what any hs kid goes through will go through Having passed through this myself and looking back as adult I can laugh because even though some of the stuff are exaggerated for comedic purposes like being able to see super long distance clearly when you quit masturbation for just a mere days lol I'm looking forward to this drama the acting is good line is interesting and the characters are fun Definitely will recommend Read More,어른연습생
13,This drama reminds my high school especially st and nd episodes hahaha this is not that addicted but we can watch once the stories were nice there is nothing to say rather than this Read More,어른연습생
14,second couple carried the show need them to have their own kdrama,어른연습생
15,i literally only watched episodes so this rating is also only for those episodes also PUT MY BESTIE RYEOUN IN EVERYTHING PLEASE HE NEEDS MORE LEAD ROLES,어른연습생
16,second couple was god tier fr,어른연습생
17,Pretend to Date For Days Ep Only,어른연습생
18,it s interesting to tell how our hormones go crazy in adolescence and when we are young but it lacked reality i m not talking about adult scenes but about maturity the couples had no love involved and it was poorly explained it was all so confusing and fast it s like barbie for virgin teen,어른연습생
19,the gay girl made this times better wish we saw more of her,어른연습생
20,Just watched Ep Gave all the butterflies I needed,어른연습생
21,I appreciate the purpose and therefore the rating,어른연습생
22,joy n my rank enemies to lovers the chubby girl history i can relate the wanker this could had been a s x education but they were afraid of success,어른연습생
23,Well if you want to kill and the last left brain cells in your head which are functionning properly enough than go ahead The second story in episodes through was the best It would be nice if I had seen more from that couple The other two were meeh It definitely wasn't my thing this webtoon or whatever it's called,어른연습생
24,ima b honest my rating is for episodes,어른연습생
25,fofo,어른연습생
26,one star for the second couple and the potential they had to be a very cute web drama AT LEAST half a star for ryeoun fine ass he looks like park bogum's hotter buffer cousin in this i cant breathe,어른연습생
27,eps were really cute Would ve liked them to have a longer storyline,어른연습생
28,only watched it was pretty damn good,어른연습생
29,so goddamn cute k drama anthology essentially but omg i was squealing kicking my feet blushing this was too much,어른연습생
30,park bo gum ready for mature role direk,어른연습생
31,episodes of only the second couple is not enough content to satisfy me,어른연습생
32,quick fun watch had no idea what to expect really I came for the nd story and while I enjoyed it I actually ended up liking the st rd stories even more watched,어른연습생
33,Korean Drama Adult Trainee is a short drama that sets itself apart from the rest of short school dramas because it deals with more taboo ish issues especially the sexual awakening of the students However and even though the mood was light and fun the stories weren't equally enjoyable Admirably the second one was the best with a good couple that had chemistry along with an intense romance The first story on the other hand was cute but concluded rather awkwardly The third one had potential but the ending that was given to it could have been better Other than that the drama had nice performances and a good pace So overall out of,어른연습생
34,Good Enough,어른연습생
