,reviews,title
0,very interesting drama ... full of cliff hanger at the ending of each episodes which makes you want more and more .,언더커버
1,Hows the action? Is it convincing?,언더커버
2,Is it good?,언더커버
3,is there any romance?,언더커버
4,they are married with 2 kids,언더커버
5,Is this really  that mediocre?I miss watching Ji Jin Hee in something really good.,언더커버
6,He's top notch in Designated Survivor: 100 days. I didn't like Undercover so much.,언더커버
7,"Have not watched it yet but reading the synopsis, the plot sounds like Flower of Evil 2.0 😏 Not so much but kinda.",언더커버
8,"I love it. Started it only because of Ji Jin Hee but Yeon Soo, Seung Goo, Seung Mi , the younger version of Jung Hyun and Yeon soo everyone was perfect . Couldn’t help but love all of them",언더커버
9,I hope  it shows up on Viki.,언더커버
10,"Such an amazing drama. I wonder why it wasn't aired outside Korea. Wish I could watch it on Viki, iQiyi or Netflix",언더커버
11,"Original undercover 2016 bbc  is 6ep x 1hour.How the hell they drag it  to 16 ep .  Hoping that they wont fckup. The k series.İ would watch the original but; it has little low rating( 6-7 ), İ dindt like the actors. Comments say that its complex. But will see about that.",언더커버
12,"Skipped alot of scenes pheshik scenes empty talks  , bad guy talk. Overdone family scenes . İ feel like original is much better than this. Stretch it to 16 ep . İt kills"" wonder whats gonna happen next "" feeling( suspense?)",언더커버
14,"It's a good drama. Watched it after someone mentioned about 'I Have a Lover', where these 2 leads were together before. Watching this really made it look like a continuation of their story. 2nd ML & FL (as younge versions) were a great pairing as well. Additionaly 2nd FL was really matched for the younger version of Yeon Soo. In the begining I couldn't tell them aprt when they were showing the past story. LOLRecommended! 8.5/ 10",언더커버
15,I just finished watching I Have a Lover (2015) and saw the two main leads just came out with this drama! I think this is a good follow up to that since I really liked their chemistry in that drama,언더커버
16,"Ji  Jin Hee has  great chemistry with every leading lady he's been paired with. Watch Misty, Second to Last Love, Dong Yi, Spotlight, Jewel in the Palace (Dae Jang  Geum).",언더커버
17,"done watching this series, i love it..one of my faves this year along with the taxi driver and vincenzo.",언더커버
18,love the cast,언더커버
19,Where is it aired legally outside Korea?,언더커버
20,Nowhere.,언더커버
21,One of the Best Drama of 2021 👍👍👍 I can't stop crying on each episodes. I also love the OST of this drama,언더커버
22,"Although my rating for this was lower than I thought it would be, nevertheless, I enjoyed the drama. From the action, emotionally impactful scenes, flashbacks, politics, history, and of course the chemistry between the leads. I was hyped for this drama because of Ji Jin Hee & Kim Hyun Joo's reunion and I was not disappointed. Their acting was as good as always, and I really loved the wholesome family moments we got in the drama. Now, I just want to mention though, there were a few things that bothered me when watching it. LSG's character was great in the beginning but then for some reason, his character got reduced to making bad decisions ALL the time. Seeing as he was the top agent back then in the NIS, it's really hard to believe that he became so naive and so trusting of others when everyone is trying to stab him in the back basically. Also, the story was lacking at certain points, draggy even to the point where I got bored of watching. Drama's aren't perfect, so it's natural that Undercover had it's flaws. But again, I really enjoyed watching Undercover, and I think they ended the drama really well.",언더커버
23,"Wanted to start watching it but I needed to ask, how much screentime do the past versions of the main leads get? I mainly want to watch this for Han Sun Hwa.",언더커버
24,Quite alot. It shows when they met till how they fell in love,언더커버
25,Thank you so much for replying!,언더커버
26,Can someone please let me know where I can watch this with Eng Subs? Tia.,언더커버
28,"I enjoyed this show but  something I can't wrap my head around was Suk Gyu mailing that package containing the USB stick to his wife at their own home, when he could have literally placed it in their mailbox himself lol! And then he was all shocked that it had already been intercepted by Young Geol who changed the recording",언더커버
29,"Loved the actors but end of episode 15,  pulling over to help someone when all that's happening at this point just points to lazy story telling.",언더커버
30,"It was a nice drama. However, I wanted it to be more than nice. Since, the storyline was portraying the shady sides of the early founding NIS and subsequently its dark progressions among the other governmental agencies… I wanted the drama to be explosive. Unfortunately for me, it did not reach that level.The villains’ retributions just fell short.*As always, Ji Jin Hee did a great portrayal. He is terrific at playing with whatever role they drop on his lap. As for Yeon Woo Jin, one of the most underrated Korean actor with phenomenal acting skills in the film industry… But somehow lacking major cinematographic projects. And as usual, Yeon Woo Jin always leaves us with the feeling of wanting to see more scenes from him.",언더커버
31,"I haven’t seen this drama yet, but I agree 100% with what you said about Yeon Woo Jin - he’s horribly underrated! He is so believable and seems to be able to tap into melancholy in such a quiet, subtle way. Wish we saw more of him.",언더커버
32,"I loved the original BBC tv show, and I loved this one.  I watched it in the following link with English subtitles:https://www.dramacool9.co/undercover-2021/",언더커버
33,"I'd describe this drama in few words...I looooved it..the story, the cast and OST 8.5/10",언더커버
34,it was an enjoyable watch. good direction and cinematography. I love that lake where MC meet multiple times through the series. cast performances were good too. OSTs/BGMs are nice. I agree that better writing could've taken it to another level. multiple writers for one series almost never works out  for better unless its an anthology :/,언더커버
35,Can I ask if the both leads have a good ending ?,언더커버
38,What was that thumbs up from Im Hyeong Rak at the end haha? loved the show btw.,언더커버
39,"Ikr lol, I thought something was gonna happen like he would suddenly try and stab Suk Gyu with a hidden sharp object or something, but nothing did, so it just looked weird haha",언더커버
40,How was the ending ? Is it a good ending for our leads ?,언더커버
41,yes it was.,언더커버
42,Good drama. Under the lonely sky - English version is awesome~,언더커버
43,"Of the three kdrama that based on western drama Suits, Designated Survivor and this Undercover. I would have to say Undercover is the weakest amongst the three. It is still watchable but the story is just flat all the way towards the end. It don't have high and low like the other 2 dramas. Seem like a waste for having 2 very experienced main leads and 1 very good bad guy actor but not very experience writers to know how to write a 16 episodes drama. The story few times like testing viewers braincell. Like those naive decisions by the main characters so that the drama can last 16 ep.  Story wise 6-7/10 and acting part 8.5/10.",언더커버
44,The Subbers are all gone Undercover ;-),언더커버
45,The subs for ep 15 is out,언더커버
46,Yes ! Thanks to subbers.. even if it's late subbed... i have no hate towards them...btw thanks for notifying about subs,언더커버
47,A very much recommended drama.,언더커버
48,"Dear lovely subbers, subs for last episodes!!!",언더커버
49,You get subs on Sunday and Monday at around 2pm GMT..,언더커버
50,I wanna watch this drama. Is this drama similar to Flower of Evil ?,언더커버
52,does it have a happy ending ????,언더커버
54,thanx,언더커버
55,Just started watching this series.. The first episode is a blast... It just jump starts into the Suspense and ends with a great cliffhanger..,언더커버
57,What rate do you give for this drama?,언더커버
58,One of the best drama which shows women empowerment in true sense.. Unlike all those dramas where the FL depend upon ML .. this FL is a self made star.. the husband is just a regular homemaker..,언더커버
59,"Out of 10, what number do you give?",언더커버
60,"@Cewhenryl I have rated it 10.. It has perfect balance of Marital Life, Suspense ..and Action... Some people might think the personal life scenes were just content addition, I think that they brought the character to life.Also the best thing about the drama is the background score. The same song plays in both happy and sad version... There is a scene where the FL breaks apart after realizing her husbands deceit.. but she picks herself up the very next day bcs she has to catch the criminals. That shows the strength of her character.",언더커버
61,if anyone is seeing this pls can you subscribe my channel it would be great help for mehttps://www.youtube.com/channel/UCyLuHC9XiuR4knee2Nbf3ug,언더커버
62,What year is it in the past?,언더커버
64,Damn i just realized this is the Sec time they act together as a Married Couple lol! Stand them!,언더커버
65,"I think it's their third collaboration: Ms. Kim's Million Dollar Quest (2004), I Have a Lover (2015), and this one. Wow! And it doesn't seem too common in K-Dramas to have the same leading actors.",언더커버
66,"I'm surprised that no one seems to be talking about how amazing the OST is for this drama, especially Where Are You by KATIE. The line ""My lie was perfect until it was not"" is just brilliant.",언더커버
67,The OST is amazing.. its just amazing.. Especially there is this one Korean Song. It talks about going together though the sadness or something like that.. I didn't understood the lyrics fully though.. is there a English translation available?,언더커버
68,"It pains me but this show if quite poorly written. We are told the characters are capable and smart, but all they do is making mistake after mistake - lack of working braincells is strong.",언더커버
69,"Im Hyeong Rak saying in episode 13, that he underestimated Suk Gyu, because he made a copy of the Widow's Cruse Project files... Sorry but this is not underestimating your opponent. This is having negative IQ. It's not like making a copy would be such a smart and challenging task that Hyeong Rak could not predict it. It's was obvious he would make one ""just in case"".",언더커버
70,"Hahaha I agree with you. It's baffling that they didn't assume a copy had indeed been made. Don't get me wrong, I am enjoying this show despite its flaws, but I definitely agree and admit that the writing is questionable at best.",언더커버
72,"I think this was justifiable..  Bcs the ML didn't use the file again... It was a such a big evidence. If he had made a copy, he could have handed it over to his wife at any time after removing his name after she joined the Anti-corruption agency or use it to blackmail him... However our ML just kept it in a dark place.",언더커버
73,@Yogesh Jain,언더커버
75,@Yogesh Jain,언더커버
76,@Kate That's what I am trying to say.. He didn't became director with his Intelligence but with his ruthlessness... He was a part of the group but he killed his members and became the head... ensuring his chair.  Also smart people can stupid mistakes.. We see it happen all the time in real life.. I mean thats how people get scammed online..,언더커버
77,"This can actually be a blockbuster drama with 2 very experienced actors if the writer didn't try to script the 2 main characters become weak only for this drama to last 16eps. Until ep.14 their progress of exposing those bad guys literally still 0%. Almost all of them able to escape infront of them. Jung Hyun is like a headless chicken trying to help here & there but outcome still not much helping and instead of helping, he getting himself into more trouble. Its not a bad drama but the story development could be better and faster pace.",언더커버
78,"It shows the real struggle dude..  Try to put a person in the Govt behind the bars.. not just the person.. even his family member... . So them making 0 progress kind of makes sense.. every time they reach a new evidence, the enemy destroys it..  Also I think they started investigating him only around Ep 9/10... bcs the first half is all about the nomination to the post..",언더커버
79,"Yeon Soo said, its not a threat, I'm declaring war. So incredibly awesome, KHJ is the best. Oh gosh, this drama, I can't wait.",언더커버
80,"Heo Joon Ho is like the korean version of William DaFoe, just has the face of a bad guy. He's so good to cast as the antagonist!",언더커버
82,He is a legitimately scary character! I need to see him play a soft cuddly role one day - I've only seen him play crazy nasty people.,언더커버
83,"You can try watching Missing the Other Side! He's playing non-villain character there :) (more like, sad character :"")",언더커버
84,@Michalv Thanks for the recommendation!,언더커버
85,He was pretty good in 'Come and Hug Me'. Him and the reporter actress were standout performers in that series.,언더커버
86,He was phenomenal in Come and Hug Me but he was freaking terrifying as a character.,언더커버
87,"Song Young Kyu also plays lots of smarmy bastards, (this one is no exception) and so I need to see him in something where he's the nice guy or he'll be forever typecast in my mind.",언더커버
88,This is so underrated.  I still don't get it why this has lower ratings than a lot of the ongoing and recently finished dramas.   It gets more exciting after each episode.  There was never a dull moment.  I can't wait for ep13 and ep14 to be subbed.,언더커버
89,Oh gosh...when I saw who the main male lead was I decided to give this one a pass. His facial expression truly irked me in Designated Survivor. This is the second drama that have the categories that I like that I had to pass on due to the main male lead having that one glued expression on their face.,언더커버
90,ok cool,언더커버
91,"Your call, but you're really missing out. This drama is phenomenal so far and the leads are fantastic.",언더커버
92,I know. I'm torturing myself. I also avoid dramas that have that horrible cliche Disney vibe to it. I've missed out on a lot and I also dropped a few. I just dropped Ghost b/c the main lead had one glued expression on his face that annoyed me. Plus the plot was stupid.,언더커버
93,"@dvadout Like I said, it's your call to watch you want to watch, but this drama has none of the cliches you just mentioned in it and the acting is first-rate.",언더커버
94,@dvadout This drama is just fantastic.. It is all about family. Its all about the ML trying to save his family from the harm...He is not trying to save the country and put the people of corruption behind bars.. he is out there with just one objective... I won't let my family come to any harm even at the price of my life.,언더커버
95,"Just waiting for the latest episode but I wonder if his kids will ever find out, or at least his daughter. Would be weird atmosphere if only the wife knew and kept it from the kids..",언더커버
96,"Ji Jin Hee is a fav, but my god his character is becoming unbearable. Replace him with a literal cyborg programed to only guard the FL and the results are still the same.",언더커버
97,"Gosh, there's something to what you wrote. He's kinda like that, true.",언더커버
98,"Doesn't make sense when his younger version showed so much more emotions! Plus, he spent so many years with his lively wife and making such a positive family... yet he turned into a bigger emotionless robot.Granted, he made me emotional when he mourned for his father's passing. So, his acting is good but how his character being written is le sigh... :(",언더커버
99,"The whole song and dance around the husband and wife is a bit tiring when they should be working together to bring down the corrupt NIS. I like the leads but think waiting for them to finally get on board together is to late for this series to be a masterpiece, so instead it's a solid 7 out 10",언더커버
100,"Jung Hyun should've told the truth to Yeon Soo himself but I can somewhat understand where he's coming from. Anyone who has lied for so long would find trouble coming clean. 29 years is a really long time + there are 2 more people, besides his spouse, who he doesn't wants to disappoint.",언더커버
101,"Dying waiting for ep 12 sub here, I've been refreshing the page like crazy, even watching it raw had me sobbing like for real it hurts so good if you know what I mean! TT",언더커버
102,E12 subs has been out since monday though.,언더커버
103,"A bit confused, who's Park Do Shik again?",언더커버
104,the guy framed for killing kim tae yeol,언더커버
105,a runaway from NK who was asked to take the fall for murder of Kim Tae Yeol (student activist leader) by NIS executive director Im Hyeong Rak. He was killed in the motel room and Jung Hyun was caught by patrol cops as suspect.,언더커버
106,This drama is too tense for me guys. I'm so scared for the main leads. I hate the bad guys I hope they will all rot in hell.,언더커버
107,Jung Man Shik excellent performance!,언더커버
108,Dayum the cast is loaded.. I'm adding this to my list,언더커버
109,Does anyone know which part of the spectrum does the son falls under?,언더커버
110,"Autism?, I think they've mentioned it in the drama",언더커버
111,Why i felt like the more Han Jung Hyun trying to help his wife Yeon Soo the more trouble it become ><,언더커버
112,His greatest help would be doing nothing!,언더커버
113,lol. although his greatest help would be telling the entire truth to Yeon Soo and help her out with the investigation of NIS director.,언더커버
114,"the table scene at aunties bar when kim tae yeol had asked lee suk gyu questions. at that point, i somewhat think he already assumed he had a front to a certain degree (this is also not taking into account their previous interactions). obviously, any individual leading a protest or a revolution would resort to such questioning as standard protocol to avoid agent provocateurs or informants within their own circle.",언더커버
116,does it have romance in it ? since they're married and all,언더커버
117,"they showed how they fall in love, and they are still much in love...so, I think that's the romantic part",언더커버
118,THANK YOU,언더커버
119,"wow, it's amazing how the story has gotten better in the last few episodes",언더커버
120,Yeon Soo was such a badass facing off with those prosecutors outside. I'm officially a fan <3.,언더커버
121,"It's sad how there isn't any hype for this drama when it's this good, my fav airing drama atm.",언더커버
122,Should I start it?,언더커버
123,"I'd say yes, haha, it's worth the try to say the least. I'm totally engrossed with it since my country has similiar cases with the CIO  (Corruption Investigation Unit) stuffs so it's interesting to see. That & I'm really rooting for the main couple to work together to kick some asses although given their background, there's some major things they need to do before it can actually happen.",언더커버
124,Where can i watch this thanks,언더커버
127,Is it me only who wants drama to be over then binge watch!comment section is so silent that dont justify for this amazing drama.,언더커버
128,So far it's gold. It's super tense. I'm so afraid that something bad might happen to the main leads that I have to really prepare myself before watching every new ep. 10/10 so far from me.,언더커버
129,"This drama is SO GOOD so far!! Thank you to the subbers, you're doing the Lord's work. :-) And no, this isn't Flower of Evil, so don't even ask. But yes, this is a remake of a UK show that was extremely popular and extremely well-done. The changes to this drama for culture and language have only strengthened it and I hope that more people get to watch it in the future. We never know the reasons why some shows get picked up by major streaming sites and some don't - I'm sure a lot goes on behind the scenes with copyright and streaming rights, etc. (And as a Japanese drama fan, we actually have a lot more to complain about than folks who only watch K-dramas, which are streamed on a lot of sites and subbed relatively quickly. Sometimes it feels like the search for the Holy Grail to find the J-dorama you want to see and you might have to literally wait for years for it to get subbed.)",언더커버
130,"I usually ask this question for jdramas but... Where can I get the raws for this drama, any idea?",언더커버
132,dramacool has raws for this,언더커버
133,"I want to thank you to all the subers, whoever is providing subs for this series as despite this series being a challenge I know it is difficult. So thank you once again whoever you are !!!",언더커버
134,Episode 7 is out on Subcene. Sorry for the long wait.,언더커버
135,Episode 8 is out on Subscene!,언더커버
137,"First If you are doing subs on any website, you don't have to be sorry, at all. We are not paying you, and you don't owe s anything. So please don't say sorry.",언더커버
138,Where can I get the raws for this drama? The video to use the subs with?,언더커버
139,I recommend http://dramaday.net/,언더커버
140,why are the subs taking so long?,언더커버
141,"this drama is so good and I really do think the actor who plays Han Seung Woo did so well in this, of course having a person with the spectrum do the role would have been a better representation but it will have to suffice for now",언더커버
142,"I can't wait to binge this once it is fully out.. There are 3 such series on my list..  they are releasing all the good dramas together..  Doom at your Service, So I married an Anti Fan and Undercover..... all 3 within a gap of 1 week..",언더커버
143,I really have this feeling that Kim Tae Yool is actually alive!! and he is Chu Dong Woo in present time...I know the names are different but its the same for our ML too! I really can see Kim Young Dae Adulthood in Choi Dae Chul... Lol,언더커버
144,The eps 8 trailer seem like wow..,언더커버
145,The sideplots tie in well with the main one. lol ML is looking older each ep with all the stress and anxiety.,언더커버
146,"Yup! HJH has been busy while being a stay at home dad lol...picking up package while avoiding being caught by police, tailing/avoiding/fighting NIS agents, investigating a junkie burned agent, rescuing a kidnapped former North Korean defector on a motorcycle…dang! I’m getting stressed at the edge of my seat while watching him pull these jobs then slip back into the house to cook a meal. That's aging him lol....",언더커버
147,lol he's already got a lot on his plate and now he gotta worry by someone who'll stay by his wife's side for like 10-12 hrs.,언더커버
148,Finally it is getting some pace. Putting Do Young Geol close to Choi Yeon Soo make the drama more interesting. Heo Joon Ho is always good in villain character. His expression really scary just by looking at him.,언더커버
149,"He's my fav villain--there's a certain charm or charisma about him.  Even while being ""bad"" he thinks he's being patriotic. Another villain who has similar vibe is Lee Hae Young(Gochuga) in RWTMR.",언더커버
150,"So true about Heo Joon Ho, his image here doesn't do him justice at all,  I mean he doesn't look sacry in this one....lol",언더커버
151,The latest Eng subtitle is available on Subscene. Hope will be on Netflix soon!,언더커버
154,"Hi TTEOKBOKKIsubs here, the one who's currently working on the subs for this drama. E06 is already out as I speak.",언더커버
155,Thank you for your hard work,언더커버
156,Thank you!! really appreciated it alot ❤❤❤,언더커버
157,Still no sub for eps 6?,언더커버
159,"I try to download subsene, but the subtitles never match the time on the video. Anyone know how to fix it?",언더커버
160,"Depends on the app you use to watch it, you may sync it with the show. What do you use?",언더커버
161,"I usually use VLC, I tried quicktime and itunes to see if they work. I can only open the subs on VLC but the timing is wrong",언더커버
162,"@sonya I'm not very experienced with VLC but  if you watch with your phone, I think you can go to speech balloon and adjust time there.  In case you need more guidance go here: https://www.google.com/amp/s/gadgets.ndtv.com/how-to/features/vlc-subtitle-sync-mac-pc-player-macbook-mobile-automatically-keyboard-shortcut-using-iphone-how-to-2060342%3famp=1&akamai-rum=off",언더커버
163,"@sonya you can fix the sub timing by clicking the ""tools"" button on the ribbon and then 2nd option ""track synchronization""",언더커버
164,"I was hoping I could wake up this morning and watch ep 5 before work started... but nope, still no subs :(",언더커버
165,Just think of it as a Sunday-Monday show instead of Friday-Saturday. Subs are probably going to keep being slow given how things are set up with this show's distribution rights.,언더커버
166,"That's because it's currently aired on K-Plus Asia cable channel which it airs every Saturday-Sunday. My K-Plus Asia source gives me the copy every Sunday-Monday then doing the work (fixing stuff, QC , etc) then upload. Hope you understand if it's a bit slower than the usual though.",언더커버
167,"Things SK industry has been doing that annoys me ,Let's start making 2 seasons for some shows and now let's make a remake of an English series . --_--Guys I watch your content for originality !",언더커버
168,is it bad though,언더커버
169,"I agree and disagree. I too like K-dramas for being 1 season complete story and not 10 seasons ongoing with lots of unnecessary plot twists and changes. But remakes are good. If remakes are bad you can just skip it. Remakes can also be used for comparison of how the drama industry is evolving what needs change and how to compete with the better western series. And about more than one season, some dramas (very few though) have such good and vast stories (Sweet home, Arthdal Chronicles) with lots of time and money invested into production they need a preliminary season to raise funds as well as to perceive the market popularity for further production.Just take it as evolution with some devolution as sacrifice",언더커버
170,"There are some of us that actually really like when some shows get the space to continue telling the story they're telling.  I am very eagerly awaiting more Alice in Borderland and I was thrilled beyond belief to get another season of Stranger. I don't understand why so many people complain about getting a second (or third) season of shows. More space and time for character development, etc. Also, remakes happen all the time and not just from Western shows to Asian shows but Taiwanese to Japanese, Japanese to Chinese, Japanese to Korean, etc. Suits was a Korean remake of an American show (and except for the older ML who I personally disliked, I liked the SK version better than the original.) Sometimes I like the original better. It just depends. I loved the UK version of Undercover and so far I am really, really liking this version too. Because they're enough different even if they're a remake.",언더커버
171,"Remake is a copy. I hate copies. Originality is everything.Stolen ideas on look. Good behind the scenes but never on paper. As for seasons thing, I watch K dramas for their consistency, from starting and finishing a story in 16 episodes. That's perfect.Seasons drag it.",언더커버
172,"@Essay - Kun There are precious few completely ""original"" stories, as humans tend to tell the same stories over and over again, with some tweaks here and there. This isn't a new concept. Shakespeare retold ancient stories in his plays and those threads still show up in stories around the world.  The same is true for very old tales and legends from all over Asia - from China to Iran to India. While sometimes ideas are ""stolen,"" they're often just imitated and have been for thousands of years now.It's also your opinion that extra seasons drag out a story and you're entitled to it.  It's not mine.",언더커버
173,I've got a question about Jung-ho's case,언더커버
174,"Didn't they say in the 1st and 2nd eps that he was framed for Kim Tae reol's murder? How come in the flashbacks when HJH is locating Kim who is still alive, it's been said that he's already in the prison and CYS is presenting him at the court and students carry placards saying ""Hwang Jung Ho is innocent"". Did I get it wrong at first episode or there's something else going on?",언더커버
175,When i saw both present & young actors listed as main leads I know this drama gonna be a lot of flashback atleast for 8 to 10 episodes. This drama for me got a decent start. Not boring nor exciting. I actually hate watching drama with a lot of flashbacks because its kinda annoying but so far this drama transition between present and past is still ok and relatable to the present story. Anyway the young actor of Choi Yeon Soo got the goddess Jun Ji-hyun look.,언더커버
176,Honestly would not mind Han Jung Hyun dying by the end. It's hard to like his character.,언더커버
177,how's his character?,언더커버
178,"He's a decent character. Well, not as morally upright as Choi Yeon Soo, but nowhere near as shady as the antagonists.I get the vibe that he's content to live in a chaotic and unjust world so long as his loved ones are safe and happy. It just so happens that his wife, who he loves dearly, is a bit of a crusader for justice - and therefore he is willing to be by extension.He's by no means the most compelling protagonist that I've encountered, but he's not boring. Contrary to the other commenter, I find him pretty easy to like, just difficult to love. It's the kind of like where I wouldn't mind seeing him fail, just to see what happens, but I'm all for seeing him succeed as well. As it is, the nice facade he puts up feels a little fake, but I think that's intentional. Hopefully, we will get to see it crack.It helps that I rather like Choi Yeon Soo. I think she's my favourite character in this. I want to see her uncover everything and be devastated *chuckles evilly* And then I want to see her pull herself together and make what she can out of the situation. I trust that she will do this - she's the kind of character who succeeds, eventually.",언더커버
179,So far starting episodes are all about his wife Choi Yeon Soo... Han Jung Hyun is yet to shine at the moment because he currently caught in between good & bad.,언더커버
180,"IMO he's not a bad person...just the undercover work sometimes takes a toll--blurred reality mixing w/ undercover identity---undercover agents all become expert liars.  He fell in love w/ CYS and he wanted out, but I think the ""company"" or the NIS still had hooks on him. If they are following BBC series, some of the covert ops were bad ops and HJH/LSK  was involved in some(he had no knowledge back then). STOP here...if you don't want viewing experience to be marred by major spoiler....He will help his wife to purge out the baddies. JJH is soooo good in his role!!! He's so expressive w/ his eyes, can feel his conflicted self holding so much from his family.",언더커버
181,Episode 5 is subbed now.,언더커버
182,This drama deserves better.  I hope it'll be released to platforms like netflix and viu.,언더커버
183,Netflix picks up a lot of mediocre series with flashy young cast. But they won't pick up a good ones like this or Beyond Evil.,언더커버
184,exactly!!,언더커버
185,That's so wrong.,언더커버
186,I reckon they pick up what makes them money. It just so happens the ones with the flashy young casts... often attract an audience.They've picked up some popular dramas that don't have a flashy young cast. That was because they were popular.,언더커버
187,"Stop asking this is FOE. It is clearly mentioned it is an adaptation of UK series of same name, that came out way before FOE. Yes it does have similarities, in terms of only one character! But all other aspects is completely different.",언더커버
188,this trope is literally the best,언더커버
189,This is good. I'm looking forward for more.,언더커버
190,"This is giving me Private Lives vibes but the storytelling seems tighter here. So far, so good.",언더커버
191,I hope Netflix will license this one,언더커버
192,i hope too!!,언더커버
193,I think it will certainly be in Netflix later on seeing how Netflix support Ji Jin Hee projects. Probably 1 month after this drama end.,언더커버
194,"Title of drama should be changed to ""ITS NOT FLOWER OF EVIL""",언더커버
195,Is it similar to flower of evil?,언더커버
196,Idk if its as good but yea,언더커버
198,"this is a quality drama - good actors, good story with adequate pacing, nice ost/bgms, directional choices are also good. Intensity is about to amp up in the next week.",언더커버
199,episode 4 subs added on subscene besties! (& kissasian also has the episode with engsubs),언더커버
200,I'd the drama good?,언더커버
202,second that....very good!! OST on a secluded road so beautiful.,언더커버
203,"Can't stop playing ""On a secluded Road"" from the OST. Awesome song just like drama itself.",언더커버
204,Why is this drama not getting subbed as the same pace as the other dramas. That's sad.,언더커버
205,"Because this drama is licensed only on k-plus at the moment, a service that releases episodes in a more slow way than other platform.",언더커버
206,A little slow but its been good so far.,언더커버
207,Episode  3 is subbed now. Thank you subbers,언더커버
208,Thank you to whoever is subbing on subscene. Several languages.,언더커버
209,"This drama is really good, pity it doesn't get much attention because of the lack of international streaming sources and good subtitles.",언더커버
210,Is this drama time travel? why some of the casts are past while others present????,언더커버
211,"no time travel. the main leads have younger and older versions of their characters, so we see their youth and how they met and also their present married life",언더커버
212,"ahaaa, so it is like flashbacks? I think am just gonna wait it to end before starting it",언더커버
213,@Sakura yes. so far they've been interweaving past and present pretty well!,언더커버
214,"I like it so far, it already brought me to tears so many times and the OST is absolutely beautiful.",언더커버
215,I love the OST especially the duet. So beautiful. Who are the singers?,언더커버
216,"Yesh I was refering to the duet, Sondia and Kim Jun Hwi - on a secluded road.",언더커버
217,@Msb Thank you! I'll look it up on YouTube. ...got me all choked up as well.,언더커버
218,So great to see Hyun Joo and Jin Hee reunited. Two of my favs K actors. AND they are and look so good together! They had so much chemistry in I have a Lover...(the last episode off this drama is so beautiful)- to watch again and again. A classic. Can't wait to see whether they still have it in Undercover.,언더커버
220,Where can I see this with English subs?  Thanks.,언더커버
223,From the blurb it sounds familiar to that of flower of evil ???,언더커버
224,Different from FoE lol,언더커버
226,Oh really then would give it a try,언더커버
227,"great start loved it, waiting for ep3",언더커버
228,I’m going to give this drama a chance but sometimes I don’t know why but when a drama stars out with a husband and wife it puts me off a little. ( it’s just me),언더커버
229,Why are people comparing this drama with foe? They are both completely diff. Can't people praise this drama without damn mentioning foe in their cmnts jeez.,언더커버
230,Agreed! 2 eps...very good so far. My fav KHJ and JJH together(already made my day).... I want this drama to be amazing to the end(fingers crossed). So many recent dramas I watched started strong but ending kinda meh......,언더커버
231,It's interesting so many think this is like Flower of Evil but that didn't occur to me at all. Even if there's any resemblance it's so superficial.  What it really reminded me off right off the bat was When My Love Blooms especially with the use of flashbacks. I suspect not many people saw that one.,언더커버
232,100% agreed....this drama not like FOE. Only similarity is ML is living under different identity hence UNDERCOVER lol. Love the flashbacks w/ younger actors as well.,언더커버
233,"BTW, i did watch When my love blooms ....yes, it does have that nostalgic vibe.  Loved Lee Bo Young and Yoo ji tae--they also my favs.  She has new drama ""Mine "" coming up...can't wait.",언더커버
234,@kaydramatherapy I'm in love with Yoo Ji-tae. Heh.,언더커버
236,When my love blooms meets Flower of evil :) Nicely paced for the first 2 episodes,언더커버
237,Interesting setup and good introduction to the characters. Casting choice for them is on point esp for main leads. I hope FL's character doesn't gets lost later on when shit hits the fan.,언더커버
238,The 1st week was good. Among all the kdramas that have aired in 2021 this is the only 2nd one having quality and potential. Nothing much is new in the story and we do have typical characters but presentation is good. The start writer came up is so real and resonate with present social as well as political climate of world. Also we do the typical everyone is corrupt copy-paste job but i think writer hasn't kept this as the purpose of the show. Concept still is about Citizens and their rights. Director did really good for choosing different actors to represent same characters. Overall a decent start. And i do hope writer just won't foolishly distract from the main concept so as gather better ratings. Pint story is such that it can become one more typical corruption kdrama of who's in power.,언더커버
239,"Despite waiting for a long time for the subtitles, I was so impressed with the first two eps. The story, the direction and the veteran actors did their excellent job in making the action and suspense interwoven with emotional punches. Eagerly waiting for the next eps.",언더커버
240,Not only is Ji Jin Hee hot but his sad puppy face makes all those sad scenes even more depressing. He's perfect for this role IMO. The only thing that I kinda find annoying is that his wife is treated like some kind of Jesus or something.  She can't take an innocent guy out of jail for so many years but yet people do not want her to become that CIO director.,언더커버
241,the synopsis feels exactly the same as flower of evil...? is it just me?,언더커버
242,It's nothing like Flower of Evil.,언더커버
243,Thank God! I loved FoE but I wanted something different this time.,언더커버
244,@Saarthak yeah it's different. and even if it was a FoE clone that would be a good thing too xD,언더커버
245,"@Mazurek I had problems with the final act of Flower of Evil. It started well enough but went madly makjang. But that's  a common problem with Asian dramas.The first half was good and the leads were good, LJG especially.",언더커버
246,I felt so bad for the ML's dad. The scene where he pretended he didn't know him... man that hurt:( His dad must've felt like shit,언더커버
247,"Apart from having a solid start, the transition of young Yeon Soo and Suk Gyu to present is so realistic they look alike.",언더커버
248,"Well I enjoyed Flower of evil and Designated survivor.Does this drama has similar vibes?Will I regret it, if I start watching this?",언더커버
249,"Well I enjoyed Flower of evil and Designated survivor.Does this drama has similar vibes?Will I regret it, if I start watching this?",언더커버
250,Omg the younger version of the FL is so similar!!!!,언더커버
251,IKR! even the young  ML looks like current/older self. I never realized YWJ and JJH has such resemblance. HSW and KHY definitely could pass as sisters OMG!!! Also the villain (young version looks like older). Good casting PDnim ! I am loving this drama so far.  After all it has my fav pairing(KHYJ & JJH)..... loving their younger versions chem as well. Fighting!!!,언더커버
252,Update : Both are subbed now.,언더커버
253,"Yay, the first one got subbed yesterday.",언더커버
254,I haven't seen the original but for an adaption of a western show they did a great job converting it to fit korea without really ruining the essence of the story (as far as I can tell xD),언더커버
255,why does the prison scene in episode one like the the prison from Dr prisoner.,언더커버
257,"Nah  , little violence scenes in the beginning",언더커버
258,"I feel like I'm watching a mixte of I have a lover and marriage not dating because of the cast, the present and young ML and FL",언더커버
259,"This! It reminded me of Marriage Not Dating too, but it made me wonder if only Han Groo is still active then maybe she would be paired with Yeon Woo Jin instead. I miss the show, but I'm liking this drama! Hooray for dramas switching up the roles with the house husband and working mom instead haha.",언더커버
260,"Ikr, I miss Han Groo, I would've loved to see her in this drama. Han Sun Hwa looks good in here too I didn't like her in marriage not dating but she looks more alife here. the husband and wife thing looks so similar to flower of evil where the ML is trying to live a peaceful life with simple work while the wife is having all the action and drama (in the surface) but in reality the ML's life is even more complicated.",언더커버
261,"@Oumaima B Yeah, many people compared it to Flower of Evil which is my favorite drama too, but the conflict here is different. ML doesn't have a fake persona, except for his name and background so less complicated I guess?",언더커버
262,finally subs are available.,언더커버
263,Their chemistry in I Have a Lover was so good so now I'm here to watch this for them haha,언더커버
264,"same reason, but the drama itself also looks so good",언더커버
265,So his cover blows in the next episode?,언더커버
266,no not yet it still early at the end around 14 or 15 I think it will happen,언더커버
267,I don't think it will take that long,언더커버
268,"@Oumaima B Would think they use the mid-season climax to do the reveal, and then spend the second half on resolution.",언더커버
270,"In the episode 3 preview, there is a scene where Han Jung Hyun fights someone and the gun that was thrown due to the fight falls in front of a lady wearing heels. According to the trailer, I think that is Choi Yeon Soo. In the same scene, in the trailer, Choi Yeon Soo points the gun at her husband.",언더커버
272,it looks very promising for me from episode 1,언더커버
273,First ep is finally sub on dramacool,언더커버
277,Can someone teach me Korean? I can't wait any longer.,언더커버
278,this looks AMAZING..... the two incredible leads from *I have a Lover* are BACK once again. I'm EXCITED!!!!,언더커버
279,where can we watch this with sub titles?,언더커버
280,Sometimes I end up thinking that it will be faster to learn Korean rather than wait for it to get subbed  xD,언더커버
281,This is not epic,언더커버
282,hopefully we'll get the subtitles,언더커버
283,I'm dying waiting for subs.,언더커버
285,"To everyone who asking why there is no engsub. Its because this drama is air on k-plus channel. So it will be delayed for 1 or 2 days after the original broadcast. Just like drama ""confession"". So please be patient and wait, you will eventually see it on kdrama site. Or you can watch it in k-plus, it will air on the same day as in korea.",언더커버
286,Yep just saw this on K-plus. I was so surprised that the leads reunite in another drama.I googled it right after.hopefully we get to see other actors reunite in a drama too.,언더커버
287,"Is it already with Engsub on K-plus channel? Who takes the subs from there? It must be a subscriber. People are really resourceful. Anyway, that’s great news for us!",언더커버
288,"Yes, if you watch it on kplus it already engsubbed. Some kdrama site probably will ripped it or maybe there is some translator.",언더커버
289,"this drama has a good plot and great casts , why the hell JTBC can`t release the official eng sub? this is very weird , haven`t seen it before....i was very excited about this drama",언더커버
290,Because it is air on kplus.,언더커버
291,Why are there no subs available?,언더커버
292,"If you guys can, try contacing VIU's Customer Service and ask about Undercover so that they know the demand.",언더커버
293,"Idg why a drama with a freaking interesting plot & legit solid casts like this has none legal platform take them thus no engsub available, why are they sleeping on this? :""""(",언더커버
294,"B/c it doesn't star any 'Hallyu' or young 'hot' stars. Its a shame. Shows like this ought to have something, same thing as WOTM.",언더커버
295,"I thought this felt American for some reason and it turns out it's a remake of a BBC show. Kim Hyun Joo and Ji Jin Hee had epic chemistry in I Have a Lover, and when actors have epic chemistry, they get reunited!",언더커버
296,"Great start. So much to unravel, and excellent acting by everyone. Can't wait for next week! Hopefully it becomes available on a legal site for people to watch with subs.",언더커버
297,Could you tell us where you watched it. Or do you maybe know Korean?,언더커버
298,K-Plus probably.,언더커버
299,"Sorry, very late reply. I watched on a Korean platform.",언더커버
300,"where can I watch this masterpiece? Im thrilled when I read that they will have another drama. Cant find it on VIU, IQIYI, WETV and NETFLIX. No english subtitles on kdrama sites too..  Any idea where can I watch this?",언더커버
301,Where can I watch this with eng subs?,언더커버
302,"I don't understand … such a stellar cast and a good story, why is nobody talking about this??!!",언더커버
303,Does anyone know whether it will be subbed or picked up by viki or netflix?,언더커버
304,"The thing is, this is not the first time a kdrama hasn't been subbed immediately, but it is very weird that no streaming sites or individual subbers  have picked this up, even when its so anticipated.",언더커버
305,"Do individual subbers pick shows on their own and subtitle it for everyone? Wow, they're angels.",언더커버
306,Not very often but I have watched drama's that were subbed by individual subbers before!,언더커버
307,This is the first time I can't find subs for a kdrama,언더커버
308,i'm sad ㅠㅠ still no ott subbing this! i just want to watch my ahjumma ahjussi drama comebacks,언더커버
310,"The article takes about a different thing with the same name. If you look at the cast list, you'll see it's all different.",언더커버
311,won't this be subbed?,언더커버
312,K plus asia got Right of this dramaThey will telecast saturdayHoping we will get subtitles after that,언더커버
313,Any chance of getting subs today? what do you think?,언더커버
314,Why theres no legal ott for this drama:(,언더커버
315,there is kplus asia,언더커버
316,Isnt kplus asia a cable tv?,언더커버
318,@chathos Really? I thought it was a cable tv.. how can i watch it there?,언더커버
319,"amount of ppl who think Dramacool or KissAsian are legit legal sites who sub their dramas themselves is really scary.  don't you know these sites and sites like them are surviving by stealing subs from legal sites like viki/netflix/Viu? so if none of these sites have picked the drama for subbing, you will not see them subbed on DC or KA either.",언더커버
320,"This, this.",언더커버
321,Exactly ^^,언더커버
322,"Yep, but sadly they are required as most of the sites you quoted are geo locked. VIU for example doesn't work in Europe. And a lot of show on Viki are locked in certain regions.But yea, it's astonishing to see the amount of people who think KA/DramaCool are subbing the things themselves. xD",언더커버
323,"is this drama not attractive enough? Netflix, Iqiyi & Viu & even KissAsian don't have and Dramacool no sub yet... OMG...",언더커버
324,the first epi is so good. hope the intensity continues through all the 16 episodes.,언더커버
325,you're lucky that you can watch it without sub,언더커버
326,"i don't get it, why is no one subbing this? goodness.",언더커버
327,Damn waiting for subtitle almost one day,언더커버
328,So they adapting the story from the same title 6 episode mini series into 16 episode Korean Drama? risky but so excited for Lee Jae In.,언더커버
329,How much more time do you all think it'll take for the subs to come out?,언더커버
330,"premieres today on K-Plus Asia21:15 Malaysia, Philippines20:15 Indonesia",언더커버
331,still cant find eng sub for this help,언더커버
332,me neither,언더커버
333,none of the sites I use have eng sub for the first episode ;;-;;,언더커버
334,Can anyone willing to share astrogo account. pls dm me.,언더커버
335,"Lol, no one is willing to do that.",언더커버
336,already got but astrogo wont work via vpn,언더커버
337,I am here to torture myself weekly without a care that the suspense might kill me.,언더커버
338,it's today finally,언더커버
339,I hope this is good because the cast look awesome especially Heo Joon Ho. he did a good job in the drama come and hug me,언더커버
340,"Please be good, I have high expectations !!! OMG !",언더커버
341,"Still no news will it be on Netflix, Iqiyi or Viu?",언더커버
342,K-Plus Asia (cable channel) has the rights for this. Either wait for someone to rip the subs there or wait for VIU might be getting the rights but in a later date.,언더커버
343,"Hi, is it true that VIU will get the rights or it's just an assumption?",언더커버
344,@IAmOk Just a assumption. Sorry about that,언더커버
345,@MightyPeanut No problem,언더커버
346,Or Maybe you should try Dramacool,언더커버
348,bro if this is like flower of evil but more politics i m in lads,언더커버
349,"We all owe respect to Ji Jin Hee because of the Greatest epic drama Dae Jang Geum,so I definitely watch all productions of him.",언더커버
350,This like flowers of evil really similar but different plot,언더커버
351,"it's the recommendation itself and that's enough for me, I'm waiting.",언더커버
352,"Sad news today to find out that Helen McCrory, who played the lead role in the original British version of this drama, has died of cancer today aged 52. Her husband is Damien ""Brody"" Lewis from Homeland.",언더커버
355,Is there too much lying in the British version between the leads?,언더커버
356,"Hi - I would say that the whole show is based around people, living under the same roof, who are living a lie from each other and how this defines their relationship and their actions. Without meaning to give too much away, the male lead is very much being forced by his Government handler to keep the lie going - and so the question becomes does his love win through in the end.I was a massive fan of the original version of ""World of the Married"", called Doctor Foster here in the UK.  Mike Bartlett, who created and wrote the show, specifically designed it to be as melodramatic as possible which he felt was something missing from British Television these days.  Of course, this meant that a Korean adaptation of WotM could be a marriage made in heaven (excuse the pun), and I was not disappointed. In fact WofM is almost a carbon-copy of the original British show, in terms of casting, plotting and mise en scene. Undercover was a slightly grittier drama all round than Doctor Foster but it definitely has the OTT elements that will translate into a good K-drama thriller.",언더커버
357,@k charlie Thanks. I will wait till this is finished,언더커버
358,I'm getting different broadcast dates from different sources. Can anyone confirm the actual broadcast date for this show?,언더커버
361,I hope viewers won't compare Undercover and Beyond Evil too much.... kinda hard to follow after such an epic drama... yikes!... I'm actually excited but nervous at same time.  Happy to watch KHJ and JJH in action again.,언더커버
362,the premise is really good. I'm looking forward to this one.,언더커버
363,I hope there is no cheating sht. I am done with dramas having same theme again and again just because they got ratings from previous shows. + I hate when main leads go at each other. I love the male lead so I guess I have no choice.,언더커버
364,"Its not cheating, the male lead is hiding the fact that he is a spy.",언더커버
365,Just saw the latest trailer... Han Sun Hwa actually looked like younger version of KHJ....dang!  Fighting!!,언더커버
366,will be available on Netflix?,언더커버
368,"Really, that's great. I haven't found a fan channel for ""Undercover"" though.",언더커버
369,"It’s not going to be on Viki, we don’t know for sure. They didn’t create a channel for it",언더커버
370,JJH & KHJ my fav pairing back together again.... Action genre now...... can't wait. ❤️BBC undercover. .... Al the actors so intense and good. My fav pair will pull it off... They got such onscreen chemistry already.....counting the days......I think it will air after Beyond EVil??? Which is beyond good as well.,언더커버
371,Where can I watch??,언더커버
372,it will be on dramacool.vc,언더커버
373,I can barely wait! May it be good!!,언더커버
374,So from synopsis ML is a secret agent... So why is FL holding a gun to him in the teasers like he is a terrorist:-?,언더커버
375,maybe she is unaware of his cover,언더커버
376,"If you have seen British one, you will understand, as FL becomes high ranking official, like third to the highest position in Law enforcement a can become AG in not time. Her husband, a secret agent, was tasked to infiltrate and destroy their campaign against anti-racism organization in past, and her friend a leader of that organization was killed in prison by higher-ups. Her husband fell for her, and has lived a lie ever since, also when she is elected to that office, she starts the investigation of her friend murder, and higher-up becomes anxious, then comes her husband, who were part of this whole fiasco in past, whether he killed her friend or not, he was wrong to being with.",언더커버
377,Oh. I missed the fact that this was a remake. Maybe I'll check out the original before starting this.,언더커버
378,Looking forward to this I love the main leads .... wait I love the whole cast,언더커버
379,"Wow the Husband has a secret identity. This reminds me a lot of ""Flower of Evil"".Count me in . I love it when the leads are an already married couple and they face a crisis due to hidden secrets .Then after a lot of tribulations they manage to keep their relationship in tact. That's so ""flower of evil"" lol ❤I can't wait for it to air",언더커버
380,OHH this cast!! looking forward,언더커버
381,Is this airing apr 2 or 16?,언더커버
382,the casting for this drama is crazy good,언더커버
383,Who is Kim Young Dae's character?,언더커버
384,"Yes! Funny, how I was thinking of I Have A Lover and came to check if any of the leads had a new drama coming. How nice that I had a double surprise waiting for me. I'm crossing my fingers so hard it hurts.",언더커버
385,what is his secret tho? i see autism in the tags so is it that?,언더커버
386,or... the fact that he's a secret agent? XD,언더커버
388,do you know who is the character with autism tho?,언더커버
389,@izaya5k From the latest trailer i think most likely is their sonhttps://youtu.be/AOjDTLpqS64,언더커버
390,@The Drama Specialist Thankss,언더커버
391,Omg can't wait to watch this! Been a fan of JJH and KHJ since i have a lover =),언더커버
392,Me too!!,언더커버
393,I love both couples. Hope it has a happy ending.,언더커버
394,Aaahh Ji Jinhee and Heo Joonho reunion after Designated Survivor <3,언더커버
395,wait who were they in Designated Survivor???!!! 0-0,언더커버
396,I need this so bad :(,언더커버
397,Ji Jin Hee has a great taste in dramas recently with Misty and Designated Survivor 90 Days so I'm trusting that this one will be worth watching!,언더커버
398,"I just realized the pairings playing both the present and young versions of the main characters are reunions from previous dramas... JJH and KHJ from I Have A Lover (most recently), and YWJ and HSH from Marriage Not Dating (where she was the second lead).",언더커버
399,And  also with Ms. Kim's Million Dollar Quest from 2004,언더커버
400,encore couple:-)  goes into my list to watch,언더커버
401,One of my fav duo's reuniting again! Wishes do come true :),언더커버
402,"oh what, this got postponed to 2021 ??",언더커버
403,"I am so giddy for their reunion!!! :D To be fair, she's been my #1 female crush since 1999, so it kind of goes without saying that I'm happy. I've really liked Heo Joon Ho a couple decades, too... and if it were a romance, I'd be thinking ""oh, look... we have our mistress, don't we?"" seeing Han So Hee's face there, but I'll hold off assuming anything and hope for a less rotten role for her so I don't hate her forever (though she's GREAT at playing total b!tc#e$)! :P",언더커버
404,Same here. I really like it when hit OTPs re unite. The director is also one of my favorites. This is definitely in my watchlist.,언더커버
405,According to AsianWiki the jTBC drama is scheduled for 2021.http://blog.asianwiki.com/korean-dramas/ji-jin-hee-kim-hyun-joo-cast-in-jtbc-drama-undercover,언더커버
408,They were also awfully charming together in Ms. Kim's Million Dollar Quest (2004). Ji Jin-hee and Kim Hyun-joo really sparkle together. The British series was dark thriller but the bond between the husband and wife is the lynchpin to the story.,언더커버
409,"And the director of Marriage not dating, The Beauty Inside & Another Miss Oh. A dream combination to look forward for!",언더커버
410,The British version is good?,언더커버
411,See comment above by @tsutsulooI haven't watched it but this should be a good source of information for you. IMDB: https://www.imdb.com/title/tt5057932/?ref_=tt_urvIMDB reviews here:https://www.imdb.com/title/tt5057932/reviewsAmazon Prime: https://www.amazon.com/gp/video/detail/amzn1.dv.gti.fcac374a-18ec-e464-ebeb-a66a2517a825?ref_=imdbref_ttep_mwbr_pvs_piv&tag=imdbtag_ttep_mwbr_pvs_piv-20,언더커버
412,Is this for real? Lee Mi Yeon is finally back.,언더커버
413,So anxious to see Ji Jin Hee and Kim Hyun Joo together again!,언더커버
414,waiting for this?,언더커버
0,A little stretched but fine As you're already aware of Undercover is a remake of the popular UK series of the same name the makers have also done immense changes in many plots giving extra essence to the major characters This is rather a political thriller that feels like a tragedy throughout the entire thing and makes you feel sad Absuse of power authoritative ruling corruption dirty politics etc without the consideration of how it affects a common man's life and people's emotions are parts of this drama Undercover is set up in a premise where a familyman tries to save his lovale family from getting ruined by his own tragic past that he has been hiding all his life out of insecurity that the revelation can break his dear ones apart To save your time here I suggest you read the plot in the synopsis so that I can jump to my review haha Have you watched the Lee Joon Gi starrer tragic thriller drama Flower of Evil FoE which even got multiple nominations at the th Baeksang Well then Undercover is established on somewhat similar I would say premise Only difference is that the given situations in both the dramas are different but also lead to a tragic result where there seems no door to get out of Undercover is emotionally stirring and the brewing conflict between the leads even when they're unware of eacg other's flaws is what you call the main attraction of the drama The emotions and beliefs of the leads will leave you worried about the fate to befall on them and their happy family The greatest message it gives is even in a regular and perfectly normal relationshp situation of discovering inadvertent lies is something hard to overcome and reconcile Talking about acting and cast the cast felt so good though I personally think it could have been better the children of the lead couple and some people at the NIS as well as in the police force and the Blue House could be better actors But the lead duo Ji Jin Hee and Kim Hyun Joo were so powerful throughout the series and their chemistry was remarkable though it's the second time playing a couple but it was different given that the characters were intense Ji Jin Hee has always proved his versatility by playing a number of challenging characters but in my opinion this role is the most difficult I felt the same when he played the same character in Move to Heaven even though he was there in a guest role The core concept of this drama is the same as Flower of Evil sometimes it felt a bit slow but manageable Back to back tragedies are a bit triggering which might make you angry at a point everything goes wrong back to back things happening lose the way back to their places that makes one suffocating There was a huge character development for both the lead characters and the way it was presented by intertwining and connecting the present time with their individual as well as united pasts That is one job that intrigued me tbh The story has been well written and the direction and screenplay has been done nice but let me tell you that you shouldn't expect a lot from it for we have seen similar plots before and all the political tragedies are not new to us either It's just a story with different elements and a different way of execution that makes it interesting and kept me going y it's not a bad show but worth a one time watch Please give it a watch before you judge Scoring a gravitating pitch UNDERCOVER vaunted a solid narrative right off the bat Coupled with a good cast it invites you to brace yourselves for the parade of confrontations betrayals and conspiracies spicing up its initial displayed story Read More,언더커버
1,Underwhelming Midway through the series one of the characters remarks going around like a headless chicken and that single expression seems to fit the whole show If the drama had really been a thriller the description might have been excusable but Undercover neither has any thrilling elements to it nor does it attempt to build any during the course of its run It's a shame because the story was overflowing with the potential to be a tightly packed game of wits Instead it ends up being a chase between two mice both of which fall drastically short of their own apparently spectacular credentials There is almost nothing that works for the story and it is only in part because the makers had to stretch the part British original into a episode drama I won't be exaggerating if I said this show was made for Kim Hyun Joo Ironically her character and her portrayal of it are the primary of the show's many downfalls It's debatable if she was a bad actor here or if the writing itself was dumb Or both Several times during each episode I nearly pulled my hair out in frustration because Mr Ms Writer that is not how the Director of CIO behaves There is always a lot of talk going around about how Choi Yeon Soo is amazing how she's best suited for the job how she's the only one who could be trusted how she has an impeccable record and how righteous she is She's faultless enough to be appointed and complimented by the President himself and formidable enough to intimidate the evil guys before she even steps into the CIO Then she goes on to make some of the silliest mistakes of dramaland and not just once Which begs the question Who is the reassurance for Us or Choi Yeon Soo or Kim Hyun Joo It also makes us wonder how she won her cases for years She doesn't seem to realise the magnitude of the task before her even after being repeatedly hurt duped Each time she said How did this happen my inner Baek Beom screamed that it was the wrong question Also and this detail was never mentioned anywhere she can't recognise faces Yep Adding to the story's woes is its pacing In plain words it's slow not the methodical kind of slow where the plot doesn't move forward due to some reasonable doubt but the sluggish kind where it is just trying to fill the allotted time frame min here Perhaps it was necessary when they had very little material to go on and yet fit the show to the Korean standard length Or maybe they could have used the ridiculous amount of time they had on some actual investigations and confrontations The glaring blunders not withstanding Choi Yeon Soo is dull and tired most of the time The sluggish air around her is more pronounced than in other characters and by so much that at one point I felt myself imbibing her laziness It's endlessly painful if you like me watch this in the hopes of some racy and nail biting stuff This unhurried pace wouldn't have been nearly as frustrating if we were either given something to chew and ponder on or if it wasn't illogical in the sequence of events but even with a deadline approaching Choi Yeon Soo and the story go at their own languid pace It's unending and frustrating The story itself is dull and rather simple The good guys and the bad guys are revealed pretty early on and there are no deceptions monumental enough to sit up and take notice One can just lounge around on a couch eat some chips and say Yes I thought so when the reveals happen It's not a new concept by any means and the handling was also poor I expected some absurd rationale in this like Stranger or Designated Survivor days but that was all wishful thinking There's no bad guy here whom we haven't seen as a baddie in some or the other drama and it kind of kills the whole dark vibe the story aims to give We've seen how bad they can be so we'd like it to amount to something here The good guys are incompetent and keep making the same erroneous moves time and again and they win only because the baddies fail to capitalise on these errors There's a sequence in episode or where it looked like the show would probably get on the track finally and save itself but it doesn't last There are more sighs and pursed lips than there is any action in the story and I was about ready to smack Choi Yeon Soo if she had smacked her lips one more time All the loopholes are glossed over as being a part of a well thought out plan and I wonder if the makers sat after each episode's preview and took notes of what all needs to be patched up in the next one Some are not even explained and left to rot There's a lot of unnecessary and illogical physical abuse which was the second biggest turn off for me The actors did a good job though If Ji Jin Hee's character was supposed to be alternately confused and struggling then he did well Kim Hyun Joo's emotional scenes were the best part of her role The villains were bad enough for me to want to strangle them Yoo Sun Ho and Lee Jae In ace their roles like seasoned actors Yeon Woo Jin and Han Sun Hwa are excellent too both in terms of how much they resemble the older cast and in understanding the characters as well Yeon Soo's teammates are wasted in every sense of the word but none more so than the fifth person whose name and face remain unknown and who was only there to fill the chair next to Mr Bae They are given their quirks however and the actors all give decent performances The characterisation was overall a big failure and that's all there is to say about it And here I feel sorry for both Choi Yeon Soo Kim Hyun Joo because they suffer the most The only shining moments are those involving the family dynamics and the sibling duo of Seung goo and Seung mi The father son relationship is a treat to viewers much like the brother sister bond is another thing the drama gets right and thank God for it I can't imagine how the show would have turned out otherwise I will not be watching this again because once was already frustrating enough Truthfully Seung goo Seung Mi Choo Dong Woo and Song Mi Seon would have solved this case faster These need a drama of their own A pro tip when you are face to face with someone you want to catch and they are trying to make a run for it please respectfully move aside and make way Also where did Bo Ri and the chief prosecutor disappear to And why was Go Yoon Joo even there Read More,언더커버
2,Not bad Why should you watch Undercover Well the plot is not that complex and easy to follow Has a strong villain who has power money AND the brains When you start to watch the drama I'm sure you'll watch it till the end just to see the villain get defeated because you'll get frustrated throughout the drama because of him They have done an excellent job in casting The younger selves Yoen Woo Jin and Han Sun Hwa resembled the older selves Ji Jin Hee and Kim Hyun Joo a lot And their acting was good too Yoo Sun Ho the actor who plays Ji Jin Hee and Kim Hyun Joo's autistic older son does an amazing job portraying his character And this whole father son relationship between Ji Jin Hee and Yoo Sun Ho's characters kinda reminded me of Move To Heaven's father son relationship between Ji Jin Hee and Tang Jun Sang Ji Jin Hee's action scenes were daebak So yeah Undercover is not THE best drama of the genre I have watched but still it was good not boring and worth the watch Anyone who's into political crime dramas do give it a shot You'll like it Read More,언더커버
3,Could've been better Drama had fine pace and a decent balance between present and the past However it only speed up both in plot and thrill from ep upward Between boring and unlikable main leads and bland supporting ones villains Im Hying Rak and Do Young Gul were the shining stars of Undercover One dissapointment for me was Go Yoon Jo she seemed promising at first but in the end she wasn't that important and her love triangle was unnecessary Plot twists in later episodes were surprising and kind of sad but well played even though with all that tention being build from the first episode ending seemed anticlimactic and unsatisfying wasn't bad but awfully overused If the main theme wasn't played several times in an episode it would be better Read More,언더커버
4,Interesting story with poorly written characters This had some good potential Even tho technically speaking it deals with the same old story of corruption in politics adding Agency for National Security Planning and basically deserted agent made it a bit fresh Sadly the writers were incapable of writing intelligent main characters and villains At the end it was not about who outsmarts whom but who will make more dumb mistakes There were no winners rather bigger losers Han Jung Hyun was probably one of the least consistent characters in the history of dramas Presented as outstanding agent in the past the future version of him made too many dumb mistakes for me to ever take him seriously At some point I assumed that the Agency for National Security Planning only teaches and cares about fighting skills coz he barely ever used his brain Then we have Im Hyeong Rak another case of random nerve impulses turning on and off his brain depending on what the plot needs Mastermind that was able to cover up all his evil deeds for years and yet he cannot predict the most predictable decisions Jung Hyun makes He overlooks the most obvious course of action True disappointment That said not all the characters were as bad Choi Yeon Soo even if boringly good was fierce and smart trying to work limited by the rules set by corrupted people to uncover the corruption Then we have Do Young Geol who was my favorite character one of the most entertaining to watch I wished the writers and director gave a little bit more attention and depth to his slowly growing internal conflict Big props to the younger cast playing Jung Hyun s kids solid performance The plot itself could be better It feels like there weren t enough hints or clues leading to a plot twist to make it interesting the bad guys were bad the good guys were good The guys that were at first good without solid reasoning turned bad and I was just sitting in front of my laptop questioning everyone s motives There was just not enough payoff from any of the plot lines I think the burning frustration I felt while watching was the most entertaining part The drama could be renamed Why y all like that When all the involved parties became aware of each other and you would have thought the cat and mouse chase would start The drama ended The last episode Anticlimactic would be an understatement Read More,언더커버
5,pretty nice this was actually nicee the storyline was kinda refreshing because of i think the time setting not sure hahah but this was pretty good the intro the first few eps were really interesting and although i did felt like it was too long for an intro but its still okay considering the many characters and it helped with building my emotions towards the character i loveee the two main married couple and their family they were so lovely and warm and they really showed how they love each other sm at least i felt like that hahah seunggu and seungmi were so adorable and they did a reaaally great job imo the case about the politics and all were also very interesting the whole cio thingy that was cool although it wasnt perfect and i still kinda need more details about the whole investigation and about the case but it was still okay but it became slow and draggy a bit at the middle i think somewhere after the first half and bcus one ep is an hour mins long it did felt slow and dragged but yea i sticked cause i wanna know what happen and its okaylaa moving towards the ending and the ending itself was just okay also i think its great that they cast diff actors actresses for their younger roles cause its easier to differentiate and understand overall i think its worth a shot bcus idk its a bit different from the other corrupted politicals heavy dramas i usually watch and i enjoyed them eventho its kinda slow and draggy at the middle and the osts were amaaazing omgg lovee Read More,언더커버
6,Underrated action drama in I dropped The Veil with the same genre simply because it is reusing the same plot and character of spy genre most annoying part however to reuse the same scene over and over again scene of the ML partner died it is worst lazy possible way to make a filler I compared to The Veil because this drama deserve better rating is solid since it is an adaption from BBC series so I kind of expect that Acting is overall good Oscar go to the main villain the guy is genius potraying the character with more expression but lesser line Silver medal goes to female lead I watched few of her works I don't really like all of them but impressed with her role in Miracle that we met sit her nice on role of a hot mother in her prime Character For series character development is more important than the story it self and female lead fit the bill It is enough characters of pure evil butt licking betrayer change of side is a must twist ingredient for this genre Read More,언더커버
7,A well made story of deceit and betrayal Without diving into words of beauty I am gonna put it in a simple word this is your typical well made story of political thriller Based on UK series of same name it does well in terms of emotional weightage which is like Asian series trademark Undercover uncovers the political corruption power and greed in name of patriotism that has ruined so many lives A life that could have lived freely was forced to live under fake identity in order to save a love that came in a way of that very patriotism Imagin denying your only family member your own father you meet on a street that they have mistook them for others how painful and cruel it is for both parties While watching this series the elements that are infused with this story of deceit and betrayal I can't help but anticipate the next moment and the grand revelation of this series is going to break hearts Ji Jin Hee almost always plays miserable character entangled in family and his work life Based on his previous work this series premise and setting is not unfamiliar for him and he transformed into his character very naturally I have not seen anything but Designated Survivor from his profile and he does it so well playing roles with unidentified emotions And as for Kim Hyun Joo she was absolute brilliant in Watcher As it is their second project together in same husband wife role their chemistry is beaming however it is not very lovey dovey like how it was in Flower of Evil The FL here has much more things on her plate then to be concerned with romance and her this obliviousness gonna brought doom on her The children are adorable Yoo Sun Ho who plays an autistic child has tried his best to stay true to its character however it seems he is overworking on his character As autistic child is not very talkative but the spectrum is different from individual to individual For those who are going to watch this or plan to watch this expect nothing sort of great fro this as it is a very very basic story with all the elements that can keep you hook a good old recipe that works every time Despite a JTBC show this show failed to garner any special attention even though it has average ratings per episodes But watchers should give this series a try as it is definitely worth it and not a waste of time Thank you to all the subbers for subbing it as this series gets subbed three days after the episode release We understand but what is the reason behind this Read More,언더커버
8,A good drama to spend some time on As others said story is a little streched out For most of the story Choi Yeon Soo lacked character Ji Jin Hee was amazing Also the Father sibling relationship in the Lee family nice All in all a great drama with a brilliant OST Lead Role chemistry was quite amazing during the first episodes Suk Gyu and his father's scenes were quite emotional Also a nice potrayal of a understanding family were the female lead is the main earner and Male lead takes care of the household Actors playing Do young chol and Im Ryung hak characters were pretty good Read More,언더커버
9,Great chemistry This was actually one of my most anticipated series being a fan of Kim Hyun Joo and Ji Jin Hee As a couple they have one of the best on screen chemistry I have ever seen Really great and believable acting Casting Yeon Woo Jin and Han Sun Hwa was also a good choice Both of them could pass off as the younger versions of the lead because their looks bear some similarities These two also work well together and it would be nice to see them in a new project taking on lead roles wise the drama was a bit slow in its development and only started to pick up by the th episode Nevertheless it has a good cast of characters who make the story worth watching Read More,언더커버
10,korean ranked great casting great osts and the story is compelling even though it's a genre that i'm usually not interested in ji jinhee and kim hyunjoo are so amazing that even though it's not a romance drama you can feel the sincerity and care their characters have for their family also started watching this just bc i felt so held by the ost 'on a secluded road' by sondia and kim junhwi THAT OST IS GOD TIER,언더커버
11,Well arranged scene each character performed to the best way he or she can,언더커버
12,loved this more than the original it was based on great casting and ost too,언더커버
13,That was truly an amazing series it kept me on my toes from start to end the acting of the cast was splendid specially lee Jin hee yoo seon ho and heo jun ho If you're looking for a thrilling series that keeps you excited to know what happens next then this one is for you It's not Mouse or Stranger but it's the next best thing,언더커버
14,The storyline and the main actor and actress chemistry are so strong It can give us a message not to be like a guy who's destroying everything but keep saying he's saving By the way I like the theme song so much,언더커버
16,Complete package,언더커버
