,reviews,title
0,Vote for Inno My God Park Jeong Min he delivered one of the most fascinating directorial debut ever Rerun Bandi Blue Happiness Nothing really hit me here but I'm so proud for you Lee Jehoon oppa,언프레임드
1,this was honestly a good watch only if the translations are not off I would've enjoyed it more but nonetheless the stories are actually good It's a four episode short film each episode is a different story directed by four different people Vote for Inno Rerun Bandi Blue Happiness,언프레임드
2,director park jeong min delivered truly a multitalented king,언프레임드
3,Class Representative Election made me feel anxious Rerun Bandi Blue Happiness not that good but this has jung hae in and is the directorial debut of lee je hoon,언프레임드
4,Just want to talk about Bandi it was SO GOOD it had me teared up and THE SLAMDUNK THINGS i rly thought bandi s father would left her mom anw soyi and heeseo delivered the emotions so well,언프레임드
6,This was the debut of Park Jeongmin and Lee Jehoon as director I really love the twist and turns of events on Jeongmin's Vote for Inno including the musical scoring The shots were stunning and the message it holds Blue Happiness by Lee Jehoon is not bad for his director debut and it was well suppported by his friends in the industry as casts such as Jung Haein Junsang and more,언프레임드
7,i feel very proud of park jeongmin s debut as director he is really that multitalented,언프레임드
8,vote for inno rerun bandi blue happiness send me that photo what photo yesterday i looked through the camera and there is a photo of me smiling i just i like that expression,언프레임드
9,i watched just jehoons and hae in 's episode,언프레임드
0,Jung hae In That’s it for me to buy a ticket,언프레임드
1,How was it,언프레임드
2,Where can I watch this legally? On what streaming platform perhaps?,언프레임드
3,"it's only available on watcha which is a south korea's streaming platform. so, for now it's only available in south korea. you can use vpn to access it if you want and pay it through google pay to subscribe. there's no international streaming platform that pick this one up so far, so you gotta rely on fansub to watch it with english sub.",언프레임드
4,Thanks. It's unfortunate not streamed legally international. Hope someday will,언프레임드
5,"WHOEVER SUBBED THIS SERIES, WERE YOU DRUNK?? TERRIBLE TRANSLATION UGHHH",언프레임드
6,"I think that's a straight machine translation from the korean subtitles, that's why it's terrible",언프레임드
7,where can I watch blue happiness. I checked on watcha but its not available in my country.,언프레임드
8,It’s now available on Dramacool,언프레임드
9,thanks,언프레임드
10,"I think we have to correct the release date. This one is not released yet. It will be shown December 8, if I am not mistaken.",언프레임드
11,It was first released during the film festival in October,언프레임드
12,Where can we watch this one?,언프레임드
14,trailer with sub :https://www.youtube.com/watch?v=_3ouGB60Htg&ab_channel=EonTalk,언프레임드
15,I think its coming out on 7/Oct! Seokgu posted on his ig! https://www.instagram.com/p/CT6Tm8AFp6B/?utm_medium=copy_link,언프레임드
16,"Jung Hae In there... I'll add it directly to ""plan to watch"" 🤙🏻🤷🏻‍♀️ #Period",언프레임드
17,"woah wait, son seokku as director? they're both in D.P but interesting that he's gonna direct a drama starring jung haein",언프레임드
18,"Dunno what it'll be about, but it's got Jung Hae-In so I'll be checking it out",언프레임드
20,"Can't wait to see this! I'm so excited to see Lee Je Hoon and Park Jung Min reunite, they have great chemistry :D Choi Hee Seo also worked with both before in ""Anarchist from colony"" and ""Dong Ju""",언프레임드
21,"Unfortunately, from what I gathered these actors are just directing their own scripts. So no interaction between them, the only thing is LJH's production company is behind this!",언프레임드
22,"All four actors will be directing/scriptwriting in this project (not sure how this will work, maybe an anthology?).",언프레임드
23,Is this cast confirmed???,언프레임드
24,"Lee Je Hoon does not rest, does he? Also, the cast!!! THE DAMN CAST! Let's see how it goes.",언프레임드
25,omg... park jung min and lee je hoon together again alongside son seok koo???,언프레임드
26,what did they do together?,언프레임드
27,"park jung min and lee je hoon have acted alongside each other in previous works (specifically films such as: bleak night and time to hunt), so it's nice to see them working on a series together with son seok koo whose acting i also like.",언프레임드
28,@Irene Oh I see! Thanks!,언프레임드
30,2021 is Lee Jae Hoon's year!,언프레임드
