,reviews,title
1,Guys do you why is it a cliff hanger!?,에이틴
2,i really like this season i don't know why this season is getting so much hate i would recommend it to all who wanna watch don't miss this piece coz of hate commentsi will give it a 9/10 ...,에이틴
3,i've watched this for choi bomin and was a waste of my time :/,에이틴
4,"If you decided to skip it but like music pls listen to one of the ost songs ""I wonder"" by we are the night !! They deserve more streams!",에이틴
5,"Another example of ""second season going wrong""2/10 I kinda dropped it but also completed it watched up till ep14 then skipped to 18 and 19 (skipping most scenes in them)  then watching a few min from ep14 to 16 and just couldn't take it anymore so skipped 20They just had to ruin a great show!!!",에이틴
6,Sorry but nothing can top season 1 T_T,에이틴
7,"i was expecting great deal out of season 2 but didn't liked the storyline of this season, really disappointed.",에이틴
8,No going to see it,에이틴
10,Should i watch season 1 before watching s 2?or can i start with s1?helo me,에이틴
11,"yes, you should start season 1",에이틴
12,watch s1 and just skip s2,에이틴
13,I love this so much! Loved how each of the characters handled each of their problems so realistically. Kim Hana and Ryu Joo Ha were so cute >_<,에이틴
14,Is kim ha na ends with ha min or not can you plz tell me,에이틴
15,No. She doesn't end up w/ ha min.,에이틴
16,I enjoyed this it was good,에이틴
17,I enjoyed this it was good,에이틴
18,Feels like final season of game of thrones completely lacking and empty.,에이틴
19,lmao what a comparison xd,에이틴
20,"I watched the first season and found it really enjoyable, but I just can't stand Kim Hana, i found all her scenes boring and anoying, I've seen the first ep of this season and looks like they will focus it on her, am I right? please tell me if it's worth it or if I should just let it be and pretend they ended it with 1 season only. If the story is just going to be dragged, and nothing fresh comes along I don't think I can watch it for 20 eps.",에이틴
21,"Season 2 is really nice, you will get to meet a new character",에이틴
22,S2 is soooooooooooooooooooo bad don't waste your time especially if you don't like Kimha horrible stretched plot with no point,에이틴
24,"Well this season was a waste of good airtime. It's like the characters had the same face, but their personalities drastically changed. They didn't even give us that friendship bond like they had in season 1. I know as you grow older your habits and what not change, but damn. Although, I didn't like Kim Hana,  ya'll made me root for Hamin and her and didn't supply. I mean, these two suited each other. They were the male and female version of each other. Yea Ha Min and Cha's sister were cute, but fudge that noise. THEN, they destroyed Do Hana and Siwoo, then gave us an open ending with them. Ugh!!! They were my favorite couple.Anyways, yay for the I.N and Hyun cameo.",에이틴
25,"If anyone is watching this for Ahn DaeKyum (like I did), he's only in ep15 and like 5 sec in ep14",에이틴
26,"The season two is disappointing, I don't like it how kim Hana did a bad thing but she got no consequences this really messed up for the acting they're really good but the plot is a no no so 5.5/10 for me",에이틴
27,Is kim ha na ends with ha min 🙄🙄🙄,에이틴
28,"Nope, (i think) I don't remember lol",에이틴
29,@Saori I watched it yesterday 😃😃,에이틴
30,@akia Is it good for your standards?,에이틴
31,@Saori Hmm it's an average .. but I like second season more than one 😁😁,에이틴
32,"@akia Oh that's rare. But I'm glad some people still enjoyed it, unlike me. (Who skips every parts just to see do hana) lol",에이틴
33,@Saori But exactly I watched it for Choi bo min 😴,에이틴
34,@Saori Yaa pllzz suggest some short dramas like that .. I just watched Drunk in good taste and it's so gooss,에이틴
35,@akia •One fine week•The way i hate you•Just one bite•Legally dad,에이틴
37,Season 1 and 2 don’t match up and after Kim Hana lies there’re still friends with her ad how can she be rude to her grandmother omg,에이틴
38,I feel like season 1 and season 2 characters don't match up. Like everyone's personalities completely changed.,에이틴
39,"i think shin yeeun is one of main role, cz she's on poster. why theu chanfe her to support role..",에이틴
40,"Shin Ye Eun and Siwoo were only in like 3 episodes in total, with minimum screen time, so I don't think they'll be considered mains.",에이틴
41,Shin Ye Eun should be on a guest role here. She would have easily been the MFL had she haven’t had any conflict schedules.,에이틴
42,Stray Kids Hyunjin and IN had a cameo here!! Please watch and support their comeback BackDoor! https://youtu.be/X-uJtV8ScYk,에이틴
43,Anyone pls tell me will do hana and siwoo really breakup??,에이틴
44,"If I remember correctly, they do.",에이틴
46,They broke up but in the end they made up :),에이틴
47,really they will??!!,에이틴
48,@lookatthe_queen,에이틴
50,kimha was an awful person to her friends and suffered no consequences and ended up with a cute boy LOL hate when that happens,에이틴
51,How was she awful to her friends? Lol,에이틴
52,Did you watch a teen? Lmao,에이틴
53,Will there be a Season 3?  I need closure for Ha Min.,에이틴
54,I love it so much s3 please!!,에이틴
55,"Episode 14 is where Kim Hana lost me forever -- being so rude and ungrateful to her grandmother.Why did they make Season 2 about this phony? I roll my eyes through all her scenes. Hey, producers of A-Teen: she is not a sympathetic character. You can't create a monster in one season and then in the next season expect us to forget all the horrible things she said and did. We all went to school with people like her. They don't get redeemed, and they certainly don't redeem themselves.",에이틴
56,I really love the new characters but this season’s story didn’t have or give me all the feels that the first one did :(( I felt like the 1st season was more relatable & interesting to keep up with. Season 2 ended so quick but it was still really good. Season 3 with same cast though please? ❤️ This cast is amazing to me. I want them to focus on the other characters backstories too.,에이틴
58,How can I watch this movie,에이틴
59,"Search on YouTube, ""Playlist Global""",에이틴
60,do i have to watch part 1 for understanding this?,에이틴
61,"yes, you need to watch the first season hehe",에이틴
62,ok thank you,에이틴
63,hoping for a hamin hana reunion in season 3 if there will be one. they really suited each other because they knew each other so well.. but the storyline this season was really messy with all the sudden and major changes T_T,에이틴
64,"Ikr!! Ha min is such a cute n nice person but they somehw made his character seem like a flirt,who keeps bouncing here n there -.- .. and I’ll always ship him w kimha Bcz y not ryt!? Jooha’s character didn’t had to be the mL, I mean they could’ve used him Jst as a source of spark starter in Ha min & kimha relationship/story!! ...Idk y they wanted to make Ha min look the bad guy (even in the 1st season! -_-) But wattevr tho he(min) and Hana suits better together.",에이틴
65,anyone else having issues with the english subs on ep 20? :/,에이틴
66,"dang. just finished watching this season. let me go through a rollercoaster of all the emotions. this drama was really my type! in all, love it ~",에이틴
67,honestly this season felt so pointless and kimha's character development was all over the place - i love bomin but ryu jooha was so underdeveloped and they both had no romantic chemistry. kihyun's sister was the only saving grace,에이틴
68,"ah hyun and hamin is so cuteeeee!! i can see a lot of smile in hamin face when he is around ahyun, so cute ugh",에이틴
69,Someone who's watched this please answer my question below:,에이틴
70,"Someone gave me a spoiler that Nam Shi Woo and Do Hana break up in this season... Do they get back together by the end of it? If they don't, is it still a good idea to watch this drama?",에이틴
71,hello!! it wasnt really like they ended back together but i think if they have another season they will get back together. Do watch it though because this time its about Kimha!! :D,에이틴
72,"I’m one of this anti Kim Hana Didn’t like her on season 1 and till this day I still see her as too faced! I wasn’t going to watch this because I knew it was her story, But I said why not I’ll just skip her scenes and see what I can find. For me this drama was saved by Ki Hyun sister and her undying crushes. And wish for a season 3 based on her and maybe Ha Min.",에이틴
73,"yess, i agree with you!! i hope there is season 3 and the main focus will be ah yun and ha min",에이틴
74,Yes!! I hope so!!,에이틴
76,"oh man, i was rooting for ha min right till the end. I know jooha treated kimha better in this season but this was also when kimha was a nice person. She wasn't very nice in the first season but min still stuck with her despite being the only one who knew all about her lies and stuff. Like, they were both kind of messed up  but that's what made their bond stronger then with their other friends because they were similar, but then in season 2 they suddenly acted like strangers and had 0 interaction which didn't make any sense cause they were like bffs in the original storyline. Anyway, i shipped them cause they both weren't the purest nicest people and suited each other (i still love them tho. theyre my fav characters) and also i felt like kimha needed min's blunt comments to snap out of her lies and stuff. In fact, I think jooha is too nice for kimha XD but then again i feel like her personality changed drastically in S2 so i guess this kimha 2.0 does suit jooha better and is too good for min now who's still kind of a jerk.  Then again they did such a big disservice to min, just sending him off to america on his own, taking his graduation picture alone, his family problems, he didn't get the girl lol. I'm mad tho that even if kimha doesn't still like him, she's still his closest friend and yet she didn't care at all that he was going abroad to study, and didn't notice that he didn't want to go, which he defs got mad at her for, because he expected her to comfort him without him having to explain and yet she congratulated him. Also with his grades dropping drastically, no one even noticed how off he was (even when he went to play at the pc room). Like I don't know if it was weird writing or anything, but no one seemed to care about him or notice him even tho they were supposedly his best friends. Which you could say it was cause he was kind of jerk, but he was actually the one who always quietly watched over everyone and knew everyone's feelings all the time. Anywayyyyyy, this has turned into a min speech, but I wished his ending could've been a bit nicer. I'll be an awful person and hope in season 3 he comes back from abroad and kimha sees him in a new light lol and they get together (although i dont want jooha to be sad either) idek what im saying hahaha",에이틴
77,Okay. To those that bash on JooHana. Please read,에이틴
78,"Okay so just to be clear. I liked Hamin and also shipped him and Kim Ha together but I kinda forgot some scenes so I went back to watch Season 1 and remembered how Hamin kind of two-timed both Hanas, led Doha on (he made her think he liked her for some time before Siwoo jumped in) , made Kimha not get the score she deserved (did not tell her the topic that was tested even though he knew she didn't know). So obviously I liked well mannered, nice, helpful Jooha more than Hamin for Kimha. Hamin has always talked in such a sarcastic way to Kimha and only Jooha defended and always cared about how she felt. He helped her along the way, built her confidence, helped her find her interest and made her feel special.Honestly, even I would choose Jooha. Not pointing fingers to Bomin or Donghee. Just the characters.",에이틴
79,Is there going to be season 3? If anyone knows anything please tell me.,에이틴
80,ok so when is season 3 coming out thank you,에이틴
81,"I see that Ha Min's brother isn't credited in either season, but is he played by Ahn Dae Kyum?? 'Cause I absolutely A D O R E him!!",에이틴
83,"i mean i honestly watched this second season (and the first one) because of hana and min, and i was so looking forward to them being together , which the first episodes made me believe it was gonna happen, and then in the last episodes there were barely any scenes of them together ?¿¿ and today's episode just ugh im mad so so mad, i mean i like jooha but still, i always thought of him as the nice second lead... anyways this second season was just a waste goodbye",에이틴
84,"To those KimHaMin shippers who kept on dissing Joo Ha, I mean let's face it, both Kim Ha Na and Ha Min are great but they just liked each other at the wrong time.  People have been saying how the writers make Ha Min look bad to let the JooHaNa ship sail but have you guys really forgotten how Ha Min PLAYED WITH BOTH HA NAs during the first season?? He played with their feelings, and said mean things to Kim Ha and hurt her, which is why she decided to stop liking him. I saw people commenting how the writers made Ha Min's character bitter just to make Joo Ha look good but Ha Min has been quite a sad and bitter person sometimes SINCE SEASON 1 due to his family issues. He has always have quite an obvious dark side, but of course he's not a bad person. Tbh, if I were Kim Ha, would I choose a person who is easily offended (mainly about academic results) and jabs with sarcastic comments, say mean things when he's upset, or choose someone who's always there for me and does not have these anger management issues despite having his own family issues as well?  (JUST TO BE CLEAR, I LIKE HA MIN TOO but he just doesn't seem like the right fit)",에이틴
85,"The more it goes, the worst it is. This is such a downgrade, why bother doing a second season if they were going to do this...",에이틴
86,the feels hit pretty strong in the 15th ep. everyone had their obstacles but found new ways to solve through them. i think that was a pretty special and uplifting ep for the main cast,에이틴
87,"why does every single actor in here have such a cute face. they all got big bead-like eyes, plump lips. smooth skin. cast is so goooooodd!",에이틴
89,I don't get why they are even showing them if they want to mess it up like this.  I was watching it for them more than  the other people.  So annoyed.,에이틴
90,Where you guys are watching it. I find it nowhere. Any free site with eng sub?,에이틴
91,I watch in V-live app,에이틴
92,Thank you,에이틴
93,"still hoping that Kim Hana will end up with Ha Min. They know each other very well, they're already like a couple. T_T",에이틴
94,Wait! is Doha not a main character anymore or what?!! she has so little screen time.,에이틴
95,"yes, Nam Sihoo and Her not the main this season. I think its bc of schedule. Kim Hana and the rest are the main",에이틴
96,What a shame she's the most loveable out of all of them,에이틴
97,OK so this season is a whole downgradefollow the freaking webtoon doha and jooha come on peopleik kimha is supposedly nice now but i still dont like her and the fact that jooha is going after her instead of doha is a nono,에이틴
98,"the webtoon is based on the show, not the other way lol",에이틴
99,jooha and kimha better get together or i will scream!,에이틴
100,doha and shi woo broke up :( whyyyyyyy,에이틴
101,Maybe we'll find out next episode?,에이틴
102,NOOOO please not them ! :(((((,에이틴
103,"I kinda wish this was showing on youtube not vlive cause i liked reading the comments . oh well, this season is about our more complex characters min and kim hana, so it's super interesting.",에이틴
104,It is on youtube... on their Korean playlist channel.. it's just that it's an episode late.,에이틴
105,"oh yeah, sorry, I meant like the global version with subtitles XD",에이틴
106,I thought Joo Ha woud like Do Ha >< i prefer do ha tho,에이틴
107,I really love the first 2 episode of this drama,에이틴
109,"thank you so much I was wondering how to find it then I saw your comment, seriously you are life saver!!!!!!!!!!!",에이틴
110,You're very welcome :),에이틴
111,@TheHappyRabbit  you know where else you can find it?,에이틴
112,@212_OKAYYYYYYYY It's on youtube but with Indo subs.,에이틴
113,WoW so Excited???? bomin first drama❣❣,에이틴
114,Wait...why isn't Shi Woo in the title poster? o_o,에이틴
115,Maybe because Doha and Shiwoo break up? No clue if they get back together since it's too early to say,에이틴
116,Are you very serious,에이틴
117,Omg seriously I’m so flippin excited ahhhhhhh!!!! I hope it’s still the same characters I wanna see their romance ????,에이틴
118,They were saying that Shin Ye Eun and Shin Seung Ho have only cameos this time.,에이틴
119,Is this true???,에이틴
120,Yep. It's confirmed now.,에이틴
0,I've been following Playlist Global since the very begining they improved a lot and A Teen eighteen was on the top of the top I mean if you just want to relax and watch a kdrama don't wait a second The drama only lasts few minutes so it's very easy to watch while waiting for something The drama deals with teen problems friends crush love in search of personnality The story was not that original only the way storyline was told was interesting I mean sometimes you think that somes scenes are predictables but not brh they tried to make it different even if the story was ordinary and deja vu Characters I really love all the characters seriously from the saint to the b tsh everything was well done I hate some charcters that means they did a good job haha The End was not as expected but yea objectively the drama is worthy The OST was HOT Can't wait for the nd season Read More,에이틴
1,I'm a huge fan of these short web dramas and as soon as I finished watching the sequel to this called Seventeen I went straight to indulge in this Set in a Korean high school this made me relive the previous years of my life This series is centered around what most students face in their every day school life the beauty and hardships of friendships stress and grades first love future career choices etc The main group of friends in this drama were really diverse but I felt that some of them overdid it with the acting To be honest I was mesmerized by the lead female actress playing Do Hana She made this drama shine and now I have a massive girl crush on her Other than that this show was quite basic and nothing new nonetheless I really enjoyed the cinematography and quality of this drama's production The only other thing that I was quite dissatisfied with was the ending leaving many unanswered questions and begging to make a season Briefly if you enjoy short high school drama and just want something light to watch go for it it's on YouTube waiting for you to watch it Read More,에이틴
2,this is the perfect drama for relaxing or if you want a light hearted school romance i've been a fan of school themed dramas and i can say that a teen definitely reached my standards when it comes to these type of dramas it's very cutesy and all but at the same time they implemented important school issues and how the characters solved it although i was rooting for min and doha the ending pairs were alright also kihyun and boram were SOOOOOO cute just the perfect epitome of highschool love Was this review helpful to you Yes No,에이틴
3,Better than I expected I think A TEEN has a much higher mature production value than other series on Playlist clearly testified by the popularity of the show and its visual treatment Most actors have done exceptionally good acting Do Hanna and Kim Hanna are very pretty Although Yeo Boram's character was far more entertaining I was left wanting for more of Yeo Boram Nam Siwoo's story has quite an interesting twist at the end And I think it would be interesting to see what will happen next in that track Theory I got this feeling by Episode and that Kim Hanna's character has a lot more depth and complexity than what is shown so far in Season Kim Hanna isn't just trying to copy Do Hanna She is deeply inspired by her and possibly reveres here Changing one's name looks is one thing but changing schools is a different level of being inspired altogether In fact Kim Hanna made effort to be in same school as Do Hanna is And wants to live with her when she's older Kim Hanna hasn't shown any interest in any guy whatsoever so far It is quite possible Kim Hanna has feelings for Do Hanna and may in fact be in love with her Which explains in some way why Kim Hanna has even adopted Do Hanna's name because she reveres Do Hanna very deeply Read More,에이틴
4,A typical High school Drama in an Web drama I really was not a huge fan of web dramas low budget not Netflix until I watched this show I mean I usually am really against youth dramas that over dramatize and romanticized versions of the high school experience but this one did a good job at portraying the struggles of finding yourself in HS The bitchy nature of girls is also well portrayed here The individual stories of each character is cute and the side characters not the main leads are really cute as well Acting The acting is okay though I am not a fan of April I don't think their acting will disappoint especially the side characters Pacing The episodes are fairly short with a really catchy OST by Seventeen so it was enjoyable There was never a really dull moment in the drama I hope you try it out especially if you haven't watched web dramas before Read More,에이틴
5,I honestly watched these thinking they were clips to a longer official drama then found out that I had actually watched the full thing I love these so much The characters deal with everyday issues that a lot of students can relate to and the romance especially the jealous scenes is such a cute addition to it I love the friendships even more the sismance is everything I'd ever want There's a lot of questions still left hanging and so I'm anxiously anticipating answers as I watch Season Was this review helpful to you Yes No,에이틴
6,A nice surprise Made me nostalgic For some reason i was not expecting much from this series I started mostly because i wanted to watch something carefree and easy without a deep plot I WAS SO WRONG The good thing with having low expertations is that not only you dont get disappointed but also it surprises you how good a series can be this is exactly what happened to me here Firstly the plot was so interesting and even had plot twist i didnt saw coming Secondly i liked all the characters and i loved that the writers didnt focus only in one they gave us storylines and backrounds for all of them I could really see myself in some situations when i was maybe thats way i got so nostalgic watching their stories i am not even that old '' but the time i was feels so long ago It actually made me cry and laugh from happiness at the end The acting was pretty good too Beautiful stories with beautiful characters I am so happy it has a second season cant wait to watch it Read More,에이틴
7,Ahhh a drama I unexpectedly need that can fit right through my busy schedule This webdrama was recommended to me by my internet best friend and I'm so glad that I listened to her The fact that it's a webdrama I got to finish episodes in between my breaks Even in a short amount of time they gave such a good balance of romance and drama The plot was really simple since it only revolved around high school students and their lives as year olds However I liked that each and every one of the characters was given a background and focus Despite how simple the plot twist was I really liked how it fit the situation and it wasn't obvious at all I liked that at some point the drama showed the simple struggles of what a high school student is going through by each different perspective of a main character The cast was sooooo cute and it was obvious they had fun while filming the whole drama It's my first drama for almost everyone except for Kim Dong Hee and Naeun but they were still so cute My favorite characters were Doha and Siwoo I'm soooo glad to get to know Shin Seung Ho and I was quite surprised that he starred as a main character in Moment at Eighteen Now I can't wait to watch the drama The OST was so cute for the whole drama Seventeen did such a great job All in all the webdrama was something I really needed and loved I liked how short it was for the audience to root for every episode more You'll definitely love the characters and their backgrounds Lastly their friendship was really unique and fun from the beginning definitely a worthy watch if you want something short with good vibes Read More,에이틴
8,Cute I started watching this one as a palate cleanser while binge watching SKY Castle There were moments where that show was a bit too much so A Teen was perfect in between episodes Plus both shows had the cute Kim Dong hee don't expect this story to have super complex characters or hard hitting lessons It's mostly cute and fluffy with conflicts that resolved themselves fairly quickly The main group of friends was definitely loveable I rooted for them all At the end I felt nostalgic for my youth The montage at the end made me reminisce the warm and sweet moments of a carefree in between year one where you're not anticipating the next step in life or worried about the things you're supposed to be working towards but instead living and enjoying the moment This feeling was evoked with a subtle touch Also the kids were all so PRETTY and the OST was fire Read More,에이틴
9,This mini drama is an easy watch It's got episodes but they are each just a few minutes long I watched the whole thing in one day It's a good one to binge The cast does a good job You might recognize a couple of the actors from other things One was in Shopping King Louis as a supporting character and another is a supporting character in the currently airing Sky Castle Plus in one episode there is a cameo with two of the guys from NCT The story lines are believable and seem true to life for many high schoolers They follow common issues in the lives of many people such as first crushes friendships studying habits family issues and more I recommend this as a fun show when you want to just relax and enjoy without a lot of angsty drama Read More,에이틴
10,SURPRISINGLY EXCELLENT I know I'm pretty late with A Teen but I've just finished the first season I didn't expect it to be a good web drama Above all considering that it is under the teenage school romance genre I can definitely understand the positive reaction to drama So far it's been one of the best web dramas and drama I've seen under this genre Although the story is composed of elements already seen in several dramas the story is very well crafted Create an expectation or curiosity to continue watching the drama and the outcome of the story I take off my hat with the cast of actors This youthful cast it's one of the best I've seen in a long time Everyone's performance has been quite professional and impeccable There is no denying the talent of any of them Each knew how to play their character and make them have a different color and contribute to the story I was left with the desire in this first season to see an emphasis on the character or the story of Nam Si Woo Several events are mentioned but never shown in the story Why he didn't want to play on the basketball team What's the problem with team play Who is Lee Jung Min Is she responsible for Nam Si Woo stopping playing basketball Why is Nam Si Woo baffled when he sees her My only disappointment in this first season is this I hope that both Nam Si Woo's character and Cha Gi Hyun's character will have a development in their story for the upcoming season PS I love the OST Read More,에이틴
11,This drama is definitely worth watching the episodes are short and it's easily accessible The osts were very cute and catchy and the actors and actresses are all great at acting and provided a really realistic viewpoint due to their acting In terms of the storyline in all honesty I do not remember a clear story with a clear climax or anything rather just progression of relationships and the development as small problems arise and are solved and new things are discovered It's just a perfectly simple cute yet has enough drama type of series tbh It also felt quite refreshing to watch Read More,에이틴
12,You should watch it This drama was fun and it kept me from being bored I'm pretty sure you can watch it on Youtube too Personally I think that it's hard to judge the story line of short dramas since they are short for a reason I would say that A Teen is a basic story line of a short drama if you've ever watched one What I mean by that is that there isn't really a main character and that there's a lot of each character's thoughts Plus it's your average high school romance school friends decisions etc Even so it's nice to watch one of these dramas once in a while The con for me is that I didn't really like the couple going on I won't spoil anything but that's what I thought It's hard to say without mentioning their names but long story short I didn't ship them A Teen was a fun drama that has guests like NCT's Jeno and Jaemin guesting which I thought was fun to see them act So if your free right now you could literally finish it today So watch it Read More,에이틴
13,Awesome I finished this drama in one day it has interesting storylines It was eps in total but short episodes It has good stories but some things are still unfinished with some questions i hope i will see it in s Acting cast They act really well and i love the characters Okay rewatch I would totally rewatch it I recommend it to everyone who loves kdramas with school in it And the friendships are also awesome and the relationships were cute Was this review helpful to you Yes No,에이틴
14,Good to pass the time It is a good drama and very light with enough time not to be tiring It only bothered me that Min is the one who has the least time on the show and is the one who is the most disadvantaged Kim Hana had disgusting attitudes and even so everyone excused the character and even Min returns to run for her even though she doesn't like him I found it humiliating for the character who had good chemistry with the protagonist FL Min is attentive sweet and smiling unlike FL who is cool and responsible They would make such a beautiful couple that was not taken advantage of Read More,에이틴
15,Quick watch This is a short web drama that you can binge in no time It's short pretty fluffy and not angsty at all There were numerous things to like about this drama Lots of internal dialogue which was pretty unique There was a lot NOT being said I found that Si Woo had the most swoony thoughts His thoughts were more full complete and made a lot more sense Sometimes the internal dialog of the girls came off as trying to be somewhat esoteric which I didn't think worked that well Less bullying than a lot of high school dramas thank you very much Some surprising twists Good friendships The couples just kind of happened naturally and there wasn't the typical evil girl trying to steal the guy and doing whatever necessary to make that happen I certainly wouldn't say it's the best thing I've ever seen but it was an easy watch while trying to figure out what I should watch next Read More,에이틴
16,This is one my favorite web dramas it's very rewatchable because of the length of the series and afterwards you can watch the nd season The characters really develop and it covers a lot of topics that high school students struggle with Also my FAVORITE ost ever by Seventeen The cast are also pretty good actors and include special guests such as some of the NCT members I've watch multiple Playlist Global series' and this is definitely my favorite one It doesn't include mature content so it's good for ages or Highly suggest you watch Was this review helpful to you Yes No,에이틴
17,I feel like each character embodies some sort of a relatable insecurity that we all go through during our teenage and early twenties Each of the characters was SO RELATABLE and I actually loved all of them which isn't typical for me The side ships were also given so much good screen time I honestly thank the lord that this came in my recommended that one fateful day The Hana Hana storyline was so interesting and it was nice to see both Hanas grow into the beautiful young women we ended with at the end of season one wink wink watch season two because it was amazing too Read More,에이틴
18,A Teen is a short web drama following the pattern of seventeen another web drama of the same plot This one focuses more on the high school lives of the characters of their background their personalities and their first loves The story started a bit slow and confusing but it got better The final conclusion was satisfying as every story had an ending and it ended in a cute way though a second season would have been nice So overall good performances nice story and a decent execution of the plot Was this review helpful to you Yes No,에이틴
19,very enjoyable to watch i enjoyed watching a teen quite alot the story is light hearted and cute to watch tho it also contains some serious topics the first season is more about the friendship among the friend group which why i prefer this season over the second one their friendship is just goals and seeing them hanging out is really fun but the romance which develops over time is adorable to watch as well every character of them has their own charms and their own problems at home which makes you relate to them or i guess in my case at least especially do hana who is more in focus than the rest of the group in s is really a great character and you'll probably start liking her too because of her straightforwardness and she is just cool haha ngl overall i can truly recommend you this webdrama if you like a highschool slice of life which includes the romance and friendship aspects as well i'll probably rewatch it some time because it was just very enjoyable to watch every single episode of it Read More,에이틴
20,nice and light My first webdrama and I enjoyed the series a lot It's a common everyday life of students their concerns and stuff At first I though it would be boring but find it fun as I watch it It's very light and the episodes are very short so you can watch this while studying or working or in the middle of anything This series reminds me of my school days a lot and making me miss it well it shows the series is good Some scenes are a littlee bitt cringeee but I get through it I love the characters too every single one the acting was really good But again it is just a basic series no development or tension but I really really enjoy it Read More,에이틴
21,A TEEN Review I don't know how to express how much I enjoy this drama I'm quite upset that I didn't watch it sooner but I wish I could erase all my memories and watch it again with the same enthusiasm I loved the acting casts and everything it was great A high school drama with a fantastic cast This is one of the best high school korean dramas yet it's also one of the most underrated I've seen a lot of school dramas now and this one like every other high school drama emphasizes the age of the problems you face as a teenager whether it's love life friends or family circumstances is a very important and crucial age for any teenager because it's when your emotions and feelings are at their peak It's a short drama that won't take long to finish I'm quite upset that the season ended way too fast since I binged watch all the episodes in one go but thank god we have a season This drama is realistic it shows us the ups and down of high school It's relieving that whenever there's a problem you wouldn't have to worry of it not being solved A Teen is a lighthearted wholesome and warm drama that I think you guys should give a try It covers the topic of friendship high school bullying insecurities relationship being carefree and so on The fact that this drama is a breath of fresh air is one of the reasons why I enjoy it so much The squad's friendship is fantastic Shin ye eun plays Do Hana and she is wonderfully suited for the part I'm completely enamored with her character She appears shy but she is capable of standing up for herself and her loved ones What's more now that I'm a Shin Ye Eun fangirl I'm intending to watch her other dramas as well I really liked the OST and BGM Unlike many high school stories filled with violence and bullying the plot is clear and straightforward I recommend it to anyone who prefers non violent shows Finally due to the development of the supporting characters If you need a break from all the stressful and devastating dramas you've watched like me from watching 'Penthouse' and 'Uncontrollably Fond' I suggest watching this it's warm and filled with joy It makes me excited to go to High School I enjoyed the drama's premise and how it tries to stay true to reality in order to be approachable to everyone the characters were well written and portrayed by the actors I liked that this story was really on point and relatable to a big extent such as the buddies group we can all identify with friends like that such as the quiet one who doesn't say much but is really kind the bright one who always gets good marks the free spirited one and so on It demonstrates how people of many backgrounds can make excellent friends and most importantly it taught me to be myself Not to be a copy of someone thinking that if I imitate them others would like me oooh and also I'm in a good mood after watching this drama and guess what I'm listening to the ending song of season Don't Run Away by Motte I give it a I hope you find my review useful and I promise that you won't be disappointed Lots of love enjoy,에이틴
22,Until now the place I see it is still on episode today is going to be the th I wonder if there s another site I can watch that is more updated The story is amazing the emotion it gives us is like if we were there too so I really love it I can t wait until I see it all because it s so addicting Now it s the time to fill in the rest of the which by the way it s to much soooo pneumoultramicroscopicossilicovulcanoconiose this is the biggest word in portuguese if you re wondering Was this review helpful to you Yes No,에이틴
23,This is by far the BEST web drama I've ever seen Would absolutely recommend this series for people who love the high school theme and high quality short episodes In my point of view the plot was not common It's more like to an urban lifestyle of high school Korean students that we can totally relate as gadgets and electronic devices were used Apart from that morals were included in this story It is highly relatable with year old life because there will be hard times in friendship especially during exam season and during our preadult years we will find a friend that is actually not that kind To me this drama gets to both sides of people the good and the bad so that we will realise our wrongdoings and start correcting our mistakes along the way Multiple thumbs up from me Read More,에이틴
24,If you are looking for a quick to the point teen problem short drama then this is the one I literally binged watch this drama and it was amazing The story revolves around teens and their problems from love to friendships and finding the real you I honestly believe they portrayed a high school student amazingly The problems that most student faces they carefully structured so us viewers can picture it and empathise with them and say that we either were a victim or seen it happened around the school environment I like it that the episodes were around mins each and quickly gets to the point and how quickly they resolve the problems The cast did a great job on acting their own character I'm sorry but I wasn't paying attention to the songs I was too involve with Kimha's character Rewatch I don't like re watching It was a great short drama and totally recommend it to you guys who are into school theme dramas Where to Watch Youtube https www youtube com watch v eUuGdhsw list PLS ClexQbQT TlwvsSBbzPpkjG Read More,에이틴
25,The second season of ATEEN didn't focus on the friendship between the girls which was unfortunate The whole drama was trying to make a great romantic story out of nothing sprinkled with some school drama and growing pains The love stories were cute but not as good as they were in the first season The love triangle was weak too So there were few twists when it came to the romance part Plus the main Hana of the first season was pushed aside and her love story was just a mess At least the conclusion was bitter sweet and it feated a drama about teens and their lives So five out of ten Read More,에이틴
26,this season has disappointed me a bit i had expected better storyline for this than the first season but it eventually got lost within the middle and i find it unfortunate especially the unforseen break up of siwoo and doha this show had a great potential from season but i can't say the same for season anyways i love the transition of them adding new characters although i was still rooting for min and kimha the second season was also cute but i don't think it will surpass the first season in everything Was this review helpful to you Yes No,에이틴
27,I like it I enjoyed this season as much as the first one It was very light fun and I can relate to it a lot reminds me of school days It was sad that Do Ha Na wasn't one of the main leads anymore since I like her character a lot But then I do like new characters as well I do think the storyline in the first season is better as the friendship between the three girls is more focused and the nd season feels like more basic but other than that I like it and enjoy it I also love the way they portray siblings relationship relatable You can enjoy this drama while studying working or in the middle of something since every episode was short Read More,에이틴
28,If you like a simple teen drama story you suppose to watch this I've watched A Teen S and I love it When I heard there will be s I was excited After I watched it s is absolutely better In S had so many twist plot but s was like a simple teenager drama I'm a university student now when I watched A teen especially s make me remember about my high school because most of the story was relatable to high school stories I was a little disappointed because Do Hana and Nam Siwoo were hardly seen because I love Do Hana in s and one of the reasons I watch s because I want to see Do Hana However there were new casts Ryu Joo Ha and Cha Ah Hyun and they made the story perfect At first I thought that Kim Hana will be together with Ha Min but after at the end of the episode Kim Hana end up with Ryu Johaa I was happy and relieved that Kim Hana with Ryu Jooha because Ryu Jooha protected Kim Hana well and always made her happy they were cute together otherwise in s Ha Min made Kim Hana sad and uncomfortable Gi Hyun sister Cha Ah Hyun was really cute and made the story enjoyable and funny Although this season ended very fast I enjoyed all the stories from every episode This drama had a simple story enjoyable to watch in your daily time and didn't need to put a lot of effort to understand the story Read More,에이틴
29,a bit of a let down I did enjoy less this second season of a teen The second season didn't focus on the friendship between the girls The whole drama was more romance oriented but i didn't really work for me I wish the show focused more on the struggle of final year finding what the do to in the future and the insecurity related Plus Do Hana was totally pushed aside or i tought that her insecurities could really have been developped Her and Siwoo are hardly never present Even tought the new charactere are a nice addition Was this review helpful to you Yes No,에이틴
30,Firstly I really liked the cast and how they really suited their characters like it's really them How not everyone is just anyone but everyone have their worries and not everything can be solved the same way as the other Everyone has different interest and sometimes tertiary studies are not suited for you Uncertain crushes doing your best and more The storyline itself is a nice and an above average plot its enjoyable to watch and and has high rewatch value as some scenes are really cute and can be watched multiple times I totally fell for the actors and shipped at least pairs of couples The OST is really enjoyable too especially as I'm around the same age as the actors so I relate to the songs about our uncertain future and friends Really love Teen and highly recommend it to everyone to take a look at the trans of the song while listening to it Read More,에이틴
31,This show continues to be a really sweet look at the life of high school teens their relationships and friendships Personally I think this season is is even better then the first I enjoy the new characters that were added this season they brought a different dynamic they bring but the focus is still on the core cast I like the direction Kim Hana's character went in and her relationship with Joo Ha was really sweet I also really like that the show explores the options high schooler's have in there senior year and that not everyone needs to or even should go to college There was much less Do Hana it seems like she was barely in this season but honestly with the story line they gave her I'm glad they kept it short It just a really short sweet show an easy watch or rewatch Read More,에이틴
32,Best and Most Realistic Teen Webdrama You'll Find Best webdrama out there hands down Confused by all these other reviews Season Season by a long shot Season was more a Season has no cheesy romance lines no relationship games a little bit of realistic high school petty drama and most importantly a lot of realistic teen growth angst I definitely acted like them back when I was in my teens so it annoys me when other reviewers expect them to act like mature fully developed adults If you were most fascinated by the teen romance and triangles from Season then this won't be for you If you're looking for a realistic yet lighthearted teen web drama about life struggles academic stress goal soul searching classmate jealousy and such then I highly recommend this I found myself relating a lot to the struggles the characters experience in school The plot is well written and flows naturally There is only a small emphasis on the romance crushes which is super realistic Especially for your senior year in South Korea Did y'all not study your asses off in high school or something Smh I think maybe there's a cultural misunderstanding for international viewers regarding the ridiculous academic pressures and importance of senior year of high school You have to devote your entire life to studying and college prep There is literally so little time to date or even hang out with friends Hence the lack of the romantic friendship storylines All these other reviews be making no sense I also love the new Jooha and Kimha healthy relationship No games just simple easy confessions and wholehearted respect for one another Doha's and Siwoo's presence weren't missed as much as I thought they would have been Solid OST by SEVENTEEN The others were great too points for Hamin's romance plot He jumped ship so fast regarding his crush It would've made more sense if he was just chasing Kimha because it felt like he was losing control over everything girls grades friends etc but the drama made it seem like he was genuinely into her which we all know from Season isn't true Read More,에이틴
33,It was good but I was sad that that they made do hana nam shi woo supporting i have to agree it was def better than season but I was kinda sad that do hana and nam shi woo became supporting leads i wanted to see more of them together and I wanted to see more fun friendship do hana kim hana and yeo boram had their friendship was really cute but we only saw a bit of it but I liked it although I was sad that ha min didn't end up with anyone anyways that's my short review this is my first time reviewing a drama so I'm sorry if it's bad overall i'd recommend you to watch it if you want to watch something that's not over hour each episode Read More,에이틴
34,TOTALLY WORTH IT I highly recommend you to watch it It really is a beautiful series It made me feel single but it's totally worth the watch I love it so much I enjoyed every single bit Their acting is because it's one of the best I really love the story that they created Some may be disappointed by the changes from season but I enjoyed it and I was pretty much happy about this series There's nothing really upsetting here to me soooooo Well YOU yes YOU watch it right now I Heart this series Was this review helpful to you Yes No,에이틴
35,Disappointed in the sequel Though I didn't LOVE A Teen I liked this one quite a bit less There is a lot more focus on romance rather than friendship in this one Normally I'm all about the romance but I felt that the first season addressed the romances enough This season would have been better served by focusing on resolving the issues between the two Ha Na's Those issues were resolved glossed over in the first season so I was hoping for more of that Nothing really earth shattering happened in this season My biggest disappointment was the limited amount of time spent on Do Ha Na and Si Woo They were really cute in the first season and I was hoping to see more of them this time around In general one season is usually enough for these shows It just seemed like a lot of filler for the sake of having a new season Read More,에이틴
36,mhm this season was kinda weak some people just went the boy from the grocery store whatever happend to him I wanted more scene's with doha and shiwoo i loved their relationship in s story Im dissapointed with these storylines we got no closure for a few things its just left hanging in the air acting cast I love them absolutely I love this music Rewatch I would rewatch it again if im bored Was this review helpful to you Yes No,에이틴
37,IS WELL KNOWN SECOND SEASONS ONLY LET FANS DOWN A TEEN WAS NOT A DIFFERENCE I was so happy to see we had a second season i really loved all of them and i wanted to see more of them but it really left a bad taste after i finished season It is well known that its really hard to make a successful second season and A Teen didnt make a difference Two main characters of the first season didnt had any screen time at all the amazing friendship was almost never shown and the two new characters even if they were interesting really spoiled the dynamic between the original characters At times i really disliked the new characters maybe i loved the old ones way to much so i couldnt open my heart to them Since the end of season one i really wanted Kim Ha Na and Ha Min to come closer and i thought it was going to happen but the end only hurt my feelings maybe thats why i didnt like the new characters An okay season but really nothing special i kinda wish the had ended the series in season one Read More,에이틴
38,TL DR GO WATCH A TEEN SEASON NOW a little bit of spoilers ahead somewhere in the middle Season of A Teen was fantastic and I was looking forward to Season even more This show continues to provide a lovely glimpse into the lives of high school students their friendships and their relationships This season was just as enjoyable as the first it was lighthearted I definitely recommend this teen drama if you're looking for a realistic yet lighthearted teen web drama about life challenges academic stress goal soul searching classmate jealousy and other topics I found myself identifying to many of the characters' challenges in school The plot is well written and moves along smoothly The romance crushes are only mentioned briefly which is quite realistic Especially if you're in South Korea for your senior year In real life you'd have to devote your whole life to studying and college preparation leaving you with few to no time to date or even hang out with your pals As a result there are lack of romantic and friendship story lines which I understand I admired the actors and how beautifully they embodied their characters as though they were real people If you preferred the young romance and love triangles of Season this season is not for you It's just a brief enjoyable show that's amusing to watch or again Despite my enjoyment I don't believe I enjoyed it as much as the first season for a variety of reasons To begin with Do Ha Na was almost non existent I was disappointed that Do Ha Na was no longer one of the lead characters because I adored her However I enjoy fresh characters as well I adored her as a stand alone character and I believed that without her the series would be far less focused on friendship Second I had the impression that there were still a lot of unsolved mysteries from Season Take the girl Shi Woo used to know for example Third I really liked Joo Ha as a character but I'm not too sure about him I don't know whether that's just because he's new and I haven't totally warmed up to him yet especially since we don't know much about him other than his parents being gone The new characters added this season are interesting they have their own dynamic but the focus remains on the core cast Kim HaNa's character developed nicely and her relationship with Joo Ha was really sweet I really like how the show looks at the options open to high school seniors in their senior year highlighting that not everyone needs or wants to go to college I believe the first season's plot is better since the three ladies' friendship is more focused but the second season feels more simple apart from that I strongly like it I also love how they depict siblings' relationships it's so relatable Because each episode is only a few minutes long you can watch this drama while studying working or in the middle of something else I liked this season and everything else but I wish that more of the problems misunderstandings were solved Like for example Kim Minji I wanted to know more about her in depth like her thoughts and what she feels maybe just a glimpse of her day after Ah Hyun revealed the information if you know what i'm talking about sorry I can't say it due to the reason I'd spoil it for the people who haven't watched A Teen yet I just need my questions and doubts to be answered I wanted to know if MinHa and Ah Hyun's relationship will change will they date or will they not I wanted to know more about Yeo BoRam's family issue and how they will change and start to care for her feelings I was devastated and quite upset when DoHa and Si Woo broke up but I know it's for their best and that DoHa needed time alone and some space so I respected that I still wish we could get more scenes with the both of them Although with many questions I truly enjoyed this season I loved the realistic sibling arguments with Cha KiHyun and Cha AhHyun although they fight and argue we can tell how they care about each other Especially when KiHyun found out that AhHyun came home crying can't reveal anymore details if you're interested please watch A Teen How while no two people are alike they all have issues and not all of them can be resolved in the same way Everyone has different interests and tertiary education may or may not be the best option for you Uncertain crushes putting forth your best effort and other topics are discussed The tale is pleasant and above average it is enjoyable to watch and has a high rewatch value as several parts are particularly appealing and may be viewed multiple times The actors had me utterly smitten and I shipped at least two couples Ryu Joo Ha and Cha Ah Hyun two new cast members adding to the beauty of the plot I expected Kim Hana would be with Ha Min at first but she ended up with Ryu Jooha at the conclusion of the episode which surprised me I was relieved and delighted that she was with Ryu Jooha since Ryu Jooha always looked out for Kim Hana and made her happy they were adorable together whereas Ha Min made Kim Hana miserable and uncomfortable in season one Cha Ah Hyun Ki Hyun's younger sister was adorable and added to the story's delight and humour Despite the fact that the season came to an abrupt end I enjoyed every episode's story This drama had a straightforward plot that was enjoyable to watch in your spare time and didn't require much thought to comprehend BUT FORMALITIES ASIDE I NEEDED SOME TYPE OF CLOSURE I WANT NO ACTUALLY NEED TO SEE HOW AH HYUN AND HA MIN WILL GET GROW AND DEVELOP TOGETHER If a season is not possible I just need special episodes for our remaining questions and needs PLEASE But if we DO get a season I hope it'd focus more on Ha Min and Ah Hyun's relationship since in Season it was mostly about Si Woo and DoHa and then in season it was about KimHa and JooHa I strongly advise you to watch it It's a really lovely series It made me feel lonely but it's well worth watching I'm completely enamored with it I thoroughly enjoyed every minute of it Their acting is a ten out of ten since it is among the greatest I adore the story line they built some may be dissatisfied by the changes from season one but I enjoyed it and was generally pleased with the series There isn't anything major that bothers me here just a few of unsolved questions YOU the one who's reading this review if you haven't watched A Teen A Teen yet what are you waiting for Go ahead rate Read More,에이틴
39,season season i enjoyed season alot and gave it even stars but season disappointed me alot it isn't bad but after watching the first season my expectations were just different so i skipped alot i guess because it focuses more on kim hana and i don't find her interesting but the new characters such as cha ha hyun or ryu joo ha were refreshing and i liked them alot tho they were never a moment where i was excited and wanted to know what's gonna happen next to keep it short it was boring but i'll still give it a because of the cameos LOL and the actors such as the OST oh and spoiler do hana and shi woo's breakup was rlly ' ' unnecessary but i guess they had to do it bc their actors were busy but it seemed like they kinda got together again in the end Read More,에이틴
40,I loved A Teen Season to death and was super excited for Season Even though I turned out to quite enjoy it I don't think I loved it as much as the first season for multiple reasons Firstly there was barely any Do Ha Na Even though romance wise I didn't care about her plot that much I loved her as an individual character and without her I felt like the series also focused a lot less on friendship and sismance Secondly I felt like there were so many questions still left unanswered from Season That girl that Shi Woo used to know for example Thirdly I was honestly annoyed by Bo Ram's mindset and lack of support for Ki Hyun at times I don't think any of that was sufficiently addressed Fourthly I liked Joo Ha as a character but I don't know if it's just because he's new and I haven't warmed up to him completely yet especially since we don't know much about him at all other than his parents being MIA but I just didn't care much for the relationship between him and Kim Ha Na though I enjoyed the parallels to the first season and that we got progress for some plots like I'll also admit that I absolutely HATED Ah Hyun at first but now she's become my favorite in the cast and I'm praying for a Season so we get more of her and Min Read More,에이틴
