,reviews,title
0,"8.5-9/10At the beginning, I really loved the show ( even thought about rating it more than 9). Plot was great, acting was good (except ex friend-2nd FL). I like the chemistry between  Na Na and Dan Hee. Really enjoyed in ' Karma is a bitch' moments. The only thing that I did not like was the rebuilding of friendship between girls. Sorry, that's my opinion. Roo Mi don't deserve to be forgiven. Totally agree with saying ' it hurts more betrayal of a close friend then a boyfriend'. And yes, partners comes and goes, but friends should stay 'forever'!",엑스엑스
1,So good! Wish it was longer but it was very satisfying nonetheless. Recommend all the way!,엑스엑스
2,I love the vibe of this drama.,엑스엑스
3,"Definitely one of the best web dramas out there. Like seriously, it's way too good for a drama with only 10 episodes.",엑스엑스
4,"Much better than I expected. Short, concise and good vibes. I don't understand why people in the comments asking for bi/lesbian relationship while the leads are just best friends trying to reconcile. The story is fine as it is.",엑스엑스
5,I've watched a few web dramas here and there and this stood out the most. This is really good for a web drama. I was not bored at all and the story was simple and good. The characters were really good and acted really well.,엑스엑스
6,Hoped the FLs were bisexual LMAO,엑스엑스
7,"I dunno I started it and had a mind set on a complete different story..of course, it never went there. It felt too cluttered to me in spite of the shortness of it. So yeah, I was bit sad  there was no lesbian story.",엑스엑스
8,"Tbh it looks like a good drama but I thought it would be a cool badass sapphic drama .... So no , lesbians , it is not a drama where Hani plays a wlw bartender .... It's in the LGBTQ+ category bc a side chracter is a gay best friend , so don't get ur hopes up and ruin this for u lol",엑스엑스
9,Glad I checked the comments first lol,엑스엑스
10,Decent show what can I say... But TBH it rather feels like a half baked cake. It had potential but for me it didn't live up to it. Anyway it's ok for watching it once just don't expect too much. That's just my opinion.,엑스엑스
11,There was hardly any chemistry between the leads even as friends... What a waste of potential.,엑스엑스
12,I don't think there would've been any chemistry given their history,엑스엑스
13,I felt like this show lacked depth.I liked the relationship between the bartender but I felt the kiss was kinda lackluster.. . Mostly due to the way it was filmed like just focusing on touching lips that weren't moving kinda meh.On to the depth. I would've liked to see more on Roo Mi relationship with her dad. I would've liked to see both sides. I also would've liked to see Na Na's ex point of view on why he did what he did. We say Roo Mi's pov but why not his. There was a scene of him looking at their photos smiling if he cared about her why did he do it? Cause he could? Maybe I'm overthinking this webdrama... I gave it an 8 and would recommend you to watch it,엑스엑스
14,I completely agree with you. I wanted to know those things too. Maybe they thought to show it in S2?,엑스엑스
15,yea hopefully we'll get a season 2!,엑스엑스
16,"People fell bad when lose things, much more than when they gain them. Don't you know he did it? You should rewatch when he tells Roo Mi when she is in bed.The plot is very clear. Roo Mi father is not important, the relationship between the girls are. And that's it...",엑스엑스
17,It's been more than six months since I've watched it so I don't remember. What did he say?  And what episode is that.Also I never said  that the father is important just that I would liked that to be explored more. What's wrong with that?,엑스엑스
18,So I just finished this really short drama and I really loved it. It's about the broken relationship of 2 besties over a guy. It's about a rich girl (Roo Mi) who wants to be acknowledged by her absentee father and an average girl who has been avoiding relationships due to the betrayal of her then boyfriend with her bestie. This is also about how the average girl (NaNa) finally comes to terms with the betrayal and is able to find new love and also resolve her relationship between her ex bestie & ex boyfriend. I especially loved Danny who was able to break through NaNa's tough exterior. I wish for a Danny in my life too.  What I really need is a Season 2. I want to know what happens between Roo Mi and her father. I really thought he was going to show up at the launch party at the bar but I was disappointed that it didn't happen. I want to find out what happens with NaNa's roommate and his ex and also to see what happens to all the characters in the drama. And I wanted to see more of NaNa & Roo Mi's repaired friendship.  It really needed more episodes.,엑스엑스
19,"Casually found it and watched it, it's so simple, yet you like it!! it was really nice and it went on  easily :)",엑스엑스
20,A web drama has no business being this good and high quality lmaoI started watching cause I saw the male lead was cute and soft and ended up loving it!,엑스엑스
21,Nana is my woman crush ♥️,엑스엑스
22,"Women empowerment, LGBT related and mental health issues are included here and it's done extremely well. Usually Korean dramas (especially short versions) don't include these topics or they are done poorly but although the plot was pretty predictable, these things made the series really worth it. Also I loved the housemates friendship and the ending. As for web series it's really one of best handled ones",엑스엑스
23,Is this a lesbian story?,엑스엑스
24,No it's not. But there is a gay couple in this series.,엑스엑스
26,should i watch it?,엑스엑스
28,"The plot was basic, Roo Mi and Dan Hee were wooden and bland respectively so after five episodes my interest had vanished. Make up product placement was annoying. Dropped.",엑스엑스
30,tbh this is one of the best minidramas,엑스엑스
31,"honestly... ru mi's ex bf was the scariest imo. he lied so smoothly without hesitating even once and always kept such a calm and composed demeanor even when she was confronting him. Na na's ex bf is absolute trash but ru mi's ex made me as a viewer feel even worse cause of hoe smoothly he always handled things, if nana and jayden hadn't stepped in with their own proof ru mi would have no evidence and feel like she was going crazy cause this guy covered his tracks so well....scary.",엑스엑스
32,I really liked this drama :) because it showed  something different and relatable. I liked how Danny respected Na Na and the way he treated her....this should be normal in other dramas. <3,엑스엑스
33,I SERIOUSLY WISH IT WAS LONGER!! HELLO DIRECTORS. PLEASE REMAKE THIS. SAME ACTORS AND A NORMAL 16EPS KDRAMA.I SO WISHH!!,엑스엑스
34,why is the camera work so poor. it's very distracting. why would you zoom in on a close up?,엑스엑스
35,I thought the camera work was crazy good. The firm zoom ins especially :p,엑스엑스
36,"The only complain, its not long enough. Nothing cheesy whatsoever. I usually skip this common storyline but to be able to see a strong character female lead as a main character is refreshing & romance is not the main plot is my goal. Nana give me a police or scammer vibe she can totally rock this kind of character. Its worth rewatch. Nana&jayden are friendship goal. Funny duo. Danny are handsome too, being sweet & not overly caring like common drama.",엑스엑스
37,"Really enjoyed this. Short, snappy & cinematic!    I wish more series could be pared down to a smaller number of episodes *cough 80 episode dramas *",엑스엑스
38,What`s up with the genres? I wouldn't call it a melodrama. And it's clearly romance...,엑스엑스
39,GUYS! I need more dramas like this. I ATE this like no tomorrow.,엑스엑스
40,was pleasantly surprised at how good at acting everyone is. I'm really looking forward to seeing more from In Hyuk,엑스엑스
41,"This was so so soooo good, everyone got the ending they deserved  and Sunmi's Gotta Go is absolutely *chef's kisses*",엑스엑스
42,I like the way Hani acts with the others..please do the second season,엑스엑스
43,I want to improve my korean and I want to challenge myself to watch without subs and then with subs. I thought a web drama would be a great place to start. I liked the look of this one.,엑스엑스
44,I want to see them in a full drama,엑스엑스
45,Great acting 10/10,엑스엑스
46,Lee Jong Won as Jayden is the best friend/roommate I need in my life to confirm all my decisions...,엑스엑스
47,i desperately need a jayden in my life to fix my poor life decisions,엑스엑스
48,Where I can watch it?,엑스엑스
49,It's on YT https://www.youtube.com/watch?v=NnPfQkwryas,엑스엑스
51,Wow this was refreshing to watch. NaNa's are always a vibe. Nana and Roomi were both cool girls. For a short drama it was really well put together and had a nice flow.,엑스엑스
52,Short and fun. Definitely recommended to webdrama lovers. The score and OST is especially good as it's very chic and sophisticated and minimalistic. Only con was that it's too short so the characters are not fully fleshed out. Rumi's character was also highly unlikeable. I didn't like how people act as if she didn't backstab her friend (remember the guy was still with Nana just hours before he lied about their break-up). She's truly a scum.,엑스엑스
53,"What kind of a girlfriend isn't invited to her boyfriend's birthday party? LMAOIt was rushed but I think the point wasn't that, the point was men are scum and are manipulative bastards as well and yes some women really are trash and hence they weren't friends anymore but in the MODERN world female comradeship is more important - is what I think the point of the story was.",엑스엑스
54,"Guy: ""Your best friend and I broke up earlier today""Rumi: ""What???""Guy: ""I know you liked me so let's sleep together even though her and I just broke up""Rumi: ""Okay!!""That's basically what it was. lmao both of them are bottom of the barrel scum if you ask me. So I felt satisfaction when Rumi's fiance cheated on her tbh even though I don't condone cheating.",엑스엑스
55,"So when does the next part, XXX come out? ¬‿¬",엑스엑스
57,The ending is a happy one . This drama was really good,엑스엑스
58,This is really good! A new favorite! Been following PG since their debut and wow...They’re getting better with each release.  This is even better than some full length dramas. ❤️,엑스엑스
59,"I am in love with Jani as well as other actors in this drama...someone please suggest me dramas and short series or movies like this one...This is one of the best dramas I have seen..Story and acting ,everything is good about this drama...",엑스엑스
60,"If you're looking for the girl power, Search WWW is what I'm watching now.",엑스엑스
61,Thank you,엑스엑스
62,"Hani’s acting was on point ,she did amazing .",엑스엑스
63,Fix me from Jukjae is such a trippy OST,엑스엑스
64,"This is completely my opinion if you like it then you should give this drama a try.If you want a realistic drama which is based on friendship and cute romance with no frustrating love triangles then you should go for it.Story = the plot was pretty good as a friendship regain type drama where the two main female leads used be best friends but a incident broke their friendship. 5 years after they suddenly meet each other, Will they once again become bestfriends or their friendship remain broken ? You have to watch it for the answer.Cast = Hani is pretty cute and bold at the same time. I really like her character in this drama.Hwang Seung Eon is great portraying her bold , sassy character and look in this drama.'Danny' and 'jayden' did a great job on supporting the female leads.3 things I like about this drama1) the plot was good2) the camera work is too good. I have never seen anything like this.3) the background music effects also pretty good3 things I dislike about the drama1) because it is a short drama that's why the characters are not fully fleshed out2) ending is a bit rushed3) i want a full length dramaOverall it's a easy , predictable , mainly female friendship and revenge web drama.My ratings 8.5/10",엑스엑스
66,Na Na's ex-bf(Tae Hyun) and Roo Mi cheated on her.,엑스엑스
67,I also want to go on a date with Hani <3,엑스엑스
68,man someone please give hani a full length drama lead role i'm begging pLEaSe make it happen,엑스엑스
69,She'll be doing a full length drama called SF8 soon.,엑스엑스
70,":o :o :o that's great!! thanks for telling :"")",엑스엑스
71,"She's unfortunately only in one part/episode of the drama special series, White Crow. The rest of them have different cast members entirely.",엑스엑스
72,Was this Hani's first acting role? bcuz she has such good acting skills. Hope she'll get the main role in a drama in the future!,엑스엑스
73,probably one of the few female lead web dramas that I've loved so much...really liked how the 1 female lead was strong in here sense of self and how she managed to get her life together....really loved her friendship with her gay friend...very sincere.....and then the 2nd lead female was also lovable in a disgusting way..but still lovable...,엑스엑스
74,I loved this web drama! I got hooked as the first episode went on! I would recommend it 10/10 !!,엑스엑스
76,"For the character development, yes!, you'll understand once you watch it. Easy watch.",엑스엑스
77,Thanks ?,엑스엑스
78,"Wait... I could find only 5 episodes, but here says it's 10 episodes, where are the others? I mean, this can't be only 5 episodes because it felt unfulfilling with only those 5 episodes.",엑스엑스
79,https://www.vlive.tv/video/173696/playlist/170133     Here's Ep. 6 and the rest you can find along the bottom,엑스엑스
80,They have a YouTube Channel Called Playlist Global with all 10 episodes just have to look up Playlist Global XX. https://www.youtube.com/playlist?list=PLS--ClexQbQ0FVqjYFbLLrb_mpUg6eTik And  you can also find all 10 on Playlist Global Facebook page,엑스엑스
81,"Hello people! Thank you for answering. I have watched 5 episodes on kissasian but they were all 50 min time long. Seeing that each of these episodes you suggested are 25 min long so those I have watched had 2 episodes within each episode. So those 5 episodes I watched were all of the 10 episodes. I still can't believe it ended really that way =( It had so much space for more, I think.",엑스엑스
82,"@Vi-d Ya sadly, I wish it would of kept going, but it did end in a Good way so I guess I will accept the ending",엑스엑스
83,"Nice, short and enjoyable. It’s not long enough to where it drags, it’s just right. Watch it if you have doubts!!!",엑스엑스
84,"Loved it. Every scene was so aesthetically pleasing, great actors and satisfactory script. The chemistry of nana between the male best friend as well as new boyfriend was very promising. Looking forward to more dramas by playlist global:)",엑스엑스
85,Bae In Hyuk is so gooooddd at acting! His facial expressions !!. I need more lead dramas of him(≧▽≦),엑스엑스
86,"""Adios, bitch"" is my favourite scene",엑스엑스
87,"Haha i just realised that Bae In Hyuk was in the last two web series that started with major f/f queer baiting vibes (this and ""Who Kissed Me"").  He does do a good longing gaze though. ?",엑스엑스
88,WOW! loved this sooooo much!! damn this was so well produced,엑스엑스
89,i LOVED how short this was <3 most dramas have a lot of filler but this ended perfectly,엑스엑스
90,Can someone plz explain the meaning behind the 'R' necklace worn by Rumi and NaNa?,엑스엑스
91,Nvm I just got it. It's Rumi's necklace.,엑스엑스
92,"I agree with everyone else saying this is good. It is short so it does not get draggy but at the same time I wish there was more. I wanted to see more of Na Na and Dan Hee. Everything about this is cool, from the story to the characters and last but not least - the music. The ending was just perfect. Very satisfying.",엑스엑스
93,What website did you use to watch it?,엑스엑스
94,"You can either use vLIVE or Naver TV, which are the official sources. But I think it is also being uploaded on websites like kissasian and dramanice.I watched on Naver TV.",엑스엑스
95,It is on Viki,엑스엑스
96,"Us Asian drama lovers are really fickle people. We get a short series, and we complain it is too short. We get a series that's longer than usual, (20-32, or 40 eps) and we complain that it is dragged out xD",엑스엑스
97,"Not just us, humans in general have no idea what they want. I remember when I was studying all I wanted was for it to be summer so I could be away from school and enjoy doing nothing at all and having no time to wake up. Then after 2 weeks or so into the summer holiday I was like ugh, I miss school, I miss my friends, I am bored and tired of doing nothing. And when the new school year eventually started, after a week or so I completely forgot why I wanted to go back to school in the first place and wanted to be on holiday again. lol",엑스엑스
98,@Hime lol you are exactly right,엑스엑스
99,Hani did great. I hope we'll see her in other dramas soon.,엑스엑스
100,"Am liking the OST .""Fix Me"" is  filled with soothing beats.",엑스엑스
101,"Really nice. Too bad it was a web drama (only 10 episodes).First time ever heard/seen the four main characters and i'm in love with them already (especially Hani kekekek).I loved the fact that this drama main them was friendship Nana+Romi+JungDeun. Though story did revolve around Ex-es, and romance/betrayal, but that sweet relationship called friendship was the highlight and everything else seemed important because of that...",엑스엑스
102,"While the story was rather predictable, it was still engaging and the acting was great. I think this would make a great introductory for someone who hasn't watched kdramas before. It's also good for people like me who have trouble finishing dramas (honestly, most dramas are 2-5 episodes longer than they need to be imo).",엑스엑스
103,"Reading the comments I guess a lots of people know Korean? I mean, episode 05 got english  subs just 2 days ago xD",엑스엑스
104,Hum i think the subs were available weekly. I mean I don't know korean (also I waited for this to end so I can watch it) but I downloaded subs every week on subscene :v oh I guess it was available on kocowa too,엑스엑스
105,"Hm, that must be the case, then. The subs were available somewhere else meanwhile websites like kissasian started uploading the episodes weekly just later.",엑스엑스
106,yo why did this blow it out of the park (haha baseball reference).... LIKE ITS SO GOOD !!!,엑스엑스
107,Nice one..LOL,엑스엑스
108,The only complaint I have is that I wish it had never ended. I haven't watch a drama I loved so much in a while!,엑스엑스
109,This was awesome.  This was a really great story <3 Lots of people should watch this. Thumbs up,엑스엑스
110,This drama was so good!!,엑스엑스
111,"I liked this drama, it was good and I loved NaNa and her friend and coworker but really I'm supposed to like Roo Mi? Or feel sorry for her?! Because I just can't! Yeah, I'm sorry because I can understand her fragility but this didn't excuse her...",엑스엑스
112,"I'm so sad it ended, i wish it was longer like 10 eps with 1h each",엑스엑스
113,This drama was very good. The story & cast was great. Hani did a great job. Hope to see more of her in future projects.,엑스엑스
114,"webdramas have the best normal relationships, they are so much better than romcoms~like, I'd watch the slow natural romance develop rather than the hate to love/bickering couple that are forced to be together and suddenly are in love becasue they had a childhood connection..danny, and the strong girl power was everything~",엑스엑스
115,"I honestly loved this drama, I wished it was longer, so it could explore “Jayden”s character, I felt that if they fleshed out his character more, this would have been perfect...and I wanted to see more of our couple together! That aside, everything else was perfect. Nana and Roo mi where awesome on screen",엑스엑스
116,i though this has lesbian content,엑스엑스
118,yes they have great chemistry,엑스엑스
119,"This was such a soothing and satisfying drama to watch. Loved the ending. I wish it was longer, but it was short, straight to the point, and so so sweet.",엑스엑스
120,"Wow for a Webdrama this was really good. I'm a little sad it was only 10 25-min episodes, it could have gone on longer and still find enough content to be entertaining. But either way, enjoyed it immensely. Music was great, characters were deep and complex, more complex than what i see with some other 16 episode long dramas. well done 10/10",엑스엑스
121,"Just finished it. I liked it, wish it could've been longer.",엑스엑스
122,I finised it. This webdrama is sooo good like 10/10,엑스엑스
123,May i know where did you watch it?,엑스엑스
124,You can watch it on Vlive for free,엑스엑스
125,"Am I the only one that wanted Jayden with Roo Mi? Because of the whole love/hate relationship. But at the same time I think he doesn’t date girls, he gave me that vibe.",엑스엑스
126,I just finish ep 10 and it’s confirmed! My Vibe was correct!My boat definitely could never be shipped lol  I’m going to miss this drama.,엑스엑스
127,"what are the chances there's a second season planned? i just finished episode 9 and it does not feel like the penultimate episode lmao. more like setting up a new plot point, not resolving them.",엑스엑스
128,omg jayden is gay i’m 99% sure of this,엑스엑스
129,I thought I was the only one that notice and i was shipping him with Roo Mi Hahahha because of the love hate relationship. I guess that not happening.,엑스엑스
130,It’s confirmed just finished ep 10! Boomer cause i wanted him with Roo Mi.,엑스엑스
131,"I just finished and i knew it! but i'm kinda sad tho i was shipping him with Roo Mi too :( , just love some enemies to lovers.",엑스엑스
133,So this had 10 episodes of 25 minutes? that means next week is the last week???,엑스엑스
134,"I wasn't expecting to, but i love this drama..story is simple and good,Actors are awesome,Sismace is intersting,Background music and OST is awsome...And the direction, i love it.. Not many dramas has such direction, it makes even simple scenes and dialogue very  important..",엑스엑스
135,"Same, I also like this drama. although at first I didn't expect this drama to be good.",엑스엑스
136,"I have mixed feelings on how RooMi handled the confrontation with GyuMin. The message from her basically felt like ""I should have never mingled with poors"" to me? Like I get he was staying with her for mostly the money and connections, and she even says herself that she feels like all she has is money, but there's a lot of classism in what she said too and I know that it will probably not be addressed.  Like idk I just wanted literally anyone to pop out of the corner and say something like ""you're not above him because you're rich, RooMi. you're above him because he's a shitty person"".",엑스엑스
137,"True she just humilated him using her money (or class), rather than his mistake.",엑스엑스
138,"I thought so too... I thought Hani would be the one to tell her afterwards about that tbh. Honestly, so far, RooMi's biggest flaw is not her unstable mentality but it's actually her thoughts on money. She thinks being rich is everything and all she has lol. Hopefully she changes by the end of this drama.",엑스엑스
139,"True. It seems like she did thought so.. But to me i think she did right . Its not her being arrogant of her wealth, but the cheater was only interested in her money. So she humiliated him with the things he was in love, and i think she did in a most deserving way that she could. Before she started to ask him for the reasons, and he made her the reason for his being a cheater.. so it was not gonna work again. That's why she planned it differently than Hana, she insulted him the way she knew he would felt most insulted..",엑스엑스
140,"I disagree with the people saying that there should be romance between NaNa and RooMi. There's so much distrust between them (particularly from NaNa) that it would realistically take a really long time just to repair their friendship, so it's really difficult for me to imagine them being in a relationship. (And I'm generally pro-FF ships lmao). Unrelated, I am ready to die for DanHee.",엑스엑스
141,"The chemistry between the actresses portraying NaNa and RooMi is unlike anything I've seen before in any drama  and I can definitely see where people would ship them.  I agree with you that their bond has been fractured by betrayal and their relationship will be different but never the same with each other.  DanHee is the absolute bomb!  If he were true to life, I'd superglue myself to his arm and dare anyone to pull me off.",엑스엑스
142,"Yes, their chemistry is definitely awesome! I really hope to see them become friends again by the end of the series.",엑스엑스
143,"I feel the same way too. their chemistry is awesome, better than most of couple's..Being the distance, it seems like it would take a lot of time for them to be close again, but for me the scene of both of them together at the bar after the revenge was it and everything.That single scene could portray how much they loved each other and how much they missed being them, how much they wanted to get back together. Hani wanted to say everything to her, wanted to say how she was heartbroken , not because of a someone like him, but because Roomi made that insignificant person so significant between them. That she choose him over Hani,and Roomi just wanted hani to get made at her, curse her or whatever, and thats what she got.  Hani thought Roomi only wanted hani to get angry at her because she wanted herself to feel better, but i think Hani realized that Roomi was devestated because Hani made her invisible, and Roomi knew that Hani being angry at her was the only way she could try to get back to Hani..",엑스엑스
144,I want more than one episode a week! This shit is getting good!,엑스엑스
145,when do new eps come out on vlive? is it thurs & fri?,엑스엑스
146,"Friday only, one episode a week.",엑스엑스
147,on vlive they post new eps every wednesday and thursday.,엑스엑스
148,"Pls which channel on vLive, I can’t seem to find it",엑스엑스
150,@lordazula Thanks much ??,엑스엑스
151,jayden is gay right? yessss,엑스엑스
152,"Love Jayden so much lol really like his style and his ""confirm"" XD Hope they kick Nana's ex ass next week he's truly a disgusting asshole.",엑스엑스
153,Does anyone know the OST?,엑스엑스
154,It's called Gotta Go by Sunmi :)) that is if you're referring to the sort of bad ass song that plays at the start and end of each episode,엑스엑스
156,"I love how the story is developing, each episode brings something new.",엑스엑스
157,Omg I take it back!!!! I disliked NaNa so much thinking she would be that type of whiny damsel but boy what a change! I LOVEEEEE her! This rarely happens to me! Once I dislike a character there’s no taking it back.,엑스엑스
158,Also I really thought the GF wasn’t the one in the room with the EX that was a big disappointment for me :(,엑스엑스
159,"Most dramas have two women fighting over a guy with the one dimensional evil female losing out in the end. ""XX"" has a betrayal of a friendship and the story seems to evolve from that moment to reconciling their loss. The two women, when they bicker, it's done with intelligent dialogue and acting rather than leaning on the usual formula of ""oh, she will be a better person with better choices if I keep being nice to her."" I loved the conflicted determination of Na Na to not turn away even though she had every right to do so.",엑스엑스
160,I can't for the next episode to see them work together and put that guy in his place,엑스엑스
161,Danhee and Nana would look cute together,엑스엑스
162,Can we have lesbian plot between the 2 FL please?,엑스엑스
163,I'm getting more of a sister vibe from them.,엑스엑스
164,"""What's the name of this cocktail ?""""Adios, Bitch"" lol",엑스엑스
165,Next week is going to be great! Can't wait to see what happens when they see each  other again,엑스엑스
166,"I guess I’m going to be the odd one out again cause I like the secondary girl more than the lead girl. I guess I side more with the “bad” ones  than the victimized ones, after sooooo many lead girls like her.",엑스엑스
168,Yay!!! Finally someone that thinks like me.,엑스엑스
169,Really liking this so far. Good acting.,엑스엑스
170,"came here for Lee Jongwon but then realised Hani and Seungeon are the MCs,, interestinggg",엑스엑스
171,"Listen, i would die of happiness if this was a love story between the two FL, but since that's never gonna happen, i'll take the sweet Dan Hee pining over Na Na.  His unrequited glances are a very good consolation prize.",엑스엑스
172,we can only dream about it...,엑스엑스
173,Hani is one my favorite idol and I decided watchin this with no bias whatsover and lowered my expectation cuz a lot idols don't do well at first but hell i was blown away from the start I didn't expect something like dat and it was different. Hani acting felt so natural and it more impressive that this is her first drama like I can't-,엑스엑스
174,"I'm really loving this! Just confused about the episode count haha, have been watching one ep a week around 45 mins each roughly.. but on here it says 25 mins? does that mean it's actually only gonna be 5 eps of approx 45 mins each rather than 10?anyway definitely give this a go! hani is beautiful and lee jong won is so hot haha!!",엑스엑스
175,If you are watching on Viki or Kocowa they are at 45 minutes but on vLive they are about 25 minutes each. I'm watching on Viki so after I finish one episode that's 45 minutes long I'd mark off 2 episodes on my watchlist,엑스엑스
176,"okay thanks for the clarification, that would be why they are different time lengths! I had no idea it was on vlive actually haha! that makes more sense!",엑스엑스
177,this would be a great romance between lee roo mi and yoon na na if only....,엑스엑스
178,I knowwwwwwww. This is like Search: WWW all over again.,엑스엑스
179,Hani has a different vibe here tho...not the hani we see on tvshows...she acts great,엑스엑스
180,Can someone tell me the songs? I can't read hangul hahhaaha also I can't find them online..,엑스엑스
181,"wow the cinematography is quite beautiful, same with the choice in music",엑스엑스
182,If you've watched most Playlist webseries you'll realise the production upgrade they got. I love the longer duration and they seem to be trying something new with this one which I really like! I'm already loving it a lot,엑스엑스
183,"Wow I am surprised by how good this web drama is so far. I like how the episodes are longer and the concept of this drama. I am getting sick of the usual love story web dramas but this drama just put a fresh twist on revenge, friendship and hints of romance so far.",엑스엑스
185,Quite unique and fresh concept. Especially the sound effects and cinematography. Intriuging....,엑스엑스
187,"Loved the first episode, hopefully it stays like that till the end.",엑스엑스
188,"First episode was good, not great. But I enjoyed it. Looking forward to the next.",엑스엑스
189,both the girl attitude and drama title remind me search : www,엑스엑스
190,Honestly I would have stopped showing up if I was her.  The urge to strangle her would have been too strong. I hated Lee Roo Mi from the moment I saw that atrocious suit.,엑스엑스
191,"The atmosphere is pretty amazing !!!! It's tense, and intimate. Love it. Love both of the guys already, I really hope the friend isn't in love with Hani's character, because their current dynamic is amazing. The bartender is unbelievably cute. Plus the 2 heroines. Amazing, the chemistry is heeeeeeeeeeere. I feel like the entire first episode was them staring at each other like they could kill with a look. Yes.",엑스엑스
192,good to see some positive reviews hehehe! gonna check this one out :D,엑스엑스
193,I am pretty sure the cute bartender boy likes her,엑스엑스
194,"on the fourth episode, the Danny the bartender seems to like Hani...he is giving so much signals tho hahaahah",엑스엑스
195,Hani is acting the hell out of this. I've only ever seen her as one of the main hosts of A Style for You and this character is extremely different to how she presented herself on that. And so I can't believe that this is her first drama and she's just blown me away. This drama has such an interesting feel to it too! I seriously can't wait to see what's to come.Bae In Hyuk is also definitely someone to watch - I've seen him in 2 webseries now and he always seems to catch fans eyes more than anyone else.,엑스엑스
196,"I really want to watch this, but I can't take ongoing webdramas :(",엑스엑스
197,"Watched epi one, and I think it emotes that dark, cool vibe we just saw in VIP.  I liked it.",엑스엑스
198,"Yooo if anybody got the link to this drama let me know ,tyy!",엑스엑스
201,So where are you watching it?,엑스엑스
203,Oh thank you <3,엑스엑스
205,Seung Eon Like this looks nothing like the girl in Madame Antoine,엑스엑스
206,Oh this is going to be good!,엑스엑스
207,I’ve been keeping my eyes on this drama for a few months now and after the 2 promo shots I am even more excited!,엑스엑스
208,"ooh, I saw the poster for this drama on insta and I wondered where it was from~",엑스엑스
210,I was like ‘bitch that looks so much like hani’ so I clicked it and yeah,엑스엑스
0,I always say webdramas have the best most realistic relationships if this was a romcom it'd have had a useless love triangle with female characters that couldn't speak up for themselves this had everything a slow natural friends to lover relationship no cliches or better yet realistic twists to the cliches like the girl rivalry a normal nd ml that didn't secretly love the fl a cute friendship female power dimples everywhere a male lead that apologized and didn't over step his boundaries ie a real nice male lead girls taking care of their own problems and the best part the nice healing plot development I kinda wish it was longer though the ost highlighted the strong female characters well and I rarely rewatch things so it's either or p Read More,엑스엑스
1,Satisfying Beautifully Shot I'll be honest I started watching purely because Hani was in it and I like her However it's a solid drama and definitely can stand on its own all bias aside The plot is simple to follow but entertaining and really rewarding it's a nice compact little story that doesn't have many huge twists and everyone gets what they deserve in the end It's short episodes of minutes each but I feel it does as much as it can with such a limited run The characters aren't super fleshed out but this doesn't detract much from the plot The little we know about the characters is all we really need to be invested in them their stories and that works for me I honestly did not care about the romance whatsoever but it was sweet Hands down the best part was the female leads and their volatile dynamic Hani and Hwang SeungEon have great chemistry together and it made for a lot of intense scenes For me they were really what made this drama worth watching All in all the acting is great the costuming is good the music is decent Sunmi's OST really sets a revenge mood though I felt some of the background music was odd at times and the cinematography is surprisingly fantastic Visually it's a beautifully shot and produced drama especially considering its budget and scale I thoroughly enjoyed watching it and probably will watch it again Though it can feel rushed particularly near the end it's a great length for casual viewing and has a story that's easy to get into each time Read More,엑스엑스
2,XX is undoubtedly the best show Playlist Global has delivered up to date The story the acting the production the characters everything was chef's kiss The show was original something new and contained meaningful lessons Whether it may be broken friendships or toxic relationships I think the show did an excellent job of portraying the character's troubles and allowing viewers to really learn from their mistakes The women in this show were especially powerful which was so nice to see With Sunmi's 'Gotta Go' playing at the back this song is PERFECTION btw I found myself getting goosebumps as my heartbeats skipped for these women Each episode really left me wanting for more The show isn't really romance focused but instead emphasizes on revenge and friendships I personally loved that it took this unique approach for a webdrama The bits of romance were still enjoyable since it was all quite heart warming I loved seeing a healthy relationship and a male lead who was kind and patient for once The characters were imperfect but that only made them more relatable and interesting For a webdrama with short episodes this show did a phenomenal job with the development I would definitely recommend this show to anyone who wants a quick meaningful watch Keep in mind that this is a webdrama with a few minute episodes thus it will probably not be the best show you have ever seen However for a webdrama coming from a smaller company meaning limited money and time it really did the best it could Thus I would give it a for a webdrama Read More,엑스엑스
3,This show was amazing Enjoyed the realistic relationships between all the characters Its a must watch With great pacing It s short so don t expect all aspects of the web series to be explored however the drama did well to touch on a the issues that affected the characters The show was beautifully shot It explores the subject matter from many angles form the victim and participants It also looked at wider issues that affect people s decision making I loved Dan Hee who was like a quiet pillar somehow just present and strong I would recommend this show and would defiantly re watch it Read More,엑스엑스
4,Take the time to watch this It s a feast for the eyes it has a film noir feel to it Filmed a lot in shadow with brown dark tones Everything has been well thought out the rooms the clothes and the makeup all flow seamlessly together with nothing out of place The use of closeups was very well done especially when the bartenders were mixing drinks The two female leads work like yin and yang one extremely overtly classy selfish and insecure the other more understated and comfortable with herself The entire cast was very good and they were working from a great script a lot packed into five episodes with no wasted scenes The music added to the overall feel from the pounding techno to the use of a single droning beat whenever someone entered the bar This show was a joy to watch Read More,엑스엑스
5,XX the more accurate title or Blue Moon was a nice web drama Global Playlist do tend to take a leap off the school drama which nails and give chances to new actors like Hani here fortunately as the stories are pretty good In this one they nicely wraped up every nook and plot line that they had which was satisfying The revenge scenes were the BEST part of the drama as they were so enjoyable The romance was nice and well placed but the way the girls handled that jerk in the end was just right The side characters were entertaining too So overall seven out of ten for this web drama Read More,엑스엑스
6,Surprisingly Good Wow This was a surprisingly good short story I loved how they built the tension between the characters and how the emotions of betrayal were clearly depicted in just short episodes The pacing of the story was well done and the actors delivered It was also balanced with the strength of lasting friendship and sweetness of finding true love I also liked the sound of the drinks being prepared from the opening of the bottle the clinking of ice cubes and hissing sound of fizz It sounded so relaxing and convinces you that you needed a drink right away Last but not the least the visuals of Bae In Hyuk is no joke The boy is seriously good looking Not also forgetting the sweetest lip lock close up Hurry and watch it ASAP Read More,엑스엑스
7,This is one show that I really enjoyed without skipping through as I do with many shows The cinematagraphy is really beautiful in this show as a give them props for that and the story flowed perfectly This show had the perfect pacing as it wasn't too fast or slow and it kept me watching every minute of every episode without getting bored The cast was also amazing as everyone had a perfect role and they acted personally as I have never seen any of them in other shows as this was my first time seeing any of the cast and I fell in love In this show this has a huge focus on the strength of women and a hint of romance with Danny in the story with a tragic past which lead the main characters together I rarely rewatch shows but I rewatched his week after watching it as I loved it so much Amazing cinematography Women power Hint of sweet romance Revenge on a douchebag Rated Read More,엑스엑스
8,Well executed revenge story with amazing OST I couldn t stop watching this Every minute was important which is why I loved it It doesn t have any dragging drama scenes OST is so spunky and spot on The big picture of the story sounds basic but the details within the story is what makes it so good to watch Actors did their roles really well I usually fast forward when there s an annoying character because they usually just taunt without substance but this one was good Cinematography is A It has a strong vibe like Search WWW in terms of OST cinematography and strong women It s short so they just give the essentials Read More,엑스엑스
9,I don't know what I expected from the story but I'm a little sad because I thought it was episodes of minutes each I thought we're getting episode a week and didn't realize we were getting The story was simple and predictable not necessarily in bad way it was just clear who were the bad guys and we only watched them get punished Acting and Camera though OOF Supreb I loved the expressions Na Na Roo Mi made every time they clashed whether in the past or the current timeline As for the soundtracks most notable was Sunmi's Gotta Go but the music they used in the ambience was alright too P S I hope this is a great kickstart for Hani's acting career Read More,엑스엑스
10,Intereting shortwatch I watched this drama in between my drama slump since it's short with ten eps of min each I didn't have much expectations but just knew that Hani is in it thumbs up and that it would have a mysterious vibe wasn't mysterieus at all but nonetheless a interesting shortwatch I particularly like some of the badass ost's Sunmi Gotta Go The story and acting were pretty good for such a short drama If you are doubting just give it a go Just be aware it isn't particularly a light fluffy drama like a lot of the short ones Was this review helpful to you Yes No,엑스엑스
11,This Is Why You Shouldn't Trust Reviews I won't lie I started this show because of exactly what you're thinking of Hani Going into it I had a few reviews and comments in mind so I wasn't expecting much People called it your typical romance drama so why did even the very first episode feel like anything but that If the only thing you got from this was the incredibly awkward development of Nana and Danny's relationship that's your business What it caught my attention with though was the story of learning to accept yourself your past and present mistakes and grow from them Oh and beautiful friendship too The show had it all I laughed I cried I sympathized and all that jazz It had its ups and downs but was enjoyable nevertheless Wish to see more of them in the future Read More,엑스엑스
12,A surprisingly good show The reason I watched was from a recommendation I wouldn't have chosen it myself but I'm happy I did The simple but satisfying Cheating between friends and exes and how to live after all that Terrible in real life great for entertainment value What stood out for me that it was all believable Nobody behaved in a way that makes you doubt the script writers sanity All the characters felt like real people Because the whole thing is quite short not everything was fleshed out as well as it could have been especially the end could have used another hour or so but overall it was a well told story The acting and cast was superb None of the actors were on my favorites list but all the characters were portrayed really well One of the bad guys Shin Jae Hwi did such a good job that I'm a bit worried I'll hate him when he's in something else The female leads did great the women they portrayed were far from perfect but you can't help feeling for them I especially liked the style in which the series was shot not over done but the whole series felt a bit like 'french cinema' The attention to detail like applying lipstick as almost female body armor made it a joy to watch The this one is a bit harder to judge The score always fit the scenes and was even part of the story Unfortunately I did not like any of the songs so a seven out of ten maybe Rewatch value I'll probably watch it again The vibe of the show was really good but it's not a complicated story with lots of details and or layering so it's not something you can watch over and over again recommended if you want to watch a shorter series that shows real women trying to solver their own issues beautifully shot with a well integrated score Read More,엑스엑스
13,The idea is amazing but I enjoyed this drama I read some reviews and comments and I think I have a different view over some topics PLOT athe story begins amazingly Between a betrayal in a friends Are they strong women I think Na Na is and always was even years ago She felt betrayed by Roo Mi and that's what hurted her Roo Mi slept with Na Na's BF and that's it She betrayed her friend and really choose to loose her She was seduced Does anyone gets seduced if they don't want I think Roo Mi wasn't strong and it's starting to get powerful in the last episodes Danny was very cute and a true friend and bf Usually I think women talk about the shiny Prince but desire the villain Here it's the opposite Sweet relationship between Na Na and Danny Maybe she realised he was always by her side Na Na is amazing she deserves her friends and Danny Didn't like Roo MI's ex Very uninteresting How could she love him I never heard of women in that situation come closer and be friends again That was really surprising But since everyone thinks it's normal maybe it is ACTING Really like it Nothing amazing but everyone did the job OST don't know what to say I think it was well used in the drama butz personally I didn't like the songs REWATCH maybe some scenes but don't think so OVERALL I like it It could be better developed bit was ok I like the relationships between human beings and the reasons and behaviours Don't care if it's a straight a lesbian homossexual or other kind of relationship Read More,엑스엑스
14,For XX How did I watch From the first premier religiously waiting for every new eps Why did I watched Sunmi for the OST and I want short webdrama Themes that I like in the drama Friendship strong women revenge believable character sweet romance nice boy Most favorite character Danny He is such a nice boy I like the nice touch that he talk about baseball for eve Most favorite interactions Rumi and Jayden I like their bickering relationship its fun to watch Most memorable scene plot point When they revamp the black box vid to the shop I thought we will never know And spoiler the cheater Why did I stay for this drama engaging and well liked characters It's so easy to watch and left me wanting more What I would like to see more More bartending I know its Kdrama and they won t be focusing on the drink as for example Jdrama But I love topical drama More sismance and friendship because I just love that What I would like to see less the over usage of flashback and the breakdown moment It felt so repetitive Would I watch it again Yes probably soon When will be the best time to watch When I need something short and sweet to watch Radar alert for the future watch I will watch any of the lead actors if I see it And playlist kinda slays its OTP game Read More,엑스엑스
15,When I started this drama I thought that it was going to be a GL Turns out it wasn't but it was not dissappointing for me at all since I still have enjoyed the story very much I binge watched this short web drama in two afternoons and I enjoyed every minute of it and then I even watched the behind the scenes clips too since I liked this drama very much I really grew fond of the two female leads and I loved how their relationship developed from enemies to coworkers to aliies to friends The supporting characters were also nice I highly recommend this web drama for you to watch Read More,엑스엑스
16,I really loved this drama I don't like rewatching anything thats why it has a low rewatch value but omg wow this was great The character development and healing between the female leads felt so natural and it was rlly well done The main characters were really likeable as well I really hate unrealistic cliche's with a few exceptions and this drama did not disappoint The development of the romance was natural as was everything else Despite it being short episodes that are minutes long it was well paced and didn't feel rushed It is extremely underrated and deserves more recognition Read More,엑스엑스
17,REVENGE IS SWEET Absolutely loved this It depicts revenge at its best Really loved the two MLs Two of my favorite crushes The two FLs were also outstanding I even liked the music and I usually have to mute a lot in Kdramas I was so disappointed there are only five episodes though I wanted the story about how to deal with a scumbag cheating ex to happen The bar scenes are realistic and looks like a bar I would frequent More episodes please Really five hundred words What more can I say without spoiling the stories within the maon story Was this review helpful to you Yes No,엑스엑스
18,short sweet I thoroughly enjoyed this Webdramas might become my preferred type of dramas lol I m all seriousness I really enjoyed this I actually found the story interesting I always like when side stories mirror what the leads are going through and helps them out The revenge scenes were chef s kiss I think they took revenge in the best ways that would hurt those they were dealing with When Nana said you re not worth it ouuuuu I know homeboy went home crying Anyways yes the story was very nice It s also great that there were no loose ends Everything got wrapped up well I m not familiar with the cast but after their performance I would definitely look more into them especially the two FLs The music was A I hadn t realized one of my favourite OSTs was from this drama the Sunmi track is a bop and a half The way it perfectly fit every scene it was played in Let s not forget the videography It was nicely filmed omgg the shots whenever they were making drinks wowzers If you can t already tell yes yes I loved this show and I ll probably watch it again I hope you enjoy it too Read More,엑스엑스
19,A short but interesting web drama about friendships broken hearts and the morals of love and relationships To be honest I mainly started watching it because it is a short and easy to watch series Sunmi had a feature song in this and Hani was playing the main character I could watch that woman all day her performance was so good and natural and the chemistry between the bartenders was out of this world Rather than liking the storyline I definitely enjoyed the friendships in the drama more The most memorable one was between the flatmates and how male and female friendships are portrayed with trust and support The only thing that I did not agree on was the ending and how the relationship between the two main female leads played out I wish it could have been more impactful Other than that watch this drama for a simple and light watch Read More,엑스엑스
20,XX besides being beautifully cast and well paced as usual is a bit different from your usual Playlist webdramas it has a serious fancy atmosphere due to its setting and the way the writers slowly but surely approached the topic of cheating both in love and friendship It also has some impressive shooting quality although I found some odd cuts here and there I'm trying not to be too picky since they overall felt so fantastic One of its faults is that the two main characters had bland personalities while the side characters felt promising complex the idea of having a solo drama for Yu Rumi or if Playlist has the guts Jayden sound like a risk worth the take for a channel like Playlist Only one last thing I absolutely despised Sunmi's soundtrack it's nothing against her it's just that even if it was the producers' intention anytime it would play it'd be jarring and personally it didn't felt like it fit the drama's theme The other two were nice though Read More,엑스엑스
21,This was surprisingly really enjoyable and something I looked forward to every week The friendship between Na Na and her roommate was one of the best parts of the entire drama and I loved how there was zero unnecessary drama between them their conversations were touching when they needed to talk about something serious but otherwise I also loved their banter The romance was really cute without unnecessary drama as well Obviously my favorite part was the relationship between the two girls which was the main part and I thought everything was resolved super nicely and realistically In fact Na Na was such a likable main character I love savage moments and she had so many of them She was overall just super relatable to me from the way she sort of ran from her problems to realizing who was worth her time and who wasn't Read More,엑스엑스
22,The story was more to the point than what it is It was honestly everything to me you think it's just someone passionate about her bar but it's more than that it's about betrayal it's about fighting it's about being yourself and also being someone that is moving on in every and any situation and it's just overall amazing Nana was a bad ass the second bartender aka her LOVE INTEREST was awesome too the best friend she lived with was alright and the backstory it really had you hooked Hani played such an amazing actress her acting has really gotten AMAZING and she was EVERYTHING in this show and everyone else played amazing rolls too I loved it The music was FANTASTIC I would def rewatch this when I have some down time an amazing show Read More,엑스엑스
23,Amusing revenge tale I generally avoid drama involving terrible breakup annoying love triangle and cheating But I decided to give it a go since this drama is very short and the beginning was interesting enough to get me glued I am glad for once a writer clearly know my style of story The story is all about giving it back what those trash deserve and moving forward in life for good I am happy that the friends rightly called that trash as an embarrassment and horrible memory to put him on place And had a happy ending to become together Would have rated it full But as much as I am someone who crave romance everywhere it felt unwanted here Maybe because the lot of slow mo and dreamy stuffs couldn t match the charm and reality of other scenes That s a personal opinion though The every day get together in coffee vending machine and the first time outing of bartenders when their bar got closed for repair works were super sweet and attractive though Finally I appreciate that the girls took the matter in their own hands rather than clinging to ML for help Women today have more heart and courage in life than men Be it love life or business Read More,엑스엑스
24,Not what I expected It's a Lancome commercial disguised as a webdrama There I saved you five hours Going by the summary I was expecting more but it's a typical web drama the kind that you can find on YouTube for free They're a dime a dozen these days If you like that kind of thing then this is going to be a perfect drama for you If you're into quality stuff you can skip this I guess it wasn't all that bad the show did try to make a point about strong women and friendship but all these in your face product placements made it too distracting to focus I'm not kidding at least two scenes per episode were dedicated to talking about makeup out of nowhere Like I said it's not necessarily bad it's just not that good Will forget about in T hour Read More,엑스엑스
25,meh so boring to me i was watching this show with speed but still couldn't bring mysekf to finish the show despite it having only episodes it wasn't interesting enough for me maybe its bc the setting wasn't it for me and i rlly dgaf abt the characters though i tried to but like im sorry it was uninteresting to me ill just stick to unrealistic stuff i guess the tension between the FL leads omg i swear and idc if they resolved it or whatever good for them but constant bantering and it being the only focus of the drama bawring Was this review helpful to you Yes No,엑스엑스
26,would be better if it was sapphic,엑스엑스
27,i was queerbated but also pleasantly surprised by the endgame otp but also dissappointed because once again like i know hetero guys are no shit but it's offending to associate 'girly' behavior in men with being gay only twitter com mtr fr status,엑스엑스
28,korean i love the vibes and the setting of the bar so much wished it was a longer drama so that the characters can be fleshed out more fun but i think it had potential to be something bigger,엑스엑스
29,This movie is part of a web series that is all in Korean The plot is not based on real life events but it does have elements that happens to some people in real life The writer definitely created a clear and captivating plot that forces you to follow along the story It s very eventful packed with drama that you just cannot look away from because it s really good It really reflects events that happens in real life so the person that watches it somehow relates to it The rhythm is equally both dynamic and smooth it s dynamic because there are many changes that happen within the aftereffects of a break up and a fallout with a friend But it s also smooth because there are times that some scenes felt like a filler that didn t go anywhere however it somehow connected two different scenes together so it works I feel like the target audience is it includes mature subjects within the breakup that is not suitable for the younger ones to know There were many shots that the cameraman use in the film that really portrayed lots of tension through the main character s perspective The lens became our point of view that overlooks the whole story that is being presented on the screen The movie touched up on a lot of serious issues like the effect from a cheating boyfriend that slept with her best friend From that traumatic experience which can influence the person s mind to not love again or to not be friends with anyone ever again The casting was very successful you can really feel their feelings from the way they act through the portrayal of their character The general atmosphere of the movie felt very realistic because it talks about an issue that gets dealt with in everyday life especially when it comes to love Odette L,엑스엑스
30,Satisfying and Beautifully Shot I love how the story was developing each episode brings something new The plot was simple to follow but very entertaining Kudos to all the actors Adios bitch,엑스엑스
31,To everything in it YES,엑스엑스
32,Cool,엑스엑스
33,long enough episodes so there s plenty of chance for the characters to be fleshed out and it was i didn t feel sorry for lee ru mi at all she was made a fool of but she was guilty to begin with cause why would you sleep with ur best friend s ex the day they break up that s sus yu na na is powerful and so empathetic park dan hee is sweet and sincere watching their relationship was great he totally knew his boundaries and always left the ball in her court plus bae in hyuk fine as all hell so brilliant casting jung deun is the gay hilarious bamf im tryna be he was an excellent comic relief and friend this was really good for a web drama and i loved the setting of the bar i don t drink but mixology looks like so much fun,엑스엑스
34,Based on the first episodes I am pleasantly surprised by this Korean drama series Having seen a lot of Korean drama I was expecting just another one However so far it has been quite refreshing to watch The tone and atmosphere sets a comfortable and calming environment whilst watching It is something that lets you discover the characters and their motives on your own within the flow of the episodes It doesn't tell you straight up what's going on and how the characters feel On the other hand it doesn't require you to analyse too much it feels like just a thought is enough to figure it out It is exactly what one needs after a long day just something calm which makes you think but doesn't ask you to understand it because you do without asking Most importantly the Plot It is not overly predictable like many Korean dramas you can guess where the Plot is heading in some ways but it still leaves you wondering Even tough the overall feel is very settled the plot still manages to build tension and intrigues you to keep watching I'm looking forward for the next episodes sorry for any bad english I tried but it is not my first language,엑스엑스
35,This is not your typical kdrama nothing about stupid love triangles this series is about real situations in life that leave us scars requiring time to heal The best about this script is that will show you a very refreshing point of view where nothing is black or white but instead will show you the experiences and feelings from all characters and you actually understand them Sometimes we make mistakes and we hurt the people we love but we can learn how to forgive them Well written with good dialogues chemistry off the charts the story is compelling and the cinematography is beautiful I wish it was longer I love this kind of kdramas lead by women with zero clich s and so real,엑스엑스
