,reviews,title
0,"And if this season was entirely focused on Jun moo do young relationship, I would have given it a 10 but I am giving it a 7.5 because they only had one episode. This couple is the only one I enjoyed the most in the series, and I rewatched their episodes more than 10 times, but am still not bored.",연애플레이리스트
1,"Glad they pushed off homewrecker seungheuk out of the drama. How is he a sweetheart, when he tries to pursue another person's girlfriend. While approaching her after her breakup is not bad, but he was the reason they once broke up in season 2, and there's no way I am going to like a guy like him. There are several other women in the university, why should he pursue a taken woman so fiercely, crap!!",연애플레이리스트
2,"Just loved it!!! I remember starting this because it was short and easy to watch but now I'm loving these longer eps too, and though it is not that long still, the impact of each eps are so 'grand-in-the-best-simple-way', if that even is a phrase heheh The story telling in this as a whole is just wonderful! XD",연애플레이리스트
3,I don't care about Jiwon & Hyunseung's storyline/relationship issues AT ALL but this season just kept showing it lol.. oh well,연애플레이리스트
4,"The first two seasons were cute but that was it, I watched them because they were short and sweet. This season was such a vast improvement over the previous two, even if we had already seen some of the storylines before. Seung Hyuk is an angel and he deserved better, but at the end of the day Hyun Seung's and Ji Won's personalities suit each other better, even if they are kinda exhausting lol. Also, Ha Neul and Pu Reum were such a funny addition to the show, I hope we get to see more of them. Lastly, I want to commend the show for being so realistic, which I think is the main reason behind its success. Like, I didn't go through any of this stuff during college cause I'm terrible at socializing (LOL), but my friends and classmates did, so I know this is a really good representation of that.",연애플레이리스트
5,"Actually liked this better than the last two seasons, although that Hyunseong and Jiwon drama got a little repetitive and i was rooting for Seunghyuk (I LOVE YOUUU ep.10 hurt me so bad i was crying ok). This season was actually really funny too and i enjoyed watching it alot.",연애플레이리스트
6,WHAT MY FAV COUPLE BROKE UP? maaaan just like that they just casually mention that they broke up and don't give us a reason whatsoever. I saw in the comment section that the actor could not be in this season but the writers still could have given me more than just one line. The break up just feels too abrupt.,연애플레이리스트
7,"if they plan to do a 4th season I hope they focus on Choi Seung Hyuk and Park Ha Neul.. I think now I remember the 1st season, Jiwon and Hyunseung were really boring this time and my favorite couple from last season didn't make it ;(they used the chapstick ppl well xD and the ost is nice~",연애플레이리스트
8,"Loved s1 and s2, but felt like s3 fell a bit short. Ended up disliking Hyunseung and Jiwon this season despite having loved them before. It was just the same Hyunseung-Jiwon drama over and over again, and barely saw Minwoo and Jaein",연애플레이리스트
9,liked the previous seasons better tbh I think its better with 6 people for such short episodes,연애플레이리스트
10,Was okay but probably the least entertaining season - was a bit over Jiwon and Hyunseung. Wished there was more to the others such as Pureum/Haneul and Doyoung/Junmo and wished Minwoo had his own spotlight too ,연애플레이리스트
11,Repetitive cycle of Jiwon & Hyunseung! I ended up skipping all their parts! Finished the season watching only less than half of the 12 episodes wtf!,연애플레이리스트
12,where are people watching this season? cant find it anywhere,연애플레이리스트
13,vlive :) search up playlist,연애플레이리스트
14,thanks so much!!!,연애플레이리스트
15,cant believe it ended... i hope season 4 comes out fast!!,연애플레이리스트
17,"to be honest, I do not sympathize with Ji Won, and I believe that the Jae In, a character i love , will have little space in the drama, that will focus totally on this new triangle(Ji Won, Hyun Seong and new character), and I find this very annoying indeed.",연애플레이리스트
18,whyyyyy.... Jae In and Kang Yoon broke up....I'm not loving this season so far. They are just focussing on  Ji Won and Hyun Seung ...That's Annoying :/,연애플레이리스트
20,I miss him too!  He has a cameo in ep 4 though.  I hope they can explain why they broke up.,연애플레이리스트
22,@Harsha I added him in the cast. haha! I think they will focus more on the new couples.  Just sad that they didn't last. Just a semester long. :( I'm hoping they can show Kang Yoon more.  Jae In's story was already told and he's not in the poster so I guess that's just his role for this season. :(,연애플레이리스트
25,ohhh yes! this couple was my favorite in the drama. i'm so sad. :(,연애플레이리스트
26,yaa that's why im not liking this season .... i was only excited because of them,연애플레이리스트
27,"@Harsha when I saw that he was not in the cast, i gave up, although i think that now there's going to be a new couple that might be worth it, although i really do not like Ji won, so it's going to be difficult for me to see this season. :(",연애플레이리스트
28,Wait same cast? Yay!!!!,연애플레이리스트
29,looking forward to this!,연애플레이리스트
0,The third season of the love playlist dramas was one of my fovourite The specials of this story left things unfinished for one of the couples maybe there will be a fourth season However the story was more complete this time around as the couples had matured their relationships as well Though the main couple kind of followed the same pattern as before Still I also was surprised with the drama showing some pretty steamy scenes when other dramas shy off from them The performances in addition were as always pretty good Was this review helpful to you Yes No,연애플레이리스트
1,Yes it is third season No it isn't even bit boring No the series do not disappoint Yes it is as good as first two seasons no less or more This is webseries short series right Great series to watch when you want to relax like I mentioned before it is like watching a big fluffy cloud haha it's adorable and easy to watch really Honestly it's sweetest series I have ever seen even if it shows painful sides of relationships as well it's well directed and acting is stars for sure even if some actors debuted in here they don't disappoint The series are worth your time it shows so much in those ten minutes I don't think that anyone could regret watching this on their free time Read More,연애플레이리스트
2,I think part of why I loved this series so much it's because it reminds me of Age of Youth which is by far my favourite drama of all time It doesn't have the same orchestrated plot nor the big one hour long episodes but Love Playlist has those oh so typical characters that we grow fond of that plot that captures life in its particular ups and downs and even clich moments And that's what gives this drama its own charm its colourful and personality wise diverse cast that manages to touch us and the characters struggles that resonate with us and leaves us just as tense as anxious as them To be honest I jumped straight to this series since it felt the most interesting out of the first three based on trailers and the cast all captured my attention The first two seasons seemed to be far too focused on the same people group meanwhile this one felt more open We are introduced witty charismatic Pureum and quiet reserved Hanneul two best friends with almost opposite personalities They were the characters that charmed me the most apart from Jae In with her confident spirit and her close guy friends The pace and shooting of the drama felt very professional The ending phrases which I guessed its Love Playlist's little touch were one of the aspects I treasured the most It gives a bit of a lyrical almost poetic sprinkle on top of the cake that is the webdrama itself I liked the ost as well although I grew tired of hearing cm's Perfect almost every single episode Read More,연애플레이리스트
3,Nice and intersting If you want a short drama which you wanna finish early with good story than this drama is a thumbs up The story is quite good small and decent Each episodes last from minutes to minutes So the epsiodes are small with good video quality nice story and each episode that had a story focused on different casts of the dramas Not so complicated easy to understand best thing is that you can complete it within a few hours and you will note feel bored any second while watching it A few of the ost are good too with Exo in one of the ost it made music a good experience It have seasons so i will suggest you to watch all four season together to have a better understanding as all seasons are somehow dependent on one another It is a popular series as far i know about million views it had got on youtube totally on all of its episodes Note Th upcoming drama Dear M starring NCt Jaehyun is also extracted from this drama A few cast have been changed but it is the part or extraction of this drama you can say Still there are issues that if Dear M will release or not because of bully allegations on of the main cast You should still finish this too in case if Dear M airs you can watch that too All the best Enjoy Read More,연애플레이리스트
4,The main couple's on and off and on again relationship started to get really repetitive and to be perfectly honest I was rooting for second lead a lot more Now the special episodes I loved because NOTHING beats the friends to lovers trope and even though something about Pu Reum doesn't quite sit right with me I love Ha Neul and I will root for his ship I'm also surprised about something else I'd always thought Jae In was the main female lead but it's been three seasons and she doesn't have much plot I'd definitely want to see more of her in the next season Read More,연애플레이리스트
5,This show just keeps getting better and better I love the friendship that everyone has with each other I feel like the love playlist writers like to do this thing where each season one couple get a chance to sort out all their misunderstandings while on the side another relationship is coming together it makes me feel good that I don't have to be sad for that one couple all the time Also I'm soo happy for Ha Neul and Jimin sidenote I COULDN'T BELIEVE THAT WAS KIM SAERON she looked soooo pretty and mature here they were my favourite couple of the season all time is junmo and do young they just looked so good together and with Jimin added he finally realised like Pu reum said they see like they would be better as BestFRIENDS than to be a couple and I felt that too but also I feel like it's not the end for Pu reum because the last episode was kind of foreshadowing that she will find her mister right so I think there will be another season for Pu reum and maybe Minwoo as well Read More,연애플레이리스트
6,This show once again does not disappoint the characters are still loveable the show is still entertaining I may be biased because I love the show and characters very much so I might not be the best reviewer for this but if you watched the first three seasons and are watching the fourth you probably feel the same way I do There is always more to look forward to even at its fourth season I know this show does not have many seasons left because everyone will be graduating soon but I will always look forward to them and want as many as possible I liked that this season we had a longer run time for the episodes making each episode more complete and the addition of Jimin this season gives us more intrigue and makes the show and plots all come together nicely I love the friendships between the freshman and seniors and glad we got to see their growth and progression as characters I can see myself rewatching every episode because of how good and consistent the show is I hope once everyone is graduated this show continues but with a whole new class of freshman followed by the Paruem Hanuel and Jimin as they are still in school Read More,연애플레이리스트
7,I wish they'd stop making this xD honestly I had a hard time remembering the past seasons I even had a hard time recognizing CBX so this messed up with my memory xD Han Jae In and Kang Yoon's story was horrible he broke with her because he thought she was having a hard time how smart so it was all a waste of time Ha Neul and Ji Min were sweet but some point one would wonder did they like each other or did they just like liking each other haneul started the drama as if he didn't get over his bff and jimin only wanted her fantasy guy though it was cute that they started off as friends then slowly supposedly developed their feelings for each other it was nice to see Kim Sae Ron in a drama fit for her age and it was I guess overall nice how they started off with a group of that grew into Read More,연애플레이리스트
8,I love everything about this season There's lots of character growth The story is just perfect and the acting is really really good Hands down to the whole crew especially the actors and wtiters The addition of Kim Sae Ron in this season really make me love this show even more Her character was written so well and was acted well even more The return af Kang Yoon is so in time that is making the love story between him and Jae In even more interesting I love Pureum and Haneul But I don't ship them qs a couple Their friendship is so adoranle Was this review helpful to you Yes No,연애플레이리스트
9,This season was by far the best plot wise The story line was more interesting than the previous seasons and the pacing was just perfect I guess one reason to this was adding Kim Saeron's new character We have been so used to the fixed casts and regular couples Hyun Seung and Jiwon Jun Mo and Doyoung that adding her made us curious as to what this new character's role was that it brought us something new to look forward to I had my doubts at first but adding her character together with quiet guy Ha Neul was really cute Who knew he could be someone so cool and romantic He was the shy and quiet best friend with Pu Reum but now he's definitely strong lead material with Ji Min and because of this i'm already looking forward to a Season with them as the main story We also see the character development for the casts this season as they experience challenges to their friendship with the issue of military enlistment and graduation and how they stayed strong for each other and kept in touch despite being apart Despite all the goofiness they are there for each other no matter what Its also nice to see how they welcome new people into their circle despite not knowing them fully with Pureum Haneul and Jimin it just shows how good and reliable of a friend and sunbae they are Something about Love Playlist just made me feel all warm and nice after finishing it How I wish I could have friends like them where I can be myself and goof around being too conscious about being judged Read More,연애플레이리스트
10,Friendship is when you have fun over nothing special Love is when your heart flutters over nothing special EP It might be a bit too early to say this was one of my favourite shows I've watched this but I guess I was just incredibly charmed with this series' last segment Love Playlist season is everything a good last for now series needs and should be As bittersweet as it might feel the series picks up the loose knots from last series while creating new ones and exploring them further developing the characters we've grown to love in ways we might have not expected Hanneul I'm looking at you The writing for this series felt better as did the plot which relied on those good old drama clich scenarios The characters as always were the ones to colour and give life to everything this series includes a new character playful and clever Jimin and has the apparent return of someone from LP's first season btw The filming for this drama in my opinion felt a bit more sharp if you pay enough attention it feels that the directors and screens were more detailed and perfectionist with how they filmed and shot The two osts voiced by EXO CBX and Suran were one of the most enjoyable details from this th season listening to Baekhyun's honey vocals and Suran's soulful particular tone in the most significant scenes was a pleasure The ending though it's hard to let go so I'm still holding on to the hope that Playlist will somehow revive either the drama's format that cd that plays at the beginning of and those quotes that conclude each episode or their characters which they already have done in Reasons Why I Hate X Mas centered partly on Pureum Read More,연애플레이리스트
11,Love Playlist Season Four was probably as good as the first Even though the second and third season were just okay this one had a more solide story The love stories were cute and had a nice progress and pace The couples had good chemistry as well which helped a lot with keeping the drama interesting The music was pretty good too However the final episode was boring They could have done it a bit better with a nicer presentation of the conclusions of each story So overall six and a half out of ten Was this review helpful to you Yes No,연애플레이리스트
12,I wasn't such a huge fan of the previous seasons but as an avid follower of Playlist Global it's hard to not continue watching a series when you've already been with it through three seasons A theme I've started to notice though is that Love Playlist seems bent on going against the friends to lovers trope First Jae In and Hyun Seung then Pu Reum and Ha Neul Surprisingly I ended up liking this more than the previous seasons mainly because of one ship Ha Neul and Ji Min They were adorable and I pretty much watched just for them I had loved Yoon in his previous season but something about the noble idiocy and pining between him and Jae In in this season made them not fun to watch and honestly as the seasons went on I've been becoming less and less invested in Jae In as a main female character Watch for Park Sky and Sseoji That is all Read More,연애플레이리스트
