,Unnamed: 0,title,reviews
0,0,우리들의블루스,ep 3 is heartbreaking and heartwarming at the same time
1,1,우리들의블루스,Should i start this drama? Or not? Please someone suggest me. I really love slice of life drama. Is it worth it?
2,2,우리들의블루스,So far- My Liberation Notes > Our Blues
3,3,우리들의블루스,"People complaining about there not being likeable characters,considering they`re all flawed.

Me,having watched every drama this team wrote and directed:Keep talking,I`m even more interested."
4,4,우리들의블루스,"Marathoned eps 1 to 4 and honestly I'm in love, I didn't know what to expect since I read so many mixed reviews on tw and here but NHK has worked her magic again. I'm head over heels for this drama, I hope it only gets better and better as the episodes air and we get to know more about these characters (and others we still haven't seen much)"
5,5,우리들의블루스,I really enjoyed episode 4!!! The best one yet!
6,6,우리들의블루스,"Ep5 will add more emotional depth with the teens , shin min a lost her baby or someone thats why she is depression, i dont think she will have a love story with byung hun"
7,7,우리들의블루스,"The writer of Padam Padam, Its okay thats love, Dear my Friends and Live, only to mention a few - with an all star cast, and people are worried after the opening eps? Come on you can do better than this MDL!"
8,8,우리들의블루스,I liked 4 ep the best
9,9,우리들의블루스,First 3 episodes were amazing but 4th episode was a bit boring in my opinion
10,10,우리들의블루스,"Just my take on why this has very low ratings right now (aside from the fact that MDL has gotten an influx of 12 yos in the recent years who only want that instant gratification) - the big name cast (or at least the ones that are relatively known outside of Korea) have yet to be shown their story arcs. While Cha Seung Won, and Lee Jung Eun are great actors in their own right, arguably they are not why people gander a watch on episode 1 and are not as eye-catchy as say Shin Min Ah and Wo Bin.

Once this drama finally hit its stride I'm sure it'll be as memorable as other great ones out there, ratings be fucked."
11,11,우리들의블루스,im absolutely loving it and it moved my mum emotionally so it must be good
12,12,우리들의블루스,"""Dear My Friends"" is one of the masterpiece slice of life genre from Noh Hee Kyung. I am wondering if Our Blues will be a healing drama like DMF. But after read so many negative comments for Our Blues, it made me hesitate to watch this. Many ppl said this is boring and had unlikeable character."
13,13,우리들의블루스,"Slice of life needs its time to set up the characters, especially when its a long series like this one. I don't think this all star cast would have signed up for the drama after they read the script, if they thought it was shit. Just sit back and relax for now =)"
14,14,우리들의블루스,starting this drama and it seems so boring for me rn ... >.< but ima try to continue it..
15,15,우리들의블루스,"I feel like Youngok went through some really difficult times I hope that no matter what happened to her she will be able to find healing and acceptance from those surrounding her...she's a really well crafted character imo definitely has many flaws but is still really likeable, she puts on this carefree facade but you could see some of her genuine emotions seeping through when Jungjoon confessed to her"
16,16,우리들의블루스,"I'm such a fan of Noh Hee Kyung and Kim Kyu Tae, they never disappoint me."
17,17,우리들의블루스,"The way they portrayed depression with that bit about Min Seon Ah is the reason why I'm enjoying this drama so much: the moment in which she looks outside and realize how much time has passed is just so painful, there's no need for dialogues that makes you empathize for the character, the editing alone is enough."
18,18,우리들의블루스,"I just finished the first episode.
The second episode fell asleep after 10 mins 😫 I thought I would enjoy this"
19,19,우리들의블루스,"I thought the young actor who plays Jung Hyun looks familiar. Then I remember he’s one of the intern in Hospital Playlist, the one who has a twin sister and always got questioned by Jun Hwan."
20,20,우리들의블루스,"I'm honestly very torn about this drama. Sure, the writing and acting are great, but there doesn't seem to be any likable character. Eun Hee's the closest one but given how there are a lot of main characters and that her story's over, she doesn't get that much screentime anymore."
21,21,우리들의블루스,"Wow the writing for this series is the star of the show here, guys. The actors and the characters here portray normal, everyday people with flaws and problems. Maybe we don't like to see that being played out so these characters become unlikeable to some, but I think by the end of the day, we will all end up loving their characters, or at least understanding them."
22,22,우리들의블루스,"Wow! This drama is very emotional.

Just finish the EP.3 and will continue to watch slowly."
23,23,우리들의블루스,What is name of the actor who acted as Shin Min Ah's husband in this series.
24,24,우리들의블루스,"I think Shin Min Ah's character has faced some major tragic loss, something about her whole scene seemed strange, it's possible the husband and child are dead and are figments of her imagination"
25,25,우리들의블루스,"Choi Han Soo will not appear again?
I don't understand how this drama works :("
26,26,우리들의블루스,"the opening sequence about shin min ah's characters hits so near me. been there, been that. damn the way it was encapsulated on that particular scene reminds me of the feelings i thought were no longer present in me. the creators should consider putting a trigger warning."
27,27,우리들의블루스,episode 3 was heartbreaking and brilliant in so many ways. i shed a tear or two watching it. haven't done that watching a drama in a while :')
28,28,우리들의블루스,"Here's the link for Episode 4 and upcoming episodes. With English sub, enjoy watching! https://ryeflix.com/our-blues우리들의-블루스2022/"
29,29,우리들의블루스,"some thoughts on ep 4:

- kim woo bin. sexy.

- young ok. hmmmm she's definitely a bit of a red flag and she knows it which is why she keeps telling jeong jun that she'll hurt him in hopes of turning him off her. i can see how he would be the type of person to embrace her flaws so i really do hope that jeong jun's heart doesn't get trampled all over by her. also whilst the haenyeos could have been a bit nicer/less nosy, i'm not upset she was called out for lying, and especially for disregarding the timing regarding resurfacing the water

- i'm liking the dynamics of the teenage couple already and glad they're exploring a more controversial topic of teenage pregnancy that usually isn't focused much on in k-dramas. their fathers' crack me up with their inflated egos and aggressiveness - that's another story to watch

- and wow the introduction scene! shin min ah's character arc is another interesting one because that's another topic well worth delving into especially because suffering from mental illness still has such a stigma in society. but i didn't particularly like lee byung hun's character from what we've been shown though so we'll see how the rest of her story and their chemistry pans out esp considering she's married. it seems like she'll run to jeju just for ""healing purposes"" like hansu did

so far, i'm not entirely wowed by the show, but it's still intriguing enough for me to keep watching!"
30,30,우리들의블루스,8.1 seems really low for a K-drama rating. Is it really that bad?
31,31,우리들의블루스,"No joke, but eventho Woo Bin and MinAh are a couple working in the same project....the chemistry between Woo Bin and Ji Min just the glances it just makes me melt....I didn't see that between MinAh and Byun Hun tho...let's see but I am shipping really hard lol"
32,32,우리들의블루스,What is the name of the song playing when young ok was in the car at 11:35 ?
33,33,우리들의블루스,"I think this drama will have infidelity line but it will be masked and cover it under in the name slice of life, healing drama.

I mean most of the kdramas justify whatever fl do, especially when she cheats, clearly explaining every minute details. But when it comes to ml character, they don't go depth and never lead us to sympathize with him.

I saw this kind of biased writing in so many kdramas."
34,34,우리들의블루스,"Jungjoon and Youngok aren't doing it for me like I thought they would. I don't like her character, he deserves better than her imo but he's trying to convince himself to settle even though he's questioning that she's been with a lot of men. Really looking forward to seeing more of Seonah and Dongseok"
35,35,우리들의블루스,"Episode 3 was fantastic! Like a one-off, independent drama!

Episode 4 was a bit slower. I was tempted to fast forward the couple scenes. Too much focus on yet another love story between young, cosmetically-enhanced people...in my opinion. Yaaaawn...! Sorry, noooot interested...
I am much more invested in finding out more about the haenyeos, the backstory to the constant bickering/fighting between In Kwon and Ho Shik, the reasons for the bitter distancing between Lee Dong Seok and his mother ---- and, not to forget--- the potential teenage pregnancy!!!

I am really surprised that something like a teenage pregnancy is featured in a Korean drama!!!! I would never have thought in a million years such a realistic issue would ever be shown in a Korean drama - given the usual EXTREME conservativeness and prudishness in depicting relationships between the sexes in Kdramas. Is anyone else as surprised as I was?? I'm still stunned - and am loving it!!! I can't wait to see how this storyline will turn out..

Oh, and another thing.... I was also astonished by the amount of touching going on between the characters in episode 3!!!! I have already become a bit used to the aversion to show any kind of touching (not only limited to but especially) between the sexes in Kdrama. (I know this is a cultural issue and I am trying to get used to it, but have found this difficult...) I still find most scenes where characters touch each other in dramas I've seen so far extremely unrealistic, cringeworthy, uncomfortable - because you can see/feel how uncomfortable/ embarrassed the actors are to even just touch somebody's shoulder or hair.
(Those scenes in Goblin, where they pat each other's hair like robots .... ...)

Therefore, I am again so surprised at the amount of touching between Han Soo and Eun Hee in episode 3......!!!???? I wonder whether this is an exceptional portrayal of physical closeness in Korean society (between close friends...) and therefore unrealistic or acceptable/modern and thus realistic....????"
36,36,우리들의블루스,Ep 4 was great 👍 slowly picking pace
37,37,우리들의블루스,Episode 3 must have bumped up the ratings 😉
38,38,우리들의블루스,I love those feelings I have while watching and thinking about this drama. It's the first show of Woo bin and I've fallen for him deeply already. It exceeds all expectations I've had so far and can't wait to see more!
39,39,우리들의블루스,"Woo bin and han ji min have a great chemistry, love to see a separate drama for them"
40,40,우리들의블루스,"I'm actually very much curious with those teenager stories and I got a little uncomfortable with it tbh, but then again, writer noh has always been this unconventional. I hope it can be resolved neatly. It's also good that we can still see Eun Hui even though her major story already ended."
41,41,우리들의블루스,"After a shock and slowly realizing that this will not be similar to ""Hometown cha cha cha"", I have found my mood with the drama. Loving the concept. Han Ji min's acting always struck something unfamiliar emotions. It is a lot more evident with this character. The subtle mystery of the story unfolding and anticipation of changing character relationships have tied me up for the whole ride. ."
42,42,우리들의블루스,Kim Woo Bin and Han Ji Min has really nice chemistry! Truly enjoyed their scenes and how Captain Park is thinking if he can love a girl with many past experiences as well as their whole conversation inside his bus with him giving advice to Yeong-ok to try not to hurt him and asking why she's determined to hurt him. Such good lines! Yeong-ok is still a mysterious girl but I hope for a good turn around for them both.
43,43,우리들의블루스,"ah, han ji min is so pretty 🥰. young ok and jung joon better end up together."
44,44,우리들의블루스,WOW ... 14 main roles O.o !!!!!
45,45,우리들의블루스,Can't wait for ep 5
46,46,우리들의블루스,Can't wait for ep 5
47,47,우리들의블루스,Ok ep3 was soo good ..
48,48,우리들의블루스,I think every love story in this drama will be painful.... 🥵
49,49,우리들의블루스,Dialogues between Han su & Eun hui in Ep3 reminds me that this is really Noh hee kyung's script.
50,50,우리들의블루스,"the cast is powerful but it doesn't fit my taste I mean it's too slow and normal, doesn't have any kind of special element to keep me but I will still give it a chance for some more eps and decide if it's worth of my time E2"
51,51,우리들의블루스,Shin Min Ah & Lee Byung Hun....
52,52,우리들의블루스,This drama is a gem
53,53,우리들의블루스,"I'm like not getting it.. why is Han Su's family in this weird rut? Like, if they want to come home, why can't they just come home? They keep whining and crying on the phone?? Why doesn't his daughter tell him WHY she doesn't enjoy golf? How is their communication so broken? Why is Han Su so hung up on his daughter's career as if she's his ticket into retirement? I don't understand his aversion to poverty while living like a pauper. Like they don't seem to actually seem to make sense as characters to me at all."
54,54,우리들의블루스,Ohh next will be about Jungjoon. The couple I was waiting for. This drama is beautiful and really well done
55,55,우리들의블루스,episode 3 was a masterpiece. did this writer gone all through life? they're so genius.
56,56,우리들의블루스,"In episode 3 when they were walking while eating that cotton candy,the difference between their facial expressions tells the whole story. Eun hee seems to have butterflies in her stomach while Han Su seems to be walking on thin ice. It maybe disappointed to see how their love story went like that but again that's what happened when you face financial crisis and problems in life. However I can't say that I'm not satisfied with the ending cause Eun Hee sent money and Han Su wired it back with a beautiful message. Not an awkward ending, mature ending. (For now)
I'm excited for young ok's plot. It seems to have something complex and deep. And I came for Woo Bin. Glad to see him again"
57,57,우리들의블루스,It's finally back to an 8 ❤️
58,58,우리들의블루스,Episode 3 was beautiful! ♥️
59,59,우리들의블루스,Such a nice way to end Han Su and Eun Hi lovestory .... feeling sad for Eun Hi she should have move forward in her younger life :(( That Jeju Trip when Han Su was buying a soft candy and Eun Hi was seeing her younger selves running and laughing reminds me somehow of 2521.
60,60,우리들의블루스,episode 3 just got better...han su and eun hi has a beautiful relationship.
61,61,우리들의블루스,"This is like a BOGO sale at your favorite store, except you're not buying 1 and getting 1 free. you're getting 2 or 3 free stories or dramas free. And beautifully written ones too."
62,62,우리들의블루스,"I saw this funny comment under the drama's official trailer, something about how such well known names in the kdrama/movie industry are all together in one drama playing regular folks is life's biggest plot twist and I couldn't agree more 😂😂"
63,63,우리들의블루스,Eun hee's love is so boring. I had to skip it. I was waiting for actor woo bin's story and Min Ah's story mainly. But they don't get any screen time this ep :/
64,64,우리들의블루스,"Very excited for woo bin and his story, i think han ji min will have a complex character , ratings will increase in mdl, it has a good ratings in korea"
65,65,우리들의블루스,"I saw a clip of Han Su and Eun Hee on IG about their time in school so it got me curious so I started watching it today. Now I see he's only after her money so that got me disappointed and sad cause those glimpses we get from 20 years ago show a completely different Han Su.
I'm halfway into ep 3 so I'm now hoping she doesn't get hurt."
66,66,우리들의블루스,This is literally a reality check drama.
67,67,우리들의블루스,"I think Han Su’s admiration and fondness toward Eun Hui is genuine. Not because he was scheming. That’s why he treated her with respect, and he taught her to learn to enjoy life. And the way he remembered all the details from their high school days shows that those times are as sweet and memorable for him as well as for Eun Hui."
68,68,우리들의블루스,"Instead of complaining just keep watching, you are all going to end up loving this drama anyway =) Nothing can go wrong with this writer."
69,69,우리들의블루스,"first story was so boring, I could've just get outside my house and watch people's daily interactions and I would've still have more fun than I had watching this story (sorry for my poor english), I hope the second one will be better (tho I'll watch it anyway for Kim woo bin, we missed him)"
70,70,우리들의블루스,"honestly, i didn't 100% enjoy how the hansu x eun hee story was wrapped - i feel like i would have been more at peace if hansu, himself, had confessed to eun hee that he was manipulating her for money, rather than just be exposed by their friends because now i'm just left wondering would he have just continued to push through with his plan and also force his daughter to keep playing golf against her wishes if things had taken a different road. BUT i do think this resolution of him being called out was more realistic than him recognizing/admitting his own actions, so i can see why NHK decided to take this route. though the whole ~happy days lets go on a trip because my severance pay could suddenly pay off all our debts~ ending felt a little too easy & contrived to me.

anyway i am still glad that hansu at least could be someone that was able to help eun hee realize that she can put herself first, do nice things for herself and hopefully find happiness :) lee jung eun is so great at portraying all of her characteristics !!"
71,71,우리들의블루스,3rd eps was so beautiful and sad. the way they wrapped up eun-hui's story was really good. this show deserves a much higher rating.
72,72,우리들의블루스,"The third episode was a little gem in my opinion, the perfect way to end Han Soo and Eun Hee's storyline. It was so bittersweet, but each word felt meaningful. I like how Han Soo got called out on his mistakes, but he also had the chance to redeem himself and walk toward his happiness as a better man. In this drama the characters aren't simply black or white. Next episode will finally be Young Ok's storyline (I love her already), I can't wait to find out what she's hiding. I think she will also be a very complex and divisive character like Han Soo."
73,73,우리들의블루스,I feel like a lot of people are giving it low ratings because they don't like the slice of life genre which is really weird... like imagine not liking romance but going out of your way to watch a romcom then complaining that it had romantic elements and giving it a low rating because of it
74,74,우리들의블루스,I'm considering watching this but i'm not sure if i'm gonna like it even though I loved hometown cha cha cha
75,75,우리들의블루스,"This was such a beautiful episode and as I expected couple episodes will be dedicated to each pairing. I love that the setting takes place in Jejudo and we get a taste of the daily lives of these characters. The dialoges are written well and I feel immersed as a viewer. It might not be as compelling for some people to handle a slice of life genre and especially as Our Blues depicts because of how mundane the lives of the characters are. The stillness, the slow pacing and how close to reality the plot portrays. However, I think there is something beautiful about such genres and especially with how this has an omnibus episodical format layered with an unconventional style of script in which different human stories are presented equally with nuances.

I think I will thoroughly enjoy this beautiful drama and perhaps this will be in my top favorites of 2022:)"
76,76,우리들의블루스,"wasn't a big fan of ep 1 and 2
but ep 3 has me sold now I'm eagerly waiting for them"
77,77,우리들의블루스,"At this point in time, I think Eun Hee is me. Her story really resonated with me and I felt for her in saying goodbye to her first love. I felt so angry at how he was trying to use her, but found that she forgave him to be understandable. In that situation being nice was realistic towards someone you had deep and meaningful feelings forward, even though it was one sided."
78,78,우리들의블루스,I have a theory what if none of the couple pairings end up together and it's just their story
79,79,우리들의블루스,Hansu dug his own grave by trying to take advantage of Eunhui... glad this mess got cleared quickly before she got too invested
80,80,우리들의블루스,"If you want to watch rounded characters with realistically painful dialogues you should watch writer Noh's dramas. She knows how to write great characters with proper development and do not just abandon their arcs at some point only to create painful suffering caused through backwards development and plot devices to her characters. She's a great scriptwriter.

Many viewers these days seem to drop the word ""realism"" on other dramas that apparently destroy character integrity just to fit their motives, but Our Blues is a drama with a true touch of a realism and layered emotions."
81,81,우리들의블루스,I can't believe I'm saying this- but I could really relate to and empathise with Hansu this episode. Your struggling with stuff yourself but don't want to bother burdening others with your feelings cause everyone else around you is having a hard time too.
82,82,우리들의블루스,Episode 3 is hitting me in the feels.
83,83,우리들의블루스,Beginning ep 3 now... He. Better. Not. Hurt. Her.
84,84,우리들의블루스,Eunhee & Hansu’s story ended quite nicely imo…
85,85,우리들의블루스,This episode is why I have faith with the writernim. It’s deep and peeling all the layers of human emotions.
86,86,우리들의블루스,how did y'all feel about ep 3?
87,87,우리들의블루스,"i like seeing Choi Young Joon again, love him in Arthdal, Flower of Evil, Vincenzo."
88,88,우리들의블루스,eun hee and ho shik endgame pls?😭
89,89,우리들의블루스,Wow whats with the rating being below 8? Do people cant stand slice of life?
90,90,우리들의블루스,"Han Su & Eun Hue story ended with 3 episodes.....

We are getting Han Ji min & Woo bin story from tomorrow...."
91,91,우리들의블루스,"very relaxing and heartwarming drama i loved it
from international fan ^_^"
92,92,우리들의블루스,"I've really enjoyed the first two episodes so far, it looks to be a very promising and interesting drama."
93,93,우리들의블루스,lets see how the lives unfold..tbh i cannot understand hansu rn...hope relationships become better with each episode rn it is all over the place with so many storied going on in 1 story.
94,94,우리들의블루스,In my opinion the main character of this drama is Jeju island itself
95,95,우리들의블루스,the characters here feel so human
96,96,우리들의블루스,I thought it would be a lighter vibe like hometown cha cha cha but it's being very realistic
97,97,우리들의블루스,guess we could say that lee byung hun's dramas never flops. TT
98,98,우리들의블루스,"Boy, am I glad that international fan ratings don't matter for shit in the final analysis for Woobinie's 1st drama comeback since 'Uncontrollably Fond'. A whole 6 years ago! Thankfully it has HIGH ratings in the place where it matters: South Korea!

The questioning about multi mains and the way this drama is being told shows hardly ANY international fans really listened and understood the concept and FORMAT of this drama, which was pronounced way before this aired.

Know what you're watching and PICK you genres according to your taste. You don't like a **GENRE** then don't watch it. But to down vote it and pan it for not being a COOKIE CUTTER of every other drama you watched is simply bullshit. The FORMAT and GENRE is what it is. How are they gonna do it different to suit your cliched Asian drama template loving style?? THAT'S NOT WHAT THIS DRAMA WAS SUPPOSED TO BE SO THAT'S NOT WHAT IT IS.

For those who want to be educated as to why this is being told the way it is, here are the remarks about it from the writer Noh himself:

“An Omnibus style is something that I wanted to try on in a drama series for over 10 years. I kind of got sick and tired of just seeing a male lead and a female lead. We are all lead characters in each of our lives but why is it that everything just revolves around two people in a drama. and those questions have led me to choose an omnibus style. And I chose Jeju because I believe it is a place where the local sentiments remain intact. In Jeju, the whole neighborhood can be blood-related and if not then they are very close to each other. And this was something I could really use to portray Korean culture."""
99,99,우리들의블루스,This is doing so well in Korea. Some MDL people just SALTY
100,100,우리들의블루스,how is this should i start it ? why is it getting hate?
101,101,우리들의블루스,I would not really like if Lee byung hun character still have feeling for shin min ah character . Like so many year have passed and the way she told him me? Having feeling for you? Like she could have told him straighforwardly that she doesn't like him instead of saying like that. I think Lee byung hun should have moved on and find someone else. I don't really would like if shin min ah now came and realize that she has feeling LBH like that's totally the story i am least interested to see. At this point I am only intrested ing Kim woo bin storyline
102,102,우리들의블루스,"I'm open to slice of life dramas, but I don't enjoy watching dramas where I dislike the character who takes up so many scenes of an episode. Honestly, watching Han Soo gives me a bad taste in my mouth. I skipped all of his scenes. Not even the snippets of the rest of the cast made up for it. I'm still curious about the other characters. That and the fact that the writer wrote one of my all time favourite dramas are the only reason I'm still interested in this drama. I do really hope it gets better soon or I might considering dropping this drama."
103,103,우리들의블루스,people hating on this but honestly i like it !
104,104,우리들의블루스,wow the casting is stellar!!!
105,105,우리들의블루스,"WOW, ratings increased"
106,106,우리들의블루스,"TBH, I've never seen a drama before that's not a 50 or over episode drama and have So Many Main Roles. 14 of them !!! Hell I can't even remember a drama with over 50 ep that has this many main roles. I guess I will wait for it to finish to binge, or maybe not, lol."
107,107,우리들의블루스,"Why is this so low, Im actually enjoying all these A list kdrama actors playing ordinary people it's a twist in itself"
108,108,우리들의블루스,"Warning : Don't trust rating of drama from Mydramalist.

There are many user give a random rating, not with a review and an accepted reason too. Please just watch and decide for yourself."
109,109,우리들의블루스,there are a lot of main roles wow
110,110,우리들의블루스,"Enjoyed the first two episodes. Yes, it's a slow start, but I can't wait to see what unfolds."
111,111,우리들의블루스,"yall i just started ep 1 and i have to say, i feel so bad for han soo’s life 😭😭"
112,112,우리들의블루스,i honestly told myself that i shouldn’t watch this since minah and woobin isnt the pairing couple. but here i am since i see this drama everytime i open tiktok. 😀
113,113,우리들의블루스,"well i feel the plot is all over the place most of couple has no chemistry, the only couple that show chemistry are han ji min and woo bin
maybe the idea is good but there is nothing that make you interesting in the other eps
and tbh 20 eps is too much if the writer can sort out all those stories, i see that she want to make drama in witch there is more than 2 main lead but its not interesting at least for me
the flashback are cute and interesting other than those scenes there is nothing"
114,114,우리들의블루스,"I can understand why people have rated this show low, despite showing so much potential early in the show. It happens with a lot of other shows. The stress and struggle of characters shown are brutally real, and it is stressful for the viewer, most people bear enough stress in their life so they just want to relax and exit reality for an hour or two in series they watch.
So lets be tolerant of each other, its no use to get angry over internet ratings and comments, just enjoy it or if not then let it go."
115,115,우리들의블루스,"The ratings are so abrupt and without any real reason but then again, ratings on MDL is increasingly becoming unreliable and have become a measure of comfort and happiness the drama tends to provide generally.
Anyway, I liked the first two episodes and the acting being the highlight for me (this is my first drama in last 3 months). The actor Lee Byung Hun is an acting legend and I'm very much interested in what he participates in."
116,116,우리들의블루스,LMFAO SO RATINGS WENT UP NOW? WHY?
117,117,우리들의블루스,"Okay, that scene in episode 2 where Hansu's younger and present (older) self at the beach floating around is heartbreaking and a very good scene, I'm in on this drama!"
118,118,우리들의블루스,"this drama seems my vibes, also, since When The Camellia Blooms is at the recommendations, just dropping by that it was my comfort drama and may become yours as well

anyway the first two episodes seem good to me~"
119,119,우리들의블루스,"It is so slow even for Slice of life Genre, I lose interest in the middle."
120,120,우리들의블루스,I want to start this drama but why is the rating so low 🤔🤨 drama just started
121,121,우리들의블루스,https://hd4vn.net/topic/118-blues-n%C6%A1i-%C4%91%E1%BA%A3o-xanh-our-blues-2022-0120-hdrip-1080p-mkv-tmkorean-with-english-subtitles/
122,122,우리들의블루스,"https://www.youtube.com/watch?v=8wP_CaUMjkI
This drama isn't what I'd expected it to be but it's of good quality for sure"
123,123,우리들의블루스,"Has anyone in the cast pissed of netizens recently or something/or is hated by netizens? What have I missed? I simply don't get the low rating, but then again the rating means nothing at this point anyway. The actual viewership for the first 2 eps in Skorea are great, congratulations to the staff team!

Soon new eps my friends! =)"
124,124,우리들의블루스,Sad not to see this in Netflix top 10 list.
125,125,우리들의블루스,Can someone confirm this is not like Hometown Cha-Cha ?? Seems like a spinoff or something of that.
126,126,우리들의블루스,Bro you better not break her heart!
127,127,우리들의블루스,"Are you serious? 7.1? The series started so well that it gets at least 8.5 points from me. This writer is No Heekyung guys, she's no joke ..."
128,128,우리들의블루스,I enjoyed watching the first 2 episode but I think 10 episode will be enough.
129,129,우리들의블루스,Weight lifting fairy has 8.8 and this has a 7.1? Y'all wildin 🤣
130,130,우리들의블루스,stop getting so agitated about the ratings if you enjoy it than good if you don't that's fine too
131,131,우리들의블루스,This is literally a gem.
132,132,우리들의블루스,"I wouldn't worry too much even if it didn't click for you after the first 2 eps, its slice of life and 20 (!!) eps. For me the first 2 eps did a good job at introducing the characters. Noh Hee Kyung has written some of the best and most beloved korean dramas of all time, so you are in safe hands.
Man I should rewatch Padam Padam someday, its such a hidden gem."
133,133,우리들의블루스,"So you probably came down here to the comments section to check out why this Kdrama has a low rating, huh? Just ignore it. If you like stellar actors, beautiful cinematography, slice of life genres, and a cute OST- you've come to the right place. Go ahead- push play."
134,134,우리들의블루스,Dude! I'd START this drama with a 7.0 at the beginning with Kim Woo Bin brushing his teeth and the cinematography.
135,135,우리들의블루스,WHY IS THE RATING SO LOWWWW OMG LOOK AT THESE PHENOMENAL ACTORS OPEN YOUR EYESSS YALLSSS. ok i just knew this has been released so i was blind too
136,136,우리들의블루스,"Watched the first two episodes and I think it's fantastic. Loving Jung Eun Hee's character. I don't understand how anyone could find ep 1 boring. Then again, I get bored with the typical lovey-dovey youth kdramas & they get high ratings just cause a cute guy is in them. I think these characters have depth and am looking forward to it as it progresses. It'll be interesting when they all get together as it progresses."
137,137,우리들의블루스,"I am loving it so muchhh, cinematography and BGM are just perfect. characters here are flawed, realistic which I prefer in dramas and I feel like I’m following them around in Jeju island to see their life because this drama is omnibus style and has multiple mains. Noh Hee Kyung writer wants to show that everyone is main protagonist of their own life and I like that she is bold enough to make this omnibus drama while people are craving fluffy romance light drama focused on only 2 main leads."
138,138,우리들의블루스,"even mediocre rom-com dramas have rating over 8 and look at this. speechless! Seems like people from mdl purposely mass downrating this drama in my opinion because rating in south korea are 7.32 & 8.74 for ep-1,2 which is high for paid tv channel like tvN and I believe it will soar higher in upcoming episodes. I haven’t even rated here yet in mdl because it’s too early to judge with only 2 eps although I’m personally enjoying this drama so much."
139,139,우리들의블루스,"Don't care about the MDL ratings lol. MDL is full of trolls with no life whos only purpose in life is making new accounts to downvote dramas. If the drama is good the score will even out and end up at a fair rating, dont worry. The viewership in Korea for the opening eps is great. The MDL score is pointless.

Like someone else mentioned Noh Hee Kyung is the best writer in the industry, or at least in top 3.
People who ""drop"" a Noh Hee Kyung drama after 1 ep kind of ""expose"" themselves in a bad way. It wouldn't surprise me if many in here are like 10 years old girls, who are on this site for ""kpop oppas"".

This drama might need a few eps to build up the characters but its gonna be a goooood ride!"
140,140,우리들의블루스,tried ep 1 bored me out so I guess it's just not for me. The visual are nice tho
141,141,우리들의블루스,7.1? Even the lightest romcoms have an average rating of +8.5. It's such a tragedy.
142,142,우리들의블루스,Just finished watching the first two episodes and I have say it started off slower than I expected. The start wasnt brilliant or one that has you hooked up from the first 2 episodes but it is a slow introduction and buildup of characters. All the male leads other than Kim Woo Bin's characterr seem like big red flags to me. I'm starting to despise Han Soo. I get it he needs money and shit but he shouldnt be taking the route he is taking rn. I will continue watching it before giving out any further opinions.
143,143,우리들의블루스,Just noticed the writer’s next drama has the same 3 leading actors. I am sooo excited!
144,144,우리들의블루스,young hansoo was adorable
145,145,우리들의블루스,watched the two first episodes and it's not bad but idk how they're gonna build enough material for 20 episodes bc right now i feel like it's going nowhere... also i dislike cha seungwon's character A LOT
146,146,우리들의블루스,this is why you can't not put trust in mdl rating the rating system is just stupid
147,147,우리들의블루스,"Love vibe of the drama ❤️ Characters feel very familiar, because they're brought from real life. I can relate with them and share their pain. Very good start ❤️❤️❤️"
148,148,우리들의블루스,7.1?!??!?!? What? Some of u all can't even wait till ending to rate it. Only 2 ep r released.
149,149,우리들의블루스,"Noh Hee Kyung has my complete trust on this. Those who are quick to judge probably haven't seen yet her other works such as Dear My Friends and Live. This is her MO; she starts slow and she takes her time. She's just laying down the foundation of her stories and introducing her characters. If still in doubt, you can go see the reviews of her other works and how people often describe this writer. She's not a ""mediocre"" writer. 😂

Happy watching everyone! Also, you can try and watch Dear My Friends if you have more time to spare."
150,150,우리들의블루스,"How entitled can anyone think they are to rate a show having only watched 2 episodes??? This is a bit disrespectful and immature, in my opinion. Write comments as much as you like, ok, but posting ratings already??? My, oh my....!

Honestly, people here are too keen on this infernal rating and comparing...
I hate this aspect of MDL !

Honestly, if the constant comparisons, rankings and ratings on Kdrama websites is a reflection of the (much-criticised) competitiveness of society as a whole in South Korea, I no longer wonder how the term ""Hell Joseon"" came about!!"
151,151,우리들의블루스,"Just watched the first episode and I am already charmed by this show! I loved the ""slice of life""-feeling, of the first episode, you just watch as everyday people get up in the morning and go about their daily life. The characters are introduced very shrewdly, with instant interest being raised in the viewer by just showing a few tantalising (and in some instances quirky) glimpses into their lives.
I had an uncontrolable laughing fit and laughed out loud at a certain scene where the back story of Han Soo and Eun Hee is shown... Soooooo funny! I hope the humour will continue at this level but am afraid this might descend into focussing too much on the ""first love"" story angle...
Still, I can't wait to see how the storylines will develop further..."
152,152,우리들의블루스,"Can`t wait for this to be completed so that I can start it.I don`t expect it to be very popular,as most dramas by this writer/director duo only got the attention they deserved years after airing.Happy someone recognized that slice of life dramas can have stories about more than two leads and hope they put the remaining 19 episodes to good use with the omnibus approach."
153,153,우리들의블루스,"I have my full trust in this duo of writer /director. Some of my fav drama are from them in the past eg. Live, It's ok thats love, That winter the wind blows, separately secret love and moon lovers. I am loving the cast and the whole vibe of the show. It is too early to pass any judgement. As far as ratings are concerned even 2521 dropped 8.1 after first two episode . I think its a MDL thing. And i can watch anything for Kim Woo Bin!! I am 100% sure it will bounce back once we have all the stories!!"
154,154,우리들의블루스,"I understand why some people aren't liking it and there's no problem if someone drops it, brings in constructive criticism (this is actually much appreciated) and/or gives it lower ratings. But what really bugs me is people coming here to compare it to My Liberation Notes. Like seriously, I love both dramas but you guys are starting to make me hate that one because it's getting annoying 😂. Both dramas have just started and both are promising, so can we stop acting like it's a competition? If they both get nominated for the next Baeksang arts awards then we'll have plenty of time later to fight and throw knives at each other, but for now can we just wait and see how these dramas are going to develop? I'm personally happy that we're getting so many good dramas lately and I don't see the point in fighting nor I understand why some people are acting as if it's objectively worse and it isn't just a matter of personal preferences. If you prefer My Liberation Notes it's fine, but you guys don't need to bring down this one to praise the other one."
155,155,우리들의블루스,7.1 seriously 🤔
156,156,우리들의블루스,Another drama with a stellar cast dragged down by mediocre writing with no substance. Watching My Liberation Notes at the same time and that one despite having lesser known actors have significantly superior writing than this. What a let down.
157,157,우리들의블루스,underatted drama :(
158,158,우리들의블루스,For those who are concern about ratings dw it will update. It isn't that bad. At least it can't judged with 2 episodes lol
159,159,우리들의블루스,I kinda feel offended with this rating lol. I know rating drops and shii but I've never seen such good shows drop to 7.1??? 😨
160,160,우리들의블루스,"Long post aside the acting in this drama is exceptional. Lee Jung Eun might win a Daesung this year because she is acting on par with the Giants and times even managing to outshine. Certainly must not be easy because IMO this is the best acting I have ever seen in Cha Seung Won. The nuances in his character's personality and struggle are so hard to miss even in his facial expression.

He also managed to match very well with the nuances in the expressions of his child actor.

Brilliant Brilliant Brilliant!

Meanwhile Kim Woo Bin is out to ruin my life."
161,161,우리들의블루스,"This drama aired at a perfect time. Already I can see that it is not one that is going to be able to resonate with everyone. It's like Hometown Cha Cha Cha but focused on the elders and middle-aged people in the community therefore I am fully prepared to weep tears.

I personally love the world-building of this drama and it makes a slight sting in my heart as it reminds me of how happy I was in high school even as a child of struggling immigrants. Now that I am older I miss that girl, she was insecure and beautifully ignorant. As an adult, I can barely recognize her in myself and I hardly have time to focus too much on it because I need to keep moving and pay the bills during inflation and a pandemic.

That being said the story of the childhood first love feels dirty and uncomfortable. I feel like they tainted the feelings of nostalgia of watching the two as innocent teenagers. A friend of mine said that it's like a squid game but romance and I am inclined to agree.

All three leading couples are visibly navigating around a difficult economy, and also rather than watching strangers who do not like each other at the beginning, the story introduces people who already have relationships with each other and have been in each other's lives for years.

There is quite a lot going on at once in the world-building first two episodes so it's difficult to become attached to someone specific. It is hard to tell who is a good person and who is an awful person therefore I am looking forward to how they frame their character development.

Most importantly as I continue to mention, in times when mental health illnesses are on the rise due to the pandemic... It's nice to see people who are working and struggling like me have human-to-human moments with friends and loved ones. The Karaoke scene sincerely warmed my heart and was a healing moment to watch.

If I as an individual who is in the struggling in the disappearing U.S middle class. I can only imagine how difficult it must be for the Korean working class. This drama writes like a love song to them and I hope they feel the healing I felt in the first 2 episodes. In the happy moments that isl"
162,162,우리들의블루스,"Rating may change as this drama is still in progress. But my guess is at max, it may reach 8 by the end of series.

But there is an huge issue with this drama. This thing people need to accept, and I am not complaining, it is my experience.

There is not a single story or plot in this drama. This is an ensemble drama, which is more than okay but it is not leaving anything interesting for viewers to watch.

For example, “My Liberation Notes” stated at the same time, and both shows are almost same in terms of showing human mundane lives at their lowest as well as their best points in life.

But MLN has a gripping arc of characters that pulls you right into it and you want to know more about as each “boring” character that so far in two episodes are shown, sleeping, eating, working in fields, fights on random topics, whining about dating life and a character who drinks all the time, but it becomes interesting to see how they will pan out in entire run of series.

On the other hand, OB has a huge A list cast, who are critically acclaimed artists and known people. But after watching two episodes, they are unable to get my attention.

First the pairing of each character is wrong, the leads, do not look together, let me be superficial here, but that’s the truth, and it is not about that FL and the one of actors are dating in real life and they are huge and popular actors.

But I see no chemistry between MSA and LDS even though it is just two episodes and their appearance is just 2-3 scenes, in my experience I know that it was enough for me to make my decision, otherwise I will just have to get used to it that they are leads.

Also, the LYO and PJJ pair somewhat is acceptable, but still, I feel nothing from them. I love Han Ji Min, she is a great actress I am fan of her, but she left nothing not a single impression with this role on me.

Lastly the rich lady and banker love story, is not cute at all. I have known Lee Jung Eun way before she was known to people and she has always been supporting actress with her fantastic acting skills, but this role it is like she is forcing herself to be cute and it is not suiting her at all. Plus, there are random actors shouting and fighting without no reason in the middle of it.

It is a 20 episodic journey and may not an entire run is fun filled or amazing, but at-least it should give you some urge to watch next episode. I just don’t wanna watch some random stories shoved into it with A list actors to attract viewers.

It is not an anthology series; it is also not nonlinear narrative script so I feel disconnected from the series right now. However, I am not giving up and gonna see, how it develops further and then decide whether to continue or not."
163,163,우리들의블루스,Looking at the ratings... should I start?
164,164,우리들의블루스,Can anyone tell me how much screentime does HAN JI MAN has in the first two episodes - thankss
165,165,우리들의블루스,Actually whats wrong with the drama? The rating dropped seriously from 8.1 to 7.1 in one day.
166,166,우리들의블루스,"Just because two shows are filmed in coastal towns doesn't mean they are similar, please stop comparing this show to Hometown.

That being said, I really wish more k-dramas highlighted coastal life in SK. I love getting more insight (though not always realistic) into the coastal regions of SK since most k-dramas are filmed and focused on Seoul. As someone who grew up by the beach these shows always make me nostalgic. Also, watching city focused dramas gets repetitive whereas the beach ones show a different lifestyle. Hopefully more k-dramas will start getting out of the big city narrative and into the country and coast."
167,167,우리들의블루스,omg nooo han su what are you doingggg?!?!??! i almost don't wanna watch the next ep bc idk if i can deal with the ensuing pain
168,168,우리들의블루스,"Oooh, looks like this is something within my taste.

I also love how they used Quando, Quando, Quando in episode 1. It was simply perfect."
169,169,우리들의블루스,"I don't know why, but I really loved the scene at the karaoke. Also that part where Han su and Eun Hee go to the beach ""back then I wasn't lame and exhausted with life as I am now, right?"". It may be an unpopular opinion but I'm loving all the characters so far and how realistic this drama feels. It's honestly better than I expected."
170,170,우리들의블루스,"Woo Bin is too handsome to be selling fish, it's not believable."
171,171,우리들의블루스,20 eps?? im out 😂
172,172,우리들의블루스,You're kidding. Merge the rating due to ambiguous characters. Have you seen the writer's previous works? Or are you here because of the actors' previous roles?
173,173,우리들의블루스,wowww!!! the rating for this drama really amazinggggg! I like it 🤡
174,174,우리들의블루스,"Extraordinary. I don't know about the rating yet, I expect it to increase. But so far this drama made me feel like I was there in those scenes, present. Loved the character arc and how they infuse. 2 Episodes in and it's on my weekend watch list already. Rating for 1st 2 episodes- 8.4"
175,175,우리들의블루스,Even if the drama is ongoing i never saw that kind of ratings for an ongoing drama with great cast
176,176,우리들의블루스,AYO THE RATING DROP LOL?
177,177,우리들의블루스,this rating... it's giving nevertheless
178,178,우리들의블루스,I’m happy that someone recommended this to me. I really needed it today.
179,179,우리들의블루스,You Liked it too?
180,180,우리들의블루스,"I have to admit that the 7.2 hurts my soul a little. I mean, even though I respect other people's opinion, even the most mediocre dramas can often get a 7.5 or above here on MDL. No matter how you see it, it's just too harsh. But I'm hopeful that the ratings will improve with time."
181,181,우리들의블루스,What tf is wrong with the ratings? I havent watched the first two eps yet but ik damn well a drama with such a good cast and storyline dont deserve anything less than 8.5. Are haters mass down-rating or something?
182,182,우리들의블루스,"People are hating on the whole drama just because of characters 🤣 what pathetic people, lmfao"
183,183,우리들의블루스,Ratings really dropped to 7.2 with just 2eps😬 people judging a 20eps drama with just 2eps…
184,184,우리들의블루스,"Gotta admit, so far so good. BUT i got a strong feeling the bold character traits and backgrounds they’re tackling will be the main hit or miss of this series. Fingers crossed they pull it off well."
185,185,우리들의블루스,They should add dear my friends in the recommendations it’s more similar
186,186,우리들의블루스,"I am loving all the different characters and storylines going on. Acting is on point, so is directing. My prediction is Hansoo will have a change of heart about Eunhee"
187,187,우리들의블루스,"Let people drop it 4 seconds in episode 1 if they want to. It's not like it affects anyone.
If they dislike one character after 2 episodes and want to drop? Valid. It's not like we have to wait another few months for a new drama to come out. Each country is dropping new content all the time, why watch something that makes them frustrated, when they can watch something they will enjoy from the start?

It's not that deep. I dropped dramas 8 minutes in episode 1 in the past ¯\_(ツ)_/¯"
188,188,우리들의블루스,"I'm a bit confused, why many people like homcha but not this drama. even though the flow in this drama and homcha just as slow . but people are not bored with homcha at all. but this one.... i know people have different tastes but it's kinda sad :( sorry 😭"
189,189,우리들의블루스,"I am surprised with Han Soo. If I could, I would pull out all his toenails to refresh his mind a bit so he would think about what he is doing.
By the way, why country life in dramas looks so good. It just makes me want to go to Korea and live there. In my country it doesn't look so nice jksdjgdfgjkl"
190,190,우리들의블루스,Okk this is good..hometown cha cha cha vibez the both episodes were enjoyable ...always love dramas like these settings the only problem is the quality its kinda low i mean it could have been better like it should have been more saturated coloured ...tho its good excited for upcoming episodes
191,191,우리들의블루스,"lol, it’s so funny that people are saying they will drop this drama because of HanSoo and that our blues isn’t healing like hometown cha cha. tvN didn’t guarantee you that our blues is healing drama, they just said it’s a drama that tells sweet, sour and bitter life stories of characters with Jeju setting. Plus the title is “Our Blues” , not our joy, pls read it again. If you want to watch a healing drama like chachacha then go and re-watch chachacha. Our blues has it’s only 2 eps released and there has many stories left to be unfold, so don’t be so negative."
192,192,우리들의블루스,"all the older male characters in this are either horrible, unhinged or kim woo bin lol

but honestly it's soo great to see woo bin back in dramas after 6 whole years~ wishing him continued good health ✨"
193,193,우리들의블루스,"Han Soo seems to be the kind of father who doesn't want his daughter to compromise in life like he did, and hence turns his back against what reality has in store. And I swear if he does anything to my dear Eunhee, I'm gonna fly to SK and stamp his already broken toe."
194,194,우리들의블루스,So Ha Ri’s dad closed his chicken restaurant and moved to Jeju to work in a bank 😂😂
195,195,우리들의블루스,Isn’t it ironic. For Han Soo to work in a bank but couldn’t get a loan.
196,196,우리들의블루스,"I’ve seen Lee Jung Eun in so many dramas, but this is the first one I’ve got a glimpse of her love interest, lol. Except if you count Parasite too 😂😂"
197,197,우리들의블루스,"if i said anything good about HS yesterday, i dont remember, i take it back he is not it.."
198,198,우리들의블루스,The pacing is kind of slow so me but I'll definitely watch it after it has aired entirety
199,199,우리들의블루스,"lol at people dropping a drama by Noh Hee Kyung (the best writer in Korea) after it just started airing.

Can't expect a slice of life with 20 eps to peak after 2 eps... I can tell that this will grow to be a super heartwarming tale."
200,200,우리들의블루스,"Good God, the cast on this is stellar. However, I think a lot of people will not like this type of drama just because of the pacing."
201,201,우리들의블루스,Han Soo what a *¡?
202,202,우리들의블루스,Welcome back Kim Woo Bin! You are looking fantastic 😍😘 So good to have you back
203,203,우리들의블루스,"Wow, this cast is like the dream team of Kdramas. These stories represent real people with real problems played with beautiful cinematography and OST. It's too early to not like what's going on so give it a chance to play out."
204,204,우리들의블루스,"I've only watched the first episode so far but I loved it!!! Slice of life is my favorite genre and the cast is soo good, I can't wait to watch more!"
205,205,우리들의블루스,That little lad who plays In-Kwon's son looks like a baby Park Bo Gum.
206,206,우리들의블루스,"I had a bad feeling about having such a great cast in one drama, and I still think so, I like slice of life dramas but this one is kind of boring so far, I hope it gets better next week"
207,207,우리들의블루스,"lee jung eun 💕💕💕

loved the first two eps. this is just what i needed."
208,208,우리들의블루스,wow i do not expect this drama to start off with so many conflicts💀
209,209,우리들의블루스,"The first episode was slow for me but second episode was really really good. Now I'm really liking it. I'm loving the middle aged relationship, that's something you don't see often enough in dramas. And the good characterization and all the different relationships blooming"
210,210,우리들의블루스,"noh hee kyung always takes the viewer on a journey. love that all of the characters are portrait as real, flawed human beings that will evolve and grow over time. but, please more han ji min and kim woo bin. 🥺"
211,211,우리들의블루스,"Turns out a lot of people don't like it. I thought it was a nice ""slice of life""."
212,212,우리들의블루스,"I'm living for this mess, also Lee Jung Eun is amazing. Very excited to watch these stories unfold"
213,213,우리들의블루스,Why does Cha Seung Won always have foot problems? 😭😭
214,214,우리들의블루스,"I want to ask, actually LDS or CHS that plays the first male lead?"
215,215,우리들의블루스,he's such a bastard
216,216,우리들의블루스,It's screwed up that Hansoo is going to take advantage of Eun hee's emotions in order to gain money from her. It makes me even more excited for the next episode since I'm curious to see how this will unfold.
217,217,우리들의블루스,If some of y'all are dropping it because Hansoo. You guys are boring motherf*ckers. Sorry I had to say it. Goodbye.
218,218,우리들의블루스,i will need dalgi and jaewon in a highschool romance tgt 🙂
219,219,우리들의블루스,Kim Woo Bin's character seems to be the only nice and likable in this show--so far. Everyone else is just........Especially that H guy. It makes me sick.
220,220,우리들의블루스,Han Soo is going to be really embarrassed later for this.
221,221,우리들의블루스,"so Shin Min Ah and Kim Woo Bin are not romantically involve in the drama, right?"
222,222,우리들의블루스,Does anyone know who is singing Quando quando quando on the soundtrack? I know its an old song.
223,223,우리들의블루스,my liberation note >>> Our Blues.
224,224,우리들의블루스,"I understand that you want the best for your daughter and want to help her fulfill her dreams, but everything has a limit. Honestly if you look up the word disappointment in the dictionary it has to come up Han Soo's image, it's miserable what he intends to do..... I don't really understand his decisions, I mean, I understand that you want to help your daughter but to go to the point of ruining yourself for it and asking for money from everyone.... I feel sorry for Eun Hee because when she realizes the reality... she's going to have the biggest disappointment of her life."
225,225,우리들의블루스,Why were people so happy about this drama yesterday and now this place seems like it's starting to become a battlefield? I hope that it's not a bad sign because I've loved the first episode ahah
226,226,우리들의블루스,"first 2 eps were so meh hopefully it gets better as the stories of the other characters develop. also is hansu actually separated/getting a divorce or did he just lie to eunhui? i *almost* feel bad for him but he seems pretty shitty avoiding his wife's calls and hiding that family picture before eunhui gets in the car. and the previews look even more suspicious. emotional cheating is one thing but if he does end up physically cheating too, he's even more pathetic and gross than i thought lmao. getting one hotel room? yuck. but that scene of him and his young self in the ocean was beautifully shot. overall i'm just underwhelmed so far i want to see more of the others already"
227,227,우리들의블루스,a lot of recent dramas seem to be all high expectations and poor delivery lately. if you know what i mean
228,228,우리들의블루스,wow people are already dropping this with just two ep you guys have no patient and some anger issues
229,229,우리들의블루스,2ep wasn’t upto the mark imo…hope the quality gets better with other stories…
230,230,우리들의블루스,Well im getting into this it sounds interesting
231,231,우리들의블루스,"Hansoo is giving me 🚩 vibes i just can’t feel sorry for him😬everyone’s got struggles, using eunhee isn’t justified…eunhee’s too precious for him🥺"
232,232,우리들의블루스,I'm a little confused by the Shin Min Ah and Lee Byung Hun timeline. Like did the car stuff happen a lot before or right before? and does the guy live in Seoul??
233,233,우리들의블루스,"im sorry, but i dropped this show the moment i saw him hide the pictures."
234,234,우리들의블루스,thats what happens when u give expectations :/
235,235,우리들의블루스,shin min ah is so goddamn beautiful 😭
236,236,우리들의블루스,"I'm only 6 minutes in episode 2 and I can't with Lee Byung Han's character. I hope he doesn't
stay like this."
237,237,우리들의블루스,I love the OST already. Quando matches the island vibes so well.
238,238,우리들의블루스,i had to scrape through episode 2 :(
239,239,우리들의블루스,ok so i'm planning to drop this one bcs of han soo lmao
240,240,우리들의블루스,I felt bad for Han soo when he was swimming with his past self showing how much he miss his past self and wanted to go back. But that's life instead of thinking about past self we should work hard to make our present self happy.
241,241,우리들의블루스,Why instead of healing i am getting toxic vibes.
242,242,우리들의블루스,"Okay this might be a binge watch one. I don't like Han Soo enough to sit through his story. I'm part way through episode one and I'm like ""can we move on from this guy"" before realising that the first two episodes are his apparently."
243,243,우리들의블루스,"Okay I really don't get being so involved in your daughter's success that you go so far as to practically bankrupt yourself? Like we're beyond healthy support here and into something that feels akin to a gambling addiction almost? (this isn't the first show to have a parent overly invested in their child's career, I'm reminded of ""pageant moms"", but honestly it starts to feel like a mental health issue to be /that/ involved?)

I'm watching this and My Liberation Notes and both have a kind of melancholy feel. Not sure why I'm putting myself through that after 2521 but at least here I'm not delusional about a happy ending."
244,244,우리들의블루스,Han Soo👎👎👎
245,245,우리들의블루스,Lee dong seok(LBH) & Min Seon Ah (SMA).....
246,246,우리들의블루스,Is it like 2521??
247,247,우리들의블루스,"hmm I dont really get Han Soo's character, I mean your wife and kid lives away from you for 7 years, and your wife wants to go back, you dont have the money anymore, and you pretty much lost everything and most importantly you lost your comfort ? just tell them to come back and live together wouldnt it be better, I think he will end up asking for money from Eun Hee and hopefully realize that its not worth all of this as its too pressuring for his daughter!"
248,248,우리들의블루스,noh hee kyung's scripts are normally very heartwarming so i’m expecting a lot form this
249,249,우리들의블루스,"As a viewer, I am not satisfied actually, it is an ensemble cast drama, so they better tie all the knots for all stories, whether sad or happy.

Also, I am not up-to MSA pairing with LDS, they are one odd couple. Not saying that because of WB, but I get it why they chose not to pair her with WB. I think it is actors request. But if they had the channel would have gotten super-duper ratings and viewership.

Also, I am a huge fan of HJM, she is an ace actress of par calibre, but her role in this drama is somewhat lacking, and she doesn’t look good with WB either.

It is just first episode, hope I am able to change my mind."
250,250,우리들의블루스,"i really do think that this drama is gonna give us a lot of emotions, right here in the first episode itself there were a number of emotions through each relation was being expressed. from past highschool days friendship love relationships the hurdles of adulthood ,there’s actually a lot going on here at the same time it’s so lighthearted that watching it makes feel in ease."
251,251,우리들의블루스,this first episode showed how promising this drama can actually be it really did exceeded all expectations
252,252,우리들의블루스,"Didn't like the first episode ,, i saw what's coming from it
the betrayal ,,, the fake love
and there was over acting from the Ajuma and Han Ji Min when she was remembering her past
I don't know but I really didn't enjoy it"
253,253,우리들의블루스,"the first episode was good,hopefully, it will get better, and the cast is awesome!!"
254,254,우리들의블루스,"Writer -noh
Dir - kim kye te
Title - our ""BLUES ""
( deadly combos.)
it is definitely going to be the saddest and sad end ending drama of the year.... 100℅ guarenteed.."
255,255,우리들의블루스,"Episode 1 exceeded all my expectations! This drama right here is really promising. I loved everything about the premiere ep, from the direction to the music to the gorgeous island life. It was perfect."
256,256,우리들의블루스,"the start was slow but picks up towards the end of the ep

also couldve totally had another drama with just HS and EH starting back from their highschool days"
257,257,우리들의블루스,"""You like it too"" must be the most romantic line in cinematic history!!"
258,258,우리들의블루스,I was hooked after seeing the first episode and can't wait to see the future episodes. I'm already fond of the cast.
259,259,우리들의블루스,ooh I love this. I've been waiting a long time for it. love the cast.
260,260,우리들의블루스,I love episode 1 already!! Can't wait for more episodes in the future.
261,261,우리들의블루스,"a first love story that did not end up together, nevertheless, kept their friendship. (lowkey still not over 2521)
I just hope there will be no infidelity involve, and rather a genuine and fun platonic relationship. :D"
262,262,우리들의블루스,It was good to see Woo Bin again :D
263,263,우리들의블루스,"Really enjoyed every moment of ep 1, it's just so well done in every respect. Fantastic cast. How can you go wrong. There is so much great stuff on atm The King of Pigs, Military Prosecutor Doberman, just amazingly good!"
264,264,우리들의블루스,"So far so good. Going to be interesting to see how they pull off a slice of life for 20 eps without starting to drag, but I believe in this writer."
265,265,우리들의블루스,Really enjoyed the first episode 🙂
266,266,우리들의블루스,so far so good
267,267,우리들의블루스,Good start but did we needed to see the bloody nail...
268,268,우리들의블루스,Does it have comedy in it??
269,269,우리들의블루스,"Noh Hee Kyung's slice of life drama never disappoint. The first episode was lovely, can't wait for more. Fantastic cast."
270,270,우리들의블루스,Kok ga rame ya :( drama lain yg awal eps nya biasa aja bisa tembus rate 9 tapi ini ga :(
271,271,우리들의블루스,"Nice first ep, very different to almost all other kdramas I've watched and I loove the seaside setting. I find it v interesting how Korean parents feel like it's their duty to ensure their children can achieve their dreams. Very different to Europe or America where parents will help their children until university and that's about it. After that they are expected to sort their lives out on their own. Unless you have parents that are well off."
272,272,우리들의블루스,Shim dalki is that kind of actress you wouldn't expect to see in another drama so fast. Was really surprised to see her Instagram story and gi so yoo the little princess only had guest roles and now a main role in a bigass and anticipated production with a top tier cast and a great writer. Wow she's gonna have all sorts of offers after this I bet
273,273,우리들의블루스,I had a hard time getting into the episode and right at the end I was hooked. The best part when she's talking about her first love at school xd
274,274,우리들의블루스,"was it just me or was that whole sequence where young eun hee forced a kiss on young han su, and then later turned it around and said it was him that forcefully kissed her actually pretty iffy? like sure they're teenagers and it all seemed pretty innocent but i still didn't like her behavior then tbh

though young hansu's delivery of ""but you liked it too"" ... ok i kinda swooned when he took her side again in front of all the other kids especially after he saved her from the bullying on the bus too.

anw noh hee kyung's scripts normally has the tendency to make me cry heartwarming/touching tears so i'm expecting the same for our blues and have high hopes. ep 1 was not perfect but was a pretty interesting opener (apart from the focus on cha seung won's damn foot again....)"
275,275,우리들의블루스,"El primer capítulo me gustó mucho ✨ es como si estuvieras en la isla Jeju con el elenco. Además, la música de fondo ayuda a recrear un ambiente relajante. El drama trata sobre los recuerdos, la amistad y el romance. Pensé que mis sábados y domingos serían vacíos después de ver Twenty Five Twenty One, pero Our Blues me ha regresado la esperanza. ¡Me encanta! 🤗"
276,276,우리들의블루스,How much did they invest in the cast alone? Netflix/TVN are putting the bar up there....now let me go and watch first episode hope is good!
277,277,우리들의블루스,"I've never thought it would have come a day in which I would have heard an Italian song in a kdrama, but here we are (and it was also so fitting!). First episode was good, the cast is really lovable and I like the vibes it gives."
278,278,우리들의블루스,"Cha Seung Won has the same problem with his foot 😂 the same thing as his drama ""one ordinary day"" but I guess this time it's not dermatitis huh?"
279,279,우리들의블루스,"OMG! EPS 1 was SO GOOD! really matches my expectations :) I hope this drama can be consistent until the end! Those of you who like ""slice of life"" will definitely like this!!!"
280,280,우리들의블루스,The way eunhui talked about her past with hansu was so hilarious. I’m more excited to know the stories of the other main leads. My new weekend habit 😍
281,281,우리들의블루스,YESSSS I LIKE IT
282,282,우리들의블루스,"so Han su is so desperate to get money, he will use Eun Hee hee and seduce her to get her money
this drama starts strong"
283,283,우리들의블루스,Only the 1st ep aired but i am already sold…this feels so much like Noh heekyung’s slice of life…i love the characters already…
284,284,우리들의블루스,i love anthology dramas
285,285,우리들의블루스,I'm loving young hansu and eunhui
286,286,우리들의블루스,Hansoo and Eunhi's backstory is giving me butterflies!
287,287,우리들의블루스,Loved the first episode ❣️❣️
288,288,우리들의블루스,"my frid-sat-sunday weeked is about to be so much fun watching this , Again My Life ,My Liberation Notes ,Tomorrow kdrama feeding us so many good drama this year"
289,289,우리들의블루스,Woww the first episode was great! Noh hee kyung never fails!
290,290,우리들의블루스,"man i just developed the biggest crush on young han su T-T
THE LINE AT THE END I WAS SCREAMING ALONG WITN THEM DKDHDKBS"
291,291,우리들의블루스,just one word : wholesome
292,292,우리들의블루스,"I really needed such kinda drama, i'm really getting sick of cliche k dramas. What an outstanding cast"
293,293,우리들의블루스,"This ticks all my boxes: good actors (who do actual acting), slice of life, ensemble cast, ordinary people (no top 1% nonsense), realistic stories, lovely Jeju. Let's hope it stays that way and doesn't segue into lots of creepy staring dressed up as 'romance'."
294,294,우리들의블루스,Is there any severe bullying in episode one or just the run of the mill picking on people? I need to know what to fast forward through haha
295,295,우리들의블루스,"Though I’ve been spoiled with the masterpiece 25-21 , it’s quite the relief to see another series I’m fairly interested in to fill in the same schedule I was used to for the past 8 weeks. Let’s see if we can sit through another 10 lol."
296,296,우리들의블루스,ok who's playing young Han soo (cha seung won). looks so........ <3
297,297,우리들의블루스,So this doesn't just have one ML and one FL but a few?
298,298,우리들의블루스,this is so cute ;w; specially loving the reminiscing aspect of it. almost fangirled with the characters over eun hi's first love :') lmao
299,299,우리들의블루스,"First episode was so much fun! A mix of comedy, slice of life and some cute heart fluttering moments. The actor who plays young csw is so cute! Also, i really miss seeing cha seungwon with no facial hair lol it has been a while. Overall first episode for me was a 8.5/10"
300,300,우리들의블루스,You liked it too 😜😂😂. Wow I really liked their story
301,301,우리들의블루스,https://watchasian.ac/our-blues-2022-episode-1/
302,302,우리들의블루스,Lee Byung Hun AND Cha Seung Won?? say no more!! (hope I'm not having too high of an expectation lol)
303,303,우리들의블루스,RAW version : https://t.kisskh.me/rhXM
304,304,우리들의블루스,"excited for this :)
when does it drop on netflix?"
305,305,우리들의블루스,the theme of the drama sounds so healing high expectations
306,306,우리들의블루스,Hope Han Ji Min doesn't get hate in this since she's paired with Shin Min Ah's boyfriend instead of Shin Min Ah. Both she and She Min Ah are good actresses.
307,307,우리들의블루스,Woobin character here is totally different from his previous work like every character i recall of him he played character having badass personality but here the character seems diffirent. Would be nice to see as I know he would slay every role perfectly.
308,308,우리들의블루스,I can't wait to see my bae Cha Seungwon in a drama this big!
309,309,우리들의블루스,Can't wait to see my min ah and woo bin in one drama😭
310,310,우리들의블루스,i am waiting for this drama.. but in google it many say this drama is going to replace 2521.. despite its ending i love that drama and it will have a special place in my heart
311,311,우리들의블루스,D-DAYYYY ;--; OML I can't wait till minah is on my screen 😭
312,312,우리들의블루스,I like all the actors here except for the wife cheater Lee Byun Hun.
313,313,우리들의블루스,Guys anybody have press conference link?
314,314,우리들의블루스,Episodes are only 40 min
315,315,우리들의블루스,"Wish they have retained njh,and paired with ha ji min.And woo bin with min ah."
316,316,우리들의블루스,"Healing , family , romance, Jeju ,jimin ost , life
Perfect combination 💙💜
Can't wait for this one !!"
317,317,우리들의블루스,Just saw a article about a interview with the screenwriter stating that she knew KWB and SMA will refuse being a couple in a drama that’s why she cast them as different love lines. So yeah I am sure they themselves don’t want that as I stated before so it’s not fucked up at all as some comments are stating since you should think about what they want too.
318,318,우리들의블루스,Excited for this one!
319,319,우리들의블루스,"High expectations. This better be good. Looks like a healing drama.
And wow for 20 episodes. I assumed it was a short series. *_*"
320,320,우리들의블루스,my hope is that this drama will be good from beginning to end
321,321,우리들의블루스,I hope this drama heals my 2521 wounds
322,322,우리들의블루스,20 eps.. I'm excited af hope it's not depressing bec I am trying to move on from 25-21..
323,323,우리들의블루스,Woah there is so many popular actors here !
324,324,우리들의블루스,Cha Seungwon x Lee Jungeun just sounds perfect!
325,325,우리들의블루스,After 2521 this drama is my only hope now🙏🙏
326,326,우리들의블루스,After 2521 this drama is my only hope now🙏🙏
327,327,우리들의블루스,bruh this is anthology drama
328,328,우리들의블루스,"This is the comment section I'm moving towards to after 2521, newcomers, welcome lol"
329,329,우리들의블루스,the cast is chef’s kiss and jimin is gonna be singing the ost? oh this show’s gonna do good
330,330,우리들의블루스,Highlight - https://youtu.be/lqYRVSZ3iig
331,331,우리들의블루스,I know I’m being super stingy about it but it’s so fucked up that SMA and KWB are in the same drama but with diff love interests :( I’m so sad and mad at the same time :/
332,332,우리들의블루스,Twenty episodes? Story looks alike Hometown Cha Cha Cha!
333,333,우리들의블루스,well i definitely need something to replace 2521 after it ends 😥😥😥
334,334,우리들의블루스,The casting 😍😍😍 Is this even real?
335,335,우리들의블루스,This drama already gives off some HomeCha vibes
336,336,우리들의블루스,New teaser - https://youtu.be/UPPXXsj2aME
337,337,우리들의블루스,"finally decided to watch, I want to see Han Ji Min and I figured it's best to watch an ongoing show with her."
338,338,우리들의블루스,Ok woobin is hereeee i am in. Like Lee byung hun acting but not really him as a person guess wouldn't be problem seeing woobin is here i am all in for it. I am just sooooooo happy seeing him well and working in dramas again.
339,339,우리들의블루스,"9th of April will be full of things, this will be airing and My Liberation Notes also on the same day will air and some of the animes I am looking for will air on that exact day, lol I will need to make sure my schedule is free on that day."
340,340,우리들의블루스,Is it still with Netflix?
341,341,우리들의블루스,Better be good after making us wait this long since the announcement.
342,342,우리들의블루스,#onlywatchingthisbecausehowtalentedtheactorsare
343,343,우리들의블루스,"Excited to see Woobin after such a long time. Wish they had paired him and Shin Min ah though, that would be a dream come true for fans. I hope they'll at least a have a few scenes together. Any way it's great cast. Looking forward to it."
344,344,우리들의블루스,they had one job and didnt pair kim woo bin and shin min ah..... hahahaha what is?
345,345,우리들의블루스,"this series would be available on netflix right?
by watching the trailer, i feel that this will be my comfort drama
Plus i believe Noh Hee Kyung would deliver as usual"
346,346,우리들의블루스,excited to finally see kim woobin back ♥
347,347,우리들의블루스,Here go bts stans disrespecting everyone as if their artist is the only one that exists in the world. Go on. Kpop has been ruined ages ago.
348,348,우리들의블루스,I am gonna watch this for Jimin's voice only💜💜
349,349,우리들의블루스,Excited to see Lee Byung and Cha Seung Won on the same screen. Iris and Athena: GOW are the first k-dramas I've ever watched.
350,350,우리들의블루스,wow A class cast and with a Jimin ost?? can't wait!!
351,351,우리들의블루스,"I was skeptical at first because many said it reminded them of ""Hometown Cha Cha Cha""(which I really disliked),but after seeing the director and writer behind it,I`m EXCITED for this drama.

This team really knows how to create compelling and deep characters,especially in slice of life setting.Now,I can`t wait to see it!"
352,352,우리들의블루스,Jimin's OST let's get ittttttttttt
353,353,우리들의블루스,JIMIN OST LETSSS GOOOO 👐 HE'S GONNA BE AMAZING 💜
354,354,우리들의블루스,"jiminie ost for this drama, exciting!"
355,355,우리들의블루스,Look at this casting… And Jimin is singing the OST as well.
356,356,우리들의블루스,JIMIN OST!!!!
357,357,우리들의블루스,JIMIN OST IS COMING
358,358,우리들의블루스,jimin ost? my heart
359,359,우리들의블루스,Wow the reunite between lee byung hun and shin min ah after A bittersweet life
360,360,우리들의블루스,JIMIN OSTTTT
361,361,우리들의블루스,This seems like something I will really enjoy. The cast is amazing. Really looking forward to it!
362,362,우리들의블루스,Just looking at the cast. I feel bored to death~
363,363,우리들의블루스,The cruelty. They pair the real couple with other persons.
364,364,우리들의블루스,Shin min ah... Kim woo bin. OK this will officially become the must watch stuff.
365,365,우리들의블루스,New teaser - https://youtu.be/U4cSLAsDUAM
366,366,우리들의블루스,Epic
367,367,우리들의블루스,Penulis sama sutradaranya ga kaleng² nih. Aaaaa kayaknya bakal bagussssss ^^ semogaa ajaa :)
368,368,우리들의블루스,It's slice of life and the characters are somehow connected with their own struggles means we won't have one couple and almost everything will revolve around them! The characters will have their own stories and I bet it will feel like a crossover episode when one character who has nothing to do with another character meets them or someone else refers to them. Like in taxi driver when the victims met briefly or euphoria. They are kinda connected through one or two characters but not really friends or interact. I'm actually also working on such a story since this is how life actually works. I'm looking forward to it but if I'm disappointed I won't ever trust those actors. I'm really wondering how the script looked like that all of the main characters are a-list celebrities hahah
369,369,우리들의블루스,New teaser - https://youtu.be/WmnOh_NALjQ
370,370,우리들의블루스,"Talk about a high profile cast, wow!!"
371,371,우리들의블루스,New teaser - https://youtu.be/HIdxGmhNvGs
372,372,우리들의블루스,i am up for any slice of life drama plus with this cast is a feast for 8 weeks.
373,373,우리들의블루스,yall had a chance to make woobin and minah leads but ok
374,374,우리들의블루스,"The writer-director combination is superb. They have a history of strong works, especially the writer. The cast is full of A-listers, most of which they've worked with before. Even having a support role in their work is big. Looking forward to it."
375,375,우리들의블루스,Uh 😬 It's not like I don't like this genre but that was a disappointing teaser
376,376,우리들의블루스,Slice of life is my least favorite drama flavor but the cast is too good to pass up. I'll give it a try when it airs
377,377,우리들의블루스,Aaah! Loved the teaser so much! And my halmonies from Dear My Friends are here too! Even the mother in When The Camellia Blooms! Will surely watch this~
378,378,우리들의블루스,nam joohyuk as support role???? hmmm.....
379,379,우리들의블루스,"This looks like so much fun, I can't wait!"
380,380,우리들의블루스,Mdl really used a fan-made edit as the poster😂
381,381,우리들의블루스,god I wish lee byunghun wasn't a part of this 🤐
382,382,우리들의블루스,Disappointing from lee byung hun.
383,383,우리들의블루스,"So excited for this drama, some of my favourite actors in it"
384,384,우리들의블루스,No but see that cast??!!!🔥🔥
385,385,우리들의블루스,The drama teaser gives HomeCha vibes ♥️
386,386,우리들의블루스,Why Nam Joo Hyuk Is Mentioned In Support Role Cast Is This True Nam Joo Hyuk Playing Support Role In Our Blues...
387,387,우리들의블루스,"That recent poster is just a fan-made poster, right? Not official, right? Please don't joke me around for taking that as the cover of the drama"
388,388,우리들의블루스,I think this should have a romance genre I mean it’s a three couple mains as written in the synopsis.
389,389,우리들의블루스,Lol it’s nice it see a real life couple acting in one drama but here it’s as a different pairing with another actor/actress. I never see any couple do this before in k-drama I am talking about KWB and SMA.
390,390,우리들의블루스,"First look is out, you guys.... lookin' goood! <3
https://www.youtube.com/watch?v=2mvVXqb2o58

Seems like tvn's 'Our Blues' & jtbc's 'My liberation Diary' are in competing slots from 9th April onwards... damn, April will be lit! 🔥"
391,391,우리들의블루스,"Damn, this drama is STACKED!"
392,392,우리들의블루스,came here for Kim woo bin ❤️ I think his first drama after uncontrollably fond (2016)
393,393,우리들의블루스,I'm came here for Uhm Jung Hwa ♥️
394,394,우리들의블루스,Byung Hun and Min Ah are paired always lol
395,395,우리들의블루스,I lowkey wanted to see shin min ah and Kim woo bin paired up together! Their visuals would be insane and it’s even better that they’re a couple in real life!
396,396,우리들의블루스,That cast!
397,397,우리들의블루스,Tvn said it’ll be released on a sat-sun timeslot so after a rough calculation it will most probably be aired in April…
398,398,우리들의블루스,"since its an omnibus drama, i wonder how many stories were there?"
399,399,우리들의블루스,"Came here for Bae Hyunseung, saw Kim woobin was part of the cast, and decided immediately to watch it when it'll air"
400,400,우리들의블루스,Any news of it? When it gonna be release?
401,401,우리들의블루스,"Wait wait aside from the cast, I am damn excited that my fav IOTL director&writer is back!!!!!!"
402,402,우리들의블루스,"My goodness, the cast of this drama"
403,403,우리들의블루스,"As long as it's Writernim No Hee Kyung, I am gonna watch!!"
404,404,우리들의블루스,wait. netflix 20 eps?
405,405,우리들의블루스,"This drama is going to be worth watching simply for the cast alone. After a long time, I am really looking forward to a kdrama."
406,406,우리들의블루스,Damnnnn the CAST is really AMAZING.. I love all of them. This making me more excited about this
407,407,우리들의블루스,Shin Min Ah is reported to start filming drama Our Blues in Jeju Island today.
408,408,우리들의블루스,THE QUEEN UHM JUNG HWA?! AMAZING
409,409,우리들의블루스,KIM WOO BIN AND THE LEADS WOWWW THIS DRAMA HAS TO BE SOMETHING
410,410,우리들의블루스,Can't wait!!!! Finally Shin min ah and Woo bin <3
411,411,우리들의블루스,My Woo Bin!!! Finally!!! Can't wait to watch this!
412,412,우리들의블루스,already in the 'Plan To Watch' list!
413,413,우리들의블루스,"Han Ji Min. Ah, yes!!! A new drama. 💜"
414,414,우리들의블루스,Just realized the male lead is from squid game 😄
415,415,우리들의블루스,Ayeee! I’m so ready for Kim Woo Bin and his GF Shin Min-ah 😁😆
416,416,우리들의블루스,k-kim woo bin KIM WOO BIN K I M W O O B I N
417,417,우리들의블루스,hypeddddddd
418,418,우리들의블루스,"Yeah so, Lee Byung-hun & Shin Min-ah are two of my favorite actors, definitely gonna be watching this lmao"
419,419,우리들의블루스,"woah,, wonder how much this production will cost,, the casts are all a-list actors"
420,420,우리들의블루스,Hometown Cha Cha Cha on steroids. Can't wait for the feels! T_T
421,421,우리들의블루스,"Ooohh I'm so excited for this although what a bummer we can't watch our real couple as an onscreen couple.
Anyhow, can't wait to see the pairing of SMA+ LBH and KWB+ HJM. But if we get Mr Sunshine 2.0 from one of the couple (no romance/kissing scenes) I'm ready to square up! 😅😤"
422,422,우리들의블루스,"I can't wait to see some interactions between Shin Min Ah and Kim Woo Bin

that is the only reason why I'm looking forward to this drama"
423,423,우리들의블루스,"I know everyone gonna be talking about this drama when airs for sure

I mean look at the cast"
424,424,우리들의블루스,Is this confirmed??? Omgggg!!
425,425,우리들의블루스,"""Features the stories of people who live completely different lives.""

Always makes me laugh"
426,426,우리들의블루스,Omg Its so exciting
427,427,우리들의블루스,The cast is off the charts. I wonder if its an omnibus format?
428,428,우리들의블루스,Wow. The Cast
429,429,우리들의블루스,"This drama has started filmed.
I see that there are people wondering why woo bin and Min ah aren't playing a couple together here, all I want to say is that they are actors, and maybe there are twists"
430,430,우리들의블루스,i'm in
431,431,우리들의블루스,"Are ""Here"" and ""Our Blues"" 2 different dramas?"
432,432,우리들의블루스,Waiting
433,433,우리들의블루스,Thé cast is amazing… they’re on my favourites Korean actresses and actors… so excited
434,434,우리들의블루스,"wow the cast!!!
it has to be a really good drama"
435,435,우리들의블루스,"Is it just me or is this the first Korean Netflix production that has 16+ episodes? All the ones I can think of that weren't collaborations with Korean TV channels were 6, 8, 10 episodes long.

I wonder if they're starting to adjust to the preferred format of Korean audiences and international drama fans or if they're thinking of co-producing this for regular TV."
436,436,우리들의블루스,That synopsis… ok. But the cast! Wow!
437,437,우리들의블루스,The caast and the writer <3
438,438,우리들의블루스,"""Features the stories of people who live completely different lives.""

Such a good plot description"
439,439,우리들의블루스,promissor demais esse elenco. quero já
440,440,우리들의블루스,"OMG
Kim Woo Bin and his real gf Shin Min Ah together in drama, after everything they been trough together .... hope it is real and will be soon"
441,441,우리들의블루스,Omg yasss .... high time ❤️❤️
442,442,우리들의블루스,I'm looking forward to see Kim Woo Bin.
443,443,우리들의블루스,passado com esse elenco kkkk o PIB da Coreia do Sul tá praticamente todo aí
444,444,우리들의블루스,CARA esse elenco sem palavras
445,445,우리들의블루스,Elenco foda.
446,446,우리들의블루스,"Is this gonna be a sequal to the upcoming drama ""here"" ? As they share same main cast?"
447,447,우리들의블루스,"https://www.koreaboo.com/news/real-life-couple-kim-woo-bin-shin-min-ah-in-discussions-join-new-k-drama-together/

This article says that SMA and KWB won't be a couple in the show. SMA will be paired with Byung Hun and KWB will be paired with Ji Min. I hope its not true. I'm fine with no romantic pairs at all but please don't do this."
448,448,우리들의블루스,"What's this! Are you kidding me? This is gonna be awesome!
I would love to see real lovers Kim Woo Bin and Shin Min Ah paired up though. Just an opinion."
449,449,우리들의블루스,Nice Poster
450,450,우리들의블루스,I'm assuming Here is just on hold not cancelled right?
451,451,우리들의블루스,I hope leee byunghun is removed from the cast
452,452,우리들의블루스,I feel likw kim woo bin would be a cameo.
453,453,우리들의블루스,I hope kim woo bin and shin min ha are couple.
454,454,우리들의블루스,Holy crap this cast...... I'm very excited!!
455,455,우리들의블루스,"""Our blues"" is different from the drama ""HERE"" am i correct? Is there still a chance that Nam joo hyuk and Han ji min will work together again?"
456,456,우리들의블루스,"OKAYY YESSS, I am so excited for this."
457,457,우리들의블루스,"If they are confirmed, I will feel kinda bad for the partners of SMH and kwb. Imagine you gotta kiss someone and their rl partner is just right beside them lmao but the casting looks good tho"
458,458,우리들의블루스,If they do confirm the wont be a couple it'll be KWB along side HJM and SMA and LBH
459,459,우리들의블루스,I can't wait to see them work together!!
