,reviews,title
0,i am in ep 9 and i soo wanna punch  the sfl she is so freaking annoyingg goshhhhh,은주의방
2,"This is actually a promotional series for Olive Young which, I guess is a SK DIY brand. It is cute, the episodes are short, 40min, but the FL is not likable and, my pet peeve, sorry: her hair is just awful! Edit: finished watching it and still, even more, the FL is worse than before, awful, so completely unlikable, selfcentered, unaware of other people, selfish and just cheerfully terrible.",은주의방
3,"I enjoyed this a lot. It's kind of a slow burner, even with the shorter running time - but still, soo entertaining.Also, that 100 days my prince cast cameo (lol)",은주의방
4,"Ok, I hate Hye Jin, she hates the FL for absolutely no reason?",은주의방
5,Is this drama worth the watch?,은주의방
6,Is the main female character strong like sung bo ra or typical stupid female character?,은주의방
7,"Any other Something in the Rain fans here? I could not stop smiling and laughing. If you watched both this show and Something in the Rain, you will know what I'm referring to lol",은주의방
8,"This is such an underrated gem. I would have liked to see her doing more consultations, which could have been a series itself. Although I know it's unlikely I would love a season 2.",은주의방
9,I love it too!,은주의방
10,"Oh my God she's so messy, and clumsy and dependent. I really want to watch it for the mood and the male lead but his drama is truly testing me in the exact same way Clean with Passion did.",은주의방
11,That only lasts for like 2 episodes. She finds her passion for interior design through the ML and she is really good at it.,은주의방
12,"Wow, really? I literally put it on hold after episode 2 because of this.You make me want to give it another chance :D Thank you!",은주의방
13,@Viv Yeah it’s a light show too really no drama except for the 2nd FL being petty. I’m on ep. 9 right now. Definitely a show to pass time.,은주의방
14,"@Proj3ctX1 Well thank you for changing my mind! After a year, I just finished it, it really did get better as it went on. A light-hearted, fluffy, no drama drama.",은주의방
15,could anybody recommend another drama like this?,은주의방
16,"Although I've literally just started Eun Joo's Room, it feels really similar to Eating Existence, also 20th Century Boy and Girl has this cozy feel too",은주의방
17,"Thank you, I will definitely check them",은주의방
18,ANY  subbed links which i can download guys plz?????,은주의방
21,If you’re looking for a more down to Earth drama - this is it. It’s only 12 episodes long so it does not become draggy. It is realistic and I could really relate to Eun Joo. The romance is not super fast since they have been just friends for a long time but there is plenty of scenes of them spending time together.,은주의방
22,"One thing to say: it was well worth the wait (one year). ♥And Ryu Hye Young => ♥And Kim Sun Young => (♥_♥) (as usual).Also: when they want it korean writers can make a good romance. Even the evil character was touching (BTW: am I the only one who wanted ... a better ending for her ? Her story was so sad :/ ).A feel good drama, thanks the sub team for your work. :)",은주의방
23,"I have been waiting for this drama to be subbed for a year and it is finally subbed! This was such a nice warm, cozy, and also heartfelt 12 ep drama. It is short but sweet. The perfect drama to watch in a kdrama slump and drought.",은주의방
25,Thanks. Been waiting for the subs,은주의방
26,Omg finally’ it was back then so frustrating because i couldn’t understand a word they were saying and really liked the drama :‘),은주의방
27,I love the actress so much,은주의방
29,Please check our the following website for full sub @ https://kissasian.sh/Drama/Eun-Joo-s-Room,은주의방
30,Ep1 English Sub Available Now On Subscene.com,은주의방
31,Update: All episodes are now subbed!!,은주의방
33,@Hime It's on subscene.,은주의방
35,still no English subs :(,은주의방
36,ryu hyeyoung became one of my favorite actresses just from reply 1988 so i really hope there are subs for this soon :/,은주의방
38,can someone let me know the episode  kyungsoo and jihyun  guest in ? :D,은주의방
40,"I can sub this if no one has taken up the project. But it will be a slow subbing. If anyone need to help, we may be able to fan sub as a group. So let me know guys.",은주의방
41,Do you wanna sub this drama ? so glad to hear this thanks thanks,은주의방
42,"I would love to do if there are many people requesting subs. But it will be good if I can have someone's help as I am quite busy, so subbing it alone may take some time for the updates.",은주의방
43,"@ShaashaS what help do you need? i can help timing subs if you want :)i can't find subs anywhere, it would be nice if you can sub this :)",은주의방
44,"@fujoshiane If you can help me with timing, I will be grateful",은주의방
45,"Hi!! Please do, I've been looking up for such a long time. :(",은주의방
46,Wow thank you so much!!,은주의방
47,I decided to sub it as many people want me to do so. I will post the links for the episodes in my website - https://starrycafe.home.blog.Please note that subbing will be slow as I am quite busy. Thanks.,은주의방
51,thank you!!,은주의방
52,Did you sub this? If you did I can't find it. I may be looking in the wrong place.  I have tried everywhere. Thanks,은주의방
53,@PamelaHannaEikleberry No dr. I am quite busy so no time. Sorry about that. Maybe later,은주의방
55,"A very kind gesture for you to offer the sub this drama, but if you're too busy, it's probably best to leave it alone. At least until you have more time to fully dedicate to it. So many subbers start subbing a drama then stop half way and I don't think it's fair to the people who wait patiently for each ep to be subbed. Better to leave it raw than half-subbed, imo.",은주의방
56,"I'd gladly help but i dont know the language, if there's anything I can help I will.",은주의방
57,"anyone know of a link to subs, either in english OR korean ? really wanting to watch this.. :(",은주의방
59,Did it got subbed already?,은주의방
62,anyone knows where i can get korean subtitles for this? that'd make it easier for me to sub the episodes lol,은주의방
63,i submitted a netflix request...  Maybe if a lot of us do it it will help.,은주의방
64,How do you do that?,은주의방
67,I really want this to be subbed soon T^T,은주의방
69,Thanks! I've actually just finished watching it:),은주의방
70,It has 12 episodes.... Can sm1 fan sub this? Do Korean fan subs exist?,은주의방
72,Can someone plz sub? Inshallah,은주의방
75,Please where can I watch it ?,은주의방
76,http://www1.newasiantv.ch/watch/eun-joos-room-episode-1-engsub.4942.94574.htmlhere but its RAW,은주의방
77,unfortunately  :/,은주의방
79,Thank you,은주의방
80,I've requested  on viki. Hope it get sub...I loove  Bora....I hope for a sun woo reunion,은주의방
81,has anyone subbed this yet?,은주의방
82,Not that I know of. Love her as bora,은주의방
83,subbed at https://www.asianfall.com/asian-drama/eun-joos-room-2018/,은주의방
85,This is definitely still raw,은주의방
86,unfortunately still raws it seems,은주의방
88,What is the song at 20:30 in episode1? Does anyone know?,은주의방
89,I haven't watched the show but a recent ost has been released-I like you by April-Hope this helps.,은주의방
90,Thankyou. But the one which I have asked is different from the OST . Please help me after you watch it .,은주의방
91,"You mean the song she hears on the street, right? It's 'Lee Hi - Breathe' :)",은주의방
92,Thankyou so much. I have been searching for that song everywhere. Thankyou,은주의방
93,"What a bummer! I was so excited to find out Kim Jae Young got a lead role, finally. But no pick-up for sub:'(",은주의방
97,Logged in after 3 months. Totally worth it. Thanx. :)),은주의방
98,"still no sign that anyone has picked this up for subbing?  :(  Keep sending requests to Viki.  Even if  you can't get Viki,  if they sub it it will show up on the illegal sites like Cool/Nice.  https://vikiinc.wufoo.com/forms/title-request-form/",은주의방
99,I've been wanting to watch this series since it got released. It's been weeks but there are still no subs.  Can someone please sub this series?,은주의방
101,WHERE CAN I FIND AN ENG SUB FOR THIS?? :( I WANTED TO WATCH IT ASAP,은주의방
103,can't find it anywhere,은주의방
104,I also couldn't - only raw. I hope it will be subbed soon,은주의방
105,"Have you tried YouTube or Dailymotion, they often crop up there.....?  Just an idea.",은주의방
106,yeah i tried but thank you anyway. i will retry in a few days,은주의방
110,nice drama just what i need for now,은주의방
111,Kim Jae finally He is a drama hero,은주의방
112,Fix imma watching this,은주의방
113,Ryu Hye Young ♡ I missed her since Reply 1988.,은주의방
114,FINALLY!!!! KIM JAE YOUNG IN A MAIN ROLE!!!!,은주의방
115,Hmm wasn’t he in beautiology101,은주의방
116,"true!! hope he gets more main role too, he deserves recognition",은주의방
0,Eun Joo's Room was cute and short The story was sweet and the romance was adorable and well paced The couple had chemistry too and that helped a lot with the story The idea about the do it yourself ideas and tips to help us redecorate our rooms and appartments was pretty clever and intresting The main lady although at first was a bit annoying had a nice character development and she became more adorable The performances were good too from all the actors and actresses of the cast even the side characters So overall seven out of ten Read More,은주의방
1,This was cute I loved the main actor Kim Jae Young as the lead He always does great in whatever he does A great kisser for sure I loved the storyline I never encounter anyone in my entire life that would have been friends to a love interest at the end I wished I went through that type of relationship That's why I enjoyed this cute story I didn't give it a because the storyline really doesn't go anywhere but on the two main leads which are ok but There was no martial art or good visual but a town that was normal Just a normal cute storyline Read More,은주의방
2,It's never too late to redefine yourself and start anew Dear My Room is a short and simple story that gives hope to all the young adults that are still searching for their purpose in life feel like they are stuck in a grim reality not finding happiness in any aspects of their lives It questions what it truly means to be a responsible adult and how un important it is to follow other's expectations towards ourselves We follow the life of Eun Joo who after quitting her job starts to explore her surroundings relationships and finds her true passion The drama shows how one small event in our life can be a start to self improvement The show does a good job with not following the expectations of the viewers Some plot lines went in a completely different direction that I thought and I could not be more happy about it We are also presented with truly wholesome and natural romance between main leads with no painful Second Lead Syndrom even tho Jae Hyun is extremely nice character that quickly became my favorite Hye Jin even tho frustrating at times plays an important role showing us the contrast between her and Eun Joo We can see how important it is to have loyal friends be true to yourself and your convictions and sometimes take a risk for the things you love and enjoy doing The production of the show just made me feel warm and happy That's it Each episode made me feel hopeful People from their mid to late ' could easily relate to the struggles of the characters and emotionally invest in the story The OST is perfect It never feels out of place has this sweet indie vibe It perfectly matches the scenes making them that much more enjoyable and at times moving Perfect slice of life that tackles serious topics that young adults have to face while not being depressing about them The show truly motivates me to act on my ideas and hopes instead of wanting to give up any plans I might have Read More,은주의방
3,Super cute and enjoyable Loved it From the OST to how they captured reality was really good The love story was also soooo cute PLUS they had this really cool scene where they did like a ' days my prince' crossover I was grinning from ear to ear and just couldn't stop TRULY AMAZING Read More,은주의방
