,reviews,title
0,I love both the ml leads they were very understanding and super handsome..I hate so young type of girls,이런꽃같은엔딩
1,"Man, I love the content that Playlist Global have. It just hits so different. This was a very relatable series and my favorite couple was the 7 year one. I enjoyed it.",이런꽃같은엔딩
2,I want to recommend all the playlist global web dramas ... It's so so Interesting and the web series are related from the 1st series and I love playlist global BIG FAN Here...  I am in a goal to complete all the series of playlist global ?.......And I find this channel and the series so unique and special,이런꽃같은엔딩
3,"This mini drama was soooo goood its for MATURE audience! Because the struggles r real and what real couples face.  Both couples were very cute i really liked both.-7 year couple, the guy is super cute and he gave up his dreams (didnt continue going to school and using his scholarship so he can stay with his gf) - i dont agree with the decision he made because of that decision he had to work in a low paying job and as we saw in the drama his gf did look down on him when she was with her friends. He should've continued with his dreams, it was great that at the end he went back to school and achieve his dreams. -it explained y he was supportive to his gf when she got the internship he didnt want her to regret like he regrets. -its realistic to me that they took a break they need that to work on their future and achieveing their dreams then they can be back together...thats what im getting off the ending they will be together bcz the girl said that she didnt break up with him but to talk abt it after one year. -I'm hoping she finishes her internship and becomes more mature and for him to finish his schooling and gets a better job that way they can lead a better future for them to marry.1 years couple: - the guy was soooooooooo perfect i want a mature guy like him, he knew what he wanted and knew how to get it, he was honest and straightforward love him!!-the girl i understand how she was scared of responsibility and im glad she decided to marry him and trust him great choice!! The ending is REALISTIC!!!",이런꽃같은엔딩
4,Yeah I love it ❤❤❤,이런꽃같은엔딩
5,"OHHHHH I wanted to watched so I did , but I started with the last ep , and I didnt know till the end hahahhhahaha",이런꽃같은엔딩
6,what's the name of the actor of woong's hot friend at the center? ;),이런꽃같은엔딩
8,really????,이런꽃같은엔딩
9,where can i watch this drama? please answer guys :(,이런꽃같은엔딩
11,but why the video short ? it's like 13 minute per episode ?,이런꽃같은엔딩
12,"@vulkarie That's because this is a web drama, they usually last 15 minutes.",이런꽃같은엔딩
13,"so the 1st five eps were meh, but the last were really great, Hyun Soo was really sweet, honest and straightforward man ;) and the whole setting was so refreshingly realistic, unlike the usual kdrama..I liked both main girls, I related to their perspectives..guy num2 had a big inferiority complex, and girl num3 was way unnecessary, the only thing I didn't like was the fact that girl num2 was the one who told girl num3 to go after guy num1 when they knew he had a girlfriends and yet she'd have hated it if someone was after her own bf ;p",이런꽃같은엔딩
14,Oh my stars I want MORE!!!  I want the 7 year couple back so we can see what happened next (swimmer was a moron!).....just so GOOD.  MORE!,이런꽃같은엔딩
15,The 7 year couple is in another series you can watch them on playlist global YouTube channel,이런꽃같은엔딩
16,"Ah, THANK YOU so much for the tip!!",이런꽃같은엔딩
17,@Trouble-chan No worries ??,이런꽃같은엔딩
18,Really loved the drama. I hope they make the 2nd season. I liked the seven-year couple more...hope they patch up soon,이런꽃같은엔딩
19,This is my first ever kdrama I've watched... I loved it so much ???????????????? please give me good recommendations. 9.5/10 **spoiler**Sad for 웅 & 민채 Cried a bit during their break up.. such a good series,이런꽃같은엔딩
20,SPOIler AleRT!!!They broke up!!! I feel so sad. Why??? P>S. I watched the last ep without subs.,이런꽃같은엔딩
21,The subs are here now for the ep 10 !,이런꽃같은엔딩
22,Can i know where did you watch it? Is it on youtube?,이런꽃같은엔딩
24,@Chloe Thanks! ;),이런꽃같은엔딩
25,"And Im so sad too, they're my favorite coouple, but I'm sure they'll get back together ! I can't accept anything else XD",이런꽃같은엔딩
26,where can i watch this drama? please answer guys :(,이런꽃같은엔딩
27,On youtube from PlayList Global,이런꽃같은엔딩
28,Do you know the name of the men actors? 2 main roles,이런꽃같은엔딩
31,@Antonia Syropoulou No prob! The actors' names are in the description of the youtube episodes if ever u want to find out more names!,이런꽃같은엔딩
32,how come it took that rate &  no one wrote a review or comment about??,이런꽃같은엔딩
33,"I wrote one  XDNo comment or review maybe because only few people know Playlist Global, now it's getting bigger maybe in a new future they'll have more fame/fans",이런꽃같은엔딩
34,does it worth watching ??and where can i find it does it has happy ending or still open for season 2 ?,이런꽃같은엔딩
35,@Jaylan noona It's very good! You can find it on youtube The english Chanel : https://www.youtube.com/channel/UCWh7Y7qan9WNxXOucn15O3AThe Korean one : https://www.youtube.com/channel/UCid83oPnsL-4ZEo8CyQr6Rg,이런꽃같은엔딩
38,"@Jaylan noona When you'll finish, tell me which couple did you like hhh",이런꽃같은엔딩
41,@Huruhi thank u so for asking not yet i was watching something else before asking about this onebeside i couldn't find all the eps. at u tube only 5 & not arranged no.do u have a link for it ??,이런꽃같은엔딩
42,"@Jaylan noona Yea, I wanted to know what do you think about it here the ep 6 : https://www.youtube.com/watch?v=WOtq_J3hL7M",이런꽃같은엔딩
43,"@Huruhi i couldn't find ep. 02, 09 , 10END",이런꽃같은엔딩
44,"@Jaylan noona here ep 09 , but on the korean chanel : https://www.youtube.com/watch?v=vknpLTQnjkwThe engish is not out yet",이런꽃같은엔딩
45,@Huruhi so u mean u can't find 02 09 10 also as me ??how did u finish it ?,이런꽃같은엔딩
46,@Jaylan noona i am for sure still bad in hangul LOL i think i'll pause it till i find the whole eps. for season 1 with sorrow if u find the rest send it to me plz :)thank u in advance,이런꽃같은엔딩
47,@Jaylan noona I finish it because I can understand korean XD I'm studying itNo worries,이런꽃같은엔딩
48,@Huruhi wish me luck a while & i 'll be like u  hahahah wait for me till i learn then i'll be back to tell u my opinion XD LOL,이런꽃같은엔딩
0,Playlist Global is getting bigger We can notice it with this short drama It's not about dating and school It's about adult life dating and getting married or not The drama shows couples one year couple and year couple They face many problems such as Jealousy shame envy their dreams friends and society They talk a lot about marriage A couple which are already living together we'll think about marriage naturally So the problematic on the drama Is the marriage something about how long have you been dating your partner I thought the concept interesting Playlist Global proves once again their evolution they are trying many differents style By the way let's talk about Actors Omg they are very good handsome beautiful BUT despite that we can notice that it's not about physical so you feel no complex XDDD I mean they didn't put an accent on beauty but on humans values problems happiness on the human so we can easily identify on all the character Indeed sometime we are too greedy sometime we want to be the worse one by wanting someone else boyfriend sometime we give up on something for someone and sometimes we have to do choices All the songs were very good Kwon Jin Ah ost hahem The drama was well done for me the scenes acting light music And the number of episode help a lot That's why I like Playlist Global stories may be basic but they go straight on point and you can finish one drama while waiting somewhere practical Read More,이런꽃같은엔딩
1,It s a story about two couples and a single fool One of the couples has been dating for years and knows each other in and out The other couple has been dating for year and has different expectations from dating And then there is one single woman wanting to fall in love What I liked about this show is the take on marriage Some people want to get married but cannot because of various circumstances Some people do not want to get married because they are scared of being tied down And then there are people who have nobody but need and want somebody The story is about whether these people can deal with their expectations and still be together It was normal and relatable Like pages of a journal out of somebody s life I liked it for it s simplicity The male leads were cute which was an icing to the cake The acting and music were not bad Playlist global has been coming up with good webseries Read More,이런꽃같은엔딩
2,I seriously didn't expect to like this series as much as I did I somewhat started it with the impression there'd be something about it that would throw me off which turned out to be a complete lie We are met with two different stories and given the premise that only one will have a flowery like ending It's interesting how they explored both narratives although I wished they could've developed them a tad more It had some familiar faces like Gun Joo and some Love Playlist cameos that any die hard Playlist fan would recognize right away and some new faces Shi Eun's character is the one I liked the most even if her ending didn't met my expectations of her Kang Hoon was also quite cute I'm happy to hear he'll be a supporting character in an upcoming kdrama I want to watch The soundtrack and pacing were both wonderful too this whole series is lovely and nicely put Read More,이런꽃같은엔딩
3,A short web drama that doesn't deal with school or first love but rather with grown up problems The realtionships in this one undergo contemporary couples' problems and eventually only one will survive as the narrator suggests in the first episode The stories of both couples were relatable and entertaining and very dramatic may I add The ending was satisfying as well and it kept that slice of life atmosphere being all realist and unique The performances were really good as well So seven out of ten for this web drama Was this review helpful to you Yes No,이런꽃같은엔딩
