,reviews,title
0,PlayList: https://www.youtube.com/playlist?list=PL920OTfqSyzewA0CIVeVP_tnSaKWO48aShttps://www.youtube.com/playlist?list=PLS--ClexQbQ2L0ee8HtuFMFF4aA8OYuMn,인서울-내가독립하는유일한방법
1,Rewatch In Seoul. I miss Dami's mom :D,인서울-내가독립하는유일한방법
2,Why the poster is change? Dami and her mom's poster is more suitable bcs this story is more focus on their relationship.,인서울-내가독립하는유일한방법
3,for a 15min and 15ep webdrama this was frustratingly slow and draggy I couldn't bare through it,인서울-내가독립하는유일한방법
4,"After watching this relatable, sweet and interesting story.Looking forward to the next season :-)",인서울-내가독립하는유일한방법
5,This was such an enjoyable watch!,인서울-내가독립하는유일한방법
6,lol do hee is a vampire....drank from the fountain of youth,인서울-내가독립하는유일한방법
7,This drama is so underrated compared to A-Teen. To me both A-Teen and In-Seoul were very typical yet refreshing dramas to watch. I find In-Seoul even more relatable than A-Teen because of how beautifully they portray the mother daughter relationship. I was surprised by how much I enjoyed this one. Can't wait to watch the last two episodes  but will be sad when this one is over,인서울-내가독립하는유일한방법
8,Ep 1 reminds me of my summer before 8th grade :( I really regret what I did,인서울-내가독립하는유일한방법
9,This is a relatable drama that many teens will emphasis with. I feel really bad for the mum... and Dohee/Dami really portrayed the character well.,인서울-내가독립하는유일한방법
10,"""The story is about the mother who constantly attacks her daughter about the fact that she has no sense of the reality""Gosh this synopsis is being too hard and unfair on the mum, when the reality is that the girl character is an actual entitled brat tbh. I'm excited to see how the story develops her character.",인서울-내가독립하는유일한방법
11,Anyone know where to watch this,인서울-내가독립하는유일한방법
12,"First ep here, no subs for now: https://www.youtube.com/watch?v=55OuStEceoQ",인서울-내가독립하는유일한방법
13,Thank you so much!,인서울-내가독립하는유일한방법
14,You can watch it on V Live. They upload this with english subtitles :)https://www.vlive.tv/video/141823/playlist/141221,인서울-내가독립하는유일한방법
15,Playlist Global's youtube channel,인서울-내가독립하는유일한방법
16,"She is protrayed to be an ARMY, her room filled with BTS and BT21 merch. She was trying to get the 4th Muster Festa tickets. It's kinda funny!",인서울-내가독립하는유일한방법
0,In Seoul is not the classic Global Playlist They focused more on the mother daughter relationship Which was the best part Though the romance was not bad but they didn't pace it very well Another thing that worked for it was the way they presented the story It was nice to watch the two persepctives and how the two characters actually felt However they didn't work well with the whole fangirling story which they abandoned after the first episode However the performances were good So overall seven out of ten Was this review helpful to you Yes No,인서울-내가독립하는유일한방법
1,I'm gonna be honest I JUST finished watching this about minutes ago BUT this Playlist x VLive collab was very cute and light hearted This is your typical high schooler to college life transition there was nothing inherently special about it you can argue that the fangirling aspect was different but we saw that played up in the Reply series But other than that nothing really stuck out to me about this drama but it was still a heartwarming watch nontheless It was cute and wholesome to see Dami's personality and attitude towards life and her relationships change so much throughout the course of the series If you're looking for something soft to pass the time with give this a go If you're a high school student procrastinating on studying this drama tells you multiple times to go study so GO STUDY Read More,인서울-내가독립하는유일한방법
2,While I came to watch this because of Do Hee I still find her acting always so sassy which isn't a bad thing I love it This storyline is cliche and goes from a daughter and mother at each other's throats and when the daughter is gone they end up missing each other I do like the fact that they didn't focus on the romance but rather on the mother and daughter's relationship The romance is still somewhat satisfying though yet still cliche Now there's nothing wrong with the drama being cliche because every now and then I find myself watching dramas like this to fulfill whatever cliche desires I have in me Read More,인서울-내가독립하는유일한방법
3,I'm WAAAAY outside the target demo for this web Drama but as a longtime fan of Do Hee's acting I was keen to watch her first real lead The fact that it also has Jin Ye Ju Kim Yeon Seo whom I really like in My Only Love Song was a delightful bonus The story is nothing earth shaking but I was impressed with Do Hee's performance as THOROUGHLY unlikeable character Selfish and UTTERLY self absorbed her character also showed zero growth in terms of maturing and getting half a brain until basically the penultimate episode She treated her mother despicably consistently so and even managed to provoke her somewhat implausibly tolerant boyfriend to rage by her thoughtless self absorption That's why I was impressed with Do Hee's performance In the first episodes there's really not one thing about her character that evokes sympathetic approval She's just a whiny self obsessed spoiled kid who truly has no idea about the real world or how incredibly easy she has it And Do Hee nailed it well done Happily there WAS a character to like and root for and that was Jin Ye Ju's Ha Rim the BFF of Do Hee's character Ha Rim was sharp cynical insightful and clear eyed and a perfect foil to Do Hee's Da Mi She made the show fun even when Do Hee's great portrayal of a selfish slob was so good as to be vexing Read More,인서울-내가독립하는유일한방법
