,reviews,title
0,1000000/10 !!!!! this drama got me at the edge of my seat althroughout ... the plot twists are so mindblowing + junho lookin mf good in a suit EVERYONE give this a watch,자백
1,I don't know why it took me so long to watch this drama. This is a hidden gem. One of the best crime-investigation drama I have seen till now. Kudos to the screenwriter and actors.,자백
2,Came for the bromance and stayed for the mom-son relationship between Do Hyun and Madame Jin. I really liked her character !,자백
3,"There needs to be a 'no romance' tag, so the usual drongos don't ask this question, repeatedly, every 4th or 5th post.",자백
4,"Yeah, it's really annoying. ""Do they kiss ?""""Does he touch her hand ???""RAAAAAAAAAAAHH just watch it!!",자백
5,In what episode do they start dating? Does he like her first or the other way around?,자백
6,Heyyy i have a question? Is there romance? lmao jk,자백
9,"There is but somehow some dramas gets slipped in. I always put an 'X' for romance in the 'Genres' section when I'm looking for any kind of drama that has thrillers, mysteries, suspense and action in it. Sadly there's hardly any without the crappy romance in it.",자백
11,Is there any romance in this??,자백
12,I have watched half but don't think it will have,자백
13,"I came to this after the Red Sleeve and Wok of Love, looking for more Junho 🤩.  The first six eps are weak; Junho takes a while to warm up his character, the chemistry between the four mains takes a while to build and the plot elements are not compelling until later eps. It’s worth hanging in there though as the build up in the last half is intense and satisfying.",자백
14,"Is this drama good? I don't mind having no romance but does the leads have awesome chemistry, friendship and zero misunderstandings",자백
15,Yes! I just finished watching this drama ....  enjoyed this drama more than stranger ... No misunderstanding just a buildup in the starting eps .. four main leads and they have GREAT chemistry but the chemistry bwt LJH & YJH is everything (Bromance) 🖤 villains are also interesting >>>,자백
16,is there any news for a possible season 2? these 4 unlikely persons made a great team!please let them back with another story!I loved the drama one of the best Korean thriller I ever watched.,자백
17,This is also available on OnDemandKorea for those in North/South America,자백
18,Is There Romance??,자백
20,thankful to finally have this on VIU!!! good watch! gripping story and would’ve loved a second season if they ever made one,자백
21,Is there Romance??,자백
22,"no romance between leads, they’re very close friends",자백
23,Finally this drama is available in viu!!!,자백
24,I don't know why always the fl is annoying in some places in drama's like this......,자백
25,Does it have courtroom scenes?,자백
28,is there any romance??,자백
30,Where is this show available??,자백
31,https://www9.myasiantv.io/show/confession-2019https://watchasian.vc/confession-2019-episode-1.html,자백
33,Wow! the cliffhangers at the end of each episodes. They know when to cut an episode. The plot is good. The acting is good. Had a nice time watching this.,자백
34,where do u watch this show on?,자백
35,"well II am watching  it on "" watchasian.in """,자백
36,"I wish I could give this show a rating of 100/10.  Loved the story, the cast, their acting, the ost, the chemistry of all four leads with each other, the relationships they formed, the development in their lives over the course of the show, EVERYTHING.I cheered with every new evidence our main protagonists uncovered, participated with every sentence of the trials that happened, paused most episodes at several points to comment to myself about what was going to happen next, and then paused again when something shocking happened to take it in, and clapped with revelations, THAT'S how much I was into this show, THROUGHOUT and CONSISTENTLY.LOVED Lee Jun-Ho's chemistry with every single person in the show, LOVED THE FATHER SON BONDING MOMENTS BETWEEN HIM AND HIS ACTUAL FATHER, AND ALSO BETWEEN HIM AND DETECTIVE CHUN-HO, in most of those scenes I was sitting with a big smile on my face!!!LOVED watching Madame Jin, her role was perfection, and the actress was tailored for it and I loved watching a woman in a role like that. She was caring and maternal and smart and intelligent and I loved her scenes with Choi-Do Hyun, she had an interesting connection to the protagonist, and was relevant to the story throughout. So was Yu-ri, although less-so.Loved the show honestly, watch this and you won't regret it.",자백
37,Does it have a happy ending?,자백
39,"Please watch the show, it's too good. It does have a happy ending.",자백
40,So far so good but why is there always a big corporation/politicians conspiracy/corrupiton plot in these dramas? I can guess that the main characters are going to suffer for 15 episodes and the bad guys are going to get their comeuppance during the episode 16. Anything new here maybe straying from the usual plotline?,자백
41,"This was all very good, right up until the writer gave up and started making the characters act stupidly.",자백
42,Can I know what is the link between mdm jin and do hyun  ? I’m sure they r linked,자백
43,Madame Jin is the doctor who gave Do Hyun the heart of her dead son.,자백
44,The cliffhanger at the end of each episode is what hooked me! I finished it in just 3 days. Truly hidden gems! Too bad it's still not available on mainstream streaming platforms even until now.,자백
45,"IKR! So surprised a show of this quality isn't on Netflix, for example. This was top-tier.",자백
46,"It even wasn't on any ott service when it was airing, that's why many people don't know about this drama. It's directed by the same director of Chicago Typewriter and Flower of Evil.",자백
47,"@Tokkiya Flower of Evil is one of the best shows I've seen! No wonder this show was so good, glad I watched it.",자백
48,Why do I feel like I already know the plot twist?,자백
50,Is there romance?,자백
51,No romance. But plot is exciting anyway. :),자백
52,Any other suggestion of drama with no romance not even a little bit?,자백
53,@Rebeccah Kathure Stranger/secret forest,자백
54,@Adele I have seen this one. It was really good,자백
55,"@Rebeccah Kathure Good Manager, it also has Lee Jun Ho, and it was a really good show! There's maybe 15 minutes of total 'hinted romance' throughout the show imo",자백
56,@Rebeccah Kathure No romance Kdramas:1. Memorist2. 365: Repeat the Year3. Good Manager4. Secret Forest/Stranger5. Partners in Justice6. Doctor Prisoner7. Hot Stove League,자백
57,This was so good! I'm mad at myself for waiting so long to watch this.,자백
59,is it a happy ending?,자백
62,I LOVED IT SO MUCH OMG AND YES I WANT A S2 TOO,자백
63,Is there bromance in this drama? And if so between who and who,자백
64,"LOADS, between Jun Ho and Jae Myung :)",자백
65,I have one question. Was it ever stated why the first victim (Ko Eun Ju mentioned episode 4) was killed? I know Heo Jae Man was ordered to kill Kim Sun Hee and Han Jong Gu killed the second woman so did Heo Jae Min just kill her on his own?,자백
66,"I think Choi Ki Tak did kill other people too, simply because they pissed him off, he did kill one person in front of Han Jon Goo in prison, and scared him into not saying anything about it too, so maybe that first girl dies because of an unrelated reason?",자백
68,Hold on.. what did just happen in the last episode? What's the verdict to those evil old filthy scumbags? Is there a Season 2?,자백
69,Needs a season 2,자백
70,"Hi, anyone know where to watch his with English subs? Thanks",자백
72,That’s all just spam,자백
73,@Pvee really when i clicked it before typing this it works,자백
74,@Pvee then this should work https://wwv.newasiantv.tv/ if not just type in google Newsasian top 1 then type confession mind there there with confession but its the 3rd one from the top picture of a girl,자백
75,It's on OnDemandKorea,자백
77,Yes. Everything that can get resolved does,자백
78,"First time I found a detective conan fan here :) I'm one too btw, been one since 2007",자백
79,"Its impossible to binge watch.  Not that fond of the story (11 ep in): way to complicated to feel plausible and even relatively truthful, that is why it lacks enough engaging power for me.  A little bit less of a mess would be more entertaining.  Way out of the FOREST OF SECRETS league.",자백
80,This was a good drama despite the mediocre acting of the main lead. I would suggest acting lessons for Lee Jun Ho. There are sometimes that just being pretty is not good enough.,자백
81,He's pretty. He did pretty well in this drama ?,자백
82,aight then simon cowell,자백
83,Truth hurts eh? It was not that bad that is why I wrote mediocre and not disappointing.,자백
84,@ClaudiaK the truth can’t hurt if it’s not even true ❤️,자백
85,@ClaudiaK I suggest you watch just between lovers if you want to judge his acting.,자백
86,"@Zero Thank you for the recommendation but I avoid Melodramas who have too much trauma, pain and tragedies.",자백
87,@ClaudiaK Yh it was a rolleroaster but that was a good portrayal of his acting skills. I like to avoid kdramas with a tragic ending like moon lovers:shr,자백
88,@Zero Dose that mean the director snuffed his potential to meet his desired portrayal of the character? I mean some directors do have strict idea on something should be acted out instead of relying on the actors actual ability,자백
89,"I genuinely think he did a great job in this show, he had great chemistry with every character!",자백
90,"Random impressions: Excellent pacing. The story unfolded very organically, and stayed engaging throughout the show. Despite my worries, the ending wasn't rushed at all. Very satisfying timeskip at the end. The story isn't unique for sure, but the execution was almost flawless imo. A plus also is that there were only minimal frustrations w/ what the villains would sometimes pull out of their asses. So glad that none of the leads were ever stabbed lmao. Acting was okay, but the characters felt a bit flat to me. Still, I loved Junho to death! Most disappointed with how Ha Yuri was handled. She isn't that a likeable character at all at the beginning and I'm not sure if she ever grew on me; it might have to do with her lack of screentime. I've worried throughout the story if the writer would just abandon her plot points but I'm glad that in the end everything was tied up neatly, more or less.",자백
91,"Yuri's plot could've definitely been much better, more of a writer issue than anything I think, but as a low level reporter, she did all she could I guess! Agree with your entire review, specially about the ending being so satisfying in terms of what happened, and the pace of it.",자백
92,Junho was amazing in this! He never disappoints.,자백
93,Currently watching it on Korean demand and everyone is right this is a hidden gem  my kind of mystery and detective work  great acting  and story  it gives me stranger vibes it’s that good,자백
95,"Absolutely agree with you! It's such an underrated drama fr. The story-line was great, acting was so well done and the characters were so good too. I loved the fact that there weren't any of those cliched misunderstandings where you'd want to pull your hair and the characters' hair out lol. I need a season 2!",자백
96,"I started this because of Lee Jun Ho, and I LOVED every second of it!! So glad I watched it, every character was great, so was the story.",자백
97,"Easily as good as Signal or other top rated dramas here, absolutely amazing and intense.",자백
98,"Ugh, an underrated gem. That’s what Remember should’ve been. Junho nails it in his role. Every character was indispensable. I really enjoy it more than I thought.",자백
99,"Everytime junho came out, i can't help muttering out ""yeppo""I love how romanceless this drama is. My type ~ :)",자백
100,"9/10, solid police/thriller drama, great acting, good plotSeason 2 please!",자백
101,"So thankful they kept romance out, keeps the obsessed triangles away, was able to properly focus on the storyline. All in all a good crime drama. 8/10",자백
102,"would love to give it a higher rating but, the plot is very similar to Remember War of Sons. One thing that i liked in this drama is it is fast paced, and no romance. Kdrama kinda gets repetitive with the whole corruption plot, its like im watching the same stories but with different characters.8.5/10",자백
103,"I genuinely can't decipher why this drama is not popular.. It keeps you on your toes and is a great thriller/mystery/courtroom drama without gory scenes. Despite the plot and genre, it does not make you feel disgusted and is not overly dark but just enough that you can enjoy the plot twists and revelations.",자백
104,"It wasn't available on popular streaming sites during its broadcast on tvn and the subtitled episodes were released about four days after each episode aired, so not many people could watch it online. Great drama - too bad most people can't watch it.",자백
105,"This drama is excellent! I like the fact that the male and female leads didn't develop a romantic relation like most dramas. Like, males and females can work together without falling in love ya know?I kinda hope for a second season now that he became a prosecutor >___<",자백
106,"Yes, they had such a strong sibling-like bond it would have been so weird if they had suddenly thrown in a romance sub-plot.",자백
107,"A very intriguing law-investigation centered drama, with solid writing, perfectly orchestrated cliffhangers and excellent acting, especially from both MLs!",자백
108,"For fans in the States, you can watch ""Confession"" on OnDemandKorea.",자백
109,"excellent drama, I'm hooked !! love  Lee Jun Ho.  I really like Nam Ki Ae here too.",자백
110,is there comedy in this drama?,자백
111,"Hi Areesha, not really, at least I don't think the parts that made me laugh was intensionally meant as comical.   There are a number of places I cried. I'd say it's a serious drama.  But the charactors are well written and well performed.  The detective is the one who made me chuckle, but that's my own personal preference of his charactor (rebellious, tenacious, just all round cool in my view).   It's a smartly written drama.  I would recommend you to try this one even if you are looking for a comedy.   Enjoy!!",자백
112,"@soapopera Thankyou, will definitely watch this drama :)",자백
113,Skillfully crafted story. The last moments of episode 7 . . . the past and a premonition of a future event?,자백
114,finally i found a law drama that i didnt watch,자백
115,"lee junho never disappoints me. im on the fourth episode, so far so good.",자백
116,i probably missed it but did they get mark choi or did they completely left him out/forgot about him??,자백
117,"I thought of that character too while watching the final episode. They didn’t catch him any time during the show. I think once Choi Do Hyun was cleared of the crime Mark Choi framed him for, it allowed them to move past that storyline a bit. At that point, it was one of the police teams’ duty to investigate and find the suspect. I think CDH’s team just stuck with investigating the original group of guys they were after.",자백
118,"Great drama, the actors were on point and i loved the writing 9/10. Some parts also reminded me of another k-drama ""Remember – War of the Son"".",자백
119,I wish there will be a season 2 for this drama. It was very well-written and interesting.,자백
120,"Wanna see more of Junho in his prosecutor role.Also, the detective ahjussi was the hero for me in this drama <3",자백
121,"Amazing drama, if you like suspense and thriller, this is a rollercoaster ride! Well written! Watch!",자백
122,it is not the best legal drama out there.but you can still watch it if you are bored . but rewatching it  is definitely a No for me,자백
123,"I'm on ep 2, and really don't understand, why does the detective blame the lawyer? They were the ones (the police), who didn't find any direct evidence, the lawyer just did his job. How could they just judge someone because of a detective's intuition?  He should blame himself.",자백
124,the first guy (convict) reminds me of the movie Dark Figure of Crime (joo ji hoon and kim yoon suk),자백
125,"Overall, the acting in Confession was very good. My favourite character was Mdm Jin. I also thought the relationship between the two male leads that developed into one of mutual respect and understanding was quite special. Although I thought the first half of the story was excellent with some good cases and clever cliffhangers, I found the second half very up and down. For me, Confession fell away into a bit of a legal mish-mash underpinned by quite a bit of waffle. However, it was worth seeing Mdm Jin succeed in preparing a decent breakfast in the final episode which was a nice touch :)",자백
126,first minutes into the drama and i don't like the female lead.,자백
127,"so sooo good... I finished it in 6 days.... I am glad I didn't notice this one while airing because I couldn't wait week by week :)   give it 9/10 , casting, acting, story, fiction even cliffhangers so successful. From now on I follow this writer and Pd.",자백
128,So excited for this! I love thriller...mystery...political and crime dramas with little too no romance so this seem to fit my taste according to the comments i read! Hope it doesn't disappoint,자백
129,Just finished and loved it! Need more dramas like this that are plot driven n not chemistry or romance driven. Great drama and the cast was good also. Don't know the female judge but she was really good in her role.,자백
130,Great drama ! The only thing I'm a bit dissapointed ( But I think it's the problem of a lot of dramas ) is the first half was really dynamic and gave something interesting to look forward to-check [spoi]l if you want to understand what I am talking about- when the second half seemed slow and don't use what the first half had built sometimes.,자백
131,"I am mainly talking about DH's memories which was finally useless except for the emotional moments. I think it would have been more meaningful if it was DH who found the audio recording whith the prosecutor's memories for example... It's not a supernatural drama, I know, but after seeing the first hald I really thought it would been more useful ! Same about Madame Jin (and perhaps Yoo Ri ? ) who I thought would come to testify at some moment ? I don't say their characters were useless, they were useful but I had the impression they were not one of the main role sometimes... And finally one of the big bad guy who killed himself ( or was he killed ? I didn't understand this part) was a bit convinient writer-nim.",자백
132,in the final episode dohyun finally has an appetite when eating with his father this is an emotional scene i am crying also great reference to junho's past characters having some sort of attachment to food/eating,자백
134,I gave 10/10 for this amazing series,자백
135,"I loved this drama.  I felt it was very enthralling for a court based show.  I think it took me a few episodes to become invested in all the characters, but I was constantly checking back to see if any further episodes had been subbed.  I like the way they showed how multi media could be used to force the system to do the right thing.  It seems it usually used in a destructive way, so this was a nice twist.",자백
136,"Not the most memorable drama ever and certainly not one of these years either but by no means a bad drama.Just unremarkable.The opening episodes were good the story itself dragged for quite a bit after that piling more and more character into the mix whom didn't exactly inspire much emotion.Acting was fine, music was only occasionally intrusive and visually it was pretty standard TvN mystery.",자백
137,the only thing that's not clear/ I've forgotten is why Do Hyun's Dad was at the scene in the first place?,자백
138,He was part of the investigation with the colonel as they flew to germany and did it together,자백
139,Thnx for clarifying that...i too wasn't exactly sure!,자백
140,"For a second, I thought there would be a season two, what with the open ending they were hinting at near the end. But my hopes came crashing down! Not complaining. Loved the closing scene. Very satisfying to see Do Hyun looking like a wizard in those robes.",자백
141,"Them prosecutor robes made me fall in love with all things  Law in  K-Dramas. Lee Junho, Lee Jong-suk, Ji Chang-wook, Jo Seung-ho have all been worthy in donning them. At least in the looks department, ngeee",자백
142,"Why are you saying there is no season 2? tvn does many seasons 2. Hopefully there will be to discuss how his dad is living, their punishments, his health, maybe a love interest etc. A lot of things for S02 :)",자백
143,"Good, satisfying ending. Overall it's a really solid crime/law drama with many interesting plot twists and great acting. I enjoyed it a lot.",자백
144,"Watching episode 16, and I am ENJOYING these powerful men being brought to their knees. If only this happened in real life. I relate to Do Hyun's rather overpowering emotions in court. The righteous anger burning away the smug smiles is what I live for.",자백
145,this is very good love it,자백
146,"Decent show... Took me a while to take interest in it, but whenever that did, it was definitely worth the time..",자백
147,One of the better lawyer dramas ive seen. I wouldnt mind seeing another season of this one. 9/10 for me.,자백
148,"The begining was interesting, the middle, Jun Ho and  Yoo Jae Myung were very good, the ending was dragged and not intense. But it was enjoyable detective-political drama.",자백
150,please e 15/16 soon oh god im dying with the wait. so scared,자백
151,"So, I see the bromance tag up there. Is there one, and if so, is it a good one?? You can spoil away, I don't care.",자백
152,"Yes, there is and it's excellent. It's a somewhat mature bromance based on mutual respect, loyalty and trust, possibly due to the age gap between the characters. It's not the same as say, Goblin or While You Were Sleeping where the characters were from a similar background and age.",자백
153,"Ah, I see, but I love all bromance, especially when there is loyalty and trust, regardless of age, so I'll be sure to check it out now that it's over. (I love to binge a good show!) Thanks for the reply!",자백
154,"I like the plot of this drama..  conspiracy, corruption.. the case is so real.  I like the actors., especially Junho'. His acting is growing and improves a lot.  but most of all, i like this drama because there's no romance... thank you to the writer whom can focus on the plot instead of inserting unnecessary romance scene",자백
155,any romance ??,자백
158,@IkramYixing not even hints :),자백
159,@Paula I need to thank the writer that he kept it like that.,자백
160,"@louloudi Yeah, I hoped for no romance and I'm loving that they didn't make it this way :)",자백
161,"@louloudi :In the guest too there was no romance, thanks writers-nim/god(s) you finally think about those who don't care about romance and want some serious plot ! (I don't hate romance but most of the time when it's not ruining the story, it's just seriously boring.)",자백
162,"@Duncan I did not watch "" the guest"" because I am easily scared with movies that have elements of exorcism ,devil, and general horror movies/dramas.But I am like you. I am fine with romance when it goes with the story.",자백
164,Just started and am done with 3 eps.This is an impressively done crime mystery drama.The first 3 eps could have been a standalone movie themselves.Gives off the same vibe as Stranger,자백
165,"Ugh, you don't look at reports at the spot where you found them! Go home and check them out. Someone could be stalking you. Even smart lawyers have their moments of weakness, I guess. I just knew something like this might happen.",자백
166,"Also, absolutely love the instrumental. The BGM can feel loud occasionally, but when the one with the drums rolls in during developments in plot, like the one at the end of episode 13, I enjoy it! Enhances every thing.",자백
167,"The final scene of episode 13 was very bittersweet. I expected and wanted a few changes in the plot in the initial episodes, but I am happy with this take too. On to episode 14!",자백
168,"I love how 3 different characters were presented in this show and were close to each other, a woman who lost her son, a daughter who lost her father, and a son and father who try to reach each other .. it somehow gets the audience closer to the characters and connect to them the way the characters were connected",자백
169,Right ! I really like the family's vibes from this drama even more because it's not by blood (except Do Hyun and his father)And I'm the only one to think Do Hyun's father will die at the end and gives his heart to his son somehow ?,자백
170,Hmmmm i hope not lol he is been through enough for now,자백
172,I've just finished 14th episode and I'm amazed. This show is still keeping me on the edge of my seat.  We had so many great twists and thrilling events. The best drama of the year.  Can't wait for final episodes!,자백
173,Subbed eps 13 and 14 are up now.,자백
174,"Episode 12 was history repeating itself. I wonder what went on behind the scenes, although I feel the scenario is not that different from the original.",자백
175,"Also, go Yuri! People seem to dislike her, but the girl has guts. I wish she had more screentime, however.",자백
176,"Watched episode 11, and the pace has picked up again. I personally missed the courtroom scenes, and thank God we witnessed that this time. Also, what a heartbreaking twist in the end. We were already aware someone had something to do with the heart transplant. I suspected Cho Ki Tak or his sister, so I was not surprised to hear he had killled Ha Yu Ri's father. But I did not expect it to be Choi Pil So's order - of course through the course of the episode, we put two and two together before the big reveal; it was a good surprise.",자백
177,"Such a good drama, I'm sure to give it a good rating when it's done.",자백
178,Subbed eps 11 and 12 already up in fastdrama! Yey! :)http://www1.fastdrama.me/watch-online/confession-korean-drama/episode-11,자백
179,Thank you :),자백
181,"Any news on the Eng subs for the remaining episodes of this excellent drama, the only one I'm watching during its broadcasting? Are they not going to sub it anymore or is it just a delay? They have done such a great job 'til now. Really appreciate it.",자백
182,"There was a big delay but the subs are up now, for ep 11-12",자백
183,"Yep, so happy for it. I guess I'll expect the remaining subs and watch the whole drama alltogether. It is definitely worth it!",자백
184,The wait is killing me...,자백
185,anyone has any idea why it takes so long this week for the eng subtitles?,자백
186,The world is going mad!,자백
187,"If subs go up this Saturday, I have a gut feeling why everyone is too busy this week. hmmm... :) *sigh feeling impatient but will keep m'self busy busy busy.Update:They are asking for a bit of patience.",자백
188,I don't know who is subbing but it's greatly appreciated. This drama is worth the wait :3,자백
189,Is it a fansubbing team? I thought it was done by an official channel (K Plus Asia) which is why I was surprised they're not up yet. But if it's because someone has to edit and time them etc then I can understand that! :) Looking forward to the next eps tho~,자백
190,"Yeah. K Plus is doing the subs, but the guy from dramacool is ripping and syncing them onto subscene and posting them to their site and he had some kind of computer problem going on.",자백
191,"@bmore Yeah I use the ones at subscene, so I'm glad he managed to get the problem fixed! Only two more eps to go tho!! :O",자백
192,Eng subs for eps 11 and 12 please... :'(,자백
193,Still waiting  .... :((,자백
194,Why are so many people sleeping on this series?,자백
195,"It's my favourite so far this year, so not everyone. People who ignore it are missing out xD It's just a shame subtitles are so slow, I check every few hours, but not yet even for ep 11. This may be one of the reasons.",자백
196,I still can’t find the subtitles for ep 11 and 12 as well. So can you please send me the link if you find it anywhere?,자백
197,"I actually have the same question... It’s one of the best dramas this year in my opinion, I don’t get why people are ignoring it. It definitely needs more credit.",자백
198,maybe because people are too busy watching rom coms so these types of dramas get overlooked...,자백
199,Oh she asked if her son's heart inside approves Choi Do Hyun's decision. This is almost that vibe from Angel Heart drama.,자백
201,Does anyone know where I can watch episode 11 and 12 with subtitles? I can’t seem to find it in any of the websites I watch on,자백
202,used to have the eng subtitles on Tuesday but since last week they come out on Wednesday.All the sites will have them probably tomorrow.,자백
203,Ohh I didn’t know that so I was wondering why there is so much delay... Thank you so much for replying ^^,자백
204,There are still no subs :(,자백
205,@Cherry  Yeah I don’t know why there is such a long delay :( These are the days where I wish I knew korean hahaha,자백
206,"@Pluviophile @XoXo  Me neither, usually it takes like 1-2 days! Yea me too, I should really get into learning it :')",자백
207,@Cherry  Hahaha same tbh. Hopefully we’ll have the subs soon. If you find it anywhere please send me the link,자백
208,@Pluviophile I will!,자백
209,"8,6??  see progress?? or was it already and I dont remember??",자백
210,"After the first 2 episodes it was like 7-something (wtf), then went up to 8.9, then down to 8.4 and then kept gradually getting higher during the last few weeks.",자백
211,This one is simply 10 in my book . So I hope we can see 9.0 soon because there are way too many average (or just bad) dramas in rage 8.0-9.0. MDL is such a joke when it comes to rating dramas in terms of their actual worth and not pretty faces.,자백
214,"I stuck with this drama until episode 12 because I saw that they were bringing in stronger actors as the show progressed. Still, I find Confession suffers from a weak and predictable plot,  a ridiculous character relationship web, and lousy dialogue which makes even the veteran actors seem over the top. Otherwise, the pacing is good, and I'm surprised that the background sounds-music doesn't bother me as it does with most dramas these days. Can't say I will finish it.",자백
215,The OST is very good. I am really into -The End (Jung In).,자백
216,"Is it just me or is there an ex-detective running around like he still has his badge. If so, why are none of the people in authority questioning this? I'm at episode 6, and it seems to make little sense. For example, he tailed the guy who left prison. Doesn't that become stalking when you are not even assigned to a case and more so when you are not an officer of the law?",자백
217,stranger is a totally diff drama but same tone. but if you loved stranger (i LOVE stranger) i think you really will enjoy this. good pacing and acting (except the woman who plays yuri but honestly the show is good enough so they carry her),자백
218,"I loved stranger, but for some reason I love this one more it just has something different",자백
219,i can see why! honestly i enjoy both so much lol so im glad it's getting love but god it's taking forever ;;,자백
220,YEAH SOMEONE SEE THAT THIS IS BETTER THAN STRANGER. OH THANK YOU HAHA,자백
221,"Stranger is a higer calibre work than Confessions. The pacing and music is good here though. The central characters don't have great actors but I see that the actors are trying. Even so, there have been some cringe-worthy moments.",자백
222,i honestly think stranger is a damn-near impeccable. there's only one part i object to (the way they find out about 07 but that's so minor overall.) one thing stranger has/had was a mostly impeccable cast and ifsomeone slacked people were able ot pick it up. honestly i really love everything about the drama.i think the woman that plays yuri isn't a detractor but she is minorly distracting because she's so bad lol. junho's def grown a lot though but i wish he brought a bit more nuance but he plays a person who is weak trying to be strong really well. and YJM...wow!but yea  im with you i just LOVE stranger i've seen it like 5 times lol,자백
223,"I looove Stranger and even though I like Confession -as I said -it's the current drama that I refresh my pc 100 times on tuesday to see if the subs are up ,IMO Confession needs more work . I try not to compare them .Just enjoying the series and see what they have for us for the next 4 episodes.",자백
224,"Let me just say, Jun Ho's acting in Episode 10 was just A+, especially the last five minutes.",자백
225,"The plot is great, and I like the mystery, but I am realizing, like almost every tvN drama I have watched, the characters are not properly explored. I do not see who they are, which is why there is little attachment. They could be anyone at this point.",자백
226,agreed they should have done one episode just about that that is missed greatly,자백
227,i know what you mean...i guess the more detached though the easier it is to swallow? unlike mother it's not an exact character study but idk i honestly just love it pighouah,자백
228,I think there isn't any thing particularly dark about it for it be hard to swallow.,자백
229,@NotMuch i hate watching violence against women like i will make it the basis to not watch something so i had to ease into it slowly. it's personal,자백
230,@ammmz Ah! That is completely understandable. :),자백
231,What a drama! I love every second of it. It's the best of currently airing dramas. I don't know why but I cried at the end of episode 10.  Connection between madame Jin and Choi Do Hyun  was obvious from very beginning but I got emotional anyway. It's a shame that such great drama is not more popular.,자백
232,Omg yes I cried at the end too. It was so emotional when she told him. I agree with you it definitely needs to be more popular tbh,자백
233,"AND WHAT WERE THE EPS 7 AND 8????? OMG, I WILL NEVER BREATHE SO MUCH TENSION. AAAAAAAAAAH THANK YOU FOR ALL, TVN!!!! THIS DESERVE 8,7 OR 8,9!!!",자백
234,"Easily an 8.9 and one of the best shows of 2019. Quality drama with amazing acting and characters,  good plot and well-written story (also I really like the music/background music).",자백
235,"OH YEAH!!!! I always comment in my twitter, while I'm watching, about the background music. it's sooo amazing!!!!",자백
236,"Does anyone know what is the Kplus Asia? Is it a site like viki or dramanice ?Do we need to register in order to watch a show? Has eng subs? I clicked on the recent episode button but everytime comes a banner saying ""your video is coming "" but nothing comes up.",자백
237,"seems like a cable tv, i dont think they have on demand service",자백
238,"oh, maybe that's why I can not watch anything.Thank you for your post.",자백
239,We have that on Cable TV.,자백
240,thank you .,자백
241,why the translations are soo late?  I'm waiting for the subs ep 9-10,자백
242,the deeper we go into the story the more unbearable is the waiting for the subs.I remember the first the 4 episodes were ready on Monday but now we have to  wait until Tuesday.,자백
243,"Ryo Gyeong Soo is so amazing here. First time watching him, he is basically stole the show. His scene with Yo Jae Myung is terrific and give me chills to the bone. I got fooled by his char many times, have a hate and love relationship with his character quite dark but can't take my eyes of him. Wishing the writers use him in a more important roles.",자백
244,"From all the dramas airing, I finally found another drama that suits my taste. It's not as exciting as my two favorite detective K-dramas but it's kind of worth watching. But am not happy with their dumb moment at the end 8th episode.... *purses lips",자백
245,"I follow this one and ""doctor prisoner"". I do like both of them but I am leaning a little more towards ""Confession"".Maybe the drama is not unique but it's  very well executed -from most cast IMO- with a good story.I am a fan of mystery , investigation genre and of course JunHo 's cute face is a bonus!the big disadvantage is the delay in subtitles.The show is airing on the weekend and I can watch it with subs on Tuesday.",자백
246,Why are people sleeping on this drama?,자백
247,"The subs are at least two days late - I always end up watching both episodes on Tuesday evening, which is pretty late compared to other dramas that are subbed a few hours after broadcast.",자백
248,"It is really sad,  it is the only drama that i look forward everyweek although i watch 3 other drama",자백
249,Because there is no romance tag......sad but true. Most kdrama fans prefer easy to watch comedy romances not crime/law dramas.,자백
250,it comes out fri-sat and usually it's wednesday by the time it comes out so it's like agonizing,자백
251,"Ryu Gyeong Su is a great actor, btw. His role may be small, but the man knows how to make his presence known.",자백
252,IKR? I have become an instant fan. what a performances!,자백
253,"Just watched episode 7,  and I was completely immersed. Connecting the pieces together with the characters kept my attention -  there were many ""aha!"" moments. I liked that they let the women solve one part of the mystery and the men the other half. It's amazing how those in power inadvertently wove together people and their pasts in an attempt to warp the truth. The closing scene where the four had a coincidental meeting spoke a lot; the leads that almost led nowhere are connected, and they construct a path to that one place that cost the lives of many.",자백
254,"is there any romance? i mean even a little bit like Signal.btw the trailer has same atmosphere with Stranger, and i dropped Stranger. Is this worth it?",자백
255,No romance at the moment...I think we can get a little bit later on but it's nothing certain. Give this drama a chance if you like well scripted and acted law/crime drama.,자백
256,thx you for the info,자백
257,"Halfway point and this definitely is an excellent, high quality drama (10/10 so far). This drama excels in everything and I cannot wait for the next episodes. Sad to see that this drama is not getting much recognition/attention. Also, Junho does not get enough credit for his acting here :( he is superb and plays his role exceptionally well (rest of the cast is good too).",자백
258,"is there any romance? i mean even a little bit like Signal.btw the trailer has same atmosphere with Stranger, and i dropped Stranger. Is this worth it?",자백
260,"High quality drama, love it!",자백
261,"Omg, this Drama is soooo good right now. They really know how to build up the tension.",자백
262,Episode 8! How could they end it like that?! I'm on the edge of my seat. This drama is way too good to watch it while is still airing... :(,자백
263,"this drama has a suspension scenes like hell sh*t I wanna watch now the EP09 it's a torture to be left on that scene wooaahh I have to wait the entire week to see what's gonna happen, it's making me crazy",자백
264,This drama is what you call an excitement-drug. You think you already got excited enough but then the next episode comes and shows you how wrong one was. Its amazing the only let down are the late subs XD time to learn korean,자백
265,"at the end of ep 7, when madame Jin knocked on the car window... I literally got chills. this drama is officially my favourite of the ones airing right now  <3",자백
266,"Same ! I love how the four of them gaze at each other, everything is connected and well done it's really so good ( I can't stop myself to watch all the episodes to know what's going on...).  I love the music at the end, like it was the destiny and that's why they meet ! I just hope we will not have a sad ending because I think Do Hyun is going to need a new heart at the end and I can totally see the old cop dies and gives it to him or perhaps something will happen to Do Hyun's father...Lee Jun Ho is such a good actor, he was great in Chief Kim and he is even better here. And what is funny is just before I thought "" perhaps it's the same road, nooo no way..."" *knock knock "" O_O",자백
267,"Bruuuh, I’m so excited for the rest of the show! Lee Junho really is something <3",자백
268,"I know that I will be the only person to think this, but you who say that this is familiar to stranger ah dont say.  this is superior.  I dropped stranger on ep 8 because it was very boring to me.  I tried to continue, but I couldnt.  this drama is very different of stranger and better than.  but that's just my opinion.",자백
269,"I tried Stranger too and I dropped it too but I was wondering the same thing. Confession is a very clever story perhaps that's why ? Or perhaps because the lawyer has some kind of dicease even after surgery ? I don't really see how they are similar though. Another question : Choi Do Hyun seems to "" remember "" what the guy who was the owner of the heart saw before his death so perhaps the drama should have "" supernatural "" with others genres ?? But it would spoil the story...  Anyway Confession is really dynamic I like it and everything seem to make sens each episode.",자백
270,"yeah! about ""Choi Do Hyun seems to "" emember"" what the guy who was the owner of the heart saw before his death so perhaps"" wow makes sense. I remembered now, after he goes to the hospital and when he opens his eyes he sees his secretary as a doctor. it maybe a memory of her friend yuri's father, but it may not be just a memory of him either. and I think the secretary is his mother.",자백
275,theyre totally diff dramas anyways kind of same type of characters but idt they could be compared...but also i think stranger is like one of the best dramas ever made lol,자백
276,"yeah. well, I dont know why, but I didnt like stranger. however, confession is another level for me. oh, I was so euphoric with eps 3, 7 and 8 (omg, what a drama!), something that stranger didnt make me feel, so in ep 8 I dropped.",자백
277,"So I wasn't expeting anything from this drama and I thought it would been only about his father but WOW so much interesting already, I am only at the third episode but I find the drama quite smart and I hope the next episodes will be as good !",자백
278,"did anyone notice Madame Jin hands in ep 6, 7:00.she didn't know where to put her hands I think it wasn't part of the act maybe they should have retook that scene.",자백
279,"I did. I agree, it was quite distracting",자백
280,"Huh I actually liked that bit, her being unable to put her hand into her pocket looked 'real', not choreographed and rehearsed.",자백
281,true but it was sorta shaking ( very little) as well!!!,자백
282,"Yeah sometimes I don't know too where to put my hands, especially when they are people in front of me and in awkward situations haha",자백
283,This is deserving a much higher rating. It is exceptional in terms of plot and acting.I've loved it from the episode 1.,자백
284,"Thanks to the people who said it is worth watching and recommended it. Started it and am loving it so far ! Everything about it so far is so amazing (the plot/story, the acting, the characters). This drama definitely needs more recognition.",자백
285,Some people are saying it’s like Stranger which gives me the thought that it might be not that good cause stranger was overrated and confusing but I might give this a tryI’ve given my reasoning for why I didn’t like Stranger under its mydrama page,자백
286,"It is indeed very similar, however, like it is with any drama, it is similar, meaning its not identical. You might like this a lot, just like you might not enjoy it at all. Still I think if it catches your attention, give it a try.  ;)",자백
287,this is getting REALLY good. reminds of strangerits been a while since I've seen a prosecutor/lawyer drama with a solid plot,자백
288,"I knew it! he had the prosecutor's heart in him which is why he kept dreaming about an accident he's never been in. his new secretary came to work at his office to feel as close as she can to her son (his heart in  lawyer choi which was transplanted by her I'm assuming, since he remembered her as a masked face in the operating room)",자백
289,This drama needs more recognition. It has a solid plot and  gets better each episode. The writer is so smart .I can’t wait for next episode.,자백
290,Im so utterly disappointed this is not getting more attention.......it is an AMAZING drama. I loved every 2nd of it so far. Cant wait for more and especially learning how all their different paths will end up in one,자백
291,"Finished watching episode 6, and  more connections have been found that relate the main characters with each other or other important events. The first few episodes were not sub-plots, I am happy to say. What's more, the female lead has a past too, and as she digs deeper into it, while the detective and lawyer dig into cold cases, we fall into more complex webs. I wonder how the writers will connect every thing neatly.",자백
292,Worth watching ?,자백
293,"I'm loving it! Each episode the picture gets bigger, the end of episode 6 was really good. Give it a few eps to build, but it's worth it.",자백
294,"Thank you, will give it a try.",자백
295,Oh hell yes. Both leads are fantastic and the story so far is amazing.,자백
297,the reaction in the comments is confusing to me because save for the flashbacks this show does a pretty good job.actually no another flaw is this woman’s (reporter) atrocious acting lol but the rest is tight to me,자백
298,can someone explain to me abt the last part with whats her face and the nurse? i havent finished ep 5 yet,자백
299,"I believe that she meant that he was killed by powerful peaple , because no one asked her ( nurse) about his death , and there were no investigations, unlike the teacher cause , she got caught immediately.",자백
300,just when I think I've got a handle on this tangled web they go and add more connections... I need visuals at this point to keep things straight!,자백
301,You should make a storyboard on your wall like Do Hyun has in his office ;),자백
302,It's seriously tempting I'm not gonna lie,자백
303,episode 5 .. so did the nurse really kill the girl's father so that choi do hyun gets the heart or still not confirmed?,자백
304,Not confirmed at this point. It's implied that he was a journalist writing an article that would've caused a stir (political) and was taken care of by a different party. The nurse mentioned that she was never questioned after his death despite being his nurse.,자백
305,"With the nurse being the kind of person she is, she wouldn't have killed Yu Ri's dad. She cared for both Do Hyun and Yu Ri and she would have felt way too guilty. I'm guessing that Yu Ri's dad's death was caused by the same people who framed Do Hyun's dad.",자백
306,@myheartisomg,자백
307,@myheartisomg,자백
309,"This drama is amazing so far,  can't wait for next ep!",자백
310,OMG! The ending of episode 6 was great! It's getting better with every episode. Awesome drama with interesting and unpredictable plot. I think it's my favorite currently airing drama.,자백
311,Why isn't episode 5 been subbed? It is always the day after the episode is released,자백
312,"The drama wasn't picked up by Viki or Netflix, hence the delay. You can find the sub txt file and add it to any of the streaming sites and watch it. But generally even the txt file is available about two days after the broadcast. It's very annoying.",자백
313,pace was nice but but too predictable,자백
314,"ok I see that they are being ""episodic"", but I still didn't connect with anything... they don't just talk too much, they chitchat alooot... plus all of that recaps ;/law genres are like romcoms in kdrama world, it always follow the same pattern, they all have a ""wrongfully accused dad"" too.. some of them atleast have a new fresh look at the small side crimes, but I almost laughed when they tried to pull a ""twist"" at the end of the ep... I skipped 70% of ep4 and I still knew where that was going...I love junho, but I don't like the character much or any other character for that matter, and I don't feel like this will provide anything new or shocking plot wise... so it's a drop for me...",자백
315,"I am enjoying the cinematography and the acting. The scenes are pleasing to the eye, the acting is convincing, but I cannot connect with the characters either. I encounter this problem in most tvN dramas. The atmosphere they use, and the editing that goes into it, only serves to ""darken"" the surroundings, which consequently disengages the viewer from the character.",자백
316,the dream he keeps on having could it be related to the person whose heart he has? lol  that would be .. umm too much but still a possibility =P,자백
317,"That seems to be where the story is heading. After all, the donor must have died in an accident for Do Hyun to receive it.",자백
318,That also means the donor was murdered and I wonder how they'll tie it with the dad's case,자백
320,"I'm loving this so much, I'm even watching episodes days before the subtitles come out, despite having little knowledge of Korean. It's interesting to guess the topic off of visual cues, key words and phrases. Ironically, I'm garnering a good understanding of the story with this, it's just so absorbing and easy to follow.",자백
321,"Wow! I've just finished episode 4. This drama is awesome! I don't remember when was the last time I've watched such great, highly addictive law/crime drama. All cases are interesting with good plot twists, you just can't predict what is going to happen next. Also acting here is amazing, especially Junho and Yoo Jae Myung performances.",자백
322,"I missed something, there was a third murder - a cold case? Maybe all the place names confused me up to this point but I entirely missed it.  How come he wasn't charged with the two counts of murder 5 years ago then? Statue of Limitations on the older one? So this dude just happened to copycat a serial killer without realizing it, is what's happening here, yeah?",자백
323,"He killed the victim five years ago but was acquitted, so he can't be prosecuted for the same crime again. This is known as double jeopardy. His lawyer made a deal with the former cop to find a way to put the killer in jail in exchange for testimony that will exonerate him from the murder he was charged with in the second case, since he was framed for that crime.He also killed his mother but this was not discovered until his lawyer  deduced his mother was murdered and buried somewhere on his property.  The police found him trying to move the mother's corpse after he was released from jail. This was the crime he was arrested for in the end.",자백
324,"I get that but he testifies that the murder he committed five years ago  copied a cold case murder he saw on television and I'm pretty sure, unless I missed it, that that was the first mention of that cold case, which seemed strange to me. About 9 minutes into episode 3.",자백
328,"@deviantrockstar Oh, I missed that, sorry.",자백
329,"now I understand why I didn't remember anything related to the synopsis, they just talked about it now.. it's a risk for them to use the 1st two/three eps as a pre main plot/mainly sub plot, and I have to say I don't like that move... it's like how with one of my strange father synopsis they talk about Jung Hee moving in with his new ""family"" yet that was only mentioned by ep14.. anyway, I don't know with this drama... the acting is ok, the female lead annoying, the characters are not that deep/I'm not connecting to them, and the plot is really really vague... since they only talked about the main plot by ep3 does that mean it'll only focus on that or will it have more sub plots? I usually give it 4 eps to get a feel of the drama, but this wasted 3 eps for me...",자백
330,"Ep 3 subs are out! It was a fantastic episode, so tense.  That bit where Do Hyun and Det. Ki are stood under the umbrellas together was bad. ass.  I also love how everything and everyone is connected, but it looks like the connections are much smarter and better-written than the usual K-drama coincidence BS.",자백
331,Madame Jin could be mom or ofChoi Do Hyun or the person whose heart he has..hmm,자백
332,i assume whose heart he has .. she seems fond of him? not sure,자백
333,Why is this subbed so slowely? Even some no name dramas are subbed faster..and this one is life!,자백
334,"The wait for subbed eps is killing me, I tell ya.",자백
335,"The drama is promising - at least the first three episodes are. The mysterious past of Choi Do Hyun has intriguing aspects that still follow him to the present. And unlike many or a few, I actually like the female character (despite my disapproval of excessive drinking); she is good at what she does, which is reporting, and given her knowledge about politicians etc, she will be valuable in future cases. Right now, the character that is most interesting to me is Han Jong Gu. The actor playing his role is really good, not to mention the outbursts he has. I guess I like crazy characters - they spice up the plot, lol.",자백
336,usually episodes are fast subbed in dramanice but not this time.Does anyone know if episode 3and 4 are sub somewhere?,자백
337,This drama is subbed Monday and Tuesday.,자백
338,thank you .,자백
339,currently loving the first 2 eps!!! so much promise i so hope it will be fulfiled and jun ho always proves himself an exelent actor. but are ther no subs a day after it aired' its just sitting there teasing me :(,자백
340,I wish subs would come earlier its already bad waiting for new episodes now for subs... ughh the 1st two episodes were really good,자백
341,strong first two episodes! Looking forward for the next episodes.,자백
342,"I don't get those willing to quite the dram because of the female lead character!! seriously!??the drama is mainly about the two male leads, and there will be no romance so she is more of a supporting character!it's only 2 episodes yet the drama shows a lot of potential in term of acting, story, directing... it has all the elements for a mysterious drama and i can't wait for ep3!!!",자백
343,Its not a romance! not even listed as one of the dramas! His girl BFF has already proved her worthiness becausea. She's an investigative reporter (got the CCTV)b. She's suspicious of Madam Jin too (I damn sure am)!,자백
344,i agree she may be annoying (and she is lol but i seriously think it's bc of the actress) but it's sooo compelling to watch and she is barely around lol,자백
345,"Yeah,i m annoyed by her, but i dont plan to quit drama bcs of it. I really dont understand the need to make the character so ugly, alcocholic and annoying, but well...my eyes are only for Junho so...",자백
346,"Amazing so far, what a strong opening!",자백
347,"This show was so good surprise. :) I started to watch it because of Jun Ho,  who is by the way awesome like always :), but now I am hooked. :) The mystery is a top-notch, cannot wait to see more of it. :)",자백
348,I feel like I'm the only one who doesn't hate his friend. (Though I would like some backstory on her so she's less one dimensional),자백
349,I don't hate her. She's proven her worth in ep 2 as an investigative reporter!,자백
350,"Obviously Shin Hyun Bin is finished. Her character and acting are so bad. Acting even worse. Comments will have no mercy for this actress, I think.",자백
351,"After watching the first two episodes I am hooked on this drama.  It might be too dour if their wasn't a wacky female lead.  So, I'm not in love with her character, but the writers might not intend for us to be.  We will see...this is just beginning.",자백
352,"Lee Jun Ho always delivers, oh gosh, I really could go into a fangirl spree about this actor! He just has something plus plus! I really loved all his dramas and he play such different roles, heck, he's good at them all. Wok of love was so cute and funny and just before Just between lovers, which was excellent. This drama might have a common trope, but I'm already all into it! Even the silly best friend can't chase me away.",자백
353,"I just finished first two episodes, Loved the male lead from Chief Kim, but the female lead is... i don't know what to say. Her character is too annoying for me to handle. I am not one to hate someone, even i don't know why i'm feeling the way i am feeling. Maybe because her character is just so discouraging atm. I really hope it gets better in the future episodes.Anyway i will continue to watch this because of Madame Jin's character that sure looks suspicious but it's interesting at the same time.",자백
354,I really hope the female lead is going to be killed smh,자백
355,"I M NOT SORRY FOR THE COMMENT,THE BEST FRIEND IS ANNOYING,  THIS IS NOT FRIENDSHIP.one can not just throw themselves bcz they lost a job they quit not even fired. whichever the case. this is jut like another drama i watched, poor jun ho he lost points just fro being with her...urgh... i am dropping it cz i cant handle this kinda character for the female lead. just like that actress  with long bangs",자백
356,"Maybe people will swear at me, but I'm with Cho Do Hyun in this, I understand the detective being angry because the criminal went free but a lawyer's job is defend your client to the end, if prosecution couldn't prove beyond any reasonable doubt his guilt it's their fault and not the lawyer's, having said that, I hope the criminal burns in hell lol",자백
357,"holy sh!t that ending for episode one, him waking up like that and such and then BAM wahhhh, such a good drama it seems! Very interesting and thought provoking!",자백
358,I know!!! How many times did that car roll?!?!,자백
359,Right? So many!! By the end it was a mess! Cannot wait for the second episode to be subbed wahhh what will happen next? :o,자백
360,"lol, is that drunk clingy rude short hair girl the female lead? because she just broke the streak of the recent amazing female leads.. she does whatever the heck she wants and she never listens, she reminded me of the romance book female lead...I liked Madame Jin, she's fishy but she looks sad? will she end up being his mom or something? xDthe 1st ep was kinda draggy, it's like they took too much time explaining everything that I got bored, I'll give it a few more eps before deciding though...",자백
361,"One episode in and Junho's BFF drives me nuts already. I hope she learns some boundaries or they give her a backstory quick so I can at least get where she's coming from. On the other hand, I'm super intrigued by the rich ahjumma office assistant. What is her deal?  As expected, Junho and Yoo Jae Myung are both great. They each give off this air of grit, exhaustion, sadness and a little hopefulness all jumbled up together.",자백
362,"I don't have any problem with the character's behaviour but I can't help but feel that the actress is a bit... below par, compared to everyone else. The rest of the cast are killing it with their layered and thought-out performances, while she just - there, being a pretty butterfly. I hope she gets a backstory soon too, otherwise it's quite a waste of main female lead (and for now it feels like Madam Jin is actually the mfl)",자백
363,"Yep, she acts like she's in a different drama to everyone else. A screwball rom-com maybe?",자백
364,I loved first episode! Great acting and good production value. I really like colder color scheme it suits atmosphere of the drama. I'm impressed by Lee Jun Ho's acting - he's really improving.,자백
365,"The first episode was so good. I hope the subtitles will come faster but the rating here is so low.  It deserves more than 7,3 !!!",자백
366,episode 1 with eng subs: https://www2.ondramanice.tv/confession-2019/watch-confession-2019-episode-1-online it finally has subs but i will wait until the second one is subbed too :c,자백
367,"The plot is very interesting, I'm really looking forward to the next series.The plot makes me really worry he is tense and this is only 2 episodes.Junho plays great, I want such a lawyer, I applauded standing nastolko on several scene, he was cool.Bromance amazing, from them flying sparks",자백
369,There bromance,자백
370,OHHH...thanks,자백
371,Definetly willl be watching as soon as English Subs come ...,자백
372,Where I can find the english sub of this series?,자백
373,K-Plus Asia will be subbing this but 24 hrs after original broadcast.,자백
374,I missed Jun Ho <3,자백
378,"@Lughano lmfaoo i do this often until somebody replies backi love tvN's mature concepts(mother, the smile has left your eyes, live, my mister, room no.9, lawless attorney, etc.)",자백
379,@renna im one of few that finds ocn shows interesting forlike 6 eps then i drop em,자백
380,@Lughano :((( loll not everyone likes tvNwhat networks do u like then?,자백
381,@renna i tend tp gravitat towards tvn and kbs but regardess of network i onli care if show is good or not to me,자백
383,Lee Jun Ho was everything and more in JBL but greatly disappointed me in WOL but im not one to hold grudges so my fake ass is gonna be all over this drama :)))^^ wrongfully accused? deception? injustice? thriller? mystery? yes sis YES.,자백
384,How about Chief Kim?  I really liked the other two you mentioned. I thought he did an excellent job.,자백
385,I have only seen a couple of eps before I put it on my plan to watch later because I didn't have time for it thenbut i def wanna pick it bck up i have high expectations ~,자백
387,Another Remember,자백
388,I am hoping for the next tvn masterpiece!,자백
389,"this is another drama I'd like to avoid, but Lee Jun Ho ;(",자백
390,"""Remember: War of the son continues"" lol!",자백
391,If this whole drama really focuses on the sin finding the truth behind his father's death only then I won't watch it. It's already obvious that father agreed to take a rich asshole murderer place to get his son the heart... So boring. I really hope there is more to it. I hope the son finds the truth pretty early and the rest of the drama is really about finding a way to make the real murderer confess.,자백
392,"Based on the summary, it looks like it would be something similar to Remember: War of the Son. If it's anything like that drama, I know I will love it.",자백
393,Still no news about who is subbing?  Keep making lots of requests to Viki please if you want to see this drama subbed.    https://vikiinc.wufoo.com/forms/title-request-form/,자백
394,Yay for a new Junho drama!,자백
395,K drama announcement posters kill me  please stop  portraying actors like diplomatic employees,자백
396,What are you talking about? Can't they wear suits now?,자백
397,It wasnt this pic lol,자백
398,"Not at all a K-pop fan, but Junho has become one of my favorite actors spiraling to fame. He stole the show in Chief Kim as gluttonous sociopath, made our hearts ache in Just between lovers and swept us off our feet as charismatic chef in Wok of Love. All the dramas he has starred in have a rating above 8.0, that's a feat!  I cannot wait for this, so hyped!",자백
399,"He is perfect ,idol ,painter ,actor,aerobic, song writer ,hot ,friendly ,manly and he has cats",자백
401,Hoping Viki will be able to secure international licensing. Any fans interested are invited to submit a title request form for their region. Thanks! Viki has yet to add a fan channel.https://vikiinc.wufoo.com/forms/z1ovcsxe011lqq2/,자백
402,junho fighting!!!!,자백
403,"So exited for this one, the director of Mother and Chicago Typewriter is directing this one so I have a good feeling! Also Lee Jun Ho in a serious role? we love.",자백
405,I'm ready.,자백
406,"Is Lee Jun-ho confirmed for this drama? I thought he chose the movie""Gibang Bachelor"".http://asianwiki.com/Gibang_Bachelor",자백
407,Can't wait!!!!!!!!!!!!!!!!!!!!!!!!!!!!!!!!!!!!!!!!!!!!!!!!!!!!!!,자백
408,Is this true? I am so excited!,자백
409,Can’t wait!!!!!!!!!!!!!!!!!!!!!!!!!!!!!!!!!!!!!!!!!!!!!!!,자백
410,Great expectations,자백
411,Waiting for his confirmation for this drama!!!!!I miss Actor Junho a lot!!,자백
412,Can’t wait!!!!!!!!!!!!!!!!!!!!!!!!!!!!!!!!!!!!!,자백
413,Can't wait!!!!!!!!!!!!!!!!!!!!!!!!!!!!!,자백
414,Can't wait!!!!!!!!!!!!!!!!!!!!!!!!!!,자백
415,Can't wait!!!!!!!!!!!!!!!!!!!!!!,자백
416,Can´t wait!!!!!!!!!!!!!!!!!!,자백
417,Can´t wait!!!!!!!!!!!!!!!,자백
418,Can’t wait!!!!!!!!!!,자백
0,The basic premise does not stray from the power politics Korean crime dramas habitually highlight but what sets Confession apart is its execution From the get go Confession was promising The first case was exciting given the unpredictability of the suspect And so that path led the characters to other overlapping ones and they led to the final destination The writer gave liberty to the audience to explore various scenarios along with the characters Next thing you know you are invested in the plot My favourite occurrences happened in the court it was a pleasure to see Choi Do Hyun the lead cleverly handle affairs Sometimes particularly in the first half you would expect the plot to go another direction and may even want that to happen like myself but the second half ensured me that the writer knew what they were doing The pace was maintained it may have slowed in the middle but not unnecessarily The characters had connections with each other due to a single event it's nothing new in kdramaland yet it was impactful I had a few complaints with regards to how distant the characters felt but my worries were eased by episode I was torn about how I should rate the acting The actors were not given roles that were complex but they were not simple either so I was satisfied but not won over I was about to settle with but one performance stood out to me and I believe I will not do the actor justice by being greedy He had a small role but it has left an impact on many including me the suspect in the first case played by Ryu Gyeong Su He stole the spotlight He was the character I was most drawn to and I anticipated his appearance each episode Of course the main cast did good with what they were given Lee Jun Ho was persuasive in his composed portrayal and others stayed true to their respective roles What I appreciated was the female leads' harmonious teamwork and their guts especially Ha Yoo Ri I liked the instrumental they used It could be loud in certain instances but I liked how it added to the moment and nature of the drama The OSTs were not played so I have no comments on that I am not sure if one would rewatch it knowing all the progressions in plot If you are someone like me you might want to watch Choi Do Hyun being a smartass in court Read More,자백
1,I do not know why no one is talking about this drama because it is amazing Confession is a Korean law and mystery drama with great lead characters and villains It's a dark drama that discusses corruption in the court in the government and in the military and its impact on families The cast was amazing in this drama Thank you Lee Junho and Yoo Jae Myung for being phenomenal leads The soundtrack was great and it fit the drama very well I would totally recommend this drama and would totally rewatch it again if I have the time to do so If you're searching for romance then this drama isn't for you because there isn't any Read More,자백
2,This show delivers on its promise to be intriguing and the two main leads Yoo Jae Myung and Junho really made it work for me I think Junho is very subtle and I don't have to talk about how phenomenonal he looks in this drama and instead I think he has talent and played the role remarkably well This is my favorite type of premise bromance mystery nothing too cutesy so the sad tone of a serious drama is always maintained I don't think I will rewatch this one but it's definitely worth checking out Was this review helpful to you Yes No,자백
3,OK I didn t think this drama was going to be as good as it was so GO WATCH IT You won t be disappointed Every episode left me on the edge of my seat I love the story line because it s unpredictable flows very well and there is many very interesting twists I didn t really see any plot holes I didn t even fiend one episode so be boring I really liked the characters from the lawyer the detective and even the criminals The characters were well written and acted I didn t have even one moment when I thought a character was naive not making sense There is nothing more frustrating than that All characters were smart and good at their roles This drama even had you sympathizing with the criminals who were affected by the main villains Anyway if you love corruption and criminal dramas you should definitely watch it It reminds me kind of the drama Stranger that I really loved and also recommend Read More,자백
4,Recommended The acting was really good and the story was quite entertaining as they revealed bits and pieces of info so that it wasn't just me waiting for the main characters to find out who the culprit is I was trying to find out too I don't normally listen to the music so I just gave it an and I believe it is really entertaining It is definitely on my list to rewatch but I might not because I believe a bit of what made the plot really entertaining was the slow reveal so knowing who the culprit is might make the show more difficult to enjoy Was this review helpful to you Yes No,자백
5,I love it It s a kdrama you won t see in suggestions because it doesn t have romance but I LOVED the story and all the characters I love Junho as an actor so that was a plus and so I watched it in when it came out it s indeed a great mystery law and adventure kdrama The acting is amazing and the story keeps you hooked like you want to watch the next episode immediately after the other As I said there s no romance but it s has heartwarming moments and if I remember well I also cried during an episode Was this review helpful to you Yes No,자백
6,Right off the bat this drama is very similar to Stranger in its approach to storytelling as it is in terms of the overall quality In fact if you really love Stranger it is a given that you have to watch this drama as well because you will not be disappointed The style of storytelling follows such that there is a main arch in the story which becomes the focal point of investigation interest by the lead characters which I find the most skilful way of writing a crime investigation stories because you are less likely to end up with problematic plot holes There are no filler cases that are thrown in between because everything serves a purpose puzzle case to the main story arch so in that way it's praise worthy very neatly done The other law drama that has multiple filler cases thrown in and therefore dragged or loses steam midway in its storytelling of the main antagonist is Suspicious Partner You can be assured that didn't happen here Side note you must watch Hello Monster if you liked Suspicious Partner same writer but miles better The biggest strength of this drama is its plotline it's so incredibly sophisticated Stranger skilfully develops its story and events around multiple main characters who are shaded to be the main culprit whilst in Confession the writer identifies the antagonists head on but shades their level of involvement in the main story arch In both stories there are similar themes crime cases that lead to a bigger corruption case and support cast antagonists who are involved in a murder case and have an association with the main culprit That being said although I am a huge fan of the writer's skilful writing I find the writing of the characters incredibly dry This is the first of anything I have seen Lee Jun Ho in and I must admit that he's a very strong actor but his character is very bland and often times stoic There were only a few moments where we get to see him loosen up with Detective Ki but they were very limited There's also very limited chill interaction between Choi Do Hyun and his other teammates at the law office which I find regretful because there was definitely a potential to make their interactions much more interesting What made me pulled through most times is really the gorgeousness of Lee Jun Ho in physicality besides his great acting In that sense the quartet is only brought into the story to add usefulness to the main investigation and they were not given enough colours layers to add balance or loosen the overall tension mood temperament of the story This is why by the time I arrived at the last three four episodes I was already very exhausted from watching it and moved around shows a lot until I finally landed on Doctor Prisoner which I happen to finish first without intending True enough the eventual downfall of the main villains in this story felt slightly lacklustre in the last two episodes given their evil forms are not given enough impact again it's the problem with the way of their characterization rather than the story itself What I am saying here is if you want to see how the main support characters can be incredibly interesting or tastefully written in a revenge thriller drama then Doctor Prisoner is THE place to go to The BGM at the end of every episode is really great and fit nicely to the overall temperament of the story and the rewatch value for this one is probably average due to the nature of the genre itself The last scene ouhh the last scene by Choi Do Hyun wearing that uniform in the court was such a blessing to the eye Not giving any spoiler here but that man is just so gorgeous The ending is so nicely done and now this drama is complete to me LOL I'd say in a heartbeat that this show definitely sits in the top tier of law K Dramas of all time I had no choice but to deduct marks because the characters can be too bland stiff to my liking but the story itself is definitely worth stars and above especially if what bothered me does not bother you Enjoy your watch Read More,자백
7,The first half of this show is mostly kind of dull investigation and I was disappointed at how little of it was Choi Do hyun being an actual defense attorney instead of investigating who the actual culprit of crimes was The second half goes into melodramatic intrigue mode which was much more interesting When I was done I was surprised how attached I'd gotten to the Choi Office Squad of Choi Do hyun Ha Yu ri and Madame Jin They felt like a family And the feels about Choi Do hyun's father were definitely on point Was this review helpful to you Yes No,자백
8,I wish I could give this show a rating of Loved the story the cast their acting the ost the chemistry of all four leads with each other the relationships they formed the development in their lives over the course of the show EVERYTHING LOVED Lee Jun Ho's chemistry with every single person in the show LOVED THE FATHER SON BONDING MOMENTS BETWEEN HIM AND HIS ACTUAL FATHER AND ALSO BETWEEN HIM AND DETECTIVE CHUN HO in most of those scenes I was sitting with a big smile on my face LOVED watching Madame Jin her role was perfection and the actress was tailored for it and I loved watching a woman in a role like that Read More,자백
9,Came for Lee Junho stayed for everything else Confession is not a slick KDrama pushed out by platforms like Netflix that tries to be flashy to grab attention but rather Confession is crime in its purest form and I highly respect and appreciate that I was on a Lee Junho drama marathon and therefore stumbled upon this one without too many expectations and my God was this binge worthy I've seen plenty of Korean Crime dramas and this show quickly became one of my favourites which is why I'm surprised this does not seem to have much hype perhaps it's too realistic Knowing that Yoo Jaemyung who played Ki Choonho is also a talented actor that I've seen in plenty of other dramas it certainly lived up to my expectations The story writing stood out most to me the way that the plot seemed to veer into many unrelated paths in the beginning only to all come back tying nicely together for the finale The pacing was on point not too slow nor long Each episode left viewers with many questions just like the characters themselves but also leaving us wanting more as though we are trying to solve the puzzle alongside the characters which really gets the viewer invested Going back to my realistic point this show is definitely no frills no fanciness typically found in other KDramas like Vincenzo don't get me wrong I love Vincenzo for the extravagance and humour This show is just pure focus on fighting corruption and rooting for justice to prevail We actually don't find out much about the character's personalities or personal lives other than what is relevant to the story However this didn't prevent the viewer from becoming invested in the show To some this might make the characters feel a bit unfinished but I feel like this was an intentional decision to keep the focus on the already complicated story rather than being distracted by the characters' personal lives This really worked in favour for the show On a side note I was also impressed with Junho's acting Confession to me was the drama that really solidified his career and transition from an idol to an actor By far his acting in Confession is miles better than his previous roles It got to the point where I actually forgot he was Lee Junho from PM but Choi Dohyun the Lawyer whereas in other dramas I'm still painstakingly aware that he is Lee Junho Well done Junho Read More,자백
10,wow Lee Junho This was so good I couldn't sleep until I watched all episodes This had me so focused Don't try to skip through episodes or go to the ending or you will spoil it for yourself Lee Junho was excellent in this drama and was very convincing that this could be reality No Martial Arts but the drama was everything from episode to episode I was kind of skeptical in watching this but I had to because of Lee Junho Not one iota of romance but a lot of passion Kudos to all of the team that made this work Yoo Jae Myung I applaud you for being that detective investigator I loved it All of the suspense Read More,자백
11,It s crazy how little I ve seen about this drama We are only a few episodes in but it s already one of my favourites I ve check out recently If you re having doubts due to the boring synopsis please just ignore it and give it a watch I can t say much about anything since it s still way to early to say for certain but the story is very good at drawing you in All the actors do a great job at playing their respective roles and make it clear there is many layers to their characters just like any other person Now for those of you who place great importance in the soundtrack I m sorry but I m the wrong person for that ascept of dramas Unless the music completely blows me away I won t even realise there is any music at all so hopefully that gives you a guideline for that haha That s also why my rating is neutral Please decide for yourself whether the OST is any good and to you re liking Gave stars neutral for rewatch value since it has not yet finished so don t take my review too seriously just due to that fact we aren t even half way in yet So far the most disappointing thing is the slow subbing but it s all worth the wait in the end and I hope you ll think so too all low or exaggerated ratings are due to limited released episodes as of now there are only fulled subbed available Pleased don t let my ratings dictate the watch value of this show and check it out yourself in order to accumulate your own opinions on this highly underrated drama Read More,자백
12,confession is definitely worth watching due to its stellar cast and brilliant writing it kept me on the edge of my seat and the way the whole story unfolded is spectacular please do give this drama a try also hyunbeen and junho as besties is,자백
13,a compelling conspiracy thriller that s one for the books so well written well directed and well acted yet so terribly underrated people please don t sleep on this masterpiece,자백
14,I thoroughly enjoyed this KDrama thriller series It was well acted and well written with the exception of some glaring cliche's that were a bit irritating but not deal breakers An exciting soundtrack and characters you can't help but root for as well as an interesting mystery make this well worth a watch,자백
15,Confession is one of the best kdrama s i have watched If you like investigations mystery suspense then definitely you will enjoy this If you like Korean dramas then believe me you have to watch it,자백
16,Interesting and Well Acted Thriller,자백
17,One of the best,자백
