,reviews,title
0,I wouldn't have watched this web series if I hadn't seen a viral clip on it on twitter and I'm grateful and glad that I did While it's mostly an episodic series it manages to tackle a lot of issues that I think is important for the youth to think about even if it means character development and story is pretty much stagnant From the teaser you practically already know who these characters are because they pretty much stay the same throughout the show Even though it's like this you can't help but root for the characters and love them I think it's a must watch because it raises a lot of issues and point of views and serves them all in bitesized episodes that are easy to digest and binge watch It may not be that popular of a web show but it's a damn important one Read More,좀예민해도괜찮아
1,I really enjoyed it It was funny and smart and satisfying I tend to prefer full dramas to web dramas but they utilized their platform really well Even though the episodes were short they didn't feel like it and they managed to feel complete This show did an excellent job telling compact stories that still together created a cohesive narrative These actors were nearly all completely new to me but they all did an excellent job The characters were different from one another but their relationships were believable and felt familiar and realistic Their growth and change was subtle but excellent I found myself laughing during most most episodes and I was also very impressed with the powerful lines and lessons they all contained Each episode deals with a different issue ranging from creepy and sexist professors and sexual harassment MeToo to navigating relationship problems and they're handled well But it also deals with the very real issue of the culture of sexism and misogyny and the pushback against change The show discusses fear and power and fighting back against injustice This webseries is both very enjoyable and also extremely relevant and important I am very glad that there is something out there like this and I hope that it is something that will inspire and empower others Read More,좀예민해도괜찮아
2,A short web drama with really important messages That's how I would sum up this drama It's about different gender issues in real life and always ends the episode with a comforting message giving you good advise While they do show clearly who's doing wrong and why this drama is not pointing fingers or using stereotypes we might expect which I truly appreciate Not every male being is an offender and not every feminist is a man hating fury The drama deals with the negative perception of the term feminist and gives a good answer to that Here we have different personality types Chae Ah is the outgoing type who has no problem speaking out when she thinks something is unfair Ye Ji is the complete opposite being shy and introverted worried about how speaking out could affect her social life I could relate to Shin Hye the most She's feels that it's wrong of a guy to casually touch her leg while they are out drinking something with others but doesn't want to jump to wrong conclusions or misjudge anyone She's thinking a lot before acting and also considers the other person We get to see how she changes learning that you have to listen to your heart and when something feels wrong it's okay to be sensitive about it and speak out It shouldn't be normal for a woman to get stared at like a piece of meat when she's wearing a short skirt or okay for man to speak with a woman and look at her boobs all the time instead of her eyes this really happened to me by the way and it really felt disgusting This drama addresses such issues and that's why I enjoyed it It's not exaggerating such situations but show them how they really are That also includes sexual harassment against man which is why I recommend to watch this no matter what your gender is To sum it up It's a heartwarming comforting and healing drama with funny scenes but also a lot that make you think For me the core message of this drama is to be considerate of each other and that's something entirely unrelated to gender Read More,좀예민해도괜찮아
3,So I just decided to watch this one day out of the blue and I m glad I did because it s good as a girl to know these thing and honestly as a guy too because guys also get sexually harassed and it s also good for those who don t know what feminism really is This show was good because it was interesting taught you something and had some good romance and relationships both romantic and platonic I loved it but I wouldn t say it one of my favorites and I may rewatch it someday but I definitely recommend you watch it Was this review helpful to you Yes No,좀예민해도괜찮아
4,A must watch for everyone I think most of us came to this web drama because of the scene in the classroom And I'm really glad I finally watch it I think everyone should watch it and learn a few things from it It touches upon important topics that are not even mentioned in regular dramas and they do it in the span of ten minutes it's amazing The messages are clear and straight forward I really like it It made me reflect on a lot of things and situations It's also a great web drama to just watch in one sit and enjoy Was this review helpful to you Yes No,좀예민해도괜찮아
5,It's okay to be sensitive it's a webdrama that deals with some issues that many others shy off The main characters are mostly women more specifically college students who are trying to find part time jobs live alone or find love However even when they are just attending classes or hanging out with their friends they find it hard to feel safe or considered as equals There was actually an episode where they showed how some men experience sexual harassment too but the drama mostly focuses on women And you don't have to be Korean to relate with the characters as these issues unfortunately are universal and many women experience them in one way or another But the way the characters reacted and acted was reassuring and felt encouraging and comforting The addition of some romance was nice however it wasn't well paced So overall seven out of ten Read More,좀예민해도괜찮아
1,i can't believe the actors here are getting well known know <33 so happy,좀예민해도괜찮아
3,Chae ah you go girl...bdw the window scene is one of the scariest scene I have ever scene in dramas*,좀예민해도괜찮아
4,Ikr I felt like I m seeing a horror movie the way I got startled at that scene OMG I have never done that in horror movieAnd yes it was scary because I feel insecure and unsafe in this world but I will try to fight it,좀예민해도괜찮아
5,I am watching this ep at night with lights off ... suddenly this window scene came up...I am so fricking frightened at that time...I watched so many horror movies but still this scene scares me,좀예민해도괜찮아
6,@Piya_fangirl_of_yibo Yes I also got so scared because it's really creepy. If I see a ghost I probably won't react but if I experience this I am going to be so scared,좀예민해도괜찮아
7,"Despite the multiple mentions of radical feminism in this drama, there was nothing radical about the mainstream feminism shown, which I thought was ironic- the very male characters that condemned radical feminism knew not one thing about it. I do like the message of not being complacent when faced with injustice, it was nice watching straightforward action taken whilst acknowledging it's not easy to do.However, while the scenarios are realistic, the results after action is taken are very idealistic.",좀예민해도괜찮아
8,I didn't like it came for Kim Youngdae not even he can save this,좀예민해도괜찮아
9,Does jiho end up with anybody?,좀예민해도괜찮아
11,Chae Ah is the voice of reason.,좀예민해도괜찮아
12,"This is so bad! I didn't like it at all. I watched it for the guy in ""The Penthouse"".",좀예민해도괜찮아
13,Same ahahha but I like it a little he was really cute,좀예민해도괜찮아
14,"this is just a web drama, what do you expect? it's has a great message in every episodes, so what's wrong?",좀예민해도괜찮아
15,What's wrong if someone doesn't like something ? Everyone has preferences.,좀예민해도괜찮아
17,thank you  <3,좀예민해도괜찮아
18,thank you <3,좀예민해도괜찮아
19,If you imagine a society where women get justiceWatch thisCuz irl no one gets it lmao Too weird this drama is,좀예민해도괜찮아
20,"just from the trailer i feel very irritating ...all the girls look too perfect to watch and the main actress look even more perfect  but fake at the same time, why they not casting people that looks natural and not perfect? everyone need to go trough sergury to get a job?! it's obnoxious",좀예민해도괜찮아
21,So much sexism in your cmnt. Tch Tch..,좀예민해도괜찮아
22,your delusional...read my comment again,좀예민해도괜찮아
23,how was it sexist?,좀예민해도괜찮아
24,"It is more than a little irritating to call women not wanting to be sexually harassed or date raped, radical feminists. Seriously? What is so radical about wanting to be treated with some effing respect?",좀예민해도괜찮아
25,it's so weird literally all they do in the show is ask for respect,좀예민해도괜찮아
27,Is it wrong to stand for yourself and ask the respect you deserve? P.S I respect your opinion ☺️,좀예민해도괜찮아
28,Who is doing that?,좀예민해도괜찮아
29,Some of the male characters in the web series.,좀예민해도괜찮아
30,Welcome to the logic of so called 'conservative' societies,좀예민해도괜찮아
31,Thank you! OMG. (Oh My Gosh),좀예민해도괜찮아
32,A must watch for every gender.,좀예민해도괜찮아
33,10/10 the message of every episode are so important!,좀예민해도괜찮아
34,"this was really great, not only did it have a great message, I'm so glad the girls stood up for themselves without needing a guy doing everything for them...Chae Ah was the true mvp but I liked all of the girls, I'm so happy with their character growth ;)",좀예민해도괜찮아
35,"I loved this series so much! I definitely recommend this to everyone, it shows a very important message and the characters are so cute~",좀예민해도괜찮아
36,I like this web drama so much. There are so many issues they talked about in this series . They’re bringing awareness to the subject of sexual harassment.  Watching this web drama has really made me feel empowered in a way.I specially like Chae Ah character and Jiho is cute.Anyways all of them did a great job.,좀예민해도괜찮아
