,reviews,title
1,"Man. I binged season 1.  This ain't the same show. The cast change is a train wreck. I loved Yoo Seol Ok. She is so reworked it ain't her.  Season 1 only had 2 romantic stories, both were full of chemistry. The 2nds FL/ML are gone. Yoo and Ha chemistry don't have room to show with the clutter of bad support rolls pushing them off story.  On and on.  I am a put it on hold vote. Try it again after I forget how great season one is.",추리의여왕
2,"I just heard this drama OST which is sung by Seo Eun Kwang. The ost gives very sad vibes :( The song is good. But, is the drama good?",추리의여왕
3,"I don't get it, what happened to this series? I like season 2 but I wish they had resolved the secretary kim , ex girlfriend and fl's parents' issue in season 1. I think this season the series should have focused on the fl passing her exam, going to the academy and learning to defend herself , her becoming a cop and her and the ml solving cases while falling in love. Instead they spent too much time dragging everything and in the end none of it was resolved , so what was the point?",추리의여왕
4,"I really like this TV series of Queen of Mystery 1 + 2.... I hope there is a Season 3 because so many issues were left unattended and open-ended.  When will the main FL & ML  get together and/or live together or get married? Who the Hell is Secretary Kim and what is his back story  ---  and Why the heck is he so powerful?  What about the serial killer who was dumping bodies in the reed grass field?  Please pretty Please, I beg the Korean Writers, please make Season 3!!!!!!",추리의여왕
5,Watch it again I need more plz,추리의여왕
6,The second season was not as great as the first one but it was still enjoyable. I would gladly watch a third season but I don't think it will ever happen. The ending left me hanging. It seems that the writer had plans for season 3 and didn't wrap up the story.,추리의여왕
8,Please add in the CAST part Song Ji Ho as Won Joo Suk (trenchcoat man),추리의여왕
9,"I LOVE THIS AND THE FIRST SEASON NO REGRET WATCHING IT, 10/10",추리의여왕
10,is she still married in this season?,추리의여왕
11,"no, she've already divorced",추리의여왕
12,"Darn it, now I'm not sure if I want to watch this second season. The first one was amazing!",추리의여왕
13,I still want a 3rd season.,추리의여왕
14,"oof no season 3... I feel yeeted.after this season I didn't care for any of the characters, S1 was amazing. We will never see the end of Sec. Kim.I'd seriously would read a fan fic of S3 with the main plot and cut the side plots like *I don't like him/her but I get mad and jealous when others confess* yeh yeh for comedy but I didn't laugh",추리의여왕
15,does someone know how did the chef offend that old man a.k.a Sec. Kim coz he is so eager to kill her,추리의여왕
16,I started and finished season 1 and started season 2. Realizing now Chief Hong isn't in this season.  ;-( ,추리의여왕
17,"So much dumb stuff that don't make sense happened in this season, but I'll just focus on the end.",추리의여왕
18,"ON THE SAME EPISODE, they trick the murderer by speaking a lie into the hidden device luring him to the house, one minute later the detective calls out the guy through the microphone and ruins everything, they could have just went to him and caught him what the hell??Why did Hyun Soo even exist? what's her purpose? she kept giving people her identity and getting them killed for no reason? Was she trying to reach the Profiler guy? why did she shoot him??? Why did she show her face on the CCTV intentionally???I really feel like the writer was writing this drama as it was running and kept forgetting some plot devices they put in previous episodes, so sloppy and I couldn't enjoy it. :/",추리의여왕
19,I did give this series like a 7 but still found it a big disappointment as a followup of season 1.,추리의여왕
20,Is there any news about Season 3?,추리의여왕
21,"I don't know, man. I rate the first season 10/10 because I was fascinated by Seol Ok's character. But in this sequel, she lost her charm entirely. The story is underwhelming, there's also unnecessary plot device in the end. In conclusion, there is so much going wrong this season. If they're planning to make season 3, I hope they really wrapped up the franchise.",추리의여왕
22,I agree season 1 her character was a sweet kind person but in season2 her character got a little bold i didn't like it much.,추리의여왕
23,"sigh shouldnt have expected much from a second season, i mean from any drama. old character just disappear, new character out of blue, and the side stories dont seem to connect or have any reference to the main plot, feel like the story is all over the places. they also put too many plot armor. one-purpose-characters that just there for the sake of moving that particular story forward and have no other relevance use. overall the characters just dont feel alive",추리의여왕
24,"Too bad they had to kill Seung Woo's ex fiance, Jung Yeon Joo in the last episode, it was clear they were pursuing that storyline, too bad. I wouldn't have liked to see them get back together, but at least let her live for his brother's sake, otherwise great series thus far. O_o",추리의여왕
25,"Can't wait for season 3. Was glad to see some romance between 2 again. I really loved when she krinkles her nose,  very cute.",추리의여왕
26,Will there really be a season 3. Is it confirmed or will be in the upcoming future?,추리의여왕
27,"There needs to be a season 3 because of how they left things at the end, crimes not solved, the bad guys not being caught, they left it hanging for a season 3 to be worked on, otherwise I'd give it a 1/10, just for the useless killing off of ex fiance, amongst other things,  but especially for ending the drama that way, but just the way they left things unfinished makes me believe there's a 3rd season coming out, just makes sense in my humble opinion.",추리의여왕
28,@Nina no Papa Oh okay i now finish season1 and now goin on season 2..knowing it may have a season3 is exciting.,추리의여왕
30,I was hoping for season 2........then i got it. Now i need a season 3 where Seol Ok became a policeman!,추리의여왕
31,"To be honest, the first season of Queen of mystery was one of my favorite crime/mystery drama and I recommended it to everyone.  The cast was amazing and the plot too. Plus it had a lot of subtle funny scenes.  Season 2 wasn't very bad, we could know the story of Detective Ha.  Unfortunately, I think that some parts could be better prepared like Seol Ok's parents' death. I had imagined it that director will pay more attention and maybe the characters will find something more interesting and shocking about the history. (or maybe they interconnect both cases) Apart from that, the whole season was worth of watching and maybe I will rewatch it someday.",추리의여왕
32,"Even though the comedy, the team spirit and the music were lacking compared to s01, I still enjoyed s02 and some of the new characters it introduced.If the last scene is a spoiler for s03's new team, count me in!",추리의여왕
33,I know I'm really hoping for a season 3.,추리의여왕
34,"is there any romance between the main leads, I dont mind spoilers",추리의여왕
35,It is really subtle,추리의여왕
36,Do I have to watch season 1 to understand the story?,추리의여왕
37,yes pls,추리의여왕
38,"I really enjoyed  S1 and was looking forward to the second season.While I really liked seeing the two leads again, this season was nowhere near the quality of the first. So disappointing. I really wanted to like it and didn’t want to drop it but I don’t think I can go on. I’ll re-watch S1 instead.",추리의여왕
39,"Ok, I didn't make it past episode 2 because it didn't have the same tone as the first one. But I put it on hold and thought ""I'll wait and see what other viewers say."".....and 3 weeks after the ending there isn't a SINGLE review? Really? I feel like that says something since most of the time people can't even wait until a show is complete before they want to fire off a review. (But somehow it's coming in at an 8.3? This doesn't compute! LOL)",추리의여왕
40,"I end this and I'm glad that I didn't see season 1 :) I'm don't disappointed with this season :) But I don't want next season, I think it will be too much to process..",추리의여왕
41,"This season was filler, not sure if we get another one, and not even sure if I would want another one... They kind of ran out of gas with the concept and the characters.",추리의여왕
42,"Lol am I the only one that realizes that Mdl effectively spoils this entire season in the cast listing.Also this season was a massive disappointment- the entire vibe of this season is off and I blame that on the change in director,a mess of a script and don't even get me started on some of that simply nasty cinematography  (Lord that club scene was horrible)",추리의여왕
43,There has to be a 3rd season because kim is still free,추리의여왕
44,Same thought. I hope 3rd season will add more romance between HWS and YSO.,추리의여왕
45,"personally, the ending was so anti climatic, rushed, and even messy, which could have been the original intent  of the writers to build up for another season, but compared to s1, this season felt somewhat more of a filler.... sure, we got to know secretary kim and what truly happened with seo hyunsoo, but there are still a lot of holes left in the overall plot. other than that, nothing was genuinely “solved” regarding seol ok’s parents’ case, secretary kim, and all the connections with ha and jung law firm. still looking forward for a season 3, if ever they make one though!",추리의여왕
46,"i  don't understand from where all this talk about  season 3 is coming from? they made a mess  from the second season, interduced a  brother which was  never  mentioned before  even though he was a lawyer and a judge at that, a much better leader to inherit ha and jung  law firm than wang seong like was planed by their father in the first season. season two was sometimes pointless and sometimes rushed, the  ajuma and detective duo had no magink in them  whatsoever  and completely lost their charm  from season one.a promised romance which severely disappointed and a director who made the  sciences be  all over the place. honestly  i  am really surprised how this drama managed to keep  its good rating  on mdl///",추리의여왕
47,uhmmm WHY DID I WATCH THIS SEASON TOO?? bcz KBS air it between my dramas. thats the whole reason.,추리의여왕
48,"I just finished ep12 and I keep thinking there will be a 3rd season. They can't possibly tied everything in 4 episode. Let along tied. The mystery is still very is one. There isn't even a ray of light to shine on what the heck is going on. BUT.... If season 1 was funny, season 3 is a total riot!!! OMG! It's like they cranked up the level of comedy. I love it !!! And the will they won't they between the leads is just hillarious LOL",추리의여왕
49,"So is there officially going to be a season 3? I keep seeing people saying things about a season 3, but I haven't read any articles yet saying there is going to be one.",추리의여왕
50,"I was disappointed in this season tbh, they didn't have a plot to work with.I'm still looking forward to the third season though.I hope it's made with the same quality as season 1.",추리의여왕
51,is there romance?,추리의여왕
52,"No romance as such,  only flirting.. but both have feelings for each other..",추리의여왕
53,the setup for a season 3 is definitely there! i'm excited for seol ok & wan seung's relationship to develop even further now without their individual pasts as roadblocks.,추리의여왕
54,And her ring came back to her. So I want to see a romance in season 3. XDD,추리의여왕
55,This season in very disappointed.... it hasn't a good plot of the stories and the love story is absolutely inconsistent. What a waste of a good drama....,추리의여왕
56,They answered too quickly to the questions from the previous season. They should build tension during whole drama not only in last episode. That's why I'm disappointed. It was too rush. It was like they forgot about not resolved cases from season 1 and suddenly in last episode they remembered about it because viewers want to answers. There should be this tension and mystery in whole season not only in last episode.,추리의여왕
57,I think writer thinks season  3,추리의여왕
58,Final was so rushed up they left everthing for final episode and that made me angry what did you  do  during 15 episodes and wanted to  solve everthing at 1 episode ???,추리의여왕
59,The little gang system is so cute. GIMME SEASON 3.,추리의여왕
60,The last scene was really awesome. I want those 5 characters back for season 3. Although it took a while for season 2 to be great again I did enjoy it especially the second half.,추리의여왕
61,"i enjoyed season 2 overall, but the last episode, not so much.  it felt rushed as the writer unsuccessfully crammed as much as possible into the final moments of the series.  hopefully a third season will wrap up the loose ends, but as we all know with kdrama, another season is always a big ""maybe.""",추리의여왕
62,I need season 3.  T_T,추리의여왕
63,I feel like the writer is gunning for a third season.,추리의여왕
64,there has to be one. Nothing is really resolved.,추리의여왕
65,I can't believe this is the last week of the show. I thought we still had 2 weeks. I seriously don't know how they are going to end this.,추리의여왕
66,Very disappointing second season. :/,추리의여왕
67,I feel like the season just started now. I can't believe we have 2 weeks left to answer all the questions from season 1. I've enjoyed how the second half of this drama because it has gotten back to what we loved from season 1. I just hope we actually get answers and not just left hanging at the end. I'll watch a season 3 if they do it but hopefully season 3 goes back to the comedy and mysteries from season 1. Btw I loved Mi Soo.  I really wish they hadn't killed her.,추리의여왕
68,"I still like the main characters, but I'm not enjoying this season as much :s",추리의여왕
69,I feel the same. I was really looking forward to S2 because I enjoyed the first season so much but I’m five episodes in and I am kind of disappointed. It’s getting hard for me to stay interested.I want to finish it but atm I feel I am forcing myself to get through the episodes. I may end up dropping it if I still feel the same after the halfway mark.,추리의여왕
70,IS THERE ROMANCE,추리의여왕
71,"I really really loved the first season, but I  don't know where they're heading with this one tbh.",추리의여왕
72,I can't believe it took 10 episodes to possibly get some answers to the questions we had in season 1.,추리의여왕
73,I love when Wan Seung is jealous of Seol Ok. It's so funny to watch! :D,추리의여왕
74,I want to know what happened to Ajumma's parents. It's already 11 episodes and there is nothing about it. Give me season 3 or something. I want to know! And I hope they don't put everything in the last episode. -.-,추리의여왕
76,"I love Wan Seung and Seol Ok together. I love the bickering and the flirting, but the writing is a bit all over the place. We ended season 1 with the detective in charge of Seol Ok's parents suicide (or was it really murder, as Seol Ok suspects) but season 2 didn't pick up there and actually just abandoned that storyline. Seol Ok was so gung-ho to find her parents' killer in the first season but now, it's like she forgot about the case.I will still watch it for the leads but as some people pointed out, there is something missing and I think it's an actual plot.",추리의여왕
77,"It's starting to feel more like a Scooby Doo mystery than a great drama. I loved season one so much, why did they get so cheesy?",추리의여왕
78,Agree.... might end up dropping this...,추리의여왕
79,I really like 8th episode. It reminded me first season. My favourite team working together on huge mystery case without those annoying police officers around. And I finally felt that mystery. I really love this season but I still think something is missing. Something that was in 1st season and because of that Queen of Mystery was unique.,추리의여왕
80,They completely changed the format of the show from season 1 but it looks like halfway through the season 2 they tried to switch it back. They even brought her best friend back. I feel like we need a season 3 to make up for this season.,추리의여왕
81,"I hate to have to say this but am I the only one that found episode 7 to be just absolutely horriblely hideously shot,grossly lit and definitely weaker in the writing department.Ep 4-6 felt like Queen of Mystery you know?Anyways I'm not saying it's down right unforgivable but it just didnt feel like the caliber Ive come to expect from the show.",추리의여왕
82,Writing is definitely weaker this time around.,추리의여왕
83,I agree. I'm still enjoying it so far though.,추리의여왕
84,I hope Seol Ok will join to unit two and she will work officially with Wan Seung. :D,추리의여왕
85,"That bakery girl is giving me chills and she probably has something with the ex-girlfriend, maybe she is the ex-girlfriend. XDPlus the mystery cases ate getting better and better and Inspector Woo is back. XD",추리의여왕
86,"The bakery owner is obviously a stalker and I also thought she may be the first love with a different face. After ep 6, I'm thinking she's one of the supposed many ex's the scientist guy hinted at.",추리의여왕
87,"Hmm, am I the only one who feels that this season lacks a cohesive plot?",추리의여왕
88,"I don't think it lacks a cohesive plot, but I think there may be too many mysterious things going on. There's something building with the ex and with the brother/father. I'm enjoying it all though, but I hope we're not left with unanswered elements unless we're getting a third season.",추리의여왕
89,"No, I feel the same way. It also seems less smart, somehow. But I still have a crush on Seol Ok.",추리의여왕
90,"@Saiga I also prefer cases from first season, but still love this show because of main characters. Amazing team <3",추리의여왕
91,"Wan Seung and Seol Ok are just too cute together! When they bought food together and she picked a lot of food and he put away everything what she chose. And his face when she offered she will cook for him. Hahaha. Like he had to eat a poison. XD Or when he was annoyed when people called her ""ajumma"". Only he can do that. XD Or when he decided to drive to school with her in the middle of the night so she would not have to escape from perverts. And he even bought her new phone in her favourite color. Omo! I can't wait for another wednesday and thursday! Seriously, I just can't with these two! I laugh so much when I see them! They have amazing chemistry and I don't believe next week will be already half drama behind us. :((",추리의여왕
92,Agreed!I absolutely love them!,추리의여왕
93,"Detective Ha to detective Gye: Don't call her ""lady"".Seol Ok to detective Ha: But you call me that too.Detective Ha to Seol Ok: But it's not the same when I call you ""ajumma"".Fangirl mode on! *-*",추리의여왕
94,They changed the format of the show. It was a lot more fun in season 1 but this last episode reminded me of season 1 so I hope they go back to that in future episodes. The romance is adorable funny tho season though.,추리의여왕
95,You're right! This episode really looked like 1 season. <3 This funny forensic investigator reminded me this awesome team from 1st season. Even background soundtrack in this episode reminded me episodes from last year.,추리의여왕
96,Loved Dong Ha's guest appearance in ep 5 HAHA who remembers him in Suspicious Partner?,추리의여왕
97,Me me !! I love all his roles . I’m glad to see him again :),추리의여왕
98,Can't wait to see him again in ep 6!,추리의여왕
99,I was so happy when I saw Dong ha in ep 5 . He made  smile like an idiot <3 I can’t wait for today‘s episode :D,추리의여왕
100,"Seol Ok & Wan Seung are like candy this season, sweet and cute. :) the bickering is so funny.",추리의여왕
101,They're so stinking cute!,추리의여왕
102,"Episode 5 was so funny, the writers continued to tease the audience and the scene when he carried her, I could not stop laughing... they mocked a little bit all those romantic dramas where those kind of scene looked so effortless.  :)",추리의여왕
103,I can't stop smiling. I love every episode! <3That talk about what path she should choose. XD I love their conversations! Or rather I should write: arguments.,추리의여왕
104,Guys help I don't remember anything about Wan Seung's familyDid they pop this season?  And also soo ah I don't completely remember everything about her storyAnyone kind enough to remind me?,추리의여왕
105,I re-watched first season in February but I can't remember that det. Ha has brother.  I'm also curious.  I know his father was in 1st season. But brother?,추리의여왕
106,What I remember is his father. And det. Ha was forced to marry that woman. Because his father wanted to. I don't remember who she was. Attorney? It was about some family business and a fusion between them. And I remember how he escaped from his own engagement ceremony and that's it. XD,추리의여왕
108,I dont even remember who is soo ah,추리의여왕
109,"""Kiss me darling kiss me,kiss me tonightKiss me darling kiss an'you'll be alright"",When I heard that I started laugh so loud that I was afraid I would wake up my neighbors. XD This drama surprises me with every scene.I love this fanservice ! :D",추리의여왕
110,"Such a great scene, funny and cute, I knew  that  nothing was going to happen... but still... it was so intense. :)",추리의여왕
111,He thought about something else and when she surprised him...  I couldn't stop laugh. That scene was daebak. XD I want more hilarious scenes like these.,추리의여왕
112,"@ineedtreatment Yeah, we will definitely see more scenes like that. :)",추리의여왕
113,I heard this song in jugglers n since then i get this sudden urge to sing this song anywhere n everywhere....n when i come to realize m already singing it....,추리의여왕
116,So much has changed... just why?,추리의여왕
117,"What we not gon do is talk bad about the romance in season 2. We not gon do it. I'm kidding, but I also can't believe people are complaining about the romance. I think it was smart to set it up in the first episode. I like that they have grown so close and given the progression in season one, it makes sense. I am looking forward to seeing how they navigate their feelings while working as cops and also dealing with  the ex who is so going to make trouble.  Honestly, there is nothing I love more than a crime and/or action series with an enjoyable bit of romance. And they are so cute together!",추리의여왕
118,Can't believe people are complaining about the romance 0_0 for real ????!!it's the 2nd season for god's sake they used the 1S to build the base for them you can't expect us to start all over+ there's still NO relationship to start with they're still bickering like no tomorrow but still obvious that they holds feelings for each otheracting as if the romance was random did u ACTUALLY watch the 1 season ?? the chemistry was and is burning and the hints of their feelings was all over the place The only obstacle to their relationship was her marriage but now she's single and totally ready and willing to mingle2eps out and I'm so loving it to the point of wanting a 3rd season though the 2ep was a bit messy but the 1ep was beyond my expectation,추리의여왕
119,Totally agree with you.  :)  The first episode of second season looks so promising. :),추리의여왕
120,1st episode was AMAZING!!! I couldn't even imagine that they will do such awesome episode! THAT CHEMISTRY! They are so cute and funny together! Their argue is the best thing in whole drama. XD,추리의여왕
121,It was the bomb!,추리의여왕
122,"Is it just me, or does this one seem a lot campier than the first one?",추리의여왕
123,"It is, I guess it's due to the change of director etc. even thought the writer is the same.",추리의여왕
124,Thank goodness it's not just me. lol  I'm not sure I like it. It seems a little too light hearted for the subject matter. I'll give it a few more weeks and see if it grows on me.,추리의여왕
125,"I totally agree with you. I don't like what i see at all. Nor Seol-Ok, nor Detective Ha.And Kyung-Mi on police academy? Why? When? Grrrr... I hope they gonna turn back soon for the first season feeling, without any romance...",추리의여왕
126,is there romance in this drama?,추리의여왕
127,"I agree with you. Why would a chief who owns her own business chose to become a rookie cop at her age? And I totally don't understand why the writers would chose to make Seol Ok unable to pass the exam. Why not have her become a PI at that point? Heck you could even have her work for a prosecutor like in Secret Forest. Then you could have 4 ""P""'s in a pod... A prosecutor,  a profiler, a private investigator, and policeman working together to solve crimes.  (Damn, that sounds like a good idea for a drama, with a decent working title... lol)  I wouldn't mind romance, if they did it as a slow burn.",추리의여왕
130,I'm in the boat with you all. It doesn't even feel like I'm watching the same show/characters. I'm not sure I'll even finish this at the rate it's going. I was so excited to get this duo back....but it feels like they gave us poor copies of them instead. :/,추리의여왕
131,Why was the romance tag removed?,추리의여왕
132,A Currently Watching article; https://kdramasanonymous.wordpress.com/2018/03/02/currently-watching-queen-of-mystery-2-추리의-여왕2/,추리의여왕
133,"Romance? Are we getting romance this season? I dunno man, their chemistry was over the top but... I just hope it goes well",추리의여왕
134,What's with the romance tag? Were their no romance in season 1?,추리의여왕
135,"Not excatly, it was more like a teasing romance, hints there and there :), but the second season looks more promising, I mean I really hope they are going to develop it, it would be such a waste if they do not end up together, the actors have an amazing chemistry and their potential romance story is really interesting and I do not like  Will They or Won't They? stories.  They can be such  a drag , it can be a little bit interesting at the beginning , but if you make it a main dramatic point of the story, that is just a stupid and lazy storytelling. It would be nice if they soon end up together,  I would like to see them as a crime-solving couple... they can be  like  Tommy and Tuppence in Partners in Crime by Agatha Christie. :)",추리의여왕
136,"I though the first season was going to have romance because of this teaser but it didn't, what a freaking misleading trailer https://www.youtube.com/watch?v=15cFVr-9kv0",추리의여왕
137,"@THE ASIAN WORLD LOVER I know, everyone thought that, I think the writers made it on purpose, because from the beginning they were aiming for the second season and they hinted romance all the time and the last episode has a huge cliffhanger, I mean this was a huge gamble,  they were so lucky they got a new season, if not, it would be a a such disaster, who likes unfinished and open endings. :) Everyone knows that seconds seasons in Korea are rare,  I do not know any other show beside Stranger (Secret Forest) that has a second season and they only recently announced it.I really hope they will wrap up a story  in a good way and give us a romance  and happy ending, There is no worse thing than when you on purpose mislead the audience and play with them.",추리의여왕
138,"@Willow There have been a handful of second seasons in recent years. Age of Youth received a second season, and it's honestly popular enough (and there's enough demand) for a third season. (Fighting!) Vampire Prosecutor and Let's Eat both received second seasons (although Vampire Prosecutor's sequel was not very well received.) Voice from last year is also apparently going to be getting a second season. And I think Misaeng/Incomplete Life has a very strong shot at a second season as well, seeing as it's one of the most watched dramas TvN has ever aired, and it's based on a manwha that still has plenty of material left to work with, and the entire cast and development team seems willing and eager and possibly even seeking out the opportunity for a second season.",추리의여왕
139,"@DramaHeroine I forgot about Age of Youth and  Let's Eat  :), it sounds good, I mean maybe some other shows will also get a new seasons, sometimes one season, not matter how good it is, still needs the second. :)",추리의여왕
140,"I'm pretty sure the writer actually said before season 1 started that there would be no romance, but then the characters had really good chemistry and were really popular with the audience, so the writer decided to add it in and just started too late to really go anywhere with it. There will definitely be a developed romance this season as the audience has been pretty clear that they want that, and the writer even started the new season off point blank addressing the leads feelings for each other. If there weren't going to be any romance, then addressing it so up-front and obvious would be pointless, and I don't see the writer pulling our legs like that. It's just going to take some back-and-forth bickering for awhile between the two characters before they're willing to admit their feelings.",추리의여왕
141,"I know, I just do not want to see it it ends up like Moonlighting, that old American show with Bruce Willis and Cybill Shepherd, the writers waited too long for them to become pair and in the end it ruined the show, even if everyone saw how great chemistry they had, plus the writers were playing with idea of the romance all the time, that is why if you prolong stories like this, they lose the charm, it is all in  a perfect timing. :)",추리의여왕
142,"I am still on Season 1, but for now this show is awesome, it has all, humor, interesting storyline and  the actors are great, especially the main leads.Chemistry and  dynamics are amazing, I hope the relationship with him will help her to realize that she can do more, not just play housewife and part- time detective. :)The best part is the  feeling of bickering friendship with shimmering romance under the surface,  I hope she will get the divorce, so we can see a true romance in the second season. :)",추리의여왕
143,hong soo hyun is so gorgeous,추리의여왕
144,"Am I only one when I hear how detective Ha calls Seol Ok ""Ajummaaaaaa!!!"" I smile like crazy, because it's so cute and hilarious? Hope not! XDD",추리의여왕
145,I love them together! I love how they work together. I love how they argue but everyone knows that they support each other. I love that type of friendship between detective Ha and Seol Ok. THEY JUST MAKE PERFECT TEAM.,추리의여왕
146,Wow I'm so glad season 2 started! 2st two eps were amazing ! Ha Wan Seung and Seol Ok are still super funny and their chemistry is top !,추리의여왕
147,"Romance part was a little too much for me. Hope they tone it down a bit.They should have gone slower with romance and not do this. I still like them... but it is not what I saw in S1, Re-watched it last week and just... romance is killing it. This is like doing fan-service to all the fans who wanted this ship and just threw it like that, all over the place, in premiere episode... which I think is just wrong. I mean... if they already got engaged that would be even more weird... when were they this much in love with each other? I don't really remember them showing this much love... and how many months passed after Ahjumma divorced?! and already thinking about marrying again? Just... ugh It's even more disappointing that this is from the same writer.",추리의여왕
148,I agree with you.,추리의여왕
149,"Completely agree. First episode was mildly entertaining, but I spent most of the hour going ""wtf?"" I like comedy elements in dramas, but this was bordering on slapstick. I hope future episodes tone it down.",추리의여왕
150,"You all are so right. Doesn't this feel like a new show? It seems like they just wanted to do a new thing, but they didn't feel like introducing the characters so they took some already existing ones and threw them in a random, comedic plot that doesn't have anything to do with the previous one. Everything feels wrong!",추리의여왕
151,"Totally agree with you. I don't like what i see at all. Nor Seol-Ok, nor Detective Ha.And Kyung-Mi on police academy? Why? When? Grrrr... I hope they gonna turn back soon for the first season feeling, without any romance...",추리의여왕
152,Thank god they made a second season. I can’t get enough of them. First episode was so good !! :D,추리의여왕
153,"the first ep. was great. Seol Ok is divorced?! Thank god! The romance part was so cute, the chemistry is still great. i love it that the main cast is still the same!",추리의여왕
154,"Why did they change Detective Ha's style so much? In Season 1 he was a little rough around the edges and a little more manly looking. I almost thought they had cast a different actor for Season 2 when I started episode 1. They dressed him like an old man in a sweater. To me, this episode had a completely different feel than I remember Season 1 having. And they were so awkward together. I thought maybe the writer was different, but no, it's the same writer.",추리의여왕
155,"I really wish they didn't go for the romance... the show was great precisely because they didn't and their chemistry as friends was 10/10. I'm pretty sure I'll enjoy the show anyway, but it won't be the same...",추리의여왕
156,LOL  I'm so HAPPY they are showing the romance LOL  & the first episode was just funny  & adorable LOL,추리의여왕
157,"I'm glad you are! We all have different opinions :) I really enjoy romantic dramas, but this is not what I expected coming from S1.",추리의여왕
158,"I still remember those comments and fangirling about Detective Ha and Seol Ok that they should be together. She should quit her husband, etc. :DHahaha. 1st episode was like a paradise for people who ship them!! (For me too!!)THAT CHEMISTRY BETWEEN THEM IS AMAZING !! I still can't believe I can watch them once again! ♥JUST DAEBAK !!!",추리의여왕
159,Huge applause for 1st episode !!! That was SO GOOD! Can't wait for the rest of them! ♥,추리의여왕
160,YAAAAASThe day is finally here!!!,추리의여왕
161,"Seol Ok Ajumma is officially back, yeeey !!!",추리의여왕
162,where  can i see the first episode with eng sub ?,추리의여왕
164,thanks :),추리의여왕
165,can't wait!,추리의여왕
166,is it in continuation ??,추리의여왕
167,"yes, it is",추리의여왕
168,oh thanx ! first episode airing today ...damn ...i barely got any time to finish to the first season ...thanks again !,추리의여왕
169,"@tottochxn yes I`m so excited for this second season, really hope that you can have free time for finish the first season and watch this season <3fighting",추리의여왕
170,Finally the second season is starting! HURRAY! I just love our duo :),추리의여왕
171,Ohoho! Hence starts Season 2!,추리의여왕
172,"I don't know exactly why I loved season one so much, maybe because of seol ok's loveable personality and charm? And the chemistry between the leads as far as I can remember wasn't the obvious classic k drama romance?Anyhow I can't wait!",추리의여왕
173,time to rewatch the first season muhahaha,추리의여왕
174,"First season any good? Stop mid of first episode long time ago because it felt slow, does it get better?",추리의여왕
175,"yes! I wasn't so sure about it either in the beginning, so I waited until it was at ep 14 or so and I was surprised that I loved it so much. I think the first two episodes are more of an introduction, maybe that's why it felt slow. But I rewatched it, so I think it's  very good :) Hope that helped ^^",추리의여왕
176,I also stopped at the middle of the first episode and didn't come back until recently. It's definitely a good watch.  It picks up with the second ep and keeps going so I'd give it another shot.,추리의여왕
177,@Bodea OKAY thanks,추리의여왕
178,I CAN NOT WAIT YAYAYAYAYA I LOVED SEASON 1 SO MUCH,추리의여왕
179,Almost time >.< can't waiiiit,추리의여왕
180,can't wait to see it <3,추리의여왕
181,I am going to miss baby!officer Hong. :( But at least the leads are back.,추리의여왕
182,COME OUT ALREADY I'M F TIRED OF WAITING,추리의여왕
184,"Hope it will have solid cases, last season had a few fillers.",추리의여왕
185,"HELL YEAHI just finished the first season in four days and now I'm so pumped for the second season.Detective Ha and Ahjumma, fighting!!!",추리의여왕
186,"Do we know who, if anyone, will be airing this for us foreigners? I'm ridiculously excited for this drama.",추리의여왕
187,"y'all, there's a second teaser and it uses In The Mood for Love theme for its background <3 <3https://www.youtube.com/watch?v=z4e4GCJCb2Q/+ third one, upon Sara's hint: https://www.youtube.com/watch?v=ttAHF7hZcf8",추리의여왕
188,there's a third one and it's the BEST! can't wait,추리의여왕
190,Can't wait for it!Seol Ok Ajumma is back !!!,추리의여왕
192,omy waiting for this season and hope for more seasons make it a series love this show,추리의여왕
193,"I hope they will keep the trumpet instrumental theme (or better, name and release it (yup, still searching)).",추리의여왕
194,do you mean the theme from the trailer? cause that is a remix of jump around by house of pain and something I don't know ^^,추리의여왕
195,"the trailer that plays here, with two corpses in cobalt light? No, that's not it. That was slower, lazier, bumbling-like. See the very beginning of ep 2, from 0:00:50.",추리의여왕
196,"@namopanik yes now I know which sound you mean, I'm also looking for the sound of the evil dude in Jugglers, same think, can't find it. The struggle...",추리의여왕
197,"@Eileen the Strange so my phone says its a song called bbibbo bbibbo and it even shows me the OST picture, but I have no link :/",추리의여왕
198,"@Eileen the Strange I got it, thank you :) I could swear the tracklists I saw were much shorter and only had songs.Re: Juggler. You mean the one when he and the girl meet in some shady boiler room and he says all their conversations are off the record? It's neither of those http://www.mnet.com/album/2782850 ? (9 to 22 are instrumentals, maybe Ozzy Juggler or Aggressive…?). Mnet only allows me to play a one minute excerpt and nothing sounds exactly like that part, but I'm thinking maybe it's a parody of something, that's why it's not on the album?",추리의여왕
199,@namopanik OMG thanks and it was 'chinese boss' from the OST ^^,추리의여왕
200,do i have to watch the first season in order to enjoy this one? or can i just watch this on its own?,추리의여왕
201,"I would watch the first season! It gives a better backstory to how the two work together, and also because they both have backstories that are interconnected that should be resolved this season. It's a quick watch (at least to me) and the episodes are pretty enjoyable so it shouldn't take long to finish!",추리의여왕
202,"I would watch the first season before you start this one. The first season ended without complete closure, so I'm sure that this will pick up where the other one left off.",추리의여왕
203,I don’t think I’ve been this excited for February EVER,추리의여왕
205,"OMG !!!! How come I didn't know about this earlier !! I'm very happy and super exited ^^ Little bit of romance please, I ship those two",추리의여왕
206,I am so excited for this!!!!,추리의여왕
207,"Haha, this is one of the funniest trailers ever lolCan't wait for it!",추리의여왕
208,Am I the only one that hoping that they'll develop a romantic relationship?  They understand each other so well.,추리의여왕
209,"Wow, I'm so surprised (and elated) that they're doing a second season! Did the first one do well with ratings to actually get a part 2 (and so quickly as well)?",추리의여왕
210,It wasnt high like goblin or something like that but it was prettu decent and enough to be considerated a total sucess,추리의여왕
211,"good - it was a really good drama, despite the open ending :D",추리의여왕
213,this totally makes my day!,추리의여왕
215,"February 2018  ...... omg, I was so hoping for a season 2 for Mystery queen. so I'm really really happy. But this is going to be the longest 3 months ever.",추리의여왕
216,IS IT CONFIRMED??????????????????? IM DYING,추리의여왕
217,"Can't wait for this! I actually miss Wan Seung screaming ""ahjumma!!!"" LOL",추리의여왕
218,<33333333. I hope at least half of the supporting casts are the same.,추리의여왕
219,I can't wait for this! Finally a second season for a drama that deserves one!,추리의여왕
220,Why didn't I know earlier that there will be second season? :O,추리의여왕
221,YES YES YES!!!!! Finally!!!,추리의여왕
222,"Yesss, I'm so happy",추리의여왕
223,This is SO needed considering how the first one ended. So glad they are following through!,추리의여왕
224,someone tell me HOW am I supposed to wait until February!!!,추리의여왕
225,"choi kang hee just ruins everything , wish another actor would have been replaced . happy to see Kwon Sang Woo again, though",추리의여왕
226,"lmao dont watch it then, she IS the main lead in the first season, so obviously she's gonna be in the second one",추리의여왕
227,"ill watch it for park sang woo . plus ,i really dont get one thing , im free to voice my opinion so why should there be anyone replying to me as i dont have to watch this or otherwise ,/ its really none of your bs , dude ,,,",추리의여왕
229,":""""""""""""""""""""""""""""""""""""""""""D thank you",추리의여왕
233,Is this for real? If so I'm so hyped up!,추리의여왕
234,SO happy!  Our Korean Miss Marple,추리의여왕
235,Part 2 is the right thing to do! Yay!,추리의여왕
237,Yay! same cast & season 2!,추리의여왕
0,Where do I begin Let me get this out of the way Queen of Mystery vs Queen of Mystery have two different feels to them I know because I marathoned season before marathoning season so I immediately recognized a difference in tone The first season felt sincere the comedy came more from the situations Seol Ok found herself in so it was completely relatable and the mini cases not only blended into the main mystery of the series but also served as a strong foundation for Seol Ok and Detective Ha to build their relationship on Unlike the first season QOM really leaned into the over the top comedy and all of the cases felt very disjointed It was weird Almost like from season to season there were different directors and production teams There wasn't though I checked That seamless blend just wasn't there Instead it felt more like the series was trying to tell everyone's story in a way that highlighted the individuals away from the rest of the cast rather than having a true feel of an ensemble cast which I loved from season I mean it's a mystery police drama it's all about the ensemble Not to mention the sudden appearance of Detective Ha's brother who was never mentioned in season Profiler Woo seemed to become even more robotic in season where he was actually a relatable character by the end of season with a budding bromance between him and Detective Ha and the most anticipated plot revolving around Hyun Soo was confusing and never really explained in any way to make her story relevant I know this might all sound critical but there were some positives the comedy was good and the individual performances were stellar If nothing else anytime the medical examiner Hwang Jae Min was in a scene I was laughing my head off The ending felt very much like they are expecting a season which I'm against if season is any indication There were so many open ended questions left but I honestly don't care I'll admit that I only finished the drama because I was hoping against hope that it would all come together in the end but it never did So all of the big reveals and whatever closure there was just didn't feel as gratifing as the st season Too bad for all intents and purposes everything was there but it was put together in the wrong way Read More,추리의여왕
1,This was a hard one for me to drop because I really fell in love with the first season I had a lot of great expectations especially knowing that a lot of the previous cast are reprising their roles but sadly this season it fell flat for me One of the major reasons why I felt like this season did not live up to the previous one was the change in Seol ok's character The charm of the first season relied on the unique plot which is a housewife turned investigator That was such a clever and fresh take on an investigative drama in which drew me in the first place However in this season all of that were gone she was divorced and chased her dream of becoming a police officer Her bright and loveable aura faded and became this dull and boring cliche character And also I did not like what they did to her HAIR I mean it was her signature bob that added to her quirky personality Another thing is the change in cast Although a few of the important cast returned the new members really did not do anything even with the addition of my fave Kim RAE WON I missed captain Hong the grocery store lady and even the group of ahjummas their chemistry I'm solving the cases was very entertaining to watch if they're planning to have a third season I suggest that they bring the fun back from what it was in the first season Read More,추리의여왕
2,There are a lot of Korean dramas where it's just one season This is the third Korean drama that I watched that had a sequel to I watched the first QOM series and I fairly enjoyed that and was a bit nervous about it's sequel When I watched the first episode of the sequel I was going to drop it because that episode was all over the place I was thoroughly confused and was wondering if it was going to stay in that direction for the next episodes I was very close to dropping it but after the second episode I ended up binging on the rest of the episodes Again this series focused on several criminal situations that needed to be solved and I liked the way it was done What I didn't like though was the last episode It was a mess It seemed as if the writer had a hard time trying to come up with a way to end last episode so they threw in a little bit of this and a little bit of that and what was left was a hot mess I wonder why Korea always have a hard time ending their last episodes in these dramas Especially if it only have to do with one plot It seems that there will be a third QOM because several plots weren't solved in the last series I hope that's the case because I most definitely liked this series Read More,추리의여왕
3,I'm gonna preface this review by saying that I have yet to finish this drama for the simple reason that a major plot point was introduced towards the end that infuriated me deep within my body all the way down to my bone marrow and I haven't mustered the strength to finish the last few episodes because of it I will eventually go back and finish if only out of loyalty to the main leads that I adore so much but I'm pretty confident of my current opinion and don't think those last few eps are going to change it UPDATE I did not finish this drama and currently have no plans of doing so So there's that The truth is this was not a good season The cases had a strange pacing to them starting halfway through one episode and ending halfway through another The big mystery from season we were all expecting to get answers and a conclusion for never went anywhere substantial Instead we were subjected to unnecessary twists and a bizarre new villain who felt totally out of place most of the season And the romance ThE RomANcE The romance showed so much promise Things were looking so good And then the writer didn't take it anywhere Honestly after the major plot twist I mentioned in the first paragraph that left me so infuriated the romance is the thing I found the most disappointing about this drama I will forgive a drama for a lot of things if it at least keeps me invested in the romance You couldn't even do that Queen of Mystery You couldn't even do that I would be very surprised if this drama got picked up for a third season and if that is what they were angling for with the way they chose to Write this season then they really screwed themselves over Because this season was dumb D u m b DUMB Read More,추리의여왕
4,This drama is a package of family drama mystery investigation comedy action It is quite hard to find a drama with all these things I love the chemistry of daughter in law and mother in law I also found it amazing at the same time funny how the both lead characters collide Two different personality but still find a way to solve a case There are two seasons of this drama and both are awesome The second season was funnier than the first one At this time she become full time investigator and the real fun begins I watched the hindi dubbed version of this drama So I can't say how the original one sounds but still dubbing was amazing and I enjoyed it with my whole family There wasn't a sigle kissing scene in both season So you can watch it with your siblings too Sadly I heard there will be no rd season of it But the story is uncomplete It's heart breaking But you xan still enjoy the two seasons,추리의여왕
5,Just give it a try,추리의여왕
