,reviews,title
0,that final...,타임즈
1,I want to season 2 please,타임즈
2,"When watching the first half, I wonder how can this drama scored lower that Kairos? It's objectively better! Then the second half appeared and it's a total snoozefest.",타임즈
3,Is it really that bad?,타임즈
4,"you're tripping, KAIROS is 100% better",타임즈
5,"Was interesting in the beginning but lost the intensity towards the end. The ending was a little rush. I expected magnificent downfall but was given a simple and short implied conclusion. Still, I love the cast and adore the characters. Overall, this drama is a good watch.",타임즈
6,"At ep 8 now, kinda forgotten its about a time warp  but instead im watching a completely different genre/show about political thriller.",타임즈
7,"I liked it, it was pretty good. Even if it got too political towards the end, the action kept it exciting",타임즈
8,"I enjoyed Times but it seemed to be two different dramas in one. The first half was fast paced thriller, the latter half slower paced political drama. I think it would have been a better drama overall if it had stuck to one genre. The acting was very good though.",타임즈
9,"I enjoy this for the time change, the visual effect was awesome, similar to Kairos. Now I won't compare because is two different subjects and theme, but similar basis using the phone, the only thing I like in here in Times is that it can be use anytime of the day for her to call ML.  I love the chemistry between the leads even though the phone you can feel it. Now the plot, like I said, I loved the time change and how it effect the future and how they change things. What I didn't like was the all the talking towards half way endings of the show, to much, bored me nor understood most of it. I did love the leads and the second couple, the friendship between the four is really good.  I would like to see a season 2, but I hope it's more action than just sitting down and speak all the time.",타임즈
10,Okay i just started watching Times and finished 2 episodes is it a rip off of kairos or something the only difference i see with the call is that they can talk  anytime,타임즈
11,"no it isnt the same, its is different and they just copied the phone call part and that too is different becaus it's a particular phone made for talking to the past.",타임즈
12,They messed up the last 2 episodes.,타임즈
13,"I honestly thought this would be better than Kairos since I really liked the first two episodes but halfway through the drama everything just turned out... boring. Kind of my fault since I end up not paying too much attention once they become boring to me... For the ones that really liked the time travel concept of this drama I recommend Kairos or Signal, it won't disappoint!",타임즈
14,"First 4 eps. Awesome. Acting, great. OST, surprisingly banger despite only being played a few times and usually at the end. But my God the politics made me SOOOO bored. I can handle a bit but this drama was layered in it to the point I felt like 4 eps was just that - politics.Also the time warp with the cellphones was getting confusing (not to mention boring) after like the 4th time. I simply didn't care any more. There was nobody left to root for or even a goal.The last ep just felt like a wrap up and open window to continue the series. Not saying it was bad but if it weren't 12eps I would have dropped around ep 6. I give it a solid 7.",타임즈
15,Episode 12 (season finale),타임즈
16,"I love how they finally realized how to end a series, that is by leaving open the possibility of a sequel. For far too long, they've been ending their shows without any room for a new season.",타임즈
17,"Possible plot for Season 21. What were those ""Documents for Approval""? Those were very ominous.2. They did not show what Seo Ki Tae announced in the presscon. Again ominous.3. The show did not give us a clue how much time has passed from the presscon to Jung In leaving Korea (airport scene), all we know a considerable amount of time has passed based on what Jung In said.4. Then they left us with a new call from the future -- from future Jung In.Lastly, and the most important of all:5. Nothing was revealed about the time cellphones. Who made it. Who gave it to them. And why is it whenever there's a fire in a telecommunications company, there's a call from the future?My theory from last time still stands, Seo Ki Tae definitely knows something about the future and he is following a certain path he probably already knew. He kept on insisting he's doing things for her daughter and for the country, and that presscon appeared to be he's not backing down. A person willing to sacrifice their relationship with their love ones knows something, it is the only reason why their conviction is so strong.Also remember I mentioned about the possibility that Seo Ki Tae probably got a call from someone from 2021? About how the series avoided showing us anything ""future"" from 2020? And how the changes only affects the time period from when the call was made to when the call connected to?Since everything has fallen into place the way it should be, the Jung In from another future was finally able to connect to Jin Woo of 2020.I hope they will do a Season 2 because they created a very amazing universe.",타임즈
18,Wow couldn’t say it any better,타임즈
19,i want season 2!!!!! like i’m sure there is because the ending was basically saying “ season 2” hope ocn does that :(,타임즈
20,"I thought Times was very good. I liked the story, and the acting was spot on. It raised some very pertinent points throughout re use of personal information, trust and censorship: “Power tends to corrupt, and absolute power corrupts absolutely.”My only frustration with it was the overuse of the last minute phone calls, but apart from that the ending needed to be a fraction longer.",타임즈
21,"""Times""  wasn't bad but it wasn't great either. An okay watch. 7.5\10",타임즈
22,This drama was good in my opinion,타임즈
23,How does this compare to kairos? Better or weaker?,타임즈
24,Weaker. I dropped it halfway..,타임즈
25,Damn... might try it when I run out of dramas.,타임즈
27,@sonya I like it cause it made me say dam I didn’t see that coming I want season two,타임즈
28,"@sonya lol ur complaining about no one staying genuine, watch penthouse and u will experience  trust issues u never knew had haha",타임즈
29,"@Memoona It's not a complaint, only an answer to a question. Every opinion that is not entirely positive is not a complaint. And I know you're kidding but no thanks I wont watch penthouse",타임즈
30,"@sonya oh wow, ur offended? over what? i was just giving u a suggestion, guess ur too sensitive to take that.",타임즈
31,@Memoona I'm sorry that I offended you I didn't mean to sound angry and I know it's easy to misunderstand over the internetmy sentence did not sound angry in my head. I just am not interested in penthouse,타임즈
32,"Ep 11 was a cracking episode, which means the finale is going to be an awesome roller coaster down to the last minute!",타임즈
34,If the final episode isn't an hour and a half I'm gonna rage,타임즈
35,"The drama plot is reminding me of 2016 drama ""Signal"".... Hope it'd be as good as that one...",타임즈
36,Hope this good going to try it cause kairos was awesome sounds like this one is similar,타임즈
38,On episode 7 and I say wow,타임즈
39,I loved every bit of it and looks like we need season two,타임즈
40,What's Lee Joo Young's performance like in this so far? If I were to watch it she would be the only reason why (and Moon Jung Hee too) because LJY was great in Kim Bok Joo and Itaewon Class,타임즈
41,"Funny how Sisyphus has a more popular cast but is completely trash compared to this. Sisyphus just can't seem to get the concept of time travel right, what they are doing more is action which I think should have been its main genre. Okay now, I got a huge question, how tf did Jung In get transported to the future while still staying in the present?",타임즈
42,"I think you misunderstood a little? There is no time travel in this show. It is more of a time wrap where the future connects with the past. 2020 jungin contacted 2015 jinwoo. So technically 2015 jungin exists at the same time with 2015 jinwoo. So from the pov of 2015 jinwoo, there are 2 jungins: one in HIS future and the other one in HIS present.",타임즈
43,I understood that but in the 1st episode Jung In suddenly sees so much change and it seems like she suddenly got transported to 2015! That's where I got confused,타임즈
44,"@Mimi Ah I see. Yeah it did look like she was back in 2015 but yeah she's still in 2020, there was so much change in her timeline was because jinwoo helped by changing it",타임즈
45,@MissRep So in the 1st episode when she doesn't recognize her surroundings... what's that about?,타임즈
46,@Mimi Hi! I can explain it to you but that will be a spoiler. It will be revealed why she suddenly woke up feeling confused with a gap in her memory on later episodes.,타임즈
47,Also i love Sisyphus it’s different like watching a movie it’s a 10 for me,타임즈
48,"Ikr! I had to force myself to give Sisyphus a 9 for some of it's flawed CGI and action bits but I can't stop watching it, I love it so much! It brings in something unpredictable every episode and I can't get enough of the leads, they're great both  indivisually and together <3",타임즈
50,Also cgi is not bad it’s the story and the acting is good fight scenes are good writing not bad so in my book it’s not a masterpiece but one hell of a story I like to wait for the season to finish but not Sisyphus I wait eagerly to watch next episode that’s how good it is,타임즈
51,"Dude, calling Sisyphus trash is a bit too much, don't u think? Sure, it has many flaws but there's a reason why it's still doing well, and that's on it's beautiful themes of love, loss, regret and indivisual choices. Many of us who decided to stick through the show are pretty satisfied with the relevations in the recent episode and looking forward for what's to come. And comparing Sisyphus with Times when neither show has anything to do with the other....tsk tsk",타임즈
52,"they are both scifi. Scifi is the main genre of both the shows and that's why I said Sisyphus is trash because its main theme is time travel which it can't just seems to get right. I'll agree with you on all the other themes, yes, but that's not even its main genre. The plot is badly written. Times and Sisyphus can be compared because both are Sci-Fi dramas related to time. Sisyphus is so famous because Park shin hye is in it which is pretty obvious. Great dramas with unpopular cast always get overshadowed by those having a popular cast. Just like Vincenzo overshadowing Mouse, but atleast Vincenzo does the comedy part pretty well which is its main genre (dark comedy). And then there was True Beauty and Mr Queen overshadowing AWAKEN and LUCA",타임즈
53,"@Mimi like LUCA totally didn't crash and burn, or as if, you don't have a bias against popular dramas. I mean, fine if u think Sisyphus is a bad show, I respect your opinion. I also see it's obvious flaws but I chose to love it because the things I find compelling about the show surpasses its shortcomings just like u chose to prefer LUCA over Mr. Queen lol. All I wanted to say is, it wouldn't hurt to not call it TRASH when it hasn't even finished airing yet.",타임즈
54,"@BookObsessedDramaAddict I watched both Mr Queen and LUCA just like I'm watching both Sisyphus and times. If a popular drama is good it's good but if it's just famous because of the cast, that's not reasonable. Like I said Sisyphus does action pretty well, and maybe romance and other elements too but it definitely can't do scifi right which actually is its main genre. It had a very new plot but failed to execute it properly. When I give reviews to a drama it's mainly plot centric. I love Shin hye sun and Na In Woo but Mr queen's plot was dragged and the ending was unreasonable. I haven't got much on True Beauty either but atleast it was consistent throughout. I watch all dramas and this is something which I've noticed that those which are unpopular always have a better plot but don't get attention because of cast",타임즈
55,"So i ended up watching this today and not yesterday...And! The 6 episodes I've watch so far were very good, bit after I've saw what is coming for episode 07 i feel like putting in on hold or something.I know it was also a political drama, but that turn it is taking with the male lead and how he is easily fooled is getting me fed up.",타임즈
56,"So far, is this as good as Kairos?",타임즈
58,I will start this now...I hope i enjoy it...,타임즈
59,"Eps 9 & 10 are truly sensational, brilliant in fact - as only very good actors can truly deliver.",타임즈
60,Can someone tell me if I should give this series a try?,타임즈
61,Sure it's a pretty solid show. Not exactly reinventing the wheel in the genre but its definitely taken it out for a good spin.,타임즈
62,I see. Thank you for the reply. I will watch it then. :),타임즈
63,would it be too much to ask for romance in the last  2 remaining episodes??  i really like the chemistry between lee jin woo and seo jung in,타임즈
64,"Their chemistry is great. I loved the last few episodes when they were in the same timeline but on opposite sides - such good tension! However, I can't wait for them to work together in this timeline because the two of them as one team? Sparks would fly and the bad guys wouldn't stand a chance.Maybe it's just me and my shipper glasses but I thought there were a few hints here and there in recent episodes that painted their relationship a little bit romantic, especially when he told Seo Ki Tae that they ""both would lose something precious"".",타임즈
65,"the preview shows them working together but the story like you said, just hint on the romance but there is no real romance. Too bad, i want more!! lol 12 episodes is too short for me. ;D",타임즈
66,"I'm starting to think Seo Ki Tae is the one behind the time travel celphone. He keeps on restoring JC Telecom and its 5G Network.Could it be Seo Ki Tae was receiving orders from himself in the future? His future-self told him exactly what to do to achieve the future they need? For example, his future-self probably knew they need to give 4 time-travel celphones to his right-hand woman, his daughter, Lee Jin Woo, and supposedly Vice-President, because they need the changes these four people will do to achieve the future they need.All throughout the series, they haven't shown us anything beyond the present. I'm thinking that the time period beyond the capability of the time-travel celphones is fixed.For example: The 2019 calls from the future Vice-President stopped after Lee Jin Woo connected to the 2020 Seo Jung In. The 2019 time-travel celphone of the Vice-President and Kim Young Joo both died in 2019. Only the phones of Lee Jin Woo and Seo Ki Tae remained active in 2020, and we know that their phones also eventually died in 2020.If so… then anything after 2020 is probably fix. If there is another set of time-travel celphones in 2021, their future is based on the results of the changes of the 4 other time-travel celphones. Just as the reality of Seo Ki Tae and Lee Jin Woo changing the past from 2020 was based from the changes made from 2019 calls between the Vice-President and Kim Young Joo.That makes it possible that there is another set of time-travel celphones, probably Seo Ki Tae have one too and whoever contacted him from the future was from 2021.",타임즈
67,"Brilliant regarding Ki Tae has been talking to his future self all this time. I always wondered since episode 5 why Ki Tae always got away from what he did in the past or one step ahead, but your statement makes all sense. hopefully the ending would be just like you have stated.",타임즈
68,"Yep, something is fishy with him. He's the only person who's benefitting from all the changes … and he knows exactly what to do.",타임즈
69,I have a doubt... I have watched 3 episodes and can't understand how did Jung In get transported to the future while still staying in the present? Is it revealed in later episodes or am I misinterpreting?,타임즈
70,She wasn't transported. One scene is in 2015 (past) while the other is in 2020 (present). ^_^,타임즈
71,Jung In (2020) was talking to Jin Woo (2015) through their special cellphone. Only Jung In (2020) remembers the changes because she was involved in it.,타임즈
72,@IM YourOnlyOne But in the 1st episode they show that EVERYTHING change suddenly and she's suddenly in 2020 and doesn't remember anything. That could only mean transportation?,타임즈
73,"@Mimi Ahh, the one where she was in DBS and then became a reporter in TIMES? That was in 2020 too, if I remember correctly, the scenes forwarded after the announcement her father won the election, all the while there is a ""conversation"" about changing the past.Yep, that part was confusing. But the scene where Jung In was in DBS and then became a TIMES reporter were both in 2020. ^_^I hope it helps!",타임즈
74,@IM YourOnlyOne Oh okayyy....so things just changed suddenly in 2020?,타임즈
76,@IM YourOnlyOne oh okayyy so 2020 is the present! I got it now thank you,타임즈
77,Seo Ki Tae truly is trash. Imagine that being your take away for that revelation.,타임즈
78,"See Ki Tae reflects all the politicians around the world, and Jin Woo is just newbie in politics, that's why he has always been tricked by both Ki Tae and  Baek Kyu Min",타임즈
79,These people are crazy (in a good way)... This drama is a roller-coaster. At first I was amazed... Got disappointed for a week just to be blown away by the next week (this one). Kudos to the writer and actors and all the staff.Amazing. Simply amazing Thank you for a masterpiece. Can't wait for the next week.,타임즈
80,"ngl i was slowly losing interest & watching for the sake of it but ep 9 was good. even with the white truck of doom, it was still good. i dont think the wtod annoyed me this time bc i was expecting it to come at that moment & she acc died",타임즈
81,Same here. I felt disappointed last week... But now... And ep 10 is even better. But I need translation for the full understanding though.,타임즈
82,ooh i'm looking forward to ep 10 then! i usually wait for subs so i haven't seen it yet,타임즈
83,@mari I always wait for the subs. But this time I couldn't. I just had to fast forward it. :),타임즈
84,"This show is criminally unrecognized, easily one of the best shows OCN has put out in a while.",타임즈
85,It is a good drama & story but same times got 2 powerhouse drama Penthouse & Vincenzo also on weekend. I think that is the reason why it didn't get much attention.,타임즈
87,"Oh. My. God. Episode 9 was one hell of a ride. I have watched it RAW but yeah, I need subs like right now because A) I guess the two made up but I need translated confirmation and B) WHAT THE FUCK IS HAPPENING??? The ending? My poor heart can't take it. This show is hardcore and I love it. Looks like their roles are going to be reversed now if Jin Woo still has the phone and can connect to the past Jung In. He could actually prevent her death unlike his brother's.I need these two to work together again because they make a abdass team. <3",타임즈
88,"if i not wrong, Jin Woo now holding 2 phones. One is his own and the other is Jung In's phone but he stolen it 5 years ago at the seminar. That's mean the (-5)Jung In no longer holding the phone. I think he will use Jung In phone to call the (-5) himself to do something probably don't be candidate for the president.",타임즈
89,I actually enjoy this,타임즈
90,"I always say 12ep dramas get less eps for 2 reasons, either the plot needed less time or the writer's knew they can't drag it, and this falls in the 2nd categorythe plot is so flat that by ep5 they having nothing to do but talk ;/",타임즈
91,exactly my thought. I continued watching because I have started it in the first place lol,타임즈
92,"The OST ""the mirror "" by Jang Hye Jin is playing on loop ..So good !",타임즈
93,is it worth watching? how do you like it so far?,타임즈
94,So far for me its worth watching. At 1st i thought it was kinda like Kairos but its not. The pace quite ok and enjoyable. Not perfect but watchable.,타임즈
95,Thank you! I usually almost never miss ocn dramas so I'll give this a try too ♡,타임즈
96,I've really enjoyed it so far.,타임즈
97,OCN cutting this show to the millisecond and honest I hate and love that. They don't end up wasting time on fluff and helps focus and streamline their narratives.,타임즈
98,I am a big fan of Signal. I think it’s one of the best of all times. I hesitated to watch this but it’s good. Not like signal but good. Bonus my first K actor crush is ML.LSJ,타임즈
99,"It started so good, but now I feel bored. Ep 7 - I had to survive through it and I'm not really into watching anymore... T-T",타임즈
100,I think this is more thrilling than Kairos. Maybe because Times is just 12 episodes. So the pace here kinda fast.,타임즈
101,"Should I watch it now or binge it? Can you give me a short summary and not the synopsis written on site, your own word, with spoiler tag.",타임즈
102,Binge it! I’ve just finished binge watching it & the super fast pace means you’ll get through it quick!,타임즈
103,"How awesome was ep6? Fantastic, edge of the seat, drama. Now, onto the second half...",타임즈
104,This isn't just a gender flipped version of Kairos. Whatever that means. Please. Kairos isn't exactly the first drama or K drama for that matter to use this dual timeline device to change past events. Remember Signal? Here both leads are journalists with a connection undoubtedly but this involves political conspiracy and corruption in high places. It has an entirely different context to Kairos even while having a police procedural backdrop.,타임즈
105,Finally someone said it!,타임즈
106,haven't watch the Kairos so i idk their similarities but the story really keeps me on my toes. binge watch 6 episodes and omg... the plot switching is really interesting.  Great acting and action sequence... this deserves more audience. Kudo,타임즈
107,what a cliffhanger binge watched all 6episodes hmm can't wait to how next episodes pan out,타임즈
108,Seeing a lot of Kairos slander in these comments but I'll give a try at some point. Rn it feels like this is a gender flipped version of that drama so it's cutting down on my motivation to watch it.,타임즈
109,"It's really difficult to take your comment very seriously because your points are based on what you read from the summary, looks like those comparing this to Kairos, it's either they haven't watched any single episode of this drama or they  don't understand how time warp works in this drama. Kairos was intense in the first 6 episodes and got draggy in the second quarter and fortunately it picked up its pace in the last 2 episodes. Time warp/time cross is just a plot device used over and over again but it doesnt meant that every single drama out with this plot device is identical or similar to one another.",타임즈
110,This was not on my radar till i saw Lee Seo Jin was in it...He usually picks good shows..Ep 1 was quite good and the ending of ep..one of the most stunning ones,타임즈
111,Ok ok half way through and I’m still left with a great cliffhanger for next weekend.,타임즈
112,I’m sure ML  will be running for president in guise to take down the real culprit???  This show is about playing the chess game well with having 4 people communicating from past to present/present to past.  Anywho...one of my good weekend dramas along with Vincenzo!,타임즈
113,Soo good. Liking the pace and twists( epi 6 looking at you!). Glad this is just 12 episodes. I remember Kairos getting draggy by the time 16epi aired.,타임즈
114,I only have one reaction for the ending of ep 6 -- W.T.F.?!!,타임즈
116,"Omg ep 6, Jin Woo literally losing his cool, I mean even voice recording could be fabricated or if it's real there he shouldn't lose his temper that quick, since things as he experienced aren't always as they look. Even his own detective friend was proven to be a hired murderer. Jung In seemed to be a better judge of character,  of course whatever she did for jer father, she seemed to live in a world where she only shown what her father and people around him wanted her to believe. And her filial piety towards her father is somehow touching, but she also someone who will not tolerate it if her father is a corrupt person. She will investigate it the same way she did with her father's murder. I think what connected them two are the phones that being gifted to them. And the death of Jin Woo's brother and the other man. Seo Ki Tae like many others politicians aren't saints with no dirts on their hands, but he said it to Jin Woo at the last episode 6, that even if Jin Woo put a bullet in his head, he will never admit something he didn't do. Jin Woo instead of investigating further into Young Joo, it seemed like he joined hands with her instead in 2020? This is interesting twist now the two will meet in 2020 and stand on different side. It will bea great twist if Seo Ki Tae will turn out to be the one who manipulate all these,  it would be very shocking for his daughter, or the vice president candidate as at the first time the connection happened in the past, he was the one ended up as president. And Young Joo seemed to be the one who put him there. Well since the story still going on, we'll have to wait and see the twists come to be. On thing though, I just hope it does not turn out to be like Lee Seo Jin's previous drama, Trap, where he's the culprit. I got the same vibe here even the story is very different. That he does not seem like someone everyone know he is, a master manipulator. But that's just a feeling though...",타임즈
117,I was taken aback at the trap spoiler haha cause i havent seen it yet but yes i do hope that this show wouldnt end up with jinwoo being the main culprit,타임즈
118,"Yea, idk why many people think that main lead character should always be a protagonist. In Trap Lee Seo Jin is the main lead character, and he singlehandedly masterminding a crime he thought to be perfect crime even hurting himself to make everyone believe he's the victim. It's a very different story from Times though. My point is that there is a vibe here that the character Jin Woo will stand opposite with Jung In, out of grudge against his brother's unjust death. We don't know yet here if Jung In father's indeed responsible for Jin Woo's brother's death  indirectly or directly, if he's not someone his daughter believes he is, and if that Young Joo has a justified reason to committ all that crimes against Seo Ki Tae.  Young Joo seemed to be the one manipating and exploiting Jin Woo now and that he let her doing that even he didn't seem to trust her fully. It just shocking that he believe her instantly just by hearing the recording and didn't even wonder how smoothly he got the ""evidences"".  He did investigate but he already has his prejudices  thus losing his objectivity along the way. Jung In on the the other hand started off being subjective, as she believed his father as good person and go to such length to save him over and over again  but along the way she began to realise there's more to it than simple murder attempt against her father that lead to investugating Jin Woo's murder as well. She's very persistent person, and she shows that many times, even persistent to ask Jin Woo's friends to help when they hated her because of Jin Woo's bro case they believed her father was the killer. Even when her phone eventually will breaking, she's persistent to find out the truth even it means facing Jin Woo who sees her as the daughter of a murderer. Why Jin Woo can be persistent to believe his bro killed by Seo Ki Tae and believed Young Joo that easily, while not willing to believe the words of a person with gun pointed at his head?he said to him it isn't over and then in 2020 he came as presidential candidate? I mean why he believed others who tried to kill him easily? While not listening to someone who prevented him from being killed? After hearing the words from Ki Tae why he insisted to destroy his candidacy?He's a journalist and so did Ki Tae before getting into politics, he must know that Ki Tae's track record and his own bro's words who wanted to be like Ki Tae the politician? I think the recording could be real not fabricated, but it could be tampered with, a.k.a like voice cut and paste, putting together pieces of sentences from different conversation into one on the part of Ki Tae's. Or it could be real conversation recorded but there's incomplete conversation, because there's no explanation given by Ki Tae but warning him to not go public with the documents,it sounded like a threat but it could be a warn to the brother that they both being trapped by someone. And it is indeed the case because it was all a trap set up by Young Joo for that rival whose reputation destroyed by Ki Tae.  Jin Woo insisted to destroy both Jung In and Ki Tae and join hands with Young Joo is like what the heck...you fell into trap that easily and you called yourself a journalist...ugh....I just hope Jung In could reverse it all or that they will be back to work together in unveling the truth after the situation with Jin Woo's brother's death and its connection with Ki Tae are cleared up between them. We still have many episodes to go lol....",타임즈
119,"Before killing Seo Ki Tae should think about why Do Kyung bother going to the office :( aaaaa Lee Jin Woo: """,타임즈
120,"I'll just say - wow, what a manipulator",타임즈
121,who?,타임즈
122,"The woman ambassador - _-Sorry, I'm bad with names in the dramas where I focus on the story too much lol",타임즈
124,"4 episodes down and I am enjoying Times very much. Some parts of ep 4 didn’t quite gel, but that’s okay. The boat scene was quite gripping. I just wonder when we will have the big reveal about who is trustworthy? The acting - very, very good :-)",타임즈
125,"I'm liking it so far, but Idk this kind of drama is nothing new so it could become repetitive and boring if they can't keep up the pace and suspense right. Guess next 2 eps will be deciding point for me to keep on watching or drop it. Hoping for some interesting twists.",타임즈
126,Have you seen ep 5? I can't wait to see ep6 today. Wish it was finished. I just want to watch the ending,타임즈
127,this reminds me a lot Kairos but it doesn't have the same hype and intensity E4,타임즈
128,I feel like its more interesting tho,타임즈
129,"I loved the 3eps (skipping* the 1st one as almost all 1st eps are boring to me for who knows what reasons).... I even skipped on sleeping cuz I couldn't stop watching. And oh my am I glad it's only 12eps cuz I need to know everything... Who, why, how.... I kinda new about the person that for caught (not gonna spoil) and I have my fair guess about the ""boss"" since ep. 1...but am still wondering if they're driving us into wrong corner or if I just watched too many thrillers and that being the reason to why I ""know"" who is responsible. Still... Very good... A bit similar yet different with other dramas... It sucks you in and you really get absorbed. Andddd I loveeee eee that it's 2 reporters and nor a detective as it usually goes in these type of dramas.*I watched ep1 ofc, I just ""skipped"" it as in I didn't like it as other 3 :D",타임즈
130,"I think they went overboard with each change changes the future, well I actually like that they stick with the changes (alice and tkem can't relate) but they happened way too much and too fast and we're only at ep4, so I hope the next 2/3rd isn't a repetition also I think they lack ""connection"", like the fl works in her timeline and ml in his, they work together but alone. partnership and bickering is nicer in personlike her dad is already alive again, but since she mentioned the friend dies I guess Jin Woo will meddle and things will go wrong again...",타임즈
131,"I'm glad they are switching things up for the next episodes instead of repeating the same thing over and over again.  But, I feel like I already know who the bad guys are, so I'm hoping it's some kind of crazy time warping plot twist??",타임즈
132,Seeing how the last episode turned out I'm pretty sure this whole drama will end up just like The Call.,타임즈
133,Omg pls that was so scary at some parts,타임즈
134,"Just when I got tired of saving SKT, all tables were turned:)",타임즈
135,Very fast paced. Liking it so far.,타임즈
136,"I found this show a few days before it was going to air and my immediate reaction was... KAIROS?? It's seemed like a gender-flipped Kairos from the description. Father talks to a woman in past to save daughter--->daughter talks to a man in past to save father. The big thing is that it hasn't been long since Kairos ended, this just felt like a terrible choice on OCN's part. I just about dropped it at episode 1 because the whole thing felt choppy and amateurish, but episode 2 had some details that make me think this is going to be interesting.",타임즈
137,Don't know about Kairos... But I lived through ep 1 and got hooked at 2nd one. Honestly I started watching mainly bcs of LSJ and bcs it gave mi Signal vibes.But they are killing it. I hope it'll stay this way.,타임즈
138,It's the same story as the Aamerican movie vantage point,타임즈
139,I wasn't entirely impressed by the first episode but I'm willing to continue this because I like the acting so far.,타임즈
140,"I'm really excited to see what Kim Young Joo is plotting, there are already enough red flags pointing at her",타임즈
141,"True, true, true... But I'm still being aware of the other dude... Who became president after.As like for the detectives... I knew about HDK but didn't expect the other detective to be ""accomplice"". Maybe the two are the same.",타임즈
142,"This is turning out to be a mixture of Signal and Kairos, as someone that has Signal as one of their favorite dramas, I'm really hoping to see something memorable! Kairos wasn't really what I expected so I hope Times can do the trick!",타임즈
143,"My theory:The original timeline is the one where the father is alive and president.However, this gets distorted and someone changed the past where the president is killed.In the first episode, when the president let pass the emergency vehicles there was a mentioning of some technical failure of the services too. So my guess is someone got the ability to communicate with the past and thus started changing the events. Obviously someone who through these changes gained more. Maybe the former president, the one who was accused? We will see.On the second technical failure now our FL gets the same ability so balance/things will be restored.Therefore, we have two people trying to control/change events. Thus the changes that happened during the first attempt. As someone was instructing the shooter to move differently from the original plan.The reporter in the current timeline is dead because somehow the other person's discovers that he is helping her and therefore to severe the link and not to be able to change anything he is killed. The death of his brother bugs me. The reporter insisted that he did not commit suicide. So murder. He was an aide in the president campaign. Did he discover/stumble in something bad on another candidate and so he was killed for that? Let's see. I'm enjoying it and with only two episodes in, my mind is already going in circles trying to figure it out.",타임즈
144,My thoughts and feelings exactly,타임즈
145,"At first, I thought this was similar to Kairos, but Im liking this better.",타임즈
147,"Solid start, I'm loving it.  Since Signal S2 isn't forthcoming any time soon, this is the next best thing!",타임즈
148,"Yes, now that episode 2 is done, we can finally get on the real plot!!!",타임즈
149,"Episode 1: introEpisode 2: teaserIn ep 1, they already hinted that there is a group who is intentionally changing the past.In ep 2, they further establisihed that the Telecoms blackout is related to the time travel.Together, ep 1 and ep 2 was a teaser ""Hey we look like 'Signal' but it ends here. In episode 3, you'll see why we are different.""",타임즈
150,"This is just Kairos, fam",타임즈
151,"this is solid enough, it's like Signal and The Call mixed in a more interactive world, maybe even A Day",타임즈
152,"I wondered how they'll drag it if they were already trying to change the past, but one change leads to another it seems, that's nice but for how long?and, if each change leads to a different outcome, that means someone changed the 1st ""real"" timeline too, the one Seo Jung In's dad was alive so that could be their next move after the changes, to see who changed it the 1st time",타임즈
153,wow cinematographic wise its like watching a movie. Truly well done. But the story is hella confusing. They leave huge parts unanswered without even having the main character question anything. I hope we get some answers in the next 2 episodesEdit: Alright this is like a copy of Signal.,타임즈
154,"Wow! I want to watch this now. Look like a next-gen drama ? Like LUCA or Sisyphus ? I don't mind if there is some ideas from Signal, and I remember the drama was limited about SF use.",타임즈
155,no its truly just like Signal. You have a girl and a guy from 2 different timelines communicating via a phone. Cinematographic wise it is really well done but it just cannot catch the feeling of Signal.I have not watched Sisyphus but LUCA is completely different.,타임즈
156,"@Lou Yeah I get it, the same idea, but I suppose there is something different after that ? And it's not just police investigation like signal ? About LUCA, I was just speaking about directing quality, because LUCA look like a movie too.",타임즈
157,@W two worlds Season 2 ahhh sorry then i misunderstood. The directing is similar yes. But the investigation is there. However instead of focusing on multiple cases they focus on one specific one.,타임즈
158,"@Lou It look good for me, I will try it. Thanks!",타임즈
159,"WHY AM I SO CONFUSED. LAWD.1.  Is this the Jung  In  who works in DBS in 2020 or 2019 or WHERE is she? Orrr, is that  DBS/interview a  shock reaction of 2014 Jung In to her dad's death and she's imagined it? Birthday party and all?  And the Jin Woo of the future is slightly sleazy reporter , who sets paps after Jung In?2. Jin Woo lives in 2014 then ?  Where  is the 2014/ other Jung In.HELP ME.  I like the drama though even though im hella lost",타임즈
160,"The first episode. I assume there are 2 versions of timeline between 2015 and 2020: the bad one (father is assassinated) and the good one (father is becoming the president).0. the opening is in good 2015, when the vote results are announced. I am assuming that both father and Jung In in the opening sequence know about time paradox and what needed to be done to save him (so, it might be the end of the story).1. First, we see the good version of 2019. Father is the best president, Jung In works in DBS.2. Something happens and she is transferred to the bad 2019 with all her memories from the good 2019. Tries to get to DBS, sees on tv that her dad has been dead for 4 years.3. A year passes, it's bad 2020, she tries to live her ""new"" life.4. Time slip, Jin Woo from 2015 (probably not long before the assassination) calls her. 2015 Jung In is somewhere there, maybe she will get involved too.Sleazy reporter in 2020 is not Jin Woo.",타임즈
161,"I wondered if the 1st change was becasue someone else changed the past, so like ""good 2019"" is the real one but the assassins somehow change the past so Jung In goes to ""bad 2019""cuz after ep2 spoiler in caseit seems that whenever the past change so does the present and the assassination doesn't seem to be as ""open shut"" as the cops make it seem",타임즈
163,12 episodes Veteran actorsThis will be good,타임즈
164,"i loved the first episode, it has a lot of potential, i really hope it remains amazing till the end>.<, go Lee Joo Young(◍•ᴗ•◍)❤",타임즈
165,pretty good first episode! let's see how tomorrow's will be!,타임즈
167,Is it another Kairos/Signal?,타임즈
168,"I thought the same, too!",타임즈
169,I haven't it yet just guessing from the description,타임즈
170,"@Saarthak I watched the 1st episode and immediately thought of Kairos and Signal. I like the concept, though.",타임즈
171,@HaYuRi Your username is close to Han Yeri xD,타임즈
172,"@Saarthak Lol, I never thought about it, but you're right! I was thinking of the japanese name 'Hayuri', but tried to make it sound more korean 'Ha Yu-ri :P",타임즈
173,I have only seen Signal but yes this is like a weaker copy of it,타임즈
174,"First episode was good. I need more already! I’m hoping this time warp mystery unfolds into another OCN hit! Gotta say I’m really Lee Joo Youngs first FL lead, she’s a great actress",타임즈
175,"yes, she's amazing ♥╣[-_-]╠♥",타임즈
176,How dark is it compared to usual OCN dramas?,타임즈
177,It’s a time warp plot. So I doubt any dark moments just keep us guessing moments.,타임즈
178,Fingers crossed this ends up as good as Kairos!!,타임즈
179,How is this?,타임즈
180,i'm here for Mr. Lee Samchun (Little Forest reference),타임즈
181,OOO I CANT WAITTTT,타임즈
182,So people in the USA still don't have a legal site to watch this on yet?,타임즈
183,It will be on Viki: https://www.viki.com/tv/37679c-times,타임즈
184,AWESOME THANKS!,타임즈
185,YES I only have to wait 8 days for the first episode!!,타임즈
186,I am here for Lee Seo Jin!,타임즈
187,"I'm watching this solely for my girl Lee Jooyoung.. I also like this kind of dramas, I hope the writing doesn't disappoint",타임즈
188,Coming to iQIYI.https://twitter.com/iQIYI/status/1358234022678249475?s=20,타임즈
189,"I just watched Kairos so I don't know what to think, buuuuutttt I am so excited for Lee Joo Young's main role, yesss!!",타임즈
190,"I can watch this kind of story once, twice but by three times I've definitely had enough",타임즈
191,AHHH I can't waitttt,타임즈
192,i saw the teasers and wow lee jo young's acting slaps hard,타임즈
193,Have to wait till.feb 20 for a new ocn drama sad :/,타임즈
194,I can never get enough of time travel dramas yes pls give me more,타임즈
195,Another kdrama like KAIROS?? I'm in <3 Thank you so much OCN i love y'all,타임즈
196,More time traveling detectives lol I mean those plots are fun but how many times are kdrama screenwriters going to rehash this premise???,타임즈
197,It's becoming a bit ridiculous how many times can koreans repeat a single plot lol from il mare to this... it's probably like 10 time-travelling-contact plots. Nowhere near chaebol cinderellas but you get it,타임즈
198,"haha, I'm surprised someone remembers Il Mare. :D",타임즈
199,Will be available on Netflix?,타임즈
200,"oooohh Yes!Please be good. I hope this will be good. This is just my type of drama; just like Signal,  kairos, Train and the American series frequency.I Love Time Travel Dramas, I love Parallel Worlds dramas, I love science fiction.... So excited... im excited because i was just thinking to myself how I've watched 'kairos and loved it and wish i could watch something similar again, then i now saw this in feeds.If yall have any recommendations i would really appreciate it, but I've watched almost all time drama iv seen on MDL so i dont know ...",타임즈
202,I've already watched tunnel.Tx for rplng...,타임즈
203,"Me too, I'm litterally so obsessed with everything time travel related, it's so fun",타임즈
204,life on mars,타임즈
205,I've also watched that one already too. Loved it.Ty for replying anyways..,타임즈
207,nvm i saw that you watched it,타임즈
208,"You should check (God's Gift: 14 Days) and (365: Repeat the Year) they're really good! also there's (Nine: Nine Times Time Travel) it's good but not Signal good! still, give it a go! the first episode is a bit cheesy but it gets a lot better, (Moon Lovers: Scarlet Heart Ryeo)+ ( Chicago Typewriter) are kind of time travel and they're so good, (Alice)+ (Faith) + (The King: Eternal Monarch ) are not bad too",타임즈
209,"I know about them all...Chicago typewriter is in my top 3 favorite Korean dramas.I love Signal, Nine Time Travel and 365 days.I've also watched Alice and The King Monarch.About "" Moon Lovers""Ive thought about watching it, but it sounds like it focus on a  love triangle and i hate too much Romance, especially complicated ones.I love lee gi and i know its popular but I'm still not sure i want to watch it.""Faith"" i havent watch it but comments about it are confusing.""14 Days""  few years ago i watched few episode and put it on hold. I ended up watching the remake.Thanks for your reply.",타임즈
210,"@Ren1 there's a remake of God's Gift? where? I watched the 2014 one! also I'm not big fan of romance either but Moon Lovers has a love triangle that's easy to decide the who should the female lead end up with so it's not the typical cringey ""both are nice to me"" , I really recommend it if you like historical action genre with backstabbing and  despicable characters, it's not happy and fluffy romance too and it's fast paced too",타임즈
211,"@ROR Yes there's an American remake, its called 'Somewhere Between'Then  i will watch Scarlett Hearts....",타임즈
212,"@Ren1 Oh the US remake! I heard it's completely different and not as good! different ending too! I don't know but I feel like whenever you have the time you should  give it another go! with a little lower expectations of course! it was good and main leads did a good job!aside from the time travel, have you watched Return, Trap, Voice 1+2+3, Save me 1+2 ?",타임즈
213,"@ROR It wasn't all that good for real.I've watched save me 1,I tried watching voice too but stop twice;  didn't like the female acting and i was getting bored.Im not the type to just say i got bored and stop, but it just didn't intrigue me and Jang hyuk is one of my favorite actors but i wasn't feeling him either.I still hope to try it again someday.I watched only half of return when it was airing, i liked it and thought it was interesting, but something happened and i think they changed the lead actress and so there were comments saying the show got mess up so i didnt bother continue it.",타임즈
214,@ROR You're probably thinking im too picky and confusing.Anyways  i will add trap to my list.Thanks...,타임즈
215,"@Ren1 Save Me 2 is way better than Save Me 1 more mature, and same for Voice, season 2+3 are better and more darker and gory I like them a lot, and the male lead was just <3 (not Jang Hyuk).  Return got better when they changed the female lead no offence to the first one but I didn't like her as much, the other was umm warmer? idk I just liked her more. lol Yes you 're a bit confusing, sometime I feel like you're way more picky than me, but the fact that you liked  Nine Times Travel is errrr !!! lol ;p sorry for rambling I hope I'm not bothering you",타임즈
216,"@ROR No no you're not a bother at all.I know that i'm a very confusing person. But to put it short; I dont like to watch shows all about Romance, I dont like to watch shows with actors over acting, it feels stupid and makes me roll my eyes.I do have shows with romance i like, i just rather it slow and not toomuch or cheesy....There i go again with my stupid  confusing self, BUT romance is the least for me.Apart from Time Travel and Fantasy show (which are my favorites) i like Serial killer and investigation shows with a good story and strong characters.Its been years i watched 'Nine' and i remember liking it because time travel and it was interesting.",타임즈
217,"@Ren1 I have no problem with this conversation,  but others may think we are discussing things unrelated to this show....",타임즈
218,have you watched steins gate?,타임즈
219,I plan to watch it soon. Ive bookmark it for a while now  it sounds interesting.,타임즈
220,"@Ren1 don't miss it,definitely one of the best take on time travel  I have ever seen,it starts slow but trust me you're gonna love it.",타임즈
221,@JBL Ok i will watch it this week.,타임즈
222,Its either Kdrama writers are working in a hivemind or they're just blatantly working off the same cheat sheet. I get working with a trend but it's as if the networks have a bunch of scripts stashed away of different themes ready for the right time.,타임즈
223,"Agreed! If a certain trope/theme catches on. variations are sure to follow.. I guess they find it to be a ""safe formula"" of sorts.",타임즈
224,"I always wonder if korean dramas have popular genre and theme depending on the year. Because by COINCIDENCES there are always a lot of dramas alikes in the same period of time... I remember for example time travel dramas airing around the same time, same for parrallel worlds same about married couples or after The Guest I remember seeing others titles about (less hot) priests too or perhaps this is just me but I always feel like there is temporarily a trend with the genres and tags. It is not even a complaints but an observation. I don't care as long as this is good but if it is just a pale copy it is not really interesting...",타임즈
225,and now  my queen is the FL yes yes yes U GO GIRL,타임즈
226,"Wow another Kairos, I'm downnn.",타임즈
227,Oh another Signal. XD,타임즈
229,"According to source script-reading scheduled for September 22, 2020.https://twitter.com/kdramacasting/status/1308002469553659905?s=20",타임즈
230,"i really like the plot, can't wait for it",타임즈
231,I enjoy Lee Seo Jin and adore Lee Joo Young .. glad to see her in a lead role.,타임즈
232,Happy to see Joo Young in main role! She's a really versatile actress and isn't afraid to try different roles.,타임즈
233,just set a second season of Trap to the side....... who needs it anyway...... but im happy for the FL. she was cute it weightlift etc.,타임즈
234,"YASSS, our girl Lee Joo Young is the main Fl! She is such a queen! <3",타임즈
235,Designated Survivor 60 Days: Time Travel edition,타임즈
236,a combination of Designated Survivor and Signal haha,타임즈
237,"interesting premise, sounds a bit like the blue house version of signal, with assassination instead of serial killings?",타임즈
0,When Does Power Begin to Corrupt I am going to start this review by saying that Times is a solid and well written show I love the way they applied the time warp concept I think the distortion that enabled the cross times connection the seemingly unpredictable and ever changing future or present reality depends on how you see it because of it and the X factor that hindered the main characters from creating a perfect new reality in which everyone is happy and well were not merely treated as means to build the suspense The cross times connection and the changing realities proposed a question about personal values and power will you get swayed once you are in a close proximity to power will you stay true to your values if you are in a position of power While the show felt less enthralling once it entered the more political drama centered half of the show it was still enjoyable I personally think it was necessary as it served as the bridge between the two genres The show also touched on abuse of power and technology I think the show did a good job in weaving these themes to the plot The soundtracks are great but I don't think they were effective in creating certain atmosphere or adding more depth to the experience I like how the characters were all actively involved in the whole thing regardless they were aware or not aware about the cross times connection The leads are amazing and I just love their connection Read More,타임즈
1,An okayish attempt of mixing too many genres or maybe it was just a political drama Times starts as a fantasy plot where a daughter is trying to save her dad with the help of another reporter who s also connected to them indirectly the first eps were really to my liking the thrill of changing the past and creating a new future keeps you hooked And then suddenly the writer changes from fantasy to politics even though the change doesn t feel forced it feels a tad bit abrupt For the next few episodes it feels quite draggy and heavy all due to the sudden shift to politics and journalism Slowly you adjust to it turning to a political mess and then you are again abruptly handed a change of perspective for I appreciate the idea of having the focus on only ML or FL at a time and giving them time to develop as individual characters who you grow affectionate towards which is quite rare in drama land to see but again if it wasn t that abrupt I would like to see something of this sort happening again where different narratives are given equal importance The actors did a great job knowing that they did not shoot together for most of the time they managed to bring us really good chemistry and no romance angle could be seen as perks of the show To be honest I don t know what went so wrong it did have me hooked in the initial eps even after the introduction of politics as the main narrative though I am not a big fan of the genre in itself I still did want to continue the show but towards the end I found myself uninterested in everything neither the characters seemed appealing nor did the storyline felt surprising everything was down to okay yaa that was supposed to happen what next oh are we finally done good then let s go watch something more interesting now It did have good points it felt quite realistic at times even after being a fantasy for it raises questions that you won t be able to find answers to for everyone wishes to change the world to turn it into a better place but when you actually hold the power does the wish remain same Is saving a life at the cost of another life right There exists a right answer but when it s up to you to decide is the choice that simple let me not hype you so much when it s not that great or maybe let me leave you to decide In short the drama had potential in terms of writing and the actors could have shined more if not for the plot that sadly dragged everything down even after having so many fresh moments and creative ideas It wasn t a waste of my time but I expect more from an OCN thriller but do give it a try for if you love political stuff as for fantasy and other things just watch the first eps or find another show that might be all I wish to say about the drama I hope you enjoy watching Read More,타임즈
2,An understated entertainer Times starts out as story of a daughter desperately trying to save her father from assassinations with the help of time altering Just when one expects it to drag out it quickly resolves the issue and switches focus on other things like elections journalism issues etc As it switches from one theme to another it luckily avoids monotony Unfortunately in a way it betrays the audience as well For instance someone who started watching for time altering might drop the show as it exhausts the theme somewhere in middle of the show Or someone who doesn't like time altering might misjudge the show and miss out a good political thriller On a side note why do people find politics boring Times episodes could be split into two parts one where FL plays major role and other half where ML plays major role Times works if you focus on these parts individually Writer could have even made two different dramas by splitting the story This style of letting one lead be the focus for half of the show gives more insight into the character and also gives better scope of performance for the actors Negatively this makes in person interaction between ML and FL minimal Despite the leads' interaction is mostly over the phone the actors managed to portray it well Too bad that the story didn't convert this good work chemistry between the leads into maybe potential romance In another perspective glad that they didn't force any romance and kept things professional Ending was well done One couldn't expect more It did make me wish there were more episodes because I kept asking That's it What Although you can predict the minor twists main twist was unforeseen Glad that the writer kept the best parts for the finale Times has its flaws One convoluted narration if I were to start out to tell this story to someone I might confuse myself Two sometimes the story progression and characters' actions simply feel random Writer makes it seem effortless to write any implausible twist into the story and we are bound to believe Despite its flaws Times is an understated time altering entertainer with heavy political thrills journalism overtones and subtle social commentary I am going to vote in a week and I learned some new things about politics from this show Read More,타임즈
3,An all round solid show Despite the many who earlier raised some concern that Times would only serve as a lukewarm reskinning of Kairos the drama holds it own pretty well Taking the same tropes we seen before and executing them satisfyingly enough to warrant an enjoyable watch The actors all performed brilliantly and the leads worked well off each other especially when you take into account that for most of the drama they are separated The time altering element of the drama was fitted to the more thriller like atmosphere and continuity issues if there were any went unnoticed by me Some seem to have a slight issue with some character decisions with which I agree some what but overall those can be easily internally explained and dont really comprise the story overall The show was in many ways aided by the decision to cut the episodes pretty aggressively to just around an hour and limiting it to episodes a trend I hope OCN keeps to to keep thrillers thrilling and not gasping for breath episodes in with hours to spare The final episode did employ a bit of a tropey undertone but this wasn't too off putting All in all this one's probably gonna be on my list of favourites for this year and you should try it out too Read More,타임즈
4,A Cell Phone With Butterfly Wings That Can Reach Into the Past This drama explores the butterfly wings effect and how changing past choices in one life influences present reality for all of Korea I've read many of the reviews on this title after I finished watching the show and I get how some people were disappointed when the theme of the drama switched from fast paced action to more of a political commentary For me the change was welcome I got a little exhausted with the constant save my dad segments and was worried the drama wouldn't progress beyond that point However they did an excellent job transitioning at pretty much exactly the point where I was completely over them constantly trying to rewrite history to create the best possible outcome for themselves I liked the moral conflicts of whether what they were doing was right or if they should stop trying and be satisfied with the present state of their world The story tackles multiple themes including political corruption but also the underlying current of how people change based on circumstance or new information The suggestion seemed to be that everyone has the potential in them to either be great or corrupt and that no one is immune to the influence of power on their lives It also really heavily tackles the topic of press freedom and why it's so important to have an independent press system sheltered from the external influences of the powerful The interactions between the two main leads were really well done made sense and were filled with chemistry I felt like they spent a good amount of time developing both characters and I liked that they characters had moments of uncertainty and confusion where they seemed opposed rather than united The side characters were pretty well developed as well and it was interesting to see how different their lives were in each iteration of the timeline However toward the end there were for sure moments where I felt like different developing side stories were lost in the fray and not fully resolved The actors in general did a great job portraying sometimes vastly different versions of their characters in different timelines The wardrobe and sets were also really well done to add an extra dimension to the timeline differences The casting was really well done too the characters you're meant to empathize with you find yourself becoming really attached to and the villain characters are sufficiently horrible that you feel genuinely pleased whenever they get their just rewards in various timelines The ending was weird I hope there's a second season so I can get some explanations Initially the alternate timeline calls were linked to the specific phones used but at the end a different phone comes into play and I want to know the situation that made that possible this drama was worth a watch and I rated it very highly There were some slow points and a few plot holes that bugged me so I didn't give it a higher rating Basically it was high quality but not epic I was satisfied with how the story progressed in spite of these minor inconsistencies and sometimes dry and bland segments I wouldn't watch it again because I do not feel like there are additional insights to unpack but I would for sure watch a season especially since the ending left the story open for one Read More,타임즈
5,its just enough to keep you intrigued if your wondering whether to watch this or not then I say yes watch it I think its hard to find a lot of good time travelling dramas in this case more specifically time warp drama although there are few glitches here and there overall this drama is neat at first I was confused I was annoyed with them playing around with the timeline but then when i kept watching it things started to pick and and the story got more and more interesting especially when the two lead characters ended up in the same timeline the drama is not too intense and not boring either its just enough to keep you intrigued and episodes is just fine like one of those dramas where you sit back and watch in peace and most of the time time warp dramas I've seen spin around detectives this is my first time coming across one that involves reporters and politics I like the chemistry between the leads although there is no love story in the drama their chemistry made me wish for one the production is good and the ost is really good and yes also the acting too Read More,타임즈
6,Time Warp One of the few series that has several vantage points First few episodes they capture the story of past and future phones where made that connect each characters on their respective roles it was refreshing after the nd to the last time warp the story did not focus on times it was back to the same political and scandal story found on other series the essence of the first half of the series was gone the bgm and ost are not in sync with the story so the second half of the story is kind of flat nevertheless the first half of the story that got me hooked up and it was refreshing will i watch it again I will watch the first half of the series again Read More,타임즈
7,This could have been great The first four episodes were epic with all the action involving the two journalists in two different times trying to save the President connect by magic phones The pace in the beginning was fast and I enjoyed being confused trying to figure out what s going on Then the action disappeared and the drama became politicy invented word about politics which I found b o r i n g I started fast forwarding all the way to the end I felt bad as I am in love with Lee Joo Young and this was her first big lead role in a drama I felt like I was betraying her Did I mention I m in love with Lee Joo Young Read More,타임즈
8,well it was a decent drama for me it includes like themes time warp and political so that itself is interesting for me about the first eps was great it was intense i want to know what happen in the next episode i enjoyed it a lot it might not as well written as other time warp dramas but it was interesting enough to keep me going then after that the focus slowly centred more to political and journalism thingy at this point it was still okay for me i don't find it boring since i'm okay with watching political dramas except for the fact that it's confusing sometimes but then the last few episodes especially the last i find it boring and hard to focus i keep on looking and doing other things hmm maybe because i'm actually not in the mood for heavy dramas or maybe the storyline is not as good as the first part of the drama idk what i can say is that it's not bad but not so great as well Read More,타임즈
9,I always say ep dramas get less eps for reasons either the plot needed less time or the writers knew they can't drag it and this falls in the nd category just like most epers the premise of it was fun kinda like A Day The Call and as some say Kairos though I haven't seen that one but that's the problem the last aired very very recently that it's not just similarities but plain old copy paste they started off too strong for eps every time they changed the past the future changed and with that they got new threats but after times one is like stop with the twists so now from ep till it became a boring political talk blah blah it was so boring I didn't care anymore and their last twist is one of those no one will see it coming thing that's way too obvious I LOVED Lee Joo Young and the fact that she was a st main lead without her needing to be involved in a love line with the ML but then it's so obvious she's taking back seat while the guy does everything cuz in her time line she can't do anything but investigate and the fact that the mains are never in the same space together kinda makes their team work flat the OST is nice and so is the acting but the writing is so empty I didn't even want to skip or fast forward cuz by the next time the plot is interesting it'd probably be the last ep Read More,타임즈
10,It gets boring and over complicated The first episodes had me hooked and could've completed the show in all honesty but as the show progresses it becomes less about the time warp and more political than necessary Though much of the political jargon seemed necessary I believe the story could've progressed well without so much of it Once the father is saved the show drops off on how interesting it truly was especially since the perpetrator was revealed early in the story It seems as though the remainder of the show will be to convince the ML that the father of the FL is not the murderer of his brother and when he is convinced they will work together for justice It has just become boring and longwinded compared to the earlier episodes Read More,타임즈
11,worth your time a fresh take on time cross with politics the first few eps reminded me of kairos but this was not that well written the time warp thingy in the first few eps was very confusing to me although it did managed to draw me in as the plot progresses the politics part gets stronger now if you don t like politival stuffs in kdramas this is certainly not for you hahah cause its sooooo conplicated and i agree that not everyone can like this also a bit messy too at some parts but not to the point that it frustrates me cause its politics right its normal if it gets messy hahah i liked how they use the time cross thingy with politics i find it interesting if its one thing that bothers me a lil bit is the time gap idk why they chose years instead of just yrs or smtg cause its so confusing and a bit unrealistic when the characters try to remember smtg that happened years ago im like but as the story unfolds i kinda understand why it was like that but still hmm hahah and the plot twists well not very shocking to me but its still there its like i feel like its predictable but not how i thought it would be overall the whole time thingy was meh and cliche too but i enjoyed the politics part despite the cons i ve mentioned it could ve been better la but i think its worth a try hmm it depends actually hahah but it was okay for me Read More,타임즈
12,Present vs Past good first outing I like Times' concept of a reporter with a president for a father For as long as I can remember people have said politics has no relation to morals Still I think Seo Jung In's father Kim Yeong Cheol may have been the last honest politician But that's not all that Times' about it's more about the desperate need of a daughter played by Lee Joo Young to save her father's life which leads to the uncovering truths that shake her and the country In that sense I completely understand why when presented with the opportunity to turn back time save her father and reveal the truth she jumped at it regardless of time and space Who among us given that opportunity wouldn't take it There's always a reverence to watching time crossing travel dramas if not done right they can be downright confusing and most of such dramas except for maybe Signal and Karios as time crossers and Train as time traveling have fallen in that pit It's too early to pass judgment on Times as of yet but I will say I was a bit confused halfway through the first episode as it wasn't clear to me whether the female lead was suddenly transported to the future or if the first half was a flashback from the past That said I liked Times' first outing and I am interested in seeing how Lee Seo Jin plays into things but more so how the show will work the time crossing element compared to the dramas I noted Read More,타임즈
13,TIMES Started off nicely with decent amount of thrill and action but went pretty off downhill even lost in direction in their second half Lee Jooyoung and Lee Seojin are great but the the storyline not so much Still good to see her in first leading drama,타임즈
14,I'll be honest The first few eps were quite good and thrilling ofc it's an OCN originals but it suddenly becomes dragging and somehow confusing Although it also bounced back to the thrilling plot in the latter part specifically eps And to be fair Lee Joo young and Lee Seo jin's chemistry on screen were really good,타임즈
15,the first episodes seems quite thrilling but i got bored in the middle but good plot good acting for every characters,타임즈
16,This is ' ' by way of a time warp The object is the same stop the assassination of the president but someone from the future is calling to help out Of course she's a bit annoying and the show is very melodramatic but there are good moments in there Just keep your finger on the fast forward button,타임즈
17,A problem with time travel stories is that if you are allowed to go back in time and repeatedly change history and rewrite the future then there's the risk of a never ending loop At best it becomes a logical conundrum At worst the story is tedious and even pointless In this show you don't actually time travel Instead our heroine found herself with the ability to contact a specific person in the past and attempt to change the outcome of a crime Fortunately for this show it doesn't abuse the time travel too much Instead it tries to leverage them to maximize the intrique and explore the true character of the protagonists and villains At times you wonder who is the good guy and who is the bad guy Another bonus is the lack of romance or subplots so we are focused on the main story which is overall sufficiently thrilling if rather classical as the powerless struggle against the powers that be and other wannabe power players Give it a try if time travel and political thrillers are your thing,타임즈
