,reviews,title
0,All participants in this drama both actors and directors understood that in making such a decision there is a huge risk of injury and death of the animal Apologies are easy to say it is impossible to restore life to a living being Drama cancellation and litigation is the perfect solution for all of them Cruel but deserved For such a company using computer graphics is not a problem at all but it is clear that someone is especially greedy and continues to exploit animals for their stupid purposes The question is how many such projects were there before this drama and how many animals were harmed on their set for the sake of a few spectacular minutes An animal died footage of animal abuse was included in the episode and the film crew just apologized do you think this is normal,태종이방원
1,I don't think this show deserves to see the light of day It wasn't worth the animal abuse that they condoned for a short shot in the show Not only did they tie a real horse up and force it to land on its head but the horse unfortunately died shortly after If you're considering watching this show don't No show is worth the torture and death of an animal especially not this one There are many dramas that follow this unoriginal plot like this one that don't partake in cruelty like this I hope this show gets cancelled and they people behind this suffer the consequences,태종이방원
2,The tv series itself is great It's like a Korean Game of Thrones many characters and parties fighting for the throne each has bad side and good side Complex characters great writing and storyline It's like the dark truth of history not a fairytale like story like many other historical kdramas This is definitely the best Korean tv show I have seen All the complaints and bad ratings are because of the animal abuse scandal One horse died during filming sadly While this is very unfortunate and I hope the responsible ones were fired and the necessary actions were taken to avoid such abuse in the future I don't think it has anything to do with the quality of the series itself There were probably a few production workers who work with the horses they made this terrible mistake But there are hundreds of others innocent people who work on this production The great actors the script writers the costume designers the set designers the cameramen etc Don't degrade their work too just because a few others made that terrible mistake It's as if you canceled the great movie The Pianist because of the director Polanski's scandals You can't cancel or degrade a whole production which is the great work of hunderds of good people because of the scandal of a few people,태종이방원
3,Don't support animal abuse in films or any other form of entertainment The poor horse involved in this film endured horrific treatment which led to the unnecessary death of this innocent animal They actually wired the horses legs together to make it fall and killed it This is just beyond belief Why was this allowed to happen This is not entertainment,태종이방원
4,In the century to not use the computer graphic and still kill an innocent animal I can't believe That was the last straw I'm looking for watching Cdrsma from now on I can't believe in a high developed country as South Korea,태종이방원
5,Watch behind the scenes See how few of the set guys hold the rope and kill the horse in the set Imagine you have one job its easy to help the production and you have brain as well You know that what you are doing will kill the horse and you are killing a horse with your own hands I wonder the psychology of the authority who decided this No movie set should have the courage to kill an animal,태종이방원
6,I totally agree with rkpmthk's observation I really wanted to see this and I started watching it at a Korean friend's place couldn't continue Animal cruelty is the most abhorrent thing to me and this just turned my stomach then again I suppose I shouldn't have been surprised,태종이방원
7,The show overall is tasteless It's not only tasteless but they killed a horse while filming Absolutely terrible Whoever came up with the idea to tie the horse should get fired and should go to jail for animal cruelty Disgusting,태종이방원
8,The prior review by angelique says everything I think about this complex intelligent work of genius I have seen probably Kdramas of which most have been excellent With gorgeous boys thank you and gals And clever tricks This isn't that It's deeply serious with no easy answers about who is good or bad It's a very complicated story that will demand your attention Don't miss it,태종이방원
9,All actors and crew know animals are killed to make this show Just look at the poor video of them killing a horse for just one scene Purposefully tripping it It died a week later but looks extremely injured so therefore it must have suffered for a long while This show needs to be banned and and all participants jailed or fined Disgusting,태종이방원
10,It might have a decent story line but I will never know because I will never watch something that chose violence abuse and neglegence of an animals welfare for a mere scene I am an avid fan of Korean production but this is just far too much,태종이방원
11,Very good show bad ratings are because of the scandal,태종이방원
12,Human greed vs animal rights,태종이방원
13,What kind of production is this,태종이방원
14,Terrible Don't waste your time,태종이방원
15,This is a masterpiece,태종이방원
0,"korea rating always 11%++ but here still 7,8can i give it chance ? not familiar with the cast",태종이방원
1,"Hopefully Kkami is free and happy in horse heaven & their death won't be in vain and opens the eyes of those who turned a blind eye and makes changes to reduce/end suffering :( And to all the ppl confused why this particular case is having so much backlash: This case has RAW uncut VIRAL footage (wires and all) of not only Kkami being forced to take a severe face-plant that killed her a week later but ALSO the actor being wired to Kkami with NO protective gear literally falling on his balls & getting injured as well. The people responsible for such carelessness and cruelty were caught red-handed and in 4K AND in 2022. In this online age where everyone has a platform to voice their opinion, people aren't scared to share how they feel and ""cancel"" anything that they feel is wrong. Now, was killing Kkami and injuring an actor wrong? Obviously, Yes! But cancelling the show IS NOT going to bring Kkami back to life or prevent this tragedy from ever happening again. Im thinking the petitions will show the entertainment industry that LIFE (in general and not specific to either human/animal/etc.) MATTERS to their viewers and that new safety regulations for ALL LIFE can be enforced. And to those near-sighted fools talking about hypocrisy and how the only ppl upset by this ""eat meat & use animal products"": the negligent ppl who killed Kkami ALSO almost killed the actor wired to Kkami (and his balls) so trying to condone this absolute ZERO concern for the health & safery of life isnt a flex & since we're assuming ppls lives and being petty to boost our egos: whos the hypocrit now??",태종이방원
2,Is the drama good ? I know about the controversy but I want an unbiased opinion about it .. Thank you,태종이방원
3,"If we're talking about the drama's plot and acting (controversy aside), yes it is.  Joo Sang Wook is really good in acting (I personally thought he should have gotten a baeksang nomination this year). And it's quite different from 6 Flying Dragons since there is more episodes dedicated to Lee Bang Won as a king. Most of 6 Flying Dragons focused on the dynamic that is Lee Bang Won vs Jeong Do Jeon plus some fictional elements to make the story more interesting. Meanwhile Lee Bang Won's wife plays a more important role here.",태종이방원
4,"I really enjoyed 6 Flying Dragons so I was looking forward to this drama , the controversy broke out the week I was planning to start it .. I really wanted to see the more realistic story about Lee Bang Won so I might start this , thank you for replying to me",태종이방원
5,"@GreyMist Ur welcome. This also doesn't have the martial arts in 6fd, but I think if you can bear the politics in 6fd, you can also with here.  I watched it despite the controversy because the actors have nothing to do with it. Trivia: Kim Youngchul (actor for Lee Seong Gye) is really an expert in this time periof (early Joseon). This is his second time playing Lee Seong Gye (first was in My Country which I didnt watch). He also played Lee Bang Won twice in his career in Great King Sejong and Jang Yong Shil (planning to watch the latter). In addition he also played the grandson of Lee Bang Won, King Sejo/Grand Prince Suyang in The Princess's Man (this was his other sageuk I watched already before).",태종이방원
6,"@123girl I really enjoy politic dramas or any type of struggle for power genre that why I like period dramas , I already watched Jang Yong Shil while it was airing it was an interesting drama but I wouldnt call it a masterpiece , the good thing about it is that its different from other period dramas since it focuses on science / inventions ..",태종이방원
7,I came here for the reviews of the show but only found people writing about the controversy…is it even good??,태종이방원
8,"This is infuriating. It wasn’t an accident, the crew tied a wire on the horse on purpose. They killed an animal for entertainment.",태종이방원
9,lol you'd think there's a limit to stupidity.,태종이방원
10,Lol look at all these hypocrites in the comments section.,태종이방원
11,"Lol agreed. I am sure they are still eating meat, fish, chicken, even sea creatures, etc.",태종이방원
12,"While I don't give a heck about the controversy, ppl have been using the same excuse you just gave and its a ridiculous one. Cruelty to animals is not the same as killing one for sustenance . Where are people getting this excuse from! Calling ppl out on their hypocrisy by comparing killing a fish or swiftly killing a chicken for eating purposes to being unnecessarily cruel to a horse is absolutely ridiculous. I know alot of vegans can argue me under the table about that statement but they are still two different things.",태종이방원
13,"@sanferlecia20 Lol whatsoever. I dont deny that they did the horse abuse in the filming process. Yes its ridiculous and its not nice. I AGREED. But people kept talking about it and even asked to cancel the shows without consider hundred of crews and bunch of money they throw to produce this drama. People somewhere killed wild animals and also eat their meats, sell their fur, and even torture some of them to become a toy in zoo or circus. Is it not cruel? Animal abuse is not only happening in this drama.",태종이방원
14,"@Bai Ying Hua I honestly get what you're saying which is why I said I didn't care about the controversy but I took issue with the killing seas creatures and other animals for food when compared to the horse abuse. But I get it u're trying to make ppl see the hypocrisy of blaming the entire show for what happened. Just recently in the US Alec Baldwin an actor had a similar controversy with accidentally shooting someone on set because of the mismanagement of set props. Stuff like this does happen. I don't blame the actors and crew but there should be rules or laws in place to prevent these type of accidents. It starts from the top with ppl requesting stricter measures with the use of live animals, cancelling the show is not always the best solution.",태종이방원
15,@sanferlecia20 Yes I also heard that. Son of Bruce Lee also had terrible death in filming location because of accident in the gun props. Idk it was a murder or it was really an accident.,태종이방원
17,I think if korean companies wouldn't take k netizens 'cancel' too seriously most cancelled artists could live like before. I have after ALL this controversy this drama still managed to get a high rating. But my real question is: I wonder if its awkward on set.,태종이방원
18,"No more awkward than the set of Maids or Flower in Prison, for sure...",태종이방원
19,Omg what happened there?,태종이방원
21,@SeanMaclair,태종이방원
22,"i dont condone animal abuse, but i notice it was easier to hate on this drama because of that issue because none of the actors are super popular? Bet if a more popular actor happens to be here, more fans will defend this. those responsible for the animal abuse should be reprimanded/punished (can't think of a word lighter than punishment but harder than reprimand) but cancelling this show is too much. this is just my opinion please dont hate me.",태종이방원
24,"I am the last person to disparage, but the animal abuse people-damn! Do you eat meat, chicken, cheese, fish? I bet you do-chill out!  The mistreatment of the horse was awful, but eating meat is just as inhumane to me.  Can you advocate for the humane treatment of animals while consuming them-asking for a friend (domesticated animals everywhere)?",태종이방원
25,Is there any human abuse in this drama?,태종이방원
27,"yes, those stuff.",태종이방원
29,@SeanMaclair thanks a lot,태종이방원
30,"Thanks for removing my review..all i did was comment on the animal ab*se. Did it really affect you? You have no heart if you're really bothered by it..anyone about to watch this deserves to know that a horse was brutally ab*sed to de*th for someone's 3 second entertainment. You think it's a small matter...even replies in the comments telling people to ""cope"" - owen3939. I hope you can ""cope"" whilst being pulled by your legs constantly and smashing your head on the ground until you d** a slow painful de*th. No one cares if the show is really good..they're k*lling a living animal for what?? 3 second clip of a horse falling..come on.",태종이방원
31,"Lol I was about to educate you on why what you posted was in fact not a review, but then I saw what you posted after.Cope.",태종이방원
32,its amazing how people take a tv show way to literal. this generation has gone soft. am pretty sure you know that the show is FICTIONAL......all its depictions are based on real events but are entirely fictional on its own.if you are that triggered move on and stop embarrasing yourself,태종이방원
33,No one from the cast in my list actor or actresss.. should i try it ? i love saeguk drama.,태종이방원
34,"it's good so far, i recc, it's more political saeguk so its intense",태종이방원
35,thanks. i will watch it.  while waiting JH saeguk on may,태종이방원
36,"I was thinking of starting it , but seeing the animal ab*se news changed my mind , I cannot watch that and tolerate people being harsh to the animals , even if its for drama. I cannot watch it , and hearing that the horse died , its just too hurtful",태종이방원
37,"I like how, despite the controversy, The King of Tears managed to get very high viewership ratings after the long hiatus.  Ep. 13 had 8.0% while ep. 14 had 9.0% rating.  Well done! I really like this historical drama (more political, less romance tropes).  Chef's kiss!",태종이방원
38,I'm going to watch it very soon,태종이방원
39,"I am so sorry. Despite it's such a good drama and I adore LBW as a historical figure/ character since Six Flying Dragon, but what happens with the horse was unforgivable. It disgusted me for days. I can't continue to watch this drama anymore.",태종이방원
40,"And you should know EVERY SINGLE movie or drama specially  which shows historical wars and also western historical movies(which horse is used to use instead of airplane or vehicles ) are doing the same. Just were lucky enough no horse died or no news has been leaked out.  I saw many movies or series or program showing fishes or octopuses or chickens etc, being killed though.",태종이방원
41,"Yes Mr. Know-it-all, thanks for the information. I'm indeed uneducated.",태종이방원
42,Heard they will continue to air this drama.. it was such a powerful good serious historical drama with politics but the  animal abuse situation was a turnoff I can’t watch it the same if it continues,태종이방원
43,"I just found out about the animal abuse that led to the death of that poor horse, personally I refuse to watch something with vile abuse to an animal when I am aware of it. I will not let my interest outweigh my morals.",태종이방원
44,"thank you for posting this.  I was waiting for Ep. 13, but now I'm going to drop it.",태종이방원
45,"I am going to be honest-- when it comes to continuing watching this, my thirst for a serious historical drama is really warring with my conscience. What a waste of a great cast and story. KBS really blew this chance to bring  back their epic historical dramas.",태종이방원
46,How is the action in this? My country the new age tier or nah?,태종이방원
47,What’s the point when it’s put on hold from airing,태종이방원
48,Didn't even know it was. I'd still take it if it's got good action scenes though cuz basically no historical kdramas do.,태종이방원
49,"This TV Show Injured a Horse to Death, All to Film a Dramatic Stunt Scene, please sign the petition and avoid watching shows that use animals for entertainment https://www.thepetitionsite.com/433/775/439/?z00m=32954835&redirectID=3184454155",태종이방원
50,"This TV Show Injured a Horse to Death, All to Film a Dramatic Stunt Scene, please sign the petition and avoid watching shows that use animals for entertainment https://www.thepetitionsite.com/433/775/439/?z00m=32954835&redirectID=3184454155",태종이방원
52,"Thanks to all who've commented about the abuse of a horse in this show. I find on-screen animal abuse unbearable. If I'd come across that scene unaware, it would have shaken me up pretty badly.",태종이방원
53,I’m never gonna watch this drama. Because of the horse abuse. U better delete this series or delete the part of the horse abuse and pay for the horse death. Poor horse,태종이방원
55,are you sick in the head likee there´s gotta be something seriously wrong with you,태종이방원
56,"@sei boycotting a show over this is weak, let's be honest. Either way, cope.",태종이방원
57,@owen3939 it's none of your business if people are boycotting this show because they have a valid reason.,태종이방원
58,@ghourtiz Keep coping,태종이방원
59,"Has anyone ever seen “Braveheart”?  “Dancing with Wolves”?  Or, any  western or war movie produced before CGI for that matter. Even after advances of CGI, do you think the cow in “Jurassic Park” being lowered into a pit of velociraptors was thinking “gee… this is fun?” Animals of all kinds have been subjected to some form of ab use or death by the entertainment industry from all countries since the beginning and companies/producers have turned a blind eye.   Why did it happen in this case? I can think of 3 main reasons: money, pressure and stupidity. CGI takes time and money and it’s just easier to trip a horse (that’s on the Studio). The handler was probably pressured by the studio to do this (again on the Studio). Now the handlers were too stupid to think about the “what if’s?” and “is this right?” (that part is solely on them).  Boycotting this needs to be vocal and to start with KBS, Viki and those that financed this production and should have the caveat that employees and actors be paid in full. Just not watching this drama may not be enough but boycotting all KBS current and future productions would hopefully send the right message. Especially if Kocowa/Viki were to get on board after hearing your voices.",태종이방원
60,"Just found out animal ab*se is normalised in this industry...queen seondeok, gyebaek, jeong do jeon, the great battle and the king's affection also have purposely made horses fall. Disgusting and inhumane...how many more are there behind the scenes..gonna rethink starting any historical dramas because this makes me sick and HAS TO BE DEALT WITH. It is no accident, it is on purpose.",태종이방원
61,"is that really the case? .. Are there any other cases like this in other historical Korean dramas?If so, I will never watch historical Korean dramas again.",태종이방원
62,Disgusting. Don't ever think about watching this...animal ab*se isn't a joke. How could you resume filming right after 2 weeks like it will change what happened. Shame on you. Harming an animal? Makes me want to throw up. AND IF YOU WATCHED THE VIDEO. ALL THOSE WORKERS ARE EQUALLY AT FAULT. I DON'T CARE HOW LONG THEH SPENT WORKING ON THIS. THEY ALSO ALLOWED FOR THIS AB*SE TO HAPPEN. A NUMBER OF PEOPLE PUT ON THE WIRE FOR THE HORSE TO FALL TO HIS DEATH. IT TAKES SOME TIME TO PUT A WIRE ON A HORSE AND FILM..BUT NO ONE INTERVENED AND SAID NO THATS DANGEROUS? WTH WERE THEY THINKING,태종이방원
63,"This TV Show Injured a Horse to Death, All to Film a Dramatic Stunt Scene, please sign the petition and avoid watching shows that use animals for entertainment https://www.thepetitionsite.com/433/775/439/?z00m=32954835&redirectID=3184454155",태종이방원
64,"This incident makes me think how many more of it happens behind closed doors esp if the actors/actresses were there to witness these types of scenes but perhaps kept quiet or not even be disturbed by outright animal abuse. I couldn't watch the video but the images are telling. Obviously the network doesn't really care about the horse, it's all about ratings, $$$ but the animal lost its life for a few seconds of entertainment . They are sorry they got caught and issued a lame PR apology.  This isn't about just 1 horse it's for all the ""other"" unknown cases and to prevent future tragedies like this one.",태종이방원
65,I heard before of an actress crying on set when certrain animal trainers were involved in the filming process because of the way they treated the animals,태종이방원
66,That is so sad :-(  Those atrocious monsters are just as guilty. Why is this drama still airing is the question. Watching a horse fall is not even entertaining in the first place. Hope this incident will make the industry think about how they treat animals to make it look more realistic. Glad ppl are speaking out.,태종이방원
67,"This TV Show Injured a Horse to Death, All to Film a Dramatic Stunt Scene, please sign the petition and avoid watching shows that use animals for entertainment https://www.thepetitionsite.com/433/775/439/?z00m=32954835&redirectID=3184454155",태종이방원
68,"I hope none of you will continue to watch this. I don't care if you liked the drama, i do not care, this drama needs to be boycotted. An innocent animal died. They KNEW the stunt would cause at least some kind of injuries for the horse. If you're continuing to watch this just for your personal entertainment, you're very selfish .",태종이방원
69,"Not to sound callous, but a show does not need to be shut down because of this.  Yes, an innocent animal died due to the negligence of the people directing the scene, but you're talking about putting hundreds of people out of work.  And I'm not talking about the actors since they were probably paid beforehand, I'm talking about the production crews, and they don't get paid nearly as much.  An animal dying is not cause for putting a bunch of innocent people out of work.I agree that the parties directly responsible should take the blame and get fined for breaking animal cruelty laws.   But calling for the show to be cancelled is not justified.",태종이방원
70,"They did this on purpose...it was NOT an accident. They also didn't act on impulse..this seems to be the norm in kdrama industry..how much more animals must die or be ab*sed for people's 3 second entertainment??? When a horse falls...how long is it shown in the drama? 3 seconds? 5 seconds? But the long term damages the horse suffers? Life time? Or instant death. They will NOT learn from their stupid decisions if no measures are taken place to condemn this behaviour. A drama or movie that includes this must be cancelled. If not, it'll happen again. And one drama getting cancelled is not the end of the world for the production crew. I don't care how long they spent...a life was lost due to THEIR work. They should withdraw and be held accountable for their disgusting actions. They planned putting wires on the horse,  every single detail was their idea and in the video you can see many crew members are in the background..not one of them intervened and said ""hey what we're doing is wrong and dangerous we should stop.""",태종이방원
71,"I swear you people are so oversensitive and are being hypocrites, you find this abhorrent however majority of you eat meat, use animal products without care. This is the same exact thing, an animal died doing something it was bred and trained for. Add it to the list of the other 200 million animals that are killed every day.",태종이방원
72,"I really saw the comments on Korean sites, in a way, they say that the series should be shut down or whoever continues this series is not a human being and is not a human being, and it is a sin - stop harassing the animal - well, the question is, this series will be canceled. Someone cares, maybe it will not happen again or not now _ but it is true that a horse was lost here, their work was wrong, but what has been done, the horse will not be alive anymore_God, wait for everyone _Another thing I have is that the nation always likes to create an atmosphere and magnify something like this - many people say that this series will not be canceled, many people are making a living from this work. Burn the whole team _ I'm with all of you, we'm doing something with you all. My group made a mistake. It 's right. May God be with you all_so End",태종이방원
73,"Stfu with this writing about horse, now the ratings are crashed because of  some damwits who have nothing better to do, 1st class world problems... Not like shit happens",태종이방원
74,you seriously think it's okay to kill a horse just for our entertainment? and no you don't need to live in a 1st world country to care for animals. i live in a 3rd world country and this stuff is also unacceptable here because we are decent human beings.,태종이방원
75,"What a damwit comment from a damwit person. Be grateful you are human in this life, if you are a horse you won't ever comment like this. Every life matters. Being human does not give you green light to injure or kill animal for entertainment purpose.  Pls donate your brain and heart to unfortunate people before you make such comment again.",태종이방원
76,The audacity of you. An animal died and no one cared for it. The horse died because of neglect. They knew doing a real life stunt would cause at least some kind of injuries for the horse yet they still did it. They could've used CGI. No kdrama is worth taking an animals life or injuring it. It's very selfish of you to complain like that. They tied strings around the horse's hooves and pulled them so it would fall ffs! But you only care about your personal entertainment. I see how it is.,태종이방원
77,Poor horse Kkami :( Rest in PeaceI hope the kdrama will be canceled for good!Stop animal cruelty!,태종이방원
78,Poor horse :cI'm never gonna watch this drama...like for real,태종이방원
79,"By the outrage, you'd think a person died, when did everyone become PETA?",태종이방원
80,"Didn’t you watch the video ?Is a human life -  the only life that matters to you  ?One doesn’t need to become a PETA , those who are empathetic can feel the pain the horse felt …",태종이방원
81,The video shows the horse breaking his neck and in pain suffering!!! Suffering and dying for entertainment purposes!! Your comment is disgusting.,태종이방원
82,"They knew doing a real life stunt would cause at least some kind of injuries for the horse yet they did it when they could've used CGI. They tied wires around the horse's hooves and pulled them so the horse would fall. And oh, if a person dies it's much more serious and horrible? You think humans' life is more valuable than other animals'? It doesn't matter if an innocent horse dies but it's horrible if a human dies? Wow.  Do you not realize a real animal just died only for entertainment purposes? That's horrible.",태종이방원
83,"Yes a human life is worth more than an animal. If you had to choose between saving a baby and a horse, who would pick a horse?",태종이방원
84,@daebakaddict You do know that WE human beings are animals right? Every life matter just the same. We shouldn't even compare as all animals life matter just as much.,태종이방원
85,"@taesun I'm against animal cruelty, but I wouldn't go as as far as saying animals are equal to humans.  We should be their caretakers, and we definitely shouldn't hurt them due to cruelty or negligence, but they are definitely not the same.People eat horses in some countries, and unless you're vegan, you eat animals too.  Nobody considers it a crime.  However, eating humans is a crime, which means as a society we consider human lives to be more valuable than animal lives.",태종이방원
86,"@Sherayith Well, humans are a species of primate, characterized by bipedalism with large complex brains. With this we have (by force and power) made ourselves appear above other animals when in fact we should be below. We are not the strongest animal out there, but we have created weapons to ""cheat"" our way up to that title.This has nothing to do with what you eat, and I'm a pescetarian, but like I said - the humans have decided that eating a fellow human is a crime. And this is just the same with most spieces around the world as they, just like us, don't eat each other but other spieces or greens instead. Now this is not about food, this is about torture and pure ignorance from the production team as they, like many other countries around the world, fail to see the life within every living creature.",태종이방원
87,@taesun Animal rights don't matter we kill 200 million of them every day. By you own comment littearly proves why we are superior to other animals thus worth more. Now cope.,태종이방원
89,All the staff is on my blacklist now.,태종이방원
90,so fucking disgusting,태종이방원
91,"The people responsible for this poor horses death should be ASHAMED of themselves for what they did. To think they really thought this is okay for both the actor and the horse and that no action would come of it. I hope there will be legal action, lawsuits, and for this show to be canceled. That poor horse. RIP Kkami. Animal abuse is not OKAY AT ALL. I feel sick after seeing that video. I hope this will be spread and spoked up about more and more.",태종이방원
92,disgusting pieces of garbage and a disgusting drama i hope all of you face the same pain those innocent animals did. disgusting and unacceptable,태종이방원
93,"Never going to watch this drama, what is wrong with people seriously",태종이방원
94,There should be a criminal investigation against the producers and the director,태종이방원
95,"Taeyeon was also speaking up about animal abuse and I find it to be great because seeing how the industry works they find it very easy to ignore the public but when people from the entertainment industry with a voice are speaking up and are disgusted by it, it forces the producers to listen.So thank you Taeyeon and Yoo Yeon Seok for speaking up! I hope more celebrities - especially from the drama itself - will also call out the production crew for being monsters. They knew what they were doing and they did not care. I'm still really upset about this.I'm glad Korea Animal Welfare Association (KAWA) sued the head producer of 'The King of Tears, Lee Bang Won' for animal abuse to the police of Seoul in Mapo district. I hope something comes out of this.R.I.P. Kkami (horse's name) 💔💔💔",태종이방원
96,This drama should be cancelled now.,태종이방원
97,its not their first time fk them disgusting p of shhhhhhts,태종이방원
98,It's not???? Wth... When was the first time?,태종이방원
99,Check this https://www.koreaboo.com/news/kdrama-scenes-horses-abuse-animal-rights/,태종이방원
100,@Red Diva This is so messed up....,태종이방원
101,@rkivesthighs heard so many animal abuse in SK lately idk wtf is wrong with them,태종이방원
102,I’m generally against cancel culture But this drama need to be put on hold for what they did to the horse.In future I hope no production unit takes it easy when it comes to animals life,태종이방원
103,"Agreed. If appropriate safety measures aren’t taken when it comes to a life, then it should be canceled.",태종이방원
104,On hold? It should be cancelled and the production charged. This is the strict minimum.,태종이방원
105,fuck this drama and fuck all the staff and actors who did nothing to save this poor horse,태종이방원
106,"signing up to mdl just to rate this shitfest 1 star for killing animal. fuck everyone who came up with this idea, who didn't say anything to stop this from happening, who still support this shit after knowing what happened. fuck y'all could've used cgi or whatever idgaf i despise animal abusers the most, hope y'all break your neck to death and burn in hell. i won't watch anything on this channel anymore and will make sure to skip everything involving everyone related to this shit.",태종이방원
107,"I just arrive here to puke my feelings with swearing words and write all the stuff you just typed! Thanks and amen. Hope all people who were okay with using an animal at such scene and others who didnt even move their hands about matter until their 'drama's name appear on news then they start caring, I hope all of them can feel same pain here in this world and other world as well...",태종이방원
108,Wish less then 1 star was an option.,태종이방원
109,This drama deserve to be cancelled instead of Snowdrop. Gonna give it a 0 rating. #HorseLiveMatter,태종이방원
111,Other kdrama/kmovie with same horrible animal abuse for human entertainment: https://www.koreaboo.com/news/kdrama-scenes-horses-abuse-animal-rights/,태종이방원
112,ohh this makes me so mad 😣😣,태종이방원
113,"Wow. And the King’s Affection is recent. I hope it’s CGI, if not then I really hope  people start looking into that drama and others.",태종이방원
114,"As you can see in the article, it's not cgi. I don't get why they keep doing this to the horses when we have cgi and other ways to work around it. There's horses trained for stunts like these without using abuse.",태종이방원
115,"It wasn't CGI unfortunately. They were just lucky the horse didn't die, that's all. They better change their methods ASAP, we're in 2022 for God's sake, that's unacceptable!",태종이방원
116,Show should be cancelled. Animal abuse/cruelty is a big no. Production such as 'Joseon Exorcist' has been cancelled for less than that...,태종이방원
117,"I had that same thought. An actual living being lost it’s life. How is this taking so long? In other cases their so quick to cancel, sometimes over something not verified, but this is verified. So why is it dragging out this long? I’m assuming they were hoping it wouldn’t get much attention so they could proceed. But it’s getting more traction, especially with some Korean celebrities now weighing in.",태종이방원
118,"Exactly, they thought they could get away with it like the other times...tough luck, they were caught red-handed!! They deserve every bit of  backlash they're getting (and of course to be cancelled) As for me, this case is a serious matter...more than the distortion of history that 'Joseon Exorcist' was accused of...please get that poor horse justice. Don't let its death be in vain.",태종이방원
119,"Killing a horse for entertainment, absolutely disgusting and should be canceled immediately, producers should face consequences for this",태종이방원
120,"Watching the clip of the horse they forcely tripped made me so angry 😤 .After that cruel scene ,they immediately went to check on the actor but no one went to check on the horse first. Poor horse 😭 This show should be cancelled. Production of this show should be blame  and punish. Because of their negligence ,  an innocent horse lost it life.",태종이방원
121,"We need to make sure we sign and voice our opinion on how this drama handle the horse injuries situation. They shouldn't have treated the course and the actor that way, but no one checked on the horse had a broken neck result in death is not cool.",태종이방원
123,sorry but fuck this drama it needs to be canceled i don’t know why they think they can treat animals like that and get away with it,태종이방원
124,cancel culture please this is your time to shine!!,태종이방원
125,cancel culture please this is your time to shine!!,태종이방원
126,They should have just used CGI,태종이방원
127,This drama has been removed from to watch this after that treatment of the horse,태종이방원
128,"Everybody involved in the killing of the horse should be charged, including the director who is expected to oversee everything",태종이방원
129,"I know I won't be even starting this. If this is how they treat animals, they should not film at all. I really hope the person whose idea it was to trip the horse gets punished for what they did.",태종이방원
130,R.I.P horse ;-(,태종이방원
131,"For a scene, they tripped a horse by wire and forced it to fall, which caused the horse to die of cervical spine injuries. I have no words... Here's the link for a petition against them : https://www1.president.go.kr/petitions/603905",태종이방원
132,this is awful...😒😨 Now I'm wondering if they really take care of horses in other dramas when they make them fall and stuff like that,태종이방원
134,Why is it seems so old,태종이방원
135,"I just finished watching timeless masterpieces ""Conspiracy in the Court"" and ""Jeong Do Jeon"", both historical dramas are  excellent historical dramas. I may watch ""The King of Tears, Lee Bang Won"" soon as the comments are encouraging. Thank you so much, guys, for your comments.",태종이방원
136,Kim Yeong Cheol as Lee Seong Gye AGAIN ))) interesting )))I love My Country's Bang Won and 6 Flying dragon's Bang Won!I love Joo Sang Wook!I would love to see more realistic/historically accurate Bang Won too (after previous amazing characters).so this drama looks like perfect form me,태종이방원
138,BTW what on Earth happened suddenly with the massive activity spike and sudden massive fall in rating for this drama? It looks almost coordinated. Not that I've watched it yet.,태종이방원
139,"Not sure about the activity but a lot of shows are having their ratings fixed right now, with a lot of them being from bot accounts. It's only obvious for shows with less members, since the rating change is bigger.",태종이방원
140,High rating normally goes for those drama with romantic and youthful theme like snow drop or something like that unfortunately. Most of the ppl here are looking for the romance I think .,태종이방원
141,"Well Six Flying Dragons has 8.8, for example. Actually there are plenty of shows with minimal or no romance which have a score in the mid to high 8s. My point here is that a reasonably high rating for this show suddenly plummeted in a single day, coinciding with heightened activity according to graphs.",태종이방원
142,"Not really. There are many shows that are not romantic and youthful that have a very high rating. Probably what happens with this one is that not many people have rated it so the change is obvious, or they change their rating every episode. Also since it hasn't finished, so nothing is really final.",태종이방원
143,@-NN- In six flying dragon we have a young guy with a young girl with a romance atmosphere between them still. But I agree with  @Ackery . I think not many people rated this show as I can see not many comments too.,태종이방원
144,I watched Six Flying Dragons while it was airing but decided to re-watch after finding out this drama is going air but now Im not sure if this one is as good ? do u recommend it or not?,태종이방원
145,"Yes, I recommend it",태종이방원
146,to anyone who is watching this i wanna ask. which time does this drama exactly revolve around? since i see lee seong gye but there is also a character for king sejong as i see from the cast so is the drama about bang won after or before him taking the throne? or is it both,태종이방원
147,"I don't know how this drama ends but this begins with the time when Lee Seong Gye is still a general. Has 32 episodes, this can possibly end with Lee Bang Won as king and Sejong as prince.",태종이방원
148,Thanks a lot,태종이방원
150,Ok that I don’t like since i found SFD’s speed appropriate for the historical events T_T,태종이방원
151,@[deleted] thanks for the explanation. i  am going to watch this when it finish airing for sure,태종이방원
152,"In all honesty, this is a more-than-depressing drama, riveting though it might be. Love the cast & they're doing a great job...but like with Royal Nirvana, I will watch this one in bits & pieces. Practically every episode is tragic.",태종이방원
153,I'm watching this now as it airs. I also have a list of dramas to watch continuosly and 6 flying dragons is one of them. It will be interesting when I reach that drama and I can watch that while this drama is still airing.,태종이방원
154,"Oh! I don't dare do that! I'm watching Yi San at the moment, so I didn't want to start The Red Sleeve until I finish. I was planning to start it together with this one when it finiishes, but I'm honestly not sure if I can  stick to this plan, because they both look amazing and the reviews are good.  Basically, my watching list is all over the place ! :D",태종이방원
155,"Is it worth watching? I already watch six flying dragons, deep rooted tree & My country..I not in the mode to watch the same story again about ""Lee Bang Won""!",태종이방원
156,This drama might be a more accurate portrayal than the others as the others are more fusion sageuk.,태종이방원
157,Can someone let me know if there are solid action jammed packed scenes with heavy politics in this one? Too tired watching romance fluffed saeguks wasting air time posing with visuals,태종이방원
158,So far in the first 4 eps it has political scheming and has a serious tone.,태종이방원
159,Thank you so much! I will watch it once it finishes airing…,태종이방원
160,"""Too tired watching romance fluffed saeguks wasting air time posing with visuals.""Well said!",태종이방원
162,"@MKR I know, you fooled by king's affection and lovers of the redsky right? Lol",태종이방원
163,Will it be worth waiting week to week or should I wait until it’s finished? I don’t mind waiting week to week and in some cases I even prefer it. If you get what I mean please let me know if this is one of those dramas that are better to wait for weekly as opposed to binging?,태종이방원
164,"I am watching as it airs. Since this has 32 episodes.I might not have time to watch it full. If you plan to watch many other dramas next year, I think it's best to start now.",태종이방원
165,"They are too brave put no all old face on this.. I like the story, good start",태종이방원
166,Watch his story in many version. Like to try this one. Hopefully it's great,태종이방원
167,"To me, Six Flying Dragons was so good (and relatively recent), it's hard to get excited for this",태종이방원
168,Six flying dragons had only wire/flying fights though :/ So I avoided it.,태종이방원
169,"It's daeha sageuk drama (Daeha means sageuk made based on original history, if any fiction it is to support the existing historical facts). That means this drama will be more accurate in telling the history of King Taejong",태종이방원
170,Historical accuracy in itself doesn't get me excited for a drama. I can just read a book or watch a documentary to learn more about Taejong if so.,태종이방원
171,"@ohudushi You don't have to be upset. Of course documentaries are more accurate. I'm just suggesting that you watch it because you said you weren't enthusiastic about this drama. I'm not mocking the six flying dragon either. That's a good drama. I'm just convincing you to watch it. If you don't want to, that's okay",태종이방원
172,"@WATCHNEGA Thanks but I'm not upset haha. If it turns out to be a good drama, I'll watch it eventually. But I probably won't be following it week to week.",태종이방원
174,I'm just shocked how old the actor are..I want Yoo Ah In ahah,태종이방원
175,Taejong’s story has been beaten to death at this point :/,태종이방원
176,Why?,태종이방원
177,"It's almost as bad as Sado's story. How can you shed new light to a story that's been told countless times? I'm not a big fan of the actor and writer either, but that's another case. LBW is such a complex character he needs a masterful actor, no one can top Yoo Ah In.",태종이방원
178,@sonya I completely agree. I like the actor who play Bang Won but Yoo Ah In was superb. He's the only Bang Won to me,태종이방원
179,"@sonya They're verrry different tales and takes, perspectives quite different (and like SFD largely fictional, esp. with other characters while this is, like much of KBS's sageuk world, sticking closer to actual history vs using the era and the key figure and crafting fiction around it), but Jang Hyuk's Yi Bang Won was also fantastic. The only thing I don't really get about SFD is people watching it before watching TWDR...or not watching TWDR at all. They are just so gorgeous in sequence (and wonky when gone backwards even though they're technically ABLE to stand alone, just -why would you?- :P) that I feel sad when people don't even realize SFD is supposed to be watched after TWDR, the end of SFD not a preview of TWDR but a closing of the gap and ""back to the beginning of your 74 episode story."" Having watched it both ways, TWDR when it aired, SFD a while after (took time to get 50 eps of fortitude in me), and TWDR again... it's so much more poignant with TWDR seen first... SFD happened earlier in the timeline, but that's like saying you're f'd if you see Mr. Sunshine before Nokdu Flower when it's definitely not the case (and they had a similar situation and while Mr. Sunshine was eye candy and then some, Nokdu Flower's history, being much more ""on the ground"" with peasants who really didn't bargain for any of what they got and were NOT equipped to handle it/were fodder to the elites, was more heartrending for sure). I'd rather the two female leads have their stories told... okay Ye Ji Won can take any role and I'll want her to have way more screen time, always more, than she's given, and programs like Oh My Geum Bi and Doctor Detective in particular made me like Park Jin Hee. (Ye Ji Won's just a goddess... and man, she's so freaking amazing w/comedy, too-it's my fave thing for her, well, that and sensual scenes she's just so perfect for with her dancer body looking so amazing as a silhouette, a shadow, all, esp. paired with a man equally artistic in presentation... like a perfect sculpture that somehow came to life.)",태종이방원
180,"@sonya The same thing with Great Britain, the story of Henry VIII and his wives have been done countless of times. As well as the many versions of famous books like Pride and Prejudice and Great Expectations. As Lee Bang Won is a very important figure in Korean history, Koreans will often use him as a figure in their dramas and films.",태종이방원
181,"@123girl It’s either a generational thing, like a new version of little women coming out. This seems to be a new adaption of the old series king of tears . Or it is different perspectives, same history. My country didn’t really focus on Taejong so it’s s pass. Still the amount of Taejong stories in the past few years is. Too many, too little time in between. In 2012-15 it was crazy.",태종이방원
182,"@sonya This is my take on this: I don't think Koreans mind the repetitiveness of Bang Won stories though (I'm basing on the good ratings this drama is getting, about 7-8%, it can be considered good). And I don't think the producers of this drama had international audiences in mind (they didn't cast super popular actors) so I think as long as Koreans like them, they're good. I've read before how KBS has a tradition of airing Daeha dramas  once a year, and this is one of them. A Daeha drama is an authentic sageuk (sageuks that stay close to history but adds some degree of dramatization for entertainment, there is some fictional parts only to add what is lacking from the real historical events to make a more complete story).",태종이방원
183,@ElBee Can you tell me what is TWDR and SFD😅,태종이방원
184,"@Anshu Kanyal Sorry I just saw this, and of course!! Tree With Deep Roots (prob my all time fave sageuk)+Six Flying Dragons which followed it (and should follow in order watched bc the context of SFD is the backstory you are meant to, per the writers/production team, see AFTER the story TWDR crafts-my 2¢ but very sturdy pennies that will never bend or break-gosh, there was a time when I wasn't 300+ dramas behind schedule, kekeke). They are seriously masterful creations!",태종이방원
185,Any idea when subs for the show might come out?,태종이방원
186,They're already out,태종이방원
187,Where ?,태종이방원
189,"@CSA2305 I do not know why people always recommend dramacool, when they are not really subbing dramas anymore. They are either taking the subs from the original network or steeling it from other sites (like from viki or fansubbers - and they do not even hide it). And it is an illegal site. The drama will be on VIKI.",태종이방원
190,@Juniper79 'Cause everyone has money to pay Viki Pass OR that drama is in their region righttttttttt!,태종이방원
193,"@Juniper79 I worked for Viki and your last sentence that the money should go to people who do the subbing - Viki subbers get nothing. They get huge 0. And my argument is still valid. Not everyone has the money for it, or they live in country that doesnt have it licensed.",태종이방원
194,"@WATCHNEGA In subscene, only in english at moment.",태종이방원
195,@Badass Bunny I watch many dramas downloading them in korean torrent webpages.,태종이방원
197,@LaiviDarxmi I watch Korean dramas on my TV,태종이방원
198,@Badass Bunny In an app?? I do in the TV also but with a hard disk or USB.,태종이방원
199,"@LaiviDarxmi No....I live in S.Korea and let me tell you illegal download here is also popular as hell so I am kinda laughing at Juniper for criticizing others, when even locals do it. But as I said, I do watch those shows directly on TV.",태종이방원
200,"@Badass Bunny Ahh, hahaha. Normal, you watch directly of TV channels.. great.",태종이방원
201,"Dramacool is not a legal site and is known to have some nasty viruses so just beware.  I was clueless back in the day but was watching a show there once and ""Don't Steal Our Subtitles"" scrolled across the drama episode and it was from the Viki subtitling crew so, yeah, totally stealing and DC didn't even clean that up.",태종이방원
203,"Focus on Lee Bang Won yes, but without the fictional characters like Muhyul, Lee Bang Ji, etc.",태종이방원
204,"Why does this drama look like it was made years ago? It doesn't feel ""2021's vibe"", but ""2014's"". Though, it's not a complaint.",태종이방원
205,I felt the same,태종이방원
206,Regionally licensed to Viki.https://www.viki.com/tv/38283c-the-king-of-tears-lee-bang-won#reviews,태종이방원
207,"wow, the poster looks amazing! it's right up my alley",태종이방원
208,"Finally a true historical drama, not just modern idols in traditional clothes!!  I hope it would be good.",태종이방원
209,i know! and in the goryeo era i'm super excited,태종이방원
210,"Please, please let this not much about with known history too much   .  .  .",태종이방원
211,This better be dark cuz after Joseon exorcist theres been nothing historical worth watching,태종이방원
212,exactly,태종이방원
213,"yeah it's a shame what happened to it, all they needed to do was not use real peoples names and the Korean netizens would have been okay with it.",태종이방원
214,Yea it sucks. None of that would even be an issue in most countries cuz they recognise it's fiction :/,태종이방원
215,pls watch the red sleeve. that drama is a masterpiece,태종이방원
216,"I don't watch romance historical dramas really, I'm more into large scale ones with war/battle scenes like Game of thrones, Vikings and my country the new age :/Unless that one has them too?",태종이방원
217,"@owen3939 Red Sleeve doesn't really focus on war and battle however, Arthdal Chronicles definitely reminded me of game of thrones, with all the fantasy and plot, it is worth trying lolBridal Mask/ Gaksital - set during Japanese colonial era in South KoreaThe Nokdu Flower, Mr. Sunshine, Kingdom aswell",태종이방원
218,"@prettystranger Alright cheers. I tried nokdu flower and mr sunshine but dropped both, but I liked kingdom. Might try arthdal chronicles.",태종이방원
219,@owen3939 You should definitely try it out!!,태종이방원
220,The man that usually played as Lee Ban Won is now playing his father. He is a great Actor.,태종이방원
221,"He's an expert in this time period. He has played Lee Bang Won's father, Lee Bang Won and Lee Bang Won's grandson King Sejo aka Grand Prince Suyang (skipping Sejong the great).",태종이방원
222,You know I actually forgot he was in My Country because I only watched the 1st two episodes. Was it good?,태종이방원
223,"@Jason Burleigh Uh, I haven't actually watched that but I know he's playing King Taejong there just like this one. The role I've seen him in is Grand Prince Suyang (Princess Man) and some clips as Lee Bang Won (Jang Young Shil).",태종이방원
224,The 1st trailer is intriguing.Link: https://youtu.be/o9wMVgUsW7s,태종이방원
225,"Oh nice!  First Jang Hyuk plays Bang Won in ""My Country"", now Sang Wook will play him in his own drama.",태종이방원
226,Don't forget Yoo Ah In in six flying dragons,태종이방원
227,Baek Yoon Shik's cameo in Tree with Deep Roots too. Plus let us not forget Kim Young Chul (Lee Seong Gye here) played Lee Bang Won twice in his previous dramas.,태종이방원
228,@123girl Really?  Cool!  I have SFD and TwDR on my watch list but haven’t actually seen them yet.,태종이방원
229,"@Sherayith I love Tree with deep roots. I havent seen 6 flying dragons fully but I like the clips i've seen, on my watchlist too.",태종이방원
230,"I miss Joo Sang Wook, good to see him coming out with something new",태종이방원
231,I am looking foward to watch a historical drama with veteran actors.,태종이방원
232,Anyone has more info about this drama?,태종이방원
