,reviews,title
0,Is There A Trace Of Hope With Actually Trying To Watch Tracer Procedural dramas particularly ones revolving around mundane subject areas such as tax evasion or bureaucracy can be a bore for viewers However whilst Tracer is still not unable to evade its more tedious moments under the directing reigns of Lee Seung Young Voice Missing Noir M and the writing tutorage of Kim Hyun Jung Who Are You School MBC s Tracer possessed a surprisingly rigid plot motive from beginning to end The drama focused primarily upon male lead Hwang Dong Joo Im Shi wan Formerly a disreputable accountant with his own personal vendetta Dong Joo ends up working as an investigator for the National Tax Service NTS However instead of ending up in a reputable and prestigious department of the NTS Dong Joo ends up being sent to division five a dumping ground for undesirable and difficult cases by other departments Alongside the help of team investigator Seo Hye Young Go Ah Sung Chief Oh Young Park Yong woo and his extensive knowledge into the field from his past Dong Joo is determined to stop at nothing in order to enact his own personal justice Kim Hyun Jung s screenplay is notably dark in parts as well as primarily fixed upon the objective of the storyline Whilst there are admittedly moments where certain overblown dialogue exchanges Hyun Jung s personal touch towards the series notably heartfelt plot moments and subject areas was surprisingly subtle yet effective Arguably one of the star attractions of Tracer came through the casting choices Im Si Wan Misaeng Incomplete Life Hell Is Other People Run On is particularly brilliant onscreen as main lead Hwang Dong Joo adding a surprising touch of charisma towards his role as the antiheroic main lead Costarring alongside Si Wan was Go Ah Sung The Host Snowpiercer and Samjin Company English Class a hesitant yet virtuous individual in the NTS Park Young Woo Ditto My Scary Girl Hwayi A Monster Boy and Late Spring took on the part as the ridiculed yet talented Chief Oh Young whilst Son Hyun joo Tazza Secretly Greatly and Empire Of Gold played antagonist and director of the Central Regional Tax Office In Tae Joon All of the main cast were brilliant as our main leads helping to flesh out and add a dynamic charm towards their onscreen personas However within the execution of Tracer the pacing could notably present a pitfall also The drama s attempt to stimulate the storyline s narrative could often leads to the motives of characters or the roles of key players rarely feeling elucidated Perhaps this was also a consequence of a nonlinear narrative rarely allowing certain moments for viewers to sit back and take in in the events of the storyline However perhaps one of the saving graces for Tracer came through screenwriter Kim Hyun jung s ability to intertwine niche and predictable setups against moments which allowed opportunities to explore the wider scope of Dong Joo Whilst Hyun Jung could sometimes fall into a slightly cyclical pattern of a new dilemma forcing Hyun Joo to keep on his toes this did highlight diverging writing niches of characters being merely plot devices Instead Hyun Joo and the supporting characters of the series were involved and attached towards the events and processes of the storyline allowing opportunities in order to explore certain elements of character depth The dialogue is admittedly overblown in parts However Hyun Jung did include some surprisingly witty and sardonic responses for Dong Joo helping to personify his unpredictable nature to audiences throughout the series The comic relief present in Tracer is notably an odd mixture between ferocious insults and name calling as well as lighthearted and somewhat benign exchanges also Tracer isn t a series that will suit everyone s personal tastes However whilst Tracer focuses upon a notably mundane and simplistic formula the execution of the narrative is surprisingly tactful The acting performances are brilliant and solid throughout and whilst the finale helped to setup events for season two Tracer is notably not without its more evident writing flaws here and there the first part of Tracer is notably a dynamic mixture of revenge angst and wit in order to create a surprisingly entertaining drama along the way Read More,트레이서
1,Tbh I can't stop binge watching after the first episode Just finish watching season which is good Now I'm gonna continue season Recommended tv series to watch,트레이서
0,I didn't understand most of the terminology or any of the backstories/motives so i watched this only half paying attention. not bad though.,트레이서
1,Link for Season 2 Ep 1 now up in our blog! https://tracerenglishsub.wordpress.com/,트레이서
2,"Somehow managed to get through this. And sorry, it was pretty boring.",트레이서
3,This drama is underrated. The story is really good for me. I don't know about others.,트레이서
4,"GOOD DRAMA --- But BAD SUBBED completely ruin it.Plz do not try to sub especially using google translator. Thank You for trying, but PLEASE PLEASE PLEASE don't try to sub any more dramas (l'm begging here).  These subbed gave me HEADACHE word likes 5-countries , baby, taste... How these words relate to TAX -or- Korea IRS For people who want to avoid having HEADACHE -&- WATCH TRACER with PROPER ENGLISH (subbed). See links below (stream / download)https://tracerenglishsub.wordpress.com/https://twitter.com/TaxPayerSubTeamTHANK YO U (* 100 times) to the volunteer translator & sub team 'Tracer English Sub@TaxPayerSubTeam'.     We can also BUY THEM CUP of COFFEE   https://www.buymeacoffee.com/taxpayers0z",트레이서
5,Im Si Wan carried  this show for me.,트레이서
6,"THUMBS UP YALLTaxPayerSubsTeam finally finished subbing the last episode! Feel free to watch and give them supports and appreciation for all sub team who made this happened!!For now, they're having a week break after all this, and do not worry: they'll be back with subbing 2nd season ^_^ /",트레이서
7,Im Siwan as a main lead and a vibe similar to Stranger ? I'm in !! I almost missed this because no one talks about it...,트레이서
8,"If you are interested in finance, business, politics, mind games and everything in this vein, pay attention to this series, it’s not bad, although it’s far-fetched in places! Let's see what they show in the second season!",트레이서
9,Ep 7 was so good! I can't wait to watch the rest. Thank you for subbing this.,트레이서
10,"Just letting know: TaxPayerSubTeam has released ep7, so feel free to watch! And say thank you for them by being working hard despite peak, busiest times for some members in return as well",트레이서
11,cant wait! thank you so much to the subbing team,트레이서
12,Anyone know where I can find good subs for episodes 7 & 8?,트레이서
13,theyre only o ep 6 for the subs so give them a bit!,트레이서
14,Struggling with the subs. Where to find one with good sub? 😭,트레이서
15,TaxPayerSubTeam on Twitter :) their site is here: https://tracerenglishsub.wordpress.com/,트레이서
16,Thanks for the link! Their latest update is on episode 6 right? 😊,트레이서
17,"@Julymayo no problem!! yeah haha, ep 6 is their latest release! :)",트레이서
18,"As a fan of this particular genre like, - Squad 38- Mad Dog - Player - Leverage - The Swindlers - Taxi DriverI was expecting for the entire main cast to be exciting, vivacious, amusing and endearing with a great team-dynamic. However, what I got with Tracer is only one single exciting character… The male lead, Hwang Dong-Joo.The rest of the group is borderline irrelevant. Bummer!",트레이서
19,That's exactly why I dropped this!,트레이서
20,"Yep, that is a drop for me as well. Hwang Dong-Joo’s lonesome character could not carry the entire show, all on his own. How can they ruin a drama from that genre when they have so many great references?",트레이서
21,"@Hermine Voltaire That's unfortunate! Though it's quite disheartening that someone would drop this after we worked so hard on it. But of course, that is your decision to make. The great line-up of villains and their backstories actually made up for the team dynamic cliché that is lacking in this drama.  It is similar to 'Stranger' wherein the focus of the story was on the protagonist and the cases and villains and not the team members. Though it would have been nicer if they did,  but definitely did not 'ruin' the drama overall.",트레이서
22,"@TaxPayersSubs I respectfully disagree with you. I fond that the villains’ backstories and purposes were abundantly predictable… To the point of lacking imagination. I would never, never place Tracer (My deep apology to Im Si Wan) on the same list as Stranger.That would be a downright blasphemy for me.Fyi: Although that was an unfortunate drop from me… Nonetheless, great job on the subs.",트레이서
23,@Hermine Voltaire We hope you stuck around until the end before you judged the drama as a whole. But of course we can't force you to do something you never want to do.  But thank you for taking interest on this drama. A lot of Korean viewers are actually comparing it to Stranger (in a good way) but of course we already know that you think otherwise. Thank you for complimenting our work on the subs by the way. Much appreciated!,트레이서
24,"@TaxPayersSubs I did push through the entire first part; however, I had no persistence nor any determination to start the second part. As for complimenting your group’s hard work on the subs…My sincere pleasure👍.",트레이서
25,"Watched the first season with the very poor english subs that were available. It is a credit to the excellent acting that most of the storyline was decipherable for those of us who do not speak Korean. Thank you to the TaxPayerSubTeam, I am eagerly rewatching the first season and clearing up some of my misconceptions of the side stories. These are the best translations that I have seen - such excellent quality. So once again thank you very much. I eagerly await all that you are providing us and hope that your energy does not give out before the end of Season 2.",트레이서
26,Thank you for the appreciation!,트레이서
27,any idea where to find ep 7 and ep 8 (s1) with good eng subs,트레이서
28,We just released Ep 6 with English subs. You’ll find us @TaxPayerSubTeam on twitter!,트레이서
29,thank you,트레이서
30,Finally I had the time to watch the subbed episodes -I liked what i saw-and I want to thank too the subbers for giving their time  and doing this for us.,트레이서
31,Is it good?,트레이서
32,"Corruption, Revenge, Investigationif you like these then yes",트레이서
33,tbh its like black comedy somehow,트레이서
34,Update on ep6.Sorry for the delay but we want to be sure that the subs are great so this checking is taking longer than usual.My apologies!,트레이서
35,Thank you for keeping us fans in the loop.  Thank you fan subbers. We appreciate you to infinity and beyond!,트레이서
36,So appreciate your kindness.,트레이서
37,"We appreciate your hard work.... ""we can wait all days""  \(0o0)/edit : ""just a quick question.....why does this drama doesn't have proper subs available though...like the other dramas? budget issue or what ?",트레이서
38,It confused the hell out of me why is wavve pre-release the full season 2 on their site while MBC haven't broadcast it yet 🤔 Isn't that unfair? Isn't that gonna mess up the ratings on tv?,트레이서
39,"Yeah it definitely affected their ratings since S1 because wavve releases 2 episodes every Friday and releases episodes at the exact same time with mbc. But in the end, it’s wavve’s drama, they produced it and not mbc. Also mbc is a part of wavve too. Surely, this is their strategy to gain more subscribers for wavve and it’s been effective so far. Hope they licensed it to international ott platforms though. But we’re having fun subbing it!",트레이서
40,Loved the first half. Definitely kept my attention.  Oh I hope another streaming site picks it up!!!!!,트레이서
41,Is it funny?,트레이서
42,yeah it is.,트레이서
43,Thanks!,트레이서
44,"Can we watch pre-released episodes ?,  as someone mentioned before that its going to be pre-released on 18th of feb on WAVVE or something.",트레이서
45,"Yes it's up on Dramaday.net without subs. They have Korean subs though, so it's just a matter of time until the pirate sites upload season 2 with google translated subs again.",트레이서
46,ohh okay....thanks for info.,트레이서
47,umm ...is season 2 going to have same subtitles issues ?,트레이서
48,@shubham prasad Yes. It might take a few months after airing before it is released in an international platform.,트레이서
50,"So, no one is picking it up? Its difficult to watch with the available subs. Is there a site with better subs? Hope viki can pick this",트레이서
51,https://asianembed.io/videos/tracer-2022-episode-5someone shared this link before to me.....the subs  were little imperfect but it looked better than other sites. You can try if you want.,트레이서
52,https://tracerenglishsub.wordpress.com/Best subs I've found so far.,트레이서
54,thank you!,트레이서
55,@TaxPayersSubs Are episodes 6-8 subbed?,트레이서
56,@babadook We’re still working on Ep 6. We’ll release it soon. We can only release one ep a week.,트레이서
57,@TaxPayersSubs Really appreciate the hard work of you (and your team).,트레이서
58,Update about ep.6:Juliacaesar and I haven't got much time lately to translate the episode. I'll have more free time starting tomorrow so I'll try to get everything done for saturday/sunday aprox.Stay tuned and thank you!,트레이서
61,"I want to thanks the TaxpayerSub Team. for making better subtitles. Frankly the story is not at all my cup of tea but Dong Joo is such an interesting character, kind of make me think of Kim Sung Ryong from the drama ""chief Kim"" because of the way he talks back cleverly without being disrupted by otheir. He has a goal and sticks to it.",트레이서
62,"We understand those who resort to watching Tracer with the Google translated subs. After all, Tracer is a great drama if you’re into office drama, politics, action, and comedy. But just remember that there would be mistakes here and there. The sentences may be right at first glance, but contextually wrong. The choice of words are very poor too. But as much as we want to work on Tracer everyday, we can’t since we’re just volunteers. So we can only release one ep a week. Pls try to watch the episodes again when we do release them. Coz Tracer has a fantastic script and our translators really give it justice. We’re now working on Ep 5! You’ll find us on twitter @TaxPayerSubTeam",트레이서
63,i am VERY thankful for your subs T_T,트레이서
64,"Hi, really want to thank you guys, for subbing Tracer. Really appreciate the teams effort. I'm sorry if I sound too overbearing  here, but if you guys ever do any other subbing of a series after this please pick No, Thank You (https://mydramalist.com/62237-daughter-in-law). Even if you'all don't that's fine too. just putting it out there. ;-)",트레이서
65,Hi! We’re not sure if we’ll take on another project after Tracer but we’ll keep this in mind if ever. Thank you!,트레이서
66,"thank you for all your hard work. i appreciate it. :+)i was thinking of watching it even though the reviews are low for some reason but after reading your comment, i'm going to make sure i watch it because of your team's hard work!",트레이서
67,Is this drama not popular if it has problems with subs?,트레이서
68,It's very popular in Korea now but internationally it is not because it wasn't licensed to other ott platforms. But our team is subbing it. You'll find us on twitter @TaxPayerSubTeam,트레이서
69,thank you so much!,트레이서
70,There  season 2,트레이서
72,Thank you for your hardwork.,트레이서
73,"I so wish even this drama forum on MDL becomes like other forums where people are discussing about the plot, their fav characters, how they hate the antagonist and so wish to see him go jail etc...because currently i am watching ep 5 and i cannot emphasize enough how interesting this drama is. So far i have seen kdramas focusing on police detectives or prosecutors or lawyers or judges or doctors or even drama PDs, this is the 1st time i am seeing something about Tax officers and NTS of korea. I must say the writing is very smart. Each episode keeps you at the edge of your seat and this kinda thrill i have only felt in either murder mysteries like serial murders show or bank robberies show, but this has none and still engaging. If people want to still give it a go then try the below link (It has all 8 subbed episodes and subs are okay). I am in USA so i do not have to download and just stream the drama.https://asianembed.io/videos/tracer-2022-episode-5",트레이서
74,Those subs are google translated though. I checked the first episode and so.many mistranslations. Try the subbed episodes done by TaxPayerSubTeam on twitter to compare. You'll appreciate the writing even more.,트레이서
75,"They only have till ep 4 so i have found this for ep 5-8....i know it is off, but i am too hooked to wait till the decent subs",트레이서
76,"You are absolutely right, i have never thought that story about 'TAX world' ,all these technical stuffs would be made it into a DRAMA which i would never find boring, everything was so interesting, comedy was on point, all emotional moments was on point. I hope more people watch it after proper subs gets available, it definitely deserves 8.6+ rating.",트레이서
77,"I never find dramas related to tax stuff interesting and this is no expection, the first 3 eps didn't hook me at all.",트레이서
78,So what's the point of watching this drama and your cmnt?,트레이서
79,Anyone got Episode 4 with proper subs link or something?,트레이서
80,You can check asianembed site. All 8 ep are subbed there with proper subs,트레이서
81,"okay......because i have visited 4-5 sites before , and so far they all looked like they were google translated. You sure about this right ?",트레이서
83,@JuliaKo okay thanks buddy .,트레이서
84,"@JuliaKo yeah i checked ...subtitles are now way better than previous others.Its not perfect, some mistakes are still there but its very much understandable if u have watched enough kdramas. xD",트레이서
86,"Wikipedia says 'All eight episodes for the second season will be released on February 18, on Wavve. MBC's schedule for the second season has not yet been decided... 'So it means that the rest of the 8 ep (season 2) will be released altogether rather than 2 ep per week :)",트레이서
87,"Yes, but MBC already confirmed that s2  will return on Feb 25th. So yeah s2 will be pre-released on Feb 18th on wavve.",트레이서
88,will that be same for Drama: Through the darkness or it will released in regular format of 2 eps/week.?,트레이서
90,"Tbh this drama is great, but what's going on with the shaking caramas every time there's a close up? Is it intentional?",트레이서
91,any romance in this drama?,트레이서
92,"Quick update about episode 6:We are working to get it released soon! So please, stay tuned!",트레이서
93,Thank you!,트레이서
94,Patiently waiting.  Thank you!,트레이서
97,waiting for ep 4 :>,트레이서
98,"Thank you for your patience! We know it’s taking longer than the legal OTTs, but we assure you that we translate carefully so that we don’t mistranslate anything! Tracer deserves better than google translated subs!",트레이서
99,"If you need ep 4 subs, please DM me!",트레이서
100,@TaxPayersSubs I was really looking forward to your subs but since it's taking too long to get subbed i would rather wait till all the ep are subbed and then binge watch this series. Those links will be available on Twitter even after the show has completed airing all ep right?,트레이서
101,@Kdrama fan We can’t guarantee if the links will still be be there but you can download them while they’re still active and watch them when you’re ready. Fansubs really do take time especially because we’re all just volunteers.,트레이서
102,Thank you for all of the time and attention  you are putting into Tracer!  Please take care of you. Ignore the churlish sub hounds;; they can wait. The rest of us will continue to wait- patiently. That baffles me about the sub hounds. It’s not as if once there the subs are going to be taken away or spontaneously combust. There will be plenty of time to enjoy them. Fighting 💪🔥 Tax Payer Subs!,트레이서
104,"So far not.....even if they end adding a bit, i think it will as minimal as it an be or almost non-existent. Cause romance is not a major plot point at all.",트레이서
105,Anyone knows where to watch with good eng sub? Viewasian's sub is pretty bad.,트레이서
106,We subbed until Ep 3 and working now on Ep 4. Look for us @TaxPayerSubTeam on Twitter!,트레이서
107,Please DM me if you need subs!,트레이서
108,why did they split it into 2 seasons? XD its just a three weeks break because of the olympics,트레이서
109,It’s been decided to split it into 2 seasons during pre-production period of Tracer. Ep 8 ending really felt like a season ender.,트레이서
110,yeah after watching ep 8 it really did!,트레이서
111,Where else can i watch this? Dramacool subs suck,트레이서
112,Look for us  @TaxPayerSubTeam on Twitter!,트레이서
113,Done follow tQ,트레이서
114,Dm me if you need subs!,트레이서
115,Is there any romance?,트레이서
116,I watched half the first episode in the Dram...... site but ...nothing made any sense of the eng subs.Any one had the same problem?Are the subs ok?,트레이서
117,See subs for TAXPAYER SUBS on Twitter and TELEGRAM..they have released subs for 2 episodes,트레이서
118,"Pls don’t watch it on pirate sites, their subs are bad coz they’re just computer translated. Look for us @TaxPayerSubTeam on twitter!",트레이서
119,I will  and you are right .Thank you,트레이서
120,Dm me if you need subs!,트레이서
121,thank you Antonio,트레이서
122,"guys they said this drama is going to be aired from Jan 7, 2022 - Jan 28, 2022how many episodes  were aired till now ???",트레이서
123,The first 8 episodes have aired so far and the other 8 episodes will be aired after the 3 week break due to the winter olympics :),트레이서
124,thank you so i asked because i found just 3 eps. subbed,트레이서
125,Hello Netflix... Can you put this show in your platform... I want to see my Baby Siwan...,트레이서
126,Hello Netflix... Can you put this show in your platform... I want to see my Baby Siwan...,트레이서
127,Why only 8 eps now?,트레이서
128,There a two seasons now. Both of them have 8 episodes. I don't know why.,트레이서
130,They’re calling the two halves of the drama separate seasons because of the 3-week Olympic break in between.,트레이서
131,"Oh, I didn't know thanks for info.",트레이서
132,"Hi. It’s not because of the olympics. Even during the 1st month of Tracer’s filming, the production already knew it will be split into 2 seasons.",트레이서
133,@TaxPayersSubs Thank you for the correction!,트레이서
134,does anyone know where can I watch this drama with decent subtitles? :( I have been searching but with no luck can anyone help me?,트레이서
135,dm user @Antonio down below in the comments! they're doing a good job with subs :),트레이서
136,Thank you for trusting us and @JuliaCaesar!,트레이서
137,We subbed it until Ep 3 and now working on Ep 4. Look for us @TaxPayerSubTeam on twitter!,트레이서
138,pls i dm'd antonio earlier this week but i got too caught up w work and couldnt watch it at all. just watched the 1st ep and i need to thank u ;-; i like actor si wan so much and hes doing a drama abt the exact same thing i work with i was too excited  but i got a bit sad ít wasnt going to be possible to watch without subs so ty⁴ >3< <3,트레이서
139,We subbed until Ep 3 of Tracer. Look for @TaxPayerSubTeam on twitter!,트레이서
140,Thank you for trusting me and @JuliaCaesar!,트레이서
142,the highlight of this drama for me are im siwan's scenes where he serves those tax papers. script is amazing at those parts,트레이서
143,this is so difficult to watch my head hurts,트레이서
144,Pls don’t watch it on pirate sites coz their subs are auto-translated. Our team subbed it until Ep 3 and now working on Ep 4. Look for us @TaxPayerSubTeam on twitter!,트레이서
145,Please DM me if you need subs!,트레이서
146,"Hello!Episode 5  is now ready to go!For those who already DM'ed me for previous episodes, you don't need to DM again as I'd explain in the previous DM.If anyone doesn't have the link from previous episodes, please DM MeAs always, your feedback is very important to usThank you so much @Juliacaesar for all your work :DEnjoy!!",트레이서
147,Hi! Could you tell me where to watch it?,트레이서
148,DM replied!,트레이서
150,@Eda  Please send me a DM. Thanks,트레이서
151,Hey there! New to this space....how can I dm u for the link!?🥺...also thank you for ur hard work💙💙💙,트레이서
153,@Antonio Can I also give me the link? Thanks.,트레이서
155,Hello 😄 could you also tell me where to watch it? Thankyou very much. 😊,트레이서
156,Please DM me. Thanks,트레이서
157,"Hello, thank you for subbing. Can you send me the link.",트레이서
158,"Hi, can you tell me where to watch this with good subs? thanks",트레이서
159,"Hey man ...i want the links too, from 1st episode",트레이서
161,@Antonio Thanks for the Reply.,트레이서
162,Update about Episode 5.It may be released between today and tomorrow. Stay tuned!!Thank you!,트레이서
163,Thank you so much for the subs! I'm loving this drama and the fact it's not available in English anywhere is very frustrating. (The subs on dramacool etc. are completely incoherent.) Thanks to you and your partner I'm able to enjoy it! I look forward to ep. 5!,트레이서
164,Hi! Could you tell me where to watch it?,트레이서
165,We are still working on Ep. 5. Stay tuned!,트레이서
166,@Antonio And earlier episodes?,트레이서
167,@AlexisTasartir Please DM me. Thank you,트레이서
168,@Antonio Thank you! It's much better with your translating! :),트레이서
169,"have you seen ep 7 and 8 yet? if yes, where?🤔🤔",트레이서
170,"Where can i see ep4, 5 and6 with proper subtites?",트레이서
171,where did you watch ep 3 with good subs,트레이서
173,"Hello!Episode 4 is now ready to go!For those who already DM'ed me for episode 3, you don't need to DM again as I'd explain in the previous DM. If anyone doesn't have the link from previous episodes, just DM me.Episode 5 will be ready soon.Enjoy!!",트레이서
175,is ep 3 out?,트레이서
177,"BTW i just clicked on the vimeo links for Ep 1 and 2 today 1/30/2022 and the links are broken now and when doing a search in vimeo with 'Tracer Episode', no results with drama episodes found - when i did a search before 1/30,  both episodes show up.",트레이서
178,"Yes, our vimeo links are down and won't be using that platform anymore. We moved to a new link! Follow us on twitter for timely updates.",트레이서
179,"Hi, just wanted to say thank you so much for the subs. Eagerly awaiting the subs for the rest of the episodes.",트레이서
180,"@Antonio - I watched episode 2 but I am confused with the subbed pronouns ""I"" and ""you"". Is it true those 2 Korean pronouns are problematic or interchangeable? Sorry if I am mistaken.",트레이서
181,Thank you for pointing that out as it can be confusing! I'd take note of your comment and fix it soon. Thanks!,트레이서
182,I really appreciate your efforts to enable international fans to watch this drama. Thank you.,트레이서
183,"Quick update about Episode 4!We are checking the subs again line by line in order to adjust the accurancy as much as possible. Hopefully, we will be able to release the subs soon!Thank you as always @juliacaesar and, of course, all the people who is reaching out by DM to provide feedback! We are only 2 people but we are building better subs thanks to you!",트레이서
184,"Hi, do you translate the Korean script too?",트레이서
185,Such a great story and really wouldn't be able to understand what was going on without you  guys!! Hwaiting!,트레이서
186,"Hi, everyone! We appreciate the people who message us to ask us when we'll release Ep 2. It takes longer because we translate from the original Korean script and we make sure that we don't mistranslate anything. Google translate is notorious in dropping words or making mistakes so the translation often comes out wrong or different than the original Korean sentence. So pls avoid the pirate sites that use the awful Google translate subs. Btw we're on our way to release Ep 2! It's worth the wait. Thank you for your patience. - @TaxPayerSubTeam/twitter",트레이서
187,thanks for the subs @Antonio ;),트레이서
188,thank you @antonio and co for subs of first two eps,트레이서
189,@Antonio - Received with thanks.,트레이서
190,Is there any chance that viki will pick this up?,트레이서
191,I finished the first EP and it was well made thank you and your team for the all the effort you has put to this @Antonio,트레이서
192,HelloWould you be able to share the link with me please. Or would that be rude to ask?Thank you,트레이서
194,Thank you @Antonio and team for doing a wonderful job.  You are making Tracer enjoyable for those of who need subs to watch these wonderful dramas.  Your hard work is appreciated.  I just finished ep 1 and starting ep 2.  thank you again,트레이서
195,@antonio and @Juliacaesar thanks a lot for the subs...best quality available.,트레이서
196,"Episode 3 now available!!We finished reviewing lines and we believe it's good to go! As always, please DM me and I'll send you the link.@Juliacaesar. Big thanks!!!",트레이서
197,Can you send me the link eps 1 to 3? Thank u so so much :),트레이서
198,Please DM me. Thank you,트레이서
201,"Amazing. Thanks for your hard work, folks! 🏅🏆",트레이서
202,Thank you so much for subbing this!!!  I've messaged you enquiring if I could get the links for eps 1-3 if poss :) I had no idea this had been picked up by a decent translating team and am excited to watch!,트레이서
203,"please send me the link, thanks a lot",트레이서
204,HI! I am OLD in age and NEW to social media! Can you teach me how to MD you for the  link eps 1 to 3? Thanks you in advance.,트레이서
205,Aw... I want to be your friends now. Where your subbed episodes are coming?,트레이서
206,Thanks a lot !,트레이서
207,Thank you so much for the hard work and for sharing. Finally justice to the script!!! Thanks a lot once again,트레이서
208,Subscene has the English subtitles for ep1-6,트레이서
209,Those subs are translated with Google and it has poor quality!,트레이서
210,"Few, some people actually translate themselves. Plus they post the Korean subs to make it easier.",트레이서
211,@Ellachris Subs in Subscene are from Google. I've just opened one of them and it has a very low quality :/,트레이서
212,Update on Episode 3:Subs are 50% done. We hope to get it done tomorrow!Thanks as always @juliacaesar!,트레이서
213,"It's awesome drama but unfortunately I couldn't found proper subtitles. So, with little bit of logic and limited ability in Korean, I struggle to survive 😂. It's really good so, I didn't want to missed it.",트레이서
214,@Juliacaesar and I released a good version for ep 1 and 2. If you want to see ep 2. Please reach me by sending a DM!,트레이서
215,I'm very much interested and I send a DM,트레이서
216,@ZKING I'd reply 2 hours ago. Thanks!,트레이서
217,Thanks a lot @ TaxPayersSubs and team for the subtitles.But damn I should not have started watching this now. How am I going to survive the wait:-/ (15epis!!!),트레이서
218,"Watched the first episode and seems promising?? It's kind of hard to keep up with the terminology and with this many characters (especially cause english it's not my first language), but all in all it looks fun!Also thank you so much for the subtitles! Y'all doing god's work, really thank you!",트레이서
219,Hi! Did you watch the one we translated?,트레이서
220,I watched the one you guys have translated and i really enjoyed the show thanks to your subs!,트레이서
221,Looking forward for next ep 🙂,트레이서
222,Same here. Enjoyed watching subbed Ep 1 by Taxpayer Subteam on vimeo.,트레이서
223,"Yes, it was yours I think? From the link on twitter. But it's my fault if I struggled a bit, the subtitles are really well done! It's just that I'm not too familiar with the proprer terminology about taxes and their agency. I followed everything else pretty well! So yeah, I wasn't trying to criticize your work, I'm sorry if it came off like that, for real, I appreciate immensely all the work you all have done in order to provide us with subtitles.I was just trying to warn that if someone is like me and isn't too familiar with the whole context, one could end up having to re-read some dialogues once or twice to understand properly. But I didn't mean to sound ungrateful, really! I'm so sorry, should I edited my comment in some way to explain myself better?",트레이서
224,@Vince No! We appreciate the feedback. Unfortunately there really are a lot of accounting terms in Tracer that we can’t risk simplifying or else we might lose the scriptwriter’s intended message. We’ll try our best to make it a bit easier to digest for speakers of other languages.,트레이서
225,"Thanks a lot to @Antonio and @JuliaCaeser for subbing the episodes, it's quite good, naturally it's not perfect subbing but a damn lot better than Google Translation. Looking forward for more episodes.",트레이서
226,"Quick update:We expect to get done episode 3 this weekend and start episode 4 next week. We are revising line by line as we did on episode 1 and 2 and getting everything as accurate as possible avoiding Google translation service.As always thank you @JuliaCaesar for your hard work! Without you, this project could have been impossible!",트레이서
227,Thank you Antonia and everyone else who is subbing. What a great team!,트레이서
228,Thanks for subbing.  Not an easy task. Hence really appreciate it very very much.  Can let me have the link to subbed  Episode 2 ? Thanks again,트레이서
229,Please send a DM. Thanks,트레이서
230,Thanks hey you guys are doing a great job,트레이서
231,Thanks for doing such a great job subbing on ep 1. Where can I watch ep 2?,트레이서
232,"We're now working on Ep 2. Sorry we can't work faster due to the script's complexity and the availability of the volunteers. We hope to release it sometime next week, Wed or Thurs.",트레이서
233,Thank you ever so much!,트레이서
234,I am so thankful for your hard work!  It was perfect and this show is so good!!,트레이서
235,Oh! We have the same username 👀,트레이서
236,"Hello! As Cel140 and Findingnima already mentioned, our team of translators worked together to sub Ep 1 of Tracer! We translated from the original Korean script and we tried to be as faithful to it as possible to capture the humor and the emotions the characters have shown. Google translate doesn't give it justice since Google will often drop words that it doesn't understand so it makes the translation even messier. Tracer's script is FANTASTIC and it deserves to be treated with respect. We hope everyone enjoys watching it as much as we enjoyed subbing it! Just look for @TaxPayerSubTeam on twitter :)",트레이서
237,"Episode 2 is ready to go!Please DM me as happened with episode 1 and I'll share you the link.As always, thank you @juliacaesar !!And now we are starting working with episode 3. I hope we'll have news to share soon!",트레이서
238,Where can I watch the episodes with sub??🙃,트레이서
239,Send me a DM,트레이서
240,"@Antonio HI! pls snd me the link, thanks!!!",트레이서
241,@Tess_Lets_Fly Please send me a DM. Thanks,트레이서
242,Quick update.@juliacaesar and I are working to release as soon as possible episode 2 so stay tuned!,트레이서
243,"Hi, can you share me the link for this drama with good subs? Thank you",트레이서
244,Please DM me. Thanks,트레이서
245,"hey everyone, just wanted to say please PLEASEE don't watch the eps with subs that you find on sites like dramacool and others! they were google translated from korean so they are nowhere near accurate & they don't do justice to tracer's amazing script. if you go to this twitter link: https://twitter.com/TaxPayerSubTeam/status/1483910542062661632?s=20, you'll find the link of the first ep with properly translated subs that our team created!",트레이서
246,thank you so much,트레이서
247,Thank you so much!,트레이서
248,Thank you and the team for subbing this!,트레이서
249,"Finally, somebody is translating this drama. Thank you so much🌸",트레이서
250,"Finally, somebody is translating this drama. Thank you so much🌸",트레이서
251,"Hello, May I ask when will ep 2 subbed of tracer be out?Btw the subbing is good, thank you so much for making it",트레이서
252,the translators are currently working on it <33 please follow to keep updated!,트레이서
253,Really appreciate your effort.👏👏The subbing is done really well. Do let us know when you sub the 2nd episode.,트레이서
254,"When I made a comment that the subs on the site you mention wasn't that great because it lacked the syntax of the language it was translated to because the translation was verbatim -- and made no sense at all.  I was told  that the translation were done quite well and that and I quote ""It's relatively apparent that ASE (American Standard English) is not your mother tongue (gathered from reading a number of your comments). Therefore, how could you know?"" Anyways, thank you for the link, much appreciated.",트레이서
255,thank you so much for your hard work!,트레이서
256,tysvm!  Can I make a request to make the subs larger?,트레이서
257,What's happening 😅😅 ep 3 has good subs but they still haven't changed those google translated subs for ep 1 & 2.,트레이서
258,Did you watch ep 3 with eng subs ? Please can you give me the link,트레이서
259,No I haven't I'm yet to watch ep 2 so I just randomly checked ep 3 with subs (on watchasian) that has been uploaded and they are good enough i guess. Right now I'm waiting for ep 2 with proper subs.,트레이서
261,"Hi all, here is episode 1 of tracer with subtitles done by the TaxPayer Sub Team on twitter :) please enjoy! https://twitter.com/TaxPayerSubTeam/status/1483910542062661632?s=20",트레이서
262,Thankyou..Will your team also sub the next episode until the end?,트레이서
263,Yes we are!,트레이서
264,"As I got sick yesterday, I'm just subbing at currently the 25:30 mark. So I'll let @Findingnima's team sub it fully. They'll do a better job because there are too many of them and I'm just a one man subber. 😉",트레이서
265,Hey hope you get well soon! Please dm me if you would like to join for further episodes :),트레이서
266,Will do. Thank you. 😊,트레이서
267,Thank you for using the TV verson copy of the series BTW. 😃,트레이서
268,"Hi all, here is the link to our twitter page for volunteer subbing tracer, we are just trialing out where to upload for ease of access and will post details about release on there 😁 https://twitter.com/TaxPayerSubTeam/status/1483662315828375552?t=7stJW-gePUTiUmfEc_67pw&s=19",트레이서
269,Where can i watch ep 1 with proper eng subs?,트레이서
270,I watched e1. The subs were atrocious. They seemed Google translated. I couldn't bare to try e2.,트레이서
271,"Just finished episode 1 with eng sub, and it got me hooked.Sad part, it would be a torture waiting for subs. 😭😭😭",트레이서
272,"Subs for ep 2 are being reviewed in order to check any grammar problem since it's been translated by an automatic tool. If anyone wants to help reviewing it and sending back their suggestions, please DM me.Thank you so much!",트레이서
273,Please send me the link as well :),트레이서
274,Send me a DM. Thank you!,트레이서
275,"Hi everyone, we have a volunteer sub group who have subbed ep1 and will be releasing it very soon, will let you know of further details on twitter :) of course you can go ahead and watch the eng subs on the other sites but they don't do the script justice without proper translation! But  much appreciated as that was what was available at the time!",트레이서
276,For those who don't have twitter will post here as well :),트레이서
277,Where will you post it ? I’m wztching episode 1 and the subs are really bad…,트레이서
278,Where will you post it ? I’m wztching episode 1 and the subs are really bad…,트레이서
279,Sorry do you mean where will we post the ep?,트레이서
280,"@Findingnima Yes, that’s what I mean.",트레이서
281,@Spicopate Hi we have released it please find information above! :) Enjoy!,트레이서
282,Where will you be releasing it?,트레이서
283,We will be having a discord streaming party and releasing it on vimeo/gdrive for watching in your own time! Further details about release schedules and links will be posted on our twitter page which we will link here in the next day or two! We are just a group of volunteer subbers who are just doing it in our spare time :),트레이서
284,Thank you so much. <3,트레이서
285,someone please sub it. the available one is straight from google translator.,트레이서
286,Ep 1 & 2 are subbed now on watchasian. But don't watch guys the subs are TERRIBLE!,트레이서
287,Yes its terible😣,트레이서
288,"💯agree. I watched it on another site  same problem. Subs are absolutely terrible 😂. It looks like the conversations were subbed using a voice over translator 🙈.  Nonetheless I couldn't resist as I was looking forward for this. With my poor understanding of Korean and the 💩 subs I managed to get the gist of the conversations so I could follow what was going on. Hopefully it will get subbed properly soon or maybe Viki can pick it up 🤞As a last comment, however, still I want to thank whomever did the subs for the initiative. I guess if it was not for this person I couldn't watch it 😉",트레이서
290,Anyone has watch it? How was it? Is it worth to watch?,트레이서
291,"Im Si Wan has a new drama??!!!""National Tax Service""... oh YES",트레이서
292,"https://mega.nz/file/Ha5UhZCA#00RdMglnqY2KJ8JBX54wOqo3JA0Akm3OAUbWT_l_Q_4Updated it a bit so you can see my progress. If there is something wrong in the sub, feel free to correct me.",트레이서
293,it looks good so far.,트레이서
294,"I saw ep 1&2 subbed, does it worth to watch it with those subs? Are the subs okay, guys? Or should i wait until the official subs come?",트레이서
295,"user @Antonio posted a comment below - they fixed sub for episode 1, watched it and it was good. DM them for the links, cause we may never get official subs..",트레이서
297,I seriously want to watch this drama,트레이서
298,"Im Si Wan has a new drama??!!!""National Tax Service""... oh no...",트레이서
299,https://mega.nz/file/6eZmGDYT#JQFzhUCur75g11Pk4n-yXf0IsOMxvhwOqYUXuEg0ACQTried it for a bit. Do you think I should continue subbing it?,트레이서
300,love the translation though it only lasted for more than a minute. please continue subbing.,트레이서
301,Will see what I can do.,트레이서
302,why tf is this 7.9???,트레이서
303,8.1 by now.,트레이서
304,So weird. It keeps fluctuating. From 8.8 to 7.9 to 8.1,트레이서
305,exactly.... i was okay with people uploading automated subs but if thats part of the reason why the rating is going down i'll be annoyed. it was 8.8 at one point.,트레이서
306,"Subs for episode 1 are available now. Thank you so much @juliacaesar for your help! The subs were translated into English with Google and fixed by Jul. A very good job! Until we decide how to publish the subs, please reach me by DM and I'll send a link.Again, thank you so much Jul!",트레이서
310,Epic. Just DM'd you. Thanks. :),트레이서
313,Please DM me as well,트레이서
314,Please DM me too :),트레이서
315,Please DM me too 🙏,트레이서
317,All DMs received have been answered. Enjoy!,트레이서
318,You subbed it? You must be an angel. Can you send me a link?,트레이서
319,It was subbed via Google and @juliacaesar and me fixed it. Please send me a DM.,트레이서
320,Subs for ep1&2 on subscene!!!,트레이서
321,google translated and its very bad,트레이서
322,Haven’t watched yet but thanks for the info…,트레이서
323,@Emilly My He you. These three words are totally mixed up,트레이서
324,@JuliaKo When i get time i’ll try to correct the subs with my korean understanding…,트레이서
325,With this spoiler comment I'm not telling you to DM me asking for the English subs translated by Google from Korean and at least watch the first two episodes until a proper sub is made ;),트레이서
326,Can I have the Korean subtitles? I'll translate them myself. Will share with everyone if necessary. Thank you.,트레이서
327,"https://mega.nz/folder/Vsp1za7S#3Mu-52f3LPcs_ChLWKT8DgHere, I saw 2 korean subtitles for ep 1 and 2. Now, in subscene ep1 and ep2 has eng subtitles, but they are google translated, and difficult to understand. You can give it a try, do you understand korean?",트레이서
330,@herc-u-luis Thanks,트레이서
331,@herc-u-luis I'll try,트레이서
332,@herc-u-luis Thank you. I understand it a bit.,트레이서
333,"I see a lot of people asking about subs. Tracer is airing on MBC and streaming on Wavve (a Korean streaming site) which doesn't do English subs. Like a lot of Wavve dramas, Tracer hasn't been picked up buy an international stream service yet so there aren't any subs available (sites like ki5sasian and dramac0ol pull their subs from legal streaming sites, they don't generate them themselves).Our best bet for subs (aside from relying on fans, which is a big ask as it seems to be a tricky drama to translate) is to ask a streaming site like Viki to pick it up (which you can do here: https://support.viki.com/hc/en-us/articles/360034633713-Request-a-TV-Show-or-Movie)",트레이서
334,Requested. Thanks!,트레이서
335,UGH Ep3 is SOOOO solid. The script is truly very tightly written. Once Eng subs is available please do give this a watch!,트레이서
336,aaahhhh the third ep's out  as well and first eps still haven't been subbed :/ what's going on fr,트레이서
337,I've been waiting for this drama and now no sub :'(,트레이서
338,"I have the subs in English translated via Google from the original ones in Korean. They need a few touches in order to be fully understandable. If anyone wants to help, feel free to send me a DM.",트레이서
339,Hi I have DMed you regarding this :),트레이서
340,can anyone think of a subber that would maybe accept this project? :((( im siwan fanbases where are youu,트레이서
341,"I read some users on Twitter saying that with help they could get the project out, but I think it would take time.",트레이서
342,":(( oh well, guess all we can do is wait then",트레이서
343,Any signs of subs???,트레이서
344,again? 😰 why do dramas staring go ah sung always take forever to get subbed.,트레이서
345,I am crying. I want to watch this so bad,트레이서
346,"What a pity, still no subs. Even if you understand a bit of Korean you are stuck very fast because  there is a lot of technical language…",트레이서
347,Are there too many technical terms…i can understand the basic korean but not the complex one…thought of giving it a try but i guess i should wait for subs now,트레이서
348,it is a shame this has no eng subs,트레이서
349,Does anyone know where can I find the original subs in Korean? Thanks!,트레이서
350,it's on the Korean streaming platform wavve,트레이서
351,But it's not available for free the subs in that platform. I'd check it,트레이서
352,"@Antonio good luck finding them, then... only raw versions have been uploaded on sites like kissasian and watchasian :(",트레이서
353,@vivi_1485 I'd found them! Now I'm trying to translate them with any automatic tool but at least I have the Korean subs!,트레이서
354,@Antonio Where did you find tham?! Please tell me...?,트레이서
356,anyone have a link with subs?,트레이서
357,No subs . Can’t believe it,트레이서
360,The drama is so much fun! So far very  solid script! Loving it!,트레이서
361,Did you watch it raw or subbed? Please can you tell me?,트레이서
362,I watched with Chinese subs :(,트레이서
363,That times when fun translation was avaliable few hours aftet airing of the episode ...,트레이서
364,"the trailer and synopis gave me a huge Squad 38 feels (which is my favorite kdrama) plus Siwan always do good dramas, i'm really hyped for subs",트레이서
365,Shame there is no sub yet,트레이서
366,"if subs are out, plz link them in my replies",트레이서
367,There is only Chinese sub at Big drama,트레이서
368,"Usually one of the fans would have picked it up and subbed it, its strange that no one is picking this up",트레이서
369,"Can someone tell me why the subs aren't here yet. I took a break from kdrama, started the comeback with ""The one and only"" and the last 2 episodes I found no sub, it took i think 3 more days to get the sub. Now, with this one, again the same thing is happening. Is there a particular reason for this that I'm missing here?",트레이서
370,No international ott has picked it up yet so no subs unless a fan starts subbing it,트레이서
371,But it's strange that Wavve gave this drama to air on MBC and not exclusively on their streaming service.,트레이서
372,What is even stranger is that MBC/Wavve have Kocowa which streams internationally so why not give it to Kocowa to broadcast ?,트레이서
373,"I don't know why WAVVE won't sell the rights to overseas, the good-looking drama is wasted",트레이서
374,I need Subtitles ASAP!!!Hope tomorrow we have Subs...,트레이서
375,This is tragic! Where are the subs?!!!!!! weeeep,트레이서
376,Tax offices has to be one of the most boring settings out there. I can't believe they made another one like this.,트레이서
377,"Wow, I didn’t realize fansubs no longer existed!!",트레이서
378,why don't they exist anymore though? are there rules? is it illegal?,트레이서
379,"technically they're ""illegal"" but they still exist, just weird no one has started fansubbing this tbh",트레이서
380,they do tbh but its odd that no one has picked this up,트레이서
381,I follow Im Shin Wan 's work  since Misaeng and he never disappoints me.Waiting patiently until this work is subbed.,트레이서
382,I wish I didn't know about this drama. Waiting for subs is going to be very tough. I'm guessing it will be like You raise me up. Many weeks later for it to be subbed.,트레이서
383,do you know how many weeks approximately  it took You raise me up?,트레이서
384,"It took about three weeks. Viki picked up the drama after You raise me up aired. If the same thing happens with this drama then we won't get subtitles until this drama finishes airing (end of February). Hopefully, some OTT picks it up while its still airing and we don't have to wait that long.",트레이서
385,"It would be great to, at least, obtain the Korean subtitles and try to subtitle it with tools like Google Translator. It won't be great but it would be something! I'm going to investigate",트레이서
386,Excited to see Go Ah Sung😭😭,트레이서
387,I hope some OTT or fansub will pick up this drama T.T,트레이서
388,Guys isnt it also romance drama?,트레이서
389,dont think so,트레이서
390,Thats sad,트레이서
392,"Aaah I miss those days when kdrama sub done by fans rather than international ott. These days it’s just hard when no international ott picks up, we won’t get any subtitles.",트레이서
393,dang so this wasn't picked up by any of the international streaming services asdjsjf that sucks,트레이서
394,wait so there is no chance for anyone to watch?,트레이서
395,I think it is Wavve first original drama too won't they won't exposure to their content... I am about to cry,트레이서
396,"@TuttiFrutti14 oh that does suck, i know a lot of ppl were excited for this too :(",트레이서
397,@catstreet I hope wavve allows someone to pick it up down the line the drama's ratings are pretty good so far.,트레이서
398,"@TuttiFrutti14 This isn't Wavve's first original drama. In the past, they've had 'SF8', 'Love Scene Number' and 'You Raise Me Up'. All those dramas were either picked up by Kocowa, VIU or Viki. So hopefully Tracer can be picked up eventually? I know last year, for Wavve's recent drama 'You Raise Me Up' was picked up by Viki after a few weeks.",트레이서
399,"@ayamefan13 My bad, thank you so much! I'll live on this info!!",트레이서
400,Did wavve gatekeep this drama from being distributed by other OTTs? 🙃,트레이서
401,"I have no idea, I am so scared that that is the case cause I have been waiting for this show for a very long while...",트레이서
403,does anyone know a site that has subs??,트레이서
404,does anyone know a site that has subs??,트레이서
405,untill an international ott picks up there will be no subs,트레이서
406,:( thank you,트레이서
407,So far there is only Chinese sub. You can watch at Big Drama,트레이서
408,thank you,트레이서
409,no subtitle yet😓,트레이서
410,is this like the cliche cops fighting for corrupt politician or some bs ?,트레이서
411,is this like the cliche cops fighting for corrupt politician or some bs ?,트레이서
412,"recently watching go ah sung on crime puzzle, and look like this drama have similar vibe.. hope it will be just as good",트레이서
413,guess we have to wait for days until it gets subbed 😭,트레이서
414,Has this been picked up for subbing yet?,트레이서
415,looks like 38 task force i hope it will be atleast as entertaining,트레이서
417,There aren't subtitles at the moment,트레이서
419,this does look lacklustre but sometimes show like these can be unexpectedly funny,트레이서
420,I love Im Si Wan!,트레이서
421,Is it an advert for the tax service? Either a recruitment ad or a 'pay your taxes' thing?,트레이서
422,i believe it might be similar to Ma Dong Seok's 38 Task Force (2016).,트레이서
424,the plot looks terribly boring but damn theyre enticing me by pairing Go Ah Sung and Im Si Wan for the SECOND time 😭😭 i shipped them so hard in A Melody To Remember... they better have a good romance!,트레이서
425,ngl this looks really bland,트레이서
426,"Have not seen which overseas OTT has the copyright, TOT",트레이서
427,Siwan used to be one of my fav actor..... hope this drama doesn't include romance ...so that i can watch it tooo,트레이서
428,"Me too, I also hope there will be no romance. He is just not made for romance dramas. That kissing scene in the Run On was so bad, I almost choked on my sandwich.",트레이서
429,the only reason I'm going to watch this drama is Siwan. he's so expressive as an actor. I loved him in Strangers in the Hells. Can't wait to see his new drama,트레이서
430,MBC weekend drama (Fri-Sat) slot is getting better and better! I’m excited for this,트레이서
431,Hoping this will have high viewer ratings 🙏🏻 Can’t wait MBC is on a roll this year,트레이서
433,A Melody To Remember's lead actors! I'm looking forward to it!,트레이서
434,MBC produces good dramas! I’m excited!The cast is great too! I can’t wait to so ISW again,트레이서
435,"omgg im shiwan looks soo good in those still cuts, cant wait!!!!",트레이서
436,Im Si Wan!!! Can't wait.,트레이서
437,What an under rated cast ! I'm excited,트레이서
438,Im Si Wan and Go Ah Sung again!! So excited,트레이서
439,When will this air pleaseeeeeeee?,트레이서
440,I also would like to know that😂,트레이서
441,Seriously 🥺,트레이서
442,"itll air on january 7th, 2022!!",트레이서
443,@riel Thanks😁 now I can add it to my calendar finally!!,트레이서
444,When is this airing?,트레이서
445,Tracer” premieres sometime this winter.(Soompi),트레이서
446,is there any chance of Netflix getting the license?,트레이서
447,no wavve has streaming license,트레이서
448,the poster freaking slaps,트레이서
449,CAN'T WAIT,트레이서
450,"""Office’s Tax Division"", uh... Feels like this plot/setting has been done so many times already...",트레이서
451,Redundant govt/political plot. The plot is not so modern for a 2022 drama. So far January 2022 dramas are not capturing my interest.,트레이서
452,Hey can anyone clear my minor confusion...This is a drama right ? Shouldn't it have more than 1 ep ?,트레이서
453,Yes it’s should have more then 1 ep they haven’t decided how many ep it’s going be yet it’s probably the normal 16 eps,트레이서
454,Ohh that's great news then :),트레이서
455,"Yes, Im Siwan in a thriller drama and I’m loving this cast",트레이서
456,so apparently this will air in january 2022 :') i'm so impatient plss,트레이서
457,Do you guys think its sth like taxi driver?,트레이서
458,"Hmm not likely, sounds more like something between the two MLs. 38 Task Force is similar to Taxi Driver.",트레이서
459,Thanks for replying I don't even remember commenting this 😭😭😭,트레이서
460,"super excited for this drama, and now even more so bc it looks like ah sung and siwan will be costars again 👏 let's hope that she accepts the role!",트레이서
461,can't wait for thissss please im shi wan accept the role uwu I want to see him in this,트레이서
462,can’t wait for this!!,트레이서
463,Hope Im Shi Wan accepts the role. Would very much like to watch this.,트레이서
464,"Anything with Im Shi Wan, I’m down to watch let’s goooo!",트레이서
466,I'm in!!,트레이서
467,Me too! :’),트레이서
0,THUMBS UP! TaxPayerSubs just uploaded 10th ep!,트레이서
1,I’ll just say this: Oh Young’s suspenders are SUCH a serve.,트레이서
2,TAxpayer's subs have uploaded the 9th episode.https://tracerenglishsub.wordpress.com/,트레이서
3,Thank you so much! You guys are saving my life. This is such a good drama and your subs are really nice.,트레이서
4,Actually I just copy-pasted the link here. Someone from subtitle team dropped it in season 1 's comment box. 😅,트레이서
5,"@strikejet Oops, I hope they see my comment then! Thanks for sharing!",트레이서
6,Still no good subs for season 2?,트레이서
7,I came here for the same reason.Seems like not yet.,트레이서
8,wait for another week or so,트레이서
9,"i want to believe that the last scene/last ep, when she call his name she made a heart with her hands for him :) (and that's my romance imagination :)))",트레이서
10,"I just saw that all 8 episodes of season 2 are out. Did anyone already check the sub quality? In season 1 there was a huge difference between the earlier subs and the subs done by TaxPayersSubs (who do an amazing job! I am rewatching their releases, currently waiting for season one's episode 6). If it is low quality again, this time I want to wait until TaxPayersSubs are done with translating.",트레이서
11,"I tried watching episode 1 of season 2 from dramacool, it’s unwatchable🙁. Though I don’t really understand Korean, I could tell the Eng sub is horrible. So, it’s that bad…could not finish the episode….. I was hoping to find Chinese sub, but current site available not updated to season 2..",트레이서
12,"Thanks, that clarifies it. I will wait for TaxPayersSubs before watching it.",트레이서
13,@Fatima They told me it will at least 1 month from the released date for a proper subs to be available .well i already finished watching it xD,트레이서
14,"@shubham prasad I am sure it was still great XD However, I saw the difference in subs in season 1, therefore I will happily wait for the subs. I am really thankful that they are doing such a great job even though it takes a lot of effort. The least I can do is waiting 😊❤",트레이서
15,"@Fatima yeah it was great .i may not have understood the exact gist of whatever happened in S2 but i definitely understood most of them, thanks to whatever Korean i learned while watching 100 Korean series and movies. Sometimes even subs weren't necessary. xD hehe",트레이서
16,"i was wondering the same! and really wondered how come other sites did not have this show subbed/available in their site, is it because it's low rated in korea?",트레이서
17,"no, it's not because it got low ratings there. Tracer consider had a really good ratings compared to dramas that airing on the same time, it's number 1 in the time slot. it's because this is wavve original drama in the first place not mbc and wavve never sold their original dramas to international platform so far. that's why tracer have no proper english sub and rely on fansub",트레이서
18,"@kamjura it's good to know that the show was doing well! there are a lot good show from these platforms lately, hopefully we won't get to missed out because that. sigh, will just have sit back and wait then",트레이서
19,I mean drama cool uploaded all 8 episodes..how I mean are they already up??,트레이서
20,"wavve is pre-released the full season 2 on their site, even a week before mbc start to broadcasting episode 1 of season 2 because this is wavve original drama so they have the rights, mbc just broadcasted it. it's a same case as tving original drama that got broadcasted on tvn later",트레이서
21,Well … 8 episodes per season is starting to become the norm worldwide anyway. ^_^,트레이서
22,For people wondering why S1 is only 8 episodes long and why this is suddenly down as S2. Tracer is taking a 3 week break because of the Winter Olympics so Wavve decided to label the first half as S1 and the second half as S2 instead of keeping it as 1 season. All S2 episodes will be released together on Wavve 3 weeks from now.,트레이서
23,They somehow split it into 2 seasons 8 eps per season😁,트레이서
24,What is this?😂 Is this true?,트레이서
25,i am also shocked🤣,트레이서
