,reviews,title
0,Se Young and Seol In Ah could play sisters in a drama they resemble each other a lot,특별근로감독관조장풍
1,SIMPLY THE BEST. loved everything about it. fierce jo and his group <3,특별근로감독관조장풍
2,How's Romance Between Main Leads??And Who's Main Leads??,특별근로감독관조장풍
3,there is romance but its not the main focus of the drama. There are two couples jin gap x miran and deok goo x mal sook. Main lead is jin gap.  The rest play prominent roles. You will love them all. Its more like a comedy feel-good show. You should definitely give it a try.,특별근로감독관조장풍
4,@lilcub Thanks,특별근로감독관조장풍
5,is there any heavy conflicts? or just suitable when u want something light and fun without stress?,특별근로감독관조장풍
6,Its a feel good show. You dont have to worry about stress. There are some small conflicts but how can I say without spoiling it.. it always ends well. Like it will go the way you want it to.  There are many characters you will love. Its fun to watch. Usually action dramas are hard to watch bcs evil guys always seem to be winning but this one is different. Cant say more. I loved it you should try it too <3,특별근로감독관조장풍
7,@lilcub Alright! Already in my list,특별근로감독관조장풍
8,it's so fun to watch this drama love their friendship so much very cute tho,특별근로감독관조장풍
9,Did the leads get back together ?i read a comment that fl is his ex wife ?,특별근로감독관조장풍
10,is there any heavy conflicts? or just suitable when u want something light and fun without stress?,특별근로감독관조장풍
11,i think there are some scenes that might be a heavy conflict but yeah it's still fun to watch and maybe a little bit stress ig,특별근로감독관조장풍
12,"If you liked The Fiery Priest, you'll probably like this one too.Loved Kim Dong Wook here! Humor is on point and Deokgoo is such a scene-stealer. 🤣 Lee Sang Yi plays a despicable character but he's so good at playing bad.",특별근로감독관조장풍
13,Did the leads get back together ?i read a comment that fl is his ex wife ?,특별근로감독관조장풍
14,Yes they get back together.,특별근로감독관조장풍
15,is there any heavy conflicts? or just suitable when u want something light and fun without stress?,특별근로감독관조장풍
16,"Years later, still in love",특별근로감독관조장풍
17,How's the Romance??,특별근로감독관조장풍
19,this has a psychopath tag so i want to ask who is one ? even if a spoiler,특별근로감독관조장풍
20,"sure! not a spoiler so no worries. and i wouldnt say a legit psycho but the main antagonist's family (so lee sang yi's) but the show is very funny, sweet, and silly so they're more over the top—nothing crazy! it's lit a superhero esque show!",특별근로감독관조장풍
21,@ammmz Ohh its that type. Thanks💜Oh but one more thing Is deok hwan’s character good?,특별근로감독관조장풍
23,@ammmz thanks a lot! i will be starting the drama this weekend,특별근로감독관조장풍
24,Did the leads get back together ?i read a comment that fl is his ex wife ?,특별근로감독관조장풍
25,"They do! Theyre really cute together, they arent shown as much but they ended up becoming my fav couple.",특별근로감독관조장풍
26,why didn't I know about the existence of this drama?  gotta add it to my PTW list now,특별근로감독관조장풍
27,It's no Chief Kim but still pretty funny,특별근로감독관조장풍
28,This show is a must watch everything is nice ? but I donot like the male lead wife tell me how can a wife leave his husband when he is opposed by the whole world is that love by which she married him or because she wants money or was using him just one word is not enough for this type of betrayal    damn bitch,특별근로감독관조장풍
29,she came around and she rocks not a bitch at all and she betrayed the cops so <3,특별근로감독관조장풍
30,"i was going to sit this one out, but damn im happy that i watched this one. i love ml characters like Jo. thumps up for team delivery rangers, team nurses, team bus drivers.",특별근로감독관조장풍
31,Am I the only one who thinks Park Se Young hardly had screentime given the fact she is a part of main cast...? Other supporting cast has way more screentime than her,특별근로감독관조장풍
32,Lesser screentime than Son In Ah,특별근로감독관조장풍
33,Exactly...,특별근로감독관조장풍
34,"Loved this drama mostly the ML and his detective team,I was fully satisfied with the ending everyone got what they deserved. Love the scene where all the people whom the ML has helped, helped him back.",특별근로감독관조장풍
35,"I just finished this one, and I loved it so much!  It was the right balance of comedy, never taking itself too seriously or piling on angst.  I would recommend this one to anybody.  Kim Dong Wook, I want to see you in another comedy so badly; you were so good in this!  I laughed so much!",특별근로감독관조장풍
36,"It had me hooked from the first episode! Not that many shows can capture my attention on the first episode, normally it takes 2 -4 episodes before  they get exciting.Action packed, great camaraderie between characters, off the chart funny, and fighting for justice...Just my kind of show :) 10/10",특별근로감독관조장풍
37,2020-06-14 > A lot of Fun! Suspend disbelief AND belief. Includes two actors I follow and like•https://mydramalist.com/people/1104-song-ok-sook•https://mydramalist.com/people/378-lee-won-jongand now a third one new to me•https://mydramalist.com/people/4731-oh-dae-hwan,특별근로감독관조장풍
39,Any romance ??,특별근로감독관조장풍
40,Is this  cringy ??,특별근로감독관조장풍
41,It’s an easy fun drama to watch .. I enjoyed it,특별근로감독관조장풍
42,"Happy ending? (Please mark as spoiler, thanks!)",특별근로감독관조장풍
43,Yes a happy ending,특별근로감독관조장풍
44,Asking for spoilers : is there a love triangle? Who are the main couples?,특별근로감독관조장풍
46,@Yasmeen  Thank you for taking the time to reply.,특별근로감독관조장풍
47,Thank you very much!,특별근로감독관조장풍
48,Special Labor Inspector Jo OST (Complete) (English Hardsubbed): https://www.youtube.com/playlist?list=PLIDckZuI0IdWHES-KbjxZ51q_NqVsA5IN,특별근로감독관조장풍
49,"Choi Soe Ra's screams were on point. You can definitely see the resemblance between her and her son. In the subs, they described their screams ""as if she swallowed a dolfin"". I really liked this drama, love this kind of comedy <3",특별근로감독관조장풍
50,"this was soooo good! so exciting to watch but also lighthearted which is great. like the perfect balance. fave characters were do ha, deok goo, and dong young.",특별근로감독관조장풍
51,suddenly missing jo jang poong and the gabvengers! hope something similar to this turns up soon.,특별근로감독관조장풍
52,"This drama is just pure fun! But, my only complaint is Go Mal Sook. I don't find her character likeable/interesting so when she went out with Deok Gu it kind of distraught the funny and zany interaction of detective trio and Mr. Jo. I feel like she's the only character who doesn't has chemistry with the casts. (I secretly wish Deok Gu would end up with Ms. Oh if they're playing the romance tag, because these two just have the vibe lol, and I was partly true because in the end Ms. Oh did admit she has feeling for him, aw)But don't mind me, I actually didn't focus on the romance at all  during my watch and it's also not the center of the drama, instead their missions are always interesting to see, the ups and downs, especially the revelation or when the secret card appears, every single time.. lol. Also, the part when Mr. Jo is inside the factory, I thought it would have been cooler if everyone thought he died while suddenly making a surprise appearance to fool both the villain and the good guys. xD (I know the good guys thought so but it was only for a short time)8.5/10 for the fun and amusing ride <3",특별근로감독관조장풍
53,This drama should at least sit at 8.5!,특별근로감독관조장풍
54,is there any romance?,특별근로감독관조장풍
55,"Yes, it's pretty blatant for the second couple, but just a few with the main leads.",특별근로감독관조장풍
56,main couple is jo and his ex-wife. they do not get much development but it's a slow progresssecond couple is REALLY fast and they get better development throughout!,특별근로감독관조장풍
57,"Cant they deal with companies in civil and legal way ,i was confused by making a civil servant Jackie Chan dropped",특별근로감독관조장풍
58,Great drama but I don't like his ex wife but her character got better.,특별근로감독관조장풍
59,yeah she improved so much later on!,특별근로감독관조장풍
61,"An underrated eccentric social satire, with intriguing characters, nice pacing and well fitting music!Kim Kyung Nam and Oh Dae Hwan were a total pleasure!",특별근로감독관조장풍
62,"ep 21 now... it gets better and better, what a great drama !! (sorry, I had to write another  comment.  it's too good !!)",특별근로감독관조장풍
63,"at ep 11, ABSOLUTELY LOVING THIS DRAMA.   but is Korea really like that in real life?   That companies can get away from not paying wages (without filing bankruptcy)?  That bosses can physically abuse drivers/employees, and the employees don't speak up in fear of loosing their jobs?  This drama is a comedy and they did a good job on that.   At the same time it also did a good job pointing out the problems the charactors face.   But I keep wondering if the problems are really like that in reality.  If so, then I hope this drama will bring awareness to the public, the authorities, etc.",특별근로감독관조장풍
64,I'm really hoping this drama was an over-exaggeration! It sucks if real Korea is like that.,특별근로감독관조장풍
65,"Masterpiece.  Loved everything thing about it.The characters, the music to the story line .Hope for second season with same characters but new villains.",특별근로감독관조장풍
66,I'm so down for that!,특별근로감독관조장풍
67,"Add romance In tagThis one of the most entertaining dramas I have watched, would love to have season 2",특별근로감독관조장풍
68,has romance I hold it bec Im a sucker for romance so I need a little throw in there. is some in it?,특별근로감독관조장풍
69,"I also don't like dramas without romance , I would say give it a try.There are 2 couples side couple has more romance while main couple has mature  kind of romance and shown very little in the drama . It has just enough romance for you to not miss romance.",특별근로감독관조장풍
70,@Fantastic 41 Thank you!,특별근로감독관조장풍
71,"The kdrama version of Leverage. Found family, grifters, do-gooders and all. ????",특별근로감독관조장풍
72,I thought 38 Task force would be like leverage but I was wrong. Let's hope this one is.,특별근로감독관조장풍
73,Now there's an actual kdrama version of Leverage :P,특별근로감독관조장풍
74,a litttttttttle tacky but so wholesomelove this show definitely going to have a place in my heart for a long time,특별근로감독관조장풍
75,"Entertaining and funny,  still cohesive, and  can touch social issue, something that hard to find in any  regular  drama, which make this drama stand out for me",특별근로감독관조장풍
76,"One of the most heartwarming drama i've ever seen but unfortunately this drama is sooooooooooooooooo underrated, i hope for a second season :)",특별근로감독관조장풍
77,Is there lot of action in this?,특별근로감독관조장풍
78,"Yes, since he's a Phys Ed major, he put it to good use (somewhat has a temper).",특별근로감독관조장풍
79,This squad needs a second season!!,특별근로감독관조장풍
80,"So sad my favorite character, Do Ha, didn't get a resolution to his love story.",특별근로감독관조장풍
81,"Meh.. He kinda deserves that. I understand that he came from a broken family but he's no different from those he works with. Many people suffered because he's serving them so well!!! Sorry, this is a sensitive subject to me heheh",특별근로감독관조장풍
82,"Hahaha not a problem, we all have our opinion and none of us are wrong. I tend to always have a soft spot for a character who's written morally ambiguous, always working as a shade of grey. And Woo Do Ha was actually the most complex character in this show for me.",특별근로감독관조장풍
83,I think it's pretty much guaranteed he ended up with the prosecuter after he's released!,특별근로감독관조장풍
84,Heartwarming and fun all the way through until the end. The last episode was a real delight and the final scene as cute as it can get :),특별근로감독관조장풍
85,"i really love this show. it's cute and fun and uplifting and at its core it's about the things we need most in life (family, friends, and a helpful community!)",특별근로감독관조장풍
86,The ending with the wedding was epic.. Every Single Day appearance made it even better.,특별근로감독관조장풍
87,oh that's the band's name! i loved the end so much,특별근로감독관조장풍
88,"wow everyone was a human trash in this series (cept for the main good guys) including Jo Jin Gab's father... all these spineless trash saying how they ""just did their job"" even if people died... smdh... wonder how fucked up someone has to be to be able to justify their inaction even if it lead to someone's death... the main bad guys did it for millions of dollars, I get that... what I don't get are the ""innocent"" workers who looked the other way for measly sums on money, they are even worse than the big bad guys",특별근로감독관조장풍
89,"part of the point of the show is how much money can make you selfish, but i'd say the literal millionaires probably outdid the workers who influence basically nothing except their own lives in which they need $ for survival",특별근로감독관조장풍
90,"you're right that millionaires outdid the workers in the scope of the evil, but they we're only able to get away with all of those things b/c of workers... saying the workers only did it because they needed to survive isn't a justification... every single thing the millionaires did had 1 or more workers as witness, if one worker or group of workers had stepped up and done something would it have ended up where it did?  like the guy who kept saying ""I only followed the manual for workplace accidents"", that was disgusting, no one can be that brainwashed... like I said almost every one of the poor ""innocent"" worker was human trash....",특별근로감독관조장풍
91,"@Althalus i agree with you to an extent. like, morally it's wrong. but we also realize why they did it and all of them were apologetic and will be paying for that for the rest of their lives. unfortunately life doesnt always work the way we want it and tragedy comes. they now have to repent. and if theyre not terrible, they will. my point was they have less influence and it's a lot easier for jo to change these people's lives if theyre receptive instead of reticent and absurdly wealthy",특별근로감독관조장풍
92,Every Single Day in the last scene! Loved them!,특별근로감독관조장풍
93,i am gonna miss this show SO much lol,특별근로감독관조장풍
94,is there romance?,특별근로감독관조장풍
95,"Some, but it's quite a minimal part of the plot. And it mostly involves a secondary couple. This show is more comedy + politics + social commentary + friendship.",특별근로감독관조장풍
96,what aforementioned user said! but there are two couples central to the romantic plot that are super cute.,특별근로감독관조장풍
97,"Kim Kyung Nam is really the star in this show, his character is so vivid, amusing and played with strong talent. Drama is super and comical and serious elements fit perfectly.",특별근로감독관조장풍
98,"Ugh this is so true Jo Jin Gap: ""You think money means winning?"" Do Ha: ""No. You don't just win because you have money. But you lose without it. Always.""",특별근로감독관조장풍
99,"I know I'm late to the party because I just started this drama, but I'm not really getting it.Who works with out getting paid? It isn't like South Korea is a 3rd world country.",특별근로감독관조장풍
100,i am from a third world country ( Jamaica) and people don't work without getting paid...,특별근로감독관조장풍
101,"Jamaica is considered a third world country?  I thought Jamaica made bank off of the tourists.  But yeah.  So, I wonder what is going on with these people working with out getting paid?",특별근로감독관조장풍
102,"@purplenette the  Caribbean countries that are third world,which is most of them are tourist attractions and that does not mean that we are making a lot of money to be considered not third world.",특별근로감독관조장풍
103,"I was in China for a while, some of the people I met worked in a kindergarten. They hadn't gotten paid for 4+ months, but they still worked everyday +....",특별근로감독관조장풍
104,Wow.  Most people in the US would not do that.   I know I wouldn't.,특별근로감독관조장풍
105,@purplenette I think it's because they're desperate...,특별근로감독관조장풍
106,Is this drama similar to Chief Kim or The Fiery Priest? Like a rather light/simple story with lots of comedy & character-driven?,특별근로감독관조장풍
107,"Hum Not really in my opinion.  There are a lot of heavy topics (about work of course), more than Chief Kim and Fiery Priest but true often it's well balanced with comedy and enjoyable characters. But how should I put it ? Not the same vibes. To me Chief Kim and The fiery Priest seemed more "" light "" and more on the entertaining side when Special Labor Inspector Jo wants to share a message.It wasn't really in my taste in the first episodes, the vibes was a bit new to me, but now I think it's the gem of the moment and there are really  surprising characters evolutions.  Characters interact with their own point of view so it's interesting especially between inspector Jo and Do Ha ! It's not just a show for entertainment and that's why I like it.",특별근로감독관조장풍
108,Thank you so much for answering my question in detail! It doesn't seem like the show I'm looking for atm but it sounds interesting indeed. Might watch if I'm in the mood for something heavy again.,특별근로감독관조장풍
109,"Quite a heavy show in terms of themes and may not suit if you want a lighter watch.If you want funny,light and entertaining ""My fellow Citizens"" would be good in the current dramas.",특별근로감독관조장풍
110,What a ride eps 23 & 24 were (ep12)!,특별근로감독관조장풍
112,Is there any romance ?,특별근로감독관조장풍
113,A little bit but it is worth it! Give it a change. You won't regret it.,특별근로감독관조장풍
114,thoughts on ep 9 & 10:- choi seora is evil personified ugh she needs to get bitchslapped with an iron chair sometime soon - i want doha to join gabvengers officially!! - i still haven't figured out what kinda person director ha jiman is but love that dude - will jingab ever be going back to the labor inspection department?? :(,특별근로감독관조장풍
115,Finally!! OST part 2 has been released and I'm so happy!!,특별근로감독관조장풍
116,It is from Every Single Day ! One of the best providers of Kdrama  OSTs,특별근로감독관조장풍
117,Ikr? I was so excited finding out it was Every Single Day.,특별근로감독관조장풍
118,"I think this drama is so underrated and i don't know why, I mean there is so many bad drama at this time but famous :(",특별근로감독관조장풍
119,"I think people prefer romance with younger actors than others genres, it's really a shame because this drama is really good ! I'm lucky because my type of dramas don't stop at romance like most of people...",특별근로감독관조장풍
120,"I agree with you, most people who watch korean drama prefer romance drama with young actors, but for me i dont like romance because sometimes romance ruin the main story, that's why i prefer watching OCN drama.",특별근로감독관조장풍
128,this is such a fun drama!! i wonder why it's not popular internationally,특별근로감독관조장풍
129,It’s a great show. It has a bit of everything in it and I like how the bad guys really don’t understand how Inspector Jo thinks and goes about his work - they can’t really pin him down for too long!,특별근로감독관조장풍
130,"i think this genre doesn't really attract people especially younger audience! i personally love workforce/crime shows like this but not many people enjoy this genre. from the outside, it looks kind of bleak to the average viewer. the popular dramas are usually more focused on romance",특별근로감독관조장풍
132,Yes Deok Koo and a woman who serves the bad guys ( but even if she acts like a tough girl she is really sweet) and Deok Koo is really a funny/likeable character who helps his ex-teacher.,특별근로감독관조장풍
133,Thanks for answering!,특별근로감독관조장풍
134,im sorry but who plays the woman character? seol in A?,특별근로감독관조장풍
135,"@Yasi It's the actress who plays Seo Ra's Secretary, oh yes it's  Seol In Ah ! ! They are nice together.",특별근로감독관조장풍
136,His ex wife  is really really selfish & many others like her out there if you don't help him way to obstrucle his way she tell him to think of his daughter but in fact because of his daughter he should continue his fight so no one will sexually harass her in work so she could live freely & work to live in a cleaner & brighter future.... This is how law are made & goverment & countries change by persons & human like him who live to fight the darkness to be the voice of mute & eye of blinds... GOD  bless him.. He is a candle lightining our raod... His strugle is real,특별근로감독관조장풍
137,"I'm glad I'm not the only one to think that ! She doesn't listen to his point of view and just jump to her own conclusions. O K she doesn't have to help him if she doesn't want because she is a cops blablabla but why is she "" fighting "" against him by all means ?It's the typical person who thinks she is ALWAYS right and others must listen to her. How do you think your daughter will react if you are arresting her father ??",특별근로감독관조장풍
138,I really dislike his ex wife too!!! She doesn't think about the bigger picture and always makes small things into something big.,특별근로감독관조장풍
139,AWESOME!! Can't wait for next week!! This is the show I need after an exhausting day.,특별근로감독관조장풍
140,"I have to say at the halfway point, Inspector Jo has become my favourite watch at the moment. The last two episodes were fabulous with entertaining and clever misdirection along with wonderful interactions (especially our secondary couple) and perfectly played takedowns.",특별근로감독관조장풍
141,Which one is the main couple? Our male lead and his ex wife? Cuz I'm in!! Love them so much!! I really hope they reconcile.,특별근로감독관조장풍
142,"Yes, they are the main couple and I think they are really good together. It looks like they just might reconcile - at least they are on the same page for now.",특별근로감독관조장풍
143,who loves park se young too? <3,특별근로감독관조장풍
144,She was fantastic in Moneyflower.,특별근로감독관조장풍
145,I NEED THE OST!!! Loving this show so far!,특별근로감독관조장풍
146,"I love this show so far! Super cute, and I love his two former classmates, they are like his lil squad!",특별근로감독관조장풍
147,Am I the only one who thinks the relationship between Woo Da Ha and Tae Soo is very similar to the relationship  between Na wang shik and the emperor in the last empress?????,특별근로감독관조장풍
148,I've never hated a character as much as I hate Tae Soo,특별근로감독관조장풍
149,"Haha! I think Tae Soo will likely get redemption by the end of the show, since his mother seems to be the real problem. At least I hope so. Jo Jang Poong hasn't really ever gotten him in line yet, so I think that might be one of his goals as a teacher.",특별근로감독관조장풍
150,"Honestly I think its slightly unhinged laugh that really gets to me. It makes me want to punch him in the face everytime. But yeah, he's definitely a puppet here and not the main issue",특별근로감독관조장풍
151,"What is funny is the mother doesn't notice she is the real problem here. It makes me laugh when she looked at her son and sight because next to him Do Ha is respectful and smart but as the saying goes "" he who sows the wind, reaps the whirlwind.  "". What is sad it is  nowadays a lot of kids are like that, I don't know about others countries but in France there are a lot of kids who are the chief at home from a young age already and think they own their way everywhere and it's not just rich people. Before parents were maybe too strict but now parents make all the whims of their kids and they are surprise when the kid doesn't want to do anything because he has already everything and doesn't need anything.",특별근로감독관조장풍
152,"I commend his actor though. What great acting, he really made Tae Soo psychotic lol.",특별근로감독관조장풍
153,"Kim Ban Di's writing in Inspector Jo remind me of Park Yeon Seon writing style. It's like Evasive Inquiry agency. Quirky drama with cohesive story telling is hard to find. Every scene give you information, clue, and further narrative. There islittle gimmick yet. It's predictable, but executed cohesively with a lot of heart.",특별근로감독관조장풍
154,i really like how it doesn't get frustrating like most crime-investigation dramas and is actually making a smart move against the villain most of the time. IT'S SO REFRESHING TO SEE THIS HAPPEN IN THIS DRAMA LOLOL XD (it somehow will remind you of the fiery priest as well i think),특별근로감독관조장풍
155,At the end of episode 8 and Inspector Jo has really hit its stride now. I’m looking forward to the next encounter!,특별근로감독관조장풍
156,"okay.. so 4 episodes in, i feel like watching another 38 Task Force set on a slightly different universe xd",특별근로감독관조장풍
157,"I was full of excitement for Park Se Young returns, but what’s the point of her role in this drama since she shows up less than a minute in each episode ????",특별근로감독관조장풍
158,"i am hear for ""The Guest"" and ""school 2013"". starting pretty good. i will give it a shot",특별근로감독관조장풍
159,"kim dong-wook, ryu deok-hwan and kim kyung-nam in one show will be pretty much an absolute blast to see and the first 2 episodes did good at setting up the whole story.  i'm looking forward to tonight's episodes!",특별근로감독관조장풍
160,Inspector Jo had a solid start. There are good characterisations throughout and the satire is pitched just right at the moment. I’m looking forward to our hero’s redemption :),특별근로감독관조장풍
161,I thought so too! Can’t wait for the rest of the cast to get drawn into the story. Show has a lot of potential.,특별근로감독관조장풍
162,"I'm so smitten with Kim Dong Wook right now, how is this my first time seeing this dude??!",특별근로감독관조장풍
163,"You should watch ""The Guest"" he is awesome in this too~",특별근로감독관조장풍
164,"I've been eyeing that one of a while, maybe when I'm done with Possessed and want to watch another horror drama :P Thanks!",특별근로감독관조장풍
165,"He was also in Coffee Prince too, which I see in your completed watchlist xD",특별근로감독관조장풍
166,He didn't particularly catch my eye in that one to be honest. I think the years have been good to him!,특별근로감독관조장풍
167,@Ivy yeah idk why I totally forgot abut him when I watched The Guest. Maybe cause he looked younger in CP or his face looked too common lol,특별근로감독관조장풍
168,Special Labor Inspector Jo https://www.asianfall.com/asian-drama/special-labor-inspector-jo/ Watch Korean Drama Eng Sub 2019 Free Download,특별근로감독관조장풍
169,"ayyyaaa saw some updates of ParkSeYoung & RyuDeokHwan photo updates on twitter, I thought ''pmg the king & qeen is back together?!?'' but nope T____T",특별근로감독관조장풍
170,is my boy Kim Kyung Nam finally getting his lead role ?!!,특별근로감독관조장풍
171,"I was pleased to see him get a leading role in a new drama. Really liked his character in ""Where Stars Land"".",특별근로감독관조장풍
172,"Me too but I didn't get enough of him there, I thought he's the first lead here but judging from the poster he's not unfortunately",특별근로감독관조장풍
173,Hoping Viki can get licensing.Viki Channel:https://www.viki.com/tv/36450c-special-labor-supervisor-cho-jang-poongTitle Request Form: https://vikiinc.wufoo.com/forms/z1ovcsxe011lqq2/,특별근로감독관조장풍
174,"This is a twist they should cast them as sisters, PSY and SIA have a resemblance like if they were actual sisters.....",특별근로감독관조장풍
175,"Wow, Park Se Young and Seol In Ah finally in a drama together?  They really look similar  O.o",특별근로감독관조장풍
0,i love this show if you're interested in anti corruption stuff found family lots of humor and amazing fun loving characters especially female ones this is up your alley i think people who watched angry mom will also like this same writer though this is more my speed but the points of her shows stand i really will cherish this show it's a literal superhero story and satirical and it's so pure even if there are parts about everyone that aren't or are more morally grey this show shows you that the good guys will always be ahead of you i can easily forgive so many strange plot devices or how absolutely ridiculous something can be if i just had the time of my life there are flaws both creatively and technically but the show is a beautiful breath of fresh air and these are some of the best female characters i've seen in a show like this i fell in love with everyone even the evil ones or at least i knew their purpose it's pretty progressive and has good social messages too and it's basically a hour show about taking down baddies with your best friends and your cool teacher from HS that changed your life the love and respect these characters share is incredible i will have fond memories if you like quirky stuff and love having fun with a fun interesting plot i RECOMMEND THIS Read More,특별근로감독관조장풍
1,I N C R E D I B L E How can I start reviewing this drama The main reason I am here was because of Kim Dong Wook and Kim Kyung Nam my two princes so this journey was worth it Their characters are beyond funny and heart touching Seriously loved them so much I didn't know that labor inspectors exist yep I'm quite dumb They seem to have power and if you are not a good person then It can be dangerous Fortunately our male lead was righteous but this quality was his tomb All his problems were because of it even his relationship with his wife I definitely love every single character of this show As for the OST It's the most amazing I have ever listened to Every song was according to the scenes I remember myself waiting for their release so bad Anyway what I enjoyed the most about this show is the strong bond between our male lead and his students in addition to that I must say I loved how his wife was becoming close to him as time went by and how they've got those tiny winnings at the end of the episodes Please give it a try Pretty sure You're going to enjoy it as much as I did I will miss my oppas Cheers Mabe Read More,특별근로감독관조장풍
2,I ve been missing this kind of dramas since The Fiery Priest like how the good side would make allies to defeat the opponent And Special Labor Inspector Mr Jo didn t disappoint me one bit There s just a little part of the ending storyline that I wished could ve been more relieving for me like Woo Do Hwa getting married to the prosecutor Kim Ji Ran But overall even the ending was brilliant The casts were awesome and there are also some parts I found really funny especially Ms Oh s expressions hahaha The music especially the ones played for every part Cheon Deok Gu and Ko Mal Sook was in was very soothing for me to hear Will Be by Park Se Young To conclude this drama would be the one to watch if you really need some laugh out loud some emotional and some really cool scenes If I could give more than a for the ratings I would give this drama a Read More,특별근로감독관조장풍
3,Ok I started this with wary feelings but Lord am I not glad I decided to follow through This show had the pizazas of all shows i didn't even skip a part In short it as captivating The story line was cliche but also not the actors were extremely synchronized in that they all fit their roles properly it was the first show I watched where I couldn't take any cast member out i was thrilled to have given it a chance as I learned alot about industrial accidents The music was not memorable for me except the ending song that will play in mind for a day or two I will definitely rewatch this show it brought me the same feelings as when I watched secret In conclusion I have no words to explain the awesomeness of this show Just watch it Also kudos to everyone who made the show possible your hard work was not unnoticed Read More,특별근로감독관조장풍
4,Special labor inspector Jo is one of the dramas that were overshadowed by the popular ones airing at the time But if you enjoy the drama that fight against injustice and against all odds this one will do the trick for you The drama overall was good There were some parts of it that were predictable Others were boring But they mixed the action scenes with the comedy and the drama well I also liked the secondary romance that was cute And the relationships that were formed between the characters were well presented and overall strong Finally the performances from all actors and actresses were great So seven out of ten for special labor inspector Jo Read More,특별근로감독관조장풍
5,Before I get into my review while getting hooked on these Korean dramas I noticed something that always leave me scratching my head Why do these dramas blur out knives if it's being used but they don't blur out the guns I will never get it OK now that I've been wanting to ask that question in all of the dramas that contain action out of the way it's now time for my review There are some familiar faces in this drama that I recognized which is why I eagerly wanted to watch but the main character who I'm not familiar with really stole the show I love action and will watch anything that has different types of fighting styles but in my assessment of fighting styles I never seen a drama that had judo in it I'm not familiar with judo but I guess this form of fighting involves a 'take down' and the main actor did a lot of take downs It was a meh for me but it still worked Everybody had some fighting skills that had me squealing like a kid I don't know why I'm like this but I am I even liked all of the females in this both good and bad I will say one female had me quickly reaching for the volume button I wonder how many takes she had to do and if she was hoarse afterwards Oy I don't know how Korea does it but the casting choices that was made for this series did a phenomenal job Every episode just kept getting better and better I even was surprised at the last episode I was expecting a let down but was truly surprised that it ended the way it did They even had a funny part derived from a movie and it's sequel The Kingsman The Kingsman Golden Circle that had me laughing hard I stated that I normally don't rewatch any of the Korean dramas I've watched but I caved and watched Fiery Priest twice This one could go on my list of a rewatch as well I love dramas like this and hope to find more like it in the future Read More,특별근로감독관조장풍
6,If you re looking for something fun action packed and romance lite check out this drama While the plot can be a bit unbelievable and contrived at times it makes up for these shortcomings by having a lot of heart by highlighting relevant social issues and by having an amazing ensemble cast full of really great characters hero and villain alike If you re a fan of shows like Leverage and if you re looking for something that s not quite as intense you ll probably enjoy Special Labor Inspector Jo Was this review helpful to you Yes No,특별근로감독관조장풍
7,Hillarious lovable darling cast of characters makes this show a must watch Oh Special Labor Inspector Jo where do i start This is one of the funniest most charming shows i've watched next to Chief Kim It is obviously a satire filled to the brim with humour so obviously don't go into it expecting anything else but it does point a light at the irrationalities of the labour department and how the people who protect others labour laws are breaking every single one themselves Overtime pressure from above etc etc It is filled with heartwarming stories heartwrenching stories and down right gutwrenching humour And it is all made possible due to the extremely fun filled cast of characters making it possible After all the story isn't new but the characters are so damn charming that i don't mind at all Let's start with Special Labor Inspector Jo Jo Jin Gap otherwise known as Jo Jang Poong This character with his obnoxiously lovely laugh infuriating for our villains tenacity and downright hillarious personality made the show great He became a labour inspector late in life after being fired from his job as a P E teacher He was on the national judo team and is ridiculously strong and left an impression on all the people around him from students to schoolmates to collauges to clients to passerbyes His eccentric character made me and our whole cast fall in love And about the rest of our cast i won't spoil them completely First and foremost you've got the idiot trio and our main boi's basically adopted kids They are a private eye mainly dealing in affairs and low lives The CEO Chun Deok Goo won my heart with his goofy smile and even more goofy personality And his romance i won't spoil is adorable Baek Won Man and Oh Dae Ri did not dissapoint either and are as lovable as can be Next the labour inspection office Every character eves the token a hole were hillarious and played by veteran actors who know how to be funny and idiotic at the same time I loved every scene with them The love interests one pr guy btw no love triangles here were cute Though one was fleshed out a lot more all three ladies did really well and were the type of badass not damsel ladies i like And then we have our villains Oh how i love our villains There are some small fry bosses to start and they do really really well then comes our main bosses First boss is a cute mofo who really should take some lessons in respecting women second boss is a nasty lady with the perfect soccer mom vibe and our third villain is a seriously messed up guy who just got funnier and funnier as our main characters closed in The last boss and the main antagonist has a really sad story and a reason for doing the things they're doing and i think they had a fitting conclusion But let's not forget our support cast Every damn character left a mark and were reused at prime oppurtunities and became memorable lovable members of the family group chat The music scenetography everything was great and added to the experience D TLDR Watch the damn show people Read More,특별근로감독관조장풍
8,Special labor inspector Jo is one of the dramas that were overshadowed by the popular ones airing at the time But if you enjoy the drama that fight against injustice and against all odds this one will do the trick for you The drama overall was good There were some parts of it that were predictable Others were boring But they mixed the action scenes with the comedy and the drama well I also liked the secondary romance that was cute And the relationships that were formed between the characters were well presented and overall strong Finally the performances from all actors and actresses were great So seven out of ten for special labor inspector Jo,특별근로감독관조장풍
9,Good Enough,특별근로감독관조장풍
