,reviews,title
0,If you've watched enough Korean dramas you'd know that the story elements are not new revelations They're an amalgamation of the history of Korea and well worn themes and stories of real lives of Koreans who've suffered at the hands of the Japanese and the clash of cultures attitudes bigotry hatred and cruelty across Korean Japanese and westerners It's easy to forget that this was less than a hundred years ago and spanning only a few decades and so often the bitterness still felt by Koreans leads to a heavy handed portrayal of the Japanese and westerners It's a fine line to walk to be able tell a story about generations of a family and their personal struggles without getting lost in that bitterness It's so amazing so far to see how beautifully the show tells the stories across multiple timelines with incredible actors excellent cinematography and direction The contrast is striking from the primitive Korean fishing village to the urban sprawl While the show's synopsis is about their indomitable quest to survive and thrive it's the story of Korea and its people as whole being told through these four generations of characters,파친코
1,You know the actors are talented when they can draw you into a drama in a language you don't understand Halfway through the first episode I was fully invested in the story transported to another time and place caring about the fate of the characters The story is universal the struggle of a family to survive and live on in the next generation It feels very authentic the characters even though they don't look like me or speak the same language are people I know people I can relate to I am enjoying the heck out of this series and I can recommend it without reservation,파친코
2,Pachinko avoids the cliches of the K drama instead settles for an European soap drama style with plenty of depth chronicling the plight of a Korean family under the Japanese occupation and juxtaposing that with life in all in brilliant cinematic storytelling This series does not shy away from the effects of Japan's forced occupation on Korea It plays out with an emotional impact from the viewpoint of Sunja's life via the unique structure in blending timelines From Sunja's youth under Japan's stranglehold to that of her grandson in It depicts the various stages of Japan's influences on Sunja's family life from war torn times to the might of the financial impact that Japan displayed during the 's It is an engrossing drama that reveals the horrors of life under a brutal occupation and the long term effects it has on generational lives All through the eyes of a strong protagonist Sunja played brilliantly by the various actors,파친코
3,I literally do not have words to describe how good this show is the transition between time periods the history and the way the story is told the actjng has been sublime cinematography is A Just the whole package has been a treat am not really a big fan of kdrama but this feels different very different well done apple for this show,파친코
4,Critics have proclaimed Pachinko is one of the best TV series you'll ever see in and that's saying a lot And I can attest from first episodes they did not lie or exaggerate Loved the book and this tv adaptation is as good Can't wait to watch more and praying for seasons,파친코
5,Wow What a truly mind blowing rendition of one of the most moving novels in recent history The casting direction acting and cinematography are all equally exceptional,파친코
6,I'm watching the show but also reading the book I would recommend reading the book as their is certain things that do not happen in the show and some things that have been added why I don't know The book is a must it carries the story much better I can't put it down that why I had to write this review because the boo is so good,파친코
7,I really loved the book and was slightly worried if this series would do it justice but wow the critics were right this is wonderful Everything was right the acting the directing the incredible script the music The life affirming opening dance was a surprise but so right The three Sunjas are perfect in the part which we would expect from Youn Yuh Jung but the two younger actresses were just as good For a newcomer Minha Kim is astounding I've always considered Lee Minho to be a good actor but apart from Gangnan Blues he has never had a part to really show what he can do when he gets a multi layered character to play He is great in this and brings Hansu to life so well The chemistry between him and Sunja was so well done by the two of them Three episodes in this could be one of the best series I have seen for years Awe inspiring,파친코
8,This is no historical drama but a story of a women who endured the pain of the horrific historical time in which she was born Triumphant the victory of survival against all odds flung in her way by sacrificing all ties with her roots The marvelous casting literally takes you back to that period of time through the screen The emotions portrayed by every character is accurate and so real that at one point I questioned myself are they really acting With just eps I am already drawn into the world of Sunja Ko Hansu Pastor Isak Solomon and Pachinko Netflix what a loss please provide these kind of content more coz everyone in the world deserves to see such a brilliant story,파친코
9,All are set in right place The cinemotagraphy and the visuals of cast and the story telling It never disappointed And Leeminho nailed hansu role His role is really tough His convey all his emotions in his stare Young sunja is lived as character Waiting to see the remaining episodes,파친코
10,Great cinematography indeed also costumes locations etc technically all perfect and very good casting The script does not follow the book which changes the view on characters giving them different vibe and also the jumping timelineis done so often and sometimes in the middle of the scene that it does not allow the build up of atmosphere is pushing so many characters at the same time and prevents the viewer to really get to know them I believe a linear story line would have been more beneficial by allowing viewers to connect to the characters immerse in the story and also illuminate the attitude of the next generation It seems a bit rushed and does not really gives that feeling of the family saga Special Kudos for Kim Minha who nailed her first leading role and excellent performance from Lee Min Ho was perfect in Hansu They succeeded also in expressing the relation between their characters which is not described even in the book as love but as passion between a years old man in a loveless marriage and an innocent teenager Looking forward to see the next episodes,파친코
11,This is a damn good show Casting is flawless Even the opening credit scene is Aces good job Michael Hill on the music I can't believe they filmed this in Vancouver Canada,파친코
12,After watching the three episodes I may deeply realize the artistic attainments of the director The composition is beautiful the picture is magnificent and every frame is eye catching I can see that every actor has made a lot of efforts to shape the character I believe that everyone who has experienced immigration can find resonance in it Will continue to follow up on new episodes,파친코
13,As so many reviewers have proclaimed Pachinko is tv at its best This story following the trials tribulations triumphs of a pregnant Korean girl forced by circumstances to immigrate to oppressive Japan in early th century juxtaposes beautifully with her grandson's experiences as an up and coming banker in Japan in s Wonderfully emotional compelling educational series You won't regret watching,파친코
14,Opened an Apple TV account just to watch this and I'm so glad I did the acting is superb by everybody lee min ho who at must be sick and tired of acting in light fluffy chaste k dramas and be a able to play a more meaty grown up role including a love scene which was tame and very short by Hollywood standards but still felt very real the actresses who played the young and teenage female leads were impressive especially as it was a first time acting job I was hooked right from the start and cried with her When she found out he was married with children and he was not serious about their relationship wanting her as a mistress on the side can't wait for the next episodes and will be buying the book to read as well if you have never watched a k drama before I have watched hundreds I would recommend this one as your first it's so good,파친코
15,This series is beautiful Hits every emotion I'm not one to explore all the fine facets of a movie or series I simply watch and discover how it impacts me emotionally visually I will not forget this one,파친코
16,This drama is just amazing i loved the way Lee Min Ho performed story line is very unique and different character or Lee Minho is totally different from his previous characters and he nailed it noone can imagine that he is very playful and sweet person in real life that's awesome his acting is,파친코
17,An interesting way of how history can be told A team of brilliant production crew and actors made it almost close to perfect I really enjoy watching it,파친코
18,Thanks to the entire production team for their sincerity to deliver such a breathtaking story The opening credits lightens up the show Lee Minho and little Sunja took my breath away I cried so many times with little Sunja and when Hansu mentioned the big hole on the sleeve of his only cloth with a smily face I cried a river when Sunja said sorry to her mom about the pregnancy The picture work is amazing but the most important thing is each cast fits their role and devoted themselves into the character so well Hats off to such a great show made through the pandemic I couldn't imagine how much challenges you could've endured to get here,파친코
19,As I'm korean I think it is best K Drama series from western industry My first glance of trailer was embrassment and disappointment Because it was produced by APPLE I thought that they cannot dealt with that period story which it is very complicated and deep layered emotion and feeling Korean called it is Han Emotion of victim from war Angry shame insulting Pachinko did it this series did it well,파친코
20,Pachinko a sprawling stunning drama chronicling four generations of an immigrant Korean family is truly it's time to start tossing around words like 'masterpiece'Pachinko is one of the most beautiful works of art I have seen in a long time An important one as well Remarkable in every category cast writing directing photography Based on the stunning book I can't wait to watch all of it Super star Lee Min Ho the district's dashing and shady new fish broker resplendent in his white suit and crisp fedora falls for Sunja and their clandestine romance ultimately forces her to leave her home and country,파친코
21,This is definitely a masterpiece The cast their portrayal of their individual roles character the storytelling and the cinematography are incredible and breathtaking Everything about Pachinko is just beautiful Looking forward to the remaining episodes The actors performances are so authentic and personal that it takes you on a real journey with them Like Hansu played by actor Lee Min Ho who we saw in few scenes however he left a strong impression and did an incredible job with his portrayal Great acting from the cast,파친코
22,Rarely does a movie or TV adaptation do justice to a beloved book But happily Pachinko does and this is mostly due to all the immigrant or first generation Koreans involved in the production of this show who have a personal interest in conveying this piece of Korean history of endurance accomplishment from the Korean American script writer exec producer director or actors the Zainichi director and actors to the native Korean actors Of course a tv adaptation can't exactly follow its book's path but in Pachinko's case it makes this up with bringing most people's imagination to life so realistically and beautifully The main divergence of not following the book's timeline is actually a brilliant move by script writer Soo Hugh Pachinko the TV drama weaves time back and forth to highlight how much yet how little things have changed for Koreans immigrating and later born in Japan I also love how this also highlights than every elderly person you see often has a story of survival who should not be dismissed especially the huge changes that have occurred in th century If you want enlightenment high quality entertainment then this is must watch TV,파친코
23,I think Pachinko's narrative is clear not disturbing and makes one want to watch it again and again It's a good show to watch I watched the first three episodes over and over and look forward to the new one Although I started watching it because of Lee Min Ho now the story has caught my eye and I can't wait to watch it,파친코
24,This show is relevant today would've been relevant even if shown years ago and will always remain relevant even a hundred years from now I can imagine how this will be used in film classes to tackle about good script writing cinematography directing acting etc The actors are perfect for their roles with their nuanced portrayal that brings depth and layers to each character The cinematography is not only beautiful visually but it tells a story and evokes different emotions The directors' choices are precise and always full of heart What I admire most about this is how the editing seamlessly connects different generations without being distracting The pace and transitions are perfect and each scene gives you so much emotions This show deserves all the awards and I hope that we get more seasons because life will never be the same without Pachinko,파친코
25,The graphics and music attracted me a lot which help many flashbacks and roles to pour in from the angle of sunja The nationalism story was be told very indistinct but profound I think Hollywood will prefer the way directors and actors of presenting their story,파친코
26,I read Min Jin Lee's novel from front to end over a weekend I find high level production epic cast budget was a wise move on Apple and the producers The complex story line of a multigenerational multi location following a Korean family is superbly produced I'm find Pachinko the series riveting and simply excellent,파친코
27,It must be said that it was SO GREAT Music and transition are perfectly integrated The actors' performance was touching and moving Hansu appeared at,파친코
28,I am really liking each an every scene of pachinko since ep I really like and appreciate Lee min ho's acting skills Koh hansu is a complex and a strong character but min ho's acting will make u feel the depth of this role It is so Obvious that showing so many emotions in one role is not easy but minho did showed it flawlessly his eyes voice acting is praise worthy I am loving scenes of both the era Both the sunja's are great in acting and even the child actors I hope pachinko will keep this momentum in upcoming episodes too I trust pachinko is a series that won't disappoint you,파친코
29,In my opinion it turned out to be a very tasty movie I read this book a couple of years ago and was looking forward to the film adaptation I really like the acting of actors from young to old Lee Min Ho plays great look facial expressions emotions everything is super Every word in the film has a meaning every leap in time is intersected by events and points somewhere to the repetition of history I really like the use of characters in the film rain stairs etc The topic of human choice migration transactions with conscience and their consequences and the conclusion you can not deceive the soul I highly recommend it for viewing,파친코
30,I am delighted Each episode is more and more breathtaking I'm looking forward to the next series Lee MinHo knocks you out with his new look He is just fire,파친코
31,Anyone who gives this a below review has either not seen it or having issues with not following the chronological timeliness as the book But the time switches is a brilliant TV adaptation best shown in the emotional rollercoaster ride that is episode Watch and judge for yourself Critics did not exaggerate on Pachinko this is a masterpieces,파친코
32,I know some people have mentioned being confused by the shifts in the timeline but I actually enjoyed how the show transitions between timelines Also some might expect the show to be a complete replica of the book but I actually appreciate and I am impressed with the creativity of the screen adaptation Just remember that this not on a piece of paper or pages in a book The show had to bring the book and characters to life and be creative The Storytelling and the Cast Performances are just Outstanding The show is a beautiful and well done adaptation of the book I think it is a strong contender for awards A Must Watch,파친코
33,I want to say the best of recent years actually It's definitely a masterpiece Its acting script direct and even filming is PERFECT I cried ugly when I watched over it The performance of Lee Minho is such a surprise for me I can't believe it's Lee Minho Isn't anyone looks like him Thanks god he breathe life to this character and I can't help screaming for Hansu,파친코
34,It's rare when a TV adaptation is as good as a beloved and critically acclaimed book but Pachinko is a masterpiece You will fall in love and become invested in Sunja's story from when she's a little girl to a stoic grandmother The storyline effectively and seamlessly flows from the s to s Each episode is touching resonating and meaningful Must watch TV,파친코
35,Usually history is so boring but this drama has its own unique way of bringing out the empathy in you I kept watching and kept finding reasons to hold on to it First scene that held me strong was when Sunja's dad told the mom to allow Sunja take the money because she's earned it so that Sunja can know that there is still kindness left in the world That scene personally spoke to me and I almost cried The other scene where a boarders spoke treason of the Japanese saying the most painful thing is to let the curse pass onto their generation it made me understand how much our ancestors cared for the generation unborn and were ready to sacrifice their own lives just to make us never experience the pains they suffered The drama is amazing Past and present flashback feature is also thoughtful The book is very compact and heavy that creating this feature in the drama and comparing the attitudes of Korean towards the history in the present time and the actual suffering during the past was also so impactful that I was torn I don't know anyone who can criticize this drama properly Such person doesn't exist It was as though the past created itself and made itself a masterpiece,파친코
36,That series attracts me a lot in its film alike atmosphere and the whole casts performed or acted so deeply with the detailed emotions I cannot even accurately express my big surprise towards that amazing piece of art work meanwhile cried out several times for the touching moments in that series,파친코
37,Just so beautiful in every way I love the whole things This will be the best tv series in this year for me Great story with Great directing and Great acting But still very fresh and interesting Me and my husband really enjoyed watching this drama every evening Enjoying is not enough to describe it,파친코
38,Kogonada and Chon's directing style might be different but really cohesive All the actors and actresses including the supporting cast are incredible A must watch series,파친코
39,I am not that person to write a review for a series but when I saw the review are I thought maybe actors read it I decide to write Up to second episode that I watch I see the actors involved in the plot a lot I see this type of series is very different from ordinary type of Korean series it is not my culture but I really felt that days It's really engage me Congratulation to actors I do not have any idea about the hole story since I do not watch that,파친코
40,In this world independent of humanity we mankind are sure to find out the fact that regardless of race face color and nationality our deep heart seek love peace and equality through Pachinko,파친코
41,The most amazing drama I've ever seen I like everything the acting especially Lee Minho and Kim Min Ha the work of costumers and make up artists music the work of directors especially Justin Chon I'm looking forward to new episodes,파친코
42,Pachinko has gotten universally rave reviews by every published critic except one Variety writer whose only complaint was the TV adaptation not following the chronological timeline of the book If you read any of the show runner scriptwriter's interviews viewers would know she intends for the show to run at least seasons or indefinitely The time jumps allow the viewers especially non readers to get an overall feel for the storyline and highlights how choices of the older generation impacts younger generations It also highlights what changes have or have not happened Pachinko is brilliant beautiful heat touching tv at its best,파친코
43,The most amazing drama I've ever seen Everything is great the acting especially Lee Minho the work of costumers and make up artists music the work of directors I especially liked the series shot by Justin Chon I'm looking forward to new episodes,파친코
44,As one of the people of my country which became occupied by some countries this story touch my heart makes me feel the emotions i tried to let go for long time ago The feeling of living in fear for your everyday life is so devastating but makes me stronger at the same time Im so thankful for this kind of series exist as its not only brings so much emotion but can also inspire others to thrive hard even in the darkest part of their life,파친코
45,I can't even put into words how impressed I was by the performance of actors Lee Min Ho and Kim Min Ha Kim Min Ha plays a strong personality she did it well She was able to convey all the emotions Lee Min Ho's game is above all praise His heart squeezed when he had tears The game of all the actors is on top The directing work is incomparable for such an exciting saga How much more will Sonja and Hansu have to go through I'm waiting for the next series Thank you very much for such a grandiose project,파친코
46,Pachinko Is a series that turned my attitude towards Lee Min Ho to his talent A very strong cast The plot is not simple and therefore it is not easy to watch but very interesting,파친코
47,This work absolutely lives or dies by captioning Unless you are fluent in both Korean and Japanese you cannot know what is happening without reading the captions Captioning is not a rare skill Yet for Pachinko captions were not professionally done In these episodes captions sometimes appear for a tiny fraction of a second so fast that no one would be able to read even a word In many other cases they are kept on the screen so briefly that readers will miss parts of the dialogue This is a fine story but there is no excuse for poor captioning it is a skill found easily everywhere in the world,파친코
48,I really liked the series The series is addictive from the first minute Shot very beautifully The actors play great especially Lee Min Ho his facial expressions gestures acting is amazing,파친코
49,This show is gonna leave a spot in me for long from cinematography to directing to acting everything about pachinko is high superb lots of people aren't watching because it is a regular melodrama or romance kdrama,파친코
50,I really like the movie The acting views musical accompaniment all top class I am especially delighted with the performance of actor Lee Min Ho His game is a real hypnosis I'm really looking forward to the sequel,파친코
51,My husband and I have been suffering from Netflix fatigue and this has completely cured it We subscribed to Apple just to watch this show and we do not regret it one bit I loved the novel and the show is even better a very difficult next to never feat to accomplish They casted everyone perfectly especially Sunja I can't wait for Fridays now,파친코
52,Absolutely masterpiece I was so blown away by the storytelling of this epic tale Beautifully shot masterfully acted Historical research and accuracy of the depiction of the Korean era under the Japanese occupation has never been told at this scale and mastery Bravo well done,파친코
53,It's an amazing sight Captivates from the first frame The excellent work of directors cameramen editors makeup artists and of course the acting is great You are completely immersed in this story experiencing it together with the characters Each frame is thought out so carefully that it's like you're living it together with them I cried a lot but it's beautiful Thanks to the author the screenwriter and all the creators of the series for giving such unforgettable emotions,파친코
54,There seems to be nothing complicated about the plot But Speaking of this series Simplicity is the highest form of complexity She is like a bright light And it's actually complicated but you can't see it You are going with the flow of this story You feel the betrayal of tears The synergy of form and content manages to break through your armor,파친코
55,Drama is so well done Kudos to all Soo Hugh directors and the entire cast Lee Min Ho rocks He finally shows all his detractors that he is not just a pretty face He is a talented multi faceted actor Soo Hugh said that he was the hardest working actor there For a superstar that says a lot about his professionalism and dedication to his craft He will also be the catalyst to draw millions of his fans worldwide to watch this gem of a drama,파친코
56,Even though it s only been episodes the whole cast did the great job Especially love Sunja Parents Each character has a clear personality despite only appearing for a short time,파친코
57,Because of the good original story and good acting by the actors I was sad even for one scene and one line At that time I was angry at the fact that the Japanese were ignoring those difficult times and the people of the world knew nothing Yeah now I've grown up to be on par with Japan It's so comforting but still the past doesn't disappear Koreans grew up listening to the sagas of the Zainichis who overcame Japanese persecution and succeeded For Koreans success in Japan has a very special meaning With the help of his parents who succeeded in pachinko Masayoshi Son of SoftBank who studied abroad in the United States and is now a world class IT investor and Solomon seem to overlap In Japan anti Korean books are popularly sold in the main corner of large bookstores and many Zainichis are still active in Japan hiding their origins I hope this tv show will help you allowing you to proudly state your origins,파친코
58,I really liked the film the acting the views the music are all top class I am especially delighted with the performance of actor Lee Min Ho His game is hypnosis and magic One look from him and the soul is torn Thanks to Looking forward to the next episodes,파친코
59,This is much better than any other kdrama I can't believe that apple made one of the best stories about korea Well made storyline beautiful scene best actors I think we already watched best drama in,파친코
60,Just want to start by saying i'm a casual fan i'm not into korean drama series or comedies by that matter but till now seen episodes this looks fantastic the acting it's top notch imo and can't wait to see how it will all end Kudos to all those involved,파친코
61,This show does not follow the general equation of a kdrama I'm a Korean American that grew up with family members that spoke of historical events and atrocities that occurred during the Japanese occupation but I never truly understood the emotions behind the stories or half heartedly believed them at all This story really captures the emotion of the times I was so impatient in waiting for the upcoming episodes that I started reading the book And man I really hope the show is able to replicate the novel because honestly it's well worth it,파친코
62,A very interesting series I like absolutely everything The actors' acting is amazing the director's and camerawork are at a height excellent musical accompaniment an exciting plot The series is very emotional I cry a lot when I watch I'm crying because I'm touched by this story I'm worried about the characters Thanks to the creators of this masterpiece to everyone involved in it I will wait for the continuation,파친코
63,A show comes along with rave reviews Being a Korean American I am deeply invested in this story from the start I watched the first two episodes with great anticipation and I was not disappointed It truly is a captivating story of the immigrant experience shot with breathtaking cinematography I was planning to watch two episodes at a time allowing some time for the indelible images and impactful storyline to simmer and set root building up renewed anticipation for two weeks to watch the following two episodes Then something unexpected happened I came across a story about what one of the main characters had done several years ago something that I personally find to be very offensive Then I saw what this same actor wore to the show premier which I found to be even more offensive in light of how he had treated Korean women I am torn There is a beautiful show that I want to continue to watch but it has a person who I find repulsive Sure people make mistakes But I can't unsee what I've seen I think I will just settle for the book,파친코
64,If you like Korean dramas this one certainly won't disappoint and it's probably one of the best out there So far after episodes the story moves along well at an even pace without unnecessary distractions or side stories that add little or nothing to the big picture It's ok to not be Ok is guilty of this and it drove me nuts IMO an or above on IMDB is typically a great show My actual rating on this would be an The story is compelling the acting superb and the interwoven timelines really does work well I know the book is chronological but if you've not read the book then there's really no criticizing this approach to the series I find I'm most drawn to the older scenes and the stark and different lives that were lead back then The story seems more raw and real here The only drawbacks seem to be a few implausible choices the characters make now and again but that doesn't take away much from the overall storytelling This series isn't for everyone but most will like it and successful at what it's meant trying to be,파친코
65,Can't believe is an actual book another one I have missed I missed guite a many I have seen this coming sence memoirs of geisha Actors seem spot on not too pretty but as not speaking eather language can't be sure as English speaking they seem very good It is an beautiful setting teaches you a lot Really glad they made it And beginning into is A class,파친코
66,I was hooked in the first episode By default in Apple TV it started playing the dubbed version but we switched to the Korean version The dubbing wasn't horrible but it sounded unnatural enough that subtitles was preferable,파친코
67,I just finished watching episode and I decided to stop watching it It's so boring and I can't concentrate I think the storyline is unrealistic Why Solomon give up such a big contract Is that humanity,파친코
68,Every minute of this series was extremely biased and one sided against Japanese people Every single Japanese in this series is depicted as evil monstrous brutal eating Koreans for their snack while Koreans are depicted as innocent nice kind and holy who blame any of their own shortcomings on Japanese What it didn't show was Japanese people equally struggling to survive Movies such as The grave of fireflies which is based on true story and Oshin which takes place at are a proof The interesting part is that pachinko 's plot line is so similar to Oshin however Pachinko is somehow soooo lame The female Korean characters are so dumb that Virginia Woolf would have plucked her hair if she saw this Every Korean female character that happens to be poor are waiting in line to be f ed up by a snub rich man The old cliche damsel in distress waiting for a rich man to be saved It seemed the novel or the movie was served to arouse pity toward Koreans and hatred toward Japanese After this series I had to go and re watch Road to Avonlea and Anne of Green Gables just to redeem myself for watching Pachinko and also to enjoy seeing some sensible characters,파친코
69,Just beautifully told,파친코
70,Beautifully acted,파친코
71,An epic Korean saga that avoids the K drama pitfalls,파친코
72,Perfect in every way,파친코
73,This story truly touches the heart,파친코
74,Great cinematography,파친코
75,Just a great Show,파친코
76,The best TV series of the year,파친코
77,Lives up to all the hype,파친코
78,Moving story,파친코
79,Gorgeous moving inspiring,파친코
80,Powerful and impactful when history is told differently,파친코
81,Hats off to the persistent great work over pandemic,파친코
82,Unforgettable and Masterpiece,파친코
83,Pachinko lives up to all the hype and critical acclaim,파친코
84,A classic and timeless tale of hope and survival,파친코
85,Work of masterpiece,파친코
86,I highly recommend it for viewing,파친코
87,Must watch TV but judge for yourself,파친코
88,A Must Watch,파친코
89,THE BEST OF,파친코
90,Wonderful adaptation of beloved bestseller book,파친코
91,Best of its kind,파친코
92,cannot breath well with the sight of beautiful scenes,파친코
93,Perfect,파친코
94,Definitely a masterpiece,파친코
95,story line and actors,파친코
96,Don't listen to antis listen to top critics,파친코
97,Pachinko is a story a survival,파친코
98,This is a great series,파친코
99,Captions critical and not competent,파친코
100,I recommend it,파친코
101,Best thing released since the start of the pandemic,파친코
102,Master piece heart wrenching tale Must see,파친코
103,I've never seen anything better in my life,파친코
104,Best drama of the year,파친코
105,a wonderful epic story,파친코
106,Simply Masterpiece,파친코
107,Highly recommended,파친코
108,Just as good as the novel,파친코
109,Great show,파친코
110,I am torn,파친코
111,Exceptional series Top notch acting,파친코
112,Worth watching,파친코
113,boring,파친코
114,Soap Opera Biased dumb characters,파친코
1,"Sharing some of the acclaim Pachinko has been receiving all over the world:

""Apple's stunning 'Pachinko' is so good it makes the competition look unworthy""
https://www.latimes.com/entertainment-arts/tv/story/2022-03-24/pachinko-apple-tv-review

""'Pachinko' turns an intimate story into a historical epic - and one of the best things on TV""
https://www.rollingstone.com/tv/tv-reviews/pachinko-review-1317492/

""A dazzling, heartfelt Korean epic""
https://www.bbc.com/culture/article/20220323-pachinko-review-a-dazzling-heartfelt-korean-epic

""A real epic that hasn't been seen in the cinema for a long time.""
https://www.spiegel.de/kultur/tv/serien-tipps-slow-horses-pachinko-wolk-like-me-ptolemy-grey-landscapers-a-410fc36d-3629-4301-8c82-5a87182ce214

""a show whose groundbreaking vision of Korean history in both its cruelty and triumph, will be remembered as a television landmark.""
https://www.npr.org/2022/03/23/1088179222/pachinko-apple-tv-review

""'Pachinko' offers a sweeping family saga that earns your tears""
https://www.cnn.com/2022/03/25/entertainment/pachinko-review/index.html

""Intricate yet intimate, Pachinko is a sweeping epic that captures the arc of history as well as the enduring bonds of family.""
https://www.rottentomatoes.com/tv/pachinko/s01

""... it shows us how resilient and strong people can be despite what life throws at them.""
https://fordhamobserver.com/68804/recent/arts-and-culture/pachinko-revealing-history-through-the-lens-of-a-korean-family/

""Pachinko is a gorgeous adaptation of a literary masterpiece...""
https://time.com/6160244/pachinko-review-apple/

""Pachinko, manages to take all of these tropes and refine them into something beautifully specific and new: a Korean family epic""
https://www.polygon.com/reviews/22994599/pachinko-review-apple-tv",파친코
2,"Why am I not surprised at a much lower rating than what this universally acclaimed show deserves? This is not fluff, that's why. And green-eyed monsters abound here. Just look at how The King: Eternal Monarch was treated.

This got a 98% rating from 56 critics (note: not fans) in RottenTomatoes. It also got 87% from 29 critics in Metacritic.",파친코
3,"im only ~10 mins in into ep 6, so please tell me if it's going to be revealed later in the ep, but how tf did they find Hana?? Last episode she was still missing.",파친코
4,Back in Japan in front of every train station there was a pachinko hall in a city. Every one of them played one of the imperial military marching songs very aloud to attract people. We were very annoyed by those imperial military songs. But anyway we simply loved playing pachinko machine and we knew they were owned by Koreans. The life of ordinary Japanese was very harsh just as those village folks in the drama. Before the world war II many baby were killed by their parents because they could not feed them. It is in our sad and shameful history. Even the every day Korean diet looks better than Japanese one in this drama.,파친코
5,"Mmmm what will happen in next eps will the story end in just two eps .... ?
Hope they won't end it rushly",파친코
6,My only issue with this series is that Sunja and Isak never got enough Screen time. Every scene about them has me crying. Oh and idk about Solomon and Hana,파친코
7,"Never cared about solomon in the book & don't care about him in the drama. I dislike how he and annoying hana are getting so much screen time. I really hope this gets picked up for more seasons cause it would break my heart if they wasted so much time on solomon & we don't see the relationdship development of Noa, mozasu & sunja",파친코
8,"“if i allow my fears to shape me, i would no longer recognize my own outlines. then how can i call that my body? and without a body, how can i call myself a man?”

what a powerful and memorable quote in ep 6 👏",파친코
9,an 8.1 is just unacceptable with oppar minho in it,파친코
10,Why is Yi sak cast as a secondary character when he is her husband?,파친코
11,"Enjoying Pachinko very much, it felt a little slow to start but now I’m hooked and loving the characters and story, it’s a great production!",파친코
12,"This drama deserves at least 9.0, c'mon guys",파친코
13,2 more to go. I guess first child dies?,파친코
14,"Pachinko is a type of mechanical game originating in Japan that is used as a form of recreational arcade game, and much more frequently as a gambling device, filling a niche in Japanese gambling comparable to that of the slot machine in Western gambling, as a form of low-stakes, low-strategy gambling",파친코
15,"If you can I recommend grabbing your family and watching the drama with them as well. My parents were able to provide relatable family stories and expierences. As well as my family has lived through the late 80s and I have not.

Even parents who don't like kdrama will like this.",파친코
16,"It is so different from the book...
It seems so obvious why the writer has left the series production..",파친코
17,I'm sorry but nobody cares about Hana.,파친코
18,THE RATING OF THIS DRAMA JUST DOESNT SIT RIGHT WITH ME!! It deserves a much higher rating!,파친코
19,Do I need to read up on some history before going into it? Or does it explain everything?,파친코
20,The girl that played young hana literally blew my mind with her acting. I could feel hana's every emotion and it felt amazing. Hana's a bad influence but she's still so addictive.,파친코
21,Makes sense it isn't really k-production because koreans should be the last one to talk about othering,파친코
22,Hoooh this drama not 6 epsiodes.,파친코
23,"I'm not really a fan of LMH even though I've watched his dramas more than a decade ago until now as I'm not really fond of his acting even with his famous roles, but so far I'm surprised I'm pretty enjoying him here in Pachinko. Maybe it has something to do with his shorter screen time (?). The first time Han Su saw Sun Ja, his eyes tells a lot of feelings. From having like love-at-first-sight to wondering (who she is), then being afraid (to fall for her). I also enjoy the scenes when he was casually talking and explaining a lot of things to Sun Ja as it felt raw and natural for me. Then his manipulative scenes really caught me off guard, I feel so frustrated to him the whole time after he did said 'that' to Sun Ja yet the looks in his eyes when she left (to go to Japan) is like saying he doesn't care anymore as she decided to marry that priest but at the same time he's worried 'cause he know what kind of world awaits her and her child there. It's like his character really loved Sun Ja without him even knowing it. His acting is decent here for me, much better than I expected.",파친코
24,1 ep a week is such a bad format...,파친코
25,"The directing is surprisingly light despite the heavy premise. It makes the viewers have a easier time to watch. The story grips you in with the diff characters. Hansu & Solomon are the perfect 1st & 2nd ML. Sungja is an interesting character too. LMH suits these kind of eras like in Gangnam Blues, Pachinko etc. I think period dramas not sageuk suits him well alot.",파친코
26,6 more hours to go XD,파친코
27,"Tbh I was so surprised that lmh had a new drama , and discovered about it at ep 4? !! this didn't get the unnecessary hype which is unusual like the king drama had and in the end it wasn't deserve it , hope this will continue solid and promiseing the way it is now , so strong drama , totally loving",파친코
28,"Waiting for next ep !!
Idk why ppl underrate jems , this drama must have higher rating it definitely deserves more
And hope it'll keep my opinion till last ep ~
Fantastic watching everyone ~",파친코
29,"Waiting for next ep !!
Idk why ppl underrate jems , this drama must have higher rating it definitely deserves more
And hope it'll keep my opinion till last ep ~
Fantastic watching everyone ~",파친코
30,"The way I hate lmh and the hype about him and most of his dramas
But I'm totally loving this cause of dark vibes unlike the fluff and added comedy everytime",파친코
31,"I wish they would have found someone who looked like Lee Min Ho and had the ability to act. The few dramas I've liked Lee Min Ho in have had comedy elements so he could ham it up. But Pachinko has a subtle, melancholy feel and he can't pull it off. He's got the physical looks for the part but not nearly the acting ability to pull off the character.",파친코
33,Rating deserves more. The drama is a masterpiece. Realisitic portrayal,파친코
34,The Autor of the Book is Korean and Lee Min-Ho auditioned for this Role because he wanted to play it.,파친코
35,This drama is not getting much hype in here because of the scandal? I mean its still Lee Min Ho...? Or is it because it feels more american than your regular kdrama stuff?,파친코
36,"Very good quality, the actors are great, everything is super but I dropped.
There's a dark, boring side to it and it's a show that has a very American feel to it (if you're used to watching Korean dramas and movies, you'll understand me), probably the influence of the producers. That's why I didn't enjoy it. Maybe in the future I will like it and watch it, but not now.",파친코
37,"I have enjoyed this drama. I LOVE LEE MIN HO! But this character is a departure from what we usually see from him. Which I am happy to see. I really hope we get more screen time with Ko Hansu. Oh, if there is a second season, I hope LMH is in it.",파친코
38,"I’m happy that mdl decided to add this to their database. While I understand their position, there’s too many exceptions on here for them not to add Pachinko, just saying. I actually found another just today. The Last Emperor, an Italy/UK production told in English, Mandarin, and Japanese.",파친코
39,I think Pachinko's intro is my favourite one ever across all dramas,파친코
40,"the last episode make LMH aka Han su Story.. excited!!!!


btw this backstory is bombinh Osaka In 1945???",파친코
42,Wth is this rating??,파친코
43,Never thought I’d see this drama on MDL xD,파친코
44,"So they finally accepted to liste it here.
Good.",파친코
46,The family tree is so confusing. A lot of characters in such short time. :'),파친코
47,I can't understand why the rating is so low,파친코
48,This is a masterpiece. I'm always looking forward to every episode. I really hope this is gonna have more than one season because i just can't have enough of it.,파친코
49,I enjoyed every bit of the scene. This drama is amazing.,파친코
50,"Ep 5 was pretty weak and confusing for me.
You can really tell that its an american series, the vibes.
Hope they wrap it up nicely. I can see people loosing interest if they go for multiple seasons.",파친코
51,"honestly this looks angsty and melo af... i know it deals with serious themes and such but i see there is also romance here, could anyone tell me who the romance is between? Maybe with a bit of other info about the character too if possible-",파친코
52,"after viewing the first 4 episodes had to buy the book and read it for 3 days nonstop. I think this was a mistake -- I think both the book and then this drama are stand-alone projects with different themes (but the same characters and redacted stories). The awarding-winning book - definitely has more detail and a slightly more poignant theme that made you cry almost through every chapter. There is no way these subliminal yet overriding themes of injustice, prejudice, and abuse will be portrayed in a 2022 drama with all of the intensity of the book. Enjoying the drama -- independently of the book.",파친코
53,"3 episodes left,.. i wonder if it can cover the rest :(",파친코
55,"Guys, was Hana in the novel? I read it in 2017 and for the life of me have no recollection of this plotline lol",파친코
56,apple tv ????? so weird but ok,파친코
57,hana annoying the heck out of me girl no one cares about you,파친코
58,I'm digging the show but Solomon storyline is hella boring 😴,파친코
59,"i hoped they'd follow the novel more precisely but alas. i haven't seen ep5 yet but i'm starting to think 8 episodes is not enough to cover everything that the book touches upon (especially noa's story as that one is so pivotal). i'm curious to see how they plan to wrap it up! still, it is such a good and imporant story to tell and the show is handling it well so far i think :)",파친코
60,to be honest ep5 was kinda confusing. the pervious episode were better.,파친코
61,"Men will be men ... Isak having sex with a heavily pregnant Sunja , who is pregnant from another man , yikes. To make it worse Sunja was burdened to have sex with him because she gotta fulfill her wifely duities, my heart breaks for her. Bro you knew she didn't love you yet, you should have told her you would wait till the baby is born but nah ... Can't see Isak as a pure, kindhearted, angelic gentleman anymore.
But a very good scene that shows how much women had to endure in that era",파친코
62,I feel sorry for those who are not watching this series.,파친코
63,Ep5 is a filler ep. A lot of the scenes were not part of the book.,파친코
64,"Pachinko fan music vid for anyone interested, spoilers through episode 5: https://www.youtube.com/watch?v=WjdIp2Ze7ts",파친코
65,is lee min ho the bad guy??,파친코
66,Is the pervert still staring in this show?,파친코
67,"Watchers: 2,853 Fore Lee Min Ho",파친코
68,"is this good? is it sad? what's it *actually* about? (I don't get much from the description,,)",파친코
69,"I've read the novel and at the end, I was just... I didn't know what to do with my life. So, I'll wait until the drama is finished to start it.",파친코
70,"Tbh this deserves higher rating
So intense so powerful
Loved it alot ! Hope it'll l continue like this till end",파친코
71,I found episode 1 boring till the ending when LMH saw KMH and I became interested. Then they went to pick mushrooms 🍄 and I started blushing ...😊😁,파친코
72,Kim Min Ha is so beautiful and her acting is top notch. How can she is not famous yet?,파친코
73,"I only watched the first two episodes so far.... I like it, I can't wait to see this story progress",파친코
74,"I've finally watched the fourth episode and the second half was so powerful, I can't wait for the next episode!",파친코
75,"Great, Pachinko finally has their MDL page. Good job, adm.",파친코
76,"I don't know anything about the book, but this show already impressed me since Ep1. I'm genuinely shocked with Lee Min Ho and Kim Min Ha's scenes at first, though from then on I didn't expect he'll be like a red flag. The looks in his eyes expresses a lot of emotion, and incase he still had scenes in Ep5-8 (he's one of the main character y'know), I'd want to dive more into his character as I'm really curious with what's going on in his mind though some of it were already obvious. This is also the first drama of Kim Min Ha I've watched where she's the main lead, but she's doing really great so far and I love the scene where she was talking to Pastor Ishka. Her older version and Baek Solomon's rain scene was unexpectedly emotional for me, like I feel the swirling emotions that their characters are feeling during that time. Another unexpected scene that's worth mentioning was the singer, at first I can't process my brain why she did that - then she made me had goosebumps the time I understand her actions ... I usually had different take on that kind of situation but she did it gracefully for me.",파친코
77,The cinematography is just wow,파친코
78,Loved it so interesting,파친코
80,This is a solid 9 and y'all are wrong for this 8.2,파친코
81,is lee min ho (Ko Hansu) story finished in episode 4,파친코
83,"Fcking finally on mdl... İtsbeen 4eps ..
Fck the production american or whatever,
cast is korean, man.
they speak korean.
what else do you want. ???",파친코
84,I love the opening song 💃🕺,파친코
85,I love this tv show and i’m so happy they added it here. I can’t wait to read the comments.,파친코
86,I'm pretty sure Pachinko is not a K-drama though...,파친코
87,"Unfortunately its starting to become a controversy in Japan: https://news.yahoo.co.jp/articles/11a161f79c9dcae1756d7011cd08026dc415b253

They for example mean that they only portray the Japanese as evil devils and twist history, and glorify the koreans.
I really wish there was some peaceful way for both countries =(",파친코
88,Episode 4 directing was just flawless. This series is becoming my favorite of the year so far.,파친코
89,"I feel like some significance could be lost on some viewers. Such as the singer switching to singing a traditional Korean song. This was very dangerous thing to do during that time as the Korean language was basically banned & it most definitely resulted in her death. So yeah that scene gave me chills. Also, the significance of rice, someone already goes into that below and links a really good article but yeah this series is so good! The little details.",파친코
90,"Wow they’re making me feel some sympathy for Koh Hansu. I hated him in the novel & loved Isak. Him and Sunja’s scene together omg the sexual tension & chemistry. That scene of them together she literally melted into his hand.

Also, that scene with him and Isak the tension lol. Isak handled himself well he got him where it hurts “my son”.

I feel like in the drama Hansu is a much more interesting character maybe because I can see his expressions? Like he’s very layered he obviously loves Sunja but his pride prevents him from telling her that. Also, he’s jealous because another man will raise his child and he’s worried for her and his child but he hides that and leads with anger & contempt. Im not ready for the Japan arc 😭

Also, this really shows how there can be two kind of loves. One passionate and fiery and the other slow and steady it grows on you. I find the latter lasts the longest but you never forget the first.",파친코
91,That singer switching to a korean song… 👌🏻👌🏻👌🏻👌🏻 Loved it,파친코
92,Why are people not watching this masterpiece? I know this was only added recently but it needs to go higher in top airing shows. Please promote this series.,파친코
93,"episode 4 was singlehandedly one of the most powerful, heart-wrenching and emotionally cathartic eps i've ever seen in a series. it just grabbed my throat and never let up from start to end.

the themes of liberation and freedom wrapped up in so much pain was so apparent in this ep.
the parallels of young sunja leaving everything behind in an attempt to grab a hold of a better life as she leaves for japan, with older sunja finally returning back to her homeland and shedding tears wading into the ocean. also solomon dancing so unrestrainedly in the rain after standing by his principles, so as not to give into the pressures of his work, and of course, the singer, vocalizing a korean song with such strength and heart, in an act of emotional rebellion and defiance as if to stamp down her loyalties and then to free her self by her own hands... incredible sequence.

it is also amazing how this drama can make me cry over a bowl of rice, but it's no wonder, especially because it represents so much history, including all of the suffering. it ties in so well to the previous scene in episode 3, and makes you completely understand why older sunja reacted the way she did.

This is a really insightful write up regarding the representation of (korean) rice:
https://www.esquire.com/entertainment/tv/a39596792/pachinko-rice-bowl-korea-meaning/

p.s. sunja's relationship with her mother is also so, so beautiful. the actresses did wonderfully!
p.p.s. when isak and hansu had their stand off in the tailor shop, damn the tension was fire and all i can say is, yeah get fucked hansu !",파친코
94,Today's episode (episode 4) was so powerful and impactful. The best one yet!,파친코
95,"I love the choices the director makes with this drama, and the ease with which the present and the past are interlinked, especially the scenes that seem so unrelated yet brilliantly connected. I have to say I didn't expect this 4th episode to be as emotional. It had me wallowing in tears the entire time. Everything from Sunja and Pastor Ishka's tender moments to her and her mom's anguish to the grandmother and Solomon's liberating moment, and even Sunja and Hansu's cruel yet strangely sad moment. I could feel his pain, jealousy and fear for what lies ahead for her in an unforgiving land with unforgiving people. It made me wish he had told her he loved her when he had the chance, but I doubt even he knew. But the moment that touched me the most was the singer, as she beautifully and proudly represented what being free truly meant.",파친코
96,can someone spoil me about baek yisak's role? please tell me he is going to be a decent father and husband 🤧,파친코
98,So the halmony actress in this drama is 74 years old? 😱 Daebak and she's also leading another drama? 👀 True .. they don't age at all,파친코
99,"Youn Yu Jung is such a powerhouse. All the actors, kudos!",파친코
100,Wow this series keeps getting better and better with each episode,파친코
101,Lee Min-Ho what an actor.......,파친코
102,Episode 4 was so freaking powerful. This is it. The show i was fated to watch.,파친코
103,Episode 4 was one damn powerful episode. Hit me right at the core. People has been missing out a lot with this drama.,파친코
104,"CAN WE TALK ABT HOW GOOD THE INTRO IS
I NEVER SKIP IT",파친코
105,This is it.,파친코
106,So is this good?,파친코
108,"So a thousand years later, after we fight a lot here on comments, finally this page is here. Great.",파친코
109,"This is one of my favourite books and I am loving the series so far! I was worried how'd they pack several generations' worth of stories in.

However based on the first 3 episodes, I really like the direction! The cinematography is lush, the acting is A+ and maaaan this is punching me in the feels again.

I really suggest watching the whole series (or reading the book too!) because it's super impactful and nuanced once you get through the story from start to finish!",파친코
110,"Thanks so much for adding the series, MDL.",파친코
111,"Kinda surprised after seeing the Pachinko review in the home page, good to see it in the MDL page",파친코
112,What happened to the arrangement of cast? Is the story not centered to Lee Min Ho and Kim Min Ha anymore? It looks like centered to Sun Ja's character but now I'm confused. Still on Ep1 hehe.,파친코
113,will they release 3 more eps or just one ep (ep4) for tomorrow release?,파친코
114,it's a very good series. I recommend it to anyone who is curious. especially lee min ho in a different role is intriguing,파친코
115,I loved the book and the first 3 episodes encapsulated the feeling of the book so well. I cried so much! It really made me think of my grandmother. I don’t know how this will do for the audience on mdl… just by reading the comments already I don’t have high hopes,파친코
116,"I know the time period was rough but is there much ""anti-japan"", ""the japanese are devils"" in this? This is a completely neautral question.",파친코
117,"Having seen the first three episodes, the series proved to be a delightful watch. It was great because it affected me emotionally. Not to mention the cinematography was just exquisite. I just know the character Sunja will make a mark on me when I reached the end. I don't really get how everyone is saying this is Americanized culture of Korea. Because as I have seen, it has the ""heart"" I've been looking for most kdramas. Just watch it guys, Sunja's character will touch your heart. Her character was very present in real life.

Anyone who came here , expecting some fluffy romance will say it was boring. I think its about managing expectations. The trailer if you've seen it, doesn't sell itself as a romance story. It was about a girl who thrived for her family. Romance is just one part of her life and not an integral part.",파친코
118,"3 episodes in and I'm intrigued. LMH is of course a scene stealer, YYJ is a legend,(just finished Youn's stay), and I thought Sunha had a very good 3 episodes and really came to life for me as I have read the book.

About the book...

The first 1/4 or 1/3 I thought were epic, it was like the Korean ""Roots"" for me. I was amazed and enthralled. Unfortunately, for me the book then goes off the rails and becomes a mess. It was a huge disappointment and I wished an editor or 5 had stepped in.

That's why I think this series has much more potential. It was an excellent choice to time skip, the story is told much better this way and we also don't have to wait to see YYJ grace the screen. I'm a fraction of a bit worried that it would lose it's way like the book but I do have faith in Justin Chon, you guys must absolutely watch Blue Bayou. I have a feeling it will be a much better TV series than book.

It's gotten almost universal praise and aside from Solomon deserving a Will Smith slap for his previous behavior I think it will be a huge success. And LMH will be a super duper duper star by the time it's over.",파친코
119,I knew they would crack eventually and add Pachinko. We won guys!!,파친코
120,"the cinematography is honestly stunning and so befitting of a sweeping grand epic. although i can see why some people would call it boring or slow, personally the quiet and steady feeling helped make the whole experience watching it more immersive, thought provoking and personal. the over-arching plot is also fascinating, and i’m already so taken with teen sunja played by the wonderful kim minha. her expressions are so raw and ofc the kid actress and youn yuh jung were fantastic as well. don’t care whatsoever about jin ha/solomon (esp after his controversy wtf..) but lee min ho’s acting here as the enigmatic and manipulative hansu is far better than i expected so excited to watch the rest of the eps.",파친코
121,LMAO the admin gave in.. i mean i alr said it was a co-production between s.korea and usa.. boy,파친코
123,"Dropped after episode 3
it was boring and I didn't feel the korean charm that I love in it
it reminded me of the American version of every asian character and asian culture in general
Americans production when they include other cultures than their own they tend to portray them as old and as archaic as possible
that's how I felt every time they portray other cultures story ,,it's like
American tv shows are shiny new and any other culture are just old and lesser than them
that's how I felt ,, please don't hate and call me names ,, it's just my own take on this",파친코
124,"There's rumors that this is not a limited serie but a 4 seasons one. Don't know if this is true, but if it is, it sucks !! Anyone who read the book can tell if there's enough material for 4 seasons ?",파친코
125,"LMH make fans hate him, but LMH act successufly..",파친코
126,finally mdl admin gave up because the protest,파친코
127,Thought it was strange it wasn't on MDL.,파친코
128,How's the romance in this is it good?,파친코
129,Does this have romance?,파친코
131,"OMG I just have seen this here on MDL, looking up for it for days since I've seen EP1 but is wondering why it wasn't here yet. Glad they add the drama now! This will be my first Kim Min Ha drama, so looking forward to her acting. ~ Plus, Lee Min Ho and Jung Eun Chae reunite!",파친코
132,YES BITCHES ITS HERE,파친코
133,time to watch the loml again,파친코
134,Bravo for putting this on MDL after all,파친코
135,I want to punch hansu so bad,파친코
136,"The filmmakers behind this, Kogonada and Justin Chon have directed some really good movies; Kogonada especially. I’d recommend both Columbus and After Yang. Pachinko is off to a great start, I do wish all episodes were released at once though.",파친코
137,Thanks for adding this to the database :),파친코
138,Finally I was waiting for pachinko to be here,파친코
140,Eps 4 is taking like forever to come,파친코
141,"The hit maker
The record breaker
The best lemon in the world today
Sour yet beneficial",파친코
142,Loving this drama so far.. gets better and better with each episode. Lee Min Ho is eye candy Lol,파친코
143,"Finally!
It's on MDL, LoL!😂😂😂😂😂",파친코
144,"it's here, bitches",파친코
145,I came to sleep 😴😴😴😴 and roast Ko Hansu...,파친코
146,So is this actually a co-production like Tokyo Vice?,파친코
148,Wait what? It got added anyway? Wasn't there a consensus about this being an American production?,파친코
149,"After careful consideration, we've reversed our position on adding this show to MDL as it is listed as a co-production between South Korea, Canada, and the US on IMDb and several other platforms.

We do thank both the approval staff as well as all those who have previously submitted this title to MDL. Let's enjoy our favorite Asian actors in this drama!",파친코
150,Finally?!,파친코
