,reviews,title
0,"I don't generally care for political or conspiracy dramas, so I was quite surprised when I realized that this had become my favorite drama. The pacing, acting and plot were all superb. It even pulled off a great ending, which I would not have believed possible. I found the characters surprisingly well-developed and all interesting. By the end I was intensely concerned about the fates of all of them. Even if this isn't a genre you usually like, give it a try. The excellent acting by the whole cast will win your attention, and maybe even your heart.
Was this review helpful to you? Yes No",60일지정생존자
1,"An amazing journey of self-discovery
I know there are at least a few people who are on the fence about starting this drama since it's heavy on politics and it's not everyone's cup of tea. It sure is not mine. Yet, here I am, loving this drama and recommending it to everyone. And here's why...

STORY
Would I call it realistic? Not really. Did it bother me that it was unrealistic? No. Why? Because it was cohesive and consistent. I know that political dramas can be boring for people who are just not interested in the topic, and that's why adding some unrealistic, but definitely grabbing the attention plot points made this drama more approachable for a wider audience.

The main point of the drama was the development and growth of the characters. It's a story of believing in yourself and what you stand for, fighting for the right. Discovering that just because there are winners, does not necessarily mean there must be losers. How to play the game that will make not only you achieve your goals, but also make everyone around you content. It's about slowly realizing your strengths and ways to use them. Figuring out that wanting something does not necessarily make you a bad person who is only led by greed. Many interesting lessons to learn with our main character. An amazing journey of self-discovery.

CHARACTERS & CAST
I was not sold on the idea of Ji Jin Hee being the lead of the whole drama. Especially after watching the first two episodes. Him being surrounded by all the strong and captivating side characters made me worried, if he can truly lead the whole show. And oh boy, I was wrong. Now I would say he was born for this role and he aced the character. Seeing Park Moo Jin slowly growing without giving up on his principles and beliefs was an amazing journey. It was refreshing to see a really smart main character that was also empathetic and, to put it simply, a good person.

It's also worth mentioning other characters that won my heart: Cha Young Jin, whom I loved to hate at the beginning and then just simply loved. Han Na Kyung who was the MVP of the badass team. Oh Young Seok, who made the drama even more thrilling to watch. Yoon Chan Kyung who was the true politician - I never knew where she was standing and what her motives were. Is she good? Is she bad? I guess you will find out for yourself, if you decide to watch it.

OTHER
The show also talks about some serious issues in a realistic and not patronizing way. It helps with understanding the reasoning for specific choices characters make. The cinematography and the way it was shot was beautiful. Definitely a high quality production. The music was good; it was not exactly grabbing my attention, but it's a political drama, the ost is not the main focus here. The ending was perfect, and everything I could wish for.

, I did not expect to like this drama as much as I did, but it will probably stay as one of my favorites.
Read More",60일지정생존자
2,"A great experience!
I have never been into political dramas before so it's my first political drama, actually I don't like politics it's pretty much that I hate but it's really amusing that even it was political drama I loved it.

It's a thriller drama and if you are looking for something fresh, light, romance it's not the right place for you, but if want to try something different it's definitely worth watching. When first I watched the trailer I wasn't sure if I should give it a try but I trusted my intuitions and thank god I did that because it was great journey for me I enjoyed a lot. I hooked in just episodes, I also liked the cliffhangers in the end of every episode. I loved the character development and the way of representation of story. Yeah there are many plot holes and many unanswered question in the end but despite that it's a great watch. You will be thrilled in the end that's what I'm sure of.

I don't re watch stuff so I have given low rating, the acting was convincing, the story was good and it can definitely hold you up to  episodes.

I won't say it's the best but it's indeed a good watch so I definitely recommend you, trust me if you not sucker for romance you will like it.
Read More",60일지정생존자
3,"If I had to describe this drama in one word, it would be grounded. The writers for this show did a nice job, it takes talent to balance tension, action, humour, and politics into one. On top of the great lines, I also enjoyed how the writers were able to take such an extreme situation and create a scenario that felt truly realistic. I found it so fascinating how the script interweaves a contemporary South Korea and the country's current political climate into its story. With that said, in the beginning I thought the pace of the show was too slow by focusing too much on the early days of the acting president and there were times I tuned out just a little bit. However, now having seen the ending I appreciate the pace of progression and how the show took its time to tell its story. I also thought certain characters could've have used more development/screen time, such as Oh Young Seok.

Now the best aspect of this drama is the ACTING, the show would be nothing without each and every member of the cast. Even the most minor actors really held their own. Each group had such a interesting and/or fun dynamic, especially all the secretaries and the NIS team. I would name my favourites, but I just have too many lol. Sometimes other dramas focus too much on the main actors, shafting the supporting characters. So what I really love about this show is that it really feels like an ensemble cast. What I mean by that is everybody has their moment, and has a role to play in the story.

If you like political dramas, then this is definitely for you. If not, then maybe move on because some people will definitely found this type of show as boring. As for me, I have to say that I really got sucked in into this drama! I haven't watched the original so I can't compare the two, but this adaptation definitely stands on its own.
Read More",60일지정생존자
4,"For someone who dislikes political dramas I surprisingly enjoyed this a lot! I started the first episode while playing games and just because i had to wait for something and had nothing better to do, but from the middle this drama made me lift my head, lift my eyes from the phone and stare at the screen. I did skip some parts though as sometimes their talks were getting longer and sometimes i just couldn't understand the political stuff. I can't say this will be my favorite drama, but I can honestly say that I enjoyed it.

What I liked:

- Kang han na and her investigation
-President's wife!!!!!! who i loved her. She was strong and independent! I loved how Park Mu Jin always asked for an advice form her.
-President couple. They were amazing very supportive healthy family!!! Such an amazing relationship!!!!!
-seol ji hwan and his hacking (I totally shipped him with han na kyeong)
-Ji Jin Hee. He acted so well as the president. As someone who is totally not suited in politics and onto someone who is a true leader.
- Secretary Cha xD he was funny they way he anxiously and nervously talked was also funny but it added seasoning to the drama, i liked it.
- the third NIS agent. he was nice
-The guy who dealt with press as spokes person. He was so nice and funny lol
-the political ending it was really well-made

What I didn't like:

-a bit long and a bit boring at times.
-too many dying without answers and without meaning...
-Oh Yeon Seok Assemblyman's driver lol
-Tailor Kim's end
-The investigation ending!!! it was so hopeless and seemed like everything was in vain without proper answers.


I haven't seen the american version and people who have seen it say this drama wasn't good in comparison. But I think they tailored the drama onto Korean Government really well! just from the start and throughout the drama it discussed sensitive issues of Korean government and it was really interesting.
I also enjoyed the investigation part a lot!! It was very interesting to follow their path!
For the ending however i would like to divide my score.  for political ending and  for the terrorism investigation ending.

Plot was really well balanced the the whole concept of the story is very interesting.
Characters were very interesting and diverse. I loved how in the end we didn't have completely bad characters. All were people! I would like to say a tiny bit about that because in drama ""watcher""'s review i told that it was not good because it was grey without characters being good or bad. I think, there they didn't pull it off well, while here so made it really well interesting and balanced. They were not grey they were people with lots of colors in them.
I want to give two Honorable mentions to women! well actually three! The political woman President Yun! Wow she did her job so well! Until the end i didn't know is she good or bad, and I still don't, she is just an ambitious woman, amazing! Wife of our newly made fresh president. She was amazing i totally loved how he always asked for advice! and of course Han Na Kyong agent! she was strong and smart. She kept investigating until the end and it was great!

All the actors did soooo well playing their roles.

 the only thing this was lacking is a more satisfying conclusion of the whole terror incident.
Read More",60일지정생존자
5,"this drama is an adaption from the book of same name and it has an American show of two seasons.
this is a consistent paced drama , from the first episode to last, you will feel like it going smoothly , without no dragging in the plot or story line. i must say that there were some plot holes in the story and in some parts things could have done better , but that doesn't effect the story much , only the realistic tone of the drama is affected. from the first episode, the characters are set continuously and i think even though they barely showed any back stories for most of the characters their acting pulled it off smoothly. for many Korean dramas they tend to show a lot of things in the first half , and stretch the plot in the last half , but this was not the case in this drama. each of the episodes was carefully linked to one another and has presented the chance to guess along with the show. it has a little things of showing flashback which was even though overdone added some pace to the drama ( you will always try to guess the outcome) and maybe for the original story , this drama was a little less predictable like any other drama , it didn't try to inflict suspicion on everyone though , it would have been mind boggling for the viewers, overall it was a well written drama , but that's why i wanted it to be better but it managed to get me excited over each episode, and it has very little and well showed romance between the characters , i cant tell enough how i loved that so much
for the acting , every actor was mind blowing , even though i hadn't seen any of their works. they executed their role perfectly , each of the characters. i wished there would be more action scenes and a little bit more mystery , but it is strong drama which managed to pull of despite some setbacks , watch it you will not regret if you like the synopsis. some said that the ending was a bit messy because they didn't cleared things up that much , but if you look the dialogues in the last part of agent han it makes sense
Read More",60일지정생존자
6,"This series is the definition of perfection. It was thrilling from the beginning to end. The plot line never failed to have me at the edge of my seat and the actors never disappointed in their performance. I honestly think i fell in love with every character.
It had a perfect balance of tense, emotional and fun scenes. I really hope there is a season  because i cant get enough! I highly recommend this series to everyone. And to those who have never watched a korean series before, this is a great place to start!
Was this review helpful to you? Yes No",60일지정생존자
7,"If there is a word to describe this drama, it is disappointment.

This drama had a lot of potential, an interesting plot, an amazing cast and outstanding photography.

Then what failed?

The plotholes, the execution and the aggressive propaganda. This drama lacks soul.

The premise is very interesting: a terror attack kills the president and all government ministers, except for the minister of Environment, Park Moo Jin, who is then tasked with running the country for  days and brining the perpetrators to justice. Sounds great, doesn't it?

One of the main issues here is that you don't feel any tension, neither in the Blue House nor in the country. If something like this actually happened, there would be political instability, chaos and riots, but in this drama citizens just exist to slander our poor acting president Park on social networks, and not seeing his true worth. President Park is perfect, always knows best and never makes mistakes, even though he has not experience in politics. Even when he is reckless, results are always good. So it's not actually recklessness but endless wisdom, yay! This made the drama very predictable in this regard, but nevertheless interesting. The drama also has many plotholes and leaves important chunks unexplained on purpose. This was, in my view, a big mistake.

Another issue is that the drama focuses too much on the allegedly ""progressive"" politics of president Park rather than in finding who is behind the attack and why. So this drama is more of a political drama rather than a thriller. I love political dramas, but the premise of this drama doesn't suit a solely political drama. This issue is gravely compounded by a strong extremist agenda pushing, taken to such absurd lengths to the point it takes a huge, irreversible toll in an otherwise outstanding plot. Political agenda pushing is poison for entertainment, even more so when it's extreme and the plot is actually subordinated to it.

The cast is outstanding, and did an overall great job, especially Ji Jin Hee. Bae Jong Ok also stands out in what it seems to be one of the best roles of her acting career. The issue is that most characters are not deep at all, and they have no backstories, except for the lead. You can't understand their feelings or personalities. This, along with a poor script, led to a poor execution of which actors are not actually responsible.

I am sadly not exaggerating when I say this drama has been one of my biggest disappointments ever, if not the biggest. It had a lot of potential, a great cast and outstanding photography that have been thrown away by poor writing and political agenda pushing.

I am rating this drama a . This is my lowest score ever for a drama (the second lowest is ). The positive aspects are unfortunately not enough for this drama to pass.
Read More",60일지정생존자
8,"Let's be honest... I'm not the type of person who are fonds of politics. But due to the very high review, I tried watching it. And I did not regret it even a bit! It's by far my fav kdrama!
All this while when I read about politics, all I see is a title. Nothing more than that. But after watching this, I see it differently. I see political people pov, how it's not as easy to cater to the people wishes vs nation safety, how the media tend to exaggerate things and cause panic, and kinda make me wonder.. Is there actually a political person who is so selfless and care about the people like president Park mu jin? (I highly doubt so)

I did not expect I will cry watching this drama. There are so many instances that actually make me cry. From sadness, disappointment, touched. It's all there. This drama just pull out all possible feeling you could feel.
And this is also the first time that I actually, really really wanted to vote for someone. I just love this drama. It's just so beautiful. The character development, the mystery, the suspense. It's a complete package. I highly recommend this drama.

As for rewatch value, you already know what gonna happen and everything, so the excitement might not be there. But heyy, at least you can enjoy the character development :)
Read More",60일지정생존자
9,"genuinely didn't expect to fall in love with this drama as much as i did. i had heard about the us original series from some friends who really enjoyed it, so me being me, i decided to check out the korean version when it started airing instead of the og (also on netflix!). i think that was the best decision ever.

this was the first legit political drama i've ever watched, and to say it has set a high bar is a grand understatement. i loved so much of the drama - the story + mystery, how well paced it was, how each scene was filled to the brim with tension even though it was just a few characters talking. but what really set this drama apart was the character work.

we're taken along on park mu jin's (ji jin hee's) journey from low ranked cabinet member to the president of korea, and we get the privilege to watch him navigate the world of politics while trying to maintain his dignity and morals. i learned so much along with him and appreciated being able to see some of the humanity behind the politicians (but also was taken aback by much of the cruelty) of people in authority.

what i loved as much as president park - honestly probably more - was the supporting cast. son seok koo as secretary cha was magnetic. i couldn't stand him in the beginning, and truly believed him to just be another political shark. then the layers were slowly peeled away and what's revealed is a passionate young man with ambitious political dreams of changing his country, his government, for the better. even though his exterior makes him seem like a seasoned politician, always acting in the most opportunistic way to get the poll numbers up, at his core he has clung onto an honestly childlike dream throughout it all. he is probably my favorite character of the show, and i'm so on the secretary cha/jung ship!!!!!

the rest of the presidential core staff was a delight. from the speaker of the house (lee moo saeng) to the president aid (? i don't know the labels very well), each character had their own little moments to shine and gave us closer looks into their characters. although we couldn't spend as much time with each as i would have liked - honestly i would happily watch  episodes of them - each actor imbued their character with enough nuance that they all felt fleshed out and real.

i can't end this without talking about kang han na as han na kyung, the tenacious, whip-smart NIS agent. what a badass. what a babe. i adore her. i wish we had more female characters like her on the screen! she's written so well. every action she did felt real and grounded in her character, and kang han na portrayed her wonderfully.

truly an amazing show. this was the best kind of surprise for me - went in expecting so little, and came out completely blown away. will there be a season ? i partly hope so...but at the same time, i don't want this perfection tarnished.
Read More",60일지정생존자
10,"Well, call me the odd one out of the bunch who really didn't like this. I seriously took a nap after every episode! It was just that slow. The main character had only one facial expression and that was the 'confused' look. It grated my nerves!

I watched because I liked Lee Gi Young in Vegabond. I will watch anything he's in because he plays his characters really well. I even liked Jeon Sung Woo. His skills and gulliblenesss-yeah I know it's not a word-made him more likeable than any other character in this series.

I even liked the female cop. She was bad a** to the end.

Sadly no one in my opinion could save this series. To me it took too long to get to the plot and then in the end you find out the person who was behind everything wasn't the person you expected so I don't know why they took that issue in that direction.

Plus the ending was so freakin' cliche!!

I kinda got the gist of the ending due to Keifer Sutherland's show that has the same premise as this. I like Sutherland but he portrays the same character in anything he plays in. I can't tell if he's disinterested in the roles he play or he's portraying a laid back type of person either way I didn't see his version and wish I hadn't seen the Korean version.
Read More",60일지정생존자
11,"An enthralling journey into the Blue House.
I had a major case of withdrawal syndrome after this show and the reason is pretty simple- I was not ready to let go of the actors or the characters or the story of the man who becomes the interim President of ROK. Right off the bat, we know that while Park Moo Jin may or may not be President material, he's certainly a capable Minister. This sows the seeds of intrigue in the viewers about what sort of a path awaits this calm and collected individual and the show doesn't disappoint. There's not a single scene that feels out of place. It has moments that are endearing, heartwarming and joyful and a number of tense times when all roads lead to a dead end. Park Moo Jin doesn't know the answer most of the times and often, he's given a limited number of options with unknown number of variables in a limited amount of time in which to make a decision. That is what makes this a compelling show.

There are two aspects to this drama- political and investigative- and surprisingly it's the former that draws us in and keeps us hooked. The investigation, while by no means a side-plot, definitely took the back seat more often than not. It also could have been handled better as it did tend to drag the drama at times. I cannot say much about this imbalance, however, as I haven't watched the original American version. The investigation is not a strong element but manages to blend in well. This was never about the villain, the culprit, who was pretty obvious and easy to guess in my opinion. The investigation just supplies us with evidence on that front. The show is about State politics and there, it's every bit exciting. Every political set back is overcome intelligently with the help of a strong team of advisors, and the small but noticeable moments of humour, family and relationships weave solidly into the main fabric of the story. Episode  will always be my favourite of the bunch.

The casting is excellent. Everyone does an admirable job of bringing their characters to life. In a drama with a strong story, it's easy for certain characters to become caricatures and it's the cast here that prevents it from happening. Ji Jin Hee and Son Soek Koo seem to be born for their roles. It's as impossible to say who did a better job as it is to take our eyes away from the screen when either of them is there. Lee Joon Hyuk nails the suave and silkily cunning Oh Young Seok. Nothing is perfect, however, and Kang Ha Na stands out as a sore misfit. She fails to convey the emotions of an officer struggling personally and professionally. In that sense, Kim Joo Heon feels wasted. I so wanted him to take over from Kang Ha Na and be that strong lead the investigation required.

The characterisation is a chef's kiss. Park Moo Jin, Cha Young Jin, Oh Young Seok, the Blue House staff, Yoon Chan Kyung and Moo Jin's family are all expertly crafted. Cinematography and music elevate the mood and are suitably good. A special mention for the many metaphors the director threw in like they were nothing- Moo Jin and Young Seok often coming from two different ends of a Y-pathway, being just an example.

This is the kind of story that remains with you long after it's over, haunts you for days to come and begs you to rewatch it whenever you can. I'll definitely be going back because, honestly, can we get enough of the warm, kind President and his group of eccentric advisors? NO!
Read More",60일지정생존자
12,"on the edge of being great, but not quite
i expected that this drama would blew me away, and to be honest it didn't.

the main problems with this drama lies on the NIS investigation part. i can see that Kang Han Na works very hard to give justice to her role, but i still feel she's not the best fit for the character. either that, or the whole investigation part concerning this accident is just written so horribly that no good actress can actually save it. yeah, probably the latter.

the most well-done things about the story is Ji Jin Hee and Lee Joon Hyuk, i.e. the political side of things. the pace is rather slow and steady (which reminds me of how similarly this drama feels to Stranger) and the thrill of the drama mostly came about when Lee Joon Hyuk was introduced into the picture. he's a more collected, mysterious and intimidating shady character here than he played in Stranger which i preferred. Ji Jin Hee is undeniably the most perfect choice for the lead role, and he executed it briliantly. his gestures and mannerisms showing discomfort and awkwardness are so spot on, it's so lovely seeing him play a timid character and grow from it throughout the show, mainly because his genius brain recognises the importance of fearing huge responsibility that comes with ultimate power/authority.

SPOILER (read at your own risk)

.
.
.

i just find the VIP to be Mr. Kim himself really weird because they just want us to believe that after years of doing spying activities in North Korea, he was able to amass enough wealth to have a good grip on the highest-ranking politicians and public officials. that seems lazy ass writing which i have a hard time believing. also the other main culprit in the Blue House turned out to be that person we suspected all along, so rather than the conclusion being anti-climactic, it actually felt like it disastrously tanked somehow.

i still have problems wrapping my head around how the writers decided on that, so at the end of it i am half grateful that i ticked off this drama if not for anything else, just for Ji Jin Hee like i did for Misty LOL!
Read More",60일지정생존자
13,"kayaknya ini salah satu kdrama original netflix yang paling panjang yak? jujur gue udah masukin judul ini ke ptw sejak lama karna kata orang bagus, tapi ternyata engga sama sekali :( emang salah gue sih karena udah berekspektasi ketinggian, cuma ya gimana yak.

secara keseluruhan ini terlalu bertele-tele banget, terkesan diseret dan dipaksain (twistnya ketebak bgt). serius tp ga serius serius amat, ada kocaknya (memang kocak beneran btw) tp kayak ga tepat ajasi--jadi kaya setengah gtlooo. kalo mau serius ya serius, kalo mau kocak ya gimana ya...

tokoh-tokohnya terlalu banyak dan lemah, karakterisasinya kurang kuat gttt. gue aja sempet bingung ni pemeran utamanya siapa. dari kesemuanya juga actingnya ngga ada yg menonjol especially buat yang memainkan peran sebagai badan intelijen.

yang menarik di sini buat gue emang bagian kocaknya sih, interaksinya kim namwook sama cha youngjin sama untungnya park mujin masih kekeuh buat ngga tenggelam sama rasa haus kekuasaan.
Read More",60일지정생존자
14,"Will you give up on your morals to achieve your goals?
I had to write a review on this drama after completing it. Designated Survivor :  Days is a well written and delivered drama with a long list of wonderful actors. Usually one might think that a political drama is boring and stuff. But this drama is a lot different than one can imagine. A lot is happening in every episode which keeps you glued to your seats.The story doesn't give away in the middle and holds firmly till the last episode.
One can not also easily guess about the main antagonist in the story. All the actors did a wonderful job in portraying there roles. I loved the drama, We see a great character development in Acting President Park Moo Jin who was a bit of a pain in the ass at the starting of the story made me fall in love with his character.
The drama asks the question 'Will you give up on your morals to achieve your goals?' on many occasions. So everyone I ask you the same question. What would you do if you were in Acting President Park Moo Jin's shoes?
Read More",60일지정생존자
15,"The last episode killed it
I was hooked on this show until he decided not run for president. It was the final episode still  minutes left, I turned it off, never looked back..............mmmamamamamaamamammamamaekd dvshssjkjdndjdid d didn’t she she did did she she she she she she she be she she she be she Herbert she dndndhd db Aj snd j she jd djd jd dj djd d end d in drr f in f dnn in d fr in r djd he he she she she she r e e e e she she d d r d d djd I did end dbe redid d djd had d d dish djd d d d d d dish disks d d f f d d d d djd is e d d
Was this review helpful to you? Yes No",60일지정생존자
16,"Grounded and just thrillingly VERY good.
I was really excited to start Designated Survivor :  Days as its based on the exciting American one . ( BTW You do not have to watch the American one to watch this one.) I was also keenly looking forward to equally exciting Korean elements and I must say ,all my expectations were gloriously exceeded!

Everything was perfectly wound from the scenario , to the politics and the thrilling action, The story never failed to captivate and the build up was thoroughly conclusive and very grounded. The political machinations added to the thrill and actually did not bog down anything .I particularly loved the social commentary on the proposed laws as they touched on pertinent social issues and causes.Then the action was just a lovely decadent cherry on the top.

The directing was equally sublime and I loved the use of past and present scenes . The capture shots were very rich too and added a true elegance to the story line and overall production.

The cast was equally perfect too with all the leads wonderfully shining and adding artistic nuance were possible.

The music added great ambiance to all the set pieces.

 -an absolute home run of a drama that I thoroughly recommended . So much heart and such profound dialogue too that I am sorry it is finished .
Read More",60일지정생존자
17,"PLEASE GIVE THIS DRAMA AN OPPORTUNITY
This drama is amazing, period. I’ve been watching dramas for  years but it’s been such a long time since I felt so many emotions watching a drama and I believe it is the first time in  years that I watched a drama without doing fast forward because I was afraid to miss a good dialogue!!!! I will give you different reasons to watch this drama
-THE ACTING IS AMAZING (well just look at the cast)
-The writing is really good (I have to say I screamed and clapped while watching this) and so it is the ost and cinematography
- every character is smart and even the smallest character brings something to the story ( I love how the women here were so intelligent)
-There are not wasted dialogues or scenes and if you don’t see spoilers you don’t know until the end who is the bad guy (because it keeps surprising you)
- I loved how awkward was the romance and the comedy here hahaha because you know this drama is actually really serious (and yes I love my couple in this drama ;; )

Sigh… there are so many reasons why you should watch this drama… so please let’s try to raise the popularity of designated survivor
I give it /
Read More",60일지정생존자
18,"Crazy from start to finish
This has been on my watch list for quite some time, but hey, better late than never. For the most part, this drama is really good.

What makes it good?
It's not an eyeroll drama about politics. It has suspense, mystery, and action. Park Mujin's character development from beginning to end was amazing to watch. The complexity of each character's goal, whether they have good or bad morals, really adds onto their motives. The acting is truly believable, astounding, impeccable, what more can I say? The cinematography is gorgeous, I love the different aspects to how the scenes were shot/set up.

What makes it bad?
The plotholes. There are parts to the story that have some loose ends. There's also parts that don't feel as impactful as they should be. The pacing becomes slow in the middle-ish. Nothing was really progressing until it got near the end.

Though the premise of this drama may leave people with mixed feelings, I say give it a watch and see if you're up for it.
Read More",60일지정생존자
19,"A Home Run
I was on the fence whether to watch this. In my heart is Ji Jin Hee as King Suk Jong in Dong Yi. His portrayal of such a honest and caring King was so profound to me I wasn’t sure I wanted to watch Ji Jin in a lesser role. I shouldn’t have worried one bit. Because here he plays the same kind of character…and is just as captivating.

There actually isn’t one actor/actress that doesn’t give a stunning performance. This series reminds me of one long ago called Lost, made in the U.S. No matter how hard you tried you couldn’t figure out who the protagonists are….its an endless maze…and this is what makes this series a real winner.

I became enthralled with learning about Korean politics. Not so much different than here in the U.S. The corrupt always seem to stay in power. What would it be like to actually have good, caring, honest rulers? Ones who put the people first instead of their own selfish pursuits of power. What a world we would have.

I would really like to see a Season . Knowing Netflix they probably won’t do another season. Seems everything I always really like is canceled after one season.

Read More",60일지정생존자
20,"Designated survivor is a brilliantly written political drama that keeps you guessing till the end. It is well thought out the way the episodes were laid out. I was hooked from the first scene to the last. I even finished the credits at the end to see if there was more!

The acting was great and believable. The sound or music evoked my emotion and suited each and every scenario.

The drama was a journey of self discovery, sacrifice, hope, ideals and dreams to build a better nation.

I liked it when the Sec Cha said about acting president Park Mun jin "" he is different, he always win but no one loses"". Imagine a world where our leaders do things in a win-win situation. There were so many one liners or one sentence statements in the drama that spoke to me.

I definitely enjoyed watching it. It gave me positive vibes. It made me hope for a better world if we have the right leaders.

Thank you cast and crew of Designated Survivor
Bravo!!!
Read More",60일지정생존자
