,reviews,title
0,"This drama is only  hours long;  half-hour episodes and I'm ready for season ! Also, I like the title Partners for Justice best because it sums up the relationship between the Medical Examiner's Office and the Prosecutor's Office.

A well-executed story about humane and inhumane issues surrounding death in our society. A stellar ensemble cast who are convincing in their roles and a soundtrack that perfectly fits the mood in each scene and situation right down to the music at the end of each episode. While this drama took on a very serious topic it also had humorous light-hearted moments and camaraderie. I never watched US CSI however, I did watch the early years of House and Jung Jae Young's character (Baek Beom) as the male lead reminded me of him; a cantankerous tortured soul, which he portrayed beautifully. I liked the fact that the writers made Jung Yoo Mi's character (Eun Sol) as the female lead strong and realistic; a young idealistic woman vying for her independence and identity through her job as a prosecutor. We as viewers can watch her personal growth as she acclimates to her job and various situations. Kudos to the writers for not turning this smart savvy female character into a typical k drama contradiction; unrealistically naive, bratty, turns into simple-minded high school girl in tough or uncomfortable situations. I look forward to season  and I hope there will be more character development and back stories for other members of the cast like Lee Stephanie (Stella Hwang) and Lee Yi Kyung (Chi Soo Ho).
Read More",검법남녀시즌1
1,"I don’t understand why is there a lot of negative comments for this drama. First of all, i would like to thank the writer and producer because this drama is just superb!!

Im more into crime/action kdrama actually, plus Lee Yi Kyung was th nd ML so i was really looking forward for this, but I started watching it right after the drama end cause I don’t have patience so i could marathon it straight after it ends. (And i finished it in  days people, was totally immersed)

Well, this drama was one of the unique because it involves both crime and medical scenes into  drama. Lots of twist here and there, but not bad actually as it does makes sense. As for the cast, each one of them played their character well. And im super glad they focused on the nd lead character (Lieutenant Cha, Kang Hyun) as well, i thought they’re gonna waste them but nuh-uh. And of course my bae (Lieutenant Cha) really got me surprised, didn’t expect for those stunts at all, till now can’t believe they gave him such character and because of that he’s now got the main role as a detective again which is on the way!
Right and the ML & FL, such a good pair not as in terms of look but brains and personality. And the other casts as well, super hilarious and cute i should say, Im ready for season  guys! And its worth watching it again. Trust me for those haven’t watch, you will never regret!

(P.S: My first time writing a review and i feel the need to write, cause this drama is just amazing. Im a Kdrama maniac since  years and tons of dramas I’ve watched but i can assure you this is one of the best!)
Read More",검법남녀시즌1
2,"I do enjoy this show and fine with most of the casts. Whatever isit, there’s is negativities reviews, it’s doesnt matter, no one is perfect anyway. -.-

good job for everyone who has spent lot of effort in this show.

Among all the casts, I like that Stella Hwang, she got the X-factor’s aura and spontaneous character. Without her, the show will be little bit boring.

Learn something from this show as well, like how medical science really work. LIke even if the body is badly decomposed, bone still able to give answer to their death.
Was this review helpful to you? Yes No",검법남녀시즌1
3,"I love the medical/mystery genre, i had high expectations at first but it all become a dull, emotionless drama at some point.

From my point of view, they tried to imitate/remake the american series such as CSI... They failed horribly.

 :

UGH I JUST DIDN'T LIKE IT.
The only word the forensic doctor knows is GET OUT. He's always right. He's cold.
The female prosecuter remembers everything. She's a hardworking. She makes me remember the bad previous acting of suzy.
The other characters are puppets to the upper two.
All in all, you can't connect with the cast, at first you'd be hooked but then you become used to it and you realize you were fooled.

THE ULTIMATE REASON I HATED THIS IS :

 : (a little spoiler)

The woman baek bom was in love with was in a vegetative persistant state ( Coma for like years). They made it known in an early episode so that they spice the story. AS IF! On the last episodes, he found out, when he went to the hospital, he held her hand and she's dead. Okay. Thank youuuuuu! I mean i know he needed to say a proper goodbye so that he can move on. But no, my mind can't accept this.

READ THIS NO SPOILER ------- ALSO, i watched all  episodes, the major surprise is the TO BE CONTINUED in the last one. I absolutely hate this, i searched everywhere if they were going to add new episodes or a whole new sequel.

I'm frustrated, but don't regret it all, they were some positive things, like the new criminals and their stories everytime and how you can find things through autopsy -The final message of the dead-.
Thank you all!



Read More",검법남녀시즌1
4,"The review does NOT reveal who is the perpetrator.

Yes, I just like Jung Yoo Mi as the female prosecutor!

This is a decent police and detective drama, not worse than American ones, on the contrary introducing a strong respect for every death and for every human body. Corps are not unnamed objects of the study, but they are worthy of respect human remains. I am grateful to authors for that.

The advantage of drama is that each character is a little bit incompetent and lacking.
Prosecutor Eun Sol, she is sometimes unprofessional and makes mistakes, but at the same time she doesn't sympathize with murderers or fear them. It was a great pleasure to watch Jung Yoo Mir in this role.
Forensic doctor Baek Beom, played by Jung Jae Young - Why does everyone hate him? I think he breaks the rules of Korean social etiquette and has no social competence. He is rude and he is cool.
Detective Cha Soo Ho: Lee Yi Kyung goes on the wave of his previous performance in ""Eulachacha Waikiki"" and he is funny here, especially when he tries to flirt with beautiful Stella, but also shows his honest, dramatic acting, and he is good.
Other characters are well-written as well. The first prosecutor, played by Park Eun Seok, is stubborn and blind to the truth, the other one, played by Oh Man Seok is mysterious and intelligent. Both of them have their proper place in drama.

 line is a bit disappointing, because personal experiences and tragedy of the forensic doctor Baek Beom don't add anything to the investigation. It's a rule in kdrama to give a lot of flashbacks, but here it doesn't seem to be working.

Rewatch is problematic because if you know who the murderer is, the secret is destroyed!

Drama is entertaining, because the viewer follows the detectives and wonders if they can catch the killer, but also it shows the truth about death, does not use euphemisms and does not offend the viewer's intelligence.
Read More",검법남녀시즌1
5,"I feel so happy that this is finally over, but in the last episode theres a ""to be continued"" that also made me a little happy, that means we can see the new prosecutor more times? RIGHT?! (The ""new promoter"" is a cool guy who only appeared in the last few episodes....)
So, let me tell you what was the fuking problem with this drama:
) The stupid/dumb/annoying lead girl
) The annoying prosecutor guy (Kang Hyun played by Park Eun Seok)
) The unrealistic side story
) Everybody hates the main guy, who is the best.
: Her character is the worst since the  ep, she's so poorly written, because she's intelligent but then...she can be super dumb and stupid. In the  ep, while they are investigating a body, she touches him without using gloves?? And she can't even do her job properly.
: The prosecutor guy, no, the annoying prosecutor guy, who was useless at his job, his emotions and assumptions caused him to blame the main dude too much. A N N O Y I N G
: Having a lead girl like that and an impatient prosecutor made the good story look less realistic.
: EVERYBODY IS AGAINST OR HATE THE MAIN GUY. WTF?! He was the best: Realistic, serious, intelligent...but everybody kept judging him, for everything he was doing.
I kept watching the drama because I loved the story style, about forensic doctors, investigating bodies and finding the killers, the support cast was strong and made the drama very enjoyable (Lee Yi Kyung is damn cool and funny) and ofc the dope male lead who carried the show.
If in the season  the girl don't change I will not watch it...
Here's my review, sorry for being too negative.
BUT I'M GLAD THAT THERE WAS NO ROMANCE BETWEEN THE LEADS!!!
Read More",검법남녀시즌1
6,"Epic thiller with a touch of romance
I'm simply in love with this show. This goes on to show how important forensics are in deciphering the truth. I simply love doctor baek bom. You won't even realise that he's not a real doctor. I also love Eun sol, the prosecutor. She has a warm heart, and she is the only one who understands the cold hearted doctor. I really loved their chemistry in season  and was disappointed upon seeing no such interaction in season . The fact that they do care for each other in a not so conventional way is what adds a new dimension to the story. I am really hoping to see them end up together in season 
Read More",검법남녀시즌1
7,"At the time of Writing the review i have not watched many Korean shows, but love the American Crime Drama's Like CSI and so on.

What made this show soooooo Goood for me is that the story unfolds with a clear end goal in mind(not that we are necessarily made aware of what that end goal is), I did not see many throw away scenes. Every scene, plot point and character thread is somehow carried through the whole season and is addressed in some small or large manner.
However before you make any judgement based on lack of character development, be aware that this story ark was written to take place over multiple seasons, thus meaning you will not have all story and plot threads wrapped up in a neat little bow by the end of the season.

The only negatives that I have regarding this is show is that the main character, does not seem to have any true agency or clear drive, if anything it feels as though she is just there most of the time to put all the other characters hard work into a file and then use said file in token court/interegation scenes .

Beyond that the show is interesting and fun watch. Everything feels so organic in its development that I can help but binge it.
Read More",검법남녀시즌1
8,"hmm it was just a mediocre crime investigation drama. the autopsy/NFS part was amazing and cool, i lovee to know how even the smallest would could deliver a certain clues. and of course i like the message of dead bodies don't tell lies, they provide the last story of a person. but the prosecutor and police part was mehh. the investigation was done very poorly. lots of things are 'luck'. in most of the cases, coincidentally there's a camera or suddenly there's a clue just shown up. if you're looking for good investigation related series, this is not it. well some of the characters especially kang hyun are sooo emotional i don't hate him, but his character just too over. the FL was stupid and careless at first, luckily she got better even though it took more than few episodes. conclusion, love the autopsy part, dislike the investigation part. onto the next season, hopefully it's better
Read More",검법남녀시즌1
9,"Brilliant!
This is one of the best Korean dramas I've ever watched. I think forensics dramas tend to be quite rare in the K-drama industry, but they were extremely popular in early Hong Kong dramas. I loved the entire concept of the show, the cases were extremely interesting and thrilling. I thought thatSeason  was even better than the first.

This drama is really quite underrated and I think that it's a hidden gem that you all should recommend to your friends. My only complaint is that the female lead is a little annoying at the start.

In summary:
What i liked - story, concept
What i disliked - annoying female lead

Star of the show: Baek Beom, played by Jung Jae-Young (season ), Jang Cheol, played by No Min-Woo (season )

Rating: /
Watch to be amazed
Read More",검법남녀시즌1
10,"~~
this was really interesting for me, especially the autopsy, forensic part and everything, the analysis all that was very interesting for me. i liked that. but one thing that i don’t like about this drama is....the characters. aaaaa for me the characters are really really important and in this.... i don’t like both the male and female lead. the female lead, i don’t get her, sometimes she’s smart but sometimes she’s like stupid and soooo annoying hahah and the male lead, well he’s still okay but its annoying too when he’s always soooo cold and grumpy although i know that’s just how he is but i ah just can’t. but sometimes they’re bearable and cause i’m more interested in the cases so yea hahah the cases in here were okay too but ofc not that mindblowingly kind of good, just average~ i think i’ll pass the second season hahah cause why would i if i don’t like the leads...:’))) just my opinion guys hihi
Read More",검법남녀시즌1
11,"Twists and turns
The character of Eun-sol is in turn likeable and incredibly infuriating, for the first few episodes, but as she gains both experience and confidence, her over eagerness and assumptions that she must be right, lessen greatly.
Baek-beom's nickname of Grumpy Beom is an understatement and it's hard to believe anyone could get away with some of the stuff he does. Again though, as the story progresses and we learn more about his past, which is gradually uncovered for him too, he begins to very slowly come out of himself.
The forensic post mortems are quite graphic, even though blurred out, and there are some quite gross scenes. The crimes include abuse and rape, so could be a trigger for some (hence the ""' rating I imagine).
Surrounding characters are varied. Some deep, others arrogant and also a wonderfully light hearted police officer, Cha Soo-ho. A couple, though, are incredibly annoying, one from being so thick and negative (if he applied himself half as much to caring about his work as he does to eating, he'd be better than everyone at the lab), to another constanty speaking in English, which I found ridiculous.
The crimes and criminals overlap, lacing together to form a pretty good and intricate plot. Things are not always as they seem and there are some surprises.
The strange working relationship that forms between Eun-sol and Baek-beom is very amusing at times and it's her tenacity and quite thick skin that seem to appeal to him.
There is a lot of shouting and screaming at times (too much on occasion), but also some moving and distressing story lines.
Series  leaves us at a bit of a cliff hanger and I'm invested enough to head straight for series ....
Read More",검법남녀시즌1
12,"Show's first half struggles to be meaningful but gears click into place afterwards
This show is definitely worth seeing, especially its second season. But I can't ignore the issues the first half had. There was some poorly thought out character drama and interactions that just did not make sense. It felt like they were lowering the intelligence of the prosecution in order to prop up how good the forensic people were. The series operates on a multi-case level, where a case can take - episodes to resolve. But through this, the first few cases are super forensic reliant, where it felt like the mystery wasn't be solved by the detectives and prosecution but just by the forensic department.

All that changes though once the character drama and ongoing mystery about our main characters is resolved. This leads the show to bring in someone new and that really kicks up the show into a different gear. From there, the show becomes more about the mysteries themselves, and showcases some really great cases with good tension. Some of the characters stop acting so dumb and it feels more like a collaboration between all investigative parties. The show gets better in its last  episodes and it leads into a fantastic season  so I recommend going through this season. Some of you may even like the early episodes but the show evolves once a certain point is reached.
Read More",검법남녀시즌1
13,"Partners for Justice is certainly one of the best forensic - investigative drama I've ever seen. From the plot, cast, acting and most importantly, the brilliantly shown forensic operations, everything was excellent.

Plot:
Like other investigation dramas, this one too had simultaneous cases popping up which the forensic and the prosecutor team needed to solve. All the cases were intriguing and believable. Each scene is so detailed and beautifully executed that you won't be confused about how the team reached that conclusion. The end of episode cliffhanger will force you, to watch the episodes, one after another. It totally comes under the binge-worthy category.

Acting: Everyone is just so perfect. The entire team in the show is so dedicated to their work that they lack personal time but you won't see them complaining. I am not telling it is correct but I loved to see the passion they all had for their profession. All of them displayed a hardworking and ever learning personality. Jae young was awesome as a rude and rough forensic expert, Baek Boom. Stella Hwang brought just the right amount of humour on the show. Her lines were always in context with the tests she conducted but the way in which she revealed her findings is funny but attractive.

Production: I loved the forensic experiments that were conducted in the show. Each step was so detailed. It was actually the first time, I saw how postmortem is conducted. What tools are used. Usually other shows already show the bodies , opened at their injured part or where they have to checked. But this show was as honest as it could be with the profession of forensics and the audience supporting it.

Must watch the show one time. Majority of you won't opt for a re-watch because being a investigative drama, it will lose its appeal of suspense.
Read More",검법남녀시즌1
14,"A 'MUST WATCH' for all detective kdrama fans
Wonder why this drama is so underrated when it's a definite 'must watch' for all detective/mystery kdrama fans. The story revolves around a female prosecutor and a forensics team and it shows how they solve murders mostly by carrying out post mortems.

Pluses
.Well this drama shows many short cases (some of them are connected to each other) so you don't have to wait till the last episode to find who the criminal is
. No melodrama. Just pure science and logic to the rescue!!!(unlike many mystery kdramas we know)
. You really will get to learn many new stuff
. The post mortems are soo realistic which makes the drama more interesting to watch

Minuses
. Well the female prosecutor is supposed to be the top of her class but she didn't live up to her name in the first few episodes.
. Season  ends with a cliffhanger but I was devastated when I got to know that they won't make a season 

Oh and FYI no romance whatsoever between the main leads.

Now go and watch it without further ado!!!!!

Read More",검법남녀시즌1
15,"Solid Crime Drama
Hello there!
I watched this Drama because of two things. First because of it's . Like many other crime Dramas there are many Cases which the main Characters are solving. For the first time watching this cases a really interesting. And the Character development in this Drama is there to, altough it isn't the best i've seen. Secondly I watched it because I hoped of romance, but there isn't one so if you are into romance that is defenitly the wrong Drama for you. But overall a solid story.

The acting was good, especially from the main Characters, but also the Side Characters did a really good job.

The Ost was solid enough, for me there was just one Soundtrack I really enjoyed, but Ost's are for everyone different.

If you are someone who likes to watch crime dramas then you can this rewatch without problems. For all the others there isn't a great .

I hope this Review was helpful and if you decide to give this Drama a shot I wish you very much fun with it.
Bye
Read More",검법남녀시즌1
16,"My opinion
This movie is Korean drama the genre it’s about suspense, mystery, law, medical and investigation and have  episodes. The stories about forensic doctor. He was a chest surgeon. But must become a forensic doctor because he had an accident, his hand could not work the same. Prosecutors who work together often have problems with each other because of their different work behavior, but with the talent and their determination they have, they can resolve even the toughest cases. The actor has a different autopsy profile than the general autopsy. That is, he often smells the corpses in the victim's body organs that are abnormal and suspicious. The victim's corpses in cases are often complicated by the murderer's plot. But the actor is able to perform an autopsy and solve the mystery of how to kill that conceal the murderer's corpse, the actor is a person who believes in his own opinion and the evidence that he has come across causing him to not listen to other people's opinions therefore making it difficult for people to like him this movie has it all  seasons, which in the first season there wasn't much It was an autopsy and solved general cases, but it was complicated and interesting to follow in this season the ending will have a clue at the end of the story to continue the story inseason, in season added character, that is the surgeon the special of this season is this surgeon, he is a culprit with two personalities. Which is he is usually a doctor who works in a general hospital but if when he hears the story that affects the mind the evil personality he had in his body could be seen it’s seem like a different person and with the fact that he is a doctor each of these murders was perfectly concealable, no one doubted him but forensic doctor was able to perform an autopsy, found something unusual and solved the case even if it was difficult. In season I think it should be on air within this year. I think this is a fun movie with a story to follow when I saw this movie, I gain knowledge of science and the relationships of the characters are connected causing to wait for hope that the results will come out. The murderer who is a surgeon and forensic doctor have very similar abilities making me want to keep track of how the killer will kill people and forensic doctor will resolve the case in any way because of the doctor's killing, it used the doctor's knowledge to kill people, let me know that the doctor is the person who can save our life, but can kill us as well. In the process of the story, at some point it turns and confuses us s someone who is unlikely to be the culprit but is become to the culprit and maybe someone close to the protagonist in the story I think people who do not have time should not watch this movie Because the movie has many seasons and there are many episodes maybe you can't stop watching because of the end of each episode It's often an open-ended ending, so we want to keep watching and hide some clues during the story, And stimulate our minds to keep watching.
Read More",검법남녀시즌1
17,"Just fine
The plot is okay. But the male prosecutor who likes the female lead is seriously annoying! Terrible acting and he kept shouting! and shouting ? Is that how you act?? LOL Duh?!I really hate the way he act. I almost drop this drama bec of his poor acting skills They could have chosen another one better than him ! Im sorry but i cant help myself but to write a bad review bec of him . It feels to me like he ruins the entire drama lol
.............

he plot is okay. But the male prosecutor who likes the female lead is seriously annoying! Terrible acting and he kept shouting! and shouting ? Is that how you act?? LOL Duh?!I really hate the way he act. I almost drop this drama bec of his poor acting skills They could have chosen another one better than him ! Im sorry but i cant help myself but to write a bad review bec of him . It feels to me like he ruins the entire drama lol
.............
Read More",검법남녀시즌1
18,"Cant get past episode 
It is plain to see that the creators of this series did not even do research to add some credibility to their story. It is truly pathetic. In fact it was painful to watch. Is this how trials are conducted in Seoul...I dont think so. The female lead is so unconvincing and irritating. It is only the police official that brought a smile to my face briefly but it disappeared when his role started consisting of lifting up the main character's poor performance that dragged his down as well. This episode is a nightmare that I hope I will forget soon
Was this review helpful to you? Yes No",검법남녀시즌1
