,reviews,title
0,"Real definition of ""Dark Comedy"".
This is exactly what you call dark comedy or black humor; perfect combination of comedy elements & morbid satire. Inspector Koo, in my opinion, is also the investigative thriller of the year  and I am amazed to see an immense investigative drama after a long while.

Inspector Koo (구경이) got a simple yet ""not so basic"" storyline. The title clearly indicates about the drama being centered by single person, i.e. Inspector Koo Kyung Yi. She's an ex-cop who now works as an insurance investigator at a company after retiring from police due to a tragic incident involving her personal life. Her desire to perceive truth behind different cases is so high that she can do literally anything to get her work done. She ferociously chases down a university girl, who seems to have been connected to a serial murder case, all of them staged as either suicide or accicent.

The drama has  stages in total:
i) know it all but no proof.
ii) have proof but can't catch.
iii) oh! everything is a messs.

Koo Kyung Yi (Lee Young Ae) is a crazy woman; to say it in Korean, 'michin yeoja'. Food, alcohol and gaming are what she lives for, and can go insane when not provided with them. She got severe mental health issues due to past incidents, and can be sensitive when mentioned about them. Song Yi Kyung (Kim Hye Joon) is a university student with abnormal behaviours and considered a psychopath by many. She's a dramaclub member too and her past has made her like this. She avenges victims of several incidents who have been unfairly compensated by the law, by doing what? Killing the guilty. She's also know as Ms. K.

This drama infact is a all female story and is dominated by women all over; amazing actresses playing major characters. We have here, Chief Yong Sook (Kim Hae Sook) as the chairperson of a charity foundation. Na Je Hee (Kwak Sun Young) as the team leader of the investigative team B, Director Kim (Jung Suk Yong) as Chief Yong's right-hand man, Oh Kyung Soo (Jo Hyun Chul) as an investigator in the Team B, Santa (Baek Sung Chul) as Kyung Yi's assistant, Ahn Keon Wook (Lee Hong Nae) as K's helper, etc in the major roles. These are all profound actors, and hence the acting department has done very well in the drama.

The plot development is stupendously set up in the drama and the progression is very pleasing. The first impression from the st episode is sooo intriguing that you'll definitely move to the next without hesitation. This is something that'll keep you hooked throughout and never ran outta substances. There are places where you might feel like the consequences might be become uninteresting, but that's where the table turns and they start over again. That's the beauty of the drama. There are several peaks in this  episode script and I loved how they were able to keep the moods & vibes up till the very end of the show.

I don't want to believe that the writer is actually a rookie and it's their debut script as the main jakka. Sun Cho Yi jakkanim have done a great job such a mind blowing script with a compelling plus captivating progression. The character dynamics for each and every major character is very well drawn and everyone has got a fair share of importance, I feel. You're gonna love Koo Kyung Yi, Song Yi Kyung, Santa, etc. Special mention to the cute-acting namja Santa who'll melt your heart multiple times with his acts TT. There's also a portrayal of homosexuality (gay character) for one of the major roles (won't spoil) and I am happy they didn't use it in bad light.

Director Lim Jung Heum, known for the critically acclaimed thriller drama ""Nobody Knows"" did take the responsibility for Inspector Koo and was able to do a fabulous job there. This is clearly evidebt from the st episode of the show. Screenplay management, coordination, screen-editing pacing and execution is amazingly handled and the entire crew deserves credit for it too.

The sound production department as well as the composer for this drama Kim Tae Sung needs some serious praise. Loved how the drama has so many enraging OSTs that perfectly fit the mood of the drama and were appropriately used at instances. A major part of OST album is sung by TRPP, a Korean Indie trio, known for their rock, alternative and garage elements. The songs by TRPP are ""Yeah (Round and Round)"", ""Coming After"", ""Sins"", ""Patience"", ""Liars (I feel Alive)"" and ""Limbo"".The speciality of TRPP is that are the electronic instrumentals used in their songs plus their harmonic vocal line up, which is totally visible here.

Other than that we have ""Up"" by Hajin, ""Watch Me"" by SURL and ""SURF"" by INNI. Additionally TRPP has collaborated with Wayco and Mollo separately to remake Yeah (Round and Round). I swear to my life, there couldn't be any other song to accurately suit the drama and the mood it wanted to deliver.  for Inspector Koo deserves /.

The sense of choosing from right or wrong is the main concept of this drama. This drama reminded of this quote which I don't remember was said by the person, but it goes like, ""Right is right even if no one is doing it; wrong is wrong even if everyone is doing it."". Everyone who has their standards to differentiate between the two and in case they committ mistakez they come up with certain prenotions to defend themselves by which the whole concept of righteousness itself is wronged. Perceiving the drama from this way, Inspector Koo is secondarily a revenge game where someone tries to avenge the right by unlawful means and another who tries to stop the former because righteousness can never be achieved when you commit the same mistake.

The drama also focuses on mental health issues. Abnormal and morally dangerous personalities induced by lonliness and trauma can harm the society in many ways and the drama is yet another portrayal of that. I am happy they has also emphasized on that.

The  important elements of Inspector Koo are investigation and comedy. Again, thia drama is a great treat for the lovers of investigative thrillers. Although you known who the culprit is, it really takes a great effort and time to figure the situation, motive and consequences. Connecting the dots and drawing a figure is all yoh have to do and this drama did it brilliantly. There are several highs and lows in the status but what matters is the end, and I assure it was as compelling as the entire show. Many shows claiming to be of dark comedy genre actually fail to understand what dark comedy is but the writer of Koo has done a good job in doing her homework. The main source of comedy is Koo herself and anything involving her might look serious but they simultaneously make you burst into immense laughter too. Several scenes which scare you off about the consequences, also seem weirdly funny, and that's how it should have worked, I mean that's how it happened. I had a good time watching the entire show.

y, Inspector Koo is an amazing drama and it has also those entertaining factors. I thoroughly enjoyed the show and honestly wanted more episode tho I don't wanna complain. The basic storyline of chasing after villain is not something new but the screenwriting and plus the execution along with music surely make it a stupendous thing. It's a must watch in my opinion with high reawatch value, so definitely coming back to it.
Read More",구경이
1,"What a show
!!Recommended!!!
It bothers me that this isnt get the hype it deserves. I came watching with zero expectations and then I got hooked. I'm shook about the quality of the show. Everything is top notch, the direction, acting, production and even the plot. The writers actually used their brain cells. The characters are actually smart. Like what??? Everyone is layered, I don't trust whatever word comes out of their mouth. The acting is off the charts, there aren't any cringy parts. There is no dull scene, absolutely love the chemistry between the cast. Lee Young Ae doing wonders as always! Truly a great actress. Hoping to learn more about her background and how she ended up the way she did.

Love the female leads, their battle is intriguing both similar yet different especially with the paths the chose. Loved their fight in ep, just hilarious. Kim Hye Joon is truly underrated like her acting surprised me. I'm disappointed that I only heard of her now. The way she is able to execute K's ""emotions"" are great. K is a psychopath to say the least. Santa is hiding something, he knows more than he leads on. He is such a wildcard, i can barely firgue out what his plan is or who he is. I definitely do not trust the Chief, like why is she helping them???

The comedy not bad, got me laughing a couple of times. The comedic timing quite good. The OST is fire, it is great. Definitely not a show that should be ignored. Keeping me engaged and entertained, can't wait for the next episodes. Have so many questions that need to be answered asap. The episodes just kept getting better. Just when I thought they have outdone themselves, the twists just kept coming. Each episode grew more intense. The ending didnt really everything such as who Santa was...frustrated about that though.
Read More",구경이
2,"The greatest mystery - who is Santa?
Are you done with watching incompetent cops trying to solve a mystery and catch the criminal? Do you find it funny, when shows try to hide who the killer is, even though it’s more than obvious to the audience? Did you have enough of female characters being there just to support the male leads? If yes, this show is for you.

There are no cops to be seen, so you don’t have to deal with their incompetence. We know who the killer is since day one and the whole plot centers around the amazing cast of female characters. Want a hero? Want a complex gray character? Want a chaotic villain? You will get it all here.

Inspector Koo is a whacky, bizarre and surreal crime comedy that presents an exciting cat and mouse chase, with a lot of traps hidden for all the characters. The show introduces a number of plot lines that, by the end, get fitting conclusions.

We follow three different sets of characters, having their own motivations, goals and ways of dealing with piling up issues - Kyung Yi and her team, K, and Chief Yong Sook. Each of them trying to be on top and outsmart the others.

Inspector Koo presents a refreshing take on the heroine trope. Koo Kyung Yi is not exactly the type of person you would admire and try to look up to. Struggling with basic daily activities, she gets absorbed into the investigation, getting close to an obsession.

Luckily, she has on her side Na Je Hee, who is able to keep the team operating, Oh Kyung Soo being the voice of a real reason and Santa, the innocent helper who cares for Inspector Koo deeply, while hiding his true identity. Who is Santa? That’s the mystery of the show.

On the other hand, we have Song Yi Kyung, who is the “righteous” serial killer hidden under the name “K”. With her wits and daring behavior, she was able to commit murders undetected. Her reasoning and personal moral code make her an interesting character to observe.

The third party involved in the plot is Chief Yong Sook and her subordinates, who team up with Koo Kyung Yi in attempts to catch “K”, serving a role of a behind the scenes power, while hiding their own motives.

The three groups present amazing dynamics and never ending scheming that kept me as a viewer at the edge of my seat. Not only that, the drama presents viewers with conflicting emotions - you know you should not be rooting for the killer, but somehow… it’s hard to be completely against their actions.

Inspector Koo is a perfect blend of crime, investigation and dark comedy. It never takes itself too seriously by trying to have a depth of the Mariana Trench, when it’s more of a puddle. It’s not here for you to break your brain trying to understand convoluted plot lines and morally gray dilemmas and issues. It gives you thrills, fun, action and an entertaining set of characters that work together in the most amusing way.

On several occasions we can witness the clever writing, when jokes or solutions are set up in the previous episodes. Some seemingly off topic and insignificant comments made by the characters are used to set a playoff in the scenes later on.

The production team committed to the bizarre characterization of the drama, elevating it by unusual, at times over the top editing and gaming elements - making the whole plot seem less realistic and surreal. Adding the perfection that the soundtrack for this show is - we’ve got ourselves quite a cinematic treat.

, one of the biggest surprises of . Fitting and funny comedy, amazing thrills, likable characters, unusual mystery and romance found in surprising places, scheming and wits that take you on the peculiar journey.
Read More",구경이
3,"absurd, weird & entertaining crime drama
If you're open-minded and love the idea of crazy, absurd styles of story telling, you'll enjoy this series. It's a crime drama but more like a competition between a criminal & a detective.

Especially I love the cinematic photography, the way how the stories are unfolded. All characters are spot on and really enjoy watching it.

This is NOT for you if you are looking for fancy and good looking main lead solving the mysteries. Our main leads are messy and eccentric, but beautiful in their own way. Supporting Characters are also a bit weird though.
Was this review helpful to you? Yes No",구경이
4,"I totally hate this one
The storyline really is messy. Starting from Lee Young Ae become a homie gamer addicted for  years due to her guilt for accusing her husband of murdering his student which caused him to take his own life.
I thought the main case supposedly finding out who the real killer is while solving other cases, but it's not, more likely chasing a psychopathic serial killer as well as psychopathic politician Mama.

Idk which one is the messiest, it's even wasted more than  eps to get Koo to handle the cases. It was still acceptable for me until ep , but it just keep going downhill.

At first, the drama directed the viewers as if the serial killer is also the student's murderer, so I thought it's still on track. But then, after ep  or , the focus is changed, the student murder case was never brought to attention again until the very last eps... the serial killer thought her that Santa was with the student, so there's no way Koo's husband killed her.... but still, if Santa is a witness.... who is the killer, is it a murder, an accident or suicide? No one knows.

I'm annoyed how Mrs. Sook and Yi Kyung's psychopathic characters really use the same ""JOKER"" wannabe vibe. Not to mention, how ridiculous in the last ep, when Mrs. Sook can cooly move and face all reporters after getting heavily injured by a BOM.... casually moving with burn injuries in half of her face and hand... seriously!!!

I'm also annoyed with the inconsistency.

There's no explanation on why Yi Kyung gets very obsessed with Koo. Some scenes show Yi Kyung desperately wanting to have some friends, but when Wook gets shoots in the last scene, she just leaves him there bleeding out..... He is her only friend.

Koo was known as a great investigator, but she has no willingness to know who is Santa... like... why??? Seriously? What make it even more ""funny"", when Yi Kyung asked ""why don't you do a background check on him? Don't you want to know why Santa is helping you? You're not even paying him."" And her replied of ""He just does it because he is Santa, a man doing good for no reason"" sending me to the deepest part of the earth. Is it me being overthinking for believing that is no ordinary human being doing something that far, without hidden agenda... we're talking about risking his life for free, for God shake. He is human! Not a real Santa Clause!
As a police academy graduate, she's not even capable enough to have a ""proper"" fight with Yi Kyung.

Santa gets close to her and helps her due to his guilt for not testifying for Mrs. Koo's husband's innocence.... but why does he have to wait for  years just to do it? And a wall full of Mrs. Koo's pictures out of guilt... sing like a psycho while observing/adding those pictures... this is a sick obsession
There's also no explanation on why Santa refuses to talk to Koo and the team. Only refuse to talk to them...., remember, he even sings when he is alone. As if he is scared that if they hear his voice, a big secret will be revealed.

Last but not least... I hate how she keeps coming back to alcohol every time she failed.
Read More",구경이
5,"What if Ms koo & Santa was more then just coworkers??
Just finished this. It started really well and was solid. But midway it was going off the plot and jumping around. Towards the last few eps, the confusion clears though. Gave it /. recommend it very much. Also, I wish there was more to santa. like they should have made santa and ms koo a couple. I know the age gap was big but the lengths he took to look after her I would approve of them being a couple. what is your opinion on santa and ms koo being a couple? Also WHO IS SANTA? Like I finished the drama but have missed something or is it still a mystery?? Let me know if you know.
Read More",구경이
6,"So Fresh
It's a really weird drama, that's the first thing that comes to my mind! :) It's unusual but so fresh, the characters are so peculiars that you would never think they could work together, but the chemestry it's so good, even if they don't meet at all. This drama is a huge mystery, too many crimes all together, it's confusing but not to the point to give up, instead, it makes you want to discover what's really happening behind the scenes.
Kyung Yi isn't introduced as the usual ""detective"", even before the tragedy, she had a charismatic side, even now that she's presented as a really ""messed up"" person, K is a character which you can always feel the presence, even if she's not present.I have to admit that I started watching this drama because of Kim Hye Joon (K), after I saw her in Chip in I really wanted to see her more and seeing her in here made me really happy, the way she portraits K is sublime. Since it's not completed yet I can't say if she's sociopathic or if she has some dissociative identity problem or something else, but the way they mix her killer side with a cute one is hilarious, yes I find her so cute!
I can confirm to you that both leads sparkle, we didn't have lots of chances to see them together, but those little moments were fire, their chemestry is no joke. The drama gives you lots of hints about their history but never revealing the complete truth, it's also happening with the background in their present, so you can only guess what happened or what's happening, the mystery is well kept and keeps you entertained.
I recommend this drama even if it has not finished, because I find it really original and different, give it a chance!
Read More",구경이
7,"Dramalands most adorable villains
This drama is just soo cute, making me fall in love with every single one of the cast and having my heart flutter over and over again, The chemistry between the characters is just phenomenal and each character has their own little qwirky. Okay it may be in a lets kil em all type of cute and slightly dark at times. To be perfectly clear this is not a romance or feel good drama but the fluff is there so it can easily be mistaken as one if you ignore all the death, corruption and violence...

This is probably THE fluffiest serial killer investigation drama out there by far, and in someways that bothers me others not ( I am not going to get in to detail) but I find myself conflicted over the overall fluffiness in this female centered plot...

I love about %the characters in this drama including villains and side characters they are just so, so sweet and lovable I just want to hug them all, go to an ice cream parlor and eat lots of ice cream with them.

I love the friendships here (some more destructive than others), the gay couple, the little robots, it is just all so cute!

Did I mention this drama is cute?

What I did not enjoy was the over use of trash and about a hand full of just unnecessary silly scenes. There is also an over use of slomo and I some theater like scenes seemed out of place at times. There where also some parts where it is hard to follow where they are (time wise) so if you want everything to make sense and be realistic this is not the right drama for you I found it ok, and I am sure as many as hate it probably love it.

There are also some pretty good lines, great use of trucks and the product placement is very entertaining at times.

Most of the twists are pretty predictable so I would not say I was kept on my toes to, much but I honestly have never wanted the villains to have a happy ending as much as I wanted them too here... The entertainment value is higher than the suspence value.


To sum it up, this is a fun drama, just leave your brain at home.


Read More",구경이
8,"Messy and disappointing
Perhaps I am in the wrong age/ mental group. I found this stuff messy and meaningless, more or less centered (since it's neither) about who deserves to be killed (based on what?).
The series jumps from one killing attempt to the next, akin to what happens in many videogames, a point of which people are reminded in the end when the screen goes ""thanks for playing"". As such it shares much with ""Squid game"", which I found to be trash.
I expected more from Lee Young-Ae, here juggling videogames, booze, junk food, and occasional work.
Some acting was OK. The best element of the series is the music; some cartoons on which the series is based, are also OK.
I am afraid that tossing the serial killer in jail (could have shown the trial!), who hears a jail mate screaming that some guy deserves to die (as if she needs that to lust after killing!), is a preamble for a second series whereby the nutcase escapes for a new killing spree. May God have mercy on us, and block ""Inspector Koo "".
Read More",구경이
9,"Great in many ways
First off, this was enjoyable to watch and is most certainly closer to dark comedy than thriller. The basic plot is an off-beat ex-cop anti-hero chasing a serial killer. In the beginning, Koo, our titular anti-hero is doing odd jobs for an insurance company fraud team led by a barely competent manager. Some guy is on the team...he's pretty much devoid of character and story line.

The first few episodes kind of jump around with flash backs and other expository elements, don't worry about it most of it isn't necessary to enjoy the popcorn goodness so to speak. Koo soon figures out that a serious of random deaths for various accidents and natural causes are the work of a serial killer who's victims of course are connected in some way. The deaths are elaborately planned and executed with the killer (who also has a side kick devoid of character) operating through intermediaries...intriguing stuff.

As we roll on it's clear that the barely competent manager is a treacherous weasel and laughably gets ousted from her job but already has a job lined up as a campaign consultant...how?? Doesn't matter the candidate and his family are corrupt scum bags that figure prominently into the machinations. Insert standard story lines for covers ups/murder here...it's not bad but it's not fresh either.

So ends phase I - despite the choppy beginning it's good. Oh yeah, Santa is now on the team. He doesn't talk - who knows what his deal is?

Phase II is brief but interesting...as Koo closes in, the serial killer (by the way played fantastically) is on the run and cut off from her normal ability to plan meticulous murders and begins to fray. And she seems to be turning into a random serial killer...it's actually kind of dark at this point. These are some of the best episodes.

Phase III is where the glaring weaknesses come in full throttle. The weaselly and traitorous manager is exposed...yet strangely still able to work with both sides. Weird. Serial killer girl is back on top, but suddenly switches from the meticulous unseen harbinger of death into a Bond villain style mad-bomber intent on elaborate and contrived plots. She also outsmarts and generally gets the drop on so many of her adversaries that her general baddassery is what keeps the wheels from falling off.

And the ending...well suddenly Koo pulls off her own insanely convoluted plan to bring us to an extended final confrontation...and like every Bond villain...serial killer girl either spends too much time talking or during a  on  fight where she consistently beating her opponents down (Koo and Santa) annoying and blatantly turns her back for extended crucial moments to allow our hero to pull out the win.

Still overall this is a good watch and worthy of some high marks.
Read More",구경이
10,"Don't watch if you're expecting logic
This show is full of sh#t. There's no logic in it at all from why characters behave the way they do and how everything ties in with each other. If you want something just as nonsense watch The School Nurse Files instead. At least that's only  episodes. The soundtrack was peppy, the animations were cool, the gay lovers were a sweet little story arc and, even though he didn't make sense at all, I loved Santa. Beyond that, it's not worth it.

This show is essentially  episodes of complete, utter nothing. It's nonsense. The eponymous detective/inspector has a breakdown due to an unsolved case involving her husband who killed himself. Don't expect this case to be resolved at the end as it never does. The villain is a college girl who, despite having no formal education, job or inheritance, is able to garner hundreds and thousands of financial resources to carry out her murders. She is an explosives, tech and chemical weapons expert able to create quite complex bombs, poisons and surveillance systems in normally inaccessible, highly secure and/or private locations that are mostly tightly guarded. Depending on the storyline she also has superhuman strength to be able to carry adult bodies quite easily or fend off male attackers. In one attempted murder scene she is able to lock two adults in their car without them seeing her lock the car doors outside (and somehow avoiding CCTV surveillance too apparently), move their unconscious bodies into a huge wooden crate that is then dumped into a shipping freight container that she somehow manages to position in the middle of a riverbank without anyone, or CCTV, picking it up. That pretty much sums up the logic of the show. Oh, and she's a parkour practitioner which, in a BS twist, is also something a gamer char in the show is good at. Because gamers are known for an active lifestyle, all apparently... There is no rhyme or reason for the villain's actions and the morals displayed by all characters, on both sides, are extremely fluid as they're willing to change sides and work with previous ""rivals"" depending on the needs of the situation.

The only thing worth watching is Santa but be warned he is a highly unrealistic character too. This is pretty much acknowledged when the writing team doesn't even bother giving him a real identity. His existence started from when his function began for the team and his props (possessions and photo albums) start from when he meets the inspector. It was still enjoyable to watch him not make sense throughout the whole show coz he's such a sweet helper character, the type you can't help but like.

Inspector Koo feels like a screenwriter going through different drafts of characterisation just to end up with a whole lot of nonsense. It's like a work in progress that should never have to produced in its current final form. The other little touch I liked was the food blogging alter ego of the matriarchal villain's help. It was an interesting quirk that gave an otherwise cliche character a little texture. However, even this texture could not save this show from being an AVOID. Unless u like Santa, the character :)
Read More",구경이
11,"Stupidly disappointing
Nope didn’t like it - was probably expecting too much because of the cast but was sadly disappointed. The main FL having had a break down after dropping out of life except for her online gaming comes back with a bang and an alcohol habit. Being able to get into the head of the perpetrator (we call it profiling) but being outsmarted at every post until the end. In the Insurance business????? This would have been a better storyline set in the police department as they were apparently able to do all the police could. I’m sorry it just didn’t do it for me.
Was this review helpful to you? Yes No",구경이
12,"I Want More!
I love love love the character of Lee Young Ae in this drama. It's rarely we see ""crazy"" female lead in dramas, but she definitely nailed it! Before engaging myself in this drama, I've been warned by my friends that this one seem to be different from the Kdrama norm. I didn't really understand what they meant until I watched the drama myself. The visual presentation of a lot of scenes (random pop up of characters on the side of the screen) actually reminded me of a lot of Japanese dramas I've watched in the past. I did appreciate those visuals because well they were very entertaining. Kim Hye Hoon also did so well in her role! She really made me scared of her to the point that when I see her, I actually feel like she can just kill right there and then. If I were to comment on what' s missing in this series, it'll probably be the lack of explanation about Santa's character (Perhaps they're gearing for season ?). His character is such a mystery that in every episode, I'd find myself wishing they'll tell us more about him. Made me think if he's a traitor too hmm, but I guess we won't really find out unless we get another season. The cases resolved in this drama really gave me a sense of satisfaction. Every cases seem to give us that you think you knew but not really kind of feeling. All actors have done well in their roles, and honestly would love to see them all again!
Read More",구경이
13,"What's really unique is how this drama somehow does not aim to be likable, but it's interesting and consistently engaging. Despite my ratings, I liked this a lot. Actually, it's because I like it that I'm harsh. From the production, the acting, to the sound engineering and choice, they're all top notch. Somehow there is something that's missing, and I still cannot pinpoint exactly what it is. This still has got all the cheesy moments that dramas often have, but it's smart, quick, and cerebral - does not dwell on emotions more than necessary. Flashbacks are there to tie up loose ends, not to justify the doings of the characters or just to fill airtime. The execution of the very promising premise is amazing, but the story itself is not compelling enough for me. It's not strong enough to leave an impression other than enjoyable, or give me the urge to rewatch.

The acting, once again, is stellar, but from the two mains I never got the feeling of being creeped out or finding their weirdness natural - that ""God, this character really is insane"". It's very obviously performance and not bone-chilling. If anything, the one who really steals my attention is Na Je-hee, she was perfect. Santa and his mystery is LAYERED! It's perfect and leaving his history unexplored is a good choice in my opinion.
Read More",구경이
14,"I didn't expect to enjoy the show this much.
Honestly the whole reason I even put this show on my watch list was because of Lee Young Ae. I read an article where Kim Hye Joon (who plays K) was talking about the show and being able to work with so many talented actors/actresses and then realized that the lead character of the show was Lee Young Ae, who was in Jewel in the Palace. For those of you who don't know about this show, it aired back in  and was probably the first kdrama that I ever watched. I have a childhood memory of being in Grade  or  and watching it with my parents at night. It was truly an iconic show that helped pave the way for kdramas becoming popular world wide and so when I saw that this show had the same lead actress I had to check this out.

I came into it without any expectations really and the first two episodes where they're just introducing the characters and setting the scene were a bit boring for me but starting episode  I got hooked on the show. It's only  episodes and they really make use of every minute because this show moves fast. So much happens and it's not a traditional crime show where the detective is trying to figure out who the serial killer is and it ends with that.

Pretty much off the bat you know who K is and it's more of a cat and mouse show where they are trying to outsmart each other. Other than Lee Young Ae, this drama has so many notable actors and actresses including a few from Hospital Playlist, one of my favourite shows of all time. I really enjoyed the team dynamic and how every person brought their own unique charm. There were some actors I wasn't familiar with that I really liked, like Baek Sung Chul who plays Santa. He barely talks in the show, and has probably a total of less than  words spoken in the entire script but despite that his acting still managed to shine because of his mannerisms, facial expressions and gestures. Kim Hye Joon who played K the serial killer was entertaining, more than slightly unhinged, but also someone that I felt sympathy towards. And this is unrelated, but I was pleasantly surprised that this drama had a super heartwarming gay relationship.

This is a show with endless plot twists that are super unpredictable and it's definitely one of those wacky, off-beat shows with dark humour but I was surprised at how much I ended up enjoying it. I don't usually pay much attention to the music, but the soundtrack really fit with the vibe of the drama and each episode ends with a cute animation which I liked. It can be extremely dramatic - the drama references plays and sometimes the drama itself uses dramatic lighting and other techniques that make it seem like a theatrical production but it all fit in with the overall vibe.
Read More",구경이
15,"Best of investigative drama in 
Inspector Koo is surprisingly wierd, dark and one of the fine investigative dramas i have watched this year. MDL ratings did put me off from this drama for a while, but boy was i surprised when i started watching it. There is nothing much to complain about the drama as i honestly enjoyed whole way.

Firstly, have to praise the actors. It was perfection. Kim Hye Jun as K caught my eye. She was brilliant and did her role as a quirky dark character excellently. Well, for some reason I wanted her to escape everytime coz i loved her acting in this. Not to mention the other actors, Lee Young Ae aced her role as inspector koo. The chemistry between K and Koo was something i absolutely enjoyed. Everytime they were in the frame, it was just a mix of fantastic acting.

The story was really well written and the fact that it was  episodes made it tight. It was fun, dark, quirky and a thriller at the same time. The OSTs blended well with the pace of the drama. The cinematography really catches your eye and the animations in between added a lot of dimensions and quirkiness to the drama.

Inspector Koo is surely a drama which i thought would be average when i started, but stand corrected. It is a really enjoyable watch and one of the top dramas in .
Read More",구경이
16,"Fresh and interesting
Nice drama.. well scripted.. bit slow and dry in between but then catches speed in the ending episodes.
Strong female lead. Evil female character is also done well. Thank you for the nice drama. 👍
The detective female and Santa along wid the female sidekick..not just them.but all characters have an actual role with an actual purpose... That is what I liked the most out of this drama.
The drama has a fresh take on production, story-telling, mindset and thought process on direction of the drama and also, has faired well as far as the resultant output is concerned.
Read More",구경이
17,"Best dark comedy
I don’t know why some ratings are so low for this series but it’s not everyone cup a tea haha I genuinely enjoyed this one and don’t really post match reviews for k dramas unless I really enjoyed it 😁 this is one of the best k drama that I have ever watched in a very long time. Not corny but funny and also suspicious as well not that cliche like other series. I really do hope they make another season! It is honestly worth the watch and it all depends on the individuals and their preferences and like I mentioned before not everyone’s cup a tea. Please give it a go because i would rate this / ❤️❤️
Read More",구경이
18,"Good Enough
Korean Drama ""Inspector Koo"" has a truly dynamic duo. Though, to be fair, Miss Koo herself is a delightful mess. But K too was intriguing and a complex character that, alas, was not well explored and left half baked in the end.

But, first thing first. The main story is pretty entertaining, filled with action, and with an interesting take when it came to explaining the events in a theatrical way. However, things got bleak quickly and overcomplicated towards the ending.

The two leading ladies, on the other hand, were incredible together. They had chemistry and their interactions were something to look forward in each episode, other than their individual arcs. The other side characters were interesting as well, not matching the main leads, but being fairly complex themselves.

Finally, the performances were all enjoyable and great by everyone.

So, overall,  out of .
Read More",구경이
19,"Interesting and funny
Honestly I didn’t think I would like this drama that much. I started with low expectations and had a pleasant surprise.

It was pretty funny and some scenes were unexpected like the first encounter with K when she was hiding after not showing up at the airport. I didn’t expect inspector koo to be in so bad shape.

Also, the acting of the actress playing k was questionable, overall I didn’t think she was good.

There are still a few unresolved plots so I still hope for season 
Was this review helpful to you? Yes No",구경이
20,"Deadly charming
Gosh, what a show! It‘s been a while since I was this charmed by a drama but this did it for me.
What can I say, I love everything about Inspector Koo, even its flaws, which I would argue, make this even more endearing. Yeah, it’s riddled with plot holes and conveniences, yeah, the performance Mrs. Koo gives, is a bit strange and over the top, but man, that’s all part of the experience baby!
I am struggling, trying to take this show apart, and truly critiquing it because, for the first time in a long time, I was too entertained to pay attention to the details.
In no way is this a realistic crime thriller, but I don’t think it has to or even tries to be one. Somehow this show managed to be intelligent while having the most Ludacris plot ever. Inspector Koo definitely knows its strengths and you will catch yourself suspending your disbelief to new extremes simply because you’re too hooked to do anything else.

How refreshing to see a K-drama that is truly driven by its women. Female competence all around. Inspector Koo is a quirky anti-hero that you cannot help but fall in love with and Na Ja-hee is one of the coolest women of K-drama in . But I especially lost my heart to psychopath and dream-girl K. Most people probably already know her from Kingdom but the only drama I saw her actress in before this, was some sleazy lesbian-fanservice  minute-episode web show. But man, she did such a fantastic job here! I was having fun whenever we got to see K on screen. No matter how deranged or downright evil she was acting, it was nearly impossible for me to hate her, that’s how much I enjoyed her performance here.

However, the biggest strength of Inspector Koo is its distinctive cinematography and cut. This is a drama that stands out because of its style. From opening to its montages, this show felt fresh, interesting and most of all: charming. Never did this drama go the easy route of conveying something, even simple scenes of people casually talking to each other were visually stimulating, thanks to the quirky look and feel of Inspector Koo. I was strongly reminded of the cinematography of Scott Pilgrim Vs- The World, which I love. The color and quick cut took the edge of the dark premise of the show and made this thriller fun without making the gruesome crimes of K feel trivial.

The OST is SO DAMN GOOD!!! I am not someone that cares for K-drama soundtracks or even K-pop, not at all, but I’ve been listening to the OST non-stop ever since I watched the first episode. It’s so catchy but never felt out of place. I found myself grinning ear to ear every time Round And Round by TRRP came on.

Inspector Koo is a silly drama, but it’s not a stupid one. I would somewhat compare this dark comedy with Vincenzo, which I also truly loved, but Vincenzo was a show that felt like dumb fun, with not much else going on. And that is not a dig at Vincenzo, I adore that show. But with Inspector Koo, I think there was more method to the madness and yet it doesn’t feel like it tried as hard. Amidst all the weirdness, there is something genuinely poignant and important about this drama. What is good, what is evil? And what should judgment look like, when those two ideas start to blur more and more?

I strongly strongly endorse this drama, I would even go as far and call this my personal K-Drama of . The  does not do this show any justice, this is criminally underrated, in my humble opinion. Yeah it has its flaws, Inspector Koo‘s acting, as mentioned above, the plot holes, and at certain points, the plot was kind of slow and repetitive. I might be overly generous, I will gladly admit that, but no matter how hard I try to be objective, I just can’t stress enough how much fun this drama really was. TLDR: I think Inspector Koo is absolutely brilliant.
Read More",구경이
21,"Finally a kdrama where I loved every aspect of it
This is my first review, so I am sorry if it seems all over the place.

In the kdramas I have watched over the years Inspector Koo is without a shadow of a doubt one of my favorites. So rarely I find kdramas where I loved every thing but Inspector Koo managed to do it.

I didn't have much expectations when I started watching it and in the beginning I honestly watched it because the plot seemed interesting and because I saw Lee Hongnae and Kim Hyejoon were acting in it. But once I started watching I was surprised because it was much more fun and interesting than I was expecting.

It's funny but at the same time it tackles serious crimes and situations. The characters are well done and they are given depth. The OST is amazing too, I don't think I have ever had a kdrama where I liked every single song in the BG but in Inspector Koo the music really fits the atmosphere and the situation.

The actors did all an amazing job, and I ended up liking and sometimes hating every single character.

Another thing that I really liked about Inspector Koo was the editing. It was on point! My favourite parts are when Ko Kyungi and Song Yikyung met for the first time in the highschool and until then you thought that Kyungi was in the far past, but then the coloring from purple/greish became normal and you saw the two main leads looking at each other. Something else that I really liked in the direction of the drama was all the parallels between the two FLs, like for example when they were looking at each other at the elevator reminded me of when they looked at each other in the class room when they were sitting at the desks. Also the directing of the last episode when K was in the place of other characters while Ko Kyungi was explaining how she managed to be in place of Ms. Yong.

Read More",구경이
22,"One of the very few best dramas of 
I finished this show couple days ago and wow it was such a thrilling experience devouring each episode. Although the plot is not something remarkable or anything fascinating it is all the other external factors and how each episode was set up that kept my eyes attentive. Having a female-dominated series and also where the perpetrator is a female (and young) as well was definitely a factor that kept me hooked along with the phenomenal performances from each of these actresses (and everyone in general). This is indeed a drama soaked in dark comedy paired with this similar-like feeling Koo Kyung Yi had where there is this excitement of cracking cases and unfolding each mystery that comes along with these events. It is the usage of a somewhat ordinary plot but executed in a way that it draws attention from the viewers and bring them along on this curiosity sparked journey. I myself experienced this thoroughly and also lastly greatly reinforced through the outstanding OSTs. All the songs used for Inspector Koo were clearly carefully picked and curated and unquestionably shaped the variety of emotions I sat with watching the series. It shows the power of well-made soundtracks that seamlessly accommodates the contexts surrounding the scenes respectively. Never was I negatively affected by the reoccurring exposure of the OSTs as they were in fact both timely and contextually placed. I personally rated this a ten as it was for all of the reasons above that I nevertheless felt deeply satisfied and content with my overall watching experience!
Read More",구경이
23,"enjoyed it!
Loved seeing the women helm this drama. It was equal parts funny and thrilling. K was a charming criminal. Ms Koo made a fun anti-hero. All the other side characters were amazing too. Really wonderful seeing a same-sex couple with a cute romance.

I'm just being very superficial with my review here. Because there's more to this drama than what I've typed above. At  episodes, it is nicely packaged. Couldn't grasp many things - one of which is how come K can beat up everyone's ass and she is just a petite young woman who doesn't appear to be trained in any form of martial arts? But it was fun enough that I was happy to suspend my disbelief.

With how the story ended, I suspect a sequel may be in the works? Nice.
Read More",구경이
24,"Killing Eve ripoff gone wrong
This show was touted as a Korean remake of Killing Eve and well, it isn't wrong. If you've watched Killing Eve, the similarities are there: female police officer/law enforcement agent goes on a cat and mouse chase with a female serial killer/assassin (in killing eve). This show takes on a more quirky/light hearted tone compared to Killing eve, which in my opinion doesn't work in its favor. ""K"" the female serial killer, is basically Eve but quirkier and less charismatic. Her ""quirkiness"" was played up too much it made it too over the top and unbelievable. This was actually the main reason I dropped the show. K's overacting was just grating on my nerves too much. The plot was also not sufficiently interesting to get me hooked on the show and make me able to look past the awful overacting. Koo and team already established that K was the killer around ep / so there wasn't anything left to compel me to continue. Also, the people who K was targeting were bad people, so it was kinda a good thing as well? I personally like a good revenge story so I didn't care to see K get apprehended. There was also some backstory about Koo's husband's suicide but it was meh.

Other plot points I couldn't stand was that I found it hard to believe that K had so much resources to carry out her various killings, especially the plan where she drugged Koo's  team mates and left them to die at sea. Eve had some outlandish schemes up her sleeve as well but she was an assassin part of an international organization. While K on the other hand seems decently well off with her aunt being some sort of insurance agent but definitely not chaebol level to have the means to pull off such stunts.

Acting wise: Lee Young Ae is decent as Koo but her performance did not wow me. K's actress on the other hand....ugh. Not sure if it was a production choice to have her overact and turn on her ""quirkiness"" meter to a million or maybe the actress' acting ability isn't up to standard to be able to portray the character convincingly.
Read More",구경이
25,"Is this a joke?
I was happy to see Lee Young-ae’s come back K-drama as I’m a huge fan of her. I’ve never seen her taking on a role like this and no matter how ridiculous her character’s gotten, she stuck with it and did her best. So kudos to her.

As for the show itself and everything about it, it’s an absolute joke. There’s no logic here. Things in this world just happen because that’s what the writer wanted at that moment to make it convenient for the story. I get that it’s a comedy but the character of Koo is so far out of normal human behavior, watching her waddling around acting outrageously crazy gets so infuriating after a while.

And what is up with the Santa character? Is he deaf? Is he pretending to be one? Are they trying to say he’s on the spectrum? One of the main characters just doesn’t talk for reasons unknown. The way they execute the chase scene between Santa and the main villain (ep. ?) tells you everything you need to know about this show. He’s another infuriating character who doesn’t act normal.

I won’t even get into the main villain…. They may explain this later on but there’s a network of random people just doing her bidding without any knowledge of who she is. And it’s almost like she sees and knows and controls all things. She’s like a Bond super villain. And she’s just some random girl. I guess I’ll never know.

This show is so bad and characters are basically just cartoon characters who I refuse to root for.

I give up.


Read More",구경이
26,"A Witty and Brilliant Conflict Between Fantastic Characters
This is a detective's show in its finest form. Unique and interesting characters brought together in a game of cat and mouse between a disheveled but gifted detective and an equally intelligent antagonist. The story was phenomenal, the acting was great, the music was catchy and well-made, and the production quality was perfect.

Besides being a little drawn out, there isn't much I can criticize (that's why it's nine out of ten). And... well, there's not much to say about a great show except that it's great, so we'll leave it at that. I strongly recommend watching this show.
Read More",구경이
27,"Herlock and ""K""oriarty
To the untrained eye, “Inspector Koo” appears to be a gender-swapped, Korean version of Sir Arthur Conan Doyle’s well known creation. The main character is a brilliant investigator plagued by self-destructive tendencies, anti-social behavior and questions about whether they actually want to help people or just enjoy matching wits with like-minded giant intellects. There’s a put-upon sidekick that tries to mitigate the inspector’s vices and acts as an intermediary with the rest of the world. And notably, there’s a genius criminal on the loose.

Lee Young Ae plays the Inspector, Koo Kyung Yi, while Kim Hye Joon plays the killer “K”, Song Yi Kyung. At the beginning, Koo is in a deep rut of alcohol and video games and takeout food. K is, outwardly, a failing stage actor. Soon, however, Koo has been pulled into action by Kwak Sun Young’s character, Je Hee, to investigate a suspected life insurance scam. Before too long, the battle of brains between Koo and K begins.

And this is where the path diverges from the one trod by Doyle.

First, Koo might be an oddball, but she is fun and, below the unwashed hair and dilapidated wardrobe, an empathetic person. She is also, at times, not entirely convinced that she is the smartest and most brilliant person around and that she will ultimately prevail. Also, she’s got more than Watson alongside. There’s Jo Hyun Chul’s Kyung Soo who makes a first impression as a stereotypical insurance corporation drone, but has a competitive fire inside. There’s also fellow gamer, Santa, who speaks through a voice app on his phone who, for unexplained reasons, answers Koo when she messages her online compatriots for assistance in real life.

But where Holmes’ nemesis Moriarty has been typically portrayed as a purely diabolical evildoer that functions as a device to move the plot action forward, K is a fascinatingly complex character that merits equal billing to Koo. She is insidiously villainous without question and unwavering in her pursuit of mayhem, but she’s not wholly dark. She’s not seeking power or fame or simply mindlessly targeting victims. And from a purely entertainment perspective, Kim Hye Joon is a sugary delight as K.

Moreover, K has her own cohort in (literal) crime, Lee Hong Nae’s Keon Wook. For those looking for LQBTQ representation, which doesn’t show up in every drama, being the right hand man of serial killer might not seem like the preferred role. And Keon Wook is not a white knight on a white horse in shining armor. Oh but what a sublime character he is. Were a standalone prequel vehicle to be spun off from “Inspector Koo”, Keon Wook would be the ideal choice. The backstory between K and Keon Wook is unclear but that he has some psychological trauma is clear as well as that he does not imagine a life where he has a happy, more domesticated future. To be clear, these two are not at all portrayed as good people or heroes but there is a thread of tragic downfall woven into their arcs that gives them an additional layer and welcome texture.

The cast ensemble is excellent. The soundtrack and score are among the best produced this year. The direction allows the quirkiness of the characters to shine without allowing the show to devolve into kitsch. The finale may not be a blockbuster but it delivers and leaves open fertile ground for what would be a welcome second installment.

Despite an abundance of positive qualities, however, “Inspector Koo” affixes readily emotionally to K and Keon Wook but less effectively to Koo and her cohorts, despite this group having noticeably more time on screen. Not surprisingly, many of the characters have connections in their past but they are inconsistently illuminated. And the storytelling is a tad loose. There is a wide number of players in the build-up to the final confrontation and more than a couple of subplots contribute but not all of them are stitched back into the main thread. While “Inspector Koo” is consistently entertaining, it really only once manages to break out a legitimately shocking and thrilling moment.

Solidly recommended.
Read More",구경이
28,"Absolutely Loved It!
I haven't liked a female driven (investigative) Korean drama this much since Mrs. Cop. Inspector Koo is an ex-police officer turned insurance investigator that no one really wants to work with. The thing is, she's the best, and if you want results, you need her. She's sees things others don't and can connect the dots like no one else. As a person she's slovenly and plagued by her past, but her mind sharp. Along with  insurance investigators and her favorite fellow gamer, she uncovers and solves crimes. At issue isn't the who, it's the why and how.

The story sounds absurd. In fact it is, but it is well crafted and written. The crew including the director were very good. The action and fight sequences have great choreography. Our two female leads, Lee Young Ae (Inspector Koo) and Kim Hye Joon, were excellent. They had great chemistry with each other and the rest of the cast. Actually, the entire cast worked well, which is rare. I think it's probably because there was no forced romance, which I liked. There is a romance between an atypical K-drama couple that was handled very well.

The music was really good. I especially enjoyed the theme along with the animated credits. The re-watch value is high for those that re-watch dramas, I don't, but I can see this one being on one's list. And I can also see me re-watching if there is a season  that comes out years later.

, Inspector Koo is fantastic. I wish there had been a little bit more background on our major characters and that certain things (ok ) were handled differently, but it's one of the best I've seen in a long time.
Read More",구경이
29,"Let's play ""count the flies""...there were a LOT.
First of all, regardless of what the inspiration for this Kdrama was, do not expect anything like (or remotely close to) Killing Eve. For me, that wasn't a bad thing at all. This drama is expertly done, the characters are so well written and the interactions between all the characters are packed with so much chemistry. I've seen some less than positive reviews, but I honestly don't know what left field they came from because this drama is so engaging and well done.

The main villain was really appealing, I totally bought her % as the bad guy, she was absolutely insane but in the most pleasant way to watch. The music that played whenever she was going crazy was so memorable and felt exactly what her head must have felt like while she was high on the darkness within. The entire OST was really expertly crafted and matched the scenes perfectly.

The main and side characters were all interesting, there was a lot of humor, and the evil darkness of the plot was so colorfully presented with such rich character interactions. But above everything else, the FL was spectacular. Out of every single minute of the drama there was only one tiny scene at the end where I didn't buy her performance, and it was super super minor. In every other moment of this drama her character is so expertly depicted, I never once felt like her behavior was unrealistic at all. Her interactions with every single character in the drama absolutely made the show successful.

To the dude who scoffed at the dirty gamer chick aspect of things, it isn't just guilt that makes someone like this, it's depression. Living in filth, obsessing over an intricate hobby, failing to bathe, drinking, generally not caring about the world around you, these are all massive signs of depression and I thought the drama did a great job of portraying them. % better than dragging someone out of the gutter and having them be suddenly competent and successful. This was, in my mind, completely realistic and very much mirrors how some people deal with grief. Something like the suicide of a spouse destroys most people left behind, and I think it would have been disingenuous to represent it otherwise.

I rated this drama really highly not just because it impressed me so much while watching it, but also because the stories and OST stuck with me long after the drama had ended. I really hope there's a season  so we can figure out Santa's whole deal. I'm really glad the show didn't focus on ""fixing the broken person"" but instead molded itself around her like a blanket, allowing her to retain her eccentricities without trying to force her into some societal mold of what a functional human being should be.
Read More",구경이
30,"Dark, quirky, surreal at times... SO good!
Just finished this on Netflix and so enjoyed it.
A very quirky, darkly amusing, slightly surreal crime caper. I also fell for Santa (Baek Sung-chul).
Lee Young-ae is perfect in the lead. A favourite mature actress, Kim Hae-sook, was great in a role the likes of which I'd not seen her play before; and I loved seeing Lee Hong-nae again, who was so good in The Uncanny Counter.
'K' is very vulnerable at times and it's often hard not to like her, until she starts to lose her purpose.
Totally felt for Lee Hong-nae's character at one point, although I wondered how much he was beholding to 'K' and how much it was for kicks.
A drama that is barkingly good fun at times.
The OST is a favourite now (and there are several Playlists of it on Spotify).
Read More",구경이
