,reviews,title
0,"PLOT: Successful, but it floundered
--------------------------------------------------------------
To say the writers had the story planned out from the beginning might be a lie. I wouldn't be surprised if we learned that they were plotting the story out as they went along because it's far from perfect. Though at the beginning it leaned into melodrama, it found its ground and settled for humor (which was a good call).

That's not to say the transition wasn't entertaining to watch. To simplify it, the show is so much fun you'll ended up willing to overlook some of its glaring flaws. Most of which include entire plot points abandoned halfway without an explanation, only to introduced more plot-points that were later forgotten. If this show could be edited, I would've taken most of those out... especially the one that introduced a pretty dark subject only to brush over it and shelve it...

At any rate, despite its flaws, this is a lighthearted story that's very digestible and, more importantly, enjoyable.

MAIN CHARACTERS: Lovable
--------------------------------------------------------------
The three charismatic main leads were given a good balance of strengths and weaknesses. And though they weren't always held accountable for their actions, they still showed some measure of growth and change as the story progressed.

Seo Poong (male lead): His character was probably the most relatable. His growth comes from falling to his lowest point and having to claw his way back up. He's equal amounts fearful and arrogant, which makes him a refreshing male lead. The fact that he shows moments of vulnerability and self-doubt goes to show that a strong character can be built through struggles. If one takes a look at his character from the first episode and compares him to who he becomes during the last episode, you'll see he was properly developed.

Dan Sae Woo (female lead): Jung Ryeo Won did a wonderful job of portraying Sae Woo's sassy attitude. Every smile and chuckle felt natural and contagious. She was also a well-rounded character, with moments of strengths balanced by moments of vulnerability. As fun as she was, out of the three main leads, I'd argue she had the least growth. As the episodes rolled by, it became increasingly obvious that she lacked self-reflection. This meant that she wasn't always held accountable for her actions. This in turn resulted in little change to her character when comparing the first episode to the last. The opportunities to develop her were there for the taking, but the writers missed every single one.

Doo Chil Seong (second male lead and the character who stole the show): Chil Seong was so charming, kind and lovable, that he out-shined and out-staged the other leads. And I don't mean as in he gave me second lead syndrome (though he did), but more like his character became the heart of the show. And how could he not? Chil Seong existed outside of the love triangle and was developed far more than the rest. He had the most interesting backstory and he was at the center of the most powerful moments of the series. Chil Seong was a magnet who -- through his charisma and selflessness-- ended up pulling the rest of the cast into his orbit. If you were hesitant to watch this because he's not the main lead, perish the thought! I have a feeling that if you watch this series, you won't regret it.

ANTAGONISTS: Unremarkable
--------------------------------------------------------------
There's a number of antagonists, each showing a different degree of hostility towards our leads, but honestly, none of them stood out. Their purpose was to progress the story and support the narrative by adding obstacles to force our protagonists (mostly Poong) to grow. So even if they were rather superficial in their development (or lack thereof), they were a useful addition.

SUPPORT CHARACTERS: shallow
--------------------------------------------------------------
Just like with the antagonists, the support characters served a specific function within the main story and, therefore, didn't get any proper development. However, given their role, I think it was a good call to keep the story focused on the leads. Especially since not all of the support characters were likable.

PORTRAYAL OF ROMANCE: Sweet, nurturing & healthy
--------------------------------------------------------------
The romance between our leads was great. Lee Jun Ho & Jung Ryeo Won had great chemistry on screen, which made the development of the relationship feel organic. The characters' personalities also meshed pretty well, allowing them both to be equally active in the development of their relationship rather than have one character pursuing the other. In a way, it felt like they were both walking towards one another and met right in the middle.

PORTRAYAL OF BROMANCE: Heartfelt & nurturing
--------------------------------------------------------------
The relationship between Poong and Chil Seong was a highlight of the show. Although they started on the wrong foot, Poong and Chil Seong built a strong foundation of understanding, loyalty, devotion, and support that culminated in a familial bond. The fact that Lee Jun Ho and Jang Hyuk also had great chemistry, helped sell how quickly they transitioned from friends to ""bros"".

OVERALL:
--------------------------------------------------------------
This is a feel-good series. It's not a perfect by far, but it's undoubtedly entertaining and light enough to binge-watch. It's also a series that doesn't ask too much of its audience, which makes it a perfect show to watch after coming home from a hard/stressful day.
Read More",기름진멜로
1,"I saw a movie recently where a character said ""You like somebody because of things but you love them despite things” and I think that applies to this show.

This is a messy, gleeful and heartwarming tale about a chef, a gangster and an heiress who lose everything but then come together to reclaim it. Chinese masterchef Poong (Joon Ho), reformed gangster Chil-sung (Jang Hyuk) and lonely socialite Sae-woo (Jung Ryeo Won) have nothing in common but their shared calamities: all three hit rock bottom in the first few episodes.

These three characters with different backgrounds and temperaments are the disparate ingredients this show promises to turn into jjajangmyeon - the signature Korean/Chinese fusion dish that Poong is an expert at and that Chil-sung and Sae-woo are perpetually hungry for. While the first few episodes are almost unhinged in the seeming-randomness of their elements, the show makes it clear that Poong is the cook that's going to bring them together in one perfect dish.

For the fist half of its run, this was a show that was about jjajangmyeon but was also jjajangmyeon itself: televisual fusion cuisine. That’s why the show was originally so messy and it’s why I loved that the show was so messy. Because it seemed to be saying that people, relationships and life are a huge mashup of disparate things and it’s not about one being ‘good’ and the other ‘bad’ but about the proportions of each ingredient. Throughout the first half, all our characters were floundering because their life recipes weren’t right yet. If life is a recipe you're constantly refining, then all our characters were still deciding on the menu.

From the beginning, the show was extremely clever - but sometimes too clever. Its brilliant use of metaphors and imagery is a device I personally love but even I thought it was a bit overdone in the beginning. There were episodes where I was so busy tracking its use of hot and cold and the black and white that I missed plot. Nietzsche was thrown in there, first to intrigue us and then to confuse us. Poong was either a Nietzscheism superman or its antithesis; the writers never seemed to be sure. I know a lot of viewers simply couldn't cope with the chaos and dropped out. I stayed in, loving every minute and waiting for the writers to bring it all together in one glorious dish of fusion cuisine.

It's probably not surprising that this did not happen although it's not entirely clear what went wrong. Originally slated for  episodes () and then cut to  (), maybe the show suffered from losing an episode, maybe it was three episodes too long. The show went on hiatus for two weeks and when it came back it was seemingly a shell of its former self. Characters disappeared, plots were dropped, major plot points were resolved quickly and anti-climactically, and others were dragged down with standard, almost pedestrian, kdrama plotlines. It was almost as though the writer had been instructed to play it more safe and the quirky, surreal magical realism was replaced with the plotline of a standard romcom.

The minor characters often detracted rather than added to the show in the end. The antagonists, which started off suitably hateful and conniving, became one-dimensional villains of little import, if they didn't disappear completely. The Giant Hotel may have loomed over the Hungry Wok like a corporate Goliath but David didn't defeat it so much as replace it and the little restaurant seemed more beset by disloyalty and ingratitude from its employees than by external threats.

Poong and Sae-woo remained adorable and sexy and wonderful and Chil-sung held a kitten every episode so the show is worth watching till the end. No matter how many plots got dropped or how many characters disappeared, the relationship between the three leads was the show's saving grace. The romance between Poong and Sae-woo is passionate and sweet - just the like sweet-and-sour pork that is his other signature dish. The bromance between the two men is loving and supportive. And while there is technically a love triangle here, it's handled with maturity and without unnecessary angst. These three people love each other and watching them come together is the show's best element.

In fact, show ends well. It's just not the affordable gourmet meal we were promised but more like a rushed lunchtime bowl of noodles while we're trying to get back to work.

In the end, I love Greasy Melo despite its flaws and I guess that means my Love Is True. I can dream of a more perfect version of this show where the writers were able to use all the ingredients they prepared to make the perfect meal instead of leaving half of them on the chopping board. But if lasting love is based on acceptance, then I accept. This is the show it is.

/
Read More",기름진멜로
2,"I ignored this drama for a while and I was a fool to. I think the storyline scared me away because I had no desire to watch what I thought would just be ""Pasta "". I didn't even notice the cast, which was another big mistake. This drama has now made it's way to my list of favorites, and I easily binged watched it in  days. It may not be perfect, but the cast made this drama extremely enjoyable.

I'll start with the three leads, who match the chemistry and talent I loved in ""Jealousy Incarnate"" (by the same writer), while still having their own unique flavor. The trio of main characters is strong and I loved them all in previous dramas. Jung Ryeo Won as Dan Sae Woo brings everything I loved about her in Witch's Court. She is randomly funny and far from a timid lead, which makes her the kind of leading lady I adore. Then there's Lee Jun Ho as Seo Poong, who impressed me so much in Just Between Lovers, that I should not have been surprised that he would hold his own with his much older cast mates. Then lastly there's Jang Hyuk as Doo Chil Seong, who is always amazing. Money Flower and Fated to Love You are two more of my favorites, and this drama is no exception. All three played the comedy and emotional moments extremely well. They became characters I really cared about, and even when the story seemed all over the place, I was hooked from the moment they all met.

As for the story, I'm glad I didn't read about the plot ahead of time, because I enjoyed not quite knowing what in the world was going on. The beginning of this drama is very random, but eventually, things come together and make much more sense. This really is a standard rom com in a lot of ways, so romance fans should not get scared off by the gangster elements, or the revenge part of the story. This is still a very lighthearted drama, without any moments that are too heavy. There are plenty of palpably cute and swoon-worthy moments between Poong and Sae Woo. Even with their age gap they were extremely well matched, and their chemistry was amazing. I honestly loved the relationship dynamic between the three of them so much, because of how real it all felt, instead of just playing up their rivalry, or adding unecessary melodrama.

I feel like the whole cast performed as if they had fun making this drama, and that made me have fun watching them. I know that many of the cast members have been in dramas together before, and it really felt like an all-star cast. The minor characters may not have had strong storylines, but they did each have their own individual charm that made me care about all of them... except two (but it's not their fault). The only character I absolutely couldn't stand was played by Lee Mi Sook. She does take on double duty in this drama, playing two characters, but one of those characters became such a nuisance, that I began hating every moment she appeared on the screen. Maybe that speaks to how great of an actress she is, but it also speaks to what an unlikable one-dimensional character the writer created. The other character was played by Cha Joo Young, who although she is a large part of the plot she was barely around or involved, so she was very forgettable.

Is the actual plot original? no. Are there cliché moments? Definitely. Are there gluttonous food scenes, and are you likely to get really hungry while watching? Absolutely. There are definitely food porn moments that are almost as gratuitous as in Let's Eat. Anyone watching while on a diet should be warned. I'm also impressed by the kitchen scenes, and how interesting they made cooking look (which I have no interest in). I also liked some of the creative choices the director made with some scenes, including the random horse moments.

There are moments towards the end that felt repetitive and extra annoying, but the character's charm kept me from getting bored. I just wish they didn't rely on such a standard and annoying obstacle.

I also forgive the gratuitous Kia and Subway product placement.

Would I watch this again? This is the kind of drama I could see myself watching repeatedly. I already miss many of the characters, and the bad and slow moments were overshadowed by how much I enjoyed the rest of it.

, this is a drama that satisfied my craving for a fun romance, with addictive episodes. It may not suit everyone's taste, but if you are a fan of anyone in this cast I would definitely recommend watching. I would say this drama is less of a meal, and more like a sweet dessert. I happen to have a sweet tooth, so I thought it was delicious.
Read More",기름진멜로
3,"I love food-related dramas, so I was really eager to see this one. Initially, it reminded me of Happy Home. Alas. it fell behind quickly. Happy Home developed wonderful characters but mainly the complex and well planned plot line carried them through  engaging episodes, and I was sorry to see it end. Although Wok of Love stated strong and had excellent actors bringing interesting characters, the writing was scattered and indifferent, Plot lines came and left - at one point, I wondered if they had forgotten that Jang Hyuk was even in the drama. To say that he was under-used is an understatement - they took one of the best actors in K-drama and treated him like an afterthought. He's the only reason I stayed with it to the end. , this was a waste of talent and a waste of my time after the first few episodes - they even forgot to cook very much.
Read More",기름진멜로
4,"Are the writers kidding me? I felt like the ending left a lot to be desired. Plus, the entire drama was just the same story recycled and the amount of plot points that were discarded is staggering. I was so bored at times with the repeated cooking challenges. The ""bad guys"" were a waste of time. The mother was a self-righteous bitch. The secondary characters were ignorant and annoying. So, why didn't I give this a lower rating? The bromance and romance between the three main leads was so sweet and sincere. Plus, there are some actual funny parts and the fighting scenes were good. Honestly, I almost dropped it at episode , but I think it does get better. I realized what kind of drama it would be when I found out the writer was the same for Jealousy Incarnate. It was just a so-so drama for me.

The main actors are the highlight of the show. Not that the secondary actors aren't good, but I really could have cared less about any of the characters. JunHo does well at playing an arrogant and strong yet vulnerable and sweet character in Seo Poong. I have been a Jung Ryeo won fan since watching History of a Salaryman and she doesn't fail to impress as Sae Woo. Jang Hyuk is, of course, excellent as Chil Seong and I just love him as an actor.

The music is okay but can sometimes get old.

I will never rewatch this.

I don't really recommend this drama, but it doesn't totally suck.

Read More",기름진멜로
5,"""Was that life? Well then, once more!"" -Nietzsche

This quote was brought up multiple times, and fittingly, it sums up the main theme of the drama. Not everything in life goes as planned. There will be ups and there will be downs. What's important is to have to courage to stand back up after falling down, to have the courage to confront the road that's ahead and push forward.

If you've seen Jealousy Incarnate, then you may be familiar with this writer's style. Wok of Love is a romcom at its core, but while it is mostly light and fluffy, it also carries heavy undertones throughout the drama. You'll notice this almost immediately given the beginning isn't all duck soup (sorry I had to make a food pun).

The story revolves around our main cast after experiencing hardships, having the strength to keep moving forward and make what's best of what they have--in the form of cooking. It isn't the most deep or original, but it's something that we can all relate to on some level (the theme at least; I can't cook for my life).

What really made me appreciate this drama was the cast, however. The main leads all had amazing chemistry together, so much so that I was shipping all  of them together at many points. Junho and Ryeo Won were adorable together, almost adolescent-like love. The bromance between Junho and Jang Hyuk was on point! And Jang Hyuk's interactions with Sae Woo were so lovable as well. (I know a lot of people are disappointed in this certain topic, but please do remember Jang Hyuk isn't the main male lead in this drama. Do what you will with that information.)

The supporting cast was great as well; I really felt for some characters, especially Park Ji Young and Jo Jae Yun, while others did a great job at pissing me off with their characters. *glares at Kim Sa Kwon, Im Won Hee, and Lee Mi Sook* (but especially Lee Mi Sook--she plays two characters in this drama, and it's amazing how you can feel for one so much, while hate the other)

The music was great, and never really felt out of place; ""There's Something"" by Jeong Sewoon especially fit so well for those cute, romantic moments, while ""At The Usual Time"" by Youngjae of GOT filled the gap for those hype, epic moments. The comedic and heavy moments also had bgm to compliment their respective scenes.

One major gripe I had with this drama was the episode count. Sadly, the drama was originally supposed to be  episodes, and the  episodes that were cut had a clear impact on the making of the later episodes. Lots of subplots didn't get wrapped up, or were rather ignored completely. The ones that did get closure ended in a satisfying manner, albeit rushed.

Regardless, this was a very enjoyable watch. The entire cast was spectacular and had great chemistry; so many of their interactions were hilarious. If you're up for some romcom with feels here and there, give Wok of Love a try!

P.S. do NOT watch this drama on an empty stomach.
Read More",기름진멜로
6,"Wok of love had only one thing going for it : food. That's it. The love story was boring, as the two characters had no chemistry and not reason to be together. The love triangle tried to spicen thing up a little, but in the end, it was a failure as well. I'm only rating this one with , stars out of  because of the performances that were nice and decent and because at some point, the revenge story was entertaining. Other than that, this one is a boring drama easily dropped. It didn't bring something new or at least manage to entertain as a whole. And it is a shame, because the premises of the story were promising.
Read More",기름진멜로
7,"This show was carried almost entirely by the cast. The story, while entertaining in the first half, was also weird. We've got a talking horse, for goodness' sake! The back half, I believe suffered pacing issues due to pre-emptions for the World Cup and the reduction of episodes.

I adored our main trio and their friendship. Jang Hyuk, made the best ""gangster with a heart of gold"" - he didn't need to be the lead to steal the show! Lee Jun Ho and Jung Ryeo Won were super adorable together as Seo Poong and Dan Sae Woo. Their flirting and banter was really easy to watch. Doo Chil Sung's love for them both was immeasurable, and I'm happy that Poong loved his friend just as much as he loved Sae Woo.

There are some truly 'melo' and makjang things that happen in the first few episodes, but there is a nice comedy to it that kept me interested. But the downfall to this drama was that it dropped a bunch of important storylines and started to become repetitive. The cast and their chemistry is the only thing that saved this show for me and had me watching until the end. The ending was very rushed and was less than satisfying.

 was good.
Probably will not re-watch this.
Read More",기름진멜로
8,"Okay,so when i first started this drama i instantly fell in love. The plot was funny and the characters were absolutely brilliant. The cast really fit like a glove so i thought this was going to be one of my fav dramas of . But as the story progressed,things got slower?
I don't really know how to describe the feeling. But it was like the writers were just writing episodes because they had to. Certain plot developments were extremely frustrating.
And one character in particular got me ANNOYED from the first episode to the last. The mother acted like a spoiled child and i wasn't really having it. She treated everyone like a slave. SO ANNOYING. It really made me give this drama a lower rating just because of that. I don't think the writers could've done a worst job with her,she had too much screen time.

BUT i still finished the drama with a big smile on my face. I can't give it a bad rating because the chemistry between Junho and Ryeo Won was flawless and the rest of the characters made my heart jump. Also,the bromance,OH MAN,the bromance was so cute. Perhaps the ending was a bit incomplete but i didn't really mind it. I was expecting that to happen when i realised they had to cut  episodes because of the world cup.

,it has a lot of food porn for you to feast your eyes on and the relationships are hella cute.
Read More",기름진멜로
9,"It took me quite a while to finally finish this. It just seemed that  episodes were way too much to complete this story. Yet again, even after all of the filler episodes right at the end of the show, the ending left many unanswered questions. Not going to lie, I decided to watch this for Junho, since I find him to be very talented and universal in every role. However, this just didn't fit him somehow. And the chemistry between him and the lead actress was weird and artificial. Second lead syndrome hit me the hardest while watching this, and I realized how the second lead male was just completely ignored during the last episodes. Now, to focus on the positive, personally, I believe that the side characters made this drama interesting and bearable to finish. In addition, I'd only rewatch this for the food porn and those beautiful shots of Asian dishes that were mesmerizing. Other than that, this drama had potential, but turned out to be too draggy and went downhill fast. If you're into friendship, bromance dramas with a dash pf romance here and there, go for it! But you will get a bit hungry!
Read More",기름진멜로
10,"THIS IS SO CUTE
This is just what I needed to just enjoy and watch. Not a lot to figure out and no cheating or gore. The ML is absolutely adorable in this role as well as the FL. They have great chenistry together. It is mainly about restaurants, cooks and lots of yummy looking food. Don’t watch this late at night oytherwise you will get hungry. It is also a look into what really goes on back in the kitchen of any restaurant. Seems there is also politics in that as well. I wonder if the Korean society still i to class distinction and who can marry whom. Do thenoarents still dictate how thie adult children should live, work and marry?

There is one part of the drama I found a bit boring but not enough to make me not enjoy watching this drama.

In one scene the ML asks will you sleep with me. Who in their right mind would fall asleep after that with him asking? Geesh. Anyone under  disregard that and listen to our parents.
Read More",기름진멜로
11,"It pays to ignore negative reviews and just watch it yourself sometimes
I loved this drama!! It makes you crave sweet and sour pork like crazy. Junho is SEXY AS HELL here and he shows off his superb acting chops again and again. He isn't an ""idol actor"" - he's an actor. Period.
The FL was completely adorable and grew into a fierce, opinionated, and talented woman and partner for the ML. I loved loved loved them as a couple. I also loved how the bromance developed, and how much love and trust there was between the men.
I'm not sure why commenters are saying there wasn't adequate character development - we must not have been watching the same drama. The characters at the beginning were not at all where they ended up at the end. There's not really a spoiler here to say that the gang turned into real chefs at the end, because that was a main point of the drama to begin with. The secondary romance was also sweet and a pleasant surprise. No spoiler here either, but there was a twist in the middle that was heartfelt, sweet, and extremely touching.
I loved the supporting cast and we could clearly see growth in all of the characters...except one. I hated the mother with the fires of a thousand suns. She was a Horrible. Selfish. Person. I actually found myself screaming at the tv whenever she came on. She started the drama selfish and entitled, and ended up being selfish, entitled, bratty, dumb, and just plain mean. She wasn't evil like other K-drama mothers, but that didn't make her meanness and selfishness any less easier to take. Gah, I hated her.
Sure, this drama wasn't perfect. I wished for a wee bit more of a resolution for one of the main characters at the end, and it's hard to fathom ex-spouses as ridiculous as the ex's of the main characters'. (I've already mentioned the mother.) There were a few plot holes, but let's be honest, what K-drama doesn't have a few plot holes or characters who drop out of sight? That said, any time you get three main characters who all sparkle on screen, a passionate romance without too much melodrama, some amazing-looking food, some very satisfying payback, and the CUTEST KITTEN EVER...I've got all I need.
Read More",기름진멜로
12,"hits and misses in this one
I have to say that all of the food scenes were an orgy for the senses, and they made me want to scout out the nearest good Chinese restaurant. The bromance between the two male leads was fun to watch, as their friendship developed. I didn't care for the female lead at all. I was hoping that she would kind of grow on me, but I found her smiling/smirking to show up at times that were very inappropriate. I felt like she was playing both men and that her emotions weren't totally invested in the male lead. And don't even get me started on her parents! The male lead really tried to step up, but the female lead just let the parents walk all over them. There's being respectful, and then there's being a doormat. And the mom saying that if they went to work in the restaurant, they would have to move out of the house? It wasn't even her house! Good kisses (though few and far between) and a happy, though rushed, ending, considering how many episodes I had to sit through.
Read More",기름진멜로
13,"What really is the charm of the whole series I think, are the two main guys. They are the most interesting and entertaining. You definitely want to root for them. And what's even better, is their BROMANCE. It's beautiful, it's heart-warming, the kind of deep friendship that's very nice to witness. Their bond and their struggles are which really kept this show going in my opinion.

The sad part though, it's only about % of the series.

The other part are the disappointing romance and other petty misunderstandings and drama... aaand the girl's story...

I really LOVE romance, and I noticed in other reviews that people actually liked the romance here, but I just couldn't see it good at all. I have to say, it might just have been better to abandon that part and just focus on the guys' friendship. Just that setting in itself how a very talented but betrayed chef is sort of forced to just join these gangsters to take revenge and how they get to know each other and work together against these bad guys could have had more potential to just focus on in my opinion. It would have been clearer, more wholesome and just simply easier and more entertaining to follow.

Also the main girl is not lovable for me, for example she is very dishonest, lies a lot (like terrible lies), and at the same time she really hates it when someone lies to her. Ok. She is this typical woman, you know, when you never know what's on her mind (if there is anything...).
Also let me just ask if a person can really be a player subconsciously? Even if she is a dummy dum, I really don't think so. You shouldn't flirt or give off signs, and then pretend that you absolutely did nothing. At times she does act like a human being, trying to show some human like emotions, and she does get better by the end, but most of the time she is just an alien to me. She feels off, weirdly written, directed or acted out. Nothing really makes sense with her story, even if they tried to make her quirky, it's too much for me. This girl and the romantic parts are very low here in my book, nothing very heart-warming, more like hair-tearing. (but maybe that's just me)

BUT!!
Thankfully not the whole show is completely about her, and that saved it for me and made me keep going.

The story is quite simple, but engaging, you want to see the good win and the bad lose. Very black and white in that way, but it's fun to sometimes just watch something not too complicated. The side characters are okay, some are even good, but not getting too much screen time, which is a pity I think, they seemed interesting, could have deserved some stories of their own.

This tries to be a decent show, has its potential, but it falls shortly behind a , which is not good enough to me.
Read More",기름진멜로
14,"Came for the story, stayed for Jang Hyuk
 this is a cute show. The best part about it is the food and, most importantly, Jang Hyuk. First the food, it made me want Chinese food all the time. I love shows that are based on food (Dating in the Kitchen is highly recommended). But the highlight is Jang Hyuk. Let me just say the FL is a fool!! Who wouldn't love a bad a$$ like that? This was the first time I've watched any of his works and now I'll search out a lot more. He does most of his own stunts which is extremely cool and he's so attractive. He does have an odd laugh and sometimes he's over the top but overall he's one of my current favorite actors.

The plot sounds really interesting and entertaining. Unfortunately, it's largely forgettable. I finished watching this show a few days ago and the only thing that sticks out is my confusion over why the FL would chose the ML. The chemistry between the two didn't happen until the last part of the show. But she was pining away for that man at the beginning. Also Jang Hyuk's character was a stand out. Other than her lack of judgement, the FL was good. Her smile and attitude were bright and easy going. I can understand why both men would like her. The supporting cast was great, very entertaining. But have I mentioned Jang Hyuk, yet? In the end, Jang Hyuk and his band of thugs are what carried the show.

I do recommend it but it isn't a high priority show. It's funny and entertaining but not to memorable.
Read More",기름진멜로
15,"This show's romance arc pissed me off
Ok so...full discloser I think Jang Hyuk is one of the best Korean actors that ever lived and I like him in every single thing he's ever been in. I also came into this show fresh off watching A Beautiful Mind, Shine or Go Crazy, and Tell Me What You Saw...specifically because I wanted to watch literally everything with Jang Hyuk in it. So I was definitely jaded from the start. It's also definitely not a genre I typically enjoy or seek out...boring romance dramas...meh. So my review is super super one-sided and unfair. I'm % aware of that.

Basically, I hated this show. I hated that the lead actress ended up with the shallow young pretty boy instead of the much more interesting and (in my opinion) attractive secondary male lead (Jang Hyuk). I was super mad at her for making such a shallow and uninteresting love choice. She was a decently written character with a decent amount of depth and she went for the eye candy. The eye candy lead actor's character was so lame and shallow and undeveloped. He's basically this crybaby brat who in other dramas would easily have been the failed third point of the typical love triangle. He's basically the guy who's around usually to show you what a great and desirable person the lead is. I hated this character. The actor is fine in other dramas, but this character in this drama was literal trash.

Almost certainly I would have had a different opinion about this drama if the lead actress' character wasn't such a predictable boy-toy chasing idiot (aka if she had fallen for the bad boy gangster (Jang Hyuk) instead. But as it stands, it was a STRUGGLE to get through this entire thing and I hated every minute of it beyond episode  or . I would literally never watch this again.
Read More",기름진멜로
16,"This show was difficult to finish. I feel like most people watched it for Jang Hyuk, who always does a great job. It seems really funny and sweet at first, since it tied together familiar actors from Strong Woman Do Bong Soon, Chief Kim, and Jealousy Incarnate. At times the interactions felt very random and cliche, and as much as I love a good love triangle, it was just so disappointing to see. The leads lacked chemistry, and I wish they had chosen a different female lead. After a while, I only kept watching for the cooking/eating itself (I also really loved the technical aspects, such as ""knife skills""). The competitions felt similar to what you would see in the anime Food Wars, but you could tell who was going to win, even with the tug-of-war. The world felt very small and predictable, but I like surprises. I was hoping this would top the other dramas I listed, but sadly it didn't come close.
Read More",기름진멜로
17,"This review will be short and sweet. I watched all episodes.
It started great, then if faded away in the middle (still good) but it had fine ending (rushed but filling)
If you are in mood for relaxation after a stressful day - watch this drama.
If you want to learn few tiny things about Chinese cooking - watch this drama.
If you like bromance - watch this drama.
If you want a plot to cry, live it, or get excited about - skip that drama.
At the end, I would not watch it again, but I definitely would sum it up that this drama was great after hard working day because it made me relaxed and brain free :)
Read More",기름진멜로
18,"Messy like Jajangmyeon, just not as tasty
To sum it up - because it's so busy all over the place, no actual point gets made and it ends up feeling like a waste of time. Some scenes go on and on unnecessarily and feels rather random. As a viewer, you find yourself bounced from one story line to another but nothing actually gets told in a way that would make a proper impact.
I'm not sure if it's because of the poor directing or story, but the lead, Lee Jun Ho doesn't make an impression on me. Whereas Jang Hyuk is awesome but I feel like his character could have been used more effectively to make the story more compelling. Jung Ryeo Won is lovely but I'm not really feeling her character either despite knowing she's meant to be the heart of the story.
I'm not one to drop a drama no matter how bad it is, but this bad story telling is making me want to drop it (after all, it's  episodes!) - nonetheless, it does get better in the latter half (around e onwards), but it really took a long time to get there.
Read More",기름진멜로
19,"WARNING: THIS DRAMA WILL MAKE YOU HUNGRY! SO PREPARE YOURSELF!
This drama has many random things, like: Romance, delicious food, drama, comedy, love triangle, betrayal, friendship, family, marriage that go wrong, second lead syndrome, revenge, gangsters, cooks, cook gangsters, ""action"" (don't take it very seriously), a weird/funny horse (YES A HORSE)... And you know what? Everything was amazing, everything was well written/made.
The drama is super refreshing and will give you the feeling ""What the hell is happening???"", what made it so funny.
I NEED TO TAKE A LITTLE OF MY TIME TO TALK ABOUT THE HILARIOUS AND UNFORGETTABLE CHARACTERS:
I've never loved a leading actress so much. Loved her honest character and loved the actress. She made me feel everything just with her eyes, I know this can sound weird, but I love seeing her cry, she's so emotional and pure.
Junho!! Loved him in ""Just between Lovers"" and seeing him as a sexy cook was great.
Jang Hyuk played the lovely gangster, who I fell in love with.
In conclusion, you can see the love triangle created, and I'm sure you will suffer for second lead syndrome, just like me, but honestly that didn't make me feel sad at all, because these  leads have the best friendship ever and there's no fights for the girl or jealousy and yet there is the awesome bromance<
IT'S A FUCKING DOPE TRIO!!!
And we can't forget the support roles, who were hilarious and made the drama complete. I really appreciate seeing Jo Jae Yun in whatever he's in, he's amazing <
THE ONLY THING I HATED was the mother of the female lead....so annoying and sensitive...
IF YOU ARE THINKING IF YOU SHOULD WATCH THIS DRAMA OR NOT, DO NOT HESITATE AND WATCH IT!!
ONE OF THE BEST DRAMAS OF THE YEAR!
Read More",기름진멜로
20,"its a foody type kdrama
wok of love ()

First thing I will say about this drama that is from my opinion this is the best drama. I will not write any spoiler so you can enjoy this drama even after reading this review.
This drama attracts foody kdrama lovers, because this drama contains so many tasty dishes. Offcourse the main lead actor (""Lee jun ho"" aka ""seo poong"") is cheff in this drama. The lead actress (""jung ryeo won"" aka ""seo woo"") is daughter of rich person. One day ""seo poong"" got fired from his job and ""sae woo's"" dad goes bankrupt, and then frustrated ""seo poong"" and ""sae woo"" meet their fate, and story begins. But unfortunately they meet a Ex-gangster (""jang hyuk"" aka ""chil sung"") and then series goes with this trio. ""seo poong"" open his own restaurant. ""sae woo"" wants any job so she works at ""seo poong's"" reasturant and ""chil sung"" is loan shark who gives his shop on a rent to ""seo poong"".
This drama drama contain many action scenes because there is already a gangster in this drama, ""sae woo"" is also pretty, and ""seo poong"" is cute cheff who's dishes are awesome they looks great and tasty also. there are many funny scenes in this drama. gangster ""chil sung"" is good at fight but he's man of culture who never hit children and women. he's soft person from inside.
there are romantic scenes are there too. There is a love triangle between ""seo poong"" ""sae woo"" and ""chil sung"". But whenever there is love triangle in drama that makles a drama perfect in manner of romantic genre.
Supporting actors also done their role perfectly in this drama.
If you are a foody person then yes watch it. after watching those dishes definitely you will be hungry.
Im not adding any spolers here so you can enjoy your drama.
Read More",기름진멜로
21,"Good potential but fails to land.
Was really excited about this one because of the main leads, and while the story started very promising, I got too dragged and stretched as it progressed. Many plot lines were introduced which weren’t followed up on and the story kept moving in circles. Most of the characters were great, and I wish we had good subplots for them. The romance was super cute and the bromance even better. Jun Ho’s chemistry with anyone on screen is always sizzling. This was a refreshing drama with a fresh premise, and it’s disappointing that the middle and end didn’t land well. Not a bad drama, but not very good either. You might consider dropping it if you don’t already love the actors or don’t want to because you’ve invested too much time in it already.
Read More",기름진멜로
22,"Worst drama I’ve watched to date. Should have been called Wok of Jajangmyeon
I could tell this drama was going to be trash in episode . At the start of this review, I’m  episodes deep and nothing has changed. The story is all over the place and much of it doesn’t make sense. It seems like the writers tried way too hard to make some scenes comical that they ended up just plain corny. So far, the love story is wack and judging from the reviews, I don’t foresee it getting any better. The leads are being forced together but they have zero chemistry. Poong is an asshole and he needs some emotional healing before even considering another relationship. In the beginning, it seemed the writers favored Chil Sung but decided to suddenly switch gears to favor Poong. Chil Sung and Sae Woo have much better chemistry than her and Poong. The drama is trash and it’s going to be quite a struggle to make it though. It would be much better without the romance aspect.

Soooo, I FINALLY made it through to the end and thank goodness it’s over! The storyline did get a little more interesting, so I increased my rating from  to . I’m still sticking to my opinion that it would have been way better w/o the main leads’ romance. The side characters are so strong that the leads aren’t even necessary. If this drama were about Chil Sung and all of the supporting characters, I’d give this drama a solid  or . Anyway, still the least satisfying drama I’ve ever watched and Love Alarm  was pretty terrible, for comparison. Just glad it’s over and now I can move on.
Read More",기름진멜로
23,"I love the storyline. I am also in love with the main couple. From what I've read, many viewers like the nd male lead more. But for me, I like the main couple as it is. I like the nd ML but only for his character and not paired with the FL. Unlike the others, I don't see any chemistry. I don't care if the nd ML is more popular. It doesn't matter in the story. I really think the main couple is lovable as it is.

What I don't like...

Sae woo's mother. She's annoying from beginning to end. She didn't have even a bit of lesson learned by the end of the story. Such a big spoiled brat. And it's annoying how everyone is just pampering her and walking on eggshells around her like she's some special being.

Plotholes. I also don't like it if they drag the ex plot so much but completely dropping them is so unsatisfying. At least tie the lose ends. I didn't even know what happened to Poong's ex. Is she miserable after her lover got bankrupt? I'd like to know. But she just...disappeared.

Still love the show overall that I can forgive the annoying bits but I did hope it was made a bit better.
Read More",기름진멜로
24,"I love food, so this was a wonderful watch! Very heartwarming and endearing drama, with comradeship and family and even a talking horse! I enjoyed the characters here, and great choice of casting for the main leads! Character development is also great! But, too much romance for me. Not a fan of the romance here between the two main leads at all though, felt that it took too much from the drama, and gave the urge to fast forward the romance scenes multiple times. Tone down the main leads romance more than a few notches, and this drama is sincerely a / for me. It also made me want to eat the foods on screen a lot. Enjoyed it greatly.
Read More",기름진멜로
25,"Insane chemistry of the Couple and Bromance is fun and heartwarming
Actors:
This is my first drama starring Jung Ryeo Won - and her adorable interpretation of Sae-U and her chemistry with Junho was so much fun to watch. They brought us along their journey of growth, love and support of each other. Her character was written to be admired - a lady who has a mind of her own yet still retain her cheerfulness. Loyal and independent. And she’s beautiful!

Junho has serious acting chops. I always enjoy watching his acting. Not sure why he doesn’t get bigger roles since his range is so broad. He does underdog roles and romance well - something in his eyes and expression that’s so subtle and sincere.

The chemistry of the couple is so insane! They managed to portray such a believable process of finding love after failed marriages - and all predicated on building a friendship first. Their couple conversations were so honest and raw, the script played a big role in this.

You’d almost think they really cared for each other!

Characters and story:
I loved how they weaved the  main characters together, and in the process, addressed issues of social background, finding love beyond divorce and loyalty between friends.  very heartwarming.

It’s shortcoming is mainly the pace which got really slow and repetitive in the middle. Some scenes were too long too. I think it would have been great as a - episode series.

Fun factor:
I thought the series would be cheesy and passé from the title alone but, so glad I gave it a chance. Learnt a little about Chinese food preparation, tried to guess if they were using body doubles for the wok scenes or they were performed by the actors’ themselves (my guess - it’s the latter) and entertained by the romance, the family and the gangsters’ side stories.
Read More",기름진멜로
26,"Sharing my thoughts
I won't lie that I did skip alot of show parts that not related to mains romance, but I really loved the way of how mature the relationship explained here , I loved how they talk what they like and not to each other , I totally loved it , there were alot of heart catching moments and as romance lover I liked it alot
As character I hated her mom like fkn alot I hate characters like her alot so much !! As a part I really loved how he covered his extreme angerness with that kiss that what catch me first and made love him from that to end
Junho acting is on another level so loved , beautiful manly and professional much love for youuuuu
Read More",기름진멜로
27,"This drama was a really good watch, even if a the start can be really confusing and sometimes dumb in many scenes due to the strange actions of the cast, but everything has an explanation later.
I loved that they added Jang Hyuk in the cast, because is hilarious and made the show really lighter to watch, probably without him it was the same k-drama that ended up to be drooped by many.
The story doesn't involve a dark past or something, so many probably can't really like it. I also loved the wonderful Cha In Ha, before he sadly departed from this world last month, I can say that he made me watch this show with his stunning beauty and also he's gonna have a soft spot on my heart....
Read More",기름진멜로
28,"This was cute I thought! Three main leads, the first two are the male actors, Lee Jun Ho who played Seo Poong, and Jang Hyuk who played Doo Chil Sung and he was chilling for sure Followed by the third main lead actress Jung Ryeo Won who played Dan Sae Woo. Lee Jun Ho is just hilarious in this but I have to go back and watch the first few episodes because I failed to watch them. I was too busy working out.

Update: I did go back and watch the first  episodes and just as I thought I would love what I needed to see. I did give higher rating. Thank you to all the team of Woc of Love.
Read More",기름진멜로
29,"Just Desserts
I was very pleasantly surprised by this off-the-wall Rom-Com drama, which was far better than I expected.
Loved the foodie bits, apart from references to Sharks Fin Soup, which should be illegal due to the cruelty involved and birds nest soup ~ also damaging if wild.
Sound acting from a good cast; I loved Jang Hyuk's portrayal of a likeable gangster-come-loan-shark. Jung Ryeo-won is perfect as the somewhat ditzy but feisty and quietly confident love interest. Lee Jun-ho was the most lovable combination of serious yet cute chef, whose smile completely changed his face.
I particularly like the fact that the relationship aspects to this drama are more grown up than usual. There are few clichés and the female characters in this are all quite strong and opinionated, rather than doe eyed and dull.
The evolving friendships, loyalty and just desserts make for a funny, touching and rewarding watch.
Read More",기름진멜로
30,"This drama suffers from bad writing and that's all there is to it. I also have no idea why they'd make Junho's character so cold and downright mean. It goes beyond the usual enemies to lovers trope, he's a total jerk to her and he's grumpy all the time. Miserable and unlikeable character, and that's saying a lot coming from me, Junho is one of my favorite actors.

There's nothing especially bad about the plot, but there's nothing really good either. There is such a mishmash of elements in this show it feels like the writer just threw a bunch of plot points together. ""Do we want it to be about a girl's relationship with her horse? Ok, but only for a couple episodes. Now it'll focus on learning to cook with a gangster plotline in the background. Then we're going to focus on the ML being a jerk. Then a little bit of love triangle, then random side stories of cooks who work in the kitchen, then some gangster fights in the kitchen."" On and on, that's basically the show.

I can't write a much more elaborate review than that because there's not much more to this show, and honestly it was so meh overall that I don't have the desire. Junho himself did great with what he had to work with as always, and the few opportunities he was given to show some chemistry with FL were done well between them. I hope he leaves this one in the past and continues to choose better projects from now on (I'm optimistic since Just Between Lovers and The Red Sleeve).

Read More",기름진멜로
31,"One of the best show with Romance in a Restaurant
/ is my rating. This is a  South Korean drama series with ,  minute, episodes.

Seo Poong (Lee Jun-Ho) worked hard to become a star chef and the hotel restaurant has raised the status of the entire hotel. He is on the verge of marrying the daughter of his deceased mentor not only because he loves her but to fulfill a promise to take care of her. He is also receiving recognition for his skill and anticioates a promotion. Little does he know that jealousy and greed have caused a turn of events where he loses all he holds dear. Seo-Poong swallows his pride and strikes up a deal with the former gangster loan shark who bought a restaurant to provide honest work for his friends who are also former gangsters. The restaurant owned by the former gang members failed in the shadow of the prestigious hotel restaurant. Now it looks like the star chef has vowed to turn the failed restaurant into a winning competitor to draw business and get his revenge on the hotel executives who back stabbed him. Doo Chi-Sung (Jang Hyuk) was a tough gangster but hides a kind and soft side along with a deep loyalty for those he considers friends. He agrees to help Seo Pong if he will turn the former gangsters into successful cooks. Training former gangsters with no respect for authority is a challenge Seo Poong may not be up to. Both men had chance encounters with Dan Sae-woo (Jung Ryeo-won) whose husband left her after her father suffered financial scandal and rJin. This down on her luck heiress keeps bumping into the men and tugging their heartstrings. Can this unlikely group make a successful go at the restaurant and will Seo Poong get his revenge? Which of the men will the damsel in distress choose?

Spoiler 🚨 I really liked this and am surprised this is not more prominent in searches of good Asian romantic comedies. I loved so many of the characters in this. The ""thugs"", in particular boss thug, Chi-sung, had great character depth. He was someone who became who he was in order to survive being orphaned at a young age. He seemed tough on the surface but, in reality, he had a warm heart and giving nature to all of those in his inner circle. Poong approached him early on to strike a deal to be able to get revenge on those that had stabbed him in the back. The love/hate relationship between Poong and Chi-sung was destined to be a great bromance. I really was not sure, until toward the end, who the lead lady would choose. Both seemed like they were great for her in their way. The story was interesting and compelling, it was well acted, the plot moved along at an appropriate pace, and it ended well. The only thing I did not like was there was some loose ends. There was an almost romance between Chi-sung and a woman he kept encountering that you never know what happens to. Chi-sung's mother - you do not know the outcome with her. You suspect that the two that end up together get married but do not know for sure. Still, it was not enough to totally detract from how good this story was. I was interested from beginning to end and was sad to have it end. I know when I get drama withdrawal that I really liked the series. And I felt that way with this one.

Read More",기름진멜로
32,"Going into this one I really didn't have any expectations. I assumed I would enjoy it since I'm mostly easy to please when it comes to entertainment, but I never expected it to be this good.

Everything about this from the characters to story is amazing.

The character Doo Chil Seong is probably one of me favorite characters in entertainment. Everything about him was awesome. From the way he fights, to the way he conducts himself in high pressure situations. That's not to say the other characters weren't great either. The main romance was phenomenal, and I really felt like they loved each other towards the end.

Lets not forget about the other romance here though, the amazing Bromance. The friendship that gets established by the male leads is seriously heartwarming, and honestly made me envious.

The only downside is that the beginning is very very slow. I really havent ever felt bored watching a drama before, but the beginning of this one really made me consider dropping a drama for the first time. After the slow build the middle and end is so great, it more than makes up for it.

Also there are so many characters in this that the beginning felt very confusing for me, trying to learn who everyone was. There were times when the scene was focusing on someone, and I had no idea who they were, but had apparently been shown them before.

If you love heartwarming Romance and a strong Bromance with some cool fight scenes, and awesome food, then this drama is for you.

I highly recommend this drama
Read More",기름진멜로
33,"Soggy jjajangmyeon and stale tangsuyuk
I had great expectations for this drama. However, I was disappointed. Being a good related show, I e would expect to see amazing dishes. Sadly, the show revolved around just  - jjajangmyeon and tangsuyuk. That's fine, but even the supposed metaphors they were was flavourless and lost.
The characters themselves are very annoying. Sure, the leads had good chemistry. But what's up with their personality? My god, how can one be as shameless, as insecure and as altruistic as the FL, ML and gangster bro respectively?
The FL's mother is the most useless human being I've ever seen. She's not worth the words. Some characters just vanished into thin air. Plot lines dropped out, villains dropped out. ,  episodes seem too much for this story. I was rarely moved by the supposedly emotional storylines and scenes. Why was the FL so worried about her horse never to visit him again till the last episode?!
The actors have done a great job. Although, some of them were seriously underused. I believe that some of the gangsters deserved more screentime.

, I'm quite frustrated with this drama. It could have been so much more.
Read More",기름진멜로
34,"Got Diabetes with this Sweet Drama!
Sweetness!!! Loved this drama, & recommended you to waste your valuable  hours with this beautiful cast & Amazing Drama!!

Watch this drama & get youself Diabetic . This drama is so underrated, can't believe!! I have completed this drama within  hours! without any sleep, got addicted to Junho's Sexy eyes, jang hyuk ajusshi's Mindblowing acting & obviously my Jung Ryu woon unnie never ever disappointed me!! And OST are good too.

It's kind of Revenge drama, but I'm happy that everyone found their love & happiness through this journey. This drama taught me again, It's never been too late to fall in love.
Read More",기름진멜로
35,"This drama should have been entitled, “Jjajangmyeon”, it’s the only thing that is consistent, everything else was inconsistent. From start to finish, it was just Jjajangmyeon”. Characters came and gone, but not the Jjajangmyeon. Na-ah. I can’t repeat Jjajangmyeon often enough, because Jjajangmyeon is what this drama is just all about. The drama started out promising, like, it had all the ingredients for a good drama, but sadly, the writers failed to make an outstanding dish out of it. As I mentioned, the Jjajangmyeon was all that was consistent in the story, everything else was all over the place. I tried so hard to finish it, but I just couldn’t. I tried so hard to like it, the premise was good, it had my number one requirement for a watchable drama, too, that is, no overly annoying antagonists (though Sae Woo’s mother was pretty annoying, the character itself is annoying, it’s not even unrelated to the main leads). The main leads were cute, too. Most would say, they did not have chemistry, but I'd say, the story just did not allow their romance to develop enough to see it. Needless to say, I dropped this drama. It’s my first time saying this for any drama: I wasted my time on this.
Read More",기름진멜로
36,"Chef's love story
 about three people .From starting they are stranger to each other but one tragedy of their life bring them together at one place that is hungry wok .From there the story start of chef ,his love and fellow man .
A small love triangle but it is take in a way that it will not feel bad for the one who not get love because writer make entery of new character for him but their story not even start and writer leave it or stop it in the middle of the drama ,there is no story of them further.
Writer bring the concept of talkative horse which was good but they didn't use this concept much and leve that concept in the few starting episodes of the drama .
I thought chef and his love's ex spouse wouldbe sad to see them living happily
And regret to live them because they life was imbalance after living them but nothing happened like that .
As a story start with their unsuccessful marriage life so I hope that story wold get over with their wedding but nothing happen like that. But I like the ending concept of fortune cooking ,still after watch ending episose I didn't realised that drama get over,it seems to be incomplete drama ..Something is missing.
Some part of the drama I like that talkative horse concept ,then mr chef pure love story ..They look cute together. Their chemistry amazing .Her dialogue delivery make her so cute.Feeling song is good .
But still it seems to be incomplete story
Read More",기름진멜로
37,"I like the drama a lot my only frustration is sometimes I find it too light-hearted for some of the issues or situations that come to light in the drama for example spoiler alert stop reading now >....................................
in episode ten SEO pong finds out his wife had an abortion without telling him and they just brush over that so quickly and move on to the main couple of the drama which is so weird to me especially all the cheating that goes on with SEO pong and his ex-wife there are so many heavy problems that a rise and they deal with it in the most ridculous way which is what throws me off I like there quirky persnoalities and charms but not when its applied to some of the more dark problems in this drama its too wierd.

but so far the drama really good kept my attention came back wanting to know what happens next so in my book that's always good


and for those commenting about pre-reviews before the drama ends those review's help me decide whether or not I should watch a drama or not, or whether it's worth spending my time watching also. Review is an assessment of something anything and because anyone can do it everyone's idea or opinion of this drama, in this case, will be different not only that. A review can change an opinion can be changed because as people say the drama has not ended so there is still a lot of time for things to get better or worse.
Read More",기름진멜로
38,"I love it! I didn't know that I would especially with the talking horse (so far there are only few scenes of this so that's kind'a bearable).

I started watching this because of Lee Jun Ho (who I love from Just Between Lovers) and Jeong Ryeo Won (from Which Star Are You From)...

After watching the first few episodes I can't stop laughing (especially the scenes with Jang Hyuk's scenes with his gang lol!). Then I love it more with the development of each character and their interaction with one another...

I'd also probably love the bromance here if they will just show more of it. Well, they are only on their th mins episode so I know that a lot more will still happen. But right now I just can't wait anymore for the next episodes.
Read More",기름진멜로
39,"Could do without the FL... very irritating
I have never seen any previous works of the  main characters but I am liking the  male leads. Honestly, they could have made this drama without the female lead. She has a pretty face and at times looks a bit like Park Min Young and Lee Ji Ah. But her character is so over the top for me.

I am dropping this title simply because I cannot stand the FL. Cannot find one good thing about her acting. The character is too flawed. She's too easy, acts naive, thinks everything she does is cute.... well you get the idea. Totally sickening....


Would like to see more or Lee Jun Ho though. I think he has a lot of potential and can pair well with other leading ladies.

First time for me to drop a series purely because I got so irritated with the FL. They should have cast someone else. Better yet, removed her totally from the story
Read More",기름진멜로
40,"I'm sorry, but no....
Admittedly I couldn't make it to the end of the first episode. The chef (one of the male leads) made this Michelin star type  star meal for his doctor wife-to-be and she threw it in the garbage. This same woman just looks super bored with him, kissing patients and ignoring him basically and when she shows up late to some hair/makeup appointment he boldly utters something along the lines of ""You don't have to say your sorry because you're my woman' and then proceeds to kiss her into submission. OMG by then I'd had enough of this drivel, possibly the worst line ever, I'd have decked him. I think I might have thrown up in my mouth with that 'zinger' of a line. If I'd watched anymore I'd have no respect for myself. I'm guessing it gets better (from reading other reviews) but by this moment I loathed every character I would have been happy if they'd died in a burning inferno...the ...end...
Read More",기름진멜로
