,reviews,title
0,"Keep calm and drink on!
While modern affairs says Moonshine is a brand of corn whisky, according to medieval literature, it means high-proof liquor that is produced illegally and the name was derived from a tradition of creating the alcohol during the nighttime, thereby avoiding detection. The drama, in fact, is based on the same concept and truly depicts and justifies throughout.

Literally titled ""When Flowers Bloom, I Think of the Moon (꽃 피면 달 생각하고)"", the show is created by KBS Drama Division &  other companies and distributed by KBS. This drama is a debut for the writer Kim Joo Hee and directed by the exclusively KBS PD Hwang In Hyuk.

A period of  years ban on alcohol leads to the formation of hidden Moonshine organizations who secretly produce alcohol to do business and to take advantage of the ban by earning plenty. Sequence of events lead to the discovery of stash of such alcohol and while unveiling the forces behind everything, even bigger truths are disclosed which seem to be involving the main leads as well.

Inspector Nam Young (Yoo Seung Ho), appointed at the Prohibition Office (Sheonbu) is a law-abiding officer who craves for justice and truly carry out the ban as ordered by the King. Kang Ro Seo (Lee Hye Ri) is a poor noblewoman who got no skill but to make excellent quality liquor. To live a normal life by making money, she dares to disobey the laws but got a pure conscience and uprightly morale. Byun Woo Suk plays the naive yet calculative Crown Prince Lee Pyo and Kang Mi Na plays Han Yae Jin, a noble lady who is easy peasy and believes in being honest.

In supporting cast, there are many familiar faces like Choi Won Young, Jang Gwang, Jung Young Joo, Moon Kou Kang, Park Ah In, Kim Gi Bang, Im Won Hee, Seo Ye Hwa, Hong Yeon Pyo etc. The acting department was full of decent actors and the performance was overally very good except for Byuk Woo Suk. He didn't show any improvement from his previous dramas and him playing a main character wasn't a good impression though his screentime was significantly reduced in the later half.

Most of the major characters are likable, especially, the ones played by Seungho, Hyeri and Mina; I liked their roles and their characters. The one with the least experience is Mina and I was actually happy seeing her doing good in here.

Plot development is more than just good. It's not a brainy intriguing watch with lots of angst or even heart-fluttering moments. Plus, unlike most of the Korean sageuks, where the central plot gets diverted to plenty of political conspiracies and somehow becomes romance-centric with the goal of uniting the ML & FL in the end, this truly sticks to its main plotline for most of it's parts. The first  introductory episodes were able create some impression regarding the moonshine businesses and the progression throughout remained up to snuff and satisfactory.

It obviously has several peak moments as expected but not that stupefying in general; I think that's the speciality about this drama. The ending sequence however got a bit repetitive but it was okay. There's not really much to discuss about the development honestly and it was a good watch throughout. In addition, the pacing remains constant plus up to par and it didn't demand me to skip anything or even fast-forward it at all. I think the biggest plus point for this was the fact that it never ran out of substance involving the main theme, despite an average storyline.

Hwang In Hyuk PD-nim is a familiar face in KBS Drama Division with more than a couple of hugely acclaimed dramas in his resume and the decades of experience seems to have been reflected despite the drama being not a masterpiece of some sort. The screenplay management, premise settings, the scenario conduction and the cinematography have been well taken care of. The overall screen editing is nice, and despite the least amount of emphasis on colour pallettes, the vibe organization using appropriate hue, is brilliantly done. The pacing is good as well; which at few places (for instance ep  & ) felt like becoming slow, but glad they picked up the acceleration shortly.

Writers making a decent delivery in their debut is not new, however, this was indeed a beyond decent one from Kim Joo Hee, and I believe, she should be paid her due credit. The overal value of the script is way more than average though I can't deny the flaws, but I feel those were manageable and I'm sure many of the viewers wouldn't notice. The plot development is simple, steady and entertaining. Some plot elements could be predictive for avid watchers but that clearly doesn't decrease the quality; I must mention, it's a light and decent sageuk. Unlike % of recent sageuks, the screenplay doesn't have any fillers and complementary side plots just to complete the  episode quota.

In fact, the amount of romance is very less and equally balanced with the bromance line. The development of bonding between different characters including the love relationships, is simple, good and not exaggerated. The patriarchal dominance is almost nonexistent and to my delight, this has so many feminist female, and not to lie, male characters. Using a contrary approach, the female lead here is the saviour of the male lead and in way, anything misogynistic has been included either.

Composed by Park Se Joon, the OST album ha a total of  songs and all of them are likable. My most favourite is ""Even Though"" by Monday Kiz which has beautifully written lyrics that render your heart. ""Love Me Again"" by Sojung (Ladie's Code) has the old K sageuk vibes. ""Who You Are"" by Ha Sung Woon is a song with is a soulful romantic track. ""Missing You"" by Minseo is a heart-rendering song with great vocal values. ""Once In A Minute"" by Seo Eun Kwang (BTOB) is a jolly track. Other tracks are:
# ""Fly High"" by LUCY
# ""Moonshine"" by JAIME
# ""Someday"" by Miyeon
# ""Love Your Everything"" by Golden Child

What I liked...
# The feminist female characters.
# The plot transition
# The character arcss and their growths
# The unique conspiracy plot
# The balance between different factors like: romance, bromance, family aspect, royal affairs, conspiracies, comedy, fighting & stunts, etc.

Final Remarks... y, ""Moonshine"" was a good watch in my opinion. It was likable, engaging and not time-wasting. It could have been a very good thing given the concept and storyline but the fact that it is one of those dramas with least amount of noticeable flaws, makes it an average and decent piece. I won't say it's a must watch but please do it in case you're not looking for a simple sageuks with typical yet balanced elements.
Read More",꽃피면달생각하고
1,"On paper, this drama seems exciting and something new and fresh in the great landscape that is a period drama from South Korea. The sort of procedural police drama with a bit of romance set during the Joseon era is something we don’t get every day. But as the drama progresses, it seems to lose its essence and become a little too traditional.

This drama does spend a whole lot of time telling us things, rather than showing it to us. Both with the romance and the mystery, which goes in too many circles and consequently loses its tension after a while. It does ramp up again in the second half, but by then a whole lot of people will have lost interest in it because the buildup wasn’t there.

It all comes down to how difficult it is for the drama to make up its mind whether it wants to be a romantic comedy set in the Joseon era or more of a mystery about a young policeman who chases after people who break the law and the people who get in his way and complicate the whole matter. And the story never really manages to combine the two into one solid story no matter what it tries.

The structure of neither of those plot points is strong enough for it to work properly because the buildup wasn’t there, and there is a lack of balance between all these different elements of the story as well.

The plot seems too rushed at times; it never really stops long enough to explore things or build them up enough for it to hook you in. There is a lot of tell, and not enough showing us things. Showing us the main couple falling in love for example. Things just happen because they are supposed to happen. But at the same time, the story drags its feet so much and the plot and the character go in so many circles - which is a shame because the cast is great, but not used all that well within the story.

It’s Ro Seo who manages to shine the most in this drama and her character manages to be the heart of the story someone you can really root for. Hyeri is so likeable here. And if the story had been built solely around her, we might have gotten a better story. But it is Nam Young and his story halts the story so much. He is only there because Ro Seo needs some contradiction to her character and her story, but he does not get enough to do so that it has a strong enough impact on the story. His character hardly matters in the grand scheme of things.

This role insufficiently used Yoo Seung Ho, one of South Korea’s most talented actors in his age range, which is a damn shame. And while Yoo Seung Ho uses all his charisma and puts as many emotions and empathy into Nam Young as he can muster, the writing does not match his energy, so no matter what he does, Nam Young feels flat as a character. Which is frustrating to watch. He is a plot-point, not a solid character who influences the story itself. Most of the story he is just there.

Moonshine falls into the same pit that I think many period dramas like it fall into and that is to put too much emphasis on the palace politics and the royal family and uses it as a crutch or a tool to carry the story forward or build suspense - like the evil mother-in-law is used in rom-cos to add drama and stakes to the story and the romance. And it doesn’t really work. There is a certain skill that needs to make that work within a story, and it must be used with a purpose, or it becomes so dull. And many of these lighter period dramas, like Moonshine, don’t know how to utilize it. To me it comes off as a possible lack of courage in the story itself from the writer.

There is a lack of stability or focus in the story, especially towards the middle, which improves slightly as we get towards the end, but the story never really allows the moments to linger (and therefor there is a lack of buildup) and often seems too hasty so it comes across that the characters move with the story, but not the other way around. Things just need to happen. Therefore the tension in the narrative isn't really there.

Moonshine is an overall drama with lots of potential, but with such an aimless narrative that hesitates to take risks and break away from the norms of its genre, with crown princes, palace politics and forbidden love between classes etc. It leaves the mystery of the story in the dust and therefore the structure of the story, some of the character and many of the side-plots feel rather flat and they lack a little focus and depth. The drama wanted to do too much, but at the same time too little, with the time it took to tell this story. I cannot say that I was bored watching the drama, but rather that I was frustrated by the wasted potential of it all. The cast carried the drama through for me.
Read More",꽃피면달생각하고
2,"Reviewing the Characters and ""Not the Actors""
The st few ep were the best...Nam Young and Han Yae Jin characters were adorable😍 They are the reason for me to watch the drama till the end.❤️️
And I hope I'm not the only one who felt that the chemistry and characterization of second leads were much better than first leads...
Inspector Nam Young was the only one who carried out the whole drama as a main lead... And the female lead is only there to cause more troubles... At the starting I can understand that she was broken and her only hope was to sell alcohol but what about later when she made a huge deal when she had enough in her hand ? I don't know what the writer is selling here...
I mean they got the best cast and my fav. actors here and still I couldn't guess what message its trying to tell the viewers...
I don't think the character like Kang Ro Seo deserves to be called the main lead even though the actress did her best(I'm her fan😢) I still couldn't pity the character....Instead I feel bad for NAM YOUNG who has fallen in love with a girl like her.
Still the comedy scene worked out quiet well except the logical flaw...you can watch this drama for the actors ,who really did a good job...and my appreciations to them👏👏👏
I thought this drama would be one among the kdrama masterpieces, that's why, disappointed me a lot...All credits goes to the writer and the director who had a wonderful cast to work with and YET........😶
Read More",꽃피면달생각하고
3,"drinking my SLS away :(
If you don't know what SLS is, it is the infamous Second Lead Syndrome! It's definitely not a pleasant feeling to have, I can assure you. The good thing about this drama, is that

Let's delve in to the plot of the story. I really liked the way it was written because it is a trope we see less within the Joseon era and because it also had subtle mystery flavors behind it as well. Though I feel like some of the characters were unnecessary to the plot, they certainly did bring their fair share of comedic relief. In fact, this drama reminds me terribly of Mr. Queen in terms of humor.

Moving on to the cast, I love Hyeri, but I want to see her play different roles than the ones she typically does -- the ""tomboy"" characters. She's gorgeous as always and did a lovely job with portraying her character. Next, we have Yoo Seung Ho. Honestly, I didn't like his character at all. Other than the fact they were connected through childhood, his personality made no match for her-- hence why I got SLS. That being said, I believe that Byeon Woo Seok did an excellent job of portraying his love for Hyeri's character but also having a change of heart near the end. Kang Mina was one of the characters I unexpectedly fell in love with. She screams ""main character,"" and I love that about her. Kudos to side characters and couples, Sim Heon and Woon Sim & Cheon Geum and Chun Gae, for their contributions to the story as well.

, I would RECCOMEND you watch it.
Read More",꽃피면달생각하고
4,"Say what you want but that was so good.
Ok I'm not going to write a whole article about this drama, I just want to say that this is one of those drama light enough to be enjoyed in binging, with the RIGHT amount of - drama - romance - bromance - politics and palace stuff - friendship - GREAT female roles... It's good, it's really good. I really enjoyed watching every episode, the pace is quite good and it's never annoying. Listen, if you're searching for something really easy to watch and enjoy this is recommended. I just really liked it sincerely
Was this review helpful to you? Yes No",꽃피면달생각하고
5,"Alcohol prohibiting in Joseon era that's it ,, poor Romance ,, Draggy drama and messy plot
This drama came out with very exciting other korean dramas on air such as Bulgasal , Bad and crazy and Red sleeve
Between the four dramas of course the other three win over this one ,, I'm not comparing but it started at bad timing
I've tried to like it and convince my self it's as good as them or even close but it didn't help me much
started light and funny so it was okey at first ,, light drama doesn't have melodrama or much violence talking about prohibiting alcohol and may be aspiring bromance between the male lead that what I wished for
but it disappointed me big time when it became all about Alcohol and Alcohol only
I loved the second male lead and some funny scenes but I got lost in the middle and became so confused of How many characters appearing on the evil side ,, I didn't even know where is the evil side because the female lead was working with them so I've became a passive viewer ,, go with the flow don't try to understand who is with whom ,, your head will hurt for no reason
they attempt to make love triangle and it was annoying ,, the romance seemed forced not as smooth as I hoped ,, so many accidents and running around in repetitive circles ,, people getting pushed over a mountain while being stabbed or with arrow in their chest and they still lived ,, actually no one dies in this drama till the final episode they some how come back from worst injury always and that was the most irritating because it was illogical at all even for a fictional character ,, if it's not wuxia chinese drama these injuries kill people
Over all the story dragged for a long time following the rebellious female lead who became a hero because she freed the Alcohol from prohibition
All the political nonsense were too much for such drama and felt out of place
the male lead was useless most of time ,,, a lot of characters were useless also such as the female lead's brother
I really really didn't like this drama at all and I've became to dislike the female lead at the end of it ,, she got on my nerves
They made me feel sorry for the two lovers villains at the last episode ,, How ridiculous is that
very disappointed and annoyed by this drama so much ,, I can't even describe how much
Read More",꽃피면달생각하고
6,"This is a very good historical drama with good action scenes, nice romantic story line, and palace intrigue dosed with a good amount of well delivered subtle comedic moments that lighten the plot. Although not perfect, it is truly fun to watch. The cast, both leading and supporting actors, did a great job delivering their characters. The leading couple has a good fun and heartwarming chemistry that last throughout the drama. The drama is a mix of romantic comedy and mystery/intrigue that delivers entertainment. Enjoy it!
Was this review helpful to you? Yes No",꽃피면달생각하고
7,"A lot of lost potential
Everything about this drama looked good in theory, but when it came down to it, the writing let everyone down. I believe the actors did their best with what they were given but nothing short of a rewrite could've saved this drama.

While the plot of the main leads being opposites who attract each other and solve crimes together was enticing at first, it got pretty tiresome when you realize that they're not actually spending that much time together and we have to do most of the work of building their relationship in our imaginations. As for the palace intruigue, it was just muddled and poorly presented. I just wanted the writer to pick thing and go with it, but they seemed to keep getting distracted by aspects of the plot that they dreamed up so everything was mashed together messily in the end.
Read More",꽃피면달생각하고
8,"I did love the storyline. I wished it had more martial arts. The visuals are usually all the same in these historical dramas with the location and costumes. I do thank the crew and all the other actors/actresses who worked hard to give us a great drama.

Yoo Seung Ho who played Nam Young was awesome and very handsome. I was lost in his eyes. This actor has some beautiful big eyes. I have viewed  dramas where he was the lead and rated them a . His acting ability is just that great.
Lee Hye Ri who played Kang Ro Seo, I need to see more of this actress, I only viewed one of her dramas and rated it a .
Byeon Woo Seok who played Lee Pyo, all I can say is wow, I got lost in his looks... but I do need to see more of his acting abilities to see how good he plays that role. He did good in this drama I will give that to him.
Read More",꽃피면달생각하고
9,"Does it job
Entertaining enough. If you can get past the first ""rough"" chapters then it matures a little, just a little, and it goes down smoothly from there.

The acting is what grounds it, both main leads do a pretty amazing job of delivering their characters emotions. Other actors are... not as memorable I'm afraid.

The chemistry of the main leads is... there, overall, but there were pretty good moments though.

It's not a complex drama, or a groundbreaking one, it's mostly light and not that deep but it does its job well enough.
Was this review helpful to you? Yes No",꽃피면달생각하고
10,"Yoo Seungho played as the main lead... how can I not watch this drama? Though to be fair, this drama kept making me want to rewatch Ruler so many times due to the many scenes that tend to parallel some of parts of Ruler that amuses me a lot many times. And when I say there was a lot of parallel plots, there was really a LOT.

The character of Kang Roseo had been set up pretty well with her being a former noblewoman who ended up becoming a moonshiner to make a living. The crown prince Lee Pyo also have his own story to which it also connected with the prohibition order as well as the general plot around it.

And above all, Nam Young seemed to hold the biggest mystery that may lead to a clue that tied the three people together. He's quite a cute character (something that Seungho had a natural flair at playing it) and his upright as well as innocent persona was enough of a charm to make you like Nam Young. Though some may find him a bit annoying but that's how he's been raised. It'll be interesting to see how Nam Young would change even more while being with Roseo and Pyo.

The story was quite light-hearted enough and fun to watch. Though the serious plot would start to creep in the more the plot dwelve more into Lee Pyo's past and Nam Young's locked memories. As well as the romance that started to grow between an unlikely pair of inspector and a moonshiner.

, the drama was really a fun watch. And while there was quite some loose ends that remained unresolved like what happened to some people after the truth was revealed, what will Young do with his life now and I'm still curious about Young's true parentage, the drama ended with a very good note. As much as the lovelines of the main and secondary pair ended up not being expanded enough, I like the fact that the romance didn't feel out of place. Young and Roseo made for quite a goofy pair and Pyo-Aejin pair were quite cute. And I really love the overall visuals of the drama that was as beautiful as the poem the drama was named from.
Read More",꽃피면달생각하고
11,"Total package in one / overall. , visual, acting and production is good. The main characters portrayed their role very well. The chemistry between SeungHo and Hyeri is likeable and lovable. What i love about the male lead is the character he portrayed., soft, gentle and less courage opposite to the female lead. It is definitely worth watching romcom drama til the last episodes. The story gives us fun and laughters as well as cringy feelings. Action, drama, romance and comedy in one is perfect. Rewatch value is /
Was this review helpful to you? Yes No",꽃피면달생각하고
12,"Too much to say 'cause I enjoyed it sm!!!
I believe, the strongest point of this drama is that it's not draggy. There's always something happening on the screen because the story has so many things to tell you.
It features court intrigues, the work of government bureaus, rising to high positions from the lows, the life of impoverished aristocrats and some commoners, small bandits gangs and organised crime organisations hiding in the dark. And, of course, as every self-respecting kdrama, it has a love story, too! ;^)
Naturally, if you're interested only in one of the aspects of the story (for example, romance), you will be bored watching other points of the show.
Supporting roles aren't outshined by the main characters. All the characters are very diverse (government officials, bandits, gisaengs...) and all have different personalities and looks.
The balance between serious and light-hearted moments is nice, too. Not being gloomy and having funny moments helps the drama to hide some illogical moments of the plot. (For example, the FL sometimes is TOO STRONG running with all those heavy jars full of liquor). But small mistakes didn't ruin the whole story for me. It's not that this drama is aiming to be epic. Instead, it's very self-aware: it often tricks you showing a cliché drama moment but then turns it to a joke.
 and visuals are also on point. The scenery is just beautiful. The costumes, the landscapes, the colours - everything is very appealing. I was blown away each time I saw some of the fabrics or interior.
However, the pacing of the storytelling is not balanced. Close to the end everything becomes very intense in contrast to the lazy beginning. Idk, maybe that's how it was intended. It's nor bad nor good for me.
I guess, the most charming trait of the show for me was its embrace of Korean traditions. As this drama's main focus is not about royal kings and queens they give you a peek at the life of common people. There were things I've never seen before in a historical kdrama.
Previously, there were some period dramas that the audience found upsetting ('Mr. Queen' and Joseon Exorcist'). So I loved the producers’ attention to small details.
, there was a lot of effort put in this show. I recommend it to anyone who is interested in history or Korean culture in general.
-----------------------------------------
Now a little bit about my personal experience with this drama.
As I understood from reading the comments, many people were disappointed with the main couple. As I'm nor Yoo Seung Ho's fan, nor Lee Hye Ri's fan, the main leads weren't the reason I picked up this show. They were okay for me.
To be completely frank, that's the first Yoo Seung Ho's role I liked. It's not that I've seen him a lot before, but still. His character and the SFL are my favourite here! Every week I was craving to see the nd couple interaction. But I was played :((((
Anyway, I will definitely watch this drama again!!
Read More",꽃피면달생각하고
13,"Highly Entertaining...to say the least!
Highly entertaining...to say the least. This series has to be one of the best historical dramas I've watched in awhile. There are some laugh-out-loud moments, some shocking/dramatic moments, and some heartfelt moments between the leads.

I've read where some viewers have issues with the FL; however, I'm really loving her in this role. Her character sort of reminds me of the kicka** women who were said to have help tame the American wild west. She holds nothing back, and you can tell she is doing everything in her power to protect the people she cares about.

Another character I love is the CP's mother. She hasn't been in many scenes, but she's stolen the show for me.

Regarding the chemistry between the leads, I do love it. The pacing of their interactions and banter are spot on. I can't wait to see how they work through and bring their different worlds together.

If you are looking for something fast paced and funny with a complicated plot and dramatic moments, I highly recommend this series. Also, the bromance between the ML and SML is well worth it.
Read More",꽃피면달생각하고
14,"Not sure if they want to convey alcohol is vice or virtue
Since it is Lee Hye Ri's first historical drama, I'd been waiting for it from sometime. From the initial few episodes, it appears to be a light rom-com with historical serious theme.

Ro Seo is a  something noble birth lady who has become poor. On the top of it she is taking care of her less than abled brother. She is hardworking, pragmatic women who doesn't mind getting her hands dirty (literally) to earn few nyangs.

Nam Yeong is a scholar aiming to become top official. He is from not so well known clan.

Moonshine has okay OST (till now). Acting is good by all, though I have doubts whether Yoo Seung can play historic role properly. My biggest discovery in this show is Byeon Woo Seok. I don't think I've seen any of his other shows.

Somehow after - episodes storyline felt flat.  feels to be having less depth. In later episodes they seem to be hailing the benefits of alcohol, which I didn't condone. The crown also became a dull character compared to how he was introduced. Usual those in power are abusing it to gain from alcohol prohibition. Let's see if it improved in last few episodes.

It didn't improve in last few episodes. Yet another failed after an okay start.
Read More",꽃피면달생각하고
15,"Just a thought
Drama have a unexpected and unthinkable plot a unique one. Drama runs through a fast phase from the first episode. Yoo Seung-ho is really a out match actor his character fills alive in drama as all his drama fells female lead actor Hyeri is simple and basic in acting there is no aliveness in her character but her chemistry with Byeon Woo-Seok feels nice as compare with Yoo Seung-ho story line is great and intresting drama can hold its audience until the end. I would suggest the drama of Yoo Seung-ho Emperor the owner of mask for great chemistry and fantasy story line if you wanna watch drama that is based on joseon period. I can suggest this drama will show a twist in the end as the Chief Secretary is giving some different vibes and it will connect three off our lead characters together. Yoo Seung-ho has return after a long time hope this drama will go well.
Read More",꽃피면달생각하고
16,"Don´t know why but I don´t find Yoo Seung Ho handsome or a good actor whatsoever, but hey he must be both since he is part of the A list actors in South Korea. I first remember seeing him in I´m not a robot. It was one of my first Kdramas, and even then when I didn´t know what to expect from this genre I remember not liking anything about it. As I got more familiar with kdramas and their sometimes crazy plots, the ones where Yoo Seung Ho participates are always on the top of my least favorite dramas. Him and his choice of dramas are perhaps not my cup of tea. It is shame since I love Lee Hye Ri and I would have watched the entire Moonshine.
Read More",꽃피면달생각하고
