,reviews,title
0,"This show is only slightly over and hour long, but I still found myself fast forwarding a little through parts of it. The characters are interesting and the actors/actresses all do a good job, it's just slow. I can't really be more specific than that though because it's not like the story line was lacking or anything. It even has a couple rather unexpected moments in it, but somehow I still found myself struggling to not fast forward.

However, even saying that, it's a cute show and the three main characters are well written and have a story that feels like it could really happen in life so that is nice. It just felt like it could have been done in even less time or else the scenes needed to have a bit more to them.
Read More",나의흑역사오답노트
