,reviews,title
0,"I need to thank whoever decided to make So Ji Sub into a Secret Agent-Babysitter which is pretty much the perfect man. That concept may sound crazy, but it actually works extremely well in this drama that is equal parts comedy and spy thriller. The comedy parts are really cute and genuinely made me laugh. The thriller parts weren't too heavy or dark but still managed to be surprisingly exciting complete with some cliffhanger episode endings. I admit that it was my love and complete bias for all things So Ji Sub that made me keep watching when the kids made me roll my eyes, and the lead actress made me frustrated often, but I quickly fell in love with this show and the entire cast.

Of course, I will start with So Ji Sub, who this role seems custom made for. I always admire his acting but to see his more comedic side, even as the serious-faced straight man, was really impressive. He definitely gets to show off his action skills too, and kick @ss in a way that made me swoon, but there are also so many funny scenes that made Kim Bon irresistibly charming. He was matched well with Jung In Sun as Go Ae Rin, who I think played her role well even if I was often annoyed by her character's actions. They may not have had a passionate chemistry, but I loved their innocently flirtatious and sweetly considerate moments together. Normally I would wish for more blatant romance, but considering their pasts in the story I think it was handled just right. However, I do kinda wish that I could see their story keep going beyond the last episode.

This is also the kind of drama where the supporting cast really shines, and I loved the entire cast. There's the KIS crew who turned nosey neighbor behavior into a true art form and had some of my favorite moments in the show. They are mostly there for comic relief, but I love how they were actually woven into the more dangerous and suspenseful parts of the story as well. Then there are the NIS agents, specifically Im Se Mi as Yoo Ji Yeon and Kim Sung Joo as Hacker-Bae Ra Do Woo, who had great chemistry of their own from the start. Joon-Joon were super cute, even though I initially wanted to put them on permanent time out. I guess they needed to do a good job of showing why Ae Rin was so desperate for a babysitter. Even Son Ho Jun grew on me in a way I didn't expect. Although some of the supporting characters and guest roles were cliché and over the top, it worked with the style of the story, which at times was campy, and I think the whole cast embraced that.

As for the writing, even though I was entertained the entire time, there were definitely some weak moments. What this drama does best is balance comedy and action, and both are done well without taking away from the other. You just have to embrace the totally unbelievable moments, but they did do a good job of not leaving many holes. The ending did feel a little abrupt and rushed, but they did a great job of ending the story without leaving any of the characters I grew so attached to ignored or forgotten.

Would I watch this again? Yes. This is a drama I wasn't ready to see end, so I can see myself rewatching more to enjoy the characters than for the plot. I would much rather see a sequel instead, which isn't likely, but the ending does open the door to a possible one which I would absolutely watch!

I don't really have any major complaints except for the obnoxious product placements. I think they made some of the moments extra cheesy on purpose, but especially in the last episodes. I couldn't believe how many commercials they squeezed into the story so blatantly (Did Quiznos really need to become part of the plot??!!! lol)

 I am glad this drama lived up to the excitement I had over first seeing the ads for it. If you're expecting a serious spy thriller or an epic romance, you are setting yourself up for a major disappointment, but I still think there's enough in this drama to keep a wide range of fans entertained. This is also an obvious must watch drama for any So Ji Sub fan. I wish he could give me ""nose to nose"" through the screen, but alas... I guess I have to settle for another drama to add to my favorites list.
Read More",내뒤에테리우스
1,"Messy but Charming
Honestly when I watched the first episode of this drama, it was so far removed than what I thought this drama was going to be, I was going to drop it and move on....I AM SO GLAD I DIDN'T! If you stick with it, don't take it to seriously, you will be won over and love this drama when you finish with it.

STORY: As I stated above, do not take this drama and it's storyline too seriously. Just go with the flow and you will enjoy it more. I am not saying that the story was bad it just had its moments where it seemed very farfetched and messy, some parts even were a little predictable for it being a spy drama. If you don't look that much into it, you will find the story to be charming, exciting, funny and adorable all at the same time. It is a fun ride to be on.

CASTING: At first when I started this drama, I did not like some of the characters because they seemed to be a little tropey and annoying but as the drama went on, the characters got more depth and color which helped you as a viewer fall in love with them and their interactions. By the end of the drama, it was hard to say goodbye to them. MY favorite characters HANDS DOWN in this drama was the Ahjumma group and Jin Young Tae surprisingly (I found him to be annoying at first). I thought the actors did a great job and the drama was well casted.

MUSIC: I LOVE LOVE LOVE THE FIRST OST FOR THIS DRAMA!! I listen to it all the time. I also liked the music that played when the action was happening. It gave depth to the fight scenes and made them very exciting to watch.

REWATCH VALUE: I would rewatch this again if it was a rainy day and I had nothing else to watch. It is an easy drama to watch.

OVERALL: Even though this drama was messy and all over the place, you can't help but fall for its charms. It was a drama that didn't take itself to seriously and had action, comedy, and a little romance. If a second season happened, I would watch it. It would be interesting to revisit all the characters and see where they are. Just watch this drama for an easy drama to watch and go with the flow. Also So Ji Sub with kids is always a plus

Read More",내뒤에테리우스
2,"It *pains* me to give this show a . I was SO excited for a new rom-com with So Ji Sub. Let me just tell you right now, that if you are hoping for any romance - you will be disappointed. They were leading up to it, and then backed out.
This show started off really strong. The comedy was gold because I was laughing my butt off for over half the show. And then somewhere around the / mark the spy part of the story went a bit off the rails (convenient plot devices and inconsistencies in writing and editing), the budding romance stalled, the undercover agents started doing dumb things that would totally have gotten them caught, and the PPL was extremely HEAVY handed. I was totally taken out of the story by all of these things.

So Ji Sub was freaking adorable in this - every scene he was in with the child actors made me a puddle of ""awwwww!!!""
And Jung In Sung as Ae Rin also did a good job - this was my first time watching her and I liked her. I loved ALL the characters and the actors were great. I have nothing but compliments for the acting. But the romance between the leads was only alluded to at best. So the ending was not as satisfying as I had hoped for because of that.

At most, I might rewatch some of the cute SJS/kid scenes.
Read More",내뒤에테리우스
3,"I liked how the drama started, the concept wasn't something unseen but it had his elements of uniqueness.
That element were the kids and the neighborhood. I especially liked how the clueless parents actually discovered key informations without even knowing, it was refreshing and I felt good because usually in spies movies and shows the organization members are too superior to commoners (must be that way to protect the country right? Still, to me flawless people are annoying) and the whole babysitting was cute to the max (those two kids are so pretty and sweet! And I don't even like kids lol).
Also Go Ae Rin was a good female lead, some of her decisions and justifications were not the best (you won't poke your nose around to a dangerous place like j int. out of mere curiosity, they could've make her connect her husband death to that place in order to give her a solid motive to investigate. Like not the whole plot, it would be marysueish xD just an hint...) she still was a complete character with a growth through the drama. I liked her courage.
I think tho, the husband was forgot pretty fast...even if that character is just a catalyst for her to be introduced into the spies world, he was her loved one, the man who was the father of her chilchildren...they tried to justify with ""I have to stay strong for my children"" but still it felt weak to me.
The spy plot...let's say I like all the reference to all the famous spy movies like mib, , kingsman, uncle, and so on. As I said I really find exciting to see how this world collided with the commoners world, but this faded away, especially towards the end. I guessed who the evil ones where and their motivation/plan was really predictable. I admit I skipped towards the end.
The romance was meh..., they started too fast but more consistently and then they backed up in the middle. There are no kisses, just that nose-nose thing with the child and occasionally with the male neighbor who's lowkey gay for the main lead. (There is an hint of bromance between them and the two male leads)
Another interesting character was Young Tae, the conman/thief that's not really the worst person in the drama. I saw this actor in Go Back Couple and I really liked him, he's not as handsome as Terius (truthfully I am not in for the looks, but I fall hard for charisma xD) but he was more interesting to me. So Ji Sub is not a bad actor, but he has always that stoic emotionless scheme in every drama I watched with him (maybe I just picked the ones that are similar), I admit it was a good contrast with the children but the second male stole some spotlight!
The worst thing probably was the product placement. I can forgive the plot holes since I watched it as comedy (so I did't pay too much attention to the evil people plot xD), but the advertisement was a little over the top. Too many products and too much footage of them sponsorizing coffees, fast foods, beverage, jewelry and so on. It was too obvious and ruined the mood :(
It was cute but not to the extent of rewatching it in the future.
I don't recommend it if you like mystery and romance, more like if you're into cute comedy and slice of life
Read More",내뒤에테리우스
4,"TL;DR? If you hate plot holes and need more than a subtle hint of romance, take a pass. If you can suspend disbelief and not take a drama very seriously, this might be for you!

There are a couple things I want to get out of the way before I start the actual review of the drama.

First, man am I super susceptible to advertising. This isn’t really a new discovery, as back when the fans tried to save chuck by begging Subway for product placement, I learned real quick that just seeing someone eat a subway sandwich was enough for me to go out and buy one. So, if you’ve ever wondered if product placement ever actually works on people, this jerk right here will fall for it! And man, there was a lot of product placement in this drama, so be ready.

Second, I think this drama should come with a warning label for your ovaries. My biological clock appreciated the heck out of watching So Ji Sub lovingly play with those kids.

Ok, so now that that is out of the way, on to reviewing the drama. There seems to be a pretty mixed bag of opinions in the comment section, and honestly, I can’t find fault with either side. Terrius had a lot of issues that kept it from being perfect, but I can also see how it would be easy for someone to go in expecting a comedy and not looking for plot holes to thoroughly enjoy it.

Cause first and foremost, this is a comedy drama, and the spy and action stuff is kind of thrown in as an afterthought. There are a lot of plot holes and a good dose of bad writing, but for the most part, the characters genuinely are easy to love and root for. The spy stuff was ridiculous and mostly unbelievable, and the twists were obvious from very early on.

So, hopefully I’ve cleared things up for people who are going to go into this for the spy angle. Let’s talk about the romance angle. A lot of people have said there isn’t any romance, and that is true. You don’t get a traditional romance, you don’t get any pda at all. But that’s not to say it’s devoid of romance. It is made pretty clear that they care a lot for each other. It’s just never expressly said or physically shown.

Another disappointment is So Ji Sub’s character. It’s just incredibly one note and flat. I have been really impressed with him in other dramas prior to this one, but here it felt like he never connected with the character, and so I never connected with the character. I’m not sure where the blame lies, if it is a writing problem, or an acting problem, but it definitely detracted from the drama.

Still with me? Cause that’s a lot of negative, and there really is some bright gems in this story that make it worth watching.

First, the extended cast is just hilarious. It wasn’t hard not to fall for all of the side characters. The kids were adorable, the KIS squad was hilarious and even the NIS team had quite a bit of cuteness in the form of Ra Do Woo.

Second, it’s So Ji Sub and twins. What’s not to love there?


Third, it was just flat out funny! Not all of the time, but enough that it kept the story moving at a fast pace and helped disguise some of the little plot holes that were cropping up everywhere.


All in all, this isn’t the worst drama I’ve ever watched, but it’s also far from the best. If you are good at suspending disbelief and don’t need your plots to make a lot of sense, check this out! If not, there are certainly better written/acted dramas out there.

Read More",내뒤에테리우스
5,"It going to be so hard to write this review without spoiling this drama for anyone. Fear not i will not spoil this masterpiece for you.
This is So Ji Sub.....its So Ji Sub playing Kim Bon a.k.a Terius. What do you expect? If you have watched kdramas long enough you know this household name. If you are a rookie fear not, i am here to guide you.
Before i write anything i will start by kneeling down and bowing giving my heartfelt thanks to the drama gods for gracing us with such a gift. I personally have taken a back seat when it comes to kdramas. I just dont watch anything and i pick selectively. I picked this drama for  reasons and  reasons only because it has So Ji Sub and its So Ji Sub. Yep i am that crazy about his dramas and acting.He is so good, so good to the extend that he is reason why i am here.
Now enough raving about Ji sub now back to the drama. I have not watched a drama that leaves me hanging after every episode in a long time. A drama that makes you think and think again who could possibly be the bad guy. I came up with  but thought otherwise and changed again and changed again and again.
I am not a fan of crime dramas. I dislike those but i have watched a few exceptions and and this drama is one GREAT EXCEPTION. It will leave you at the edge of your seat and trust me this is not a drama you would watch sitting still. It is that great. I especially loved how they mixed the serious stuff with the cute fluffy stuff that will leave you swooning. You are drooling and swooning this second and the next guns are blazing, someone is being betrayed and the next second you are laughing your head off and next you are hit with a plot twist that will leave you scratching your head wondering what just hit you. It has so many sweet and hilarious moments and a fair share of heart wrenching moments as well.
Unfortunately if you are looking for romance then dont even start watching because you will be disappointed. They kept romance at bay but the plot is still perfect.
If you are looking for gun fights, schemes, espionage, betrayal, tons of comic relief in between then this is the perfect place.
I cannot stop recommending this drama. Everything about is perfect and it deserves a full score /.
Everything is just perfect. I am fighting so hard not to get into the story so i will end here.
IF YOU ARE STILL UNDECIDED AFTER READING THIS THEN JUST TAKE A LEAP OF FAITH. You will thank me later
Read More",내뒤에테리우스
6,"Terius Behind me is a funny spy drama, with cute kids and a solid bromance. The action scenes were plenty and well made, cinema quality level. The comic moments were good as well, especially with the parents, who were funny and the real everyday heroes. Another thing that this drama had going for it was the character development. The lead lady was really good with her character overcoming all the obstacles and herself as well. So, the performances were really good from every actor and actress, even the kids. However, the story god boring towards the end. The love story was really weak as well. Finally, the last episode and the conclusion of the story was out of the blue . So,  out of .
Read More",내뒤에테리우스
7,"great characters, great comedy but underwhelming action
A great set of characters with dynamics that I haven't seen before in other dramas with a strong, smart female lead and the most adorable child actors you've ever seen! But while the characters were amazing and hilarious to watch, the action felt sadly underwhelming.

To begin with, I would totally recommend you watch this drama because the characters and their relationships alone make the entire  episodes worth watching. The kids were unbelievably adorable and stole the show for me which was followed closely by the KIS. The group of King Castle residents were seriously hilarious and so genuinely endearing. I was worried it would be one of those ""poor female lead looked down upon by all her peers for being a weary, struggling single mum"" but the KIS team were so supportive towards her and each other. I would happily watch an entire spinoff of just KIS going about their daily lives. I'd seriously love to know more about these characters.

Another thing I love is the FL, Aerin. She was so clever and so self-reliant that it was such a breath of fresh air to watch. Even though she wasn't a trained spy or anything, she's able to get herself out of situations with her wit alone. I think that's so cool and it was so fun to watch her surprise everyone. I specifically loved her chemistry with Yong Tae, one of the villains. They were seriously like Dumb and Dumber together and I loved them!

Speaking of, Yong Tae... I LOVE HIM SO MUCH!!!! That is all.

The romance was cute and a very slow burn, though also underwhelming. The chemistry between Aerin and Kim Bon was really sweet and I liked that it was slow, but I do feel like other relationships on the show eclipsed theirs.

Now to my criticism... I don't know what it was but the action scenes were so boring. They were seriously underwhelming. I think the fight choreography just seemed stiff or perhaps it was the way it was cut and edited because there wasn't any tension or excitement about them. I don't think it's the actors. They seemed able to do the fight choreography so I think it's something else. The actual ""spy/drama"" side of the story was pretty underwhelming too. I don't mind a predictable plot as long as the reveals still keep me on the edge of my toes but the ""reveals"" were just long and weirdly shot that I found myself more bored than not towards the end.

It was a fun drama overall. I just wish there had been better direction and production.
Read More",내뒤에테리우스
8,"A Comical Spy-Thriller, Though Lacking In Character Depth..
‘Terrius Beside Me’ regurgitates the classic trope seen in dramas before when the “ tough and rough” agent ( So Ji-Sub) is launched into an unfamiliar and everyday environment in order to pull out exaggerated comedy and awkward scenarios . In the case of our main lead, this manifests through becoming the clueless babysitter for the two children of his kind-hearted neighbour ( Jung In-Sun). It is undeniable a generic and ‘’subtle’’ setup between domestic blandness and oddly light-hearted fluff, yet amongst the more angst-ridden moments of the show, the balance between action and the bittersweet experiences that the characters are subjected towards often felt lacking in greater characterisation and defining development.

Our main lead and agent Bon is a definitive example of this problem. Undeniably, So Ji Sub is a veteran within the acting field, and his ability to capture the stoic, yet comical brilliance of an agent stuck in the unfamiliar environment of everyday life helping to provide the majority of the comical elements of the show. As a character , Bon is an intelligence agent, used to appearing apathetic, cutthroat and struggling to emotionally reach out to others as a consequence of his traumatic experiences when he was active in the field. Bon’s “ mission” in the beginning of the shown to collect intelligence , also acts as his first chance in a long time to interact with individuals outside of his line of duty. This is what makes the show somewhat endearing in certain comical moments, as Bon learns to develop emotional attachments with the most unlikely characters ( the children and their parents who live in the apartments).

On the other hand, a major problem with the show’s tackling of Bon as a character can be seen through turning a slight blind eye to the evident emotional and psychological problems which arose as a consequence of his backstory. Although it was understandable that the show may have deemed this “ too dark” within Bon’s interactions with the children and it would take some of the more light-hearted moments of the series, it seemed odd and a poor plot point to bring in darker themes of death, torture and emotional manipulation, without the ultimately mentioning or developing upon the consequential effects for the individuals.

This naturally draws us onto the main female lead Ae-Rin; another defining example of a character who had many traumatic experiences , but ultimately seemed detached within her responses. Whilst it is hard to truly fault the brilliant talents of Jung In- Sun, her character’s emotional responses and actions throughout the show felt greatly mismatched towards her actual background as an “ everyday individual” unknowingly caught up in this odd conspiracy.

It is refreshingly noticeable that the show didn’t rely upon the typical trope of Bon and Ae-Rin’s relationship overtaking the main storyline. Instead, the romance between the two characters is noticeably more subtle, however, it soon becomes apparent for viewers that Ae-Rin’s responses and behaviour is oddly misrepresented by her responses to her surroundings.

For a woman who has lost her husband, looking after her children and struggling to find a job early on in the series, Ae-Rin seems to neither bereave, contemplate or be emotionally affected her scenario at all. This is not suggesting that instead Ae-Rin should have a “dramatic mess” as noticeably individuals do respond to grief in different ways. On the other hand,, after its initial use in the first episodes, the storyline never truly brought up or explored the realistic element of Ae-Rin’s actual response or time to contemplate memories with her husband. In fact, we learn very little about exactly Ae-Rin married him, how they met and naturally about her own experiences growing up at all in the series- elements which would have easily fleshed-out the female lead and touched upon the more realistic elements of the show.

There are other minor characters in the show such as Do Woon ( Sung Joo) and his evident lacklustre pairing with the other minor female character and agent in the series Ji Yeon ( Im Se-Mi). Although an undeniably “ sweet” relationship progression between the two characters, their interactions and lack of screen time didn’t really engage or motivate the viewers to feel strong emotions or responses to these characters as individuals.

The other centralised characters of the show also include Sohn Ho Jun as Yong Tae , the reluctant and minor antagonist of the series . Yong Tae is often played off comical relief for a major proportion of earlier episodes, yet he surprisingly has an intriguing backstory and a deeper sense of morality which oddly grounded him at times a lot more than our main characters. On the other hand, Yong Tae’s motives and reasoning sometimes felt a little half-baked. It was supposed to obviously dramatise the plot, but a lot of coherent reasoning behind Yong Tae’s actions often felt lacking in greater depth.

Ultimately the action scenes of the show in between the light-hearted comedy and jokes was often lacklustre. By default, this should have been prominent within an action-comedy, however, the fighting sequences were often lacking in greater suspense, and the outcomes for the leads are fights or dangerous situations was often too glamourised in order to offer a “ less explicit” censorship for the network.

So, is “ Terrius Beside Me” actually worth watching? The show ultimately acts as a fairly sweet comedy with light-hearted moments, fairly decent acting and intriguing plot, however, the more profound edges of characterisation, coherent plot line and unexpected, well-written twists were lacking during the show’s more profound and moving scenes. A generic action-comedy which is undeniably fun to binge-watch, but certainly not worth watching if you’re expected a memorable and profound storyline.



Read More",내뒤에테리우스
9,"I had so much fun with this one! Usually I find the dramas with blended genres a bit imbalanced but this is not the case for TBM. The action spy drama is complimented by the comedy very well and the show itself is self aware to a certain extent which makes use of some of the typical tropes in unique ways.

However, the last couple of episodes are a problem. The spy plot did not hold its ground and the product placement was just plain ridiculous. I have no problem with it, even find it amusing but the last three or four eps here were just pure commercial and it got on my nerves. On the other hand the first ten episodes or so are amazing - the tempo is there, the story as well and the cast is out of this world.

I really, really, really loved every single character here. So Ji Sub is just the freaking best. Not only did he dig out quite solid chemistry with the female lead, but he is phenomenal in the scenes with the kids. I also liked Go Ae Rin as the female lead. Yes, she was foolish sometimes but she honestly surprised me by being quick on her feet and helping the main plot progress.

Now, the KIS is another thing. This is the purest #squadgoals. I loved how they showed the contrast between the spies and ""neighbourhood ahjummas"". The KIS sometimes came across some things/cracked some with just plain wits and the spies using all the gadgets were clueless. I enjoyed that a lot. Not to mention the Kim Bon/Kim Sang Ryul bromance.

I will for sure come back to this. Some scenes were iconic.  was nice, again, it used well the balance of the drama and was intense when it should be and playful when there were lighter parts.

All in all, I had a blast watching TBM. It made me giggle and the in the next second all tense because of the spy plot. Great drama.
Read More",내뒤에테리우스
10,"Something was missing
I liked this show enough to finish it but didn't love it. There was something missing and I cannot pinpoint it. I can, though, mention some of the things I didn't like about the show. One of the themes that ruin a show for me is too many unrealistic visits to hell's gates. I mean, c'mon!!! How many times can a person survive gunshots! I know it's the genre but still.
Another downside was the whole hidden mastermind thing. All the characters, no exceptions, are portrayed as extremely smart. Nobody doubted Director Shim with all the clues! I figured him out in the first scene which I also disliked because I lost the element of suspense.
The biggest flaw was the lack of chemistry. I love both leads and they're terrific actors. But seriously. So Ji Sub had more chemistry with Son Ho Jun and Kang Ki Young than he had in any of his scenes with Jung In Sun.
No chances of rewatching this. Got it off my plan-to-watch list and that's all.
Read More",내뒤에테리우스
11,"I Love YDG, so when I started this drama I had a pleasant surprise, which turned sour, and then disappeared. That being said, it didn't taint my view of the drama; Initially it did, but the drama was good enough that I got over it pretty quickly.

This drama was fun, entertaining, had its serious moments, and was overall a good time.

The acting by all involved was fantastic, so much so that I now LOVE Son Ho Jun, and want to watch everything he is in, especially his new drama (His story in the drama was fantastic). It was so fun watching Seo Ji Sub play a different (ish) role, it was so cute and entertaining. The children were super annoying, but had their moments.

There were only two points of the drama which made me think ""Excuse me, what do you think you are doing?"". One of those points was how the husband seemed to be forgotten a bit quickly. The second point was how she was all of a sudden a fantastic spy, what the heck is that about?

Aside from those everything else was great.
Read More",내뒤에테리우스
12,"Seo Ji Sub is back!Good news is: this drama is entertaining.
Funny enough, but speaking of funny here's come the bad news: details' lack makes the national intelligence service seems like a ordinary security company. Too many things that off. I mean, how a secret agent can say their (true) name blatantly to a (surprise! knowingly) suspected person? How can a fugitive be effortlessly(?) popular among the ahjummas with his (stubbornly) stoic act, stay unidentified? I mean, at least he can disguise himself well, if he tends to mingle with those ahjummas instead of just keep his stoic act alll along, which is make him more stand out on that apartment's neighborhood. I wonder, is this drama really about the national intelligence that related to a Nation? Despite the lack of details, they spread the humour here and there that make this drama somewhat continously entertaining in its each episode. If you looking for a comedic thriller action drama with sprinkles of ahjumma POV, there you go! You should watch this.But if you looking for a real deal scenes about fugitive vs National Intelligence Service agents kind of thing just skip this out. Even the romance scene seems like just a tomato in a burger; insignificant.Regardless, you will be spoiled by both Seo Ji Sub's fatherly charm and cool ex-national security bodyguard action (gun playing, vs fight, cool cars riding, transparent board of suspicious killer suspects, etc you name it, if this details can makes you in an awe, yes, you're in the right place, yeoreobun!). Jung In Sun is also the real deal, She portray the nuisance ahjumma perfectly. And watchout the ahjumma squad, I think they're the heart of this story that make this drama alive!
Read More",내뒤에테리우스
13,"I actually buddy-watched this drama with a MDL friend (kingsqueen - thank you for all your patience while buddy watching this drama with me!) out of extreme anticipation and excitement for seeing So Ji Sub in a new drama (I fell in absolute love with him after seeing him in Oh My Venus). This drama started out with so much comedy, mostly through the KIS friends of the apartment homes and the twin children of our MC, Ae Rin. After Ae Rin and SJS's character, Bon, meet we see them slowly build a relationship. My heart melted constantly throughout each episode in the beginning just from watching Bon interacting with the twins in such gentle and caring ways.

Unfortunately about / through the drama the plot shifts and the children are taken out of the plot, which I think was a poor decision because their presence offered comic relief and something to gush over (the children actors were absolutely ADORABLE!). Things also got much more NIS involved, with the focus being more about spies and solving the case. I don't particularly mind this, but I very much preferred the plot prior to the shift in focus.

Something that REALLY bothered me was that the writers ""killed""  particular character whom I grew to like and even though we end up finding out that that character isn't dead, I didn't appreciate the use of that trope personally.
There were also a few loose ends left unanswered, but nothing too terribly obvious, just things that left me pondering and wishing had been wrapped up better.

The soundtrack was very nice. I found that the music was well placed/timed and the music selection was appropriate in making me feel emotion during the right times. A personal favorite of mine was Shout to the Sky by Eun Sung - she has a beautiful voice and the tone is very fitting for the drama.

The main reason why I've rated this drama at a / is because it had so many sweet, lovely, and well-thought out pieces, but I don't think everything was put together and progressed seamlessly. For example, there are time jumps in the plot that are unspecified (the time jump duration is not stated) or they are somewhat random to conveniently move the plot, which I feel is poor planning and can be a bit sloppy and confusing, especially for the viewer. I am also absolutely disappointed in the fact that the romance that was alluded to throughout the entire drama was never truly resolved. There was no kiss to literally seal the relationship. And while many people might be okay with this, I really need more in a resolution to feel satisfied. And ultimately, the shift in the plot going from a lighthearted, comedic drama to a drama that became much more serious and mystery focused left me feel unsatisfied.

, a good watch and something I would not be hesitant to recommend, but instead, explain it's shortcomings as a prelude as what to expect and encourage people to enjoy it for what it is. I will personally probably rewatch many of those comedic moments (mostly found in the first half of the drama, which usually involved the twin children) in the future simply because they made me smile and gush with happiness. :)
Read More",내뒤에테리우스
14,"I absolutely loved this drama! So Ji Sub never disappoints and this is no exception. The chemistry with all of the characters was awesome, the bromance, KIS, the romance.... The kids were beyond adorable as was the interaction with them and So Ji Sub. There was enough action to keep it interesting, with a couple plot twists thrown in. This is a drama you will watch again because you miss the characters. Jung In Sun was just adorable, I hope to see her in more dramas. I really loved Son Ho Joon’s character, he was funny without really trying. I loved it when he threw in some English when he was talking, it made the character more interesting and funny. The neighborhood KIS was just hilarious! Even the OST was great!
Read More",내뒤에테리우스
15,"I enjoyed this drama, especially how it shows character development with the main lead Kim Bon and how one can soften after such a difficult past.

The story of this seemed quite intriguing and interesting and it managed to follow it in a linear way pretty well. It did seem messy at times, but it cleaned itself up as the drama went on. The whole single mother drama is not new but this seemed like nothing I had seen before as the mother Go Ae Rin was very tough. This is pretty uncommon for more recent dramas as normally the female lead is very emotionally dependant on someone, but it is otherwise in this drama.

I liked the acting in this drama. Jung In Sun did very well in portraying an independent mother, whilst So Ji Sub was amazing in portraying a cold, hurt man who was wanting to change.

I would recommend this drama to anyone who is wanting to watch a lovely rom-com with serious matters intwined within. :)
Read More",내뒤에테리우스
16,"Best Kdrama ever!
The cast, story, plotline, suspense, romance is perfect for this. I'll admit, the first episode didn't grab me, but I was hooked from the rd episode. I liked it because it also because:

- Main leads were not their first love
- They weren't childhood friends
- No love at first sight (Lmao he got a nosebleed at first sight)
- The FL had time to mourn her loss of her husband. I know the show didn't say too much about that, but she had to stay stron for her kids.
- The ML fell in love with the children before FL lol.
It's so underrated though!
Was this review helpful to you? Yes No",내뒤에테리우스
17,"Let me say that the idea behind the show is quite fun, family/ spy thriller drama where the main secret agent is working as a baby sitter to gather information, bless him.
All the parts about the K.I.S group were great, there investigation techniques and the serious way they navigate daily life was exciting to see and very relatable as well, especially the power a group of Mom's on a texting app can possess and their ability to influence each other, let alone how funny they are. Their scenes were always fun to watch really, and surprisingly they were smarter and more thorough than the secret agents' society,
When it comes to the Acting, not a single actor disappointed me, maybe Ra Do wherever it's an emotionally intense scene, but he was charming in all other aspects, so I can let that pass.
However, as an average person I could see that the serious stuff were done half-heartedly as I felt I was watching an early 's Asian show, a lot of plot holes and stupidity, the professionals are acting like no one can see them while they're carrying a mission, even though we know the professional agents can't act so recklessly, they hang around the same places all the time even when someone pretends he is dead, he comes back to where he was and trots around freely assuming people will not recognize him, that's only an example.

this is a show that's fun for its family value great acting and characterization,, but underdeveloped and half-assed when it comes to the serious aspect, totally unforgivable considering how developed the Korean Drama's are now in the crime, spy, thriller genres. However, if you don't want to be too serious and involved in something and just watch it for fun, this is certainly the show for you, and your family, they will love it.
Read More",내뒤에테리우스
18,"Spy on meh
What a mess. A cute and enjoyable mess, but a mess nevertheless. Terius behind me is clearly a comedy, through and through, to the point that there's a chance to laugh even to the more serious aspects of the drama. If you're expecting a spy drama of sorts, I highly suggest you find yourself a safehouse somewhere and hide from this drama alltogether : the focus is elsewhere. As it happens, that's also the enjoyable bit : a sweet comedy, relying on a spy background to provide quirky scenes and situations (still with some action, bland as it was), and misbehaved cute children for some endearing moments.
So here's a spy trade secret to enjoy this drama : don't expect anything from the scenario, overly simplistic. It's merely a pretext to the scenes and situations mentioned previously. It's still enjoyable, but way too weak to entertain even the less experimented detective tv-show fans.
Along with the bland and predictable twists of this script comes the sentiment of unrealistic behaviors the show gives off, quite often. It may not exactly be a serious issue - don't forget, it's almost a comedy - but that still could affect your ""immersion"" into the show. At times, the unprofessional and idiotic behaviours from the members of an intelligence agency (emphasis on intelligence) could most likely ruined the entire emotion that the scene was supposed to provide.
Eventually, what remains enjoyable in this show is, in a single word, relationships. The interaction between the main leads and their support. From the extravagant but honest housewives information network, a mother and her children, a spy and these children, and eventually everyone that cross their path. The relations between a single man with an extraordinary but lonely life into the ordinary life of a friendly widow.
To that aspect, the performance from both the main actors (equally, despite what others may say) and support was quite good, and maybe even slightly better from the support characters, since an important part of what makes this drama enjoyable, clearly comes from the tenderness, the cuteness of their respective roles.
Since these relationships and the feelings that followed were to me a better and more enjoyable surprise than the investigation scenario itself, I can't exactly spoil the only bits of enjoyment this drama could provide to you, so ...
it's up to you if you care enough to follow Terius, moving behind him and past this review autodestruction in  sec.
Read More",내뒤에테리우스
19,"Just an okay drama.
The first half of the drama was really good but unfortunately it did not keep up with the excitement in the second half, although it was still watchable. I really liked the plot and the pacing of the whole drama felt just right. There is nothing much to say, it's a really refreshing drama. The performances were really good especially from the kids, they really kept me invested through out the drama. To me this is not a romance drama, the closest the leads got were touching noses so do not go in expecting romantic scenes.  I don't regret watching this so I would recommend.
Read More",내뒤에테리우스
20,"It's never not pleasing to watch So Ji Sub and it's no different in this light, action drama.
There's comedy, thrills, mild threat and some violence/blood, but nothing too graphic.
Whilst an enjoyable watch, none of the cast were stretched, but still gave us likeable characters and so many possible villains that working out the main baddie took some time.
Very little on the romantic front, but watching Kim Bon's heart get thawed by the adorable Joon-soo and Joon-hee was cute.
Loved Yong-tae and the very capable KIS members.
Was this review helpful to you? Yes No",내뒤에테리우스
21,"A BEST DRAMA FOR STRESS RELIEF
This is my st review on MDL. I choose this drama to be st because I felt amazing seeing it and not bored even th time.

I really loved how a military person babysits the twins and even for such a trained person its hectic to raise twins. I liked the way the housewives formed a group and became detectives of their own world.
The character of heroine is amazing who knows how to live in any kind of world and escape from dangerous situations.
The bond between members of apartment was soo cool who are supportive and share everything with each other.

their is no particular romantic moments between lead roles but bond could be explained. If planning for romance this is not the cup but it is entertaining excluding some episodes in the last are bit boring for rewatch.
Read More",내뒤에테리우스
22,"Short: Great fun, good spy action, good rom-com action, good sound track, great acting and some a couple of nice twists make for a fun time. Combine it with a super-satisfying ending and you've got a great mix :)

Detail:
Honestly don't think I found anything off-putting or out of place on this one, it was just well paced throughout and they nailed the ending of each episode perfectly to make it that much harder to go to bed at am, so, yeah, thanks for that production people. :)

So Ji-Sub the fugitive secret agent on the run, as a babysitter. If you're thinking it sounds like that ""Kindergarten Cop"" movie then don't, it really isn't that at all, Ji-Sub's character drops right into the role of being a great caregiver for the amazing two kids - it might have been nice for this to have been explained somehow, e.g. grew up with smaller siblings and flaky parents or something - but I didn't feel the omission of explanation was that big of a deal.

Jung In-Sun as the mother, comes off initially as the pinball in a furious game being pinged around a bit and suffering all kinds of problems whether it's her husband passing away or the drama of a  million won handbag - but actually while her character is seen to worry and lack confidence as situations arise what you find is that she's not afraid to face anything head-on. She's smart and nothing can stop her, even her own fear. I enjoyed seeing her overcome each of the trials put in front of her.

The two kids, wow, they were awesome!

The story moves at a reasonable pace as the game of cat and mouse proceeds, it certainly never got stale. There's some good mystery in there ""who is the mole!"" which was played well and I don't think it detracts too much from re-watching it either, in fact a second watch knowing how it all plays out is probably a recommendation anyway just to see if from the different perspective.

The other spy drama I watched recently was Man To Man and honestly I rate this one as better - although I enjoyed both I thought this one was better overall and nailed the ending perfectly, where Man To Man I just found had an unsatisfying ending.

Definitely worth a watch!
Read More",내뒤에테리우스
23,"from the first episode everything is predictable for me what is fun to watch this is that female protagonist character , child artist, and the supporting character KIS/neighbors/society who are fun loving , aware of their surrounding , and more active than NIS agents to solve anything .

this show remind me INDIAN show "" KABHI BIWI KABHI JASOOS""

from the first episode i knew it who is villian and where the story going it so i can't say story/concept is great it have some loopholes even a child can pick out .

its OK OK drama :)
Was this review helpful to you? Yes No",내뒤에테리우스
24,"Watch it for a handsome babysitter
I have mostly seen So jisub in dark roles , This one still being dark can make you laugh , without even saying anything ! Thats the power of so jisub !
Jisub plays a handsome NIS agent/babysitter and he plays them both with utmost conviction ! he will just make u laugh with the way he turns his head ! His time with the kids is thoroughly enjoyable ! The KIS mommy squad is super entertaining .
Actually KIS seems better than NIS :D ... Plot holes definitely exist , but then its fine !

The only thing that annoyed me was the FL character . She was too nosy ... the writers could have given her some good reason to barge into , then probably people would not have hated her ! By this i am not commenting on her acting skills , she was exemplary with the part she was given ! but no one would want an FL who annoys u to this extent ! ;) and then suddenly she became very understanding ! This would be the only flaw I will report wrt this series .

Happy Watching !
Read More",내뒤에테리우스
25,"For So Ji Sub
I know I’m late in that I just watched this show (in ) when it came out in . This drama is pretty good but there are some things that I don’t really like about it.

Watch because:
-So Ji Sub. He really carried the show. He was very charming and manly.
-There are funny elements in the show that made me lol. Some parts are cute!
-The supporting cast is supportive of the female lead. No backstabbing from the best buddies. Best buddies were the stuff of dreams - supportive, helpful, funny.
-This drama is not too heavy in that it doesn’t leave the viewer feeling troubled, disturbed and perhaps, even frightened.
-There is suspense in the show and the show is quite fast-paced.
-Happy ending!

The stuff that I didn’t like:
-The female lead could be a different actress. I don’t think she fully suited the role. I don’t think she did a very good job.
-The female lead didn’t seem like a very good mother in the show.
-The two kids could be different too. They weren’t cute. They were annoying and I cringed whenever they appeared.
-Some parts of the plot weren’t well-linked / didn’t make full sense. (But well, drama is drama.)

, this show is watchable. It’s just  episodes at half hour each or  episodes at one hour each. It’s much better than a lot of rubbish that’s out there. If you are searching for a drama and don’t mind an ‘old’ drama while waiting for this year’s releases, you can try this drama.
Read More",내뒤에테리우스
26,"A verrrrry slow starter for me, but in the end, very enjoyable
I watched about  episodes of this months ago - maybe a year - and abandoned it. I could not get into the story of a cold and mildly nutty bloke living next to a recently widowed mother of twins, who were sweet but annoyingly shouty and up to mischief, and she herself was apparently irritatingly naive and a bit hopeless. I struggled through  or  eps and then jumped ship.
I returned despite a few reservations, and didn't bother trying to rewatch the start. Quite frankly I would not have been surprised if I still found it unwatchable. However, it seems that it was pretty much just at THIS point that things actually started happening and some of the earlier irritations were at least partially explained, or faded more or less completely.
This time around, a few things fell into place and I found it fanciful but enjoyable. I began to get to know each of the varied characters slightly better and some of the irritating things stopped happening or became understandable. The nosey neighbours who appeared so intrusive and judgemental were revealed as real friends, willing to be vulnerable and reveal their secrets or follies to console each other, but also to take real risks for each other.
I can't say the denouement and the revelation of the real dark master behind all the horrid stuff came as any surprise, but that really did not matter at all, and I admit that the identity of the other ""man in the shadows"" was no surprise either. Well, what I MEAN is that I recognised the actor from his vice, his hands, and a very dark and shadowy quarter silhouette of him that read more like a line drawing of simply the edge of his face simply confirmed it. Smug little me. On both counts.
The FL continued to be a bit irritating at times, a bit clueless even though she proves herself to be full of courage and determination, and much more capable than she at first seems. It is a dislike of mine in dramas, to see women who are home-makers and mothers portrayed as inept in the wider world, and needing a man in order to function. And yet, despite the growth of this character, her normal demeanour remains much as it was early in the series. She did, thankfully, become more likable , most of the time.
The ML is, well, lovely. He thaws completely, and warms those around him, becoming friends even with the King's Castle Mafia - such is how I think of them. The way that all his relationships develop is delightful, mostly conveyed in very few lines. It's very clever acting and extremely well played. I loved the growing man-crush, too, especially that nose-nose moment. Beautiful and confident work from the writers and cast.
Speaking of relationships, however, I did not get much chemistry between ML and FL. In earlier episodes she was still too close to her husband's death for that to be appropriate, but even though you could see moments when it should have been developing, later on, ... nah. There was much more chemistry between ML and the kids - beautifully written and played by all three of those actors.
Personally, I suspect that the FL in this case was perhaps the victim of some sort of reconstituted virginity myth in Korean culture. Mums are never seen as fully functioning women, they seem only to exist only as carers and feeders for their families - it seemed that this was in play here, and the drama is much weaker for it, as indeed is the personality of the FL.
, there were niggles throughout this drama, but it was still enjoyable enough to keep my attention.
The plot - well, it's full of holes, and a lot of nonsense, none of the numbers in my head made sense (how is ANY of this secret ""government work! funded or reported on? what is Terrius actually LIVING ON in that apartment in the incredibly unaffordable Seoul? Does anybody actually do ANY work?) but that's OK. Let that nonsense go, and you should have a pleasant enough time looking at pretty men doing ""thinky"" acting or fighting each other, or have a blast laughing at the angst and struggles of some of the other characters going through the circus of life and keeping up the appearances they feel they need - until they don't.
That reminds me, there are moments of light comedy, some of which are actually funny, and they leave quite a warmandfuzzy feeling. Early examples, like when we are supposed to find the FL ridiculous (I think) are not funny for me, but the other residents do offer many mild moments of fun, as well as some quite moving instances of real understanding. They remind me a bit of Shakespeare's ""chorus"", minor, often stupid or ridiculous characters who actually can hold the key to what is important.
The music - never important for me ... the best film music is such that you should not really notice it, unless it is evoking some internal processing on the part of a character. Here, it wasn't bad, but I did find it intrusive at times, which is not a good thing. In the end, apart from the worst of it, it was mostly pretty meh for me.
Well worth watching this series, but you may need more patience than you expect in the early episodes. I hope you enjoy it.
Read More",내뒤에테리우스
27,"Solid Drama with adorable scenes
Hello there!
This Drama has a ordinary  nothing special. It isn't bad, but it isn't that good either. The  is simple and most of the Twists are predictable. But what made this Drama kind of good was the comedy and the cuteness. Specially the two children had much cute scenes that were just adorable. Plus considering theri age they acted very well, I was really impressed! There is also a little bit of romance, but not that much. The Drama focuses a lot around the genre Thriller.

Like I mentioned, the acting was superb! Not just the Children, also the two main Actors did an incredible job. In my opinion the acting was the best of this Drama.

The Ost wasn't that great, but this is for everyone different. Maybe you gonna like it.

I think the only Reason to rewatch this Drama would be the cute scenes. If you like such Dramas than you will defenitly enjoy to rewatch it.

I hope this Review was helpful and if you are gonna watch it I wish you vey much fun!
Read More",내뒤에테리우스
28,"its pretty good one
i completed this drama yesterday .And i watched this because of the genres . Even though this contain action , mystery investigation, still it has a light side to it .The way the ML and FL meet ,the character development throughout the story ,the way ML involved in the daily life of FL....the way he protects her and her quirky nature will make us to take a seat and watch it..
and there is a local squad group ,who are there to help the FL throughout the story.

if you are looking for a thriller ,mystery with a bit of humor and romance its for you....

the casting it worth mentioning....
Read More",내뒤에테리우스
29,"Needed more romance
This drama was def a lot better than I expected it to be. Lots of comedy, action, bromance and even heart wrenching moments. Just wished they added more romance storyline between the main couple. It was obvious that the writers wanted to head there but for some reason held back on that storyline. So Ji Sub’s interactions with the kids were chef’s 😘. The neighborhood ajumma “spy” network was absolutely hilarious and so on point. The bromance between Kim Bum and Yong Tae was def unexpected. Wished there is was a S.
Was this review helpful to you? Yes No",내뒤에테리우스
30,"This is such a cute drama< I love all the cast especially the children they are the cutest thing ever. I definitely recommend watching. the kids scene brings me happiness and I'm sure it will to you too. The male lead I love him so much and he does such an amazing job at acting. I love the entire cast. Oppa FIGHTING! The show always keeps me on my feet. I Just finished watching one of the episodes and I'm always looking froward to the next one. I think the kids are all so adorable. Last but not least, people are always saying how ""oh her husband just died she shouldn't get into another relationship so fast"" which I understand what they meant by that. But people have to understand that this is a drama and this is how the plot is suppose to go. Regardless please guys support the cast they are doing an amazing job< for those who also subbed this I'm super glad and thankful lol
Read More",내뒤에테리우스
31,"OMG !! This show was everything I hoped for -- So Ji Sub.. the elite spy being helpless in the face of adorable teeny kids & ahjumma spy network! Hahaha! I lurved the ahjumma spy network & how they invariably AND inadvertently got info faster than the real spies! :D

I only wish the actual spy story side of the show had a stronger plotline.. cuz when Go Ae Rin or KIS or the Joon-Joon twins werent in the scenes.. it got really boring really fast.

My recommendation would be to fall in love & enjoy the first - episodes & then sort of zoom through the last few spy-heavy episodes for completion sake! :)
Read More",내뒤에테리우스
32,"just completed this drama and i must say that this was a really good and entertaining one! so ji sub was amazing as always... His relationship with the kids was soo cute!!! jung in sun portrayed her character really well and she's sooo damn beautiful.. joon-joon were the most adorable kids i have ever seen on screen and they acted soo well... the nose-nose thingy was soo cute! especially when so ji sub does it to jung in sun!! for the first time i wasn't bothered by the fact that there was no romance in this drama.. their friendship is a ship that will forever sail! the KIS was amazing too... the storyline kept me hooked from the beginning to the end! son ho jun was another remarkable character... the guy who played ra do woo is so handsome! the OST's were pretty good too... and that was a really good way to end a drama... i really wish we could have got an insight on the mission that was given to them in the end!
overall i'd rate this drama a /... HIGHLY RECOMMENDED! WORTH THE WATCH!
Read More",내뒤에테리우스
33,"This took me by surprise. I didn't think it would hold my interest, partly because. although So Ji Sub is an excellent actor, he has never been a favorite of mine. But the combination of outstanding acting, excellent writing and spot-on direction turned this into an engaging story with characters it was easy to like and care about. There were ample laughs without it becoming a farce, and by the end of it I was eagerly anticipating each episode. It's a great balance of romance, espionage, humor and drama, And I can't say enough good things about the cast. Watch it of you want something that will not depress you and you will find yourself truly entertained.
Read More",내뒤에테리우스
34,"I will keep this sweet and simple. When the poster for this drama came out i was expecting a dark spy/ political drama . HOWEVER this drama went beyond my expectations, with the perfect touch of comedy, action and drama it really deserves a Thank you. The whole cast did a great job, such a great job that I even fell in love with the villains. I would Absolutely recommend this drama to anyone who feels like laughing and feeling anxious at the same time.

:

I will not spoil it but the spy story mixed with the nanny story was a nice twist..... I personally would have like to see more spy action scenes e.g. fighting scenes.

:

/ not a single person was lacking in their role, all portrayed their character in such a way that you will either love them or hate them.

:
Personally I can not remember much about the OST...maybe because I did not focus on this.. so I can't say much.

:

Recommended
Read More",내뒤에테리우스
35,"it was epic
now if you watch it most people would agree with me it was worth the time, we get to see So Ji-sub as the dashing Kim Bon who is a spy and a babysitter, and thing get more fun when you add Kang Ki-young to the equation. If you had ever seen Kang Ki-young in a show he is always there to make the show more worthwhile to watch because he is the comic relief and he ain't the only one the other one is Son Ho Jun especially when he switches side to good and call Kim Bon (So Ji-sub) ""brother"" was extremely hilarious. The other characters also bring the show to life there is no extra drama, by far this was one epic and amazing drama hat off to the creator's actors, actresses, and staffs for creating this masterpiece
Read More",내뒤에테리우스
36,"So...where's season ? I badly need one.

This drama had a perfect mix of seriousness and comedy. I can't believe how much i enjoyed and laughed everytime the characters did something silly and unpredictable.
The action was good, but there wasn't a lot of romance and I somehow feel that we didn't really needed more of it. I mean,i was more focused on the missions and i didn't even think about the leads kissing or even hugging. This is a first in a drama. It was wrapped nicely and i wasn't mad at all.

,it was a pleasant watch and one of the best dramas of . % recommend!
Read More",내뒤에테리우스
37,"While the romance isn't as much as I would've like it to be between the leads, I still like the drama overall. It has a good storyline and also slowly clear the HUGE misunderstanding from start to finish between Kim Bon and the other characters. The parent characters in the KIS and the little kids are what makes this drama very funny. You'll enjoy it even if there's not much romance between Bon & Ae-Rin.

: While the romance isn't as much as I would've like it to be between the leads, I still like the drama overall. It has a good storyline from beginning to end and also slowly clear the HUGE misunderstanding from start to finish between Kim Bon and the other characters. The story flowed at a good pace.

: Who would've thought So Ji Sub can beat people up and be funny at the same time. Every character played their role fantastically. From the parent characters in the KIS and the little kids, which makes this drama very funny, to the evil villains whom you just want to hurt.

: Beautiful osts. Loved every song and have it in my music playlist.

Rewatch: I would rewatch it if I couldn't find another great case solving comedy like this one.
Read More",내뒤에테리우스
38,"An undercover super charming watch !
I’m trying to fault the secret agent baby sitter drama that is Terius Behind Me and I’m really failing . I’m also trying to see if it’s worth a lower mark than  but it really isn’t .

This is such a tight watch with fantastic pacing oozing with subtlety.

It’s quite the grown up drama exploring grief , debt , parenting and grown up love that encourages and doesn’t infatuate. I found this drama to be such a wholesome watch that felt like a nice cup of chamomile tea .

It is also a spy drama but the plot point is not too dark or overwhelming and was done quite nicely .

The supporting cast , I found, really shines in this drama and the way their stories were woven into all the elements made the drama feel very well lived in and expertly directed .

Not a single actor to fault too ! Great chemistry abound with every component of the cast .

My only fault is that this drama really restrained itself because it would have been truly excellent. Otherwise , Terius Behind Me is not exceptional or entirely special but it is truly charming and worth a watch !
Read More",내뒤에테리우스
39,"
This show was very interesting, it kept me excited for the next week to come to watch a new episode. I liked all the characters. Kim bon was absolutely adorable with the twins, I was always looking forward to their scenes together. The KIS ladies (and the dude) were iconic.

The plot was engaging but some parts were kinda predictable such as who was the real villain.

The thing I was dissatisfied with was that the romance was minimal which was one of the things that kept me looking forward to see a new episode every week. I wanted to see the progress of their romance, it was going well but then it didn't go all the way...that was disappointing to be honest.

Well despite that, it's overall a good show and I recommend it. If you expect a lot of romance don't. But if you don't mind the lack of romance go ahead.
Read More",내뒤에테리우스
40,"First, I actually chose this drama because I wanted to see so ji sub taking care of children. And because I'm curious about acting So Ji Sub in the action drama. Because JI chang wook usually did it and well known with his action's acting. It turns out, so ji sub did it really well and cool !! Dabong !! In Here, so ji sub as Kim Bon also shows his fatherhood figure. Not only that, kim bon is a spy with good fighting and full responsibility with a case that he is involved in. It would be amazing if have a husband like him who is very reliable and can do anything. Unfortunately, only one lack from this drama is romance. The romance is so intrinsic that there isn't even a hug or kiss scene huaaaaa ☹. This drama Starting from having the same wound because of losing a loved one in one ongoing case, finally bringing Kim Bon and ae rin into their respective worlds. Kim Bon who is on the run and suffering because of the failed incident and his girlfriend also died in it, still blames himself for that case. slowly, he begin to rise after he became Joon-Joon's babysitter. And Ae rin as a mother who must be left died by her husband as a victim and witness homicides became involved as a spy with the code name Alice help Terius a.k.a Kim Bon for revenge the injustice of her husband's death. This drama is also very fresh because it is full of comedy from ahjumma as a KIS organization, namely the Kings Castle Information System. Like the NIS organization on a small scale, namely mothers of kindergarten children.

In this drama, there are ae rin's scenes that make me really annoyed. She has a high curiosity that sometimes brings her into trouble. Really stupid.... Arghhhh!! but in the end, she can turn into a reliable spy. Tayingita.... There are also some tense scenes, especially when Kim Bon fought with the serial killer, namely “K” who is equally strong, then when Protocol's death scene.... It makes my heart stop the beat. I'm really afraid if Kim Bon will really die from the van explosion. Maybe he thought he has  lives like a cat. Previously, he also almost died from being caught and shot, but in the end, he jumped into the river. This drama ended with the completion of the king's bag case and the truth was revealed. It's like complete the whole puzzle. Finally, this case was resolved quite satisfactorily. From the start, I had a bad feeling about director Shim Woo Chul and my feeling was proved that he was the accomplice of the mastermind in this case. He and the presidential chief of staff were finally able to pay off all his crimes .. I was also quite amazed at this drama when this scene discussed the coronavirus even though at that time it was not booming because it was still in .

The last word for you, Korean drama lovers like me. who are still looking for light drama, action, and romance. This drama is very, very entertaining and exciting. Thank you also to the cast and all of you who are involved in this drama for working hard with his amazing acting. So much worth it !!
Read More",내뒤에테리우스
41,"Nice drama ,not at all boring ,I love KIS team I think every locality should have such team ,I think it will become the first step to control the crime ..Then I like those two kids ,they are so cute and their acting make them so cute ,perfect time to play mission impossible tune ,annyong song also good .But one think I don't understand why children never ask about their father in whole drama ...As well as their connectivity with their dad also not shown.
Lead actress did amazing work .
I waited till last episode to see love story between them but the drama end with another mission.
I think that there should be second season.
I love watching this drama though there is no such special in the story but the characters through their acting didnot make the drama bore.
Read More",내뒤에테리우스
42,"So let me be completely honest with everyone, I was not a big fan of So Ji Sub before this but oh boy this drama made my mind to turn a complete  degree! I started watching it because I loved Jung In Sun in Eulachacha Waikiki and everyone should agree that she simply slays as a badass single mother.I hope I got a wife like her for real she is damn cute.

Now what makes this show so enjoying to watch:-
The hilarious scenes hold each and every episode together moulded efficiently with the seriousness of the plot.I laughed so much in all the scenes almost equivalent to Eulachacha Waikiki (the best korean sitcom ever).
The use of M.I. theme and one time the Matrix theme caused my stomach to ache due to laughter really.
The KIS vs NIS comparison is hilarious as hell and almost all the supporting characters will do something silly or smart that you could not stop laughing ,even a kidnapping scene was so hilarious that sometimes you will smile even in serious situations.
KUDOS to the screenwriter for such smartass interweaving of comedy in seriousness.
The cute scenes of So Ji Sub babysitting the  naughty kids are a delight to watch, some people can watch this drama for this only but beware in the last - episodes our beloved Joon-Joon duo is absent for most part.

:-Its fine and has enough suspense to keep you hooked though this show is not on Stranger level when it comes to the thrill part nor the action can be compared to The K despite it being a spy drama.But still So Ji Sub has definitely the physique of a NIS agent and the hand-to-hand combat scenes were okayish.Clearly the comedy rather than action is the strong pursuit of this drama.The characters were not layered as such mostly black or white except Jin Young Tae but that caused no harm as it was not a serious drama.

:- Good and apt soundtrack is used at right situations but the OSTs are not that addictive.(depends on you taste though)

Cast:- So Ji Sub slays his role of a badass handsome spy disguised as a babysitter and every moment with him shines!
Son Ho Jun despite playing a bad boy is the scene stealer as he is downright hilarious whenever he calls Terius ""Brother"" resulting in great bromance and he simply delivers the best punchlines.
Jung In Sun had great chemistry with both the guys but unfortunately we don't get any kissing scenes :-( but still it was refreshing to see .Also her comic timing is pretty cool and she is not annoying at all and is shown as a smart & strong woman actively moving the plot forward.
Kang Ki Young just had a spectacular  cementing him as a dependable supporting character and as expected he is hilarious.
Sung Joo along with Im Se Mi were pretty decent as well. Shoutout to all the ahjummas in KIS which were the sole reason for me to look forward to every episode.

:- Hell yeah! I m going to watch again especially for the comedy bits which were freaking hilarious.

 Verdict: Its the best comedy that I have seen after Waikiki and as a light hearted family drama its a fun bandwagon to be a part of.PEACE OUT
Read More",내뒤에테리우스
43,"It was the right balance of comedy and action, with heartwarming interactions. The romance wasn't passionate, but a reciprocated concern for one another and understanding of each other's struggles; plus, the plot did not revolve around it, which I really appreciate. The story was not particularly exceptional, but it had well built suspense that carried it through the episodes.

The exceptions are where the writers took the characters and put them in usually unexpected roles. The Ahjumma intelligence system, for instance, was hilarious and sheer genius - the writers took your average, nosey neighbour and turned them to a gang of mothers (and a stay at home father) who exchange the slightest of suspicion in their elaborate network. If anything, these mothers, particularly Ae-Rin's friends, kept the show alive. Then the interactions between the twins and Terius, Terius's friendship with the stay-at-home dad and Son Hoo Joon, and AeRin and Terius were truly hearttouching.

The FL and ML were smart in their own ways. I loved Ae Rin's cleverness, actually. I hate it when writers purposefully dumbed down characters, which thankfully wasn't the case, except in understandable situations.

My complaint, which has prevented me from giving thus drama more than an , is neglecting AeRin and her children a grieving period. After her husband dies, the writers forget that his absence should result in a hole in the family. I get it: AeRin was being strong and around episode , we see her break down. But at least give us a hint that she was trying to pull herself together through the episodes before that. What's more, her children never ask for their father, and we aren't even shown that they have understood that he's gone. In my opinion, had they delved a little more into showing the loss a family goes through, the relationship between Kim Bon and AeRin's family would have had a stronger and more bittersweet taste. Conveniently forgetting to show the struggles of losing a loved one made me somewhat disattached to the characters. Delving into a character's emotion at the right time, even for a little moment, can add substance to a story. The writers lost a huge chance to use the potential of the drama.

The music was beautiful. Heck, most kdramas never fail to share a nice original soundtrack. Moreover, they chose the correct instrumental for most moments, adding to the experience.

I'm unsure about rewatching this. I reckon, to replay certain moments, I would think of watching bits and pieces of an episode, but that's about it.
Read More",내뒤에테리우스
44,"This is a GREAT comedy/spy thriller! This drama has all the elements of a thriller (schemes, espionage, betrayal, action...) plus a good dose of comedy coming at you from all angles. Although some of the supporting characters seem burlesqued the cast did a great job making it fun to watch. This drama’s main themed is the crime thriller paired with comedy and a hinted romance. Every episode leaves the audience in a cliffhanger mode, all the way to the end which, although it’s a good ending, leaves one thinking of a second season. The plot on this drama is well thought and the antagonists are not given right away unless you have a kin eye for details and a good “flashback” memory. The cast was very good and the kids were excellent, making this a very entertaining drama. Enjoy it!
Read More",내뒤에테리우스
45,"Well this drama is a nice drama to watch. Funny, touching a little bit of romance and action
The story itself is not the best one I ever watched and can get a bit boring at times but still it worked !
I really loved the supporting cast ! KIS Rules and I think they kind of saved the drama from being too ""boring""
The main leads are really good actors and children casting is good too ! Joon-Joon < the twins are cute and I really loved the Ko Ko kiss parts haha
If you don't know what to watch and want a nice story go for it the story king of let you in good mood when you end the drama. But i guess it's not a drama I would watch again and again like some others you still want to rewatch from time to time
Read More",내뒤에테리우스
46,"So Ji Sub - 'nuff said!
I enjoyed this show for many reasons.
) So Ji Sub - I've got to admit, I love this actor. I love his chiseled good looks and how he can emote the heck out of a storyline just using his eyes. This part was perfect for him, plus we got to see something a little bit extra. I knew he'd be perfect as a spy, but I was surprised how much I loved watching him with the children.
) About the children - W. C. Fields said never act with children or animals. At the beginning of this show, I couldn't have agreed with him more. These kids were a nightmare! But once they got to have Kim Bon as a babysitter, they were a joy to watch and so flipping cute.
) Neighborhood secondary characters - oh, my goodness, they were a hoot to watch! There were a lot of laugh out loud moments with them, and I liked how the writers also got them involved in the spy side of things.
) The spy team - there was good chemistry between these people. They looked like they'd have each others' backs in a dangerous situation. I enjoyed watching them, but I have to be honest, Im Se Mi and her beautiful short hairstyle kept grabbing my attention.
) Jun In Sun as Go Ae Rin - I felt about her kind of like I felt about the kids. She was a mess at the beginning, I just wanted to sit her down and talk to her about providing some discipline for those nightmare children. The writers wrote this character well, she progressed in knowledge and maturity as the show went on. Granted, she made some poor choices, safety-wise, but those choices often furthered the storyline or provided comic relief.
) Son Ho Jun as Jin Yong Tae - I kept going back and forth - bad guy? Not a bad guy? How can I enjoy watching a bad guy? He provided a lot of the comedy in this show, and every time he said something in English, it just cracked me up, for some reason.

This show seriously requires suspension of disbelief, which I knew going in. The comedy parts were very funny, the action/drama parts weren't too heavy. For some reason, I can't even find too much fault with the lack of romance (because that's what I want most in my shows). If you go into this show just for enjoyment and your expectations aren't too high, I think you'll love it.
Read More",내뒤에테리우스
47,"cuteeeee
omggg relationship between so ji sub and the kids are so cuteeee!!! I swear i want them on the screen all the time (despite I'm not fond to kids that much). And so ji sub acting? Ugh looooooveeee!! Anyways, this drama has typical, predictable yet interesting storyline that keeps me going, it’s not that heavy and not quite light either, kinda mixed of both. The storyline was good and I love every characters. It was fun and I enjoyed it a lot.

Do watch it if you need some light enjoyable drama, it will worth your time :))
Was this review helpful to you? Yes No",내뒤에테리우스
48,"I was first skeptical whether to watch this drama or not. But after good reviews I started to watch after it was completed. And I never regretted watching this drama. The best thriller and funny drama I have ever seen. So Ji Sub's moments with children was really cool to my eyes. All the actors had done their part great. There were no loose ends neither loop holes in this drama as much as I saw. I really loved how the drama was proceeded. I was afraid it might have a sad ending but it was a happy ending. Each episode will keep you at the edge of your seat. I usually fast forward the scenes with boring content but I never did in this drama. No moments were boring and everything was good.
Altogether this is a PERFECT drama.
Read More",내뒤에테리우스
49,"Cliffhangers no one does cliffhangers like this show. ???????? The previews are excellent but are full of red herrings, and the red herrings keep getting better.
The KIS gang has some secrets and the red heel lady umm she couldn't be could someone's wife could she?
The cleaner is back and Bon has been? AeRin is being ??? Now Young Tae that man is interesting sneaky, underhanded but smart scary smart. This is a prefect cast for this drama I have comedy, mystery, red herrings and action. Thank you ????????????
Was this review helpful to you? Yes No",내뒤에테리우스
50,"I'm about to give / on the story lmao. When I saw Jin Yong Tae died on that shot and heard that he couldn't survive I was like what is that why need to kill him hahahaha but on the last episode I was really shocked that he's back didn't expect that. overall I totally love this it was also good if they didn't kill K(magician) so there will be a season  because it was really great that ended as a married agent that impressed me a lot so this will be a recommended drama for the year it's good for family and friends my type! : ))
Was this review helpful to you? Yes No",내뒤에테리우스
51,"I expect to see some romance just like the masters sun.. here, no romance at all. I guess the lead lady is married and her husband not allowed her to hugs and kiss on the movie lol I watch eulachacha waikiki she also not romantic at all maybe flirty here and there ............................,...........................,...........................,...........................,...........................,...........................,...........................,...........................,...........................,...........................,...........................,
Read More",내뒤에테리우스
52,"I started this one a little late, but I am not sorry that I started to watch. I was looking forward to this series because I knew So Ji Sub was in it and I always enjoy whatever that actor happens to be in. The first episode alone already surprised me. I was not expecting a good deal of what actually goes down in the first couple of episodes. The acting is great and the directing is also on par as well. I have written a more detailed review at:https://www.dramaaddictscorner.com/blog/terius-behind-me. If you are curious about this drama just give it a quick read it may just be that sway that you need.
Read More",내뒤에테리우스
53,"First episode is peppered with some editing issue, but storywise, I am sold!

I love JungInSun from her days at Eulachacha Waikiki, and SoJiSub from Master's Sun and Venus... These two, and cute twins are so refreshing.

The side casts are doing very good job. I love KangKiYung interpretation of stay-at-home Appa. SohnHoJun, last I saw him was in three meals a day, sometimes still hard to see him in this role of a CDO of some bag importer company , but he is getting better.

Can't wait for next episode !
Was this review helpful to you? Yes No",내뒤에테리우스
