,reviews,title
0,"Edited: //
[This is my first / rating; though I tried to find reasons to rate it half a point less, there were none whatsoever.]

A saeguk outside the confines of the castle and a fairytale-like setting and focuses on the common-person's fight for rights and equality? I did not realize I needed that until I watched this. A drama that does not beat around the bush and jumps straight into action? I did not realize I needed that either.

The plot is well-executed; it moves forward without losing steam and stays true to its story line and characters. Since it was based on true historical events, heartbreak and tragedies were inevitable. I appreciate, however, that it was not entirely based on real people - that is, the three main leads we have, including their families and friends, are fictional in an otherwise non-fictional historical setting. (I cannot comment on the accuracy of the historical events as I am not well-versed in Korean history, yet this compelled me to search about the Donghak movement and Japanese takeover of Joseon. I can say I am more enlightened than before, however.) The lighter, funny scenes were never out-of-place as they always centered around the heartwarming friendships between the characters. Side characters had their own story which prevented their screen-time from feeling unnecessary; even those you might be least invested in underwent growth that justified the writer's choice to include them apart from the otherwise obvious reasons. It should be noted, there were some shifts in plot that made me dread that this drama would go south, that it was headed beyond what was meant to be the conclusion, but that never happened; the plot proved itself to be excellent, and the characters served to ground and consolidate the narrative.

Now, it is time to expand more on the characters: their growth and changes were interwoven with the struggle they, willingly or unwillingly, became a part of. To be able to see many characters of varying backgrounds coming to terms with their identities, or altering them at whim, was extremely gratifying. Their decisions simply made sense, in light of their circumstances and personal convictions. The writer also drew many parallels while crafting characters - the parallels between the brothers, with the titles assigned to them that they wanted to break free from; the parallel between a teacher and a student, with their attempt to rise from their ugly decisions; the parallel between two parties who wanted to save their country, with one man joining hands with the enemy and the other party firmly resisting. And then these parallels evolved beautifully into a juxtaposition. , it was a thought-provoking angle the writer took.

You might think I am being too generous, but I do have a tiny complaint about flashbacks in one or two episodes, since they felt needless, but what's a k-drama without those, eh? I have learned to take them as a necessary part of a k-drama recipe, so I am not counting it in this time around. (I guess I AM being a little generous.)

And need I mention how amazing the actors were, from the support to the main? Moo Seoung Choi was an excellent casting choice for Jeon Bong Jeon; the poise and leadership that oozed out of him stunned me, not to mention the sense of humour he possessed. Han Ye Ri is a subtle actress, perfect to portray Lady Song - calm, collected, sharp. Yoon Shi Yoon has a way with expressions, and they were more than suitable for a character like Yi Hyun. Finally, Jo Jung Sok made Yi Kang a lovable character who you wanted to root for till the end.

Loved the OSTs; the one by FORESTELLA often plays in my head. The BGM was not outstanding, but it complemented a good deal of the show. I especially enjoyed the rock music whenever action scenes came in. Adds to the excitement and just how cool the characters look!

I think this has great re-watch value. For one, it never drags, and the characters are so multi-layered, you want to come back and appreciate them. Despite knowing the plot, you might want to catch up on a few details that you may have missed, and certain impressive progressions.
Read More",녹두꽃
1,"I started watching this drama knowing barely anything about Korean history, which usually makes me reluctant to watch any sageuk that isn't romance, fantasy, or is just too focused on fighting and politics. I was always afraid that too much of a story like this would go over my head. The only reason I decided to watch this drama is because of Jo Jung Suk. He's one of my favorites and hasn't disappointed me yet, but this was a tough guy type of role so I still had my reservations. The first episode was good, and introduced characters well, but I still wasn't convinced I could get into a story like this. If anyone else feels this way or similar trust me and give this drama a chance. What this drama does exceptionally well is make historical events feel personal and relatable, through unforgettable characters and an equally heartbreaking and inspiring story. This drama isn't just about recreating events, it's about how these events shape every single character and telling an epic story through their eyes.

The story centers around three main characters, brothers Baek Yi Kang and Baek Yi Hyun, and merchant Lady Song, and how their lives are all changed by the Donghak Peasant Revolution. Their relationship with each other isn't a traditional love triangle, but instead, it's more about how their roles directly or indirectly affect each other, rather than a traditional rivalry, which was a much more interesting dynamic to watch. I don't want to give anything away by saying too much, but they are each so good in their roles and how they relate to and interact with each other, that they didn't need a cliché romance plot to keep me engaged. Han Ye Ri as composed and calculating Song Ja In is formidable in her role, and I loved watching her hold her own in a mainly male dominant cast. I already mentioned that Jo Jung Suk is a favorite K-actor of mine, and he does display some of his usual charms as Baek Yi Kang, but it's nice to know that even with romance playing such a minor part in the story, he is still so good! However, surprisingly my favorite of the three characters is Yoon Shi Yoon as Baek Yi Hyun. His range in this drama is amazing and award-worthy (he's really come a long way from the king of baking lol), and his relationship with his brother is the true heart of this story. I can't imagine a better possible pairing, Junk Suk and Ye Ri had great chemistry, but it's Junk Suk and Shi Yoon that got me right in the feels.

I mentioned the three leads as the main branches of this plot but the reality is that every single character in this drama is important and well played. Choi Moo Sung may have the biggest shoes to fill as Jeon Bong Jun, but even the most minor characters end up being major parts of the story, and I loved watching how all the characters and their allegiances and relationships changed with each episode. The real history makes a lot of this story predetermined but it's the individual characters that keep the story unpredictable and exciting. I wish I could name every character I loved but there are just way too many. This really is a perfect cast all around, and I love that there's not always clear villains or heroes, which keeps things from getting too predictable.

That leads me to the writing, which is truly amazing. Yes, the beginning episodes take their time setting up who everyone is, the unfairness of ancient Joseon, and what's about to happen, but before I knew it I was totally addicted and wrapped up in the revolution. I also liked how historical moments were noted to make them clear but without distracting from the story. I appreciated the details in even the side plots that made me care more and made this turn of the century Joseon world feel more real. This is the kind of story that you can definitely watch again, and maybe catch things that you missed the first time. I can see myself watching this again, now knowing more about what really happened, although knowing how it ends may make some scenes a little less exciting.

It's hard to hate a soundtrack that takes a traditional song and plays off of it beautifully. I liked the rest of the soundtrack as well and thought the music was always well placed, but some of the songs were too forgettable for me to warrant a perfect score for music. The music definitely enhanced the mood, especially during battle scenes.

, this drama is a practically perfect sageuk. It's much deeper than the usual fighting over status, family betrayals, corrupt politics, and ill-fated love story tropes that make up most dramas in this genre (although sometimes I love those too). In Nokdu Flower I loved the themes of fighting for equality, tradition vs change, struggling with identity/self-determination, figuring out what is really important in life and what it truly means to win or lose, loyalty and betrayal, and all the conflicting faces of ""patriotism""... I have no idea how accurate it was overall but I did actually learn a lot while watching without it feeling too preachy or feeling like the history channel. It's also not so heavy that the story becomes too depressing, even if you already know the history. There's a little bit of romance, great action/war scenes, even many funny moments... and the characters may be mostly fictional, but the way they brought life to the story felt hauntingly real. I loved how many of my favorite characters got the spotlight they deserved in the story too, and that the ending didn't feel rushed and really honored the history it was celebrating. Sure, the bluebird song will probably get stuck in your head for a while from watching, but it's definitely worth it.
Read More",녹두꽃
2,"I just watched this because I'm a big fan of Yoon Shi Yoon and knowing that he's just a second lead so I hesitate at first, but still! I give it a try and that never fails me. It's just that I felt really sad about how it ends. (not just because I'm a big fan but also the story and their parts) everyone did a great job on their role and the story is heartbreaking but the performance was well deserved they did a good job on that I really wish that Yoon Shi Yoon part was a good thing but... it may be a yes or maybe a no. it's just that him being Yi Hyun was all great! but, the character was really heartbreaking...
Read More",녹두꽃
3,"""The Nokdu Flower"" drama was endearing to watch. It was not just the drama of the story, but some parts of it were too slow and ended up being boring and tiring to watch.

Nevertheless, the performances were top notch. Yoon Shi Yoo was really good as the bad guy and the transformation of his character from the innocent royal boy to a rougthless politician was amazing. The ending was good as well. Another thing that worked for the drama was the intensity of the story. As it was based on true events, the drama was even more powerful.

However, other than the parts of it that were boring, the romance had only a few good moments as well. I understand that they wanted to focus more on the tragedy and less on the love story. However, a milde romance just didn't feat well.

So, six out of ten.
Read More",녹두꽃
4,"The Donghak Peasant Revolution
""The Nokdu Flower"" is worth watching and also a lesson about the Donghak Peasant Revolution history with some fictional characters mixed in the story. I wish the big Broadcasting Corporations such as MBC and KBS would make more Epic Historical K-Dramas such as ""The Nokdu Flower"" and not only making Fusion Historical K-Dramas. Some segment of population really like to watch Epic Historical K-Dramas.

Actor Jo Jung Suk that portrays Baek Yi Kang looks uncomfortable as ""The Man"". As the story progresses, he grows from ""The Man"" to the rebel fighter. Actor Jo Jung Suk performs convincingly as Yi Kang the rebel fighter that maintains the rightness of his decision to fight the Japanese Occupation without apology.

""The Nokdu Flower"" also shows the ugliness of any wars, Post Traumatic Syndrome Disorder. Actor Yoon Shi Yoon portrays splendidly as Scholar Baek Yi Hyun, the step brother of Baek Yi Kang. It is so heartbreaking to watch Baek Yi Hyun, the Candidate for a Civil Service Exam, is eliminated from the Civil Service Exam by Lord Hwang Seok Joo (Yi Hyun's teacher). Yi Hyun is even enlisted in the Royal Regiment of Joseon as a sniper. He is forced by his chain in command to shoot rebels. Subsequently, he is called ""Goblin"" and suffers full blown PTSD from the war with no sympathy.

Actress Han Ye Ri is forever a talented artist, she does so well as a Merchant Song Ja In. ""The Nokdu Flower"" shows the monstrous side of business that flourishes due to wars since merchants/business gain wealth from wars by selling or distribute materials used for wars.

The Original Sounds Tracks are excellent.
Read More",녹두꽃
5,"In my opinion ,,,,,, Nokdu Flower is a very valuable saeguk drama. This drama has a clear historical accuracy and is a drama that is enjoyable to watch (meaningful, no disappointment, such as: the ending of a hanging story or an unfinished story). Many people say this drama is very heavy? Obviously, because this is a historical drama and lifted from a true story (except for the three main characters), in general the saeguk drama is identical with beautiful scenery, colorful kingdoms or handsome princes, but ... this drama is far from that impression , I admit this drama is sad but very meaningful. In terms of the story of this drama has no disability. I really like the relationship between characters: Baek Yi Kang & Baek Yi Hyun. Gosh ... they are very close brotherhood (care for one another), even though, they are half brothers. Baek Yi Kang & Jenderal Nokdu. Describe the figure of students and teachers who are very inspiring. In fact, Baek Yi Hyun vs. Mr. Hwang. I always look forward to the story every episode. Really…. Their hostility, makes me emotional (carried away). In terms of acting, all the players and even supporting actors also performed their best acting, the actors (actors & artists) and the characters they played were very suitable and impressed me. To be honest, the main reason I watched this drama was because YSY, and I was very proud of him, how could he play a heavy character (complex) like Yi Hyun, I thought to myself as a fan, the saddest thing about this drama besides the defeat of the Donghak army is seeing Yi Hyun change, he and Jeon Bong Jun are two people who both care and dream of a new world but in a different way. When it comes to ost, my favorite ost part  by Forestella, I always want to cry when I hear it and for me it is the best to accompany a drama, the lyrics are very simple but very meaningful. So, for those who watch this drama definitely do not regret it and those who haven't watched it, then, you better watch it, I really recommend this drama because it's really worthy of you watching.
Read More",녹두꽃
6,"While I started to watch ''Nokdu Flower'' with almost zero knowledge of Korea's history in regards to this period of time, I was thoroughly surprised and definitely learned some new facts (including reading historical articles after some events happened within the series).

The series itself may be slow at times, even overly dramatic at some points and not as much action as one may wish from a drama or film, but I thoroughly enjoyed the story itself as it's most likely closer to reality and made directors really do their best to produce a proper story.

While the story was efficient and good, they did an even better job with the cast as many of the actors were a perfect fit for their position. I especially found Choi Moo Sung (when not?) and Jo Jung Suk excel at their roles.
Read More",녹두꽃
7,"A perfect historical drama for beginners to the genre!
The Nokdu Flower is such an incredible drama- and the fact that it's based on real life is even more overwhelming. To think this really happened (I don't know how accurately as I wasn't obviously alive in /) in real life, makes me even more emotional upon completion.

The drama is so amazing, the choice of cast was great - surprising to see actors I know in this drama - but then again I rarely watch historical dramas so I can obviously say this. The OST, while at first I believed to be a little underwhelming, turned out to be one of my favourite themes in a long time. The rewatch-value is a little lower than what I had thought, but please bear in mind it's more than the usual, that's literally the only reason why.

The Nokdu Flower has really made me interested in reading about this real story into an even more depth - if that is even possible? I guess I'm going on Amazon after I write this review to check it out! While I do that, watch The Nokdu Flower! You will not regret it!
Read More",녹두꽃
8,"The Nokdu Flower is not the typical Korean palace saguek drama. There is romance in this drama but it's not the main story line. The Nokdu Flower is set during The Donghak Peasant Revolution, and it is about two half brothers that end up on opposite sides during the rebellion. Baek Yi Hyun (played by Yoon Shi Toon) is the naive legitimate first son of a wealthy local government official, and Baek Yi Kang (played by Jo Jung Suk) is his illegitimate half brother. Yi Hyun has always had things handed to him while Yi Kang knows the harsh realities of the world. The cast in this drama played their characters amazingly well. The soundtrack of this drama is awesome. This drama introduced me to a great classical k-pop boy group called Forestella that everyone should check out. , I would definitely recommend this drama.
Read More",녹두꽃
9,"I've got to say, that going in this my expectations weren't high because of the main make lead Jo Jung suk....but right from the beginning he blew me away! This show is a standout performance for him and he'll hopefully be this smart about his acting career.

The story is basically about  brothers, and illegitimate and legitimate. They are very close dispute there differences. But, when a war breaks out they wind up on opposite sides. Will their brotherly bond survive?
A great historical drama!
 rating does not do it justice.
If you are not a fan of Jo Jung suk..watch it, your mind will absolutely change!
Read More",녹두꽃
10,"It's a worthwhile challenge to watch.
When I got to this drama, I didn't know what to expect. I wanted to watch this for Yoon Shi Yoon, to be honest. But I got drawn not only in its' story quite fast but even more in the story of its' characters. Especially both brothers. You can see how much Yi Kang adores his little brother, while Yi Hyun wishes for him to have a peaceful life. Even after becoming enemies, they are still looking out for each other, it's heartbreaking at times.

A lot of people take a dislike on Yi Hyun, portraying him as a wicked enemy, but I think it's very important to consider his background to get the real picture. As someone who is probably too softhearted for an era like Joseon has been back then, it's easier to get corrupted and that's what happened to him. Having a father who is indeed a manipulative Evilness, being betrayed by the one he trusted, having seen horrifying scenes leading to PTSD. That's what ultimately broke him and created the Dochaebi within him. Yoon Shi Yoon did an amazing job there, portraying the differences between those two personalities. While Yi Hyun got somewhere between lost and emotional, the Dochaebi seems to be just cold and cruel without any real emotions. Especially his eyes give away, with whom you are dealing with.

It's a drama that needs a lot of emotional investment, but I'd recommend it every time!
Read More",녹두꽃
11,"A must watch if you like true historical drama
I started to watch this drama as I really like the acting of Yoon Shi Yoon. Jo Jung Suk was excellent too. The cast acted superbly from minor to major roles. I didn't notice the music so it must have been ok because I always check it out if I really like or dislike! I really enjoyed watching this drama but had to take a short break in the latter quarter of the series because I was too upset to keep watching. However, I went back after a week and finished it. One of the things that was very interesting for me is that these events ended in , just two years before my grandfather was born. There was political intrigue and references to other major powers too. I recommend watching this but keep a box of tissues handy.
Read More",녹두꽃
12,"I love this drama ... great acting, directing, script, but I find myself wishing Baek Yi Hyun would die, I don't understand how he could do a  like that on a brother he loved so much... Episode  I found myself thinking oh no Song Ja In you're not really doing that, are you... Yi Kang will hate you forever but moreover what gives you the right to try and save him by getting thousands of others killed, cannot wait for next weeks' episode. Enjoy this a great deal after Haechi and that was I must say the best drama of .
Was this review helpful to you? Yes No",녹두꽃
