,reviews,title
0,"I've seen lots of dramas and yet this is my first review. The reason I chose to write it for this drama is because of how great it is. I always anticipated the release of a new episode, and would download it on Netflix to watch offline any chance I got. During long commutes to school or work, even for study ""breaks"".

It's plot and characters are so well developed, that you fall in love with every character, whether they were an officer, citizen, victim, or suspect (trying to keep this review spoiler free). It shows the realities of officers and the daily struggles of both becoming a part of the force and staying in it. It removes the romanticized notion of the job of a cop, as it shows the frustrating and devastating moments as well as the miracles of life. It truly gives you a new perspective of life hence the name of the drama.

This is the only drama I found myself crying right at the beginning of the episodes, and crying nonstop right until the end of every single episode. This drama humbles you in ways you never imagined, and helps the viewer to appreciate the meaning of life. While I gave everything else a score of  ( stars) I gave rematch value a  because I normally don't rewatch dramas anyways (unless it's little clips of them) but this one I feel I would want to rewatch in the future, but only once I've recovered from seeing it the first time. That being said, I've also never laughed as hard and out loud while watching a drama before.

I want to thank everyone who played a part in the creation of this masterpiece, for I genuinely enjoyed every second of the drama 'Live'.

P.S. While I often find myself watching an action or mystery drama, my preference usually is a good rom com. There is just the right amount of romance in this drama as well to make your heart flutter and your stomach feel butterflies. Of course I had to download the soundtrack because of my babes EXO, but all the songs are really amazing. I hope you enjoy it as much as I did!
Read More",라이브
1,"First time writing a review, so sorry if its not that amazing, but its truly my opinion and I loved this drama so much that I decided to do this.
So let's start....
The only bad thing about this drama?
Well it ends! :(
Best drama eveeeeeeeeer !!!
The actors were not ""super pretty idols/cute"" that we usually watch on kdramas, instead, they were just normal,
We didn't get pretty faces? We got better than that!
Amazing actors , amazing story, amazing soundtrack.
Who needs romance when you have this kind of drama???
LKS amazes me every time he is cast in a drama.
I loved every story this drama had to tell, they were more than just 'cops' , they were a huge amazing family.

I will rewatch this drama again for sure !
And I suggest this drama to everyone. You all need to watch the best drama  could have.
TVN always brings amazing dramas but this one...HATS OFF!
Read More",라이브
2,"This was probably the most realistic police drama I've ever watched. Especially since it was done as a 'slice of life' style rather than action. I had mixed emotions while watching this show, as someone that works in the law enforcement sector, it hit close to home and sometimes felt all too real. I cheered for the officer's victories, sympathized with their losses, and burned in frustration or anger with their hardships as officers. It was an emotionally full show. Lt. Oh Yang Chon and his wife, Jang Mi were my favorite characters in the show - I would have been perfectly happy if they had been the only two leads. Sang Soo and Jung Oh triggered irritation in me many times, but that could have been their purpose as they experienced their character growth from civilians that needed a steady paycheck, to recruits, to rookies in their field training period.

I'm not a Lee Kwang Soo fan, so I didn't go into this drama for him as an actor. He overacted a bit in places, but otherwise, he did a fair job playing Sang Soo, which is a departure I believe from his usual comedic roles. I think I was more disappointed in Sang Soo as a character than Kwang Soo as an actor. I do generally like Jung Yoo Mi, and she did a good job in her role, but Jung Oh was also a character I didn't really connect with much or feel much empathy for. She just was. The real standouts for me were Bae Sung Woo as Lt. Oh Yang Chon and Bae Jong Ok as his wife, Captain Ahn Jang Mi. Their marriage and careers were much more interesting and layered than the rookie officers. They are the characters that I related to and cared for. I enjoyed the side characters and they did an excellent job playing their roles. There were many interesting facets to the story.

The officers in this show are often between a rock and a hard place. I feel for them tremendously if this is really how the system is in S. Korea. Of course, some of the things are reminiscent of the way things have been going in the U.S. for the past several years. They are paid pitifully little to put their lives on the line every day, not knowing whether they will make it home safely. They put themselves in harm's way to catch a criminal only to be accused of 'brutality' when the suspect is apprehended. If they are injured themselves, then they are just abandoned to take care of it themselves. In the heat of the moment when it's a choice between taking action or being a 'coward', they can't win. The public cries out that they went too far if use of force is involved and if they don't catch the criminal (possibly being too scared of disciplinary action to take extraordinary measures) they are accused of not doing their duty and wasting taxpayers money. They are the ones that get cursed at and spit on and accused of wrong-doing just for doing their job. And their superiors can't be counted on to have their backs. Who could continue to have a 'sense of duty' in such a landmine of a job? Thank goodness they can at least count on those that are out in the field with them (for the most part) to have some measure of loyalty and support. Why would anyone want to take on a role as an officer when this is the kind of thanks they receive for protecting the public? It really makes you think about their role in society and who will even want to do this kind of job in the future. It also raises questions of how 'social media justice' plays a part in ruining people's livelihoods - there is no repentance in the age of internet. Your wrongdoings will haunt you forever - following you until the day you die. It made me very aware of the reason that the suicide rates in S. Korea are so high.


The music was wonderful and fit the tone of the show well. They had a couple of English OST's - one being Carry Me by Family of the Year, the same group that sang the song ""Hero"", the OST from It's Okay That's Love (coincidentally, also featuring Lee Kwang Soo). The other song I liked was In Your Light by Jon Allen.

I wouldn't re-watch this just due to the sheer length -  episodes running at about an hour and twenty minutes each. All in all, this was a powerful show and worth the time to watch, though.

Read More",라이브
3,"Bear in mind that I'm not a seasoned drama reviewer and only watch dramas for fun, and this will also be my first time reviewing something.
The reason I'm reviewing this is because It's freaking awesome!

This drama revolves around a daily group of cop dealing with their respective duties. It is as realistic as it can get, you don't get the usual K drama plots like dealing with a particular main bad guy here. Every episode is a roller coaster ride, you will not get bored watching this, there will be moments where you reflect on yourself and there will be moments that reminds you it's okay to be happy.

I like how they choose Kwang Soo who usually portray a goofy guy, to play a serious main lead role and show his serious side, guess what? His acting was really good here, with comedian as main job at that! (< YooJaeSuk). Some don't like Jung Yu Mi's chemistry with Kwang Soo and likes it better with Shin Dong Wook, but I prefer her screen time with Kwang Soo rather than with Dong wook, Dong wook did a good job here playing a guy who can't get over his past which is why I find his interaction with Yu Mi awkward. The other supporting character also did an excellent job, and the veteran actors like Jang Hyun Sung, Bae Sung Woo and Bae Jong Ok, really shine here, also their love story and family problems are emotional, ah and a drama with Sung Dong Il is bound to be great.

The pacing was excellent it wasn't dragged or rushed, and like I said it's a roller coaster ride, I didn't find or watch any boring scene. Each episodes are full of emotions and you can feel the characters grow mature, and develop their sense of duty as a policeman.
The Osts and background music hits right in the feels. The music always support the mood of that exact scene.
I don't have a thing that I disliked from this drama, oh wait I have one, the cliffhangers :)

All in all this is a must watch if slice of life is your cup of tea, this might be one of the best in  for me. A drama where you can cry and laugh right after! The ending was just perfect!  a /.




#ps did you get that one punch man referenceXD
Read More",라이브
4,"HALLELUJAH!!!
just when I was giving up hope on the train wreck of kdramas recently (I have dropped every single kdrama that has come out lately except for MOTHER and MISTY) along came this exceptional drama.
First of all, I just want to give big props to TVN for always producing quality dramas, one that rivals dramas from the US.
This drama reminded me mostly of MISAENG, a slice of life drama that truly depicts the working struggles of people.
I Know a drama would be epic if it touches every single fiber of my body and this drama did. I can't count on how many buckets of tears I shed for this.
The ensemble is superb, reminding me of DEAR MY FRIENDS, wherein there's no character left behind, everyone contributed to the storyline which makes every scene worth watching. Lee kwang Soo is the star for me in this, he's just raw and believable.
The soundtrack is amazing. every song is touching and emotional. I love it when kdramas use Western music, it adds magic to the scenes.
HIGHLY RECOMMENDED! it's definitely in my top three of all time best kdramas.

p.s. this drama had the best pilot episode I have ever watched in all series including the western dramas next to GOBLIN, it was like watching a full length movie almost.
Read More",라이브
5,"As heavy as this drama was most of the time, when I reached the last episode, I felt an unusual disappointment that I wouldn't have any more episodes to watch, which normally doesn't happen to me with tv shows except for a few exceptions. A Season  announcement would really make my year!

Chances are you won't agree with % of the opinions in this drama, but what TV drama ever aligns with your beliefs perfectly? This show handles a lot of difficult subjects with a strong sense of justice and caring. I think my favorite was how it handled the tricky and traumatizing area of sexual assault. I really appreciated that.

My home country suffered from a very corrupt police system back when there was a war tearing it apart, and the country I live in now also has a turbulent relationship between the police and public. I think that's why I like shows like this, that give me hope that no matter how corrupt, there are still officers out there doing their best and fighting to change the system.

At first I was unsure how much I'd like the romance between Sang-su and Jeong-o, but by the end I was smiling at what a warm and sweet couple they were. A really gentle, close relationship that makes me happy to see. Not to mention the secondary couple, struggling to regain lost love after a divorce, that made me tear up a couple times.

As for the acting, it was just excellent. I walked in here a fan of Lee Kwang Soo, yet I was still amazed at how well he did in a starring, serious role. Please give him more opportunities. The actors for Oh Yang-Chon and his badass wife, Jang-Mi, blew me away with their emotional range. And Jeong-o did great. Honestly, there was not a single actor here that didn't do amazingly in my eyes.

I started streaming ""For You"" after hearing it so many times in this show. I think this is a memorable and deeply emotional, hard-hitting drama that manages to stand out from many other police dramas just by how much it cares. It's not perfect. But it's pretty damned good.

Read More",라이브
6,"I'm not a cry baby. Nope, I'm not. I laugh at people crying at tv shows and movies. So, tell me why I was ready to turn on the water works in episode ? I loved..no LOVED.. Live. It was excellent. One of the best if not the best ensemble casts I've seen in a Korean drama. They could hold their own against any cast from any nation.

Live depicts the lives of rookie cops and their mentors and how their work and family life intermingle. The writing was excellent. I did not know what to expect when I started watching it. When I first heard of Live, it was listed as a comedy. It is not. If I had to catergorize it, I'd put it under slice of life. Drama. Comedy. Action. Romance. It's all in there. It has many scenes that will make you smile, but it also has several that will make you sad and even anger you. The writers did a great job at balancing the emotions and climate of each episode. Was it % perfect? No, I'd be lying if I said it was because nothing is perfect. However, the story is well told.

The story is also well acted. Wonderfully acted as a matter of fact! The male leads were played by Lee Kwang Soo and Bae Sung Woo. Now, I will confess that I watch everything Lee Kwang Soo because I think he's an excellent actor and not respected enough. He has never failed to entertain me. I've only seen one other drama Bae Sung Woo has been in and I don't even remember him. Trust me when I say, I will remember him now. Lee plays rookie to Bae's seasoned vet. The  clash from the beginning but their relationship develops into one of mutual respect and friendship. The female leads (Jung Yoo Mi and Bae Jun Ok) are also Korean officers, which is uncommon in Korean drama. They're both strong willed and determined women who don't back down. There's a marvelous scene of Bae Jun Ok confronting the all male hierarchy in the police. It was beautifully brillant! The rest of the cast is peppered with seasoned scene stealing vets like Sung Dong Il, Jang Hyun Sung, Lee Soon Jae as well as some and up and comers to keep an eye on.

Usually, I hate how music is used in most dramas. I have to admit TVN music editors do a pretty good job. I did get tired of hearing the same songs, but they weren't played for what seemed like  minutes at a time while we re-watched scenes we just saw. I was surprised the main song(s) weren't by Korean artists, but they fit with the characters and the atmosphere. Thus, I believe, they were good choices.

I'm also not a big re-watch fan, but I am honestly ready to marathon Live again right now. I hope they do a sequel and not make the mistake of hiring a brand new cast. * fingers crossed *

There are some dramas that end perfectly with about  episodes; some that you wish did end with  episodes; and some you wish had a few more episodes. Live is the latter. If you like cop shows that delve into what happens in the precinct and the private lives of the officers, then you should be watching Live.
Read More",라이브
7,"I think this drama is one of the korean greatest drama of  because the acting of the cast, the way they portrayed it was so great, the story was a bit off for me because my preference is romantic comedy but overall the story of this drama was great. Thanks to the hardworking cast and production crew of this drama without them this masterpiece is worthless. And of the reason why I watched this drama was because of Lee Kwang Soo (The God of Variety Shows) < I'm a fan of Running Man that's why all of their works, I'm supporting it.

For those who want to watch this, this drama was great ^_^
#ForeverRunningman
#
#//
Read More",라이브
8,"I think drama fans over the last few years have all grown a bit tired of genius police officers in their super duper special forces chasing serial killers with a seemingly unending budget and little regard for the law. Going strictly against that trend is this slice of life drama about some regular ass patrol officers who deal with the more common everyday violence on the streets of Seoul. It's more slice of life in the way American cop and medical shows are, with a big casts of characters, with bigger and smaller cases that span a few episodes with personal developments for the characters happening alongside them.

Han Jung Oh (Jung Yoo Mi) is a police woman that actually *gasp* does that job for the paycheck and doesn't feel some higher calling to wear the uniform. Pragmatic, but delicate with a hunting backstory that is the heart of the drama and the themes. It's not surprising that not just one, but two of her coworkers are smitten with her, but only one is able to deal with her heavy back story.

Yeom Sang Soo (Lee Kwang Soo) is a tall dorky idealist who might be a bit too naive for the job. He does that job for the paycheck just like Jung Oh, but it's a bit harder than he first thought. He finds himself attracted to Jung Oh and is persistent in winning her affections.

Ahn Jang Mi (Bae Jong Ok) and Oh Yang Chon (Bae Sung Woo) are a married couple of police officers who find themselves on going through a downward slope in their marriage. Jang Mi is the real highlight of the drama, tough and and equally full of heart. Dedicated and hyper competent at her job, but also a caring daughter in law to her father in law to whom she is closer than his own son. Yang Chon is a supremely unlucky, but also hard working police officer who is going through some shit, some stuff self-inflicted and also some that isn't.

I think every drama fan familiar with Noh Hee Kyoung winced a bit, hearing that she was teamed up with her long time partner in crime Kim Gyu Tae who for some reason is filming everything in hyper close ups and saps the rawness and emotion out of her scripts to a hyper polish. But thankfully he's finally found out the zoom out function and did a surprisingly competent job and let's Noh Hee Kyung's writing shine.

The highlight of the drama is the whole team spirit that develops among the police officers, I especially enjoyed the relationships among the veterans and the new recruits of the force. The chemistry among the actors was mostly great and I especially enjoyed the friendships that developed among the team and how they worked together on the cases. It's a realistic and raw look into the profession that goes against what is usually portrayed. It's also good to see that the subject of sexual violence has come to the forefront in quite a few dramas in recent times. It doesn't hold back and doesn't just show the immediate aftermath, but also the trauma down the line that victims have to deal with their whole lives.

The love triangle I felt didn't quite belong and seemed quite forced. I didn't feel like Jung Yoo Mi and Lee Kwang Soo had the chemistry necessary to make it work and I think that Lee Kwang Soo just isn't leading material. He doesn't have the charisma or screen presence to be the leading man and I feel that he was miscast here, coming across as pushy instead of charming. Jung Yoo Mi on the other hand was a great fit for the role. While the main love story just wasn't working for me, the one of Jang Mi and Yang Chon while quite unusual and unglamorous is also starkly realistic and made up for the main couple not being my cup of tea.

 a breath of fresh air, with some casting missteps, recommended for anyone that loved American cop shows and anyone that's sick of the usual Korean cop dramas. The no holds barred realism present in this drama, is not too often found in Korean dramas and should be cherished.
Read More",라이브
9,"
an amazing and realistic drama
the story is so soft and touching and the way it shows the struggles that these police officers are dealing with in their work and life is so powerful and great.
I loved how the story didn't make a big deal of the characters past life to just passing time.
on to the cast, I loved how they weren't all dreamy looking and they were all actually normal which was a great fit to the story and made it more lifelike.
the acting was very well and the music was soft and good
for me the story was pretty ongoing and it didn't make me tired of watching and the way it pictured the life as a police and the rules that must be obeyed on the job was very nice
I didn't know a lot of stuff and rules that a police in Korea must obey and I actually learned a couple of things while watching so if you looking for something real and good
""Live"" is a good choice to watch.
Read More",라이브
10,"I have finished watching this and I can't forget it. I laughed, I cried. Why doesn't Netflix have ratings? It is so strange but the most beautiful part starts with a marriage on the edge of divorce. On duty and at home Jang Mi and Yang Chon gave more meaning to commitment than any other story anywhere. Is this a Korean thing?

These police officers are making impossible choices serving a society that doesn't much respect them. Unlike most cop shows, violence against girls and women wasn't some sick eye candy to keep the plot going, but it was heartbreaking. The young leads find out how much you need to have a good motive behind your actions. Sang Soo clearly shows the underlying message of the drama, that men and women can still have faith in each other, which is a rare thing to see today.
Read More",라이브
11,"Best crime/police drama I have ever watched. Its story is simply incredible. Nothing special or unusual happen in the drama, but it was just showing how a police officer's day looks like. While taking care of drunkards and criminals, every officers have their own life and struggle. The drama doesn't show a clear message or justify things, but it just reminds us that police officers have to ""live"".

: Unlike other police dramas focusing on detectives and details of the crime, this show focused on first respondent police officers. Every person has a unique background, motive of becoming a police, and a family. Like the title is this drama showed the things they go through every day to ""live"", and ""survive"".

: They really looked like police officers. How they run, talk, look... everything was incredible.

: Personally it could have been acceptable even if there wasn't any music.

: Anyone who hates police or trouble makers should watch this. Yeah, there are evil officers and sometimes make mistakes. But this show reminds us that they are also us, and trying to ""live=survive"" everyday.
Read More",라이브
12,"LIVE is one of these rare dramas that makes you forget the general thought that Korean dramas are unrealistic shows, full of clichés and improbable situations. Of course, we still love these typical dramas but sometimes we've seen too much of this parallel world and we need to escape it, at least for a moment, to come back to reality.

Reality is what defines Live the best. The drama tells the everyday lives of a bunch of people, of different age and gender, that are linked by one commun point, their job as police officers. Honestly, when I first saw the main poster and then read the synopsis, I was not interested. The daily lives of police officers? Doesn't sound appealing to me. I still gave it a try after reading all the great critiques it received. After one episode only, I was sold.

Not only the directing is absolutely flawless, but the cast, the script, the music; everything was done perfectly and the quality of this drama equals foreign shows and movies. The main theme music is so beautiful and fits the drama perfectly (Family of the year- Carry me). I love it when Korean directors shows us that they are able to make masterpieces when they put their heart at it. I only have love and respect for every person involved in this amazing drama.

So what about the police officers that I talked about? Well, the synopsis does revolve around the job of policemen, but it is so much more than that. While you learn a lot about the police force in modern Korea, and you take a closer look to this profession with all its ups and downs, you realize that police officers are just normal human beings who struggle to make a decent living through their job and all the difficulties that come with it. This drama is about humanity, solidarity, empathy, the way we treat each other and the way we chose to live our lives.

Truly, I got so attached to this amazing cast, it will be difficult to start something new. I feel like taking a break to appreciate what I've seen and not directly jump into another show. There was a lot of characters but every single one of them had an equal importance, I cared for all of them and was invested in every story.

This drama will make you smile and laugh. It will also make you cry and at times, make you angry. You will be left overwhelmed by all kinds of feelings.

I will surely watch this drama again and I recommend it to everyone for a great life lesson.


PS: Live has a similar vibe to My Mister or Prison Playbook, and is equally stunning but unfortunately was left unnoticed , for reasons that I ignore
Read More",라이브
13,"This show is simply superb. The story is incredible, the characters' development is compelling and the acting is amazing. I feel as if each character resembled someone I could see in real life. Bae Sung-Woo's character's development from a harsh and unsympathetic police officer who doesn't show care for his loved ones to someone who shows up for his wife and understands the pressure on his fellow officers was one of the best parts of this show. I loved the focus on An Jang-Mi's character, an older woman in the police force and her struggles to reconcile with the nature of her job and the corruption of the force. My only gripe with this show is that they don't develop Hye-ri as much as they could have, and that the show at times errs on uncritical support of the police. However, these pale in comparison to the story and the characters in the show, it is a must-watch.
Read More",라이브
14,"I initially started watching Live for the sole reason that Lee Kwang Soo is a main character in this drama. Not really expecting much, I started watching and I didn't get hooked right away. I started liking the drama at around episode ; I couldn't stop watching then.

This drama had me take a roller coaster full of mood swings. Crime scenes would make me all flustered, love-related scenes would make my heart flutter, and all the sad scenes would make me down right cry a bucket of tears. The relationship of all the cops in the patrol division is nothing but lovable. The characters in this drama are complex; you could hate one or more of them by the start of the drama, but you'll most likely be attached to everyone in the patrol division at the end of the drama because of the incredible character and relationship development of everyone.

I rated this drama a . Along with Live, I rated Healer, Mr. Sunshine, and Scarlet Heart the same. Live isn't as heartbreaking as Scarlet Heart and Mr. Sunshine nor does it have an extremely rich story as Healer with a lot of plot twists but Live has this unique characteristic of reeling you in despite the plot being simple. I guess it's the complexity of everything coming from a simple story that makes this drama so appealing (if that made any sense at all).

Something I realized after watching this drama is that you should trust the rating of the dramas in MLD. I usually hesitate first before watching a drama due to various reasons. I hesitate maybe because the synopsis doesn't appeal to me, or because I subjectively don't like the cast. You should get rid of these standards when choosing a drama to watch. Trust the ratings! If you're still unsure of a drama, read a few reviews then make a final decision. But I guarantee you, most of the time, the ratings won't disappoint!

I'm sorry for the vague review, because this is my first time writing one.

To cut things short, this drama is a must watch! I cant recommend this drama enough.
Read More",라이브
15,"Drama very good, at the beginning it was an impression that would be annoying, but as Live progressed, the action scenes gave way to novels, intrigues, conspiracies beyond the uniform, the highlight is undoubtedly going to history, not centered the police station but widely spread in several subplots that gave vitality to the eighteen exciting episodes, undoubtedly, the cast contributed to the story unfolding in a pleasant way to the eyes and harmonious to the ears in a classical soundtrack contemporary pop, in tones of calmaria and calamity in the scenes Live is not just a crime drama and a thief is a bonding drama between colleagues and family of these colleagues, so if what you are looking for is drama of action and emotion, do not miss the chance to watch Live.
Read More",라이브
16,"One fantastic drama that I will always go back to, and suggest to any kdrama fan

I LOVED this drama, its well written and thought out. It feels real, it shows real life crime issues and depicts real stories that happen all around the world.
The music is amazing and used effectively, it adds to the emotion of the scene its used in. I love so many of the songs in this drama and I'm still searching for one of the songs used ( I don't think its a fully released song sadly )
The cast was also really great, I liked the actors they chose because they aren't SUPER well known ( Like Suzy or Lee Minho, Kang Bin ect.) ( I'm not bashing the actors either! Kwang Soo is one of my favourite actors/entertainer.) It added to the story making them seem like real people""
 a fantastic drama and one of my favourites.
( Would also recommend watching Voice, When a snail falls in love, Guardians/ Lookout, and medical examiner dr.Qin for similar feeling dramas)
Read More",라이브
17,"I am NOT one of those who watched it for LKS. Even though i am a huge fan of LKS, the character and the story seemed a little how do i put it, not fitting any of his earlier characters or his face (Having seen him through Running Man, this character was extremely unexpected and unimaginable). I was attracted to the story, stayed for the characters and was impressed by LKS (definitely upset that he didn't get a mature relationship). This story is about the daily life, hard-work and sacrifices that police officers go through. The direction and editing was well done and the brilliant actors kept us entertained till the end.

Genre : Crime, Slice of Life

 : Two youngsters decide to join the police force and meet people while growing up in their jobs. The story starts with a small description of their earlier lives and the reason why they decide to join the police force and the character growth of each of the characters through the drama is heart-felt and sentimental. The MVP though are Bae Jong Ok who is a badass detective and Bae Sung Woo who is a troublemaker of sorts. All the characters play their part in the story and every character is given enough importance to make us connect with them. If you want a drama that makes you understand the life style of a korean police-man, i would strongly recommend this.

Actors : Lee Kwang Soo has a funny face but the character growth he showed towards the end made me appreciate him as an actor. I have seen him in his earlier dramas but this showed his true potential as an actor. It would have been better if he gets a better role with a more matured love-story.
Jung Yoo mi is a really versatile actress.

Will i watch it again? Probably not.

Will i recommend it to anyone? Yes only for the amazing story.
Read More",라이브
18,"I finished watching this drama a few hours ago.
It's one of the best, if not the best, korean dramas I've seen so far.
Before watching it I wasn't sure whether I would've liked it or not as the plot didn't really convince me, but now I am sure I would've regret it if I didn't pick it up, this drama is a must watch.
I usually watch crime/police dramas since these are my favorite genres but I love when there's even a tiny bit of romance, since it makes the drama more pleasant to watch.
This drama has a lot of romance but it's well-developed throughtout the story and I'm sure it wouldn't bother those who don't like romance, since it doesn't ruin or cover the crime/police part.
I LOVED how friendships are developed and how strong they are: I found myself being happy when two or more characters made up or when they had a party.
There are a lot of emotional scenes and touching themes, you will drop some (or a lot) of tears, either of joy or sadness, so make sure to keep some tissues near (I rarely cry but one of the episodes made me cry).
The OST is amazing and it makes those emotional scenes, that are already great by themselves, even better.
The characters are well-developed, especially Sang Soo (best character imo, props to Lee Kwang Soo for his acting).
I gave a / to """" as I would probably love it as much as I did the first time.
Another thing I appreciated is the ending: I often found myself disappointed or not fully satisfied by how dramas end, since some of them have cliffhangers or don't answer all the questions, but this is not the case as everything is clear.
There would be a lot more to say about this drama but I think this is enough to get a grasp of it.
I hope you're going to watch it (if you haven't already) after reading this review.
Read More",라이브
19,"All the characters in Live could stand on their own. Loved every part of this show from the old men to the young rookies. There was so much emotion, adrenaline, excitement in each episode. I truly had a great time with this show. After a while, you start feeling like you're a part of the their family/team. You could feel the police officers' glory, their sacrifices, etc. I hope they make more seasons. This was a great watch. I don’t know what kind of genre this would fit under. It’s like a slice of life with action/suspense.
Was this review helpful to you? Yes No",라이브
20,"I honestly waited a long time to watch this series because I couldn’t really tell what it was about. I decided to give it a try. It is very upbeat and somewhat gruesome at the same time. I honestly thought this was more on the side of comedy and police work but it was not. It was a police drama, plain and simple. Is revealed various cases most of which appear to be crimes against women. I honestly felt like I was watching a series of the USA drama special victims unit. there were some comical aspects to it most of it was not comical it was serious, sad and gruesome. This is one of those shows that I feel should have a disclaimer that says viewer discretion advised. It is mature because it talks about things that are mature in nature mostly domestic violence and sex crimes. So if you’re looking for an upbeat comical police drama this might not be what you want here. But if you’re really into those cases that are graphic, bloody and deals with victims you may like it. Can’t recommend this as comedy even though it has a little.
Read More",라이브
21,"This is not a tv show. This is not a drama series. This is an experience. A very human experience that will take a toll on your emotional health, if you have the capacity to let your emotional health be wavered then you can watch it, otherwise it will leave you feeling empty sometimes, crying with the actors, laughing with them and their experiences.

Other than this all i can say is i’ve watched ’s of dramas and this is the closest i’ve ever been to having an experience like no other.
Was this review helpful to you? Yes No",라이브
22,"I so love this drama and frustrated that it took time for me to watch it. I just watched it because it has a very high rating here in mydramalist. I watched its rival SITR instead which i didn't get to finish because oh no... such a waste of opportunity for this another could have been. Anyway, I thought Live is going to be something like a sitcom because of LKS. Lol. But oh boy, I was totally wrong. I love how this drama showed the life of police officers, the corrupt force, and their most of the time annoying manual. It didn't focus much on the victims and investigations just like Miss Hammurabi. It's kinda painful to watch and I symphatize with the good policemen. It must have been hard to offer your life to protect the citizens then the same citizens will condemn you about this and that without proper evidence. I also hated how one-sided the media can be at times. After watching this, I don't think a lot of people would want to be a police officer. Lol. I also like that romance was made low-key while putting more focus on their camaraderie.

Anyway, this one is definitely a good watch. I will surely miss the cast. How I hope there's a season !
Read More",라이브
23,"Gritty Drama
Perfect casting of great actors, added to a well written script, really make this drama a cut above the rest.
It is very hard hitting, with many of the crimes portrayed being distressing and brutal.
The lives of the rookies this story follows, from jobless to serving police officers, is so good.
The stressful, unappreciated and abused role they fill is at the fore, countered by the few corrupted members on the force, who sadly tarnish them all. Couple this with internal politics and an establishment happy to throw those with less power under the bus to meet their needs, makes me wonder how anyone would choose policing as a career.
If this drama is based on the reality of the Korean police and legal system, it is damning. However, it also shows the closeness of a team, of partnerships where they see more of each other than their own loved ones at home and the impact of betrayals on the moral of everyone associated.
The toll the job takes on personal lives is also touched on, with not just the case stories, but those involving the main characters' families being played out too.
Whilst disturbing, incredibly frustrating and upsetting, it is also funny at times and uplifting at others.
I am so pleased I watched it and would recommend this drama to others.
Read More",라이브
24,"Before watching, I was expecting a silly and clumsy police officer depicted by Kwang Soo, as I am familiar with him from Running Man. As I started, I have to accept that, aside from his entertainer side, Lee Kwang Soo is such a great actor that can easily make you cry. I don't know, maybe my expectation was different, or I didn't see him out of Running Man context, I gotta add that he really impressed me.
I have to talk about the drama, right. The drama, I think, is very dramatic and makes you realize the difficulties and realities of daily lives of the police. We can see this through the eyes of three rookie police officers. Also, the senior officer casting is amazing (especially Bae Sung Woo) and the scenario has no loopholes. The scenario is like a web, tells different stories about different characters but they are connected with each other from various ways.
All in all, it makes you laugh, cry and angry in the same episode.
Read More",라이브
25,"I just finished the last episode of Live and I don't even know where to begin
This show is AMAZING. The acting,cast, writing and production is SO ON POINT!
The older casts in the drama (the mentors) are all pros in the acting field, just that alone is a great reason to watch, their portrayal of their character was spot on, especially as a cop and dealing with so many cases in an episode!

This drama makes you feel all the different types of emotions from just watching one episode, you cry due to touching moments , sad moments, there are precious cute squad moments and friendships and bonds in this drama that will make you want to keep watching!

It is not a typical romanticized version of cops that we usually see on tv or in dramas, instead this show displays all the realistic sides of the police team member's lives and their job. From episode , it shows the injustice and problems females face due to gender inequality. Jeong-Oh/the female lead graduates from the same school as her friends and even applies to the same job, but never gets it due to discrimination. This leads her to change her career and become a cop. Throughout the drama we see how much she grows as a character and all the hardships that she face.

But what I love the most is as the episodes go on, viewers are introduced to all the members on the police team, the captain, the chief, Yang Chon and the other mentors,mentees and rookies. Each and every person has a story and is never left out making you really care for them all. The bond and loyalty that they share are just amazing to watch.
ALL THE RELATIONSHIPS IN THIS DRAMA WAS SO PRECIOUS!

The OST was so perfect especially that english one I swear everyone in the comment section where I watched the drama was saying great things about the OST.

So basically NO THIS DRAMA IS NOT OVER HYPED, GO WATCH IT! /
Read More",라이브
26,"I'm blown away by how this drama was written, by how they developed each character. The story itself is so well written, there's no single episode that i don't like. Why i like it so much? because i could crying in this moment and then  minutes later i'm laughing, the first and last episode are my favorite episode, you'll know if you watched it already.
I feel like this drama is so realistic, especially the first to second episode. It show us that life is unfair to everyone and i don't want to agree with that but that's the reality, the richer is getting richer because they have money which can lead to wider connection while the poorer getting poorer because they don't have money and they couldn't ""afford the connection like the richer did"". All the cast did a great job on portraying their character as well, I also stunned by Bae Sung Wo and Lee Kwang Soo acting, the female leads too did a great job on brings the characters to life. I love drama's who's their female lead have a strong character, like Captain An and Han Jung Oh. I can't express how precious this drama is, it's just so good, so realistic.
Read More",라이브
27,"I love this drama so much because it's so real.. none of that cookie cutter stuff. One thing I love about it is how it puts life into perspective for viewers, as you watch, you ponder on your privilege (or lack of), power and many other important things in this world. It also instills a deep appreciation of the little things in one's life.

The acting was suberb however a main character I had a bit of an issue with was Han Jeong-o, she wasn't all that great of an actress to me but she still did really well. One of the things that bothered me was how she lifts her eyebrows everytime she says something serious? is that some kind of acting method for her? Regardless, she killed it in some parts. My favourite characters were Oh Yang-chon, Hyeri, Kim Han-pyo (ngl it's partly bc of his looks, I could stare at him all day), Ki Han-sol, etc.

The soundtrack was amazing as well.

My only issue with the overall drama was how it too many silences, I don't even know how many times I pressed the  second skip button while watching it on netflix. I understand it's slow placed because the content is very heavy but it gets a bit too much for someone like me who's very impatient lool.

, this is in my top  of favourite dramas so I highly recommend it.
Read More",라이브
28,"Amazing
I watched This drama when he came out But this week I rewatch it and I never get tired of watching it.
Is different and it talk about so many aspects like murder, sexual assault, domestic violence, serial killers, elders that are alone and sometimes taking care of their disable children or when they have low income and can’t provide the minimum to them and the person itself and many other problems like the personal problems of the characters, what they pass in their lifes their struggles their fears worries and traumas, and his cool to see the evolution of the characters.
We can’t forget to say that this drama is an emocional Roller coaster and sometimes I could really see myself trough some characters.
I cried to much watching this
Read More",라이브
29,"Live is a fantastic drama, which is equally devastating and inspiring to watch. It's so refreshing to see a police drama where the majority of the police are depicted in a positive light, rather than a negative one which is becoming increasingly common in American dramas. Although Live does show things like police corruption, it also shows that most cops are good people who want to protect citizens and serve their country.

This is a very realistic drama (apart from some annoying censorship of blood/weapons etc.), and it doesn't hold back to show the brutal realities that the police have to face every day. Nothing is sugar-coated, and there's no cliched ""happily ever after"" at the end of every episode. A warning to anyone who wants to watch Live: people die in this drama - quite a few in fact, and in gruesome ways. If you don't want to watch that, then this isn't for you. While this drama does focus a little on police office politics, a lot of it takes place out on the streets, where the violence is shown in full.

Similarly with dramas like Misaeng, the storytelling of Live is one of my favorite aspects, as there are overarching plots and story arcs as well as episodic conflicts. The basic premise is that the show follows a couple of newbies who join the police force, and the challenges and obstacles they face. However, Live is so much more than that, and it focuses on many different characters, all of whom are interesting and fleshed-out. This is what truly makes Live a great drama - the interesting characters, the conflicts between them, and how they develop over the series. Interestingly enough, to me, the ""main character"" of the show wasn't Lee Kwang Soo's character or Jung Yoo Mi's character - but in fact Bae Sung Woo's character, who plays a lieutenant who has been demoted and is forced to work with the newbies. To me, his character goes through the most development, and he is fascinating to watch. However, he wouldn't be half as good as a character if it weren't for Bae Sung Woo's magnificent performance. His performance shows everything, from happiness to anger to sadness. All of the actors are top-notch, including the supporting characters.

What also makes this show a cut above the rest, is the subtle social commentary that is included, such as what the media of South Korea does, and their impact on the police, as well as the government's role with criminals, and how some criminals are above the law. These inequalities and injustices are also shown. This adds real depths to this drama, and how you can see a certain event happen from different points of view.

This drama is highly recommended and one of the best of . The cinematography is also great. The soundtrack is solid, and the songs work well. If I had to make a small criticism with the music, it would be that occasionally I felt too many songs were played in each episode - however this is just a minor quibble. Also, if you're worried about not watching this drama because you don't have much knowledge about the police force, don't be. This drama is much more than just about the police. It's also a family drama, a slice of life, and also a bit of a romance (although the romance is not the main aspect, and is handled with subtlety). Please watch - you will not be disappointed. Also, seeing Lee Kwang Soo in a serious role is amazing.
Read More",라이브
30,"Slow Start but at the end you'll wont want it to end!
After I would say the first three or four episodes, Live is addictive. What I love about this drama compared to many others is the range of characters and their development throughout the start to the end. The OST is absolutely fantastic too, perhaps one of my favourites? And that's a big statement for me to say! Regarding a second season, I'm not too sure if it will happen, however, I would definitely be open to one!

I would recommend anyone to watch Live. I think anyone from any age group (teen or older) will get enjoyment from watching this beautiful masterpiece. Some parts which were brutal, but it's legitimately made me respect the real police even more!
Read More",라이브
31,"Took me a while to finish
There is a lot to love about this series but it took me a while to finish mainly because the ML rookie Yeom Sang Soo's character was ridiculously judgmental. I didn't like his character or sympathize w/ his situation at all. I don't know how he can pass the academy in the first place. FL's acting was a bit stiff but overall ok.

Aspects that I did love:
A dose of reality, society issues that you don't see in rom coms.
Inequalities of job search completely biased which I hope it raises awareness to the gender wage gap.
Fantastic supporting cast. Lots of veterans in this drama with more interesting personalities than the ML.
, the crimes in this story are actually interesting, definitely brutal.
Cops are human too.

Watch it for the supporting cast & story.
Read More",라이브
32,"Wow it seems that this drama make it  for  of me writing a review this year. But this drama got the first  I have given this year we’re the highest score I have given has been a .

This review may not be quite cohenrent because I’m a total mess right now. But I feel like I should pour this out right now.

Coming into this drama you should prepare tons of tissues. Trust me I’m not a cryer but this drama has me in tears ( granted I just gave birth so I may still be quite hormonal. )But don’t dismiss my warning you need tissues. I really want to go to Korea and kiss Noh Hee Kyung for her genius and her ability to hit the right cords with slice of life dramas. If you don’t believe me you should try a few of her others works like Dear Friends, It’s okay, that love, that winter, the wind blows or Padam, Padam or even The world that they live in to cite a few from memory.

Writer-nim has just knows that perfect balance to just draw you in and make you feel for her characters. What to say about Live. Forget all the pretty boys and the young characters love stories or whatever. This drama which I believe was supposed to be more of an ensemble drama got truly dominated by the veterans cast, yes the veterans in this just shined and outshine the young crew. The ply of the new recruit is hard but you kinda easily get stuck on what annoys about them, like Sang Soo irrational need to be complimented and that annoying ways of feeling like the eternal victim that the world should revolves around. Kwang Soo did impress me in his first serious type of role but he did not draw me in. I didn’t feel for his character even thought I empathized with their circumstances.


What truly pull me in was Oh Yang Chon a good and mostly overzealous cop and his family and his circle of friend ( excluding the new recruits.) that truly made you cry, laugh. Oh Yang Chon and his wife Ahn Jang Mi truly make you go wow being a civil servant in South Korea truly is a thankless job. I mean in the climate in wich we live these days in the west you get a lot of the law enforcement protecting it own. But you don’t see it in this drama this family of cops is incessantly thrown under the bus by their higher up and the thankless public. I truly loved that the writer and the director didn’t try to romanticize the jobs they were doing.

Truly I’m feeling too emotional right now so I may edit the review later when I have calmed down. But for now I tell you don’t dismiss this drama go watch it. And truly if you see and of brave law enforcements unsung heroes say thank you.
Read More",라이브
33,"I can only regret not apreciating this show earlier. When watching the last episode I cried for all the emotional scenes and it really made me realise how much I cared for the characters, especially Oh Yang Cheol and Yeom Sang Soo. I put this drama off for a week before watching it on a wim and i'll admit, I was going to drop it around episode  I think it was when Choi Myeong Oh kissed the main female lead and that scene really annoyed me as they emphasised it alot and made it seem really important.

This drama is not your normal crime drama to where there is a main antogonist in which your playing cat and mouse with until when you catch him in the end, it's not a drama where the leads have super intellegence or they able to see scents or see the past from touching objects. Instead its a drama in which is very realistic and stays grounded throughout the whole show showing how a normal person would react and act in certain situations. They give us  very different leads who have different ways of thinking but at the end of the day they are all policemen and they all have one goal. 'Live' touches subject of crime quite heavely and almost had me drop it again after the whole serial r*pe case. That case was especially hard to watch as they were only highshool and middleschool girls who can't do anything in them situations and made me realise there are things like that happening aroudn the world without our knowledge and it really makes you self reflect.

With the characters, they were all very raw and real which i quite enjoyed for once.

The main male Yeom Sang Soo is a person who build a strong sense of duty by the end of the show and shows us how a real cop should act compared to all the corrupt ones that are out there. At the start of the show he was the only charcater I like as he didn't piss me off and acted how I wouldv'e in certain situations. I allready saw him as secondary leads in other dramas so it was very cool to see him as the main and have his spotlight which he deserves since he is a great actor.

With the female lead Han Jeong Oh, I can't lie I really hated her character at the start and her personality really urked me because she was snobby and so nonchalantly blunt with Sang Soo's feelings. When we start to hear more about her past it really made me self reflect because I judge her whole character just based on a few annoying scenes and never considered her backstory which I will now do that. When she was working with the patrol division, she was the most realistic as I truly feel that an actual person would act like her. This was my first drama for this actor and I can't say i'm going to actively look for her other dramas but if I see another one which is promising I'll watch it.

Now with my favourite character in this show Oh Yang Cheol. He easily couldv'e had the show center around him becasue the events he went through and the character development he went through was amazing to watch. We see his relationship with his wife and people around him of how they improve through out the show. The relationship between him and his wife was in my opinion a lot more tasteful to watch than the leads, they go through a divorce and get back together through a number of trials within and outthe family which brings them closer. Also the relationship between Sang Soo and Yang Cheol was great to watch as they went from hating eachother to deeply respecting eachother whihc was heartwarming to see in the last episode.

The OST was quite good in this, the OST 'Someone like you' was done by EXO aswell and another one called 'Why Why Why' by Punch.  the OST was very solid and I would listen to them by themselves.

 if your looking for a crime drama with very real characters with no abilty which makes them an ace then watch this drama. Personally I would not rewatch this drama just due to the fact of the whole serial r*pe case which made it very hard for me to watch even if it's fiction.
Read More",라이브
34,"Live is a perfect depiction of an imperfect country. It addresses heavy, sensitive issues (often taboo subjects in Asian cultures) with authenticity and compassion. For eighteen episodes, an overwhelming snippet of what it is like, and what it means, to be a police officer is shown through the perspectives of veterans and rookies who must tackle anything from everyday crimes to harrowing cases that shake them to the core. An important question arises. Why do they continue to run and risk their lives? Surrounding them are higher-ups who are willing to sacrifice them in a heartbeat and a society that never praises them for the hard, dangerous work they do out in the field but curses them as a whole for individual errors which mass media spreads like wildfire along with misconstrued information. It seems defeating. So, why?

There is so much material to unpack. I never felt like the plot dragged, and there definitely was not a dull moment. Rather on the cases and criminals, there is more of a focus on the ripple effect of a crime. How does it affect the victims and their families? How does society respond and view these victims? How do police officers, whether veteran or rookie, feel as they see these crimes happen day in and day out? I’d put a trigger warning after episode two. A majority of the cases involve sexual assault, rape, and abuse of all types. It is rather graphic, so it may be distressing to see. Its realistic approach shows heinous violence can happen to anyone and anywhere. Oddly enough, I found this drama educational because it touches on conversations, for example, consent, that should be held, especially with parents and their children. I really enjoyed the writing that gives food for thought.

I applaud the cast for their outstanding acting and intense on-screen presence, especially Bae Sungwoo. Their portrayals of ordinary police officers who are simply doing their best to survive and do their job is relatable and realistic. Live continuously reminds us police officers are human beings like you and me. They are daughters and sons to someone, mothers and fathers to others. They are not superheroes who are unperturbed by violence and death. They have weaknesses, too. Not even academy training or decades of experience can completely encase their hearts in stone. I loved how the screenwriter shattered the rookies’ expectations of being a police officer. There is no glory. To wish for a big case to crack in order to achieve merits, it requires a victim, for someone to die or someone to be traumatized. I enjoyed the journey the mentees went through with the help of their mentors who shaped them up to become wiser police officers. I also liked the mini arcs most received because character development is always more than welcomed. I adored the interpersonal relationships among all those in the division. Witnessing the camaraderie slowly built over the duration of the drama warmed my heart. Seeing the officers struggle through the downs of life yet being lifted back up with the help of their fellow colleagues tugged on my heartstrings.

I definitely am someone who watches with my heart rather than brain. Live made me laugh and cry, as I intently followed everyone’s growth. Some parts I simply let pass by with not much thought since I knew they were needed to move the plot and development along. I felt like the police procedures were quite accurate, so there wasn’t anything major to nitpick. The product placements fit well, actually, and I am used to them. With any Korean drama based on crime, I expected the name-calling, boisterous voices, and slapping. These are, I guess, normal when it comes to portraying the police, so they are stuff to keep in mind, if you’ve ever been annoyed with them.

, Live is one of the better ones, of its genre, out there. It shows you the no-frills lives of police officers without mastermind criminals and cat-and-mouse games. I liked how it shined a light on the patrol division, the one that gets to the crime scene first and interacts with the community the most. The officers respond to every single call with the same passion and sense of duty, the very things that may waver when up against the flawed system but remain resilient in the face of protecting their fellow citizens’ lives.
Read More",라이브
35,"I can start of by saying that even though I like slice of life, I really dislike police series, or rather, I really dislike realistic police series, main reason as to why I stopped watching the acclaimed american series The Wire after only a couple of episodes.
This drama is as realistic as it gets, there's no extra comedy or extra sweet romance or super dramatic scenes just to push the story forward(though it obviously has some drama), it's just the daily life of police officers and what they go through.
So why did I watch it? I don't know, there are many things that can't be explained in this world and this is one of them but I did and I'm really glad I did.
After episode  I thought the series was decent and decided to try another one. After that I found it interesting and started to get attached to the characters and by the rd episode I was completely hooked.

The story, even though there was no real goal to it, was really great. I never felt bored, which I easily am in shows like this(which is why I usually dislike them), I was interested in everything that was going on and really cared about the characters, which for me is about as good as it gets.

The acting was superb and I truly mean that. There were no exaggerated acting which can be quite common for korean dramas and can often be entertaining but would not have been a good fit for this series.
I could not find single fault in the characters' acting, everything was really realistic, in a good way.

The music choice was exceptional, the mix between western and eastern music fit really well and gave every emotional scene extra depth.

As for rewatch value... Will I watch it again? Most likely, though in a few years or so. Will I go back and watch specific scenes as one might do for melodramas and such? Probably not. Still rewatchable though.

In conclusion, as you might've figured out I really enjoyed the series even though I didn't expect to, which to me is one of the highest praise a series can get. So please, even though you might not usually enjoy series like these, give this one a try. Who knows, it might surprise you, just as it did me.
Read More",라이브
36,"a very very veryy good slice of life!! if you're into slice of life, or want to start watching one this is a really good one. it's of course, about life of police officers. each cases are very very good and all characters for me are very likeable with their own background story that will give you mixed of emotions. you'll laugh, you'll get mad and you'll cry. this drama also have lots of heavy issues as in the our society issues. from corrupt officers to public sentiment for certain cases. these really just give this drama more realistic view. acting are of course beyond amazing and i love the osts too. the only reason it doesn't get that high rating from me is probably because i lose interest for awhile in the middle and i had to put in on hold, maybe because i'm not in the mood for slice on life. but thats on me. the drama itself is amazing!
Read More",라이브
37,"The best Korean drama to talk about local police
The  Korean Live drama consists of  episodes of  minutes. I can say that this drama is the best Korean drama to talk about the country's local police. It contains difficult and unpleasant feelings and shows the audience in the best way that the work of the local police is very difficult. I can say the story and the drama's osteo were at the top and the actors' roles were generally excellent and the kimster between them was very good as well Kimsteri was very good between them, and this drama, apart from the tragedy, was one of the best comedy dramas and was not deprived of laughter and pleasure to the audience
Read More",라이브
38,"Best drama
Best drama in reality.
Best acting, Best story
Made me very emotional.
Work together as a partner,
I love kwang soo act.

But the romance it just a bit.
Can be more dramatic. Expect that kwang soo can more fight for his love. More romantic. And more sacrifice for the one his love.
Like he got shoot to protecting his girl. Is must be more awesome.

But overall i love this drama. Congrat to kwang soo and all the actor and actreesss this is the best experience for me.
Was this review helpful to you? Yes No",라이브
39,"kenapa saya baru tengok ni……huhu i enjoyed this so much!!! it felt so realistic, about the police life to their own personal life, everythinff. the cases were interesting tooo esp about the sexual assaultment. the police life best sangattt i could know like how the police also struggle and how they also want to help people and thats just beautiful and heart warming aaaah and the characters…..the thing with these kind of dramas is that the characters made you feel at home. so warm and all of them felt like a family, whenever they cry i cry olso whenever theyre happy i happy olso la hahah sho cute and warm. and even their personal life didnt make me bored or anything it was just okay and nicee. the romance story, im glad it wasnt that much tho but it felt awkward towards the end cause like at first theyre just cute together but then suddenly cam serious sikit so tu cam off a bit but its still ok la not that im bothered or what. everything else were amazinggg from the osts, cinematography and storylinee aaah loveee!!
Read More",라이브
40,"Live was already in my list for long time ago but I always end up watching other drama. Recently I watch on Netflix and I don't regret it.
This is a simple drama that tells about the daily patrol police.
Precisely because of the simplicity that makes this drama interesting, we are reminded that the police are also just ordinary people who can be afraid like everyone else.

Praise should be given to Lee Kwang Soo. I don't know if he can act this well because usually i watch in running man, he's a reckless person.
Was this review helpful to you? Yes No",라이브
41,"Just simple n short review
Acting %
Ost %
 %
Every ep have nice plot n heartwarming story tht make me cryyy♥️? really love itt. Why underrated kdrama always like thisss. and next monday last ep of lks in rm :'). The ost is so niceee! N their acting is so good. I love all character in this drama. This drama not boring at all because every ep have something tht will make u cry n want to keep watch it. I love lks acting n so many experience actor in this drma like song dong il,jang hyun sung n lee eol. This actor is legendd always see them in best kdrama!! I cry every ep ?
Read More",라이브
42,"Poor Officers
After seeing the horror they go through just trying to protect and serve. Yet never even an attempt for them to be protected themselves. Mostly against the pure fckery from the department itself. I'm surprised they aren't out whacking folks off left, and right, all day, and night. Can't say I'd blame them when ish is so crazy they'd have earned the right. How can you spit, and hit an officer of the law? Where TF they do that at? Its pathetic to think the folks that will be so quick to call for assistance. Might end up being the reason you're unfairly punished due to pure BS. How they continue to have the heart to help is a miracle itself.
Read More",라이브
