,reviews,title
0,"A hidden gem!
I honestly didn't expect to enjoy this drama half as much as I did.

I had no particular expectation for this drama, however, the more I watched, the more I grew to love the characters and simple yet intriguing plot. Each character is greatly fleshed-out, all having their own stories and secrets. With the ongoing question ""what's going to happen next?"" running through my mind, waiting a week for the following episode was surprisingly difficult.

The plot may seem cliché at first but it gets better as you continue watching. It's extremely well made with the beautiful cinematography and camera work, wonderful OST, great acting and interesting plot, everything is on point and just too good not to watch! Nothing feels rushed or jam packed, the story is unfolded well.

This is one of the many dramas in which I didn't skip a scene or part of an episode because they all seemed important or have a relevance to the story - I commonly find myself skipping unnecessary boring scenes a lot in other dramas so this was refreshing.

Needless to say, I really enjoyed watching Live On and totally recommend giving it a try!
Read More",라이브온
1,"An amazing journey!
It was really great watch, I enjoyed very much. I wasn't expecting anything when I started to watch it cause I didn't really get the synopsis and first few episodes weren't that great for me, I was unware where story was going, I was at the stage that I would have dropped it but then *bang* I just got hooked and after that it was an amazing journey...

So basically this story revolves around Baek Ho Rang her mysterious past and the incidents happening in present due to it but the thing is we don't only see her journey we get to see many stories in just  ep like Eun Taek, Woo Jae, So Hyun, Jae Yi and Yoo Shin and it's really great it's full package. I really loved everyone's backstory and the fact that every character had depth, ahh how can I forgot Woo Jae and Jae Yi they were amazing together and there chemistry was rocking. Yoo Shin was one of the cutest character I've seen I just love him!...

I really like the fact that they showed story in a realistic way no rushed relationship, I mean there wasn't love at first sight, it was slow process to like someone to love someone and which absolutely takes time. There aren't typical love triangle, squares in it so don't worry... the another good aspect of story that was character development which you can absolutely see and at the end everything is perfect loved the ending.

It was wonderful journey for me it teached me a lot.. and the fact that they didn't stretch the story to make more ep is really good thing I appreciate it. So it's definitely great for me and I would recommend it, so what're you waiting for go and watch it...
Read More",라이브온
2,"The Actors are really CUTE
JUNG DA BIN IS AN AMAZING ACTRESS! She was amazing in extracurricular and she is even better in this drama. I like this drama a lot more than I expected and the OST is also very good.

The story is only  episodes long but the story is well put together that you won't feel bored at all. I really wished this story was  episode long because then we would get to see more chemistry between the leads. By the way the chemistry was awesome, probably the best High-School romance chemistry i have ever seen!!! PLEASE WATCH THIS DRAMA AND I HOPE THE FL GETS MORER ROLES FROM HERE ON OUT
Read More",라이브온
3,"A gem I found unexpectedly
I really didn't think I'd love this drama so much when I first started watching it. I actually watched it just because of Minhyun since I'm a fan of NU'EST. Even then I still wasn't sure if I wanted to watch it since I'm not a big fan of high school dramas so it was such a pleasant surprise for me when I enjoyed the first episode a lot. It seemed dark and mysterious but was not too gloomy either. It had a lot of fun, romantic and cute moments so everything seemed well balanced. It might not be the best but it was still too good, a lot better than I expected.

I think the thing I liked the most about live on is the story and how it talked about school violence and about just life in general. And all the characters were really well written. Baek Horang (Jung Dabin) made me frustrated at times but I was still able to understand her. The way she finally understood what is most important to her and that it's not weak to admit you are a victim was really nice to watch. Go Euntaek (Minhyun) was also a really good character. His growth from being too strict and a perfectionist to a more understanding and softer person was really interesting. I loved how both Horang and Euntaek helped eachother overcome their issues and how they gave eachother space when needed. And their chemistry was too good that I wanted to see even more scenes with those two. Another character I have to mention is Ji Sohyun (Yang Hyeji). She was a very interesting character and I loved how responsible she was and how she stood up for Horang even when she didn't know her situation. Horang and Sohyun's chemistry was also really good. It was so frustrating everytime Horang ran away when Sohyun tried to talk to her about everything that I felt like locking them in a room until they actually talk? And Kim Yooshin (Byungchan) was the one who made this drama a lot more brighter and fun. Also I loved how respectful he was and how he understood he have no reason to get mad at Sohyun for not reciprocating his feelings. And he still stayed by her side saying he likes her and doesn't expect anything in return. I think that's something I rarely see, not just in kdramas, but anywhere. And I loved the relationship between Kang Jaeyi (Yeonwoo) and Do Woojae (Noh Jonghyun). They really showed how communication is really important for any relationship. Also I loved how Jaeyi slowly warmed upto Horang throughout the drama.

Another best thing about this drama, for me, is the acting. All the actors did a very good job in portraying their characters. Minhyun, even though it's his first lead role, did a very good job. I'm his fan and I've never once seen him get mad before but it didn't feel awkward at all during the scenes where he was upset or angry. And it was cute how his ears were red most of the time. I was really able to see him as Go Euntaek and not as Hwang Minhyun while watching this drama. And Jung Dabin's acting was too good that I started watching extracurricular as well for her. She did an amazing job as Baek Horang and I could really feel her emotions by just looking at her. And that live broadcast scene was really too good. All the other actors also did a very good job especially Yang Hyeji and Byungchan. I really loved their acting and their chemistry was also good.

The OSTs are another thing I should mention because they are really good! Especially NAAN by BIBI. That song is so good it made the scenes it played on even more intense! Your Light by TXT was also really good and it will probably be the song that comes to my mind everytime I think about this drama.

 I really enjoyed this drama and I think everything about it was very well done. And I will obviously re-watch it.
Read More",라이브온
4,"A Refreshing School Drama
Jtbc's Mini School Drama Live On Was a nice refreshing experience, Its very short and a very neat narration which was really good to see. And also the fact that it only has  Episodes. In the start i personally felt a kind of boring , because it was started very slow and draggy and every characters were like scattered and no well balanced may be because am not familiar with the new faces. But eventually later its slowly changing the gears and ofcourse the story line was moving in a cliche way but they managed to bring a very cute romantic sides and friendship which was superb.

You can see in the main poster that there were six characters and the story mainly travels around them. The modern school life and the very old cliche thing the school bullying was also the main factor here but it was nicely portrayed. And another best thing was there is no love triangle between any couples that was a good sign because a story like this usually have a forced love triangle part. I personally liked the nd pair more. Its kind of very cute to see that couples fighting over and get back together every time.

 live on was a good drama to watch. If you ready to watch a cliche but also a refreshing school short school drama live on is a perfect choice for you. Jtbc has done it again with a magical and beautiful climax in dramas
Read More",라이브온
5,"A complete mess
This drama is a complete nonsense, I don't understand the conflict at all, Baek Ho Rang's reasoning for her attitude towards her friends just doesn't make any sense, it sounds like a lame excuse and contradicting in many ways. I can't relate to Ho Rang at all, she's just being annoying and stupid. Most of the soundtrack is kind of awkward to be honest, it didn't really match with the scene's atmosphere, but it's not that bad.

I really want to give this a  but I like the acting, especially Yeonwoo's acting, so there's a plus one point. Just don't watch this drama if you don't want to be disappointed.
Read More",라이브온
6,"Truly worth it!
I am quite hesitant to start watching this show with the taught that it might be the typical high school drama with all the cliché and nothing special. But I am totally WRONG!

Though many of the elements of a Korean high school drama is present, especially the theme of bullying, it was given another angle and perspective. The actors were all effective and very fit to their respective roles. Acting were all on point or even going beyond that, making the series more realistic. Hats off!

And my most important point. HAHAHA. Is it only me? I am obsessed with the cuteness of Kim Yoo Shin! I mean who doesn't? He's such a sweetheart. He made many scenes in the series happy and bright and I know many of you were smiling everytime he appears in a scene. I hope to see him more in many dramas. PLEEEEEEEASE!

Worth viewing. You should see it.
Read More",라이브온
7,"Worst dialogue. Super lagging. Go nowhere.
Dialogue here is the worst, full of unnecessity and leads nowhere. The story is super lagging and the dialogue is the huge part to blame. Really, you can just watch the preview at the end of each episode, then skip as much as you want in the next, and at whatever point you stop to have a glimpse you wouldn't feel like you miss anything. I pretty like the leads so I really tried to watch it, but still it's such a waste of time and I couldn't tolerate to not pressing the skip button.

This is an example of a series being ruined by its dialogue. The demolishing level of the dialogue is very impactful it effects the rhythm of the whole story and finally overturns the positive score on other aspects.

Tip on watching this series:
In ep, hop-watching from point to point, then watch the preview at the end of each episode, and back to watch it point to point again in ep. That's all. It ends at ep - a happy ending. There's nothing crucial in ep, you don't have to watch it. Out of all  episodes, the most portion of content I watch and don't feel regretful to my time is in ep.
Read More",라이브온
8,"Why is there such a low rating? Its a decent drama
I'm honestly perplexed by the few  scores and  score reviews I've seen, because this drama genuinely wasn't terrible.

I went in with low expectations to be honest, because it was an idol drama, and also because I dont know any of the idols from the cast pft

But I was pleasantly surprised. sure sometimes the acting could be a little bit better? but not in a glaringly obvious way, and more a matter of subtleties or personal taste tbh. The story was a little flimsy. The school bullying the FL goes through wasn't nearly as extreme as I thought it would be to warrant her behaviour, but also any form of bullying is horrid, and I've never experienced what she went through so I'm in no position to really downplay it. i suspect another factor could matter here, such as the social climate for bullying in SK, and maybe my own desensitization o,O regardless though, I think I speak for everyone when I say we were definitely assuming much worse happened to her.

The fl was also a little exasperating at times in how she coped with her trauma, and i genuinely think that having more episodes would have made the progression of this drama x better. so many episodes were devoted to the build-up and drawing it out, that the resolution was squished into the last  episodes. like damn :/ this at least needed an extra  episodes.

also, when watching on Viki i saw many comments lamenting that there wasn't a kiss scene. , they're idols and kpop stans can be very terrifying, so I can see how risky that would be? , maybe they just weren't comfortable with that?? like damn. and , the main leads' relationship is more of an emotional one, not really so much skinship? like they literally provide emotional support and care for one another, hugs are cute and fuzzy. also, because of the short episode count, a kiss scene would have really not made any sense they JUST started dating. anyways. moving on:

The main reason this show was so good for me is because of the male lead's character. This has to be one of the best-written highschool drama leads I've seen in a while. So much maturity and sincerity, and also I are a sucker for any straight-laced character pfff. he is also not perfect so he was the main reason I kept watching : good job to Min Hyun, the performance wasn't perfec, but I think he did a good job. So did Da Bin, and also Yeonwoo. Her character was charming.

I will say that the second side couple in this story was completely irrelevant though and I skipped most of their scenes. It was just annoying.

 this isn't a bad drama. More than this I am looking forward to any future performances the cast members of this drama will go on to make :

tl;dr, good male lead, decent chemistry, ok story. not terrible at all.
Read More",라이브온
9,"cute and heart-warming
i had no idea what this drama is about but i really enjoyed it!! its a very light drama and so so cuteeee. i also enjoy the friendship stories and their romance stories. also, their acting were so good too, i have to admit that some of the characters are quite new to me, but they did a really good job with their characters. some teen characters in some kdramas are quite awkward with the acting but not this one. i really enjoyed it although at first, i couldn’t really relate with the female lead, but then as the story goes on, i can understand her. overall, recommended if you’re just looking for a short, light kdrama.
Read More",라이브온
10,"I loved it!
I started watching this drama with low expectations. At first, I was really debating on whether to watch this or not because of the reviews and comments. I'm also not a big fan of fluff, so i thought I wouldn't enjoy this.

However, I was pleasantly surprised! I never thought I'd like it, but I just do! Others said it was boring, but I slightly disagree. The drama was short and sweet, and it wasn't dragging,  eps was perfect.

The casting was amazing, I enjoyed how each of the actors/actresses played each role, and I found myself searching up all of the cast members. The music... was not bad, just forgettable, I didn't even notice the music.

The ending was nice. It left me wanting more, but it still felt complete. , I think it's not bad at all! (P.S. I NEED A BYUNGCHAN MAIN LEAD NOW, AFTER SEEING HIM ACT)
Read More",라이브온
11,"This drama was amazing, at first I was not expecting much out of this drama. I watched the first episode and I couldn't keep my eyes off the screen. I love the way it was filmed because it was so aesthetically pleasing. I found the colors matched really well with the whole picture. I was shocked with the actors and the way the expressed the feelings. I was excited for this drama to end, because it was short and got to the point. There was not a point where I found it cliché, instead it had a strong meaning. Not just between love between friends, partner and even family. There really was not any big conflict between the relationship. I would recommend to anyone who loves high school dramas, and want something short. I fell in love with everything about it!
Read More",라이브온
12,"I really liked the pacing of this show and found the main characters well built and likeable. The main cast had good chemistry and so did the pairings. Maybe it's because it's a smaller show (in episode numbers), but I liked that they didn't add far-fetched plotlines to make the story last longer.

It was very bingeable, I just kept wanting to see more! When I started it, it wasn't finished yet, so everytime I finishes an episode and kept waiting for another I kept wondering what was gonna happen and waiting for new episodes anxiously. I'm sure if all the episodes were already out when I started it I would have a really hard time to stop watching it.

I also really like TXT's song for it. It's fun!

It had a few problems such a few of the extras looking waaaay too old to be in high school and viki apparently not playing some of the songs on the show, which made some scenes of the main pairing a bit awkward, but I didn't find that these were major things, just a bit cringey.
Read More",라이브온
13,"GO-TO DRAMA
it's great!
- the storyline is amazing. it's my favorite go-to ongoing drama whenever i want to feel some comfort and sincerity.
- this drama is so precious to me. baek horang's friends are the types of friends we people need.
^ tbh, i don't want this drama to end but at the same time i do think this drama is good as an -ep drama instead of the usual -ep drama.

if you want to watch some light drama, go watch this. you won't regret. it's a high school set-up but the storyline is unique!
Was this review helpful to you? Yes No",라이브온
14,"this was so enjoyable to watch! my face rn- :D
I didn't know what to quite expect of this drama, but what it turned out to be was GREAT all the same! It was a really enjoyable watch, and as the plot unfolded I found myself becoming more and more invested. This isn't as romance heavy as the other few dramas I have watched so far so I wasn't sure if I was going to like it as much, however, I realised that things as well as the romance made me want to continue watching, which is a sign of a genuinely good plot in my eyes- I wasn't just watching for the cute moments but for the driving force of the entire thing, it wasn't annoying or tiresome or boring, but actually had me pretty damn hooked.

Aside from the fact that this is a legit really great story, we mUST ADDRESS THE CUTE MOMENTS EEEEE!!! Yup, super duper cute, we love to see it, I really loved the interactions between the couples, the characters were consistent and their personalities really shone through whenever they were on screen, they were SOOO well written and I love them all!!! I wanna be part of this friendship group it seems so lit omg. Also can I just say something: Eun Taek's hair in episode ... when you get to it you'll know what I mean just YES the whole fit he really do be serving heck yea Eun Taek there's something for y'all to look forward to lol

I have to highlight a particular thing I really appreciate about this drama: how well the friendship develops amongst the main characters. I think that the friendship aspect of this drama is probably the most important and I have to admit the writers did a REALLY GOOD JOB with it. There comes a point in the drama where I was like ""Hang on... I can't ever imagine you guys not being friends"". Their friendship journey was sosososo natural that I didn't even notice it happening, it wasn't shoehorned in as a plot point, it just, *happened* like how it would in real life and I just loveeeee that.

ALSO THE SONGS ARE BOPSSSSSSSS OMGGGGG LIKE EVERY TIME THE EPISODE ENDED OR PEOPLE LOOKED INTO EACH OTHER'S EYES I PREPARED MYSELF TO DANCE IN MY SEAT I ACTUALLY LOVED IT LIKE BRUHHH 'YOUR LIGHT'>>>>>>>> SONG OF MY SUMMERRRRRR

I think this drama has the *perfect* balance of juicy plot, friendship GOALSSS and pure wholesome romance. : a wonderful all rounder if you want a bit of everything!!! :))
Read More",라이브온
15,"Worthy Binge!?
I watched this because it had Choi Yeonjun as a cameo (and as a baby moa and a k-addict, I couldn't resist). It unexpectedly had an amazing storyline and slow burn that I certainly craved. All that character development had me spinning in such a good way. The side characters were *chef's kiss*. It has  episodes of  hour and its such a good binge series! But I suggest watching this in one shot so you have no regrets. The only thing negative about this is that its an easily forgettable series that you will not remember while listing down worthy rewatches. All I can say is WATCH IT!
Read More",라이브온
16,"Cute, short, and sweet
This  episode series was honestly just a delight to watch. It has a very cute romance plotline that did antagonistic romance well, and some good side plotlines as well. I really appreciated how much all the characters felt pretty flushed out, which is especially commendable to the show considering its episode count. All the characters, side characters included, really seemed like real teenagers with real problems, navigating their interpersonal relationships, and figuring out themselves.

**SPOLIERS**
I do have to say, I am pretty disappointed when we finally get Ho-Rang's full backstory. I try not to be too harsh since ) I'm sure show didn't want to get too dark considering its breezy tone, and ) people respond to traumas differently. However, I did feel like show could have gone a little harsher with Ho-Rang's bullying. It was just an extremely built-up plotpoint that, when it finally was revealed, you were just kind of like...that's it? Just considering the severity of the bullying we see in shows such as Who Are You: School  or even True Beauty, this seemed a bit mild. But then again, I've never been bullied so I fully admit I don't have the best gauge with what can do irrevocable harm to someone. I would just have preferred a little more depth.
**END SPOILERS**

It's a short and sweet show that feels a bit like a hidden gem, as other reviewers have pointed out. I highly recommend for people who want to watch a sweet little high school romance with a light mystery plot and themes of bullying.
Read More",라이브온
17,"OMG YOU NEED TO WATCH IT (it's literally a gem)
Oh my god, this is so good, high school romance stories sometimes feel repeated but this one was just great. I’ve watched so many high school romance dramas but this one was just unexplainable good. I loved all the characters and the plot. It is literally so wholesome and I had the fattest crush on Eun-taek, that boy made me feel bubbly. All the members had great acting skills, it left me wanting me after episode , but honestly, this is great. The plot was great, it was very relatable, and it made me cry. Oh, episode  or  had phenomenal acting omg it was just yes, that scene between Ho-rang and So-hyun oof it was just so powerful they really need that scene. ALSO, THE DATE THAT EUN-TAEK AND HO-RANG WENT TO AHHHH, their relationship is basically what I want in a high school relationship.
Also, this is a warning before I talk about the next but *SPOILER WARNING*
In the panic attack scene, they felt so right, they didn’t feel forced, sometimes shows just go over the panic attack scenes, they’ll never really put effort into it. But in this show when Ho-rang had her first panic attack, it was exactly how you would imagine it. I feel like some people won’t like Ho-rang in the beginning but that girl is the best girl end of the conversation, she needs a hug omg.
OH, ALSO Yeon-jun's cameo OH MY IT MADE ME SO SURPRISED. I went into the show without knowing he was going to be in it but was just chef kisses. I also like how they addressed how in a relationship you need trust, doesn't matter if it's between partners, parents, siblings, and/or friends, you shouldn't always believe rumors, they won't take you anywhere. And they also showed how in a relationship with anyone you need to give them time, time is so important not just in this show but in real life, you'll see in the beginning that Eun-taek times everything, it's just showing that every second in your life matters. But anyway, this show is just amazing, might be a little biased since the relationships in this show are exactly what I want, but give it a watch, you'll fall in love.
Read More",라이브온
18," is lacking, but acting isn't
Nice cast of young, fresh actors, some of whom nevertheless have several drama appearances under their belts. Also some Idol actors (Nu'est/Wanna One, Victon, ex Momoland, TXT guest appearance).
The cast acted very naturally and worked well together in a story very much aimed at a younger audience, although that's not to say older viewers wouldn't enjoy it (I did 😊).
The issue of school bullying was treated / portrayed very lightly in the script. Even if not shown, to say someone is beaten up would entail the victim to at least show bodily pain/discomfort in the absence of facial bruising, in order to convey that storyline.
From the way the bullying was exposed during the course of the story, the character's mental scars due to the experience, were quite OTT. Also, for someone mistreated, to behave so nastily to others without reason, was hypocritical and where the 'pitying' aspect came from was never backed up in the scenes from that time, so it didn't make sense why that person would feel that way about even their supposedly closest friends.
At the same time, in the present day, the bully's perspective about their actions was unusual, but I think true to life.
The supporting romantic side stories were sweet and I especially liked So-hyun and Yoo-shin. There was very little kissing, which considering their character ages and personalities, was a bit odd (it doesn't have to be full-on kisses.... but there were less of any kind, than fingers on a hand).
Noh Jong-hyun is an actor with more experience and I've enjoyed watching him in some favourite dramas; however, he blended in well with the other cast members, which I suppose means they got on well and enjoyed working together.
Hopefully we'll see many of them mature into successful actors with lead roles, in the not too distant future.
Read More",라이브온
19,"A must watch
This drama proves that it is possible to make a romantic drama with a plot that actually makes sense and pulls you in. The best point of this drama that sets it apart from other dramas is that it did not make me feel like the directors neglected the plot for the romance. It had a sensible relatable storyline as for the romance it felt natural unlike some other drama's where it feels forced. Everything kind of fitted together and the ending was satisfactory. The feelings of the characters and the contrast between what people say and what they are actually feeling deep inside was portrayed really well. The music was amazing to and despite not having a kiss scene this drama deserves an award for portraying love so well. I feel like if someone was ne to k drama's this is the one I would probably recommend.
Read More",라이브온
20,"Disappointed in the writing
This show really frustrated me, mainly because the writers would have you believe that the FL would rather have everyone hate her for something that she hadn't done, rather than admitting what had happened to her. I wasn't able to suspend disbelief that far. She was cold, and mean throughout most of the show. I might have been able to forgive that from a secondary character, but not from the main character. I don't like mean girls and that was the focus here.

I thought that the ML was mis-written as well. He didn't look or act like a teenager, at all. He acted more like a teacher, so I had a hard time with connections between him and all the other characters.

To be honest, the reason I didn't rate this lower was because of the secondary characters. They were very enjoyable to watch. The secondary couple was cute, though their big break up made no sense, other than to serve to drive the story forward. I especially loved watching the third ""couple"" - Kim Yoo-Shin was bubbly, positive and spent most of his time following Ji So-hyun around. He was very outspoken about the fact that he liked So-hyun, but he was such a likeable character I found myself rooting for him.

I'm not a big person on revenge; however, I felt that with the seriousness of the topic that was the focus of the show, the perpetrators should have been dealt with more severely.

This drama had the advantage of being only eight episodes. That was long enough.
Read More",라이브온
21,"A perfect kdrama for me..
This kdrama is one of my favorites like hell. It's so enjoyable. It makes you wanna think what will happen next. It's so thrilling and there will be secrets that will be revealed each episode. It will somehow make you emotional or not ^ ^
You will be engaged to it. It has a warm message and I really enjoyed this drama. For me, it's % perfect....

If you don't believe me then watch it your own :))
The acting is really good... plus the OST and the story itself.

The actors and actresses are all so CUTE too
HAHAHAHA... ><
Was this review helpful to you? Yes No",라이브온
22,"Not Good Enough
Korean Drama ""Live On"" had an interesting prompt for the story, but somehow it ended up being boring.

The one thing that, at least for me, was off was the fact that the characters, well, most of them, acted like adults rather than teenagers. They even presented their problems as being adult-like (see the second couple). Another thing was that the drama focused on the mystery that, in the end, was not well handled and didn't create the momentum that it was needed. Thus, the drama left out a lot of the other plot lines that were added here and there, like the family drama of the main characters.

Other than that, the performances were really good from everyone in the cast. The settings and the broadcasting club idea were original, fresh and a nice touch.

So, overall, four out of ten.
Read More",라이브온
23,"Skip it
I apologize in advance for the scathing comments below.
I guess I have been spoiled by recent release of high quality dramas and much more improved high school C- dramas.
My personal pet peeves are lying and rudeness. The FL in this drama is extremely rude to the point of being a verbal bully as well as a pathological liar. After initial - episodes, I fast forwarded to see if there was a plausible reason for her behavior but I have never seen a flimsier excuse. Her personality undergoes minimal character growth with all the hard work of people around her. The ML is mature beyond his age but despite all that falls for the FL head over heels.
This drama had numerous characters that had grating personalities. The high schoolers failed miserably to portray some one gritty like ""Extracurricular"" or innocent like ""Lovely us"". The use of tons of make up, exhausting failure of trying to be mature, inappropriate use of back ground score, no humor or witty dialogues, led me to give it a poor review. I gave  points for the sweet second FL, who was the only good thing in this drama. Strong recommendations not to watch with family as children may get the wrong ideas.
Read More",라이브온
24,"i enjoyed it
I watched this drama without any expectation, it's in my list so I decided to give it a go. and unexpectedly, I enjoy it. it was very light and fun. everything was okay, the storyline, acting, ost, there were funny and sad scenes too. since there are only  episodes it wasn't draggy and not that slow, the pace were okay. It was short but cute and sweet, especially their friendship. There were lots of messages too, which added to the drama value. I wouldn't say you NEED to watch this drama, but I can you will enjoy it. If you need short, light drama do watch this.
Was this review helpful to you? Yes No",라이브온
25,"Simple Drama with a good message
Good:
Character development
- The main characters and side characters grew as the drama progressed in a realistic fashion. While at times the main actress's decisions did not make sense, it was not detrimental.
Moral
- The issue of bullying in Korea (and I would assume the rest of SE Asia) is slowly coming to the forefront and therefore, this show brings in a new perspective to the issue.
Yeon woo
- Loved her in Pegasus Market and Momoland. Happy to see her have more screen time.

-Was good enough for me to look for the OST. Not the pinnacle of OST's but close enough.

Meh:

-Nothing ground breaking. Quite vanilla but it was still sweet.
-There was a lot more they could have delved deeper into such as main actresses family relationships.
-Teacher's were essentially non-existent in the drama, which is slightly unbelievable but at least subway made an appearance.
Characters could have been fleshed out a bit more.

Bad:
Consequences of actions
-Main protagonist (actual bully) remains unpunished. That story arc is not concluded.
-Secondary protagonist was quickly wrapped up with no real conclusion.
-Main Female lead's negative actions were quickly brush aside and unpunished.
Product placement was super obvious

, it was an easy to digest drama with the super cute Yeon Woo.
 mydramalist rating = it is a watch. Low/non-existent re-watch value.

Read More",라이브온
26,"Like the OST so much!
The story was good may seems cliché at some part but its okay. The building up is also good but i did get frustrated because they seems to give more filler than what i can accept but i guess the episodes will be cut to only  episodes instead of  episodes if there were no filler. And i would prefer if it's only have one main instead of three.

The acting, i like the first ML acting contrary to popular opinion. It suits the role just fine but maybe i have to watch his upcoming works to really decide if he is good actor or not. The other side couple did look awkward at some part but it's still bearable.

Lastly the music, OMG i like the music so much!!! it's absolutely one that give that suspense feeling to the story.

Read More",라이브온
27,"smiled like an idiot
This drama really had me smiling like an idiot while keeping me on the edge of my seat. This mysterious person who knows all of Baek Ho Rang's secrets isn't a plot device to be taken lightly. It delves into her anxieties and deepest fears and reveals a rather dark past, and the villain is just a bit more unhinged than I expected from a high school drama.

I really did not expect to like this drama as much as I did. This is one of the few dramas I picked up without reading any reviews, and I'm glad I decided to watch it. The funny thing is the characters alone aren't particularly likable, interesting, or funny (except for Kim Yoo Shin who is an absolute cutie). But this drama connects them all in a way that their relationships, whether it be friendship or romance, makes them so lovable. While I didn't find the main characters extremely interesting or unique, their relationship was just so cute and supportive, which I loved. Their first few scenes were tense (it is a bit of an enemies-to-lovers kind of trope), but as they grew closer to each other their bickering was adorable and their conversations were meaningful. Even one of the secondary couples-- at first I found the guy a little boring and the girl a little annoying, but their relationship was just so sweet to see. I normally hate cheesy things, but they were cheesy in the best way. Rather than focusing on physical intimacy, this drama emphasizes emotional intimacy that relationships have to have-- hence, the smiling like an idiot part.

I also really enjoyed how the chemistry between the main leads was built up. Not to randomly bring in examples, but in princess weiyoung, I understood why someone might fall for the female lead (she's kind, clever, smart, brave, and just a badass character in general), but I never understood why the male lead specifically would love her. In other words, what draws them to each other? But with this drama, it was the opposite, which I actually liked. Baek Ho Rang doesn't exactly have many likable traits that stand out (although she also is pretty badass and gives pretty good advice), but I understood why Go Eun Taek would fall in love with her. Their relationship was very well written in that time was given for them to get to know each other and fall into a routine, and of course, lots of adorable moments and meaningful conversations.

And the friendships! This review is probably going to be solely on the relationships between characters, but I just loved the friendships between all the characters. Specifically, all the friendships Baek Ho Rang had.

Some other notes:
- The humor was just slightly there, but I wouldn't exactly call this a humorous drama.
- The suspense and mystery, while present, wasn't exactly a major point. Maybe it's because I binged this drama, but I didn't really feel the suspense that much
- A detestable villain: I absolutely hated the villain, although I was also concerned about how crazy they were
- An open ending: the ending was just slightly open, as in a few of the relationships between characters (especially family relationships) hadn't closed yet. I was satisfied with the ending, though, and I think it's better open than completely solved
- This drama has great messages. Seek help when you need it and tell people what's on your mind.

I don't think I'd ever rewatch this drama, but I was very impressed.
Read More",라이브온
28,"A MUST WATCH WITH DEEP AND IMPORTANT MESSAGES
Such a good show and really underrated. It made me cry more times i want to admit and i wasnt ready to have my heart broken. I didnt thought that it would be so emotional and deep, i knew that it talks about school violance but they did such an amazing job both the writers and the actors that surpised me with how good they portraited bullying.
Everything in this show is great, the storyline is so interesting and it actually leaves you waiting to see what is going to happen next, it has the right amount of suspense and mystery, the characters are all well written with many layers, i really adore all the main six characters and the relationships they create, romantic or not. I love how they didnt drag the story even if we only got eight episodes (i believe that quality is more important than quantity).
I believe that everyone should watch it at least once because the message behide is so important.

Highly recommented!
Read More",라이브온
29,"It's  an amazing drama
This drama is honestly so slept on. I'm not much into high-school dramas or whatever you call it and I tend to lose patience while watching them . Just like most other people who watched this drama, I started watching it because of Minhyun. But while watching this drama, I couldn't take off my eyes from the screen for even a second. The story is really heartwarming . The way the actors portrayed their characters was on point as well. And it has only  episodes!!! It was overshadowed by other top rated ongoing dramas but it's still not too late to watch it. I highly recommend it.
Read More",라이브온
30,"won't regret watching it!!
I didn't think I'd ever write a review but here I am! I love the setting, the characters, actors, story, everything! I watched it because the uniforms are on the Zepeto app and they're so cute! Yet I started watching it very suddenly without knowing much about it, even the fact that it has only  episodes! The characters are so well thought out and not just cardboard cutouts which can be replaced. Also I love watching more recent school dramas because it seems more relatable that they use phones so much haha. There's only one thing I don't understand and that is people don't believe things so easily, I had thought that she'd have to provide proof (don't worry it's not a spoiler!) The re-watch value that I've provided doesn't really mean anything because I hate re-watching everything so ignore it. I wish I would write more for my first review but I think that this all you need to know, so jump right in and start watching it!
Read More",라이브온
31,"it was refreshing to watch a bright, modern day school drama. the plot was great overall, and baek ho rang's character development was very prominent throughout the whole plot. i also liked how the school lectures were somehow connected to the students' situations at the moment. growth and progression was clear throughout the plot and each character. what's also different about this drama was the inclusion of social media. it contributed to the modern day aspect of the story and helps show what student life is like nowadays. showing the wide use of social media makes the drama relevant to today's world. i feel like the theme of anti school violence could have been discussed more, but overall, i'd highly recommend this drama to anyone who's looking for a modern day high school drama. MOAs will enjoy TXT's ost and yeonjun's cameo hehe.
Read More",라이브온
32,"Came for the OST, stayed for all of it!
I came to this drama because of BIBI's OST but stayed for the storyline! What an amazing, to the point drama, there wasn't a moment where I had to fast-forward. Her anxiety is portrayed so well and the OST is mixed so well into the editing! The romance was the right amount of affection and reality. Not cringy at all but heart fluttering. I've watched many high production dramas and wouldn't say this one is an expensive high production drama BUT that makes it even better. The aesthetic of the scenes and the way the editor makes you feel the emotions is amazing. The acting was perfectly realistic. The hurt was so real that every time someone cried I was so captivated. I never write notes or reviews but this drama suddenly means a lot to me. The song 'Naan' or '난' fits the story really well and BIBI passed the message from the main character perfectly in the singing. I never said this before, and probably won't for a while but, this is my favorite drama in / years of watching these. Good job :)
Read More",라이브온
33,"Not bad but not good
Before I dive in, here are some things I want to stress about a / drama for me. It has to be captivating from beginning to end; it has to have a high rewatch value; it has to not have a part where I want to spam the ""skip  seconds ""button.

The storyline of this drama was ok. It was a typical love story, but the message behind the female lead, Baek Horang, was nice. Typical of a webdrama. It seemed like they rushed the side character's love story; the side character's love story didn't really play a part in the storyline at all. Some characters just had no contributions whatsoever.

As for the cast, you can say that the visuals are AMAZING! There were three idols actors- Hwang Min Hyun (former Wanna One member and Nu'est member), Byung Chan (Victon), and Yeonwoo (Momoland). Yeonjun from TXT also starred as Ji So Hyun's ex. At first, I didn't expect much except visuals but they each fitted the character so well. However, the chemistry and body language between the two leads was kinda off and uncomfortable for the viewer. On a good note, Byun Chan really portrayed his role to the tea. I felt mixed signals from Sohyun regarding her ex and her current interest. Jae Yi and her boyfriend's relationship was just all over the place.

I would reccomend FOR A WEBDRAMA. But overall, I would NOT recommend this title.
Read More",라이브온
34,"A Good Romance Drama
I didn't have much expectation from this because this was first time I was seeing most of the cast. But damn I am really surprised.

: This was a good story but I was kinda disappointed with the revelation like the build up was like it was gonna be some huge drama. And also the whole culprit was surprising.

Cast: this was my first time watching all of them. The cast did a good job especially the main leads. Dabin and Minhyun did a good job. The chemistry between them was amazing and the rest of the cast was also so good. The Actor who played Yushin really stole my heart. His smile and the way he literally turned into this scary guy was so cool.

 : I am in love with the music. It was so catchy and went well with the drama and its also so much fun to hear it regularly.
Read More",라이브온
35,"Truly beautiful
First I just want to point out how this show really hits home, I've been bullied before ( not to her extent) but I remember how much fear and anxiety I went through to convince myself I would be okay if I went back to school. And how I cared so much about how I was viewed in the eyes of other people. The FL is so strong despite what people might say about her being soft because HAVING FEAR IS NOT A SIGN OF WEAKNESS, FEAR HELPS US GROW. I could also relate with how the FL didn't want to be pitied, it feels AWFUL. The story was great, even the main antagonists hate was sensible. If you think about it, the origin of her hate is not centered around her being ignored. Its the fact that she was OBSESSED with everyone else's view of her, the fact that she and the FL were similar but somehow weren't on the same level made it easy for her to think, why her and not me? How are we so different? These thoughts also made it possible for her to target her hate at the FL. I especially liked how this show was realistic with how people react the moment they here something juicy ( gossip worthy) whether they have proper evidence or not, they just go with it. Now ain't that the truth! I loved how the ML was understanding to a certain POINT. What I mean by that is, when everyone was talking bad about her, there were points where he would just not have an opinion on it because he didn't hear her side. We all know that this can only last for so long because nobody can truly stay neutral and not get fed up with being kept from the truth. To summarize I loved how human they made him and didn't make it the type of romance show where people would have unrealistic reactions, especially ones that didn't fit their characters. ONE MORE POINT, I will make is THE CHARACTER DEVELOPMENT especially with the side character couple, it truly gave off the message that relationships only work with COMMUNICATION and COMPROMISE, obviously not everything will ever be perfect in a relationship and when their are problems its never only ONE PERSON THAT NEEDS TO BE FIXED...BOTH can make changes and I completely agreed with that message. I don't really know how to RATE acting so I just gave it a  because yes. LOL. I LOOOOVED the music, the main OST is Light from TXT. There was another song in the drama that was in english that I also loved but I don't know the name of, but that song just set the mood. If you're still reading this give it a watch, its amazing, its fulfilling, its just great. I HAVE NO WORDS. ( clearly I do but shh :) )
Read More",라이브온
