,reviews,title
0,"A sheer MASTERPIECE---except the last  minutes!

Anyone who knows me, knows that I am particularly hard rater. (I have only ever given one perfect  out of over  dramas watched). However, this ALMOST made my second, as this drama was utter perfection until almost the very end. Dark, mature, suspenseful. This drama had me on the edge of my seat each episode and desperately awaiting each week’s new chapters. Besides the ending, I LOVED everything about the show: the acting, cinematography, soundtrack, writing, and wardrobe. Everything contributed to an amazing story that was unlike anything I’ve ever seen!!

In this drama, Kim Nam Joo blew me away!! She was unbelievable. However, I must say, EVERY SINGLE person in the cast did a fantastic job. This drama had characters that were so layered and complex, that could tell a story based solely on their eyes and facial expressions. There are so many aspects that I loved about this drama and its characters, as flawed as many of them were. One of the best things about this show, was that it was riveting from episode  to episode , no filler episodes, and filled with intelligent writing with twists and intrigue throughout. Its only downfall was the finale where it floundered what could have been an epic ending. It is not that it is unhappy or happy and I disliked their choice. Instead it was lacking, weak, and inconclusive.

Originally, I did not start this drama until episode  or  had already been aired, as I had doubts about whether this drama was for me. I love romantic comedies and have never heard of the leads. However, I am so glad that I tried it because it has now in my top  dramas of all time. DO NOT LET THE GENRE OR CAST SCARE YOU OFF--or the ending!!! This drama is definitely worth watching. Highly recommend. :)
Read More",미스티
1,"*****This Reviews contains SPOILERS****

I discovered Korean dramas after discovering and falling in love with Rain in . I've seen many a k-drama and Misty is now the best drama I have seen in my -year k-drama life. IMO, it is perfection from the beginning to the last frame.

Every episode of this masterpiece is brilliantly written and acted. From a super compelling who-dun-it to complex, multi layered relationships. not only betweeen Go Hye Ran and Kang Tae Wook, but between Go Hye Ran and her younger rival Ha Ji Won, her boss/director, a female colleague, the protagonist Kevin Lee, and the devoted Byun Woo Hyun. Kang Ki-Joon, the tenacious homicide investigator, is one of the very best of the great supporting cast. This is a mature, sophisticated, complex, suspenseful drama that tackles marital strife, revenge, obsession, freedom of speech, corruption, class, justice, and workplace politics. I feel privileged to have seen it and I LOVED THE ENDING.

While everyone is entitled to his/her opinion, I find many drama lovers' need for some bullshit happy ending idiotic and infantile. The ending of Misty is % consistent with the narrative of the  episodes that got us there. I mean, did you really think they were going to move overseas and live happily-ever-after given ALL that occurred? Seriously, WTF did these people complaining about the ending expect? IMO, it really could not have ended better or any other way without compromising its integrity and greatness.

Again, best drama I have ever seen and I have no idea what I am going to watch next. CANNOT RECOMMEND HIGHLY ENOUGH.


Read More",미스티
2,"There was a point during Misty's run that it was shaping up to be 's Forest of Secrets. An intelligent script, excellent acting, striking cinematography and a haunting, beautiful score all combine into a compelling piece of television about a powerful woman trying to attain her goals in a hyper-patriarchal society: all the while rocking awesome pantsuits and never letting the cracks in her life show in public. Dark, mature and atmospheric with a powerful female lead, this show was amazing until the inevitable Episode  slide in quality that condemns it to being ALMOST the best show of .

Go Hye Ran has hit the glass ceiling but instead of quietly disappearing like older women are supposed to, she refuses to go anywhere. Fighting constantly against corruption, discrimination and vicious gossip, she has become cold, driven and untrusting but is fuelled by a strong desire for justice and a determination to win against all odds.

Kim Nam Joo puts in an exceptional performance as the complex, brilliant and uncompromising Go Hye Ran who is charged for a murder and represented by her lawyer husband, Kang Tae Wook (Ji Jin Hee). The rest of the cast also do superb jobs. Full of timeline holes, unreliable narrators, unlikeable characters and deliberate misdirections, this show will have you second-guessing everything you think you know about the characters to the last scene.

Which brings us to the ending...

Like a lot of people, I was very dissatisfied with the ending and found the finale overly-long and self-indulgent. As can sometimes happen, what I thought was the main point of the drama and what the writers thought was the main point of the drama diverged wildly around the end of episode . As such, I found the last episodes frustrating, watching time tick down to a finale that I knew wasn't going to contain resolution to the plotlines I cared about. The ending in particular I found depressing in a way the rest of the drama - however moody and dark - wasn't.

Textually, in terms of the shows themes, I personally found the ending contradicted what (I thought) was the point of the show as a whole. In that respect, it negated to an extent the show's message. It is this - the negation of the show's underlying point and a resolution that is ultimately depressing - that makes the ending so bad.

However despite my frustration with the ending, this was a very good piece of television overall.
Read More",미스티
3,"Before I ""officially"" start this review, I'd like to just throw this piece of appreciation out right in the beginning, lest I forget later on: I love that Misty kept the atmosphere of the drama consistent throughout all  years episodes. I have seen absolutely wonderful dramas suddenly change tones in the middle of the run and become horrible, something I was SURE Misty was also going to do considering how delicate and dark the show is (and hence, hard to keep a firm grip on.) I really commend the writer on this part.

Now...onto the actual review.

Plenty of other reviews all the amazing things about this drama (atmosphere, acting, relationships etc.) I won't really touch on that, not when other great reviews have already pointed them out better than I can. What I WILL touch on is the parts other reviews skim over most of the time: the not-so-amazing parts.

Let's start with Go Hye Ran's relationship with our main guy, Kang Tae Wook. Maybe I'm too basic for this stuff, but their romance made no sense, especially with that ending. % of the drama is spent with the two ignoring each other and barely talking. Then, all of a sudden, you want me to believe they're in...love? Lust? Because neither of them have gotten any in a long time? It's really disappointing considering all the other great relationships in the drama, with Go Hye Ran and her entire Newsroom team, Kang Tae Wook with his fellow public defender, Go Hye Ran and her reporter friend etc. It shows that the writer is capable of building credible relationships, but somehow, somewhere, fell flat on the romantic ones.

This point wouldn't have annoyed me as much if it hadn't been THE MAIN POINT OF THE DRAMA. The basic story is so fresh and new, of a love-less couple falling in love with one another while the husband defends the wife from being charged as a murderer, of eternal loyalty and blood trumping all others etc. Gosh, was it too much to expect a little more relationship development for what is essentially supposed to be a love story? I hope not.

Some side characters weren't always very likeable, in the sense that I couldn't, for the life of me, understand why they did what they did- Ha Myung Woo (...a guy with a  year old ""crush"" on Go Hye Ran?) and Go Hye Ran's boss (sorry, too lazy to search for his name on MDL). Ha Myung Woo because the way he was written was so sloppy and strange, like really, you expect me to believe he does everything he's doing because he loves Go Hye Ran? What? It logically doesn't make sense and the writer doesn't try to make it sound logical either. Maybe that's the intention. Whatever. Go Hye Ran's boss was also someone who was very inconsistently written, with his being Pro-Go Hye Ran at times and Anti-Go Hye Ran in the other. He seemed like more a minor catalyst for future events than a fully-fledged supporting character.

Read More",미스티
4,"[Spoilers alert]

""I had always thought that I had everything. But, when I open my hand there's nothing. Perhaps we try to catch thing that are impossible to catch. Is that why we live life like we're crazy?"".

My gosh. I lived for that last words.

When Misty was over my heart break up. Since trial's chapters, when little details about truth did show up, I was begging to gods for a happy ending. But when Hye Ran, referring to Myung Woo's murder, sayed to Tae Wook: ""if he had listened to me, if he had believed in me..."", I realised that a break point happened before we noticed it. If everthing would have been perfect, this would not have been the greatest drama of season.

I really (really, really, really) wanted to trust Tae Wook's unconditional love. But Misty is not (just) a sweet romance, there is a lot of thing behind main couple. Relationship between Hye Ran and Tae Wook felt real (not just realistic), but also felt strange and twisted. It is not coincidence that Painful Love's verses (courtesy of Lee Seung Chul) sounded like a dark echo: ""Love is love / it’s only a wound"".

Tae Wook's wounds took Kevin Lee's life. His death what was a stupid mistake caused by a rush of anger, jealousy and sorrow. What tell us the truth about Tae Wook: he was a man madly in love, crushed by his manly pride. And that fact emptied Hye Ran's heart forever.

Everyone hoped a twist as the last chapter approached...Well, I don't know if this strange finale was all that everone was expected. Myung Woo's act for sure surprised us, but that's all. I liked a lot the ambiguous ending, it seems that the viewer must suppose what happened and live with uncertainty. Still, it was very bittersweet. It suits to drama's narrative: thuth came little by little, until leaving us dissatisfied. This is living.

Go Hye Ran is probably one of the best characters of kdramas' history. Her brave and fierce personality make her too attractive, we understand why men around her fell for her so deep. Like a human, more than a woman, she serves as example that we have rights to be greedy and harsh in our road to arise. Even if she was mean, even if she lost a lot... she put her ambition and dignity before anything.

It is very hard find a character with so much personality, so aware of its own limitations and desires, so capable to continue when its decisions lead it into disaster. Hye Ran knows what means asume consequences of life and charge them on her own shoulders without any embarrassment. She lived for herselft, but also lived for her news, wicht means that she lived for truth. The question is, does she regret it?

However, I will thanks to Kim Nam Joo for gave life to Hye Ran. Damn, this woman has passed six years out (of small screen) and returned to performance an apassionate character with extraordinary ability. To me, she deserves a big prize, this will be a great hit drama just because of her. Call me fangirl, she was so stunning and gorgeous that I'm still excited.

Misty recreated life's worst look. It teach that all of us walk always pushing others trying to survive, but also exist many people trying to take us down. This is a (man- corrupted) world where our paths are full off painful betrayals, sharp fights and sad burdens. But at last, you only live for today.
Read More",미스티
5,"This drama was really good. It's well written and it has a lot of chracters with different stories in their hard lives. This drama is very mature. It shows the life of the protagonist and her broken marriage. She only cared about success and anything else until she met the pain, her world was falling apart. I don't want to be one of those persons who review a drama and write a book, I will be short. The acting is amazing, the story is well written, until the end you will be wondering things. The series finale, I didn't like it. If I recommend this drama? Yes. It must be the second best drama of  so far. The music was amazing too, beautiful and sad just fits the show. The rewatch value is  for me, I don't like re watching shows never again but maybe in a few years, it depends on each person.  I will give it a  just because I didn't like the series finales, I think there's a lot of things missing still. But overall it was a great drama, it never gets boring, it's always amazing. You should give it a try, but you should be mature enough to watch it to be honest.
Read More",미스티
6,"Misty depicts the struggles that Go Hye Ran faces to stay relevant in the news world as a prolific and respected anchor. As the story sets up an incredibly twisty plot, this drama delivers on some very compelling characters. Nam Joo is the star in her role as Go Hye Ran. She is breathtakingly gorgeous in this role with her collection of pant suits, winter coats and slips. She is always dressed to kill! What a powerhouse!

Though the who-dun-it story is mighty twisty, I was most intrigued by Go Hye Ran’s plight to stay relevant in an industry that keeps trying to push her out as she gets older. I appreciate that this drama created such interesting and nuanced female characters.

Misty has an overarching theme of questioning people’s dreams and motivations. What leads to their happiness and how far will people go to attempt to attain that happiness?

As a whole this drama offers an intriguing plot with compelling characters. Though I did grow a little tired of the court room, the stunning performances kept me engaged as a whole. This drama kept me guessing throughout! , this is a well put together story.
Read More",미스티
7,"This is such a sensational drama, that truly does stand out from the rest. Personally I loved it from the beginning and I was so invested by it that I even considered it as the most well done crime mystery drama at some point. It is really hard to objectively rate this drama as it takes some unexpected turn and I'm still not sure how to feel about it.

I originally started Misty because I read somewhere that there is a strong female lead in it. That was enough reason for me to watch at least the first episode. However, once you finish this very first episode, believe me, there is no way back.

Go Hye Ran is a strong ambitious woman who works as an anchor for a news station and is considered as the best in her field. She has set clear goals in her life and she is ready to do anything to reach them. However behind her success, there are a lot of sacrifices, hard made decisions and her personal life is a mess. One day, she becomes the prime suspect for a murder and her husband who works as a lawyer will try to clear her name. This is the initial situation, I really can’t say more without giving you some spoilers so I’ll stop here.

The storyline is perfection. From episode one to the very end, the suspense and mystery are present and you will struggle to restore the truth behind the appearance. Every time you think you have the right answer, new facts will arise and make you establish new theories and doubt new characters. Misty, indeed.

The actors were all great, especially Kim Nam Joo who is the highlight of this drama. She is so incredible that now I can not imagine someone else for this role. I believe that the most important thing in this drama are the characters and their development. The choices they have made through their lives and where those choices have brought them. Did they made the right decisions? How far did they go to reach happiness?

I have to say one word about the stunning camera work. The cinematography is truly beautiful, the camera captures the essence of the thematic through aesthetically pleasing angles, colors and framing.

But then I have to say a word about the fashion design as well. Go Hye Ran is one of the most well-dressed woman I’ve seen in kdramas. So many screenshots on my computer and how many times did I thought « I want to dress like her when I’m older ». Classy and elegant.

The music plays an important role in this drama and fits perfectly to each scene. While it adds more effect to the suspens and more impact to the action, it also manages to capture our hearts with the beautiful, nostalgic and calm soundtrack.

My only regret is the ending, as a twisted drama I was expecting something more till the very end. A lot of people say that the end is just fine for them and I tried to make up my mind as well but I can’t hide my disappointment. With another ending, I would give this a / for sure.
Read More",미스티
8,"This is one of the most well-written dramas I have ever seen! Although not so much for the ending, it managed to keep me on my toes for  hours straight! Almost everything was well written. The plot, cinematography, seasoned casts - especially the two male/female leads - simply put: awesome, although it is not without flaws. It's been a while since I can actually feel the thrill of post-kdrama-marathon watching, yet I did after completing this drama. I was never a fan of melodrama, yet this drama grabbed my attention down to the last episode - except for the last  minutes. I will definitely look for this writer's work again.
Read More",미스티
9,"Honestly, it's not terrible, just a middle of the line drama. Somewhat edgy because of the more mature themes in it, but the story overall fell flat as it got more and more convoluted in the last few episodes.
PROS: Does a good initial job of building up the suspense of the mystery, good chemistry between the actors and pretty good acting overall. The MC . is pretty well rounded.
CONS: For all the building up of suspense, the payoff is lacking...especially for the question of their marriage imo.  tended to kinda drag on towards the end and the convoluted plot was a little confusing to follow.
I think this is definitely an ok watch if you go in prepared for an intense tone and don't expect too much of the ending.
Read More",미스티
10,"You know what's interesting? I have enough reasons to give this drama a  and enough reasons to give this drama a , lol. Jokes aside misty was a great, worthy drama that had its issues but offered  hours of thrill, fun, supsence but also irritation and honestly anger. A drama that can do that much deserve a  in my book

STORY
Misty is all about feminism and we appreciate a feminist icon like Go Hye Ran. Dramas usually showcase women who need to be saved or supported in some way, most of the time showing no real interest in a career or general self development and that's called being cute and is celebrated somehow (main reason I dislike most rom coms). That being said, misty won my first vote by saying no to that and creating a powerful character putting her in the center and making this basically a one woman show!

Go Hye Ran, is a memorable character that you will either love or love to hate. Either way she will leave a mark. It felt really rejuvenating watching a female lead who, yes is a bitch and will stop at nothing to get what she wants, but is not evil. Hating her should have been easy but there was something so real about her that draws you in. All in all the female lead and her well rounded and strong personality was the first pro that pretty much makes this drama a must watch.

Moving on, the plot, ah yes, can I say it doesn't get dragged? Sadly no, it does during the middle, but were the dragging parts boring and unnecessary? Not really. Everything was well thought out, nicely written and even when the drama makes you say, this is dumb, there is a reason it is dumb.

Generally, The show is a crime mystery thriller to be honest with splashes of romance melo, office and legal drama. On the whole, It could have worked with less and smaller episodes. On the negative side of the drama, Some situations were exaggerated and stretched and what annoyed me is that they quickly got undone usually in the next episode. Sometimes unnecessary developments were done, sometimes not, mostly used for wow factors, while the dumping down of certain characters who were just stupid for the whole show to work was just ridiculous and honestly, infuriating.

Having said that, read some comments complaining about a bad ending. Yeah, cause if the ending is not ""pretty, wrapped in a perfect bow"" as a viewer perfectly wrote in the comments, it is instantly bubbed as awful by drama watchers. Whatever. The drama's roots are set in a harsh reality, there is no good and bad guy, no hero and villain. All the characters felt real living in a grey area of what is right and wrong. A breath of fresh air for me, exactly like the ending. No it's not pretty, but life isn't pretty anyway. The ending made the drama that much more memorable and somehow it felt fair.

I especially appreciated certain characters' development and I loved the rather healthy representation of office drama along with the existence of friendship in the characters' lives. While, I can easily name as the highlight of the drama, the fucked up romance. The drama can be misinterpreted as ""how to randomly obsess over a person who never did anything for you"" and call that ridiculous and move on, and ok I respect the makjang of this whole thing but it was much more than just that.

Having said that and as far as the mystery goes, it isn't anything groundbreaking but it is carefully written. What actually excited me however, is that you can easily see what is happening, read between the lines, but you are so invested in the characters you refuse to accept it. The drama builds up and then slaps you in the face, hard. The final episodes offer a plethora of twists, almost none of them were uncalled for, on the contrary everything made so much sense in retrospect, but I just didn't want to see it. Good writing. I rejoice.

ACTING
Acting was strong as expected. Kim Nam Joo made the drama hers and snatched a role to remember for sure. However, nothing would have worked without the immaculate Ji Jin hee (who's been getting hotter with age). I applaud him on always choosing such special roles.

Especially memorable was Jin ki Joo though and I look forward to seeing more of her.

RECOMMEND
All in all, I do see how this might not be a drama for everyone, but that doesn't mean this is a bad drama. I was at the edge of my seat pretty much the whole ride. Worthy drama a for a try, especially if you're into crime mysteries. Steer clear if you need for fluffy romance fixed, this a show for grown ups.
Read More",미스티
11,"Firstly, for me, it's not thrilling at all. I can predict what is gonna happen in most of the so-called thrilling scenes.

They have a good story behind but it can be developed much better. There are still a lot of weak, illogical scenes and the supporting roles have very unclear personalities. Maybe if the drama is longer, they can develop the characters better and link the scenes better. Sometimes things change too quickly and therefore, unconvincing. However, I really like episodes  to , i think those episodes were well made. I agree with some people here that the ending wasn't very good. I dislike their choices at the end, it was just weak.

For acting, the reason i gave / is because of the supporting roles. The  main characters husband and wife were no doubt really good acting but the  supporting actors in the drama (both are the wife's ex-bfs) should really develop their acting skills.

In general, the drama was not bad but I am generally a hard rater so you might like it better than me :)
Read More",미스티
12,"Kim NamJoo was A-M-A-Z-I-N-G ! Not only she is one of the most beautiful Korean women of her age but on the drama she was always dressed so chic , her hair was on fleek , her make up on point.... I think I fell in love with her....

The scenario was REALLY good. A complicated love story , love affairs, a mysterious death ( even at the end I couldn't believe that he would kill him) , suspense and anticipation in every single episode.

The OSTs were the bomb.com too

This drama was a masterpiece. I don't think I will ever find something similar to this ;(
Read More",미스티
13,"Well , this is my first review to a show after watching more than  korean shows. Lately I had given a gap to korean dramas because of the more fluffy shows with out in depth meaning or any lingering moments after investing a hell lot of time. But then I came across this PURE GEM.
The story is well sorted out, brilliantly scripted ,directed ,acted. Not a moment will you feel a lack of perfection. Even till last second you will be hanging at the cliff.
Many complained about the ending. But that's wat makes it a beauty. It was like reading a poem,soo much meaningful that the ""the smile"" hye ran gives at the end will summarize the entire series for you. The way it ended gave the series perfection.
There are moments which are pure gold, dialogue rendering which makes want to go back and hear it again.
I would call this a pure love story of modern times. The self sufficient heroine and her loving husband. You will wish you had a kang the wook for youself... I still hope I can find one.
So if you are pondering whether to start it, just start it and you will be blown away. You will love it if you are a fan of originality.
Soo much of verbal diarrhea bcoz the show is soo much underrated... loved the show till the end.
Read More",미스티
14,"This drama was an amazing drama. One of the best I have ever seen. With only one exception. But I can‘t talk about it, because I don‘t want to spoil you, guys.

: The  sounded very promising. It has it all. Drama, tension, Melodrama and happiness. A drama which has it all can be top but it could be also a Flop. Misty was a top.

Acting: The best was the Acting, honestly. Although the story was amazing, too. Kim Namjoo is an amazing Actress. It was my first drama with KNJ, but I want to watch more with her. She has experience because of her age, but she doesn‘t look like almost  years old. She was amazing as a famous and arrogant News Anchor who is married to a Man who seems to love and also hate her. Her Arrogance doesn‘t fade away when the public suspects her of murder.
Ji Jinhee acts as her Husband who is a former Prosecuter but works now as a lawyer who doesn‘t make much money. He comes from a wealthy Family and loves his wife even though he seems to be very cold. He has a reason and I could understand him very well, even though I could feel with KMJs character. JJH was very good and in my opinion this role was his best so far.
Goo Yoon played a major supporting role and a Key figure in the whole story even though I asked myself long enough why he was so important…. His acting was very good and...he is really attractive^^.

: The Ost by Lee Seungchul was amazing. I put it to my favourite OST and I think it was the best thing to do so. It is dramatical but also sad. I think it suits the drama very well.

I recommend this drama to people who doesn‘t care about the age of the Actors/Actresses or about some secenes, because the first episodes show a little bit. In Europe it wouldN‘t be mentioned but in SK it was rated ...
Read More",미스티
15,"This is such an interesting drama. One of the best drama I've ever watched.
We can never predict whats gonna happen next this is so unique and has a great actor/actress.
While I was watching, I can never guess who really killed Kevin Lee so you'll got curious and you will really have watch it until the end.
Must watch!......................................................................................................................................................................................................................................................
Read More",미스티
16,"*May Contain Spoilers*

Misty was an amazing drama and I enjoyed every part. It was thrilling and exciting. The episodes did not drag and there were no fillers. It got straight to the point. It is one of those rare sophisticated dramas that shows the true nature of humans. There are lots of emotions flying about whilst you watch each episode and it gets you curious. The editing and cinematography was brilliant.

The actors were truly amazing; they all did their part to perfection. Credit to the casting director for casting the correct people for the right role. Many dramas nowadays are filled with young actors and actresses or idols portraying an older person which is not quite believable or similarly a young actor that is already high up in the job market. Such plots are not quite believable especially to those that are working adults. I was quite delighted to see a stellar cast filled with people fit for their role. Kim Nam Joo was amazing as her portrayal of Go Hye Ran.

The main focus of this drama was Go Hye Ran and the people surrounding her and her affect on these people. At the beginning, Go Hye Ran is shown as a cold, selfish woman that wants nothing but to go as high as she can up the employment ladder. In my opinion, I don't think she was selfish but I don't agree with some of her methods. Similarly, many people would dislike her for the way she used her husband for her own benefit; added him to her tactics. But, she had been truthful to her husband from the start and told him that she is going to use his name.

As the drama progresses it delves deeper into Go Hye Ran's character and we see that there are some misunderstandings at some points. Go Hye Ran is simply a human being that wants the best for her life as she didn't get the best childhood. She showed that a person growing up in poor circumstances can still succeed. The drama did a great job in showing the changes in her character.

Many comments I have read have blamed Go Hye Ran for the other character's downfall and one specifically said the drama was in the view of a villain. I, for one, do not think that Go Hye Ran is to be blamed for the other character's downfall and misery. It was their decision to do the actions they did. Go Hye Ran did not tell them to do anything for her but they became too infatuated for her.

The ending was great albeit quite sad but it was a true ending. I can't imagine how they can have a happy ending after everything. I was especially sad when the audience in the end asked Go Hye Ran; Are you happy?

Throughout the drama, many of the characters ask her if she is. I don't think she answered any of them because she wasn't.

That sad, tearful smile at the end tells it all.
Read More",미스티
17,"""Misty"" is so underrated and it is so good that it seems a drama from OCN, and it is no lie that OCN has the best mystery dramas.
-STORY
To be honest, I actually just ""liked"" the story, it was a mystery story with a good amount of romance, at the same time.
Everything is so well written, that every episode is so enjoyable and nothing is messy.
-CAST
Kim Nam Joo brought us a strong and independent lead female.
All the cast was awesome, and all of them did an excellent acting.
So why did I give a ? Because of some characters: The investigador started do be kind of annoying; Eun Joo was so blind because of revenge and from her point of view, everything was ""unfair""; Myung Woo didn't show any feelings or emotions.
Also, age doesn't define beauty. Kim Nam Joo is  years old and she is so beautiful and sexy. Same with the male cast.
-OST
Yeah, the music was good...well placed....
- THE END [NO SPOILERS]
Since the beginning of the drama that I had guessed how the victim died, so I was not surprised when they discovered it, but while I was watching the final episode, I was disappointed about what was happening. But, in the very end I totally loved it. It was the kind of ending I love!
-OVERALL
Such a good, dark, mysterious, mature and romantic drama.
For me, the drama was really good, but I don't understand why this drama is so underrated...
If you are looking for some drama like this, I highly recommend ""Mistress""
Read More",미스티
18,"This drama is mind blowing from start to end. So much that is unexpected happens, that you never get a chance to get bored. The plot just kept getting more and more twists to the very last minute. I also have to mention that dramas with such mature and realistic themes infrequently emerge, which is another reason for why I love misty. Also, I rarely if ever like a female lead in dramas or tv shows for that matter, however, Hye Ran has such charisma to her, it is amazing how the show revolves around her and never disappoints. In fact, who she is steers most of the plot. I really hope more dramas like this come about. I recommend this show to anyone who wishes to go on a trip of realistic, intriguing, unexpected and heartbreaking events.
Read More",미스티
19,"Coming from another asian country, it is a recent activity for me to watch a Korean novela. I must say this drama is well written with a very fluid storyline. Sequence of events are well thought of. It has an almost perfect choice of casts except for the investigator. I had in mind someone with a more reliable looking personality. Each of the character delivered excellent acting fit for the role portrayed. The overall cinematography is beautiful. I am in awe with the good choices of outfits and clothings so right for each of the character. The overall emotional impact is nerve stimulating.

Having written the words which i thought best suit this drama, it is in my thoughts to watch this again.
Read More",미스티
20,"Misty - The Ending is Up to Us Viewers
Much has been said and written about Misty, especially its ending. But that just proves how ""misty"" this KDrama is. That's how life really is. Nothing is certain. Everything seems ambiguous, vague.

Many times, a fine line separates right from wrong. We always face a dilemma. Choices. And the result may not be what we hope for. So with Misty. This echoes in all the  episodes. Viewers are always face with questions.

Basically, Misty is a tale of an ambitious woman, craving for happiness, success, and acceptance in a male-dominated society. And Kim Nam Joo, the ambitious news anchor Go Hye Ran, won Best Actress In the th Baeksang Arts Awards. Misty is also a who-dunit murder thriller.

But let me focus on Ji Jin Hee, the husband character. He's only done  villain role. A ""vampire"" doctor in Blood in . Is he also a villain in Misty?

Ji Jin Hee is known for portraying the good guy. The righteous, honest, noble, martyr, handsome husband, father, son or colleague. Yep, in Misty it seemed that way. I feel for his character, Kang Tae Wook. Marrying a woman he truly loves, but doesn't love him back, who aborted their child for the sake of her ambition.

He's a good guy. And he even chose to be a low-earning public defender over his previous high profile prosecutor status.

What he's done is quite relatable. Many men would side with Kang Tae Wook.

Kang Tae Wook's only fault was loving someone who didn't love him back. Giving his all and not leaving some for himself. And when she realizes she loves him, it seems too late.

The scene faded. The drama ended. The ending is left to the audience. Just like its title, it was Misty at the very end.

Ok. Ok. I know many were disappointed with the ending. What ending? It's open ended. Up to the viewer to decide.

For me, I sensed a glimpse of hope with the  characters in some scenes in the last episode. And they deserve a second chance. They deserve to be a happy, as a husband and wife who love each other.

So I would think Kang Tae Wook didn't crash his car. He came to his senses at the last minute, and drove straight to the studio to be with his wife.

And Go Hye Ran? She was just overwhelmed by the question. It took her quite some time. But I imagine she would answer, ""Yes, I'm happy. And my happiness is my husband,"" with the camera panning to Kang Tae Wook who just arrived at the studio, holding a bouquet of flowers.

Misty has a great cast, superb cinematography, onpoint background music, well woven story.
Read More",미스티
21,"A woman who gives as good as she gets, so refreshing in kdramaland!
This drama is beautifully complex in that the beginning is straightforward but when it gets to the home stretch, things suddenly look a lot different than previously thought.
It's a cinematic feast for the eyes, the production, the costumes, the set, the acting are all top notch. It's a wonderfully mature drama in that it offers no cookie cutter solutions, the characters are multi-dimensional and FLAWED, something which I really appreciated because it makes the story so human and realistic.

I enjoyed the way the show segues neatly from a murder investigation to an exposé of corruption in high places (although this exposé thread was not fully explored at the end, which was disappointing)
I enjoyed the depiction of the truth of life shrouded in uncertainty, the depiction of unpretentious love and the all important life lesson that the choices we make do have consequences.

This amazing drama was brought to life by the outstanding cast. Kim Nam Joo deserves a very special mention for her depiction of Ko Hye Ran, a woman who is unabashedly ambitious and determined to achieve her goals at the expense of everything even love and family, while still maintaining her professional integrity. ( In my opinion she's a character whose integrity is impeccable professionally but not in her personal life ) Her performance is powerful and she is stunning and impressive, a strong woman who makes her own rules and achieves her goals.

Ji Jin Hee as Kang Tae Wook is wonderfully nuanced and subtly resonant, an actor who can act with his eyes, his performance was consistently excellent.

Jeon Hye Jin as Seo Aun Joo is an interesting discovery for me, she is a very good actress and I'd love to see her in a leading role.

Ahn Nae Sang ahjussi deserves a mention here as well although I've only ever seen him in roles where his character is contrary, but he's an excellent veteran actor nonetheless.

The whole cast is superb and they all had great chemistry especially the News Nine team.

The ending of this drama raises some interesting conundrums, first of all there are a few dropped threads and unanswered questions and second I got the distinct feeling at the end that Show was telling me that powerful women destroy men; this contradicted and negated everything the drama had told me in the first fourteen episodes. This doesn't ruin the Show by any means, each viewer can draw their own conclusion.

The music is evocative and fantastic, I loved the violin pieces.

  out of 
Read More",미스티
22,"Hard to Start but Stayed Up All Night to Finish It
I had really hard time picking between  or  to rate this one. It personally took for effort to get into but once the plot got rolling, I was so addicted I sacrificed sleep to keep watching, an action I have not had for a drama in a really long time.

: As I stated above, the story was really hard to get into at first. There is no fluff there. It dealt with themes that I am not used to in dramas (or, that I am not used to the protagonists displaying, more accurately) and the personality of certain characters, particularly the female lead, was really hard to digest. But as the drama kept going, especially around the mid-way point, I noticed just how intricately everything was placed. Things did not happen because the plot was just 'written like that' - there was a precise mechanism of action that lead to major events happening. I loved how events in later-on episodes referenced past episodes that made it come full circle.

As the plot thickened, the characters also grew depth. The story is in large part character-driven so part of the reason the plot is so seamless is because multiple characters make decisions that move the plot forward. If a single character had not made the decision they did, the plot would not have ended up in that direction. Although some characters can be frustrating and others disappointing, almost all of them have a reason for behaving they way they do. In short, active, well-written characters. At the heart of it was Go Hye Ran, who I went from unlikeable to grudging respect to full blown admiration to utmost devotion. She is one the best-written female leads I have seen recently. I like how her character goes through major development yet her essence remains unchanged through out the show. I love how though she can be ruthless, unpleasant and use unconventional means to get her way, she always plays thing straight. She lays her trap out and waits for others to get ensnared. If you did nothing wrong, you would never have gotten caught. And I also like that she (or almost all of the characters for that matter) do not get to escape from her flaws. I also had a very soft spot for Director Jang and Office Manager Jeong.

Acting/Production: The acting was top-notch from the entire cast, especially our two leads. The female lead in particular; it is very hard to pull of that kind of role but the actress did brilliantly. The production was also astounding. I'm not the best at identifying cinematography stuff but the lighting and camera angles and frame shots added so much depth to the story.

: Definitely added to the mood. I particularly loved ""Painful Love.""

: Seeing as I watched this  years later, I had already knew the spoilers. So, going on with that knowledge, I still thoroughly enjoyed the drama. In fact, I may have enjoyed it even more since I could look at events in a different light.

I think, more than the plot itself, this drama was also about themes. Some where addressed directly, such as success vs happiness, love vs obsession, greed & corruption and internal/external locus of control. I liked how the dramas slightly glamourizes but does not glorify themes that it should not, such as corruption, greed or violence. One interesting theme I feel like the drama addresses subtly and almost lampshades is gender roles and the concept of men needing to be protectors. Several men try to do things for our female lead in the name of protecting her, but it is interesting to see the effects of that so-called protection play out.

All-in-all, this is a drama I highly recommend and hope to see a similar caliber of in the future!
Read More",미스티
23,"Wow.
I really liked the story and the overturning elements. It was really interesting to see how the ambition and the egoism of different people can interfere with the life of others. The only sad point was the ending, I actually did not understand the conclusion of the story. Everything was good till the last episode when the ending was presented. It was a little odd, because the some characters are keeping on not understanding others efforts. So I did not found really just how the ending was and how some characters were egoistically acting. Maybe because I do not like egoitsic acting and blaming of others. But anyway was an interesting drama and I would like to suggest many people to watch it.

To talk about the personages, I particularly liked the character of Go Hye Ran, so cool, and in the same way strong. Although all the hardships in her life she managed to keep living and going on. How we can consider it a successful life is to question because the variables that she could not control or keep track of had a big impact on her life. She wanted to keep on going, sometimes seeming as like she could do anything for success but in the backstage it was not the case.

About the casting I can say that it was a good choice to cast Kim Nam Joo and Ji Jin Hee. They were good on delivering the feelings, sorrownes, bitterness, and others to the viewers.

Thank you for such a project to all the production, the writers, and the cast.
Read More",미스티
24,"Should have been called Misery
Misty ()

I just finished this  mins ago and still processing the ending ? i know why they called this Misty but i think Misery is more appropriate.

Likes
. Hands down the twisted relationship between Go Hye Ran and Kang Tae wook! ? Their palpable chemistry and Kang Tae Wook's angsty eyes were so sexy yet so sad. I just wanted them to live happy ever after.? (and Ji Jinhee just went straight to my oppa collection ? Cant believe i've been sleeping on him for years!!)
. Go Hye Ran being so powerful and successful. I loved what Han Ji won said to her, ""i dont know about respect, but I know Go Hye Ran always win.""
. The fashion. Go Hye Ran's pantsuits and her different shades of lipsticks. Kang Tae Wook's gorgeous coats and turtlenecks.
. Director Jang! I normally hate all the characters that Lee Gyun Yeong plays but this time he was amazing!
. The whole murder-Kevin Lee affair at the start got me so hooked with the story. It was short but Go Joon nailed the playboy Kevin Lee. It was fun to think of who killed Kevin, how and why.

Dislikes
. The super incompetent Detective Kang ? i loved it when Taewook's assistant shouted at Kang to do his job properly. Can't believe he has worked as a detective for  years and arrests people based on bias and circumstantial evidence. Oh and the trial was a big mess.
. There were some plotholes and other questions that were never fully answered but in the end it didn't really matter anymore.
. The last  episodes lost focus of its original intention. Hyeran let go of her principles and it was a little disappointing. I already knew this will never have a happy ending and i would have been happy upto the second half of the last episode. Ha Myung Woo's sacrifice didnt make sense and was all for nothing because of the last  mins. But i understand why the ending was that way. That final scene when Kang Tae Wook said, ""Are you happy?"" And Hyeran was crying ?

Rating: / ( for the story + for tragic lives of the leads)
Read More",미스티
25,"Absolutely stunning.. despite some little details I could not bear (no spoiler), I must give this drama a full .It worth watching even if you don't agree with the ending.. It worth for the strong adult story, the crime scene, the OST, even the annoying detective..For people that doesn't accept the ending, I mean they deserve this kind of ending, I will not say anything more, but HEY this is NOT a typical korean drama with a nonsense ending ..!! I loved even the ending, It gave me goose bumps..!!!!I loved every single characters of the story and the actors were all amazing..!!! ......this is a MASTERPIECE!!!!!
Read More",미스티
26,"It was great up until the last episodes. One of the dramas that shows the best a female main character that is not only strong, but ambitious and perfectionist at what she does. At first, you may hate her a bit for how pitty she acts, but she's way stronger, smarter and better than the first impression. She's great at her job, but as much as she is a genious as an anchor, her life and humanity/emotional intelligence are a mess. There is no ""women are pure and innocent"" here. No ""Omg he kissed me!"". There are also sexual harassment/rape subject being discussed, so I recoment not to watch If you are triggered by it.

They criticize the sexism, specially with ""ageism"" (status of a women being entirely based on how young and pretty she looks), the unfairness, the justice system, the corruption of the richests, the jealousy, the hatred and many other bad emotions. Basically they rewrite the term ""don't judge a book by the cover"" as a drama, and they remember us that ALL characters are ment to be like humans, and nobody is perfect. Nobody is a Saint, nor a complete sinner. But everything we do may affect our lives and the people around us.

The end just ruined it to me. They turned something great into a smaller and pitty situation when it could have been way bigger. I do understand their intentions, but they lost many better plot conclusions.

I do recomend watching, tho. Just... do not care about who the killer is or the reasons. The characters, acting, and side plots are worth it.

(PS: I would say Hye-ran seems a bit like ""Korean version of Annalise"". I felt like watching episodes from How To Get Away With Murder because of her personallity and actions in some scenes. Obviously, not totally the same, but their vibes and main strenghts/weaknesses are somehow similar)
Read More",미스티
27,"The first episodes with Go Jun were quite electric, thanks to Go Jun's next level chararisma. Also from the start, the scenes where Hye Ran was endlessly being hit in the head with the glass ceiling were painfully realistic (am fond of painfully realistic).

The series went downhill and got quite boring with the crime and court and political corruption storylines taking foreground in the middle part. It took me ages to finish this. But the last  episodes were again quite good.

Hye Ran was an ambivalent character, she never got treated justly, and still fought and concentrated on her values as a journalist. I was left thinking, that the series overall seemed to see it right for her to be punished for her career focus and ambition in a men ruled world. Anyway, the husband was quite a lame character in comparison.

How Kevin Lee and his wife both played disastrous mind games with people, out of their own petty grudges, could have been foregrounded more in comparison to the politics and media themes. But all in way, I'm glad I didn't drop this although my rating went from  during the first episodes to finish with .
Read More",미스티
28,"This drama is Structurally cohesive and Have intriguing plot. Also Beautiful cinematography. So What's lacking? Acting of the lead couple. They lack passion and subtlity what makes drama like this enjoyable. Their scene at times doesn't add up to the story because their lack of subtlety. So at times, we end up rely on visual story telling, dialogue and their adequate acting to follow the story the main character without much our feeling involve. So everything they do feel insincere. It's just doesn't work for me.

It's also can't help with how the story is more The emphasis how and who is the murder, instead of dig deeper and add more complexity of the main lead character motivation make this drama is a bit lackluster for me.

Better luck next time!
Read More",미스티
29,"women are complicated. i love complex displays of characters. but the thing is, when your life is crashing down around you, you make smart, sensible decisions to secure a future. not lie constantly and put other people in danger. she was a terribly written character and everyone else was a mess. the thing is, the acting is so good becuase they're all talents. at first i liked it but when i realized this show is hell bent on making everyone annoying and the female lead an unbearable human being (like literally, i couldn't even look at her) i gave up

then i saw that ending lmao. i'm so over this. when women are written as strong and crazy while their lives fall apart but they fail to deliver an engaging story arc and either redemption or consequences...i can't deal. it's impossible to be an unchanging force and have others bend for you when it literally makes no sense. seriously like was she made out of gold?
Read More",미스티
