,reviews,title
0,"Perfect reflection of Corporate Affairs; Quite unique as a drama.
Let's say that ON THE VERGE OF INSANITY is the office Kdrama of the year  or probably the best Office drama out there? I mean you ain't gonna find another Kdrama with pure office affairs (%) in the story, so yeah!

This drama is realistic enough for the audience working (or have worked) in corporate sectors to relate and reminisce their life as employees or employers. The drama touches various sides & shades of a regular corporate life such as: responsibilities, work pressure, competition among peers, colleague relationship, management techniques, job hunting, dismissal, resignation, worker layoffs, corruption, etc, etc.

STORY & PLOT:
There is no solid plot here to back the story. It's more of a slice of 'office' life Kdrama portraying the day-to-day life of people working in Electronics Industry at various positions and designations. But of course for the story's sake, the drama is set up in a time period during which the company is going through critical phases of financial downturn and rounds of laying off plus shutting down of branches.

Hanmyeong Electronics, famous for it's high-tech home appliances, is one of the top  Electronic Product Manufacturer in South Korea. The Company enters into a moderate financial crisis to tackle which the Head Quarter decides to shut down few of it's business departments and lay off more than half of the people working in those branches. So the major plot is all about the attempt to throw out the people and sell off a particular branch which also includes the competition to develop products and the efforts of survival in the company.

The story itself starts with these procedure in one of the semi-urban branches. Dang Ja Young, assigned to lead this is then transfered to another rural branch to reorganize and execute the selling off of another branch. Choi Ban Seok, an expert developer at the company is transferred from the previously vanished branch to this branch is forced to work with Dang Ja Young in the HR team. Han Se Kwon, a greedy and highly ambitious person always putting effort to climb the ladder, can go to any length get his work done.

The drama also portrays dirty sides of business and corporate sectors. People trying to drag each other down to save themselves, some others plotting tricks to humiliate others for personal grudges, some trying to gain from crisis, some committing corruption in the greed of money, etc are very well shown that implies the need of countermeasures to stop such deeds. OTVOI also emphasizes on hierarchy complexes in corporates as well as mistreatment and sexual harassment, which are some of the concerning issues in all kinds of workplaces.

Obviously, Dang Ja Young and Choi Ban Seok are the leads but there's no definite couple. There's no romance storyline which is totally fine but in the last  episodes there's a subtle portrayal of a developing closeness between the  leads.

The drama has few side minor storylines about office dating, personal and private lives of the main characters, friendship between adults, etc.

CAST & ACTING:
It's obvious that the drama isn't getting it's well deserving recognition internationally because of the cast but what matters are the acting skills of the actors and in this regard all the main and major characters are actually very good. It's sad that such a good and realistic story isn't getting the attention but I must say it's not everyone's cup of tea.

The story revolves around mainly  people though there are plenty of side and supporting characters with a fair share of screen-timing.

. Dang Ja Young played by Moon So Ri is a workaholic long-term employee at Hanmyeong who aspires to become an executive director by the meana of her work. He has given her % to the company and has strived for its progress. She does whatever given to her as a responsibility and is very rationale. She's brave, competent and knows how to get her job done well. Despite the difficult road traveled, she never gives up. She finds herself in a tight spot after being appointed as the HR team leader of a branch soon to be sold off.

. Choi Ban Seok (Jung Jae Young), a senior hardware developer with + years experience has been successfully saving his spot in the company. He's very excellent at his job but mismanagement of company disgusts him. He gives up an international offer and after bring transferred to another branch he joins the TF team but soon after framed and shifted to HR, a dept he's no idea about. He still hangs onto the job and tries to learn. Fortunately, his skill gets him back to the R&D dept but he still faces issues from people who are jealous of his skills. His character and personality in this drama is something to love and respect. What a man!

. Han Se Kwon (Lee Sang Yeob), the TF team leader and a prominent face of the company, is also the ex-husband of Dang Ja Young. As a person who's high ambitions he can literally do anything to stay at the top. He's very insecure of his skills yet clever enough to create opportunities for himself out of crisis and sly enough to escape out of downgrading situations created by him. Seeing Choi Ban Seok's skills and confidence he constantly tries to bring him down by playing cheap tricks. He keeps stopping lower shamelessly as the story progreses.

Choi Ban Seok is a family man with a daughter and both lives with his mother since his wife's demise. Dang Ja Young after divorce, lives with her friend Shin Jung Ah and has a mentally disable father at a nursing facility. She's divorced from Han Se Kwon who's currently dating a co-worker. Shin Jung Ah (Cha Chung Hwa) and Shin Han Soo (Kim Nam Hee) are siblings.

The drama has also some other good actors like Cha Chung Hwa, Ahn Nae Sang, Kim Nam Hee, Jo Bok Rae, Kim Joong Ki, Park
Won Sang, Park Sung Geun, etc. Other than these popular faces, there are also many young faces which are new & old as well as some known faces who did their roles well with the screentime provided. The character arc of all the major and minor character are very well-done.

DIRECTION & EDITING:
Given that this is the debut of the director, I think it's very good as well as suitable script for him. He's been able to do his job well hence creating good opportunities in furure. The screenplay editing also gives the vibe of perfect office environment with light comedy dominating intense moods. Background sound scores are very less giving it a urban drama vibes which I think is a good decision. In fact the OSTs are not utilized that much but that's very fine with me. One notable editing device is that for the later half of the drama, the episodes end with a prologue and in the next episode the story goes back to a day or two back that eventually leads to the scene where the previous episode had ended. I recall seeing this device in no other drama.

Many people might say it's boring because of the lack of a intense solid plot and urban editing but I'm very pleased for the fact that it is very realistic and throws light on real life events and issues in the corporate sector.

OSTs:
My only problem with the OST collection of this drama is that the production has unreasonably put Han Se Gwon in the poster of  tracks when he's an utter trash. Whereas Choi Ban Seok is featured in only one poater wtf. Also, Seo Na Ri, Han Se Kwon's girlfriend is got a place in one of the track posters as well as shown as one of the  main casts in the main drama poster z WHYYYY? She doesn't even share more screentime than side characters.

Okay, so OSTs are actually nice. The urban comedy drama doesn't use OSTs in the screenplay that much given the office environment to give off the perfect vibes. My favourite ones are ""find me"" by PL and ""please"" by The Daisy. The former is a jolly track creating moods for doing your work and the later is a softcore feel-good song. Other likeable ones are

""trace"" by KLANG
""vacuity"" by The Lime
""I dream of you"" by Seo Sung Hyuk
""man's Love"" by Kim Jin Woong

ENDING:
Last  episodes of the finale week are very good as well. One of the major twists that happened in ep th made me both sad and angry which also led me to expect something dramatic enough to turn the tables. Well, tables weren't turned as a countermeasure, rather the scenario led to a new beginning. I was sooo happy tbh watching the last mins of the th eps, it has quite a few time leaps, small or big. The th eps was even more dramatic (not so realistic) but I guess that was a reward from the writer for all the sad elements we had been witnessing throughout the last few episodes. Anyways, sooo glad it was a sorted, reasonable and happy sending.

CONCLUSION:
The best thing in ""On the Verge of Insanity"", for me, is Choi Ban Seok, a personality that I will aspire to be. He's confident, morally upright and is always focused. His way of talking and behaviour acc to person were so on point, I fell in love with him. Dang Ja Young is surely an inspiring character with a lots of traits to learn from, loved how strong she is. Han Se Kwon is a character that should be hated and openly shamed. It's unfortunate cheaper people exist in the corporate world for real.

Again, I am sad this drama isn't doing well internationally in real time but hopefully people will recognize later. The drama is definitely a very good work, if not excellent. The way it throws light upon harsh truth of corporate affairs and the measures to tackle it are very real.

y, this drama is nice and deserves a place in the top  Kdramas of the year . PLEASE watch this and I am sure that'll be worth spending time on. I binged it in  phases but I am sure the episode by episode progression of this drama would have been quite interesting and anticipating for those who watched it ongoing. This will go down as one of the best Office Dramas that Korean Drama Industry has ever produced. That's all.
Read More",미치치않고서야
1,"Pass The Verge of Excellent
On The Verge of Insanity is probably one of the best dramas of this year. From the beginning the audience is asked to settle in for a story with a gentler pace and eased into the world of the Hamyeong Electronics. Anchored by two interesting and very different leads in Mr Choi and Miss Dang ( wonderfully performed by Jung Jae Young and Moon So Ri respectively) the show transcends it's loose synopsis and becomes something more.
An engaging watch littered with characters you'll care about (one you'll particularly hate) and scenario's that seem real though
with consequences sometimes questionable. There's a lot to love in these  hours.

Writing wise this shows is aided will by the sense of movement within the story. Of character entering positions and exiting, climbing the corporate ladder and being dragged down. Where shows in a similar vein like Misaeng lean more into ironing out business jargon, OTVI while not dismissing those, puts it's character and interpersonal drama to the forefront. Which in a few instances might have been to the detriment of the other. Those instances are few however and hardly weigh this story down.

It goes without saying the cast delivered excellently on their performances. Firmly lead by seasoned veterans particularly personal favourite Jung Jae Young and established if not before certainly now younger talents.
Visually, the show is solid with a few particularly beautiful shots and nice colour grading that adds quite a bit more visual interest. Admittedly to a story that would not have realistically demanded much grand cinematography. It's all the more interesting then that this is the work of a first time director yet nothing feels amateur about it.
ally the show was pretty inoffensive with quite a few but no standout insert tracks to me at least. The stand out track was the jazzy outro track which will most certainly get stuck in your head.
Read More",미치치않고서야
2,"On The Verge of Insanity is Why Workplace Values Are Important
I greatly appreciate On the Verge of Insanity for tackling the challenges of surviving the corporate world from hierarchy/bureaucracy, dealing with change and difficult personalities, countering negativity, keeping the workforce engaged and motivated; nurturing and developing new skills in young talent, and first and foremost trying to but miserably failing to manage employee relations effectively. In that sense, the biggest challenge any company faces, especially HR, is taking on workforce reductions/layoffs, forced or otherwise.

Layoffs within any company or organization have been a time-tested means of cutting costs. Reducing staff brings an immediate and substantial impact, whether reorganizing or selling off a company to benefit a few. In that sense, I can only imagine how the news of a forced layoff will affect the employees of Hanmyung Electronics; just the thought of it makes me shudder. It's so true when they say a good-performing employee is only as good as their manager -- it flows from the top to the bottom. Steve Jobs said it doesn't make sense to hire smart people only to tell them what they can do; we hire smart people to tell us what to do.

Each employee or worker has their own workplace values. And, while an organization or company can't always make sure each person's values perfectly align, they can try to hire people who fit, and vice versa, employees should make an effort to only work for companies or organizations that align with their core values. And this drama does a great job articulating what happens when values are out of alignment; people work towards different goals, with other intentions, and with different outcomes, which in turn damages work relations, productivity, job satisfaction, and creative potential. Hanmyung Electronics is a great example of that.

I have many memorable moments from this drama. I respect Ban Seok (Jung Jae Young) for restraining himself for as long as he had. Still, I think Ban Seok's head butting Se Gwon for being the coward and the thief he always was and continued to be despite the many chances he had will remain with me for a while; he had it coming for a time now. From the moment I started this drama, I knew Ban Seok would be the catalyst for change. He is authentic, resilient, emotionally intelligent, self-disciplined, and committed, a man of purpose qualities that set him far above everybody else. Despite knowing Se Gwon (Lee Sang Yeob) was hopeless, I still hoped. I wasn't disappointed in him but more myself for expecting.

Among the dramas that I watched simultaneously, On the Verge of Insanity is one I excitedly anticipated week after week and touched me the most. I commend the writer, director, and actors for making such a classy, relevant and realistic depiction of the challenges the workforce faces and the importance of workplace values both as an employer and an employee. I was pleased the drama shows this with Ban Seok as he works to build up his new company Banstone Company (I love the name), with workplace values that serve as a guiding principle. And I was even happier that On the Verge of Insanity highlights it as a critical message.

I appreciate all the cast for their stellar performances, but Moon So Ri, Jung Jae Young, Lee Sang Yeob, Jo Bok Rae, Kim Nam Hee, and Cha Chung Hwa. More importantly, for driving the message that when an organization's values align with its workforce, everyone does the right things for the right reasons. The common purpose and understanding help invest in the betterment of the organization; it stops being just about the paycheck and becomes a long-term investment.
Read More",미치치않고서야
3,"Solid low-key drama
This was a great drama for me - I love tech, engineering, and Jung Jae Young - so what's not to like? As usual, he creates a laid back character that it takes a while to get to know. The plot is surprisingly devious, full of business intrigue. The cast is excellent throughout. This isn't a drama that will grab you with fireworks, noisiness and unnecessary frills and flashy effects. It relies on character development and story line to draw you in, so it's not for the impatient. Watch a few episodes and then decide if it's for you.
Was this review helpful to you? Yes No",미치치않고서야
4,"Office drama that will evoke in you the makjang level of emotions.
A character driven tale on the workplace environment, self-worth, values, principles and one bug of a human being called Han Se Kwon that you want to step on with the heaviest shoes you own.

It’s not an overstatement to call this show a perfect office drama. Mixing realism with entertainment is not an easy task - On the Verge of Insanity managed to do that. With the variety of unique characters, it’s a story relatable even for people who never worked in a similar environment. It tackles issues like retirement, layoffs, job hunting, reassignments in the workplace, power struggle, but also more universal topics like acting in line with your principles, loyalty, friendship, selfishness vs selflessness.

The three main characters present different takes on life and dealing with problems. Dang Ja Yeong tries to go by the book, following instructions, seeing it as the best and most efficient way. Choi Ban Seok is a hardworking and loyal person, who is willing to risk his career if faced with moral dilemmas. There are many nasty ways to describe Han Se Kwon, and I’m truly forcing myself to stay civil here. Let’s say he represents the inferiority complex in the perfect way, spiced with his cunning and shady behavior.

As the drama progresses, we see how they manage to face all the problems happening in Hanmyung Electronics and what are the results of their actions. There is no plot that goes from point A to point B, as the drama focuses more on the relationships between the characters, different departments, higher-ups and the employees.

The comedy, though, how good it was! There is nothing better than situational comedy based on the character’s personalities and relationships. No cheap jokes that could work in any scenario.

The casting was a pure perfection. Each of the actors fitted their roles perfectly. Big props to Kim Nam Hee for his job on Shin Han Soo’s character, who became one of my favorites.

The production value is insanely good. I have truly nothing to complain about. The soundtrack has plenty of amazing songs from slow ballads to indie pop and rock.

Realistically speaking, this show might not have the same entertainment value for people preferring fast paced, plot driven dramas. There are many questionable choices made by all the characters, so if you look for a clear cut “smart at any occasion” or “good at any occasion”, you will not find it here. Characters excel in some areas, but fail on others - for me, that’s the charm and the realism of the show.

, On the Verge of Insanity made me smile, laugh, cry, curse at my laptop, and hug my pillow. Vast range of emotions have been awoken and I’m so amazingly thankful. It’s a solid watch from the first to the last episode.
Read More",미치치않고서야
5,"That Time I Got Reincarnated As An Engineer
Choi Ban Seok (CBS) is reincarnated as an ordinary person who works as an ordinary hardware developer in the R&D department of a dungeon called Hanmyung Electronics. He's been there for  years, clearing out a menial slime-level office monster.

Suddenly, he was transported to another world, where he encountered a new level of monster, Han Se Kwon (HSK). He was defeated and transferred to the lower level of the dungeon HR department, where he met Dang Ja Yeong (DJY), a frenemy HR manager (DJY). She is a hangman, and her main job is to cut off the heads of employees in the dungeon; the fewer the headcount, the more successful she becomes.

The story continues with CBS and his veteran adventurer friends battling monster bosses to clear levels in the dungeon; not to become the top adventurer, but simply to survive. Finally, he led an adventure group with some of his coworkers from the dungeon.

The story is realistic for an office drama, and the characters are similar to the coworkers and bosses I had. My brain, on the other hand, couldn't stop comparing it to isekai fantasy anime, which usually has a story about clearing dungeons to level up.

The drama crew is very talented at immersing you in the office situation and challenges, especially if you have worked with office politics before. Every time CBS is cornered by coworkers or bosses, you will become very emotional.

You must, however, be patient. It's a slow-burning drama, and it took me  episodes to become completely engrossed.
Read More",미치치않고서야
6,"A drama about seeking approval, hanging by thread , abandoning , and realisation..
This Drama although being an office drama feels very different from other office drama where only one department is focused on most of the times and where leads are just moving around papers , printers etc.
In this drama the various departments are used like tribal confederation in historical dramas.

Some departments showcased here are-

Headquarters- it is basically like King's counsel , the most powerful place where everyone wants to be and wants to curry favour with them.
HR - In peace times it behaves like a benign spy system but in bloody times it is like a king's executioner!
R&D - The brain of the company , this where the things get done. It has various teams and superstars and internal rivalry among them , basically the dream of every engg is to join it.
Product Planning - it basically comes up with innovative and marketable ideas for products and works closely with R&D!
QA - basically does machine testing of products and its equipment for heat , durability etc. In short the dept which maintains std and quality of equipment produced by company generally an anti of R&D!
Motor Dept - being the only core hardware dept in seemingly all software dominated dept basically the spine of the company but without it all ideas are just ideas!

I really like this series bcos it is one of those series which is informative yet interesting and generates curiosity , almost all the characters are intelligent and logical in their approach. There is a lot of planning , ambush , pettiness backstabbing , revenge going on but at the same time there are moments of growth , realisation, innocence, vulnerability, acceptance , letting go etc
Read More",미치치않고서야
7,"A nice office drama
The very first office drama I've watched, I have to say I really liked it. Because of the genre it belongs to, I think it doesn't suit everybody's tastes but if you're into more slowpaced dramas, then this might be for you (its pace was a bit of a challenge for me as well).

As it is set in an office/company, I think OTVOI might suit the tastes of an older audience, as younger people and teens might find it too boring. I personally liked how it can be (painfully) close to reality, with people losing their jobs, struggling to find a new one (due to their not so young age) and terrible bosses.

Despite what most people said on Twitter, I really liked Jayoung (FL). I like how determined and ambitious she is - I didn't always approve of her choices, but she's not afraid to work hard to reach a good/better position and to gain recognition. The ML is nice as well, and I think they balance each other well.

The only two characters I didn't really like are the other ML and his girlfriend, but the rest of the cast is really good and I love their personalities (I loved Kim Namhee's character a lot! Super fun!).

All in all, it's a very good drama - it's very close to reality, so it might not suit everyone's tastes, but if you want a closer look on how life in a company/work life is, then this might be for you.
Read More",미치치않고서야
8,"This is my favorite drama about office drama hands up to the main cast Dang Ja Yeong, Choi Ban Seok, Han Se Kwon, and Seo Na Ri and also all the other cast. I also want to thank the screenwriter and the director who made this korean drama absolutely amazing and wonderful hands up✋🏻thank you for doing a creatively Korean drama.Their are so many lesson I learned to this drama that I can use it someday in the feature.I greatly amaze to Choi Ban Seok and Dang Ja Yeong for their incredible acting I hope they received more acting awards for their drama. I love also the acting of Seo Na Ri that she chooses right decision for the company and not listening to Han Se Kwon not good tricks for the Company. The last episode that is when I like Han Se Kwon he help Choi Ban Seok for his Banstone Company and he won the first place because of the help of Han Se Kwon. I hope they will get acting award for their great, amazing, incredible acting for this drama.I hope their is season  for this Korean drama 😍🥺👏🏻❤️. 당신의 멋진 드라마를 축하합니다 🥰... I Will definitely watch this again if I have time applause to them👏🏻👏🏻👏🏻👏🏻 Love it the korean drama great job👍🏻😊.
Read More",미치치않고서야
