,reviews,title
0,"The criminally underrated drama of 
REVIEW :
' You remember the thing with your head but cherish memories in your heart. '

This drama starts off so casually, Once that brink of sadness starts, it feels inescapable.
From the synopsis, as you may have read, It starts on the fun part of a divorce.

You'll love this drama when you're in search for something profound, with proper depth, realistic and most above that if you're a mature person.
This drama is strictly for mature people.

The initial plot is a bit messed up but the execution is brilliant.
The transition from a couple struggling to a divorce situation and the comeback years later.
Phenomenal!
There are moments in your life when you feel empty, tired of watching your regular dramas and movies, this is where this drama strikes. It's simply breathtaking!
It's sad but in the most positive way.
That maturity of never giving up, never losing hope!

I didn't have the courage to complete this drama as I found myself stuck, currently on episode .
Even the characters are breathtaking, true to themselves.
Especially the leads, Kim Ha Neul's choice of drama speaks for itself.
She never disappoints me.
Controversial and daring topics but she pays off every time.
One of my fav actresses.
A brave decision to play such a part on such a plot.
It isn't easy!
And Kam Woo Sung, this was my first drama of his. What a legendary actor he is!
His voice reflected the toughness required to play the character, the mentality, the transition of an Alzheimer's patient.
There's nothing better than a Slice of Life category.
The warmth and the cold striking you like nothing has ever.
Drama's like this make you feel tender, And since I haven't seen much of such, I find them profound.
I'll complete this when I find my strength back xD

I decided to
A perfect  for this one. ^^

HOW ALZHEIMERS AFFECT YOUR LIFE : SOURCE QUORA ( I found this answer on quora and sharing it for the sole purpose of awareness how it affects our lives .)

First, it depends upon the stage of dementia: mild, moderate or severe.

In mild dementia, it seems to be like being a functional alcoholic's day, as far as cognition goes. You're able to do what you need to do, but some little things get missed, such as your T-shirt is on backwards, but you don't notice, or you can't find the sugar bowl so you start taking apart cupboards and end up going without coffee and the kitchen is a mess. Later, you swear you did not do that. You have no memory of doing it, and the more another person argues you did, indeed, make that mess, the angrier you get. You did not. They are lying.

The whole day goes like this- close to normal, but not quite. Routines are easy, anything new is... more difficult. And, if asked about someone or thing from earlier in the day, you may or may not remember the event. By the end of the day, you're tired of thinking, but your brain keeps throwing up odd thoughts and ideas- things like, ""I can't find the car keys. Someone must have stolen them! I need the car keys"" and you may wander, rummage, pull things out of drawers for a couple hours, at the end of which you may be unable to tell anyone for what it was you were searching. Even more telling, you may not have driven a car for the past five years.

During moderate dementia, each day is more moment to moment, and routine is your friend. Anything which is routine is easier for you to experience. Breakfast, lunch, dinner, that's how your day is scheduled. But something out of the ordinary- like a doctor's appointment- can throw you. You may balk at going, at getting dressed and getting in the car and going; there's so much mental stimulation involved in such a non-routine event, you prefer to stick to what you know: Breakfast, lunch, dinner- and maybe sitting in the sun, watching the world go by.

Activities like taking a shower can become difficult for you; if you think about it, a shower is an event which is very high in stimulation of all sorts: The bathroom is very separate from your normal living space- usually hard-edged and cold-seeming. Then you must take all your clothing off- naked- that's just a lot of stimulation itself, and the memories loosely associated with naked are also fraught with stimulation. The shower makes noise, the temperature difference is apparent, there's soap and shampoo and the scrunchie thing, water in your eyes, your ears, the space is confined, and, by this time, someone is usually in there with you, ""helping"", which is just weird, no matter how much you understand and accept you need help. It's one sign diagnostic of moderate dementia: You may start to not like to be washed and clean- shower or bath.

I remember a gentleman in the Facility I worked in in Washington State; he was new, and hadn't been showered at the hospital, so on his first full day, the aides gave him a shower. He spent the rest of the afternoon in tears because, ""They threw me in the corner and pelted me with rocks like a piece of trash!"" That's what he felt like. Another woman would walk, up and down the corridors, but stay far away from windows, saying ""There's Indians out there! They're going to attack!"" It took a long time to figure this one out; she would pace and pace, and could not sit still, always talking about Indians shooting arrows at us. Finally a nurse asked her if she had been hit by an arrow? Yes. Where'd they get you? Right here, and she clutched her low back, arrggghhhh! It hurt so much! Going through her medical history a bit closer, we discovered she had been in a car accident years before and suffered a low back injury. She'd been telling us for weeks what was happening to her, but not in a way which made sense to us; to her, it made perfect sense: It felt like an arrow in her back. And who used arrows? Indians!

You are losing words, but it doesn't matter much since those around you ignore that loss and fill in the blanks. Sometimes, you cannot understand what someone else said, like they are speaking a foreign language, and this can make you automatically refuse whatever is being spoken about- that, too, makes a certain amount of sense. Someone babbling to you in a foreign language and making ""Come with me"" motions is someone to view with suspicion, don't you think? Moderate dementia is the longest part of the disease, usually, which is why I'm spending so much time on it.

The slow slide into severe dementia is sometimes difficult to spot as far as an actual line of demarcation, but one sign is sleeping more and more often. Even during formerly pleasurable activities, such as familiar and enjoyed music, the damage to your brain is so profound, the stimulation is not enough to keep you awake. You sleep, perchance to dream, but we don't know; what we know is damage to the areas which are usually lit up like a Christmas tree during dreaming is profound, but, since we don't really understand sleep or dreaming, and it seems rather cruel to take someone who doesn't do well in new situations into a sleep lab and wire their brains for sound and colour, stick them in a tube and say, ""Don't move"", we don't know. But that is one of the things I've always wondered about; it seems to me by the time you are in severe dementia, the difference between awake and dreaming is invisible.

Speech is limited, you may have a full thought in your head, but only one or two words come out, if any. Caregivers learn to listen for the first two or so words and try to discern what the thought is from there, because that's usually all we get. Eyesight is odd; you don't know what it is you are seeing. My current ""farthest along in Alzheimer's"" Resident today did not recognize a puppy. She saw it, she gazed at it, I placed her hand on it, but she looked then at her hand, not the puppy, and there was absolutely no engagement between her and the stimulation provided. She no longer hears music, which is a shame, because she loved music her whole life long, We still play it for her, we still put on her favorite musicals, but there's no engagement anymore. She does not hear or see any of it other than perhaps a fleeting spark of memory, now gone.

In severe dementia, everything is moment to moment, routine means nothing anymore, because there is no past or future, only now.

And then you start your last slide into end-stage dementia; you sleep  hours out of , and when you are awake, you may as well be dreaming. You do not meet anyone's eyes, you do not react in any manner to much beyond very painful stimulation, you are almost gone. We try to feed you, but you don't seem to know what to do with the food in your mouth, and you may choke, which could result in aspiration pneumonia- never a good thing. Your urine output drops, peristalsis decreases, your body temperature may rise. And as your organs start to shut down, you sleep, and sleep, and sleep, and slip away, very peacefully. You're gone.

That's what Alzheimer's type dementia is like.



Read More",바람이분다
1,"Characterized for a melodrama left a little to be desired entering the category of softdramas. I liked the story, a life lesson for many people who suffer from the disease but who by some internal force feel that those around them are family, who loves them. Although I am not moved, the beautiful family story of The Wind Blows captivates, all made with a familiar composition closer to the warmth, from the scenarios to the moments to two, an evolutionary trajectory of the disease very well written.
Was this review helpful to you? Yes No",바람이분다
2,"Road to hell is paved with good intentions
First I want to acknowledge the writers for tackling a difficult subject of Alzheimer.
Second.. Hong Je Yi.. Watching her act was amazing. Not for one moment I didn't feel that she was acting.. As a young child of - years, she brought out moods, and was a natural actor. In my view, she carried that nd half of the drama.

First  episodes.. All I can say is: ""what the hell!!"". The husband decides to be a martyr and he forces his wife to have an affair because he loves her deeply. This is one thing I don't get about Korean dramas.. ""I really love the other person so much that I will create misery for them by sacrificing myself!!""
Also, the director or the writer creates more misery for the viewer by postponing the inevitable which was to have a meeting with husband & wife and wasting footage by going to grocery store or fishing.

Ok.. Let's go on to the next half.

After the wife deduces that her ex-husband has an illness.. her dearest friend would rather watch her go through misery than to tell her the reality. I really don't consider them to be true friends.
I do acknowledge Kim Ha Neul acting because there was one tender moment where I truly felt her pain and the discovery that she had been living a lie. That brings up another point ""What's up with MOMs in Korean Drama"". .. They seem to be just present to F*** things up for the main character.

Finally after trudging through the whole drama, the ending just fades. There was really no conclusion. To me it seemed that they lived happily ever after..
In conclusion:
The story telling was very poor.
The drama was very infuriating.
The character's behavior was circumstantial driven. The question I kept asking myself.. How are the lead characters transforming and growing?

Should you watch this drama? .. Maybe if you don't have anything else to do.


Read More",바람이분다
3,"Must watch this drama
OMG I’m bawling my eyes out. I’m so broken hearted I want to stop watching but I can’t. I don’t want to spoil this drama for anyone. All I can tell you is that the acting is extraordinary and the story so touching that you won’t want to move on. Everything about this drama is so beautifully done. While the subject matter of Alzheimer’s is difficult to portray and act the role, the male lead nails it with such depth of emotion. The female lead is fabulous. A little slow til Ep  but don’t give up on it!
Was this review helpful to you? Yes No",바람이분다
4,"UNDERRATED MASTERPIECE
From rd episode in almost every episode I had tears in my eyes. Such an emotional drama with amazing acting. Episode  was just normal but later I got connected so much. After MY MISTER this of the drama which made me emotional so much atleast give a try till episodes & later u will feel why only this much episode. STORY ABOUT TRUE LOVE & SACRIFICE. Leave u Deep impact..,..................................... LOVED IT......... EMOTIONAL.... STRONG ACTING
From rd episode in almost every episode I had tears in my eyes. Such an emotional drama with amazing acting. Episode  was just normal but later I got connected so much. After MY MISTER this of the drama which made me emotional so much atleast give a try till episodes & later u will feel why only this much episode. STORY ABOUT TRUE LOVE & SACRIFICE. Leave u Deep impact..,..................................... LOVED IT......... EMOTIONAL.... STRONG ACTING
Read More",바람이분다
