,reviews,title
0,"This actually started out amazing. The story was very interesting, though not scary, and it quickly became clear who the main characters were up against. By the time that Jin Hee was kidnapped, the drama went downhill really fast, to the point that I didn't want to watch the rest of the episodes and was not curious about the ending at all. Jin Hee and her husband don't act like a married couple, but more like distant acquaintances who just happen to share an apartment. He wasn't losing his mind when he heard that his wife was kidnapped.
The kidnappers had been doing this whole kidnap-beat-kill routine for a while, but they magically forgot to take away Jin Hee's bag which contained her cell-phone with the tracking app. That was so outrageous that it just put me off everything. The kidnappers kill everyone they kidnap but they let the private investigator go for some reason?? And didn't anticipate that he'd go and rat them out to the police?
Shaman Jin Kyung went down very easily, for a powerful shaman. The whole crumpled, twisted body thing was creepy the first time but it just made me bored the second time. Sung Dong Il did a good job in the first half of the show, but somehow I just couldn't continue to see him as an evil guy towards the end. And what is up with that end? All that So Jin can do is curse and kill folk, so how the heck did she manage to somehow unite the Inugami in her own body and drag it out of the Forest app? I don't even know what happened in the last episode and I am not the least bit curious.
I also wonder how Chairman could kill people after looking at their picture once, but he didn't do it immediately with So Jin? Why does he lose his energy when he does it? how come his power is different from So Jin's?
Too many potholes and such a lost potential. The acting was good though.
Read More",방법
1,"I'd say this drama is better for a marathon. they had a great plot, great characters, great acting and a really really great ost, but sadly this was one of those cases where the drama got eps because they knew they couldn't drag it more..

the cinematography and the vibes/color scheme of this drama was so fitting and so pretty, it set the right mood, it was kinda dark and cold, I really liked it.

I think, beside the ending, my favorite part was the characters. Im Jin Hee was such a normal ""mature"" and independent woman, they gave her a solid background, she was happily normally married, she had a job she worked hard in and she wasn't randomly ""good"" or ""bad"", they didn't add unnecessary conflict to her personal life, but they gave her a small trauma that was like the driving force for her relationship with So Jin.

Sung Joon, although I highly appreciated that he was her ""normal"" husband that was a cutie, he did seem a little useless, basically though the writers tried to leave all of the ""mystery"" solving to the ladies and so the cops were basically dumb ;P but again, I appreciate his last smart moves, they redeemed him well.

Baek So Jin was the highlight of this drama, again I think the writers (and the actors) did a great job making their characters feel believable and fresh, Baek So Jin was angsty without being hateful, hurt without having a ""screw the world"" mentality, and she was so brave, so tiny yet she tried to look uncaring ;(

I can't talk about how much I loved the ending, it was really well wrapped, though I do wish for a nd season~

the ost was another great mood setter, and I never rewatch things so it's either a  or a  ;)
Read More",방법
2,"I think this is the first horror genre I've ever watched, and it's probably anything but satisfying. The story was half of the time easy to predict, but anything that unexpectedly happened was quite a nice twist. Let me just say, in my opinion, Sung Dong Il just doesn't suit evil antagonist roles; I mean, everything about him is just so loveable. He's more suited to play as someone acquainted with the protagonist and also providing comic relief. The acting was great and I loved every eerie moment. There was no memorable music throughout the whole drama which is quite disappointing. , it's a fairly good drama. This could possibly be a good enough drama if you want to start watching horror genres, because I subjectively think the drama isn't too dark for a first try.
Read More",방법
3,"The Cursed title itself already gave a thrilling vibes. I was skeptical watching this at first.. but as the episodes progressed, I came to like the drama despite the genre.. As a thriller fan... I love this kind of drama tho it scares me a little when So Jin did the ""cursing"" spell on people. I guess the music contributes a lot to it.

 wise.. its really good as the story flows really smoothly. of course its not perfect... but its enough to keep u on edge every episodes. for me.. the best episode is when So Jin did the cursing to the shaman jin kyung. tat feels really satisfying... recalling all the appalling things she did on behalf of forest ceo.... another best is the ending eps... really good. So Jin sacrificed herself to save many others despite those people hatred that causes all of the ruckus.
 eps is pretty short for drama like this but i guess if there's more eps, the story would be draggy.

Actors: Jeong Ji So really is super cool on her characters.. her expression everytime she did the cursing thingy is really expressive. such a talented young actress.. can't wait to see her in more drama/movies.. would love to see her on a normal school girl roles.
The shaman jin kyung really creeps me out on all eps.. so i guess she did well portraying it..
The rest of the casts are excellent too..
Sung Dong Il is really a good veteran actor... of course he did well..as expected of him... I kinda watched a lot of drama where there's Sung Dong II playing and he did a great job on his acting.
... all the actors and actresses did really well on this drama.

I would love to see the ending where they show So Jin wake up from her coma and live a normal life... or maybe continue becoming a semi shaman who curses people? Who knows... maybe the writer leave the ending to the viewers. As for me.. I would love to see her live normally.

If you like horror/thriller drama.. you gotta watch this... I didn't dare to watch other same genres dramas... but this one.. really good and not as scary as you thought.
Enjoy... ^^
Read More",방법
4,"Let me just say that this drama is a gem?
Have I gotten that out of the way? Okay. Yes. This drama is a gem.
This is one of those ""it doesn't have to be romance centric for it to be interesting"" drama.
I think the best way to watch all  episodes is to marathon it. Sung Dong Il depicted the role of an antagonist perfectly that I didn't know how he could be so different in every character.

The cursed is a thriller/suspense/horror drama about a group who heavily relies in the supernatural to stay in power and a child out on vengeance for what happened to her family. While watching this drama I was always at the edge of my seat and I thoroughly enjoyed it. This drama let me keep wanting more especially that ending.
Read More",방법
5,"I have to say that I am digging more and more these horror kdramas that have been coming out. Knowing that this drama was made by the man that directed one of the best horror movies from South-Korea in recent years, Train to Busan, made me really pay attention to this drama just before it started to air.

The Cursed use their story structure really well and everything flows together quite well, as well as having really interesting and likeable characters that you really root for. The story here is slower and more suspenseful, with a focus on the mystery of these curses and maybe not as action packed you might hope after hearing Train to Busan. But there is also a decent amount of horror there. Some gory, some more atmospheric.

Korea loves their evil spirits and ghosts in their horror I have noticed over the year, so a lot of the things that I saw in The Cursed was not necessarily new to me. But there is nothing wrong with using the genre and people’s expectations to your advantage and you do not always have to invent the wheel so to speak with every story. Sometimes you can just take a well-known path and do something interesting with it. Which The Cursed did, even if it became a bit repetitive towards the end.

I like horror so a lot of the gorier stuff doesn’t actually bother me, so The Cursed did not make me want to cover my eyes in any way. The gory bits were used for a specific purpose here and rather sparingly and maybe not only as shock value - although it's a bit shocking at first.

But what I liked the most about this drama was not the horror elements, but rather the characters and the dynamic between them. That is what really stood out to me.

The found family aspect of the story really tug at my heartstrings. I love the mother-daughter relationship that Im Jin Hee and Baek So Jin had and that was truly the heart of the show. Seeing these two ladies work together and care for each other while solving horror mystery together was the reason why I liked this show so much. It was just so sweet to see how much So Jin looked up to this older woman, which was probably the very first mother figure that she has had in her life in a long time.

I also liked that that Im Jin Hee did not have any love-lines, as that would not have worked in the drama. Well she has a love-line, but she is already married to the guy so that kind of relationship does not take the forefront of the show. Would I have liked to see more exploration of that relationship as the story progressed? Yes, I would have. But what we got was nice. It is nice to see a married couple work together in a kdrama.

Their main antagonist, the evil CEO, was not the most original or compelling character ever. But he still served his purpose. In a sea of complex and interesting characters, many of which get to be more than black and white, it is alright to have one that is just kind of evil for evils sake sort of.

The Cursed is a bit of a procedural drama, which is not really my cup of tea and those bits of the story were probably my least favorite. But they did tie into the story quite well and overall, the story became a bit repetitive towards the end. But it had a heart and some good character and enough horror to keep me happy.
Read More",방법
6,"an outstadning horror(ish?) drama with good acting
I mainly started watching the drama for jung ji so ( the female protagonist) . This drama is pretty fast paced , with interesting characters and story
this drama started out strong and with a few hiccups here and there it ended pretty well . what i liked about this drama is that the main character of jin hee who started out as a justice seeking reporter , i thought her character would be one dimensional ( i am sorry i tend to be judgemental about characters at first sometimes ) but her back story and character advancement took me by surprise. i was fascinated by her relationship with so jin , at first she was reluctant to believe her but gradually she wanted to and then ended up doing. Her decisions in the beginning played a major part in the story and i was pretty surprised by her actions after the major procedure thing happened at first. along the story her relationship with so jin was full of ups and i was so in for it .
then coming to our main female protagonist so jin , jung jiso nailed her job ( i love her ) , she is a morally gray character with mainly one aim throughout the show , destroying the main antagonist and his shaman . she didn't even hesitated to do a procedure at the beginning only to make jin hee believe ( i am weak for morally gray characters anyway) . later she went to lengths to take revenge and save jin hee from the antagonist ( these episodes were the best ones) .
aside from these two characters other ( small and big) everyone did a good job too , i just don't want to write about them now. lastly , the plot twist in the end episodes ( about the dog spirit in so jin and jong hyun) , i liked how this lead the story. its fairly action packed ( you will understand once you watch !)considering the setting of characters. and i really liked the shots and whole aesthetic of this show. i saw somewhere that a season  is coming and i am eagerly waiting for it.
* if you want to watch something slightly non conventional and into horror , this might be it , its only  episodes and you wont be disappointed.
Read More",방법
7,"A magnificently executed microcosm of bleak hopeless depression
So...I'm a fan of just about everything Studio Dragon is involved in. I went into this show expecting to like it and specifically selected it because of Studio Dragon's involvement. It's definitely not the sort of drama most Kdrama fans would be expecting. The themes are dark, the morality structure is dark, the ending is unsettling, and there's a complete lack of romance. These people didn't come to give you a heartwarming tale of overcoming adversity or some deeper social/political message....these people are really only here to put themselves on display in all their imperfections and let you watch them exist in that dark world of their own consequence. This is not good vs evil, this is evil vs evil. And this dark horrible drama is absolutely in my Top  all time favorites list.

I know that's a bit obtuse of a description for a review. I absolutely enjoyed the shit out of this drama, but it's important to understand the plot is fairly dense and the themes are fairly dark and there is no clear division of right vs wrong. There's no comfort, there's only unease in a bleak gray world of despair. It's the sort of story you might more traditionally find in Japanese horror dramas where things do not get resolved perfectly and life is not forgiving and you make tons of mistakes and there are no redemption arcs to save you. It is an incredibly deep and intelligent plot, and worth watching if you can withstand the unethical immoral behavior of the lead characters.

Essentially it's a drama about revenge murder. Your heroes have made the choice to abandon right and wrong and think only of themselves and operate in a world where their hatred and revenge consumes them. The settings and sets all feed into that same level of disorganized, hopeless depression. The lead female actress does an exceptional job carrying the burden and weight of her character's state of mind in every movement, facial expression, and line delivery. Her portrayal of the lead character is so thoughtfully executed that you do not for a single moment believe she could possibly have ever been happy or light hearted. The choices she makes are wrong and she knows they are wrong and she makes them anyhow.

The child lead is also exceptionally well acted. She is evil to her core by nature, she doesn't try to be good or make morally appropriate choices, she lives only to get revenge on her mother's killer. She uses every device, manipulates every person, does every evil thing she needs to do to achieve her goal. The grown-ass adult actress that plays this child does such an exceptional job expressing a child's single minded unwavering rage and conviction.

These two characters find a tenuous comfort and camaraderie in each other's shared dark view of the very dark world they inhabit. They have almost immediate trust and understanding. They don't need to explain themselves to each other, they don't try to save each other's souls, they simply hold hands as they walk along a poorly lit path toward certain unavoidable doom. I appreciated every moment of their interaction together. They empathize with each other with zero judgement and zero expectation.

I would watch this drama again because it's so intensely intelligently written, but I don't know if I can withstand the gore for another viewing. If they come out with a second season I will watch it ravenously and without reservation.

Side Note: I had to watch it on Dramacool because I couldn't find it anyhwere else....I hate watching shows on Dramacool.
Read More",방법
8,"I'm not the type who gets into demonic dramas but I have found myself watching a few and this was one of them.

I think the first few episodes got my attention and I did want to see how it turned out in the end.

This drama was very slow. The casting choice was a bit dismal for me. There was no chemistry from anybody! Jung Moon Sung and Uhm Ji Won played the worst married couple ever. If Jung Moon didn't say 'anae-wife' I wouldn't have never pegged them to be a married couple. There was NOOOO chemistry there. The only characters I liked was the guys on the police force and the one other guy who was a private detective. If it weren't for these individuals I most likely would've dropped this altogether.

Jeong Ji So was annoying to me. Beside the fact that she looked like a little boy throughout the whole series and her lack of enthusiasm was killing the drama. A few lousy curses throughout the whole drama and that was it. She didn't add nothing to the drama but took away whatever spunk the director was going for if he was going for that. I don't know why he made her act that way. It just killed the vibe for me.

In my opinion Sung Dong Il and Jo Min Soo made the show, but alas they both fizzled as well in the end.

As usual I sometimes dread the last episodes of Korean dramas because the screenwriter just have a hard time trying to find a way to wrap things up without leaving anything out.

The first few minutes started out promising but in the end it just fell flat. It looked like it would continue but in this case I hope not.
Read More",방법
9,"I loved this drama, and hopeful the open-ending means we may have another season. The moral of the story is good always triumphs over evil, no matter what. I commend Jo Min Soo for being such an elegant shaman in her channeling of the spirit world. I enjoyed her a great deal. Jeong Ji So, what a great young talent, I will be looking out for her in upcoming dramas as well as for Uhm Ji Won, she thoroughly impressed me in her role as Im Jin-Hee. Im Jin-Her’s husband totally redeemed himself in the end, loved how he tricked Lee Hwan, a great job. I must say the role of Lee Hwan suited Kim Min Jae; I loved his demeanor throughout the drama, his voice, the way he carried himself, and his approach to the role.

And last but not least, Sung Dong II, what a talent, he embodied the evil spirit to perfection. All in all, a great job with the writing, directing, casting, acting, and producing of this drama; I enjoyed it and hoping for a season . Stay healthy and safe, and hopefully, I see you on the next one!
Read More",방법
10,"JUST WOW WOW WOW LOOK EVERY KDRAMER SHOULD WATCH THIS DRAMAAA FULL OF MYSTERY AND THRILLER I'M WAITING FOR THE ND PART I SUPPORT THAT GREAT WORK....... ?????

THAT DARMA IS GREATTTT AMAZING



JUST WOW WOW WOW LOOK EVERY KDRAMER SHOULD WATCH THIS DRAMAAA FULL OF MYSTERY AND THRILLER I'M WAITING FOR THE ND PART I SUPPORT THAT GREAT WORK



Jsjdjxhhxjxjjxjxjxjjcjcj let me put the comment please dumbass



Was this review helpful to you? Yes No",방법
