,reviews,title
0,"Well come to the Bom~

An absolute gem. One that flew under everyone's radar, and it would have flown under mine as well if it wasn't recommended to me by another Avengers Social Club fan.

Spring Turns to Spring is a very lighthearted comedy revolving around body swapping of two women and all the hilarity that ensues. The plot never takes itself too seriously, while also tackling issues such as corruption, infidelity, misogyny in a comedic fashion. We're also given an abundance of hilarious revenge schemes, quirky office humor and interactions, endearing sismance and mother-daughter bonding, and more. If you've seen Avengers Social Club and enjoyed it, I can almost guarantee you'll enjoy this drama as well.

The cast and acting were amazing, especially our two leads, Lee Yoo Ri and Uhm Ji Won.
What I never saw in this drama were the actresses Lee Yoo Ri and Uhm Ji Won--only the characters Kim Bomi and Lee Bom. The way both actresses portrayed characters was so breathtakingly convincing, I couldn't help but think to myself every episode as they changed personalities, ""wow, these two are incredible at acting!"" You could instantly recognize the change in character by the shift in facial expressions, voice, and body mannerisms. How each character was portrayed so seemingly accurate and similar by two different actresses was stunning, especially when you consider how contrasting Bomi and Bom's personalities were.

The rest of the cast were no slouch either.
Lee Jong Hyuk's interactions with Lee Yoo Ri were godsend regardless of which character she was currently in. Choi Byung Mo never fails to perfect the role of a world class douche of a husband and human. The Bom brothers by Kim Nam Hee and Ahn Se Ha were golden. I have to admit the broken English by Bom Il was disconcerting at first, but eventually grew on me as a comedy factor. Heck, even the foreign actors were a joy to watch, as the scenes were always pretty self aware that they were mostly to serve as comedy.

The OST was fitting and catchy; the songs never felt unnatural to their respective scenes. I also eventually found myself singing along to the intro of every episode with its ""Yeh, yeh, yeh, yeh~"". The main theme ""Well come to the Bom"" slowly grew on me throughout the show with it's upbeat, catchy tune and how it was always inserted at the perfect moments--I could always expect a welcome shift in mood whenever the song played.

Just an overall very feel good drama. A great watch if you're feeling a bit down, looking for nonsense comedy, or just want to turn your brain off and enjoy a K-drama.

And so, as Winter turns to Spring, I encourage those who haven't seen Spring Turns to Spring to give this gem a chance; you won't regret it!
Read More",봄이오나봄
1,"Spring turns to spring is an unexpectedly good drama. It was funny, entertaining and witty. My only concern was that the two final episodes were just there to prolong the ending, as there was no point in repeating some scenes and trops. However, the rest of the drama was really good. The whole switching bodies, although kind of cliche at first, it really worked out here. And that's because of the two leading ladies. Never have I ever watched two people switching personalities so naturally. They changed their attituded, gestures, even way of speak to match the one the other girl would have and they were just amazing. I would suggest checking out this drama only to experiance it. Other than that, the story was nice, kind of funny, and overall entertaining.
Read More",봄이오나봄
2,"Welcome to the BOM because You'll enjoy it like BOMB!
The justification for my overall high  rating is mainly due to Lee Yoo Ri's (Kim Bo Mi) acting and I'm glad that I got to know her first through this drama after feeling really interested about the plot. Nope, the drama didn't disappoint me cuz I was craving for some light comedy accompanied by some great acting & it offers all. Trust me, if you miss Lee Yoo Ri's acting, that'd be such a big waste! She was probably the sole reason why I wouldn't even think of dropping the drama when it seemed a bit draggy. But you know, all k-dramas have this dragging thing in common. She outperformed all of the other casts here with her unique expression which I highly admire.
The body-swapping plot is a bit too old but the director executed the story well throughout the drama...the actors have done the rest quite smartly.
 wise, Yebin's ""Say my name"" and BerryGood's ""Welcome to the Bom"" were the ones I really liked a lot!
Nope, I don't see any particular reason why I'd rewatch this drama apart from Kim Bo Mi's unique expression.
It seemed quite an underrated drama as I haven't seen a lot of views where I watched it. So, don't let the views hinder you miss this awesome drama...
Finally, I'd pray that Lee Yoo Ri will be offered more FL role cuz if not, her talent will be wasted & that's really unfortunate remembering her age factor! Please, PDnim, show some interest toward this underrated actress cuz she deserves more recognition!
Read More",봄이오나봄
3,"''Spring Turns to Spring'' is undoubtedly a hidden gem! I honestly don't know why it's so undpopular. There are not even  users who completed this, it's so sad because this drama is truly good and unique. I wish more people gave it a chance because it deserves it.

To be honest, I was also hesitating whether to watch it or not. I don't know why, but it just didn't seem like my type of show. However, I decided to give it a try despite my hesitation and I'm glad I did! ''Spring Turns to Spring'' is a very beautiful, well-written, funny and heart-warming drama that is truly one of a kind. It grabbed my attention from the first episode. Well, I wasn't that crazy about it then, but when the story started developing and when I got to know the writer's idea, I became quite obsessed and I binge-watched it. I couldn't get enough of our sweet ladies Bom and Bom Mi. The interactions between them were everything! I love how their characters developed and how they managed to change. Bom was a naive woman who was so obsessed with doing good deeds that couldn't see how trashy her husband and her friend are. But I loved how she became an independant, strong woman who believes in herself and doesn't allow anyone to hurt her. Bom Mi was definitely an interesting character and her development was a bit slower, but at the end of the drama, I was so proud of her. I still do understand why so many people couldn't understand her and eventually disliked her, but her development was amazing. I can keep praising Lee Yoo Ri's and Uhm Ji Won's acting for days! Seriously, these ladies swapped their bodies so naturally that I forgot that I'm watching a drama and that can't happen in real life. The chemistry between them was out of this world! It was so obvious that they were having fun while filming!

There are a few things I didn't like though. The last three episodes could have been better, I think they dragged the story a bit too much. The ending was VERY satisfying, I cried a lot because I wanted more. Also perhaps I'm a bit too much hahah but I wanted to see at least one romantic scene between Bom Mi and Hyung Seok! I shipped them a lot and Hyung Seok was my favourite character so... :D Lee Jong Hyuk is an amazing actor and I'm definitely gonna follow his works in the future.

, ''Spring Turns to Spring'' is a drama that needs more attention! It's very, very good! The acting is excellent, the characters are all very interesting and well-written (including the supporting ones), the humour is nice (it's not everyone's taste, but I got used to it pretty fast), the storyline is very intriguing and the ending will leave you satisfied. I'm so glad that this drama exists, we don't see many dramas with a different and unique vibe very often. So, please, give it a try!
Read More",봄이오나봄
4,"THİS DRAMA SOOO FUNNY
Bom's really funny and realisctic acting for tis drama. Actually i like Yuri's acting so much she will never be disappoint me.This drama saved me from my bad mood. Why so underrated i really understand. Can be watched for pleasure. My favorite one of funny drama's. All cast really funny acting. Bomi oma bom bom bomi a bom bom bom bomi oma bom bom bomi oma bom bom.


really funny
Was this review helpful to you? Yes No",봄이오나봄
5,"I started this drama because the trailer looked entertaining and I decently enjoyed the first  episodes. The build up of each character was pretty decent, but it was pretty obvious that they were writing such contrasting characters to prepare for the body-swap. But I wasn't a fan of how cringe-worthy some of the ""comedic"" moments were. This drama was just too much silly for my own personal preferences and since it's not a sitcom, it's just awkward and cringy to watch. The acting was good but the soundtrack was entirely unnoticeable in the first  episodes.
Was this review helpful to you? Yes No",봄이오나봄
