,reviews,title
0,"since the drama started I compared it to several dramas (like live, misaeng, my mister, just between lovers), not plotwise but the atmosphere. this was healing, relaxing, calming, kinda a in depth story about the other half of highschool dramas, ie the teachers.
for one thing I think it's really easily relatable, Go Ha Neul was just like any one of us, she was a job seeker that was lost and kinda desperate for that stable job, so everything was new to her, and that could be scary, but she handled it all so admirably~
Bae Ssaem was one of my favorite characters, he was easy going, simple and friendly, he really made everyone feel at ease.
Park Sung Soon was the shield for her team and the kids, she always tried to protect them and do what's best for them. and with Do Yun Woo's cool persona, the team felt so diverse and beautiful~
even characters like Kim Yi Boon who seemed like the selfish mean character turned out into a supporting sweet person.

the music was perfect, it fit really well with the atmosphere~
my rewatch values are always a  or a , and I was really satisfied with the ending and overall message~
Read More",블랙독
1,"I would like to start by saying: this is not really a school drama in the sense we usually understand it. While the plot takes place in the school, it’s more about the politics that go into being a teacher and how the school is running as an institution. We don’t get that many cute and lovable interactions between students and teachers, and it’s more focused on the power struggle between different departments, permanent and temporary teachers and other institutions involved in the education and internal struggles between doing what you find right and fitting into the environment.

That said, it’s not all rules and cold politics. We get to know an amazing variety of characters, with different motivations, behaviors and ways of dealing with problems, and as we watch, we learn that at times there is no good nor bad decision, but rather a variety of different choices and all of them have some pros and cons to them. The few interactions between teachers and students are truly meaningful and add to the emotional depth this drama presents.

I assume many people may not like Go Ha Neul since she at times acts really cute, unsure and innocent, but in my eyes she is actually a really strong character. With everyone saying she should not get involved or rebel against the system, she fights her battles and proves everyone wrong countless times. There is nothing wrong with being cute and strong at the same time. She wants to stay true to her beliefs, do what’s best for students and survive in a new environment. She makes mistakes but is quick to admit to them and learn from them.

The whole drama revolves around the daily struggles of realistic and complex characters with many flaws but even more good qualities. There are no really bad characters, just different people dealing with problems in different ways. While we might agree with some more than others, it's not hard to see the logic behind them all.

This was truly an emotional ride, which made me laugh and cry many times. By the end, I loved so many characters I disliked at the beginning, and it was all possible because of the amazing writing. We either got fantastic character development or a deep dive into their perspective, which helped us understand their reasoning. While the plot was not the most complex and thrilling, the relationships built between the characters were all we needed to fall for this drama's charm.

For whom: people who like complex and realistic characters, slow paced dramas that truly show problems from different perspectives, character driven dramas, beautiful cinematography.

Who may not enjoy it: people enjoying a lot of action, overdramatic style of filming and dealing with problems, high school dramas that center around students and not teachers, people that get bored with politics and behind the scenes of a workplace, romance driven dramas.
Read More",블랙독
2,"First thing to know is that although this takes place at a school, it is not really a school drama, it is more of a workplace drama/slice of life (a slow paced one at that too). Yes, it's beautiful and inspiring and all, but it is also a combination of elements that I usually avoid. Black Dog tells the story of woman who starts her first career job as a contract employee and follows her journey of becoming a permanent hire. Seo Hyun Jin does an excellent job of portraying Go Ha Neul, a newly hired teacher with little experience. I could totally relate to her nervousness and lack of confidence when you first start a completely new job.

What I could not relate to and found absolutely ridiculous was some of the workplace drama and how messed up the school administration was. Our female lead finds herself thrown into the job on her first day and is forced to adapt into what seems like a very fast paced/chaotic environment. There is absolutely no way that a school would take a new hire and throw them into a job and expect them to figure things out without proper orientation and shadowing. I have taught abroad in an entirely foreign country and the process of adapting to the school system there was a lot more smoother than this ridiculous school. There is no way they throw you in deep waters like that, contract employee or not.

I'm not sure what the message of this drama was. There seemed to be vague touch and go commentary on a lot of things, but they would not follow through with the message. I'm not sure what point they were trying to hit home. There were three main things that they seemed to touch upon: difference between contract employee vs. non contract employee, nepotism, and how the South Korean education system is more geared toward college entrance exams than it is on educating students about other life values/subjects (i.e. it's not useful unless it's on the exam). The third one sort of popped up toward the end and was somewhat addressed, but the other commentary sort of faded away. , solid good drama, but the lack of professionalism can be off-putting.
Read More",블랙독
3,""" Black Dog "" was a nice slice of life drama.

For once, a school drama focused more on the teachers and less on the students. The story was pretty good and I really appreciated that they didn't add a romance twist to it, so the drama focused more on the main character and her struggles to become a good teacher who helps her students. However, if I can be totally honest, the last episode was not as good. But, as a whole, the drama was good, sincere, warm and humane. The performances were pretty good too.

So, overall, eight out of ten.
Was this review helpful to you? Yes No",블랙독
4,"I put this on my list a long time ago because I love Seo Hyun Jin. When it actually started, it just didn't sound like something that would interest me, so I removed it again. I've never been much on 'politics', so school politics didn't seem much different. Having a lot of time on my hands this week, I went searching a drama to watch. I thought to myself, I'll see what the first episode is like and go from there. I was drawn into this show immediately, and I finished it in just a few days.

I have to give compliments to the casting director for the actress, Ryu Ji Eun, who briefly played a teenaged Ko Ha Neul. She bore a striking resemblance to Seo Hyun Jin! SHJ did a great job in her role as a new teacher. And Ra Mi Ran, also as usual, was terrific. I loved the whole Admissions Department cast, and several of the other teachers as well. The few students that they showed more in depth were good actors also - the characters of Jae Hyun, Yoo Ra, and Bo Tong.

This show focused mostly on Ko Ha Neul's growth as a teacher, her aim to be a 'full-time' employee rather than a 'temp', and more on the politics of the school and getting the students ready for college than any actual teaching or even any of the students. As the show progresses through the school year, Ha Neul bonds with her colleagues and with her top students. Park Sung Soon was the 'center player' at the school as the head of admissions, and Ha Neul's mentor. I really enjoyed the camaraderie between the Admissions Dept staff. As an American, seeing the differences of the school systems in S. Korea compared to schools in the US is striking. It looks to be a pretty cut-throat system both for the students and for the teachers.

The show was a warm, emotional, slice of life drama. The music was lovely, and I really enjoyed the song Moonlight by Sondia. It was really beautiful. The show has a slower pace, so just be aware of that going in, but it's got a great story. I was really surprised at how much I ended up liking this show. It had a very realistic feel to it. I would recommend it even if you don't normally like school dramas or even 'politics'.
Read More",블랙독
5,"Neither teachers nor students can blame from the college enterance examination passing marks but the system did.
he power struggles by its organization,categorized among the full timer&temporary teacher,power abuse,seniority -superiority&bribery. Students might be the lead of performance in this situation but people forget behind the curtain there is people tied by system and management

We as a perfomances in here (students) doesnt know the world behind curtain (teachers and organization) this drama teach us how to be more grateful to teacher and respect them. Also it reminds society, ""The world isn't just made up of people like Yoora and Jaehyun."" people like them will be guaranteed success in life either.
Read More",블랙독
6,"Black Dog falters after its promising opening
I warily watched Black Dog. On one hand, I am a fan of Seo Hyun-Jin, and tvN is a reputable network, but the show is led by a relatively rookie writer & director. The school setting is niche but not novel. The introduction is mere inches from melodrama. Yet, Black Dog starts with a surprisingly open and honest discussion of the main lead’s struggles. Unlike Sky Castle’s overt drama, Black Dog takes a more realistic and understated portrayal of life at Daechi High School.

Black Dog progresses with this steady approach until the last quarter. The story seems to peter out as major plotlines are resolved (or dropped) because the balance of the plot is thrown off. New plotlines emerge that do not have the same level of subtlety, and it breaks the sublime immersion created until that point.

:
Honestly, I almost passed on Black Dog due to its seemingly bland premise. I wrote it off as a bad Sky Castle impression. Even episode  left me with a raised eyebrow until the big “reveal”. Then, Black Dog shows its strength, clear and emotional storytelling. The progression and growth of the main lead is felt with each episode, and it must have been too fast for the writer. The story basically begins a second season (I will not elaborate for fear of spoilers). Unfortunately, Black Dog ends with a “not-as-good Season  disappointment” that viewers are all too familiar with.

Acting:
I am % biased with Seo Hyun-Jin. Although I favor her roles in romcoms, The Beauty Inside and Another Miss Oh, she demonstrated her range with the first season of Romantic Doctor, Teacher Kim. Black Dog leans towards the latter, and Seo Hyun-Jin is responsible for delivering emotions rather than laughs. Furthermore, she does it via the subdued character with conviction, Go Ha Neul.

Shoutout to Lee Chang-Hoon (actually in Sky Castle). He owns a more mature role in Black Dog, versus his roles in One Spring Night and Something in the Rain. Ye Soo-Jung also makes me turn my head after her  transformation from Search: WWW. , I am a fan of how the entire cast expands their acting range with Black Dog.

:
The backing tracks of Black Dog are a bit vanilla. It makes sense to not overshadow the many subtle and emotional scenes with overly dramatic songs. Though the music pairs nicely with the drama, it does not have impact on its own.

:
I went from skipping Black Dog to being surprisingly optimistic. Again, it’s disappointing to know Black Dog fails to deliver to my renewed optimism. It may be a more enjoyable watch to less seasoned drama viewers, hopefully, but know that kdramas have much to offer, beyond Black Dog. I look forward to the growth of Black Dog’s director and screenwriter due to the promising signs in Black Dog.
Read More",블랙독
7,"The School setting had little do with Teacher-Student relation common with much School Dramas, instead it focused on the difficulties and the politics associated with being a teacher. As have been mentioned in the Show quite a time “The School is also an Organization” the show highlighted this mostly. It would not have been a problem if this was shown as one of the tracks, but after being pointed out frequently I lost interest in the politics too.
Also all the information provided regarding the studying pattern or change in the pattern of South Korea’s School System, were too much detailed and for an International fan like me difficult to follow, ending up by skipping most of these scenes.
On a positive note, portrayal of character by almost all the actors was really good also the casting was wonderful, no complain regarding that.
Read More",블랙독
8,"Firstly, this drama is not mainly about students or their relationships with their teachers. The main topic is more about teachers and their problems that they face in the school environment. It does not include romance either. Black Dog is a nice and warming drama. The main character of the drama tries to understand the school system, her students and she improves her skills so that she can be effective both in the classroom and in the school. The cast is also full of experienced people.
, it was a good slife of life, school drama. So my score is /

Btw, it is my first time writing a review, it may not be that good.
Read More",블랙독
9,"This is NOT your usual drama! It's fantastic, and having some amazing acting talent on-board has definitely helped it a lot. It's insightful and shines a spotlight on some home truths that need to be seen I think. I really enjoyed this one, and it definitely scratched a different itch to the usual kdrama's, so if you want something different - give it a watch.

This one is going to take you into the offices inside a school and you'll be taken on a journey as the teachers go through their behind-the-scenes work to provide education for the kids and all the challenges they face.

Starting out with a horrible accident that changes the life of Ha-Neul forever as it inspires her to become a teacher, the story follows her early career as she joins a school as a contract temporary teacher and is immediately thrown into the middle of intense office politics.

While this drama takes place in a school, it's more of an office drama - the politics between departments, the power struggles of the power hungry, those who are going above and beyond to try and provide the best education to the students and those who come to work for a pay check.

I picked this one up because of Seo Hyun-Jin, i'll watch anything she's in because I enjoy her acting - but I'd re-watch it because of the story and all the other characters without a doubt.

It's really interesting to see the school situation from this perspective, as they are a struggling school that is really struggling to get universities to accept or even consider their students they start coming up with strategies to take their top students and push them further - but then this has other consequences. From an outside perspective you would no doubt share the students and parents view of them being single minded to the top % of students but seeing all the discussions, meetings and debates you see that things are always more complicated than that.

There's no romance here, not even the slightest whiff of one, so don't come here expecting it :)

Worth a watch!

Read More",블랙독
10,"It's Seo Hyun Jin so I don't need to praise her acting skills more.

The story is slow and very realistic. Even though Ko Ha Neul looks cute and naive, she's a strong character and fights her battle with smart tactics. I love every bit of the drama and you'll soon realize there's no absolute bad character. They had their needs and desires but they're not bad as person.

This drama still has a lot of room to make it bigger, but I'm happy with this ending.
The only thing I dislike is Ko Ha Neul and Do Yun Woo still not pushing forward :)) They'll be a great couple, not to mention Seo Hyun-Jin is my all-time favorite kiss scenes.
Read More",블랙독
11,"This may be one of my favorite dramas I've ever seen.
Honestly, I had zero expectations going into this show. It was just recommended to me on Netflix and the premise looked interesting, so I thought I'd give it a try. I was pleasantly surprised at how much I ended up enjoying it. I invested in the story and characters ever since the first episode. This drama did a good job at showcasing what teaches have to deal with at school and the pressure they get from faculty, parents and even students.

My only complaint with the show was that I wish I'd been split into two parts. After the first set of students graduated and the next school year came around, it felt like the show kind of began again. They spent so many episodes on the first year of Ha-neul working at the school that the next  years were mashed into like  episodes. It all happened so quickly and wish we would've at least gotten a few more episodes to play out the story.

But, that being said, I still loved the entire show. I would definitely watch it again. This honestly ended up being one of my all time favorite dramas. Please check it out if you need something new to watch!
Read More",블랙독
12,"It's my first time writing a review here though I always read the reviews and check the ratings here before watching a drama.
I only yesterday found this drama and just casually started watching it just to pass my time.

I had no expectations from this drama however I never thought that I would end up all the episodes in one go. It's an ongoing dramas and I have watched all the  episodes in one go.

The story was well written. It's about the struggles of a teacher and the moral challenges as a teacher. Watching the first episode hooked me so much to the story.


For those who wants a fast pace romance and something, then it's not for you. This drama is very deep in sense and has a subtle amount of happy moments to it. It is not as serious as the cover may look but it gives you very good vibes and satisfaction while watching.


I read the reviews that say that they had dropped the drama in mid because its boring and slow paced, I would say it's not because it's a bad drama, it's just its not suitable for them as it has a real sense to the story. It is one those amazing drama that has less romance but the great storyline.
OFCOURSE the cast was amazing and well portrayed their characters.
I hope people will watch this dramas in New sense and this drama will get the exposure that it deserves.
Read More",블랙독
13,"
⋆ Heartwarming, relaxing drama about the teachers in a high school
⋆ Positive for me was that it didn't focus too heavily on the students as it's a workplace drama
⋆ I related to the main character
⋆ Highly recommend this to anyone looking for Slice of life

— Contract/Temp Teachers
Even if a temp teacher teaches like any normal teacher, they still do not have the same rights under the law as a permanent teacher.

The start of the episode focuses on the effect of this after “sudden” death of a temp teacher. The family are left to suffer whilst not getting the same rights as a permanent teacher’s family.

This briefly shows at the gap/error in the law that places a lot of people at a disadvantage.

— College Admissions
A lot of work goes into achieving X number of college admissions for a school so that they can survive. This places a lot of pressure on teachers.

They even started after-school club for high achievers. The first half of the drama showed how great this was

— Unfairness for students
This drama also showed how providing support just for high achievers pushes the other students away. They feel unsupported.

The latter part of the drama focuses on creating a space for those students who don't make the cut for the special clubs.

— Growth
This drama has a lot of character growth. It was heartwarming to see how each character had their arc and growth. How some teachers were promoted, how some left. The realistic approach and dialogue was much appreciated. I could relate.

, lovely drama which I highly recommend to slice of life watchers/lovers!

Read More",블랙독
14,"this was nice! i actually had different expectation of this drama, like i thought it would be more about the struggles of a teacher teaching with students, but its different than that. and it was nice la i must say, like its kinda refreshing to me, like it gave me a new exposure about teachers and the school system there itself, with the issues and all that. but this is kinda slow-paced esp during the first few eps but it was still enough to draw me in. and everything was v interesting for me but then i think it got slow again at th ep liddat so yea i felt a bit tired already. lagi lagi because one episode duration is quite long, more than an hour so lagila rasa penat sikit tu. but till the last episode, the stories were nice and i enjoyed it eventho its slow-paced. i like how sometimes i question myself like ‘would i do this too’, ‘would i think the same way as she thought too’, things like that and ah idk it just opened my eyes a bit and i liked that. overall i think i wouldve given this a higher rating if its not that slow esp in the middle so yea but this was niceee!!
Read More",블랙독
15,"Interesting,deep,super realistic and emotional but sometimes boring
I did like it though as it talks about teaching from its different perspectives and how hard it is to teach and reach pupils' attention and love ... It also shows how bad it is to treat pupils differently according to their grades and reveals that being in your comfort zone is something we have to stop when there are opportunities that can make the experience better ... We have to try something new and see if it works cz if you don't see how it works you can't know whether it's efficient or not ....it's all about courage,hope and perseverance .... Starting from the bottom to the top with small changes is something we have to learn... And when it comes to that pupil bong tae ,that story teaches us that there's no ""only way"" there are several paths you can follow ,the most important thing is that you work on your dreams and make them happen but being wise and hard-working.
What I didn't like aboutit is the fact that it was boring I felt that it didn't need  episodes with : h for each episode ...I wished they talked about the different topics mentioned in episode -- and  earlier cz I just felt that it was so interesting and it did need more time to be well explained ...At the middle of the drama they focused on things they could be focusing on less than that cz it was so boring and I just felt that it's not well balanced as they devoted  episodes or more on the first year of school and they didn't really focus on the second year so it's just a problem in scenario maybe? IDK ...
 that's a really deep drama ,it is good and for the boring part of it just bear with it the different lessons you'll learn will make you kinda forget it... ALSO FOR PEOPLE WHO HATE ROMANCE LIKE ME,IT HAS NO ROMANCE IN IT ,you can even watch it with your family if you want ...
I recommend it ❤️
Read More",블랙독
16,"An Enjoyable Watch
I found this drama really uplifting and inspirational with there being several different paths to choose from and the most obvious one does not mean you have to travel it.

I enjoyed the story in this, I tend to avoid school dramas but since it was centred around the teachers I did not mind as much. The pacing felt almost slice of life with quite a few time jumps towards the end, probably due to episode constraints or timing issues. It also shows all types of teachers, the good, bad and the ugly side of education and it also shows that sometimes not getting the best results does not mean you are going to live an unhappy life. I also liked the fact it centred around a group of varied teachers, rather than all young or old, but a mix with different aspirations. Black Dog also gives an insight to how much a teachers life centres around their students as even after hours they can be a source to rely on in times of need.

The acting in this drama was great, even the school kids did a good job, as i struggle to watch children in dramas due to their inexperience in front of a camera can be quite off putting. The cost did a great job of portraying different types of teachers and the struggles they could have outside of school hours.

Once again I do not rate music or rewatch value high as I do not normally rewatch dramas nor do I watch them for their music.

I would recommend this to someone who wants to watch a character develop with all the emotions attached :)
Read More",블랙독
17,"Black Dog
Black Dog did a great job tackling and depicting the working of the school system without over-exaggerating them. The drama showed the many problems facing the South Korean education system and did a great job setting up the social context of the profession, especially from the perspective of beginning teachers. It tackled everything from nepotism, to temp workers social stigma, to teacher/student discrimination (top students vs. average), and the cutthroat and competitive atmosphere between teachers who do not always work for the students but rather to better themselves. It even addressed the fact that a school is really an organization and a rigid one at it but that there will always be people such as Go Ha Neul and the College Advisory Department who are willing to take that extra step to change the status quo.

All the actors did a wonderful job -- but especially our College Advisory Department We got to see Go Ha Neul (Seo Hyun Jin) try to break down and tackle that rigidness and succeeding in making a dent including witnessing her journey from a beginner teacher to her growth not just as a teacher but as a person who impacted the lives of students and teachers alike, making them better people (students) and teachers. All with the help and direction of Park Sung Soon (Ra Mi Ran), the head of the career counseling department at the school, Do Yeon Woo (Ha Joon), a Korean language teacher, and Bae Myung Soo (Lee Chang Hoon), the Biology teacher -- all of whom impacted each others' lives in ways they never expected.

In the end, the real message of the story was to never give up and as hard as change maybe it is not impossible. As the saying goes you can't build an adaptable organization without adaptable people--and individuals change only when they have to, or when they want to. Beautifully done, sorry to see it end. I will miss it and highly recommend it.
Read More",블랙독
