,reviews,title
0,"Not All Stories Need a Happy Every After
me cry as I listened and from there I searched up the story of Shim Deok and Woo Jin and fell in love with their story. It's the timeless tale of love and heartbreak... but I think it's common for us to look for these drama's and stories more than the happy ones, with the ""tied neatly up with a bow"" ending with a wedding and happy laughter because sometimes it's so hard to believe that can truly be achieved because we know that after marriage it won't always be beauty and butterflies, that there will still be hard times and concessions. The dramas we watch and the stories we read do not have to have happy endings to leave us satisfied. I feel more at peace with an ending like this, that stays with me and keeps me thinking about it for a long time after.

The story was wonderful. Even if some parts aren't true to history or are embellished and skip over things, it didn't matter. I was enraptured the whole time, barely breaking away from my screen to even eat. I smiled and laughed, but the somber tone never quite left me as you get the ending in the beginning. To me, it seemed more than just the story of adultery and betrayal; if this is keeping you from watching the drama, please reconsider. Woo Jin spells it out plainly to the woman he is married to in almost every scene they are in: to him, he will never love her and will never be hers. They married without seeing each other and while she accepted it as her fate, he couldn't. Shim Deok is the same. She left when she found out and when they came back together, it was because they didn't want to fight anymore. In the scene where he explodes at his father, that isn't a man who is alive-- he's only alive with those who encourage his passions. His father chose to turn away from his son and his wife went along with it.

Lee Jong Suk was wonderful, his performance was moving and even when he was not speaking, his eyes told us everything you need to know about Woo Jin. You could tell the exact moment he fell in love with Shim Deok and likewise with Shin Hye Sun. Their chemistry was amazing and they gave off the intimate feeling without it ever being explicitly stated. You can buy into the innocent love, that it can be pure and untouched even when so many things are happening that try to disrupt it. They were completely their characters which only added to the story. The secondary characters left an impression as well, especially her sister, Seong Deok. Their last scene together really throws a knife in your heart as you can see the inner turmoil in Shim Deok's heart, but she won't turn back to a life full of nothing. The fiancé played by Sang Yeob made you swoon. He was caring and dashing and he was so sweet even when she left. The cast fit everything perfectly and I loved how I could recognized them from other projects. It was sweet and short and lovely.

The music was phenomenal. I pay much better attention to the music now and I loved how they decided to use the instrumental of Hymn of Death instead of the vocal version. It made the 'movie' more bitter-sweet and I can't wait to download the OST.

I'll probably rewatch it, honestly. I love Lee Jong Suk and Lee Sang Yeob, not to mention the first jilted man, Lee Ji Hoon. The show made my heart race, especially at the end where I wished for it to keep going. It's hard when something ends, yet the watcher isn't ready to say goodbye just yet but there's also nowhere else to go so you create fan-vids and stories and endless Tumblr posts... which it probably where I'll end up.

I hope this helps and that you all can feel the love for the drama, the actors, and the history.
Read More",사의찬미
1,"Whilst I didn't know much about the story this drama is based on when I came to watch it, and originally I was mainly drawn in by the actors, I couldn't anticipate how much it has stayed with me.

A tragic love story from the start, the journey of Yoon Shim Deok and Kim Woo Jin was hard to watch because of their known inevitable end. However, I still found myself falling hard and becoming emotionally attached to them and their relationship, despite the barriers they faced. No matter what they did, it was obvious this was the only true end for them.

The acting from the main two leads in this I think was perfect. It wasn't over dramatised or unplayed, there were the right amount of emotion from each of them that my heart broke every time they faced a hardship.

The OST isn't incredibly memorable, however it fit perfectly with the story and style. It would have been nice if they sang 'Hymn of Death' rather than read it like a poem, but I understand why they didn't. And because they didn't, I went to do some research and listening of the song myself, which I probably wouldn't have done if it was included in the drama.

Of course this drama is a tragedy, despite this, because the drama is so short I feel I could easily watch it again just to experience its beauty all over again.

I would recommend if you're heart can take the pain of what is to come, and if you appreciate that sometimes love can be strongest in death.
Read More",사의찬미
2,"""Before your name can be forgotten
I long for you again. ""

There's nothing like a drama that makes you cry not just during the sad scenes but also the happy moments. Because it means the words aren't the only thing evoking that feeling of sadness but also everything that you're witnessing on screen. From the shots, to the actors subtle emotions, to the soundtrack, this drama makes you feel. A starcrossed lovers story that reminded me of this Spanish film Little Ashes about Salvador Dalí and Federico García Lorca. I feel there's a lot in fact in this drama that will remind you of Spanish films in general. So, anyway that's how good it is. And truly the most beautiful thing about Hymn of Death is that it feels less about the actual characters portrayed and more about the struggle broken people face when they try to live a life of love and passion. In fact, even more beautiful was the way both the leads cried in many different moments, but don't shed a single tear in the entire last part. Like, that's PHENOMENAL. Because I was still a heartbroken mess for the entire last episodes.
Must watch for anyone who truly appreciates art.
Read More",사의찬미
3,"This one is a short historical drama, based on a true story. It is sad and, because it is so short, the events happen quickly and we don't really have time to get familiar with the characters. The leading lady was really good, she was emotional and beautiful. She had an innocence and yet she was a strong female lead. Now, for our leading man, he was okay, but he looked like he was always smiling and that the events didn't really affect him. I guess it was the calmness that he projected the cause of that. , it was an okay drama, so  out of .
Was this review helpful to you? Yes No",사의찬미
4,"What an astoundingly mesmerizing portrayal of a ravishing tragedy!

Given its factual back story, the entire dramatization was elegantly made without incorporating exaggeration of any sort. For the whole three hours my heart was drenched with intense emotions, establishing deeper connections with the main protagonists. The screen writers and directors basically ameliorated the somber mood of the drama including various features such as correctly choosing the filter, season, particular day for every scene, especially when both the protagonists meet which enunciated the feel accentuated from the story profoundly.

The scintillating sound of raindrops when Kim Woo Jin was immersed into his melancholic thoughts, the rustling sound of leaves into the bamboo forest while the lovers were gradually approaching towards each other are some extraordinary effects combined with perfect acting skills of the ensembles.

Although a forbidden love but the aestheticism of the romance between the couple was pure resplendence to enjoy. Both of them from different social status and having different occupation and dreams were gradually becoming susceptible due to their finicky surroundings. Inured by their circumstances, the misfortune was creeping in where they left with an only indelible option.

Exudation of such poignancy through a dramatization of a saturnine historical fact takes a lot of creative intelligence. The makers should be lauded and awarded for this. Both Lee Jong Suk and Shin Hye Sun left us with no tears in our tear gland with their riveting chemistry and effusive emotional interaction. Their gesture, posture, every facial expressions and dialogue delivery were unbearably doleful yet enamoured and submerged me deeper into their romance.

Moreover, the wonderful piano and flute music as background score aligned with right kind of OSTs seeped out all the pain I could possible feel from my heart and mind. I was enchanted and fell in love with such grandeur; even their chic style and appearance drawn out the sufficient essence of the romance. This is the perfect depiction of a tragic romance.

In one word this drama is ethereal. I am still at awe. I can’t do justice eulogizing this paean of death.
Read More",사의찬미
5,"Hymn of death is based on a true story and maybe because of that I felt so unconnected from it. I feel like in many ways the whole Romeo and Juliet aspect is generally very stupid to me, I get that people react differently from each other and sure different times show different actions, but the whole life problem showed in the drama felt very solvable to me. I want to praise Hye Sun for her acting though, for me it was the main highlight of the drama, she was incredibly believable and this role was made for her, I felt every tear and every sound, if anything she was the reason I kept on watching even though I didn't like the plot. Jong Suk on the other hand, oh boy he was not a good pick for this role! His character was a real problem to me, I couldn't relate at all with his white people problems, I mean... Boy, go do something else if you don't want to work for your rich daddy who gave you everything. Jong Suk made it even worse, I didn't think he was even trying at points, I didn't feel the slight chemistry between him and Hye Sun, I didn't feel any of his character's emotions, specially because he basically didn't do anything, even his crying face was the same. I don't think he was on the same level of acting as Hye Sun, there, I said it.  was good I guess, plot was stupid but life based so I can only dislike it for what it is, acting was overall okay. Am I ever rewatching this? Oh, God no!
Read More",사의찬미
6,"While the story itself was a tad basic and did not go fully in details for every character (probably impossible with just six episodes), the series itself exceeded my expectation with the cast performing an absolute terrific job with their roles. The emotions, choice of songs were excellent and little did I know about the history of those two and to see such an ending. Absolutely worth a try to watch and I would highly recommend it.

Also to state that the supporting cast was a very strong one and did an excellent job. I was especially fond of Go Bo Kyul's character.
Read More",사의찬미
7,"“That was such a sad love story” was exactly what I exclaimed after watching Hymn of Death on Netflix. The special drama that actors Lee Jong Suk and Shin Hye Sun brought to life touches on the sad realities of being obligated to sacrifice one’s own happiness.
People tend to avoid tragic stories as much as they can. Perhaps, because we don’t want to be reminded of the sad realities in life.

Hymn of Death presented the story of a man and a woman who have been living to please and make sacrifices for their families when their utmost wishes are simple joys they can easily obtain on their own.

Although it is a quick drama watch, it challenged me to formulate the takeaways from Sim Deok and Woo Jin. Their story might not appeal to a general public owing to how it touches themes of alienation, depression, disobedience to parents and even forbidden affair. So, I flipped the other side to make the lessons from Hymn of Death to be more relatable and understandable.
Of course the situation of the lovers in the special drama would not fit in the modern broad-minded thinking of today’s generation. But the striking heartbreaking end of their story would shock people who will hear it even in years to come.

Not owing anyone an apology if you can’t please them because you want to live a life that is entirely your own, is the lingering impression I got from Hymn of Death. Celebrating life and finding your purpose does not need to be grand, because often times, what makes us happy are simple things and quiet solace.

I would not recommend how the main leads ultimately resolve the conflict set by the fictional world which drowned them. However, I understand the weight of emotions bottled up inside them which led to the sad closure.

Lee Jong Suk and Shin Hye Sun scored palpable portrayals which made the drama even more affecting. The emotional yet not exaggerated weep frames they both displayed were exceptional.
Read More",사의찬미
8,"The only reason I was able to finish it was because of the family aspect of the drama. There was absolutely no chemistry between the two main leads. I almost feel sorry because this could've been so much better if only there were more episodes and their love story was developed. LJS seemed so stiff with his acting here for some reason and SHS is the only one who actually pulled this drama forward for me.

Also, shoutout to all the supporting actors who made this , times better! (So many while you were sleeping supporting actors! REUNION TIME).
Was this review helpful to you? Yes No",사의찬미
9,"It was beautiful but short, and we had not enough time to get acquainted with the characters.
It's natural, however, because it's based on reality and how sad it was …
I would tell if a story was unreal, that the characters would not commit suicide because they could overcome difficulties with love.
But since this story is real and has happened in the past, it has changed the truth.
The lesson we can learn is that if we let others determine who we should be, our lives will be destroyed, and this could lead to loss of our opportunities to go to our dreams or even love someone.
Anyway, I liked the show, though it was sad, but it was a good drama.
Read More",사의찬미
10,"Even a tragic ending can be an invisible blessing
One of the best kdramas I've seen. It's based on a true story during the Japanese colonial ruling times in Joseon Korea and has only  eps but so much to it. love, death, history, tragedy, musical, melodrama, forbidden love, arranged marriage, bibliography, rich male lead, poor female lead, star crossed lovers, disapproving parents, and more. Both male and female leads did an amazing job in portraying the emotions. This kdrama really showcased not everything has to end on a good note. Even a tragic ending can be an invisible blessing. Deffo one of their top tier work for me. I gave it a /. Deffo recommend for everyone to watch it.
Read More",사의찬미
11,"Just poured my thoughts
""Hymn of Death"" is a drama including  episodes. Within  episodes, they have tried their best to portray the political issues, freedom, family issues, marriage vs love, responsibilities, rich vs poor, a woman vs rumours, the art of literature, a difference of living vs dying, choices etc... Most of these issues are not revealed throughout the story and sometimes they tried to reveal such issues only through one line without dragging just to run the plot. I have no degree to evaluate the acting skills but there were some incidents where I felt that the male lead should have tried more. When he argued with his father about his freedom, I felt so. Again I thought maybe he tried to exhibit that calmness within his character. Even when his books are burning in front of him, the way he silently followed his father proved that fact cause a book lover's worst nightmare is that. And also it may indirectly show that he had already given up hopes about his future and his life. If not maybe the respect he had towards his father may have controlled him. Even when their first kiss is about to happen, then also he stepped back. Even when his father told that the woman will leave when he becomes poor, he said that if she leaves, then it'll be his fate too not the cheesy line that no she won't do that. Again this may indirectly indicate that he has no desire to live more and fight for his dreams. If I have to talk about the female lead, I can write even a book. Even though her family situation is on the ground level, I didn't feel like I want to focus more on that situation while showing my deepest sympathy towards her cause the aura she gives is strong and unbreakable while handling family issues. I'm not saying it's a fault it's just given me a different vibe than the other typical dramas. Even when her siblings didn't trust her, the way she acted is speechless. This drama highlights the theme; a woman vs rumours smoothly and perfectly. She acted her character with dignity in her mind, body movements, facial expressions and also in her tone of voice. Both leads are struggling with their problems no matter whether one is born with a silver spoon in his mouth. Then at the end of the day, they both find solace by thinking about each other. This drama painfully showed me that if you have to live with the ones whom you don't like or love, that means you feel like dying but when you open your eyes you are still living. So for them, death is the only answer to finding their peace. Yes, suicide is a really sensitive topic and we shouldn't encourage people to suicide but if we look at this from another angle, this drama gives answers to those people who keep asking ""why does he have to go that much far?”,"" why they run away from problems and why can't they face them together?” etc... With the problems, these two characters have faced so far, they might have gone insane but thanks to the way both of them took a stand for each other, they survived and this drama purely shows how a person can express his thoughts in words and make a beautiful context to control their inner balance. If others try to ban even that thing from their lives, what can they do? This drama made my eyes fill with a lot of tears. When I felt that warmth of teardrops in my cheeks, it felt this is so real and then it reminded me that this is based on a real story. At the end of the drama, they both completed a poem, it made me so emotional and OST blended well with the situations and mood. I think OST had a great impact to melt our hearts.
Modern-day people should watch this not to get the idea of just cheating is good and suicide is acceptable but to gain the idea that how they directly take decisions without beating around the bush and how they are % certain about their feelings and the way how they stayed in their relationship and also how they remember little details and the way they both act responsibly to the extent as much as they can etc... There are a lot of sub-issues rather than cheating and suicide. I hope people will discuss them too.
Read More",사의찬미
12,"I started the drama to complete a challenge and this may have biased my perception. I'll never know but I wasn't carried away by their love story, even though I'm the kind of viewer who enjoys impossible love. In this drama, I didn't feel the chemistry between the couple.

This historical drama based on a true story tells us about the passionate and forbidden relationship born of love at first sight during the Japanese occupation of Korea between the literature student Kim Wu Jin and Yun Sim Deok, student opera.
Two solitaires who lived, or perhaps survived, in the face of social pressure and the oppressive presence of those around them thanks to their passion.

The plot is very slow and almost boring at times. The dialogues and situations suggest a gloomy climate, sadness and a form of self-effacement. There are very few moments when the characters are happy. The end isn't so suprising, it's a conscious decision, in their perspectives, their love kept them from freely life.

These words from Kim Wu Jin ran through my head for quite some time.
""Do you really live? No, I'm waiting for death to live. ""
""I listened to the curses I was cursed with, they're my only refuge in this world tormented by the devil. ""
Read More",사의찬미
13,"Going into this drama I didn't really know anything about it, but the actors I had previously seen In other works. I was going to find out how much I would like it and how the story was generally pleasing to watch?

The story opens on a mysterious ship going across the Pacific Ocean with two passengers on board Yoon Yoon Shim Deok and Kim Woo Jin that have disappeared. This opening really got me interested in the drama and made me want to keep watching to find out what happened to them.

Then your thrusting into the past where Yun Shim Deok Korea's first soprano is practicing a song that has to do with love, which she knows nothing about yet. Her singing sounded pre-recorded or in other words fake and that really ruined the feel of the scene. It also affected future scene for me, because all I hear is another person in a recording studio sing that part for her and I really wanted authentic singing portrayed in this drama. I do understand why they did it, but it would have made the drama way better by having an actor that could actually sing soprano.

Yoon Yoon Shim Deok and Kim Woo Jin meet and the meeting goes not as planned and it takes her a minute to accept the offer to perform on behalf of the association. Their romance does not start right away, which is nice and slowly starts to develop with real sincere emotions being exchanged between both of them. There is a conflict going around and this put struggles on both of them having to endure being treated so harshly by the Japanese officers, but they perceive and they plan to leave the country together. They both hold each other on the bow and slowly walk over to the edge of the side of the boat and jump. This is just sad and hurts while nearing the end of the drama.

Over the feelings of the drama were sadness and a few happiness. If you love a tragic love story this is for you with clear emotions unfolding as you watch, this is for you.

Read More",사의찬미
14,"Something about it stays with you
This -episode series is wonderfully shot, the storyline is captivating, and the acting is great. I loved so many things about it and it's definitely worth watching. There's just something about their love that failed to capture my heart and immerse me in the feeling that their love had to trump all else. I think I'd have liked to see more pivotal moments where their love grew, and them really fighting against the odds for each other - so that the ending would have had its full impact. Still, like I said, I loved so many things about it - the poetry; the letters; the feeling of needing to fight for something when the battle is much bigger than one can truly win; and the struggle between what one desires for oneself and external expectations. It's the kind of drama that would mean different things to different people, and I would wholeheartedly recommend it.
Read More",사의찬미
15,"Actors can bring characters alive
Strength of drama
Cast- FL was awesome she brought the character to life. Amazing how they got good actors to do even smallest roles. Example FL father , fiancée, the recording owner are well known actors with good acting skills. That was the strength of this drama

The filmography and direction- the setting , the scenery , locations, the way it progressed was very skilfully done ??.

Ost- pretty cool music as it was centre of the story.

Weaknesses-
ML - LJS is pretty cool actor but not in this drama. Except few scenes like dance scene or the parting scene he dint shine in this drama. He looked rather dull in front of FL.

Conclusion- was rather hurried and did not feel like it was aptly done. The hopelessness of having no way other than the end was lacking and felt like abruptly done.

Over all - cast was awesome so was the ost if only our ML acted upto his immense capabilities (which he has) it would be much enjoyable ?
Read More",사의찬미
16,"WOW!!! Just wow! I absolutely love this drama. I think it is such a heart-breaking and beautiful story. It should be said I am a sucker for dramas based on true stories and sad endings, so this drama was right down my alley.

The drama stars Lee Jong Suk and Shin Hye Sun, two fantastic actors and their chemistry is just too good. You really believe their love for each other.

The story is over many years and even though the drama is only three episodes the story feels so long without be either rushed or boring. The speed of the plot is just right and I didn’t skip any part of the drama. Moreover the OST is perhaps one of the best I have ever heard!
Read More",사의찬미
17,"This review appears on: https://frommelbtoseoul.wordpress.com////review-the-hymn-of-death/

I came across this after a quick glance at what Korean dramas Netflix now has to offer, feeling pretty surprised at the vast options available. The first thing that caught my eye with this drama was that the male lead is Lee Jong Suk. I couldn’t not add it to my Watch List. However, what I did next may have ruined my watching experience. I googled the title of the drama and was immediately spoiled.

The story between Yun Sim Deok and Kim Woo Jin is immensely well-known. If you already know about their story then it won’t be a spoiler, but as I had no clue who they even were or what would be involved, googling the premise of this drama straight away revealed what waited for the characters at the end. In saying that, knowing how the story ended didn’t take away from how much I enjoyed watching the actual show. I would’ve liked to have not known just to keep the element of surprise, but overall, I still enjoyed every moment that led up to the ending.

What I appreciated most from The Hymn of Death was how beautiful it was. It was so pleasing to the eyes, starting from the costumes to the camera directions and framing positions. Every single character was dressed so well, the men in well-fitted suits, and the women in fashionable and chic outfits. The drama is set during the Japanese occupation, so you see a different type of style that isn’t seen as often in Korean dramas. There is a lack of traditional clothing (hanbok) and they’re not at the stage for modern clothing yet. I especially love how pretty Shin Hye Sun appeared in the drama and the outfits that were chosen for her. The directing in this series was also something I was in awe in. I rarely pay attention to frame and camera positions, but I noticed how purposeful each frame and scene was positioned. It was so pleasing to the eye but also forced myself, as a viewer, to really understand that the director wanted to either contrast the characters, position us in between the characters to understand the tension or take in the entire scene from afar as though the characters were sharing a private moment only they could understand. Lee Jong Suk and Shin Hye Sun are also pleasing to the eye on their own but also as a couple. I cannot believe how beautiful Shin Hye Sun is, really.

Yun Sim Deok and Kim Woo Jin’s lives was fairly condensed in this  part series. There is a lot more that can be told about their story however, I didn’t mind that there was  parts. I found the drama was able to, surprisingly, showcase what was necessary to understand their story, but also in a way where I could really believe and see the emotions that each had for the other. It helped that Lee Jong Suk and Shin Hye Sun had chemistry and were great in portraying their characters. Both were great in portraying both the sad and happy emotions, especially as they began to face the challenges of deciding what was right. For just being  parts, The Hymn of Death wasn’t rushed and came across quite impactful.

Definitely give this a watch if you want to learn about two historical figures that played some part in Korea’s history. Not only do you get to learn about how Yun Sim Deok becomes a famous singer and Kim Woo Jin is known for his writing, you also get a glimpse of Korea during the time it is occupied by Japan. Also, I can’t stop playing one of the songs from the OST. It is so moving and well suited to the drama.
Read More",사의찬미
18,"My heart broke over and over again

This is a really short and powefull drama.

I loved Lee Jung Suk and Shin Hye Suns acting they portrayed so many emotions, cold, warmig upp, hot, love, dispsir, joy... I could really se how both soles slowly died during the drama. And how desperat they where both for each other and for their freedom.

Lee Jung Suks reading poetry made my heart melt and the almost kiss was probably the hottest scene I have seen in a drama.

They where really stuck, and well it's a true story, but I feel the need to remind you that collective suiside is not a preferable sullution. There was probably not very much help in the s but there is in the s.
Read More",사의찬미
19,"I had finished Mr. Sunshine a couple weeks prior to watching this short drama, and I was craving more historical romance with a tragic ending. This drama also came in handy since I binged it on a long bus ride when I was on a road trip. To keep things short and simple, it was not the tear jerker I sincerely hoped for it to be. Shin Hye Sun and Lee Jong Suk are some of my favorite Korean actors (Shin Hye Sun is actually my favorite actress), and I loved watching them on screen together. However, the storyline just didn’t do it for me. It was pretty dull and dragged out way too much, to the point where I had to check the time remaining in each episode every few minutes out of boredom. The romance, strangely enough, actually ended up being extremely rushed, and I genuinely felt absolutely zero chemistry between Shin Hye Sun and Lee Jong Suk. I’ll give it a higher than average rating for the actors and the beautiful directing, however I wish the storyline was less dull at times. , I would still recommend this to anyone wanting to break out of their comfort zone and try a new genre. This is a short enough drama that I don’t regret watching it in the slightest, despite some obvious drawbacks.
Read More",사의찬미
20,"For a drama that’s so short, it wasn’t rushed at all. It had a perfect pace that went well with the story. I don’t know the true story it’s based on, but the drama was beautiful. I think the actors played their characters well. It felt more realistic and sincere than other dramas I’ve watched, the facial expressions weren’t dramatic like some dramas. The actors did a very good job. The literature in the drama was also beautiful and heart wrenching. Even though it had a tragic ending, the ending was almost beautiful that you didn’t feel sadness for them. This drama was beautiful and I definitely recommend it. It was refreshing to see something that had emotion and realistic that wasn’t a cliche romance.
Read More",사의찬미
21,"The Hymm of Death is based on the tragic true love story of writer Kim Woo Jin and the first Korean soprano singer Yun Shim Deok. The real life story is brought to life by an amazing cast. Lee Jong Suk who played Woo Jin and Shin Hye Sun who played Shim Deok had great chemistry with each other. The soundtrack was great, and it fit the drama very well. If you're not a fan of watching sad stories then this is not the drama for you but if you're searching for a drama with a great story then I would recommend this drama to you.
Was this review helpful to you? Yes No",사의찬미
22,"What happens when your heart rules you.
I have very mixed feelings for this short drama. The actors were excellent and the sets, costumes and scenary where all excellent.

The story, however, just did not do the trick for me. All I could think about was how so many tears could have been saved, had the leading guy confessed about the situation he was stuck in right from the very beginning. It would've stopped the female lead from having her heart terribly broken.

I do feel sympathetic to Kim Soo Sun, whose life was delineated by his father. I could see why he made certain questionable choices when it came to Yu Soo San.
And also, this is the first time I'm seeing a piece of entertainment which fiercely depicted the cruelty of the Japanese. It was blood curdling and disturbing. A huge respect for everyone who dared to stand up to them!
Well. It was a pleasant watch, but definitely not something that I'd rewatch.
Read More",사의찬미
23,"Star Crossed Lovers
I started watching this show because of Shin hye sun. I loved her acting in Mr. Queen and wanted to watch her other works. This is my first show that i watched of Lee jong suk so I didn't really have any expectations for him.
STORY:
I know that they both will die at the end before I even started watching but I was genuinely surprised to see that the first scene itself they showed their ending. This melodrama has everything in it for it to be perfect. I loved the way the story started spinning around the main characters.
CHARACTERS:
Thing that I loved the most is that the actions of the characters are believable and you can understand them for what they did. There is no one in particular who is a ""villain"" in this show. Every actor gave their best.
OST:
The parts where the heroine sang was beautiful so is the background score.

From the set to the pace of the story, this show is really spectacular for its barely three hours run. The only thing I wished is to see the aftermath of their death and how the other characters reacted to it.
Read More",사의찬미
24,"Loved it!
😭 it was very emotional but very beautifully made I really liked it! You should definitely give it a try. I loved the casting and the actors/actresses and the soundtrack is amazing.


This drama is the definition of right person wrong time. This will probably become one of my favourite historical kdramas.

The female lead was very interesting and cool I really liked her! I loved her confidence and her smile is so precious <

The male lead was also very interesting and passionate about writing! I admired that he didn’t let anyone take away his love for writing even if he was forced to quit he still enjoyed and loved writing and didn’t let others change that.

Read More",사의찬미
25,"BEAUTIFUL, AMAZING, AND SHORT DRAMA
This drama is a brilliantly made film. Despite being fairly short compared to regular K-dramas, this drama delivers so much emotion to viewers. The heartbreaking love story of the two leads is perfectly portrayed by the wonderful actor/actress, Lee Jong Suk and Shin Hye Sun. I was completely blown away with how expressive these two actors were, and truly they performed far better than what I had expected from them. I cried so hard, it was so beautiful. The acting was amazing and wow, the ending was something. I cant believe this was a true story, one of the best dramas ive ever seen. I liked it because the story and how the couple wanted to fight to be together, then at the end when they knew they had no option, they couldnt be together, and then they did what they did at the ENDING, which I wont spoil. I didnt dislike anything about it, as it is a true story. I loved the two actors they used for this drama, they did so well. Lee Jong Suk is so incredible in this drama, as it is a very short, sad one.
Read More",사의찬미
26,"Sad, poignant.
Hymn of Death is a short (three episode) drama based on two real people — Sim Deok (Korea’s first soprano singer) and Woo Jin (playwright). The drama is set during the early s, Japanese colonisation of Korea is the backdrop of the romance between these two talented artists. If you’re interested to learn more about the aspects of history, I wouldn’t say this is your drama to watch because it focuses mainly on the relationship which these two share. The beauty of this drama is that it managed to show the yearning and love Sim Deok and Woo Jin had for each other, a bond that transcends through time.

As the title suggests, it’s a tragic drama. The fact that these two people saw no other way to be together except through that one action. While the plot revolves around these two’s struggles, we do see very little of what it is to be a Korean, a woman, an artist forced to live a life dictated by others and the freedom to not share your art in your language.

Read More",사의찬미
27,"It was great, but short
It was a touching story that taught me many things.

I liked the story since it was based on a true story and its meaning. I also liked that they showed both sides of the lives of the main characters - but they deserved more scenes. I didn't like that they chose death (they could have solved it in other ways), but they couldn't change what Kim Woojin and Shim Deok decided to do. At least they could have added more scenes of them - somewhere they skipped a few scenes to get to the most important parts. Also, Lee Jongsuk was acting good, but his character looked emotionless in a few scenes for me.

The music was perfect. I felt like I was also in the story. The backround music and OST added more emotions to it and also Shim Deok's singing was really good.

Anyways, the ending was good - I was teary at the last scenes. Unfortunately, it is a short story. I enjoyed watching it so I would welcome more episodes. I saw a bit of chemistry between them (even when there were not many scenes when they were together) so it was hard watching their pain and how they missed each other.

Will I rewatch it? I am not the rewatching type, but I won't mind rewatching it later. It is short so I won't spend much time and the story... you will see after watching it ^^

""We, people, are all selfish, but it doesn't mean that we are bad. We have to do our duties - but more importantly, we need to do things we love - to live.""
Read More",사의찬미
28,"""Even as I am living my heart longs for you. Until the moment of death, I will long for you.""

Grab your tissues for this one. Hymn of Death is a tragic tale based on the real events of two people who fall in love during the Japanese occupation. It is a no holds barred emotional journey that will make you cry a waterfall of tears. It makes it even sadder knowing it is a true story.

The acting is phenomenal. There are only six episodes, each at thirty minutes long, but they pack a punch. I was drawn in immediately, and my heart wrenched with the storyline as it progressed. From the beginning, they let us know how it is going to end, so it was a bit like getting on a train when you know the tracks end abruptly. It follows the story of two young people who have almost no control of their lives due to outside circumstances, and only wish to be together to the end. There is so much longing conveyed in such a short time. The two main actors really gave their all on this one.

I recommend watching this as their story deserves to be known. The acting, cinematography, and music are amazing as well. When I eventually pick up the pieces of my heart, I am likely to watch this again.
Read More",사의찬미
29,"Hymn of Death Korean


They each face their own personal difficulties when it comes to achieving their dreams and living their lives how they want to. He’s unhappily married and working in the family business after reluctantly following his father’s wishes while she struggles to support her poor family. Society and their families have definitely tied them down. Then when a romance sparks between them, even that becomes a forbidden love that stands in their way of happiness.

The mood of the drama is on the somber side with a melancholy feel and increasing sadness. Since it’s a short drama, we don’t get a whole lot of time to develop everything, but the story is thoughtful and well directed while being accompanied by some beautiful music with the soundtrack.


Hymn of Death Korean Drama - Lee Jong Suk and Shin Hye Sun

Lee Jong Suk and Shin Hye Sun were both very well cast in their roles. They gave moving performances that conveyed the struggles and heartaches each were feeling. Their lives were sad as roadblocks got in the way of their dreams and their love for each other.

It would have been nice to have more time to develop a story like this so I could get really emotionally invested, but overall Hymn of Death is a decent watch with enough good qualities to depict this tragic romance.
Read More",사의찬미
30,"This is a short, sweet, poetic, heart breaking drama. At times, I did wish it had more episodes but looking back, it might have ruined the story by giving in too many details.

I started watching this because of Shin Hye sun but what drawn me more to the story is the fact that it was based on a true story. I have no idea why, but I do love me some tragic stories from time to time. I just find it so hauntingly beautiful.

I think the casting for this drama was /. I really love Shin Hye Sun, she can pull off anything. Never imagined her to be with LJS but in all fairness, they look good together.

Aside from the story and actors in this drama one thing I did really like was how poetic it was. The ending poem is what struck me the most, it goes something like this:

""Are you truly living?
No, I am yearning for death in order to truly live.""
From the poem
The Theory of Death and Life,  May 

I guess its because of all the things happening to us every day, we usually forget to live life. We over think a lot and that makes us miss on important things in life, and that's just sad if you really do think about it.
Read More",사의찬미
31,"Please have a huge pack of tissues and possibly a shoulder to cry on
This drama is beautiful. Historically very accurate. Portrays the s aesthetic very well. Good chemistry and excellent acting. I can't really say much because this drama was that perfect. It was surprisingly fast paced but in a good way. Sentimental scenes weren't dragged out unnecessarily. It was  hours of pure bliss. An excellent portrayal. Absolutely gives justice to Yun Sim deok and Kim U Jin. Since it's based on a real story I can't say much. The OSTs are excellent. After watching the drama, please check out the original Death Song by Yun Sim Deok. It's beautiful. You can practically hear the sadness in her voice. It will soon become a century old. It's beauty has been preserved through the times. The version of the Hymn of Death by Min Woohuk is also a must-watch. All the respective links are below.

https://youtu.be/PQuwBbcpdFM
https://youtu.be/MfbaqQufPM
https://youtu.be/KljhOMnA
https://youtu.be/uGdJXuXBl
Read More",사의찬미
32,"this was okay. its a very short -episode drama thats not really gonna make you fall in love or anything with the characters. but it was enough to build the emotions and to relate with them. i think its very important to consider the time setting here cause the romance story was quite the old-fashioned way so it really suits the time setting. and with that in mind too, i understand how the chemistry of the characters turned out that way. but other than the romance story, there was nothing special, really. the acting and music was great though, i enjoyed it. but yea its an average one and a short one so its not time-wasting or anything, i think its worth a try.
Read More",사의찬미
33,"the charecters were so utterly beautiful.
This drama is the definition of ""short and sweet"". It's about rebelling, not only against society and government, but also family. It felt like an inspiring drama about two characters who wanted to take control of their lives and do what their heart pleases than the people around them. The adultery part was a bit icky for me, but the circumstantial effect of the time period made it so that i could overlook it.
Read More",사의찬미
34,"WOW. A short but emotional watch. Will make you feel things and think about what it means to live within the span of  hours.

Backdrop of 's Japanese-occupied Joseon. A couple that cannot be together. Beautiful and mature acting by Lee Jong Suk and Shin Hye Sun. Can't believe this was made in the same year as  but  lol -- she feels so different there.

The soundtrack is melodic and really adds to the storytelling. The cinematography also handled important moments in an elegant and meaningful way. I would recommend this to anyone who has  hours to spare and wants some feels.

PS: Just found out after watching the full drama that it's a true story, up to the very last moment. It makes my heart break even more :(
Read More",사의찬미
35,"I always have a room for historical kdrama during Japanese occupation (not so saeguk, i guess?). So, this one is kind of good for me. Like the other dramas with this kind of time setting, it usually ends with tragic story line, but thats also what makes those dramas memorable and loved.
Hymn of Death is basically portraying a tragic love story between a stage drama director and a classical singer. The situation is hard during that time, it made them so hard to be together (especially Woojin is a married man). The ending was also kind of tearjerking... it was painful and sad that they had to chose to end their life together. , i really love the story (it is based on true story) and the execution of makin this drama. Good job!
Read More",사의찬미
36,"For starters, I only got intrigued with this drama because of Lee Jong Suk (well, who can’t resist his dramas anyway). I thought the drama will revolve around their love in the midst of rebellion but I only got an affair where they always long for each other. The drama is too short to fully express their feelings for each other. The actors didn’t lack emotion but I found myself commenting on how they were just merely acting and not being so immersed on their characters. However, after I did a rewatch I was really moved by Hye Sun and Jong Suk's compelling performance that I probably overlooked on my first watch. , I still like how the writer recreated the life of the soprano artist. Jong Suk is still one of the versatile actors I have watched and it hurts my heart how this is his second to the last drama before entering enlisting.
Read More",사의찬미
37,"I finished this drama and I felt like I lost something and I couldn't find it. It's a sad story narrated in a beautiful way and sure, it'll get to your feelings and if you're like me you'll probably cry- a lot, but still, there's something missing. I think this should've been a longer drama;  episodes that last half an hour aren't enough to tell the story with detail, and that's exactly my problem with it.

We eot to know a little about the characters but, do we really get to know them in a personal way? I don't think so. We just see them fall in love (this ain't a spoiler) and how they handle it, we get to see a piece of their personality but not the rest of it, and that in the end is what makes me give it the rate I'm giving it.

For me a  rate is good, though. I really enjoyed this drama and I couldn't get my ass off my bed until I finished it. It drags you in and handles to keep you hooked. There are a lot of emotional scenes and that's what I liked the most. The acting is amazing and I have to say this is my favorite Lee Jong Suk performance by far. There is a scene (you'll recognize it) where his feelings seem to trespass the screen and go straight to your heart.

, this is a really good and emotional drama. It could've been better, yes, but it's enough like it is. Definitely should give it a watch.
Read More",사의찬미
