,reviews,title
0,"drama of the year❣
what I love about this is how layered the characters are;

Oh Hyun Jin was a total dream st century career boss lady, she was in control and composed but as she entered the the mysterious momhood everything changed for her, she wasn't as confident, she didn't know anything and she was scared which just proves, being ""smart"" doesn't make you a natural know it all

Jo Eun Jung was the opposite, she was a stay at home mom who took pride in her ""natural"" and vast knowledge of momhooness, but behind the curtains she was just as clueless and scared as the rest

Lee Roo Da seemed like an arrogant and immature person who didn't love her kid, but she was just someone who had a different approach on motherhood, and she didn't want to do things because ""other's do it""

Choi Hye Sook is still a mystery but behind her controlling aura she just wants what's best for the moms. she was a dream boss and mentor, she was stern but compassionate, old fashioned but accepting

glue stick! my precious glue stick is an acting genius! (and the directors did a great job capturing him), his facial expressions were always a delight

Kim Do Yoon is the most precious husband and father! they were the most inspiring healthiest couple I've seen in dramaland. I wonder how big their age gap was xD they were also the best example of a noona romance ;D


the drama has a great sense of humor, I've not laughed like that for a long time, especially st ep made laugh until I cried xD
on the other hand they deal with alot of realistic postpartum worries and issues, new moms (and dads) deal with alot of new emotions and experiences, plus the surrounding people's expectations and ""advice"" can become really suffocating.
you can't produce enough milk? you're a bad mom
you want to work again? you're a bad mom
you gained weight? you're a bad woman
you're not magically happy? you're a bad human
you feel tired from feeding your kid every  hours? you're a disgrace...

on the other hand the husband kinda doesn't experience those st hand, so he's happy, not tired and tries to encourage his wife or tell her about his day while she can barely hold her own emotions together and he starts thinking he's a burden..


the drama stayed true to it's premier, it dealt with alot of worries and burdens surrounding a new mom while also keeping a well timed sense of humor that never failed to make me laugh until I cried. I'll miss this drama dearly! I really wish s happens soon and I wish they keep the same cast, they could all have triplets for all I care, I want them back! TT__TT

the ost was also beautiful and elegant, the setting, the writing, the acting, the directing, everything was perfect❤
Read More",산후조리원
1,"Amongst all the dramas of , Birthcare Centre is a breath of fresh air. Short enough to binge in a weekend with powerful performances by every single actor in the show, its wacky enough to not take too seriously (which you already might've figured out given its setting in a plush rich people post natal recuperation centre and high school-esque social hierarchy) yet serious and heartfelt enough to genuinely convey important issues plaguing new mothers that rarely get talked about.

PROS:
-Hilarious mix of different genres: you have romance, comedy, drama, thriller, horror, historical/mythological etc. There are so many different elements of everything you love from various genres that its a treat to watch them all come together and create a mess (in a good way, for the most part...)

-Strong performances and diverse characters. You have your sanctimonious prick mothers, your 'screw authority' mothers, your 'we're not in Kansas anymore' confused as hell mothers and so much more, all played wonderfully by their respective actors. I'm dying to know how they fare!

-Relationship building: I loved how they portrayed relationships (both romantic and platonic) in this TV show in a realistic way. I especially love how they handled the 'will they, wont they' romance side plot of one of the mothers in the centre and dealt with it keeping in mind her personality and life. I hate it when dramas pull a  on a character's personality just to ensure a happy ending, but I think her ending turned out happy in her own way.

-Ending for the mothers- all ended very nicely and some, honestly, even abnormally. By the end, our main character got a happy ending that SHE wanted to get as a woman and didn't endlessly sacrifice herself for her child.

-And that is my final pro: the message that mothers dont have to endlessly sacrifice for their child to be a good mother.

Now...CONS (oh boy):

- Every mother shown in this drama has a significant other raising their child with them which is far from realistic. I was quite annoyed, to be honest, because this drama wanted to show ""different kinds of mothers"" but eventually ditched that in favor of cutesy romance (which is... fine, but done all the time).

-(I cant believe I'm writing this) Too much time spent on breastfeeding: uhh, okay, I'm not a mom (I'm in my early twenties y'all I need to graduate college) but I do understanding that the decision between breastfeeding or formula is super important. Totes, I get it. But to spend  episodes...oohing and ahhing over it...yeah, excessive as hell. Especially when there are other equally barely talked about topics that are addressed towards the end of the drama like post partum depression that need more screentime. Which brings me to...

-I really, REALLY wish they spent more time on post partum depression. If breastfeeding is the golden eldest child of this show, post partum depression is the neglected and pitiful stepchild that no one pays attention to. They relegated discourse about the problem to literally the last  minutes of one episode and then poof, almost nothing in the next.

- There was such a mish mash of genres that it was everything and nothing at the same time. It didn't know what it wanted to be and after a point became annoying.

- They barely did anything to redeem sanctimonious prick mother. She may be actually a very nice person, but I think the writer forgot that this is a very low-stakes drama about a bunch of mothers set in a birthcare centre: way she talks down and demeans any mother who doesn't go above and beyond for her child like she does, she can almost be considered an antagonist because of the direct opposition she poses to the main character. You have to actively try to get the viewers to understand her motives and see where she is coming from- you have to create a complex character without providing convenient outs and excuses like ""husband bad"".
Read More",산후조리원
2,"A drama to some it may be a documentary to others it may be a comedy. What will it be to you?
'Birthcare Center' to me, a slice-of-life drama that I have been longing for in years! This drama has brought back my passion to write reviews (something I have lost long time ago!).

‘Birthcare Center’ takes the viewers into a fun ride between detailed reality and a fresh comedy. The initiation to the world of motherhood can be pretty overwhelming to some. Unlike anything else in life, motherhood is a lifetime commitment! Far from what we have mostly seen on screens whether it’s a series or a movie, this drama surpasses anything you’ve seen when it comes to postpartum phase. It highlights the travails and triumphs of motherhood including conceiving a child, going through labour, and everything else that you can think of about a woman’s experience entering motherhood and it does all of that with short -episodes in comedic frame.

Speaking of myself as someone who never had the chance to experience motherhood/childbirth, this drama has been such an enlightening journey! It made it possible to witness that side of motherhood that we never actually get to see unless we go through it ourselves. For those of you who have experienced it or will experience it you will find that you can relate to so many aspects if not all and you’ll be surprised that you’ll enjoy it despite relating to the pain and struggle! (you might even find comfort). As an outsider to this experience I actually felt every emotion which is amazing for a TV series to accomplish! I've come to understand that there are probably times when the mother is unable to say that the newborn is beautiful when she first sees the baby attached to its amniotic fluid. Details like these and so much more that will have you falling in love with this drama in no time!

Dear reader, ‘Birthcare Center’ isn’t trying to take you to a ‘beautiful journey’ by making things look beautiful/graceful while disregarding the reality of it. ‘Birthcare Center’ is trying to capture each and every moment of a childbirth/postpartum/motherhood phase realistically and help you find the beauty in the reality of it. Most of the time, things that happen after birth can be things that we would never think of such as the aftereffects of birth, the challenges of breastfeeding, the pressure that comes with parenting, and so on. Just like everything in life, even motherhood things do not necessarily go according to plan. The drama has captured all of that in details while presenting it in the best comedic frame, so you as a viewer would actually enjoy every second of it without feeling daunted by the emotions and without feeling drained by the reality of it.

What impressed me the most about this drama is the narration. Narrations are done by women (the cast characters) and it takes you through this journey and helps you understand what the characters are going through. It made this drama vividly real. I must say I absolutely adored watching the mothers in the Centre bond despite their different perspectives. They all had different backgrounds, beliefs, jobs, personalities and priorities however they all had one common goal, to provide the best for their child. You will enjoy watching their relationship changes from enemies to friends and how their bond becomes a lifetime bond.

Finally ‘Birthcare Center’ is a Korean drama tells us that “A good mom is not a perfect mom. It’s a mom who is happy along with her child”. The most important thing this drama tells is that the mother is also as important as her child and that it’s okay to feel overwhelmed, confused, freaked, it’s okay if things is not under control… you will grow as a mother as your child grows… if the child is one month old the mother is one month old because a mother is born the moment her baby is born.

My most favorite quote in the drama - “Everyone says pregnancy is beautiful and pleasant, but it is exhausting, and labor is cruel. And the recovery process is miserable.” Kudos to the writer and the cast for presenting this in such a delicate, fun and fresh manner.
Read More",산후조리원
3,"A ""young"" mom's foray into motherhood
This drama introduces us to the world of birthcare center throught Oh Hyun Jin's journey's into motherhood.

Oh Hyun Jin, , is THE ace in her field as the executive of a big firm. She has many achievements the latest being her promotion as the youngest member of the board but she's clueless when it comes to motherhood, childcare and babies.

As a woman having had to go through a geriatric pregnancy, she has a lot of insecurities because of what the pregnancy did to her body, the uncertainty of the future, the discovery that motherhood isn't necessarily what it's made out to be -instinctive and easy.

It's in the birthcare centre that she'll encounter other young mothers who seem to better prepared and more confident. That's when confidence and certainties will start to plummet as she'll realise that having a baby is more than bearing and birthing it.

Oh Hyun Jin will meet other young mothers in the centres who will help her grow and with whom she'll be able to share some of her insecurities : the perfect Jo Eun Jung, the feisty Lee Do Ra, the friendly Park Yoon Ji and the director of the institute, the strict but caring, Choi Hye Sook.

Birthcare Center is a great drama which will resonate with those having experienced having a baby or having someone close who went throught it and shared the experience.

It helps break some taboos and raise some interesting debates with humour -I laughed out loud more than once.

Though the drama is a comedy, there is some melodrama -which brought me to tears because it so heartbreaking and heartwarming at once, with thriller element.

Birthcare center is a must watch for me with great re-watch value. I'm a little bummed it's only  episodes but this format ensures it's face paced.

All in all, the message I got from this drama is that ""We aren't born to be mothers so that's okay not to feel like others say we are supposed to feel, it's okay to be clueless because we can learn and it's okay to want to keep one's identity and not be solely recognized as a mother"".
Read More",산후조리원
4,"Brief, concise, and enlightening.
Birthcare center was a strange drama I happened to watch. At first I found it hilarious with it's exaggerating first episodes. But as it went on, I realized how deep it tackles about motherhood and parenthood--as well as relationships. It was short with only  episodes, but it covered a lot of realistic angst. It's like attending a forum by a well known speaker. Brief and consice. It's strange because I felt like it was discouraging us to be mothers, but then at the end it was actually cheering us on. Highly recommend to people in relationships, planning to have children, and to every child that we are. ""A good mom, is not a perfect mom.""
Read More",산후조리원
5,"super underrated!
This drama does a fantastic job talking about the journey of pregnancy, birth, and the stigma of a working mother. The writer does a great job using various stories about birthcare that gracefully tie in with the main plot. There is mini subplot that is sort of a flop in comparison to the main story, and I agree with other review that Birthcare Center could have been more diverse, but with only  episodes, I think this drama did the best it could have.

Watching this drama, I haven't laughed this hard in a while. , I think its a great binge watch and I highly recommend it :)
Read More",산후조리원
6,"A must watch!
Loved, loved this show.
Binged it, and absolutely do not regret it. It was funny, emotinal and also suprisingly educative. I always knew pregnancy wasn't exactly a bed of roses, but never really knew the complexities involved. This was an eye-opener for me. Might seem a bit too much to say this, but watching this drama makes me feel like I would be able to make better informed decisions regarding my own pregnancy when I choose to have a kid later on in life.
A very fun, emotional show with great friendships, do watch!
Was this review helpful to you? Yes No",산후조리원
7,"Worth the watch
I don't even know where to start, this show has so many layers that just keeps on uncovering each episode. The characters were amazing, there was so much to them that meets the eye. Whatever the first impression you had of the characters, just know that you'll end up misjudging them. I didn't have any character that I hated, despite them having their flaws it became impossible not to love them. The acting was superb, I felt the emotions. This show had was mixture of everything and the way that it executed was amazing done. The transitions they had was done flawlessly that you forgot that you were just crying a moment ago. It was impressively relatable yet exaggerating(comedy) at the same time. I could feel myself connecting to the characters. Hyun Jin and Do Yoon are couple goals, like their relationship is so healthy, which is so unlike kdrama couples. Even through they played with the viewers emotions by making us speculate there could have been an affair, I enjoyed how they executed the reason. The moms chemistry and interactions was so heartfelt. Sarang's mom was amazing, everything about her was wow, you were able to feel what she felt. Roo da was something else, she brought the balance to the relationships, I like how she was more than she let on. While Hye Jin (her mother in law) wanted to out on a front that she didn't care, I liked how she grew to love her the way she was. I felt so bad for Sprout's mom, her baby died, I cant even imagine what she went through. I enjoyed the the bit of thriller that was included, it kept me more engaged. So many other things happened that just added to the enjoyment of the show but I wouldn't want to spoil it all. The music was quite catchy.  the show was beyond enjoyable and underrated. I just hate the fact it ended
Read More",산후조리원
8,"A Must Watch Drama..!!!
This drama was unique and worth watching for all the viewers with a heartwarming and Beautiful narration which gives you a total refreshing experience till the end. So the whole story was focusing on a entirely different atmosphere, which we haven't seen much before in dramas and that was the main attraction here.

Birthcare Center is a postpartum care center for all mothers who just give their delivery. Simply its a mother care center. They say it's a paradise for all the mothers who has no idea of to do what next after their delivery. So here the story is mainly focused on a married couple at first pace, there the wife was a working women in fact a managing director of a big concern and she got pregnant unexpectedly one day and frankly her whole world went upside down after that with stressful days and all, after all the struggle finally she give birth to her child and then she entering into postpartum care center.

And the story really begins, There she met other moms and the main story again splitting with them and they also becames the main character for the rest of the Episodes. They all coming from different backgrounds and slowly become close to each other, then the story eventually moves between them.

So many factors that i found really interesting throughout this whole drama. They wonderfully managed everything with some really funny narration at the same time there includes some intense emotional scenes with strong characters and also trust and understanding of each other by the couples etc.. which was something really beautiful to see. 

Another important factor it was only an eight Episode drama. So the narration was really fast apart from some other long dramas, without any dragging. Especially the last  Episodes was the soul of this drama.its kind of feel like improving Episode after Episode and grow more into our hearts. All the characters are relatable with real life and there are some Beautiful life quotes which was a good life reality they showed.

 birthcare center was a must watch drama you can watch and finish with a smile and also with full satisfaction. Definitely give it a try if u have time



Read More",산후조리원
9,"Great drama
This drama isn’t really the type of drama I would usually go for but I really enjoyed it.the story and the plot were very interesting and I liked how it wasn’t very rushed. It’s a great binge if your looking for something short.

I recommend watching it if your into finding out more about motherhood because it’s the main focus of this story. Or if your just bored and want something to watch.

I loved the characters in this drama and I thought there acting was amazing. And I think all the characters had a lot of character development.

Was this review helpful to you? Yes No",산후조리원
10,"One of the best dramas of 
I chose to watch this because it looked pleasantly different from ""mainstream"" dramas and fulfilled that expectation.
Birthcare Center is indeed a breath of fresh air and stands out with an extremely talented cast and good production.
This drama manages to tell an interesting story full of humor, moral and doubts with eclectic characters in just  episodes. Best is, you can relate to the characters even when you're not a mother yourself.

The story is what draw me in. I found it intriguing to watch a drama about a first-time mother who has no clue about childcare and seems lost in this new world. The first episode is about the pregnancy and birth (non-graphic) and was filled with such great humor that I ended up laughing so hard at most of it and was immediately hooked. Later there were also touching moments that made me cry because I felt for the characters and I was fully into the story by episode  and just binge watching it to the end. Definitely worth watching.

The cast is well chosen. Each actress or actor nails the performance of their character and I wouldn't dare to say one stood out. They are equally talented and it's one of those dramas where you have so many interesting characters with so many layers that you just wanna know more about them. Even though this drama is rather short with only  episodes, each main character got the chance to shine and shine they did.

I like the OST a lot. It has quite catchy melodies such as SAAY with the song ""Hey Mama"" and more calming tones in ""Beautiful Destiny"" by Sohyang and ""Revive My Time"" by Jayins. Worth listening to on its own.

Birthcare Center has many reasons for rewatching:
- line that does not get boring because it has so many facets (aka amazing script)
- Characters that grow to you
- Outstanding females (characters and actresses)
- Some of the funniest scenes I have ever seen
- Character growth and healing
- Melodrama that is comprehensible and well written
- length of drama is pretty convenient for rewatching

My advise: Give this drama a try. It's a gem!
Read More",산후조리원
11,"A must watch for men and women
As a mother, I was drawn to the show to find out what Birth Centre was all about. I found the show relatable on the whole.
Of course, there were some parts that weren’t that believable but it’s a drama after all and not real real life. The women were walking too comfortably and normally which is unlike how most women who have given birth naturally do... but, this is a show after all. Most parts were realistic.

I recommend this show for teens - boys and girls - so that they understand that pregnancy and childbirth are NOT walks in the park and to be careful with birth control.

I recommend this show for husbands, especially fathers-to-be, so that they know a little bit more of what pregnancy and child birth are like for their wives / partners. Pregnancy and birth are difficult.

I like the part in the show where the Manager of Serenity Postpartum Care Centre says: it’s very different from what you expected. Everyone says pregnancy and labor are beautiful but it isn’t necessarily true for all women. Pregnancy is exhausting, labor is cruel and the recovery process is miserable. — I totally nodded my head in agreement. It is a blessing to have a healthy baby but a mother’s sacrifices should not be ignored. A newborn baby’s needs are of utmost importance but a mother’s needs are equally (if not more) important. A mother has to be well to take care of her baby.

Another part which resonate was: the wicked  kg which can’t to gotten rid of (nods), the saggy boobs due to breastfeeding, the postpartum hair loss (terrible and horrifying).

The show was generally fast-paced and entertaining other than some scary bits. The show deals with weighty issues like a newborn’s death and how mothers are under pressure to be perfect mothers and wives and to continuously sacrifice to be seen as good mothers.

I like that show ended with: a good mother isn’t a perfect mother but a happy mother who’s happy with her life and thus, happy with her child. I think a main takeaway is that mothers are also human beings who should be seen and recognised for who they are and not simply as “so and so’s” mother. A mother is a unique individual and should be seen as one too (other than being a mother).

I recommend this for teens - watch to understand what not to get yourselves into.
I recommend this for husbands / fathers to be - to understand your wives / partners better.
I recommend this for women / mothers - to know that we are all in this womanhood / motherhood together.
Read More",산후조리원
12,"entertaining family drama!!!!!!!
I normally don't prefer family dramas but i just went in to this drama it's really very entertaining.
The basic story line is saying labor is not the end of pain for a lady but it is just the beginning. It explained how the life of mother changes after her labor in a very entertaining way.
different problems of mothers regarding their carrier, shape of body, their children,taking care of previous kids etc. basically every aspect that a mother faces in shown very cute.
What all problems they actually face and mood swings was entertaining.
other aspect is naming the kid which is very funny but came to know how the parents actually struggle to name the kid.
Their are no much tragic elements if you are looking for a entertaining drama or to watch with a family this is st suggested.
Different husbands and their feelings was also very motivating.
After the whole drama my love for my parents became  fold I just felt what all my went to raise me. I love this drama to my heart.
If you are planning to marry or planning for kids do watch this drama for sure.
Read More",산후조리원
13,"The twist is smartly written and honestly I didn't see it coming. I really enjoy the humor too thanks to the husbands who made it more entertaining. Oh Hyun Jin's husband is such a dream husband. I truly love all of the characters development here. While Oh Hyun Jin's job is her everything, she prioritizes her job even when she's depressed she went to her Olively just to see her hardwork being shown in there. Hyun Jin also complains a lot to her husband. Meanwhile we got Eun Jeong who gives her all to her children and husband. They are her everything to the point that she kinda neglect herself. Her happiness. Saying she's okay everytime and never complains to her husband. These two opposite character finally found their happiness. I really adore Lee Roo Da's character too. Such a brave and smart woman. Yoon Ji's mom makes us realize that not everyone is fated to have child easily and that's why we must be grateful when we're given a child by God. Must not take it for granted. The mom must be happy so that the child is happy too. I really agree with it and after watching this I really question myself in the future lol.
Read More",산후조리원
14,"Light & Fun to Watch
Didn't expect much from this show since I mostly enjoy suspense family drama shows but this one hit differently. Although short, every episode was fun to watch. Will definitely watch this again.

Didn't expect much from this show since I mostly enjoy suspense family drama shows but this one hit differently. Although short, every episode was fun to watch. Will definitely watch this again.

Didn't expect much from this show since I mostly enjoy suspense family drama shows but this one hit differently. Although short, every episode was fun to watch. Will definitely watch this again.

Didn't expect much from this show since I mostly enjoy suspense family drama shows but this one hit differently. Although short, every episode was fun to watch. Will definitely watch this again.

Didn't expect much from this show since I mostly enjoy suspense family drama shows but this one hit differently. Although short, every episode was fun to watch. Will definitely watch this again.
Read More",산후조리원
15,"A Humorus series that dears to challenge the notion of the good mother
I don't remember when I laughed this much in a drama. It has allot of dark humor and shows several aspects in the process of becomming a mother. The fear, the stigmatisation of the working mother and the feeling that society seems to forget to stigmatise (and for that matter involve) the father.

I loved how they showed the moralisarion of mothers who seem to loose what little digaty and right to their body the second their pregnancy shows. I really just wanted to yell att eaverybody to just let the protagonist have her d** coffe.

The effekts, lighting and small sketches in this series are amazing and really inhance the emotions trying to be convayed.

There was one character that annoyed me kept on interperting babies emotions with an annoying voice. Her caracter really added to presshure put on mothers but I found my self annoyed att her and wanting to tell her to shut up and let the mom have a chance. But I loved the rest of the caracters, there was not a singel caracter that was flat, all got to evolve without changing their core personalaties. The same with paranthood, the series showed a veriety of ways to love your child. A veriety of ways of being and becoming a parant. Not all joyfull, but presented in a very humoros way.

I'm a succer for series that dere talk about what actually makes a good parent whilecaccnoladging that bad parents exist, this series gave me that too ;)

The verity of human relations in the series astonished me. So many in such a short series. It really has it all from bromance thrue romance to girls sticking upp for each other, to girls making life hell for each other, coliguaul relations and fighting to hit the topp.

Im missing the LGBTQIA parents in the veriety, and there are a few scenes that ruind the my ability to completely connect with one of the moms and kind of ruined the emotional flow of those scenes.

All in all I really recommend this series, but would not want to stay att a birthcare center. Do these really exsist?
Read More",산후조리원
16,"Perfect simplicity
I don’t give a perfect score lightly, let’s just say that officially, that’s fifth drama that I gave  out of  and I just had to check it, because I honestly didn’t remember when was the last time I did it (for those interested, four remaining perfect dramas on my watchlist are: What’s Wrong With Secretary Kim, Love in the Moonlight, Kairos and Goblin). But with this I really didn’t have a choice. It took me a while to understand that this drama just deserves it, since I could’t find any weak side to it. Somehow I decided that there must be something wrong with it. I was just looking for a reason not to give it a , but I couldn’t. This drama is just perfect.

The story is simple. Hyun Jin is high positioned manager in a cosmetic company. She’s self assured woman of success. There’s just one thing that’s missing and it’s a child. So in a pretty advanced age of  she finally get’s pregnant. The thing is that work is everything for her, so she doesn’t really have time to prepare for maternity. After difficult birth Hyun Jin and her husband discover that they’re pretty clueless about what to do with an infant so they go to the titular Birthcare center, a luxurious resort, where young mothers can relax after childbirth.
Hyun Jin quickly learns that rules in Birthcare Center are totally different than in outside world. Here nobody cares what are you doing and how old are you. Your name cease to exist, since everyone will call you by your child’s name. And the most important thing is to have enough breast milk to feed the baby.

The drama doesn’t really have one main plot. There’s one motive that travel through some episodes, but the main action point is Hyun Jin stay at Birthcare Center and her path to become true mother. Instead of main plot, every episode is about one problem or subject related to motherhood. From what young mother should sacrifice for a child to naming, we get vast array of subjects that bother young mothers.

At one point I’ve noticed that I’ve just watched a whole episode about breastfeeding and it was absolutely amazing. Because this drama shows that there’s not just one way to be a good mother. I love that to this one sided environment where the amount of sacrifice shows how good of a mother you are suddenly comes a woman that openly admits that mother’s feelings are also important.

Because characters are what build this drama. From main characters to the ones that appear only for one episodes. They all bring something to the story, even if we need to wait for it for a bit. And they all have their own problems and own bigger or smaller successes. Privately I loved the most plot line of Hyun Jun’s (or “Sa Rangs mother”) that suffered from her husband indifference. For almost whole series I had my mind set to what I want this plot line to end like. And it turned out to end totally differently, and after seeing the reasoning behind it, I’ve decided that it makes a prefect sense. But throughout the whole series viewer saw this situation and it was almost clear what the outcome would be.

Playing with convention in this drama is another reason why this drama is so perfect. From “escaping zombies” from the hospital and leaving the infected behind, to introducing Birthcare center hierarchy with Snowpiercer reference. And all of it is just a background to the bittersweet story about hardships of being a new mom. And what this drama does perfectly is juggling between comedy and drama. There’s nothing in between here, honestly. It’s either visiting shaman to find out which name would guarantee that the child would become a lawyer or absolutely heartbreaking side story about loosing a child and trying to fill the void.

And this drama can keep the viewer entertained even with a smallest of story. Even side plots seem interesting enough.

And all of those things aside, what this drama hit me the most was an emotional baggage that came with it. The dilemma that was the centrer of the story about what a woman has to sacrifice to be a mom was for me truly depressing. When I saw all those young (and as it turned out later on very successful) mothers stripped from their identity by wearing those horrible, saggy dresses and being called by their child’s name. And the way Hyun Jin tries to stay relevant at her job, but is inevitably slowly replaced by someone else. This was truly terrible. Like, because she has a child, she has to resign from her life, when her husband is living pretty normally. To be honest, I’m actually trying for a baby with my husband. We had some rough moments so far, so some story here hit me personally. And when I’ve watched this drama, what I initially felt was fear. Is it the reality of motherhood? Is really sacrificing all your life the core of motherhood? Is it really the end of the life as I know so far?

This drama asks all those questions, and its characters answer them in a lot of different ways. Which is also another answer of its own. That there’s no just one way to be a good mother. That motherhood is absolutely complicated and sometimes incredibly exhausting. That it’s normal to ask yourself a question: is it worth it? And: am I doing it right? And it might be silly to read all of those things from a drama, but maybe that’s the reason it’s so great. That underneath all this silly humour and ridiculous scenes there’s something more to this rather simple story.

This review turned in a very personal and a bit off topic direction. But what I want to say here is that this drama is the best that I’ve seen in a while and will stay with me for a long time.


Read More",산후조리원
17,"Motherhood drama - well executed
I watched this drama with my mother, which felt a bit awkward in the first few eps. The start of the drama might seem a bit unrealistic for some viewers (for example experienced moms).However, the deeper we got in the story the more realistic the topic of childhood rearing became.
I found the overall theme to be refreshing rather than my average romance drama. The development of this story was rather great. Our main characters experienced growth and an understanding of starting motherhood all in their own ways. Especially the main charcter her ambition for her work and achievements seemed rather empowering (a character that seemed empowering for once) and her struggles between choosing between working and her baby. This drama might portay some unknown challenges of new moms that are interesting. Another aspect I liked was the supportive husband of our main character, something we also often don't see in k-dramas.

I especially liked the concise numebr of episodes. This drama is close to perfect drama, for me. I guess I am a bit greedy with my . It is a true gem and I hope you will give it a chance.
Read More",산후조리원
18,"Good Enough
"" Birthcare Center "" mixed comedy and drama masterfully.

The story touched some subjects that aren't easily presented or exposed, such as the struggles that mothers face, as well as those situations that aren't that 'glowing'.

They blended those themes with a comical-tragic character, as she advanced her journey through motherhood, finding it difficult to be happy about it, while struggling to make friends with the other mothers and defending her decision to keep her job position even after she gave birth.

Her dynamics with her main antagonist were spot on and their confrontations were entertaining. The other side characters were interesting as well, and some of them quite tragic.

As for the family drama, that too was realistic and funny at the same time.

So, overall,  out of .
Read More",산후조리원
19,"worth my time
a light, funny drama yet full with warmhearted scenes, love it. it was a light drama with lots of funny scenes to the point that at first I though it was a comedy drama. yet, after few episodes more and more warmhearted, touched scenes. parenthood, friendships are shown making me drawn to this drama even more. what I really like would be the amazing characters, they are all different type of mothers with different problems of their own, supportive husbands and family and great friends as well. well, some parts were excessive especially for me who's still young to know about these postpartum. but it's not a big deal since this drama centred around it.

well, watch it guys, it will worth your time :))
Read More",산후조리원
20,"Almost dropped, but definitely glad I didn't...
I almost dropped this series just because Hyun Jin and Eun Jung were so irritating!! And then Lee Roo Da comes in and seems like she is going to be a total bitch! That was supposed to be the final straw for me...but then I gave it a chance and I'm glad I did. Roo Da actually seemed rebellious, but likeable. Subsequently, I started liking the other characters too. The only character I did not like as much through the latter half of the series as I did at the beginning was Do Yoon. He seemed super cute and quirky at the beginning, but did not seem to have the same kind of sparkle towards the end, although I think there are several potential reasons for this (I won't spoil it).

The other thing is that I wished they addressed the covid situation a little bit since the series takes place in . Although I don't know exactly what the situation was like in Korea...

, recommend this series for new moms. Additionally, production was FANTASTIC, so anyone looking for some well-done comedic relief moments should pick this one up too!
Read More",산후조리원
21,"very heart-warming
love this oneeee. very insightful. ive always heard of all the term in pregnancy, post-pregnancy and all that but ive never really truly can imagine the life of a mother who’s experiencing it and this story is just all about that. made me believe that post-natal depression do exist. such an eye-opener and i was touched many times. i also do appreciate the over-dramatic, funny scenes hahahahah

i would recommend this drama if you want to watch a light and heart-felt drama!! love this oneee
Was this review helpful to you? Yes No",산후조리원
22,"an unusual but practical & realistic ( though a comedy ) drama
so .........Hi ! let's get into the drama review . so where should I starts ..ummmm .oh yeah

so this is a very unusual drama . A drama that many people might not like as the story it focuses on is a little unusual . But there is soo much in this drama that deciding this is not your cup of tea without watching at least one episode of it will be a bit sad . ( TMI - I took lessons from the drama bout what you can expect or might face during & after pregnancy :P )

story - so the story focuses on the after birth situation of the parents & those around them in a birth care center like the name of the drama suggests . Now you probably read the synopsis & know about the overall story so i won't be writing more .

acting - now acting of each of the actors are mind blowing . Though they are not pretty famous faces or "" hallyu "" stars But those who watch dramas very often might know these faces well .Every single one of them are veterans ( though we have / new faces ) . The dads showed how pitiful they were in front of their wives & their deadly mood swings very well . The moms portrayed the happiness , the pain , the sacrifices so well that one can easily empathies with them

music - now i didn't focus on the osts of the drama which shows why i gave it a low rating .

okay now let's get to the point - the reason i kept the story section short is because if i say my perspective in the story section it will give too much depth which i wanted to save for here . our main character ( one of the many ) hyunjin is a working lady who got pregnant at a late age . It's not like she didn't prepare for the baby but the way she prepared is different from other moms which is why she felt out of place or couldn't agree with the other moms in the center on many topics . she often lost confidence in herself , often questioned herself and her capabilities of being a mother . there were many types of moms in the center ( everyone different from each other ) & they all showed different types of moms & situations .
there was a mom who was all perfect in front of others but in the inside she was broken who lost herself while devoting her everything for her family , there was a mom who had a baby who was very sick & might not survive , there was an actress who gained weight during pregnancy & faced alot of backlash due to this causing her some complications during giving birth , there was a single mother & many more . So all of them showed different kinds of situations & how moms in all of these situations in real life may feel .
This drama also gives insights of the stereotypes there are in the society which everyone believe a mother should follow ?? .It also rises voice against many controversial topics surrounding motherhood .To be honest if i hadn't watch the drama i wouldn't have know there are so many things a mother faces while giving birth & bringing the baby up ( especially in the very beginning of motherhood ) . It's not like pop the baby out & that's it . there is so much more to it . Also do yoon was a very nice hubby . He might seem like a paboo but he is very patient with mood swings of hyunjin & often become her pillar of support which became one of the reasons why i found his character very cute .
so like i was saying this is a very realistic drama though it has MANY comical moments . I know there are many viewers who like to watch dramas that actually make sense .So this is perfect for them . Especially the women . I don't know if the guys will like the drama but if they do ; my respect to them .

now what i said in the long passage above is not even half of the actual drama . So my suggestion is - watch it ( at least  episode ) then judge it . I know many of us don't wanna waste time in watching a useless drama thus reading reviews from others to judge. But sometimes there is so much going in a drama that are hard to write in a review . Also I wrote many of the things you can expect from the drama but if I spoil too much you might lose the hype of watching it cause if i write like she faced problem in breastfeeding the baby , she had an intense fight with another mom to appoint a sitter for her baby, the ""all perfect"" mom kept bringing up stereotypes & how housewives bring their babies well & kept looking down on hyunjin as she decided she will be working mom BLAH BLAH BLAH & many more . See how there is no fun to spoil the exact way it is in the drama .

moral of the review - Try it out . It's very realistic ( & contains many funny , can empathies with moments ) . DON'T watch the clips of the drama cause since they are CLIPS they have no heads or legs just / min scenes which might often not make sense & they are weird . But if you watch the drama those scenes are actually very funny & will make sense
Read More",산후조리원
