,reviews,title
0,"One phrase: Wasted Potential
In the beginning, “Thirty-Nine” had numerous positives going for it: A superb cast with star power and plenty of experience, a director who has roots in wholesome slice-of-life dramas, and a renowned screenwriter whose credit list of well received modern day classics span longer than a decade. The synopsis also sounded mature, yet especially refreshing as it seemed to promise the healing powers of an adult female squad: three best friends who navigate life, love and loss as they stand on the precipice of turning . I mean, it's always a hooray for more women-centric dramas right?!

... Unfortunately, it didn't quite meet the mark.

Don’t get me wrong, this isn’t an utterly horrible drama. Really, it’s actually quite a decently watchable drama (I would have dropped it like a hot potato earlier otherwise! ) but there's no qualms around it. Thirty Nine is… a show that I never particularly looked forward to each week, won't particularly miss now that it’s over, and wouldn't really recommend it to people when there's a host of other amazing dramas. So, that does say a lot. Whilst the conceptual idea seemed great initially, there’s just no nice way around the fact that this show and its script is underwhelming and simply wasn’t executed well.

See the thing is, slice of life dramas are actually one of the hardest genres to nail, especially to make realistic events interesting enough to keep the audience engaged without it sliding into snooze-fest territory. Which is probably why the writer made the decision to add in a number of makjang-esque sub-plots including adoptions (including one condescending father who is an orphan hater, and one fraudster biological mother), messy marriages/broken relationships and the one biggest red flag of all: terminal illness, in order to spice their every day lives up. And well, that was the absolute downfall of this drama.

The fact is, all of the above topics are already heavy in its own right, let alone addressing them, simultaneously.

An adept and deft hand was needed to juggle all of these balls, but unfortunately they were all dropped.

The pitch and pace of the narrative was all over the place. Somehow the timing felt slow, but at the same time, there was so much going on for it to employ a consistent build up to reach its climatic peak in optimal fashion, in order to truly “affect” you deeply enough to leave you moved or touched. Everything in this drama just felt… too forced. It was as if it was telling me how I should feel at exact moments and at exact scenes, rather than eliciting emotions in a more subtle and natural manner.

Like literally, there must be something obviously wrong if one of the main characters has death’s notice hanging over her through the entire series but I was still somehow not able to forge a connection strong enough to feel heart-breaking sadness. Even Jeon Mido, who portrayed Chanyoung, couldn’t save this mediocre project with her normally superb acting skills, though I must say she did have a few excellent moments when her character was allowed the space to truly breath.

The last episode was perhaps the most moving episode, however, it came a little too late.

The biggest problem of all in ""Thirty Nine"" is the fact that the true protagonist is actually Mijo, played by Son Ye jin who gets top billing and in turn, the most screen time, rather than the trio getting an even cut of development which led to the lack of connection to their characters, and some of the other undeveloped story arcs. Watch one or two episodes, and you'll see that most events that take place soon become purely a backdrop for Mijo's emotional journey. Whilst she had a few nice moments to shine, truthfully it did get a bit tiring watching her many weepy scenes, especially in conjunction with the weak relationship with Seon-u (that stemmed off a very awkward first encounter), who is somehow always /coincidentally/ there to give her a comforting hug.

It was also so jarring to see at one point Chanyoung writhing around in bed in pain, and then it would cut sharply to Mijo taking a happy stroll in the park with her man? I don't know if that was the exact point in the direction to showcase how joy and misfortune are two sides of one coin, but it felt like it was mostly done in poor taste.

Chanyoung’s cancer diagnosis (which you would think is the most central and most pressing matter) oddly continually kept being pushed back from the spotlight and was unfortunately just used as another plot-device to victimise Mijo and pile on more trauma on to her. Even her relationship with Jinseok, as bitter and complex as it is, should have been explored more thoroughly. Such a waste of a stoic, strong and charming character. And Joo Hee (played by Kim Ji Hyun), our third lovely lady rounding off the trio, is very sadly shortchanged her own plot and love-line (in favor of expanding Seon u -technically a secondary lead-'s story?) It was a real shame, considering the hints of her arc were actually quite intriguing and were probably the most relatable to the every-day viewer, especially in regards to her decision to unshackle herself from a draining and unrewarding service job, and also how it touched on her vulnerabilities and insecurities regarding always being somewhat left out of the friendship loop that is more skewed towards Mijo & Chanyoung.

Personally, I think had they focused on the sisterhood with them just living life and sharing banter; or for example if they had just travelled together and filled Chanyoung’s last days with precious and happy moments and reminiscing on good memories, this drama would have been far better received. Or, even better, just remove terminal illness plot-line completely, because it didn’t even add that much to the overall story line except to make everyone (in particular the viewer) depressed and miserable through the whole show because you could feel and see the dark cloud looming the entire time.

Anyway, before I continue to keep venting on the weaknesses of this show (yeah I could go on), like I said, it's not the worst thing I have watched, and actually there are still a number of positives:

# It's truly nice to see more dramas that are based on women-centric stories, and especially older/more matured women in their -s showing us that life indeed does not just stop the moment we hit our mid-twenties. As the script-writer stated in one interview: ""Now that I’m  and  is right ahead of me,  is youth too.”

# The small bits of cute, affectionate friendship moments that the trio do partake in, including their sleepovers, and also their little bickering moments that come with the territory of a long term friendship, and the way they relied and cared for each other were all totally welcomed, especially as it also showed and emphasised how having such sincere and honest relationships can be so special in helping to make the most out of what could be a truly cold journey of life and its turmoils.

# The cozy familial bond of Mijo's adopted family (along with her precious relationship and antics with her outspoken and quirky step-sister Mi Hyun played by the ever effervescent Kang Mal Geum), and the reluctant yet heartwarming grumblings of Chanyoung's parents. Even Seon u's honorable love for his discarded step-sister and how he fought to stay in her life against his father's orders was commendable. As a side note, whilst it was a bit OTT at times, I can also appreciate the highlight on the stigma surrounding adoption vs biological children, and the negative attitudes that are still associated towards it.

# Acting skills. With a different cast, this would have been a much more terribly panned drama. There were scenes that required heavier lifting in the acting department and it was delivered well for the most part. Whilst none of the actors gave the performance of their life, it was acceptable and I can admit sure, my stone heart did flicker at times. Jeon Mido, especially was a stand out, as was Lee Mu Saeng, with their emotional performances.

# The technical elements of this drama, including all the sets picked to create this particular universe, the warm color grading, and modern styling in terms of hair and clothes, were all pretty to the eyes and I had no significant complaints here. It was an example of a well made contemporary drama with all that you would generally like to see in terms of visual aesthetics. Despite my criticisms of a drama, I will always also appreciate the hard work that has gone on behind the scenes.

# THAT brunch scene. Hands down best scene in the entire drama tbh.

However, are these positives enough to outweigh the heavy cons? It's a choice you would have to make yourself.

I think, as long as you don't mind switching your brain off, so as to not examine this drama in great depth, and also go into it actively knowing that it more so focuses around one character, and is padded out with stressful and tragic elements that tend to overshadow the friendship aspect (this drama is most definitely a soft-core makjang pretending to be a slice of life drama~) , it might tamper your expectations a little better and it might become a smoother watching experience for you.
Read More",서른아홉
1,"Age is an work of art.
Created by Lotte Cultureworks and distributed by JTBC, ""Thirty-Nine (서른, 아홉)"" is a  episode long Kdrama directed by Kim Sang Ho, produced by Yoo Young Ah. It started filming in August,  and was also broadcasted on Netflix, which is Son Ye Jin's comeback to JTBC after  years following ""Something in the Rain"".

The story revolves around a trio of  best friends who are on the verge of turning , but have stayed together for decades through thicks and thins of life, while nurturing their bonds and establishing a relationship on the basis of mutual love. So what the story offers? Of course, there's is a particular goal, but uttering that will serve as the most important spoiler, so watch it for yourself. This is a purely slice of life drama and hugely character driven, that is not essentially in the venture of a solid plotline with twists and development. Isn't that a perfect scenario for a slow-paced, coming of age, warm Korean drama? Well, this is that only.

Cha Mi Jo (Son Ye Jin) is a dermatologist with her own clinic; an established professional having a loving family of parents and a sister. She's the most rationale of the trio. Jung Chan Young (Jeon Mi Do) is an acting coach with a small studio and parents living in suburbs. She's the most sincere despite being outspoken. Jang Jo Hee (Kim Ji Hyun), being the softest and cutest, is a cosmetic store manager at a departmental store and lives with her mother.

Yeon Woo Jin, Lee Moo Saeng and Lee Tae Hwan are the male counterparts though story primarily focuses on the female leads. In minor roles we have many familiar and qualitatively acclaimed actors like: Kang Mal Geum, Nam Ki Ae, Seo Hyun Chul, Lee Jin Hyun, Seo Ji Young, Lee Kan Hee and Kang Ae Shim.

Plot development... Again, there is no definitive plot for this drama, however, it sets forward a goal in the very first scene, and you'll know what it is instantly. The narrative of the show is intended towards life and its unprecedented events, that test us to the extremes, making us grow and bringing the best out of us. The pacing is perfect for a sliece of life Kdrama, at least to me, it was, I don't wanna lie. Someone into long conversations, meaningful metaphors and depictive appreciations would find it their cup full of tea. telling method is touchy; accompanied with monologue notes, emotional recitals and creation of alleviating scenarios.

The introduction appeared to be engaging and pacifying, enough to make you look forward to the furthering with substantial interest. The progression stays moderate for next few episodes and it does pass by the interval successfully, but around th episode, the flow turns mediocre. I don't think there was any lack of context and content but why few things were made repetitive and certain elements became stretchy unnecessarily. Even so, there was a casual improvement in the finale week;  episode being a lil rushed and th having back to back tear-jerking moments.

Kim Sang Ho PD with a fair share of experience of working in the slice of life dramas, as both PD and asst. PD, was able to give a satisfactory delivery with his skills. Although there were flaws, which was substantial, I am at least not disappointed. The dynamics of initial exhibitionism was smooth, gratifying and worthy of looking forward to. However, in the later half of the story, the essential integrands and some particular facets went flat, which wasn't really uninteresting but many viewers will definitely find uncomfortable.

Yoo Young Ah jakka-nim, a very familiar name in K-movie industry, with plenty of modern coming-of-age movies in her bio, over a decade of career, has always delivered on point. However, it appears that she still struggles fundamentally when it comes to Kdramas and that could be somewhat obvious at points of her episodic writings. This was the case for ""Encounter"" and this is the case for ""Thirty-Nine"" as well. Nevertheless, it was a decent delivery, which started out great, became bog-standard somewhere in the middle and ended with a passable note. The biggest flaw it bears is the inequitable screentime distribution; obviously the central character gets the most, then the supporting ones, followed by minor actors, but the disappointment comes from expectations and prenotions. But yeah! It was unjust given the popularity and skills of many factors featured in here. Regardless the flaws, I personally feel, it was able to provide a meaningful conveyance, throughout.

What I liked...
# the slice of life elements... Definitely! That's what this show was about. The numerous shades of life, portrayed through characters, their stories and emotions and the depth and essence of various relationships have been perfectly brought forward.

# The trio friendship... Though the writer failed to make it entirely about the trio, as expected from % of the viewers, but the amount of crux provided, accurately defined the kind of friendship that we all crave for. It was fun and healthy and most importantly, admirable.

# The character dynamics... the archs as an average for the entire main cast, was abstemious. Although not remarkable, it was enough to make your heart warm and understand the perspective of each. There could have been definitive improvements, but well.

# The flow of the story... Make sure you have it in mind that, the story has no plot, rather a goal, more like a destination, to where? To achieved eternity, to entirety and to euphoria.

# Adult romance... The romance was basically for only one couple, Son Ye Jin and Yeon Woo Jin; while it wasn't the primary focus, theirs being the only love line, felt very beautiful with subtle depths to a relationship and it's factors.

# The orphan adoption angles... I won't say who and how but just know that it has put emphasis on scenarios associated with adoptions, various aftermaths, the inner stories of the adopted ones and the ways you can deal with the odds that has possibilities of arising from it. I don't think any other Kdrama has gone to such extents.

# The aspects of death... Life has to end, love doesn't. The most beautiful goodbyes are the ones that are never said and never explained. The drama shows, how it's not important to live forever but to create something that will.

What I didn't like...
# Son ye jin getting all the spotlight was the most annoying. It was to be made clear from the makers side in the beginning, that the drama is from the perspective only one character, even so not entirely. It felt like Mi Jo's diary, rather than a character driven story. It shouldn't have been like that.

# Jeon Mido is no longer an average artist, she's a popular star and she deserves to be at the centre and can beat every single actor out there. She not getting sufficient did piss me off, even the goal of the drama was something related to this drama.

# Johee getting substantially neglected bothered me to a great deal. I understand, her experience and considered negligible in comparison to others but she could have bewn placed in the supporting cast. The writer could have totally forgotten about her existence and the potential development of loveline between her and her partner.

# Improper utilization of supporting cast... The poster could be faulty. Just like Ye Jin, Woo Jin gets the major screentime as the former's partner, while Lee Moo Saeng's share is reduced and Tae Hwan is totally neglected just like his counterpart, Jo Hee.

Final Remarks... Thirty-Nine in overall could not be a dramq that it was expected to be and the outcomes were not hugely satisfying per se, nevertheless, the motives of the drama bloomed in an awfully beautiful ways, leaving impressions about everlasting love and relationships. There were room for improvement that could not be well utilized, which was a shame. I was more than willing to give it a  but provided the significant shortcomings, I choose to be fair. I hope people realize, the drama is not deserving of the idiotic judgements attempting to let down it's essence.
Read More",서른아홉
2,"This is truly such a shame
I rarely write reviews but it's the disappointment that leads me here. The trailer and description were very misleading in indicating what this drama was actually about.

I came into this thinking it was an ensemble, slice of life, squad drama but it turned out to be almost % Son Ye Jin. I get that she's a top actress and all but this is too much; Cha Mi Jo's character is extremely overwhelmed and it's borderline unrealistic.

From the dying best friend to her own mental health issues, plus her boyfriend's disapproving father, throw in a criminal birth mother. How can one even function in such circumstances?! Everyone else feels like supporting characters which is kinda disappointing cause I was really looking forward to a true squad goals drama and I feel like the rest of the cast is very under-utilised.

Also for me, it's genuinely frustrating thinking about how this drama would have been infinitely better without this terminal illness and looming death hanging over it all. It makes it really hard to enjoy. There's already so much going on without having to kill off Chan Young.

This drama has so many other plots it could have explored and focused on and would have been more than sufficient to give a satisfying drama. Mi Jo's romance and finding her birth parents. Jo Hee's late-blooming and liberation from her job plus her love story which seems to be entirely sidelined. Chan Young and Jin Seok could have been a whole storyline even without her dying. We could have done without all the grief and crying honestly.

For a  episode drama there is way too much going on but it's still not captivating or exciting; possibly because we already know the end which is quite depressing. This drama remains dull in the absence of suspense and curiosity.

It's all quite a shame really cause the cast is very talented but there's only so much they can do with a poor script.
Read More",서른아홉
3,"Unrealistic and nothing like the trailer, Cha Mijo getting all the screen time
I started watching this drama because of the way it was shown in the trailer, about  friends experience life before turning  but from what I'm seeing so far, it nothing like the trailer.
First,  episodes so far all i see is Cha Mijo and her boyfriend getting all the screentime, i don't know maybe because she is more famous in real life than the rest of the squad, always
Cha Mijo trying to solve her friend's problems, she is everywhere in every problem of the show, at this point she looks like the main lead than the three who were shown at first as the main leads. And why would the doctor talk to her about the friend's illness instead of talking direct to the person who is sick. Her relationship with Seon Woo was interesting in first episode but it has become boring now, she is always worrying about something whilst the guy is trying his best to make her happy. Cha Mijo has  problems, her family, her boyfriend's family problems, her mental health issues, her mother in prison, her adoptive parents, everything on one person, that's why she get % of the screentime compared to her fellow leads.
What's more annoying is that, Cha Mijo's side characters get more screentime than Jo hee who is also a main lead.

Second we have Jeong Chan Young's sickness, which has been the entire topic of the show all along, nothing new. Her relationship with Kim Jin Seok is nothing realistic at all, like what was the writer thinking.

Third, many can agree that Jo hee and the chef are more interesting and guess what, they get less screen time, their relationship and how they're getting to know each other is more interesting and realistic than the other two but we get less than  or  minutes of their screen time the entire episode. I watch this show to see Jo hee and the Chef, they have more character development.
Edit: The ending like we all expected, ep  was better because it was more of Chan Young's sickness than Mi-jo. Away from that, i hate how they couldn't continue to develop Jo-hee and the chef's relationship, it was so fast paced, we don't even know who proposed first, how they started dating, I'm upset because i was so invested in their relationship than any other relationship in this drama.
Read More",서른아홉
4,"Great drama if you know what you're getting
I tend to only be interested in writing a review if I feel like I'm in the minority. Lots of negative reviews of this drama seem to be written by people who were expecting something else. So, let me speak for the other side and clear some things up from the beginning, here's what this drama is about: A woman and her two friends go through a very difficult year together and find strength to get through it by relying on one another. This is an especially character-driven drama, rather than story-driven.

Mi-jo is the central character, and her relationship to Chan-young is the primary relationship. I would say that Joo-hee and Seon-U or Jin-Seok are probably the second leads. If this were some rom-com and Mi-jo/Chan-young were the ML and FL, no one would be upset about them taking all the screen time. It's weird that everyone seems upset that the illness isn't the most important storyline--this is about their whole lives and that was a large part of it, but not the only part. I do agree that ALL the side plots eventually got a bit chaotic, but I liked getting small bits of insight into everyone's lives.

I thought it was an interesting move to tell us the ending in eps , but it allowed for so much more development of the leads and the (really wonderful) rest of the cast. I loved all the parents, with the glaring exception of one. I loved Mi-jo's sister, I fell in love with Seon-u and his love of Mi-jo. (I took a break from this one to watch Yeon Woo Jin in Shy Boss). Would have liked to see a little more of Joo-hee's relationship, but that's just because Hyun-jun's character seemed to have a lot of potential--but again, they aren't the main characters, so I'm fine with not having every answer.

Another thing that anyone should know by the opening scene, but in case you are wondering: This is a TEAR JERKER. I normally don't like tear jerkers and specifically come to kdrama for the comedy and romance. That said, this was a lovely story about women's friendships. Some of the side plot points were a little over the top (Seon-u's father and his sister; the slapdash adoption that appears late in the story, the jailbird), but they are all meant to get in the way of Mi-jo and Chan-young's friendship, and to show the different ways their friendship has shaped how they respond to difficulties.

Mi-jo is an imperfect heroine. She is anxious, clingy, and a bit of a control freak, maybe that's why she is getting so much negativity in the reviews. But, an imperfect character is way more interesting than a perfect one! Again, if you come to this drama interested in watching the main character move through her life and her relationships, including her close friendship to a terminally ill woman, you will be far less disappointed than if you come to this expecting an ensemble slice of life drama.

The music was good enough that I didn't notice it.
Read More",서른아홉
5,"Another Son Ye-Jin Romance (Not a Friendship Trio Drama)
The friend scenes are quite fun and touching, but few and far between. All in all, the show is fairly disappointing. There was so much potential here to develop the main characters, their friendships, what it means to process loss, etc. but they didn't do any of that. Instead, the unnecessary ""side quests"" detract from both the fun aspects and the depth of the show.

This drama is all over the place, with heaps more screentime for Mijo (Son Ye-jin) and her romance and family issues-- and her boyfriend's family issues-- than about the three of them as friends. I have nothing against Son Ye-jin, but I wasn't expecting a watered down romance to be center stage when her best friend is dying. Someone described the boyfriend as a ""support pillow,"" which is accurate because the character has no real personality beyond ""the nice guy"". (Nothing against the actor, there just wasn't much for him to do with the character.)

That being said, Chan-young (Jeon Mi-do) and Jinseok (Lee Moo-Saeng) are great actors and have believable chemistry together. Joo-hee (Kim Ji-hyun) is also adorable- it's too bad more time wasn't spent fleshing out her character.

If you want to watch it for Mi-do, it's more bearable, as many have mentioned, if you skip the dull Ye-jin romance scenes and plentiful Ye-jin crying scenes. All in all, I'd give this one a pass as there aren't enough good scenes to justify watching the whole thing.
Read More",서른아홉
6,"A TOTAL WASTE AND A TOTAL MESS
A drama that had everything to be one of the best of the year but unfortunately in each episode it was getting worse and worse.
Clearly there was a huge problem in the scrip, the worst mistake they did was to tell story from Chan Mi Jo's point of view.
No balance between the scream time give to each character and the most interesting character were the ones that were shown the least.
They were determinate to make ""the most devastating drama"" giving a million problems to the FL but everything felt so saturated and confusing, removing one of the millions problems wouldn't make anything important to the drama.
The main plot supposed to be their friendship and their life at  but we couldn't see anything interesting about it .
A cast full of amazing actors totally wasted, I'm surprise they agreed to do this in the first place.
I was really excited about this drama and I wanted so bad to like it but it wasn't the case, reading the comments my opinion isn't far from others people's opinions, such a shame.
Read More",서른아홉
7,"TEARS EVERYWHERE! *FRIEND GOALS*
I really dont know where to start!
The truth is that even if it did broke my heart, i have some complains in terms of plot and screen time of some characters, but this show was really good and really made me realise that friendship is very important.
We know what is going to happen since episode  but it really didnt make me cry less, the tears where everywhere when i was watching the last episode (not only the last, i think i cried at least once at every episode, but in the last one i lost control).
The plot is very interesting but i think they could had handle some things better. I think they should had invested more in the friendship rather the relationships between the female leads and their love interests.
The acting was exeptional by everyone and i think that is why i cried so much... It felt too real...
The biggest problem in this show is the lack of fairness in terms of screen time between the main characters...
Mi Jo took why more screen time that she should, leaving Joo Hee far behind, Chan Young had a normal amount of scenes. You cant say that you have three main lead and that its a story about friendship and completly ignore one of them. The way they handle Joo Hee characters really pissed me off, she was no where to be found at times and even if it was mention how she felt left out, they never tried to fix it. Her storyline and her love interest was only shown in the first couple of episodes, after that nothing.
I enjoyed the relationships between the leads and the love interests, i think my favorite is between Chan Young and Jin Seok even if i thought i would hate them together at first, i just couldnt. I think that if Joo Hee and Hyun Joon had more screen time together they would have been my favorites but they didnt had proper set up, they kinda came out of the blue. I dont wanna talk about Mi Jo and Seon Woo, not because they werent cute ( they were) but they were EVERYWHERE.

A nice and heartbreaking story...
Read More",서른아홉
8,"Consumer Warning: Overbearing melodrama ahead!
On paper, this show should be a top-notch production. The stellar cast, the high production value and a nice OST do present a strong case.
In terms of the central plot, it is about as transparent as it can be. It literally gave the key “twist” to us at the end of episode . We know with certainty what is the end game. It then spends the bulk of the Show plotting the meandering path towards that exit. It was not necessarily a difficult path, but it was very weighty and melodramatic. It does not hold back on any opportunity to tug at our heartstrings.
While the synopsis of the show hinted at an ensemble drama with a female concentric focus, it is only partly true. Yes, the three main leads are all females about to turn  but two are the true leads and they are Son Ye Jin (as Cha Mi Jo) and Jeon Mi Do (as Joeng Chan Young) while the third FL played by Kim Ji Hyun (as Jang Joo Hee) has a lesser role. All the male leads are firmly in support and powered the romantic storylines. Their respective families played in the next tier and move the plot along as required.
It is true that the close friendship/sisterhood of the  leads formed the central pillar of the story, the plot around Chan Young is what drives the bulk of plot developments. There is certainly no shortage of subplots but the majority of them were treated superficially. Not that the subject matter is lightweight (abandonment, prejudice, deceptions and more) but they are just shiny fruits hanging off the main trunk. Some were given more attention and used to stir our emotions, but all faded away eventually in the face of the all-consuming main event. To be fair, all these threads were not forgotten, the writer-nim did gave them resolutions even if it is just a quick scene or a snippet of commentary but some felt perfunctory. It allowed the threads to be closed but it doesn’t really give them their dues. IMHO, this is largely because the story is written to appeal and engage with the target audience. It is not about pushing agendas that might distract from the central theme.
There is no doubt the Show is watchable. There are swoon worthy moments and occasional rays of sunshine but I can’t help but cringe at the overly melodramatic scenes and the endless rounds of the female leads drinking, shopping, bickering and basically creating “moments”. Some of those screen time can be better used to explore some subplots that were crying for some love and attention.
Now the elephant in the room, I do pity Joo Hee. Her character is poorly developed and weak by design, suffered a lot, aimed low and achieved little in life. Her love line is contrived. She is supposed to be in a serious relationship (her own words) but there are hardly any outward signs. Just a few hints and no skinship.
You can’t really say the Show dropped the ball. Quite the opposite! The Show has a laser focus on the endgame. Nothing is allowed to get in the way of the melodrama. Every morsel of happiness is bittersweet. Every special moment is handcrafted to heighten its impact. Lingering contemplative shots and close-ups of the protagonists (often in tears) reinforce the despondency.
I have no doubt the Show will be popular but it is also polarising. Its fans will love it and wish for more. The rest of us can only lament the lost opportunities to push back some boundaries or explore relevant issues. If you start watching the show thinking that it is a rom-com then you might felt a bit cheated as the show quickly morphed into its final form. Ultimately, the Show wants to preach to the converted and it did it with consummate skill. Caveat emptor, my friends.
Read More",서른아홉
9,"Hard-core, unrelenting melo relieved by some good performances
Don’t be deceived by the trailer, this is wall-to-wall weeping melo with a few flashes of sparkle to light up the path. We start with a big shock early on and then gradually add trauma to the mix for each character as we go. It’s pretty unrelenting.

This is the main drawback, it tries to pack too much in and takes on too many themes. A secondary focus is child-parent relationships and nature versus nurture. This theme led to the introduction of a lot of characters and some distracting and unnecessarily complex story-lines, one of which is introduced quite late. They have a different resonance to the main plot and disrupt rather than reinforce the central story. The pace of the drama is slow enough at the start to realise the emotional developments, but as the plot becomes more complex the treatment becomes more superficial. Some plot-lines need more attention to be worthwhile and on occasion the emotional impacts are truncated and left hanging.

The romances are somewhat half-hearted and it is notable that the male characters are all listed as support roles. The focus is split between the women’s friendship and their love lives, which means that neither get the strong treatment that they deserve.

The editing of the last episode doesn’t feel smooth to me and although the ending creates the right emotional mood the story-line is fragmented. It pulls its punches and loses something in the process.

On the positive side, it is prepared to get down and dirty with real feelings and conflicting emotional responses. And there are some good performances, particularly from the three leads, Son Ye Jin, Yeon Mi Do and Kim Ji Hyun. The relationship between the them had a believable chemistry and there is a naturalness to the delivery of the lines.

, this is not a bad production, but it carries far too much weight to be an easy or compelling watch.
Read More",서른아홉
10,"Heartwarming, yet missing something...
I really liked this kdrama! I loved the main theme of friendship between three women at the age of . Chan-Young being a terminally ill character was heartbreaking to watch, but nevertheless showed the deep bond the three women shared. I loved each of their romantic storylines too, all three of the male characters were great in their own way. My favorite couple was Joo-Hee and Hyun-Joon! I really wish we had seen more of their story, and quite frankly more of Joo-Hee. The only aspect of this kdrama that I wish had been approached in a different way was the character of Joo-Hee. We focused way too much on Mi-Joo's character throughout the entire thing and her feelings about Chan-Young. Even Chan-Young wasn't given enough space in the story. And when she was, we were solely focused on the friendship between Mi-Joo and Chan-Young, and I felt bad for Joo-hee always being the one left out of the know. Also, it seemed like Mi-Joo and Chan-Young had a much stronger friendship with each other than either of them did with Joo-Hee, which I wish had been the opposite. If there are three friends in the story, then there should have been a balance among the three. I really liked Joo-Hee's character and really wish I had seen more of her. Apart, from that, the kdrama overall was fun to watch, it made me laugh and cry, and all the supporting characters were loveable!
Read More",서른아홉
11,"Feelings that flew through me after watching...
Actually i couldnt relate more to this story then i do. i Had the same thing happening to me, but instead was my father. Thoses feelings that i was talking about mostly are from regret, like mijo had after cha young died. My biggest regret was that i didnt get to spend that much time with my father, but the moments we shared are still golden to this date. Its not easy to get over someone vanishing from your life like they were never there, no matter how old you are that will always stick with you in your mind. mi jo and joo hee, have people to support them no matter what. I feel really sorry tho for jin seok, what he does in the end is not easy, loving someone with all your power, even tho that person is gone for good. Im not saying that love doesnt last forever. Im prettry sure that does exist, its rare, im refering about the sadness and loneliness that he is going through is heartbreaking. , I can tell you that cancer is a shadow that grows as the daily time passes by. It affects everyone around you, and they did a great job showing it. I wish cha young was the main character tho, she had way more to tell for sure. We only saw a portion of it. Unfortunate, but i dont regret watching it and to be honest i dont blame the writers. Nowadays people want and they get it. Lastly after watching it, i felt every bit of emotion that exists. I smiled while there were happy scenes i cried my eyeballs out when there were sad scenes. I felt it thats the most important thing for a drama. I went back in time, thanks to this story i now can tell myself that is ok so I can move one to and so i canstop feeling that much regret everyday.
Life is short so try to enjoy it the best of it. Like they tried to do.
Read More",서른아홉
12,"A story about loss, becomes a lost cause..
I went unto this drama absolutely wide eyed and keen, hopeful for all the potential the promising ensemble cast of ""Thirty-nine"" could bring to the screen.

I was very forgiving of the plotline during the first half, turning a blind eye to its evident shortcomings all in the spirit of the fact that the drama seems to portray unpredictability of life, especially at the age that is . But in finishing the show last night, I was left in a whole lot of tears - not be because of the story, but rather because of all that this drama failed to be.

What I thought would be a beautiful ensemble story started off on a sombre note with connotations of friendship and the loss of loved ones. While I could digest this, respecting every writer's storytelling style as their own, by the finale I was simply frustrated. I went into this drama thinking it would be a touching story of friendship and how it can keep you going through the worst of times. Much to my dismay, this was not the story of three friends, but rather one of the three, being Cha Mi-Jo. The writer's blatant disrespect to their own characters has left me speechless, and not in the best of ways. Cha Mi-Jo's character was glamorised to a point that all else gets sidelined. In the wider picture the story simply portrays the universe revolving around her one character; and loses its charm midway.

The only aspect that I think went for this drama was its powerful performances. Despite being completely sidelined by the writer in some respects and not having the best script to work with, Jeon Mi-Do, Kim Ji-Hyun and Lee Moo-Saeng deliver absolute justice to each of their roles, moving me emotionally everytime they graced the screen with their presence.

 episodes was an awfully tight timeline for a promising narrative full of potential about friendship, love and loss. But the rushed storyline and lack of respect given to all characters leaves the viewer only with a sense of loss as to what could have been...
Read More",서른아홉
13,"A Sad and Disappointing  about Friends
This drama had so much potential but ended up being average at best.

We have three long-time friends who are not at all equals in this series. Mijo proves to be the main lead and hogs up most of the screen time with her lukewarm love story and grief. Chanyoung is gifted with a terminal cancer diagnosis and ultimately an ill-fated relationship. Joohee is the forgotten and left out friend who gets the least screen time even though I would've loved to see noona get that action because she finally gets it offscreen.

As someone who had someone very close to me pass from cancer at a similar age to Chanyoung, the story itself would speak to me and would be relatable in that regard. I can appreciate a story about a younger person suffering from cancer because unfortunately it happens. However, for some bizarre reason, Chanyoung's initial cancer diagnosis was shared with *Mijo* first and not her - thus giving Mijo the spotlight over Chanyoung over her own cancer. We end up seeing a lot of Mijo's grief throughout the series, so much that I would've rather seen her less. Her love story with Seonu was unremarkable and nothing to be excited about but he got a good chunk of screen time. We also end up being subjected to Seonu's unpleasant stereotypical awful dad and struggling adopted sister which I don't think really add to the story.

The series was all around well acted (Jinseok by far impressed me) and definitely brought me to tears at points. But I wish it were more balanced between the three friends. I would have loved for Joohee to have been a main player and to see her relationship actually develop. The finale was well done, so I will give them that. But I don't really recommend sitting through the whole series just to get to that point where you taste the bittersweetness and sadness of a trio of friends down to two.
Read More",서른아홉
14,"bentar, bentar. gue agak bingung mau ksih ripiyu kayak gimana. perasaan masih acak adut banget ini pas selesai nonton eps .

bintang spuluh buat kemampuan drama ini yang sanggup mengangkut kami kaum-kaum jarang menangis karena lumayan bisa dipake buat numpang mewek HAHAHAHHAHAHAHAHA

overall gue sih suka suka aja ya. line up main leadnya oke oke semua, cantik-cantik! apalagi dua diantaranya (yang gue kenal) kemampuan actingnya ngga main-main. sayangnya, sutradara kurang menggunakan kesempatan ini secara maksimal. contohnya, di beberapa episode pertama gue sempet keganggu sama pengambilan shot yang terlalu banyak potongannya. maksudnya kalo mereka lagi ngobrol berdua kenapa ngga lebih banyak ditampilin dalam satu frame aja gitulooo jangan dipotong huft.

selain itu, pembagian cerita ketiga tokoh utama ini terlalu berat sebelah ke cha mijo ya. mungkin karena itu di poster doi jadi center kali ya? hm. karakter joohui juga kurang dikulik, bener-bener kayak dikesampingkan sama mijo & chanyoung (itulah kenapa pamali temenan bertiga).

dinamika plotnya asoy geboy banget. jujumpalitan kalo kata orang sunda mah. sedetik nangis, sedetik marah, sedetik ketawa, sedetik gemes. awal-awal masih seru ya, tapi ke belakang-belakang rasanya kaya diburu-buru gitu.

tapi teteup, aku suka. apalagi ostnya!!!! anjrit lah. pengen nangis mulu kalo ostnya dah mulai mengalun.
Read More",서른아홉
15,"Love from friends and family are the best love!
Imagine having spent your life with someone and suddenly hearing a news that that someone will soon be gone. How will you prepare yourself…

I thought this series will be a 'FUN' series. I thought this is about being single and still having fun at . But I thought wrong. This ain't fun at all. I cried on almost all episodes except the first two?! Haysss

I even thought of dropping it but I am curious on what will happen to their friendship and their family.

Mijoo, Joohee and Chanyoung have the best friendship. I envy them. Will I be able to have friends like them even after I turned ? ? I also love their relationship with their families.

Chanyoung’s story is interesting. She seems like a mistress but I can’t tell if she really is since her relationship with Jinseok is platonic. They love each other but they both missed the timing. And now she’s dying…. I want her to be okay and be with Jinseok happily after his divorce but she’s gone. WTH. I hate it!

Jinseok- He is nice but also foolish! To all the characters I feel so sorry for him the most. I feel like he’s the one suffering a lot even before Chanyoung’s diagnosis.

This drama is full of heartache but I enjoyed it. I just don’t think I can rewatch it. I don’t want to feel that pain again.  /.
Read More",서른아홉
16,"Such a Disappointment
Had very high expectations from this show, considering stellar cast. However, I'm six episodes down and its clear this drama would become a flop as it's heading towards straight disappointment.

My pain points with this show:

) More screentime of Seonwoo (the bland and boring personality main lead whose only talent is to be at the right place and right time - to assist Mijo when she's distressed)

) Lack of chemistry between Seonwoo and Mijo - it looks like the ML here was added just to act as a support system for FL rather than a potential love interest - considering his one dimensional personality being portrayed here.

) less screentime of Johee - we writers would want to know why shes still singe and still lives with her mother at the age of  - which is a shocker really

) more romance than friendship - more screentime is being given to romance between leads (which is boring AF) rather than Female leads in this show - idk the writer doesn't seem to get this hint that this show is supposed to show friendship aspect.

) Mijo inserting herself in every situation : again the writer seems to have forgotten that Chan Young is the one who has terminal illness - the viewers would like to see her perspective more - rather funnily enough - we see the perspective of her friend Mijo - on how she would cope up with pain (we couldn't care less about her suffering and her crying lol) . It feels like a Mijo show where everything revolves around her - and her boring ML who's only role is to appear from absolutely anywhere and offer comfort. *Eye roll*

) Episode  of this show was BAD , REALLY BAD : nothing more can be said about this because my hand would start paining if I start writing about criticism of this episode specifically.
Read More",서른아홉
17,"The  Telling is Super Slow & Not Focus
The drama has a good start from the st - th episode. The plot arrangement then becoming worst at th episode -for example what happen after Chan Yeong and Jin Seok caught by accident? - Is this incident is for real or is it in their dream? We expect something related to the plot at th episode but nothing happen. The accident scene stop at th episode without any explanation to it. The drama is strong because of the  cast. We love the drama at start, it kills with boredom and make me sleepy and I slept in the middle of show...th episode even worst... We are going nowhere except bored.
Read More",서른아홉
18,"It's OK.
Hello! So I just finished the series. TBH my major drive to watch this series till the end is to see how exactly they would capture the events after the loss of one dear friend of a group and also to see if Ji-hyun(the one who plays Ji-hoo) gets more screen time. Well, the series got its end pretty well, they made sure it's heart breaking but not to the point that you can't move on from the drama. But my other wish to watch Ji-hyun ssi for longer duration isn't fulfilled and I am highly disappointed for it. This series being categorised into slice-of-life genre seemed less of it and more of a romance with a dying supporting cast. Might sound harsh and would feel like I'm dissing all the efforts the crew had put in making this series, but they missed/got lost on capturing the true essence of a friends trio. It was more like a main lead, her love life and her friends. Of them one is dying while the other is ready to read the script. They should have worked harder in the trio portrayal. They DIDN'T do enough justice to the friendship. And I HATE it. Now I don't even want to talk about the friends'(Chan-young and Ji-hoo) love lives. Okay they atleast have shown Chan-young's till the extent they should. But they CLEARLY yeeted out Ji-hoo's story, as if it isn't important at all. I liked the story. The acting is good too. While being happy with the takeaway/lesson 'to cherish things while they last', I am more than just disappointed about the their failed portrayal of the friendship. I'd like to clarify again that the reason I watched this series was to see how they'd tackle a friend's death, it's consequences and Ji-hyun ssi's screen time.

Would I rewatch this? No. But if I ever do, it's only for Chan-young and Jin-seok. Sorry Ji-hoo, they made your story so short, I can just find your clips on YouTube.
Read More",서른아홉
19,"Beautiful and moving drama
📌𝑻𝒉𝒊𝒓𝒕𝒚𝒏𝒊𝒏𝒆

My eyes are swollen from too much crying. Blaming myself for torturing myself but then if I hadn't watched this drama I wouldn't know how beautiful this drama is. I don't get the hate they are getting when in fact this is one of the most beautiful and must-watch drama of . I wouldn't waste my time if this is just a so-so.  reminds me that life is short and we should all cherish it, every minute of life is important. As we get older we shouldn't focus on the things that are just temporary but rather on something valuable. I envy their friendship, they are more than family. Who wouldn't want that kind of friendship?

People tend to pass this drama because it may look like a depressing one but I beg to disagree, this drama is full of life and very heartwarming.




Read More",서른아홉
20,"Thirty-nine is a slow paced, “eventless” drama that focuses on the characters and their relationships, when faced with a tragedy that cannot be stopped, while trying to keep their lives moving.

Honestly speaking, half way through the show I was not sure what exactly happened. Each episode was rather repetitive with just a few details changed here and there. I felt like the drama lacks focus, the core plot that would drive the characters forward. Rather, we had different stories for different characters that seemed separate in their tone.

While the drama does a really good job at presenting the friendship between the three female leads, I can’t do anything about being disappointed with the romance. Son Ye Jin and Yeon Woo Jin have little on screen chemistry, and their characters do not present an interesting dynamic to watch. Chan Young and Jin Seok’s situation is too over the top and makjang like for this type of a story. Joo Hee and Hyun Joon were the only pairing that worked well on screen, had great chemistry and a well built romance that was entertaining to follow, but with each episode, it got less and less screen time.

The disappointing love lines could be forgiven if they were not such an integral and important part of the plot, taking quite a portion of the screen time. Not to mention, realistically speaking, not every character needs a love line of their own.

Since the show tackles so many different issues, most of them are not explored enough. Some of the topics introduced are adoption (relationship between the child, biological parents and adoptive parents, views of the society on the adoptees, identity issues revolving around it), terminal illness (pain it causes the person who has it and their family/friends, accepting the inevitable, different choices concerning treatment or lack of it), emotional cheating and complicated romantic relationships, starting over with new passions and dreams at , and honestly speaking, probably more.

Even though the drama has three female leads, it’s a fact that Son Ye Jin stole all the spotlight. Jeon Mi Do’s portrayal of Jeong Chan Young did not leave any room for improvement, especially taking into consideration the complex situation the character was in.
While I enjoyed Kim Ji Hyun a lot, the character was written in a way that required less work. She did amazing with what was given for her, sadly she was often kept on the sidelines. Jang Joo Hee was there to fill the space as a rd friend. Which is a bummer, since the history of that character would perfectly fit into the story if utilized correctly.

The production was great, though the story telling itself could have been improved. Some essential information about the characters and their relationships could have been explored a little bit earlier - keeping me in the dark didn’t make me more curious about the plot, but rather frustrated me, since I did not understand the context of the events happening on screen. Another thing that kind of bothered me closer to the end of the show - they did not care about realism. Made sure everyone looks stunning and has full make up, not matter the circumstances the characters were going through.

The original songs, while truly good, were exactly what one would expect from a drama like that. None caught my attention, but they did fit the scenes they were played for.

, it’s a really slow drama with a great beginning that loses the spark around the middle point. It had some great heartwarming moments, but a few gems cannot make this drama amazing. If only the middle part was as good as the last episode, which was truly a masterpiece.
Read More",서른아홉
21," Friends dealing with life and death
Made me cry almost as much as crash landing on you! It’s a really touching, light, but heavy at the same time story of three best friends dealing with friendships, family, love, life and death. They did such a beautiful job writing the scenes, from beginning to end, it was very emotional in both good and bad ways. The character of Mi Jo might make other feel like it was written too dramatic and unrealistic. And I agree, she cried A LOT. But I feel like they portraid her anxiety fairly well (I can say this, having ptsd and anxiety myself). The character of Chan Young was written beautifully! The character of Joo Hee was balanced but felt a bit lacking in the story. It was focused a bit more on Mi Jo and Chan Young. I do recommend for everyone wanting to watch a kdrama.
Read More",서른아홉
22,"An Opportunity Missed
This is a drama that promises a lot and has the ingredients to be awesome - but its problematic narrative, haphazard execution and difficulties with its plot line lets it down brutally. I’m a Kdrama enthusiast with an unholy amount of patience but this show defeated my better angels.

This slice-of-life drama tells the story of three female protagonists – Mi-jo, Chan-young & Joo Hee – on the cusp of turning forty and navigating their way through the realities of life and love. Two of those realities are their common rejection of social and cultural expectations combined with their offers of unconditional support to each other as their special friendship is cruelly truncated by the terminal illness of one of the women.

On closer inspection, it’s a story with one protagonist, not three. A flaw which would have proved less lethal to a better written script. There are some important ideas here about love, friendship, family and loss but most of them are too thinly sketched and as a result lack emotional resonance.

The main character Mi-jo is played by Son Ye-jin, an actress whose performance I enjoyed immensely on CLOY, but even I spent a large part of my time while watching this drama wondering why she cried more often than Chan-Young, the character with a terminal illness. She is the biggest star in the series - but I felt that the huge spotlight on her character did a great disservice to this drama. It stunted it; whereas exploring the lives of the other female characters equally would have given this drama the much-needed boost it required.

Watching Mi-Jo make Chan-Young’s terminal illness about herself, with large parts of the drama dedicated to her feelings and how Chan-Young’s death is going to affect her felt paternalistic and annoying. I get that she’s a doctor - but I longed to see her decentre herself, restrain her easily wounded eyes and show her best friend empathy without paternalism.

My conclusion is that the plot of this show misses an opportunity. A deeply emotive story about a woman dealing with the distress of a terminal illness was sidelined in favour of an insipid romance (between Mi-jo & Seon-woo) that doesn’t draw you in any way. Not even the sight of Mi-jo’s boyfriend running to her rescue every time she needed a shoulder to cry on, like superman emerging from a phone booth, could make me stan their relationship. If I’m being entirely honest, I was glad they had fewer scenes alone by the time the story concluded.

Side note: the sight of their awkward amorous scene in the first episode of the drama was a sign to me not to expect much more in later episodes. 

I have to say however that for the most part, the acting in this drama was of very high calibre – one of its saving graces. But it suffered from a weak desultory script; too many subplots were given less time than they deserved. 

The final episode of this drama is its greatest achievement by far, although it was somewhat ruined by a) the decision to fast forward past the funeral ( why show a shot of a funeral in ep  that’s awaiting the characters as they reach the end of the season then gloss over it?) and jump straight to a happy scene afterwards and b) an accident which had been foreshadowed in earlier scenes but never materialised. The point of foreshadowing in a plot is to warn the viewer of something that will happen later.


The scene where Mi-jo watched Chan-Young’s last message to her was a poignant and moving depiction of grief. It was one of the few scenes where I felt an emotional connection to her character.

It would have been nice to see more of Joo Hee’s budding relationship with Hyun Joon and how her decision to forge ahead with her own business panned out. She is very much the third wheel in the friendship (and story) and of all the characters in the show, her storyline feels the most perfunctory. 


 this isn’t a terrible show but I’d be lying if I said I’d watch it again or recommend it to someone else for that matter. The concept of the show reeled me in hook, line, and sinker but its execution left a lot to be desired.


This best thing about this show is its depiction of a friendship dynamic between three women which demonstrates that intimacy and closeness isn’t reserved just for romantic partners.

I say three women, but it’s Chan-young and Mi-jo’s closeness that REALLY shows just how much true friendship can be medicine for the soul; it’s about love, support and solidarity.

Close female friendships involve a deeper connection than male friendships because women share a deeper level of intimacy.

For many women, friendships are the greatest loves of their lives and the only reason this isn’t more celebrated is because women are socialised to prioritise romantic love.

But it is our friends who know us best and understand what truly brings us joy. 

Our friendships are life sustaining partnership; they are about building a caring community with people who love you unconditionally.

Many of us will have romantic love come and go in our lives but we more often find that we have long lasting non-romantic love with our closest friends.
Read More",서른아홉
23,"Not what i hoped

Not the greatest series .I am a fan of son ye jin but in this series I would have preferred to see her in a smaller role.She is going through a lot but her friend is sick and I would have liked to have seen more of chan joung.How her parents deal with it maybe more time with her boyfriend.
I found that very disappointing. I would also have preferred to have seen more of the third friend. She was really a third wheel in the friendship. Mo ji was just mostly busy with herself and offcourse how to take care of chan young.And the chemistry between her and her boyfriend was nowhere to be found.The story could have been developed a lot better. I won't watch it again. I hope all three actresses get to star in another series because they are really good
Read More",서른아홉
24,"The reality of how significant yet fragile our lives are.
The impact we have on the others is something that we certainly aren't aware of. Everyday we wake-up, we prepare ourselves and we go to work. Sometimes we fall in love, sometimes we get hurt yet we are never completely alone as next to our deathbed someone who cares for us will certainly be mourning. This drama surely is a realistic portrait of life in all is imperfections. We could have wished for a different ending but that's how life is, cruel till the very last moment. That is why friends and family are so important. They make your burdens seem less heavy and they hold your hands and make you laugh even in the worst possible situation. This drama is a perfect mixture of sadness, joy and strength. The main characters friendship is something so valuable that makes you yearn to find someone with whom you can share all your best and worst memories. Son Ye Jin, Jeon Mi Do, and Kim Ji Hyun certainly are amazing actress as they perfectly portrayed all the facets of their characters in the most engaging and overwhelming possible way. This drama is a well deserved .

Read More",서른아홉
25,"Waterfall of TEARS
This series wasn't originally on my radar but I saw a tiktok video of Joo Hee and Hyeon Joon's meet cute that I decided to check this one out. In terms of my original plan of seeing a cute noona romance, I watched a melodrama instead.

STORY
As opposed to majority of the people in the comments section, I didn't find the friendship arc lacking. Adult friendships are supposed to be like that. The only reason they still see each other as often as that because they're all unmarried at . I did find this show pretty slow (admittedly I watched most of it at x speed) and I'd rather see more screentime on Joo Hee than Seon-u and his sister. Chan-young's story is the one that made me cry a river. Since this is a melodrama, they should've just put full force on the melo and explored more on Chan-young's struggle with the illness.

ACTING/CAST
Perfect! All of them nailed their roles perfectly. I don't think I'll cry as much as I did if it wasn't for the on point acting of everyone in this cast. Hats off for the perfect casting!

MUSIC
I can't even remember any of the songs because most of the time I'm watching, I was crying.

REWATCH
I will never be able to rewatch this one unless I want to torture myself. I just won't have the strength to rewatch a series that's so emotionally draining.

This is melodrama and slice of life combined so if you dislike either of those then this series is not for you. It's a slow show and definitely not for binge watching. Still kinda sad I wasn't able to see an amazing noona romance storyline lol.
Read More",서른아홉
26,"Wasted potential
I won't be going lengths as to why this drama is a wasted potential, it's been said by other reviewers already and I totally agree with them.

This was advertised as a drama about female friendship. I expected the three main characters to be empowered, given equal screen time but all I got was a melo about women being involved with men who prove themselves to be either annoying or straight up disrespectful. I don't even know why I kept watching it, but I wouldn't recommend this to anyone. There are far better slice of life dramas out there, but unfortunately we don't get many. Such a waste.
Read More",서른아홉
27,"Jeon Mido did good work here!
I enjoyed Jeon Mido's acting here. I'm a fan! The other actors were good, too, but she stood out to me.

What I enjoyed the most about the show was how it showed women in the cusp of turning  acting like lil kids with their families. That was really cute to me hahaha.

The story was quite interesting. I'm not sure the script did full justice but it is worth checking out. The thing I liked about the ending was how the characters went about their lives as usual - there was pain but time doesn't stop for anyone and nor does life. This is both a bitter truth and a bit of solace, I think.

Read More",서른아홉
28,"I'm not crying, my eyes are just teary :"")
Even though I cried when watching the story, too bad, this drama isn't written well and it has more cons than pros.

Pros:
. Okay. The last episode is the best episode. It really makes me cry.
. This drama really knows how to make the watchers keep watching till the end of the drama.
. Jeon Mido.

Cons:
. I don't know it's me who fell asleep when watching it or there's a really big titanic plot hole. One of the examples: The death of someone isn't explained well. Is it death because of an accident or a disease?
. Unnecessary romance. If only the writer removed the romance aspect and went with a story full of friendship, I believe this drama would be super interesting and touching.
. Loose plot. I believe this drama can only have  episodes with a solid plot instead of  loose-plot episodes.
. Incompleted anti-climax. Bruh, there are a ton of conflicts that don't get solved well, unless this drama has its nd season.
. Because of its loose plot, the drama can be boring in the middle.
. Glamorous life of its characters doesn't match the theme of this drama. I believe ""friendship"" + ""struggling in life, escaping from poverty"" would make a better combination.
Read More",서른아홉
29,"This drama hit me right in the feels :( I loved it!
Maybe I enjoyed this drama so much cause I'm older than  and I appreciate this short gift of life we all have < Also, I lost many loved ones due to cancer in some form. So in a way, I think I can relate to this show...Many episodes broke me and I had a crying fit (which is a nice release )
The only question I had after it's done. What was the point of the ""car accident scene""..was it a dream or just a pothole? , I absolutely adored this drama. I recommend it for anyone who needs a good cry!
Was this review helpful to you? Yes No",서른아홉
30,"Extraordinary adult melodrama
I never watched the trailer as other reviewers had, so I had no preconceived notions about the plot. This is a true melodrama, absent of fluff and lighthearted comedy. It tells an emotional story of three friends who lovingly support one another through extremely difficult circumstances. There are romantic partners who play important roles throughout the drama. The acting is top notch! It’s a well written and superbly acted story. The story is realistic and depicts circumstances that are unfortunately a part of life for some people.
Was this review helpful to you? Yes No",서른아홉
31,"Wasted potential and focus on the incorrect character
As stated by others: This entire show is one huge wasted opportunity.
At first I was so excited to see a show about women in their s (almost s!). And with every episode I kept hoping that the show would get a little better. No such luck.
In terms of pluses:
The two ""supporting"" female leads were astonishingly excellent in terms of acting. Not being familiar with their prior work, it really took me by surprise -- I looked them up just to see what else I can catch them in.
The Joo-hee storyline was, by far, the most engaging. Again, as others have written, it was the story that made the most sense / was most realistic, and that made one care about the character.
The lovely, functional, supportive, and loving families depicted around the characters were a nice change from many Kdramas.
Now, for the negatives....
Primarily, the focus on MiJoo. How is it, that a supposed lead in a drama is diagnosed with terminal cancer, and she is not the true lead of the show??? Or at least on equal footing with anyone else? Maybe if MiJoo's story were more compelling, it could have worked out, but her story (and there is no ""arc"" to it, or character development) is just as many (boring) reveals and opportunities to show the character cry as the writers could cram into the script.
Unfortunately, the show's strength is also a weakness here: Because Kim Ji-hyun and Jeon Mi-do do such a spectacular job acting in their parts, it is somewhat jarring to compare Son Ye-jin's performance -- one can see how artificial it is in contrast to the realistic acting style of the other two actresses. I have seen SYJ in other shows, which I enjoyed more -- I think she was somewhat miscast here, with the part asking too much of her. I tended to speed through her bits in the later episodes.
Secondarily: The story is just so boring. Not depressing (which would make sense), but just -- eh.
I will not be rewatching -- have a feeling that I would get even more frustrated with the show. Maybe can find a compilation of just Kim Ji-hyun's scenes somewhere on YouTube.
Read More",서른아홉
32,"Great Drama!
It's a very worth to watch drama!
The storyline, actings, chemistry among casts, original soundtrack are just perfect! It has mix emotions in it...Funny, happy, touching, romantic and sad. Son Ye-jin, Jeon Mi-do and Kim Ji-hyun potray each of the besties' character (Cha Mi-jo, Jeong Chang-young and Jang Joo-hee) perfectly. It has a great and deep meaning original soundtrack too. Fast storyline, good narration and flashback flow. It's very relatable with real life situation. A sweet slice of life story with deep message to be delivered about life, friendship, love, struggle, principle and mutual respect.
Read More",서른아홉
33,"Poignant, thought provoking, inspiring and beautiful story about the power of friendship
I absolutely LOVE this show. The acting is beyond incomparable. I have cried so many tears as the program is so incredibly touching and moving. As I watch this show, I cannot help but wish to be part of a friendship group like the one depicted in this series. Each one of the  main characters absolutely captivates your attention and touches your heart. The fact that there is also a back story regarding adoption and the emotional issues involved is a bonus. Watching these  wonderful actresses embrace the characters of loving, caring and generous friends is so amazingly inspirational. I believe there is only one episode left. While most K dramas are single season, I hope that this series will depart from this tradition like Love, Marriage and Divorce and will bring us another season so that we may see how the characters will cope and evolve.

I thank the writers and actors for bringing such wonderful entertainment to us.
Read More",서른아홉
34,"LAUGH, LOVE, LIVE… YOUR LIFE!
Yeah, just one episode so far but loving it already! Great cast and surprisingly not the typical Rom-Com happily ever after that everyone is used to or likes. Of course, I’m a hopeless romantic myself but I like the more “realistic, this is life” it’s portraying so far. Maybe because I’m also in my forties, I can relate to some things, ha! Best friends, despite their different ways of living, still supportive and caring of each other no matter what. Chance encounters, awkward attractions and sweet surprises, it’s all part of life, isn’t it? Can’t wait to see how the other  episodes will be played out, especially with that opening narrative.
Read More",서른아홉
