,reviews,title
0,"The Effects of Juvenile Delinquency And the Role Society Plays
From its opener, this drama came out swinging, and it didn't stop to the end. I had high expectations, and I am glad it didn't disappoint. I thoroughly enjoyed this drama, everything from the overwhelming storytelling and cases to the cinematography, directing, and especially the acting of the leads and the supporting cast. Both Kim Hye Soo and Kim Mu Yeol were outstanding, and complimentary of each other. Her strong stance on punishment and his clear belief in nurturing and reform completed each other in many ways. It was almost like when she ran cold, he warmed her up, and when he threatened to go cold, she found a way to warm him up. Their personal traumas helped me understand their stance and shaped the story.

What I like most about this drama is how daringly it tackled the complex and staggering psychological and social circumstances surrounding juvenile delinquency, the juvenile court system, and the effects it has on the victims, the juvenile delinquents themselves, their families, and even society as a whole. The thought that the stories it tells maybe someone's real life reality is heartbreakingly crushing. Right after I watching Juvenile Justice I read a review that described the script as ""having a tendency to devolve into preachy monologues, which did a disservice to the drama"". I was utterly surprised, because I thought those preachy parts were precisely what made the drama so impactful, given the heavy subject matter.

As much as I enjoyed the drama, some episodes were hard to watch, almost cruelly so, especially how desensitized society has become to the pain and injustice of others. The drama was thought provoking. It made me question myself and how I would react to the many uncomfortable situations. I have a newfound respect and admiration for juvenile delinquent judges, counselors, social workers, and everybody who works with and around children. I don't think I could do it. The whole time I watched the drama, I kept thinking that when parents cover up for their children's wrongdoings, are they doing it for their children or for their own sake? I also couldn't stop thinking how children as young as nine could be so disconnected from their community and society that they could commit such atrocities; where and how does it go wrong, be it with the children, the parents or society. A lot to ponder.

I am not a parent, but I know it isn't easy. As an aunt actively involved in raising my nieces and nephews, I know how important it is for children to know that they are loved unconditionally, particularly when they make mistakes because everybody make mistakes. But they also need to those mistakes have consequences, especially when they cause harm to others. Parents sternly disciplining their children is the tough love they need. It's far more helpful in the long run than covering up those mistakes, no matter how bad. And this is especially important in a country like South Korea, where society plays a big role in shaping its citizens, that it becomes part of the solution, not a contributing factor. I wonder if I sound preachy, hmmmm!

Juvenile delinquency isn't just a legal issue that can be taken care of by law, but a major social problem that requires urgent attention. I pray this drama in its ten episodes succeeds in casting the needed attention, and more importantly, to relay the message that punishment shouldn't only be about imprisonment, but also development and reform. As Shim Eun Seok says in the drama, it takes a village to raise a child. It's why we still need the ""village"" strengthening support mentality for our children today. Is Juvenile Justice a perfect drama; perhaps not, but it does a darn good job expressing how the inadequacy of the criminal and judicial justice system, the breakdown of the family unit, particularly parental guidance, and resulting trauma as well as societal neglect exacerbate serious youth crimes. Yes, reforming juveniles is paramount, but their victims matter too and shouldn't be marginalized in the process.
Read More",소년심판
1,"Hate to say this but Netflix doesn't disappoint
""I detest young offenders"" - I somehow agree with it LOL. Although everyone deserves second chances but sometimes it just shows that you shouldn't be lenient with all minors just because they are minors, they will not learn their lessons and their mistakes and grow up to be monsters if you continue to let them go and let them think that ""oh, so I can commit this crime and I won't get caught at all"" and they will commit more and more crimes and each time it gets worse. Honestly got quite pissed when I saw the kids laughing away after killing people. Coming again with another well written series by Netflix. What I'm seeing now is that the show is criminally underrated for now, not many viewers are watching this, not sure whether more people will start watching this after a few days as this was just released few hours ago. But this show was really nice, it shows and depicts the many different social issues surrounding young offenders. Though it's not the first time a drama has done this but this one was quite well written. It was really entertaining and engaging so I binged it in one whole sitting. :) Kim Hye Soo done a great job as a Judge, likewise in Hyena as a lawyer. She really suits playing characters relating to law haha. GOOD SERIES OK TRUST ME!! Very good law drama and unique theme of young offenders, give it a try.

Edit: It is now sitting at # spot for many countries on Netflix.
Read More",소년심판
2,"The Bad Kids
Juvenile Justice is a character-driven legal thriller revolving around Shim Eun Seok and her appointment as a judge of the Juvenile Criminal Settlement Division of the Yeonhwa District Court. Her profound hatred of juvenile delinquents provides the backdrop of her approach to dispensing justice upon the minors charged in the court of law as she presides over a variety of deeply complicated and convoluted cases.

The drama is rated R- in South Korea due to references to drugs, suicide, physical and sexual violence. Elements of social commentary are present that explore the judiciary statutes, investigative authority, politics and education system. The complexities of the human drama is provided by the respective backstories of the juvenile offenders in terms of their difficult family backgrounds and dynamics, as well as the suffering endured by the victims and their own families.

The screenplay is written by Kim Min Seok for what is his first drama project. Although credited as an original screenplay, it purportedly draws parallels to several high profile cases that have occurred recently in South Korea; the  kidnapping-murder case of an elementary school student in Incheon, the  Sookmyung Girls' High School test paper leak in Gangnam, the  Daejeon middle school student rental car theft accident, and the - Incheon Metropolitan City sexual assaults.

Directed by Hong Jong Chan with Kim Tae Sung (Happiness, Snowdrop, Inspector Koo) serving as composer. Principal photography took place in May  primarily at Jeonju District Court located in Jeollabuk-do, which serves as the Yeonhwa District Court. Other filming locations include Dongseong-ro Spark in Daegu, Dongseong-ro Spark and Misa High School in Gyeonggi-do, and Seoul Women’s University.

What I Liked

There are three main aspects that have impressed me immensely.

Firstly, high praise goes to the overall production values, specifically the mood-inducing cinematography that establishes the noir vibe to the entire visual tone of the production. This fits perfectly to a narrative that delves extensively into the dark subject matter of violent crimes, together with the slow burn and gritty storytelling approach. In fact, a huge portion of the drama takes place at night where one of the more memorable moments included snowfall in its scenes. I’ve also enjoyed the framing of Shim Eun Seok’s contemplative moments in her office through low-key lighting that accentuates the evocative atmospherics throughout the story. There’s no question that a lot of money went into this production and it is apparent for all to see.

Secondly, the exceptional acting in this drama. Particularly Kim Hye Soo’s portrayal of the lead character, Shim Eun Seok. This is quite possibly her strongest performance in recent memory which I believe surpasses her role of Jung Geum Ja in Hyena and perhaps aided tremendously by the characterization that feels very much designed with her in mind. This is the epitome of intensely hard-boiled and ultra bad-assery without so much as breaking a sweat. The emotive expressiveness of her unflinching piercing gaze that punches right through any suit of armour is as intimidating as it is effective.

Other members of the cast that impressed me would include Lee Sung Min as Kang Won Joong, the Chief Judge of the Juvenile Criminal Settlement Division of the Yeonhwa District Court. Initially giving the appearance of the typical annoyingly loud and abrasive boss, he gradually settles into this extremely layered and grey character who is torn between his personal ambitions and protecting his family.

I also have to mention Lee Yeon. My first time seeing this -year old lady in what is truly an incredibly remarkable yet unsettling depiction of an extremely unhinged teenage boy! It’s the kind of performance that leaves an indelible imprint in your psyche for years to come. The drama also features a number of familiar faces in the supporting roles including Lee Jung Eun as Chief Judge Na Geun Hee, and Kim Mu Yeol (currently in Grid) as Division Judge Cha Tae Joo. Yeom Hye Ran (The Uncanny Counter), Yoo Jae Myung (Hometown) and Kim Joo Heon provide noteworthy guest appearances.

Thirdly, I was captivated by the intrigue of certain cases. Going into this drama I was anticipating a more “common” or “garden-variety” type of crime committed. After all, how much trouble could kids really get into, I thought to myself. Well, I was proven very wrong because some of the crimes manifested belong to the psychologically disturbing and immensely macabre category. The one that caught my attention from the get-go has to be the first case while the second case provided a fascinating insight into juvenile rehabilitation facilities.

What I Didn’t Like

My biggest issue is with the screenplay. I think Kim Min Seok was trying to weave too many themes and sub-plots into a -episode production, most of which finally play out in the final  episodes. I can’t say for sure if this drama is merely providing social commentary or perhaps the screenwriter is attempting to convey a statement or message that raises public awareness. Or it could simply be heavily dramatized fiction that’s intended to wow (or shock) viewers.

Whatever the case may be, the end product becomes something of a contradiction for me. It’s not ok for other people to abuse their authority but when it comes to the protagonist, it’s perfectly fine. It’s not a big deal for other cases to reach a dissatisfying conclusion but when it involves the lead’s tragic backstory, then justice must be fully administered at all costs. Judiciary bosses with years of experience are a bunch of noobs in comparison with the junior judge for they do not comprehend the spirit of justice, which justifies acts of insubordination. Finally, that sense of self-righteousness and moral high horse that comes complete with the speech gets repeated several times, only to be refuted by hypocrisy when convenient.

My interest in the second half kind of waned because the focus was lost amidst the tonal shift of the narrative, firstly to the politics of education and by-election campaigning, then finally to Shim Eun Seok’s complex backstory. This aspect wasn’t properly fleshed out but instead given the brief flashback sequence, alongside elements that eventually become inconsequential in the form of the ex-husband and mother-in-law who contributed nothing of significance apart from melodramatic angst.

Final Thoughts

The biggest positive for me is Kim Hye Soo’s performance which I hope would garner her at least a nomination for this year’s Baeksang. Juvenile Justice ended up being a mixed bag for me but all things considered, I would recommend this drama predominantly for the well executed technical aspects rather than the plot trajectory and didactic social critique.
Read More",소년심판
3,"""I detest young offenders""
""Offender, Criminal, Killer"" what comes to your mind when you hear these words?

Maybe, a maniac, a psycho or a monster and disgusting adult human being? But what about a child? In most of the drama/movies we see adults committing crimes, but young offenders exist too.

And this is what ""Juvenile Justice"" wants to remind us, that criminals can be anyone, even a little child. ""Juvenile Justice"" deals with a very interesting, yet very difficult and provoking theme. Fortunately, though, the drama succeeded in managing its heavy theme and ended up a very eye-opening drama for me.

As ""Juvenile Justice"" it's a law drama which deals with many inhuman crimes (and it's also a Netflix original drama), it's an R-rated drama, which contains a lot of violence, gore scenes but mainly, it contains a lot of scenes that may upset psychologically some viewers. In addition, the drama doesn't contain any funny moments, or comic reliefs and its pace it's slow too. Thus, the drama is indeed a heavy and difficult watch, it will punch you in the stomach without any pity for  hours straight. Therefore, be very careful when you make your decision to watch it.

The story

The story revolves around the Juvenile Judge Shim Eun Seok. Through her eyes we are able to see how Juvenile Justice works on many different cases and affects the involved ones and that's the biggest advantage of the drama.It approaches its topic from many different aspects and shows the two sides of the coin of crime but also the law system.

It has to be mentioned though, that the number of different cases may have a negative effect on some viewers because they won't like all the cases the same as the cases aren't on the same level and some are more interesting than others. Despite this fact, I believed that all the cases offer something valuable to the story and also, that the story's coherence is great as every event of the story is very well connected with the other so the overall story is very balanced.

The story starts with a shocking abominable and macabre case which gives a strong and promising start. The middle cases are milder but the story doesn't lose its interest neither becomes tedious and repetitive. The story throughout its whole run, asks moral questions and tries to make the viewers think of various different situations and dilemmas. The final case, the story’s finale, gives a decent and powerful closure. The story indeed leaves the best for the end as from all the cases, the last one is the most suitable for closure . Thus, the story manages to end without the feeling of being rushed or unfinished. To my surprise, Netflix made a (maybe) one season kdrama that is complete and I'm very glad and relieved about this.

There's a high possibility that the first case and some others are inspired and lightly based on real cases which have happened in Korea and I personally really appreciate it. It's very interesting to see how writers use real events to deliver their messages and basically, to see the impact these events had on them. In addition, the story feels more down to earth and more realistic. Korean dramas and movies have their way of making excellent and entertaining stories based on real events. Fortunately, ""Juvenile Justice"" is one of these stories. More details about the cases in the spoiler comment on this review (because they are, of course, spoilers).

The characters & acting

Almost all the characters of the drama have depth and their personalities are very well built. Their actions are always composed of their life experiences, scars, insecurities and the drama explored with success the reasons behind their behavior. None of the characters is perfect, everyone made mistakes and some learnt through them, some not. It’s pretty amazing how the drama made so many well written characters and developed their personalities through the story, this is very rare to see.

And of course, the actors did an amazing job portraying these complex characters. I couldn't be more satisfied with their performances. Their feelings were on point and the characters really came to life and took shape. There was also great chemistry between the actors that made the characters more bound and the drama complete and more impactful.

The production

Production is the last ingredient of a drama. It's the finishing touch that will make the drama more appealing. The ""Juvenile Justice"" 's production, as far as the directing is concerned, isn't one of Netflix's top-notch and artistic ones, but still, it's great and gives the drama the right tone and atmosphere, making the drama very decent and beautiful. The music is wonderful, full of emotions. It gives the right tone in every scene and it never feels off. The music is the cherry on top of the drama, giving you the last push to fall in love with it.



""Juvenile Justice"" is a very tough watch and not an easy ride. Still, the things this drama will make you feel and think are countless. If you believe you can bear its cruelty, then ""Juvenile Justice"" really deserves a try because from the story, to acting, to production, this drama has the whole package. For me, ""Juvenile Justice"" is the first Netflix original kdrama I loved after ""D.P. "" and I'm glad I watched it.

~~~Epilogue~~~

""I detest young offenders"". Young people are the future of humanity, humanity’s hope. When they behave like adults and commit crimes, the world loses its hope and everything becomes darker. Why do young people commit crimes? How can someone so young do such a macabre thing? Can we teach them what is good and what is wrong? Can we set them back to the right path? In the end, is it their fault or ours?

""I detest young offenders"" because they are showing me how cruel the world is and how we fail to protect them.
Read More",소년심판
4,"Kim Hye-soo really never disappoints
Kim Hye-soo really never disappoints. Outstanding performance from Lee Jung Eun and Kim Hye Soo. All the ten episodes of Juvenile Justice will leave a strong impression, there is so much more to the justice that is being served. There is one thing that literally amazes me, that is Shim Eun Seok (Kim Hye Soo) character, her hatred and despise to the young kids who commit a crime, her anger, and her facial expressions every time a kid stands in the trial, felt so real.

The ending was so beautiful. I hope there is a season .
Was this review helpful to you? Yes No",소년심판
5,"Everyone deserve a second chance?
This drama came from my same list that had Amanza, melancholia, move to heaven and Doctor John, all of them set in dramas that I am not used to seeing and all of them were my favorites.

It is very slow, I even watched it at x speed because if I don't I would never end, but that was not a problem for me.

It has graphic scenes of violence and they are always talking about the heavier cases like prostitution and rape, which I found very interesting, since Korea itself has a lot of these cases but they are usually very ""covered up"".

Does everyone deserve a second chance? I think this is the main point of the dorama, here, we see two sides, the FM even mentions that they could minor offenders and gives maximum penalty whenever possible, after all, they committed a crime, being a minor or not. On the other side, we see ML who understands that they are young offenders but that some need to have the chance to possess a second chance. I thought it was very well written that in some moments, which one of the two is right weighed heavily on the episode, but in the end we came to the same conclusion:

It is not up to us who saw it to judge who deserves a second chance or not and yes, to the judges based on evidence.

, it was a very different drama from what I watch and always in the second episode of all the stories I was extremely heartbroken because I realized that the story doesn't end after the trial, after all, the victims and the families will always suffer about what the minor offender did.


Read More",소년심판
6,"It takes a village to raise a child…
A tale of a broken system and juvenile crime.

Who is at fault when a child commits a crime? Juvenile Justice tries to present the complexity of the issue, and for the most part, it succeeds (as much as a fictional drama can). It presents kids as both the victims and perpetrators, rightfully pointing out the roles are not mutually exclusive. It shows the effects of neglect, bad or lack of role models, abuse.

A small group of people trying to do their best in the system that does not support their efforts and does not protect the people it was created to protect. While showing the gruesome reality, it sticks to a more positive, but still realistic approach. Often justice is served, but only in the frame of the current juvenile court system, that for many is not harsh enough.

From the first, till the last episode the drama does not fail to keep the tension high, keeping me on the edge of my seat. The cases are not one dimensional, showing different sides and perspectives, at times, leaving me with only one conclusion: everyone failed - the parents, the teachers, the judges, the kids themselves.

The plot and presentation wise, the only thing that it lacks in my eyes is the context some of the kids were in. What pushed them to become what they are? What could be the possible motives for their actions? What behavior was a norm in their house? These are the questions I hoped to get a more elaborated answer for than a short note “abused by step-father” in the case file.

Moving back to the positive aspects: I appreciate how we do not get an outstanding character development from any of the main cast. They all made mistakes, they all got carried away by their emotions and fears. That said, how they handled Na Geun Hee’s character by the end of the show left me with a few things to desire. Did not buy that arc, which might have been the result of the lack of the screen time.

Acting wise - no complaints. For a show full of the younger cast, all kids and teens did an amazing job with presenting their characters. Especially impressed by Lee Yeon. To present a believable acting of a teenage boy, when she is a  years old woman, must have been quite a challenge.

As for the production, even the opening scene made me love the visuals of the drama. The dark and cold tones used throughout the show intensified the gloomy atmosphere surrounding tacked topics.

Trigger warning - the drama presents quite a number of scenes showing child abuse. They are not short, they are not vague.

, as long as you can handle child abuse and exploitations of children, this is a drama most people should watch. Understanding that kids are capable of doing evil acts is a first step to figure out how to prevent tragedies from happening. Turning a blind eye and giving excuses is not a solution, as it gives only one message: no matter how drastic measures you will take, no one will care. Supporting them through their struggles while punishing for the wrong actions should become a standard.
Read More",소년심판
7,"""No one's living a fairy-tale life in this world""
A drama that tells really good stories about all the broken souls of adolescent and the unleash of atrocity at young age. Humans could be born that way in their nature, or it could be induced by various societal issues, though the latter part of the drama highlighted more on the selfishness of irresponsible adults. The drama also poses serious questions on the judicial system and the effectiveness of the law and order in its juvenile act. This is why the drama works brilliantly as it reflects a highly detailed sad and torn reality beyond fixing.
Was this review helpful to you? Yes No",소년심판
8,"An Interrogative Insight Into Juvenile Crime, Though Often Delving Into Melodrama...

American philosopher John Rawls famously claimed that justice was the 'first virtue of social institutions'. However in societies where corruption has often taken root and the liberty of ''justice as fairness'' is not always possible, then how can ''justice'' be achieved?; This is ultimately the root question of ' Juvenile Justice'.

Set in the heart of the justice system, the ten-episode series focuses upon the court proceedings at a court for juvenile delinquency. Sim Eun Seok ( Kim Hye-Soo- ‘ Coin Locker Girl’, ‘ Signal’ and ‘ Hyena’) is an elite juvenile judge infamously nicknamed '' Judge Max"" in Yeonwha’s juvenile courtroom. Despising young criminal delinquents, Eun Seok's draconian methods have earned her widespread respect and criticism by the families of the prosecuted and colleagues alike.

However Eun Seok comes across her polar opposite and foil Cha Tae Soo (Kim Mu-Yeol- ‘ All Bark, No Bite’, ‘ Bad Guys: City Of Evil’ and ‘ Grid’). Tae Soo principles justice as taking a ""benevolent and fair"" stance towards the accused and criminal cases. As the drama progresses, viewers are offered certain insights into contrasting moral and ethical stances on crime and punishment.( In particular presented through the contrasting beliefs of the main leads.)

Kim Min Sook is likely unfamiliar to a lot of viewers picking up 'Juvenile Justice'. For those unfamiliar with the lesser-known screenwriter, Min Sook's previous work has included titles such as horror-flick ‘ Hansel and Gretel’ () and slice-of-life movie ‘ Notebook From My Mother’ (). Similar to the screenwriter's previous projects, 'Juvenile Justice' attempted to strike a balance between sentimental melodrama and unflinching tension with differing results.

It is important to point out that 'Juvenile Justice' did offer an intriguing insight into conflicting morality and ethical values. In particular, Eun Seok stance upon justice verged at times upon what one could define as deontological ethics ( actions are either "" bad or good"" due to the rules or the laws in place by an authoritative system rather than the emotional subjectivity of each crime), while Cha Tae Soo valued the stance of consequentialism. ( The consequence or outcome of one's conduct are the complete basis for outcome and morality.)

However while the series did offer certain opportunities for viewers to understand this complex setup and the differing approaches taken by both characters towards criminal cases, this is admittedly where we could often hit a rut with the criminal cases of 'Juvenile Justice'; the sourced morality would come from a particular bias towards Eun-Seok.

While admittedly this isn't out of the question for a series and does not always provide that the main leads' personal stances are right, it did become notable as the storyline progressed that there was a somewhat preachy approach by screenwriter Kim Min Sook towards "" all crimes being wrong"" without always acknowledging when Eun Seok was in the wrong.

Ten episodes may not seem as though it is a long period of time for character-growth to occur or be explored. Of course as the series does progress into the final stages of the narrative, viewers do become aware of Eun Seok's past as well as her arguably corrupt stance upon deontological ethics ( from personal and subjective circumstances). However, it is undeniable that while we do see Eun Seok being challenged by her views and perspectives, particularly through her moral opposite, Cha Tae Soo.

Yet rather than sometimes offering leeway for Eun Seok to reflect more upon her views or reevaluate certain stances that she has adapted ( the classic example being outside the courtroom when she threatened to run over the mother of a prosecuted assailant after she pleaded to take mercy on her child), Tae-Soo would often be labelled as overly “ambitious and naive” by Eun-Seok rather than as an equal. Kim Min Sook seemed to place heavy emphasis on Eun Seok's ideologies, tacitly endorsing them even though they may not be entirely captious is quite another.

Of course there is also the debate surrounding genre pitfalls in a ""crime and punishment"" drama. This was exemplified by Chief Judge Kang (Lee Sung-min)'s viewpoint that cases should be downplayed and not subject to public knowledge. Due to Eun-Seok's involvement as an infamous judge and the media attention towards difficulties faced for the juvenile court irrespective of their crimes. Effectively as a consequence for Eun-Seok having to rely on investigating a case through external sources, Chief Kang would scorn the female lead for her actions. ( Although interestingly not due to the fact that Eun Seok had no legal ground or right to play detective. Interestingly this was not raised by the series, instead often casting Eun Seok through her reliant usage of deductive reasoning.)

Of course it is wrong to entirely fault the series per say. Kim Hye Soo is admittedly brilliant as main female lead Eun-Seok. For those familiar with Hye Soo’s previous projects, ‘ Juvenile Justice’ is admittedly a somewhat typecasted role for the actress, but similar to her previous projects, Hye Soo offered a cool, complex and charismatic charm that instantly drew viewers to her onscreen persona. Costarring alongside Hye Soo was Kim Mu Yeol. Whilst the actor is perhaps less familiar to some viewers , Mu Yeol delivered an equally solid performance as main male lead Cha Tae Soo; a judge with a heart of gold. In addition to his performance, Mu Yeol possessed good onscreen and platonic chemistry with his costar Hye Soo; helping to add a touch of heartfelt drive towards their onscreen characters’ partnership.

The supporting cast were admittedly decent. Whilst some line deliverances could feel somewhat inconsistent at times, these performances were still watchable. (One of the most outstanding performances in the series came through Reyn Doi's performance as schizophrenic teen Baek Seong-u.)

Nevertheless the execution of ‘ Juvenile Justice’ was admittedly limited from the outset due to its duration of ten episodes. Surprisingly the narrative does make an impressive effort by enforcing a lot of complex topics such as murder, mental illness, domestic abuse and corruption appearing in the series. On the other hand a lot of those “ prominent” themes were only implicated upon a surface-level in the plot. There is an intriguing interplay of crime and procedure within 'Juvenile Justice' but often this could fall victim to a repetitively tiresome setup in later episodes. This would typically consist of a violent or lurid crime occurring, Eun-Seok playing Sherlock Holmes after facing abject scorn by Chief Judge Kang, Eun-Seok would come across the case and face a conflicting opinion from either Kang or Tae Soo, before passing her own judgement, often regardless of the circumstance or individual, in order to '' serve justice''. This wasn't particularly a bad approach per say and did offer some brilliant moments for Kim Hye-Su to show off her talents, but it could often highlight a grating tone when it came to the moralistic messages of ' Juvenile Justice'.

Under the directing reigns of Hong Jong Chan ( ‘ Live Up To Your Name’, ‘ Life’ and ‘ Her Private Life’), ‘ Juvenile Justice’ offered an odd accumulation of slick and professional editing and camera shots, as well as somewhat insipid focuses and palettes. The OST is sparsely used in the series; dramatically placed in order to intensify tense or sentimental scenes , but lacking an impactful coup de grâce during tense moments also.

‘ Juvenile Justice’ attempted to offer viewers with a tense and twist-filled procedural drama. The series offered opportunities for viewers to seek differing moralistic and philosophical opinions and a dynamic performance by main actress Kim Hye Soo. On the other hand despite the gritty and complex edge added to certain viewpoints within ' Juvenile Justice' , the execution of plot could admittedly fall victim to genre pitfalls and restricted narrative perspectives.  while 'Juvenile Justice' offered a strong first-half, the second-half admittedly felt weakened by a lack of closure.


Read More",소년심판
9,"A show where judges masquerade as police officers
I am not exactly sure what genre this drama is supposed to be. Legal? Police procedural? Thriller? And in all honesty, I don't think the showrunners know either. This drama tries to be all of the above yet succeeds at none. The ""police procedural"" parts of the show are horribly unrealistic and do nothing but to detract from the main theme of the drama. ""Judges are not supposed to get involved in prosecution or investigation!!!!"" are words that have been yelled by  senior presiding judges yet main character (Sim Eun Seok) still throws caution to the wind and go on with her own investigations. Despite this, the evidence she obtained through her illicit investigations are still admissible in court! Like what??? I'm not a lawyer, but I sure as hell don't think JUDGES would get their hands dirty or even have the TIME to conduct investigations themselves. And I mean if the judges are gonna do the investigations, why do we even need the damn police? This is too ridiculous. But wait, the icing on the cake is in the last episode. In the last episode, she waltzes right into a baddie's hideout which for some reason, isn't locked and doesn't even have a DOOR to prevent entry. Surprisingly (or not) she gets ambushed and only escapes by the skin of her teeth. Injured and seriously bleeding, she gets into a taxi and makes her way speedily to guess where? HER FKIN OFFICE. I literally laughed out loud. Like ok, the show has consistently portrayed her as an obsessive workaholic (more on her character later) but this is just too far beyond the realm of realism. Not to mention all the evidence in the baddie's hideout was also nicely displayed for the authorities to collect. Just absurd. Parts of the dialogue also sounded like they were right out of a PSA on the social system of Korea, with characters literally rambling on the differences between a social care home and a facility. I get that viewers need some context on Korea's social welfare system but what?! NOBODY speaks like that in real life, unless they are narrating for a documentary. ""Show, not tell"" is a really apt saying that this show should have heeded.

Unrealistic parts aside, I also felt that this show had a lot of unrealized potential. There was commentary on social issues like income inequality, nepotism, lack of funding/resources for social welfare programmes etc but they were all skin deep and didn't do much to explore the issues further. For example, many cases centered on kids from disadvantaged backgrounds committing crimes. Judge Sim comes into court, makes a few holier than thou comments like how circumstances push the kids to commit crimes but at the end of the day, the kids make the decision to commit crimes themselves. The end. Next case. They could have done more with the material by portraying kids from bad backgrounds committing crimes VS kids from good backgrounds committing crimes (nature vs nurture) OR even gone deeper into Judge Cha's story of being a reformed teenaged delinquent but oh well.

This brings me to the next point of the characters. Judge Sim is extremely unlikeable to begin with, and even when her tragic backstory is revealed (they always have tragic backstories don't they?) she is still unsympathetic. She is extremely self-righteous, curt, cold and seemingly devoid of empathy whatsoever except towards the victims. Her stunning lack of empathy was on full display when she confronted her boss about his alleged corruption in the freaking HOSPITAL where his son was warded after an attempted suicide. Yes, as judges, one has to be upright and honest but dude?? Time and place man. Her self-righteousness also spills over to how she treats the defendants and even her colleague Judge Cha who is forced to capitulate to her every demand. Judge Cha is the typical ""nice guy"" who believes in treating kids with respect and believing in them, but Judge Sim constantly steamrolls his every opinion. In their conversations, Judge Sim goes on long tirades about how she detests juvenile delinquents and do not believe they would be rehabilitated, that they need to feel the full force of the law... leaving poor Judge Cha quaking and unable to resist as she is his senior. The show validates this strangely, going out of their way to portray the juvenile delinquents as unrepentant, lying scums of the earth who should be locked up for good since they'll just end up as adult criminals anyway. Makes me wonder if the writer had a grudge against juvenile delinquents or something.

, this show is fairly entertaining but don't go in expecting to be educated on Korea's juvenile court system. The acting is decent, with the teenaged actors stealing the spotlight. Kim Hye Soo was decent as Judge Sim, though she wasn't able to show off her range as her character was mostly cold and reserved. Watch only if you can ignore the unrealistic parts and if you do not mind a show with an unlikeable main character.
Read More",소년심판
10,"A mother loosing her child is more painful than a internal stomach ache
I wanted to rate it higher for its unique plot focus but wasn't enough for anything higher.

Juvenile Justice was a social commentary about the broken legal system of South Korea, its clear through the cases and dialogues, but I felt like at times it was trying to push the narrative too much, ending up with unnatural dialogues that wouldn't even happen in a normal conversation.

In a brighter note, I love how is it showing the reality as it is and doesn't push and tell us to believe who and what are the right actions, this character or occurrance might be wrong, but we realise that this it was actually happens, this the law that we have right now.

Furthermore I love how cases are not sugar-coated and isn't all butterfly and rainbows at the end, there's a quote in the show that goes es ""the law doesn't protect all victims"" our system is based on evidences, without it, justice would also not be found. Also this builds up good unpredictability while showing reality, good job writers!

Kim Hye Soo was the light of the show, such a delight to watch, her eyes speak volumes. Other main casts where also great, can't say the same about exaggerated acting of almost a lot of the supporting cast.

Quite the filler episodes and law drama clichés, felt like it took so long, and that isn't good for a  ep drama, resulting in my low story rating.

I wanted to say it was a masterpiece but i just can't, quite the things that cannot be overlooked, still was a great watch and would recommend it to fans of the genre.
Read More",소년심판
11,"In the world of repetitive korean law dramas, this was unique, heartbreaking, devastating and sickening
The villains were kids and the victims were kids, how more heartbreaking can it get?

The cases tbh I couldn't look at them and if I did I had to keep repeating ""it's just acting"" cuz my heart can't take that much evilness

The fl was a queen. Eventhough I didn't like her roboticness or the need to add a traumatic past to explain why she's so reserved and cold was unnecessary
But I did love her soft side

The ml was a nice cutie and the silver lining to this bleak world

The ml was also a mix of ambition, greed and yet hope
They tried to make fl judge the villain just to show she like any other human makes non perfect decisions


And that the point. Not all verdicts were justified. Not all victims were saved. Not all villains were captured. Law is ""in the eye of the beholder"" cuz there's no real justice
No one knows the whole truth. No one can ever find justice. They can only do their bests. Find evidence. Listen to the hidden stories. And that's a devastating job tbh
Especially with kids. Cuz the real justice would be to reform them. Not all criminals are ""born that way"" but you can't put an end to it even when you know the problem..



I didn't like the cheating crime.. it's literally just a test, people cheat, people steal answers, people buy grades.
I personally preferred my own results, once upon a time a I actually went to an exam not knowing there was one so I hadn't even studied that subject in weeks and someone offered to help but I shrugged it off and got / on my own xD
Another time the exam supervisor saw me finish while another kid was suffering and she came to my paper and helped the other kid. Once I tried to help a friend but it was a lost cause so afterwards I'd pretend I didn't study and sit away from people I knew..
This got out of hand but basically cheating is not the end of life. Stealing, murders, rape, kidnapping, even bribery are worse than school cheating...


In the last ep tho I didn't like how they had to make everything extremely connected and I wished for the verdict of that crime cuz it either needs life sentence or execution.... TT_TT


I loved the ost but I'll never rewatch this
Read More",소년심판
12,"Could've been great
I love law dramas. Law dramas with dark cases even better. Yet, this one couldn't really grasp me the way I was hoping.
There were a lot of horrible cases yes, but they tried to make us feel for the prosecuted and that's were it fell flat. Yes most of the kids wouldn't have committed the crimes they did if they weren't abandoned, abused or worse. When they don't feel remorse until after they get sentenced it's hard to feel for them. There were a few kids that I did feel for, like Seo Yu Ri, but I think that was because the crime she committed versus the things she was exposed to causing the crime was not as bad. But it wasn't really until the traffic accident case (ep-) were I really felt it and that is way to late for a show that is  episodes.

But I'll admit that it was an interesting take to watch a law show where all the crimes where committed by kids. It's interesting to see how horrible of crimes kids can commit and what leads them to make such decisions.

Now there wasn't really any bad acting but I was finding myself not caring for most of the characters, even the leads. The female lead is a character that hates juvenile offenders and we never find out why until the last  episodes. There is maybe  or  hints before then that hints why but that is not enough, causing us to have a lead that is harsh towards everyone for seemingly no reason making it hard to like her. She does show some sort of kindness towards some of the kids which is in my opinion her only redeeming aspect of her character.

Now the male main lead doesn't really do much, he is just there and is kind to everything and everyone. He sees the best in all of the kids and maybe that's what we need in this show. If he also would've been harsh to all of the kids, it would probably be even harder to like this show. I do think that he was one of reasons though why I felt the Traffic accident case so much. I'm not saying I didn't like his character but rather that I don't think he did very much for being a main character.

My favourite character was probably Kang Won Joong, the character that would have been the villain in any other Kdrama. The first couple of episodes he even falls into the cliché path of his type of character that causes them to be the villain. The difference is that he deep down is a good person and even though he does some wrong choices later on, he does in the end the right thing and never truly becomes the so called villain.

Na Geun Hee that doesn't show up until the last  episodes is not a likable character at all. She does show some redemption in the end but still too late in the show and not enough time to be able to like her character.

The music is really good, not a whole lot of soundtrack with lyrics but that is not a bad thing, I'm just used to have Kdrama have like - song with lyrics in its soundtrack.

Now because I don't find most of the characters that likable I don't see myself rewatching this one in the future. I would probably still recommend this one for people that like law dramas though.
Read More",소년심판
13,"Interesting legal drama
There are times I would veer away from my typical drama list and watch something serious. For me, Juvenile Justice didn't disappoint.

With just  episodes, the drama was able to show several examples of delinquency among youngsters. It is a difficult thing, handling juvenile cases. It could make or break a minor's future. I liked how the writer was able to spin different cases to highlight how the judges' decision are made.

The FL's facial expression were kind of bland but as the drama progressed, you will get an insight on how she came to be the aloof, aggressive judge...

Personally, I would not mind another season of this legal drama
Read More",소년심판
14,"Juvenile Court room drama
Binge all  episodes of this court drama went from  to  in its st episode and hasn't stop ?

Kim Hye Soo character Judge Shim does not hold back during her ruling in juvenile court even going out on her own to investigate to the chagrin and some level of respect from her Presiding Judge.
We see cases unfold under the ruling of Juvenile Law in need of restructing....

Each episode hits you in the feels, you'll see cases on Premeditated murder, domestic violence, underage prostitution, school cheating scandal and juvenile defense victim blaming.
This series is heavy, HEAVY - Brace yourselves with this one.
Read More",소년심판
15,"Juvenile Crime Drama with Adult Undertones
LIKES: The production was well done, no shaking camera moments to add drama because the acting was pretty good. Good zoom ins, camera angles, etc. Directing was also well done for the most part. There were some evening and dark area scenes, that had just the right amount of lighting, which made me applaud the director. Acting was well done for the most part and some of the supporting characters in each episode could outshine the main leads. The OST was suitable and not too loud or overbearing. Also while this crime/court drama did show some of the procedures, the good and bad of laws, it didn't get too bogged down by that. The first  episodes were really good, but the last  seemed a little less engaging. I wasn't as excited about the next episode, like I was in the first half of the series. For the most part I really liked how Kim Hye Soo delivered the character of Judge Shim Eun Seok.

DISLIKES: Some over-acting when doing emotional scenes, but no one too annoying or too often doing that. The second half of the episodes and conclusion, weren't as interesting as the strong beginning. I didn't feel like there was true character growth for any of the leads, but that might be due to the limited episodes and hence time. Also when trying to give the back story of Eun Seok, the drama of the ex-husband and his mother (parts) really weren't necessary.

Over all it was a decent story, interesting and I watched the whole thing in one sitting. I would recommend watching it and rewatching it, because it makes us think about our choices and actions in respects to how it can effect others. A solid /.
Read More",소년심판
16,"Maybe from this drama what I can appreciate is only the type of case,, other than that there is nothing,, in my opinion, the storyline of each case is very slow and boring, even though the duration is no more than  hour, it feels very slow,,use speed x is not enough

The use of professional terms is not understood, although it is often discussed, the way the law works in this drama seems unclear in my opinion, a bit difficult and dizzy when watching, especially subtitles with words that are difficult to understand, a bit dizzy

In this drama, it tells the weakness of the law, not the strength of the law, the punishment is not proportional to the savagery of the perpetrator

In the case of domestic violence, will prove that who will be imprisoned is the perpetrator, not the victim, the one year sentence was not enough, when the perpetrator was released, it would happen again and even worse.
Read More",소년심판
17,"an unethical legal drama
By an ethical point of view I find this drama truly terrible. I would have not minded if the story was centered on the existence of young criminals, why they commit crimes and how they should be judged but at the end it felt like it was just a propaganda to enforce the punishments for juvenile crimes. What people don’t understand is that even if the judge is the main character that doesn’t automatically mean she is in the right. The premise itself is cringe: “I hate young criminals” it’s not a glorious and smart statement, it just sounds silly that an adult holds grudges against minors she doesn’t know anything about ... it doesn't matter if the kids have serious mental problems or if they steal out of hunger, they are treated ruthlessly because they are ""nullities"". It’s just a very classist mindset bc the majority of young criminals are poor and live in abusive environments. The scene that made me definitely drop the drama was at the end of episode :""it’s true that juveniles are influenced by their family and environment. But in the end it’s themselves who chose to commit a crime.” It’s a tone deaf phrase that she said to -year-old girls who, having no money to buy food, had decided to prostitute themselves. How is it entirely their fault? Isn’t society itself the problem? It couldn’t protect them from their abusive families, it didn’t help them find a job.. then why are the girls depicted as evil? These girls are not criminals they are victims,it’s the society that failed them. But the viewers don’t perceive the judge’s statement as bad bc the script is quite sneaky: it depicts the young girls as rude and violent making the viewers think “well, maybe with this attitude they deserved all of it.”
That’s why I cannot appreciate this drama. It’s objectively well done with good actors but I can’t accept the message behind it.
Read More",소년심판
18," gripping juvenile cases in just  hours that both entertain and enrich mind and soul
""I have nothing but hatred for young offenders""
""This is just the new grim reality of juvenile crime""
With such opening lines, Juvenile Justice seems a promising drama exploring the mentality and behaviours of young offenders and how to manage them to uphold justice for the victims in today's society, and this drama did not disappoint.

Juvenile Justice tells  gripping juvenile cases in just  hours, of kids committing crimes on kids, throwing shades at the realities and inadequacies of the juvenile act and delicate balance to punish-educate vs protect young offenders, peer pressure, parental responsibilities for their children’s behaviours, domestic violence, rat race in the educational system etc.

Throw in the solid no-nonsense Kim Hye Soo, as the Judge of the Juvenile Court who has nothing but hatred for young offenders, and viewers are in for a very compelling watch that not just entertains but enriches the souls and minds. Some standout quotes for me:

“Everyone makes mistakes. What matters is after. What happens after determines who you’ll become.”
“There’s a saying - don’t steal a candle to read a Bible. It means if the ways are corrupt, the purpose is as well.”

And if only Judge Kang can think and care for his son just like Prof Park #DesignatedSurvivorDays..
Read More",소년심판
19,"Must watch Korean drama shedding light on the realities of issues in Korean law and society
This is one of the best Kdramas of . If not THE BEST and will always be a top tier kdrama in my heart along with Mystic Pop-up Bar, Flower of Evil, and Move to Heaven. This Korean drama has amazing writing, pacing, and dialogue brought to life by top-tier acting and music we have a kdrama that sheds light on juvenile offenders, the leniency they receive, the ubiquitous repeated offenders, and other issues in law and society.

Characters

We have a cold hearted and emotionless judge, who despises juvenile offenders with the philosophy that the law is too lenient towards young offenders. Contrast to that we have her colleague, Cha Tae-Ju who is a warm hearted and has a philosophy of rehabilitation of offenders. Each with opposite ideals but the same goal: serving justice, but in their own way.

Examples of the many ways it sheds light on Korean society

My favourite episode of this kdrama were episode  and  where it focused Seo Yu-Ri's case. Seo Yu-Ri was part of a runaway gang and has a history of minor crimes including theft. But when we get to know more about her, the kdrama teaches and important lesson which is a re-occurring theme throughout the show as we see more juvenile offenders: you're a product of your environment.

This child dealt with horrific abuse from her father. But what I loved most about this story is the grandmother. She is good hearted but she discouraged her granddaughter to report the abused because ""he's her father"", how she tried to convince her son to stop, and when she confessed to the police that she raised her son wrong and how his father was also abusive; which led to her son continuing that cycle down her granddaughter.

I know this sound shitty of the grandma but this really touched me because this is exactly the problem with Asian society in general. Hitting your child as a form of discipline is normal (not to that extent) and it is why child abuse is so common. The sentiment of ""respect your parents"" and ""respect your elders"" is also the standard in Asia.

I've never seen a Korean drama talk about truly deep and sensitive issues about Korea like Juvenile Justice does which is why it's my favourite. It doesn't just talk about issues in Korea that everyone is okay with talking about like corruption, or beauty standards; It sheds light on genuinely critical societal issues that most don't want to talk about such as academic pressure and competition, child abuse, forced prostitution, gang violence, juveniles being unafraid of the law because of how lenient their sentences will be and fucking scary they are because not even the law is stopping them.

It's not like some other dramas about law where justice is ALWAYS served (cough, cough, While you were sleeping). It shows the reality and how the law doesn't always protect the victim and those perpetrators do get away or get extremely lenient sentences.

Conclusion

This kdrama is on the darker side of things but if you're okay with it I strongly recommend it! I finally found a kdrama to be on my top tier greatest of all time kdramas through the stories important stories it tells.

/
Read More",소년심판
20,"A little heavy on the melo, but an original take on juvenile justice
It is a common fault for writers to try too hard. To think that the more emotion they put into the writing, the more the viewer will feel it. Paradoxically, it is the opposite.

The art of moving a viewer is to leave enough space for a reaction to arise within them through their own volition. The more the viewer is told how to think and feel, the less they actually will think and feel. This is not just because we all hate being told what to do, but because it is coming overwhelmingly from the outside, pushing against us and closing down the available space for our own response. We need only enough to peak our empathy, then we will naturally do the rest. And because it is not the emotion of the actor but our own emotional response arising from our own understanding, we will feel it twice as much. Knowing where the trigger point is and just how much is enough for any particular audience,is the thing that separates a brilliant director from an average one.

Here, the director (Hong Jong Chan) did the writer (Kim Min Sook) no favours in overplaying the melodrama. Trauma does not automatically lead to excessive and noisy crying. It can lead to anger, denial, confusion and often numbness and silence. This range of responses can also be utilised by a good director to emphasise the horror of a situation but they were not featured in this drama. By the time we reached episode , character after character was either crying or wailing in a string of consecutive scenes that became less and less effective as they rolled by. The result was to distance me rather than draw me in. Which is a pity because this was a powerful drama and had the potential to be more so.

 also plays an important part in evoking emotion, and here the swelling orchestral music was way too heavy. There was far too much of it, it was far too loud and far too emotive. I found it oppressive.

Having said all that, there was much to appreciate in this production. The characters of the two leads are interesting and well fleshed out. Kim Hye Soo and Kim Mu Yeon gave convincing performances. They represented opposite ends of the spectrum in terms of their attitudes and judgements. It was a wise choice not to have them as adversaries but genuine colleagues who maintained respectful regard for each other. This gave an opportunity for a more rounded viewpoint of the case scenarios, and highlighted the ambivalence that is always present. It meant that the focus remained on the ethics and morals of the action and was not diverted by inter-personal conflict. As a result, there was plenty for the viewer to reflect on.

The treatment of the young people also aimed at more realism than is common in k-dramas, especially in terms of their language, behaviour and attitudes. At times there was confronting material to watch but it was never gratuitous.

This was a deliberately victim-centred presentation and constantly emphasised the impact of anti-social and violent behaviour. As most court and crime dramas are heavily focused on the perpetrators this was a refreshing take on things.

A lot of the dialogue was educational in tone. Some of it out of character for the professional environment it took place in, but not so much that it was irritating. It was forgivable in the circumstances as the juvenile court is rarely depicted and little understood. As a piece of social commentary the show was very successful. As a drama, slightly less so but well worth watching.

Read More",소년심판
21,"(+) amazing performance from the cast. para pemeran utama bisa dibilang ngga punya visual 'sebunga' aktris/aktor muda yang lagi digandrungi, tapi gimana yeee jam terbang gabakal bisa boong. emang beda pemain layar lebar mah.
(+) penulisan dan penceritaannya apik tenan! hubungan dari kasus satu hingga kasus terakhir mulus banget, pengungkapan backstory para main lead juga alus. detil sebab akibat dari segala sudut pandangnya lengkap. cakep dah pokoknya, rapih.
(-) dua episode pertama udah kece dan solid abis dengan pace yang satsetsatset, tapi sayang kesananya pace udah mulai kendor jadi berasanya agak lama gitu.
(-) sinematografinya oke, tonenya juga cakep, tapi ada satu yang cukup mengganggu karna sempet kenotis; cgi waktu lagi di mobilnya keliatan banget ???
Read More",소년심판
22,"'Anyone can be a victim'
Now I get why this drama is said to be underrated because its first episode did not disappoint.

This might a fresh plot for law-related dramas since it sheds light on the juvenile cases or delinquency. How crimes committed by young offenders are something to still be tolerated rather than be corrected from the start.

You might hate Judge Sim for being a maxim court judge and her skeptical attitude but going through the episodes you will know why her personality is vital in keeping the courthouse impartial.

This drama really talks about the pressing issues on adolescence, the conditions or household that pushes them and facilities that rectify their mistakes.

I recommend you to watch it and learn from it that having a child is a responsibility for anyone who chose to have them.
Read More",소년심판
23,"Sometimes law can be so crucial not for the criminal but for the victims
The concept was really new to the kdrama world so people should watch this to know more about young offenders if you are going to watch this drama for thriller so i will not suggest you to watch this because more than a Thriller juvenile justice more focus on the concept of how a crime committed by young offenders can really Break the victims but law are there to protect the criminals not the victims the show was really good
The first case really broke me like how can a child murder another child this brutally and the other cases were also really emotional
Was this review helpful to you? Yes No",소년심판
24,"Children need attention
This series has become one of my favorites, without any effort. I have always appreciated the detective, detective and investigative series, but above all series that take place in court. This series amazed me, the best I've seen.

The protagonist, Judge Shim (played by Kim Hye-soo) is simply perfect, she has a very interesting approach to dealing with ""young criminals"" and gives them the right lesson to grow at their best. The backstories of the various characters are treated very well and manage to make you empathize with each of them, from the protagonists to the tertiary characters.

I highly recommend this series, it is very interesting and is perfect for a marathon.
Read More",소년심판
25,"High Mighty Judge
The drama was interesting to watch. But come on now what judge is going to do what the leading female does in a real-life scenario. She was so vocally about her boss removing himself from his son case, although he did cross the line, but she does the same not willing to remove herself. She had a high and mighty attitude about her, she right and no one else, opinions matter but the female judge. The system is shown how it truly is, it not as equal has people think. The law does always serve justice. The other lead male judge had a good heart, but he is a rare find in the court system. I like how even after she treat her boss the way she did, in the end he still tried to help her. Because she could have gone to him and not just forced her way into seeing him at the hospital.
Read More",소년심판
26,"Family is the basic unit of society
“They say it takes an entire village to raise a child. In other words, a child’s life could be ruined if the entire village neglects the child.” - Shim Eun Seok.

What a great show! Great story, excellent casts and I think we need this series to show us how every decisions, actions and words, could affect not us but the people around us. That every actions there's a corresponding responsiblity included.

We should always take into consideration the things that we will decide to do. That as an adult, we should always reflect how it would affect younger generation. Also, that family is really important and that when you become a parent, you are responsible in shaping your child on how to become a responsible member of the society.
Read More",소년심판
27,"Hard topic done well
I found this drama highly realistic and truly informative about a problem most first world countries have - juvenile delinquency, and the inadequacies of the legal system to combat it. I myself retired from DSS which is social services in the US - and I had teens coming in for help with medical (pregnancy too often!) & living help. Kids who came thru the foster system & were flung out on their own at . Kids from bad or indifferent parents. Kids who were thrown out of their homes for not conforming to the morals or religions of their parents. Just heartbreaking.
This drama had as the central character a woman that I did not like at all. She had no business being a juvenile judge in the SK system as portrayed, because of her constant 'I hate juvenile offenders' spiel. Nope, nada, not acceptable. However, her journey was imminently worth watching. She overcame her prejudices and gave fair & impartial judgements, trying her best to help these kids on a path away from crime towards being productive citizens, despite their parents and their home situations. I very much enjoyed the way she went after the truth, like a terrier, thru-out.
Now, I do have a huge problem with that first case. A young teen (???) who is schizophrenic???? WTF???? That psychopathic older teen used and manipulated this vulnerable, MENTALLY ILL child, and he had no business being put in the penal system at all. He needed psychiatric care, pure and simple. However, this really highlights for me the big problem SK seems to have in regards to mental illness - somewhere reform is needed. Lord knows, the US has areas (huge ones) where a ton of reforms are needed, BTW. In fact I'd say it's possible that the SK legal system overall is more efficient than the one here in the US (not a huge achievement). But the way mental illnesses are ignored is just insane.
I did not like the way the chief judge was treated by the main character, BTW. At no point did she ask him when he found out about his son - which makes a big difference. She exhibited a very holier-than-thou attitude thru the entire drama in fact, which made me long for someone to slap her down. Her boss was going to have his career ruined, as he knew when he found out about his son - despite the fact he hadn't a clue the kid & his wife had disobeyed him. That's another problem with SK - the way mere proximity (as in a family member, or someone you know/work with) to a criminal, or to scandal, can wash over one and destroy YOUR career etc! The way the families of criminals, who often have been victims of said criminals themselves, are demonized! This is something shown really well in the drama Come Hug Me.
I really loved the ending case - it showed what her problems were, and wrapped them up well. I could have done without her ridiculous lecture to her superior, which really had no truth in it whatsoever (throwing  year olds in the penal system does not 'teach them' anything except how to be better criminals next time). Those kids needed actual counseling and the kinds of consequences that children need - ie education and a sense of responsibility. Their parents failed them woefully, and it's not the job of the justice department, nor the schools, to give kids this. Both those boys looked to be sociopathic from the start, which is not going to somehow 'go away' by throwing them in jail or juvenile detention. Anymore than schizophrenia will somehow disappear using the same method. However, the older judge did slap her down a peg at least, and both seemed to learn something from this experience.

All in all this was a very worthwhile watch. Acting, of course, was top-notch.
Read More",소년심판
