,reviews,title
0,"#Letsgetdrunk!
Perfect in every single way.

I went into this drama absolutely blind - i saw Eun Ji (who i love since R) and “female friends drinking alcohol” and i thought to myself: this might be nice. And it was not JUST nice. It was perfect. In a span of  unusually short episodes, this drama managed to fulfill each and every single of my drama desires/needs.

STORY - the concept of  friends vs. the world is not unique. We’ve all seen at least  dramas with such theme. But why WLDN feels so good and refreshing?! Most of the issues the main leads go through are not new but the way our main leads carry though the mishaps is so much fun. The writer wasnt afraid to explore harder topics (though oftentimes only marginally or very nonverbally) like depression, lgbt, sex, harassment, patriarchy… this might seem like an explosive/too stacked mix but it was executed quite well in my opinion. And the dialogues were so good!
The drama started with very hilarious and bizarre comedy (imo on par with Chief Kim and Pegasus Market) and then it suddenly slipped into drama with very serious topics. The transition felt almost seamless.

CHARACTERS - at first, the main leads seemed very one-dimensional - weirdo Ji Goo, beauty Ji Yeon, worcoholic So Hee, creep Kang PD. But oh boy, do they all have LAYERS. And such beautiful and interesting layers to boot!
Ji Yeon is one of the most interesting and funny characters i've seen in a drama these days. So unapologetically feminine and over the top. So Hee and her endless inner (and outer) battle with her feelings. And jI Goo - seemingly so strong on the outside but in fact very vulnerable, too. Despite some of their character traits being overexaggerated for entertainment purposes, all of them feel like real complex women who are able to be both strong and weak, emotional, rational and irrational... And their friendship is something so beautifully written and perfectly acted by all  main leads!

OTHER ASPECTS - visually, this drama was so much fun - be it cute outfits for all main leads, nice coloring of the scene/shot, or the food/alcohol aspect of the drama. I am no expert in the field of camera technique, but i quite enjoyed the camera movement. idk…i didnt pay much attention to ost (cause the drama was stacked in other departments) but all the main leads sang a song for this drama and the songs are pretty good!

CONCLUSION - i love this drama so much. I found the finale a little … lacking but i suppose they are hoping for season . The rewatch value is high for this drama - especially early episodes when the characters are only showing their layers and the comedy is just perfect. With this drama i cried both - happy and sad tears (I actually shed so many different types of tears!) so it seems like it will be perfect for a rewatch during the time when one needs to unwind so many emotions. I had a really great time watching WLDN and it gave me all sorts of warm and fluffy feelings!
Read More",술꾼도시여자들
1,"This drama is short, only  eps with  to min each ep, but it was so FULL of content. it was heartbreaking, hilarious, full of life lessons, friendship, romance and even second hand embarrassment xD

honestly, after repetitive sadness, and draggy plot lines, I barely laugh or tear up with dramas, but this made me cry and laugh at the same time!
I envy their friendship so much and I really need to adapt their life lessons.
life doesn't always follow your plans; they all had a different ""job"" they dreamt about yet life had other plans and non of them stayed in the same field.
they thought life was fun and games yet they faced so many different struggles and hardships..

now, I do feel like the stories kinda felt like dejavu, but at the same time it felt refreshing, especially with Siwon as the ML xD
Read More",술꾼도시여자들
2,"#Let's Get Drunk
Started with no expectations at all. The sudden ""I'll try this"" becomes ""I like this!"", that's what Work Later, Drink Now is.

A fun, and addicting drama. It was nice witnessing ji yeon, so hee, and ji goo with their adventures alone and together. A story of amazing friendship with an ensemble of comedy, romance in it. These three are totally different in terms of personalities. But when they are together, they compliment each other.

The last episodes lack because I wanted more of but it was announced that there was a Season , so we will see our girls once again. There are still more that we wanted to see of them.

I seriously love this drama!

Read More",술꾼도시여자들
3,"Underrated
At first I thought I would be watching three women who will complain with their drinks and I simply didn't want to watch such one dimensional characters. But when I gave this drama a try, I made the best decision.

The three FLs have so much depth to them than they let on in the first few episodes. Their friendship doesn't feel like drama but it feels real, and their behaviour is so authentic when they argue and more than that the female actors have acted so good in their roles.

One factor that might bother few people in this drama is that FLs drink a lot. Yes a lot, but I won't count that as a bad writing here. The show is all about three woman who love drinking. The best thing about it is the FLs don't drink because they have some sad past, they drink because they simply love to drink.

The drama had few heavy topics like death, lgbqt issues which were handled with perfectionism.

 I never thought a web series would be this good. I am badly waiting for season .
Read More",술꾼도시여자들
4,"Thumb up!
This drama is only half way, it still has to finish, but it gave me lot of emotions. Let just say that it makes you laugh a lot, this is what it comes out the most, but it goes beyond that, especially in the latest episodes (--). I think that the genre is easily slice of life, so don't expect a huge plot, but this doesn't mean it's weak, just different. I don't wanna compare this to other dramas, just think about this as its own, it starts really comically, let me says that the cast is really something else, they're really good! Little by little they start showing you what's under the surface, it starts showing that they can go deep without problem. They show why the leads are doing what they're doing and what happened to them so we can understand them better, because the first approach to them could be underestimating. You can say that this goes for every character in every drama and I have to say it's truth, but I'm telling this because I thing these kind of dramas are a bit left out in my opinion because the huge ones, with huge plots are more popular or at least they hit better. So I'd like people to notice this one too, because up to now it showed us really strong themes, I don't want to spoil so I prefer to not go specific and let you be curious about it, but it makes you think about. Personally I ask myself if real life goes like that or not, in my opinion there are so many variants where there shouldn't be, because no one should be penalized to do the right thing or to be themselves, but anyway they show us that believing and following yourself and your thoughts even if it's gonna bring you ""troubles"", it's better that betray yourself.
So, don't let this drama slips your watching list :)
Read More",술꾼도시여자들
5,"The Reasons to Drink
What are the reasons for a drink? Maybe when you are happy, sad, with friends, colleagues, tired, stressed or simply for fun. Work Later Drink now, captures all those special moments between the three female leads and their lives. Now I do want to mention that the show is rated + and more for the mature audience because there is sooooooo much alcohol and profanity that goes around the show. There was a profanity/curse scene in the show that went on for like  minutes straight that even I was shocked at what was said and how long it went. There is also mentions of s*x here and there, but only quick  second scenes and touchy subjects around Korean Society. The reason this show was such a great watch for me was because it was very similar to 'Be Melodramatic'. The show was not just about alcohol, but about the deep friendship/sismance between the three female leads and how much they care for each other while having different personalities, upbringings and goals. They continue to support each other in time of need and at times what is the best way (?)... coming together and drinking until sunrise.

Quick /Plot
The plot is around the lives of the three female leads. Each episode is on the shorter side about - minutes long and the story interwines between each character where when something is happening to one of the leads, the second or third will come into the picture later on. There are individual story streams for each lead and also a broader ongoing plot for the cast. The show is somewhat slice of life, but on the other side of the spectrum using alcohol and profanity to solve the problems.

Quick /Characters
- ASH is a writer for a variety show. She is the link/bridge in the sismance, holding the other two together. She previously had to deal with an unfair workplace environment and now she needs to deal with the odd PD KBG and her relationship with him.
- HJY is a yoga instructor. She is definitely the odd one in the trio, saying/acting in weird ways that often depicts her as 'empty headed'. But she is actually the most attentive out of everyone and is covering it up by the way she acts and speaks. She has the most open relationships.
- KJG is an origami youtuber. She is the strong girl-crush with the way she speaks and dresses, but the most introverted. She is the protector out of the friends, where she will run/support the other two at times of need. The silent guardian. There is a reason why she became an origami youtuber which is explained second half of the show. Her relationships are often closed.
-- All in all, it's a show about three alcoholic women drinking all the time, having mukbang and sometimes doing crazy things while drunk :D

/OSTs
The OST album was okay. Unfortunately, not too memorable because I was so absorbed in the story and interaction. Only music I can remember playing is either at the start or at the end of the episodes.


This show is definitely for light watching at night where you switch off and watch for fun. There is no serious epic plot going on and how the show is played/shot also shows that. Quick  minute stories and then moving onto the next. Would definitely rewatch again when I need something to fill for a night.

Why my current rating ()
, the drama was a good watch for light mature fun viewing at night. There were so many unexpected and emotional scenes that drew me in even more. At times I would be laughing in one scene and then later on, holding my breath anticipating what would happen next. Props to the writer team in capturing the range of emotions in the short  minutes. Also because the show is rated +, the writers could freely talk about touchy subjects which was also great to see. The casts were also perfect match where they could freely act out their character's individuality and traits. In the end, I did not anticipate how much I loved the show, was really a surprised how much a gem this was and would most definitely watch Season !
Read More",술꾼도시여자들
6," BFFs
I chanced upon someone’s comment about this drama being very nice indeed and so, I decided that I’d give it a go. After all, it’s just  episodes and about  minutes per episode. I’m so glad I watched this!

What I liked:
- the  girls were crazy but still very relatable
- the tight friendship amongst the three where they could count on one another
- friendship where their individuality is recognized and they don’t have to pretend to be someone else
- every episode deals with one thing and every episode feels complete
- slice of life drama which shows that life has up ups and down downs
- leads who are easy on the eyes
- story is fast-paced and actually, rather moving and even meaningful at times
- I was drawn into the show and really wanted to go on from episode to the next

What I didn’t like:
- nothing much other than Choi Si Won’s awful beard - thank goodness he shaved clean later on

, I highly recommend this drama. It’s a slice-of-life fun ride of sorts which, despite some episodes being heavy (about death and serious illness), is a great watch! Watch it!!
Read More",술꾼도시여자들
7,"A story of  working women who enjoy Soju as their beloved husband

We, An Soo He, Han Ji Yeon, and Jeng Eun Ji take you, So Ju , to be my husband, and I do promise and covenant, before God and these witnesses, to be your loving and faithful wife in plenty and in want, in joy and in sorrow, in sickness and in health, as long as we shall live.

After the holy matrimony, they drink and eat every day after returning from work and live happily ever after.
FL- An Soo Hee, is a reality show writer who works with the eccentric PD ML- Kang Buk Gu. Their relationship is the story's main plot, which is nothing new but refreshing.
FL- Han Ji Yeon is a stunningly beautiful, light-headed, and overly optimistic yoga instructor.
FL- Jung Eun Ji is a tomboyish youtuber with a darker background than the others.

The characters are very close to fictional-manga-like types, which are extremely rare in real life but still make logical sense. The score would be  out of , with  being a very realistic character, such as one in Misaeng, and  being a fantasy character, such as one in Goblin. This is to be expected given that the show is based on a Webtoon.

I like how the story alternates between past and present for character development.
The materials are not new, but they keep you going and keep you watching.
In most cases, I'll give a  out of . But because I am an anime fan, these stories and characters appeal to me. I give it a  out of .
Read More",술꾼도시여자들
8,"Drinking buddies
Work Later, Drink Now ()

What a wonderful surprise!

Likes
. The first  episodes the girls were drinking so much, i felt drunk just watching them drink and drink and drink. Later on i got so used to them drinking i was numb, and even wanted to join their drinking binge. They drink not just because they love to drink, but it's also their way of coping with all the pressures and pleasures in life.
. Episode  captures the  characters' personalities just through their drinking habits. And having #KimJiSuk cameo was perfect. Jiyeon is the crazy fun (embarrassing) friend and Sohee is the friend who always have work. It took some time for me to warm up to Jigoo because she is serious and silent but she's fierce and loyal and will be the first to protect you when needed.
. I love their friendship! They have gone through so much, from heartbreaks, death, work issues, illness and they are always there for each other, no matter what happens or where they are. I would love to always have my fave bar where i can just spend the whole night chilling with my fave people.
. I thought the story will be light and fun but their stories just got deeper and serious after each episode. Ep - were the saddest.
. Choi Siwon as Kang Bukgu -just like Sohee, i think his character is disgusting but he's so soft, that you can't help but like him eventually. Now if only he stops being a jerk.

Dislikes
Not much. Each girl has their flaws, even Bukgoo, but then who is perfect? I want to see more of their stories in season ! I hope we get more scenes with Mr. Nice paper. I think he's a sweet addition to the crazy group.

Rating: /
Read More",술꾼도시여자들
9,"Soju wrapped up in a show...
This drama is about % drama, % soju commercial. Sometimes Soju will be fun and sweet while other times it will taste bitter and if you drink to much at once it will just not be fun... But this will not give you a hangover so it is a lot safer than actually drinking soju.

While the bingabilaty is low and there are a bunch of annoying high pitched elements, and some really awful crying scenes the show is fun, has great food shots, it is fresh shows great friendships while sneaking in an issue or three to the mix of episodes without having to much depth...

All in all an enjoyable watch and I am in deed looking forward to seeing a season two of this. I hope they will talk a little bit quieter and not have to cry as much in the next season though.

Read More",술꾼도시여자들
10,"“Work Later, Drink Now” Review: Exhilarating, Heartbreaking And Fun
TVING has found massive success with “Work Later, Drink Now,” and here is a review of the drama and why it deserves the attention it has gotten.
When I say “Work Later, Drink Now” is one of the best kdramas I’ve seen in a while, I mean it. I am so upset at myself for not recognizing it sooner but thankfully I did, albeit a bit late.

I’ve been hearing people talk about “Work Later, Drink Now” a while back and I didn’t pay much attention to it, right now, there are many kdramas on the big channels that I must pay attention to and I nearly neglected this one. I am glad I ended up seeing it.

“Work Later, Drink Now” wrapped its run last month. I’ve binge-watched it and completed it in a day, its only  episodes and each episode is roughly  minutes so its a shorter format, which works wonders for the drama.

TVING has kicked  with good dramas and honestly, thus far, they’ve released good dramas, this is arguably their best creation to date.

FYI, “Work Later, Drink Now” has found massive popularity in South Korea and contributed to TVING gaining mainstream attention, subscriptions to their service have seen a huge surge.
.. 》Initial impressions vs. final impressions《..

“Work Later, Drink Now” premiere didn’t honestly have the nicest introduction in my eyes, the drama almost romanticizes the idea of alcoholism and makes light of the heavy drinking problem the trio has, this felt a bit too on the nose at first, luckily, the drama picks up and tackles other interesting topics that go beyond what you’d expect from such a show.

“Work Later, Drink Now” is a life drama, its about many things and the drama manages to touch on many issues Koreans suffer from without it becoming too heartbreaking to watch, there is a mixture of happy and sad that is so well-balanced I was pleasantly surprised by that. It is not easy to achieve such balance but this drama does it with ease.
...》The plot《...
“Work Later, Drink Now” centers around a trio with different personalities who get together to drink at the end of a hectic day. The drama shows three women who live drastically different lifestyles getting together at the end of the day to share food and alcohol.
The drama also goes through each individual story and each one of them has a very complex story. Each character is crafted well and brought to life by the actors’ performances. At first, each character falls into an expected archetype that goes with such types of dramas. As the drama progresses, those same traits are properly explained, the characters are no longer D but D.
The drama doesn’t shy away from talking about an array of sensitive topics in Korean society such as suicide, LGBTQ+ rights, sexual harassment, sexual assault, mental health issues and more. But such topics don’t up consuming the drama to the point that it feels like they’re trying to deliver a message whilst forgetting about the core of the story. The drama remains fun and relatable.

One of the strengths of the drama is that past experiences are not only used as props for an episode to pad the run time, issues and happenings with the trio are explored throughout the drama’s run time and it was nice to see them incorporated beyond just a storyline for an episode.

...》Performances and chemistry《...

“Work Later, Drink Now” wouldn’t have worked this well if the cast wasn’t doing such an amazing job. They’re truly marvelous in their roles. The one that stood out the most was obviously Sunhwa.

I’ve seen her in dramas before but never like this, her performance here is one of the best performances by an actress this year, across the board and I’ve seen a lot of kdramas this year. At first, I hated her character, she was so annoying but the way she played her, she was simply stunning. She stole the spotlights many times.
Everyone else did a wonderful job, they truly did well with the casting this time.

The chemistry between the trio was great and their bond felt so real, I could see they got along pretty well with each other, the girls themselves said so too.

“Work Later, Drink Now” seasons  is getting discussed, and honestly, this is one of the very few kdramas I’d love to see return with a second season. It’s truly kdrama at it’s best. I hope kdrama creators watch this one to learn what works and what doesn’t.
Read More",술꾼도시여자들
11,"Good Enough
Korean Drama ""Work Later, Drink Now"" is a heartwarming drama about a beautiful friendship.

With some romance, enough comedy, and the right amount of drama and tragedy to keep it real, the drama was short and enjoyable. It has a lot of drinking, yes, but it is more than just three girls having a good time. It has some crazy moments, along with a realistic plotline and a smooth outcome. The choice to add some of the previous moments of the three friends was a smart choice, however, it messed up the timeline and, sometimes, it even confused the story. Still, the dynamics between the girls were strong and that might carry the drama to a possible second season.

As for the performances, everyone did a great job with their performances.

So, overall,  out of .
Read More",술꾼도시여자들
12,"Concise
Dec. , 

Work Later, Drink Now is a very interesting story filled with love, laughter, and problems about the truth about human life. I love how this show highlights many problems. All the characters in the show are lovely. Especially our lovely  female leads, they are such goals. Just because on how they unfold and show growth throughout the series. I really wish they have a sequel because I really am invested in the series. I feel like there are more things that the directors can do. So hoping for season !
Was this review helpful to you? Yes No",술꾼도시여자들
13,"Initially, I didn't really think I liked this drama. Not for the reason most people would suspect (the over-drinking), but because of the main characters. They are...not very likable in the beginning. They came across to me as rather selfish and self-involved and self-destructive (not to mention just weird). But once I got through the first few episodes, the more I came to realize that my first impression was very wrong. I slowly came to understand them and empathize with them and like them until I found myself watching the next episode then the next episode then the next until I'd finish the entire series, and now I'm eagerly awaiting season .

Work Later is somewhat reminiscent of Be Melodramatic, which came out in , and truthfully, I think Melodramatic paved the way for dramas like Work Later to exist. Melo was not a ratings hit when it aired and was a risky drama to make to begin with because of its tone and storytelling style, but I think it definitely made an impact on the Kdrama landscape. Both dramas share some common features. Atypical Kdrama female leads, addressing some heavier topics, don't rely so heavily on tropes (Work Later does use more tropes than Melo), and a story about -something/late 's women that isn't strictly romance but a more rounded look at their whole lives. But Work Later is much more comedic in tone overall, even if coupled with some very emotional plot points. I also think the characters in Work Later are more likable than the leads in Melo. I would be more likely to be friends with the Work Later girls.

As Choi Siwon's character, I saw some comments on MDL describe him as creepy, and for the majority of the drama, I didn't get those comments at all. His character is a slob, most definitely (although that changes in the latter half of the series), but he's not exactly a creep. More so just...weird. His sense of humor is strange, and his mannerisms/approach to things equally so, but his behavior never made me uncomfortable. Of course, he makes a mistake in the final episode that would definitely make him look like a perv, but that's later explained in a small moment at the end so that you realize he wasn't intending to come across the way he did. He's just...an odd sort, as they would day.

There are going to be potential viewers who are concerned with the amount of drinking in this drama, which is a legitimate concern. Most of the heavy drinking happens in the first  eps, ep  and  especially, but it does tone down significantly for most of the rest of the drama. They do definitely drink way too often and often too much, but I read an article on Soompi where Eun Ji (who plays Ji Gu) says she saw comments of minors saying they wanted to start drinking after watching the show, and her thoughts in response to that were 'No, don't do that. That's not what the show is trying to tell you.' So I think it's fair to say that this show isn't necessarily attempting to glorify drinking culture, just trying to show the lives of these three women and Why they drink so much. But it's understandable if some won't be comfortable watching people drink themselves under a table, which does happen a few times.

What is unexpected about this drama, is its overall tone. I expected this to be mainly a comedy with maybe some heartfelt moments sprinkled in, but there's a pleasantly surprising amount of heavy drama. What's so surprising about this is the way the story incorporates these two genres. It has a unique way of shifting between comedy and drama, and by unique, I mean we'll be in a comedic scene and suddenly, we've jumped into a very dramatic moment (realistic dramatic, not melo). That sounds bad, but it's very well-done, and I never felt pulled out of the story or like the two genres didn't mesh with one another. It actually made me like the drama more.

If you're concerned by the drinking, I say get through the first  eps and if the drinking is still too much, then you should probably drop it. But if you like drama's that are both full-on comedic and full-on hit you in the feels, then this is a good drama to watch.
Read More",술꾼도시여자들
14,"Worth the watch
I was surprised to find myself thoroughly enjoying this series. The  female leads have a great camaraderie and you feel as if they truly are the best of friends even in real life.

Can't help but compare this to the new drama, Thirty Nine, since it is also about the friendship of  single women. Started watching that one and found it a bit boring. Also, after seeing these  here in Work Later Drink Now, the other  pales in comparison. Not much chemistry there.

Still halfway through but I am already looking forward to season .

Was this review helpful to you? Yes No",술꾼도시여자들
