,reviews,title
0,"I went into this expecting it to be just a chill, casual watch. Predicted I'd end up rating it like an  - not bad, but not stellar. HAH. I was wrong.

This drama.. Where do I begin? Phenomenal acting aside (which, I mean, look at that cast, they did fantastic), the story was amazing. I saw so many people saying that they knew nothing about baseball but were still enjoying the show. Why is that? Because the show isn't actually about the sport, it's about the people. What made this drama so great was that it was heavily character driven. You don't have to understand the mechanics behind baseball management because you understand the basics: if the characters get what they want, you're happy for them, and if something bad happens, you hurt for them. Each one of these characters were so special, and the writers--round of applause to the writers, folks--were able to take characters that you didn't care about or that you actually disliked and made you root for them. That is skill right there. The bond between the staff and the bond between the baseball team were addicting. And the twists and turns, and watching them build up this team from nothing was so thrilling! And to top it all off, there were some really great messages woven throughout the drama.

I'm going to miss these characters so much. I know it's a hopeless dream (pun intended lol), but I would love for them to make a season two.

/ would recommend.
Read More",스토브리그
1,"This is not strictly a sports drama. It's a political and power-struggle drama that is happening in a baseball profession setting. I know nothing about baseball, but I was never, not even once, confused about the plot because of my lack of expertise. So, if the minimum interest you may have in sports is the reason you are on the fence whenever you should watch this show, rest assured, it’s far more than just baseball.

It has one of the best varieties of different characters representing different viewpoints. The supporting cast is not just a background for the main character to shine. They all have individual stories to tell that are well incorporated into the main plot. As much as they are shaped by Baek Seung Soo’s decisions and actions, he himself is also affected by people around him. It’s an amazing group dynamic that makes you care for every and each character.

For a drama focused on the sport, it deals with a lot of different, important topics like: women in positions of power and workplace, nepotism, disability, patriotism, family versus work. All in a really natural and not “in your face” manner. This way you can enjoy the depth of the story without feeling lectured and patronized.

The cast did an amazing job in bringing these characters to life. While I’m not the biggest fan of Nam Goong Min, I loved him in the role of Baek Seung Soo and I could not picture any other actor playing it. While at the beginning Seung Soo was a bit mysterious of a character, and it was not easy to figure out his motivation, as we progress more into the story, we can discover how gentle and simply good of a person he is.

I also truly enjoyed how much of a loser the main villain was. He was not this powerful, all knowing, smart and cunning mastermind. He was a power hungry man who was willing to give up his integrity to keep the social status he was able to achieve. Extremely scared, extremely cowardly, extremely desperate.

It had its fair share of character development, making me, by the end of the drama, love a character that I despised at the beginning. We see a truly natural and gradual change in our main character, as he slowly opens to people and is willing to let go of his fears and struggles.

, I thought it would be a sure drop from me, and I gave it a chance only because I adore Park Eun Bi, and yet, I enjoyed every second of it. The strongest point of the drama is for sure the amazing cast and set of main and supporting characters. I fell for more than one character and will come back to at least rewatch some scenes from time to time.
Read More",스토브리그
2,"A simple yet addictive drama
I never believed that I would love this series so much. Just started to watch this only because of Nam Goong Min and the first two episodes were never my cup of tea. As I'm not a baseball fan I thought this series would be too much for me. But I was wrong. This gave me a complete insight of what I'm seeing and never felt confused in any episode. At the same time, this is not a simple sports story where we would get to see the worst team winning the league miraculously with a single guy's effort. It dealt with everything that a manager needs to handle in a sports team but in an interesting way. The side story of the players, workers and the General Manager blended very well with the story and I love how each and every character is unique.

After first few episodes, I doubted that this will deviate into what trauma that ML had and some office romance between ML and a colleague but this series never took that beaten track and gave a nail biting story in its own way. I love how it never felt episodic despite it has many side story lines.

The Main thing I loved in this series is how they explored most of the characters in this drama. They didn't simply explore the leads but also many side characters and I love each and every character development. Most importantly those character developments never felt preachy in any way. I began to understand the characters I hated at first and I loved the realistic choices that certain characters took.

Being a fan of Nam Goong Min, I will remember his role as Baek Manager for a long time. Though I started watching this for the sake of Nam Goong Min's acting, fell in love with the whole Dreams team. Seeing the entire Dreams team was surely a breeze.
Read More",스토브리그
3,"This is no overstatement when I say that this is my favorite drama to date (gotta change my profile now). There is little comedy or romance, but it is satisfying and the ending is like nothing another drama has ever done before. I don't like baseball but I still think that this is the most worth-your-while drama ever.
For those that prefer comedy to destress this may not be great but whenever the Dreams achieve a goal you feel like you have achieved one too. The greatest underdog story in a while.
Please give it a try Nam Goong Min never disappoints and this screenwriter is a gem (one to keep for the ages)! Lots of Love (just finished watching on V-Day).
DramamaRamama / on the MC scale.
Read More",스토브리그
4,"A hidden gem!
This drama hits all the right notes. Folks who trivialize saying 'this is Moneyball version of K-drama' are grossly downplaying the depth of this show. There is so much happening in each episode. The first episode instantly sets-up an intriguing plot and every episode unravels something interesting or tackles a deep rooted issue.

Although its set against a Sports (Baseball) backdrop it isn't simply a Sports story. Please don't turn away thinking its a Sports drama. Infact there is hardly any on-field action through its  episodes length. It focuses more on the management side of the team and the problems that pop-up after years of under-performance. Along the way you may even pick up few useful tips on topics such as negotiation, presentation skills and general management.

What I loved:
- Great storyline (unusual and unlike anything I have seen before)
- Fantastic acting (Namkoong Min is a Korean treasure, however he was aptly supported by Eun-bin Park and others)
- Good explanation of important Baseball stats (on Viki) and not dumping lot of numbers on our face (easy to follow for a novice like me)

It's a pity so few people have watched this drama. It deserves much more recognition and love.

Go Dreams!

P.S. There is no romance in this drama. Just so you know ;)
It also won the Baeksang Arts Awards for Best Drama for the year .
Read More",스토브리그
5,"What else can I say about this drama? This drama was such a masterpiece. This was my first time watching a non-romance sports drama, which was probably my least-interested genre for a drama. I wasn’t that interested in watching this drama, but their achievement from winning the th Baeksang Awards as the ‘Best Drama’ made me more and more curious about what’s new and different from the rest of the nominated dramas. Most dramas I’ve finished watching has a rather boring first three until four episodes. But, Hot Stove League is different, the first three until four episodes were triggering, making us mlre and more interested in the upcoming episodes.

The casts were awesome, their acting were all excellent. This drama mainly focuses on friendships and the management strategy for a losing baseball team, and by watching this drama, we could always learn to always strive for something eventhough it may seem impossible.

, a / wouldn’t be enough to rate this drama. I’ve been blown away by amazing scenes and amazing acting that was shown in this drama. We hope to see Yoo Min Ho and other baseball players (with those awesome visuals hehe) again if possible. THANK YOU WRITER-NIM AND ALSO ALL OF THE CASTS FOR DELIVERING SUCH A BEAUTIFUL DRAMA. ⭐️
Read More",스토브리그
6,"Hey Alexa, wait—I actually don’t have Alexa. Hey Google, play Nao’s Saturn because I need my emotional support album STAT. I can’t believe that this beautiful show has ended. I am in awe of how much I really enjoyed this. I don’t like Baseball—it is my most hated sport. I just find it so draggy and boring that I thought for sure I would despise watching a show centered on a baseball team. However, for a drama centered around Baseball there wasn’t many times that I felt lost in the narrative. Matter of fact, I may even go as far as to say that I have a new found appreciation for baseball.

At the surface the story seems very simple this failing baseball team gets a new manager that will help their performance, but it was so much more than that. We were introduced to a variety of topics that were dealt with in such a delicate and believable manner. All the adversities that this team went through, I felt so connected and like I was going through them as well. This story is told with a lot of small problems getting resolved with the overarching issue. This type of storytelling helped with the connection to the characters as the characters that I hated in the beginning I grew to love. There was a stretch of episodes that I cried for every time. I felt a strong connection with each character, while many dramas make it hard for you to even like the leads. The only thing that I would have liked to see more of in the story would be a deeper exploration of the women’s lenses in this drama. I do feel like we could’ve used a bit more cohesive development for our female lead.

The acting in this drama was very well done. Namgoong Min is a great actor. He does a really good job no matter the character. Pair that with a strong script and you really couldn’t go wrong. I decided to watch this drama initially for Park Eun Bin because she is someone who I enjoy a lot. I thought she did a good job with what she was given. Oh Jung Se was also quite believable with his character. I felt the range of the emotions that he gathered whether it be humiliation, shame or a bruised ego. The side characters all did their job very well, but naturally, my future baby daddy Chae Jong Hyeop, stole my heart with his dimples. I LOVE YOU BOO.

There is no romance in this drama. At least not in the traditional sense. So if you’re in the mood for something romantic, this is not the drama for you. Instead, if you want a truly heartwarming and diverse story that explores themes of nepotism, disability, loss of a child and more then give this a try.
Read More",스토브리그
7,"don't put Hot Stove League on the back burner
I seem to be on a Namkoong Min binge lately, as i just finished Chief Kim and watched his episode on I Live Alone not too long time ago. I can't help but to compare his character in Chief Kim and our GM Baek Seung Soo, who can't be anymore different but at the same time gives off those heartwarming vibes.

As a non baseball fan, i literally know nothing about baseball and simply put my trust in Namkoong Min and decided to give Hot Stove League a shot, which I am definitely glad I did. There is a lot of baseball terminology thrown around but you don't really need to pay too much detail into it (i did google some out of pure curiosity though). The story follows the ups and downs of the back office of the worst pro baseball team in Korea, ironically called Dreams. Our new GM BSS has a golden thumb, who is able to bring various sports teams to first place, just to fall to their demise and disband. For this peculiar skill, he is hired by the parent company of Dreams, who has been wanting to dismantle this failing investment of theirs. For his tragic past and his peculiar career record, BSS believes his actions or simply, he, himself is the reason for the demise of everything he touches, whether it be personal or work related.

Going from Chief Kim to BSS, I just want to give BSS a giant hug. He carries the responsibility for everyone and everything on his shoulders, all alone. His time at Dreams, our lonely GM learns the importance of forgiveness, letting go, and second chances, and of course, the importance of a team. In our stove league world, i only hope BSS would be able to smile more going forward.

At the beginning, our strong minded operations manager, Lee Se Young, seemed to be the sole survivor that continues to work at Dreams with a burning passion. I love how she does not take any smack from anyone who reminds her that she is a female in this male concentrated workplace. Her fond childhood memories of spending time with her father watching the Dreams play is what keeps her going. To me, this was no surprise at all but for some reason was unspoken until the very last episode in the last  mins. There were many mother daughter scenes that I actually thought did not hold any importance. To me LSY did not have much of a character arc or story because from the very beginning, she was always very well rounded.

I think the character that had it a little too easy was the Head Coach. He is a man of very little words and if i may dare say, a coward. His inability to lead his very divided team of coaches was a major reason for the team's downfall from their glory days. Deep down I know the Head Coach is wise and has very good intensions, which you can see from how he was willing to blow the practice game in order to help Minho get over his slump. However that time at the police station and the trade situation, he chooses to simply keep quiet time and time again. At the same time, I understand very well that in life, the path less traveled by is definitely easier said than done but I hope he learns that there are many people who care and are willing to listen with open ears. Of course explaining your situation does not excuse your actions but it gives someone the chance to understand and possibly even forgive.
Read More",스토브리그
8,"It’s a homerun!
That’s exactly what happened - this drama knocked it out of the park! I might be  years late but better late than never. Being a fan of Nam Goong Min while recently having developed an admiration for Park Eun Bin following her dazzling performance in The King’s Affection, and coupled with the immensely positive feedback, reviews as well as recommendations of how good this is, it’s a no-brainer. What better way to kick-start the new year than with a justifiably top-rated production.

In baseball terminology, the “hot stove” refers to the Major League Baseball offseason, particularly the time around the Winter Meetings when free-agent signings and trades are most prevalent. Hence the title Hot Stove League and the premise of the story, which takes viewers along an absorbing odyssey of redemption and glory with an underachieving South Korean pro-league basement team, the Dreams. Central to the narrative is the newly appointed General Manager, Baek Seung Soo, who has no prior playing or management experience in baseball. Assisting him in this capacity is the fiercely loyal and dedicated Operations Manager, Lee Se Young.

Directed by Jung Dong Yoon, who later garnered even wider acclaim for helming It’s Okay to Not Be Okay a year later, and based on an original screenplay by Lee Shin Hwa in what has been his only drama credit so far. Park Se Jun serves as music director. Principal photography took place in Incheon and Hawaii (for the California segment). The home stadium of real life pro-baseball team SK Wyverns, Munhak Baseball Stadium was used as the Dreamers homeground. Hot Stove League won best drama at the th Baeksang Arts Awards while Nam Goong Min won the Daesang at the th SBS Drama Awards, among a host of accolades achieved by the production team and cast in , particularly for the categories of direction and screenplay.

What I Loved

Truth be told, for me the initial  minutes or so of the first episode feels a little dry and less than captivating. It looks like the typical SBS TV production with the depiction of an ongoing baseball match that appears somewhat confusing, perhaps attributed to too many characters being introduced along with the sudden exposure to the technicalities of the game being played. HOWEVER, the story progressively builds and eventually gains enough momentum that by the second episode, I become completely and hopelessly hooked. Although not possessing extensive knowledge about baseball - the rules, technicalities, terminology and the context of the South Korean league- I do have a general awareness of the team management and business aspects of sports clubs in general, having followed many other international sports in competitive leagues. This definitely helps to reduce the initial culture shock and in enhancing my appreciation for the plot.

Hot Stove League is one of those rare dramas that is both character and plot driven. The plot isn’t merely about a team of underdogs “being saved”, in the mould of typical sports-related stories. There are countless details and sub-texts imbued in the storytelling that involve what happens behind the scenes of running a professional club or the wheel-and-deal nature of player trading. In addition to the sport itself is the business context that features numerous boardroom battles. The multifaceted power as well as team dynamics feature conflicts and rivalries in various forms - among players and the management team; between players, coaching staff and back-end operations staff; even among the owners themselves and finally between competing clubs. There is literally so much going on with a myriad of intriguingly complicated characters who demonstrate an abundance of unpredictability in their trajectory to the final outcome of the story. This drama certainly isn’t lacking in curve balls being pitched into the plotlines as well, pun intended.

The most important ingredient of the drama and the key factor that holds all these elements together is the ML himself. Everything revolves around him where he is the true catalyst that sparks the entire drama to life. From the nuanced characterisation to the inner workings of his shrewd and strategic thought process in reviving a failing franchise and attempts at resolving neverending crises, while struggling with personal turmoil from the demons of the past that continue to torment him. The elaborate storytelling is utterly fascinating and riveting!

Nam Goong Min. What a sublime and exceptional actor he is and his performance here is nothing short of a tour de force of what we have come to expect of him yet incredibly never ceases to amaze me. I’ve always enjoyed his captivating roles over the years but his portrayal of the Dreams General Manager, Baek Seung Soo shall no doubt leave an everlasting impression on me. His qualities have always been a bit of a trademark that only he can project - that languid style of speech, the mannerisms and body language, the conviction of the acting, the artistry in his extensive range. All the hallmarks are apparent even in his recent transformation for the spy drama, The Veil. This is an extremely hardworking, intense and extraordinarily talented actor. Despite the entire cast doing well in their respective roles, Hot Stove League wouldn’t be the same without NGM at the forefront.

Park Eun Bin is my second reason for watching this and she doesn’t disappoint. Although no one can take away the plaudits for NGM’s leading role, she holds her own quite well as a supporting character that very much contrasts her take on a crossdressing monarch in The King’s Affection. Energetic and inspired as the first female Operations Manager in the baseball industry, Lee Se Young. This is a remarkably versatile actress who convinces every time in varied portrayals and settings. Also deserving of mention is Oh Jung Se who appears again on my watch list after last year’s Jirisan. His role as club chairman Kwon Gyung Min is compelling indeed and his approach for tackling one of the more complex characters in the drama is one aspect that I truly enjoy, in addition to the rather tempestuous nature of his interactions with NGM’s Baek Seung Soo.

The drama features countless familiar faces littered throughout either in minor supporting roles or guest appearances. The more impactful presence comprise Jo Han Sun as Im Dong Gyu, Ha Do Gwon as Kang Du Gi, Yoon Sun Woo as Baek Young Soo, and Lee Yong Woo as Robert Gil. There is even time for a surprising cameo from Lee Je Hoon in the last episode.

The production quality is quite decent where the camerawork and editing for the baseball games sequences are well executed. Hawaii provided more than a few breathtaking vistas during the California scouting arc, particularly through the use of aerial cinematography for a sweeping shot of the countryside. The soundtrack features five tracks ranging from the upbeat intro theme to melancholic vibes.

Lee Won Suk 이원석 - Cue Sign 큐사인
Kevin Oh 케빈오 - Mind
Oliver 올리버 - As the Cold Wind Passes 찬바람이 스쳐가며
Kim Tae Hyun 김태현 - Another Day is Passing 하루가 저물어 간다
Savina and Drones 사비나앤드론즈 - DOWN

Final Thoughts

There is much to love about Hot Stove League. Regardless of what I would consider as minor flaws in production quality which could have been better executed, there is no detracting from what has been truly justified plaudits for this drama. Now that I’ve seen it in its entirety for myself, I absolutely concur with the majority of the mainly positive reviews. It may not be a masterpiece, but it certainly is very close to being one. What a great start to the year with a fantastic drama!
Read More",스토브리그
9,"An engaging plot (twist) driven drama
Plot twists and cliffhangers are front and center of Hot Stove League (Stove League). Sherlock-esque, the Main Lead (Baek Seung Soo) solves each turn, mostly on his own, with the big reveal happening after the resolution. Just through pure storytelling, the drama delivers quite an emotional punch, which is surprising given its subdued character development. Do not let Stove League go under your radar with its compelling and heartwarming message.

:
The realism and relatability of the niche topic of off-season baseball highlights the main strength of Stove League. No challenge seems ridiculous, though some resolutions are a tiny bit far fetched. There is a real feeling of distress with each downturn and a huge sigh of relief with each problem solved. It makes the drama easy to look forward to on a weekly basis.

The only drawback is that so much time is spent on presenting and solving each issue, which leaves little time for other types of character development. Sherlock is Sherlock in each mystery, and Baek Seung Soo remains true to his style throughout the show. The lack of character growth is worse for the female lead, Lee Se Young, who mostly gets dragged through BSS’s antics. Luckily, the “main” side character of each plot arc gets significant development in comparison. This is doubly true for the antagonist, Kwon Kyung Min.

Acting:
Tight storytelling makes it easier for the actors to play their role while weak character developments hurts their ability to shine. Baek Seung Soo’s past frequently appears on screen, and the actor Nam Goong-Min admirably plays his past-self well in contrast to his present character. Unfortunately, Park Eun-Bin’s character does not get enough opportunities to perform. Even supporting characters get more character development as their arcs are completed over the course of - episodes. In that sense, the supporting cast did a great job of acting given their window to shine. Oh Jung-Se especially left a good impression by the conclusion of the drama.

:
At first, the music of Stove League seems bland, but it grows on viewers with each re-listen. The musical cast leans more on Korean rock than kpop or kballad. The change is refreshing. It somehow blends effortlessly with the plot and premise of the Stove League, akin to the fight songs or victory songs of real-life sports teams.

:
Stove League, as mentioned, is a solid watch, especially as it aired, but it does lose much of its shine when the outcomes are known. On the other hand, the feel good nature of the overall message cannot be overstated. So, I will recommend another hardworking drama, Chief Kim, which shares the same male lead and a similar character vibe (i.e. talented and misunderstood) as I fondly remember Hot Stove League.
Read More",스토브리그
10,"Great ..
The drama never gets boring. We see problem after problem in the team... right from the players, coaches, management, ownership.. and how our ML deals with those problems..

I rarely watch non-romance dramas but this one was worth it even without a single romance scene.

I was disappointed with the ending especially where they show the last game of the team.. But I guess, this was a good ending considering the storyline and it perfectly makes sense.. why writers ended it that way..
Was this review helpful to you? Yes No",스토브리그
11,"This drama keep you on your seat.
I know nothing about baseball and politics, if that make sense. But this drama totally informative even for noob like me. The acting are totally top-notch, I mean you have Nam Goon Min, Park Eun Bi and Jo Byung Gyu in one drama. ByungGyu and Eunbi are my fav actor/ress in .

The story line was good too. In every episode you will be introduce to new politics in baseball and new information on how does baseball work bts.

Will definitely recommend this to everyone. Ill add this to one of my all-time fav drama.
Was this review helpful to you? Yes No",스토브리그
12,"Before watching this drama I knew nothing about baseball and did not even understand the rules. After watching the drama, I still don't understand how it works. But, the fact that I enjoyed it regardless tells a lot about what kind of drama this is.

Hot Stove League is not the kind of drama I usually watch but I wanted something different, and it was !
I found the fact that there was no romance really refreshing, I think it makes the drama more realistic and keeps the focus on the working aspect, which the drama is all about. I especially liked the relationship between the main characters. I felt they portrayed the complexity of work relationships very well, from being reluctant to welcome someone new to feeling like a piece is missing when someone leaves... They build their relationship through their work and slowly become more than colleagues. The chemistry between the main trio was great but also with the secondary characters. The Dreams felt like a team from the top to the players.
I also liked how the drama focuses on different jobs, from management, to the coaches, to the players. It is not a world I know a lot of so it was interesting to learn more about what goes behind the scenes in sports.

But they were some things I didn't like. I could not feel any sympathy towards Kwon Kyung Min even though the drama tries to justify his actions. So I felt frustrated during his scenes and only wanted to fastforward. It was very different from Im Dong Kyu whom I hated at first but came to understand.
Also, I would have liked to see more of the relationship between the brothers. I felt the second part was lacking in this aspect (well, it was non-existent), when they should have shown its development.

All in all, a drama for those who want to learn more about this kind of workplace and enjoy watching a team trying to achieve their Dreams ;)
Read More",스토브리그
13,"There is no such thing as a small task
For someone who is considered a foreigner to Korean culture and lifestyle, I have come to realize that baseball, considered as American’s favorite past time, has now become a big part of their lives. As they say in this drama, who in Korea can avoid baseball?

Despite the many terms and jargon on this drama, it is easily relatable and easy to understand. Yes, there might be a challenge in reading through the translation and at the same time concentrating on the analysis part to go with the whole flow of the story, still, Hot Stove League is a very good drama. Deserving of its % ratings.

I have come to appreciate our male lead Mr. Baek Seung Soo (Namgoong Kim) when he appeared on an award-winning Korean variety show, I Live Alone Episode . He had shown the clips where he needs to go to Hawaii to shoot for this drama. Then he had dinner with our supporting male actor Jo Byung Kyoo, who also has his life story of being alone featured on the same variety show. Byung Kyoo plays Han Jae Hee, assistant of the operations manager, Lee Se Young (Park Eun Bin).

This is somehow a refreshing change of genre for me and I wasn’t disappointed at all. Reading the long conversation has its perks as I watch the whole intriguing plans, all those strategizing and for everything to come in full-circle is just so worth your time. I recommend you shifting genres from time to time. I will always be the fangirl of rom-coms and love stories but I also need to hype up my brain once in a while.

I have to applaud the antagonists in this drama. I wonder how some of the characters could stir up vent-up emotions that you wouldn’t know you have all along. They are good actors in that sense. Witness Oh Jung Se (he played Sang Tae in It’s Okay Not To Be Okay) in a different role here, far from his role in IONTO.

POINTS TO PONDER. There are always two sides to a story. One should always listen to both.
Read More",스토브리그
14,"Namkoong Min finally won his Daesang with this drama!!!
""You’ve already dreamed of so many things and are fighting to protect them. It just so happened that I became one dream that fell off. Please don’t lose the others trying to pick me back up. You won’t be able to protect all of your dreams. You can’t break down like this every time. Thank you for letting me have my own dreams even for a little while.""

This drama goes in my list of life dramas one must watch. I was expecting a sports drama so I was apprehensive when I started watching it but it's actually about the management of a baseball team. I thought it would be boring and that I will eventually drop it but the script is well written which kept me hooked. The story is gripping and heartwarming and uplifting and there were a lot of times I found myself crying (crying is cathartic for me lol). On top of the script, the cast are all great at acting... there were no acting holes. I highly recommend this drama!
Read More",스토브리그
15,"A political/power-dynamics-struggle/sport darama done right.

+The cast and character development were top-notch that I could understand and root for every character by its end.
+Brought up very delicate topics in a workplace without unnecessarily lecturing or patronizing the viewer.
+Every episode was a joy to watch, from the finely scripted dialogue to the delicate situation Baek Soo and The Dreams find themselves in. The way they took themselves out of it is meticulously and logically written. There is no single moment I felt the writing was getting lousy, draggy, or lazy.
+The emotions it depicted and the emotions it embedded in the viewer are just so real. In many instances I found myself wanting to go inside a scene to hug a character, shouting loudly GO DREAMS!, and my heart pounding when Seung Soo is taking a risky decision or Kang Do Gi is pitching.
+KANG DO GI ❤️
+Lee Se Young
+The teamance and camaraderie between the management team and the players.
+Reminded me of some of my fav characters in dramaland:
Seung Soo's quietness, competence, assertiveness, but how we came to know-how of a good person he is reminded me a lot of Jun Wan in Hospital playlist and made me wonder how will Seung Soo be among his rly close friends.
Kang Do Ki's passion and devotion toward baseball, hard work even admitting it's not merely talent, straightforwardness that can be seen as clumsiness, respect to all others around him even if he's the big star he is, how he never gave up on the Dreams reminded me a lot of Kim Je Hyuk from Prison playbook.
-I LOVED it so much that couldn't find any pet peeves in it that even its imperfections made it perfect for me.

""A fan might not remember how his fav team got defeated three times in a row and how devastated he was with that defeat, but will definitely cherish the cold day he came with his father to the stadium and how warm and delicious the fried chicken they took back home"". Lee Se Kyung
I can relate a lot to Se Kyung's statement and how we can cherish some sports games, movies, series, books because they're related in our minds with nostalgia, warm family memories, and the instantly smile and joy emotion they bring up.

I'll really miss this very engaging, heart touching, and a well-done gem of a drama❤️
It was my happiness sponsor(along with warm cups of chai) during these mid-term exams, due dates, and the stressful autumn season.
Self-note:
Finished in  days, watched during the Autumn remote-learning mid-term season. It accompanied me, warm my heart along with cups of chai. Watching it was a true stress-reliever. Even I had to ditch hw an assignment for it, I didn’t felt guilty doing it bc I rly enjoyed every second of it. Well, still turned hw in time haha.
Read More",스토브리그
16,""" Stove League "" is the Chief Kim of sports.

Honestly, stove league was not for me. I didn't get entertained, and a few of the stories kept me interested. However, taken in consideration that maybe it wasn't my cup of tea, I'll review it without taking that factor in mind.

So, the story was interesting, as they presented the way the team was trying to get the Dreams, aka their baseball team. The stories were mostly humane, and the fact that they didn't add any unnecessary romance to it was a delight. The performances were really good too from all actors and actresses of the cast. The pace, presentation of the sports and training process, as well as the poster, were nailed to perfection.

So, seven out of ten.
Read More",스토브리그
17,"What a ride
Rating this gave me a hard time. That's probably because I didn't see as many baseball scenes in this drama as I'd wished for. I do get that it's more about the people's growth and how things might work in that industry. But seeing some more games to let me root for the players I've grown to like so much would have been nice.

Nonetheless, it was still a great drama with an awesome cast and plot. You can somewhat guess, where the story is going after watching the first episodes. A sports team, that loses all the time. Of course there must be some heavy problems, right? Baek Seung Soo (NGM) starts to root out the foul branches one by one. He persuades you that it can really work and you start to cheer for the team to get up again. But well, it's a drama afterall, so don't fool yourself. There are the higher ups who don't want him to succeed, no matter what. And so additional obstacles are spread just when you think everything runs fine.

Nam Goong Min is without doubt a terrifying actor. I always prefer the silent roles because they show the actors' real capability. Baek Seung Soo (NGM) was one kind of a silent character. He seems apathetic, not caring much but still determined to achieve his goal. By no means is he cold though. He has that little brother he's living with who is tied to a wheelchair, and you can see that Baek Seung Soo does care for his family. He's also smart, perceptive and cunning. I've only seen a few other characters who were as calculative as him and I'm happy that the writing and NGM's acting convinced me of these traits through and through. For example, whenever his character came up with his next move, he was of course faced with anger and a strong headwind. But he fought his battles with calmness and evidence based reasoning.

He takes most blows without complaint, instead he works on other ways to still get the results he needs. But when he's really, really pissed (or cornered or just overwhelmed), his nonchalant demeanor breaks for like two seconds and you discover his well hidden emotions. It might be glimpses, but NGM gives them a deep impact. It almost scares you how much he can bottle up and then release.

In the early episodes it seems as if he's just doing a job. Well, that might be true. But as time goes by, he realizes that there are other people, who are as determined as he is, and in a subtle way, he unintentionally creates bonds without knowing it. I kinda suspected from the beginning how his character would be wrapped up work-wise. Even though I might not have suspected anything at all about his growth as a person, something was expected nevertheless. Otherwise the drama would have failed its purpose.

The rest of the cast did good jobs themselves, they supported the leads very well. There was always enough back story to make their characters three-dimensional without giving too much side info. It was enough to either reassure you, so you can name your league of good people, or deceive you, to make surprising twists possible.

The alleged villain... Oh, well. You start from liking him to disliking to hating to... Let's say he's a difficult one. Of course, it gets explained why he's doing what he's doing. You just wish for him to break that damn cage, he's gotten himself into. He definitely grew as a person ultimately, but he still has a long road ahead.

What I found hard at times was to follow the technical jargon. I like baseball but I'm not an expert. While it makes sense for them to talk like that when they are surrounded by their people, it would have been nice if they had somehow made their evaluations more comprehensible. I want to cheer them on so badly, but how can I do that, when I only understand half of it.

The few baseball scenes were like honey. Even though there weren't that many, they did those really well and managed to show off a bit. I enjoyed them so much because they were a nice change of scenery (and I'm always in for a nice game).

Conclusion:
An overall powerful drama about a lone 'ranger', who stands tall, no matter what, who meets a defective baseball team that's in a real mess but opposes the unusual methods of their new general manager. Both sides surprise you in unexpected ways and will sweep you away with a new found team spirit.

So, don't miss out on this one ;)
Read More",스토브리그
18,"A Sports Drama Without the Sports, Probably for the Better
It's no secret that sports are a traditionally a difficult subject to make movies about. Their oft repetitive nature and potential reliance on various sets of information and jargon can lead to uniform plots (like in many western films) or necessarily exaggerated depictions (like in the common sports anime). It's likely for this reason that this drama in particular opted to move away from a depiction of a sport itself but rather into the management of said sport, a truly unique approach. Indeed, it's most common that the management behind sports teams are often the villains of the sports world and rarely the heroes. This fresh- and potentially brave- perspective lends the drama elements of unpredictability and intrigue that serve to make it as captivating as the first drama you've ever seen; that is to say, before you'd experienced that onslaught of trope recycling in every genre.

Don't get me wrong, there are tropes present in this drama, the most notable of course being the premise of the show, in which a brilliant man with a troubled past and a jaded attitude appears and makes everyone upset in the process of putting some well-meaning ignorants in their place. (But I promise he's a nice guy, see? He almost smiled!) Despite this admittedly off-putting central theme, the show managed to surpass my expectations and keep me captivated enough to finish it in a few sittings (quite impressive, with my track record). How? A combination of excellent acting, building tension, and a fast-paced plot. All while managing to develop characters with believable personas and backstories. At this point I'd usually spend about eight paragraphs describing each of these aspects in more detail, but I get the sneaking suspicion no one really cares about the minutia of that.

Unfortunately, there were (in my opinion) a few blunders here and there. Besides the endlessly frustrating trope of a man coming in to do a job better than the woman ever could, there's a bit of plot repetition regarding the main character doing something outrageous, everyone getting upset over it, and then them realizing he was right all along. Also, the reasons he was right can sometimes feel contrived, and other times are contradicted by a later scene. You get the feeling that the writers are hoping some of it will go over your head like with many hospital dramas. And, although I respect the character development they did have, and the character dynamics on the whole were excellent, I feel like we could have seen better explorations of the redemption arcs where they were present.

On the whole, however, this was certainly an excellent show. Even someone like me, who doesn't usually touch sports media with a ten foot pole, finds themselves invested in the conflicts and cheering at the victories. Through excellent execution, production, and perspective, the showrunners created an experience that was utterly interesting and sometimes even moving. And, while the exclusion of a majority of the actual sports aspect of the show is initially jarring, it is quickly revealed for the brilliance that it is: a sports drama without the sports.
Read More",스토브리그
19,"I'm finally finish it and strangely without skip a little bit. Usual sport drama usually focused more on the player as main lead and we will watching him growth in the drama. This drama is about newly appointed general manager of baseball team (who knows nothing about baseball) to 'manage' Dreams team that always rank bottom in few season consecutively.

For a drama focused on sport it has different plot with usual sport drama, instead the drama give us another point of view--> internal management of a sport club : GM, operational , marketing , scout , and analysis department. I know literally NOTHING about baseball but this give me new knowledge enough about a sports club such as scouting, trading player, contract negotiation, match analysis.

This is my first time watching Nam Gong Min as Lead character and i enjoyed his stone-stoic-flat character and the lead female too. last episode definitely my favorite, and i was so happy watching Lee Je hon as cameo there, he is something.This drama maybe not flawless but overall I enjoy it
Read More",스토브리그
20,"lovin this drama a little bit too much :)
i love this drama a lot and probably one of my favs so far. idk lots bout baseball, but the storyline keeps me going, curious and want more. why? cause it's not entirely about the sport and its mechanism. it depicts the people behind it, the story of the athletes and their concerns. i love each characters so much, they are amazing especially the male lead. the way I understand him (and all characters), their decisions and actions is just woww lahv even the character that I hate at first, i understand them a lot later on. and the way they work hard makes me want to work hard as well. I cried a lot, unexpectedly. most of them are proud and happy tears, kinda taste of victory :') i love this drama so much and enjoyed every bit of it. do watch it!!
Read More",스토브리그
21,"There’s a reason it won Baeksang best tv drama award
Talent is everywhere,winning attitude is not.
This drama depicts this quote in  wholesome episodes.
So happy to see Park Euin Bin after age of youth.
- Initial episodes show how savage our new manager Baek is . It keeps getting interesting as every ep passes by . You will connect with each and every player of Dreams . With a good pace gives closure for every character by the end. No, you wont get bored at any point in the drama . I had zero knowledge about baseball and it didn’t make any difference in my experience for this ride.
Try  ep and you’ll get hooked to it.
Read More",스토브리그
22,"An unusual twist on sports genre
This show looks like an ordinary show about sports, but this is more than about a sport, its about teams and the behind the scenes of a successful sports club.
The writers have done such a phenomenal job on every character. Each have thier time to shine, thier own story and have thier reasons for everything. By the end of the show you'll love each one of the characters. I'll miss all of them so much!
The whole show is very enjoyable with unexpected twists and turns never a dull moment. You wont be able to really take your mind off the storyline!
The actors have done a great job too! Namgoong min is one of my favourite actors, I love how he switches up alot of roles and does such unique dramas. I also loved watching park eun bin who was also there in age of youth that I very much enjoyed watching! All the actors were remarkable and I'd support all of them in the future :)
I also loved how so many problems in the society are highlighted be it psychological or even physical discrimination, in such a subtle way.
The way the team works and thier motivated and pumped up attitudes are so nice to see. It's so nice to see how the team builds up from the ground level of mess to one of the best teams.

Truly refreshing show that shows a whole new perspective on a sports teams.
Read More",스토브리그
23,"Perseverance is the secret of all triumphs. Nam as usual overwhelmed with his perseverance but mainly with his ability to see and understand that nothing replaces one’s persistence. One can be talented, a genius, educated, even rich but none of that matters without believing. Persistence and determination alone are omnipotent.

And we saw time and time again Nam stay persistent and determined not only to make the Dreams into a winning team but one that valued the person standing next to them as there is no “I” in “team”. I struggled to understand PF's analogy in not taking Nam on as the general manager (if you haven't watched this drama you will understand what I mean once you do) but took it for what it was – a negotiating compromise to a winning situation – a happy home for the Dreams. It was good to see the CEO despite their (his and Nam's) differences finally have the courage to stand up to his uncle and realize he is nothing without his ideals and in the process gained a friend. Love that the episode was light and fun mingled with a bit of sadness but goodbyes are always sad.

I loved this show, the writer, director, cast, Kang Du Ki (my hero) and Nam, always Nam for showing us week in and week out that patience and insistence have a magical effect before which difficulties disappear and obstacles vanish. That’s what dreams are made of, persistence and determination. With that in mind, I resolve to keep my dream of a season  alive, the ending surely left it open to interpretation.
Read More",스토브리그
24,"Wow! This drama... I am honestly at loss for words how this drama gave me such unexpected feelings! I also learned a lot about baseball and how it's managed. However, it doesn't only revolve in baseball at all. It tackles baseball POLITICS which you don't likely see in a drama.

The plot is so unique and refreshing! From the beginning, knowing that Dreams has been a team that lost many times, it feels like it was hopeless for the team to rise up again, until, newly hired general manager Baek Seung Soo, came into the picture. I couldn't help but admire this man. He was calm, smart, and was very witty. I couldn't help but agree to him with every decision he has made because it was all backed up by facts and evidence. I would also like to applaud for his colleagues, Se Young and Jae Hee are the purest and lovable characters and they're the people who actually worked hard in order to achieve their dreams. I definitely loved how the characters and the plot blended so much. There was such a balance between, the pure and genuine characters, and the corrupt and money-hungry characters. I really loved the execution and the flow of how Dreams started as a team that seems disbanded until they were brought together as one.

I have no words for the acting. Honestly, I can't say anything about Namgoong Min because, from the beginning, I knew he'd deliver it well. He exceeded my expectations!! His character was very complex and mysterious from the beginning 'til the end of the drama and that's why he was very memorable and iconic. There were glimpses of Seung Soo's past, to give us an idea of why he has such a cold aura. I would also like to emphasize on Park Eun Bin. This is my first drama of her and I am so happy with her character and how she delivered Se Young. Se Young is someone bright, cheerful, smart, and very hard-working. I literally had no hard feelings for her character while watching and I loved how she blended with Seung Soo and didn't just treat him as her boss but as her friend as well. Jo Byeong Gu was very fun to watch! Seeing him in such a mature role made me root for him to do more roles like this because he can actually portray diverse roles! Let me mention the supporting cast. They were great! I really loved rooting for them to be better in every episode. Oh Jung Se as the CEO was great. I used to see him in dramas with comedic roles, but seeing him in such a serious role in this drama and executing it well, says a lot about how great his acting skills are.

The OST was great. I really love hearing Kim Dong Hyeok's ""Full Power"" in every end credits and it just gives off the vibe of how strong the drama is and because of the OST, you'll root for more when it comes to the next eps.

, the storyline was very refreshing and the acting was brilliant. The OST was very empowering. The whole drama felt so warm and encouraging for each and every one of us to be better and reach our dreams. I've learned so much in this drama and one of them is that success wouldn't be achieved if you're alone. This drama will make you be part of something that you'll actually root for by seeing through their hardships and seeing the people who work behind the baseball team. This drama deserved everything to win the Best Drama for Baeksang Awards!
Read More",스토브리그
25,"I guess I understand why it became the best drama.
I got interested to this drama because I love baseball, and I never watched any baseball-related dramas. I tried to give it a try since it won an award. I tried to be chill while watching it but I just couldn't! haha. I love the acting (I'm not really familiar with the actors, I even thought the players were the real baseball players lol). I love how every character has their own story and their own reason to do such things, not only being overshadowed by the main character. I also like the story line, the character development, the conflicts, it always got me on nerve whenever the problems came, I mean, why it'd be so hard for the general manager to make the team win????? hahaha.

I learned a lot from this drama. I guess I can take some lessons from every character in this drama lol. It really out of my expectation, so cheers to the final / ratings from me!
Read More",스토브리그
26,"they made me want to dream
What a journey. It was amazing. It unexpectedly made me emotional and kind of teary-eyed. You know that feeling when something so amazing happens it feels like you could fly. Just like the name of the team ""Dreams"" it made me feel that again. Not just that, but the plot, execution, acting, writing, cinematography and OST were so well done. It was just perfect. You might think, ""what a baseball drama??"" and even without romance (damn there was no needed and I seriously did not wish for one), it was better than most of your ""most popular"" dramas. Even though this series is quite underrated in the international fanbase, it did quite well in korea, which I am so glad for. It deserves to be recognised. For anyone hesitating: DO NOT!


First off I'd like to say that this is one of the very few (maybe even the only one) dramas that I started watching when it was still ongoing and I finished it. I knew even before I clicked on the first episode that I would love this. But this exceeded my expectations and I couldn't asked for more.
It is not you typical kdrama, you can figure that out from the synopsis anyways, but it was a lot more emotional and idealistic than I'd expected. It was a perfect mix between logical, business-minded plot, but then they serve you a feast of idealistic mindsets and emotional reasoning. Just like how Baek Seung Soo structured his last presentation. It was beautiful. They are not just people that sell, buy and trade players. I don't like serious dramas that much, especially the ones that are some dramatic that I don't know what to feel anymore. But even though this was kind of serious, it had just the right amount of humour and hype without making it loose it's ""flare"".
Seeing the whole managing team develop from being moody, tired, miserable and hopeless to inspired, motivated and friendly, was so satisfying. The way Baek Seung Soo won every single one of them over slowly but surely. But let's talk about Baek Seung Soo. What a man. Nam Goong Min perfectly portrayed him, or even made him (!). He is a genius of few words, someone who works hard, but never brags or talks about it. Someone who is responsible and knows how to analyse data and work with it. He just knows how people work. But he wasn't perfect, and he changed for the better just like he changed Dreams. The subtle savageness of him, I will never forget. I have to say, I enjoyed Mr. Kwon's character a lot. He showed a lot of character development and the chemistry between him and Baek Seung Soo was so nice. I loved their small quarrels! (It was so cool to see that he and BSS are still ""friends"" after he resigned). Also, damn was that satisfying seeing him putting his uncle and cousin back to their places.
I don't think they could've chosen a better name for the team ""Dreams"" it sounds so grand and beautiful. They definitely made me feel that way. They went from being a hopeless team, to be a team of ""Dreams"". Even the word ""Team"" and ""Dreams"" sound similar, but I think I am interpreting too much here.
Even though they left me with a bittersweet feeling, because Baek Seung Soo couldn't stay with them, I am so okay with the fact that his ""image"" of bringing a team to victory and leaves, stays. Even if this image is sad, I can imagine him conquering another sports team.
Lee Jae Hoon's cameo was such a hype moment and boy it lasted for long! I loved that he played a quite important role and ugh I loved it.
Damn I am left so empty but satisfied, I think I might just rewatch it right now!
Read More",스토브리그
27,"Damn I Sure Do Wish I Knew Stuff About Baseball
I know nothing about baseball. I'm pretty sure a lot of people you'll ask who've watched this also don't know anything about baseball.

Yet Hot Stove League is so riveting. The baseball premise and terminology might scare you at first, but I mean it when I say the story and characters are enjoyable even if you know literally nothing about baseball. The baseball terms and game itself are kind of unimportant, dare I say, and you aren't losing out if you don't read up on the sport. It's the characters, their relationships, and the story that drives this show!

Baek Seung-Soo is incredibly pragmatic(frankly, to a fault) and his work is his number one priority. Despite his cold and seemingly unwelcoming personality and wit, he's surprisingly charming. Throughout the show, I found myself rooting for him - not that I disliked him, I was curious as to how the show would handle his character - and every time he solved an issue it didn't feel like a cheap one-solution-fixes-all kind of gimmick. Every time Baek Seung-Soo solved an issue(alone or with others), it was believable and it was so...him. He's not perfect, sometimes you can see him genuinely struggle and just like real life, his attitude is not necessarily well-received.

I think that's one selling point too, the fact that the other characters are actually human, responding to Baek Seung-Soo's attitude much like how any viewer would, especially without much knowledge or context regarding his demeanour. They have their own lives, beliefs, and reasons for doing what they do. Mr. Baek may be the focus out of all the characters, but the writing doesn't neglect the development and growth of the staff, main baseball players, and even the higher-ups uninvolved in the nitty-gritty of baseball and the Dreams.

And what does that mean? Why does that matter? Because it shows HSL is more about office politics, uncaring higher-ups, personal development of characters, and how these characters work to solve problems. It's got baseball,

I particularly appreciate the lack of romance in this kdrama as well. Don't get me wrong, I like relationships and comedic couples in shows, but sometimes I just want a kdrama without the need for driving the plot with romance. Sometimes I just don't care about the ""chemistry"", I want the life stories and the problem-solving. HSL pleases me in that sense, because the characters are work-driven and platonic, focusing on respect and lack thereof. Lee Se-Young is focused on her work and on protecting the people in her workplace, very much like Seung-Soo, and I appreciate that there's no room for romance in their relationship as Operations Manager and General Manager respectively.

ALL the actors have done well, and I loved all their performances throughout this show. The characters you're supposed to dislike, you dislike, the characters you're supposed to root for, you root for. Even the ""good guys"" do bad things, they're not one-dimensional and neither are the ""antagonists"". They're all doing their in-show job, they have their reasons, just like the Dreams do.

This is a minor detail, but one I admire just as much as I adore the rest of the aspects of this show - the sound design. Is that the right term? I'm not quite sure. What I'm talking about is the background music that plays during certain moments of note, like tense moments and high-stress situations. When these situations happen, the music kicks in and it makes me feel the emotion the scene is supposed to evoke even MORE strongly. I can't stress enough how the tense moments made me feel even more tense because of the music, or the heartwarming moments that made me feel so happy and almost drive me to tears because of the song choice and/or background music.

, an enjoyable kdrama. It's up there on my list of favourites, and if I recall correctly, episode  started off strong with a problem that needed solving. It was what made me want to sit through this drama, and I'm glad I did! Give HSL a try, I think its episodes are compelling enough to keep your attention long enough.
Read More",스토브리그
28,"Hot Stove League proves that sports dramas can work!
Just like my headline, Hot Stove League really proves that sports dramas can work when done like this! Hot Stove League made me like baseball, a sport that I never liked until now! A really good story and sub-stories mixed in with a really good cast that seemed to have perfect chemistry with one another right from the start in the first episode until the last second. Hour long episodes rarely feel like  minute episodes and the story make it such perfect material. A few members of the cast, actually perhaps the majority, I had not been familiar with but now I need to watch more dramas with these actors/actresses in! Well done, Hot Stove League! Bravo! Lets go Dreams! Go Dreams Go! Go Dreams! Dreams Go!
Read More",스토브리그
29,"I regret not watching hot stove league any sooner
All in all, it was sooo good~~~ I watch it with high expectations as it garnered the best tv drama on baeksang but wow hot stove league exceeded my expectations. From the plot, the flow, acting, and the storytelling style, /! I wouldn't ask for more. If I were asked to recommend a drama, this would be on the top of my list. No doubt they won a lot of awards at baeksang; from best tv drama to lead actor, to director, and tv script!

I know nothing about baseball but, it does not hinder the comfortable watch. Yes, it is not mainly baseball-centered drama, instead, it was all about the people, business, politics, workplace, power-struggle, building a real team, underdogs climbing to the top drama. Hot stove league is off to the top-tier scripts in the drama world, and it was carried earnestly with the amazing casting and acting on it! It was quite draggy but I'm not complaining about it. Yes, I'm not. Because the flow was so fantastic. The dragging was turned into a very enjoyable watch.

I'm asking myself where I have been because I am missing out a lot about this gem here. I would have enjoyed watching this while it was ongoing...  Great ! Great Acting! Great delivery! One of the Greatest, at least for me~
Read More",스토브리그
30,"Not a sports drama
I put off watching this show for  years until the Christmas break because I'm not interested in sports. However, as other reviewers have stated, you don't need to understand baseball or even like it in order to watch this. In fact, for a baseball show, there's surprisingly few scenes of baseball matches. This show runs along the vein of strategy-based shows where the protagonists use their brains to plot and thwart the plans of villains. It's reminiscent of shows such as Dae Jung Geum, Dong Yi, and Tree with Deep Roots (notice how I'm giving sageuk examples, simply because such shows haven't been written with modern Korea as a backdrop.) which are very machiavellian and leave you marvelling at how they put down the jigsaw pieces and everything falls into place when you least expect it. This show won't leave you warm and fuzzy (e.g., Hospital Playlist, Prison Playbook) but will leave you feeling satisfied. The acting is top rate, even from the relatively young actors. Don't put it off any further, give it a watch!
Read More",스토브리그
31,"Good acting; Good plot.
After reading the reviews on dramalist as well as on other sites, I decided to give this ‘award-winning’ show a go.

From the start, it was intriguing. I am not a sporty person and know basically nothing about sports. However, not knowing anything about baseball did not get in the way of appreciating this drama. As you watch the show, you’ll learn a bit here and there about baseball and you’ll learn more about the sport via googling! LOL.

Watch because:
-acting is very good
-cast fits the show
-show moves fast enough on the whole
-it’s actually quite intriguing for non-sports people like myself because you learn about baseball
-refreshing that it’s not about love lines and skin ship
-heartening to see the players’ love and passion for baseball

The parts that I didn’t like:
-not many scenes in which they actually play baseball but I guess it’s because it’s the ‘hot stove league’
-the middle part became a little draggy imo
-the ‘trying to disband the baseball team’ plot got kind of tiring

, watch this as it’s a nice change from the usual K dramas out there which focus on love lines / skin ship.

I liked it.
Read More",스토브리그
32,"Top tier sports-politics
% politics, % gameplay. I expected a sports, gameplay driven drama but it's mostly political. This may sound discouraging but it's actually the strongest part of the show. It's engaging, very well written masterpiece.

You will feel like part of the stove league post season improvement throughout the show. Every episode tackles all the problems (the reasons they keep losing every year) and important part that leads to the overall improvement of the team, not just the baseball team but most especially the internal people that make up the whole dream team. It's something that you will cherish as you near the end.

It's so refreshing to see a show that let us see what happens internally in a sports team. What can I say? it's certainly chaotic!

Nam Goongmin is an excellent actor. His role as the General Manager was very convincing. Everyone did their part harmoniously.

This is an excellently well-written drama that even for people who don't usually like sports (like me) will surely enjoy.

Read More",스토브리그
33,"Took me by surprise.
It is my first drama with the main lead as Namkoong Min and he nailed it. The acting is superb, at best. I personally like his character. How he deals with everybody and his negotiation skills hooked me till the last episode.

The drama is promising to watch with the theme of 'How to manage a professional baseball team which is lagging in every aspect'. YES, you will get disappointed because there are no hard-core baseball matches to watch. The story is deeply focused on the management side. If you are interested in this you can go for it.

you can watch this free on youtube as well on the SBS channel.
Well, I am not disappointed but yeah it does take me by surprise.

NO, rewatch from my side but I will explore more K dramas by Namkoong Min.
Read More",스토브리그
34,"best sports kdrama so far
idk why i'm late t watch naurrr I thought i wouldn't like this drama but i'm WRONG..no wonder this drama won at baeksang award!!! i love how this drama isn't too focused on the sports but rather have many aspects such as friendship and teamwork between the Dream's player and also staffs. we can also see how realistic it is when it comes to a hardship and problems that occured in the baseball team. plus i just love how savage Mr. Baek are to everyone that dislike him lol

i absolutely love the script. it gaves a lot of lesson and advices. the character?? TOTALLY LOVE IT!! there were some funny scene that made the story more interesting. the acting are realistic and wasn't forced which is another reason to finish the drama. i can say that hot stove league neither a drama that too heavy or too light which is likeable.

i love the friendship between Mrs. Lee and Mr. Baek.. how she always believe in what he did and i think that's beautiful TT PLUS THE MAIN OST IS SOOOOOOO GOOD!!!! I JUST LOVE THE LAST SCENE WHERE DREAM'S TEAM WALKING OUT AND THEN THE OST PLAYED IT SUITED THE SCENE SO WELL BUT ITS ALSO SAD I WANNA CRY ;( AHHHH I MISS THIS TEAM ALREADY WE WANT S
Read More",스토브리그
35,"As a non sport lover, I truly enjoyed this drama to the point that I marathoned it till  A.M.

Brilliant writing and acting. I love how every episode just makes me go wow and I couldn't help myself in clicking next.

Baek Seung Soo and his brother relationships really made me tear up. I feel pity for all the burdens he must have felt. Glad that finally they cleared up all of those misunderstandings.

The character developments of all the baseball players were so satisfying to follow too. This drama made me know that there's this kind of management behind sports club.

Totally deserve the award of 's Baeksang. Cmiiw
Read More",스토브리그
36,"AN UNDERRATED GEM, A MASTERPIECE.
I went into this without expecting that I'll finish the show in just one day, literally. I absolutely know nothing about baseball and I'm def not into sports. But not even once I was confused about the story because of my lack of knowledge about the sport. So if that is what's keeping you from watching this show, then rest assured bcs it's far more than just baseball.

But this drama, wow. Solid writing from the first episode up until the last. Great storyline and brilliant acting. I believe there were no unnecessary scenes or fillers in the story. Each episode is like a piece of a puzzle that needs to be there in order to complete the whole puzzle.

This show is not your typical heartwarming sports drama/film where you see the worst team winning miraculously because of just one person. It's so much more. This show isn't actually about the sport (baseball), it's about the people. The people behind the sport, the management. It's a political and power-struggle drama. It is both a character and plot-driven show. It gives a deeper understanding of what goes on behind the scenes of a professional sports team. There is hardly any on-field action throughout the whole show which I was first worried about.

The cast did an amazing job of bringing the characters to life. Not just the main leads but all of the cast. They all have significance to the story and are well incorporated into the main plot. One thing I also enjoyed is the main villain's character. They had their fair share of character development. Which makes me love a character I hate at the beginning by the end of the show.

It was not a fast nor a slow-paced drama, it just flows naturally. without any boring scenes or episodes.

I honestly could watch another season of this show focusing on Mr. Baek and his next team. Though I'm attached ofc with the Dreams team but i can't help but be curious.

Now I understand why it won the th Baeksang Best Drama Awards  for a reason, definitely deserved. It was not underrated in S.Korea but internationally it is and i wish many people would also watch it.

, it was a great drama. An underrated masterpiece. I enjoyed every episode of it. It's been a while since I really fell inlove with a show. That's how much i love this show.

DREAMS! DREAMS! DREAMS!
Read More",스토브리그
37,"Love the Dreams
I have seen similar sports movies in India and Hollywood. But the acting in this takes the cream of the rest.

st of Oh Jung Se what a versatile actor. I saw Ok not to be ok st and I thought wow what dedication to the role of Moong Tae obviously it is not easy to perform that role. Then I saw him here and he made me hate his character. Now that is acting just briliant. Looking forward to seeing more of hi is work

Nam haha I got hooked to the series because of his st episode what cool headedness. His dialogue delivery was just briliant everything felt like a punch line. The director used him briliant

Nam and Oh Jung complimented each other perfectly. It was like  sides of the same coin.

Park Eun was the filter between these  strong deliveries she was dedicated to the role and did a complete justice to her role. I have not seen any of her other works but definitely check.

All in all an excellent watch don't miss it out
Read More",스토브리그
38,"It is rare to have such a good storyline in dramas. The theme is sport, but the focus is made on how to deal with both the buisness/economical side of the team and the human side.
It' a very smart drama, the plot has enough consistency to be interesting, and the twists are very well thought but explained clearly and simply enough to keep the viewer in the loop.
You dont need to even remotly like or know about baseball to like this drama, because the point is not how players throw a ball but how to keep a team together.
It wasn't too slow and even though the story could have gotten repetitive, it didn't.
The acting was absolutely amazing, i also particulary like the leads who are, in evey drama i've seen them in, talented and versatile.
I loved how the ""bad guy"" wasn't the embodiement of evil like usual, but more a career-driven buisnessman with a childhood trauma which screwed up his sense of priorities and who had to think about money first 'cause that was his job.
A very human, entertaining and well played drama !
Read More",스토브리그
39,"Ok this is the first sports themed k drama I watched and I was not disappointed. They all acted so well!

I seriously wished there were more episodes after episode . I was hoping since a new character was introduced in epi  (the new owner of Dreams).

I think there may be a second season brewing...fingers crossed!

Thank you! Thoroughly enjoyed each and every episode.

.................... .......... .................. ......
.........................................................................
Was this review helpful to you? Yes No",스토브리그
40,"Fast-paced political drama
I started watching Hot Stove League just last week from my friend's recommendation, largely because it just won Baeksang award of Best Drama in . I was extremely impressed with My Mister, which won the very same award last year.
And I'm not disappointed! I went through all  episodes in just four days!

This is not a romantic comedy that follows standard K-Drama patterns, it is a fast-paced political struggles with convincing plots and people interactions. There were some characters' decisions that, at first, I didn't think they made sense, but was OK once their true intention revealed.

I particularly love Oh Jung Se acting. He could express his internal conflicts through his eyes and voice. I was also impressed with his acting in ""It's OK to Not Be OK.""
Read More",스토브리그
41,"i can understand the hype I LOVE ITT TOO
i love this one so so muchhhh i love everythingg about this drama i love love the characters soo so much i felt like each of them really meant something and really contributed to the whole story. love the hidden messages of this story, the cool strategy that ive never thought id find it so freakin coolllllllll!!!!! although i wouldve love some romance in this drama, i also, at the same time didnt really want it cause itd make this drama a whole lot different and i just already loveeee the way it is and like how it turned out. the baseball games and the players and everything about the team made me so excitedd. since the very beginning, i felt like i cant wait for all those efforts to finally be paid off aaaaa love this one so much!!!!!
Read More",스토브리그
42,"Great , Acting, and Refreshing
I believe this drama deserves a higher rating on MDL, every episode left me wanting to watch more. Note that there is no romance in this drama; I found that quite refreshing. The story was really well done, there were a lot of twists and turns. There were no characters that were frustrating, except for the antagonist, but in kdramas what antagonist isn't frustrating? There wasn't any unnecessary dragging, everything was pretty realistic to me, a person who knows absolotely nothing about baseball. , I gave this drama a , but the rewatch score being low. I don't think this is a show you can rewatch. It isn't a light-hearted show that one usually would watch.
Read More",스토브리그
43,"A bit farfetched in places, Namkoong Min saves the day
The Hot Stove is a K Drama about the offseason of the fictional Dreams baseball team, the worst team in the league. Baek Seong-Soo, a sport executive who never played baseball, is brought in as the team's general manager after another failed season. However, Kwong Kyeong-min (Oh Jung-se`), the team's president brought Baek in with the purpose of shutting down the Dreams because it is unprofitable for the Jaesong group.

The story: One of the nice things about the show is it explains some of the jargon associated with baseball which helps non-baseball fans understand what's going on. What I found far-fetched was that the star player Lim Dong-gyu hired thugs to beat up Baek and also vandalised his car when Lim heard he was being traded. I realise you need dramatic licence in shows, but this made no sense. Baek's family subplot was a bit disjointed and appeared to have been thrown in for dramatic sake. It is not clear until we learn of his baby's death that the woman was his wife. there is not explanation about why Baek's wife left him. Was it because of the death of their child? Was it because he was a workaholic? That isn't clear. It's unclear how his brother became paralysed from sliding into third base. At times it appeared that there were too many characters and the writers would lose sight of some and then bring them back randomly. Two glaring examples were Gil Chang Joo/Robert Gil and Go Se-hyeok the chief scout who got fired. Chang's character was central in the middle episodes but got relegated without much explanation. After Go tried to get his revenge, he was written out without fanfare considering he was a significant enough antagonist in the storyline.

: As a baseball fan, I enjoyed the show. It was interesting to see how the team used traditional recruitment methods with more modern sabremetic methods. Namkoong Min continues to excel as an actor. The way in which he plays Baek was very nuanced and deliberate.
Read More",스토브리그
44,"Good office drama in the world of sports

A breath of fresh air, Stove League is a good choice if you want a change of pace from romcoms, suspense crime thrillers, medical, and supernatural kdramas. Stove league is more about office politics in the world of baseball. It doesn't have a lot of the actual playing baseball scenes to be honest. It's about how a smart and competent manager, who may came off as rude and unfeeling turns around the Dreams team as last place in the stove league.

Payoff is satisfying as you feel as you've been with Manager Baek and his group go through every hurdle and surpass it. Nam Goong Min gave a more controlled but still solid performance as competent manager Baek Soo. What a solid cast, from very familiar faces we've all seen as amazing character actors from other dramas.

I've been wanting to watch Park Eun Bin for a long time, and she doesn't disappoint. Her aura is so endearing and earnest. I really need to see more of her dramas, and hope she will have more main roles in the future. What I'm surprised is Jo Byung Kyoo. He is so charming and entertaining as comical Jae Hee. I can't wait to see him as lead in Uncanny Encounter. He is just so animated on screen, and watching him banter with Park Eun Bin is a delight.
Read More",스토브리그
45,"Inspiring story about hardwork, passion and leadership
Starting watching on Sunday, kept hitting ""next episode"" until i realized i was almost done with the show! If i didnt go out on Monday, i probably would have finished this in  days 😅

Likes
. Amazing performance not just of Namgoong Min but from everyone - the management, the head office, and the players. Each episode focused one  to  persons' stories and how Baek was able to help and resolve the problem.
. I only have basic knowledge of baseball so didn't really understand the stats, but it didn't really matter because the whole point is more on how a manager was able to successful transform a low performing team to a champion. It's not just how he worked, but how he influenced the people around him to become better versions of themselves.
. You can pick up some tips on how to manage difficult people and how to deal with difficult negotiations, Baek Seung Soo is so good at it, i wonder why he is not a hot commodity. I guess they are uneasy with his unorthodox thinking.
. I especially loved the episodes about Gil Chang Ju, Baek's brother and Lim Dong gyu's redemption. But i didnt like episode , i thought it was too much and episode  was too simple for a finale.

Dislikes
. If the plan was to disband the team from the very start, it didn't really make sense to bring a new GM and approve of all his changes. It then feels like all his efforts will just be a waste of time and the best players will all end up team-less. I wish the objective was very clear frim episode  - if he can't fix the team before the season then they will disband.
. I wish we saw more efforts from Seungsoo to look for a buyer all throughout the show. The ending was easily resolved with just  company agreeing to buy the team after just  meetings. To think Director spent years looking for a buyer.

Other than that, everything else was terrific.

Rating: /
Read More",스토브리그
