,reviews,title
0,"'the pain can also become a path'.

have you ever watched a drama that makes you so happy that you want to become a better person? 'a poem a day' felt like home to me. it made me feel like i really belong somewhere.

story:
the story was nothing that... impressive? at least at first sight. there is no much drama, pressure, it doesn't make you nervous about what will happen next. but it gives you a warm feeling, it makes you happy. it was interesting for me, although i have no interest in physiotherapy.
the romance between je wook and bo young was one of the most beautiful romantic stories i've ever seen in kdramas. i know, i've read in many comments, a lot of people find it boring, too 'formal', but no, it was just real. they were one normal couple. they loved each others, they supported each other, there were hugs and kisses, so i didn't really understand why some people thought that their relationship was unnatural. it just felt real.
another thing i have to mention is the patients stories. i cried my eyes out, they just felt too real.
i really liked the poems. they were so beautiful and they perfectly matched with the story.
but i was slightly disappointed in the end, i think some things should have happend but this doesn't change the fact that the story is good.

characters:
woo bo young - oh, our beautiful female lead. she was just a good person, she was trying to do her job right and to help the patients to recover. she truly cared about them. the thing i liked the most in her it's that she wasn't trying to hide her sensitivity. bo young was a strong female lead in one word.

ye je wook - i haven't seen a person who likes giving advices as much as him lol. he seemed cold in the beginning but after that you can see what a warm person he actually is. he treated everyone with respect and he was always telling what he thinks, he was honest with himself and with the others.

shin min ho - you either like him or you don't. personally, i like him. yes, sometimes he acted childishly, he had no sense of responsibility but at the end, he made the right decision no matter how hard it was for him. yes, he was sometimes selfish, but aren't we all like that? when we fall in love we want the person to have eyes only for us, we don't want to let him/her go. so how can we blame minho for that?

the side characters were really funny and pleasent to watch. their had their own hardships but they always found a way to endure it. i like seeing their character development, escpecially han joo yong's. i like how his friendship with dae band developed in a really good way.

acting:
the cast was completely new for me, the only actor who i knew was seo hyun chul.
i have no much to say, the acting was perfect. there wasn't anyone whose acting seemed unnatural, they all did a great job.

music:
beautiful ost, i love all of the songs. they suited the drama really well and they made it even better.

overall:
/ if you ask me. i like dramas that are close to reality and 'a poem a day' was a masterpiece for me. totally recommended!
Read More",시를잊은그대에게
1,"Likes:

-Woo Bo Young was such a great lead! She was a ray of sunshine and such a genuine person without being ditsy! She still had flaws though, but I think those flaws made me like her even more. She’s what really made me stick with the show. I rooted for her the entire time!

-The whole cast of characters–even the meaner ones–were really fun. It was really entertaining to watch all their interactions and antics. I also liked how they all had their own things going on in their lives.

-The setting was unique in the sense that I don’t think there’s been a kdrama about physical therapists before! It was really fun to get a glimpse into that world.

-The use of poetry was also super unique and creative and it was incorporated in the drama really well.

Dislikes:

-There didn’t seem to be a plot to me. Besides the romance, I didn’t really understand what direction this show was trying to go.

-Going off of that, I think the show started off really great but then started focusing on the wrong things which ended up being its downfall. For example, the love triangle felt very unnecessary and didn’t really do anything for the plot or for the characters involved in it. Another example is that the show spent so much time developing Minho and Bo Young’s relationship and not enough on Bo Young’s relationship with Dr. Ye which left me feeling confused on who the show was trying to make me root for.

-The show should have focused on all the characters and their individual problems. It did at first, which was why I was so hooked at the beginning, but then it fizzled out. Characters’ problems were pushed under the rug halfway through and virtually forgotten about. Because of that, the majority of the characters end up not really doing anything to add to the bigger picture of the show, and they felt like they were just there to fill up time. What I wanted to see: Minho dealing with his family issues and the fact that they forced him into a career path that he isn’t interested in; Nam Woo working his ass so he can get a job; Yoon Joo trying to figure out how to deal with her loneliness and learning how to be vulnerable with others, etc.

-Dr Ye, despite being one of the leads, was one of the most underdeveloped characters of the entire cast! I still don’t really understand his character or what drives him. Who is he outside of work? I wanted to know more about his break up and see him trying to heal more from it. I liked his character but I needed to know more in order to be fully invested in him. The show did give him some more character development in the last two episodes, but honestly, by then it was too late since everything was wrapping up.

, this show was entertaining to watch, but the lack of character development for the majority of the characters and the lack of plot left me feeling majorly dissatisfied.
Read More",시를잊은그대에게
2,"This drama is the must-watch of your life.
I stumbled upon this one by chance and I am so so so so sad that it's so underrated.
The story was such a bandage on my little heart. I felt healed just by watching five minutes of it.
This drama depicts ordinary people who just try to get on with their life as best as they can with what it gives them. All the characters are relatable and you will find a part of yourself in every of their stories. The cast was amazing as well. I personally didn't know any actors in this and they ALL did a wonderful job. I also like that we didn't know who the male lead is. This gives a little excitement as you go along and root for your baby.
The music was amazing as well. Not too much lyrics, just melodies that go amazingly well with the mood of the episodes.
It's a slow, fluffy, smoothing ride so so worth your time. Truly.
As a writer and artist myself, I just felt the poesy so much... and I used to dislike poetry and just not get it, but this drama made me change my point of view on this art.
I don't know what else to say, I just finished it five minutes ago and I am still not over it. Will I ever be ? I doubt that. It was too beautiful to be a forgotten drama on my completed list.
Read More",시를잊은그대에게
3,"A journey to become a better person.
A Fresh Start!

I untangled the twisted knot.
I also took out the thorn.
Without lingering attachment or regret...
I straightened out my passion.
I let the twisted relationship go.
With a lighthearted feeling and a confident mindset...
I erased yesterday with the hope of tomorrow.

One of the strengths of this drama as it's name 'Poems' which also makes it different and unique from other dramas. It's a journey to become a better person which is represented and executed with touch of poems in very realistic way. This drama teaches us many things. 'Never judge book by it's cover' although you won't like many characters in the start but when you explore them and there backstories every character is realistic and likable. If you are finding just a typical rom com then it's not the place cause it's more than just romance...it's a warm hearting and feel good drama.

There isn't anything extraordinary or amazing in it but still it's definitely worth watching. Every episode every story has it's lesson, lesson of life sometimes even bitter truth. It was good, slow paced but I really enjoyed...
Read More",시를잊은그대에게
4,"I had high hopes for this drama since many have recommended it, but it left me feeling disappointed by how great it could have been.

First, the female lead could have been a strong woman, but ended up being weak, immature, and too reliant on others around her. Seeing how the whole drama mainly surrounded her life, seeing her rise from her trials strongly would have been satisfying, but she ended up being a weak female, crying at almost every episode, being chased around by guys. I saw no growth in her character for the entire  episodes.

Second, there was no chemistry at all between the main couple. It felt like their “love story” felt too rushed. They reminded me more of a “sunbae” relationship, where distance should have been kept because no warmth arose between them.

Next, the second lead had the most character development, from an immature, spoiled kid, to a mature one who started caring for someone before himself. It would have made more sense had he ended up with the female lead, but ya, the drama decided to do another Barney Stinson - the one who had the most satisfying character change because of love, but ended up being left behind and going back to being his immature old self. Sigh.

If there’s one thing that made me stay, it’s definitely the use of poetry as a central theme of how each episode would go. The stories of the minor (very minor) characters in each episode made me tear up from time to time, alongside with the poems which were the main focus of the whole drama.

The side stories were more captivating than the main story plot, that should say something about this drama.
Read More",시를잊은그대에게
5,"There’s nothing in a poem
Apart from what remains of our lives.
What remains of our lives always meets us
In a way that is not at all remarkable.

Though you might not wish to believe it,
It is not at all remarkable.

At its core, this sweet little drama about physical therapists and other people who work at a hospital started as it ended – as a quietly-joyful slice of the ordinary.

Lee You-bi is truly delightful as Woo Bo-young; a contracted physical therapist who wants a full-time job and love in that order. Bo-young finds herself in the middle of a love triangle that launched a full-scale shipping war while the show aired: will she choose the urbane, professional Dr Ye or the childish first love Min Ho? But in the end this show is not about romantic attainment or who ends up with who - rather it's a beat in the lives of ordinary people. And it's in that beat that we find the poetry in the average human soul.

With an alternative - and preferable - title of You Who Forgot Poetry, this is a show about the compromises people make to make a living and the need for us to retain our original aspirations in our lives. As people who opted for a steady, safe income over their dreams, most of us can empathise with the underlying concept of poetry as a metaphor for romance in a petty, silly, vainglorious world.

The show has lots of quirky humour in the vein of a more-subdued Scrubs and elicits its fair share of laughs at the general absurdity of life. But it's in its overall message - that the ordinary can be poetic - that this show is quietly and subtly beautiful in a way that is as unexpected as it is joyful.
Read More",시를잊은그대에게
6,": /

It was essentially slice of life at its best. Nothing extravagant yet nothing too simplistic. I loved loved the poems and let me tell you I am not a big fan of poetry thanks to A-level Literature. But the poems from this drama was absolutely sensational and so heartfelt. I loved how there was a story behind each poem. The drama was quite unique in the way it explored various points and mini stories throughout the series. It was delivered quite well as well. I felt that in each episode, there was always something to take away as a lesson or as something to reflect upon. The story was kept real and relatable but also had its lighthearted and comical scenes, which by-the-way were absolutely amazing. I couldn't stop laughing at various scenes of the drama. Romance wise? It was quite unexpected actually...that is all I am going to say about romance. I am not and will not ruin it for you (it's that good). The only thing I felt the story lacked was how it did not thoroughly explore the development of some of the characters; they were mostly snapshots of what the characters dealt with/did on a daily basis. Particularly with Jang Dong-Yoon's character, I felt it lacked depth and understanding, especially with the way the drama ended. As a viewer, I didn't feel quite connected to his character. But other than that, it was overall a good watch.

: /

Okay, I don't know about anyone else but for me, the cast was amazing. I think each and every one of the cast played their role really well. Lee Yoo-Bi perfectly suited the female lead with her baby-faced beauty (I can't still believe she's ?!) and executed the role amazingly. Likewise with the rest of the cast.

: /

I don't really have much to say about the music, because I hardly paid attention to it. But overall it was good. Nothing overrated or unsuited. The music matched the atmosphere of the scenes and set the mood perfectly. I particularly liked the soundtrack when the poems were being voiced.

Rewatch value: /

Hell yes. I would definitely come back to watch it again. Maybe not anytime soon.

: /

So there. I gave it /. I didn't give it the full  because I think this drama did have some plot holes. Although all in all, it was a good watch and you will definitely find yourself in love with some of the characters. Like it or not, I would say give it a chance.
Read More",시를잊은그대에게
7,"Perhaps I just found this drama at the right time, in the right mood, but it was exactly what I was craving and why I gave this a / instead of the  or  it probably should be. To match the drama I'm going to make this a short and sweet review.

STORY
A Poem a Day is nothing special. There's no big intense driving plot or any big twists, but it IS incredibly easy to watch and full of sentimental value. A Poem a Day tugged on all my heartstrings in the right places and made me giggle too many times to count. There's a real down-to-earth vibe throughout the whole show that translates seamlessly into even the romance which I found very refreshing - and there were no typical kdrama cliches! (Apart from maybe the love triangle but hey, I'm a sucker for those and this one was wrapped up responsibly and realistically! What a surprise right?) It's a casual watch that entwines the stories of not just our main trio but also that of multiple other employees at the hospital with comfortable ease, without relying on dramatics or glaring over-used character flaws that felt fake. Everyone felt relatable and was easy to connect with. To me A Poem a Day is a shining example of just how well 'less is more' can work and it strayed from typical expectations without seeming like it was trying hard at all.

ACTING
I have no complaints here! Lee Joon Hyuk's acting may perhaps seem a little stiff at first but you'll soon realise that that's simply just how his character is. (And I ADORE our awkward and super sensible Doctor Ye. He is one of the main reasons I laughed so much while watching this show, especially towards the end of the series!) All the emotions even down to the subtler ones were portrayed well and I never once had any problems at all absorbing myself in the show.

MUSIC
So sweet! The music matches the relaxed and sentimental vibe of the show really well. Accompanied with the readings of poems - which make me want to buy a poetry book! - they may not be something I'm likely to remember in the distant future, but I can bet I'll feel all kinds of sentimental when I happen across them again.

REWATCH VALUE
I actually totally would rewatch this show, given enough time has passed. A Poem a Day possesses such a slice-of-life simplicity and sentimental value that a lot of Kdrama shows just do not have. It was honestly a joy to watch and I full appreciated its simplicity. It might not be for everyone, and I can understand that, but for once I was happy to just relax and not have my mind racing to predict any outcomes or groan at overdone cliches. A Poem a Day is a cute, comfortable series with just the right amount of realistic pains and drama. It felt like I peeking into a few chapters of people's lives and learning some valuable life lessons in the process.
Read More",시를잊은그대에게
8,"Here’s a review for your enjoyment of the drama about poetry and stuff and people who unlike doctors are just normal folk like I don’t know physiotherapists.

I won’t post the poster for the drama because honestly? It’s not memorable. Also, I don’t want.

I will also add a disclaimer: I like Lee Yubi and I also like poetry.I will also add that poetry loses a lot (everything) in translation or maybe I am just uncultured. I don’t know.

But honestly, A Poem a Day had a strong start but oh my god, it was boring.

-_-

That was me as I waited for something to happen. And it did, often, but not the kind of thing that I wanted to see. I mean, initially it was cute? Bo Young was cute even without a personality. She had some personality, I suppose but no opinions, nothing that grabbed me by the collar and demanded I give her my ardent support.

The romance was cute for a while until the second lead became super annoying and I was hardpressed not to throw something at my screen leaving myself without a medium in which to watch things which would have been TRAGIC. I resisted, thank goodness.

The major issue I had with this drama was that it felt contrived. Rather than allowing the story to breathe, it tried too hard to be something without going the proper distance. It tried to be meaningful without actually putting in the effort to be meaningful.

As an example, i give you one of the later episodes in which we are introduced to a doctor who works too hard and has a stroke and finds himself in the same situation his patients were in. Bo Young feels heartbroken for him as is her brand and cries and whatnot. Which is fine. On paper, this sounds like solid stuff to tug at heartstrings. HOWEVER, this doctor is entirely without weight. They introduce him in the same episode that he is a paragon of virtue, has a stroke, and deals with his diminished capabilities.

There is no progression of his character, however slight it is; we don’t see him from the beginning. We don’t see Bo Young’s admiration for him until he is used as an obvious plot device so his struggle, his story feels hollow and without the emotional payoff it would have had had this character been present in whatever quantity from the very beginning.

This is not the only time the author does things heavy-handedly and as a writer, I found her/his/their obvious manipulations to be discordant. The poetry too while beautiful in the language of origin feels extraneous to me. I wish they had used few poems and dedicated more time to a single one, perhaps uniting the themes among the characters.

This drama was among my least favourite but hey, at least I got to see Nam Woo and his alligator. I found his story about poverty and love to be the most compelling. He was the best thing about this drama, to be quite honest. Okay, that and the friendship between the Bo Young, Minho, and Nam Woo. I wish they could have removed the romance entirely and focused on the friendship between these three people. The drama would have been so much stronger for it.
Read More",시를잊은그대에게
9,"This show threw me for a bit of a loop. I thought I knew who the main lead was, and then it turned out to be the least dramatic love triangle I have ever seen. Like, the person she liked was the person she loved. He never got jealous that someone else liked her.
That said, the second lead character got shanked in the plot sense. lol. He was bad and then he was good and then he was cute and then all of a sudden he was a jerk again. It was a plot rollercoaster.
If you like poetry, than you will love all the poetry in this drama. I liked it sometimes, but other times, it was just too much. Just like some of the characters. Joo young Joo young and mr. indecisive were just eyerollingly annoying. Funny sometimes, but mostly just over the top.
In the end, the drama gets a pretty high rating from me because I loved the main couple so much. It entertained me and kept my interest. It had some interesting plot twists. It's not one that I will be rewatching anytime soon though. And I deducted points because the ending felt very ... unfinished.
Read More",시를잊은그대에게
10,"This was a beautiful drama. Creative souls out there, this is for you (writers and artists). Someone who is not creative may find this boring but If you are an artist or writer you will definitely love this to heart. It's beautiful, all the characters are really beautiful and well made. All of them have their own story. Something I disliked about this drama is the lack of going deeper into every character's story. The end was inconclusive and there's a lot of things we wanted to know. The story is great and I loved it, but theres certain points that were not made the right way because this show had more potential than that. The main couple has really good chemistry and is a lovely couple. The love triangle in here is good too. Even though the second lead was that type of main lead (rich, stupid and childish), he was able to grow up and thats something I really appreciated, I did love them both for her though. But Doctor ye was always the first one to stole my heart, you may be wondering why? He was a different kind of main guy, he was mature, beautiful, respectful and handsome. He was not that kind of main lead we always see in korean dramas (rich and childish, mistreating the girl). He never mistreated her and he always treated her with respect , thats one of the things I love about this drama. Finally, a mature main lead who is not childish. This drama is perfect for me, great poems about life and situations, deep. I just wanted them to go more into detail with every person in this drama but it didnt happen and thats okay .  is worth watching and beautiful, Lee Yoo BI is far good and more talented than other over rated korean females actress out there, not gonna mention names. SHE WAS JUST GREAT.
Read More",시를잊은그대에게
11,"Some people would think this drama is boring and has the usual thing, but definitely not. There are a lot of things to be learned. You will meet people who have the good heart despite being misunderstood and will gain some lessons of love and dedication.

Here are my favorites parts of the poems.

""It only rained after you left.
The rain turned into heavy rain
and I pictured you sitting on the bus with an upset expression on your face.
I felt my heart becoming sore.
There are times when people can’t be comforted by words.

It only rained after you left,
In every street corner where I send you off.""


""I was happy because I met you
And I also suffered because I met you.
When I tossed and turned in bed while hugging a body
That no longer had feelings for me.

As I watched the tree and flowers gradually part ways
It was difficult to stand beside the tree.
It’s like watching yourself become a cruel person.
I was happy because I met you
And I also suffered for a long time because of you.""
Read More",시를잊은그대에게
12,"Absolutely lovely!
Should you? Would you? Could you?

You should watch this one (YES! )
You would recommend this to others. (YES!)
You could watch this again. (YES!)
Ending: Happy

For poetry lovers, this is one treat. I loved the way the poetry is weaved into each episode. The story revolves around the female protagonist who gives up her dream of studying literature and becoming a poet and instead chooses to become a physiotherapist to support herself. It is her journey of rejections and optimism and finally finding her true love. While it is set in a hospital, the focus is more on relationships than actual cases but that really doesn’t take the charm away. Let’s just call it a romantic drama within a backdrop of a hospital (yes, that’s more apt).
All the actors are good. The comic element via Defconn’s indecisiveness is hilarious.
The chemistry between the lead pair is awesome. But the story sits on Lee Yu Bi’s shoulders and she is a winner through and through.
It’s a delightful watch for those who enjoy a soft romance without any major upheavals. It’s fun, it's emotional, it's light and it's enjoyable.
Read More",시를잊은그대에게
13,"the story setup was so unique as was the characters and their backstories. but i can think of a million things that could have made this drama better.

i feel like a lot of time went into characters that brought virtually nothing to the central story/characters. i really hated watching the radiologists cause i couldn't understand what role they had to play in the story it honestly felt so pointless that i started skipping through all of their scenes lol. all of that time spent on those characters could have been put into developing the main characters and their story.

like lemme talk about doctor ye real quick. i feel like there was too much room left for development with him. he was such an interesting character but i hardly felt a connection because he stayed the same throughout. i really really enjoyed the scenes where he tried to change and actually attempted to act like a normal human. it was cute and funny and dare i say heartwarming. until he went back to being his same old robotic self. what was the point?

i also feel like there was too little time spent on developing his and boyoung's relationship before they got together. my guy literally came out of nowhere saying he liked her and my ass wasn't convinced. they spent too much time on boyoung x minho and too little on boyoung x doctor ye. i didn't feel anything with their relationship :(

with a lot of the characters and relationships in this story i felt no connection and it lacked the depth that it presented at face value. this is because, as i previously said, they spent too little time on the characters and relationships that actually mattered.

i can't say i was disappointed or anything idk how i feel truly. if i had to describe this drama in one word it'd be gentle. i like what they tried to present in this drama and as much as there were good things about this drama, there was just as much wasted potential.
Read More",시를잊은그대에게
14,"PLOT: There is not really a plot in this drama; it's more a setting in the everyday life of physiotherapists combined with a poem adjusted for each episode. The poems indeed - apart from the quirky humour (I laughed a lot) - were the parts I liked the most about this drama. As a fan of reading myself, I finally got the chance to get to know some Korean poetry, which also inspired me to write my own.
CHARACTERS: Cute. And Awkward. And just adorable. I normally don't emphasize too much on the romance, but the (healthy!) relationship in this drama had me honestly squealing. I'd like some 'advice' on where to find a man like Doctor Ye now, please!
SCENERY / MUSIC: Most of the drama plays (obviously) in a hospital, but there were some other scenes that gave me a nice and calming vacation feeling. For the music - very pleasant, I liked it a lot!

Would recommend to someone who: is in need of a few good laughs | is not in the mood for unnecessary drama or too much action | likes poetry or wants to give it a try | wants fluffy feels
Read More",시를잊은그대에게
15,"The first few episodes were great, but it feels like the drama had too many relationships and problems to take care of, resulting in landing on a weird place.

Each characters had unique backgrounds, and the drama exposed them really well. Misunderstanding in the past, refusal, infertility, poverty, children, family, cheating... these things were included and were revealed in a positive way.
HOWEVER, it just ended with the reveal.
Basically, the directors threw in those interesting factors, but they forgot to pick them all up in the end. They only took care of the love triangle. I had questions while watching it, like:
What about their relationship? What happened to his dream? What was the point of having that scene if you are not touching it again anymore?
For me, it was quite disappointing.

: As I said, fun until the last few episodes, and went MIA. Didn't have any remarks or excitement. If you like poems, then this drama is for you.

: Good choice, but nothing more.

: Matches the poem.

: Good source of finding an interesting poem. However, it might be different when you read the English subtitles.

: It was a good relaxing drama. I was watching parallel with ""The Great Seducer"", which was quite negative, this drama was ""healed"" me. However, this drama lacked excitement, that some viewers may find this boring.
Read More",시를잊은그대에게
16,"Very different story.it is very slow and light drama but I don't think so it is boring because there are funny moments in between like perplexed person concept,then  years ago story and can I give you an advice ,I am kidding such dialogues balance the drama .story revolves around love triangle, jeolousy,misunderstanding,family problem,pursue for dreams etc.
There is no music but recitation of a poem per episode according situation well suited.
In this there is sweet and simple love ? where partners don't know how to express their feelings to each other ...Ending of drama I don't like it they may show a leap of a year where everyone achieve their dream with ending of marriage of dr.ye and Be young where min ho and nam woo are with their girlfriend then it seems to be happy ending.
Each and every character acting were just amazing.
As a whole light ,sweet and simple story.
Read More",시를잊은그대에게
17,"
Finally Lee Joon Hyuk in a primarily romantic drama, and he's the lead??!! yes please.

:
Plot turned out to be quite simple there was no big conflict to overcome like in many dramas. It did focus less on the medical aspect. It was more chosen as a background setting for a rom-com. An easy drama to easily breeze through. Focused more on typical day-to-day situations one faces. Leaned more on the realistic side at times which I liked. I wasn't forced to skip because I felt absolutely no dragging or filler episodes, something new happened all the time. Script and conflicts seemed repetitive, unsure if it was intentional. Different characters affect by similar situations always brought up and resolved the same way. It was a a surface-level type of drama with a little bit of everything.

:
The leads' scenes were very wholesome especially seeing the ML change as he became more expressive and open towards the FL . Chemistry occasionally lacked, and their contrasting personas didn't help at all as it made it a bit more obvious. The FL sometimes came off a bit too strong that she overpowered the ML in scenes together making him seem aloof. Lee Jae Wook was made a bit too monotone in the beginning, but he was good at expressing himself through his eyes. It was the main reason the viewer is able to acknowledge his growing love for Woo Bo Young. His smile was everything! I later realized him being so monotone actually made his actions towards the FL so much more especial. I just wished the viewer could have gotten to know a bit more about his personal life because many time he felt like a side character, two-dimensional. All-in-all I like how the romance evolved from admiration to well, love.

I had a love-hate relationship towards Shin Min Ho. The writer made him really impulsive and hypocritical. I mean all the characters were hypocritical at some point. They all grew more likable as the drama progressed.

Read More",시를잊은그대에게
18,"Honestly I wasn't too enamoured with this drama, it was a cute watch with some sentimental moments- but that was mostly all to it. The main plot was good, and I enjoyed the romance between the main couple, but other than that I felt the other side plots didn't really fit into the drama.
There were a lot of side plots within this drama, and mostly I felt that they did an alright job with them- but there were moments where they felt too out of left field. The second largest plot point after the main couple and their sort of 'love triangle' is the friendship between two men in the x-ray department (I don't know what's it's called lol), but their plot didn't fit into the whole story line of the drama. Yes, it was a nice story but I could have done without it. They didn't have much of a connection to the main characters; other than a few plot crossovers I don't really know why they were there. This drama is a 'slice of life' drama, and yes, that means following the lives of everyday people and their struggles, but I still felt like it was a bit awkward with the plot points and making it interesting. It felt like each character had a story that we followed, but then they never wrapped up their plot lines and just left us guessing what happened to the characters. They teased us with romance between two different couples, and then seemed to run out of time to finish what they intended to do with them. I understand that they can't wrap up all the plot lines, because they viewer should still be able to imagine the future for the world they've created for this drama, but this was just too much- they introduced plot points and then left them out to dry.
I also felt they made the ndML too much of an asshole to seem likeable, he did have redeeming qualities, but not enough of them that I could sympathise with his struggles and his unrequited love for the FL. I did feel sorry for him, but other than that I just wanted him to butt out of the main couples romance, and to stop being so cryptic with what he wanted. Another plot point not wrapped up, his struggles with his family and how he felt he could never live up to the success of his brother. That was a relatively large plot line at one point, and they made it seem like there would be potential character growth from the family in order to make him feel more loved, but this never happened and they never revisited that plot point- I was disappointing in this.

Anyway moving on to the positives because I've talked too much about the disappointing parts oops.
I really liked the FL, they made her seem so likeable and hard working that I couldn't help but want the best for her, and I was more inclined to agree in disputes between her and other characters. She wasn't too annoying or clingy, and they made it seem like she really was a real person who was just going through her own trials and tribulations in life. This was really well done, along with the slow burning romance between her and the ML (is he really the ML though? it seemed that the other guy appeared more throughout the drama...). I enjoyed the moments where she read the poems out loud and it showed the other characters going through their struggles, and their own interpretation of each poem. I liked how they kept the them throughout the whole drama, never straying from the 'poem a day' and keeping in light and sentimental. I also really appreciated that they didn't have a 'villain' so to say, yes, they had relatively disagreeable characters, but they weren't made up to seem like they were doing anything particularly bad. This really was a slice of life drama, and it stayed inside its' borders, not pushing any boundaries or being controversial in any way.

As a whole I'd say, yeah, go watch this drama- but don't expect anything drama filled or life changing. It's a slice of life drama and won't keep you on the edge of your seat waiting for the next episode, but it's a nice watch and teaches valuable lessons that many people would benefit from. The acting is good and everything is very realistic and pleasant.

Read More",시를잊은그대에게
19,"This was a light and innocent show about nothing 'spectacular'....but it was sweet and touching, so I'm rating it an  because it was still unique in its own way. Although it's got a medical setting (the main characters are physical therapists), I wouldn't call it a medical drama. Perhaps the idea of the characters being physical therapists is a way of showing that healing is sometimes a journey.

I enjoyed all the characters and the glimpse into their ordinary lives. The poems that they included with certain scenes really went well with the stories they showed in each episode. It seems as though they wrote a lot of the stories around each poem, but they did it in a natural way that tugged at your heartstrings. I thought the premise sounded quite odd when I read the synopsis, but it turned out really nice. There were misunderstandings amongst the characters and that seemed to be the basis for a lot of the drama, and characters would have to reflect on themselves for judging a situation too quickly and without all the facts.
While I thought that a couple of the characters weren't as fleshed out as they could have been, we did get to take a peek at most of them and find something to relate to in each one. I liked the relationships between the co-workers - the friendships that developed and how they learned to care for one another. I loved that each of the main characters had their own little 'catchphrase' as it brought some humor to the show. But the characters, while interesting, were also shallowly developed in a way, so there was something just a bit lacking to me in that area.
I enjoyed the light bit of romance (there is a bit of a love triangle, but still nothing overly dramatic), and I was happy with who Woo Bo Young ended up with.

If you are looking for a relaxing show to watch to ease your mind and not have any overwhelming angst and heavy drama, then this is a perfect show for that. I think it's mostly about human relationships and understanding others. I'm happy I decided to watch it and I would recommend it! I think if you are not into the 'slice of life' style of show, you may find this slow paced or boring.
Read More",시를잊은그대에게
20,"A Poem a Day is a medical drama with focus on the romance genre. The story involves doctors who work in a rehabilitation clinic, as well as nurses and trainees. We expecially follow the story of a young physical therapist, who meets her ex love interest in the clinic and falls in love with the new team leader. Now, the medical cases weren't that interesting, as they were short, few and didn't give us neither many information on the situation nor some closure to them. The romance, however was very nice with the love triangle slowly developing into a strong one. I do wish there were more episodes, though, cause the drama focused on the romance and didn't give many details on the other characters stories. But, overall, it was a sweet and cute drama, which I much enjoyed, so  out of .
Read More",시를잊은그대에게
21,"It's natural, lovely, and you can watch yourself in them. There is a lot of comedy, many moments hilarious, I could not stop laughing.

She's just a poor woman who has to work with her heart to get ahead. And he's distant and tight, but he always respected her and admired her. He always was charming and sweet with her. He was different with her.

If you love your work, or what do you do, even in the bad moments, you'll do it with a smile on your face. I think that is the most important part they want to share in this drama.
Was this review helpful to you? Yes No",시를잊은그대에게
22,"Woah. This was .... Realllyyyy good
I was so hesitant at first because I really dislike the medical genre but after encouragement I gave myself a push and I don't regret it at all.

The osts are EPIC I highly encourage anyone to listen to the playlist.
The story is great in the sense that it focuses on the hidden heroes of the health care system instead of typical doctors nurses.
We see physical therapists, radiologists and even trainees!
The story is more slice of life,but we see great insights into the characters jobs, personal life and relationships so that it never got boring and at times was very entertaining.
It also showed alot of heart fittingly accompanied by very well selected and inspiring poems.

I really liked the characters and even Dr. Park grew on me as time went on.
They all got their fair share of backstory and depth wich I love especially for the supports.

Bo Young was not the typical damsel in distress but more a hard-working persevering young woman.

Dr. Ye who in the beginning seemed like the typical aloof ML turned out to be a very stiff, honest and awkward bean who was so amusing to watch in love.

Minho who in the beginning seems like a rich brat without manners actually grows as the story progresses and we learn more about him. (Although he had a little relapse that was understandable). He grew alot as a person and made valuable experiences and I could see what a great person he actually was.

Nam Woo was great. He was a mess, a relatable friend and also a courageous guy who has been through alot but still works hard.
I hope you find a new crocodile tee Nam Woo.

Mrs. Kim is sass personified and a super cool unni I would love as a senior at work. She's very strong and also such a good friend and co-worker.

Dr. Park in the beginning seemed like a run of the mill giant mean senior but it turned out that he had a heavy load to carry. He also grew over the episodes I think and actually had a very funny and cheeky personality.

Dr. Yang actually wss for me the person with the least presence but he actually really loves his co-workers and also turned out to be a chief woth heart who fit right in.

Dae bang and han joo were the fun radiology duo that actually fit together more than they would like to admit.
Dae bang even though annoyingly indecisive has alot of heart and han joo who was a little immature and snobbish was a perfect fit with him and he also learned alot


All in all I thoroughly enjoyed myself and I really recommend this drama ^^
Read More",시를잊은그대에게
23,"LIKE:
.lee joon hyuk as Dr. YE is really cute and funny
. The poem is really nice
.I love the chemistry of the main couple.
.I like the side story of the patients

DISLIKE:
.love triangle-it's better if the story is more focus on relationship development of the main couple
.So many supporting characters. Sorry but somehow I am bored to their some other scenes. Hehe..

IT'S BETTER IF:
.I want more backstory about Dr. YE(lee joon hyuk)
.I want more character development of Dr. YE.

I give  because of Lee joon hyuk. Hehe



Read More",시를잊은그대에게
24,"Disappointment on the story
In the beginning, I really enjoy the drama concept who provides a poem for every episode.

they give advice and the story also portrays the struggle of life, but in the early episode, it is really disappointed because the story plot is just so-so and predictable.

There is no detail or relationship between Dr.Ye and the FL, mostly I can see is the development character of BoYoung and MinHo.

It is disappointment bcse from the title we expect the story to have some twist and giving the piece of life story
Was this review helpful to you? Yes No",시를잊은그대에게
25,"This is your not-so-ordinary medical Korean drama. To be honest, I like this kind of medical drama more than those with surgeries and stuff. I'm afraid with blood and the like ;c

The story, as I've said, is different from the typical medical ones. There's actually no plot from my observation and it's just about the lives of the doctors and what they do in the hospital. They also added some poems in which I live for. I like that they don't just focus on the main character but also the side characters. They opened up problems but they were unable to close some. which I really want to know what happened to this and that... but it's okay I'll make my own scenario. (LOL). The romance is very slow which I like, though.

As for the characters, I loved the tandem of baby Joo Young and Dae Bang Dae Bang. But I didn't quite like the attitude and their development.... it was very slow, but I understand. No plant will eventually become a tree. It takes time to grow. :)

The music perfectly matches up the drama. I love it.

As for the re-watch value... It's a light drama and it's really fun to watch. I recommend it but I may or may not re-watch.

. . .
This is only MY OPINION, it is still up to you if you want to watch it or not.
Read More",시를잊은그대에게
26,"Definitely a slow moving drama, the plot didn't really reveal itself till about halfway through the drama. The first half of this drama is mostly build up- the characters participating in the love triangle are revealed and early character traits are shown to leave room for development throughout the other half of the episodes. The fact that's it a slow drama is not a bad thing! I personally don't mind slow dramas as I can take my time to watch them however, I did think about dropping this.
The reason being how slow it was, but I decided to give it another try and make my decision through the next episode. From there I decided that I would keep watching it through to the end as I really wanted to know how the love triangle would play out. In the end I'm happy I watched this but I don't see myself watching this again, it's kind of a one time watch drama.
Read More",시를잊은그대에게
27,"I just finished watching this show. Even though I started it just to kill some time, I ended up loving it and finishing it in  days actually!
What I really loved about the show was how genuine the human emotions were shown. I love that we were able to emphatise with all the characters, we were able to see their side of story. And I love that in the end Bo Young went with the doctor! But that being said, I also felt like Min Ho’s storyline basically ended around the episode , which I wish it didn’t. But I love that in the show we see that sometimes even the main lead wouldn’t get the happy ending, because in life sometimes we have them and sometimes we don’t.
I think all the characters were successfully portrayed. I loved that all of them are very relatable in real life.
In the end, I think it’s a different flavor to the cliché korean dramas, and it’s totally worth giving a shot!!
Read More",시를잊은그대에게
28,"A beautiful and understated slice of life drama that had me smiling, laughing and fanning away my tears (pun intended of course). I love the title ""You Who Forgot Poetry"" so much more. It really resonates. This drama indeed reminded me of how heartfelt poetry can be and how it can express raw emotions. You might come across a lot that this drama didn't have enough swoon, or didn't have enough big plot moments. Which is kinda true. But to me, the drama wasn't about those things. It was about the ups and downs of life, about the day to day struggles; simply put: the human experience. I for one am going to miss the bromance between Joo Yong Joo Yong and Dae Bang. I'm going to miss Woo Bo Yeong's sunny personality and bright disposition, Dr. Ye for just being Dr. Ye (insert heart eyes), Min Ho's childishness, the alligator, and each and every side character, who were all perfect in their own struggles, imperfections and subtle character growths.

May I give you some advice? Just watch this drama.
Read More",시를잊은그대에게
29,"a heartwarming story and beautiful poems each episode
I think people should watch this. It has all packages from funny scene to fluttering romance. For me, it's quite refreshing ! It also talks about your future, dreams and career. How the female lead loves poems but she pursue another career as a physical therapist to have a stable career rather than a poet. I can totally relate with this.

Regarding that, the female lead still do her best in her job and she still loves poems even use it as a comfort for patients also. The male lead is totally has fine character. Not the typical drama character he's mature and not too cringey or too much. He's just like normal guy and of course the way they date. All of the character and their stories are relate-able.

Looking at their romance journey in each episode totally warms my heart. How the female lead were actually turned down by both male leads but she finally got her happiness. What I like from this drama is that they potrait a healty romance relationship.
Read More",시를잊은그대에게
30,"After almost  years of frequenting this site without an account, I signed up to write a review for this cause I felt the score and one of the top reviews weren't doing it justice. xD

I don't write reviews for anything much so kindly bear with me. I'm not really versed when it comes to storytelling/writing, acting or music so I won't go into (too) much depth. And rather than objectively stating how those are, I will describe how I subjectively perceived them.

: I think this has a nice story that also flows nicely. Everything seemed to make sense and fit together well. It's pretty laidback in my opinion and not very dramatic, but still passed surprisingly fast. I usually get bored easily regardless of what genre I'm watching but this drama kept me curious and entertained throughout the whole thing. (Especially after the male lead entered the picture too once the setting up was done in the first episode)

Acting/cast: so spot on. I think everyone did their part well and especially the main lead couple was very fitting to me. Woo Bo Young, the emotional, hardworking and friendly contractor and Ye Je Wook, the straightforward, outwardly cold (and awkward) but inwardly caring new doctor come together in their workplace, the rehabilitation section of a big hospital. Those two fluffballs (>w<). They're both mature, strong and understanding and make a great couple. Their relationship is not super passionate as you may see in other dramas but the way they interact and show their affection for each other is just so precious to me. Really, Lee Yoo Bi and Lee Joon Hyuk did a great job on this.
Same for the second male lead. It's nice to see this rich but lonely brat come to care for someone and mature a bit too. I read some comments saying they couldn't stand the brattiness and the way Min Ho treated Bo Young but as a generally understanding person, I didn't find this too problematic. Sure, he's a jerk, but over the course of this drama, you will come to understand why he's still so immature and inconsiderate at his age. Thumbs up for Jang Dong Yoon portraying this sad brat xD

: I guess it was nice, I don't remember most of it though. There's this one song that stuck with me ... ""youth these days"" by Stella Jang. It really fit the show with its gentle and calm but also a bit sad vibe.

: most of the time, I don't rewatch things. I'd rewatch parts of this though, mainly the lead couple interactions, they're just too cute >w<

: This is a relaxing show with a slice of life vibe to it. You get a glimpse of the characters' lives, their happiness and struggles and come to understand and feel with all of them to some degree. In that way, it kind of reminds me of ""Just Between Lovers"", which has a similarly understanding and gentle feel to it. The interactions are nice, the romance is precious and it's very funny too. I really recommend it :)

(Of course, the criticism some people have is valid too, however I liked it a lot regardless. Nothing is perfect but this show is in my subjective opinion so precious and awesome that I gave it an overall perfect score ^_^)
Read More",시를잊은그대에게
31,"An awkwardly put together drama at times but still very endearing and worth watching.
The story was very simple and very surface level. Some of the main characters lack depth, our male lead in particular, Dr Ye Je Wook. It almost feels like he's not a main character, but rather a support character. His past isn't much looked into as far as his past relationship goes and while I appreciate that it doesn't follow the typical story of the Ex trying to break up his relationship with Bo Young, it's basically dropped entirely. Just stuff like this could've been done to boost the whole series. The finish of the series sort of ends on a squib too with a few people saying goodbye and there being no real follow up. They didn't make good use of the pacing either. But don't worry about the criticisms as the characters are all enjoyable inspite of their flaws such as Bo Young being a cry-baby, Shin Min Ho being a child basically, etc as it kinda makes theme more relatable and easier to like in the end. One addition to the drama I like is the side duo in the Radiology department. The comedy between those two is consantly one-point. They are both the opposite people but the same people. The whole hospital cast makes the show and story worthwhile. What is also a highlight is the relationship between Bo Young and Dr Ye. It's very sweet, even before they get together. The triangle wasn't a great part of the drama as Min Ho works much better as the friend throughout the show but I get why it's in there.

The acting is good. It fits the tone of the show and it's plots when convinent. The leads are all strong, even if they aren't the best developed. The chemistry between the cast was nice. Even when they were mean to each other, it was all endearing .
Read More",시를잊은그대에게
32,"Not that bad but not as good either! But at least it puts a smile on my face.
I almost dropped this series. Stayed and finished it because of Lee Joon Hyuk. Hihi. I think this is the first drama I've seen him. He kind of look like a mature version of Ji Chang Wook.

What I loved about this series:
. Poems!! I don't regularly read poems like Bo Young but I love randomly reading them. And this show shows a good collection of poems.
. Dr. Ye - his cold attitude makes me fall for him. And the efforts he put on last episode melts my heart. Hihi.
. Inspirational. Shows how efforts surely paid off. Also the side stories about the Patients and side stories of the supporting roles.
. The love story. They showed that you will never be too much nor too cringy for someone who really loves you. FL was previously rejected because of the same reason why she's now appreciated. (Love it!) Though the romance is not enough as I want more. Hehe
. Bromance! Hihi. Dae bong x Joo yong and Minho x Nam Woo ( x Joo yong) Hihi. They're cute.

What I hated.
. Repetitive jokes/ funny scenes. There are scenes where Minho would always say 'Just kidding', he used  this line too much. Also Dae bong's indecisiveness is funny at first but it kind of irritates me after some time. I don't know but there are scenes where the writer is trying to be funny but not funny to me.
. The opportunities Bo young keeps on getting but not being given to her properly. I hated how she keeps on being disappointed. Give the girl what she deserved. (Though at the end she got what she deserved but I still felt bad for her.)
. The girl interns. I hate their attitude. They're both -faced towards Bo young.
. Rude attitude of Minho towards Boyoung around Ep . It's just too much. I know he is childish, I know he felt betrayed, he's heart broken but that doesn't give him the ticket to be so rude and to think that he's so rude to the girl that he likes. He said sorry, yeah. But that's just too much.

Anyway, it's still watchable and still depends on the one watching. So please give it a try.
Read More",시를잊은그대에게
33,"This is my first time writing a review for a drama. While watching the drama, I was wanting to write a review.

Overview:
Through out the drama, I was able to feel so many emotions and I could totally connect with the drama. Though this is a light romance drama, the interaction between Woo Bo Yeong (Female Lead Character) and Ye Je Wook (Male Lead Character ) were totally heart fluttering to watch. It’s a feel good drama to watch, though there are a very few emotional happenings here and there. I have watched so many dramas, but I experienced a unique feeling while watching this drama which I have never felt before.

Likes:
I really liked the way that each episode was connected to a poem which was very meaningful, deep and relatable. Also, there are a number of humorous scenes which made me literally “ROFL”. The scenes between the male and female lead was so natural and good to watch. The life of each character of this drama was beautifully portrayed. I liked the way in which the practical difficulties in the personal lives of the characters were shown and how they tackle and get over them. The stories of the patients were so heart warming and emotional.

Dislikes:
There were certain humorous scenes which I found to be repetitive, that made me to fast forward those scenes. I really disliked the continued failure of the female lead in a number of circumstances, which I feel is a bit artificial / unnatural.

Casting:
I must mention that the casting is perfect and everybody in the drama performed so well and it was totally realistic to watch. Lee Yoo Bi and Lee Joon Hyuk have done an amazing job and they were bang on. Coming to the supporting roles, I personally loved Kim Jae Bum’s acting.

Conclusion:
, the whole essence of the drama totally overshadowed the dislikes that I had in the drama. This drama will always remain to be my favourite. “A Poem a day” is a unique and a must watch drama. For the people who are reading this review, I strongly recommend you to watch this drama and experience a beautiful feeling like I did.
Read More",시를잊은그대에게
34,"Slice of Life Drama with Embedded Poems Throughout
I was recommended to watch this drama as I was looking for a slice of life / inspiration! However, this fell short of my expectations for multiple reasons.

The good:
-The embedded poems throughout the drama. I like how each poem was tied to the theme for every episode.
-Slice of life / life meanings - this is a feel good drama that is pretty wholesome. It reminds me a little of Hospital Playlist mixed with literary elements.
-The side stories: I enjoyed how we got to learn more about each character.

The bad:
-The FL annoyed me SO much. Her nickname is cry baby because she cries at every little thing! At first, it didn't bother me, but after the nth time, I started getting annoyed. I find that she is really over-dramatic at times.
-The romance was unnecessary and took away from the drama's potential! I did not care for the love triangle as I did not really root for either of them. Doctor Ye seemed more like her superior rather than her boyfriend, while Min Ho was immature and treated her terribly. I wish they focused more on character development of the main leads and the side story's of the other characters! I wanted to know more about Nam Woo's story.
-character development: The FL did not have any character growth at all and neither did the MLs. They remained the same throughout the whole drama, which is really disappointing.
Read More",시를잊은그대에게
35,"Precious line, delicate characters and realistic relationships
I enjoyed this precious drama, very different from the others I have seen.
- The beautiful poems , perfectly chosen for each situation/episode. I must add that being an old lady very fond of the music existing in the Korean language, I was so happy to hear this lovely poetic lines in their native idiom.
- The main female character enchanted me. An intelligent, hard-worker and very empathetic physical therapist who had a positive and direct attitude in life and showed a great love, dedication and respect to each of her patients.
- There was not an annoying and possessive female lead to improve the main leads relationship.
- All the stories in the plot were interesting
- The relationship between the main leads was respectful and there were not stupid misunderstandings. They had a good chemistry and ML is so handsome!!!! FL is also a beautiful woman, I think.
- I think actors were in general good in their roles, they convinced me well.
 - The plot shows the human side of a paramedical service and the relations between characters  sensitive and realistic.
- It is a short drama, I really hate dramas with  chapters where in general, they lack inspiration and repeat the same clichés like amnesia, breakup forced by a family member or ridiculous misunderstandings all along , as well as
scenes in repeat mode to recall memories.
- It has a happy ending.






Read More",시를잊은그대에게
36,"A Poem a Day is a soft, calm and balanced drama, history is a key point for a drama that can be classified as not being excellent much less disappointing, evident that technically it has flaws, something here another there, but nothing of more, I liked the story, the excerpts told in the form of poetry is the climax of this poignant and why not funny story of overcoming and love. Lee Yoo Bi in the role of sympathy, ""aggressive"" Woo Bo Yeong and, Lee Joon Hyuk the heartthrob in the role of Ye Je Wook draws attention in history, outstanding performance was their positive track, soundtrack, good, nothing new, accustomed to the classic contemporary of romantic dramas is also present in A Poem a Day that cinematically is beautiful, I liked the scenes and filming, I found missing something, more cute and romantic scenes.
Read More",시를잊은그대에게
37,"I TOTALLY LOVED THIS DRAMA...
It was super smooth and healing. If you wish to take a brake from all those serious and emotional dramas , then this drama may help you. It made me laugh a lot , and the characters were all portrait in a positive way and that made this drama a better one.
Still talking about its negatives :
> The character Dr. YE needed a bit of development , actually a lot though .
> Dr. YE is one among the main leads and that means his feelings and thougths needs to be exposed to the public.
> Though he's a main lead his portions were no better than that of a supporting character. The director could have shown the reasons behind Dr. YE's behavior , his family and the reason behind his last work and his break up. And most importantly the something stage between the leads were not clear. It didn't clearly state Dr. YE's feeling towards the female lead at the starting episodes like how he fell for her and how he had a hard time to know and control his feelings.

In short my one and only problem is that DR. YE [played by LEE JOON HYUK] didn't have a character development by being a main lead while the supporting roles and even actors playing guest roles had the justification for their roles.
Read More",시를잊은그대에게
38,"This is such an heartwarming drama that's perfect when you want something light and want to feel better. This drama doesn't have a big plot. On the contrary, there are some episodes where it doesn't seem there is a point. But I don't consider that a fault (although I understand that those who love plot twists will find this boring).

The main focus of ""A Poem a Day"" is reality and the routines of various people of different ages who work as physiotherapists. The story followed what they went through (even though it focused on some characters more than others) and the hardships or joys of their lives, all of that accompanied by beautiful poetry. I think the purpose of the story wasn't to engage the viewer and make him/her wait for the plot twist, but push the viewer to reflect on life and to be comforted by the words of the poems. Like I said, the drama followed the routine of these people, and it showed that sometimes life gets better while other times it's not the right moment yet and we have to keep holding on to get what we want. Of course there were also funny moments (I laughed a lot watching this drama) as well.

The main storyline mainly revolved around the female protagonist Woo Bo Young. She was very likeable, at times naive, but very enjoyable and realistic as a character. I think the point here was to see her grow up, especially in the love department. She easily likes people, so this drama as a ""sort of"" love triangle that was shown to make us see how Bo Young grows from immature love (represented by the immature Min Ho) to mature love, represented by Doctor Ye. But Boo Young also grows by doing her job, and gains more experience. So ""A Poem a Day"" is most of all Bo Young's journey. After all, she is the one who wanted to become a poet.

Regarding the cast, I had watched Lee Yoo Bi in other dramas and I knew she was good. This drama made me discover Lee Joon Hyuk (who I think should be the male lead somewhere, sooner or later). I really liked their pairing on the drama because they had chemistry. I also liked the rest of the cast because you can tell they all got along while filming, making me believe that they were a tight group of friends IRL.

I can just repeat that this drama may not be anyone's cup of tea. But if you're in the mood for light, cute, no strings attached, emotional... then you should watch this. If you want a drama that'll play mind games with you... then this is not good for you.
Read More",시를잊은그대에게
39,"STORY: I hate to say this but this drama didn't really leave that much of an impression to me it was a slow start and at the end I ended up skipping some parts. But I liked the idea of a story of other professions in the medical field (Actually I am a Physical therapist myself so I can really relate on this show, unfortunately it just didn't clicked to me as much as the other shows). Although, I actually did liked the poems shown in the show it was nice and lovely.
CAST: Atlast! Lee Yu Bi finally has a lead role, I keep on seeing her on a lot of drama's actually but she was never the lead hahaha, I loved her in pinocchio (she was so cute) she's a good actress indeed. Also, the main lead and second lead (I don't remember their names) were so cute and handsome!!!
MUSIC: Honestly, the music didn't grip to me and I can't remember any tunes unless I search it up on youtube or something, it's just forgettable to me (sorry!)
REWATCH VALUE: Err, so far, I haven't rewatched this show yet since I was done watching it months ago... but I would probably just watch this just because I liked the change of heart and character of the male lead in this show, I liked that he was so aloof and nonchalant in the earlier episodes and gets to be so sweet and lovely the next (especially when he tries to hide their relationship and FAILS, bwahahaha)
OVERALL: / - could have been higher if they atleast had a lot of kissing scenes, LOL (but sadly they only had two or three if I'm not mistaken)
Read More",시를잊은그대에게
40,"UNDERRATED
Found this drama after almost  year after the release. I feel that this drama is so underrated I guess?? It's so good and cute story. This drama actually deserve to be my top  Korean drama all time.

Let's talk about the storyline. it's just a simple and light storyline, no plot twist at all but it's still good. Compared to another medical korean drama, this drama more focused on the romance instead of medication itself. It's make sense because it's only about rehabilitation and therapy. I just have problem with the ending. (SPOILER). Why the clear couple not reveal about their relationship to their colleagues???? Gosh I'm actually waiting for that moment. I want to see their colleagues reaction!!!! It's must be fun but the director doesn't put that part. Such a waste or I just miss that part????

The acting is just so so for me. No lacking for all cast. Such a great work especially the both main lead. Not gonna talk about that because I'm not an expert about acting career lololol

Ah. The poem in this drama actually so good. I'm writing all the poem in every episode into my diary.
Read More",시를잊은그대에게
41,"this drama just to watch once when u want something smooth without giving u a headache
i really enjoyed the acting it was brilliant

but i didn't see anything extraordinary at the story at all
or see the significance behind

yes it shows how all we had our own prob. to deal with
but many times i felt the stories are parallel to each other & had no connection

and the romance was reeeeeeeeeaaaaaaally COLD really

the drama had many open endings for most of the stories
which established the feeling inside me that the drama was for sure ( lukewarm) and the plot wasn't strong

any way it's for sure not my cup of tea
Read More",시를잊은그대에게
42,"After watching a whole slew of Korean dramas with similar plot lines, A Poem A Day was a very refreshing watch.
The story was unique, the relationship building between the different characters was quite good. There weren't any instances or scenes where anything was left unsaid or kept the viewer in mystery. I loved the OST, the cast and a very unique fact was that this drama is quite simple.
There are no plot holes, or complexities as you see in other K- dramas. All in all this was a very interesting watch and I would further go on to say that this drama is a must watch for those who love the Romantic Comedy Genre!
Read More",시를잊은그대에게
