,reviews,title
0,"First off, I really enjoyed this th season or reboot of the show. I didn't realise the show got another season and season  was getting kinda...well, strange...so I had stopped watching but I really wanted to give the show another chance and OCN really showed what it can do.

The cast has changed, again, from the previous seasons, except for a few leading characters. I love that the leading characters returned, it would be heart breaking if not, but luckily we get Doctor Han, Detective Kang and also Doctor Jo back. We also get a bunch of new characters but this time around, compared to season , you notice that they are more experienced actors and older because they fit the show a lot better than the new actors in the previous season. The new characters fit quite well and make the show even better. But also the villains showed amazing acting.
The storyline itself is more to earth than the previous season but still gives you a little mysterious and over-top like what you are used to from season  and . I loved that we also get some background to some characters as well as get to explore the dynamics between Han Jin Woo and Kang Kyung Hee more. Just get married already!
Also I'm definitely gonna rewatch. Not today and not tomorrow but I find myself always returning to God's quiz.

If you have watched the previous seasons I highly recommend this one too. If you have not watched it...well, maybe at least watch season  and another season just to get you a little bit up to date. This show proves that following seasons/installments are not always worse than the previous ones.
Read More",신의퀴즈5
1,"More Dr. Han Jinwoo
I was always a big Fan of this Series. I Loved the Cast and the Stories behind every Illness and Episode in every Season so far. When they announced the new Season I was so happy that this Storie finally got a continuation. I enjoyed every new Episode and the Love Relationship between our Inspector Kang Kyung Hee and our lovely Dr Han Jinwoo. We got a lot of new content and new Insides behind his Background Storie. The Villian again did a good job and we got a lot of Heart attack moments.

Thanks to the production team for more Dr Han Jinwoo jokes and smart ass affairs. I laughed a lot.
Read More",신의퀴즈5
