,reviews,title
0,"Good starts promise a good watch, and this enraptured me from the get-go. I am not big on watching or reading things surrounding school; however, what captured my attention was the highlighting of adults’ struggles when it comes to school violence. This was not about students alone, but teachers and parents too, and I appreciate those shifts in perspective. Furthermore, it did not brush over any harsh details while discussing bullying; neither was it afraid to delve into the cruelty of children, because, let’s face it, some children ARE cruel. But it also prevented painting every occurrence in a black and white stroke.

The life of this drama lay within the situation it had created that allowed the writer to explore the helplessness that is integral to human nature. It discussed how environments shape people, how parents shape children, and how the basic instinct to protect your offspring can have far-reaching consequences. It did not limit itself to calling bullies the scum of the earth, and unfolded their domestic situations and personalities. It depicted many kinds of bullies: one doing it for pleasure, one doing it under pressure, one attacking what they cannot have, and one acting as a bystander. There were also those who redeemed themselves and those that went on with life. Moreover, the relationships the writer had drawn were really heartfelt. My favourite was Moo Jin and his student Dong Soo's consideration for each other. The side stories and characters had a purpose, either acting as an insight into the characters or served to help them grow. Not to mention, I became attached to them, and so will any viewer, I am sure, especially to Dong Hee and Dong Soo.

This drama happens to be one of the rare cases where flashbacks did not become an intrusion because the transitions from present to past and back again were edited nicely. The imagery was great as well, for example: Joon Seok lived in a glass-like house, very telling of the prison-like environment imposed upon him /, and then there was the warmth of Seon Ho’s home. The reference to The Catcher in the Rye was befitting to the topic at hand.

The pacing could be painstakingly slow at times, but it’s a melodrama, so it is a given. I think the writer could have stretched the show to two more episodes to cover the aftermath in a better way, or the given time should have been used more efficiently by cutting out repeated moments and adding in those worthy of being shown. I think Joon Seok’s redemption and new-found friendship with Dong Soo had great power and should have been explored further. Had Seon Ho gained consciousness earlier, the writer could have effectively handled this and could have made it a better story. Aside from that, there were a few questions they never answered, like Seon Ho’s password. I also noticed how the police felt a tad unprofessional with the way they treated the case earlier on.

Joon Seok was one of the most complex characters in the whole show, and I applaud the actor for bringing him to life; I went from hating him to feeling sorry for him till finally wanting a better life for him. The child actors did a brilliant job at their roles, and so did the adults.

The OSTs were soft and very pleasant to the ears, despite the tears they resulted in. I think they will go to my playlist. One of them, however, was a hip-hop sound and would have felt out of place had they used it as BGM, which they thankfully did not. , a sensible choice of background score.

I don’t think this will be one in my rewatch list, mostly because it is a melo and I get impatient easily. However, a few moments tugged at my heartstrings and had great power in their subtlety so I might return to them.
Read More",아름다운세상
1,"Beautiful World emanated full of bodacious feelings from the start. What started with a mere bullying scenario for which a  years old had to pay a heavy price ended up with completely different case. Young adolescents were involved in despicable act ostracizing their peers, instigating wrong doings, fawning, wheedling and so on. Often the mixed emotions the people of this age feel make them indulge in many activities which they mainly do out of impulse. Knowingly/unknowingly they go through so many changes that can be overwhelming to deal with. Although through dramas, movies or social awareness related programs in schools, parents are always reminded to be extra careful with the adolescent children; however, they are the ones remain in oblivion most of the time. Teenagers are on the otherhand constantly reminded of not getting afraid or to seek adult’s help are often times refrain from doing it since in many cases adults seem blasé or mordant to their problems. The story focuses on the root causes of the problems. Mainly the children who have feeble familial bondage, suffer from lack of appreciation, reared in an ostentatious environment, continuously taught about social stratification are most likely cause violence in their academic life. Sprouting from extreme abomination they have for themselves gradually being passed on to their seemingly weaker peers out of jealousy. When their formidable act goes out of control then interferes the adult (teachers, parents and the authorities) creating foment and coercion instead of bolstering them positively for their won betterment. Eventually they fall into doldrums; either destroys themselves or their supposed same aged victim.

Keeping this the main theme, which I suppose the writer got inspired from the book Catcher in the Rye by J. D. Salinger, the dramatization took place with some usual dramatic formula. Although it ended with a little unexpected twist but still it maintained to retain its main essence till the end. As the very name of this drama, the makers also ended it in a positive note rather than making it into a heart wrenching one, signaled from the first episode. The story dynamics and the pace of progress per episode was interesting all through.

Also liked the little optimistic message it delivered in the end – to always keep our hopes up and only move forward in order to make everything beautiful around us.

Bullying is a sensitive topic and is a wide social problem in South Korea. No wonder they always try to highlight this issue through visual media to indirectly create awareness. The mood of this drama and story writing is commendable by Kim Ji Woo. She has a certain style of writing which I really love. It exudes somewhat similar feel like the drama Memory and later found out she is the screenwriter of both of them. I just did not like the camera work - the peeping style camera angle or the extreme close shot of every face - which actually gave me a headache. Directions, OSTs, acting by the ensembles all were praiseworthy. All the child actors were excellent, mainly Nam Da Reum and Seo Dong Hyun. Seo Dong Hyun was remarkable in playing the negative role. Unimaginable, how he could manage to pull the skill so maturely at such a young age. He was phenomenal in portraying the evil expressions. Nam Da Reum is always exceptional. They both have the brightest future ahead. The actors in their parents’ role all gave their best performance.

All in all it’s a well - written, directed and acted- drama no one should miss.
Read More",아름다운세상
2,"% Recommend
This drama is hands down one of my all time favorites. Everything about it is so good. The acting, the storyline, the OSTs, etc. I recommend this drama to anyone that is looking for something new to watch. I’m a sucker for dramas that can make me bawl my eyes out and this is one of them. If I had a list of top dramas, this one would fall in seconds place; right after Just Between Lovers.

Of course everyone may not have the same option as me but I wholeheartedly believe that this is one of the best kdramas out there.
Was this review helpful to you? Yes No",아름다운세상
3,"Beautiful World follows the footsteps of SKY Castle, with less humour and more drama.

The series overall was dark, packed with emotions and followed a thrilling mystery. The pace, actually, of the story was managed pretty well and that helped the story a lot. The characters and the performances by all actors and actresses were brilliant and added a lot to the whole drama.

One thing that I, however, didn't really like about this drama were the final episodes. The cases were almost solved and the drama didn't really have much to offer. Therefor those episodes lacked intensity.

So, eight out of ten.
Read More",아름다운세상
4,"This is the first drama Nam Da Reum was place as main role and I was so excited and everything but his acting was so limited in here. I wish they had him wake up earlier than he did because it ended up rushing the last episode. Nam Da Reum Is my favorite child actor I watched almost all the dramas he’s been in and his acting in one point everywhere. I just wish he has woken up earlier than the had him wake up :( but in my opinion this drama is a / to me so many emotions, I cried every episode and the acting was one point for everyone ❤️

Rewatch value: The reason why I rated it so low is because it too emotional to watch the whole drama again, but I will go back to some scene to rewatch. This is the first time I won’t be able to rewatch a whole drama that I really liked :( can’t really afford to cry so much again.
Read More",아름다운세상
5,"Beautiful World is a Korean school drama about bullying and its effects. The story takes place at a private middle school and is about Park Sun Ho's parents journey on uncovering the truth about their son's accident. The drama talks about the influences that parents have on their children, school corruption and the effects bullying has on people around the victim and the people around them. Even though I am an adult myself, this drama made me hate most of the adult characters in this drama. The parents of some of the bullies were even worse than the bullies themselves and some of the adult characters were downright despicable. The cast was great. They played their characters very well. The soundtrack was downright depressing but it was good and fit the drama very well. , I would recommend this drama.
Read More",아름다운세상
6,"I randomly decided to give this drama a go since it was different, the best decision I've made.
This isn't a romance or a thriller or a comedy. It is a drama about family and corruption and crime. The characters are incredible every single one of them has an important role to play from the main family to the driver of the rich no one is a spare part. The way it is filmed also adds to it, the house that is designed to feel like a prison is the best.
This drama will make you cry and smile and seek justice throughout, the ending without spoiling is very well done, I bumped up the rating because of its incredible ending. It is a heavy drama that deals with many issues including suicide, bullying, sexual assault and more so do be wary.
I have to say my favourite character is the daughter she is so strong and mature her personality and the way she deals with things is incredible.
Please give this a try it deserves so much love for such a well made drama, everything is so well done.
Read More",아름다운세상
7,"Memorable, Unforgettable, with excellent cast and character carrying the whole drama. Finally after so many years writing a show with lack of heart despite good structural like Shark and Fermentation Family, This drama become a turning point to this duo for me. This drama is definitely one of those case where the good guy and the bad guy get equally flash out, totally add realism with depict various character and people reacting to certain tragedy which involved various characteristics of human being. each scene is so delicious to watch. Shot out to Kim Ji Woo to use a  episode fully well without a break and unnecesary scene and get to the point of narrative straight away without giving us useless or gimmick scene to please viewers. It might be not one of their best drama, Because the resolution is abit cotton candy. But nevertheless, will stay in my heart for a long along time. A Great drama won't work without excelent cast, and I'm still believe in that, Oh Man Seok, Park Hee Soon, Choi Ye Jong and Choo Ja Hyun give one of their best performances to make this drama become unforgettable for me.
One of the best of this year and I'm not exagerate.
Read More",아름다운세상
8,"The acting was great, with lots of tearjerking moments. The child actors also did a good job.
I think the drama did well with the topic of bullying and how distressing it can be for the victim and their loved ones. On the negative side, this did not have to be  episodes long with a one-hour format. In the middle the story started to circle and got a bit tiring. The use of the main theme sound was too repetitive, I would have preferred an instrumental one.

This doesn't have a good rewatch value. For a nd time, you'll have to skip around to enjoy the gripping bits of the story again.
Read More",아름다운세상
9,"First of all, if you think this drama is about bullying, it's not, well the focus is not on that. The focus is uncovering the incident on how & why Sun Ho had a near death experience when he fell off the school's rooftop. That led to his parents investigating and finding their own clues when the police couldn't do much due to lack of evidence and law regulation they must followed. The only part where school violence actually comes in is when video of the boys playing ""the avengers game"", pretty much beating up  guy or in this case Sun Ho. Otherwise, it's more of a personal investigation which leads to many events unfolding, all connecting to each other.

: It was an interesting plot but somewhat predictable that the one with the most power ends up being the root cause of it all. Nonetheless, I enjoyed it but could've been handled a bit better in my opinion. The ending felt very rushed. Too many things happened in that last episode. Instead a lot of it should've been spread out to previous episodes. Same goes for Sun Ho's awakening. That took way too long too. If he would've woke up a lot earlier, I think the plot would've progressed smoother. That would've let more time with Sun Ho's interaction with other characters and give him more lines since most of his lines were only in flashbacks. He was in bed for most of the drama. I wasn't too fond of that, knowing he's a really good young actor.

: All of the cast did a good job but only two of the cast members shined for me in this drama. Cho Yeo-Jeong did a great job as Eun Joo. She convey her role really well from being a person that shows that nothing is wrong to a panicking & frantic person. It's very believable. Seo Dong-Hyun also done a great job at showing his evil side of his character and the vulnerability side of Joon Seok. I went from hating the guy to feeling sorry for the dude. I'm usually impressed with Nam Da-Reum's roles but it was limited in this drama so I'm kinda disappointed by that.

: The osts are on point. Loved every soundtrack and they all fit very well. From Haeun, Hanbin - Over the moon to Tiger JK & Bizzy - A Beautiful Lie, I loved hearing it everytime it was played whether it was in the drama itself or at the end of episode when they're showing a preview for the next episode.

Rewatch: It's too emotional for me to rewatch as a whole but certain scenes and episodes I may come back to just because it was performed very well.
Read More",아름다운세상
10,"Since I watched the K-drama Sky Castle first than this drama, I can't help too think that this drama is just another SKY Castle too. If you watch sky castle it is almost the same as this drama, These dramas are also both under/shown in JTBC. As expected, JTBC is really good in genre about family, education, and youth (SKY Castle, Beautiful World, At eighteen, etc.).

The actors and actress who played the characters are awesome, especially Kim Hwan hee. The OSTs are good too and after I finished watching this I felt warm. And I also like the family, friends, and siblings relationship in this drama.

although in my opinion, the plot is too slow and some parts and episode gets boring.
I'll give this drama a /. If you want too watch this then go ahead, but for me I prefer SKY Castle than this drama. But both dramas are awesome.
Read More",아름다운세상
11,"This show will make you feel sad, hopeful, and just every emotion. Well thought out characters and a realistic look at childhood bullying. I was just awed by every single actors performance. Kudos to the young cast who did such a great job showing emotional range especially Nam Da Reum and Seo Dong Hyun who played the antagonist bully and still made me care about his character and his misery of being trapped in a house of reckless and thoughtless people. It was clear he just wanted someone to believe in him and to make him feel like he had a chance despite doing what he did to Sun ho in a fit of resentment and in retaliation to his mother and father's terrible parenting. Choo Ja Hyun was just brilliant in her portrayal of a broken, hopeless mother who goes through hell because of the son's accident and when she realizes she doesn't know her kids as well as she thought she did. I think every parent and every teen should watch this drama to see its hopeful message. That violence only begets more violence and peace can only come from rational, but empathetic approach to the problems of the world. I also loved that they showed respect to the under age character even when they were ""bad"" and actually explained why that's necessary. And also why it's important to not be swayed by rumor and act without someone getting an actual conviction because often times what seems like an open truth might have other sides to the story.
Read More",아름다운세상
12,"
Everyone loves Nam Da Reum, because he is very talented and sweet, but in ""Beautiful World"" the biggest star is young Seo Dong Hyun, who portrayed the complicated character of a boy (Joon Seok) trapped between family ambition and longing for true love and friendship. It was a pleasure to watch him and his emotions.

Drama is not easy. The beautiful world is full of lies, greed and violent. But it isn't a simple crime story with detective work, because the scenario tells about parents' moral responsibility for children, as well teachers' for students.

One of a big advantage in this drama is a cast: there are second-line actors who usually don't play the main role and here they can shine.

The story, acting, filming, music and directing are good. I highly recommend, the drama has not flaws. You will sincerely hate the bad guys and love the good ones.

Read More",아름다운세상
13,"The beginning of the story was intriguing, parents who wants to reveal the truth regarding the incident. But halfway, I start getting bored, luckily the last episode saved it. I feel like the story revolved too much with Joon Seok being the bully. Nevertheless, the show gave the right ending.

I didn't know much about the cast aside from Nam DaReum. I thought he'll showcase more of his acting, but he's on bed all through-out and just having some scenes through the backstory. Even so, I didn't know much about the cast, they did act well.. Specially the young guy who portray as Joonseok. His acting is good!

Not even one OST stands out. But I don't think it's bad. It's just not memorable to have me singing on it.

As this is a melo, I don't think I'll have it on rewatch. \

, I gave the drama  although I won't recommend it that much unlike other melo dramas.
Read More",아름다운세상
14,"From the beginning of the drama, the first scene struck me. I knew this would be a heavy drama for sure. The music was on point and I'm loving the transitions.

This story focuses on the evil higher ups covering up the crimes of the  rich kids (plus  more boy) involved in bullying Seon Ho. There will be a lot of frustrations and impatience regarding this so a gentle reminder to the viewers... this story will begin a bit slow but gradually it will get better. You will cry, be angry, and flipping lots of tables too... remember to get some tissues.

The story begins slowly with Seon Ho felling from the rooftop to his parents and sister wanting to know the truth behind Seon Ho's bullying. From episode -, that's when things sped up. Da Hee and the ghost girl definitely knew what happened that night. It's obvious who were the perpetrators but it's the fact that the school is trying to cover it up leading to this and that.. like a tug of war. But I believe Justice will be revealed.

The last thing I want to say is that Seon Ho's sister is the character to watch out for. She's the smartest girl and the most developed character though sometimes she makes few troubles here and there. But, she is mentally strong and she's not afraid of showing her badass side. :) She is my favorite character and you will love her too~
Read More",아름다운세상
15,"my favorite characters were Seo Young Joo (a total srs), Lee Ki Chan (student), Park Seung Man (teacher) and Shin Kang Hoon (detective), also Choi Ji Kyung (reporter).. it's easier to fight for your cause then to fight for someone else's?
the overall plot though was really basic, the same old story told the exact same way with slight drag and a small twist? and things seemed to ""wrap"" up fast after all of that fighting..
+ the raw emotions, I'm a sucker for a sob story and this made me tear up alot..
+ the characters and the acting
- it needed less episodes, maybe ?
Read More",아름다운세상
