,reviews,title
0,"It wasn't perfect, it wasn't without it's faults, but it was a drama that I really enjoyed watching!
-The story centers around Cha Joo Hyuk, who is miserable with his married life. The drama focuses on how his one choice changes the world that he has always known. Not just for him. But for everyone he has known and loved.

- Frankly, I'll agree with everyone who says that Joo Hyuk was an immature selfish jerk. I'll say the same thing. He was everything that people described him as. But REALISTICALLY so.
We, as viewers, are used to seeing a male lead who is righteous and is ready to sacrifice himself, for the female lead, at the very least. But Cha Joo Huk wasn't like that. Not at the start anyway. The choice he made was solely for his own happiness. But dare I say I understood Joo Hyuk? Don't get me wrong, I didn't like him either (not for a long time anyway), but I get his character. If faced with a similar situation in similar circumstances, maybe not everyone but still more than a few people would make the same choice.

- Again, this will probably go against general opinion (from those I read on different places), but I liked the character development of Joo Hyuk. And yes, I do think he had one. He started out a completely self centered jerk, who only wanted his own happiness. He blamed his wife for his unhappiness. But slowly, as he got to know his own faults, as he realized his own mistakes, we started seeing his character grow. He wanted to make her happy. Even if it wasn't with him.

- Enough about the male lead, let's move on to the female lead. Woo Jin... At first she is portrayed like a ""monster"" who has a really short temper and is extremely violent. But later on we get to see what made her that way.

- One thing I really liked about this drama was the fact that how BOTH the leads were far from perfect. Although Joo Hyuk might be more so. Nevertheless we get to see them try and become better person. Both individually, and together.

- I really enjoyed the chemistry between Han Ji Min and Ji Sung. As a married couple, and as a non-couple too, they were believable.

- The second female lead- Hye Won. She is portrayed as a materialistic and vain person. I actually think she wasn't as bad as they were trying to show her. She behaved like she was entitled to everything, but she wasn't evil or villainous like a lot other SFL.

- The second male lead Jong Hoo, was a really good character. He was charming, but he never overshadowed the male lead enough to give you SLS. I really liked the bond between him and Joo Hyuk. It wasn't exactly bromance but they had a really nice friendship.

- All the other secondary characters were fun to watch. The mysterious ahjussi, Joo Eun, Woo Jin's mom... Everyone. My favorite was Sang Shik. His emotional scenes always got me smiling.

- Also Jo Jung Suk's cameo! Loved it! The whole thing was so cute! Joo Hyuk 's reactions XD

- As for the one thing that bothered me was about the children. How could they give us one, just one scene. I think everyone is aware of the fact that a parent child bond is truly a special one! So how could you not, writer-nim? This is just one thing I cannot get over.

- , I really, really enjoyed this drama! It has everything, a spectacular cast, and intriguing storyline, a good OST. So please give this drama a chance.

Happy Watching!!
Read More",아는와이프
1,"Time travelling misogynist comes to term with his mistakes and is given a second chance.
""Familiar Wife"" is yet another excellent drama from our friends at tvN that gives a new spin to that old trope of travelling back in time to change the future for better -- who wouldn't want that? But no change comes without its consequence as Cha Joo Hyuk (played by Ji Sung) learns that his inability to communicate with his wife Seo Woo Jin (played by Han Ji Min) and the contemporary reality that women have to bear the brunt of housework, family, and their own jobs forms the perfect storm for a spineless male lead character to become desperate in his own misogyny and breadwinner mentality that he seeks a way out of it.

:

- As most dramas produced by tvN you can expect a decent quality story that resolves around Ji Sung and Han Ji Min's characters, their relationship, the effects and consequences of time travel, and somewhat of a social commentary (as far as any k-drama go) on marriage and couples. Cha Joo Hyuk (Ji Sung) quickly realises that despite his escapist yearning and selfish decision to alter the present his new life becomes a ceaseless battle as he embraces that he still loves Seo Woo Jin (Han Ji Min) but also has to content with the new reality he lives in. Meanwhile Seo Woo Jin (Han Ji Min) has her own life and agency, but also experiences side effects from time travel and a curious familiarity towards Cha Joo Hyuk (Ji Sung). Details about their past are featured prominently through flashbacks that blend seamlessly with the main plot and explain why things are the way they are.

With many heavy hearted moments between romance and melodrama, there is also time for some comic relief and humour between the cast which offers some relief from the overall seriousness of ""Familiar Wife"" -- for its less 'realistic' aspects, this is a mature story that covers the ups and downs of being married and how uneven relationships do not work and are toxic to the point they slowly transform people from their best into their worst, whether they can recognise it or not.

""Familiar Wife"" concludes in a very heart warming way, delivering a satisfying positive ending after such a long journey even though [in my humble opinion] Cha Joo Hyuk (Ji Sung) didn't deserve it.


:

- After two years absent from drama series, Han Ji Min makes a triumphant return and is arguably the acting powerhouse of ""Familiar Wife."" Seo Woo Jin stands out like a bright sun and Han Ji Min displays her skill and versatility as an actress, making her character feel true with all its quirk.

Ji Sung and Kang Han Na are also prominent actors in this story but I would say that despite all his experience and screen time Ji Sung fails to deliver most of the times except in the more emotional, heart catching moments of the story while Kang Han Na fits the shoes of Lee Hee Won perfectly both in attitude and aesthetics, though some people may have some criticisms over her actions and embodiment of certain stereotypes/tropes.

""Familiar Wife"" has a pleasant cast of friendly characters and actors that fit well into the story and play the role well when the time demands so, some even having their own side stories with pinches of romance and family drama that involve the leading characters as well.

:

- ""Familiar Wife"" has a fine soundtrack with a few notable songs that play during crucial points of the story as well as at the beginning of each episode. The music itself matches the tone of the story and never feels repetitive.

:

- With  episodes of (more or less)  minutes each the re-watch value is high as there are many scenes, especially the flashbacks ones, which are worth revisiting for their good nature and simple joy, not to mention the more romantic, comical moments that happen in particular episodes.  pacing of the story is good with the exception of episode - where the plot seems to slow down to stalling point but it quickly picks up back again episode .

--
""Familiar Wife"" is far from being a ""perfect drama"" (I don't believe those necessarily exist) but it's a very compelling story in the world of the time travelling trope, and if anything it's worth watching for Han Ji Min.
Read More",아는와이프
2,"I’m going to start this off with the fact that right from the beginning, I wasn’t a huge fan of the story of this drama. All throughout the drama, I’ve been convincing myself that I should keep giving it chances to redeem itself and here we are now, after the very last episode. This drama could have been shortened to at most  or  episodes, but the writer decided that it was a good idea to extend this up until  episodes. There were plenty of scenes that this drama could have had without. Yes, I’m talking about the drama between Joo Hyuk’s bank colleagues. I think that it would have been alright to include those scenes if they would have some sort of impact to the main characters’ story, but there really wasn’t. I suppose that the stories about the other bank workers are a “break” from the main characters’ story or perhaps “comic relief,"" but there were just too much of it and it did very very little or nothing to progress the plot.

As for the main characters themselves, right off the bat, we are shown that both our male and female leads are flawed. Now that is fine, because we all love to see how their characters would develop and how they could possibly fix their past mistakes. But the writer was so good into turning the viewers’ feelings of “neutral” to “dislike” up until you’re seething with anger and hatred towards the characters that you’re supposed to sympathise with and like. Our precious main characters are quite the selfish people and their fated love prevails everything else to the point that they were cheating on their respective partners. I’ve never quite watched a drama where the writer romanticises cheating to follow one’s heart and not feeling guilt whatsoever for one’s wrongs. Anyway, since the point of the story seemed to be a better relationship between the main characters, the last few episodes would not disappoint you.

But despite such a mess of a drama, the actors did very well to portray the sort of characters that the writer had given them. I especially appreciate the acting from Park Hee Bon (Cha Joo Eun) and Oh Eui Sik (Oh Sang Sik) as I enjoyed their characters’ addition to the drama. Their portrayal of a married couple, I found, was more enjoyable than our main characters’ love story. If you are a fan of Han Jimin or Jisung, I’d say, you’ll appreciate their acting as always, but I hope that their characters here would not make you like them any less.

If there is anything that I loved from this drama, it’s the OST. The songs fit so well with the overall vibe and every time I hear the songs playing, it would sometimes make me forget that the drama has such a messy story. Even if you, who might be reading this now, was planning to watch this drama and decided that maybe you’re not going to watch it after all, at least give the OST a listen. I recommend Roy Kim’s “No Longer Mine.” Likewise, N.Flying’s “Let Me Show You” and SF’s “Love Me Again” were good songs. Both groups did so well with the OST.

In the end, I wouldn’t recommend this drama and I would not watch it again. The drama has redeeming qualities here and there, but despite that, this story hasn’t completely won me over. I know that there are others who enjoyed this drama so don’t let all the negative things that I’ve mentioned here stop you if you really were keen to watch it. At the end of the day, this is just my opinion amongst many others and perhaps I’ve just failed to see all the positive things about the drama that could possibly outweigh the negatives.
Read More",아는와이프
3,"Familiar Wife deserves a solid , because it was just beautiful. I enjoyed every episode more or less.

I was really hyped about this drama since the plot reminded me of Go Back Couple which I loved, plus Ji Sung was the main lead. And, of course, the writer of Weightlifting Fairy KBJ. I couldn't ask for more.

However, the beginning disappointed a lot of people, because the plot seemed to be too similar to Go Back Couple and the characters were... not really likeable. But trust me, it gets better as the story progresses.

It's true that the plot is pretty similar to Go Back Couple, but there are a lot of differences. I still feel like the point of the two dramas is completely the same, but it is showed in a different way. Familiar Wife is more dark-themed, it felt too realistic although it's a time-travel fantasy.
I can say that the story developed well - the relationship between the main leads and the other characters was progressing with every episode. Ji Sung and Han Ji Min had good chemistry, I truly believed that they loved each other.
I didn't like the last episodes though (except for the ending). The plot felt too dragged, as if the writer was asking herself''So... what now?'' There was toooo much time-travel that it became confusing and sometimes boring. But the ending was beautiful and touching, I loved it. It was written well.
Yang Hee Sung is really good at writing characters, I admit. Maybe the thing I loved the most in this drama is how realistic all the characters looked. I mean, none of them was perfect. They all had their own negative sides, they all made mistakes and they regretted them. Especially Joo Hyuk, I've seen a lot of negative comments about his character, but the truth is that he was just a human being.

The acting was brilliant. Ji Sung never disappoints and Han Ji Min pulled off her role as well. Kang Han Na is really good at portaying this kind of characters, she deserves more.

Familiar Wife teaches you how important is to talk and listen. It proves that we should speak out our thoughts and problems. Because communication is important not just in marriage, but also in any kind of relationships. So if you are looking for something light and romantic that will make you think about a lot of things, then watch this. You won't waste you time, trust me.
Read More",아는와이프
4,"This drama truly made me mature.... it showed me how to look upon life and how to value my own and the life of other people. To put it simply, the difficulties the protagonists ran into really helped me to overcome these difficulties on my own. This drama is a necessity for the general public since it educates you on your view of life and Love..... Please give it a try and please please learn from it... it can only result in good outcomes.

What i personally really like was how the protagonists resolved their quarrels through communication. Something that should be practiced way more in today's society but because of the participants not listening, the communication can not result in making up. I luckily learned not to make mistakes through this drama... it will help you too..even subconsciously
Read More",아는와이프
5,"Most people who see this drama's synopsis will just assume it's another version of ""Go Back Couple"", and there are definitely major similarities, but I would still treat this as a completely different drama. I admit that this is what made me reluctant to watch myself until a friend recommended it. Without giving away too much, the premise is basically the same: A man who feels trapped in a miserable marriage gets the chance to go back in time and possible change his future for the better. It's a pretty common trope, but the cast really made this one not only entertaining to watch, but a story I really became invested in, in spite of it's pretty unbelievable premise.

One of the best things about this drama is the cast. Every lead and supporting character is exceptional, and makes this a great ensemble. Ji Sung plays the sensistive and passive male lead Cha Joo Hyuk and is matched with Han Ji Min as the extremely aggressive and tempermental Seo Woo Jin. They actually have amazing chemistry, but what they also do well is portray one of the most frustrating to watch couples in all of dramaland. You can probably find reasons to hate both of them, and definitely hate them together, but that's what makes this drama work so well. It really makes you think about what it can take to make a relationship work, and what makes it worth it... or not.

This drama doesn't just focus on the main couple's drama but there is also the entertaining characters working at the bank (I loved all of them), as well as Joo Hyuk's bffs and sister, Woo Jin's mom, and Joo Hyuk's crush. Part of the fun of this drama is how they all interact with each other even when things change. There's also a lot of comedy to keep the story from feeling too depressing, or heavy handed with nostalgia and regret. The whole cast really worked well together. There are also some pretty awesome cameos and references to other dramas that were maybe unecessary, but a nice touch.

I gave the story a slightly lower score, even though I was very entertained from beginning to end, because a lot of it is pretty implausible. It's best if you turn off your logical brain and enjoy the ride. I also had an issue with the mysterious homeless man character, who I really liked as well, but I wish his backstory was a bigger part of the story. However, the writer did do a good job of giving every character some time by the end so there didn't feel like there were any loose ends or unresolved stories.

Would I watch this again. Definitely. I admit that I was so annoyed by the main couple in the first episodes that I would love to rewatch it all with a different perspective. The cast alone is entertaining enough to make me enjoy watching it all again, plus I'm a sucker for stories about learning to appreciate your life even if it's imperfect. I also love ""Eternal sunshine of the spotless mind"", and the mood of this drama reminds me of that movie.

 this drama may not have made me cry like other turn back time dramas, but it's not exactly lighthearted either, and I loved how it presented a more realistic relationship with imperfect characters that I wasn't even sure I would want to see end up together in the end. I think thats what makes this familiar scenario stand out from the rest. Instead of the expected grass is not always greener storyline I felt like this was more about actively working to create the life you want while embracing the fact that it won't ever be perfect. I highly recommend this TwilightZoney drama. If I could go back in time I'd assure myself that this one is definitely worth watching. Also, it's a good reminder that happily ever after is in the eye of the beholder.
Read More",아는와이프
6,"I almost never write reviews, so the fact that this is my FIRST review on this site should account for how much I loved this drama. It's inspired so much emotion and self-reflection in me that I think I've begun to view life differently as a result. This drama is probably going down as my top drama for . I shouldn't have expected anything less from the writer of Weightlifting Fairy Kim Bok Joo, but the fact that she can do just as well, if not better, with a more mature and melancholic topic (whereas WFKBJ was a lighter campus drama) just speaks to how good of a writer she really is.

I think Familiar Wife hits that sweet spot between fantastical romance and relatable reality. Despite the large role played by elements like 'destiny', Familiar Wife never fails to feel like an everyman's story, one that everyone can see themselves be a part of.  Familiar Wife tackles two seemingly conflicting notions about love, showing that they, in fact, go hand-in-hand and complement each other. Should a couple belong together because they are fated? Or because they understand each other, communicate well together? Is compatibility predestined, or nurtured over time after knowing each other? Although Woo Jin and Joo Hyuk are clearly destined together, they still had to put in work to reach a happy place in their relationship. When they didn't, their relationship began to fall apart.

This drama had so many applicable life lessons and such larger than life characters, it was a complete joy to watch them. Characters that started off as unlikeable had such amazing growth trajectories and the situations mirrored real life to such a surprising extent, you could literally see yourself in them. The friendships and familial relationships were so sweet, and every emotion experienced by our characters was so palpable (all credit due to the amazing cast)

I know this drama draws a lot of comparisons to Go Back Couple, but they really are very different when it comes to what they are at their core. Yes, they're both about rediscovering your love for your spouse, but I think Familiar Wife tackles the subject of marriage breakdown more comprehensively and better. It focuses more on the husband and the wife and their relationship dynamics, which I found lacking in GBC, but that makes sense because GBC was more about reliving one's youth and getting closure for things in the past.

Familiar Wife requires a slightly mature and forgiving audience, because these characters are flawed, not unlike real humans. They make mistakes, learn, and make more mistakes - and that's how life works.
Read More",아는와이프
7,"This drama reminds me of two others : Manhole and Go back couple. However, even though those two dramas had a solid plot and purpose of why they were made, this drama failed to deliver. I'm not concerned on it not being original. If the plot is good, why not watch it again with other characters? The main minus, however, that I've found is that the drama pretty much finished in episode . The rest of episodes were some unreasonable and meaningless plot twists, happy ever afters and just cute family life. It felt like the writers didn't know what to do with their story and just rushed to add something to fill the hours that were remaining.
Part from that major setback, the performances by the cast were great by all the actors and actresses and they pulled it off nicely. Also, the drama up to the th episode, was very good and interesting.
Read More",아는와이프
8,"HOW to keep Your FAMILIAR WIFE Forever and Stop her from changing. (this title suits)
The lesson Familiar Wife gives - 'Whatever problems one faces, it affects the other person in relationship and it won't get solved until one changes the approach to react to them.'

Familiar Wife started with already told story as it was in Go Back Couple while describing all struggles a married couple would go through. But in GBC it was more on melodramatic and emotional side. Here in FW, we get to see more practicality of the struggles and problems in a married life.
The last  episodes completely changed tables from an average drama to MUST WATCH drama.

Seo Woo jin is brilliant character who is cheerful, happy-go-lucky and straight-forward person. While Cha Joo hyuk rather comes off as a jerk who makes wrong choices and abandons his wife. But later we know he is a warm-hearted person who didn't know what to do in the past with changing wife who felt unfamiliar to him. He gets better with time and we get to see who is he under the wrap.
Both people had suffered from their incompetency to adapt and lack of conversation between them. Woo jin gets aggressive and Joo hyuk runs away. His character is often considered as a bad and mean person who tried to change his wife because he couldn't handle it. But that makes him more human. Many relations fall apart because there is lack of understanding and every person sinks to self-victimization. So I could understand his struggle and he tries hard once he changes his approach.

As for acting, Han ji min is the show-stealer here. Everytime she is on the screen, you can't take your eyes off the screen. Ji sung is very good too. It's just that his character is late bloomer. Other characters were good too. KUC, Gahyun branch family grows on you.

 is suitable and kinda addictive in some scenes.

Some scenes are really re-watchable and It is a MUST WATCH FOR EVERY MARRIED COUPLE (struggling or not).
Read More",아는와이프
9,"#FamiliarWife is a romance-fantasy drama. If you have already watched the drama #GoBackCouple they have the same concept wherein they travel back in the past, but this drama has a different twist because here he manage to change and choose the different path but later on he realized that he wanted to go back to his present life but he can't find a way HOW. That's were the story runs.
This drama has a happy ending for those who love happy endings. I watched this because of Ji Sung coz I admired his acting skills. I also love Han Ji Min coz she has one of the pretty face in korean showbiz for me. If you love heart wrenching but really romantic dramas, this is for you. Trust me, you will not regret watching this. Many lessons about married life here.

Read More",아는와이프
10,"Could have been a great show, but nonsensical character logic prevents it from being taken seriously
This review contains slight spoilers. I'll try not to reveal too much but don't say you weren't warned.

SPOILERS! WARNING!
---
-
-
-
-
-
-


There is a lot to like about this show. The main cast is good. The directing and video edits are good. Its a romantic drama that isn't too cheesy. There is also a decent amount of comedy in the first half of the show as well (which they should have played up more). As someone who prefer Korean action and suspense thrillers but will watch a romantic drama if its not over the top, the romantic scenes in this series didn't want to make me puke.

However, I couldn't help but be frustrated at how silly and unrealistic the main character(s) acted given the circumstances they were placed in.

The plot is simple enough. Without revealing too much, the main character Cha Joo Hyuk is miserable with his current wife ( Seo Woo Jin) and has the opportunity to significantly alter his circumstances. After taking this opportunity, his new life is exactly what he dreamed of. He is happily married to his beautiful crush from college, rich and living life lavishly without a care in the world.

How long does his joy last? At best, it lasts for about  minutes of an episode. The rest of the series is about him longing to chase his original wife who made his life a living hell while making his current reality terrible in the process (which is ironic, and I will explain why later).

For the astute viewer, this is completely unbelievable. Realistically, almost no human being would throw away a drastically upgraded life to return to something that they acknowledged made them so miserable to the point of wanting to die, unless they are a big idiot. Well, Joo Hyuk is one big idiot so I guess this makes sense given his character? The only reason they write his character to act so unconvincingly is to force the basic moral of the story, which is: appreciate what you have, and realize that everyone needs to take some accountability for life's circumstances. Wow, bravo (rolls eyes).

Joo Hyuk, through various flashbacks, acknowledges that he played a big part in turning his original wife Woo Jin into a monster. He goes through multiple episodes trying to look after her to make up for his guilt in his original life, all while making the EXACT SAME MISTAKE with his current wife, Lee Hee Won, who the show is obviously trying to position as a villain.

However, it doesn't work because a lot of what Hee Won is doing is in response to Joo Hyuk being a completely dumb, selfish, inconsiderate husband, which is how he was to Woo Jin in the original life. Of course, Hee Won isn't perfect. She is a stuck up, rich, only child who throws money at problems and looks down on people because of their class. These are terrible qualities to have, but given her upbringing, she is acting exactly in line with her character. Otherwise, she is very loving to Joo Hyuk, providing him with everything he could want, such as a nice house, car, freedom to play video games, delicious home-cooked meals, hot marital ""love"", etc. If I had to pick between the post-wall abusive housewife from hell or a rich, beautiful princess with some entitlement issues, I know who I am choosing.

Despite all the complaints, its still a good show and one of the better dramas I've seen. Its worth watching if you just want to satisfy your Korean drama itch and need something new to watch.

Read More",아는와이프
11,"If you watched Go Back Couple and you think that this drama will be like it, you would be far off. Although the concept is the similar, the execution is different. Cha Joo Hyuk and Seo Woo Jin have become miserable in their marriage. Most of it is because Joo Hyuk is immature, selfish, and passive. He thinks his wife has become a shrew and he begins to think of divorce. By chance, he gets the opportunity to go back and change his life. What will he do? This grass isn't always greener on the other side....It's greener on the side where you water it.

Ji Sung and Han Ji Min put forth exceptional acting, as always. I was charmed by the entire cast, and enjoyed seeing the different scenarios play out. I was happy and thankful that some things stayed the same no matter which time we were in, even while other things changed. I feel like Joo Hyuk's character went through the growth that he needed to in order for everyone in his life to be happier. He found out what the true source of his wife's unhappiness and anger was, and was smacked in the face with the truth. What will he do about it though? And when Woo Jin discovers the truth....will she take matters into her own hands?

I always love a good epilogue, and this show was not the exception. I feel like the writers wrapped this show up VERY soundly, even if they took the entire last episode to do it. The ending felt a little meandering, even though it was nice to see the continuation of progress for our characters.
I liked that even though I thought I knew where the show would go, the writers surprised me a couple of times. And although they didn't go where I had hoped with the script, we got something possibly better for all of the characters and not just the leads. The travel in time affected the side characters as well - at least in some ways.

The music was nice, and fit well with the scenes. I enjoyed the song No Longer Mine by Roy Kim the most.

I doubt I'll re-watch this one anytime soon, but it is definitely worth a one time watch!
Read More",아는와이프
12,"The theme is almost the same as Go back couple, the difference is that here it focussed on more of the misogynistic factors of a typical family. The drama shows a message on how to be an equal part in family management. It has its fault and the story is predictable tbh but it a beautiful drama with less cliches and wonderful chemistry . Coming to end of the story, it lacked in content and became a bit uninteresting but was on point with the message. I couldn't binge watch this as much as GBC . Ji sung is impressive and his expressions were right on point. Always a fan of Han ji min . I really enjoyed the bromance more than romance . Became a fan of the SL from Money flower . Looking forward for more of his work.
Read More",아는와이프
13,"Great female lead and interesting story that is less familiar then one may think
I came for Han Ji Min and stayed for the story.

What if... don´t we all have the what if I had stayed... what if I had showed upp in time... If I could just redo this one thing would my life change and would I be happier? What about the people around me would they be happier in a world where I made a different choice?

The story start off like many other stories like them an unhappy marriage. a miserabel life filled with misfortune and lets face it a guy who is a total d**** , to be honest the guy may evolve as the story progresses but he is still a total coward and a d**** hence not very lovable (yet handsome) making me wish the female lead would stay singel . The female lead is however cool, fun and just has this amazing vibe to her that made me wish her all the happiness in the world, no matter who is or is not beside her.

The acting in this drama is great, the side characters are all lovable, and add that little extra spark to the story-line. The pace of the drama is good as well and it truly is a good drama that almost makes you forget the whole back to the future theme to it...

If you have seen go back couple this drama is a bit more mature it has more drama, more smart humor, less awkward humor and is more about the male leads journey and how small choices can change ones life completely. More responsibility less communication problems, and an entirely different plot. I liked both the acting, the plot and the side characters in familiar wife more (but enjoyed both).

Last but not least, I was really surprised by the ending so I guess this may not be a must watch but definitely worth the watch !
Read More",아는와이프
14,"This drama is about..........
At first, I read the synopsis, I already really wondering for watch this drama. This drama really entertaining, give the light story with deep meaning. I think it'll be the same with the ""go back couple"". But after finish watching this, this drama more similar to manhole. From me, the story is too swirling although it has a different eachstory, First Cha joo hyuk is still confused with what he faces after he did that. Second, joo hyuk can change his destiny and life to marry hye won and the last joo hyuk came back with seo jin. But this story gives lessons, sometimes we tired with the life, feel not blessed with what we have until we regret it how much that's so important for us. And choose the way easier for us to be through it. And Cha joo hyuk realizes us in this drama after he gets all he wants, it doesn't long last. He even loses all he has. His job, wife, and best friend. And after he through that all, he realizes... He shouldn't change the destiny with U-Turn the time but with his introspection. Because, the relationship, not one way but two ways. We always blame our partner if something doesn't go according to our plan. And as the result we only hate and blame each other, We fight each other. Oppositely, We should more flexible, have empathy with our couple not only think we suffer because of her/him. But introspection ourselves, what's wrong? What we must do to fix the problem. If the way we do it right, the result will follow it, will change our life to be happier like joo hyuk's life at the ending of the drama.

I just think married life is really difficult. It is really really different from what we think before married. Hahahaha reality does not always go with our plan. Hmmm for this drama I'm really thankful and not regret for spend my time watching this drama. I get many lessons here. For anyone who still considers this drama, you must try to watch it. It has deep meaning for married life.
Read More",아는와이프
15,"A wonderful tale everyone should watch
I finished this show a month back, and decided I need to talk about it as I just haven't been able to put it out of my mind. For various reasons this has become one of the shows I absolutely loved. Now, no show is perfect if you look at it too closely, but some of them came close enough for me, this is one of them.

This is a story of daydreaming about the what ifs and maybes and then miraculously being able to live those out. But it is true when they say be careful what you wish for. Cha Joo Hyuk (Ji Sung) gets a chance at changing the course of his life and after a couple of cautious attempts, manages to do so successfully. The first couple of episodes give you a glimpse of the ordinary and taxing married life that make you feel sorry for the couple, even wonder why they fell in love, or if they should just part their ways, precisely the thoughts that Joo Hyuk keeps having. So it would make sense to put an end to their misery if given the chance. And when he is given one, he takes it. He now has everything and lives a life he'd always imagined having, a perfect life. And this here, people, is where our real story begins.

The character growths in this show are one of the best I've seen. Be it our meek manchild Joo Hyuk, who's definitely not your typical crafted perfection lead, or our tempered, foul mouthed Woo Jin (Han Ji Min) who isn't afraid to go after what she wants in life. The show takes us on a journey of self-realizations, makes us pause and think. There are various elements that don't make sense or are left a little unattended, but in all honesty, they were out of my focus within moments. If I talk more about this, I'd be giving spoilers which I will refrain from since I want you to watch it without any prejudices.

I don't think I can say anything new or more about Ji Sung that probably hasn't already been said many times. At this point in time it's just about the kind of projects he picks, since no one ever has to worry about whether he'd be able to act it out. But to mention the one thing that stood out for me in this show was how lovely his portrayal of Joo Hyuk was. Joo Hyuk frankly isn't the stereotypical male lead we're used to seeing in dramas. He's a nice person, but that doesn't mean nice people don't make mistakes or can be nice all the time even. This person here was real, just as all the characters in this show. They could be people around you in your life even. Which made watching this show an all the more immersive experience.

Han Ji Min is on a roll right now, at least for me, as I keep falling in love with every show of her I watch. She didn't disappoint for a second in this one either. It's an absolute delight watching her on screen as she becomes this new person for every story she acts in. This show was no different, as Ji Min owned every shade of Woo Jin entirely. I should also talk about the chemistry between her and Ji Sung - it was so mellow and subtle, yet so gravitational. And real. So real.

I cannot stress on this fact enough that this story felt so real. It was what most humans dream about. To be able to change the course of their lives, to be able to make different decisions if they could. But also showing the other side of it, the consequences. As you progress into the show you see yourself understanding the characters bit by bit, understanding where they come from, what stems their actions, what's the root of their pain. It was beautiful watching it all come together. Each and every person who's a part of this story is such a remarkably developed character, and we're shown every side to them. The good, the bad, the ugly. There is no sugar coating.

The reason I couldn't give it a perfect ten though, is the fact that though there are certain decisions that probably would be better off taken differently in our lives, but that's not a blanket rule. It's important to note that the takeaway from this story isn't to continue living your life as it is, but it is to compassionate and see things for as they are. It is easy to lose the sight of things as life progresses, we forget why we are doing what we are doing, we forget to take responsibility for our shortcomings, we tend to take things for granted. This show tells you to be conscious about yourself and your loved ones. To listen. To notice. To appreciate. To understand. I would have loved this beauty a little more if they could have addressed this as well. To show that it takes wisdom to be able to understand the difference between what is acceptable and what is not. A couple who's lost themselves in the chaos of life and have forgotten what it's like to be loved, and a couple who are in a mentally or physically abusive marriage are two different scenarios, and shouldn't be confused with each other.

Nevertheless, this is a gem, and will remain in my mind and heart for a long, long time. Thank you for reading this excessively lengthy review but I felt like I need to explain why this show is so beautiful and needs to seen. Please do watch it, and go on a little journey of realizations and epiphanies.

P.S: The OST 'No Longer Mine' sung by Roy Kim, is hands down one of the most beautiful songs I've ever heard, in any language. Do give it a listen even if you decide not to watch the show, which you must, it's a genuine recommendation from me.
Read More",아는와이프
16,"Familiar Wife was the only then-airing drama that I was waiting for every week. This, if anything, indicates how this show is captivating, though it isn't flawless, especially if you keep comparing it to Go Back Couple. Believe me, they have the same theme, but have different treatment.
The st episode is a copycat of Go Back Couple's. But from nd episode onwards, you'll realize the difference.
The plot itself is very real and depicts marriage life and personal flawed traits within a fantasy frame. The time travel theme is here just to serve the thought of ""what if"". Everyone face a debacle/s in his own life and wishes to reverse things back, but going to the past is not always the best thing.
The characters are flawed and not so likeable, especially at earlier episodes, but they soon grow mature and that's what makes it relateable. The protagonists needn't always to be angels and saints. The characters' behaviors are consistent from the beginning till the end. I love it when the writer knows what to do and doesn't drive me to wonder why.
All actors here are excellent at their job without exception. Ji Sung never fails, especially at emotional scenes, but Han Ji Min here is the show stealer. She managed to move from one mode to another easily, keeping her charm and electrifying chemistry with Ji Sung.
OSTs and BGM are melodious and fit the scenes well. My fav is Let Me Show You. It's real fun.
I'm glad a lot of current dramas care about cinematography, and FW is no exception.
My only complaint is about the fillers. There are two needless cameos and a lot of office scenes that I had to skip.
One last thing, This show kept surprising me. I never knew where it was heading to and had some good cliffhangers.
Read More",아는와이프
17,"The end makes all the pain worth it!
I dropped this drama after  or  episodes, the guy protagonist kind of annoyed me and it felt a little slow moving. For some reason (I think I just wanted it gone from my Netflix ""Continue Watching"" queue, I picked it back up. Long story short, the end is so so so worth it. The beginning is kind of grueling and put you through a lot, but the end is so sweet and the guy protagonist gets a bit of what he deserves at the end hehe (#newfirstlove), so I'd give it a strong . If you can wait until the end I recommend!!
Was this review helpful to you? Yes No",아는와이프
18,"A struggle!
Omg, couldn't wait for this show to finish. The main characters and the lady who is his wife in his fresh start life were so annoying. I preferred the first and the last three episodes over all the others. The man was too wrapped up in his own problems in the beginning. And when he got his second chance life, he was too meek to stand up to his annoying new wife. The new wife was a super irritating character - felt very one dimensional and almost a caricature of a rich, spoiled person. The main female character (the guy's original wife LOL) was someone I could empathise with in the beginning. However, I felt that the writer tried too hard to make her this 'cool chick'. I'm just glad the show is finally over. The only good thing about this show is that the guy finally learns his lesson and becomes a better partner.
Read More",아는와이프
19,"A man is merried to a women and their marriage not go well for both of them after realizing the he is not happy at all a strage palce appears in front of him and he gos back to the past and change his future . Allot in his life have change except his work place after a day or  suddenly his past wife appears as a co worker and everything in his life change again . He realise that his past wife is a different person than before and falls in love with her again . he is trying thow to keep his distance knowing that the marriage wasn't a happy one but because he know alot about her he can not avoid helping her and worry about her and dissolves his current marriege he realized that he is the problem that the  of his marriages are ruined and desides to stay alone but his past wife finds the truth about the past life they've had
Read More",아는와이프
20,"A Familiar 
I watched this drama right after Ji Sung's riveting Secrets, so my momentum had to be brought down a little bit more to sit back and enjoy The Familiar Wife. I will not write too much as the other reviewers have already done a good job sharing their thoughts.

For me, the drama was overall enjoyable especially with Ji Sung's always charismatic acting. One could see the real struggle of 'what if's' if one was to turn back the clock and change their destiny in married life. Though the drama did not create a lot of eagerness to chase the episodes, it does a good job to share how one could have coped with difficulty in relationships differently without needing a second chance. It was educational and the last hour of the entire drama truly made me laugh and I felt real happiness in my heart after all the struggle. Normally, the ending of dramas have short and rushed happy endings, but Familiar Wife managed to dedicate almost an entire episode of happiness and I appreciated it.

The story was not without it's flaws but the Director did a pretty good job and the Actors were on point. I guess this drama would be more suited to those who are Ji Sung's fans and might want to watch him acting in a less confident role. For me, I enjoy more watching him in his manly and confident characters, but then again, he is so versatile.

  Score for this drama!
Read More",아는와이프
21,"Dragged
I didliked the male character for most of this drama! Totally immature from the start - and after abandoning his wife in his next life sold himself to the rich girl and became in his own words ""a puppet""and when he finally begins to assert himself then apologises when she divorces him- saying he made her unhappy!!!So then he abandons his real wife again as he will make her unhappy. Does this guy learn nothing? Knowing how being inconsiderate to his first wife then overconsiderate to his next- does he not learn just to love and communicate ? Finally he makes the right decision but by this point I really didnt care!
I think the writer just let this go on for too long - it became exhausting to watch.
Read More",아는와이프
22,"A Fairly Frustrating Experience When Rooting for the Heroine
[Written //]

Time travel often asks, ""If you could change anything in your life, what would it be?"" Time travel romance loves to ask, “If you could trade one sweetheart for another, would you do it?”

The moral quandary of romance and time travel focusing on the idea of ""fated lovers"", typically ask us to sympathize with men who pursue women they like, all while discarding the agency of the female protagonist (who becomes an object or prize won at the end of the story). Temporal romances range from troubling to creepy when you start to think about the consequences of the characters actions.

Going into ""Familiar Wife"", the summary didn’t exactly promise a thrilling story. It sounded like your usual “husband hates wife” story that relies on broad stereotypes and revels in its sexism.

The show's first three episodes are hard to watch. Our lead is an emotionally unavailable and dismissive husband (Ju-Hyeok) who can't find the time to be present for his wife (Seo Wu-Jin), and their newborn baby. The writing (intentionally) paints the exhausted Wu-Jin as the monstrous wife who spits, and throws things at her husband like the nagging wife from a Shonen anime.

We're never really given the opportunity to see Wu-Jin's side of their relationship (divorced from Ju-Hyeok's perspective entirely), and, it’s at this point I start asking questions of the narrative. ""What exactly are you saying about this woman?"" Because sympathy was the last thing I felt for Ju-Hyeok. I wasn't exactly buying the idea that Wu-Jin was at all at fault, only that she was pushed to her absolute limit after being ignored for so long.

Still, the series does a fairly decent job of painting a believable picture of how a (somewhat) healthy relationship could deteriorate as badly as theirs did. But the overall impression you're left with as a viewer is that Ju-Hyeok hates his wife and can’t wait to dump her.

Like that pivotal moment in ""About Time”, he trades one life for another to chase his ideal girl without consideration to the people around him. It's gross, but it only drives home how awful the character is at this point. The series focuses on the shallow emotional and material gains of Ju-Hyeok's new life, and how it impacts the people he knew.

While the credit union scenes veer into corporate piety (butt-kissing and groveling to the ninth degree), I think the show had a solid group of supporting characters. Most of them have little no impact on the greater narrative, while minor characters outside the bank and their dynamic with supporting characters don't do enough beyond fill in the time between Ju-Hyeok enjoying or hating his new life.

The positive for me is Wu-Jin's (somewhat) brand new life as a single woman. Unfortunately, the show doesn't do enough with her to sell the idea that this is a story about two people as opposed to just one man living out a fantasy. Her relationship with former sister-in-law is great, but it’s largely kept at a minimum.

Wu-Jin's troubled relationship with her elderly mother is full of strife, but the writing isn't interested in dealing with her dementia so much as using it to infantilize her. And because there wouldn't be a show without it, Wu-Jin is becomes her former husband's co-worker. Most of the tension in the show rests in how Ju-Hyeok struggles to accept the idea that he mistreated Wu-Jin and that she's probably better off without him.

""Familiar Wife"" is an attempt to earn the idea that its protagonist can be rehabilitated and become a better person. That the grievances of the wife are warranted, not the butt of a sexist joke. For the first six episodes, I was buying into the premise. The performance of Ji Sung was strong enough that I could believe that Ju-Hyeok began to regret his previous life choices. And when the eighth episode dared to posit he couldn't undo his wish, I was prepared to give ""Familiar Wife"" all the stars.

But only if the show didn't throw Wu-Jin back under the bus as his reward. I was fully committed to seeing the two become friends (eventually). But a romantic couple (again)? No, sir. The story did too good of a job convincing me that Ju-Hyeok lost any and all right to that avenue.

I wanted the show to explore his new ties and family. But, the last episodes that I bothered to watch backtracked and ultimately reminded me that I wasn't going to get a story like ""On Your Wedding Day"".

A character moving on from his mistakes, and learning to live with them, was simply not in the cards. The narrative slowly devolved into the story of how Ju-Hyeok and Wu-Jin find their way back to each other. And all after he stalks Wu-Jin (played up in a romantic montage of him ""being there"" for her!), and meddling in her personal life to the point where he tries to bully a potential suitor out of the picture.

Most of it is for laughs (and some of it is definitely funny), but it's hard to take the show's premise at face value when Hye-won (Ju-Hyeok’s new wife) is characterized almost identically to how Wu-Jin was at the beginning of the series. There's no real effort to actually create a relationship between Ju-Hyeok and Hye-Won. The show actually strives to make sure that she's never given the same consideration as Wu-Jin. The show does a complete  characterization from soft-spoken, considerate cellist to a music teacher who's only personality traits is that she's rich and spoiled.

Her storyline, independent of Ju-Hyeok, is interesting, but it's definitely there to ""both sides"" issues in her marriage to Ju-Hyeok (since she considers cheating on him in light of his emotional neglect).

Ju-Hyeok effectively repeats the same pattern that landed in him in an alternate future, but this time the show asks us to root him (I'm actually not even sure if ever stopped asking. I was never in his corner). The last episode I watched doubled down on the ""they're fated to be together"" shtick, and every positive feeling I had for the show ultimately withered away in resignation.

Even reading the summaries about the last six episodes did nothing to convince me to pick the show up again.
Read More",아는와이프
23,"OVERALL:
Time travel is really interesting, but can be very messy too. Since the writer is Yang Hee-Seung (Weightlifting Fairy Kim Bok-Joo, Oh my Ghost) you can look forward to see many funny moments and a very enjoyable drama but I couldn't take the drama seriously. The drama was too long. It could have just been  episodes....

STORY:
It is one of the typical time travel stories. I actually didn't like the concept of ""it’s always the man's fault when there's trouble in the marriage"".

CAST:
Jisung is an actor that makes the drama really enjoyable with his acting. I kinda liked his character, but he was selfish and no one actually talked about that, but then, he had such a good devolvement.
This is the first time I watch a work from Han Ji Min and she's so good, this role fits her so well.
Amazing support characters. They were so funny and refreshing.

[NEGATIVE POINTS]
--[SPOILERS]--
.
.
.
(This is the part when he wanted to go back to the past.)
) They lost their son and he didn't care. We just watched one short part when he felt ""sorry"".
) His actions were not because of ""jealousy"", but because he was being selfish about how happy his ""wife"" and his best friend were together. He was always in the way of these two, because he didn't want his best friend and ""wife"" to end up as a couple, which is so selfish and childish.
) His sister married his other friend and had a child, and he still didn't care about it.
) He didn't think or cared for his ""new"" wife either.
But as I said, he had a really good devolvement.
) Now a different problem: for me things got fucked when WooJin uses the coin to time travel. They could have removed that part....
.
.
.
--[END OF SPOILERS]--

The drama had a really good ending!
Yes, I do recommend this drama. It was very enjoyable.
Read More",아는와이프
24,"This drama series was good! This time I didn't get confused with the parallel world of going back n forth... it was continual and was told right. I loved all the actors and the two main leads did tell a story. The only that was lacking for me is that the directors had Ji Sung a very weak character. I mean at first, he showed he was tired of his original wife nagging, screaming, and almost killing him. Then the character was just sobbing all the time while he was going through the motions. Men and Women were able to beat up on his and he never protected himself. That was my only dislike. But overall, I loved the storyline.
Read More",아는와이프
25,"When I first started this drama, I believed it was the copy of ""Go Back Couple"", which had a similar plot. After the first episode, though, it changes, and it has potential. However, despite it managed to keep me entertained, it fell around the last quarter of the drama.

- The story is one of the hot themes of the moment. A married couple who fights and wants to end things but this time only one of them makes that decision, and not both, because it's Joo Hyuk who decides to turn things around. The title is fitting, because the drama is basically around Joo Hyuk and the ""familiar wife"" he knows. You'll understand along the way. Like I anticipated, the story kept me entertaining for the most part because there are a lot of funny moments, but I think that after the first - episodes it was dragged, and the last episodes felt like an extension that, to some degree, could have been cut into less episodes.

- The main character, like I said, was Cha Joo Hyuk, played by Ji Sung. I've got nothing to say on the acting itself because it was really good, so I'll talk about his character. Joo Hyuk is one of those men who is selfish and lets his wife take care of the house and their children, not thinking that his wife has also a life to live and a job and that he needs to help her too. Besides this, he is also whipped, and lets other treat him like they want and when it's time to speak, he is not understood because he never spoke his true mind. In the first episodes I found his attitude annoying, but it slowly changes (although it doesn't make me like him completely). Seo Woo Jin, played by Han Ji Min, was Joo Hyuk's wife. Her husband let her do everything and rarely helped her, and this makes her angry and bitter. She could look despicable as well, but in my opinion, she had more reasons to be like this compared to Joo Hyuk, in fact I sided with her. We see different ""shades"" of Woo Jin that lets us see how she was before she married Joo Hyuk. She is truly an enjoyable character and stronger compared to Joo Hyuk, and I liked that. She is probably my favorite character. Luckily the story wasn't just about Joo Hyuk, but also about their friends at work and family. I liked every person at their workplace and they were funny (I admit I laughed a lot watching this drama), and I could tell that the cast got along well during filming because the group was tight. Loved to see Jang Seung Jo again in a funnier role compared to the one he had in ""Money Flower"". Everyone was good.

- The music gets the highest rating along with acting because it was catchy. I really like the song that they used at the beginning and that was played in the background of the shots where they showed the title of the episode.

- This drama was nice, funny, it let me spend some hours in peace and didn't make me have headaches like some other titles, but in my opinion it was a good romantic comedy with realistic acting but didn't leave a mark in my heart. This is why I gave it a  star rating.
Read More",아는와이프
26,"This drama is the perfect example of ""You don't know what you have until it's gone"" and ""The grass isn't always greener on the other side""

Plot

Everyone is pointing out the similarities between Go Back Couple and this one. And yes,in the beginning they're definitely similar but to be honest,Familiar wife can't be compared to GBC. That drama was worth a perfect  and this wasn't (it's just my honest opinion)
So the plot isn't really unique and it has some flaws,it got boring from time to time and i wish it was shorter. They should've ended it around episode . I think they dragged the story too much (episodes , &  were just fillers) to the point i wanted to start a whole new drama and watch this one later. The writers also left a couple of questions unanswered.
But overall it's not like i didn't enjoy it,i actually did. I liked that it highlighted well the fact that most marriages and relationships aren't perfect and that you should learn to communicate better and have a good teamwork to make it work and not fall apart. Also, the ending was perfect. I'm glad i could see how all the characters lived before, during and after the changes.

Acting

The acting is a . The cast did a wonderful job and Ji Sung never disappoints.
Some of the characters are gonna get on your nerves. A LOT. But this drama has such an amazing character development. You can see it through all of the episodes. And it's really satisfactory.

So,it's not a drama that i will be remembering forever. It failed in making me feel excited until the end. And as a drama binger,i don't really recommend watching this all at once. (If you're like me and get bored easily...) But i do recommend it if you like time travelling dramas and amazing acting.
Read More",아는와이프
27,"Lacking something
I am not quite sure what to say about this drama. The plot overall in in one sense is truly relevant to present times and to a lot of married couples and in another sense it’s ...disjointed for a lack of better word. I have nothing against time travel plots (Signal is one of my / ) but somehow in this drama it’s just a means to an end for me. Maybe there’s just too many characters who knows about the time travel “secret” that it kind of lost it’s novelty in the middle of the story?

Dislikes: () portrayal of mom’s dementia is out of tune with reality. People with dementia forget their past, they do not act like little kids again. They lose their way around, they don’t “escape”. () No chemistry between the two main leads and the cringey relationship between the ML and the second wife. () don’t hate me but I find the FL acting here as “trying too hard” to be chirpy and energetic but somehow did not meet the mark

Likes: () Ji Sung’s acting chops did not disappoint, this guy is talented period. It’s a shame that the projects he’s done (that I’ve seen anyway) doesn’t really give his skills the spotlight it deserves. () The teasing of the office crew when they tried to bring the leads together, now that made me laugh silly. () The youngest male employee character “Hwan”, this kid portrayed the role impeccably, he’s a natural. () The best part I think is the bromance, their friendship was genuine despite of the “betrayal”, the actors were so good I feel that they were just playing with each other on the set during filming.

In summary this drama highlights the working mothers and wives and for that I appreciate the story but it failed to show how marriage is a two way relationship. It just won’t work any other way.
Read More",아는와이프
28,"Grass is always greener on the other side
Writing this review took me more that I care to admit. For a long time I wasn’t sure why, but it dawned on me, that the reason is fairly simple. This drama didn’t bring any emotions to me. It was just as average as it could. And it’s not exactly wrong thing.

Let’s start from the beginning, Cha Joo Hyuk, our main character is just an average bank employee. No-one really special. The problem is that he’s not really happy with his life, especially with his wife, who changed throughout the years and become very mean and even brutal person towards him. Having two little children doesn’t really make his life easier, especially that his private life really takes its toll on his work.

So it’s fair to say, he wished his life was different. And luckily he gets his chance of changing the future when he goes back in time to the day that changed his life. So the next day he wakes up in different house with different woman by his side. But is this change really for better?

This is the question that follows our main character, Cha Joo Hyuk, for the whole drama. There’s this old saying that came to my mind when I was watching the series: “life is always greener on the other side”, which means that we always find things that we don’t have more desirable. And this is basically the moral of this story. Because Joo Hyuk’s new life is not so perfect either. Soon he discovers that his wife, that he complained so much before was like that mostly because of him. When he meets her in this new life, she seems completely different, more likeable person. And his new wife is not so perfect as he thought she would be.
Joo Hyuk finally realises that problem with his marriage wasn’t his wife but rather what their relationship made of her and he’s sure that he doesn’t want to make this mistake again.

This is also a story of how our life choices matter and how we influence with our behaviour life of others. About mistakes of the past and understanding their consequences. It’s a story of how the grass is always greener on the other side.

The characters very strongly develop throughout the series and not only because of changes that Joo Hyuk makes in the past. Their choices have real influence on their character and later actions.

The thing that really didn’t stand out was the music or lack of actually original soundtrack. All we get is mostly generic background tune. So there’s not much to talk about here, but honestly I’ve noticed it in the middle of the drama and it wasn’t really nothing bad here.

I love how Joo Hyuk’s coworker’s attitude changes towards him in different scenarios. At first he wasn’t liked because he was always late and unreliable. Then they were nice to him because he married to influential family and basically he could do anything without consequences. They were finally truly friendly towards him when he was consciously himself and wasn’t burdened by problems in his relationships. He was most liked when we was literally the best version of himself.

There’re some good things I can say about this series, it has this absolutely amazing main idea, that I loved from the start. The only problem is that I don’t think it was used well enough. At the end we’ve got very solid drama, with good cast, but after finishing last episode I’ve felt a bit disappointed. This is just not one of those highly memorable dramas that you think about weeks after finishing it.
But on the other hand, it doesn’t have to be. What it is, is just enough.
Read More",아는와이프
29,"I love this drama not just because of the cast but the overall story. It's different from the Go Back Couple. I think this story is much more deeper and very heart-warming. One can truly realize that there's no such thing as ideal, easy or perfect marriage but it is really a give and take. Sometimes we are too overwhelmed with our own struggles and overlooked the feelings of the other. So much to learn in this drama. I definitely recommend this. =)
The cast was great both Ji Sung and Han Ji Min. I loved their character portrayal. The supporting cast was also great!
Read More",아는와이프
30,"This was a surprisingly heart warming show.
I started it because of Ji Sung and at first I was really disheartened to see him in a role which I rally disliked because he was acting in a really selfish manner. BUT as the story progressed it becomes clear that Ji Sung has come to terms with his previous life and that he also contributed in making his own life hell by simply not paying enough attention to his family, even though he didn't do it intentionally.
He also realises that he was simply in need of a break, rather than wanting a different person for a wife, he actually wanted a slightly different life but with the same person, and that realisation was slow but meaningful.
ALSO I can't believe this, but the first and only time in forever, I actually liked the second lead better than Ji Sung, only briefly but still. Jang Seung Jo absolutely STOLE MY HEART WITH HIS CUTENESS.
I also really enjoyed all the side characters at the bank, and the girl's mother as well, and the trio of friends were cute and fun!
 a great watch. Loved it.
Read More",아는와이프
31,"Stick with this drama after the first two episodes, I promise it’s worth it. I went in to it thinking it would be a filler between dramas, but it was so much more. By the end of it I felt so satisfied. The characters were redeemed, not by changing the past, but by changing how they reacted to it going forward and changing their own behavior. It really made me wistful for what marriage SHOULD be: teamwork, respect, friendship, and love. The acting was great and story gave me all the feels. Was it realistic? Sometimes, yes. Time travel premise, no. But it’s definitely worth your time to watch. One of the better Korean dramas I have watched in the last few months.
Read More",아는와이프
32,"I'm currently watching this because I wanted to lighten the mood as I watch Save Me. I chose this genre because I really love Go Back Couple, and Familiar Wife is listed in the recommendations. I think I set a high expectation on Familiar Wife because of the warm feeling GBC gave me. I'm really into family dramas that promote strengthening of family ties. Of course I will always root for Seo Woo Jin as she is the original wife, however I feel uncomfortable in Joo Hyuk's second life. Technically, in his second life, it is Hye Won he must be loyal to. The travelling back in time made everything different. I have nothing against Joo Hyuk, actually I like it when his character develops and realizes his mistakes, but I do not like the situation he is in the second life. The story makes Woo Jin a mistress, in that sense. Some might say that even Hye Won seems to be adulterous because she is falling for the college guy, however, we didn't have a clear background of who Hye Won is in Joo Hyuk's first life.
But let's see, I'm still at episode . I'm soo confused right now, like I feel it's not right.
I'll be back editing this if things go smoothly and will give me a major turn of events.

Update : I finished until episode . I must say, the difference between GBC and Familiar Wife is the time capsule element. In GBC, the main goal is to revisit and rekindle the memories that bonded the couple, that is why both Husband and Wife returned in time with their memories. It aimed to let the couple realize where and when did things go wrong and fix it from there. By the half of GBC, you could sense that the time travelling miracle happened in order for the wife and the husband to get back on their life as a couple.
In Familiar Wife, it is only the husband who retained the memories, while giving the wife little hints to have the familiar feeling towards her husband. By episode , I could sense that it is the wife who really loved the husband. The reason maybe that only the husband has his old memories is to teach the husband the importance of his wife. As I observed, never did the st wife mention to her husband about divorce, meaning the wife still believes in their marriage. Therefore, the back in time miracle is really for the husband. Sadly, it seems hard for the husband to go back in time again and make everything as it is in the original.
Read More",아는와이프
33,"Beta simp on a mission to find his abusive wife!!
True love is it not. When a  won coin liberates you from a thankless existence, so pathetic that even plot writers won't excuse themselves for shaming you for your wife's lack of communication skills, and then fate puts you on a pedestal, what would you do? Of course seek your misery again as your ""one true love"" in a post wall woman. Cute, is it not. Maybe good for fancies of + age women.

This is the first drama I actually sympathized with ""rich bitch"" wife. Since such a character is usually abused by writers in KDramas. Here too they did try to show that she was preying on a younger lad, but I guess they found some sense and did turn it into ""rich noona"" situation. She's very good. Not a career obsessed freak. Totally waits on her husband. Her entitlement is a small compromise against the good stuff.

Misery loves company. That's the drama in a nutshell. Nobody can find fault in marvelous acting skills of Ji Sung and Han-Ji Min. But the characters here are not great. The onus of repairing seems to fall entirely on Ji Sung's character (husband). His wife's character does not realize any of her own mistakes(apparently she was short circuited and oppressed by her overworked husband who took extreme pains to give their family a good life.) In addition, there is the usual propaganda - housewife=depressed oppressed woman. Overworked post wall bank employee = career woman who is totally happy.

Bank employees and their antics provided much needed comic relief since the main lead's romance existed mostly in cringe flashbacks. I mean, Han-ji Min is a proper ajumma now. And Ji Sung is above . Not even the best makeup can make them look like high school students. Unfortunately, writers didn't write good comic script. The flyer with spelling mistake was probably the most original comic joke.

Cinematography: American sitcom ultra shake mode was always on. A thousand different cuts in one conversations. I mean, Han-ji Min's character is talking to that restaurant guy's wife. Tone of conversation is very muted. A casual talk. And the camera - cut to Han-ji Min's face, cut to other woman's face, cut to through the window shot, cut to inside the restaurant shot, cut to hair, cut to hands, cut to lips, cut to perspective shift, cut to....ah! Learn to operate a camera. Crafty angles won't make your pathetic dialogue sound like Buddha speaking at Jetavana.

Not worth a rewatch. You can drop it after Ep  if you ask me. Nice OST BTW. Ultra cheap drama with no location, costume, sets to feel great about. Most of the money was spent in lassoing expensive leads. I mean, they were running a bank in a hotel lobby. What do you expect.
Read More",아는와이프
