,reviews,title
0,"How criminal profiling came to be in South Korea
""He who fights with monsters should look to it that he himself does not become a monster. If you gaze long into an abyss, the abyss also gazes into you.""

This drama is based on a nonfiction book written by South Korea's first criminal profiler. Given this, most of the cases (all except one in which I am unsure of) are based on true cases in S. Korea. The storyline is straightforward and goes in chronological order, like a documentary, and has several time jumps to show the years passed. There were a handful of slow moments but with only  episodes, they weren't too bad. I overlooked them for the tight story development, superb acting, and perfect OST and BGM. Some people complain that it's too slow but this is based on true events- the writer of this drama can only dramaticize it so far. I'm glad they stick to the facts to stay true to the true cases while adding some thrill/suspense in catching the killer. While the characters don't go deep into psychological analysis of the criminals, we can still tell they are paying attention the personality characteristics of the killers and using them to study and prevent others. The production paid close attention to detail in recreating the horrid things that occurred in the crimes especially the Raincoat killer and Southwestern serial killer. It was quite informative to learn how criminal profiling came to be accepted in criminal investigations in Korea. Who would have expected them to start in early s?

I cannot leave without commending Kim Nam Gil who is amazing as Song Ha Young. I have no words for how he portrayed the disgust and anger from having to interview serial killers in jail. His breakdown later in the drama was heartbreaking and I shed a few tears for him in empathy. The rest of the cast were all great too. The bromance between Ha Young and Chief Kook (plus Woo Joo!) was cute and lightened up the otherwise super dark, heavy drama based on true crimes. I really ate up all the rare interactions between Ha Young and Chief Kook. Do give this a shot if you love crime dramas!
Read More",악의마음을읽는자들
1,"G r i p p i n g
All the cases are based on true events and criminals such as Yoo Young-chul, therefore the show has a more realistic storyline that doesn't waste time on useless sub plots, *cough* romance or politics *cough*, and really makes you sympathize for the victims. From the media press all the way down to the clothes they were wearing when they were arrested is accurate, although I would say the Red Hat Killer's case is more fictionalized from Lee Chun-jae. Please be reminded this is based off Profiler Kwon-il yong's novel from his real accounts of being South Korea's first profiler but just a bit more dramatised.

The drama has a serious cinematic tone but is enjoyable as it shifts between slow burn, to some episodes that are very fast paced and intense (especially starting from Episode ) that had my jaw unhinged and heart racing. The narrative of the criminals are shown in between investigations so you can see them commit crimes which adds to the suspense. Although, keep in mind these criminals are not geniuses and they are humans who can be caught by studying their psychology and behaviour therefore the drama thickens even if they get caught. This was also quite a while ago and the police were different back then so you have to be open minded on how they operate with their limited resources, but even then they are the least annoying police force I have seen in a crime drama who have logical thinking and encourages their officers. Everything feels like it's meticulously set in the right time period and small references to notable past events such as / and the World Cup are made, similarly to ""Reply "".

Ha-young is a quiet but straight forward man and even though he expresses very little, Kim Nam-gil is amazing at portraying nuanced emotions. His fellow friend and profiler, Young-soo, is such a lovable and optimistic character who supports Ha-young along with their young intern, Woo-joo, who is a bit clueless and cute. Both bring such a lightheartedness to this dark show and also display their cleverness.

Tae-goo, the one female detective also feels like an actual individual with her own real struggles and goals compared to many other females like her in crime dramas. Comedic relief is given from most of the main cast like Kim Won-hae and Lee Dae-yeon who are great fun supporting actors in crime dramas. The acting is superb from every single character, including the criminals. Everyone has great chemistry together and you can really tell how much the crimes affect the profilers and detectives who express human emotions all the while maintaining detached and objective as they solve crimes like the professionals they are.

The soundtrack is moody, haunting and soft that reflects the drama beautifully and captures the essence of it. Isaac Hong (well loved and known), The Nerd Connection (a hidden k-indie gem), Kim So-yeon (an ethereal angel) and MEN (triple threat with sweet contrasting voices) are the OST singers.

, it's similar to the likes of ""Mind Hunter"" though much more prevalent to Korean history and culture. It displays how even though America was developing and using profiling methods at that time, the rest of the world was just grasping the idea of it. It's a brilliant production that's worth watching as you will be completely immersed. If you're having deja vu with these cases from seeing it in other dramas it's because these cases literally inspired so many criminal characters in thriller k-dramas.

Former FBI agent explains criminal profiling: https://youtu.be/LHqbfJtqY

Kim Nam-gil and Profiler Kwon Il-yong's QnA discussion on criminal profiling:
https://youtube.com/playlist?list=PLBDKVgNp_ozVHaEfw-RlIyG-klYN
Read More",악의마음을읽는자들
2,"""Darkness cannot drive out darkness: only light can do that.""
""Through The Darkness (악의 마음을 읽는 자들); literally, ""Those Who Read Hearts of Evil"" is a live-action adaptation of the nonfiction novel of the same title, written by Kwon Il-Yong, Republic of Korea's first profiler and co-authored by writer Go Na-Moo, published in the year .

Created by Studio S and Wavve, ""Through The Darkness"" is directed by Park Bo Ram while Seol Yi Na took the charge of screenwriting, which is a debut for both of them. Master composer Gaemi leads the music production while the show was broadcasted on SBS. It had a mid-season break of  weeks due to Winter Olympics but I guess it proved rewarding.

To be clear, this is not the depiction of the real life events of the profiler but the sequence of events are reflected from reality to a certain extent; that's why the novel is nonfiction. The drama is setup in late s and shows the process and struggles of establishing the ""Behavioural Analysis Unit"" in South Korean Police Force as well as making ""Criminal Profiling"" an important factor of investigation, through succeeding years. I think this is enough for a gist given the theme and premise of the show.

Inspector Song Ha Young (Kim Na Gil) is reserved and somewhat introverted with abilities of reading through emotions and is highly piercing. Having a traumatic experience in early childhood, he has grown up into a person who seeks a simple life and want to persue his job with honesty and discipline. Detective Kook Young Soo (Jin Seon Kyu) is the chief of Forensic Analysis unit yet has aspirations to create a Behavioural Analysis team after being inspired from ""criminal profiling"" done by American FBI. Detective Yoon Tae Goo (Kim So Jin) is the leader of Special Crime Squad  at Seoul RIU who always strives to bring justice. Jung Woo Ju (Ryeoun) is a Statistical Analyst in the Behavioural Analysis Team, who is young yet determined and hardworking.

Other actors in major roles are: Baek Joon Sik (Lee Dae Yeon) as RIU Superintendent, Heo Gil Pyo (Kim Won Hae) as Special Crime Squad Chief, Detective Nam Il Young (Jung Soon Won) as Yoo Tae Goo's partner and Oh In Tak (Hong Woo Jin) as the current chief of Forensics. The performance by each and every major characters as well as supporting plus temporary roles was simple amazing, I must mention. Special credits to Kim Nam Gil and Jin Seon Kyu, who obviously were expected to carry the show on their back. Also, the performance from the actors playing serial killers is hugely commendable.

Plot development was stupendous. Let me inform you that it's neither a steady nor a plot, neither a staircase development and doesn't have any connecting plot elements either. Rather it's more of a biographical documentary of a profiler and him solving cases one after another, obviously along with people around him through a passage of time of about half a decade. The pilot episodes were impressive and able to make the audience look forward to further; might feel a little slow but it's a matter of time, you realize that the entire show was intended to be like that. The show greatly emphasizes on the methods of intensive profiling through which the male leads not only try to spread out the importance of criminal behavioral analysis, but also put efforts into learning themselves.

There is the least amount of suspense, I must mention. It's bcs the writer has opted to reveal the culprits at the beginning of the cases itself. On that note, it's not a psychopath crime thriller or any sort lf murder mystery, rather the weightage is on profiling, i. e. how the cops exercise their brains to get to the criminal. There are about  major culprits throughout and each case starts while the previous is about to end. Song Ha Young's growth as a rookie profiler to an expert is worth investing your time into.

I feel the most amount of credit should go to the screenwriter. Although the drama is a novel adaptation but turning books into live-action isn't as easy since the latter is more of a play script. Haven't read the original work but from what I saw on sns, they have retained originality for most of the parts, which should be commended. The premises wete aptly setup and the sequence of events were perfectly arranged plus organized. The momentary monologues and self-notes picked my attention as well. Even though the focus is hugely concentrated on the  MLs, others received a good amount of exposure as well, and on that note, the character arcs were drawn with great efforts and the growth in them was clearly conspicuous, again, especially for the  MLs.

I'm sure the directorial debut for Park Bo Ram PDnim has been a fruitful experience; directing the screenplay for such a fantastic script indeed would have brought joy. To me, the show didn't feel like being directed by a rookie at all, in fact, after watching  episodes, when I rushed to check out which amazing person has taken the charge, it turned out to be someone I never knew of. The pacing was perfect; the seeming slow paced development made the entire thing more meaningful, I felt. The cinematography with unlit & dim pallettes and dark hue was able to provide pertinent moods and gives, given the catastrophic theme of the story. The screen-editing was good for me, with less sound effects and being greatly focused on intense scenarios; the criminal chasing and fighting scenes were in fact enjoyable.

There are  soundtracks in total, composed by Gaemi nim and to the best of the show's vibes. I think it would have been still okay with no OSTs and this number was okay given the least utilization. ""Lullaby"" by Nerd Connection is a harmonious depiction of dark conflicts between emotions within your heart. ""Can't Run Away"" by Isaac Hong is a caliginous urge to give up on everything. Leopard of Mt. Kilimanjaro by Men was the last track.

What I liked...

ML doesn't shadows others...
# Seemingly nonexistent bromance... I couldn't concluded whether it was bromance bcs there was no eye-catching portrayal but the things between Ha Young & Young Soo was full of care, affection and mutual respect is all I can say. I loved their chemistry as partners who gave their best with the preeminent determination to get to the roots of all the cases, as well as to save and develope their team. ""Bloom and Fall Alone"" is a gloomy call from heart's core about the hostilities one goes through, with intriguing vocals of Kim So Yeon.

# Extensive emphasis on profiling...
Oh! I guess I'd have mentioned this point first. This is the thing that makes the drama one of the best. For  years, I have been waiting for something to come and level up itself with ""Signal ()"" and may be it wasn't able to reach that, but well, it is the one that went the closest, which makes me happy.

# No dramatic peak elevation... It's expected of a story of any form to have peaks; it's one of the essential factors that we all love about. But, the storytelling method for this drama didn't intend to have clear-cut elements of such. I've explained the reason above, and, in fact, this fact makes the show more of a realistic piece.

# Simple yet powerful and impressive... Again, it isn't a brainy drama with intriguing plot or astonishing revelations. Everything has been made crystal clear for you from the beginning so what's left for you to see? It's the way the detectives analyse and profile an event and personalities of criminals to get through the cause and the culprit. Indeed, the way everything has been executed, makes it highly impressive, entertaining and worthy of investing your time into.

# Apt exposure to side characters... I loved how the side characters and their parts were not exaggerated as fillers and were properly used, especially for Kim So Jin, Ryeoun, Jung Soon Won and Gong Sung Ha.

What I didn't like... There's only one thing I didn't like about this drama, i. e. in the screenplay, things that could have been explained by the speaker by simply telling the scenarios, was shown via quick flashbacks of the event. I guess it was a screenplay strategy by the writer and director but it could have been excluded in my opinion. Nevertheless, it didn't ruin the quality of the overall content, for me.

Final Remarks... I didn't have much expectations before starting this, ngl, and all I relied on was the cast which I admire and also the fact that the drama was on profiling. But, to my surprise, the drama left with no option but to applaud and eulogize everywhere. The overall execution of this drama including direction, writing, performance is definitely to the level of excellency and I would obviously recommend y'all to watch this. MUST WATCH!
Read More",악의마음을읽는자들
3,"Brilliant in every aspect...
""There is no such thing as Perfect Crime""

Inspector Song Ha young always say this sentence through this drama. Every criminal will bound to revealed one day, This is one the best psychological crime investigation drama that released recently no doubt for that, each and every aspect of this drama simply brillant. Based on a book with the same title Through the Darkness is an Adaptation. The book is all about the field experience of Korea's first Criminal profiler. Back in 's there were various brutal murders happened and the pressure for detectives to catch the criminal was too high.Not aware of the importance of criminal profiling in korea made it so complicated for the investigation and failed to catch the right criminal at right time.

And they formed a team,At first criminal profiling team was a joke to other's. They considered as an invisible characters in the department, study the psychology of criminals and stop more crime through that was the initial main motto of criminal profiling team. Started with a  member group which named Criminal Behaviour analysis team with the leadership of Captain Kook Young soo, profiler Song Ha Young and statistical analysit Jung woo ju. They slowly started to make progress and worked hard to catch the Criminals by their on methods.

The Drama is very intense, You can definitely feel that in every episode. The struggles they faced while analysing each and all murders, the breakthrough they got and everything that dealing in this drama was so interesting to watch. I have to mention Kim Nam Gil's performance as Song Ha Young, Studying and talking to the these brutal murderers was exhausting. You can actually feel his psychological change and struggles,He just nailed it in every situations.

Through the Darkness is a must must watch drama.It has only  episodes and that was perfect, no unwanted dragging, once you enter into their world then every minute of this drama will engage you. Also the story happening in a wintage period. So that atmosphere itself make this more realistic. The climax made me Goosebumps..

Thanks to SBS for making this. Love and Respect to all the cast and crew❤️

#NViews
Read More",악의마음을읽는자들
4,"A Wonderfully Grim and Enthralling Show
Through the Darkness is a  Crime drama that follows criminal profiler Song Ha Young during the late 's to early 's as he carves a place for behavioral analysis in South Korea. Based upon the experience of Korea's first criminal profiler Kwon Il Yong (who helped write the show), the show contains - episode mini arcs, each with their own main criminal. Thus the connecting factor of the episodes is Song Ha Young and his colleagues' journey into becoming more comfortable with the art of profiling. The show is stunningly realistic, and does not shy away from dark matters such as murder, and sexual assault. The show stands out from others in the same genre due to its faithfulness to real life, which makes it both gripping and horrifying.

If the show has one flaw, it is that at times, it is too realistic. As it is focused on accurately portraying the process of catching criminals and creating a whole new method of investigation, it at times is very slow - understandably so considering real life investigations aren't often magically solved in a couple days. In fact, I had trouble getting through the first episode but I decided to watch the second and was so hooked I never looked back.

Because of this realism, the characters at times can be frustrating, or not that very stand out. I see that most people who didn't like the show did not like it because of the characters, and I believe it is because of how realistic they are. They aren't written to be sensational or quirky to catch viewers eyes like most characters are, but rather are very nuanced and subtly fleshed out. To some, this means they are boring or annoying, but to me, they were not stagnant at all. Most characters experience slow and slight changes to their personality and ideals throughout the show, as most real people do. Plus, the main character Song Ha Young is incredibly compelling from start to finish. I felt that his character arc (this slow descent into the minds of criminals and how he copes) was amazingly written, and you can really see the differences in who he is from episode  to episode .

On the topic of Song Ha Young, Kim Nam Gil is brilliant in his portrayal of him. If I liked him in Fiery Priest, then I loved him in this. His acting is so well done, particularly in his expressions (I mean, his gaze really makes you feel like you're being analyzed and broken down) and he lends himself perfectly to Song Ha Young who as a character is mostly well composed yet brimming with justice and anger. He breathes life into this character and does a fantastic job in carrying the show and making you invested in him. I really believe that no one else could have played this part like he did, he's perfect for it.

The other actors are also wonderful, although it's harder to comment on them since the shows focus is mainly on Song Ha Young. Yet they do well to make the show feel realistic and make their characters feel like actual people. Major props should go to those who act the criminals, as they often put on chilling yet human performances.

This show is not a 'whodunnit' show, but a 'how catch em' show, reminiscent of shows such as Mindhunter and Columbo. Thus, it is very different from conventional thrillers, which again to some, coupled with the shows slower pace makes the show boring. To me, I felt that this made the show brilliant, and even after finishing the show I just wish I had more of it. It's one of those rare shows where I just know I'd watch season after season of Song Ha Young and his job. It will most definitely be a show I come back to time and time again, because the joy of it is not figuring out a criminal (like many mystery shows) but rather the process of criminal profiling and bring justice to innocent victims.

I understand that this show is not for everyone, especially those used to fast paced and plot-twisty mysteries, but it is a masterful show nonetheless. As someone who loves watching content about criminal profilers, this show is definitely my favorite k-drama regarding to topic to date, and one of my favorite portrayals of a profiler as well. This is a must watch for people who like things about criminal profilers, alongside those who enjoy the investigative and crime genres.

Even if this show seems to differ from your usual tastes, I implore you to give it a chance. You won't regret it.
Read More",악의마음을읽는자들
5,"A thrilling crime drama that's a breath of fresh air
I've got so much to say about this drama. I wish there's a second season (though it seems unlikely). This drama isn't your typical crime thriller drama, if that's what you're expecting. This drama focuses a lot on the mental of the criminals and also the profiler while trying to figure out these evil minds. What I found truly interesting about this drama is that it shows how much criminal profiling can take a toll on the Criminal Behavioral Analysis Team, especially the profiler himself. It shows how profilers also struggle facing these ruthless serial killers who show no remorse for their crimes and speak of their crimes like it's their achievements or their entertainment.

I always have respect for the people who truly pour their heart and soul into their jobs to catch criminals. But after watching this drama, I feel that I could understand them a little bit more and have more empathy for them.

This drama also doesn't just focus on the criminals and the profiler, it also shows the pain of the victims. Not just the ones that are killed, but also the ones that are left behind. I think this drama executed this part with a lot of empathy and respect. It was beautifully done.

The approach of this drama is seriously a breath of fresh air. It has the k-drama essence, but not the usual execution. I've got to give it to the director and the writers of TTD. For each case, they didn't drag it out. They only focused on the parts that were relevant to the drama, which is the profiling. They were always clear with that they were going to show, no time wasted. So you get to see Song Ha-Young (played by Kim Nam-Gil) figuring out the minds of the criminals--how they plan their crimes, how they evolve, how they choose their victims, etc. And the interrogation scenes and criminal interviewing scenes were absolutely phenomenal. Kudos to the scriptwriter for the dialogues. Song Ha-Young has such a way with words, making criminals crack and falling into their own trap without even realizing it. And when the criminals get arrogant, he puts them back in their places. It was SUCH a delight to watch. And if you are a Kim Nam-Gil fan, you will love the interrogation scenes.

And because this was a time where technology wasn't as advanced yet and people were skeptical about criminal profiling, the CBAT faced a lot of challenges to prove their worth. It gives you a glimpse of how hard they had to fight to work on a case. And by the end, you will see how far they have come and I tell you, it was SO satisfying.

This drama had such an amazing cast, and I'm not just talking about the  leads. Even the actors who played the roles of the  main serial killers did such an outstanding performance. You'd be wondering if they needed any counseling after playing those roles. Everyone played their characters to a T. And it was really nice seeing Kim So-Jin playing this no BS character. I really admire her character because she doesn't shy away from her mistakes, she has high EQ, she also keeps an open-mind but always raises relevant questions. A lot of people may have hated her character because she was skeptical about the CBAT at first, but I think that's normal. Because EVERYONE was skeptical about them. But she actually slowly saw what they could do instead of shooting them down without even trying to get to know more first, which was what most of her subordinates and her a-hole team leader did.

Not a single minute felt slow or boring for me, to be honest. I enjoyed each episode tremendously and I would definitely rewatch this. Maybe after I recharge with something less......psychotic and inhuman first. Lol. The drama uses famous serial cases that happened and I think they followed it pretty closely. The attention to detail was also commendable, not just for the props and procedures and stuff, but even the way the CBAT acts at the crime scene. That's because the production team had Prof. Kwon Il-Yong supervising on set, which I seriously appreciate.

, I say it's a drama that is absolutely worth watching and you'd be missing out big time if you don't. But this may also not be your cup of tea coz it's not like your usual crime k-drama. It's kinda slow burn and the suspense isn't on the detectives chasing after criminals, but on the profilers trying to figure out how to find the killer based on data. For me, it was really interesting and I think Kim Nam-Gil definitely deserves another Daesang for this role.

P.s. Kim Nam-Gil and Jin Seon-gyu also had such great and adorable chemistry! Wish we get to see them both starring as leads in a comedy some day. Lol
Read More",악의마음을읽는자들
6,"Ever since I learned about this series being made, I've been looking forward to it. Not just because the lead was played by Kim Namgil, but also because it's a story about the first profiler in Korea. And I have to say, I really liked it. But since this drama was based on a real person and real cases, safe to say anyone watching the drama need to prepare themselves to revisit some very well known and familiar cases in which a few had already sparked other dramas like Signal. And in particular, the drama would cover some of the most notorious serial murder cases that once loomed over the people of South Korea.

And I have to say, as much as I've yet read the original book, we can already see how important criminal profiling is in solving difficult cases. Especially with the common occurrences of the use of violence to extract confessions, (which was quite a common scene in past dramas that may reference to real life situations in the past) that can lead to some innocent victims being falsely convicted and allowing the real criminal to slip away unscathed. To people who were quite curious to learn how criminal profiling started in South Korea as well about the many criminal cases that once haunted the country which includes some notorious serial murders, this drama was a good one for you to dive in. Though, as much as the drama is based on Kwon Ilyong's book, there would still be some details that may be fictionalised and dramatised to make it more interesting.

Kim Namgil gave a great performance as Inspector Song Hayoung, the first criminal profiler from the Criminal Behavioral Analysis team. You can really feel the struggle faced by Hayoung as he attempts to read through the minds of notorious criminals in order to give the families of victims of criminal violence some closure as they put a stop to the crimes that were commited by these criminals. In order to do their jobs well, these officers will have to learn more about the criminals they're studying and the task wouldn't be for the weak minds. This drama would give as a glimpse of what it used to be like when criminal profiling hasn't yet be a common occurrences and allow us to better understand how tough the role of profilers were and appreciate the work that they're doing.

The drama had some pretty haunting ost, in which it reflect and enhance the sombre mood and seriousness of the cases. It really felt as if you were being brought back in time when these cases had happened.
Read More",악의마음을읽는자들
7,"Through The Darkness Comes Light
I loved that this drama focused on the profiling techniques to identify and help capture vicious criminals, and the heavy weight and darkness the profilers carry with them. Kim Nam Gil had me deep in my emotions. I can hardly imagine how it must be to live day in and day out with the viciousness of the crimes we've witnessed in this show in real life -- the secondary stress, compassion fatigue, burnout, post-traumatic stress, and everything else in between. As someone once said, the expectation that one can be immersed in suffering and loss daily and not be touched by it is as unrealistic as expecting to walk through water and not get wet. Ha Young reaching that burnout point and wanting to escape the darkness is only natural, but wanting and actually being able are two completely different things. Kim Nam Gil and this drama make all the other current dramas pale by comparison.

Just like how I enjoyed the depth Kim Nam Gil brings to his role as Song Ha Young. I loved the passion Kim So Jin brings to Tae Goo. A top-notch police officer disregarded her for her gender. The more I watched Through the Darkness, the more respect I gained for Kwon Il Yong as the first ever South Korean criminal profiler, and for pouring his all into looking inside the hearts of monstrous criminals at the time when the term criminal profiling and the idea of serial killers was nonexistent. And what I like more is that the drama focuses more on those who chase serial killers, rather than the serial killers themselves. I liked that the drama was unapologetic in its realistic depiction of the events at that time, the overt contempt and ingrained prejudices of male police officers at all levels towards their female counterparts even more than I did the serial killings, and I abhorred those. I understand the behavior is reflective of the times, and despite it having gotten somewhat better, the sad truth is that the battle between feminism and deep-seated misogyny continues to this day and is perpetuated by historical practices. I love that this drama doesn't shy away, nor skims through the dark issues.

What affected me most as I watched the events of this drama unfold is how Kook Young Soo, Yoon Tae Goo, Jung Woo Joo, Reporter Choi Yoon Ji, and particularly Song Ha Young struggled to come to terms with the senseless abuses and murders each case and interview brought to the forefront. I would be remiss not to mention Kim Nam Gil's brilliance in the role of a man and police officer who feels too much, so much so that he distances himself from everyone as a way to cope. There were many scenes that touched me deeply, and in particular the scenes where the team desperately searched for a murdered child's missing fingers. When Ha Young wishes in his sleep, he could've puffed her killer away before he committed the most atrocious act against. What I like most about Ha Young is that he doesn't fit nor does he try to fit. And the more I watched the drama, the more I realize that serial deviant behavior flows from a hard heart. One choice leads to many, many choices until the conscience is so hardened that the predators forget they even have one. and no longer in operation.

When one is fully immersed in a show  episodes seem so short. The end came a lot faster than I expected or wanted, and just when I started to get used to Ha Young's smiling face. I loved the rapport and camaraderie Song Ha Young, Kook Young Soo, and Jung Woo Joo persistently built together, helping each other through what may have seemed like endless darkness. They went from being marginalized for their grandiose ideas to becoming the most sought after criminal profilers. My biggest takeaway from this drama is that through the darkness comes light, through fear comes love, and through pain comes triumph, as someone once said. No doubt Kim Nam Gil, Jin Seon Kyu, Kim So Jin, Ryeoun and the many other brilliant and talented actors made it seem a lot simpler and sexier than in real life -- the true heroes are the likes of Kwon Il-yong, who encountered evil time and time again and persevered through it all. Kim Nam Gil in The Fiery Priest was awe-inspiring, so much so that I thought he wouldn't be able to top that role, but I was wrong. He did again, and I am sure he will do it again and again. A thousand and one kudos to those who penned, directed, and brought this profound drama to life -- a job beyond well done. Kim Nam Gil definitely leaves a void, and I pray this is not the end, but the beginning of many seasons to come.
Read More",악의마음을읽는자들
8,"Holding the lantern so others can see.
Through the Darkness is a show that, in a skillful way, shifts the focus from the criminals and their mentality, to profilers and the psychological consequences that their job has on them. Yes, we still get the fair share of why criminals do what they do. We still get the eerie conversations with serial killers - the look into their deranged psyche, but the story focuses more on the interviewer, not the interviewee.

If you are looking for unreasonable wits and close to supernatural skills characters like Sherlock Holmes had in the BBC tv show, you won’t find it there. Profiling wise, it’s as basic as it can get. That’s expected from a show that is based on the book that depicts the beginning of Korea’s first criminal profiling team. And yet, it was never boring.

Song Ha Young was more fascinating of a character than any of the killers and criminals presented combined. The depth of the portrayal thanks to Kim Nam Gil acting was one of the best aspects of the show. The character represented pain, loneliness, desperation, fixation - all that could lead to a tragic outcome without a proper support system.

Kook Young Soo, who became my favorite character, was like an anchor that kept Ha Yeoung grounded. He was a perfectly balanced character - knew the importance of his work, but did not ignore his own needs, health and people around him.

What Through the Darkness does perfectly, is showcasing the variety of realistic characters that have believable flaws, but are never over the top caricatures. We see how some of them might be greedy, full of prejudice, corrupted, but there is a realistic limit to their flaws and how far they are willing to go based on just these characteristics.

The writing was that good. When you have solid source material and people who care not to misrepresent it, you get the quality content. The tension build-up in every episode was just phenomenal. The interviews were just... terrifying. The journey of Ha Young - heartbreaking.

Even the soundtrack leaves nothing to desire. Listening to Lullaby gives me chills and makes me tear up a little bit. Lyrics for Can’t Run Away are the perfect representation of Ha Young’s character, motivation and emotional state. Bloom and Fall Alone made me think about all the victims. Each song elevates different aspects of the story.

If I were to complain about one thing - how little we get Yoon Ji, the reporter. I think her narrative was also really important, since she served as a better connection for the audience to relate to, than the detectives did. How we as society view killers and psychopaths. What kind of narrative gets our attention, and what we find not ""interesting"". How we ourselves pay more attention to the perpetrators than the victims. I was waiting for her to be a more integral part of the show, but instead she started to show up less and less.

That said, as much as I loved the show, I would not recommend it to people who prefer action and fast pace. This is slow. There are countless scenes of main characters just walking around trying to find clues, observing the surroundings of the places the crimes took place. Ha Young is not this confident cop who is so assured in his skills and position, no criminal can get to him. We watch him waver, we watch him break, but we also see him push forward.

, for me it was close to perfection. Last two episodes made me feel extremely emotional, as I got closer to the end. It was fascinating to see the journey the characters took, and it made me appreciate the people who are willing to step into that dark and twisted world, just to keep others safe.
Read More",악의마음을읽는자들
9,"Transcending Darkness
“Battle not with monsters, lest ye become a monster, and if you gaze into the abyss, the abyss gazes also into you.”
~ Friedrich Nietzsche

Through the Darkness is a South Korean crime noir, detective investigation and psychological thriller which ranks amongst the best in the genre. The production is perhaps the most authentic in terms of story content, execution and depiction that I have seen in a K-drama. This is due primarily to the fact that it is based on the  non-fiction book that deals extensively on the subject matter, Those Who Read the Minds of Evil.

Co-written by South Korea’s first criminal profiler Kwon Il Yong and journalist-turned-author Ko Na Mu, the true crimes detailed in the book provide the basis for the events depicted, bringing to life the notoriety of real-life serial killers that terrorised South Korea in the early s. The serial killers presumably dramatised as fictional characters in the drama include Choi In Gu (child kidnapper and murderer), Kim Hae Sun (the Gochang serial killer), Yoo Young Chul (the infamous Raincoat Killer), Jeong Nam Gyu (the Seoul serial killer), and Kang Ho Sun (the luxury sedan serial rapist and murderer).

Spanning over a decade from  through  and revolving around Seoul Metropolitan Police Agency Criminal Behaviour Analysis Team Officer, Inspector Song Ha Young, the narrative focuses on five major aspects of his role as a criminal profiler:

. The backstory that shapes his calling as a police detective, in which he first encounters a dead body as a child in  and the subsequent discovery of his “empathetic traits”, which are manifested throughout.

. The establishment of the Behaviour Analysis Team (BAT) as pioneers of criminal profiling in South Korea that results in the initial prejudice and ignorance that the team encounters in the police force.

. The interviews with incarcerated serial killers in a bid to gain further insights into their state of mind and understanding of their modus operandi.

. Leading the investigations and manhunt for the elusive serial killers, including interrogations of suspected perpetrators.

. The evolution of the BAT’s perceived functionality and effectiveness within the police force, culminating in the coming of a full circle where Song Ha Young’s methodology of criminal profiling is finally acknowledged by his peers.

Directed by Park Bo Ram in what is his first show as production director (PD) where previously he was the assistant director for The Fiery Priest and Avengers Social Club. This is the first screenplay ever written by Seol Yi Na while the production design comes courtesy of art director Noh Sang Soon. The prolific Kang Dong Yoon aka Gaemi serves as composer. Kwon Il Yong was consulted as an advisor during filming.

The character of Song Ha Young reportedly drew inspiration from Kwon Il Yong himself, while Kook Young Soo is based on Yoon Oe Chul, the current head of the Gyeongnam Police Agency's investigation department, who created the first criminal behaviour analysis team in South Korea.

What I Generally Liked

The multifaceted character-driven story that not only encompasses the various phases of development of the BAT and the chase for the infamous serial killers, but also the insights gleaned through the in-depth study of these utterly evil and twisted minds, from the perspective of Inspector Song Ha Young. At times depicted in the style of a docudrama biopic, Through the Darkness is very much reminiscent of the Netflix production, Mindhunter. In fact, both productions share a very similar DNA, in terms of the non-fiction source materials and the inception of the criminal profiling standard.

Where they both differ is in the tone of the storytelling - the K-drama is much more visceral and gritty, especially during some of the most intense interrogation scenes ever seen, with little to no focus on any form of levity. In addition to the perpetrators and the crimes committed, the drama shines the spotlight on the victims and the suffering endured by their families that provides profound emotional depth to the overarching storyline.

The characterization of Song Ha Young is one of the most fascinating yet unusual in this genre. This character comes across as extremely pleasant, affable, and compassionate, none of which are traits typical of a South Korean police detective in the s that we’ve ever come across in K-dramas, much less appear as such.

He’s a very nice guy who happens to be way ahead of his time and unfortunately finds himself surrounded mostly by old-school neanderthals in the police department. But it is this quality that endears him to most viewers and also adds conviction to how a profiler should be; broad-minded, erudite, perceptive, sensible, professional and rational. There is ample room for growth which is beautifully imbued into his trajectory as he demonstrates all the suppressed human emotions while struggling to contain the abyss that had consumed him for far too long in his role as a criminal profiler.

As far as the technical execution is concerned, I have nothing but praises for the production qualities in showcasing the art direction and designs of the era, the stylistic visuals befitting of a crime noir, and the music score that heightens the intensity and suspense, in addition to creating the perfect atmospherics for the emotive moments. The songs composed for this drama are contemplative and equally exceptional in expressing the emotions experienced by the major characters throughout:

Lullaby by Nerd Collection
Can't Run Away by Isaac Hong
A Flower That Blooms Alone by Kim So Yeon
Leopard of Mt. Kilimanjaro by Men

In terms of the cast performances, there are a number that catches the eye. None more so than the lead actor himself, Kim Nam Gil. This man never ceases to amaze for he possesses the ability to convincingly portray a multitude of characterizations to perfection over the years and his performance here as Inspector Song Ha Young is no different. Without him, this drama wouldn’t have worked as well as it has. The understated subtlety through his articulation of the role to convey the necessary nuances that connects viewers ever so intimately to Song Ha Young’s personal struggles and emotional state as he battles not only evil on the loose but his inner demons as well. Kim Nam Gil is deserving of at least a nomination, if not an award, for this year’s Baeksang in recognition of his efforts in this drama.

The supporting cast is generally quite decent which manages to sustain the overall acting quality of the drama. Special mention goes to Jin Seon Kyu for his lively depiction of BAT chief Kook Young Soo. The friendship that he shares with Song Ha Young is quite heartwarming to observe where they both collaborate as a sort of dynamic duo. Kim So Jin as the level-headed Captain Yoon Tae Go is one of the better written and portrayed female characters that I've seen. I was also most impressed with Kim Jung Hee who portrays the serial killer Nam Ki Tae. His remarkable portrayal, from the appearance to the mannerism, is downright chilling to the core. Amongst all the serial killers shown, his version is the most compelling and disturbing.

Final Thoughts

Although I haven’t read the source material, the fact that Kwon Il Yong, co-author and the original criminal profiler, gave his seal of approval for this drama provides credibility to the narrative and depiction of key events. Perhaps the manner of the storytelling might seem slow-burn but such is the nature of criminal profiling that it is heavily reliant on much needed patience to collate the necessary data leading to an accurate inference that ultimately determines the profile of the killer.
Read More",악의마음을읽는자들
10,"Best Criminal Profiling Drama
Love that this is no-fuss drama with no political schemes whatsoever, and focusing only on how they catch the criminal

Shout out to Kim Nam Gil who really ace this character and Kwon Il Yong, SK st profiler who did a really good job on assisting and telling the story to make this drama even better.
 episodes were really packed with all the important parts and no dragging at all.

Big respect to all of the people involved in making this story interesting and alive depite the weeks-Olympic hiatus.

Was this review helpful to you? Yes No",악의마음을읽는자들
11,"Watch only if you understand what exactly the drama is about
Through the darkness is about the person eho became the first profiler of SK. Its based on his experiences, so if you are here to watch some kind of major plot twist this is not your drama. Feel free to not watch it rather than calling it a boring drama.
All the cases, as far as ik were real cases.
And the acting, woahhhh, i mean be it the offenders or the main team all of them did such a good job. You will actually feel that nauseousness when you come across some acts done by the myrderers/rapists.
The drama is a door for you to know how the mind works of a murderer.
THE DRAMA IS PHENOMENAL WITH BRILLIANT ACTING. YOU ARE MISSING OUT ON A GREAT DRAMA JUST BCOS YOU ARE ""FAN"" OF MAJOR PLOT TWISTS IN A THRILLER DRAMA AND FIND THIS SLOW.
Read More",악의마음을읽는자들
12,"heads up to those who are looking for a REAL review
I was not going to make a review about this since I'm a type who just admire something quietly but this one's an exception. I was scrolling through reviews on mdl and stumbled upon nothing but shitty reviews from people who were not just getting it. I could not let anyone talk shit about this masterpiece bcs it doesn't deserve it. Through The Darkness is not your typical crime thriller drama which has the genius ML who solves cases like fuck in a span of days. That shit don't happen in real life and y'all watching too many idealistic drama so you prolly could not accept this one's too unique and overthrowing your faves. This is a drama based on a real story not to mention the outrageous and gruesome scenes which happened in real life in KOREA but many PEOPLE were still watching it, anticipating each episode and manage to top wavve's ranking and ratings despite the many circumstances. This show has been getting nothing but praises from both critics and viewers so now stop acting like the connoisseurs y'all aint. It's very well written and well directed by WOMEN and this is their debut project. Let's not mention the casts since I have nothing but praises from them. From the great ML Kim Nam Gil who should bag as many awards as possible in award shows to the actors who played serial killers. Each of them were significant and their great ensemble made this drama a pure masterpiece. Those who love this drama surely have a good taste and those who don't, you better raise your standards and touch some grass. Y'all got time to write bad reviews about this? LMAO y'all make me puke.
Read More",악의마음을읽는자들
13,"Something Different
I'm a huge serial killer buff, so when this came out I went straight for it! This is a real good binge watcher cause of it's steadiness, consistency and intensity. It's not really a graphic drama but the cringe that this kind of stuff and these kind of people really exist is enough to keep you hooked from beginning to end. It caught me off guard that it wasn't  eps of cops trying to find one person , it was different suspects, crimes and scenarios but all the same karma you love in a serial killer/psychopath drama. It was different in that aspect and that it added true psychology behind it all and the steps of finding the people who think they've committed ""the perfect crime"". The ending had a bit of a S reference feel, but it isn't really the kind of drama to need one but if it happens...I'm going straight for it lol
Enjoy but more importantly, be safe out there everyone...
Read More",악의마음을읽는자들
14,"A realistic deep dive into the process of criminal profiling
""Through the Darkness"" is a slow unravelling of the mind - the twisted criminal one and the righteous one. There are few chase scenes to give you thrills and no hidden culprits, instead the narrative delves deep into the criminal profiling scene in South Korea and the hard work that goes into it.

The drama portrays all the nitty-gritty details that happen backstage - the long hours of gruelling and repetitive data analysis, hundreds of interviews with convicts, research etc. This kind of job puts a psychological strain on the characters and Kim Nam Gil perfectly portrays the consequences of empathizing too much with killers.

The setting is realistic and feels lived in - the atmosphere of the early s is omnipresent and every shot is devoid of so-called artificial ""cleanliness"". Every scene is immersive as well as beautifully acted.

The director and writer's approach to the minds of serial killers is outstanding and praise-worthy. At first, the viewers are shown flashbacks of their childhood as well as given the opportunity to understand their motives. Little by little the explanations dry out, the flashbacks disappear, and we learn close to nothing about their family if it isn't relevant to their arrest. ""Through the Darkness"" takes a relevant stand: in the end, there were victims and the motives of the killers do not matter, their horrible childhoods do not matter, their stories do not matter. They are all the same anyway.

What matters are the people left behind and the drama sticks that landing with Song Ha Young's last interrogation.
Read More",악의마음을읽는자들
15,"a one of a kind in its genre!
through the darkness was an absolutely must watch drama in my opinion. this is only the second drama i’ve written a review on; the first being beyond evil (which i also loved) so that just goes to show how much i enjoyed this drama.

here’s the thing, though, this drama definitely wont be for everyone (is any drama for everyone, though?) it veers in the very hard to watch category especially in the second half. as someone who is a huge fan of the crime/thriller genre and has watched tons of media from multiple countries of the genre i’d like to say im well adjusted, but, alas, i was wrong. the antagonists in this drama are so evil and they show that to the fullest extent possible that can be showed on a korean channel. i had to pause my fair share. each of the twelve episodes deal with very hard to watch topics and any potential viewers should be aware.

first of all i love the way the story in this drama was presented. there wasn’t one overarching villain the whole duration, but it also wasn’t really episodic. it was something in-between. plus, at the core the drama really was about song ha young’s evolution as not only the first korean criminal profiler, but as a human being. i have to mention it was also refreshing to not see the normal rough around the edges, borderline alcoholic with anger issues as the protagonist of a crime/thriller drama because more often than not that’s the case.

the profiling aspect, aka the main point, was so intriguing and it was so relieving not to see dumb and incompetent police. too often you see that and its extremely frustrating. however, at the same time solving cases wasnt overly convenient for them. they used their brains to figure out what needed to be figured out. yeah, there were dumb mistakes here and there, which is to be expected by anyone in any profession, but it wasn’t the same mistake repeated over and over again.

another thing worth mentioning is the fact that most, if not all, of the killers presented in this drama are based upon real life cases. i believe even one of them is modeled after the infamous raincoat killer which has a documentary series on netflix available for watch.

the true highlight of this drama was the acting, specifically by kim nam gil. he gave a performance that is going to be on my favorite performances list and i hope he gets a baeksang nomination for all he did. the supporting cast was also phenomenal in their own right, but the second biggest stars next to kim nam gil would be the criminals themselves. some of these suspects had lots of scenes, others had maybe one or two but they were all absolutely amazing. seeing familiar faces from other dramas that have portrayed sweet characters play these utterly despicable human beings with zero remorse was such a sight and they deserve SO much praise.

overall i do recommend this, just not for everyone. don’t go in expecting an action packed thriller full of jumps and twists and turns. this drama doesn’t have plot twists where it turns out the person you’ve trusted all along is actually a killer. instead, it goes deep into the minds of song ha young and the criminals he and his team work hard to catch. at this core this drama is about the hearts of humans and what leads us to do the things we do, whether that be help people or hurt them.


side-note: the rewatch value is so low because, though, i could eventually see myself rewatching in the far future, it is a very draining and emotional ride that i don’t see myself being ready to watch again for quite some time.
Read More",악의마음을읽는자들
16,"one of the BEST thriller korean drama's i've ever seen!
let me just begin saying that this show exceeded my expectations. out of most thriller/crime korean drama's i have watched, this one was definitely the best i've ever come across. simply because the cast for this show is absolutely insane and the emotions they portray in it is impeccable, i felt so engaged in their acting because it felt so real. if anyone is thinking of watching this show, i % recommend although it does touch on intense topics which may be triggering for some.

[spoilers]
one specific part i enjoyed about this show is that they included how the criminal profilers felt themselves and didn't just focus on the criminals half, those who enter these types of jobs suffer a huge amount and song hayoung really emphasised that during episodes -, that scene was incredible emotional and the acting was so spot on.

overall i rate it a /! the acting was phenomenal, the storyline was so well developed and i really enjoyed the osts. however i wouldn't rewatch it only because it is a really emotional show and it's not so much a show that you'd want to rewatch although it was outstanding.
Read More",악의마음을읽는자들
17,"Great acting, great story!
This isn't your usual fast-paced serial killer drama series. The story is focused on the development of SK's profiling department, their struggles to show that behavioral analysis can be a great help in catching serial killers. I love how the series showed the emotional turmoil you go through when you have a job that requires you to catch the filthiest scums of society.

The acting is just WOW! Of course, the leads and supporting cast gave a really good performance but my gosh, those who played the serial killers were just phenomenal to me. They were creepy, as in so creepy. They were so believable. I'm so amazed.

I really like watching dramas with serial killers and this is one of the best I've seen. It's different but really good. I hope you will give this drama a chance. If you read ALL the reviews, many reviewers gave this drama a high rating. Those who didn't like this drama, well... maybe they were just expecting something else.
Read More",악의마음을읽는자들
18,"One of the best thriller K drama I have ever watched.
There is an American series based on the same concept but I have not watched it. Why? Because I thought it would be boring..And I thought the same about the korean drama. I started it as an afterthought because I had nothing to watch. What started as a pure pasttime ended as one of my fav drama of all time. To tell the truth, since I am starting to miss it so I am thinking about watching the American one (though I forgot its name and now have to search the entire internet for it). If I have to speak about Kim Nam Gil performance, It was phenomenal. His character is an introvert person which he definitely portrayed well and if i may go overboard since I like him, it was fantastic. His character was the best at pissing people off and he did that well. Moreover, as the story goes on, as he deals with more these lunatics living in this world, u get to see the progressive deterioration of his mental balance. The exploding of the accumulated stress, anxiety and guilt brought with each cases was perfectly written and executed at the right time. Moreover, the other characters also did well in their role and the acting was also perfect each in their villain or heroic character. The serial killer actors were so good at their character portrayal that it had me wondered if it did not affect them mentally afterwards ( which i hope did not happen). In overall, this drama is a must-watch and cannot remain on ur plan to watch list.
Read More",악의마음을읽는자들
19,"Season  please
Very rare that a good adaptation comes into life,

story of the first criminal profiler is something very rare on television, a lot of sensitive topic will come across and this series made me wonder will profilers now a days in modern time, goes thru what the main character has gone thru (becoming what he interview) no side story, no non sense, all episodes are focused on the plot and the process in profiling a criminal.

Cast, im surpised they got Nam Gil to sign in the first place, Can they sign him for a season 
mature supporting casts,

BGM is eary and dark and it should be,

Rewatch, it is very rare i give a high score in rewatch

Season  could be in the plans, because of the ending credits, Cold Cases
can't wait if there is a season 




Read More",악의마음을읽는자들
20,"Through the Darkness attempts to blend two contradictory approaches: half of it presents the typical thriller based on high tension, grandiloquent music and sordid sequences showcasing the killers' perversity; the other half lingers on the methods and psychology of the people investigating the cases. Yet when it should have reached a convincing harmony between the two, it only offers a discordant patchwork; instead of capitalising on the charisma of its characters, it withdraws from them, leaving us with unfinished portraits. Though it achieves a serviceable result - a watch one wouldn't regret -, the lost potential disappoints.

Very early, the drama establishes a strange, even cruel dissonance between its characters and its direction: while the former cares first and foremost about the victims and their families, the latter constantly interjects with scenes of criminals preparing, accomplishing and rejoicing about their murderous deeds. Those segments prove both lengthy and recurring: from the beginning to the end, never are we spared from their night prowling, their chilling excitement, their violence. Although the gore is blurred and the killings themselves omitted - stopping short of the blow -, I found that fascination with the acts jarring… and quite reminiscent of the media-induced voyeurism denounced by the characters.

In a telling moment, a reporter is praised for her refusal to seek gruesome details, replacing them with a tribute towards the victims, identifying them as individuals with families, professions and hobbies and not simply abused, dead bodies. Yet that instant is but fleeting: soon the killers grace our screens again, gleeful, while the victims remain footnotes, worthy of our time only as prey for those men.

In fact, the series' highlight lies with the various interviews of the killers. From them, it derives the most impressive performances. This bothers me greatly. That those sequences would turn out memorable and compelling was a given; that they would be unmatched by the last episode questions me. Despite the characters' convictions, the drama failed to offer us an overall story meaningful enough, captivating enough to trump voyeurism. There is nothing in the narration sound enough to offset its rotten pull; everything else pales or buckles in comparison.

As much as the actors beautifully portray their roles, the substance behind them is missing. We have intriguing sketches of characters, of relationships… but more? The investigations - the killers, in liberty or in interviews! - monopolise so much screen time, what is left doesn't allow to truly delve into the personalities of the people we supposedly follow. All we get is shallow, underbaked, at times even trite, such as the Nietzsche conversation. In a show concerned with psychology, it should have been the starting point to a greater, more profound depiction of the toll criminal cases take on investigators, as well as the unhealthy interest medias and audiences sustain with depravity. At it stands, a worrying number of characters enter the picture then vanish without holding much narrative weight.

I look back at the time spent with the execution of the murders and wonder what could have been, had it been extended to Song Ha Young instead? If those segments had been less accurate recreations and more him envisioning how it could have unfolded, trying to better understand the minds of the culprits… thus tying the investigation with interrogating how far - how low? - must he go to help catching them. In other words: illustrating intimately the characters' turmoil in place of this disconnected, distant stance where their conflicts unfold in brief, offhanded conversations, each months apart.

To me, the suspense was misattributed to the fact of catching the culprits where it could have reposed on Song Ha Young's profiling reports and comprehension of the killers' psyche. Hence, countless scenes of women being stalked and murdered, of their assassins maniacally smiling; hence, out of place, pompous music to accompany tense sequences; hence, the glossing over of the characters' thoughts beyond the surface. Those elements can be found in many other thrillers and often, better done; furthermore, the use and reflection of real events made such attempts at tension wasteful.

This flaw frustrates me the most: not seizing what would have elevated it among myriads of other crime series, that is, heartfeltness and a cast to be commended. Though the writing felt underdeveloped, though the framing felt too remote, the actors still brought to life their characters in a credible manner. Perhaps overly so and the quality of their performances misled in expecting more… regardless, it is what kept me engaged. In particular, Kim Nam Gil's remarkable portrayal of Song Ha Young. If I were to single out one reason to recommend or remember the drama, it would be him, and him alone. What a refreshing and endearing male character! In a sea of male arrogance, egocentrism, loudness and violence, what a relief! I wish more fictional men resembled him.

(Sidenote: what a bunch of unsubtle, distasteful product placements…)
Read More",악의마음을읽는자들
21,"A Profiler's Struggle [EDITED]
Since I am writing this review after only watching one episode, let me focus not on the overall quality but the on the impression it left me.

Being a fan of US criminal investigation dramas, one thing that has always fascinated me in their stories is how the truth of the crime is slowly unfolded by the time the culprit is caught. It takes a criminal's mind to figure out a criminal's mind.

Solely focusing on the evidences 'per se' to solve a crime is like holding a bunch of puzzle pieces, spreading them out without order, trying to find context clues here and there and just ""guessing"" what the picture is. And being convinced right away that what you ""picture out"" is the whole picture. And anything that contradicts that picture in one's head is a lie. Stupid, isn't it?

One thing that stands out in the first episode of Through The Darkness is that, in the way Ha Young's story is presented, the viewer is also able to enter into his mind (to be more accurate, the Tagalog word 'kalooban' is more apt to use here; a term which pertains what's inside a person's mind AND heart). And so as the episode progresses, the viewer is also able to enter into the thoughts of the lead character and begin to ask the same questions that he has.

It takes a criminal's mind—understanding their thought processes, making sense of their motives and behavioral patterns—to figure out a criminal's mind.

Those who are willing to enter a criminal's mind I invite to join Ha Young and his team as they explore through the darkness... Let us watch it until the end.

=====

Edit: I make this after watching the tenth episode and let me tell you, each episode DELIVERS. Kim Nam Gil's stellar acting skills consistently draws you in and makes you travel further deeper into each criminal's mind. You may find yourself getting mentally exhausted and you may also get worried that Song Ha Young might also get into deeper trouble dealing with those lunatics. That goes to show that the actors playing the criminals are doing a great job as well.
Read More",악의마음을읽는자들
22,"One of the best series I saw this year. Every beginning is hard. But when it's about to changes the people's' way of thinking is harder.
The plot is very interesting and reflects, probably, a harsh reality. There are crazy people in this world, serial criminals, who want only to kill. On the other hand, there are people who can go deep into those criminals' hearts and minds and manage to catch them. It is a very hard job to do and very dangerous. At the beginning nobody knew what a profiler is. And at the end I saw a strong team, officers who managed to change their way of thinking, to understand that a change must be done in their way of working and to adapt themselves to that new reality in order to catch the criminals. A powerful game of minds around a terrifying reality.
I had moments when it was hard for me to watch. So much darkness in those criminal minds! Watching what they've done made my heart tremble.
The script is a masterpiece. I had not even a single moment of boredom watching this series.

ing: There is not much to say. They were wonderful! I hated all the criminals and I loved all the officers. That means all the actors did an excellent job! With a script like that their acting was almost perfect!

: It was according with the plot. And it fit perfectly.

Rewatch value: I will re-watch it for sure, but not right now. There are so many good ideas I want to re-watch. Human psychology is something that I like and this movie shows plenty.

: This series is not for everybody. It's not a light series. But if you want to see something that challenge your mind and heart, do it! You will not feel sorry! Guaranteed!
Read More",악의마음을읽는자들
23,"Through the Darkness is a legendary series
It's a crime/thriller series that did not involve much car chasing and gunfights. It's simple but powerful. Every episode was mind blowing. This series may be weak for some, it's not for me. Every line that the main character delivered was descriptive that it guided me as a viewer to imagine the personalities of every serial killer. There were redundant pattern on how things will be revealed, yet there were also novice turn of events.

It's a legendary series in a sense that it narrates how Korea had its first criminal profiler and its team. They experienced different challenges like other newly established group or businesses. I will certainly watch the second season if the producers will decide to make it.

Read More",악의마음을읽는자들
24,"It is the beginning of something revolutionary
This drama was not much hyped. Even though it had one of the best Korean actor Kim Nam Gil in it. Even I came to know about this drama after it started airing. I usually start the drama from the first day it actually airs. So that I can be hyped for the upcoming episodes. But I just couldn't bring myself to start this drama as it was going to take a  week break because of the  Winter Olympics. So I decided to start this drama when it was in its final week.

The actual story starts from the late 's. At that time Korea didn't had the criminal profiling which the US has been using for the past  years or so. So Kook Young Soo decides to create a team for profiling criminals. And asks Song Ha Young to be the profiler. Song Ha Young seems to be a cold person on the surface who could even be a psychopath but he is actually hiding his deep emotions. He is a kind person behind the cold mask he wears around the show. We also have Yoon Tae Goo the captain of the criminal  division. She comes out as a rude person at the start of the drama but she gets better with the passing episode. She is willing to listen to logical talks unlike other people in the division. And we have many other good supporting actors in this drama. But I personally hated Kim Bong Shik's character. All he did was complaint through out the drama.Choi Yoon Ji's and Jung Woo Joo's character were soothing to the eyes Han Joon Woo looks like Lee Joon Gi. He was good too. Kim Jung Hee also did a terrific job in playing the psychopath. His laugh makes you feel disgust and tremble.

As I have mentioned above in the title that it is the beginning of something revolutionary. It wasn't easy for the Behavioral Analysis team to do there work. As many who were unaware of their work criticized them. And even questioned the need for such a department. But that didn't let our guys down who kept there heads up and doing what they thought was necessary. And producing results too which many thought was just pure luck.

In this drama we see how criminal profiling is actually done. It kind of is like the ABCD of criminal profiling.Where they approach criminal profiling from the basic level. How a profiler finds it difficult to control his/her emotions while interviewing and investigating the criminals.

I have seen almost every good crime related drama that is to be seen. Through the darkness is definitely good but it didn't had that good of a story but still I don't know why I am quite satisfied after watching this show. I even binge watched it. And loved every moment of it. So I am rating it a solid / drama. Hopefully it gains the recognition it deserves. Do give this drama a watch as I assure you won't be wasting your time.



Read More",악의마음을읽는자들
25,"Great actors but a declining storyline
The plot delves into the psychology of a murderer, understanding their intentions, and using the data to categorize murderers into some sort of personality types. I found the idea to be rather interesting as I personally like psychological thrillers. However, this series failed to hold my interest till the end.

One would expect thrillers to be 'gripping' and you would want to hold your breath as they challenge the murderers and uncover details of the case. This was only largely seen in the first story in the series. Honestly, Part  of this series was captivating. The first few episodes were great, and shows promise to this series, however as the series progressed, I found myself skipping through the scenes. The acting was amazing, especially some of the prisoners they interviewed. However the series failed to explore more details in the psychology of a murderer, and somehow the crimes get more easy to solve. It seemed like a disappointment from the first few episodes and furthermore, there wasn't much character development. It was just a monotonous solving of crime after crime.

, a mediocre thriller, not as dark as I would like, but it's an interesting watch for sure.

Read More",악의마음을읽는자들
26,"Perfect!
I am two episodes before the end and I think this drama is excellent. It is not a thriller drama but rather a filmed profiling textbook where the main aspect is not running after a wanted man with a gun in your hand but a tedious, time-consuming investigation that often leads nowhere and the case is solved by... chance. This is an intelligent drama, showing many psychological aspects of the criminal but also of the policemen who have to deal with brutal, nightmarish crimes whose cruelty is beyond human comprehension. It is not a thriller, not even a crime drama, it is a brilliantly filmed struggle of normal people who look into the abyss every day not to fall into it.
I've been waiting for a drama like this for a long time, and with two episodes to go, I'm completely satisfied.
Read More",악의마음을읽는자들
27,"BOY, THAT WAS A WILD RIDE!!!!
KEREN. KEREN ABISSSS.
menurut gue, through the darkness ini pantes masuk ke dalam kategori drama crime-thriller terbaik untuk kuartal pertama tahun .

(+) kim nam gil did such an outstanding performance as song ha young. sebagai pengikut beliau, jujur gue takjub banget ngeliat acting dia di sini. kurus dan suramnya dapet banget. apalagi pasca dia kecelakaan, 'makin kurus'nya tuh keliatan banget. gokil.
(+) drama ini bukan tipikal drama yang memunculkan penyakit 'trust issue' kepada yang nonton karena harus suudzon dan mencurigai siapa yang jadi pelaku, tapi entah dengan mantra ajaib apa rasa-rasanya kita yang nonton tetep ngga bisa lepas. singkat kata, storyline dan pengeksekusiannya jelas apik. solid. udah gitu ngga ada yang terbuang sia-sia, satsetsatset kelar.
(+) karna bikin penasaran dan pacenya cepet tapi ngga buru-buru, serta jumlah episode cuma  @mnt, drama ini cocok banget buat dimaratonin si asli.
(-) karena plot dan aksi kim namgil yang luar biasa, gue jadi ngga begitu memerhatikan visual dramanya ya. tapi ngga ada masalah si soal pengambilan gambarnya. yang cukup disayangkan cuma pengambilan latar awal tahun nya agak kurang dapet tapi tetep oke sih.

debut drama yang luar biasa menakjubkan dari sutradara dan penulisnya. gue akan menantikan karya-karya lain yang akan datang dari mereka 👁️👄👁️
Read More",악의마음을읽는자들
28,"ONE OF THE BEST CRIME DRAMA I'VE EVER SEEN
Before I start my review, I would like to clarify a few things.

. This crime focuses on Behavioral Crime Unit that focuses on perpertrators' mind and psychology. So it does not focus on finding physical proofs like most crime dramas, nor does it depicts much on how they catch the perpertrators.
. This drama has a lot of talk than actions, in my opinion. So if you are the type of a person who likes action i.e running and fighting from the main characters' part, this is not for you.
. This drama is based from the non fiction book by South Korea's first profiler, Kwon Il-yong. Therefore, the cases are based on real cases (for example, Yoo Yoon Chul) and the main character is loosely based from Kwon Il-yong himself. He also acted as this drama's advisor to make sure the details are correct.
. I suggest you watch the Raincoat Killer documentary on Netflix to have a better understanding and appreciation of this drama. I helped me tremendously.
. Trigger warning to those who can't watch crime against little children, violent killings and psychopaths who have no remorse in whatever heinous crime they commit. There're mentions about children raping and abuse too. just fyi.

Alright. Now that we have cleared all those things up, I would have to say, as a person who once taken psychology as one of my subject in uni, a diehard fan of Criminal Minds (US tv series) and the likes, I would have to say this drama is GOLD. These are my reasons:

PLOT
The fact that the cases are taken from real cases is just a plus point for me. The cases are gruesome that makes you wonder if the world is about to end because these psychopaths exist. I even cried because one of the cases that involved a little girl. Damn. That got me deep.

ACTING
The cast lineups are chef's kiss. We have Kim Nam Gil, Jin Seon Kyu and Kim So Jin. These are spectacular actors. The brought the character to life. Nam Gil for me shoud reveive an award for his acting here. His tortured facial expression when he interviewed the criminals was just.... I'm speechless. Then there were the actors who acted as the criminals. Oh. MY. GOD. Standing ovasion from me. If I were the wife of one of them, I may want to sleep seperately for a week because their acting were damn real it gave me chills.

You know what, I'm just gonna stop here. Just watch because of these two reasons. It's enough for you to be glued for the whole  episodes. Kudos to them team who made this masterpiece.

For others who like this type of drama, I suggest you watch Criminal Minds (US version. Korean version sucks. Don't get me start on that), Mindhunter (tho it's a bit slow and has faaarrrr more talks than action) and Criminal series on Netflix (UK version. The other version were just okay. UK version is best among all).

Aite. That's all. Hope this review is helpful. ✌🏼
Read More",악의마음을읽는자들
29,"The Korean Mindhunter But Not Quite
Right off the bat, dunno why some on here are giving this bad ratings on here while a show as awful as signal has such high ratings lol. Anyway.....as a huge mindhunter fan I was so excited for this and it met my expectations. When I started it I was slightly disappointed as I went around calling it the Korean Mindhunter and was let down by the lack of the 'fincher-esque' fast paced but almost academic storytelling. But its just entirely different i mean its set some  years later in South Korea.. very different but good nevertheless. At first Detective Yoon was frustrating but every character on the show is fully realized and based in reality, so you'll learn to bare with it. Also would be good to actually research some of the real cases the show was based on and read a bit about Prof Kown IlYong whom Song Hayoung is based off of.

This was an excellent show and for someone interested in the psychology of criminals, i was thoroughly entertained. They handled the cases with respect and it was honestly clever unfolding of plot.

Initially was uncomfortable with the editing and look of the show, (the high-contrast postprod sharpness effect really threw me off) but I came arnd to enjoying it - it really captures that dark late 's early 's era of south korean criminal bureaus.
Best kshow of  alongside juvenile justice for me.
Read More",악의마음을읽는자들
30,"Something different, that could've been so much better.
This drama ended up being something really different, which is fine, but that doesn't mean it had to be boring.
I only watched this drama for Kim Nam Gil. He always does a great job, but here... his character was extremely dry.

:
There is really nothing wrong with the base concept. This drama was bound to be different, since it's based on a novel, but still... they could've made it so much better.

Acting:
I don't know what happened... I expected a good performance from this cast, but their characters have no personalities. It makes me frustrated. Kim So Jin's character was just pathetic. (I honestly feel bad after typing this out, but it had to be said.)

The story moved forward really slowly. They could've made the episodes - minutes long.  hour is just too long.

If you like watching those murder documentaries on youtube, then watch it. This drama is basically on the same level.
But if you're looking for something more exciting, this is not for you.
Read More",악의마음을읽는자들
31,"Mid drama review
I am writing this review just to keep mind clear and I have to wait for  days for next episode so let's start this
Kim nam Gil my very first drama of his ,am impressed by the way of his acting in this drama like he is definitely an introvert, intuitive and closed
As a person who feel too much I can relate to him upto certain extent if I was in a police force i think i would've quitted that way before i expected.there were certain aspects of his acting i like very much his subtle acting doesn't talk too much but shows in action,his chemistry between the FL and other male lead was impeccable.
Jin seon kyu - at some point of this drama i thought he is gonna die but he didn't am glad.
His acting is actually good and his chemistry with detective song is so good
Coming to his role in this drama,this drama has a dynamic of one person talks more and one person talks less but his idea of behavioral analysis in this drama made me think of how psychological aspects effect in finding a suspect and have a common point .
Am very thankful he was their to add some comedic view into this drama , so I am expecting they won't kill him off at some point ofthis drama of they kill him i think am coming after this writer
Kim so jin
Am happy that am liking her because i hated her at first but when I got to know her background story it felt it's all justified by the way she is acting u see if a woman becoming a head of special crime division in s is hard,and I like how song nam Gil is the only one who corrects when someone says hey lady or young lady
I think song ha young and her have very similar personality when it comes to case solving but song ha young feels it in a different level when it comes to his feelings where as her has a very good logic which helps them to maintain a dynamic and space for debate I loved it
Where as rest of the team
I like they added young blood like ryeoun am impressed i was kinda waiting for him to be in a good role and he got it here am so happy for him .
 i felt they're actually happened in Korea and some of them seemed very similar to a recent case of how a culprit got out because he was drunk at that time (am not going to details)
And love the way they showed how profiling got importance
All in all am very excited for the next episodes as well as sad I have to wait for  days
I recommend this drama to everyone just watch it u will love it if u like crime dramas it's very rare to find a criminal profiling dramas these days
 loved it especially song ha young charecter I will watch this just to know what gonna happen to him .


Read More",악의마음을읽는자들
32,"They say in order to figure out what goes through a person's mind who do heinous things to other people is to think like them.

Wow!!! The screenwriter was so on point about how a criminal mind's behavior works. The uncanny thing about the characters who committed certain crimes all had the characteristics of being a true narcissistic psychopath.

This drama isn't for the faint of heart. It did have A LOT of disturbing scenes in it. You most definitely will have to take a break from watching these episodes. I just dove right in and binged the whole thing. I didn't know it was going to be so intense.

I wonder what went through the actors minds who portrayed the criminals when they decided to take on such a strong role. Having to do retakes of doing and saying disturbing things until the director was satisfied had to have taken a toll on their mind set. If not....

This drama was very dark. It did have specs of comedy in it which I welcomed wholeheartedly but I wish there would've been a little bit more to lighten the mood.

The whole cast represented themselves in a way that always amazes me. I liked the chemistry. It wasn't as strong as I'm use to but it was slightly there.

I'm also glad that this was only a  episode series. It could've been less because some of the criminal scenes were really drawn out by being too wordy.

It was good. I got to see a different side from the main male character but as for me....this is something I will not watch again.
Read More",악의마음을읽는자들
33,"DARK SIDE STORY FOR EACH OF CRIMINALS!
Just finished watched this Masterpiece drama last month. Watching this just because of Kim Nam Gil. Love all the stories for each of the killers. They had their own motive for all the cruel murders. Most of them had terrible & dark past. And I really love the Criminal Behavioral Analysis team. Kim Nam Gil & Jin Seon Kyu chemistry is so perfect. The way they interview all the psycho killers and make a research about their past (background) is so amazing. Each of the killers are so damn psycho and crazy. Thumbs up to all of the actors that played as a psycho killers. Although all of them are new face (actor) but damn their acting is really another level. I can feel all the emotions. So sad its only  EP, I wish there's more EP for this drama. Hope to see season .
Read More",악의마음을읽는자들
34,"Great thriller drama/ Similar to Mouse
Damn the murders are surprisingly well detailed and i cant believe this is based on real story its good so far and the people who gave this a  or  or even  i dont understand u lmao. this is focused on profiling not rlly a thriller focused and also the psycopaths getting interviewed are so convincing and scary they did amazing. But this isnt something i'd rewatch the murders details are so scarring, it gave me chills. I didnt consider watching this when i saw the age rating was +, was a bit confused. But this isnt a bad thriller drama and derserves the high global rating.
Read More",악의마음을읽는자들
35,"First: the Complaint. Then a brief review :)
I'd like to begin with a pet peeve I have about the drama: Product Placements were annoying and obvious. Movies and TV shows in the US rarely use product placement, and if they do, it's notable and not woven into the dialogue; perhaps this is why I noticed them. Complain over.

Having just finished The Fiery Priest (I'm still laughing...I loved it so much), I was eager to watch another drama with Kim Nan Gil. The actor has range because his character in Through the Darkness is nearly opposite to his character in FP. Still, the supporting cast's roles where well-drawn and execute so that the change in mindset that occurs over time in the series can be seen as genuine and not forced by a story line.

Pacing was excellent. Not interminable episodes of flashbacks, backstory, or lingering over a case for too many episodes. The result is a story that is presented over time, giving the viewer the opportunity to see the development of the Behavioral Analysis approaches and methods.

So, if you like a police series that looks at how the Behavioral Analysis unit got its start, and don't want to devote months of your life getting through it, then I recommend this for ) bingeability ) an interesting story but won't make you feel lost trying to figure out who did it.
Read More",악의마음을읽는자들
36,"Not a mysterious drama
To the one who all watching this drama just because of the thriller tag please keep this in mind that this drama contain not % thriller the drama is totaly based on criminal profiling so if you not aware of the profiling you might find this drama Boring for me the drama was good but as i am more thriller sucker i didn't enjoy it that much.
The story was fresh and new to kdrama for a person like me who don't anything about the profiling the drama did good in at that aspect all the criminal did reveal at the starting of the case so you don't have to use of criminal brain just focus on the profiling.the cases was good not on the top
The cast is good the acting of the main actor was good and the music is not so memorable...
For me i wouldn't probably watch this drama again..
Read More",악의마음을읽는자들
37,"The Darkest Minds.
A / because this was extremely an eye opener for me. I've never investigated murderers, looked up police procedures or psychopaths and had never even known that they had certain behavioral patterns until this. Though, a caveat for thrill seekers -- this drama is no regular ""thriller"". It is more procedural and gives an indepth look into the lives of Criminal Profilers. (This might be the reason why I did not feel to rate it a /.)

I am quite curious about how the original book was written because Through the Darkness is carried by the efforts of two budding criminal profilers, Song Ha Young and Captain Young Soo. Despite their intense passion for that specific line of work, they often face ridicule from their colleagues, thanks to the apprehension that follows anything new.

The entire story as a whole is told in an almost episodic format, loosely based on some of the major crimes that were headlines in South Korea. (As a matter of fact, Gu Young Chun, who was sentenced to death, is still alive and imprisoned.)

In particular, I was impressed and terrified by Song Ha Young, an introverted detective who was extremely sensitive to the emotions of everyone surrounding him. I have to say, he is hands down one of the most genuinely nice and fluffy male leads out there. We see his intense passion for his work. What was surprising to me was how I grew attached to even his own mother, who definitely has less screen time than any other characters who are working on the field. His rapport with his more extroverted colleague was one of the lighter parts of the show. I slowly began to care for both of the profilers and their family.

Captain Yoon, one of the major female characters, was introduced in a rather annoying fashion —- I grew to like her refurbished attitude as the story progressed, but I failed to understand her rude approach to the Criminal Profilers in the first place. I found the female reporter disconcerting as she had only a countable number of scenes. I wished to see more of her passion for her work.

The crimes were gruesome and the interviews were bleak —- but, as someone mentioned, we are the creators of our destiny. We choose to become who we are.

Funnily, both my mom and a friend of mine advised me in the exact same manner that Song Ha Young was admonished on episode  and .

I hope that the real authors as well as the entire cast and crew behind the scenes received extensive counselling and therapy after wrapping up. This show is not for the light hearted.
Read More",악의마음을읽는자들
38,"Not Good Enough
This is my first time writing a review and unfortunately it's not a good one.
This drama really made me drop it, and I only did it when I saw that there is no point to keep watching. , this show has nothing new, just questionable characters and a somewhat predictable plot.
It started out as an OK thriller, but then it crashes and just... nothing really happens.

It was a real let down. The characters were not interesting at all, they have no personalities, no development at all.
It is just so infuriating to watch as the show drags on.

Honestly, this is the WORST thriller I have ever seen. I just couldn't handle it anymore.
I don't recommend for anyone to watch it.
If you like slow, boring dramas with some ridiculous characters, this show is for you.
Read More",악의마음을읽는자들
39,"Watch a documentary instead
I've tried my hardest to complete this show... but damn. I really couldn't. The trailer and synopsis hooked me in and I went in knowing it was based on a non-fiction book but what I really did not expect was how slow it was. It was advertised as a thriller but its most definitely not. Instead, it's an extremely slow burn with no end in sight.

The story is told in almost like a documentary-like fashion. The main character (Kim Nam Gil) is portrayed as eccentric, aloof yet empathetic and ""special"" in a way only main characters are. This ""special"" quality is what landed him the newly created role of a profiler. Predictably, no one appreciates the profilers from the start and look down on them, scorn them, and they are allocated the worst office in the building. Of course, the profilers are full of tenacity and overcome these various challenges to finally attain the recognition they deserve. It's a tale as old as time, and anyone can see through the plot of this show right from the first episode. Nothing groundbreaking at all, and nothing to keep viewers watching through the end. In addition, the culprit for each case is revealed right off the bat so there is even less payoff to watch and try to figure out who the murderer is. What we do get are long drawn out interview sessions with serial killers showing off how crazy they are. After a while it just got ... boring. I'm not sure why either. I've watched the Criminal series on Netflix where it's set % in the interrogation room yet it was a million times more exciting that this show. Which is disappointing. The characters also don't experience any growth at all; the profilers still treat each other like strangers despite working together for YEARS. Main character retains his ""specialness"" all the way and his only fault is being too empathetic. Meh. Oh, and there was also this strange subplot about this reporter girl which added  things to the plot and only served to show how ""special"" and ""empathetic"" that reporter girl is. I thought the show wanted to force a romance between her and the main character but seeing as how nothing happened even at the th episode, I guess not.

The acting is fairly good, if you don't mind watching people behave like they're in a constant state of depression (which I guess is true considering the heavy stuff they deal with constantly). The show is the epitome of the saying ""all work and no play makes Jack a dull boy"" because literally all characters are raging workaholics who do not seem to have hobbies outside of work. Which makes it hard to see the range these actors can show.

Conclusion: watch only if you can stomach extremely slow paced dramas with no payoff at all. This is not a thriller - though there are some ""thrilling"" fight scenes. If you prefer more traditional police procedural shows, this is not the one for you. I honestly feel that juvenile justice, a show supposed to be about judges, has more thrilling police investigation scenes than this show LOL, so make of this what you will.
Read More",악의마음을읽는자들
