,reviews,title
0,"'Finding Happiness Again'
The New Beginning.
Not having some great story, relatively some or to be honest many plot holes doesn't mean that drama wasn't good, there's nothing like perfection. Having some cons is a good thing from my perspective. So now let's talk about drama. Fluffy, comedy, sweet, light with mild romance (Don't expect too much even romance is in main genres) ... it's the full package fluff drama but it also gives some messages which make us think about ourselves our life and the decision we made.

The story wasn't perfect but the execution was done well, kind of predictable still a fun and interesting journey. Really like the character development wasn't just about only one character but about every... the journey of learning something and it was for everyone that at the end you can see not phenomenal but at least a good change indeed!

Talking about the cast and acting... for me everyone was perfect for their respective roles and characters really liked Bahn Ha-Ni's both version the younger and the present one it's always great to see two different sides of the same character though I can't say they both are same haha.. the ML was definitely chocolate boy, adorable, liked the chemistry between them but still I won't say we get much romance here.

So overall it was a good show indeed won't say very good, coz I didn't get answers for some of my questions and had some plot holes but it's really good and light show indeed!

“We all do things we desperately wish we could undo. Those regrets just become part of who we are, along with everything else. To spend time trying to change that, well, it's like chasing clouds.”

Read More",안녕나야
1,"The guilt we carry
I love the  and  year old Ha Nis. I canbonly imagine the older Ha Ni feels, the guilt that made her punish herself that completely changed her core. The contrast between the younger Ha Ni and the older Ha Ni is so vast that when the two characters start merging into older Ha Nis character it is an event to look forever to.

I enjo watching this drama and patiently wait for  episodes a week on Netflix. The change in both Anthony and Yu Hyeon is also amazing. I love Yu Hyeons dad, he is a better character than the dad in Protect the Boss whch also stars Choi Kang Hee (Ha Ni). I like Ha Nis mom too and although Ha Nis nephew is still not as good as young Ha Nis acting, I find him cute

Characters I don't like and almost hate are Ha Nis sister and high school friend. I hate the Auntie aka sister in law of the dad. I also don't like the grandmother but can understand her

The ending is a bit rushed but still good. Happy Ending as the  Ha Ni finally moved on


Read More",안녕나야
2,"Cheesy And Typical Tropes To Be Expected, Yet Oddly Heartwarming In Parts...
Novice screenwriter Yoo Song Yi and director Lee Hyun Suk tackle the renowned theme of time travel within their storyline with a conglomeration of staid cliches and tropes, plot holes as well as a mixed bag of characterisation. Nevertheless perhaps one thing which should be said is that even in the world of cliche K-dramas, the premise of “Hello, Me! “is pretty out there .

The drama centralises its upon the main protagonist  year-old Ha-Ni ( Choi Kang Hee). Once a stunning beauty and popular in her teens, Ha-Ni’s life has hit rock bottom after a tragic event in her life. By a whim of fate, Ha-Ni ends up encountering her -year old self ( Lee Re) who has somehow travelled twenty years into the future for reasons unbeknown to both Ha-Nis. As the current Ha-Ni struggles to juggle between keeping the appearance of her younger self from her older sister Ban Ha Young ( Jung Yi Rang) , mother Ji Ok Jung ( Yoon Bok In) and grandmother Lee Hong Nyeon ( Kim Yong Rin), Ha-Ni’s life may just hide a blessing in disguise with a new opportunity coming to rise. In addition to this, the mysterious involvement of younger conglomerate heir Yoo-hyun ( Kim Young Kwang) and actor Anthony ( Eum Moon Suk), reveal their mysterious links and feelings through their shared pasts with Ha-Ni .

The cast of the series were fairly versatile in talents. Whilst main actress Choi Kang Hee admittedly did feel slightly out of place within the series at first, she was able to deliver a brilliant performance which allowed viewers to become attached and feel moved by her character. Arguably, actress Lee Re did feel slightly questionable within her portrayal of Ha-Ni’s younger-self due to certain line deliverances, however, during more angst-ridden moments of the series, the younger actress did capture certainly more heartfelt moments behind her onscreen persona .

Admittedly , Kim Young Kwang and Eun Moon Suk weren’t entirely dire within their performances and did have some genuinely heartbreaking moments onscreen , however as their characters were played more for comedy and as the “ love interests” of the drama, their performances were restricted slightly towards their respected moulds as the “ male lead and second male lead” of “ Hello, Me!” . However, this is not entirely the fault of either actor, as whilst the scriptwriting should be commended for tackling convoluted and realistic subject areas such as bereavement, family , friendship, mental health and the prejudice and difficulties of ageing in South-Korean Society , certain characters felt respectfully moulded into prosaic roles over the course of the series which were hard to renounce.

In particular this can be seen through the younger Ha-Ni. Ha-Ni is supposed to highlight a stark contrast against her older counterpart by her fractiousness , optimism and self-confidence in given situations due to still being young . On the other hand, Ha-Ni respectfully felt overly immature and benign for a -year old by her impulsiveness and lacking rationality at times over the course of the series. Whilst admittedly the older Ha-Ni did confess that she was fairly sheltered by her mother and doted on by her father Ban Ki Tae ( Kim Byung Choon) during her younger years, it still felt oddly out of place for a character exposed to social interactions and academic expectations ( which were never really touched upon the series) in high school to not learn to mature slightly as a consequence.

However, over the course of the series and her interactions with her older self, the younger Ha-Ni does learn to become more altruistic by helping others, as well as encouraging the  year-old self through acceptance than her earlier snide comments towards older Ha-Ni’s appearance and circumstances. ( Taking “ self-depreciation ” to a whole new level in the beginning of the drama.)Yet this still seems to lead to two possible conclusions; Ha-Ni should have been written as a slightly younger character ( perhaps someone nearer her mid-teens than  years old ), or preferably she should have been given more time throughout the storyline to learn to mature slightly from the influences of her older-self.

Naturally, this leads us onto the older Ha-Ni. Whilst the younger Ha-Ni is by default the same individual as the older Ha-Ni, screenwriter Song Yi notably places an emphasis upon the  year-old version of the character being strikingly different than her younger counterpart. The current Ha-Ni is more taciturn, lacking in self-confidence and was hinted by her mother and sister to have struggled with depression and loneliness in the past. Annoyingly whilst the series did enjoy placing comic relief upon Ha-Ni’s “ unfortunate circumstances” in the beginning of the series and her naivety for the latter part with the feelings of Anthony and Yoo-Hyun towards her, the older Ha-Ni admittedly did have a lot of character growth from low self-esteem initially towards a more self-assured individual who learns to pursue her dreams in the process.

However, her pairings with the male leads often felt slightly disjointed in the grand scheme of the series. The pairing between Yoo Hyun and Ha Ni felt more fortified admittedly than the more complicated relationship between Anthony and herself ( both younger and older), however, this often resulted in the series struggling sometimes to portray Ha-Ni’s affections and feelings towards either male lead outside of expected plot line and setups.

Perhaps the one element that was tackled well within the drama occurred with Ha Ni’s interactions with her mother, sister and grandmother over the duration of the episodes , shown to grow and developed from slightly estranged ( due to her circumstances) towards more affectionate and trusting over the course of the series. It would have perhaps been slightly more intriguing to have touched upon Ha Ni’s interactions and complications around her grandmother. Although primarily this did serve a major part of the story ( without any spoilers) , this did feel a little underdeveloped towards exposing the more emotional difficulties and challenges ( especially with her mental health ) for the  year-old Ha Ni. Nevertheless, it was a refreshing and heartwarming dynamic by the presence of Ha Ni’s interactions with her family allowing her to grow to some extent as an individual, rather than merely an asset for “romantic” plot development.

On the other hand, the two male leads of the series are a little more complicated to address by their debased characterisation in parts. “Anthony” arguably had the most wasted potential as a second male lead and his respected involvement in Ha-Ni’s life due to his “ feelings” for Ha-Ni often being played for comical gags rather than exploring his more complicated reasons, personality and past. The drama did attempt to bring up Anthony’s past haunting him again nearer the ending of the series by this particular storyline (as well of course his earlier interactions with the younger Ha-Ni), however, Anthony never truly felt like a worthy contender of Ha-Ni’s affections due to being severely limited within personal growth and screen time with the main character.

Arguably, against his initial cliche archetype as the “ immature, younger rich male lead” Yoo- Hyun was more well-rounded by his reasoning behind falling for Ha-Ni as well as his primary growth as a character . Without revealing too much about the storyline , there are expected tropes which revolve around Yoo-Hyun over the course of the drama. However against some of his more annoying flaws being his childishness and immaturity at times ( as noted by his father ), he was an incredibly kind-hearted and altruistic individual, making his interactions with the older Ha-Ni fairly sweet. Similar to the older Ha-Ni, however, it was refreshing that the series did touch upon Yoo-Hyun’s heartfelt relationship development and complications from childhood with his father Han Ji Man ( Yoon Joo Sang). Although his relationship with Ha-Ni was undeniably sweet, it did feel underdeveloped for a major proportion of the series, often resulting in their relationship being more “ friendly” than having “ romantic undertones”. Nevertheless, their bond did serve to provide warmth and sincerity into the series.

The side characters of the series were honestly a bit of mixed-bag with genuine development besides our main protagonists. Perhaps the most interesting side character in the series who had notable growth from her initial introduction in episode  manifested in Oh Ji Eun. The estranged best friend and shadow of Ha-Ni from her younger years, Ji Eun’s position is reversed in the present by being a successful director as well , in a fairly happy relationship with fellow managing director Yang Do Yoon ( Ji Seung Hyun). However, there’s a lot more than Ji Eun struggles behind the scenes from her initial introduction by struggling with guilt over how she left things with Ha-Ni after they ended their friendship initially, and walking around eggs shells with her mother in law and one of the arguable “ minor antagonists ” of the series, Han Ji Sook ( Baek Hyun Joo).

Whilst it is prominent to see why Ji Eun was forced into the mistakes she made in order to hopefully win the approval of Ji Sook, it felt slightly poorly-tackled how the show left things with Ji Eun. Additionally, the other side characters of the series were mostly played off giggles or to lighten up the mood over the course of the series such as kitchen staff Kang Geum Ja ( Kim Mi Hwa) and Cha Mi Ja ( Kim Do Yeon) , the “ obvious secret couple”, Bang Ok Joo ( Go Na Eun) and Kim Yong Hwa ( Kim Ki Ri) as well as of course the duo Park Jung Man ( Choi Dae Chul) and Min Gyeong Shik ( Kang Tae Joo) consigned as Anthony’s managers also.

On the other hand, the ending for “ Hello, Me!” was fairly appropriate for the genre; predictable, yet nonetheless enjoyable.Ultimately, “ Hello, Me!” was a fairly heartfelt, uplifting fantasy, family story and romantic comedy about self-love and learning to lean on others. It was not a flawless show and some notable implausibilities of character development, a sense of overarching purpose and cliches did ultimately detract from more intriguing aspects of the series. Nevertheless, it was a fairly enjoyable and easygoing watch, perhaps something to easily binge-watch when bored or looking for something to fill-out during a lazy day, holiday or weekend.
Read More",안녕나야
3,"Good show for trying times
First I'm an average american white male, mostly watch sports but have a wide taste for shows both american & other countries. I value a good story, acting to invest in a show.

I have not watched many Kdramas but with Netflix putting many out they fill a gap when I'm in the mood for something new. Last year I enjoyed Mystic Pop Up Bar. So Hello Me! Had a interesting concept.

I know much of the world has been isolated & dealing with COVID so I tend to look for TV shows to detach from the pandemic.

Without discussing the plot as part of the joy of this show is seeing where it goes, the week between episodes is hard as you are left wanting to see what happens.

Likes:

- funny and many laugh out loud moments, even with major culture difference this show has humor which in a way helps offset the more serious moments

- at its heart outside of the two versions of the same person is a core of how people deal with family, friends, loss and finding happiness. Sometimes its just in a snack and others finding a friend lost.

- enjoy the multi-connected plot & characters, kind of shows the  degrees of seperation. Also the aspect of how people make impacts on other peoples lives, which often may seem minor

Dislikes:

- some of the events are the same old ones you see elsewhere, the romance side of this show is pretty weak with the two leads being there to prop up the two main leads (or one)

I look forward to how the show wraps up and update what I thought. I hope they have a season  if Kdramas even do that.

Give the show a chance, if anything it will make you smile.

Update /

Well the series wrapped and came back to update.  my rating and like for the did not change. I do agree the aunt / anthony subplots did suck time away from the core story but it was nice to have most of the main storylines wrapped up.

I guess this final two episodes were more bittersweet than outright sad.  series kept its touching nature and it does make you pause to evaluate your life & relationships.

While I know K Dramas don't do seasons like the US, however there are story lines that could be explored in each time period.

Past - Ba Ha Ni dealing with her life knowing what she does. Maybe the college years.

Present - Obviously seeing current Ba Ha Ni and making the most of her new (restarted) life. I felt there was more meat between her & the HS BFF. The baby, adult friendship etc. I'd also like to see the Aunt return and be given a sub-company to run so she does not live her life with so much hate. She gave up her whole family, future grandchild due to her envy & greed.

If you are unsure, try the show. It was a pleasant watch.

~chill
Read More",안녕나야
4,"If I'm honest, I think I liked the message more than the show...
""Hello, Me!"" is a drama I have mixed feelings about. Although I did love the concept and self-love theme a lot, I could feel myself losing interest in this drama towards the end. In spite of dealing with serious things like grief and guilt, this drama tries to stay lighthearted and ""feel good"" which I think stopped it from becoming as deep as it could've been. I think playing it too safe and relying on tropes is what made me less excited about what was going to happen, but there was still a lot that I did like, and I'm glad I eventually watched it until the end.

I'll start with Ban Ha Ni, played by Choi Kang Hee. I think she is a great actress, and this character reminded me a bit of her role in ""Heart to Heart"", which I really liked, but one petty thing was driving me crazy. Sorry, but I just couldn't believe she was . Since so much about this drama is about her age, as opposed to Lee Re who is Ban Ha Ni at , I just kept wishing they bumped the time difference up to  years, which would have been way more realistic. Still, I did like the idea of the major contrast between her past self and current self and thought they were a great match. Lee Re is super cute and obnoxious but likable, which is the perfect contrast to Kang Hee's passive and worn-down version of Ha Ni. I won't go into the details of how and why their paths cross, but the idea of not being a disappointment to your past self was an inspiring theme, and what kept me initially engaged. Many of Ban Ha Ni's moments, at both ages, are silly and over the top which stops the story from ever getting too heavy, but I think that also backfired and made the story feel too repetitive and cliché at times. Convenient connections and ""fated"" situations became this drama's crutch. I appreciate that this drama wasn't too dark, or depressing, but the over the top comedy was sometimes too much.

Speaking of balance, this drama also stars Kim Young Kwang as Han Yoo Hyun, who was my favorite character even if his storyline was all over the place. He also played a similar role in Pinocchio (another favorite drama of mine) as a spoiled rich heir who is still sweet and considerate. In this drama he thankfully isn't the second lead. He's also cute and cheesy in ""The Secret Life of My Secretary"", so this is definitely his lane, but any romance in ""Hello, Me!"" is definitely just implied and that was very disappointing. The chemistry between him and Kang Hee is cute but super platonic. They have cute teamwork moments, and the way he supports Ha Ni is like a loyal puppy more than a love interest. I guess I'm glad they didn't force the romance idea too much, but I wish they made them clearly just friends instead. Any small attempts at romance between the two just seemed too awkward, and forced. He did make me smile whenever he was on screen, which was another thing that kept me watching even when I stopped caring. He has such a great smile! More than with Ha Ni I loved his chemistry and banter with his dad, played by Yoon Joo Sang. Some of my favorite scenes in this drama were random moments between the two of them more than any moment between the leads. If romance is your reason for watching this, definitely lower those expectations.

The rest of the cast was also good but because so much of the story lacked depth so did many of their performances. Ha Ni's classmates and family are all great. Eum Moon Suk as Anthony is considered a lead, maybe even an intended nd lead, but as much as his story works as a direct counter narrative to Ha Ni's story, I just never cared as much about him and what happened to him. I also didn't really care about the drama in Yoo Hyun's family, beyond his back and forth with his dad, the fighting for company control trope felt really out of place in this drama. Then there is one Shaman character who feels completely unnecessary. A character that weird and random should have had much better scenes. In contrast, I adored the lunch lady duo. In fact I liked them way more than many of the more prominent characters.

Would I watch this again? I don't think so. I didn't even feel motivated to finish this drama but I still wanted to know what would happen to Ha Ni. I do feel like that part of the story ended well, and I was satisfied with that, but the ways that so many other parts of the drama were resolved were extra corny and predictable. I feel like maybe to counter the sad parts they made sure the ending was extra positive, which felt a little like overkill. I only learned after watching that this was a novel so I'm curious which parts were added to fill in the  episodes, because that's what a lot of it felt like.

 this drama is Ok. I think I liked the message and idea of the show more than watching all of the episodes. Some parts made me laugh, and some parts made me really cry, and I loved the theme of making peace with who you are no matter what. I wouldn't call this a must see drama by any means, but there are enough good things about it to make me recommend this to anyone looking for something that's not too deep or completely frivolous. If you're a scene skipper, this is the kind of drama that has many skippable scenes. Also, if you are on any kind of diet beware! Snacks and snack love are a major factor in this drama, which felt a little overdone, but I can appreciate the sentiment as a snack lover. This drama itself is kinda like a snack more than a meal. It may not be filling but if you're in the mood for comedy sprinkled with nostalgia and self reflection and with just a slight (very slight) hint of romance it might just hit the spot.
Read More",안녕나야
5,"Cliched but its magic works!
Hello Me! is a predictable story filled with clichés like a struggling FL, a immature ML, the random job offering, the truck of doom, unwanted misunderstandings, childhood connections, etc.

Yet there are many enjoyable elements in this show. One, the comedy. The scenes between the ML & SML and ML & his co-worker ladies are such a laugh riot. Some of the antics of the Younger Ban Han Ni are hilarious.
Two, the character growth of both Ban Han Nis. Younger BHN is very audacious, outspoken and confident teen. Her actions lead to innumerable troubles. She can come off as an incorrigible person nearly the entire show. But, in odd turn of events, she turns a new leaf and becomes more mature. Older BHN is a broke and ill-fated person. Interactions with younger self, makes her take better charge at life.
Three, the character interactions. Be it interaction of both BHNs with her school friends, and her family, or ML with his ""assistant"", brother, dad and aunt. Everything is very cordial and warm.
Four, the message ""You're doing well. You're the most magnificent star in your life. That is, if you refuse to give up and get back on your feet once again.""
Five, the altruistic take on unfortunate events especially forgiving bad people, and supporting family members.

There are hardly any downsides to this show. It keeps you entertained, makes you laugh, makes you feel warm and strive at life.
I had an expectation that younger BHN will mature and change older BHN's life. The story doesn't flow that way which was new take on these past and present self interactions stories.
ML calling FL ""Ahjumma"" felt comical but it made their relationship more like sister-brother and not romantic. Even romance is barely there.
Anthony's closure felt good but it could have been different. Society requires to ""evolve"" to be more forgiving. Given the recent events, the social commentary felt coincidental.

The show is well produced. Acting of younger BHN felt a bit dramatic and artificial sometimes. Other actors are really good. Eum Moon Suk's acting style reminds me of his The Fiery Priest character.  is really good given that the younger BHN is idol aspirant especially the !! song. Rewatch is good for comical scenes.

Hello Me!: Invoke the child in oneself to heal oneself.
Read More",안녕나야
6,"Good Enough
Korean Drama "" Hello, Me! "" had an interesting story that is not encountered often. The fantasy- time travel element was handled nicely, the family drama was quite impactful and the character development on point. However, the drama didn't manage to leave a mark and it's quite forgettable.

The story, first of all, centers around Ha Ni, who's the complete opposite of who she was when she was a teenager. And, even though the reasons why she turned out to be this way were there, the drama failed to explore them properly, though her family drama was strong and supported masterfully by everyone in the cast. The romance, moreover, was slow, a bit silly at first, and was often left out, set aside so that the slice of life will be more on focus. Also, the love triangle was more enjoyable for the bromance rather than the romantic vibes.

In addition, the relationship between -year-old Ha Ni and -year-old Ha Ni was more like a mother-daughter than between two people of the same person. But that can be easily overlooked, as the slice of life genre often took the lead, with some heartwarming stories added here and there to enhance the main story and older Ha Ni's character. Also, the character development was just perfect, smoothly done and excellently handled. But, the ending was predictable and felt lukewarm.

So, overall, six out of ten.
Read More",안녕나야
7,"Extremely cliched but Surprisingly Refreshing & Uplifting!
Hello, Me is not very creative as its story renders around typical troupe and Kdrama cliches .
Its storytelling style also makes it predictable and less suspenseful. the pro side is this makes the drama Light and easy to follow as its development and twist has been foretold (or dropped hints in advance).

What makes the drama works is also what could have harm it (its a double edge sword). For me, I liked how the stress from EP  to  is centering around FL - Ban Han Ni but is also a little upsetting that ML is basically shoved aside and became a complementary piece. A little unexpected how young Ban Han Ni is dominating the airtime (sometimes even more than the ML) but fortunately for me, I grow to like ""Scarlett"".

Likes/ Strength
Actors are very good at digesting and expressing their roles, it is not easy to act ""innocent as a child"" with a mature like appearance. Both Choi Kang Hee and KimYoungKwang nailed their roles perfectly.

I like the respectful interaction between ML and FL all the way to the end. Is annoying in other dramas where ML force their way to win FL heart (especially Noona relationship). That usually rubs me off the wrong way.

 is very powerful in this drama but in a typical way. Instead of romantic/ emo ballads, I am hooked by its uplifting / uptempo cheering life and freedom type of songs. Bonus, the squid dance and Joa office routine song which are not part of OST totally steal the show.

Dislikes/ Weakness
I think too much attention on side story of ML's aunt company stealing plot and Anthony's career as an actor as both of these didnt really make much impact on BHN life and decision. Is very filler like but glad the writer wrapped the subplot up nicely and clean.

Is light and simple, warm, funny but not too cheesy.
Which is why to me, this drama is quite refreshing despite recycling the old Kdrama troupes/ cliches.
Read More",안녕나야
8,"What's great about this drama? The number one thing for me this drama shows is character growth. We see this in older BHN. She goes from living her whole life feeling guilty and always shameful/apologetic to a woman who has courage , determination, and one who finally forgives herself so she'll be able to love herself.

Of course, she was only able to do that with the interaction of her  year old self, which started as someone she didn't like seeing and was annoyed of, to eventually loving and caring for. I saw this as how older BHN struggled so much with her past self due to the accident that killed her dad, which is probably why she didn't like seeing her young self, but as time went on, she began to accept her past self and characteristics, allowing those qualities to return in her older self.

While not as strong as BHN's character growth, we do see character growth in other characters as well, including the ML.

There is romance in this drama, but because character growth is the main focus, the romance is at the minimal, meaning no lovely dovey scenes or big heartfelt confessions, or anything like that. Instead, we see a supportive male lead to the female lead. I didn't mind this at all. It was pretty sweet.

What I could've done without in this drama is the greedy old aunt. This part of the story was not needed. It ruined the light heartedness this drama had. I would like to call her the useless character as she serves no good purpose in my opinion. Without her and her scenes, we would've have a great drama but her scenes made things toxic to a certain degree.

Ending was great and happy but could've been a lot better had they shown more scenes of younger BHN's progress, of how she handles things after the passing of her dad. This would've gave me more of a satisfaction to this drama. This was the only missing piece that I felt like the writers should've gave more screen time on in the final episode.

But overall, it's a good, heartfelt, & underrated drama. Just skip the evil aunt scenes and you'll have a good time watching this.
Read More",안녕나야
9,"I'm gonna say right off the bat that this is not a strongly written, tightly plotted drama. It has some obvious flaws that are apparent from the first episode. But it's heartwarming and thoughtful and sprinkled with humor (and some tears for good measure), so I don't think it is without any merit.

Of course, because this drama has time-travel in it, we get to see both the modern day and the past, and there are good and bad things to this. Mainly that the present day portions and the past day portions felt like two very different dramas which created a very striking/jarring feeling while watching that took me awhile to get comfortable with. The modern day portion was like a silly, stereotypical, nothing new here, kind of drama, but with genuine heart and thoughtfulness. I was somewhat disappointed and let-down with aspects of this part of the story and would have liked some things to have been done differently, but it's not unenjoyable. The past day portion had a very human, slice of life, Reply series feel to it, and, for my part, I think it was the better portion. Young Ha Ni is a dynamic character, and her relationship with her father is incredibly endearing. We only received glimpses of the past here and there throughout the drama though, and there were next to none in the latter half, which was really disappointing.

The theme of the drama, the affects of trauma, was probably my favorite thing about the story. I really cared about Ha Ni, both young and adult. But while I think young Ha Ni had a mostly good story arc with a very satisfying conclusion, adult Ha Ni got somewhat jipped in the last few eps. There's a lot of focus early on on the difficulty of adult Ha Ni's life and how much she's given up on herself out of shame and regret, and I think the drama does a really good job of exploring this. There's also the start of her growing and changing and giving herself permission to forgive herself for her past. I was very eager to see more of this in the later half of the series as it's really heartfelt and emotional, but adult Ha Ni's story ends up becoming more about corporate business things/saving the company, and I didn't understand the point. None of it serves the main crux of the drama, and it's honestly quite boring and uninteresting.

As far as the time-travel aspect of the drama goes, it ended up being better than I initially thought while also being somewhat non-existent to the plot most of the time. The only time time-travel is ever mentioned in the story is when the writers need to move a certain part of the story along or when it had been awhile since we'd last thought about the fact that young Ha Ni would need to go back to her timeline eventually so the writers threw in a reminder. It's not a super big or important part of the plot, so if you're looking for some cool timey-wimey, wibbly-wobbly stuff, you won't get it. And if I were to sit down and really hammer out the problems with the time-travel/shamanism aspect of the story, I could % present you with a list of holes that keep it from being accurate or affective. But while this is a drama featuring time-travel, this isn't a time-travel drama. The writers aren't all that concerned with the mechanics of time-travel or even that much with time-travel itself as long as the device serves the story, so you probably shouldn't let yourself get too hung up on it either.

The last thing I'll say for this drama is that while the character archetype of the male lead has been done far better in other dramas, and this male lead would not be my favorite I've ever seen (I think I actually like the second male lead in this drama better because of the really fascinating trajectory his story and character progression takes), there's still something about the male lead that makes you really like him. He starts out a little annoying, but his thoughtfulness and charm and positivity grow on you. By the end, I was really happy the female lead had someone so kind and thoughtful on her side.

So what would I say to those thinking about watching this? Hello, Me! is a feel good, don't think too hard about it, just have a good time, sort of drama, and if you go into it with that mindset, you'll enjoy yourself. It's not ground-breaking or the most tightly plotted, but it's uplifting, and sometimes that's enough.
Read More",안녕나야
10,"Heavy topic handled better in a lighter way!
This series may not be the best among the ones I watch. But I would definitely recommend this to everyone.
It's about how we should live freely in present, to the fullest rather than getting stuck in our miserable past. And the story succeeds in conveying that message.

Once a bright and happy  yo Ha Ni enters into the life of guilt-struck and miserable  yo Ha Ni, we were able to witness a great journey of self realization and self appreciation. All along the way, I loved how they handled the serious topic lightly with a subtle comedy in it. The comedy in the genre surprisingly, fitted well with the story and was never over the top..

The romance is so subtle but enjoyable and realistic. As the main focus is never on romance, I'm completely ok with that. Everything got compensated by our cutest ML. He is like a cute teddy bear and the sunshine of this drama.
I loved almost all of the characters and everyone did their roles perfectly.. The dialogues are deep and insightful.. It's a pillar of the drama.. Made me move many times.

Still why it's not a ?

Though the ML needs some importance, his company plot at the end looked forced and unnecessary (which I didn't mind a lot because of some cute character interaction but it could have been short.) The pace was perfect at the beginning but kinda slow towards the end and also pretty predictable. Though it's a supernatural / fantasy drama with a time travel plot and no need of any logic, some things are hard to ignore for me..

That being said, still it's one of the favorite series for me and will have a special place. Nothing can change the fact that it's such a heartwarming drama with a wonderful story line and refreshing comedy. This is the perfect drama for those who want to watch a slice of life drama with a deep meaning but afraid of sadness in it.. With a deep heartwarming message and a perfect humour, this drama easily became my favorite. ^^
Read More",안녕나야
11,"Heartwarming story
What happens when the only person who can save you is you....

I think that's the shortest summary one can write about this drama.

Genre : Rom-com, Slice of life, fantasy

: A middle aged unmarried lady get's fired over some misunderstanding. However she motivates herself to get back in the game, motivates her past admirer, motivates her friends, motivates her employer, her sister, her team etc etc. As the genre suggests it is a slice of life that deals with issues that a lot of grown ups deal with generally. On one side is the happy go lucky male lead, a rich unemloyed idiot and other side is a faded hallyu star (not going to waste time on debating who gets the girl).

What i loved about this show is the story that kept us hooked and how they portrayed each character from the past and showed their growing up. What i hated about this show are the main leads. No chemistry, unrealistic innocence and unnecessary slow acting. There are moments when you get really frustrated and want to watch the video in double speed. Sorry, not sorry. It's not bad for a girl's night, one time watch, nothing more than that (definitely not for binge).

Acting :
I don't like Choi Kang hee's acting of the innocent and sweet girl to be honest. I watched a few older dramas before and it was more about her firey side like in Protect The Boss that makes her less boring.
Kim Young Kwang is the cutest tall guy you will ever see with a knack for good characters. (may be his character was not written that well, but then he has had great opportunities before). Anyway i was a little dissappointed.
Remember the bob haired gangster from Feiry Priest? well Eum Moon Suk is like an acting bomb and i will follow his career with great interest.

Will i watch it again? Probably no because the impact of the story was not that great.

Will i recommend it to anyone? Definitely no. I'll personally write you a small one liner gist for each episode because the  hour is so not worth it.
Read More",안녕나야
12,"a sweet twist in a cliche story
I loved their time traveling concept, I don't think anyone did it before, they either travel and become their future/past or they act like different people. but this was a sweet story about self love, forgiveness and dealing with loss, whether it's a family member or a dream


the romance started off as promising but the moment he changed cuz he knew ""they met as kids"" just ruined it, it took away any chance of development and just jumped into the last stages of ""love"", honestly even when they stood by each other I never saw them as anything more than sweet friends so I wasn't happy with the abrupt ending


Anthony was useless from start to end, he was such a waste of time, he starts off as a selfish jerk and suddenly he's thrown under a buss by using the current event of ""celebrity bullying"" and they ended it by ruining his career, making him retire then give up all of his money and opening a restaurant... that's not the answer. he was never in it for the acting so that fact alone makes his arc useless, that whole thing about him ""finding"" his passion for acting and chasing the writer for his role, all of it was gone
you can't just end it with that. his problem wasn't his past, he was a tiny looser bully that was beaten up by a girl, he was no threat, but worse he grew up and he always disrespected his staff and yet that all just disappeared and then they made the manager just like him. that sort of treatment to the staff is as bad as bullying ;/





anyway, even though KYK was a sweetie, the only good points were the hani's story and the OST.
Read More",안녕나야
13,"Approved
First time to write a review here..

I really like this k drama. The storyline is amazing. I love the concept of the young bah ha-ni who travel in the present time (for some reason) and meet herself which is the old bah ha-ni. They are so funny. I also love the male lead role. :) I love the character and ofcourse the actors, they really portrayed the character. Every episode is amazing :). You will laugh and cry . I cant wait to watch the next episode. No dull moment.

I have nothing more to say but this k drama is a must see. You guys check it out :)
Read More",안녕나야
14,"Find Your Happiness Again
If you're looking for a light, easy-going Kdrama, this is for you. The plot is fairly predictable, nothing much plot-wise would excite you or look forward to each episode. I am not a fan of ahjumma-young rich guy love stories but since I like the male lead (I love him from On Your Wedding Day opposite Park Bo Young), I can give this a pass. However, I did not find the romance between the leads heart-fluttering. Their romantic chemistry did not reach me. But I find it a bit appaling when she suddenly gave him attention as soon as she finds out that he is the son of the chairman, which would make me doubt her intentions if it happens in real-life.

I have no complaints with the acting. The cast delivered well. The story is just so-so. Hello, Me! will just be one of the many dramas on my shelf, nothing extraordinary or an important drama to miss out on.

I love the father-daughter story though and the Lily of the Valley. If you're looking for a light, no-brainer drama, you can give this a shot. One thing I will remember though when I hear the name of this drama is the Joa Exercise routine. That was hilarious!
Read More",안녕나야
15,"The heart makes up for the plot, I swear.
Hello Me is the perfect example of a drama not necessarily needing a well-written plot in order to be memorable. During a season filled to the brim with suspense thrillers, murder mysteries and dark-themed dramas, this little romcom was my oasis. It re-energized me in the middle of weeks filled with murder, betrayal and frustration. Without it, I probably wouldn't have made it through the other shows that aired.

The story for this drama is actually pretty simplistic, and more than a bit convoluted. BHN is a woman who, after the death of her father, essentially gave up on life. Blaming herself for his death, she was never able to get her feet off the ground. She was a fixed point in time. While the world around her kept changing, she refused to change with it, and her inability to adapt found her living off of her sister's success in exchange for housekeeping, with a job that didn't give her much of an income. At -years-old she had nothing to show for herself. But on her worst day, she gets a second chance as her -year-old self appears from the past and gives her the push she needs to reinvent herself. This concept has been done before in many different ways and variations and isn't anything new. A lot of the drama's shortcomings stem from this premise as they try to think up ways to explain - or avoid - the time travel and the convoluted nature of how things ended up this way, and it only gets worse when they try to send -year-old BHN back to her time.

Despite the lacklustre plot, it's worth a watch. It makes up for its shortcomings with a powerful message, heartwarming moments and great characters. Hello Me tells a story of loving yourself and accepting who you are, no matter your faults, where you came from or how you got here. We follow BHN's journey as a sad, guilt-ridden woman at the end of her rope as she regains lost confidence and learns to stop blaming herself for the past. Through her own will, she finds a career and reconnects with friends and family with whom she had grown distant over her  years of grief.

I wouldn't be doing the drama justice if I ignored the supporting cast. HYH as the male lead was amazing. Following the theme of BHN herself, many of the other characters go through their own growth period throughout the story and the male lead is one of them. HYH begins his journey as an immature, indecisive young man with a good heart. He has no direction in life and no interest in the family business so he spends his days learning new skills and collecting very niche licenses that he says will be useful when working in the future, even though he's never had a job. After losing a bet against his father, he's kicked out of the house and has no choice but to try to make it on his own. The chemistry between HYH and BHN is amazing. They genuinely feel like they care about one another as they grow close and every interaction they have, while oftentimes silly and over-the-top, is natural and fluid. There's no sudden forced romance like you usually get with romcoms. Everything is slow and they go at their own pace, forming a close bond before anything more than HYH's crush is brought into the spotlight.

YCS is a former school-bully-turned-actor hiding his past behind his new name Anthony and a lot of plastic surgery. Pretty topical, given the past few months. I honestly hated his character in the early episodes, but at some point he did start to grow on me. We follow him as he struggles to regain his lost popularity and to make amends for his past wrongdoings, and the journey was better handled than I expected it to be, honestly. Even smaller characters are given their own personal journey's, whether it's BHN's family finally coming to accept her again after  years without support, HYH's father worrying that his son will never grow up or even the younger BHN maturing and coming to love her future self as her future self learns to accept her in turn. Everyone has a story and these are just a few.

So if you hate plot holes, maybe avoid this. There are plenty, especially towards the end. But if plot doesn't matter to you as much as the heart and soul of a drama does, give it a shot. There are some wonderfully written characters and a beautiful message in every one of them, and if that's not enough then the relationship between the leads is incredibly adorable. It's funny, it's sweet, and it holds a special place in my heart.
Read More",안녕나야
16,"If you're watching for Romance...
this is NOT the one for you. I generally start dramas for romance but I also don't really read synopsis or watch trailers. I came into this for romance but gained so much more.

The leads have ABSOLUTELY ZERO chemistry but the story pulls you in. I will also say, I am  and this show is great for someone around my age and older. I think we would appreciate it more. I also heard this mentioned in a podcast ""Talk K-Dramas with Bruce and Alice"" and since I also had this thought, I am really glad they brought it up! I don't really have much to say just wanted to point out the chemistry and the fact that this can be appreciated by an older audience, though I am sure there are younger people who could love this as well.

It would be a perfect  if the chemistry or connection was there or if they didn't have the romance at all. But because they tried to add in romance as part of the story, it did not work for me.  overall.
Read More",안녕나야
17,"Just Keep Going
I started watching this after True Beauty and wanted something new to watch on my Wednesdays and Thursdays so I was not expecting much at all lol. I’m also usually not a fan of Time Travel series, but this blew my all my expectations and before I realized it was coming back each week for new episodes!

: I think they did a great job executing the time travel but there were times I did get a little confused and wish it was written a little better.

There was also a lot of life lessons in this drama I feel like each episode had one but it flowed through the story really well.

Choi Kang Hee had amazing chemistry with Kim Young Kwang & Lee Ra even with the age difference. Cutest lil family vibes!

Acting: I loved the character development for everyone, and all the crying scenes were amazing.  the actors had great chemistry with each other; from the support roles to the guest roles in my opinion (I love the lunch ladies lol).

Lil rant because people found Young BHN annoying:

I can see why people were very annoyed with Young Ban Ha Ni but her character is supposed to be spontaneous and “reach for the stars” type of girl. She didn’t really have a sense of reality and was living in her own world that’s why the death of her father hit her soooo hard she never thought that could happen to her, let alone be the cause of her own fathers death! I used to be the same way when I was younger no filter at all which can hurt a lot of people along the way which they also executed well through her relationships with Anthony and Oh Ji Eun. I was happy with Young Ban Ha Ni’s character development at the end because she started caring for others. All in all if she kept you on the edge of your seat every time she snuck away lol she did a good job portraying her role.

I’m also happy with the ending had me in all my feels I haven’t been satisfied with a drama ending in a while. I feel like a lot of dramas I watch have open endings which has me stressed lol so I appreciate a good solid ending!


Definitely and must watch and a little underrated in my opinion!



Read More",안녕나야
18,"Underrated Masterpiece
Heard about this drama only when netflix picked it up. Watched when airing and was hooked right from the first episode. The plot is unique. Though time travel plots are not uncommon but this is a cute timetravel drama with the cutest time traveler. In a way, its a healing drama. Everyone does some adventures in their teens, make some mistakes but some mistakes can have tragic consequences. The plot revolves around this.  mistake of  year old Bahn Ha Ni Completely changes her life, shatters her morale, will to live life the way she wants to. After  years  year old Bahn Ha Ni meets her  year old self unaware of the tradegy which changed her. They both together travel towards healing, moving on from their past and living life to the fullest. Alot of life lessons in every episode. Cast is Ordinary but still everyone did a good job. The young Ha Ni was very cute. The business part was cliche, quite boring, But not part of the main plot. Romance is almost nil and it suited the story. The chemistry between male and female lead is good. One thing which makes this drama different is the character of male lead. He is not a superhero who rescues the FL like in a typical cliche drama, but he walks with her and comforts her. Will definitely rewatch it whenever I feel down.
Read More",안녕나야
19,"Full of love and self-growth lessons
An amazing TV series about family love, self-growth, finding yourself, and turning over a new leaf. There is not much to say because no words can truly express the lessons this Korean Drama imparted to all of us.

Challenging ourselves to new things every day gave us strength and courage.
It doesn't matter even if you collapse or fail every day.
When that happens, tell yourself this:
""You're doing well.
""You're the most magnificent star in your life.
""That is, if you refuse to give up
""and get back on your feet once again.""
Was this review helpful to you? Yes No",안녕나야
20,"Hello me, finding the courage to stand up again
Truthfully when I first heard the premise of this drama, I was skeptical that they could pull it off. A  year old and year old in the same body? I just this drama would be a disaster in the making. I'm so glad that I watched episode  and  because I became so invested in the lives of our characters.
Ban Ha-ni is  when we meet her, she has a had an awful day where she has lost her job, gotten arrested as a troll and is ready to give up on the world. As she recovers from a life threatening accident, she meets her year old self who is full of hope, confidence and is shocked to see how her grown up self has turned out.
We learn that Han-ni feels guilty for her father's passing and has shut herself away from her family and friends in her grief. This is a romance drama about accepting yourself, facing up to the past and looking forward to the future. In a year where we have been stuck at home, stuck in lockdowns, its a gentle reminder for everyone who feels lost, heartbroken, that there will be good days ahead.
Read More",안녕나야
21,"ALL ABOUT LEARNING TO LOVE YOURSELF AGAIN

“WOW! THIS IS WHAT I NEEDED! “ - my first reaction and last reaction.

If you like dramas about self- love portrayed it a light/cute/comic way then this is for you. You won’t find a lot of romance here, as in no fluff scenes but rather the leads have a strong connection with each other built upon friendship, warmth, love and support. No misunderstandings, no heavy plot twists. It’s a calm happy drama that is really inspiring. The plot is not a heavy one.

When I finished this, I felt warm. I laughed and cried with the characters. It left me with the same feeling I had after watching Reply ( the dramas aren’t similar, the after feeling is). Every character in this drama feels important, and there is a learning from every relationship. The male lead is extremely loveable and a warm person. ?

How do I feel after finishing this? I cried, my heart literally melted at how beautifully they made it. The entire drama is about “ Finding Happiness Again'. If you need inspiration to fall in love with yourself, go for it ?
If you loved Suddenly Seventeen, you might like this. ?
Read More",안녕나야
22,"''Remembering and forgiving my past self. Hello to me.''
I loved the drama because it can directly show that if we don't embrace ourselves and our past we won't be happy in our present time and this will affect our future.
If you are unhappy because you did something that can hurt you in the past this drama will make you different sides of the story. You can see that we all have childish sides but at the same time, we all are mature enough to move on.
I loved the drama even though there wasn't too much romance it was understandable because it is about you and your past self.
This drama made me see that I am worthy and even though there is something I did wrong I can change those, think about it if I hurt someone at least I can say sorry to them.
Please look at your past and find your faults and try to change them. If you can't change it just understand why did you do that and forgive yourself.
If you don't forgive yourself, they can't forgive you either.
I loved the drama because it is realistic, there are some questions that made me think a lot but life is full of questions and you can't always find the answers so just live your life fully even there are some paths that will hurt you, you will see happiest days too.
Love yourself because you are worth it.
Read More",안녕나야
23,"Relatable female life comedy.
I should start by saying the fake freckles on this actress are a little distracting in some scenes. The actress I've liked since Queen of Mystery, she's got a really unique look and voice. She did really well in this role, and the comedy was totally on-point for female-specific life experiences. The male lead...I can't even remember his face and I only watched this show a few weeks ago. He was very forgettable, but I guess that's ok because this story is mostly about the woman and her experiences as she traverses a life that really didn't live up to her own expectations of herself.

That being said, this was not as fun or as memorable as I had hoped it would be. The lead actress often just comes off as whiny and ditzy. I would have liked to see something other than a panic induced high-pitched whine session from the main character in every single episode. It was CONSTANT episode after episode two chicks bickering. SO MUCH BICKERING. And % of the bickering wasn't comedy. There was plenty of lol moments, but definitely a lot more whiny bickering.

I think it's still a good watch when you're out of other things to watch, but I definitely would never rewatch this drama. I got all I'm going to get out of it...which is disappointing because I was really looking forward to it.
Read More",안녕나야
24,"Something boring is boring no matter the sugarcoat
This is only my second ever drama that I have 'dropped' unfortunately...as I do not continue watching a drama if it falls below a /. Now let me tell you why - and I'll even include the parts that I did enjoy.

What I enjoyed:
The ML (acting and character)
OST

That's it. Everything else falls into my 'average' or 'dislike' category. I think a big problem was how the FL (both versions) made me want to not care for her. Also, I am very bored while watching the episodes, and the script...it feels like lazy writing, with some dialogue in certain scenes feeling really awkward and amateurish.

I welcome people to still try out Hello, Me! But don't say I didn't warn you. I feel you'll find yourself dropping it too.
Read More",안녕나야
25,"This show is just fun to watch!
My first review! I was going to make my first review Rise of the Phoenix or Mr Queen but I am just loving the lightheartedness of this show so much that I am leaving a review for anyone who just wants to laugh and smile.
Side note: Yes, the teen can be a bit annoying but she’s a teen. And she grows on you.
And I think their stark difference in personality really shows us how guilt and grief can change us in a profound way.
And that we are never too old to forgive, apologize and change.
Highly recommended this show.
Was this review helpful to you? Yes No",안녕나야
26,"So-so comedy drama
Whilst I'm not familiar with Choi Kang Hee, so don't know her other roles, I am not sure she was the right casting for this drama. Her chemistry with Kim Young Kwang didn't work for me, as the romance just wasn't believable, they were more like good friends. I am familiar with him, and whilst he did well portraying a lead male who's immature (but not completely clueless) and 'disinterested-in-the-company heir' type character, I'm again not feeling his casting quite worked, but that may be due to aforementioned lack of chemistry with FL.
Apart from the  company kitchen staff ladies, Geum-ja and Mi-ja, none of the characters stood out for me, and Ha-ni's younger self, I really found quite unlikeable.
It's also another one of those lead female characters who, whilst in her downtrodden mode, is shown as unattractive and frumpy. I get fed up with that, although I suppose it did show that a person's overall image has less to do with features (or even build) and more with hairstyle, flattering clothing and a little makeup; they worked wonders in her character's case.
Her family were also forgettable and treated her extremely badly, I thought, especially the awful sister.
The plot didn't fully engage me either and I lost interest quite early on, when she readily accepted being treated as a doormat. How the arrival of her younger (selfish, whiney and conceited) self, spurred her on to take a restock of her life, I honestly questioned, as she wasn't exactly a great role model.
I also didn't get the odd shaman character, or her younger self's return to the past, although that could be due to losing interest in the overall story.
Certainly not one I'd watch again and with so many other, better, dramas out there to see, not one I'd recommend either.
Read More",안녕나야
27,"soft and funny
I hadn’t originally planned to watch Hello, Me!, but I was in the mood for something lighter, so I decided to give it a go. And I’m glad I did! This drama was so much fun! It’s lighthearted with so much comedy gold as well as a nice helping of heart. Count me as surprised!

You all know that I’m pretty particular with comedy and what I find genuinely funny. Well, this drama was exactly my comedic style. The humor is zany and fun, and it’s present in the bulk of the drama. I laughed so much! Seriously, this is the kind of comedy that I wish there was more it. It just leaves me feeling happy.

While not exactly old school, Hello, Me! does have a more classic feel to it in terms of overall tone. Of course, this was something I quite enjoyed, and it made it feel more refreshing compared to the style of dramas of the present day.

I loved the fantasy aspect with  year old Ha Ni meeting the  year old version and spending the entire drama together. That’s actually a pretty unique concept in Dramaland, and I really enjoyed it.

A major theme of the drama is the exploration of Ha Ni as an individual. She gets to see what she lost to time as well as what she has gained. That also gives her the opportunity to get support from her younger self and slowly regain her confidence.

These two bickered a lot, but they also cared for each other deeply. It was unique relationship for sure. It’s a lovely journey to see play out, and the drama is filled with wonderful positive messages about self-love.

We get a bit of romance too as Yoo Hyun falls for Ha Ni. It’s not really swoony, but it’s pretty cute with Yoo Hyun being a puppy with his devotion to Ha Ni as well as very supportive of her. I enjoyed watching this couple grow close and to see their relationship develop.

There’s a lot of fun to be had around Anthony too. His character was slightly annoying at first, but it didn’t take long before I found him hilarious. His personality in general gives way to a lot of jokes. Combine that with his interesting relationship with Ha Ni, and there were plenty of laughs to be had. The younger version of Anthony (Kim Song Woo) was also delightful in his very quirky way.

Another highlight is the fun relationship between Yoo Hyun and his father Han Ji Man (Yoon Joo Sang). Ji Man actually turns out to be the rare nice chaebol. These two have the best bickering chemistry which I thoroughly enjoyed. Ji Man really cares for his son though, and it was evident. I smiled a lot watching this duo.

There are many other funny and interesting supporting characters too. Anthony’s team is hilarious. Ha Ni’s co-worker and old friend Ji Eun (Kim Yoo Mi) had her own nice story arc to explore involving both her friendship with Ha Ni as well as with her husband (Ji Seung Hyun). Plus, there are lots of great other family members and co-workers. So many wonderful characters!

Since I liked all of the characters, this made every scene enjoyable. I definitely laughed a lot with all of the zany comedy and hilarious situations these people got into. The heart also came through too. There were definitely feels as several of the relationships were explored.

Even though I would consider this a feel good drama, it does have a few slightly more serious parts concerning some of the issues various characters are facing. The last quarter of the drama definitely gets more serious as many of these things come to a head and have to be addressed while also dealing with a villain and some corporate power shenanigans.

I personally didn’t feel like any of it was out of place, and it was all a natural progression of the story. I liked how they handled many of the issues, and there were plenty of warm fuzzies to be had between the various characters.

I would also recommend not taking the time travel aspect of this story too seriously. It mostly serves as a vehicle for getting the characters in the right place for fun and character exploration. The time travel stuff mostly happens quietly in the background until the end of the drama. You will find some plot loopholes involving this element, but I still thought it was well done and succeeded in delivering its overall message which was obviously what was most important in this drama.

Hello, Me! really was such a pleasant surprise. It brought me a lot of joy, and I laughed a lot. I came to like all of the characters and enjoyed their personal journeys of growth. There was a nice helping of heart to provide the feels too. I liked this drama more and more as it went, and it left me feeling very satisfied.
Read More",안녕나야
28,"Awesome Relationship Drama
I watched this one based on a recommendation someone sent me when I was lamenting a kdrama slump. So I didn't go in knowing anything, or watching because of a certain actor. Which is kind a weird, lol.

The premise of this one really makes one think... what would your younger self think if they could see your life now (assuming you are old like me). My younger self would be absolutely aghast at how some things have turned out. And surprised and perhaps even proud about lots of stuff too. It would be interesting if we met each other. I think we are totally different people now and it would really be weird.

Anyway. There's a cute ML in this one ...and he really likes our girl... but they barely even hold hands. Nary a kiss in sight! WAH. So sad...

And there's an actor whose storyline takes a weird turn into the whole ""bullying from your past"" issue that seems to be a thing these days. Weird because it didn't have a whole lot to do with the story... but I guess it was something they wanted to address.

Anyway, cute drama. It made me weepy in parts.. .just the relationship between these two characters, the main lead and her younger self. Also, the relationship the dude has with his dad. It's all quite powerful.
Read More",안녕나야
29,"Great character development
To be frank, I was surprised by the writing of the show and didn't expect that I'd like the story line this much. The focus on the characters' internal developments and how they stayed the same/differ from their past selves were a joy to watch. I love the dynamic between the teenager Ha-ni and adult Ha-ni, learning about the moments that shaped who the adult Ha-ni's life choices. I also appreciated that the romance line going on is a sub-plot and that there are actual progress of the two falling for each other. The only major issue I have regarding the storyline is the time skip at the end, the way the ending went doesn't makes sense based on how traveling generally work (if you change something in the past, the future will change). I suppose it's ok for having a very nicely tied up ending.
Read More",안녕나야
30,"cliche but super fun and heartwarming. first of all i just want to say, i don't expect that i will love this drama so muchh. the story is cliche but the feeling and emotion was definitely more than that. first half, it was a really light, fun, bright and cute. i don't know how this story will turns out, but it gets better each time. second half, was more heartwarming, deep, you know like families and hardship things like that. and the whole drama has this fluffy vibes, idk how to explain but it was comforting and very bright and positive, i feel like the vibe is like a marshmallow haha. i especially love the chemistry between current bahn ha ni and the  years old bahn ha ni. in every episode there's some like hardship or event that the lead has to go through, and we can see how the characters really grow and developed throughout the series, not just the leads but other characters as well. and for me this is the point of the drama, looking back to the past and be better in the present. i really love everyone's character except of course yu hyeon's aunt, but everyone else was relatable and their character development ugh amazing. anyways watch it please, if you need fun comforting marshmallow vibes watch this.
Read More",안녕나야
31,"Could have been better
To my regret, in my opinion, some points were not right with this show. The story is quite promising, but after only a few episodes it is clear that the script itself does not know where it wants to go. The story lacks the necessary stringency to consistently honour the great drama of the events.
Supposedly, a crucial event could not be corrected, and no one questioned this statement. Well, that is the internal logic in the story - but after the younger self of Ban Ha-Ni knows the future and understands why the older Ban Ha-Ni had mourned and sunk into depression for  years, and she is back in the past to live her life again, nothing changes about the future in the end. The young Ban Ha-Ni's new experiences, knowledge and insights have apparently not changed anything about the old Ban Ha-Ni's personality! Impossible! I think with an initial story like that, you can't focus on one detail and not pay attention to everything else.
As for the choice of actors, unfortunately the chemistry between the couples was not right. In my opinion they are not a good match. Sometimes I thought the actress of a supporting role was a better match for the lead actor. Also I really wanted to witness that, like in the well-known fairy tale, the ugly duckling becomes a beautiful swan in the end. Unfortunately, that did not happen.
Read More",안녕나야
32,"Fun, Exiting and Refreshing
The shows I like watching now are usually high tension, so watching hello me was a good way to break up the tension. Every episode was fun to watch and there was never a day when I told myself I don't think I want to watch it because of how addictive it is.
All of the main/recurring cast members have their own edge and could have their own spinoffs based on their adventures but I like how they are all in one drama and the focus is today's bahn Hani meeting bahn Hani from  years ago. This is good because we get to see retro scenes and the cast interact with the same person in different forms.
Read More",안녕나야
33,"Hello me !
I did enjoy this series . Although improbable as it may be the story line is exciting and compels you to watch till the end .
A very good script and the ever true problem of facing one's past , one past self is important to acknowledge . The past should not dominate the future , nor control it , but coming to terms with the past and finding the courage to apologise for past mistakes is the noble thing to do .
Beautifully acted by all the cast , This is an enjoyable , uplifting , funny in parts , and deeply moving in others series well worth watching .
Was this review helpful to you? Yes No",안녕나야
34,"i really didn’t expect to love this so much. everything is just too relatable for me. the first half was filled with brightness, happiness and laughter. whereas the second half is when everything is becoming more deep and very very heartwarming. when i watch this, i felt like i was getting to know someone. it started with all the lightness but then you slowly start to learn more about the characters, and unintentionally felt like i was growing with them, together. i really lovee the character of the old and young bahn hani, han yuhyeon (he’s so so cute!!!!!! eeeee), anthony and just everyone else. and i can really relate to each one of them and especially with the female lead cause of her hardships, i wasn’t really in my best state of mind when i watch this but when i watch her, i felt like i finally embraced and acknowledged what i was feeling at that time. this story just made you ponder over life and yourself and adulting hahah made me scared of adulting

another thing which i enjoy is that i love loveee how sometimes i don’t agree with the decision that the old hani made to her younger self, but then everything made sense because the only person who knows best about yourself is none other than your own self and that made the whole thing special and reasonable again.

the only lacking is that maybe at certain times it gets boring and slow and cliche too but i still enjoyed itt. overall, i love this!!! funny and very heart-warming, i cried a lot like a lot a lot and i love it.
Read More",안녕나야
35,"Sort of about time travel...still good
There were a couple of minor things that detract. First, there's time travel involved but the characters seem strangely disinterested in the ramifications. Second, there's a deadline with potentially deadly consequence that again the characters largely seem to ignore...even when it gets down to seven days they pretty much futz around with other things. There's some chaebol drama that is unnecessary as well. In short, this is not really about time travel.

The rest of it is mostly light and fun with just enough drama for variety. Lee Re is particularly funny in many scenes and is well paired with Choi Kang Hee in the older role.

Read More",안녕나야
36,"What Would I say to my younger self
I initially had dropped this drama because I got enrolled in the victim hood of the main FL (The older version). I couldn't watch her pitiful nature.

About few weeks later, I decide to watch it simply out of boredom. I am glad I picked it up again. I love the dramas that get me emotionally involved and this one met that goal. I normally would have given this drama an overall rating of  but I gave it a  because of its powerful message about life.

From my own life review, I know this much: My current life is a result of my inner conversation about the past. When I learn to embrace my past, take responsibility, I can change the present,

Would everyone like this drama? --- NO!! But if you are into life coaching or about learning from life, and have a heart then this drama is for you.

The story was simple and some episodes tended to drag. There were times when I wanted to fast forward. BUT, at the last few episodes won my heart. I can imagine that it would be tough to say good bye to my younger self. The self-love that was present between the older and younger FL was powerful.

I highly recommend this drama if you are willing to put up with some down moments.
Read More",안녕나야
37,"A feel good watch
There is nothing particularly outstanding in this drama but it's very enjoyable the FL is very likeable and her bratty younger self that is sent to the Future is an interesting concept. I have been in a slump for a while and this is just the right drama you don't really have to think much about anything. It's more of a comedy drama that it is of a romance and I love it. The ml is not perfect in fact he is very flawed which I find endearing they both look like puppies and have good energy together if that makes sense. It's somewhat of a karmic drama too since her younger self used to be arrogant not necessarily a bad person but again very bratty and look down at people and now she is on a miserable situation but don't worry about that it's not really taken as dramatic more like a comedy take. I actually hate that I started it now so early ughh now the waiting begins. Highly recommend if you want a chill drama
Read More",안녕나야
38,"Strong female cast with an unconventional rom-com element
What a treat to have a kdrama that's not the stereotypical pretty-young-girl-swooning-over-handsome-rich-heir type. This story focuses on a nearly  female protagonist whose dreary existence gets a shake up call from someone very familiar to her.

Although the synopsis mentions that BHN doesn't want to remain single her relationship status wasn't a focus in the show at all. Instead, BHN starts out by just wanting to survive life as best as she can and then, after meeting her younger self again, wants to live up to and regain her old vibe again. Lee Re's acting as the younger BHN is consistently effervescent. She projects a palpable power and presence that convincingly puts even the mature Anthony in his place. She is a joy to watch and acts so well with Choi Kang Hee as the mature BHN. The story really is less abt the romance than it is abt a self rediscovery or, more accurately, a journey of atonement and forgiveness. BHN's backstory is heavy on the tear ducts and tissues. Her relationship with her father is believable as both actors' acting comes across as authentic and not a cheesy, forced backsobstory plot device that does tend to happen in other kdramas. The present BHN's growth from her timid self is a slow and tentative progression at first that ultimately takes pace until the she comes into her own power at the presentation, which is apt for the storyline as the energy dynamic changes soon after when the young BHN discovers the truth of their father's fate. When that happens, it feels like the baton of effervescence is passed to the mature BHN as she steps in to be her younger self's rock, just as her younger self was for her at the beginning. Lee Re's more muted carriage from then on is great acting and effectively justifies the weight of guilt and shame that's haunted the mature BHN all these decades. The viewers know the backstory already and can fathom the depths of guilt and shame that made BHN such a servile person now but it was satisfying to see the younger BHN catch up with the discovery and no longer think that she was pathetic. Before I knew abt BHN's backstory I too tot she was a pathetic person and felt guilty abt having judged her when her backstory came to light. The younger BHN's apology for having judged her was as much mine.

The journey to her return in the end was a bit rushed, imho. I expected the shaman and rain would factor into it but then that was dumped after the accident so it felt weird. And the explanation abt their first photo trip felt a bit tagged on rather than an organic plot. I didn't take stars off from that coz the time travel aspect, to me, was a minor trait of the story rather than the main focus itself. Hello, Me! never positioned itself as sci-fi so it's not a big deal that they just seemed to have fudged that part of things. It is significant that they didn't try to give a happy ending and kept the father's fate on schedule. That was courageous plotting and made me respect the story immensely because the culmination of the show, for me, was when the younger returned to her father's side as he lay dying as at that point, the viewer realises that this isn't just about the younger saving the older—it's maybe really about the older saving the younger. As the younger had said, she didn't know how she's going to survive knowing what she will lose. The mature BHN, on the other hand, has lived through it all in its grueling depths. It's her reassurances that helps the younger to trust in herself to be able to find the strength within. And the peace amid the sorrow on her face as she holds her father in his last moments kinda capstones this whole journey. We know that she'll be fine and, in turn, so will the future/present BHN in an exponential way. It was beautiful.

Finally, this review can't miss mentioning Kim Young Kwan. This guy's portrayal of the male love interest was ADORABLE AF! Stuff the smooth, suave, well groomed, casanova-turned-tamed-lover corporate heir types and bring out the goofy, well intentioned, kid-at-heart, reliable-in-a-pinch guy friend. The slow pacing to their relationship was great to watch and made it feel realistic and mature. I was not a fan of how the writers diluted Choi Kang Hee's dialogues in the end to a constant ""thank you, thank you so much, thank you"" between them as they were making her sound like a parrot. I think it's perhaps the directors and writers feeling uncomfortable with showing a romance between a younger good-looking guy and an older, ordinary looking lady maybe, but no stars were deducted for that clunkiness because I really liked their pairing. I believe they have a greater chance of working out than most kdrama romcoms featuring the more societally acceptable combo of gorgeous slightly older guy and stunning younger gal.

I wholeheartedly recommend this show to anyone sick of the usual kdrama romcom formulae who wants something new AND with a strong female lead.
Read More",안녕나야
39,"TW blackface
I was enjoying the story until they started having blackface and I lost interest. Warning if anyone is sensitive to that.

 seemed like just a mindless happy show you could watch.







....................................................................................................................................... .......................................................................................... ........................................................................................ .................
....................................................................................................................................... .......................................................................................... ........................................................................................ .................
....................................................................................................................................... .......................................................................................... ........................................................................................ .................
Read More",안녕나야
40,"Hello, Me!
I like that Hello, Me! is simple, funny, and fun all in one. One can never go wrong with Choi Kang Hee in a fantasy rom-com drama. I enjoy her narrating in her head what she wouldn't dare say out loud. It works so well. But what works more is that she's opposite Kim Young Kwang in the drama; I had forgotten how tall he is. He plays the spoiled, bratty -year-old who's never worked a day in his life rather well. The drama is off to a fun start. Despite reading the synopsis, I hadn't realized Ji Seung Hyun would have a part in this drama; what a pleasant surprise. However, I did know Eum Moon Suk would, and boy, am I loving him and his knack for the grandiose; it suits him perfectly. He had me smiling from ear to ear. And how about Jang Ki Yong and Lee Soo Hyuk's cameo, and in the first episode, nonetheless. That was a treat.
Read More",안녕나야
