,reviews,title
0,"The second season of ATEEN didn't focus on the friendship between the girls, which was unfortunate. The whole drama was trying to make a great romantic story out of nothing sprinkled with some school drama and growing pains.

The love stories were cute, but not as good as they were in the first season. The love triangle was weak too. So, there were few twists when it came to the romance part. Plus, the main Hana of the first season was pushed aside and her love story was just a mess.

At least the conclusion was bitter sweet and it feated a drama about teens and their lives.

So, five out of ten.
Read More",에이틴시즌2
1,"this season has disappointed me a bit. i had expected better storyline for this than the first season, but it eventually got lost within the middle, and i find it unfortunate, especially the unforseen break up of siwoo and doha. this show had a great potential from season , but i can't say the same for season . anyways, i love the transition of them adding new characters, although i was still rooting for min and kimha. the second season was also cute, but i don't think it will surpass the first season in everything.
Was this review helpful to you? Yes No",에이틴시즌2
2,"I like it!
I enjoyed this season as much as the first one. It was very light, fun and I can relate to it a lot, reminds me of school days. It was sad that Do Ha Na wasn't one of the main leads anymore since I like her character a lot. But then I do like new characters as well. I do think the storyline in the first season is better as the friendship between the three girls is more focused and the nd season feels like more basic, but other than that I like it and enjoy it :) I also love the way they portray siblings relationship, relatable!! You can enjoy this drama while studying, working or in the middle of something since every episode was short.
Read More",에이틴시즌2
3,"If you like a simple teen drama story, you suppose to watch this. I've watched A-Teen S  and I love it! When I heard there will be s, I was excited. After I watched it, s is absolutely better. In S had so many twist plot, but s was like a simple teenager drama. I'm a university student now when I watched A-teen, especially s make me remember about my high school because most of the story was relatable to high school stories. I was a little disappointed because Do Hana and Nam Siwoo were hardly seen because I love Do Hana in s and one of the reasons I watch s because I want to see Do Hana. However, there were  new casts: Ryu Joo Ha and Cha Ah Hyun and they made the story perfect. At first, I thought that Kim Hana will be together with Ha Min, but after at the end of the episode Kim Hana end up with Ryu Johaa, I was happy and relieved that Kim Hana with Ryu Jooha because Ryu Jooha protected Kim Hana well and always made her happy, they were cute together, otherwise in s Ha Min made Kim Hana sad and uncomfortable. Gi Hyun sister, Cha Ah Hyun was really cute and made the story enjoyable and funny. Although this season ended very fast, I enjoyed all the stories from every episode. This drama had a simple story, enjoyable to watch in your daily time and didn't need to put a lot of effort to understand the story.
Read More",에이틴시즌2
4,"a bit of a let down
I did enjoy less this second season of a-teen.

The second season didn't focus on the friendship between the girls. The whole drama was more romance oriented but i didn't really work for me. I wish the show focused more on the struggle of final year (finding what the do to in the future and the insecurity related).

Plus Do Hana was totally pushed aside or i tought that her insecurities could really have been developped.
Her and Siwoo are hardly never present.

Even tought, the new charactere are a nice addition
Was this review helpful to you? Yes No",에이틴시즌2
5,"Firstly, I really liked the cast and how they really suited their characters like it's really them. How not everyone is just anyone but everyone have their worries and not everything can be solved the same way as the other. Everyone has different interest and sometimes tertiary studies are not suited for you. Uncertain crushes, doing your best and more.

The storyline itself is a nice and an above average plot, its enjoyable to watch and and has high rewatch value as some scenes are really cute and can be watched multiple times. I totally fell for the actors and shipped at least  pairs of couples.

The OST is really enjoyable too especially as I'm around the same age as the actors, so I relate to the songs about our uncertain future and friends. Really love Teen and highly recommend it to everyone to take a look at the trans of the song while listening to it.

Read More",에이틴시즌2
6,"This show continues to be a really sweet look at the life of high school teens, their relationships, and friendships. Personally, I think this season is is even better then the first. I enjoy the new characters that were added this season they brought a different dynamic they bring but the focus is still on the core cast. I like the direction Kim Hana's character went in and her relationship with Joo Ha was really sweet. I also really like that the show explores the options high schooler's have in there senior year and that not everyone needs to or even should go to college. There was much less Do Hana it seems like she was barely in this season but honestly with the story line they gave her I'm glad they kept it short. It just a really short sweet show an easy watch or rewatch.
Read More",에이틴시즌2
7,"Best and Most Realistic Teen Webdrama You'll Find!
Best webdrama out there, hands down. Confused by all these other reviews! Season  >>>>>> Season  by a long shot. Season  was more a -/. Season  has no cheesy romance lines, no relationship games, a little bit of realistic high school petty drama, and most importantly a lot of realistic teen growth/angst. I definitely acted like them back when I was in my teens (so it annoys me when other reviewers expect them to act like mature, fully developed adults).

If you were most fascinated by the teen romance and triangles from Season , then this won't be for you.

If you're looking for a realistic yet lighthearted teen web drama about life struggles, academic stress, goal/soul searching, classmate jealousy, and such, then I highly recommend this. I found myself relating a lot to the struggles the characters experience in school. The plot is well-written and flows naturally. There is only a small emphasis on the romance/crushes, which is super realistic! Especially for your senior year in South Korea! (Did y'all not study your asses off in high school or something? Smh. I think maybe there's a cultural misunderstanding for international viewers regarding the ridiculous academic pressures and importance of senior year of high school. You have to devote your entire life to studying and college prep. There is literally so little time to date or even hang out with friends! Hence the lack of the romantic/friendship storylines! All these other reviews be making no sense.)

I also love the new Jooha and Kimha healthy relationship. No games, just simple easy confessions and wholehearted respect for one another.

Doha's and Siwoo's presence weren't missed as much as I thought they would have been.

Solid OST by SEVENTEEN! The others were great too!

- points for Hamin's romance plot. He jumped ship so fast regarding his crush. It would've made more sense if he was just chasing Kimha because it felt like he was losing control over everything (girls, grades, friends, etc.), but the drama made it seem like he was genuinely into her, which we all know from Season  isn't true.
Read More",에이틴시즌2
8,"It was good but I was sad that that they made do hana & nam shi woo supporting
i have to agree it was def better than season  but I was kinda sad that do hana and nam shi woo became supporting leads. i wanted to see more of them together and I wanted to see more fun friendship do hana, kim hana and yeo boram had. their friendship was really cute but we only saw a bit of it but I liked it although I was sad that ha min didn't end up with anyone. anyways that's my short review, this is my first time reviewing a drama so I'm sorry if it's bad. overall i'd recommend you to watch it if you want to watch something that's not over  hour each episode
Read More",에이틴시즌2
9,"Sumpah web dramanya bagus banget menurut saya.
Ceritanya menarik sekali, drama dari playlist tidak pernah mengecewakan.
Di season  ada orang baru nih dari salah satu member golden child. Penasaran? Nonton saja di channel youtube resmi dari playlist, mereka juga menyediakan subtitle bahasa indonesia.
Kalo aku bilang bagus terus orang lain bilang kurang bagus........Ya gimana orang beda-beda.......
Saya disini hanya memberi pendapat saya.
Sama seperti drama lain yang saya review, maaf kalau kata-kata reviewnya sama.
Tapi emang web dramanya bagus kok gk boong.
Saya rekomendasikan juga kalau web drama korea banyak yang bagus, tidak hanya drama tv kabel saja.
Read More",에이틴시즌2
10,"TOTALLY WORTH IT
I highly recommend you to watch it. It really is a beautiful series. It made me feel single but it's totally worth the watch. I love it so much. I enjoyed every single bit. Their acting is / because it's one of the best. I really love the story that they created... Some may be disappointed by the changes from season  but I enjoyed it and I was pretty much happy about this series.
There's nothing really upsetting here to me soooooo...
Well YOU, yes YOU.... watch it right now.

I Heart this series. >
>_<
Was this review helpful to you? Yes No",에이틴시즌2
11,"Disappointed in the sequel
Though I didn't LOVE A-Teen, I liked this one quite a bit less. There is a lot more focus on romance rather than friendship in this one. Normally I'm all about the romance, but I felt that the first season addressed the romances enough. This season would have been better served by focusing on resolving the issues between the two Ha Na's. Those issues were resolved/glossed over in the first season, so I was hoping for more of that.

Nothing really earth-shattering happened in this season. My biggest disappointment was the limited amount of time spent on Do Ha Na and Si Woo. They were really cute in the first season, and I was hoping to see more of them this time around.

In general, one season is usually enough for these shows. It just seemed like a lot of filler for the sake of having a new season.
Read More",에이틴시즌2
12,"mhm..
this season was kinda weak.
some people just went ????
the boy from the grocery store whatever happend to him?
I wanted more scene's with doha and shiwoo, i loved their relationship in s.

story: ,/
Im dissapointed with these storylines, we got no closure for a few things, its just left hanging in the air.

acting/cast : /
I love them absolutely.

: /
I love this music

Rewatch : /
I would rewatch it again if im bored.

: /


Was this review helpful to you? Yes No",에이틴시즌2
13,"IS WELL KNOWN SECOND SEASONS ONLY LET FANS DOWN. A-TEEN WAS NOT A DIFFERENCE!
I was so happy to see we had a second season, i really loved all of them and i wanted to see more of them, but it really left a bad taste after i finished season . It is well known that its really hard to make a successful second season and A-Teen didnt make a difference.
Two main characters of the first season didnt had any screen time at all, the amazing friendship was almost never shown and the two new characters even if they were interesting really spoiled the dynamic between the  original characters. At times i really disliked the new characters, maybe i loved the old ones way to much so i couldnt open my heart to them.
Since the end of season one i really wanted Kim Ha Na and Ha Min to come closer and i thought it was going to happen but the end only hurt my feelings, maybe thats why i didnt like the new characters.
An okay season but really nothing special, i kinda wish the had ended the series in season one.
Read More",에이틴시즌2
14,"TL;DR GO WATCH A-TEEN SEASON  NOW!!!
**a little bit of spoilers ahead,, somewhere in the middle**
Season  of A-Teen was fantastic, and I was looking forward to Season  even more. This show continues to provide a lovely glimpse into the lives of high school students, their friendships, and their relationships. This season was just as enjoyable as the first, it was lighthearted. I definitely recommend this teen drama if you're looking for a realistic yet lighthearted teen web drama about life challenges, academic stress, goal/soul searching, classmate jealousy, and other topics. I found myself identifying to many of the characters' challenges in school. The plot is well-written and moves along smoothly. The romance/crushes are only mentioned briefly, which is quite realistic! Especially if you're in South Korea for your senior year! In real life, you'd have to devote your whole life to studying and college preparation, leaving you with few to no time to date or even hang out with your pals! As a result, there are lack of romantic and friendship story lines, which I understand. I admired the actors and how beautifully they embodied their characters as though they were real people. If you preferred the young romance and love triangles of Season , this season is not for you. It's just a brief, enjoyable show that's amusing to watch or again.

Despite my enjoyment, I don't believe I enjoyed it as much as the first season for a variety of reasons. To begin with, Do Ha-Na was almost non-existent! I was disappointed that Do Ha Na was no longer one of the lead characters because I adored her. However, I enjoy fresh characters as well. I adored her as a stand-alone character, and I believed that without her, the series would be far less focused on friendship. Second, I had the impression that there were still a lot of unsolved mysteries from Season ! Take the girl Shi-Woo used to know, for example. Third, I really liked Joo-Ha as a character, but I'm not too sure about him. I don't know whether that's just because he's new and I haven't totally warmed up to him yet (especially since we don't know much about him other than his parents being gone).

The new characters added this season are interesting; they have their own dynamic, but the focus remains on the core cast. Kim HaNa's character developed nicely, and her relationship with Joo Ha was really sweet. I really like how the show looks at the options open to high school seniors in their senior year, highlighting that not everyone needs or wants to go to college. I believe the first season's plot is better since the three ladies' friendship is more focused, but the second season feels more simple, apart from that, I strongly like it :)) I also love how they depict siblings' relationships; it's so relatable!! Because each episode is only a few minutes long, you can watch this drama while studying, working, or in the middle of something else. I liked this season and everything else, but I wish that more of the problems/misunderstandings were solved. Like for example, Kim Minji, I wanted to know more about her in depth, like her thoughts and what she feels, maybe just a glimpse of her day after Ah Hyun revealed the information (if you know what i'm talking about, sorry I can't say it due to the reason I'd spoil it for the people who haven't watched A-Teen  yet). I just need my questions and doubts to be answered. I wanted to know if MinHa and Ah Hyun's relationship will change? will they date or will they not? I wanted to know more about Yeo BoRam's family issue and how they will change and start to care for her feelings. I was devastated and quite upset when DoHa and Si Woo broke up, but I know it's for their best and that DoHa needed time alone and some space, so I respected that, I still wish we could get more scenes with the both of them. Although with many questions, I truly enjoyed this season. I loved the realistic sibling arguments with Cha KiHyun and Cha AhHyun, although they fight and argue, we can tell how they care about each other. Especially when KiHyun found out that AhHyun came home crying (can't reveal anymore details, if you're interested, please watch A-Teen ).

How, while no two people are alike, they all have issues, and not all of them can be resolved in the same way. Everyone has different interests, and tertiary education may or may not be the best option for you. Uncertain crushes, putting forth your best effort, and other topics are discussed. The tale is pleasant and above average; it is enjoyable to watch and has a high rewatch value, as several parts are particularly appealing and may be viewed multiple times. The actors had me utterly smitten, and I shipped at least two couples.


Ryu Joo Ha and Cha Ah Hyun, two new cast members, adding to the beauty of the plot. I expected Kim Hana would be with Ha Min at first, but she ended up with Ryu Jooha at the conclusion of the episode, which surprised me, I was relieved and delighted that she was with Ryu Jooha since Ryu Jooha always looked out for Kim Hana and made her happy; they were adorable together, whereas Ha Min made Kim Hana miserable and uncomfortable in season one. Cha Ah Hyun, Ki Hyun's younger sister, was adorable and added to the story's delight and humour. Despite the fact that the season came to an abrupt end, I enjoyed every episode's story. This drama had a straightforward plot that was enjoyable to watch in your spare time and didn't require much thought to comprehend.

BUT FORMALITIES ASIDE, I NEEDED SOME TYPE OF CLOSURE, I WANT, NO ACTUALLY NEED!! TO SEE HOW AH HYUN AND HA MIN WILL GET, GROW AND DEVELOP TOGETHER. If a season  is not possible, I just need  special episodes for our remaining questions and needs. PLEASE. But if we DO get a season , I hope it'd focus more on Ha Min and Ah Hyun's relationship since in Season , it was mostly about Si Woo and DoHa, and then in season , it was about KimHa and JooHa.

I strongly advise you to watch it. It's a really lovely series. It made me feel lonely, but it's well worth watching. I'm completely enamored with it. I thoroughly enjoyed every minute of it. Their acting is a ten out of ten since it is among the greatest. I adore the story line they built; some may be dissatisfied by the changes from season one, but I enjoyed it and was generally pleased with the series. There isn't anything major that bothers me here, just a few of unsolved questions.
YOU, the one who's reading this review, if you haven't watched A-Teen/A-Teen  yet, what are you waiting for? Go ahead!!
 rate: /.
Read More",에이틴시즌2
15,"season  > season 
i enjoyed season  alot and gave it even  stars but season  disappointed me alot. it isn't bad but after watching the first season my expectations were just different so i skipped alot, i guess because it focuses more on kim hana and i don't find her interesting. but the new characters such as cha ha-hyun or ryu joo-ha were refreshing and i liked them alot. tho they were never a moment where i was excited and wanted to know what's gonna happen next- to keep it short: it was boring but i'll still give it a  because of the cameos (LOL) and the actors, such as the OST.

oh and spoiler: do hana and shi-woo's breakup was rlly '_' unnecessary but i guess they had to do it bc their actors were busy but it seemed like they kinda got together again in the end.
Read More",에이틴시즌2
16,"I loved A-Teen Season  to death, and was super excited for Season . Even though I turned out to quite enjoy it, I don't think I loved it as much as the first season, for multiple reasons.

Firstly, there was barely any Do Ha-Na! Even though romance-wise I didn't care about her plot that much, I loved her as an individual character, and without her, I felt like the series also focused a lot less on friendship and sismance.

Secondly, I felt like there were so many questions still left unanswered from Season ! That girl that Shi-Woo used to know, for example.

Thirdly, I was honestly annoyed by Bo Ram's mindset and lack of support for Ki-Hyun at times—I don't think any of that was sufficiently addressed.

Fourthly, I liked Joo-Ha as a character, but I don't know if it's just because he's new and I haven't warmed up to him completely yet (especially since we don't know much about him at all, other than his parents being MIA), but I just didn't care much for the relationship between him and Kim Ha-Na.

, though, I enjoyed the parallels to the first season, and that we got progress for some plots, like

I'll also admit that I absolutely HATED Ah-Hyun at first, but now she's become my favorite in the cast, and I'm praying for a Season  so we get more of her and Min.
Read More",에이틴시즌2
