,reviews,title
0,"I've been following Playlist Global since the very begining, they improved a lot, and A-Teen (eighteen) was on the top of the top ! I mean, if you just want to relax and watch a kdrama , don't wait a second. The drama only lasts few minutes so it's very easy to watch while waiting for something

The drama deals with teen problems, friends ,crush, love, in search of personnality. The story was not that original, only the way storyline was told was interesting. I mean sometimes you think that somes scenes are predictables but not brh, they tried to make it different even if the story was ordinary and deja vu

Characters : I really love all the characters seriously, from the saint to the b*tsh, everything was well done. I hate some charcters.. that means they did a good job haha

The End was not as expected but yea, objectively, the drama is worthy ! The OST was HOT! *-* Can't wait for the nd season
Read More",에이틴시즌1
1,"I'm a huge fan of these short web dramas, and as soon as I finished watching the sequel to this called Seventeen, I went straight to indulge in this.

Set in a Korean high school, this made me relive the previous  years of my life. This series is centered around what most students face in their every day school life: the beauty and hardships of friendships, stress and grades, first love, future career choices etc. The main group of  friends in this drama were really diverse, but I felt that some of them overdid it with the acting. To be honest, I was mesmerized by the lead female actress playing Do Hana. She made this drama shine and now I have a massive girl crush on her. Other than that, this show was quite basic and nothing new, nonetheless, I really enjoyed the cinematography and quality of this drama's production. The only other thing that I was quite dissatisfied with was the ending, leaving many unanswered questions and begging to make a season . Briefly, if you enjoy short high school drama and just want something light to watch, go for it - it's on YouTube, waiting for you to watch it!
Read More",에이틴시즌1
2,"this is the perfect drama for relaxing, or if you want a light-hearted school romance. i've been a fan of school-themed dramas and i can say that a-teen definitely reached my standards when it comes to these type of dramas. it's very cutesy and all, but at the same time, they implemented important school issues and how the characters solved it. although i was rooting for min and doha, the ending pairs were alright. also, kihyun and boram were SOOOOOO cute! just the perfect epitome of highschool love.
Was this review helpful to you? Yes No",에이틴시즌1
3,"Better than I expected. I think A-TEEN has a much higher/mature production value than other series on Playlist, clearly testified by the popularity of the show and its visual treatment. Most actors have done exceptionally good acting. Do Hanna and Kim Hanna are very pretty. Although Yeo Boram's character was far more entertaining, I was left wanting for more of Yeo Boram. Nam Siwoo's story has quite an interesting twist at the end. And I think it would be interesting to see what will happen next in that track.

Theory:
I got this feeling by Episode  and , that Kim Hanna's character has a lot more depth and complexity than what is shown so far in Season . Kim Hanna isn't just trying to copy Do Hanna. She is deeply inspired by her and possibly reveres here. Changing one's name/looks is one thing, but changing schools is a different level of being inspired altogether. In fact, Kim Hanna made effort to be in same school as Do Hanna is. And wants to live with her when she's older. Kim Hanna hasn't shown any interest in any guy whatsoever so far. It is quite possible, Kim Hanna has feelings for Do Hanna and may, in fact, be in love with her. Which explains in some way why Kim Hanna has even adopted Do Hanna's name because she reveres Do Hanna very deeply.
Read More",에이틴시즌1
4,"A typical High school Drama in an Web-drama
I really was not a huge fan of web-dramas (low budget not Netflix) until I watched this show.
----
I mean I usually am really against youth dramas that over-dramatize and romanticized versions of the high school experience, but this one did a good job at portraying the struggles of finding yourself in HS. The bitchy nature of girls is also well portrayed here. The individual stories of each character is cute, and the side characters (not the main leads) are really cute as well.

--Acting--
The acting is okay, though I am not a fan of April. I don't think their acting will disappoint especially the side characters.

--Pacing--
The episodes are fairly short (with a really catchy OST by Seventeen) so it was enjoyable. There was never a really dull moment in the drama.

I hope you try it out, especially if you haven't watched web-dramas before.
Read More",에이틴시즌1
5,"I honestly watched these thinking they were clips to a longer, official drama, then found out that I had actually watched the full thing. I love these so much. The characters deal with everyday issues that a lot of students can relate to, and the romance (especially the jealous scenes!) is such a cute addition to it. I love the friendships even more—the sismance is everything I'd ever want. There's a lot of questions still left hanging and so I'm anxiously anticipating answers as I watch Season !
Was this review helpful to you? Yes No",에이틴시즌1
6,"A nice surprise! Made me nostalgic!
For some reason i was not expecting much from this series. I started mostly because i wanted to watch something carefree and easy without a deep plot, I WAS SO WRONG!
The good thing with having low expertations is that not only you dont get disappointed but also it surprises you how good a series can be, this is exactly what happened to me here!
Firstly, the plot was so interesting and even had plot twist i didnt saw coming, Secondly i liked all the characters and i loved that the writers didnt focus only in one, they gave us storylines and backrounds for all of them. I could really see myself in some situations when i was , maybe thats way i got so nostalgic watching their stories (i am not even that old '' but the time i was  feels so long ago.) It actually made me cry and laugh (from happiness) at the end. The acting was pretty good too.

Beautiful stories with beautiful characters. I am so happy it has a second season, cant wait to watch it.
Read More",에이틴시즌1
7,"Ahhh a drama I unexpectedly need that can fit right through my busy schedule! This webdrama was recommended to me by my internet best friend and I'm so glad that I listened to her. The fact that it's a webdrama, I got to finish episodes in between my breaks! Even in a short amount of time, they gave such a good balance of romance and drama!

The plot was really simple since it only revolved around high school students and their lives as  year olds. However, I liked that each and every one of the characters was given a background and focus! Despite, how simple the plot twist was, I really liked how it fit the situation and it wasn't obvious at all! I liked that at some point, the drama showed the simple struggles of what a high school student is going through by each different perspective of a main character!

The cast was sooooo cute and it was obvious they had fun while filming the whole drama! It's my first drama for almost everyone except for Kim Dong Hee and Naeun, but they were still so cute! My favorite characters were Doha and Siwoo! I'm soooo glad to get to know Shin Seung Ho and I was quite surprised that he starred as a main character in Moment at Eighteen! Now I can't wait to watch the drama!

The OST was so cute for the whole drama! Seventeen did such a great job!

All in all, the webdrama was something I really needed and loved! I liked how short it was for the audience to root for every episode more! You'll definitely love the characters and their backgrounds! Lastly, their friendship was really unique and fun from the beginning, definitely a worthy watch if you want something short with good vibes!
Read More",에이틴시즌1
8,"Cute!
I started watching this one as a palate cleanser while binge watching SKY Castle. There were moments where that show was a bit too much, so A-Teen was perfect in between episodes! Plus, both shows had the cute Kim Dong-hee.

, don't expect this story to have super complex characters or hard-hitting lessons. It's mostly cute and fluffy, with conflicts that resolved themselves fairly quickly. The main group of friends was definitely loveable; I rooted for them all.

At the end, I felt nostalgic for my youth. The montage at the end made me reminisce the warm and sweet moments of a carefree ""in between"" year — one where you're not anticipating the next step in life or worried about the things you're supposed to be working towards, but instead, living and enjoying the moment. This feeling was evoked with a subtle touch.

Also, the kids were all so PRETTY and the OST was fire.
Read More",에이틴시즌1
9,"This mini drama is an easy watch. It's got  episodes, but they are each just a few minutes long. I watched the whole thing in one day. It's a good one to binge.

The cast does a good job. You might recognize a couple of the actors from other things. One was in Shopping King Louis as a supporting character and another is a supporting character in the currently airing Sky Castle. Plus in one episode there is a cameo with two of the guys from NCT.

The story lines are believable and seem true to life for many high schoolers. They follow common issues in the lives of many people such as first crushes, friendships, studying habits, family issues and more.

I recommend this as a fun show when you want to just relax and enjoy without a lot of angsty drama.
Read More",에이틴시즌1
10,"SURPRISINGLY EXCELLENT!
I know I'm pretty late with A-Teen, but I've just finished the first season. I didn't expect it to be a good web drama. Above all, considering that it is under the teenage school romance genre. I can definitely understand the positive reaction to drama. So far, it's been one of the best web dramas and drama I've seen under this genre.

Although the story is composed of elements already seen in several dramas, the story is very well crafted. Create an expectation or curiosity to continue watching the drama and the outcome of the story.

I take off my hat with the cast of actors. This youthful cast, it's one of the best I've seen in a long time.. Everyone's performance has been quite professional and impeccable. There is no denying the talent of any of them. Each knew how to play their character and make them have a different color and contribute to the story.

I was left with the desire in this first season, to see an emphasis on the character or the story of Nam Si Woo. Several events are mentioned, but never shown in the story. Why he didn't want to play on the basketball team? What's the problem with team play? Who is Lee Jung Min? Is she responsible for Nam Si Woo stopping playing basketball? Why is Nam Si Woo baffled when he sees her? My only disappointment in this first season is this.

I hope that both Nam Si Woo's character and Cha Gi Hyun's character will have a development in their story for the upcoming season.

PS: I love the OST!
Read More",에이틴시즌1
11,"This drama is definitely worth watching, the episodes are short and it's easily accessible. The osts were very cute and catchy and the actors and actresses are all great at acting and provided a really realistic viewpoint due to their acting. In terms of the storyline, in all honesty I do not remember a clear story with a clear climax or anything rather just progression of relationships and the development as small problems arise and are solved and new things are discovered. It's just a perfectly simple cute yet has enough drama type of series tbh. It also felt quite refreshing to watch !
Read More",에이틴시즌1
12,"You should watch it! This drama was fun and it kept me from being bored. I'm pretty sure you can watch it on Youtube too. Personally, I think that it's hard to judge the story line of short dramas, since they are short for a reason. I would say that A-Teen is a basic story line of a short drama, if you've ever watched one. What I mean by that is that there isn't really a ""main character"" and that there's a lot of each character's thoughts. Plus it's your average high school romance, school, friends, decisions etc. Even so, it's nice to watch one of these dramas once in a while.

The con for me is that I didn't really like the couple going on. I won't spoil anything, but that's what I thought. It's hard to say without mentioning their names, but long story short I didn't ship them.

A-Teen was a fun drama that has guests like NCT's Jeno and Jaemin guesting, which I thought was fun to see them act. So if your free right now, you could literally finish it today. So watch it!
Read More",에이틴시즌1
13,"Awesome
I finished this drama in one day, it has interesting storylines.

It was  eps in total, but short episodes.

: /
It has good stories but some things are still unfinished with some questions, i hope i will see it in s.

Acting/cast: /
They act really well and i love the characters.

 : ,/
Okay.

rewatch: /
I would totally rewatch it.

 : /
I recommend it to everyone who loves kdramas with school in it.
And the friendships are also awesome and the relationships were cute.
Was this review helpful to you? Yes No",에이틴시즌1
14,"Good to pass the time
It is a good drama and very light with enough time not to be tiring. It only bothered me that Min is the one who has the least time on the show and is the one who is the most disadvantaged. Kim Hana had disgusting attitudes and even so, everyone excused the character and even Min returns to run for her even though she doesn't like him. I found it humiliating for the character who had good chemistry with the protagonist FL. Min is attentive, sweet and smiling unlike FL who is cool and responsible. They would make such a beautiful couple that was not taken advantage of ....
Read More",에이틴시즌1
15,"Quick watch
This is a short web drama that you can binge in no time. It's short, pretty fluffy and not angsty at all. There were numerous things to like about this drama:

. Lots of internal dialogue, which was pretty unique. There was a lot NOT being said. I found that Si Woo had the most swoony thoughts. His thoughts were more full/complete and made a lot more sense. Sometimes the internal dialog of the girls came off as trying to be somewhat esoteric, which I didn't think worked that well.
. Less bullying than a lot of high school dramas - thank you very much!
. Some surprising twists.
. Good friendships.
. The couples just kind of happened naturally and there wasn't the typical evil girl trying to steal the guy and doing whatever necessary to make that happen.

I certainly wouldn't say it's the best thing I've ever seen, but it was an easy watch while trying to figure out what I should watch next.
Read More",에이틴시즌1
16,"This is one my favorite web dramas, it's very rewatchable because of the length of the series and afterwards you can watch the nd season. The characters really develop and it covers a lot of topics that high school students struggle with. Also my FAVORITE ost ever by Seventeen. The cast are also pretty good actors and include special guests such as some of the NCT members. I've watch multiple Playlist Global series' and this is definitely my favorite one. It doesn't include mature content so it's good for ages  or +. Highly suggest you watch.
Was this review helpful to you? Yes No",에이틴시즌1
17,"I feel like each character embodies some sort of a relatable insecurity that we all go through during our teenage and early twenties. Each of the characters was SO RELATABLE and I actually loved all of them (which isn't typical for me). The side ships were also given so much good screen time, I honestly thank the lord that this came in my recommended that one fateful day.

The Hana-Hana storyline was so interesting, and it was nice to see both Hanas grow into the beautiful young women we ended with at the end of season one (wink wink : watch season two because it was amazing too !)
Read More",에이틴시즌1
18,"A Teen is a short web drama following the pattern of seventeen, another web drama of the same plot. This one focuses more on the high school lives of the characters, of their background, their personalities and their first loves. The story started a bit slow and confusing, but it got better. The final conclusion was satisfying, as every story had an ending and it ended in a cute way, though a second season would have been nice. So, overall, good performances, nice story and a decent execution of the plot.
Was this review helpful to you? Yes No",에이틴시즌1
19,"very enjoyable to watch
i enjoyed watching a-teen quite alot. the story is light-hearted and cute to watch tho it also contains some serious topics. the first season is more about the friendship among the friend group, which why i prefer this season over the second one. their friendship is just goals and seeing them hanging out is really fun but the romance which develops over time is adorable to watch as well. every character of them has their own charms and their own problems at home, which makes you relate to them (or i guess in my case at least). especially do hana, who is more in focus than the rest of the group in s, is really a great character and you'll probably start liking her too because of her straightforwardness, and she is just cool haha ngl.

overall i can truly recommend you this webdrama if you like a highschool slice of life which includes the romance and friendship aspects as well. i'll probably rewatch it some time because it was just very enjoyable to watch, every single episode of it! :)
Read More",에이틴시즌1
20,"nice and light
My first webdrama!! and I enjoyed the series a lot. It's a common everyday life of students, their concerns and stuff. At first I though it would be boring but find it fun as I watch it. It's very light and the episodes are very short so you can watch this while studying or working or in the middle of anything. This series reminds me of my school days a lot, and making me miss it, well it shows the series is good. Some scenes are a littlee bitt cringeee but I get through it :) I love the characters too, every single one, the acting was really good. But again, it is just a basic series, no development or tension but I really really enjoy it!!
Read More",에이틴시즌1
21,"A-TEEN Review~~~
I don't know how to express how much I enjoy this drama. I'm quite upset that I didn't watch it sooner, but I wish I could erase all my memories and watch it again with the same enthusiasm. I loved the acting, casts and everything, it was great! A high school drama with a fantastic cast. This is one of the best high school korean dramas, yet it's also one of the most underrated. I've seen a lot of school dramas now, and this one, like every other high school drama, emphasizes the age of , the problems you face as a teenager, whether it's love life, friends, or family circumstances.  is a very important and crucial age for any teenager because it's when your emotions and feelings are at their peak!

It's a short drama that won't take long to finish, I'm quite upset that the season  ended way too fast since I binged watch all the episodes in one go, but thank god we have a season ! 😊 This drama is realistic, it shows us the ups-and-down of high-school. It's relieving that whenever there's a problem, you wouldn't have to worry of it not being solved. A-Teen is a lighthearted, wholesome and warm drama that I think you guys should give a try. It covers the topic of friendship, high-school, bullying, insecurities, relationship, being carefree and so on! The fact that this drama is a breath of fresh air is one of the reasons why I enjoy it so much! The squad's friendship is fantastic! Shin ye eun plays Do Hana, and she is wonderfully suited for the part. I'm completely enamored with her character. She appears shy, but she is capable of standing up for herself and her loved ones. What's more, now that I'm a Shin Ye Eun fangirl, I'm intending to watch her other dramas as well! I really liked the OST and BGM. Unlike many high school stories filled with violence and bullying, the plot is clear and straightforward. I recommend it to anyone who prefers non-violent shows. Finally, due to the development of the supporting characters.

If you need a break from all the stressful and devastating dramas you've watched (like me, from watching 'Penthouse' and 'Uncontrollably Fond'), I suggest watching this, it's warm and filled with joy. It makes me excited to go to High School!!
I enjoyed the drama's premise and how it tries to stay true to reality in order to be approachable to everyone; the characters were well-written and portrayed by the actors; I liked that this story was really on point and relatable to a big extent, such as the buddies group; we can all identify with friends like that, such as the quiet one who doesn't say much but is really kind, the bright one who always gets good marks, the free spirited one, and so on. It demonstrates how people of many backgrounds can make excellent friends, and most importantly, it taught me to be myself! Not to be a copy of someone, thinking that if I imitate them, others would like me.

oooh, and also, I'm in a good mood after watching this drama and guess what? I'm listening to the ending song of season  ""Don't Run Away"" by Motte 😋
, I give it a /. I hope you find my review useful and I promise that you won't be disappointed! Lots of love, enjoy!!",에이틴시즌1
22,"Until now, the place I see it is still on episode , today is going to be the th, I wonder if there’s another site I can watch that is more updated...
The story is amazing, the emotion it gives us is like if we were there too, so I really love it.
I can’t wait until I see it all, because it’s so addicting!!

(Now it’s the time to fill in the rest of the , which, by the way, it’s to much, soooo pneumoultramicroscopicossilicovulcanoconiose, this is the biggest word in portuguese, if you’re wondering)
Was this review helpful to you? Yes No",에이틴시즌1
23,"This is by far the BEST web drama I've ever seen!!! ???????????????????? Would absolutely recommend this series for people who love the high school theme and high quality short episodes. ????????????????????????
In my point of view, the plot was not common...???????????????????????? It's more like to an urban lifestyle ????????of high school Korean students???????? that we can totally relate as gadgets and electronic devices were used??????????????????????... Apart from that, morals were included in this story.????????????????.. It is highly relatable with  year old ???????? life because there will be hard times in friendship???????? especially during exam ????????????season and during our preadult years we will find a friend that is actually not that kind... To me, this drama gets to both sides of people the good and the bad so that we will realise our wrongdoings and start correcting our mistakes along the way...???????????????? Multiple thumbs up from me ????
Read More",에이틴시즌1
24,"If you are looking for a quick, to the point, teen problem short drama then this is the one. I literally binged watch this drama and it was amazing.

:
The story revolves around teens and their problems, from love, to friendships and finding the real you. I honestly believe they portrayed a high school student amazingly. The problems that most student faces they carefully structured so us viewers can picture it and empathise with them and say that we either were a victim or seen it happened around the school environment. I like it that the episodes were around  mins each and quickly gets to the point and how quickly they resolve the problems.

:
The cast did a great job on acting their own character.

:
I'm sorry but I wasn't paying attention to the songs, I was too involve with Kimha's character.

Rewatch:
I don't like re-watching.

:
It was a great short drama and totally recommend it to you guys who are into school theme dramas.

Where to Watch:
Youtube
https://www.youtube.com/watch?v=eUuGdhsw&list=PLS--ClexQbQT-TlwvsSBbzPpkjG
Read More",에이틴시즌1
