,reviews,title
0,"The third season of the love playlist dramas was one of my fovourite. The specials of this story left things unfinished for one of the couples (maybe there will be a fourth season...??). However, the story was more complete this time around, as the couples had matured, their relationships as well. Though, the main couple kind of followed the same pattern as before...Still, I also was surprised with the drama showing some pretty steamy scenes, when other dramas shy off from them. The performances, in addition, were as always, pretty good.
Was this review helpful to you? Yes No",연애플레이리스트시즌3
1,"Yes, it is third season.
No, it isn't even bit boring.
No, the series do not disappoint.
Yes, it is as good as first two seasons, no less or more.
This is webseries, short series, right? Great series to watch when you want to relax, like I mentioned before it is like watching a big fluffy cloud haha it's adorable and easy to watch really. Honestly it's sweetest series I have ever seen even if it shows painful sides of relationships as well it's well directed and acting is stars for sure even if some actors debuted in here they don't disappoint. The series are worth your time it shows so much in those ten minutes I don't think that anyone could regret watching this on their free time.
Read More",연애플레이리스트시즌3
2,"I think part of why I loved this series so much it's because it reminds me of ""Age of Youth""- which is, by far, my favourite drama of all time.

It doesn't have the same orchestrated plot nor the big, one hour long episodes, but Love Playlist has those oh-so-typical characters that we grow fond of, that plot that captures life in its particular ups and downs and even cliché moments. And that's what gives this drama its own charm; its colourful and personality-wise diverse cast that manages to touch us, and the characters struggles, that resonate with us and leaves us just as tense, as anxious as them.

To be honest, I jumped straight to this series since it felt the most interesting out of the first three (based on trailers), and the cast all captured my attention. The first two seasons seemed to be far too focused on the same people/group, meanwhile this one felt more ""open"". We are introduced witty, charismatic Pureum and quiet, reserved Hanneul, two best friends with almost opposite personalities. They were the characters that charmed me the most - apart from Jae In, with her confident spirit, and her close guy friends.

The pace and shooting of the drama felt very professional. The ending phrases, which I guessed its Love Playlist's little touch, were one of the aspects I treasured the most. It gives a bit of a lyrical, almost poetic sprinkle on top of the cake that is the webdrama itself. I liked the ost as well, although I grew tired of hearing cm's ""Perfect"" almost every single episode.
Read More",연애플레이리스트시즌3
3,"Nice and intersting
If you want a short drama which you wanna finish early with good story, than this drama is a thumbs up. The story is quite good, small and decent. Each episodes last from  minutes to  minutes. So the epsiodes are small with good video quality, nice story and each episode that had a story focused on different casts of the dramas. Not so complicated & easy to understand, best thing is that you can complete it within a few hours and you will note feel bored any second while watching it. A few of the ost are good too with Exo in one of the ost, it made music a good experience.
It have  seasons, so i will suggest you to watch all four season together to have a better understanding as all seasons are somehow dependent on one another. It is a popular series as far i know about  million views it had got on youtube totally on all of its episodes.

Note - Th upcoming drama, Dear M starring NCt Jaehyun is also extracted from this drama. A few cast have been changed, but it is the part or extraction of this drama you can say. Still there are issues that if Dear M will release or not because of bully allegations on of the main cast. You should still finish this too in case if Dear. M airs you can watch that too.

All the best. Enjoy!
Read More",연애플레이리스트시즌3
4,"The main couple's on-and-off-and-on-again relationship started to get really repetitive, and to be perfectly honest I was rooting for second lead a lot more.

Now, the special episodes I loved, because NOTHING beats the friends-to-lovers trope and even though something about Pu-Reum doesn't quite sit right with me, I love Ha-Neul and I will root for his ship.

I'm also surprised about something else—I'd always thought Jae-In was the main female lead, but it's been three seasons and she doesn't have much plot. I'd definitely want to see more of her in the next season.
Read More",연애플레이리스트시즌3
