,reviews,title
0,"It’s an ambitious detective drama, because the main theme is the corruption in the police and moral boundaries. But this is also a good thriller with psychological background.

We are not used to uncertainty and hesitation about who is the good and who is the bad guy. It’s easier to watch something simple, black and white. That’s why probably some people think that something is missing in the drama. But complicated plot, labyrinth of possibilities and mysteries characters are strong point in this show and build a good crime story.

We get to know characters slowly. They hide more than we can read from their words. Truly I was fascinated of actors’ skills and how they portrayed subtle differences and nuances in characters’ mind and soul: the fear of lawyer Han Tae Joo, the rage of young policeman Kim Young Goon, Do Chi Kwang belief in his omnipotence.

I like this drama very much, although the plot is really complicated. The director is consequent and he created the show with the same pace and the same quality in all episodes. Actors are great. The emotions are great. The gray colours of filming are great. Sometimes the good script is enough for handsome Seo Kang Joon to shine.
Read More",왓쳐
1,"OCN shown once again that is the right network to choose if you want to watch a good crime/thriller.
In my opinion this drama was more characters driven than plot driven, and the cast did an awesome job in portraying a plot that was unnecessarily over complicated. The writer took us on a very long detour to keep us engaged but at the end he failed to delivery the “twist plot” we all were waiting for.
When you take down one enemy after another, but there are still episodes to air, it is very easy to see, between the suspects, who is still standing.
I really would love to give this an  but despite the great acting, the wonderful soundtrack and some thriller/dramatic moments, I didn’t appreciate how the writer play with us.

Plot: unnecessarily complicated, full of thrilling moments strategically placed to grab the viewer, but the overall consistency of the story was lacking, the ending was predictable. Most of the plot focus on the corruption within the police/justice SK society.

Characters: well-written, the story was characters driven, each member of the team has his own story, all of them show the true colors of human kind, the trauma they suffer affected them not only psychologically but also physically, and bring them to make decisions that not always are the rightful one.

Acting: superb, the cast did an awesome job and save a lot this drama.

Soundtrack: wonderful and perfect to give the thriller vibe and dramatic vibe when necessary.

Personal opinion: I am more into pure thriller where the enemy is a psychopath than into corruption plot, but this can definitely be added in the OCN best work.
Read More",왓쳐
2,"Literally the police version of Stranger. If Stranger was about prosecutors investigating higher up corruption in the prosecution office, WATCHER is about the Corruption Investigation Team of four people investigating corrupt police officers who not only take bribes but also harm others, which most likely also involve corrupt prosecutors in some cases. They are highly character-centric than being more plot-centric which explains that you may easily get lost if you don't pay careful attention to many people's names and the complex nature/motivations of their greyish character. It can be slightly difficult to follow, but the psychological pay-off is extremely high if you bear with it.

I have to agree that way the story was presented to us was a bit messy. They started off with a murder of a young child's mother to a traffic violation case to a harming of police officer on-duty, to misuse of the firearm by a police officer to organ trafficking to bribery ledger involving higher-ups of public officials and a conglomerate chairman, to an illegal drug distribution network involving corrupt officers and finally the implied future investigation of powerful politicians and business people. However, this drama is in no way procedural, and the sub crime-cases are only introduced to question the true morality of some characters or bring in new characters to add to the bigger investigation trails. In this way, the transition of one case to another is quite smooth, but I see some real problems with the execution, or more precisely the way the dialogues were written to help the viewers connect the threads along their investigation trails. E.g. there are multiple instances in the show where it is not very clear how Do Chi Gwang makes the investigative deduction to implicate the higher-ups in some cases. As I observe this, the problem here does not necessarily lie in the way the whole puzzle is brought together to create a cohesive story, rather the way small details and threads are supposedly connected (or rather, told) to reduce plot holes.

My point here is that a corruption-investigation series is bound to be heavily character-centric which may explain why some people are voicing dissatisfaction over the (unnecessarily) convoluted way of the story being told. Instead, I believe making it confusing and going round in circles is likely the most plausible way to tell a story of this genre in a way that makes it episodically engaging. Thus the path the writers took should not be deemed unnecessary, rather a logical one.

Other than the weakness in the way small threads are being somewhat loosely connected to one another, I do find that the pacing of this drama is A REAL PROBLEM. I watched this drama in parts initially only for Seo Kang Joon, and only managed to finish this in entirety after working out a way to increase the playback speed, LOL. So if you have been looking for that magic tool, install Video Speed Controller on your Google Chrome extension. You're welcome.

Aside from this, I do have to say that I am very invested in all the lead characters in the show. I came here mainly for Seo Kang Joon and Kim Hyun Joo, and must say they totally nailed their characters! Kim Young Goon is a tortured character who's also a bit naive but is plain good-natured. It's amazing to see his portrayal of emotional breakdowns and rage when facing the confusion of not being able to trust anyone around him, most especially his own father. Han Tae Joo's character is a selfish one, who only cares about achieving her goals and is always ready to switch sides as long as the choices she makes brings her closer to goal for revenge. Jo Soo Yeon and Hong Jae Shik are interesting characters to look for as well, and they really do add intricate nuances to an otherwise a very dry, corruption investigation series. Do Chi Gwang is the anti-hero in this drama, which is an interesting deviation from Hwang Shi Mok in Stranger who is a straight arrow and only pursues justice and upholds integrity in his choices. Jang Hae Ryong and Deputy Commissioner Park were also the interesting ones, and I am satisfied with the plot twists they gave us in the final two episodes. In fact, compared to Stranger, I am much more invested in the most recurring characters in this drama because the way all these complex characters are written is just exceptional, and is truly the biggest strength/stand-out of this drama for me.

They also concluded this drama nicely while also hinting away at the possibility of a second season. In fact, I am eagerly waiting for the day it comes, because the upgrade to the investigation trail this time would be to investigate corrupt politicians, business people and high-ranked public officials which would make it even more interesting, like the anticipation that builds for Stranger . When that happens, I do hope that the writer/director managed to secure the same lead casts because they have successfully built the momentum and the right anticipation for this first season, and the way the story was written is so expendable that it's only up to the writer's skills to give that to us.

If not for some of the missed executions, MDL rating for this drama should be as high as Stranger. Enjoy your watch!

Bonus: My ranking of corruption-investigation or psychological thriller series:
. Doctor Prisoner ()
. Confession ()
. WATCHER ()
. Stranger ()
. Trap ()
Read More",왓쳐
3,"It's has good plot. They try to makes sense all the plot and clue they create that the writers forget of how to give a room to each character Narrative, make them to find an engaging emotional ride . lack to give real emotional of this narrative what make experience watching this drama boring . Their trauma and their past is just a background. Instead, They try to expand the remaining hours to add unecesary detail in each case and can't figure out how to give room to creating an engaging emotional depth, which left me never engaged to the story. The cast sell this character emotional conflict and make them interesting.

I have to give them credit for giving the audience a change viewing each character point of view. Also, little tonal shift, stay true to the genre , generally well constructed plot, and a good cast. And
I'm happy though Seo Kang Joon choose another solid drama twice in a row and with solid production and a good cast.
Read More",왓쳐
4,"there are character driven stories, and plot driven stories.. but this drama made me realize there's a rd type ""acting driven story""... this show had neither plot nor deep characters... but the acting from everyone (especially from kang joon and his intense eye acting) were fantastic, the ost also was the most ""thrilling"" part :)

for me personally, it's been a long time since a crime thriller drama grabbed my attention every second of the drama... and here we just had  plots, who killed the mom/cut the fingers, plus the whole dragging mess of the ledger and the secret society.. I have to say it's really predictable.. it's not really spoiler to say, the st people you'll doubt are the ""bad"" people, so I don't get how it took them eps to finally ""uncover"" the truth...
honestly, the first  eps and the final  eps are everything you need...


there are also ""good vs bad"" dramas and those who don't want to be that simple so they make their ""heroes"" the bad guys, and here they walked a fine line right in the middle... it way literally walking on the edge that it seemed as if their characters had ""dark"" qualities just so they are not completely good, but they also didn't want them to be bad...


my rewatch values are a  or a  so ;)
Read More",왓쳐
5,"From its first trailer to the last minute of it.WATCHER is masterpiece brought to life by people who know how to do their work at its best.

I started to watch this series because of the art in the posters(YES THERE IS ART THERE) that gave me this vibe i get from western thriller tv series, and as a big fan of this genre i let it be the first OCN thriller i've ever watched;little i knew it's going to turn into one of the best kdramas i've ever and i ever will be.

The drama starts with a scene from the past and when it comes to show the current time,three minutes after,for maybe more than the half of the episode the story might be confusing.What kept me watching you ask?the brilliant talent of the actors and the amazing work of the director that keeps you captivated to get more of it.
what i should tell now is that i started watching this series not having watched any previous work from the actors,so it was a pleasant surprise when i saw the great work of the whole cast team.
(Han Seok Kyu is such a big talent that you'll gonna stop in the middle to just ask yourself if he is even acting or this is him being himself...give the man all the awards that exist!!)

The plot is complicated.the amount of information that you get in every episode is a lot.This isn't a story where the main characters go to beat up the bad guys,most of the time you have to collect the information and have the brain to know how to use them.but don't worry cause we do have action too.
a question asked a lot during this drama is ""what makes someone human?"" and i think this is a great hint to the work of the writer,writing his characters in the most humanly way showing all of its complexity.
what it's needed to be said is that during the show there are some flaws in the script,but they are little and i think it does not ruin the whole good thing.

The background music and OSTs are so beautiful and catchy and it bonds so greatly to the atmosphere of every scene they're played.no need to say i'm listening to the songs in repeat.

All in all i loved this drama and i adore the fact that it gives you the vibe that maybe they will make a second season of it,what i know is that my brain and soul are ready to devour endless number of seasons of this LOL

(sorry if the review is not great,it's my first time and i'm just so full of emotions :D)


Read More",왓쳐
6,"Angels and Demons
There is a reason why so many watchers of Watcher enthusiastically endorse it as worth the watch.

(If the repetitiveness in this first sentence grated on your nerves, it’s by design: it foreshadows being subjected over and over again to the same tricks of the storytelling trade, even when not absolutely necessary.)

The most frequently used techniques you will encounter in this show: swift turns in loyalties and alliances, constant use of the moral grayscale, motivations and character traits that invert from clear-cut to murky. It's compelling. Could become tiresome, when done solely for the sake of maintaining viewer interest.

One major plus of this show is that the writer has a good grasp of where the story is going. Minimal meandering, plot holes, fillers. A blessing in K-drama world. Each episode is tightly written, and advances the plot coherently. It’s an example of very good writing. What keeps it from being great is the decision to focus more on the twists and turns in unlocking the secret rather than the inner workings of the characters. The way the puzzle is revealed is too convoluted for its essential simplicity. At its core, the show is a study of the blurred lines between good and evil, of how easy it is to fall from the grace of justice into the damnation of crime. It makes more sense to build it as a psychological rather than a mystery thriller.

By design, the characters are formulaic: The Ambiguous Key Figure, The Stonefaced Bitch, The Bitter-Yet-Idealistic Youngster. The actors are wonderful in fleshing them out and giving them depth.

Han Suk Kyu as Do Chi Gwang maintains the character’s mystique to the end while inspiring in the viewer a deep desire to not end up resenting him.

Seo Kang Joon has a string of strong performances under his belt, and he doesn’t disappoint as Kim Young Koon. In the final stretch of the show it is immensely satisfying to see his character display serious fighting skills, and practically demolish a swarm of attackers.

Kim Hyun Joo deserves serious praise for her turn as Han Tae Joo. It seems to be a trend in K-drama world that strong and competent female characters have an inexplicable drive for acting underhanded, unfeeling and cruel. It is a great compliment to the actress that she manages to avoid turning her into the focus of the viewers’ hatred.

As a catalyst for the majority of the sharp veers in the narrative, Han Tae Joo deserves to be mentioned in more detail. Her moral standing and motivations are the least understandable: she wants revenge so passionately as to be a serial sell-out, yet she backs off from pursuing it to the root cause; when threatened with torture, she chooses herself over her husband, yet years later in the same situation is selfless on behalf of a person who is external to her life; she flip-flops so many times that “when is Tae Joo going to turn and bite you” becomes something of a drinking game. Essentially, her character is the sacrificial offering at the altar of the plot: her decisions provide the twists and turns to the story, while psychological consistency becomes less and less discernible as the show progresses. A fail for the writer, an achievement for the actress.

For those familiar with the relationship between the term “watcher” and biblical angels: if you wonder whether the show’s title references this connection, the answer is – yes. The Watchers—observers and sometimes helpers of mankind—are evoked as both holy, like in the Book of Daniel or either holy or fallen, like in the Book of Enoch. Some watcher-like characters start with pure intentions to bring forth justice, and end up ushering in even more violence and cruelty as they fall into crime. Sometimes, as the reveals pile up, their brutality is so seemingly random and exaggerated that it hurts the logic of the narrative.

The “angels and demons” leitmotif is obvious and becomes explicit in the finale. It is stated verbally in one character’s newly found mission: to become “a Watcher of the Watcher,” someone to openly keep vigil over a brother in arms who is constantly teeter-tottering on the edge of a metaphorical abyss. It is also stated visually: as The Ambiguous Key Figure is giving an official statement, cinematography gives the answer whether we are looking at someone on the side of good or on the side of evil. The solution is offered through a slow vertical span of the camera, which repositions the way the mascot on the coat of arms projects behind the character, either as horns or as wings, ending on… well, you will have to see. It is enjoyable to watch – the show as a whole, and especially this last vignette.

In short, if you are wondering whether to become a viewer of Watcher: it’s worth the time at least to start.
Read More",왓쳐
7,"It is quite confusing to watch the watcher. However, I can guarantee it is really amazing. If you like story like this, investigation on those kind of officers, then you realize this story is totally showing the true color of those people. You can already detect who is the bad one from episode  (if you are good enough). Yet, this story will go into spiral ways to get you confused until the end. I stick with the actors until the end, so I am quite happy with the ending. Not really good for those who have heart attack since some story line might get you shocked out of the blue. Also, frustrated. Yet, you can have faith that the whole things will be revealed in the end. They actually did a good job in untangling the spiral so that you can know the truth behind it. You will get shocked that the whole system is a mess up system. Take a look. OCN is really good. For the first time, they actually go to spiral movements and then untangle the rope. In watcher, they did perfectly well with quite adorable ending. So, take a peek. You won't regret it.
Read More",왓쳐
8,"This is not my kind of drama. It reminded me documentary style filming. Not making anything look beautiful, just leave it the way it is. I guess that also can be considered as a charm but it was not so for me.
This show is grey! At the start too, but at the end you realize that none of the characters is good and none of the villains is evil. Everything and everyone is just in between. OCN has some good thriller mysteries. I think this one too will have it's own audience and maybe not the mainstream one.

What I liked about this drama:

-Han Seok Gyu! Well when i heard it's a drama with him i thought i need to watch it, because I loved his acting both in Tree with Deep Roots and in Romantic Doctor. He can seem the same and at the same time so different. I like the way he talks, no wonder many try to mimic his way of talking. He played amazingly well here, and till the end I wasn't sure if he was good or bad.
-Seo Kang Joon! Well I heard about him playing in this drama first and it was a must watch for me as I love him! He played so well everywhere he was in. And being partnered up with Han Seok Kyu, well I thought this is going to be awesome. lol
-The mystery around the case at the start
-OST!! !! it was great really! There wasnt much of BGM during the show so it reminded me of Japanese dramas. But when there was music it was amazing! really OST of this drama is great!

What I didn't like:

-It was super slow. There are slow dramas that I like. For example My mister or On the way to the airport. But this is a thriller, I don't think this slowness suits a thriller. Maybe it's just me. At the start it was kinda confusing with two plots, one to know who is the killer and one to find a ledger and catch corrupt people. Later they merge into one. Well it indeed was predictable that they will merge into one but overall this story was complicated and simple at the same time.
-The conclusions of all the cases. Well after all the mystery around there everything turned out not so thrilling and not so full of justice or terrifying. Maybe my expectations were just too big. All the conclusions were meaningless for me.
-The greyness. I like dramas where there is no exact distinction between black and white. There are some good ones. For example the villain in Pied Piper. But here, in my opinion, they didn't pull out that greyness well. Yes, all characters were neither good or evil. they could go anyway. Each one of them could one day become the same villain. But overall I think this all could have been made in a better way and it wasn't. Everything seemed just miserable, leaving a grey taste after the drama.
Read More",왓쳐
9,"
They say a story is only as good as its villain.

For me, this is usually the case.

And the way to make a villain GREAT is by making them scary, because if a villain is not convincing the hero's conflict has the risk of becoming bland.

The reason we love a villain like Voice season , or Remember, is because we see with our own how RUTHLESS he is.

The second reason these villain's work so well is because they're not just side characters but an integral part of the story. They're given convincing back stories. They are not one dimensional.

That's how you raise the stakes.

As opposed to this kind of story telling Watcher takes the less interesting route. The perceived  danger their villain possesses just doesn't seem devastating enough so it becomes a mediocre story. And anyone could be the villain so the villain is very much one dimensional and their so called origin stories seem petty and ridiculous. 

In fact, pretty much everyone in this drama does things, that are morally WRONG, from planting evidence, to choosing a loved one to be tortured, to using a young boy's traumatic event to distort the facts but why they did it, their justification is just as petty and as ridiculous as the bad guys.

So why did I still like it?

Because of that one scene where Han Suk Kyu stands in front of the mirror and starts fixing his hair.

That. Was. Brilliant.

There were many such allusions to the Nietzsche style nihilism and I feel like that's what they should have done more of instead of falling into the trap of becoming a rather typical storyline.

And also I'm not sure if anyone noticed that Watchers is also the word for nephilim, the fallen, and they were also 'Giants' a word frequently alluded to in the script. And that's why the main characters were all 'fallen from grace' type characters.

I don't know if this last episode was second season fodder but I guess I'll try it for sure but I'm not exactly waiting for it tbh it just wasn't that good but it is entertaining.



Read More",왓쳐
10,"The writers did alright with this drama. I mean it was full of suspense but I guess most of it. The only thing I didn't see coming is the actress who played... Nah, you have to watch it and see for yourself.

Seo Kang Joon did absolutely everything he was born to do with his great talents and that is act the part for the story. I loved his fight scenes. I'm so glad that this story for the Seo Kang Joon was not about revenge but finding out the truth so thank you, writers. Han Seok Kyu, I'm afraid of you, you played your character very believable... *shiver*. If that was reality, I would be more fearful of you than the ones actually being so dang evil.

Police Corruption is no joke! There suppose to protect and serve the community they work in. That part...
Read More",왓쳐
11,"From my point of view, it is the classical thriller drama, it's the typical one but it works perfectly fine. It is the type of drama I like : thriller like this. It does not take risks but it works very well.

The cast is absolutely great. The main actor Seo Kang Joon is absolutely good, his acting skill is very strong and solid. I am impressed. The music is georgous as well, I truly like the osts they are all so great they goes perfectly with the drama. I'm not surprised anymore with OCN they knows whats good for their drama when it comes to osts. I also like a lot the story, which involves corruption, politics as well as crimes. Furthermore I really like how the main character should seek truth and finally revenge, it is the kind of story that always work for me, there is no boring scenes at all. It is captivating from the begining until the end, as you are discovering things along with the main actor. Let's not talk about the numbers of twists... there are too many which makes you feel like you knew nothing after all.

I really recommend it !
Read More",왓쳐
12,"As always I try to find dramas with action and suspense with no romance and this one didn't disappoint. I love the fight scenes Korean dramas have but is amazed at how the character who is fighting can get clocked in the head, or stabbed in the gut and still be able to thrive. Plus they blur out a knife but a gun is in focus....that's beginning to really irritate me for some odd reason.

This drama....it was a good watch but in my opinion it went off the rails throughout each episode. I should've seen it coming but I gave it the benefit of the doubt.

We all know this drama is about police corruption but.....how do I put it....it just didn't delve into the corruption. It showed two shady police officers in the beginning but after that we get nothing but stories of how the corruption unfolded and in my opinion the corruption was barely there. There was just too much of a story about corruption and not enough visuals to keep the plot strong and steady.

The drama shifted to the three main character's life stories about how each one suffered a tragedy and the series just focused on that but threw in a little bit of this and a little bit of that. By episode  I had no idea where the story was going. A new villain emerges that made no sense but I still watched.

As I mentioned earlier the type of Korean dramas I like to watch, I also watch for the chemistry. I don't want to say it wasn't there, it just wasn't as strong as I would've liked. I did like all of the character choices though.

As usual the last episodes of Korean dramas are usually disappointing. This one held true to the game. I didn't get the closure I thought was going to happen. Sometimes I wonder if skipping the very last episode in a Korean drama is worth it.
Read More",왓쳐
13,"Who watches the watchers?
Seo Kang-joon and Kim Hyun-joo back together (they were boyh in 'What Happens to my Family'), with Han Seok-kyu, making a really good team fighting corruption within the police and prosecution service.
It's not a light watch, so concentration is needed to follow a story that twists and turns. Never have so many characters looked guilty!
Well written and acted with a decent soundtrack too.
There were several occasions though, when I felt that, given the circumstances, characters blindly entered into dangerous situations far too naively.
I wonder if we'll get a season ? I shall definitely watch if we do.
Read More",왓쳐
14,"Dark Complex and full of twists
I never thought I would love a show more then Stranger until I discovered the masterpiece Watcher.
I didn't know any of the actors before but all of the mains became favorites of mine. The acting was excellent.
The side characters helped to lighten up the very heavy and dark plot.
I felt like the show gaslighted me as a viewer. There were so many red herrings and so many twists and false accusations that I couldn't trust myself anymore on whom I believed to be the killer. Everyone was sooo suspicious. I became so paranoid I suspected everyone in the show.
One thing I loved about the show is that at the end I didn't even care that much who the murderer was. The journey until the reveal was the true highlight of the show.
I absolutely loved the relationship between the three main characters. They felt like a (dysfunctional) family sometimes.
The characters were written beautifully because you didn't really get to know them until you watched the full show ( or in the case of the chief stayed mysterious forever). Characters like the attorney which I didn't like at all in the beginning became my favourite by the end.
I never felt bored while watching the show. From beginning till the end it stayed interesting and surprised me until the very last scene.
While it was still on the air I rewatched it because I had forgotten certain characters and this show is really complex. And I loved it so definitely rewatchable.
I really hope there will be a second season!
Read More",왓쳐
15,"Must see
This show was a real gem for my us. It's one of those show that you savor and try to put off each episode because you don't want it to end.

There was so much to savor about this show, from the stellar acting to the cinematography and the writing, it's truly a work of art that should be watched at least once. Although I'm already a SKJ fan, the acting from everyone, from the leads to the supporting cast, was all mind blowingly natural and impressive. As in, this show holds some of the best performances I've ever seen in a kdrama to date. You will not be disappointed. SKJ was electric in every scene to the point you literally couldn't look away. Just his expressions alone kept you hooked. The cinematography was crisp, stunning and at times creative. The direction too was close to perfect with excellent timing, attention to detail in every single scene, and unique execution popping up here and there to keep you interested. The writing is complex but incredibly smart, and occasionally touches on current political/police issues without taking an offensive side. I would put this quality of intelligent writing up there with Itaewon Class and When The Weather is Fine (although it's not poetic like WTWIF.)

I will admit there were a few flaws, such as a plot so intricate that it did get a little convoluted and hard to follow, especially if you're not keeping track of many different side characters' names. While there was one good song throughout the series, the rest of the OST left me seriously wanting more. I didn't feel the kinda-bizarre techno style of music did anything for the rest of the genius that is this show and unfortunately, actually cheapened the experience just a little. Don't let any of this put you off from watching this masterpiece, though. Especially if you're a fan of any of the leads, it's a must see.
Read More",왓쳐
16,"WATCH it!
This show brings together three incredible actors who keep you on tender hooks with their personal stories and their joint mission that when it ends you desperately wish there was another season.

If you thought Seo KangJoon was a flower boy only capable of stereotypical roles, watch this. He’s something else here. Yeong goon is tough as nails and gets beaten up, while doing some crazy beating of his own in his role as a police officer. He holds his own against veteran actors like Han Seok Kyu and Kim Hyun Joo and all three of them together make this edge of seat psychological crime thriller one of the BEST I have watched to date.

I just have to give a shoutout to the music score. It’s perfect for this show and enhances the nervous excitement one feels while watching tense moments on the show.

Season , JEBAL!
Read More",왓쳐
17,"People can not be divided as the good and the bad, because they are both.
If you want simple crime show with typical good police officer catching bad guy this isn't for you. But if you want a slow-paced crime show with complex morally ambiguous characters then you are in for a good ride. Pls do not pay too much attention on the score i gave bcs i don't think rating can measure how good a story is.

In term of the crime-solving, the execution of it in Watcher isn't perfect. As much as I loved the show, I can't turn a blind eye on the unnecessarily complicated plot that sometimes makes you don't even know what's going on despite it being a slow-paced show. The writer throw too much misdirection to stray the audience from guessing the actual culprit, when it's so obvious who the main culprit is. And because of that when the very much obvious actual culprit is revealed, the revelation felt flat and the misdirection become a waste.

Then what makes Watcher worth a try?? The complex characters, psychological aspect, and the portrayal of police corruption.
I think Watcher is more of a character driven story rather than case driven. They focused on how a single murder case can affect the mental health and morality of the people involved. And thus in this story the main leads who are affected by the tragedy turned into complex broken characters that you can not judge simply as 'good' or 'bad'. Kim Young Goon, Do Chi Gwang, and Han Tae Joo are all have questionable bad sides, but at the same time they also can be considered good people, that's what's make the characters felt very real and human. And the concept of morally gray characters also applicable to the police.

In many crime drama police always portrayed as good side where everyone fighting the injustice, but that isn't the case on Watcher. In this story Police are organizations that doesn't free from corruption, they are as badly as the criminal they catch. It's a realistic portrayal of how police actually are in real world (at least in my country they are like this).

TLDR: Watcher is a good watch for people who enjoy crime drama with character driven story with psychological aspect.
Read More",왓쳐
