,reviews,title
0,"Teen Spirit With A Shaman Twist…

Let’s be honest. The Great Shaman Ga Doo Shim’ is a verbatim title. ( As there’s not a lot left to the imagination to work out what this drama is about.) Admittedly Park Ho Jin’s drama doesn’t try to brand itself as “ the next Goblin ” or a “ new fantasy phenomenon”. It is a teen “ cutesy” fantasy tale about the supernatural, but often leans more into the realm of “teen angst” with main leads Ga Doo Shim ( Kim Sae Ron) and fellow classmate Na Woo Soo( Nam Da Reum) ‘s journey through high school also. (At the time of writing director Park’s wish for a sequel season to explore more about the characters was confirmed also .)

As a consequence the drama featured an array of intriguing characters. However their ultimate contribution to the storyline and depth admittedly does vary dependent on screen time and the screenwriting also. Kim Sae Ron was fairly dynamic as quiet and mysterious high-schooler Ga Doo Shim. The former child actress carried an ambience of perfect angst, suaveness and longing which was perfectly matched for her role . As a character it was evident that Doo Shim could’ve gone down two possible routes; one-dimensional and unlikeable by being egotistical , or a more well-rounded heroine who has a likeable charm by struggling with her emotions and carrying empathy. ( Fortunately with our female lead it was the former case. )

Doo Shim’s character development was arguably the most pivotal from begrudgingly accepting that she can see ghosts and trying to be “ normal” , to opening up to new friends ( particularly Na Woo Soo) , feelings and understanding that she can use her powers for the greater good. Yet whilst her setbacks do help to make her feel realistically flawed, there are moments surrounding Doo Shim which felt like more of an excuse to “ heighten dramatic tension ” rather develop her character gradually or focus more time upon making Doo Shim feel realistic.

For example whilst Doo Shim’s relationship with her mother Hyo Shim( Bae Hae Seon) did see the typical rocky road between a parent and a daughter, there was a lot of missed opportunities to explore more about their complex bond . It was evident how much Hyo Shim genuinely cared for her daughter, however, Doo Shim and Hyo Shim rarely had opportunities outside of necessary plot to talk about their shared bereavement , feelings or emotions without queuing into comic relief or angst. Perhaps with a sequel season it is wrong to condemn a final verdict over this relationship as “ poorly-written” overall, however, hopefully season two will give more chances to covering this relationship rather than putting it on the back burner.

Then of course there’s our main male lead Na Woo Soo. Nam Da Reum did a great job as the plucky prodigy with a heart of gold . Initially starting off as a plot device in order to awaken Doo Shim’s “ character growth and feelings”, it was refreshing to see Woo Soo leave the realm as the prosaic potential “love interest” and the “ sidekick who is new to this world” to having more complex depth . One particular focal point to exploring Da Reum’s greater sense of altruism as a character came through his unusual friendship with underdog and best friend Kim Il Nam ( Yoon Jung Hoon). However this is also where we hit a major rut with Woo Soo as a character; he displays emotions, but he rarely acts out upon them unless they’re necessary to the storyline.

There was brimming potential to explore a lot more about Woo Soo’s darker side which he did display at points in the drama such as his silent threat to Jo Soo Jung ( Lee Ji Won) after her potential blackmail, as well as his anger at Kim II Nam during the main events of the storyline. When the story covered the major events surrounding Kim II Nam it seemed odd the drama switched Woo Soo’s personality towards being “ mopey yet calm” rather than using this as a golden opportunity to explore more about Woo Soo’s own negative feelings or hero complex, as well as heal the wound between Woo Soo and Doo Shim helping one another through these events.

Yoo Sun Ho’s performance as witty dead high schooler Hyun Soo was pretty delightful. As a character Hyun Soo serves both as an example of surprising comical foil as well as wasted potential also. On one side whilst Hyun Soo does have his more brief yet bittersweet moments surrounding his death and his search for his mother, he did often cool down more heavy scenes with deadpan expressions or annoying Doo Shim. However there was a lot of unexplored ground with Hyun Soo’s sentience in the series such as being a ghost, never being able to physically age( unlike Doo Shim or Woo Soo), his search for his mother as well as a lack of deep connection between himself and Doo Shim ( who she seems to have grown up with pretty much ) which were never explored and left anticlimactic with the way the drama abruptly ended l his character arc early on .

This moves us onto the antagonistic force of the drama. Now officially there are two antagonists in the drama; the malevolent sprit, and of course an “ unforeseen” antagonist ( until they were revealed after a major incident). Positively this did present more multi-layered complexity than the entity merely being the “ big bad”, as well as pointing out a clear sociocultural criticism towards the cruel “ dog eat dog” hierarchy in the South-Korean education system . On the other whilst their motive was clear and had the potential to be realistically intriguing , their actual reason covered textbook moustache-villainy rather than being given more intrinsic depth. The ending was ( unsurprisingly) fairly anti climatic- not bad per say and certainly helping to add a more conclusive ending for our antagonists, as well as a. interpretative finale for our main leads but nevertheless slightly rushed with the climax coming to a halt early on, rather than being built up or allowing time for rising tension.

So is ‘ The Great Shaman Ga Doo Shim’ actually worth watching? Park Ho Jin does a good job at building up our main characters as endearing and likeable leads which are further sold by dynamic performances with Kim Sae Ron and of course Hyun Soo, as well as the mystical and supernatural lore of the drama. On the other hand whilst Ho Jin’s potential sequel season could give room for tying up loose ends and problems ( including exploring character depth and relationships which sometimes felt disregarded), there were several inconclusive screenwriting moments which often felt rushed, cliche, one-dimensional or anticlimactic .  ‘ The Great Shaman Ga Doo Shim’ certainly remains one of the stronger fantasy drama contenders for  - it is not flawless from a screenwriting perspective and there’s a lot of ground that Ho Jin needs to cover going on forward, but a fairly easygoing watch.
Read More",우수무당가두심
1,"The Teenage Shaman
The Great Shaman Ga Doo Shim is a KakaoTV original production and is the first ever fantasy mystery series produced by the South Korean streaming television. It is also the ninth original program overall created by the online streaming platform since it was officially launched in . KakaoTV’s primary focus is on developing short format productions including original dramas, films and entertainment programs that range from  to  minutes in length per episode and some of which are delivered in vertical form for mobile users.

In-line with that focus, The Great Shaman is produced as a short web-series of  episodes at  minutes each, that airs one episode weekly.

In a nutshell, the drama tells the story of -year old Ga Doo Shim, who hails from a family with shamanistic abilities, as she navigates the vagaries of life complete with teen angst, real life complications and, of course, evil spirits. All this occurs when she transfers to Songyeong High School, one of the most prestigious schools in South Korea. The premise isn’t far off from Buffy the Vampire Slayer, for those familiar with the US show.

On the whole, I find this drama rather fun and enjoyable. It is generally lighthearted and easy to watch with elements of mysticism-based thrills and suspense that are not too horrifying or complex to grasp. In addition, it provides brief glimpses into slice-of-life aspects concerning school life, family dynamics, friendships and a budding romance. With a total running time of only  minutes, none of the themes are explored in great depth but the narrative is well paced and executed to convey the key plot points in an engaging and entertaining manner. As a low-budget web series, the production values and technical details are not significant factors to write home about. However, for the most part, the quality of the visual effects rendered and the minimalist action sequences appear to be presented well enough which come as a pleasant surprise.

The main emphasis of the storytelling is on the relationship between the two leads, Ga Doo Shim and her classmate, Na Woo Soo. This partnership largely works because of the charisma of the two leads and the rather charming chemistry that they share. Popular and much-loved former child actors, Kim Sae Ron and Nam Da Reum portray the titular role and Na Woo Soo respectively in what has been a delightful and captivating performance headlining this production. The rest of the supporting cast generally give a decent account of themselves. Special mentions go to the veterans Yoon Seok Hwa, Bae Hae Seon and Moon Sung Geung as the halmeoni, mother and principal respectively.

The soundtrack features  OSTs, the upbeat Run To You by Kwon Jin Ah, the evocative Dear My Nights by Seung Hee and the “couple theme” Forever Smile by Yoo Seonho. BGM comprises ominous stock music and on a side note, the voice of the evil spirit is provided by the villain from LUCA: The Brginning, Kim Sung Oh.

If you’re planning to start this, lucky you because you get to binge all episodes in one sitting compared to the rest of us who watched it while it was airing - the pain of waiting for new episodes is indeed real! Although unconfirmed at the time of writing, there is a possibility for a sequel which means we may get to see more of Ga Doo Shim and Na Woo Soo in the near future.
Read More",우수무당가두심
2,"Ghosts can’t match humans even when it comes down to being evil !!
So great shaman Ga Doo Shim ...presents you a ride in the world of a teenager shaman...set in a highschool ( free of serious bullies ….and full of ghosts) is a decent attempt at being a horror drama …okay if you are in for scary stuff ...then pls expect disappointment ….but if you get scared even at the slightest ...well then why in the world choose to watch this ….

A perfect binge watch material with  eps and  mins run time ...compact writing and great cast ...this show is all in to be a worth watch which I can say it is .
Few illogical stuff scattered here and there ( I am gonna mention at the end for people who finished cuz it could be a potential spoiler ...but I got to rant for sake of my mental peace)

The story in a nutshell ...is about a high school student Doo Shim with shaman abilities but no interest in shamanism and her potential husband or love interest at present Woo Soo (this romance angle I tell you ...they got to drop it everywhere as if dramas can’t exist on friendship ..but it’s not the time to complain) and their fight against evil.

Character development was given quite less time overall and most of it was just about the FL ….which I appreciate ...at least someone got it to an extent ...than having all of them failing together just for the sake of equal division ( good decision)

ML was just a typical romance driven character (in my opinion)...he did not have much character depth or development ...but to be honest that does dwell well with the drama because it was obviously supposed to be more about FL.

The side characters were just doing their jobs without being out of the place …(much appreciated)

The small but important roles like that of grandmother, mother, principal, good ghost(Hyun Soo) all were really good ofcourse the respective actors nailed it ...as expected from them.

The whole point of grades and pressure on the students even after being the main point sadly felt underdeveloped ...and that’s what I assume is the result of less runtime. Can’t really blame anyone for that cuz they did do the best possible with what was given.

 the things presented were worth it ...no plot holes, great pacing ...an okay reason for a villain to be evil ( if you need me to play a critic here ...then it wasn’t really creative but then the rest of the thing put together makes it work. )

With moments that make your heart flutter ( you saw me complaining about romance now what’s with this ...I wish romance wasn’t there but who said I did not enjoy it), this one definitely makes a mark because of the leads.

As always ...time for my fav dialogues …(this time it’s -meaningful lines with reference to the drama and life in general)

I had forgotten that, I have to deal with more than just evil spirits. (told yaa humans are more scary)
I had forgotten that there's someone on my side.
I can’t see the future no shaman can ..if they claim they do it’s a lie but I trust you ...I believe you, will live a long and happy life.
Don’t worry, all is well ...everything will be fine. (repeat it for yourself every time there's trouble)

if you are wondering whether to try it or not....then I'd say go for it ...it's worth your time !!


Here spoiler and rant alert …
ref to ep  ......
come on seriously she worked hard to get the lowest score and failed in doing that ....like if you want to get the lowest score then you don't make guesses that are likely to be right ...you make guesses that are sure to be wrong ....it's a simple option elimination game ....
dramaland problems ...they are failing in failing ....wow ....and here we are ...working our ass off to pass but still fail
now that's actually something I can't get over ...dropping the rating by half star for this illogical stuff ...that's written just to make things work and they call it a twist ...sorry but that’s quite impractical and something to laugh at !!
Read More",우수무당가두심
3,"Splendid work by young lead actors, not much else to it
Plenty of dramas could be improved measurably by shortening the number of episodes and episode lengths, tightening the focus and jettisoning secondary storylines and their cast. It isn’t often that a production could have used the opposite. But with only twelve episodes of less than half hour run times, there isn’t much to “Great Shaman Ga Doo Shim” and it has a rather full narrative to build up and a sizable roster of victims and villains. With those and no shortage of tussles between the good guys and bad guys, that leaves little time for backstory or secondary romances or other time fillers.

What it does have are solid efforts by Kim Sae Ron and Nam Da Reum as the leads in a rather generic setup for the ghost genre that would be easily overlooked if it had not been so surprisingly well acted. Kim Sae Ron is the title character, a granddaughter of a shaman possessing a natural talent for the supernatural. When she transfers to a new high school, she quickly catches the attention of Nam Da Reum’s Na Woo Soo, the school’s most popular guy and biggest brain. It’s not a pair that would seem to mesh but it’s mirror-imaged “My Fair Lady” theme works. Instead of the rich, refined male incorporating the outcast female into his world, she guides him to become a paranormal pugilist. As Doo Shim gets to be more of the tight-lipped, stoic character that normally fits the male lead, Kim Sae Ron has to play it relatively tight but she deftly exudes a combination of the typical teenage angst with atypical unwanted powers and their associated responsibilities. It’s not a dynamic role but KSR still infuses the character with enough warmth to make Doo Shim a worthy heroine. Nam Da Reum has a less complex character. Woo Soo is a puppy, more or less. Nam Da Reum nails the bright-eyed earnestness and incessant curiosity to set Woo Soo apart from the standard high school male main character.

Beyond these two, there isn’t much to note. The fx are the usual stock ghost makeup and black smoketrails. The high school students and administration are the generic varieties. Characters beyond the school scarcely appear at all. And this might be the easiest show ever to wardrobe - school uniforms and business suits and a couple of shaman robes.

This isn’t a groundbreaking show nor is it a particularly memorable one either. It’s frankly a show that without two well cast leads, would be rather dull. But the charms of Kim Sae Ron and Nam Da Reum are enough to make this an entertaining watch.

Recommended.

Read More",우수무당가두심
4,"I watched this mostly because it was Nam Da Reum first male lead role in a drama and let me say, his acting, once again, doesn't disappoint. Though it was a web drama, his acting makes me look forward to the day where he's the male lead in a longer drama, where each episode is around  hour.

The strengths of this drama is the acting from our leads and side characters. Every character perform well overall. Also the OSTs of this drama, for me, are an easy add to my music playlist. I enjoy listening to every song that was played in this drama.

 plot wise, it's average but somewhat lacking. A lot of plot holes, unanswered questions, certain characters don't have their conclusion and left open ended. It's to the point where I started to lose interest in what actually was going on story wise. I mean there were even a few episodes towards the second half of the drama, where I felt like nothing significant happened and it was just a waste of episodes. So much potential to give us a full understanding on why issues were occurring and maybe for us viewers connect with other characters that this drama gave screen time to, but at last, none of this happened due to the short time length per episode for this web drama.

It's a one time watch kind of drama for me. I mean if you don't have anything to watch, go for it. It's short, has great OST music, & best of all, a great male lead and female lead, who both show their great acting talent.
Read More",우수무당가두심
5,"A supernatural ride thats is worth watching
I watched because of the cast. The story line wasn't bad, it gave a sight into the highschool life of teenagers and what studies mean to a teenager.. You may find some teamwork here as the drama shows that teamwork is way more better than doing it alone. Romance can be seen between both the leads but that starts from hate.
This drama depicts that education is not the only thing that is important. I personally like it. It taught me not to stress a lot because of the studies you need to do.
Its a good drama, It has  episodes which is just  mins so you can watch it in a day or two. Do watch it if you have time!
Read More",우수무당가두심
6,"A drama carried by great actor.
I started watching this drama only because I was curious to see Nam Da Reum in his first main role. Lets talk about the story first : Lets be honest, it is a web drama for teenager, it is easy to watch and doesn't require  hours of your time to be watch. The drama is mainly aboutthe stressof korean high schooler and their pressure about grades mixed with evil spirit. The story lack some character personal development but in  episodes of  minutes. I am sure they did they best. As for the actors, they all did an amazing job and really show amazing skills. The music is amazing and reaally help you feel some emotions. I personnally won't rewatched it but who knows? Nam Da Reum might take me there once more.
Read More",우수무당가두심
7,"Teens, Ghost and Evil Spirits
This was a cute little drama about a Shamans daughter, who has the power to see ghosts, and goes to a prestige's high school where she meets another student that starts to see ghosts. The problem with the school is the student with the lowest grades dies. Can they prevent one of their friends with the lowest score from dying? Is there something causing the lowest grade student to die? This is a short drama that you would have to watch to find out, and to see what happens!

I enjoyed the story, and the cast, the ghost, and the friendships that were made. The only issue is I think it could of been longer!
Read More",우수무당가두심
8,"Short but packs a Punch
The episodes are short but the writers never let that interrupt the flow of the story. The plot is well paced with no moment that felt like a waste of time. At the end of each episode I kept wanting to see more.

The shining stars of this drama are our two main protagonists.
Doo Shim's character grows through out the story from a pessimist who wants nothing to do with her powers to slowly realising her responsibilities and it's beautifully executed.
And Na Woo So - In the first two episodes it feels like he would be the average rich jerk ML we are used to seeing in Kdramas but he defies all my presumptions. He is the perfect partner for our FL, always there to support her but never overshadowing her.

And when these two opposites attract we get the most heartwarming romance. Though it feels a bit rushed in the starting owing to the short episodes, it took no time to grow on me. I couldn't resist their charm and chemistry.

However, as well written as the two main characters are, all the side characters fall short. Maybe it was the length of the episodes or maybe just bad writing but I think the side characters were not really fleshed out and were only there to further the plot.
And the worst thing here is the villain. His motivations are laughable at best. There is no point in finding any logic there.

The writers did a good enough job (as much as they could in a fantasy teen romance at least) in exploring the theme of what the students go through and the kind of pressure societ puts on them when it comes to academics.

While I was not familiar with KSR and NDR before, their long list of filmography is enough to show that they know what they are doing and it was clearly evident. With low budget dramas you expect to see somewhat cringey acting and production but that was so not the case here.

Although I watched it while it was airing, this drama is perfect for binge watching in a single setting.
Read More",우수무당가두심
9,"This was a cute little drama. At first, I wished it was longer, both the episodes and the drama itself -  eps, each  minutes long, didn't feel like enough - but now that it ended, I think it was just right for the story, which was very simple and kinda thin for anything longer.

What really kept me watching was the relationship that developed between Doo Shim & Woo Soo. The way he became so smitten with her and the way she slowly returned his feelings, her relief that she wasn't alone in this shaman business anymore. That was really great. And also the fact that Woo Soo wasn't just an innocent bystander but that he got powers of his own. That was really cool.

So, yeah, a nice little series. And I do hope that there will be S, this time with a deeper plot. Then I would wholeheartedly welcome  eps, an hour each!
Read More",우수무당가두심
10,"Suffers from the limited screen time.
The Great Shaman Ga Doo Shim is a rather well written simple fantasy, high school romance that tells the story of Doo Shim, who rejects her abilities, and would rather live a normal life, and Woo Soo, top student in Songyeong High School who gets himself involved in the supernatural shenanigans.

Was I the target audience for this show? Definitely not. It caters to the younger demographic, and gives me quite a Disney show type of vibes - technically there is a message, but the lack of in depth perspective makes me not care that much.

With limited screen time, the writers did what they could to present a well structured and well paced story, that involves quite a number of characters and their side-plots. With a complex drama like this one, that presents the struggles of the main leads, their sweet romance, the demon hunting in school, revenge of the female lead, villain’s backstory and all the subplots of the students with the lowest grade,  minutes per episode with  episodes in total is just not enough. With that, some plotlines seemed rushed, some were barely touched, almost none of the characters had an actual depth.

I liked Doo Shim a lot. She had a nicely paced development, as she learned how to care for others and fight for the good. Straightforward, but caring. On the other hand, Woo Soo had little to offer - he was there as a romantic interest and for the sake of driving the plot forward. Sounds like a male lead taking over the usual job given to female leads.

The acting from the whole cast was good. Most roles were given to already popular actors with years of experience - even the two main leads. It could not go wrong in that department.

For a short drama like that, the quality of writing and pacing is still really good. Not gonna lie, the sweet, a bit cringey, but quite realistic teen romance gave me some flashbacks to my teenage years - sentimental vibes, but do I really want to remember the awkwardness that came with it? lol

, it’s a fun, short story focused on presenting the fight between good and evil - both as external and internal conflicts. It sheds light on the competitive nature of high school experience in Korea, and how it looks different from the perspective of the adults (who claim it’s a good thing for teens) and kids themselves.
Read More",우수무당가두심
11,"Not Good Enough
Korean Mini Series 'The Great Shaman Ga Doo Shim' started nicely but ended up being a rushed, predictable drama.

Probably what doesn't help the drama at all was the ending. It was rushed, with bad CGI and a predictable conclusion. The progress of the story was messy as well and one doesn't get to see the characters' background stories, their personalities, dreams, and ambitions. You only get to see them as a superficial role that they just have to take. Even the love story felt forced and didn't proceed naturally, even though the leads did have chemistry.

On that note, the performances were all great, even from the side characters, who were, unfortunately, pushed aside due to the short length of the drama, as did the progression and presentation of the universe of the story.

So, overall, four out of ten.
Read More",우수무당가두심
12,"Aimed at a younger audience, I feel, but enjoyable for more mature viewers too.
Nice cast, with Nam Da-reum and Kim Sae-ron working so well together in their lead roles. Their chemistry was just right for these characters.
Supporting cast were very watchable too and the show is a great platform for its young actors to shine, as they have the majority of roles and screen time.
Should carry a trigger warning for references to suicide really, I feel though.
The stresses of high school exams and grades are taken to a whole new level in this.
I found some of the adults scarier than any ghosts or demons!
Nicely done and an enjoyable watch.
Read More",우수무당가두심
13,"Teens. Angst. Romance. Drafted in a paranormal infested highschool.
Title says it all. If you're looking for something heavy on the scary complex mystery, then this ones not for you.

Its about our FL being a young shaman, struggling to accept her birthright then add to the mix teenage angst and sweet first love. A little backstory was also given to cement the plot a little bit.

She met ML at her new school, might be just coincedence or might not be. Her grandma bound them together by responsibility, their love although young and innocent gives them strenght to fight for their friends and for what is right. The ML with the well structured life and FL with an unconventional life of a shaman, stood together to fight evil.

There's still too much the story can explore. I wont mind watching a season 
Read More",우수무당가두심
14,"Definitely a binge watch drama here ;)
""Welcome to my world"" as Doo Shim whispers in Woo Soo's ear.
That alone should be the punchline of this epic and yet sadly underrated drama.

I was expecting longer episodes, the minute I've heard these two would be in a drama together. Quite the prodigies in acting, both Kim Sae Ron and Nam Da Reum, are a powerful duo on the screen here. Their chemistry and team work are praise worthy, by the way they embody their roles.

The daughter of a lineage of Shamans and the Top student of a wealthy family are an odd combination. That and the whole prejudice against the Top model student being best friends with the last row student. Yoon Jung Hoon is also doing a great job at playing Il Nam, the best friend and quite impulsive character.

It's a struggle to follow this drama, when it only delivers one episode per week of less than  minutes...
The pros of that is that on production wise it's well made, from the effects to the cinematography and to how they can fit this storyline in such a short amount of time per episode, is indeed a genius move. It leaves us all engaged and yearning for more.

Every single interaction between the two main leads, Doo Shim and Woo Soo is endearing and quite magical to say the very least. They are making the whole show come to life with their acting skills, which is ironic given this is a spiritual concept story.

And while on that remark the most adorable spirit out there it has to be our Hyun Soo played by Yoon Sun Ho. I really do feel like Doo Shim should treat him better, given the amount of time he had been around her in the first place, but her personality is colder than any ghost around here...

It has a good plot and premisse, and although the episodes are too short for our liking they still deliver well and sometimes end in a cliffhanger to tempt us more. Because we do not suffer enough with the whole wait :') for those of you who will binge watch this later on... I congratulate you. You all have better resistance for waiting unlike me, so you will not suffer like this.

""Close your eyes. What do you see? You can't see anything, right? That's your future--""
""You. I can see you when I close my eyes. No. I can only see you. Are you my future?""

The drama is symbolic and it has its fair share of meaningful lines. Had not to love the characters or the whole vibe it delivers. What I like the most is that both main leads are learning with one another, while experiencing the same ""world"" their views are way different, while Do Shim has become pessimistic and reserved when it comes to her unique ability and lineage. Woo Soo despite scared of the unknown, eventually learns of ways to cope and work with his skill too. They are both special individuals.

[I had forgotten that, I have to deal with more than just evil spirits.]
[I had forgotten that there's someone on my side.]

If we could compare the two, they could be like the Yin Yang. They are compatible while having two sides within them.
I bet the second season will have the evil principal showing up to torment more kids and take avenge on Doo Shim and Woo Soo, still let's see where it will lead.

Highly recommend this mini drama, the OST is quite nice too.
The high quality of the episodes is good enough for the budget they have to work around with.
Definitely a good binge watch show when it is finished that's for sure.
Read More",우수무당가두심
15,"Some surprisingly swoony lines from teen ML
The first couple of episodes didn't impress me, mostly because they were rushed (it is a web series) and I didn't particularly care for the FL. Understandably, she had a chip on her shoulder, but honestly, she'd had  years to get used to her destiny and do you really want to go your whole life hating everyone and have everyone hating you? But then, the show really started to grow on me. This is an enjoyable show to binge watch, as the episodes are short and there are only  episodes. This drama demonstrated that the living are often scarier than the dead; and that if you open yourself up a little to people, your burdens might be halved because you have someone to share them with. Everything was wrapped up nicely, though because of the short duration, there were questions that were left unanswered (mostly missing back stories), but I wasn't bothered by that. Honestly, even though they've confirmed a season , I don't really see the need for it, other than to see more of the actors' work.

Kim Sae Ron as Ga Doo Shim was very good in this role. She was able to convey the bitterness of her lot in life, yet with that vulnerability that, perhaps this time things will be different. This was a very physical role and she did a good job with that as well.
Nam Da Reum as Na Woo Soo. I've loved him in things he's been in so far. I think he did an okay job as the male lead here, mainly because it was short. I'm not saying that he's not ready for a lead in a longer drama, just that this was a good starting point for him.
Yoo Sun Ho as student ghost Hyun Soo. He brought a lot of life to the story, especially considering that he was a dead guy! He had a lot of humorous scenes, and when he played it straight, I really felt for him. I would have loved to have actually seen a scene with him resolving issues with his mother.
Bae Hae Seon as Hyo Shim (Doo Shim's mother) - she did an excellent job. She has a very lovely and calm demeanor, and she didn't play her character as over-the-top and cartoonish, as I was afraid she would. I would have loved to have seen more scenes of her and Doo Shim resolving some of their issues.

Writing - there were the typical high school drama issues: terrible parents, the pressure to be the top of your class (I thought the premise for the deaths was excellent - it was coming from a different angle), school bullies, the other girl that likes the ML and is mean and conniving. Every time I watch a high school drama, I think that there is no way I'd want to go to school in Korea! However, there were a few surprisingly swoony lines from the ML that I was VERY impressed with. Not only with the lines themselves, but with the way Nam Da Reum delivered them.

 - to be perfectly honest, I don't remember the music. It wasn't out of place, but I wasn't impressed enough to notice any of it.

Rewatch value - I've got too many other things on my list.

Bottom line - if you've got a few hours, don't want anything long and drawn out, and would like to see something a little supernatural, give it a try!
Read More",우수무당가두심
16,"I would recommend this drama to young children up to high-schoolers. It's overall a really light watch, that doesn't require heavy thinking and is aimed at younger audiences.

Although the plot is kind of ridiculous, the actors themselves are actually good.

I mean, even with the schooling system in South Korea, there's no way the students, parents, teachers, news reporters and the whole country would stay quiet if so many students of the same school killed themselves one by one, no matter if they were all bottom of the school when did it. No parent would sent their kid to such a school, no matter how prestigious it was. This would quickly come to the attention of the public. Plus there's no way the police wouldn't find anything suspicious after the rd consecutive ""suicide"", not to mention the following ones. And before they'd even start to investigate things, they'd first shut the school down.
A few more unresolved/open to question aspects are that . the mother of the female lead didn't even come help in the final showdown when her daughter could've died for the sake of the drama plot and . we didn't find the original story of the evil spirit. It was hinted that he was maybe a teacher who was obsessed with getting rid of the bad students, but would've been curious to find out more abt him.

Anyway the main leads were really cute. I especially followed Nam Da Reum after he played the child version of the main lead in While You Were Sleeping, and tried this drama because of him.
I only finished the drama, despite how childish it was, because all the actors, main or supporting, were actually good. Plus the episodes were short and I watched them in double speed lol.

Random p.s.: I have to say this short hair doesn't suit Kim Sae Ron at all.
Read More",우수무당가두심
17,"What happens at school if you fail?it also funny new friendships
Wow what an amazing drama and storyline The cast picked is perfect and its starting off with a big bang only  ep in and im already sad its only ep. Its amazing how much detail in just min and i love the idea of a HS student who's a sharman with good & evil spirit. When yo doo hyun tried to help her grandmother stop a student Hyun Soo from jumping off a building. The evil spirit makes him jump as grandma is calling the spirit back into her talisman purse and then seals him in. She tells Hyun soo spirit she'll take him to his mom then all of a sudden a person jumps out and stab her -times and steals the purse. Her ghost tells her she must live past her th bday and will have a good life. Now yrs later and her mom is just a mild sharman to make money and cant help her daughter with power. Her first day at school a rumor starts that she was seen with the student who jumps to his death as she walked in with a scratch and bloody lip. Then we have the smart rich kid Woo soo that doesn't believe in what he cant see and thinks she a fraud like her mom who took advantages of his mom for money. As he and the other students starts to pressure her she walks past him and good old grandma jumps into his body and hugs her while telling her the bad spirit is in the building. Now the class is teasing him as he doesn't remember doing that, but remember feeling differently. From what i gather the principle Kyung pil made a deal with the powerful bad spirit who is bound by a talisman and when let out he says ""Time for your meal"" and the student with the lowest grade is killed in order to keep its prestigious school image.(i also think he killed grandma for the purse)
Na woo soo meets Ga doo shim and talks about what happened in class and what she sees so she lets him see and hear. She tells him to ignor them as he runs home and if he makes eye contact they try to talk to him. The next day she goes to his house and gives him a talisman so the spirits will stop bothering him until it fell off and he made them a deal to listen to there stories.
Ep  and its still fun to watch especially Hyun soo who still sticks to her for yrs as he cant find his way home to his mom.
Ep  getting more dangerous as the bad spirit is going after na woo's friend II Nam in the gym and he and doo shim fight him off and run out of school. He follows them to a building and enters someone body and attack them in the elevator and cant understand why a smart kid is friends with stupid kid. Then the door open and..... You need watch its funny ?
Ep -End They are free from the evil spirit and for some stupid reason ll nam goes back to school alone. Na woo and doo shim also go and sadly the spirit is in ll nam and has him on window sill they try to fight, but ll nam fall out. They rush to him and his barely alive when his spirit separated and couldn't go back in so Hyun soo jump in till he was saved by the hosp. and in a coma. In order to save him they had hyun soo hide his spirit from the bad guy. His parents and her mother are called to the school and when they her bells goes crazy by the stairs and her mom and runs out. When doo shim gets home her mother says there moving due to the powerful evil spirit she felt near the steps with a talisman on the door. The next day they find it and sneak into school at nite, but are caught by their teacher and so he helps them and opens the door. Once in the energy is strong and not evil its caused by the student killed are being held prisoners then don don daa he appears and catches hyun hoo. They fight and finally get out and reseal the door and make a plan to catch it. Out of nowhere the principle orders a mock exam due to the last kid Lee ae kung was ruined. So still scared Ae kung doesn't want to die so doo shim sets herself to be last place, but turns out na woo had the same idea. So as they are making plans they can hear the spirit trying to brake loose and then we see the principle trying to keep the safe closed, but the spirit has gotten to powerful and breaks loose. As doo shin and Na woo are getting ready and the  girls decide to help and so doo shin gives them the ability to see the spirits and to handle the talismans. Once ready as they fight the evil spirit and harm him the principle appears and tries to kill her with a knife and them na woo pushes him and he falls down the stairs stabbing himself. Here they find out the truth of what happened years ago to him and her then they screaming and she grabs the purse and run to the roof. Soo jung is ready to fall as he grabs her arm and she grabs him the evil spirit tryes to take them both as doo shim starts to chant all of a sudden blue spirits start to help and weaken the evil. She grabs the purse and he enter them jumps out and a blue orb stop hims as she chants and he goes back in and she uses the axe and then see grandma who says she did well and says GB for good. They return to school as almost normal. A nd season is coming
Read More",우수무당가두심
18,"An underrated drama...literally
NO SPOILERS INCLUDED, I SWEAR WITH MY LOVE FOR K-DRAMAS
Now if most of the viewers who are here for the review I must tell this one of the most underrated k-dramas out there which are airing right now. Like for example my review is the first one right now and I would say its a must watch.
:-
Now starting with the story I can't say much as i am watching new episodes as soon as it is aired with subtitles that means I am watching the drama live.So up till now I have only watched  episodes and the show is going to have . so only half the story. now , everything I have watched up till now is really good stuff and I am not spoiling everything but i must say in a few areas i felt the story to be a bit left half, you know i felt that the story hasn't been finished yet so maybe all those parts which I haven't watched yet ,the parts where i feel the story hasn't been completed yet are going to be shown in the rest of the episodes so for now I am going to rate the story a 
:-
both the actors are my favourites so / duhhh...they both are child actors and I have watched all the dramas/movies the have played the main/side roles in and their acting was really good and so i felt that want to see both the main casts play a main role in a drama and my dream came true and on top of that , both of them together is just a chef's kiss ... really i am not just saying fake things so I definitely lovvve the cast<<<
:-
So the ost was really good so i only listened to the one that oh my girl's seunghee sung and that's the main reason I started watching this drama and even got to know about this drama. thank you seunghee for your awesome vocals, for you I got addicted to a drama I didn't even know that I needed in my life.the ost was most def. not like the typical ost style , it had a different...what should I say....A different taste yeah a different taste to it which made it different from rest of the other osts out there .the part  of the ost which was sung by a male singer I didn't hear tha one but I am sure that's awesome too. so music /.
Famous/Flop:-
So the company which is airing the drama is not a high end famous company like TvN so of course one of the reasons for the lack of promoting is this because if the drama was aired by a big company of this drama would do really well internationally too but due to not begin from a big production company its not really that famous but still its doing its job. And on top of that this is more like a web series so maybe more of the disadvantages why its not that famous. But as long as it's english subbed episodes are aired I am happy so i think the drama is between famous and flop.
Camera quality:-
as I said before this drama is not from a big production company so more disadvantages. So its not like the camera quality was toooo bad but it wasn't at its best either.like for example if you watch the drama you will feel so too and more faults of this poor camera quality came in the first episode itself the rest episodes were still better.so if i had an option to rate camera quality i would give it a .
Rewatch quality:-
as soon as the drama is finished airing i am gong to bing watch it again because why the heck not. so my score for that is a  on .
so my overall score is  I hope y'all can understand my total marking after reading the whole review. So hope this helped you and I hope this review gets you the feeling to watch the drama too (-;
bye bye..
Read More",우수무당가두심
19,"I originally saw this and couldn't wait to binge watch this -

It was a very quick and quirky coming to age story of Ga Doo Shim understanding her family's special gift with them help of Woo So, and ultimately deciding if she wanted to live as a normal girl after the age of  or continue in her family's footsteps. It was simple and quick and straight to the point where I enjoyed to story as well as all the characters.

I loved Ga Doo Shim cause she was a badass whenever she wanted to try and save people;
I loved Woo So and the passion he had for others as well as his cute little embarrassed run whenever he confessed anything to Doom Shim;
I loved Hyun Soo and his  year friendship with Ga Doo Shim;
& I loved Kim Il Nam and his comedic relief

This was very cookie cutter in all the things I enjoy from a spooky drama, but I couldn't go over a  due to the ending. It was a good ending, don't get me wrong - it was very classic, but when it seemed that the ""world was saved"" and everyone got to live normal lives, these characters who took on adult roles, eased into their high school lives quickly and it reminded me that I was watching a show about probably  or  year olds. Plus I guess I am so used to the ending being straight forward about certain things, while others could be open ended, but this drama didn't really answer anything... or maybe, I just missed it. It made me go back to previous episodes as I wasn't % sure what Doo Shim meant in her final words to Woo So. I also didn't understand what position Doo Shim chose about her life moving forward as this was the big question in the beginning of the drama.

Everything else seemed to happen and all our questions were answered, except for the two big Doo Shim questions.
Read More",우수무당가두심
