,reviews,title
0,"SLICE OF LIFE
It was a pleasure to watch this drama which was all about life and is high on emotions.The murder mystery part is just the icing on the cake.The story is all about the people who are trying their best to live in their s while struggling in their day to day life but still try to find their happiness and the virtue of their life.The drama focused on everybody's life even the supporting characters(ample amount) which makes it more likeable for me. This drama is full of everyone's life stories and we get to see sufficient parts of it.Although the ""crime"" was not treated as the most important constituent of the drama and is not one of those major plots that drive the story but it does stir things up in the so called perfect life of ""Ahn Goong Cheol"" and ""Nam Jung Hae""

The actors portrayed the emotions very well.I could feel those intense sentiments of sorrow..love... jealousy....hatred....I even cried when the other characters were crying which is not like me(I rarely cry while watching dramas).I enjoyed the storyline of the friends who were there for each other for more than  years and the story of others friendship includes the FLs of this story Every character was very relatable and had depth. I supported every couple out there in this drama and loved Ji Wook,he is just so precious!!

I could predict the mystery part of the crime well so for me it wasn't that mysterious but watching it unfold was interesting and the character's actions are very intriguing and same goes for the depiction the story of everyone in this drama.  it is a good watch for the people out there searching for well written characters and slice of life which is full of emotions :)

Read More",우아한친구들
1,"MEGA FAILURE CARRIED OUT BY A LEGENDARY CASTING
Watch this drama only for the legendary casting!
I gave it a  only due to the actors otherwise the writer was on weed and meth , and if it was a young cast it would've been a /.
The first half of this drama had such potential and intensity, it went from Mystery and Suspense to the worst Melodrama you can ever imagine.
They made a  episode drama and stretch it to  episodes.
Kinda reminds me of Return ( ) but here the friendship was kinda cool.

I'm shell shocked how can you destroy something with a potential like this to absolute rubbish. It's insane.
There are parts which I enjoyed but those are solely on the merit of the casting /actors.

The writer was like let's insert every possible topic we can.
Who even approved such a shitty script ?
How can they insult this casting , I'm hell lot pissed seriously .
Ughhhh ! --_--

Read More",우아한친구들
2,"Great Slice of Life Drama/ Eye-Opening Diversity of Character Stories
I started this drama thinking it was the next ""World of the Married"" (which I didn't watch, but wanted to jump on board before I was behind). I was very pleasantly surprised.

I personally think that most of this drama was quite plausible. It tells a story of a group of friends who have been together since their university years, now in the s and experience a whole new type of crisis. Each friend has a unique personality. Goong Chul is righteous, hardworking and fights to protect his loved ones. Jae Hoon is rich and competent. Choonbok is older but friendly and loveable. Manshik is thoughtful and shy. Last but no least, Hyungwoo is the pervert one but is the baby of the group. This drama tells of each of their lives, their families and the complicated ways people intertwine.

Don't mistake this drama for just any slice of life drama thats about a whole bunch of people! This drama still has a core element that ties it all together: the line between love, devotion and obsession. Surrounding this group of friends is a scammer, who has been taking advantage of their weaknesses, as well as  murders (one of which a cold case from their s which comes to light due to recent events).

My favourite part is however, is that this shows opens your eyes to various different lifestyles. A psychologist, a office worker working for a restaurant chain, an porn director, a porn actress, a professional golfer, a stay-at-home mom, a bar owner, etc. Each character has unique relationships, either that be with their child, spouse, parents -- no one like the other but each one a pain and suffering of their own. Yet, they all seem to have common struggles that come with a mid-life crisis: you worry about your family, about how you are going to protect them, how you will burden them, how you will care for them, what they think of you, if they are happy, if you've made a mistake... regrets, secrets, scars and laughter.

This drama, being rated + also has various themes that make it more realistic. They mention rape, crime, prostitution, loans, corruption, fertility, etc. It makes the story heavier but I think with all due good reason.

I highly recommend this drama to anyone who is willing to watch a slice of life drama. The casts are all pretty well known actors in Korea, maybe not necessarily internationally. The only downfall is the repetitive use of OSTs but it does become entertaining at the same time.
Read More",우아한친구들
3,"An intense mystery / crime drama which keeps you at the edge of your seat
Overview : I came across few clips of “Graceful Friends” before I even started watching the series. I thought it was going to be like “The world of the married”. But this series was totally different and turned out to be pretty unexpected for me. I totally loved the series and as the story unfolds, it became more interesting and surprising. I was intrigued by the fact that this series has  episodes; because usually I have come across dramas with , or  episodes. Such an interesting plot with twists and turns.

Plus points : The casting is a major plus point for this drama. The whole cast were totally amazing and did a fantastic job. Even the characters who appeared only for a few minutes touched my heart - Especially the charming nurse Yeo and the security guard. The acting was top-notch. The music was so good and totally merged with the series. The bonding between the friends and their spouses was so heartwarming to watch. The younger selves of the  friends - oh my god they were so fabulous. The mysterious plot itself gets a plus point for the drama.

Minus points : To be honest, I totally loved the drama and I don’t think there are any minuses except for the fact that it was a bit dragging towards the end.

Conclusion : Definitely watch this drama once. Worth binge-watching - An emotional roller coaster ride with twists and turns.
Read More",우아한친구들
4,"Watch out what you wish for, i.e. complexity of life made messier by friends
You go through your problems and then a dear friend accidentally kills a prof, getting his friends to cover up to protect him. He drowns in depression until he meets the widow in a hospital and cares for her through volunteer work.
The friends are not that friendly to each other as one (a divorcee violent with his gf) is bent on make his pal's marriage crumble hoping to grab the wife, whom he feels should be his. He leverages an old acquaintance, who has her own agenda (she has cancer and wants to score the guy before she dies).
The marriage does fall apart, but no one wins.
Everyone pays and is left to pay for their sins in a Buddhist weltanschauung that permeates the whole series.
Read More",우아한친구들
5,"If you like this kind of plot, believe me you'll enjoy the drama like I did.
I am honestly very picky with the series I watched. If I don't know the cast I wouldn't watch it except for the plot. I've known Song Yoon Ah and because of this series, I am now rooting for her. Their acting skills are no joke to be honest. They deserve more recognition. The staff of course did a great job. I am inlove with the plot of the story and the characters. The character's diversity did me good lmao. I have learned something from this drama. One of the best series I have ever watched and I'm so thankful to them for teaching me something valuable that I did not even know I'll learn.
Read More",우아한친구들
6,"Awesome
From beginning to end I was captivated. Maybe because I’m older and I’ve lived long enough to know that we are perfectly imperfect. We have flaws. We make decisions that are irrevocable. Life is neither black or white. But the capacity to forgive is the driving force in this production. No frame was wasted. Each character presented a slice of reality. It was balanced with just the right amount of empathy. And how we can be affected by the rules of society is also depicted. I I loved the young characters so much. The music set the tone for each scene. I actually liked the ending. When I was much younger I questioned how people could forgive and seemingly forget past deceptions by those closest to them. So for me the ending was perfect. Though tempted neither gave in to lust. It is obvious that there are no other persons but each other in their hearts. Their focus is on making sure their son continues to love and respect each parent. Without a doubt they will always be in each other’s lives. The care and concern for one another will always be there. This too mirrors real life. I’ve seen couples who legally were apart but for the sake of family always were there for each other even to the point of death.
Read More",우아한친구들
7,"It's not that Graceful.... literally
Graceful Friends is a rollercoaster, which had an up, and all went down.

This review is just my overall thoughts, will contain spoilers.

The story was the main problem here. It was, at first the very backbone of the story. The first half contained so much mystery, so much potential, so much directions the story that could have taken.

But it decided to take the worst route ever.

I was pretty sure, that I would bet my house on it that THAT ending wasnt the original. By EP, there was still so much going on that I was confused on how they'll end it. By the end, literally NOTHING was answered. Who was Kangsan's killer? Is Yubin actually Jaehoon's child? Wtf Junghae what ya doin there?

Its frustrating to say the least. It would have been better if they extended it till  EP, instead ending like that.  and a half stars solely for the first  EPS.

The casting was glory. Everyone did their insane characters justice, especially Song Yoonah (who played Nam Junghae) and Bae Soobin (Jung Jaehoon). The character portrayal wasnt anything insane, but justice was there. Chemistry in rivalry, romance, friendship etc.

The music (both OST and BGM) was something to an extent, commendable. JTBC is an expert with these, unique suspenseful or romantic music. Although the only two OSTs they used during the drama became quite tiring after hearing them for  EPs. Its still fine.

Suprisingly, the rewatch value is high. This drama became my guilty pleasure for some reason. It was just a drama that you would at least wanna watch again, and try to come up with your own conclusion with all the mysteries.

, I dont recommend this for easily frustrated people. But for someone solely looking for fun, or just insane things to watch, of just a unique murder mystery, you can watch this.
Read More",우아한친구들
8,"Mature, Emotional and controverse
Please, just do not give up on the first two episodes. The drama has a slow set up in the first two episodes but after that picks up to be one of the best dramas I've ever seen.

If you like more mature dramas with complex emotions and feelings, this one will not let you down. The acting is also superb. Definitely for the fans of ""Misty"", ""The world of the married"", ""The good wife"" and ""Mask"". There are no pure villains or heroes here. Everybody is human with their qualities but also their imperfections and sins.
Was this review helpful to you? Yes No",우아한친구들
9,"Brilliant
Best show ever! I cried an ocean. Just trust me! This show is so so so awesome! It’s a must watch. Everything about it was so amazing! Is not at all predictable like most shows today. Brilliant writing and amazing actors and acting. I’m honestly am at a loss for words. I can’t understand why the ratings are so low. This is one of my most favorite shows. I would definitely rate it /. I don’t want to ruin anything by talking about the plot but I do also want to say all the OST’s in this show are hauntingly right on point. It’s like they are soul deep.
Was this review helpful to you? Yes No",우아한친구들
10,"Twisted
Frankly I enjoyed watching this series.

STORY. The story is quite simple however the director was able to twist the stories to aim that at the end, friendship prevails. At Ep. , the viewer may think it's over however, the director able to twist it up to the end of the series. Although it wasn't a heavy drama story.

ACTING/CAST. The casting were well balanced. The main actors portrayed their roles quite well, just enough for their respective characters.

MUSIC. Lost by Hanna is well matched and perfect OST.

Was this review helpful to you? Yes No",우아한친구들
