,reviews,title
0," ways to ruin the ending.
After dropping it twice... (in just one episode). I decided to give it try just for sake of my never-ending dropping list. Now at this point, knowing how it ended maybe I should just stop caring for my dropped list.. and let me take it to eternity.

Of course... this kinda story is sooo predictable, cliche, having many skippable parts, and garnished with many second-hand embarrassments moments with cringe-worthy scenes. The rich male lead who's arrogant, rude and not knowing many ways of living meets a bit silly, hardworking and poor (this is very necessary) female lead they end up being boss-employee ...fell in love.. then there's character development, some seasoning of every possible trope that any drama can have. I didn't really like some supporting roles, as some were very cartoonish, were some unnecessary.

The problem is not being predictable or tropey, it fails hard in execution. Why make leads in their s if their actions are not even near to their age, yeah anyone can have a child in their heart but when behavior is childish... I really can't take it. Plus many times it becomes a real estate commercial, I appreciate seeing well-architectured houses but not in drama lol if I want to see them I can easily watch shows related to it (trust me I've seen many of them lol).

Actually, I liked some aspects of the female lead's character, the main pairing had some really cute moments together and some hilarious scenes that I enjoyed fully. There's nothing wrong with casting as everyone did a great job while portraying their roles. I'll appreciate the camera work too. To be honest, I didn't notice music much, maybe only one ost ' Of Us' by Jo Yuri.

It was okay drama till it reached the last stage then it messed up hard... So I'll call it drop-worthy watch the first  episodes.. then you can imagine this is the ending.
Read More",월간집
1,"Last Episode was a Bomb!
Until the very last few minutes of the final episode, I would have given this Kdrama a  rating. The ending, although not sad, was lack luster and NOT worthy of all the previous wonderful moments. So, so sad! Why, why, Writers, didn't you have a better, romantic, full-of-love, live-happily-ever-after ending for the two main characters? You gave all the other characters complete happy endings.......in fact, there was too much focus on the auxiliary cast vs the main characters............Again, so, so sad! P.S. The astroturf in front of the Monthly Magazine Home building was really sad....shame on the set designers.
Read More",월간집
2,"Myung Soo Hyun, babe, we need to talk about that ending you wrote up cause what the fuc-
There are some people in the comment section who interpret the ending as a happy ending. They're right if you think about it, no one died, the characters all became successful ( all owning real estate they wanted which was the primary theme and focus of the drama) and even the leads met again. But boy oh boy do I have a bone to pick with this ""happy ending"". This is essentially a rant and not a critique. I will not be eloquent with my words, the ending has left me too frustrated for that.

I feel the need to let anyone reading this know how I watched this show. There were two episodes each week and for eight weeks I tuned in first thing in the morning to watch them before doing anything else. This show was a part of my life and routine for  months. And I loved it. The show was your standard Kdrama with lots of warmth, love, romance, laughter and in this case lots of pretty houses and many heartfelt insights of home owners living in those varied, beautiful homes. I think I speak for all of us when I say the the numerous cliches used were a bit much sometimes. But a lot of experienced watchers like me who have been watching since before kdramas became more ' refined' and 'palatable' for western/netflix watchers, are very much used to the cheesiness and predictablity of the plot details. I could certainly do without the numerous breakups, misunderstandings, sacrificing love for you friend/ family and all the little chiches in between but I don't hate them. And I certainly won't fault a romcom for being cliched.

SO WHY IN THE FUCK DID THEY NOT TAKE THE CLICHED ROUTE IN THE END????? I can only guess that they wanted the FL to be 'successful' and 'independent' on her own and prove that she did not rely on the ML in anyway for achieveing her dreams. And I suppose they wanted to explain them not ending up together due to their father ( being compulsed I must remind) to run away from paying back the ML  years before the leads met. Which the ML understood and acknowledged might I add. Sure, he'll be "" reminded of the incident everytime he looks at the FL"" but that's how it's supposed to be???? It doesn't mean he'll hate her and treat her badly for her father's mistakes. You can't cut an entire person ( your significant other in this case) just because you don't want to think about it. The show put all this emphasis on "" money can't buy happiness"" and "" House+Love= Home"" but at the end completely ignored it at the end. It showed the leads being sad looking loners who live in their big empty houses by themselves with their piles of money and presented it as a 'makeshift happy ending'. It was giving me "" See? They can be happy by themselves too!"". It's honestly a bit distasteful. These characters were always showed to be hardworking social climbers who always wanted a better llfe for them and their loved ones. And they were shown to be putting a lot of importance on relationships and love for their emotinal fullfilment and happiness. Particularly the ML was shown looking kind of depressed even after three years.

The ending didn't match with the overall theme/vibe of the show at all and was utter bullshit.

If you're going to watch it, go ahead and do until episode . I'm sure if you like this genre you'll enjoy it. It was done well and at times REALLY well until the ending. Personally I would like my  hours back and a compensations for the emotions I wasted. Thanks.

Read More",월간집
3,"SOOOO CUTE
/ eps watched :I love shows that are light and fluffy with a bit of reality to balance it out. Jung So Min seems to be really good at picking shows like that. I really enjoy the casting of MMH because the leads are great together. The cast overall seems to have amazing chemistry. I have been looking for light rom coms all year and finally a new show releases! There is a really nice balance of comedy,friendship, love,and reality. This is a show with less serious conflicts and its a nice watch.

The show will make you laugh, relate to the characters, and laughing some more. I totally reccomend if you are looking for a light rom com.

UPDATE: / eps watched :The show got better with each episode and turned out to be more meaningful than it first let on. If you are afraid of the comedy spark dying out mid show, that does not happen in this show. It is hilarious all the way through, even when our main leads are going through hardships. It continued being lighthearted I really enjoyed this show.

LAST UPDATE / eps watched. I am not a fan of the ending, but then I looked at the show in a different perspective. This show is not groundbreaking, new in anyway. I don't think it would be right to call this a romantic comedy, Comedy is at the forefront of this show more than anything else. This show is centered around friendships, work life balance, life lessons, and romance is sprinkled in there.

Personally did not like where the end of this show went but I enjoyed the watch nonetheless. It was funny, cute, and I often found myself loving the episodes so much I was surprised at how an hour could pass so quickly. The romance was not the main component of this show which was a bit disappointing . Honestly, after watching the whole show the two leads had horrible romantic chemistry. The comedic friendships and amazing dynamic of office workers made up for it for me. This show was an easy to watch about friends, life struggles, and it was not relatable for me but I'm sure someone out there can relate to it. At the end of changing my perspective this show has an overall / rating from me.
Read More",월간집
4,"Not the cliche I thought it would be.
This story. I mean, reading the plot story sounds interesting yet it's so cliche? Now there's nothing wrong with cliches, but this one just didn't do it for me.

STORY/MAIN LEADS
The story is about a Rich CEO as the male lead and a ""poor"" female lead wanting to buy a house for herself. As I think that's her goal in life at the moment. They first meet when Ja Sung is kicking out her house, terrible meeting right? Well wait till you find out they actually work together! As a Boss/Worker relationship.
Now obviously, this is a cliche so the ML and FL are bound to date at some point. What opinions do I have on their relationship? It's cute! But when I think about it, both characters really have no personality?

JA SUNG (Male Lead)
Now. Geez. Is he the worst ML with no personality or what?! In the beginning of the show he's just rude as hell. Which isn't anything to like off a character. Sure you could say when they start dating he has personality but I agree to disagree. He's cute as it's his first time dating but other than that. No personality for me.

YOUNG-WON (Female Lead)
Two words. To Nice. Just to nice! I sometimes dislike leads that are way to nice and have barely anything to them! Sure you could say she has moments where she isn't being pushed over but dang do I just not like her. There's nothing wrong with being nice but just nothing special!!

SUPPORT CHARACTERS
Oh my gosh I got so much beef with these support characters, they're so annoying! Sometimes they're nice and other times they're just assholes! The one with the mask is SOOO IRREVERENT. Just SO un needed even though she tries to get in some scenes the last couple of episodes. The girl that's a fan of Young Won ain't thatt bad but so un needed! The ONLY support character I can say ""i'll let you slide"" is Ui-joo! (Young won's friend) Only likable side character for me! Maybe a bit of Editor Nam? But that idiot LITERALLY talks about his girlfriend (cutie pie) for HALF the show! Literally.

SECONDARY COUPLE (Young Won's friend and Editor Nam)
I actually like them to be honest! I think it was kind of obvious though from the beginning? But still! There's some flaws with em but they're still good!

YOUNG WON AD JA SUNG EPISODE  (Spoiler Obviously like what??)
This ESPECIALLY needed an category. Episode  Ja-sung breaks up with Young Won because Gyeom get's into a car crash over drinking way to much. Now, what was the point of breaking up? Because of that?! It's not that deep though?? Yes he got into an accident but his love for her will end, it won't go on for years, maybe months but not years. Then this idiot Ja-sung is basically in a slump Episode  and thinks he can get Young Won back that quickly after getting her go for a dumb reason?? Their breakup was mad stupid, at least make the breakup make sense please.

MUSIC
This. This! Is the only reason why I'm at least giving it a . Or less it would've been a . The music is really good! I loved most of the sound tracks. This is only thing I'll be missing besides Jung So Min

REWATCH VALUE
Most characters annoyed the hell out of me most scenes so I probably ain't rewatching.

ACTORS
Not bad! Watched some behind the scenes on YT. I personally started liking Jung So Min after this and now started watch more of her projects. Kim Ji Suk did good for never seeing him as a main before! Gum Joo did good! I liked him in extra-ordinary you so him being here surprised me.

SUMMARY
Honestly. This is just a kind of normal cliche with two couples both developing their relationship step by step. I won't judge people giving it a  or  but I think it's over-hyped for me, and NO I don't hate cliches! I actually gave SIMTAF an , don't think I'm being biased :)
Read More",월간집
5,"Meh.
First, I will start by saying this drama is not good. It's pretty terrible honestly, but it was somehow still amusing enough for me to want to keep watching. This is a romance with an unconvincing love story. It's a good concept with a weak plot. What kept me watching? The characters and the promise of a funny love story kept me wanting to watch each new episode, and I really hoped that the romance would eventually get better. It doesn't. It's like they threw a bunch of my favorite ingredients into a pot but the final dish was at best... just edible.

The first issue I had is with the leads. I love Kim Ji Suk & Jung So Min individually. Both are in kdramas that I consider my all-time favorites, and both are a part of couples that are among my favorite kdrama couples of all time. The problem I have is that they just didn't seem to pair well with each other. Kim Ji Suk is comedic and ridiculous, which is what I loved about him in ""Oh Hae Young Again"", and Jung So Min is great when it comes to emotion, which is why I loved her in ""The Smile has Left Your Eyes"". The problem here is that ""Monthly Magazine Home"" is a pretty silly comedy, not a serious drama, and it really seemed like they were acting in  different kinds of dramas at times. I think Kim Ji Suk was well cast as Yoo Ja Sung because of his over-the-top personality, but I could not take him seriously in any of the more dramatic, romantic, or emotional moments. Jung So Min is great and relatable as determined Editor Na and does have some funny moments, but she just doesn’t match the complete silliness of the rest of the cast and spends too much of this drama looking upset, apologetic, and out of place. They did have some good banter in the early episodes, and I liked their initial awkward scenes together, and Ja Sung's random motivational moments, so I thought they would have better chemistry but their dynamic becomes more cringy than cute over time. Ja Sung's weird “in love” smile and Editor Na looking like a confused hostage in their most romantic moments was a huge disappointment. I liked their characters individually but not together. I wasn't even convinced they really liked each other.

The rest of the cast was amusing, but definitely playing more for laughs than depth. The feel was a little (ok a lot-tle lol) like “The Office”, finding humor in the dynamics between these quirky work characters, lead by an egotistical boss who never quite gets it. These are the pettiest coworkers on earth, and how they support and then quickly turn on each other is the main joke. That gets pretty repetitive, and sometimes annoying, but I did grow to like them enough that I still found it mostly funny. What didn't work as well for me were the more serious moments between these characters, which included some pretty bad acting moments, especially Chae Jung An. I adore ""Coffee Prince"" but her acting here is really not on everyone else's level. Meanwhile, Kim Won Hae is always funny in any drama he's in, including this one, and Ahn Chang Hwan was a comedy standout as well. Sometimes his antics went overboard, but he was consistently good in his role.

I also feel the need to shout out Jung Gun Joo as Shin Gyeom, the obligatory nd lead. He's everything you could want in a nd lead... cute, understanding, rich, dimples... but boring. It's not his fault, his acting is fine, but it's like they gave up on his character midway and just had him react to the two leads instead of having a strong character of his own. He's a metaphor for the rest of this drama, It's like they gave up on everything midway.

Would I watch this again? No. It was fine for one viewing, but the story just kept getting worse. By the last episode, I kept pausing out of frustration and the better scenes did not involve the leads. There weren’t enough good moments in this drama to make me want to sit through this ever again, although I did appreciate the episode that paid homage to “Parasite”. Plus the ending was a complete letdown and included one of THE MOST frustrating final episode tropes. They definitely tried to rush to tie loose ends, but the story still felt unfinished. I didn’t care enough to want it to continue. In fact, it took me longer to finish this drama because I forgot I was watching it.

The soundtrack is kinda cute. Also forgettable, but cute.

, this is not a horrible drama but it’s definitely a skippable one. I liked hearing the realistic savings and real estate tips, and getting a tour of some amazing Korean homes, and I appreciated Na Young Won’s determination to own a home of her own, but as a romance this just isn’t up to par. I don’t even mind the date your boss cliché, but at least do the cliché justice. As an office comedy it’s decent, but not LOL funny. The theme about what makes a home and the frustrations that come with securing a home was a good concept, but these stories didn’t get me to invest emotionally into it. This was definitely a dish that looked good on the menu but was unimpressive once I took a bite. I wouldn’t order it again or recommend anyone else eat it, unless you’re just hungry for anything, then his may assuage your hunger in the meantime. I guess I should have use a ""home"" analogy... umm... This drama is a home in a nice neighborhood that seems perfect for you initially but once you move in you realize how in desperate need of repairs it is, but you will make the best out of it for now until you can find a better place to live and can finally move on.
I’m ready to move to a better drama home.
Read More",월간집
6,"a cliche story but alright until the finale
I started monthly magazine home on a whim and i'll tell you i had no big regrets at first but didn't enjoy how the story progressed and definitely hated the last two episodes
As a big fan of Jung so min she was my reason for clicking on that first episode, MMH focuses on
the lives of people who work in a real estate magazine and it shows how they go about in a workplace,
I learned a bit about real-state and some life tips for saving money xd The side characters did come off annoying at first but i still managed to like all of them, ok now the bad part...
I was enjoying this drama somewhat id say even though there were some obvious clichés I could get past that but the final two episodes ruined the whole flow of things, from unnecessary breakup to the very unwanted separation plot in the final episode i literally skipped through the last episode, I was going to give the rest of the drama an  but then I barely watched the last episode and hated the ending so I don't think that's fair so  it is.
Read More",월간집
7,"Highly Recommended Drama
This drama #Monthly magazine home is not just for entertaining. This is not like the usual romantic comedy that deals with love and hate relationship coupled with comical scenes. This drama tells the reality of life. It's funny but true for one whose source of living is the meager income earn from just a mere employee. I have read a review about this drama which was so negative. The reviewer doesn't even consider the effect of this drama to the viewers. I think the reviewer is very fond of the romcom which is unrealistic, fictions and just for fun with her artistic imagination. She failed to consider the lessons that this drama will convey to the viewers. For us viewers, it's very important that we have some inspirations in order to attain our goal. This drama gives us inspiration that we can reverse poverty through proper money saving measures and the various saving tips.
I find this drama worth watching for, as it offers life's lessons especially to starters or to the young generation for us to know that there is really a need to start money saving at an early stage to avoid misfortunes in life.
The casts here did their role so well. Jung So-Min's acting is superb. You will really enjoy watching this drama as you will laugh and cry but with lessons to learn.
Read More",월간집
8,"The Best Drama in 
When the pressure is on, whatever its inside of you will come out.
MonthlyMagazineHome is a nice
drama. I laughed, I cried because its a real life's struggles and I learned valuable life's lessons like money saving tips, information about real estate, etc. I highly recommend this drama to the young generation for them to realize the importance of savings at an early stage of life and even to the oldies in preparation of their retirement period. JungSoMin's versatility here is amazing as she is portraying different kinds of emotions. Best acting should not be based on crying scenes only but also on other mixed emotions that are being expressed in the plot. This drama is so nice to be dubbed in our language for the viewers to know and realize life's lessons and not just to be entertained. I wish that our giant local tv network esp gma will get this drama since they have already been showing us korean dramas for quite a long time now.
Read More",월간집
9,"Supposed to be a feel good slice drama but I didn't feel that good.
Well, I wanted to write a review about this drama in particular because I had this strong urge to express my feelings somehow after the last episode.
Let me just begin with my view about the concept and overall genre of this drama.
This drama would actually belong to a slice of life type but has strongly tried to input a comical feeling to it, which I would like to really point out as I personally think they have failed in both. Well, the whole idea had a huge potential even when the drama doesn't actually make one expect high ratings and viewing but still, there was some kind of expectations I had as a viewer when I started this drama. Obviously, the drama has shown what a mediocre house buying scene is like and how ordinary people struggle in buying or renting their own houses. They showed us houses and peoples struggles related to owning a home but it went in such a random manner and didn't really show how would one succeed in the end. Of course, I wouldn't say they definitely had to show success but to me, that was the whole point about this show. Also, the ending doesn't actually give us answers to the questions the drama itself raised, I think it was a bit disappointing.
If I move on to talk about the plot, as I have said that this is supposedly a feel-good drama so when I began watching this I didn't expect it to have a grand story or anything. So as episodes went on I was able to enjoy the essence and the lessons that this show was trying to give out. The way the cold male protagonist thought about the house as something related to business and on the other hand, the female protagonist saw the house as something of emotional value and how they influence each other, all really appealed to me. though I would say many cliches happen throughout the drama both with the protagonists and side characters, I really didn't feel disheartened about it. But what really made me frustrated was the ending. Though at many points I was about to drop the drama, I hung on in the hopes of getting closure. But in the finale, they really refused to give me the solutions to the problems they themselves showed. It was like that one math question you got the wrong answer for even after writing  whole pages of steps. I don't know to call this an open ending because the ambiguity is just not about the ending but about the whole essence of the plot.
As I move on to talk about the cast, I would say the performance was okay, just okay. The lineup is really good actors, no offence, I love them all from different dramas. I loved Kim Ji Suk from When the Camellia Blooms and My Unfamiliar Family while Jung So Min has been one of my favourites since Playful Kiss. And even the side cast Ahn Chang Hwan who had played the really funny role of a foreigner from the fiery Priest, and obviously one shouldn't call themselves an avid Kdrama fan without knowing Kim Won Hae. But the thing that didn't sit well with me is how their characters had this comical feeling one moment and serious feeling the next. Of course, most dramas do put this switch and actors handle it well too but for this one, I felt the timing of the switch was off. There were though it was of many unexpected comedy moments which was totally unnecessary and over the top. But one thing I want to mention the most is Jung Gun Joo. I really loved his character though it was of a cliched second lead.
As of production, I loved it. the thing that I looked forward to in every episode was the exquisite houses they showed. The places and facts about them were given as bonus cookies but even that was a bit sloppy towards the end.
I started this show at a point where I had stopped watching any kind of Korean shows for some time. And also I watched it along with some other dramas. The thing was that it didn't stand out but at the same time, it wasn't bad enough for me to give up on it. The show was the feel-good type to one point, maybe like till the second last episode. But the unnecessary open ending and a really messed wrapping up of the plot didn't do it for me. So I would seriously not consider rewatching this one. But if you ask me whether I would recommend this? Yes and do it only when you have time to kill.
Read More",월간집
10,"Building a house brick by brick in Trope City
Monthly Magazine Home starts on solid foundation, veteran cast from top to bottom, then it devolves into meaningless drama tropes. Either for laughs or for plot progression, tropes from love triangles to noble idiocy rear their ugly head. The fatal flaw with tropes is that it sacrifices uniqueness, and this is doubly applicable for MMH’s focus on strong individual characters. Overusing tropes hinders MMH’s ability to demonstrate meaningful growth in its characters.

:
Monthly Magazine Home is another character driven romcom that explores characters and their reactions instead of plots and devices of yesteryears. It is unfortunate that the character designs are painfully paper thin in MMH. Yoo Ja Sung is a rags-to-riches self-made man with a singular focus on financial success. The third leg of the love triangle is a well-mannered son from generational wealth. The entire cast of characters can be explained in simple one-liners, and their motivations, what makes them tick, are not expanded through the drama.

For example, YJS has the emotional intelligence of a small child. Next scene, he is the most thoughtful man of every woman's dream. Character behaviors are erratic and often played for laughs. Or even worse, queue noble idiocy. Monthly Magazine Home squanders the potential to empathetically examine modern millennial struggles for stereotypical romance-comedy.

Acting:
The cast immediately draws eyes to Monthly Magazine Home. The two main leads each have over a decade of experience. Kim Ji Suk’s performance in When the Camellia Blooms is exceptional, and he does not miss a beat in the more comical character in MMH. Jung So Min has been a romcom staple since Playfull Kiss in . Highlights from the supporting cast are Kim Won Hae, who never fails to draw a laugh, and Coffee Prince star, Cha Jung An. With well over a hundred years of experience between the core cast, the actors make this broken drama.

:
The OST for Monthly Magazine Home pairs several kpop artists with staple OST composers. The music maintains the light-hearted atmosphere of MMH with familiar sounds. Jo Yu-ri’s song may be of interest to IZ*ONE fans after the recent disbandment of the reality competition group.

:
Monthly Magazine Home may be an example of the weakness of pre-produced Korean dramas, which have become popular, especially with the rise of streaming services. The direction is set from the beginning without regular audience feedback. Perhaps it is pride. Expecting a veteran cast and crew to create success. Regardless, I will remember MMH as a what-could-have-been drama of .
Read More",월간집
11," dropped really bad
It was an amazing drama story and plot were good, however at the end the story dropped and it followed a weird lineup like break up time skip met again she's rich and just smile and talk, not getting back together or marriage it was a really but really bad ending. like c'mon they've could've done much better a better ending, not some weak ass ending like this I do recommend but you'll be disasaponted with the ending
Read More",월간집
12,"I love this drama
I love this drama so much. It's so funny but with real life's struggles . I laughed, I cried and I learned valuable life's lessons. But in real life, we should never lost hope as these following verses give us hope. Please allow me to quote the following:
""Don't let your shortcomings discourage you and determine the course of your life. Jesus said, ""My grace is sufficient for you, for My strength is made perfect in weakness"" (Cor :). When you depend on the Lord's unmerited favor, His undeserved grace will turn you into a champion for His glory!""

I just quoted these verses because I felt this drama is so sad especially when the FL said that
""I work like a dog to survive
But I dont know why Im still in this rut
Look at all those houses
But why there is no home for me.""

I hope other reviewers of this drama can also feel what others felt. Even an ordinary person like me was so touched by those statements because it's real to many.

JungSomin's versatility is superb as there is a complexity of emotions here. The best acting is not just in crying but also in other emotions a person felt like when you are angry, surprised, frightened, happy, sad, etc. JungSoMin is truly the rom-com queen...

Read More",월간집
13,"LOVE EVERYTHING, BUT NOT THE ENDING. PLOT TWIST LOL
okay first of all, i've been waiting this drama from their first script talk out in internet, theN i watched it on Iqiyi. Every week i laughed a lot in this drama. the support role, the main role, the story, the ""office life"", even the original soundtrack im in loved. I HAVE A BIG EXPECTATION. I thought there would be a wedding scene OR a family scene in jasung new family.

Guess what? I EVEN GIVE RATE / to this drama in eps . BUT YOU KNOW WHAT? NA YOUNG WON dont forgive herself and THEY BROKE UP JUST LIKE THAT. Just because his father & money shit. WTF ?????????IN THE LAST EPISODE??? ARE YOU BEING SERIOUS? THEN THEY MET  YEARS LATER? WTF? HAH? THE LAST  MINUTE THEY EVEN DIDN'T HOLD HAND EACH OTHER. JUST TALKIN ABOUT GETTIN OLD IN THE NEXT  YEARS BUT IT STILL NOT CLEAR.

Sang soon & Eui Joo is the most cutest. They happy ending damn i support them. Not like jasung and young won relation ship. I AM BEGGING TO JTBC DRAMA TO MAKE SEASON  FOR THIS. I really want to see reaction of mr. choi gu to jasung relation ship.

SO MANY THINGS THAT CANT BE CLEAR OUT IN THE LAST EPISODE
IM CRYIN IN THE LAST EPISODE FOR  HOURS BEFORE SLEEP. I CAN'T ACCEPT THE ENDING. hopefully there is season 


By the way i really dont like na young won outfit. smh its kinda weird??
EPS  -  = /
EPS  = /

Thankyou. this is just my opinion. dont hate me. there is so much drama that will make you happy ( i list all of it in my watch list)
talk to me about drama anytime !!

-vanessa
Read More",월간집
14,"This was a beautiful drama
However, terrible terrible ending
I enjoyed watching this drama until episode 
I was hoping for a sweet ending this ending was very disappointing please? You need a season three to satisfy the viewers. The drama was very funny and very sweet I like how the second couple came together I would watch this drama again and stop at episode . The leading characters had great chemistry. Houses we're beautiful
What a waste for ending. What is with the three years later I don't think the ending needed all that
Was this review helpful to you? Yes No",월간집
15,"wasted potential for a great something
The difference between a house and a home. A hit and a miss with a dash of humor and aesthetic houses. I would love to recomment it if interior designing and architecture of houses fascinates you.

Genre - Rom-com

 - Pretty houses, struggle and problems with buying houses and why to buy a house. The story does justice to the theme and maintains steady interest in the building up of the premise. But if you are a regular drama watcher then you already are aware of the cliches of a normal drama and this is full of it. From unnecessary and annoying love triangle to meaningless breakups, they try too hard to stretch the story when they should have kept things simple. The characters are sweet and lovable and make you relate to the story to a certain extent but that's all. The chemistry between the main leads was painfull to watch especially because of the male lead. The parallel storylines are not that commendable making it extrememly mediocre.

Acting - Jung So Min is a good actress but there are limits where she becomes a wallflower. KIm JI Suk is a good actor with a great potential but wasted because the character was not convincing enough. The chemistry made it impossible to fall in love with the characters.

Will i watch it again, NO.
Will i recommend it to people, NO.
Read More",월간집
16,"I have not reviewed anything for a while but I thought I’d just add my tooth in about this one. It was honestly just OK. And while it wasn’t a horrible series I feel like it wasn’t good either. I could understand some of the emotions in the series but I just feel like this was a real dud. The ending was ridiculous. It had that cliché let’s break up and run into each other again and some years, then the end. After all of that it really seem like the female lead didn’t grow much. The supporting cast had better chemistry, better ending and a more intriguing background and story. It truly feel flat.
Read More",월간집
17,"Light treats as an appetizer
This drama storyline is a bit similar to ""This Is My First Life"" with Jung So Min, which she was also the lead. I am just a big fan of her.
The chemistry among the cast is great and its showed by they interact with among each characters in a light and funny interaction. The buildup of the storyline is solid, but the ending was very disappointing. It seems they tried to finished the series in a hurry and crammed it into the last episode. No detail breakthrough of how the story progress/end, unlike in the beginning. It just end of story, you don't need to know why or how.
Very unsatisfying watch. ""This Is My First Life"" is a way better watch, like a full course dinner.
Read More",월간집
18,"Do yourself a favor and pretend like it stops at ep 
So many spoilers sorry.

WHY?! Just whhhhhhy??? They'd fixed everything they really needed to by  (they could have just shifted up the side plot to resolve then as well.) but no.. they felt like they needed to add a th episode where the main couple break up for the most ridiculously contrived reason ever. Obviously they don't get back together because the man would have to be a complete idiot to take her back after she dumps him because, and I paraphrase ""looking at you would make me sad that my father was a jerk."" Seriously??? wtf. On top of that she ghosts her best friend's wedding because she's too busy being petulant?!? Girl doesn't deserve Ja Sung. Her anger when he left her earlier on was completely justified but they managed to resolve things. However this ending is ridiculous and completely out of left field. Why they thought they should ruin such a cute drama with this rubbish ending is beyond me.
Read More",월간집
19,"House + Love = Home
Tbh
Not a big fan of Kdramas,as my frnds suggested to watch dis drama,but after completing drama fell in love wth the lead actors #Jungsomin and #kimjiseok

Not even a single boring episode in dis.. the ending was little sad
OST was simply awesome and the dialogues narrated by somin at end of every episode was too brilliantl..kudos to writer

Atlast,this is a wholesome entertainer ❤waiting for season 
Was this review helpful to you? Yes No",월간집
20,"Initially a perfect / or even more
From Ep. , I wanted to rate this show a /. Everything was good, perfect. It was the nicest romcom we ever gotten for a very long time, story is cliche, yes, but it was still good nonetheless. The cast is also perfect, they had perfect chemistry with each other and the OST were also damn good, especially with Yuri's  of Us. This show was a perfect / only from Ep  to . Ep  lost my  rating, ep  was not it. A sudden unnecessary conflict just barged in from out of nowhere and ruined the episode, (spoiler) the main couple did not end up together because of that conflict, they missed each other and met again but they probably stayed as friends(?). NOPE. It was as if you enjoyed  episodes with them being lovey dovey, but just breaks up because of that small issue. I don't know what the writer was thinking for the last episode. I understand that the story does not revolve around their relationship, but also friendships, work life balance, a 'home', which was most important to the story's values. But we definitely could not ignore the romantic relationship between the main couple, it was ruined. There was never once a boring moment in the show, it was sooo nice, the comedy, the romance, everything was nice. Also kept telling my friend to watch this but the last episode, smh. This is the first time a show actually made me disappointed with their ending, especially for a romcom, the happy ending we all anticipated for didn't happen. But in all case, this show doesn't deserve such a low rating either, if you watch it from the first episode to the th episode, then it's perfect. Writer-nim, why did you ruin the last episode... it's really a waste.. damn it.

Ep -: /
Ep : /
Read More",월간집
21,"Unorthodoxy rom-com
While watching the first episode the bgm made me shocked as it was played very well – it made me anticipate the drama to be great. However, as I continuously watched it I got mixed feelings such as hating both main characters' personality. I also lost my interest in watching this as I felt the vibes of the drama titled ""What's Wrong With Secretary Kim"". I doubted whether I should continue watching it. But then thankfully I continued watching it and it proved to me that I was wrong. It had its own flavor plot-wise, given the fact that it was kinda knowledgeable about houses.

 you should check this out if you want to watch a rom-com drama that is not cliche. It gave me lots of fun.
Read More",월간집
22,"House + Love = Home
""-The fateful last episodes ruined, for many people, what could have been a great drama.""
Here´s my take on this:
I didn´t love the end. Then, did I hate it? Not really.

This drama presents us with a great variety of ships throughout the episodes, some better than others; some I loved more than others; some were unnecessary *coughs in love triangle*.
There are a lot of cliches, but I don't mind them since most contrast with the comical ambiance that the screenwriter so well created. The romance between the CEO and an employee is the biggest cliche of them all. I could argue that there are particularities that differentiate this couple from others of the same genre, but I just can´t be bothered. It`s a cliche, so what? Accept it and move on.
Ships and boats apart, I can finally get to my favorite part: House + Love = Home. That is what we all look for, a sense of belonging. Finding a home is finding love, comfort, joy, peace. It´s not as easy as it sounds, and this drama shows just how hard it can be to find/build one.
The real estate tips were a fantastic addition. Not very often do I come across a drama that provides pertinent information explained in such an easy way.
All the houses that were showed got me mesmerized. At a certain point, it felt like I was watching ""Property Brothers"" in a good way, of course.
Lastly, I have to commend the acting, which was exceptional and, by far, the best attribute of this drama.

To everyone who is considering watching this show, please go for it. I`m certain you´ll be able to find the same or a similar type of comfort I felt while watching it.
Read More",월간집
23,"CRINGE
On one hand, it's a typical rom-com. There is a girl. There is a guy. The girl is poor. The guy is rich and successful. Actually, there are two guys (a classic love triangle. Too bad you can tell right away which one is going to get the girl, and which one will be forever friend-zoned. SPOILER: the ML is the one with more money.)

On the other hand, this drama would be perfect if not for one little tiny detail. And this detail is: it's .
Thank god we are past MeToo, past sexism, past Kinder, Küche, Kirche thing. We are also past dramas where helpless damsels-in-distress need a guy's help /. I mean how many times can a girl get in trouble during one episode? In this rom-com, she needs help at the same rate any pulsar emits radiation - at regular intervals every millisecond. If it's not her drinking into oblivion, it's some guy, attacking her with a knife or her being kicked out of her apartment or her witnessing an expensive armchair being set on fire. And every single time the rich and (somewhat) handsome ML comes (on a white horse in shining armor) in a black limousine in a shiny suit and fixes everything. And the directors want to evoke some kind of pity on a poor girl?

They won't get any pity from me. No, I am done pitying poor but pretty Miss Create-My-Own-Problems-So-Some-Guy-Can-Come-And-Save-Me. I want her to stop getting herself in trouble and for once start solving HER OWN problems. And solving them in a logical and rational way so I don't have to think that all girls are dumb.

Dear Korean drama scriptwriters and directors,

Please stop. Just stop with all those girls who need help all the time trope. Girls are not that dumb and they are definitely not that needy. If you want to paint a guy in a good light, no need to do it at her expense. In other words, you don't have to unscrew all the lightbulbs around just to show the guy in all his glory. We are smarter than this. Maybe we don't look it while watching your drama, but we really are.

Update:

They made the girl less awkward and the script funnier. That's a step in the right direction. Who knows, it might win more points from me later on?
.
Read More",월간집
24,"Waste of tears
Worst ending ever! A complete waste of my tears and  hours of my life. I absolutely adore watching Kim Won Hae! He is a brilliant actor. Chae Jung An was so fierce! Loved her character. And I would be totally rude if I didn’t mention the cameo of one of the greatest actresses of all time, Lee Jung Eun. But the outcome of the show was dreadful. Real life is full of disappointments, I don’t want to watch it or read it. I use tv, movies, and books as escapism. If you have a fragile heart, you should avoid this drama. If you are hoping to walk away with a a mile, you should avoid this drama. If you long for the fairytale ending, avoid this drama. If you are feeling dark and hate love, enjoy.
Read More",월간집
25,"Cute romcom, but skip Ep 
I will admit that I watch Kdramas for the cliches and fluffy, happy moments and general feel-good quality and this show has a lot of these. A chaebol ML, a strong-minded (?) FL, good visuals, decent OST and a solid supporting cast. The first few episodes were genuinely funny and entertaining as well.

A lot of the recent shows seem to have writing problems towards the ending (cough-Startup-cough) and this one suffered the same fate. The last episode made no sense to me at all! I have no idea why the writer went down the route they did, but it had no story or visual correlation to the first  episodes.

, I watch dramas for the enjoyment and light moments, and I must say this delivered to a large extent. Not the best romcom out there, but fun nevertheless.
Read More",월간집
26,"A strong concept that's let down by the script
This drama had alot of potential, it sets itself up to be heart-warming and uplifting. The concept is solid and the actors do a good job but I feel like the script leaves alot to be desired. There are way too many clichés crammed into one narrative and that makes it feel like theres always something that's left incomplete. Even up until the last episode they introduce new plot points that in my opinion end up detracting from the story and possible relationships that they've attempted to build earlier in the drama. I would still say it's worth a watch if you're a fan on the actors or are looking for something light hearted, just don't expect to truly go on an emotional journey as these moments are never really given room to breath.
Read More",월간집
27,"A Comfort Drama
Anyone else may find this drama cliche, but for me, this is a well-written drama. This drama actually encourages people to stand firm on their goals in life. And I know everyone dreams to have their own home too, may it be a physical house or somebody, where they can be who they are, in ups and downs. In romance side, Jung So Min and Kim Ji Seok's chemistry is so good. I find Kim Ji Seok cute here. Their acting is great, and I like how the drama also focus on supporting characters and not only on main leads alone. This drama gives comfort to me. I hope all of us could find our own ""home"" too.
Read More",월간집
28,"Light and fluffy romance
Monthly Magazine House ()

Watch this if you like the classic romcoms kind of Kdramas.

Likes
. Kim ji Suk ?? So hilarious and handsome. His character is an a$$hat at the start but somehow I couldn't get angry at him because he is played by Jisuk. I just know that when he falls for Youngwon it will be hard.
. Somin's character is a more upbeat version of BIMFL character. Why does she keep playing a poor writer with no home? But she is wonderful and charming.
. I love all the houses that got featured in every episode and all the tidbits about home and money saving. My fave was the beach house.
. Great supporting cast.. they were so funny esp the second couple. Of course my fave Kim Won Hae was both annoying and funny here.
. The OST is so nice. Yup i just bought my own copy!
. The second lead was cute but boring. He was no match to Jasung's charisma and energy. Hope Gunjoo gets the girl next time.

Dislikes
The ending could have been wayyy better but it didn't detract me from loving the show. I'll just make up my own happy ever after.

Rating: /
Read More",월간집
29,"I enjoyed the initial episodes even though it was a typical boss-employee cliché lovestory. The symbolism of home ownership was beautifully conveyed. The side characters have very enjoyable personalities. There was no need for complicating things towards the end. It's understandable that she felt guilty but her disappearance was so sudden. There was no clarity and it was nerve wracking to see a time leap .The break up which happened after the second lead's accident was also needlessly dragged. If they had eliminated those unnecessary breakups I think this drama would have done so much better.I loved Eui Joo and Sang Soon's story(support leads). Sang Soon is such a mood lifter.

In the beginning the female lead's efforts and process of building a house was the main focus of the drama apart from her love interest. It was all messed up when they consumed all the screen time showing misunderstandings, fights and twists.
When she finally build a house they never showed how it actually happened.

They did a pretty good job selecting the cast. The houses shown were very beautiful.There were a lot of scenes which made me laugh.There are no cunning or scheming characters who will try to ruin the mood of the drama.Ja sung(main lead) had a complete character development too(which was soo obvious).

For me this drama was nothing out of the box.If you are looking for something light and regular I would recommend this drama but the ending can be very subjective.
Read More",월간집
30,"Meh
Watch this only if you're bored out of your mind, cause there really isn't all that much happening. And, while sometimes that may be a good thing (see: Because This Is My First Life or A Piece Of Your Mind), it's certainly not in this case. I usually binge watch my dramas in - days, but actually forgot I was watching this one several times.

They hate each other, they like each other, they break up with each other, they get back with each other. Really, you won't be missing out on much if you skip this.

Oh, and the last episode ruined everything the previous  had built up to. You could probably guess how, since it seems to be a common kdrama trope.
Read More",월간집
31,"a huge potential with a terrible ending
If we ignore the ending its one of my best dramas i've ever watched recently. An amazing humor with just the right slice of romance and a wonderful friendship and bond between the cast. I looked forward for wednesday and thursday. The drama started with an amazing humor but unfortunately it became a bit dull towards the end.
the good things:
-it really showed the struggles of home owners and made us understand so much more about real estate without making it boring
-the beautiful houses
-ja sung's cocky but super sweet personality once he opens up.
-the amazing chemistry between the two ml that made the romance so much better
-the romance is just the right amount of cheesiness that made me swoon and grin from ear to ear
-the amazing backstories of the ml and also all the support roles
the bad:
-there were a lot of things that should've been introduced in earlier episodes than it is so that made the last two episodes so rushed and bad
-unnecessary breakups, like they're in their s and they don't even discuss anything they just break up instantly
-the huge contradiction between the old young won and the one from the last episode, like she told him that she doesn't want anyone to let go of her but she instantly did it

to sum it up, i really loved MMH and if only the ending could've been better i would've definitely gave it a /
Read More",월간집
32,"Light, Fun and Cliche
there are cringey moments and many skippable scenes. At first, it is good but for the latter part, it is nice to end it all. The problems are quite unrealistic. The story plot is being on circles. The resolutions are not clear. It's fun at some point but it is not that good. On the other hand, the soundtrack is good.

There's also a realization that I had while watching the series. Every person has their own reasons on making a decision, we can always ask and not conclude things. that's nice and true actually
Was this review helpful to you? Yes No",월간집
33,"Very enjoyable, well-acted, light drama
I did not think I would enjoy watching this drama. In fact, I kept postponing it and binge-watched  episodes. Now I find myself waiting for the next episode. I love both leads, in what I have seen them already, they have always given their best to their roles. Although this drama is nothing out of the ordinary in terms of the storyline, it is still nonetheless very refreshing. If you are looking for a sweet drama that does not want to make you think, cry, or be at the edge of your seat then this will do very well indeed. Personally, it is exactly what I need to watch at the moment. The drama delivers what it promises to, it is what it is and does not pretend to be something else.
Read More",월간집
34,"I wasn't going to write a review for this drama, because I didn't have a lot to say. I dropped it two episodes before the end, because I wasn't enjoying it anymore and it's the kind of generic that if you aren't enjoying it, there's no point in watching it. So I figured I would just leave everyone else to their gleeful enjoyment since the comment section on MDL was overwhelmingly positive and g find something else to watch.

Then I was struck with a sudden craving to finish it, so I pulled it back up on MDL to look through the comments again and maybe get myself a little hyped up, and Wow. It's a good thing I did that, because now my decision to drop it seems like a wise one. I'm also fired up now to write that review I wasn't going to write before, lol.

Upfront, before we get any farther into this review, no, this is not a good drama. It is extremely cliché, and I don't think it necessarily does all of the clichés well. But! It was entertaining for much of it's run, so that kept me around. The thing, the Two things, that ultimately made me stop watching are the male leads behavior and some second lead nonsense that was far more dramatic than it deserved to be.

First things first, I found the male lead to be just way too mean. It starts out fine. He's rude but you can look past it, because there's room for growth in his character. Then it just goes a step too far for me, and I had a hard time not being frustrated with him. And even when our leads get together, the writers still manage to engineer the situation so he Has to continue to be mean or else everyone else in the office will know that they're dating.

Now, It's funny for two characters trying to pretend in front of others that they don't have a relationship to be mildly (or maybe even a little more aggressively than that) rude towards each other as a cover.

It's not funny when one of those characters is really only being their normal self.

So I didn't enjoy that, and if you can't enjoy the main couple, what really Can you enjoy that will make you want to stick around?

This is where the second thing comes in. The second male lead has been nursing a crush on the female lead the entire drama, but he hasn't managed to work up the guts to tell her. This is all pretty sweet and endearing and likable for the most part, even if it is hard at times to feel totally sympathetic for him when he continuously passes up his chances to tell her how he feels. But then he finds out that she's dating the male lead, and instead of the writers treating this like the unrequited Crush that it is where he would have a good sulk for a few days and then move on, instead...

They Hit Him With A Car!

Now, this isn't really your Kdrama truck of doom as we don't see the accident happen, and he has only minor injuries, but good Lord in heaven is this a level of drama that this boy's crush did not deserve. And it ended up being the catalyst for the leads breaking up for no gosh darn good reason too! And this is why I dropped the drama. Because I don't care about this. I was ready for our leads to start just being together for a bit without having to pretend they aren't dating or having one of them talk down to the other. I was ready for some cute romance!

Knowing now how they ended this drama which is a whole thing in and of itself, I don't think I'm going to bother watching the last two episodes. I've got other dramas to watch and not enough time to worry about this one. So goodbye, Monthly Magazine Home! May you find your home elsewhere.
Read More",월간집
35,"finally FL acheived her dreams indepently
❤ animated intro layout integrated with character highlights.. so thoughtful. some practical side to the story worked well and and plot didn't get too heavy or burdensome. loved the series.I'm soooooo happy with the ending. Finally!!!Female lead did accomplish what she had always wanted to do. Honestly I thought ""oh no here we go again the FL is now so happy and comfortable the knight in shinning armor will save the day for her and it did feel like that but they gave it nice twist in last two episode and the conclusion I had hoped for and what the show deserved. After all it's not just romantic story it's story of people dreaming to get their own house. Completely understand their breakup and for  years, cause of course it's not possible to live with so much emotional burden next to person you've loved and left and still be able to achieve your dream. I don't agree with the timeline though cause we do see FL struggling while she was in office. so I thought maybe she would need years for that.

(P.S One thing that I didn't agree with is small part where chief is complaining and drinking with CEO's secretary and sec comments that instead of complaining he tried to learn and hence achieved something. I mean whoa you've got no understanding of the kinds of bosses people get. Even in context to the series I don't think the CEO would have developed any caring side if he had not come across Editor Na won, and second point no body in their right mind divulges trade secret, even to their secretary. It's shown here to glimpse at hardworking side of CEO. In reality to learn from you superiors and to put it in play requires much more hoops to jump. I don't blame Chief editor to be nagger, even though it did annoy me from first episode to last at least he was constant.)
Read More",월간집
36,"I loved it a lot
I have started this drama because I love Kim Ji Seok's work a lot. So I couldn't let this go on without watching. This a story of superation and fight for finding a place in the world. The both protagonists are people looking for their places in the world and this way, also finding love and happiness. I loved the story. And the original soundtrack is also a special gift that i carry with me. Loved all songs and I think they were perfect for the drama and the characters.
Despite some things aren't finished as I expected, this fact didn't take the shine off the story after all.
Read More",월간집
37,"Very Well-Done Character-Driven Plot - But Disappointing ML
I must say, this series surprised me immensely. I started watching this drama because I needed a breath of fresh air between episodes in my other series. However, I soon began watching this drama 'full-time,' and for a good reason too. Where do I begin? The first episode introduces us to a female lead (Young Won) who quickly establishes herself as a well-written character. She's driven, energetic, and sweet - but also has her doubts, which fleshes her out pretty nicely for the viewer. The drama also introduces us to the rest of the cast, who have their quirks and backstories. Then, we meet the ML (Ja Sung), and boy, is he something.

Ja Sung starts with all the boxes in the 'make-a-prick' list checked. He's inconsiderate, rude, manipulative, and a millionaire landlord on top of it too. This drama does take the route of 'FL does all the emotional labor,' so beware. The writers try to make him grow as a person and brush his miserly personality off with a below-average childhood (who could have seen that coming.) Sorry, but in my eyes, Ja Sung's circumstances do not justify him being such a nasty person to those around him.

The supporting characters make this story. They're entertaining and drive several b-plots, which are almost better stories in their own right. Although rational thinking would have prevented some of these situations, everything goes well together, but this is a romantic comedy, so something should happen. Most of them are also absolute dinguses initially, but we see them grow as people through the episodes. This character growth works for the supporting characters, not Ja Sung, because they're way more relatable. You will never convince me to have any sympathy for a man who is that rich. I will not apologize for this.

And then there's the ending, which seems to have split the reviewers. Without spoiling anything, I think it was very mature. We got to see where everyone ended up, for better or for worse. In my honest opinion, everyone got an ending that they deserved.
Read More",월간집
38,"fine, boring~~
this was just average, boring~~~ hm i love the real estate and the part where they show houses, but yea thats it. the romance story was just fine, so cliche hahah, it didnt really made me smile or fluttery or anything that much, nothing special to me cause idk the feelings didnt reach me hahah the office frens were fun but it got meh and boring hahah the plot was just too slow for me for a light drama. but i like the messages or like her inside monologue and the scene w the mom, that was fine. also the ending….hm hahahah lol. overall, its not really that bad, its just an okay one but more on the boring side but i wouldnt recommend this hahah this one is skippable imo huhu
Read More",월간집
39,"Okay But Nothing Special
This is a standard kdrama Rom-Com. There is no real depth of characters... no twists in the storytelling... nothing out of the ordinary. It has the cutesy Rom moments, and the Com isn't so annoying that I fast-forwarded it (which I do if it makes the difference of enjoying the show or abandoning it).

Pros:
*The opposites attract kdrama trope, which I personally think is cute.
*Beautiful buildings, set designs, etc.
*High quality filming, cinematography, lighting, music, etc.
*Decent acting for the main leads. Both are fine and their chemistry is okay.
*The comedic-relief characters are annoying, but not so annoying I want to stab them.

Cons:
*There are some tropes (especially near the very end) that I'm not a fan of at all.
*% predictable in every single way (I knew those tropes were coming--very obvious)

In short, it was watchable af. I cruised right through in no time at all. The cons for me were just ""meh"" rather than deal breakers. They were manageable because . They happened late (didn't have to suffer through - trash episodes) and . I knew they were obvious, so I wasn't as irritated when they popped up.

If you're looking for a rainy-day watch of something mindless and fairly cute, this could work.
Read More",월간집
40,"The comedy in the series is sweet
In the beginning, it was a great series, but I mean, as it neared the end of the series, it became boring
And without meaning they broke up at the end for stupid reasons But the comedy and the beautiful songs remain special in the series The characters are also beautiful. The story was also wonderful and had a great meaning But whoever loves comedy and wants a change in the series, this series deserves comedy with something strange but romantic no He misses this aspect a lot The music is sweet and the story has a beautiful meaning, and in this series he wanted to convey the meaning to you,
Read More",월간집
41,"Horrible ending
Watched this one to the end and liked it until the last episode. The acting was good but ended up like the second couple's ending more than the main couple. The music was great and loved seeing the different houses of Korea but not worth it in the end. There are some funny moments and some heartfelt moments as well but the ending was not worth it. The last  minutes of the last episode left a sour taste and was a big let down. Cute drama until the very last moment. Not worth the time, sadly. One of the family's bottom three.
Was this review helpful to you? Yes No",월간집
42,"Good Enough
Korean Drama ""Monthly Magazine Home"" is a slice of life drama with a fun couple as the main focus.

The drama offers enough cute moments, like the colourful tips on how to save money in order to buy a house. The main couple was, in addition, the biggest provider of these moments as well, especially the male lead, who was frustrating at times, but funny and enjoyable overall. The romance was also pretty sweet, but the progress was messy and close to a slow burn. The love triangle was not well handled either. Still, the side characters were interesting enough to keep things aloof and entertaining when the romance was failing to live up to its potentials.

However, what makes this drama not as good as it should have been, even though it checked all the boxes of an enemies to lovers trop, is that it is forgettable, as it didn't offer anything special, and the ending was bad. The latter was open, confused things for no real reason and it was just ridiculous. Plus, looking back, the drama didn't really leave any impression, nor had anything to say. It was just an office rom com with no sufficient plot.

To boot, the characters weren't well explored, as the story offered a few clues only when it came to their past life. However, the performances were great.

So, overall,  out of .
Read More",월간집
43,"Lesser than the sum of its parts
This may not be al all-star team, but ""Monthly Magazine Home"" has a high caliber of talent at the top of the credits. Kim Ji Suk may not have a history as a lead but he's been a standout as a supporting cast member. Kim Won Hae has an incredible resume'. Jung So Min is unquestionably a quality lead actor. Chae Jung An has stolen more than her share of scenes in previous work. And for a good chunk of of this series, they play a terrific melody together. But it doesn't last and, while it remains an entertaining show, ""Monthly Magazine Home"" falls short of making the memorable performance that this cast is capable of making.

Kim Ji Suk's Yoo Ja Sung is the character with the most significant growth, but while the character matures and grows, his charm vanishes. Ahn Chang Hwan has a series of episodes where he is scintillating but his tendency to overdo comedic scenes is unfortunate. Kim Won Hae, similarly, bright moments mixed with less than his finest work. Jung So Min is terrific where her character has material for her to use. But Na Young Won just winds up being rather bland.

There's plenty of criticism for the storyline in later episodes and there's merit to it, but things started to go awry much sooner. It really begins with some clunky direction at the halfway mark. Kim Ji Suk, in particular, has some extremely awkward blocking in what should be touching moments with Jung So Min. All the supporting characters are asked to recycle the same lines for rapidly declining comedic returns. And there's quite a bit of extraneous cast that are present for a large amount of the show but are given almost nothing to do. What's more disappointing is that there are multiple devices that work well for much of the series that completely vanish shortly after the halfway mark.

Credit to the wardrobe people for an incredible collection of sweaters. The Jo Yuri track "" of Us"" is terrific and one of the best soundtrack entries of . The houses featured are absolutely stunning.

, ""Monthly Magazine Home"" is a nice show. It has flaws and some are noticeable. It also has a nice collection of positives and quality moments. It's not strongly recommended, but recommended nevertheless.
Read More",월간집
44,"A woman who owns a house and a man who owns a home; nice drama but anti-climatic ending!
Monthly Magazine Home is a nice drama, it is filled with lots of simple things that make you laugh and smile a lot. It was a comfort drama. Sometimes, it was weird and over the top, while there were also times where I didn't know if I would cringe because it was funny or just feel butterflies in my stomach. It was good until—it wasn't able to sustain its sincerity until the end.

It is the drama of a man who buys a house and a woman who wants to own a home. It has an office romance, funny relationships with office co-workers and friends, and a love triangle that might introduce a conflict but still not a strong one, thank goodness. The main highlights of the drama for me are the incredibly funny moments of the side characters but still heart warming at the same time. I also loved the sincere and romantic moments of Young Won and Ja-sung. The drama was also lovely with its monologues at the end of every episode plus it has good OSTs!

At its core, the drama was simple and honest and I would've preferred if the writing could've pulled that sincerity until the end, because other than the laughs and the good things, you will realize that it is just plain. But it wasn't bad because you are enjoying this vanilla ice cream with your friends and loved ones. It is so sweet and that it has become the charm of the drama even passing clichés and its weak writing—not until you realized it is a  episode drama not a  episode one. And, this, I believe, pressured the writer in creating conflicts and challenges because this vanilla writing with lots of good moments could not just sustain a  episode drama.

When the writer could have focused on its sincerity and the reality of the hardships of becoming a homeowner in every episode, she opted for cliché plot devices that could invoke long-range conflicts in romance department. But, since the writer is also not yet mature in handling long-range conflicts nor the directing was suave in its execution. Sometimes the emotions were there, sometimes it was missed.
.
The two main lead couple had an early romance, however, after that, I think the writing started to become misguided with its original concept and main intention. It lost some of its sincerity and instead had the sitcom vibe; I didn’t complain because it was funny for its short span. And, thank you to the story and craziness of the side characters, the drama lasted up to episode . Episodes - is where the major conflict happened. We had a break-up and a love triangle, but the writer proved that she could still make it work. As she tried once again to show her sincerity, the drama became warm and charming again. I remember loving the emotions felt through the end of episode . The writing was at its best when it is not trying to be too ambitious, when it was just honest and raw and when the directing is opting for honest and sincere direction.

In a way, episodes - were delivered well. It had good moments, there were hits and misses, but it was STILL balanced. Then episode  came—it was sweet, crazy, funny and for its content, I believe the main message of the drama was already delivered well—“home is a container that holds life”.

But, of course, we still need to complete the  episodes and one thing was missing—the resolution that it promised from its original concept—becoming a homeowner. However, it was already too late and the weakness of the writing started to become evident as the writer probably did not know how she could produce that kind of outcome. The last episodes, although delivered well, failed to provide the progress of its major concept, therefore, with an hour left, they needed a diversion that could fast forward the concept they promised at the start and finally show the female lead owning a house on her own. And this became the main problem and probably the weakest link that drove the drama to its anti-climatic and disappointing ending.

She pulled off a last-minute ""plot twist"" that you are very tired of because that conflict already happened in episodes before and what's amusing is, she used that unnecessary conflict to give back to its major concept, pulling every kind of cliché that it can and creating unnecessary suffering for the main leads and covering it with a bad aid saying “starting over again”. You know I am not picky, I don’t really mind if they wanted that one last “plot twist” but we still got a cliché trope of misunderstanding, so yeah. The ending was bad because it failed to invoke the right emotions to the viewers, it was bad because the writing was weak from the very first start, it was in many ways bad because it erased all its sincerity and tried to be ambitious when it couldn't.

In the end, the drama still failed to deliver its main concept of becoming a homeowner; while Ja-sung finally owns a home now, Young-won only owns a house. Isn’t it sad? Yeah. But, of course, you still have an open-ending and while I interpreted the ending as anti-climatic and bad writing, you could be hopeful that as they found another one in the end and just as they are starting to rebuild their relationship step by step by being friends, someday, together, they will find themselves building a house that will eventually become their own home. Have a good day!
Read More",월간집
45,"The best drama in the 'happiness to viewers' category.
The reason why i gave this drama a rewatch rating  is that it spreads happiness. You know my favorite drama till date is full house () and you know what, i gave it a rewatch ratings of  and that's the highest i gave till now. This drama, may not be the best if you consider a more romantic, more story, etc etc categories, but it will give so much enjoyment that you will be sleeping with a smile after you watch an episode on the relase date. I'll always support you Monthly Magazine Home. I'm in love with cast, especially ji soek and so min. I love you guys????
Read More",월간집
46,"This drama has a Unique concept it makes interesting
I love this drama cause it's unique concept and it's very entertaining and realistic and I got so many life lessons in life. I hope this drama will be discovered by the young generations they really needed this. And to the cast Kim Hi Seok a little bit older but I can see their undeniable chemistry. Maybe because Jung So Min charm makes good chemistry to all her leadingman. And now this drama is ep is getting better and better can't wait ep❤️. Maybe because of its unique concept the others cannot find this interesting that's a big no! U need to watched this and see you goona like this.
Read More",월간집
47,"If you like drama born from immaturity, then this show is for you!
I just can't with this show. It's love-hate - and mostly hate it at this point. It look me awhile to figure out why this show grates on me so much. There are many reasons but the main one is that the show has  and  year olds going around with the emotional maturity of teenagers. It's bewildering and, in my eyes, a complete waste of storytelling and talent.

The female lead is a complete pushover devoid of personality and severely lacking a backbone. Let's just turn the feminist movement back by a century, why don't we?

The male lead has redeeming moments, but the show somehow thinks it's okay/endearing/funny for him to display circa  kdrama toxic male behavior?!

The only redeeming factors about this show and why I continue to watch are Kim Ji Seok (Ja-sung) and Editor Nam, who are delivering great comedic and dramatic acting gold.
Read More",월간집
48,"Great start, fell off
The first ten-ish episodes were amazing. First of all, the plot was light but also very fun to watch. The last  episodes or so reminded me of literally every drama that I've watched: the ML/FML running in circles, and away from each other. If you enjoy these types of romcom plots, binge tf out of this drama! It'll probably be a / or higher for you.
Though I have to admit, the comedy aspect of this whole show was off the charts. The cast never failed to make me laugh every episode

Is this drama for you? Yeah, if you like
- Minor love triangles
- Wholesome, cute relationships
- A happy ending for everyone
- *light* frustration due to the plot

// SPOILERS, FINAL THOUGHTS //
I feel like the drama could've ended on episode , or even better, . Some might think I'm exaggerating, but I really feel like it should've ended when they confessed to each other. The writers were obviously adding in some cliché events (taking a trip together and breaking up at the end/love triangle/angst through small fights/time skip, it's endless) to drag out the drama for  whole eps imo. It was worth watching, but some would see the last episodes as a bunch of extras/filler episodes :) they were nice to watch though
Read More",월간집
49,"Feel good, light rom-com
If you are like me and you're watching Devil Judge and Penthouse; sometimes you need a breather from all those dark, heavy scenes.

This rom-com is just right up my alley. First off, I love that the setting is bright and sunny. The casts each lend their talents to portray a group of co-workers with just the right amount of sense of humor. It is a workplace which I can only dream of.

The storyline, particularly when it comes to house surveying, is a bit unique. I enjoy learning about the different Korean locations and real estate prices. The subscription angle is also something new to me, so I had to research it first to fully understand why you need a subscription to own a house.

I am glad that Kim Ji Suk is being given this break. He delivers his line comically and his role suits him well. Both he and the FL also show great chemistry together.

Still, I am only half way through this drama; but I don't find anything boring about it so far. Although from what I hear, the ending could have been better
Read More",월간집
50,"an underrated balanced combination of realistic plot+cute romance
i wont deny,it is a typical trope BUT i would still recommend you to start it. what impressed me the most was the plot. although the male character is shown to be the typical ""rich man"" he has risen from hardships and efforts. plus points for that. it is going to be a typical rom com trope but hey its not like we dont like our typical kdrama romance. the side story of the male lead is quite intriguing too! its a nice and different mixture with cutesy romance. everything shown tho typical, its very realistic. how the female does small small things to save up its very easy to relate because of the realism. it makes the drama even better! love it! id recommendit for a nice light romcom drama :)))
Read More",월간집
51,"Boring story
I like the main leads as I watched them in other drama, but no chemistry togethe in this drama. The pacing is too slow. The story line is ok, but the storytelling is what bores me. I forward to episode , after watching  episodes, but still don't feel the love between the main leads.
The story is quite predictable.
The comical acting of the back up characters also did not help. I don't it against the actors, I have watched them in other drama and they performed well.
.,....................,......................................
Was this review helpful to you? Yes No",월간집
