,reviews,title
0,""" Eun Joo's Room "" was cute and short.

The story was sweet and the romance was adorable and well paced. The couple had chemistry too and that helped a lot with the story. The idea about the do - it - yourself ideas and tips to help us redecorate our rooms and appartments was pretty clever and intresting. The main lady, although, at first, was a bit annoying, had a nice character development and she became more adorable. The performances were good too from all the actors and actresses of the cast, even the side characters.

So, overall, seven out of ten.
Read More",은주의방
1,"This was cute... I loved the main actor, Kim Jae Young, as the lead. He always does great in whatever he does. A great kisser for sure. I loved the storyline... I never encounter anyone in my entire life that would have been friends to a love interest at the end. I wished I went through that type of relationship. That's why I enjoyed this cute story. I didn't give it a  because the storyline really doesn't go anywhere but on the two main leads which are ok but... There was no martial art or good visual but a town that was normal. Just a normal, cute storyline.
Read More",은주의방
2,"It's never too late to redefine yourself and start anew.
Dear My Room is a short and simple story that gives hope to all the young adults that are still searching for their purpose in life, feel like they are stuck in a grim reality, not finding happiness in any aspects of their lives. It questions, what it truly means to be a responsible adult and how (un)important it is to follow other's expectations towards ourselves.

We follow the life of Eun Joo, who, after quitting her job, starts to explore her surroundings, relationships and finds her true passion. The drama shows, how one small event in our life can be a start to self-improvement.

The show does a good job with not following the expectations of the viewers. Some plot lines went in a completely different direction that I thought, and I could not be more happy about it. We are also presented with truly wholesome and natural romance between main leads, with no painful Second Lead Syndrom (even tho Jae Hyun is extremely nice character, that quickly became my favorite).

Hye Jin , even tho frustrating at times, plays an important role, showing us the contrast between her and Eun Joo. We can see how important it is to have loyal friends, be true to yourself and your convictions and sometimes take a risk for the things you love and enjoy doing.

The production of the show just made me feel warm and happy. That's it. Each episode made me feel hopeful. People from their mid to late ' could easily relate to the struggles of the characters and emotionally invest in the story.

The OST is perfect. It never feels out of place, has this sweet indie vibe. It perfectly matches the scenes, making them that much more enjoyable, and at times moving.

: Perfect slice of life, that tackles serious topics that young adults have to face, while not being depressing about them. The show truly motivates me to act on my ideas and hopes, instead of wanting to give up any plans I might have.
Read More",은주의방
3,"Super cute and enjoyable
Loved it!!!
From the OST to how they captured reality was really good. The love story was also soooo cute
PLUS they had this really cool scene where they did like a ' days my prince' crossover, I was grinning from ear-to-ear and just couldn't stop

TRULY AMAZING







Read More",은주의방
