,reviews,title
0,"The basic premise does not stray from the power politics Korean crime dramas habitually highlight, but what sets Confession apart is its execution.

From the get-go, Confession was promising. The first case was exciting, given the unpredictability of the suspect. And so that path led the characters to other, overlapping ones, and they led to the final destination. The writer gave liberty to the audience to explore various scenarios along with the characters. Next thing you know, you are invested in the plot. My favourite occurrences happened in the court - it was a pleasure to see Choi Do Hyun / the lead cleverly handle affairs. Sometimes, particularly in the first half, you would expect the plot to go another direction, and may even want that to happen (like myself), but the second half ensured me that the writer knew what they were doing. The pace was maintained - it may have slowed in the middle, but not unnecessarily. The characters had connections with each other due to a single event - it's nothing new in kdramaland. yet it was impactful. I had a few complaints with regards to how distant the characters felt, but my worries were eased by episode .

I was torn about how I should rate the acting. The actors were not given roles that were complex, but they were not simple either, so I was satisfied but not won over. I was about to settle with , but one performance stood out to me, and I believe I will not do the actor justice by being greedy. He had a small role, but it has left an impact on many, including me: the suspect in the first case, played by Ryu Gyeong Su. He stole the spotlight. He was the character I was most drawn to, and I anticipated his appearance each episode. Of course, the main cast did good with what they were given. Lee Jun Ho was persuasive in his composed portrayal, and others stayed true to their respective roles. What I appreciated was the female leads' harmonious teamwork, and their guts, especially Ha Yoo Ri.

I liked the instrumental they used. It could be loud in certain instances, but I liked how it added to the moment and nature of the drama. The OSTs were not played, so I have no comments on that.

I am not sure if one would rewatch it, knowing all the progressions in plot. If you are someone like me, you might want to watch Choi Do Hyun being a smartass in court.
Read More",자백
1,"I do not know why no one is talking about this drama because it is amazing. Confession is a Korean law and mystery drama with great lead characters and villains. It's a dark drama that discusses corruption in the court, in the government and in the military, and its impact on families. The cast was amazing in this drama. Thank you Lee Junho and Yoo Jae Myung for being phenomenal leads. The soundtrack was great and it fit the drama very well. I would totally recommend this drama and would totally rewatch it again if I have the time to do so. If you're searching for romance then this drama isn't for you because there isn't any.
Read More",자백
2,"This show delivers on its promise to be intriguing and the two main leads, Yoo Jae Myung and Junho really made it work for me. I think Junho is very subtle and I don't have to talk about how phenomenonal he looks in this drama and instead I think he has talent and played the role remarkably well. This is my favorite type of premise, bromance, mystery, nothing too cutesy so the sad tone of a serious drama is always maintained. I don't think I will rewatch this one but it's definitely worth checking out.
Was this review helpful to you? Yes No",자백
3,"OK. I didn’t think this drama was going to be as good as it was so... GO & WATCH IT. You won’t be disappointed. Every episode left me on the edge of my seat. I love the story line because it’s unpredictable, flows very well, and there is many very interesting twists & I didn’t really see any plot holes. I didn’t even fiend one episode so be boring.

I really liked the characters from the lawyer, the detective, and even the criminals. The characters were well written and acted. I didn’t have even one moment when I thought a character was naive/not making sense. There is nothing more frustrating than that! All characters were smart and good at their roles. This drama even had you sympathizing with the criminals who were affected by the main villains.

Anyway, if you love corruption and criminal dramas, you should definitely watch it. It reminds me kind of the drama “Stranger” that I really loved and also recommend.
Read More",자백
4,"Recommended %
The acting was really good and the story was quite entertaining as they revealed bits and pieces of info so that it wasn't just me waiting for the main characters to find out who the culprit is, I was trying to find out too. I don't normally listen to the music so I just gave it an  and I believe it is really entertaining. It is definitely on my list to rewatch but I might not because I believe a bit of what made the plot really entertaining was the slow reveal so knowing who the culprit is might make the show more difficult to enjoy.
Was this review helpful to you? Yes No",자백
5,"I love it
It’s a kdrama you won’t see in suggestions because it doesn’t have romance but I LOVED the story and all the characters. I love Junho as an actor so that was a plus and so I watched it in  when it came out, it’s indeed a great mystery, law and adventure kdrama!
The acting is amazing and the story keeps you hooked, like you want to watch the next episode immediately after the other.
As I said there’s no romance but it’s has heartwarming moments and if I remember well I also cried during an episode.
Was this review helpful to you? Yes No",자백
6,"Right off the bat, this drama is very similar to Stranger in its approach to storytelling as it is in terms of the overall quality. In fact, if you really love Stranger, it is a given that you have to watch this drama as well because you will not be disappointed.

The style of storytelling follows such that there is a main arch in the story which becomes the focal point of investigation interest by the lead characters (which I find the most skilful way of writing a crime/investigation stories because you are less likely to end up with problematic plot holes). There are no filler cases that are thrown in between because everything serves a purpose/puzzle case to the main story arch (so in that way, it's praise-worthy very neatly done). The other law drama that has multiple filler cases thrown in and therefore dragged or loses steam midway in its storytelling of the main antagonist is Suspicious Partner. You can be assured that didn't happen here. Side note: you must watch Hello Monster if you liked Suspicious Partner (same writer but miles better).

The biggest strength of this drama is its plotline, it's so incredibly sophisticated. Stranger skilfully develops its story and events around multiple main characters who are shaded to be the main culprit, whilst in Confession, the writer identifies the antagonists head-on but shades their level of involvement in the main story arch. In both stories there are similar themes: ) crime cases that lead to a bigger corruption case and ) support cast antagonists who are involved in a murder case and have an association with the main culprit.

That being said, although I am a huge fan of the writer's skilful writing, I find the writing of the characters incredibly dry. This is the first of anything I have seen Lee Jun Ho in, and I must admit that he's a very strong actor, but his character is very bland and often times stoic. There were only a few moments where we get to see him loosen up with Detective Ki, but they were very limited! There's also very limited chill interaction between Choi Do Hyun and his other teammates at the law office which I find regretful because there was definitely a potential to make their interactions much more interesting. What made me pulled through most times is really the gorgeousness of Lee Jun Ho (in physicality besides his great acting).

In that sense, the quartet is only brought into the story to add usefulness to the main investigation, and they were not given enough colours/layers to add balance or loosen the overall tension/mood/temperament of the story. This is why by the time I arrived at the last three/four episodes, I was already very exhausted from watching it and moved around shows a lot until I finally landed on Doctor Prisoner (which I happen to finish first without intending). True enough, the eventual downfall of the main villains in this story felt slightly lacklustre in the last two episodes given their evil forms are not given enough impact - again, it's the problem with the way of their characterization rather than the story itself.

What I am saying here is, if you want to see how the main/support characters can be incredibly interesting or tastefully written in a revenge thriller drama, then Doctor Prisoner is THE place to go to.

The BGM at the end of every episode is really great and fit nicely to the overall temperament of the story, and the rewatch value for this one is probably average due to the nature of the genre itself.

The last scene, ouhh the last scene by Choi Do Hyun wearing that uniform in the court was such a blessing to the eye. Not giving any spoiler here, but that man is just so gorgeous! The ending is so nicely done, and now this drama is complete to me, LOL.

, I'd say in a heartbeat that this show definitely sits in the top tier of law K-Dramas of all time. I had no choice but to deduct marks because the characters can be too bland/stiff to my liking, but the story itself is definitely worth  stars and above (especially if what bothered me does not bother you).

Enjoy your watch!



Read More",자백
7,"The first half of this show is mostly kind of dull investigation, and I was disappointed at how little of it was Choi Do-hyun being an actual defense attorney instead of investigating who the actual culprit of crimes was. The second half goes into melodramatic intrigue mode, which was much more interesting. When I was done, I was surprised how attached I'd gotten to the Choi Office Squad of Choi Do-hyun, Ha Yu-ri, and Madame Jin. They felt like a family. And the feels about Choi Do-hyun's father were definitely on point :)
Was this review helpful to you? Yes No",자백
8,"I wish I could give this show a rating of /.
Loved the story, the cast, their acting, the ost, the chemistry of all four leads with each other, the relationships they formed, the development in their lives over the course of the show, EVERYTHING.

LOVED Lee Jun-Ho's chemistry with every single person in the show, LOVED THE FATHER SON BONDING MOMENTS BETWEEN HIM AND HIS ACTUAL FATHER, AND ALSO BETWEEN HIM AND DETECTIVE CHUN-HO, in most of those scenes I was sitting with a big smile on my face!!!
LOVED watching Madame Jin, her role was perfection, and the actress was tailored for it and I loved watching a woman in a role like that.
Read More",자백
9,"Came for Lee Junho, stayed for everything else
Confession is not a slick KDrama pushed out by platforms like Netflix that tries to be flashy to grab attention, but rather, Confession is crime in its purest form, and I highly respect and appreciate that.

I was on a Lee Junho drama marathon, and therefore stumbled upon this one without too many expectations and my God was this binge-worthy. I've seen plenty of Korean Crime dramas, and this show quickly became one of my favourites which is why I'm surprised this does not seem to have much hype (perhaps it's too realistic?)

Knowing that Yoo Jaemyung (who played Ki Choonho) is also a talented actor that I've seen in plenty of other dramas, it certainly lived up to my expectations. The story writing stood out most to me - the way that the plot seemed to veer into many unrelated paths in the beginning, only to all come back tying nicely together for the finale. The pacing was on point, not too slow nor long. Each episode left viewers with many questions, just like the characters themselves, but also leaving us wanting more - as though we are trying to solve the puzzle alongside the characters which really gets the viewer invested.

Going back to my realistic point, this show is definitely no frills no fanciness typically found in other KDramas (like Vincenzo - don't get me wrong I love Vincenzo for the extravagance and humour). This show is just pure focus on fighting corruption and rooting for justice to prevail. We actually don't find out much about the character's personalities or personal lives other than what is relevant to the story. However, this didn't prevent the viewer from becoming invested in the show. To some, this might make the characters feel a bit unfinished (?), but I feel like this was an intentional decision to keep the focus on the already complicated story, rather than being distracted by the characters' personal lives. This really worked in favour for the show.

On a side note, I was also impressed with Junho's acting. Confession, to me was the drama that really solidified his career and transition from an idol to an actor. By far his acting in Confession is miles better than his previous roles. It got to the point where I actually forgot he was Lee Junho from PM, but Choi Dohyun the Lawyer (whereas in other dramas, I'm still painstakingly aware that he is Lee Junho). Well done Junho.
Read More",자백
10,"wow Lee Junho
This was so good! I couldn't sleep until I watched all  episodes. This had me so focused. Don't try to skip through episodes or go to the ending or you will spoil it for yourself. Lee Junho was excellent in this drama and was very convincing that this could be reality. No Martial Arts but the drama was everything from episode to episode. I was kind of skeptical in watching this but I had to because of Lee Junho. Not one iota of romance but a lot of passion. Kudos to all of the team that made this work. Yoo Jae Myung, I applaud you for being that detective/investigator. I loved it! All of the suspense!
Read More",자백
11,"It’s crazy how little I’ve seen about this drama! We are only a few episodes in but it’s already one of my favourites I’ve check out recently. If you’re having doubts due to the boring synopsis, please just ignore it and give it a watch.

I can’t say much about anything since it’s still way to early to say for certain but the story is very good at drawing you in! All the actors do a great job at playing their respective roles and make it clear there is many layers to their characters, just like any other person.

Now for those of you who place great importance in the soundtrack, I’m sorry but I’m the wrong person for that ascept of dramas! Unless the music completely blows me away I won’t even realise there is any music at all so hopefully that gives you a guideline for that haha. That’s also why my rating is , neutral. Please decide for yourself whether the OST is any good and to you’re liking :)

Gave  stars (neutral, -) for rewatch value since it has not yet finished so don’t take my review too seriously just due to that fact we aren’t even half way in yet!! So far the most disappointing thing is the slow subbing but it’s all worth the wait in the end and I hope you’ll think so too :)

(all low or exaggerated ratings are due to limited released episodes, as of now there are only  fulled subbed available. Pleased don’t let my ratings dictate the watch value of this show and check it out yourself in order to accumulate your own opinions on this highly underrated drama!)
Read More",자백
