,reviews,title
0,"Hidden Gem of Romcom
The reason I start this drama because I like Nana acting from The Swindlers, I think she's one promising idol turned actress. And for Park Sung Hoon I know him from Psychopath Diary, Falsify and Gonjiam Haunted Asylum. Both of them haven't act as main role before and the theme of this drama is politics which normally not my cup of tea, so I start this drama with Zero expectations.

Honestly the first  episode is kinda boring, but I keep going for the sake of Nana acting (she's really all out as Se Ra) Thank God I didn't stop as the story gets better and continue captivating with fast paced, no dragging problem. I'm really glad I find this hidden gem drama, it's so long since I find drama which I am looking forward to watch each week.

Chemistry both ML are overflowing, they act like lovey dovey couple, and they kissed like real life couple (which i find rare nowadays, most of actress just stand still and stiff when being kissed).
And I like how they show affection not only in Drama but through interaction in personal Instagram! Where else we get to see skinship from actors in their personal instagram without being shy or afraid of negative comments lol.

Actually I feel the ending kinda bit rushed, but I still give it overall full marks consider I really enjoyed all Sera and Gong Myung relationship.

I definitely treasure this drama and will rewatch it in the future for all the sweet moments of Sera and Gong myung ❤️
Read More",출사표
1,"I'll be honest, I decided to watch Into the Ring because I heard Nana was starring as the main role. As my first Nana drama, I did not know what to expect, and let me just tell you that I was shocked. I went from watching because of Nana to continuing to watch because of the amazing cast, story, and characters.

:
Politics is a genre that I never mind watching. As someone personally interested in the matter, I am always up for a political drama. But with drama's, I usually find the political side either lacking or too hectic. For Into the Ring, I saw a perfect balance, which I loved a lot. I loved how it was not obvious how every issue would turn out, and I love how each politician was portrayed. I found myself laughing multiple times, and even shedding a few tears here and there. For me, there was a perfect balance of everything, and nothing went overboard.

Characters:
The thing that made me love the drama the most was no doubt the characters and the relationship between them. Starting off with the leading lady, Goo Se Ra. From the first episode, I already loved Goo Se Ra. I loved how passionate she was and how she never gave up. I was happy to watch a character that would keep trying instead of breaking down and cry when things don't go her way. The leading man, Seo Gong Myung, was another character I cherished dearly. I loved how we got to see how Gong Myung transition as he starting helping Se Ra. Which speaking of, Se Ra and Gong Myung were such a cute couple to watch. I loved every scene they were in, even before they starting dating. No doubt one of my favorites couples in kdramaland. For other characters, Yoon Hee Su and Kim Min Jae were two characters that I could never decide whether I like them or not. Despite my personal feelings, I think they were good characters and brought a lot to the drama. Cho Maeng Duk, the ""villain,"" was another interesting character to watch. Although his character infuriated me multiple times, I do think he was a great character with how he was set out to be. I loved the relationship between Se Ra, Han Bi, Woo Young, and Ja Ryong, which speaking of Ja Ryong, he stole so many scenes he was in! , all the characters stood out and made the drama what it is. I also applaud all the actors, especially Nana and Park Sung Hoon. They portrayed their characters flawlessly and I couldn't imagine anyone taking on those two roles.

Other:
As someone who took a film class for my senior high school year, I'm all too familiar with camera angles. From the first episode, I'll admit it was weird seeing camera angles I've never seen before, but after a few episodes, I grew to love them. I thought the angles complemented what was happening very well, and I think it was an interesting addition. Personally, I wouldn't change anything about them, as I cannot imagine this drama without those fascinating angles.

Final Thoughts:
Into the Ring is no doubt one of my favorite dramas of the year and one of my favorite dramas of all time. Every week, I found myself counting down to a new episode, and when I saw one had been subbed, I would immediately stop what I was doing and watch it. I hope people don't ignore this underrated gem because of the political side and instead give it chance. If you're hesitant to watch this drama, I'd say go for it. You never know, you could be pulled in by the characters, plot, relationship, or everything wonderful this drama has to offer.
Read More",출사표
2,"Kindness Wrapped in a Warm Hug
This drama is near perfect - a fact made even better because I went into it truly knowing nothing about it so the surpise was better AND that it's written by a completely new writer. The breath of fresh air it brought to the kdrama world is something else!

Goo Se Ra is the obvious highlight of the series - Nana plays her earnestness and recklessness and kindness to perfection. Se Ra has a huge heart and is so soft but never ever lets herself be walked over by anyone. What an amazing female character. I dare anyone not to fall in love with her laugh.
Gong Myung is her perfect love interest - the brains to her heart. He's kind of awkward and blunt but so sincere and extremely loyal. Together they are literally one of the softest couples who so so obviously like each other as much as they love each other.

Just watching them makes you realise how many supposed romances really miss that important part of just having the leads enjoy each others company. They are equals in every sense of the word, protective of each other, so adorable to watch and have shot all the way up to be one my favourite OTPs ever!

The extended cast is amazing - particularly Se Ra's friends, our wise-beyond-years kid neighbour and her fellow politicians who are all so memorable whether its because you hate them, laugh at them or are conflicted over them. Hee Soo in particular was a really interesting grey character and just another great female character in a whole cast of them.

The through-line throughout the series is so important too. In the most basic sense it's about politics sure, but mostly it's about always having hope for a better future, never giving up in the face of long odds and making sure to stand up for those who cannot stand themselves.

Special shout-out to the director! The angles and wideshots in the drama made it one of the most unique watches of  and it deserves to be on everyone's best-of-year lists, whether it comes into rewards or not.

Go watch! You won't regret it! There's truly nothing out there like this.
Read More",출사표
3,"Encapsulates all the lovable aspects of Korean dramas
Into the Ring is built on the solid foundation of its excellent writing, and it endears itself to the viewer with each and every episode. Although it is missing the typical ingredients for commercial success (e.g. top-tier actors, veteran staff), Into the Ring continuously challenges us for our attention and respect, much like the Female Lead. There is just enough romance, comedy, and drama for a well-balanced drama viewing experience just shy of perfection.

:
The award winning merit of the newcomer Moon Hyun Kyung’s screenplay is undeniable. The diverse characters and dynamic relationships are a highlight. Consider these two side characters - a manchild who earns his elected position with his daddy’s money and a working mother who refuses to “sacrifice” either her personal or professional life. The relationship between them and the main leads is hilarious (like when the FL turns the manchild into a whimpering puppy with her assertiveness).

Even the political setting delivers laughs as we witness the ridiculousness of each politician’s pettiness. ITR transitions from this comedy to heartwarming romance to drama seamlessly. Scenes are often layered with all three, which keeps the pace refreshing and the story engaging. The drama’s journey is consistently pleasant from beginning to end, and the careful and deliberate screenwriting is what makes it all possible.

Acting:
My mixed feelings about the main cast changed quickly with Into the Ring. For instance, I know Nana for her kpop career with After School rather than her filmography, and the general attitude towards idol-turned-actor is lukewarm. However, Nana exceeds expectations not just with her comedic timing and romantic chemistry but with her nuanced portrayal of empathy towards others. Park Sung Hoon actually appears with Nana in Justice, which I did not watch. I did watch Psychopath Diary where I found his acting uncannily funny. To see PSH in a completely different character is eye-opening and impressive.

Yoo Da In’s character is surprisingly nuanced for what some may consider a “side” character, but YDI’s acting ability is clearly at the level of “main role” actors. I remember Han Joon Woo from his great but small role in Be Melodramatic. Unfortunately, it is a similar case in ITR where he plays an interesting character which does not receive much screen time for a “main role”. Veteran actor Ahn Nae Sang adds another quality appearance to his long filmography.

:
Compared to the strengths of the story and cast, the music is not as critically noteworthy for Into the Ring. The subdued backing tracks are a safe choice, a mix of kpop and ballads. The music is actually a good parallel to the overall drama, which is excellent in its strengths but not quite a masterpiece in its entirety. (One last comment - I am a sucker for OSTs sung by main leads though)

:
As I happily followed along with the weekly episodes of Into the Ring, I did not envision such a high overall rating because of a lack of some jaw dropping scene or enthralling plot line. Instead, ITR makes its appeal piece by piece, and its beauty is fully appreciated when considering the entirety of the drama. After  episodes, I can confidently recommend Into the Ring as a solid romcom in a relatively dry .
Read More",출사표
4,"Honestly this was one of the better dramas this year. The story was refreshing and sorta original: strong female joins politics for selfish reasons at first but then decides to take a stand and make a change, no matter how many times she falls she never gives up and stands up again. Many Kdramas right now are full of cliches,m and repeating story lines but this one wasn't.

Another thing that was refreshing was that SeRa and Go Myung, stay together since they get together. They work as a powerful team to bring down the corruption in their city and in the end they manage to beat it no matter how many hardships they face. Also the actors were so natural and comfortable together those kisses: wow!

Plus the takedown of the villain at the end is one of the best, I kinda even felt a little bad for him, just a tad lol.



YET

Aside from those positives I just listed, I really struggled with this drama. I had huge problems with the lead characters while yes the characters go on their journey of development I couldn't connect with them in the end. it was just they were so exaggerated in one end of the spectrum at first then boom change that I really didn't feel SR & MY growth.

I also felt like the story was too boring at times. It was a drag to watch the last few episodes. I noticed that I just finished it out of obligation not really because I wanted to.

It's not a bad drama, as many enjoyed it, it just wasn't for me . Like I said I guess I couldn't get past those negatives at the beginning to really enjoy it.

The soundtrack wasn't memorable imo, and neither was the supporting characters. Aside from SeRa's friends and family I found all of the other supporting characters annoying.

One thing I did enjoy though, was how the writing showed the struggle many women go thru when entering into politics not just in Korea but all over the world imo. For that reason it was important for Into the Ring to be made.

 I give this a  for the reasons I mentioned. I probably won't be rewatching this but for those who enjoyed it by all means do. Maybe some can see more of the positives rather than the negatives.
Read More",출사표
5,"Surprisingly fresh with real life characters
Okay so apart from the ML's one drama (Psychopath Diary) I haven't seen any other dramas by either of the leads. Honestly, I started watching this drama while I was waiting for the weekly episodes of Its okay to not be okay and Backstreet Rookie. Hence I began with zero expectations or idea about story, lead actors, reviews.

This is such an underrated gem of a drama. So many of the  big actor dramas have been kind of disappointing or not really left a lasting impression. However, this drama and its main characters leave a mark and I was sad to have the drama end.

I ABSOLUTELY LOVED THIS DRAMA. One of my most favourite in  and will also make it to my All-time favourites. The acting is so fresh, goofy yet natural. The comedy is not forced, great flow of storyline with perfect transition from one plot to another. While having the element of politics this drama is not over-the-top with confusing political sub-plots and schemes. The romance part is also great and I liked the fact that the FL takes matters in her hands most of the time while dealing with their relationship. ML is good in supporting the FL and yet not overbearing as some other K-drama ML characters. A special mention about the 'camera angles' which some people might find unsettling but you get used to it and in fact it adds an interesting storytelling facet especially in the comic scenes.

I urge everyone to watch this drama for its story, acting, comedy, romance, politics and slice of life vibe. Its a must watch of .
Read More",출사표
6,"I feel like Into the ring is that drama you can watch after the long and tiring day at work, relax and enjoy your time, as the story is easy to follow, witty, entertaining and, due to its political nature, it's interesting enough to engage your brain. Like, if you look at the whole picture, the story may be silly and over the top at times, but is rather clever in overall.

The writing is really cohesive, every decision and every happening is crucial to the plot right up to the last episode when the things start to drift away. The politics revolves around local government, so it's something closer to home, in contrary to the usual ""big politics"". The political intrigue is pretty well mixed with the romantic and comedic aspect of the drama. The humor, especially the body comedy, may not be everyone's cup of tea, however, the satirical undertone of the whole political game is splendid because not only it's funny, but it leaves a lot of space to debate and critique. Romance is really refreshing, as it is free of usual cliches and provides us with relationship based on trust, support and mutual understanding. It changes the usual power dynamics between heterosexual couple, because Sera is bascially and initiator and domineering side of their relationship which is shown not only in their work positions, but also in their day-to-day interactions. But here is my issue, the show goes too far with it. I felt like they wanted to show that Sera is ""wearing the pants"" so much, that some of her behaviours towards Gong Myung came as borderline abusive and manipulative (the quarrel they had in episode  bothers me to this day, because they both messed up but somehow only Gong Myung had to apologize. why?)

I like how realistic the story was, we didn't get a typical storyline about the underdog who in the end changed the (small part) of the world. But FLs story and her voice may inspire others because the change is never done by one person and one event. And we could see that chain reaction has already started at the end of the drama. Goo Sera's character works as an empowering statement, especially for woman, to fight for what they believe, to stand up for themselves and the others who can't be heard. To try because it is always worth something.
And Sera as a person affirms quite a feminist outlook in this drama, because let's be real, she's messy enough to be one of the most realistic female characters out there. She's noble, hardworking, empathetic and kind, but at the same time she's quick-tempered, pushy, lazy and selfish. She's a whole person, who you may admire for her work and morals and still be annoyed with how obnoxious she can act. And that's why I am happy with her, because I don't have to like her as a person to appreciate a well writen, realistic and relatable character that is not another construct of chliches.

I have some issues with the ending though. The story came in full circle and that's a clever way to wrap up things, but there are still loose ends (the conflict between Gong Myung and his father is so vague that I'm still not sure if it was about the general neglect Gong Myung experienced or about Cho Maeng Duk's decision to sacrifice everything - even his memory of his son - for the sake of political ambition. Now that I wrote that I can see that both reasons connect with one another lol. But I'm still not satisified with Cho's endgame) and plot resolutions that seemed like last minute ideas and I feel like drama already lost it's momentum in episode  with Bong's resignation after alleged hit and run.

My favorite thing that bonds together the whole thing is the unconventional style of directing. Wide angle shots, low angle shots, dolly zooms. It creates this zany atmosphere that emphasise story that don't take itself too seriously. Brilliant idea.

Nevertheless it was a fun watch and I was actually surprised how eager I was to wait for another episodes week after week because usually I hate watching ongoing dramas.
Read More",출사표
7,"Good Enough
"" Into the Ring "" is a pretty fun drama.

It is character driven, with a quirky, dynamic leading lady who dominated every scene she was in. Nana did a superb job with her character and she is one of the best surprises of this year. She pulled Goo Se Ra off masterfully and without overdoing it. The rest of the cast did a great job as well.

As for the actual story, it combined comedy, romance and politics in a beautiful mix that was entertaining and not overbearing. The romance was realistic, subtle, as it didn't take time off the actual story, and it did help that the couple had chemistry. The comedy, in addition, was just enough, mainly produced by the character. Finally, the politics, with the corruption cases, were pretty intense, without being too complicated, confusing or tiring to follow.

However, one thing that the drama didn't handle well, apart from the odd camera work with the high angles and close ups, was the last episode. It was rushed, partial and just not what one should expect from a drama that was pretty steady up until then.

So, overall, nine out of ten.
Read More",출사표
8,"Original and funny
Originally I avoided this show because I disliked the storyline. The idea of watching a drama that revolved around a bunch of backstabbing politicians sounded boring. But since the ratings were high and the reviews said it was light and funny I decided to go ahead and watch it. And I’m glad I did. Even though the story does revolve around politics they don’t overdo it with angst or go too crazy. This drama does a great job of getting you all worked up over a situation but then easing the tension with some great comedy. I also liked that nothing was drawn out too long and whatever got you upset gets resolved in a reasonable amount of time. This is a true romantic comedy that stays true to its genre without ever turning into a melodrama.

As for the romance, it’s woven throughout the drama and it’s sweet but it’s never the main focal point of the show. There’s lots of real kisses and skinship and this couple has some amazing chemistry. It’s not a really lovey dovey romantic show though. But since the romance isn’t the main focus there are some great benefits. There are no love triangles, no evil parents opposing the couple, and no breakups.

It’s just a really cute funny drama that focuses on the little people in this world and shows how they can accomplish so much in their lives if they just put their mind to it and try a little harder. It also exposes the deep corruption in politics and shows just how far some people will go to in order to maintain their powerful positions. But despite the deep message, the drama stays surprisingly light funny and sweet. It’s a definite must watch in my book.
Read More",출사표
9,"this is one of the best  K-Drama

In terms of political genre, this one is not the typical dark political side with serious story, this one is much lighter with lots of funny and comedic side, yet still have a deep meaning behind it, which does impress me.

I love both main leads, they have such a GREAT CHEMISTRY, you will definitely love them! their acting is really good

the OST is good as well, especially when you have the main leads singing duet together

this will be go-to drama when you need a bit of lighter story with well-made chemistry cause i LOVE both MAIN LEADS so much.
Read More",출사표
10,"This is a hidden gem! No insipid FL for you!!
People this is kind of the unicorn of dramas.

You know when we always complain about cliches and ""dumb, clumsy, insipid "" female leads? Well here is the answer to your prayers!!

OMG Goo Sera is one of the most awesomely weird female leads I've ever encountered (and I have seen A LOT of dramas). She is this weird mix of cuteness, smarts and stubbornness. I love her, and if she existed I would love to be her BFF.

So the plot revolves around her (a commoner with no political background) getting into politics just to get a nice paycheck. The catch is, she hates injustices and so she gets embroiled in political disputes and really funny situations because of this trait.

I gotta be honest some of the disputes may be a tad boring, but Goo Sera makes your time worth, because she has the best reactions, the best replies and the best sidekicks (the male lead is really cool, also her family and friends are so funny).

Also the bad guys are really relatable, not because you agree with what they do, but because you see this kind of people all the time ir real life (I mean a politician putting his/hers interests before the people's is not the far-fetched).

I confidently recommend this drama, give it a chance, you'll like it!
Read More",출사표
11,":
This was outstandingly paced and written for the most part. The story is always moving, whether it's the political story or the relationship between Se-Ra and Gong-Myung, it was very exciting and engaging. The introduction of our characters leaves a big impression and is able to sum up the characters perfectly. Gong-Myung being proper and rather up-tight regarding the simplest rules and Se-Ra being determined and out of the box. I love how these two interact with each other as well as the other characters ranging from low-key shady politicians, one of whom is the father of the male lead, to well meaning parents who don’t always help in the ways they should. It was the perfect blend of comedy and romance with the influx of political dealings too. It can be frustrating seeing how Se-Ra is immedaly isolated in this new world but it makes it more satisfying when she is able to overcome it, developing her life goals as well as her fledgling relationship with Gong-Myung.

:
The acting and chemistry between the leads was incredibly strong. Nana is a former idol turned actress, which normally will produce some “pretty, but not great” actresses in the industry but she is on-point with her quirky attitude. Her actions mixed with Gong-Myung’s reactions are comedy gold at times. The dark moments are well done by the main leads when called for it. This is mainly a light hearted but it captures other tones as well thanks to the cast being as consistent as it was. Ahn Nae Sang was brilliant as the drama’s main villain (of sorts), Jo Maeng Deok. He captured the subtle craftiness of the political role really well. To the point where he seems like a decent person at times.

:
This was a safe, backtrack that was used well. There was some funny comedic timing with the main song too.

:
Is there much rewatch value in this? I believe so. The story isn’t one note and layered deep enough to make it worth revisiting again. And the mysteries are riveting still, even in hindsight.
Read More",출사표
12,"Into the ring was one of my favorite surprises of . I started watching with zero knowledge of the plot, and only because one of my favorite singers, chuu from loona, was part of the ost and since I adore the song I decided to give it a chance and I'm so glad I did. I ended up loving the story and getting obsessed with it.
The acting was really good, the leads had a great chemistry between then and we love a healthy relationship, they are the most obvious in love couple trying too keep their relationship a secret while is clear to everyone that they love each other and I'm ALL FOR THAT.
Extra kudos for Goo Se Ra for being iconic, her scenes are so good and I laughed a lot.
This drama is painfully underrated and it hurts because I had such a good time and loved watching it ♡
Read More",출사표
13,"A Genuine Effort at creating a unique Romcom Experience
Even though The Plot was rather stale and nothing original The personality of the cast and Director Shines In this
The unique Cinematography adds so much more character to the story that it seriously lackef in the first place . Performance from Nana was surprisingly good (although sometimes the quirky aspect went too far.
The one of the very few times i checked the directors previous works rather than the actor's or the screenwriter
The politics in the movie was just ok nothing intresting..
Was glad not to see a subway ad in between show
Was this review helpful to you? Yes No",출사표
14,"This drama is soooooooo natural!
I haven't finished watching it, but for me what stands out is that it feels very natural. Don't get me wrong, I know it is not. Actually, it is written and directed from a very histrionic angle, which plays good for the humor. But what I mean from natural, apart of the way the romance has developed so far, is that you can feel the heart of the characters, at least the most important ones.
Se ra, for example, is totally transparent and I love that about her. She one of my most beloved female leads just because she is honest about everything she does and she has a very healthy self esteem.
Politics are even interesting in this drama, and even the sketchy characters, you feel you want to know what they are up to.
The music is great!
Side characters are funny too.
, I can't help but recommend this show.
I will tell you more when it's over.
Have fun!
Read More",출사표
15,"If you are looking for a serious drama about cut-throat politics, this is definitely not for you. 'Into the Ring' is a quirky and goofy drama about a woman in her late s, who decides to run for a spot in District People's Council just because it pays well and you only have to work for  days in total. That sounds like a great plan for Goo Se Ra aka the queen of complaints, who doesn't have a stable career or income and so begins her journey to the land, where she has to represent citizens and constantly deal with corrupt politicians while also maintaining her personal relationships.

I've always been interested in politics, so when I read the description of this drama, I was instantly drawn to it and I couldn't wait for it to finish airing so I could finally watch it. And I have to say, that I wasn't disappointed. At first, Goo Se Ra seemed like your typical annoying FL, who will make you constantly roll your eyes, but pretty soon she proved herself to be a strong female hero, even an icon you might say. She's surely not the smartest cookie in the jar, she makes questionable decisions and her moral compass is not always pointing north, but despite that, you can't help but like her, because she's only being herself. On the other hand, we have Seo Gong Myung, a civil servant, who is cold, critical of his peers and always does everything by the book without much care for others. These two characters couldn't be more different, which makes their interactions funny to say the least. We also see Se Ra's family, her friends, council members and a bunch of other characters, who appear from time to time. Sometimes it's hard to keep track of all these different personalities, but I have to say, that supporting characters are not in this show just to be here, they also have their distinct storylines albeit there's not much focus on them.

The cinematography is also interesting, since this drama is shot a bit differently from others. I think, there's a specific effect, used during filming, which gives this show a unique perspective. Personally, I liked it. In addition to that, I have to mention the OST, which included truly beautiful songs and fit the scenes perfectly. And the acting was believable. I haven't seen anything with Nana before, but I really liked her in this role. As for Park Sung Hoon, I've seen him play a serial killer in 'Psychopath Diary' and after seeing this, I admit, that he has an incredible range. I also really liked actors, who played Se Ra's friends: Shin Do Hyun, Kim Mi Soo and especially Choi Go, that kid is amazing.

I think this drama is greatly underrated and underappreciated, so I want to encourage those, who enjoy funny, heartfelt, romantic dramas with peculiar and unique plot, to watch this one and decide for yourselves, if it's worth your time. I certainly think that it is, but that's just me :)
Read More",출사표
16,"Cute couple
I finished this drama because Seo Gong Myung and Goo Se Ra. I loved their interactions and how natural and comfortable they were with each other in their relationship. This is the first time that I watched Nana and Park Sung Hoon in a drama and I think they did well. I hope to see more dramas from both.

I am not much into political dramas so wasn't into that part of the story much. It was quite frustrating that Goo Se Ra did not get any credit for her work, it was always snatched away from her in the end, but I think it was realistic as she was not a politician and quite naive on how politics worked.

So going back to Gong Myung and Se Ra, I liked how they supported each other throughout everything.
Read More",출사표
17,"Quirky Take on Politics
This certainly wasn't a drama that was about taking itself seriously. I like the style of this drama but the execution of the plot was inconsistent at times. Being silly, in essence, gives the drama leeway on this fact.

I was onboard with the quirky female lead because it was a new take on the typical K-Drama Kongji & Patji dramas. She's a lot stronger FL than most, and not trampled on hardly at all. Her setbacks are all situational and manipulated but not from a specific case of those ""out to get"" her.

Towards the middle her character turns less dogmatic about the things that drove her choices which felt a bit out of character. Even the ML pointed it out in passing a few times. I was irked a bit, but they brought her back around to be more in character, and she never lost her passionate side or strength one time. Being quirky sort of meant spacy and she flies from one train of thought to the other but not in a ditzy or chaotic matter. It's just more messy at times.

The ML is stoic but with a heart of gold. He's the calm in the storm. The passion for doing the right thing match the FL, and they make great leads with wonderful interactions that come across genuine and natural. It's refreshing, and the drama around them drives them forwarding as characters rather than stymie them.

This was a fun ride although the ending felt as if they production didn't know how to end things. The time jumps were a bit awkward, and the characters either when in a strange direction or ended up, after all that forward movement, back to where their character's personality was before everything started. But, again, this is on the quirky side so it played to the style of the drama. I just prefer to have a more wrapped up ending.
Read More",출사표
18,"Usually drama-watchers value script and acting over other important factors and that's usually fine considering its television but I've seen some comments about how “weird is the direction” and that made me curious. After watching, I can definitely say I love the way is directed but also can understand how “weird” it may seem cause it goes a bit out of the way is usually made.

Direction in K-Dramas can be tricky considering it can vary from genre to genre and it's the one who should be one of the most valued (as it usually goes with movies for instance) because it sets the tone and the rhythm for the whole thing. A drama like What's Wrong With Secretary Kim for instance, the script in there isn't exactly the most groundbreaking and interesting (and I like that drama a lot) but what really makes it that watchable and fun is the (no, I'm not going to say the Park Seo-Joon shower scenes!!) directing work and, of course, the great actors who portray the main couple with that amazing chemistry. In here the direction really helps to maintain the sarcastic and sharp tone that political comedies usually go for in movies, but is not heavily handed like let's say Something in The Rain, where the director in that probably wanted to make a -hour long art house movie and it was hard to go through the whole thing without feeling bored or frustrated.

Everything in this drama is well-balanced to the maximum of its own strengths, which don't exactly make it a perfect drama, but a very solid watch that you can be sold to the idea by moment one or confused and annoyed right-away too. As for script and acting, Nana really nailed it, her character is fascinating cause it goes against the 'screaming quirky female lead' towards something more of a 'chaotic good and loud female lead'. She is really charismatic and even if she is supposed to be this annoying lady, it's so hard to be annoyed by her (at least for me). I'm not familiar with the male lead actor, but he made a good job too and their chemistry was really matched, specially with clever changes in dynamics. The reverse 'male boss — female secretary' was so fun to watch and now I want a whole show of that, please a reverse Secretary Kim please please Korea.

Now concerning Romance X Political Plots. If you're in for romance and romance only, you may find yourself a bit frustrated considering the show isn't % focused on that aspect (it's more or less /) even tho the couple smooch each other a lot in the kissing scenes. And yeah, there is a bunch of political plots and sub-plots. Not that Serious Political stuff, because they deliver most of the comedy tone in those, so it's a lightweight watch with a few low points and a frenetic rhythm. Give it a try, if you're still not feeling it by episode  or  you can drop it without guilt.
Read More",출사표
19,"Weird in the best way
Into the Ring is a really cute story. If you’re in the mood for an underdog tale or if you’re having a bad day and just want to watch a girl and her long lost best friend be adorable, I’d totally recommend. But when it leaves the main cast, it’s not nearly as fun to watch.

At first, I think this show knew that its strength was the couple at the center, and it never strayed away from them for very long. While not laugh out loud funny, the directing was off-kilter in a good way and the heroine was delightfully weird. I even liked the some of the odd side characters. The female lead’s two friends and the little boy they babysit are all fun to watch, though I wish we got to know them more.

I’ve been trying to pin down what didn’t work for me. It’s not the writing; I think the plot moves along pretty well. The story wasn’t slow, but it was just kind of boring… the cute scenes stopped being enough for me after a little while. The villains are the corrupt politician types, and while I think Ahn Nae-sang was good in his role, I didn’t particularly like or care about him or any of the other sketchy politician people.

Nana was pretty great, especially at the beginning. I'd totally watch Park Sung-hoon be a serial killer. These two made this show watchable. The OST is low-key, but it's got a couple songs I really liked.

All in all, Into the Ring was alright; it just needed a more compelling main conflict. It’s a simple show with some really sweet moments that I think I’ll remember it fondly.
Read More",출사표
20,"Boring as hell
I don't understand why this show has such a high rating and so many positive reviews.

The show was so boring that I couldn't stand it. I dropped at episode  and picked it up again to give a change... should have dropped it at episode .

The premise was boring, the characters were uninteresting and you couldn't care less for the story progression.

There was no chemistry between the main cast... The premise of abusive main heroin doesn't sound very appealing for me.

I watched the last episodes while browsing my phone and fast forwarding just to say that I completed it and give it a fair review.

I feel like there was some hype around a specific actor or actress and that's why there is so many 's reviews, there is no other way to describe why is the rating so artificially inflated.

This goes to one of my worst kdramas that I've watched.
Read More",출사표
21,"Cute Political office Rom Com
I started watching this after I saw Park Sung Hoon in Diary of a Psychopath and he definitely did not disappoint in this one! His character is totally the opposite to that as he plays a cute, shy office worker here.

The two main leads have really good chemistry and there were some really cute and funny moments between the two. I love Nana's cute laugh and her acting was really good.

 this was a pretty easy to watch drama. A bit on the political side but it was interesting as you see the tough side of being a politician. The storyline was good though the last two episodes might be slightly draggy to some who get bored really fast. But like I said, it was an easy watch so I was ok with it.

Also, this drama had nice OSTs.
Read More",출사표
22,"Final thoughts on Into the Ring and Goo Se Ra
You know I love me a great romcom and ""Into the Ring'' will sit very high on that list. OMG I absolutely loved it. Besides a great story, excellent cast, and the fact that it was hilarious, what made this drama really special was Nana's character Goo Se Ra. What an amazing character! Nana is obviously an amazing actress and this is my first drama with her in it. Goo Se Ra was super funny, quirky, and had a heart of gold! A few things I loved about her were her facial expressions and her laugh. Her laugh was addictive and whenever she got heated up or would turn mischievous her facial expressions were the star of the show. As you can tell I fell in love with Goo Se Ra lol! All the other characters were great as well, especially her love interest Gong Myung, they had some really cute interactions with each other as well as making me smile and laugh like crazy. A last point was that it had an excellent ending as well. I would definitely recommend this drama! I will so miss Goo Se Ra, one of my favorite female characters to date!
Read More",출사표
23,"The politics plot wasn't realistically portrayed but we still get to see the insides of it. My least favorite side of the sorry if I'm being quite honest. The family, the friendship, the good vs evil, and the love between the main leads are what kept me hooked.

There were a lot of things that weren't shown or revealed but I think that's part of the beauty of the story like we can't judge people until you know the full picture and the writers gave us a chance to draw conclusions on our own.

The main character, I loved Sera. She's not perfect but tries her best, not smart but knows what's right and wrong. She loves her friends and family without showing it. The only thing that I didn't like about her was how she was really physically aggressive towards Gong Myung.

Gong Myung was stoic but with Sera with him, he found the perfect balance. I just love their relationship. There should be more couples like this in Kdrama, couples who talk about their problem and resolve them immediately.

The OST in this drama is one of the best!
Read More",출사표
24,"serotonin boost
Usually it takes me  to  weeks to finish a drama but it only took me  days to me finish watching Into The Ring. I honestly enjoyed every second of this drama, most of the time I was giggling like a child because of sera and gongmyung. I love their banters so much and the little things that they do for each other. The way that their relationship developed feels so natural, they were also able to bring out the best version of themselves together.

The story was a good balance of politics, romance, and comedy. the characters were interesting and a breath of fresh air. Goo Sera embodies the youth of today, hopeful and determined. Seo Gong Myung is also a refreshing male lead. He may seemed stoic and uptight but he was just shy and cute bean. I was always looking forward to the scenes where he's smiling.

On other rom-com dramas, when the leads are already together, their relationship becomes flat and corny. However, Sera and Gong Myung were able to maintain their good dynamics. Their on-cam and off-cam chemistry is also cute! I'm also glad Sera and Gong Myung were able to avoid that cliched i-love-you-but-we-need-to-break-up plot around ep / skjdksd. Their healthy and supportive relationship is definitely the best among the kdrama pairings!

Into The Ring is undoubtedly one of the best dramas this year and probably my current favorite rom-com drama. Bonus points on the cinematography, loved the wide-angled shots!
Read More",출사표
25,"Cutest couple of 
Cuteness overload, ambition, political, friendship, unique camera angle that works perfectly fine are the few things that first come to my mind when I think of 'into the ring'.

It's a hidden gem. It's simple and fun. The leads are adorkable, I mean they both are dorky and cute in their own way. Best casting. I loved all the characters. Especially the female lead, i adore her. This is my first time watching a drama about a young female lead with a political career. I want a political representative like her for my city.

Everyone who watched this drama is going to talk about the camera angle. It's different, most of the people loved it, I am one of those people. I don't want to say a lot and spoil the fun, but watch the drama, it's one of a kind.
Read More",출사표
26,"the right amount of everything
no doubt for this show's originality. it was really refreshing to watch something about politics and not in the way most k-dramas portray it (which is usually super dark) honestly thought i wouldnt even sit past  episodes but i just kept on watching and suddenly im on the last episode ? where did the time go..

i've seen nana in kill it & that was super great btw which is how i found out abt this show and the poster alone looks interesting to me. i've never bothered to read the synopsis and honestly thought this show was about boxing or something LOL it was funny when i realized its about politics. this show had a consistent pace to the end which most dramas fail to have and its one of the reasons why i even managed to watch it till the end WITHOUT skipping scenes too !! probably the only entertaining drama about politics that isnt boring.

I don’t have much to say regarding this drama because it was genuinely a good one to me and I loved every bits and wits of it. Its definitely worth the watch and I would recommend this to people.
Read More",출사표
27,"Uplifting, beautiful and heart touching
If you truly want to watch something that will touch your heart and inspire you to never give up, this is it. Something about it was just truly perfect.
Especially the first three episodes, they were truly awesome. Also, something about this drama reminded me of The Good Place, I don't know if it was the background music or the cinematography and content material, but it did.

Honestly, I like that the drama did not make Goo Se Ra into a magical character and that most of the policies she pushed for may or may not have passed through- but it still made me believe that we can truly do anything if we put our mind to it.
Seo Gong Myung was a truly wonderful character. The relationship between the two main leads is something I truly cherished.

I love the secondary characters, especially Ja Ryong. They were cute. And so was helmet-ahjumma.

Give it a try.
Read More",출사표
28,"A light hearted Romantic Comedy
Why I liked this drama?
As I mentioned in the headline it is a light hearted Romantic Comedy. The chemistry between the leads is really good. The moments they spend together will make you feel happy. Nana did a really great job by acting as a person who refuse to give and thinks what is right for the people. Our ML plays a role of a supporting friend/collogue/boyfriend who believes in FL and motivates her. The start was slow but it got better during episode -.

Why I disliked this drama?
Can't really say disliked but not got satisfied with it. First the starting few episodes were slow then it got better so you need to have patience to get to the good part for - episodes.
Second, the role of ML was not that focused, the writer and director could have used the actor's potential a lot better.
Third, as this is a romcom and a political drama the romcom part is good till episode - then this drama mainly focuses on the political part, we get some cute moments between the leads but they are not that much if we compare this with other romcom.
Fourth, the ending, we didn't get to see how much our leads have progressed in their relationship, the second half of the last episode was mainly focused on the side characters, which didn't have that much story to tell, they could have focused on the ML or the relationship between the leads.

 this was a good but not great drama, if you like light hearted romcom then you must watch this. Both our leads have done a great job especially Nana, you will love her here after some episodes. If this drama had focused on romcom more in the last - episodes, I would have given it a  but now my rating is .
Read More",출사표
29,"truly a hidden gem: a breath of fresh air
there is no better way to describe this drama than a ""hidden gem."" I had heard the name once or twice, but truly dismissed it until I had some free time and I wanted an ""easy watch."" I was so pleasantly surprised by this drama. the story and characters were lovely, I found myself crying nearly every episode, whether it be from a moment of melodrama or some of the many moments of pure hope and human connection that the story highlighted.

however, what really stood out to me about this drama was the atmosphere. the producers knew exactly what ""vibe"" they were going for and fully committed in a way you see so rarely. it had a very unique, whimsical style to everything from the dialogue, to the cinematography. it was visually a delight to watch.

a narrative of finding your place in the world, and learning how to use your talents and passions to add value to the community around you...this drama was truly a breath of fresh air.
Read More",출사표
30,"okay je la~~~ at first i thought this was an all romance drama but turns out theres politics in heree. it was finee, it was okay cause like the first few eps made me really curious abt the storyline. and the politics in here wasnt so heavy so its okay but nothing too great. but then halfway thru it kinda got slow to me and felt boring to me, but it was still kinda okay to me. the romance between the leads were also quite off to me, like they kinda lack the chemistry of being a couple. it wouldve been more fun and just fine if they just stayed without having any romantic feelings eventho i knew from the start that there will be romance here hahagahah but yea just imo. the last few eps were hard for me to finish em hahah but i did it anyways and overall it was just an okay one, not too heavy or light
Read More",출사표
31,"I love each of these characters, I love the main leads. Watching their cute scenes makes me wonder, am i watching a real couple or they were just acting. Because it felt so real!

I love the story as well, usually, the man would be the strong-minded one. While in this drama, it’s the opposite. About the pace of the drama, I think I’m fine with it, it's not too slow nor too fast.

I adore how NANA portrays her character, she's cheerful, she did not give up when it seems like she's not favorable to run the office.

While the man leads, he might seem like he’s not a strong character but he is! It just that’s how he appears as. I love that he always be there for her, when she runs the office.

When IRL, the woman is portrayed as the one behind the success of the man, this one is the opposite.
Read More",출사표
32,"Why Gong-myung is the main character and why Memorials is an appropriate title
Nana was absolutely excellent in Memorials (Into the Ring). To a few people, she singlehandedly carried the show as its loud and over-the-top heroine. I think, however, that this is a mistaken perspective. Restraint does not coincide with inferiority, and I’d even argue that Gong-myung has a larger role than Se-ra.

Why? The Korean title of this series is Chulsapyo, which is a transliteration of Chu Shi Biao. Chu Shi Biao is one of the letters sent by Zhuge Liang to his new emperor, Liu Shan, and it provided advice towards the proper way toward ruling a kingdom. It took the final episode for me to connect the dots, frankly, but Gong-myung is the Zhuge Liang of this series. That’s why Se-ra was quick in saying that she liked Kongming. From the very beginning of the series, Gong-myung has been a disciplined and fastidious civil servant. He got demoted from his role in Planning and Budget because he called out the reality that they no longer had any money to spend, and therefore had to be more conservative with spending.

Even though he was thrown into the service center, he does not mince words with people yet does his job to the best of his abilities. While others gave up from Se-ra’s pestering, he dealt with her complaints even when there was no one else in the office. It is from this anger that he had his petty revenge on Se-ra, who was again fired because she did not have any powerful backers.

Despite this, however, he wasn’t the one who fired her from the service center: in fact, it was his father who, even early on, was such a master manipulator: he removed Se-ra from her job and offered her work through his connections that he planned to use later on after she decided to run for office. Knowing that they no longer had a budget, he initially dissuaded Se-ra from pursuing politics. However, when he realized that while she initially pursued a position to be paid, she also wished for politics to effect positive change, he became steadfast in his support toward her. After all, power should be given to the person who wish to avoid its trappings.

When she gave up for Eun-sil and drank her sadness out, he was there to give her support and take her home. In fact, even though she gave up for a better candidate, she had his vote. He provided her with the relevant information regarding the municipal bonds, and even when she was being ostracized by her other peers in the assembly, he had quietly provided his support by looking over her ordinance and celebrated its completion even though her credit was stolen from her.

There’s a later episode where Se-ra talked with Bong Chu-san regarding how one person’s faith in you can make anything tolerable, and while Gong-myung wasn’t vocal about it, he had always silently supported Se-ra and called her out whenever she started to stray from the right path. By this time, Se-ra had quite obviously fallen for him. What makes their pair so dynamic is that Gong would have been ignored by most women because he doesn’t do obvious things, but Se-ra doesn’t: many people only see the charismatic, but fail to see that every productive leader has a master strategist behind him. And Se-ra sees this and appreciates it: “You can do this, Koo Se-ra.”

He is, however, unafraid to call her out when she’s blinded by frustration or money. In this manner, we slowly see the relevance of the Chu Shi Biao: Se-ra can be thrust by her emotions, but the cool support by Gong reins her in. There’s a pivotal scene in Episode  where, after she chose to work for her responsibilities instead of being driven by money that Gong rewards her for her ordinance. She confesses to him after this because she sees his value.

As someone who lives a relatively fastidious lifestyle, I can relate with being unappreciated. I’m considered as uptight and too disciplined, and I’m not very obvious. To be appreciated the way Se-ra appreciates Gong, however, is something I’d love to experience. This theme will recur over the course of the following episodes. When Se-ra’s being affected by her emotions, or by rejection after rejection, Gong’s quietly in the background and provides both intelligence and support. When Se-ra was doubting whether he had feelings for Hee-soo, he clarified despite his awkwardness. Later, when he saw her being harassed by a drunk, he stopped the drunk and brought her home, and even gave a most insightful observation: Se-ra, it’s okay to be over-the-top as long as you do the right thing. That’s you, after all. This scene was perfectly acted by Nana because Se-ra was so touched by his insight and kindness, she asks him “Want to go and get a shot to eat?”

After the opposing party broke their pledges to her in the following episodes, Gong was around to comfort her. She confesses a second time to Gong, and gets rejected, not because he didn’t like her, but because he wanted to be certain of his own feelings. Personalities like ours (INTJ/ISTJ) often take our time with relationships, because from the very beginning, we don’t want to waste our time on things we would see as failures anyway.

Later, Se-ra picks up his advice, almost naturally, even. “Something that only I can do,” first came from Gong, but becomes Se-ra’s battle cry even when she was being attacked from all sides. A wonderful trait of Se-ra could be seen repeated over many episodes was that she was willing to defer to expert authority, and this is a trait of true leaders. She knew when she was out of her depth and respected her lack of wisdom.

When she was voted Chairman, Gong was assertive in protecting her from the machinations of his father. His support then becomes even more obvious, even until the end: if he did not choose to come clean with his past and crucify himself in the process, Son Eun-sil likely wouldn’t have won the elections.

I’d like to point out, however, that Se-ra also had a huge positive influence in his life. It was most manifest in Episode . When he discovered that there were memorials (!) of his brother, he was distraught because it reminded him of his father’s treachery and his past. What she did (impulsively, as always) just to be with him was also noble and typical of her character. Sometimes, even the master strategist needs to be buoyed with love and kindness. However, Liu Bei wouldn’t have gone as far as he did without Zhuge Liang, and because of Zhuge Liang’s prudence and emotional stability, Liu Bei was a far better leader.

Many people have already shown that Se-ra and Gong have one of the healthiest relationships in K-drama. I agree with them. More importantly, however, Memorials is one of the most well-written series I’ve seen, which is no surprise since it won Best Screenplay in a contest. And yes, Gong-myung is actually the main character.

This is one of my absolute favorites. It ranks alongside My Mister. It is an absolute masterpiece.
Read More",출사표
33,"Great watch. So underrated
I have finally seen NaNa again since Orange Caramel and I’m happy to see a funny side of her after she starred in a Tragedy drama in “Kill It” last year; Same with Park Sung-Hoon with his transition as the cold-blooded murderer character in “Psychopath Diary” early this year to a still cold-blooded being but with a Tsundere personality civil service worker and love interest of NaNa’s character. This humorous political, romantic comedy was so fun to watch to the end and an underrated one for sure.
Was this review helpful to you? Yes No",출사표
34,"Nancy Drew
Yes! Goo SeRa is the Nancy Drew of Korea. If you into Nancy Drew kind of stories then I bet you will surely enjoy watching this. It’s a mix of investigation, romance and comedy all combined. You will laugh, get mad and be in awe all at the same time.  I really enjoyed watching this. And the Leads had Soo good a chemistry that would make you end up believing they have known each other for a long time. I scored rewatch value at  because I’m not the type to rewatch a drama. I hope you truly watch and enjoy it like I did.
Was this review helpful to you? Yes No",출사표
35,"Best Drama I've Ever Watched
I've been watching kdramas forever and Into The Ring is one of the only ones that kept my interest the entire time. I didn't find myself skipping around and every plot point was interesting.

The FL was amazing though honestly at first I didn't know if I could watch her for long. She's over the top and blunt but to a realistic extent. The ML was also amazing with his interesting backstory and chemistry with the FL. I loved every character that came on screen and found myself sympathizing with even antagonists. Characters were also flushed out and every character had a clear propose and wasn't just there to fill up time.

The camera work in this drama is phenomenal too! So many interesting shots that add layers to what you're watching, especially when paired with this shows beautiful music.

The one thing about this show is that, at least for me personally, this show isn't focused on romance as they are on what people do for those they care about. The overall story of this is more based on politics and the tone is overall the average person vs the government. Especially towards the end I felt like the focus shifted away from the relationship and more towards the other plot points but I felt it worked very well.

I would urge anyone to watch this show even if romances aren't typically your thing! It's definitely.a show many can enjoy!
Read More",출사표
36,"That’s what we need!
What a gem! Super well made, great cinematography, witty, full of subtle emotions and bold colours. All characters are brilliant, great acting all around. Most importantly, there was minimal use of tropes - thanks goodness! The storyline was delivered neatly, with no need for sausage filling.
This drama is super smart, and I will be looking out for more such good work coming from the writers and directors.
This is the kind of drama we need, enough of tired (and tiring) formulae. Let us use our brains, let us laugh out loud. Let the characters have personality.
Read More",출사표
37,"Must watch!
A superb drama! Acting just so good by everyone - two leads were just so natural and believable- wonderful chemistry. Nana was just standout- such an expressive face conveying all emotions so well and such a lovely laugh! Same with park Sung- hoon - great to see his character soften as his relationshio with Nana developed and again so believable.
 flowed nicely and was laugh out loud funny so many times! Plus for once the bad guy wasn't forgiven - so refreshing!
Well worth watching!
Was this review helpful to you? Yes No",출사표
38,"Get over a rough start to get to the greatness of this drama
Well, it's a political drama. So you know there are bound to be corruption with the higher ups. No surprise there. But don't let that stop you from seeing the great things this drama has to offer.

Let me first off say, yes the female is a loud & opinionated character, but that's what makes her so special. She stands up for herself and for all of the other voices that can't be heard. Normally I would be annoyed with characters like this but this one, I just like it. I like the determination in Goo Se Ra. It makes sense because it's about her running for a seat in the district seating council. She has to be loud. She has to make herself known because remember she's just an ordinary citizen with no political background. While her motive does seem selfish at first because of the money, she does try her hardest to make an impact not just to her fellow council members but also the district she represents.

I just love how big the support the ML & FL have for each other. I just love all the moments of Seo Gong Myung being supportive to Goo Se Ra and vice versa. They just know when to be there when one of them needed each other. This is why there are so many romantic, sweet, and cute scenes further in the drama. They are the couple of the year for me. Some may be annoyed by Goo Se Ra's friends and family at first but trust me, they get on board with Se Ra after seeing how serious she wants this. They are very supportive and loving and you'll get use to them as you continue watching.

I applaud the writers for returning the minor characters that was from the beginning. Examples are like the Son Eun Shil, the candidate who dropped out in the beginning only to return in the end to win chief position and the girl who got fired because Se Ra wanted her old job back after being let go. Even though it's minor, it gave closure to these characters and for me, I consider this as good writing as this was thought very well.

Some setbacks I had with this drama:
- The last  ( mins) episodes seemed very random. The plot seemed to flow well until the last week of airing. All of the sudden, things are being thrown at us that just didn't make sense because the past several episodes didn't lead up to it. Not even a hint that this (ex: election campaign for Chief) was going to happen.
- nd leads seemed very useless. I just didn't see the importance of their character. Yoo Hee Soo was a confusing, annoying, bothering second lead who you couldn't tell if she was friend or foe because her character was all over the place. Kim Min Jae didn't have much a purpose in this drama either other than being Se Ra's ex. At least his character went in a direction where you could tell he was becoming a better person.
- Ending was good but not my preference. I would've liked it ending with Goo Se Ra and Seo Gong Myung together but at least it make sense on how it end.

But besides that minor setback, definitely give it a try. If you want romance, there's a good amount of it between the leads once you overcome the first several episodes. It paints a good message: Even though there may be a lot of political corruption, it takes one to not have that mindset and make a good difference and change in many people's lives. It also takes one to be that support one needs to make a better change to the world.
Read More",출사표
39,"One of the cutest.
Hi guys. I actually have done watching it a long time ago but decided to write a review now, so basically this review solely based on what I remember (or maybe the impression I get from this drama?)

So, most drama will have a break up towards the end right, but this drama NOT! I'm gonna give a ⭐ for that.

Second, if I remember correctly, their relationship is healthy too. Not to forget about, they are so cute together. I mean, the ML confession is so cute ""I waste lot of my time searching for this place because of you"" (something like this I guess) I wanna cry😭😭 like, he is kind of punctual and strict with time, but he spent his time to search the girl secret place (based on  picture for a few hours, dang it🥲). Another ⭐ for the effort.

The FL was bubbly and easy going. She is beautiful too😭😭😭 I cannot forget the way she bring a whole town to support and vote her😂 The ML on the other hand is kinda reserve and cold kind of male lead. But he is actually very caring towards FL. He is cold but not a jerk. Just kind of shy? For visual wise, I actually think he kinda cute and handsome. Not your usual flower boy for sure. One ⭐ for the cast.

For the plot, just like I said, I watch it a long time ago so I don't really remember it now. I think it's not heavy at all, just some light politics (touch a littleeeeee bit of discrimination against woman in politics). You can see the journey of the FL to get the position. There are some up and down, but still enjoyable. Anyway, it's easy and fun to follow. Because I like a light drama, so a ⭐ star for it.

The ending was cute and funny in my opinion😂they are not married or something but it's relate with FL job. Anyway, it's fun in my opinion💘😂 one ⭐ for it.

+ A lot of fluffy moment too.
+ You might find the FL hair a bit messy, but her face save it all LOL
+ They don't have love triangle. For misunderstanding, I think they might have, but just a light one maybe? (Or maybe doesn't have at all? I dislike silly misunderstanding and the fact I still really enjoy this drama, maybe because it doesn't have misunderstanding)

I cannot remember what I dislike about this drama, so I won't write anything about it.

I think that's all. If you aren't sure whether to go for it or not, maybe try a few episodes when you have nothing to watch? It's sure going to be a fun ride. Enjoy!
Read More",출사표
40,"And The Honorary Genre: Political Jokes
Never thought politic and comedy could be mashed into one, but here it is!

Into the Ring shows a story about an eccentric, honest, sweet and perhaps a bit naive lady named Goo Sera, who, by some chance, became a member of a council in her own ways which will make you grimace and smile and shed a tear. In this council, her adventure, filled with comedy-laced-action begins. Now she must balance her life as a council member, a daughter, a friend, and a girlfriend. It was serious, but hilarious. Sometimes you'll think you've never seen a stronger woman than her, sometimes you'll just wanna shake her so hard so she can think straight.

Meanwhile, Seo Gong Myung, our main lead is such a gem, such a sweetheart. I'll marry him in a heartbeat, and maybe after you watch this, you will also find him super lovable and be as lovesick of him as I do.

Also! The member of the Council are all packed with their own personalities, which makes this drama all the more alive and fun to watch. Good one, this!
Read More",출사표
41,"Great combination of Political Satire and Rom-Com.
নায়িকা প্রচুর সৎ! প্রচুর নীতিবান। এতই সৎ আর নীতিবান যে তার জ্বালায় কেউ শান্তিতে একটু অপকর্মও করতে পারে না! যেখানে অন্যায় দেখবে, সেখানেই নাক গলাবে, প্রতিবাদ করবে, সিভিল সার্ভিস অফিসে কমপ্লেইন করবে। এজন্য তার নামই হয়ে গেছে ‘কুইন অব সিভিল কমপ্লেইন’! এরজন্য প্রচুর ভুগতেও হয় তাকে। গ্রাজুয়েশানের পর থেকে এখন পর্যন্ত ১০ বার চাকরি গেছে তার। সোশ্যাল গাদারিং-এ কেউ তারে পাত্তা দেয় না। এমনকি ৯ বছর ধরে প্রেম করা বয়ফ্রেন্ডের সাথেও ব্রেকাপ হয়ে যায় তার। চাকরি, প্রেম সব হারিয়ে সে এখন বেকার, পথে পথে ঘুরে আর পার্ট টাইম জব খুঁজে!! 🤣🤣
নায়ক পঞ্চম গ্রেডের সিভিল সার্ভিস অফিসার। অর্থ মন্ত্রণালয়ের প্লানিং এন্ড বাজেট সেকশনে কাজ করত। কিন্তু প্রচুর ঘাড়ত্যাড়া। সিনিয়রের সাথে বেয়াদবি করায় তার ডিমোশনাল বদলি হয় সিভিল কমপ্লেইন অফিসে। এখানে তার কাজ হচ্ছে কাস্টোমার সার্ভিস এক্সিকিউটিভের মত। লোকজন ইমেইলে কমপ্লেইন করবে, সে তাদেরকে কমপ্লেইনের উত্তর দিবে, হালনাগাদ তথ্য জানাবে।
নতুন অফিসে নায়কের জীবনে একটাই বিষফোঁড়া- কুইন অব সিভিল কমপ্লেইন!! তার দিন কাটে, রাত কাটে নায়িকার করা নানা অভিযোগের জবাব দিতে দিতে। সে টাইমলি বাসায় যেতে পারে না, খেতে পারে না, ঘুমাতে পারে না। এরই মাঝে নায়িকা একদিন নায়কের অফিসে ফ্রিল্যান্সের হিসাবে পার্ট টাইম জব খুঁজতে আসে। আর নায়ক সাথে সাথে তাকে হায়ার করে নেয়! তার উদ্দেশ্য ছিলো সিম্পল। নায়িকা বেকার বলেই দিন রাত এত কমপ্লেইন করার টাইম পায়। এখন যদি চাকরি-বাকরি কিছু একটা করে তাহলে এত কমপ্লেইন জানানোর টাইম পাবে না! সো, ইউ আর হায়ারড!! 😅😅
কমপ্লেইন আসা তো বন্ধ হলো। কিন্তু এতদিন ধরে যে নায়করে জ্বালাইছে, এটার শোধ তোলা লাগবে না? নায়ক কারণে অকারণে নায়িকারে খোঁচায়, হুদাই প্যারা দেয়। তাও নায়িকা সব মুখ বুঝে সহ্য করে নেয়। কারণ চাকরির বাজারে আগুন। কিছু করার নাই! তাও শেষ রক্ষা হয় না। ডিস্ট্রিক রিপ্রেজেন্টরদের (আমাদের দেশের হিসাবে ধরেন সিটি কর্পোরেশনের কাউন্সিলর আরকি) একটা বিলের বিরোধিতা করতে গিয়ে আবারও চাকরি হারায় সে। রেগে-মেগে সে ডিসিশান নেয়- বহুত হইছে! আর করমু না চাকরি! রাজনীতি করমু এইবার! ভোটে দাঁড়ামু, নির্বাচন করমু! তারপর জনগণের ট্যাক্সের টাকায় আরামসে বেতন গুনমু! গেস হোয়াট, ভোটে জিতেও যায় সে!!! 🤣🤣
প্লট টুইস্ট ১- নায়কের আবারও ডিমোশনাল ট্রান্সফার হয়। এখন সে ডিস্ট্রিক রিপ্রেজেন্টরদের অফিসের সেক্রেটারি! মানে নায়িকা এখন তার বস! তাদের মিটিং চলার সময় নায়ক চা-নাস্তা দিয়ে আসে! তাদের খাওয়ার পরে বসে বসে কাপ-পিরিস ধোয়! মিটিং-এর এজেন্ডা প্রিন্ট করে। মানে বস থেকে কর্মচারী হয়ে গেছে আরকি!! 😂😂
প্লট টুইস্ট ২- নায়িকার ভোটে দাঁড়ানোর পিছনে একটাই উদ্দেশ্য ছিল- মাস শেষে নিশ্চিত বেতন। কিন্তু ওদের ডিস্ট্রিক কিছুটা আর্থিক সমস্যায় পড়ায় সব রিপ্রেজেন্টেটর মিলে ডিসিশান নেয়- এইবার তারা কেউ কোন বেতন নিবে না। নায়িকার আপত্তি কেউ কানেও তোলে না! ফলাফল- নায়িকা এখন ডিস্ট্রিক রিপ্রেজেন্টের, কিন্তু তার কোন ইনকাম নাই! সারাদিন সিটি কাউন্সিলে কামলা খাটার পর পেট চালানোর জন্য রাতের বেলায় আবার ডেলিভারিম্যানের চাকরি করা লাগে তার!!! 😂😂
প্লট টুইস্ট ৩- টোটাল রিপ্রেজেন্টেটর ১৩ জন। টোটাল রাজনৈতিক দল ২টা। দুই পার্টিরই ৬ জন করে মেম্বার। নায়িকা জিতছে স্বতন্ত্র পার্টি হিসাবে। সে একা, ফলে তারে কেউ গোণে না। তার কথার কেউ দাম দেয় না। তারে কেউ কথা বলার সুযোগ দেয় না। তাও সব মাইনা নেয়া যাইত। কিন্তু তারে কেউ বেতনও দেয় না। এত শখ করে ভোটে দাঁড়াইয়া নির্বাচন জিতছে, কিন্তু তার অবস্থা এখন- ছেড়ে দে মা কাইন্দা বাঁচি!! 🤣🤣
এতক্ষণ যা বললাম তা শুধু প্রথম ৪ এপিসোডের কাহিনী। এরপর বাকি ১৬ এপিসোড পর্যন্ত নায়িকার স্ট্রাগল, নায়কের সাথে তার খুনসুটি, ধীরে ধীরে তাদের কাছাকাছি আসা, প্রেমে পড়া, তাদের দুষ্টু-মিষ্টি প্রেমের গল্প আর প্রচুর প্রচুর পলিটিক্স! পুরো ড্রামা জুড়ে একটা জিনিসই অনুভব করবেন- রাজনীতিতে ভালো মানুষের কোনো দাম নাই, চিরকাল বন্ধু বা চিরকাল শত্রু বলে কোন টার্ম নাই, সবাই নিজ স্বার্থ হাসিলে ব্যস্ত। অন্যান্য হ্যাপি এন্ডিং-এর ড্রামা শেষ হয় নায়ক-নায়িকার বিয়ে দিয়ে। কিন্তু এই ড্রামা শেষ হয় নায়িকার শপথ নেয়া দিয়ে- আর জীবনেও পলিটিক্সে জড়াবো না!
আগে কোথাও কখনো এই ড্রামার কোন রিভিউ পড়ি নি। ড্রামা শুরু করার সময় তেমন কোন এক্সপেক্টেশানও ছিল না। কিন্তু শেষ করলাম চমৎকার একটা স্যাটিসফেকশন নিয়ে। হাতে সময় থাকলে দেখতে পারেন। নেটফ্লিক্সে পাবেন। অথবা ড্রামাকুল কিংবা কিসএশিয়ানে। জনরা- পলিটিক্যাল স্যাটায়ার কিংবা রোমান্টিক কমেডি। অথবা এগুলোর মিশেলে কিছু একটা।
Read More",출사표
42,"one of the best Political-RomCom drama!
Into the Ring/Memorials is very satisfying and entertaining to watch, from the casts: (Nana) Goo-Se Ra, she is very talented actress and she deserves it! Goo Se Ra is so pretty and gorgeous on (any outfits, behaviors and hairstyles) she righteous and funny towards her dealing with life (she is my ultimate crush) and she has a sense of responsibility to defend things on her own and with her friends Han Bi and Woo Young plus Ja Ryong and they did very great in this drama. (Sung Hoon) Seo Gong Myung is very passionate and interesting man because he never settle things that might harm to any one, he is also responsible and good looking person even though he and his father Maeng Duk are in bad terms. The ones in the council assembly is very fun and also irritating (in a good way) because of many problems Mawon-Gu is facing yet they stick in connection (not in fair and just way) that might help the residents ain Mawon-Gu though their roles are well portrayed as well as Yoo Hee Su and Kim Min Jae.

Se Ra's parents are the best (very funny yet comforting funny the way they are communicating to each other) and also Maeng Duk, even though he is a workaholic person due to his plans and also the death of his second don and his eldest son (Gong Myung) can't handle him as a father). Se Ra and Gong Myung's romance in the drama is so natural (hope them to date) plus the OST's is very refreshing and well executed towards the different moods of every scenes. .This political-romance-comedy drama is very enjoyable and satisfying to watch because of fresh new plots and urge of stories. Hope to watch more dramas like these.

I will surely miss this drama (one of the best drama this ) and also Se Ra and Gong Myung. KUDOS TO ""INTO THE RING/MEMORIALS"" TEAM!
Read More",출사표
43,"Light yet deep, full of laugh out loud moments
Changed my whole perspective on politics, election and legislative assembly.
This drama revolves around the female lead taking part in the election and how the real legislature actually works. The behind the scenes of such institutions taught me so much about how hard it is to actually work in these institutions and how much of a mind game this can be.
Starting from the fact that this drama revolved around goo sera, a woman in a political world itself sets this drama apart from the million others. The story is really well written. The humor and chemistry of the couple is so fkn cute.The male lead was no way conventional, he was caring, smart and kind. A hard worker to the core. He is a gem for sure! I really enjoyed almost all characters, they were all super funny and also had some meaning and realness in them.The show has a very different vibe.
The osts were all very good. I loved the ost sung by siyeon! Such a mood booster and motivator.
The first half of the show was so enjoyable that I binged alot but the middle part became a little boring which is why my ratings went down.I had to force myself to continue watching.
But regardless of that flaw, I enjoyed watching this alot, highly recommended if you wanna learn something, laugh out loud and experience some (alot) of pettiness of politicians lmao. This is a perfect drama to fit the romantic comedy genre.

Read More",출사표
44,"Light hearted and amazing!!!
This is the only drama, that I look forward to weekend eagerly, even thought there are loopholes in it. Because it is light, fun, strong values and free of ex jalousies, and all the drama of separating a main couple. I have been struggling to find a love story that doesn't involve evil plotting of old ahjumas and second leads, but rather some sweet and bitter moments just like ""Some In The Rain"" or like this.

Its a must watch, Nana's improved a-lot, for Park I am seeing his acting first time, heard he was good in ""psychopathic diary"" but haven't watched it yet, but he is excellent choice for this drama.
Read More",출사표
45,"GOOD FOR THE HEART
AAAAAHHH I LOVE THIS DRAMA SO MUCH! I got hooked quickly. I loved the chemistry of the two leads. Ugh words can't even express how happy I am with this series. I was hesitant at first because politics is tiring. But no!!! This drama is different! I also love how women are empowered in this series. Goo Se Ra (female lead) is the real example of strong independent woman. Gong Myung also shines in his own. They shine together without dimming each other's light. I love how they help a lot of people and how they give importance to the underserved. The story doesn't contain much plot twists but it really got me wanting to watch more. My jaw and facial muscles are tired from smiling. I just smiled for  straight eps can you imagine that. Ugh. They're so cute, I can feel how comfortable they are with each other. I hope the next episodes are as good as the recent eps (or even better). I have no complaints!


Ily Gong Myung (added to my crush list already hehe) and Se Ra (you're my girl crush ever since). Aaahhhh watch this!!! Don't miss out on this!
Read More",출사표
46,"Refreshing Drama
The drama is lighthearted and slice of life, something we all need during hard times. The concept of local politics is quite refreshing bc I haven't seen it in a drama before. I enjoy the characters as well, they're somewhat realistic, especially Park Sunghoon's. He's not the cold, emotionless male lead that I usually see in romance dramas. He's more of an introverted, rigid guy, which is protrayed with realism. Nana and Park Sunghoon seem to match well as a couple, so I can't wait to see what happens between them. The directing is a bit wonky but I find the pros outweigh the cons.
Read More",출사표
47,"Its a drama that is calm and relaxing so far
Its a relaxing drama because it dosent dive too much in politics and environmental problems too much but it touches the surface in a nice and fun way. Love both the leads and how Nana is taking on different roles. The male lead also isnt too nice and isnt too much of a jerk at the same time that will annoy the viewers so far.

Its exciting and keeps you watching even though there isnt much suspense and drama. The romance between the two leads would be nice as the teo leads seem to have chemistry off stage too
Was this review helpful to you? Yes No",출사표
48,"Cinematically filmed with smart and sexy writing
The Director of Photography in this show is brilliant the framing, lighting and tonality is beyond compare. I know that it might not be everyone's cup of tea, but the wide shots and low angles are absolutely beautiful. You can pick up the different lighting tones for each character within their environment, female lead has warm colors, offset by shots of the male character living in cool colors. There's one scene that beautifully has lighting in the background that reflects the party colors of the people in the room. It's so subtle, but creates such an amazing atmosphere for the entire show.
This show literally sets the bar for other dramas, and I doubt any will surpass it .The sharp writing, a strong female presence and wittiness, this Drama is one of my favorites from . Worth watching for a tongue in cheek/cat and mouse political drama and intrigue full of thoughtful moments that don't get bogged down in melodrama.
The actors are also on point in every scene, and despite the romance being in the backseat, the playful chemistry is perfect. I've never seen Nana in anything before, but her facial expressions are pure gold, and her comedy timing is put to good use. Crazy amazing chemistry between the two leads, the like of which I have never seen before. This is a classic you'll want to watch over and over again.
Read More",출사표
49,"This made me laugh!
I found this one a bit different. Firstly ,the director or dp is fascinated by the go pro fishbowl shot ans and similar, but given the lighthearted take on the subject, it makes total sense. I had no idea honestly who Nana was or Ms Yoong aka the lead singer of the group (thanks Google ) but that made me approach this as a drama on its own merits. A few things I liked and a few I didn't. Regardless, it made me laugh. Clearly it was trying to draw attention to the truth in a way that wasn't confrontational, but it was the little things that I appreciated. Ep  for example, when they pose for a family photo in front of the new car, and immediately all strike a pose that shows exactly what they feel lol. Quirky, different, entertaining, and apparently some stars in it too! 😉
Read More",출사표
50,"This is boring
This was boring, the characters were annoying and the comedy factor didn't save it. I would not pick this up again and wouldn't reccomend to anyone, unless they like unoriginal, boring plots. The only reason I started watching it because the main guy is from Psychopath Diary and the main girl is from Kill it (I reccomend these drama over this one anyday, it's so good), these actors are great but this storyline is so boring that I couldn't continue. It's just a recycled plotline from every other romance drama. The comedy factor did nothing to add to the drama either. I do not reccomend.
Read More",출사표
51,"Okay, disagree with me if you must, but this is the first show I've ever had to drop
I pretty much disliked everything about what I saw of this show. The mood/filming was kind of dark, and it seemed like everyone was living a miserable life. The ML was non-descript with absolutely not expressions. And could someone please explain the haircut to me?!
The FL - when they write synopses for these kind of shows, this is someone that they would describe as quirky, or strong, or passionate. I would just say she was irritating.
You could see the graft of the government employees from a mile away and it appeared that was going to be the focus of the story. I was looking for romance. Every one of the characters was unlikeable, and I didn't feel like wasting my time to try to see if this show would redeem itself.
Read More",출사표
