,reviews,title
0,"Is There A “Trace” Of Hope With Actually Trying To Watch ‘ Tracer’?


Procedural dramas, particularly ones revolving around mundane subject areas such as tax evasion or bureaucracy, can be a bore for viewers. However whilst ‘ Tracer’ is still not unable to evade its more tedious moments, under the directing reigns of Lee Seung Young ( ‘ Voice ’, ‘ Missing Noir M’) and the writing tutorage of Kim Hyun Jung ( ‘ Who Are You: School ’), MBC’s ‘ Tracer’ possessed a surprisingly rigid plot motive from beginning to end.

The drama focused primarily upon male lead Hwang Dong-Joo ( Im Shi-wan). Formerly a disreputable accountant with his own personal vendetta , Dong-Joo ends up working as an investigator for the National Tax Service (NTS). However instead of ending up in a reputable and prestigious department of the NTS, Dong-Joo ends up being sent to division five; a dumping ground for undesirable and difficult cases by other departments.

Alongside the help of team investigator Seo Hye Young ( Go Ah-Sung), Chief Oh Young (Park Yong-woo) and his extensive knowledge into the field from his past , Dong-Joo is determined to stop at nothing in order to enact his own personal justice.

Kim Hyun Jung’s screenplay is notably dark in parts as well as primarily fixed upon the objective of the storyline. Whilst there are admittedly moments where certain overblown dialogue exchanges , Hyun Jung’s personal touch towards the series’ notably heartfelt plot moments and subject areas was surprisingly subtle, yet effective.

Arguably one of the star attractions of ‘ Tracer’ came through the casting choices. Im Si-Wan ( ‘ Misaeng: Incomplete Life’, ‘ Hell Is Other People’, ‘ Run On’) is particularly brilliant onscreen as main lead Hwang Dong-Joo;adding a surprising touch of charisma towards his role as the antiheroic main lead.

Costarring alongside Si-Wan was Go Ah-Sung ( ‘ The Host’, ‘ Snowpiercer’ and ‘ Samjin Company English Class’ ); a hesitant yet virtuous individual in the NTS, Park Young Woo (‘ Ditto’, ‘ My Scary Girl’ , ‘ Hwayi: A Monster Boy’ and ‘ Late Spring’) took on the part as the ridiculed yet talented Chief Oh Young, whilst Son Hyun-joo ( ‘ Tazza’, ‘ Secretly, Greatly’ and ‘ Empire Of Gold’) played antagonist and director of the Central Regional Tax Office, In Tae-Joon. All of the main cast were brilliant as our main leads; helping to flesh out and add a dynamic charm towards their onscreen personas.

However within the execution of ‘ Tracer’, the pacing could notably present a pitfall also. The drama’s attempt to stimulate the storyline’s narrative could often leads to the motives of characters, or the roles of key players rarely feeling elucidated. Perhaps this was also a consequence of a nonlinear narrative; rarely allowing certain moments for viewers to sit back and take in in the events of the storyline.

However perhaps one of the saving graces for ‘Tracer’ came through screenwriter Kim Hyun-jung’s ability to intertwine niche and predictable setups against moments which allowed opportunities to explore the wider scope of Dong-Joo. Whilst Hyun Jung could sometimes fall into a slightly cyclical pattern of a “ new dilemma” forcing Hyun Joo to keep on his toes, this did highlight diverging writing niches of characters being merely plot devices. Instead Hyun Joo and the supporting characters of the series were involved and attached towards the events and processes of the storyline; allowing opportunities in order to explore certain elements of character depth.

The dialogue is admittedly overblown in parts. However Hyun Jung did include some surprisingly witty and sardonic responses for Dong Joo, helping to personify his unpredictable nature to audiences throughout the series. The comic relief present in ‘ Tracer’ is notably an odd mixture between ferocious insults and name calling, as well as lighthearted and somewhat benign exchanges also.

‘ Tracer’ isn’t a series that will suit everyone’s personal tastes. However whilst ‘ Tracer’ focuses upon a notably mundane and simplistic formula, the execution of the narrative is surprisingly tactful. The acting performances are brilliant and solid throughout and whilst the finale helped to setup events for season two, ‘ Tracer’ is notably not without its more evident writing flaws here and there.  the first part of ‘ Tracer’ is notably a dynamic mixture of revenge, angst and wit in order to create a surprisingly entertaining drama along the way.
Read More",트레이서
