,reviews,title
0,"if you're like me and love watching thrillers and finding out things in pieces (i.e. secret forest, signal, even sky castle in the revealing formula) then this is perfect. i'm constantly searching for things that will stimulate me emotionally and scare me like the ride for secret forest did. they aren't comparable at all and stranger has some of the TIGHTEST writing i've ever seen but the thing about TRAP is that it's nuts and it's fun.

it would be more campy (although there's a bit of camp cos some of the shit is just SO BIZARRE) and bad tbh if the actors were bad. but they weren't. none of them were. it was honestly so fun to me to watch and i liked every twist and turn. is the writing perfect? i wouldn't say so but it's not AS bad as people are saying. it's  episodes dude like lmao. it's a short nuts watch and it's very good and very weird and that's the charm.

if ocn dramas are not your thing and i know for certain they are not mine because i find the human/emotional factor missing from all of them and would only watch when i dont want to think...but u like things that i do?? i would watch. it would get mixed reviews i guess but i guess i'm watching the drama from a different place than some which i s'pose we all are. but this show should get a  so in my head it has it. watchu mean 

so if you're looking for some thrilling investigative and if you like bloody weirdness along the way? i'd honestly go for it. never a dull moment that's for sure. and i loved being along for the ride lol

EDIT //: i think this drama was aiming for pure insanity and it worked
Read More",트랩
1,"First things first, it was a great choice making this a seven episode drama. In my opinion if this was  episodes, like some previous series like The guest and Save me, it would probably become a little boring halfway through and then it would be great again in the last few episodes.
Secondly, this was a series that I was (im)patiently waiting for every week. I loved the story from the beginning with that dark vibe that OCN knows how to handle. I liked all the twists that the show had to offer and the acting was good (in my opinion at least).
Finally, the whole psychopathy thing made me shiver as I though all of the characters previous scenes, including his intense feeling about sadness and sorrow and the will to avenge for everything that he lost. Even though this is not the first time that that kind of twist has appeared -and it will probably not be the last- the cruelty from the character and the understanding from the viewer that no matter what happened he didn't feel anything, was enough to make this show a great watch. I liked all the characters in this series and I would probably watch it again as it is, as I mentioned before, a seven episode drama.

The only complain that I have is the ending. I suppose that OCN is preparing for a new season, but I believe that if they had finished the series properly and without plans of making another season this would be even better.
Read More",트랩
2,"Wow, wow, wow. Perhaps I'm giving ''Trap'' a higher rating than it deserves, but I'm doing it for one specific reason - it is different. You know how a lot of thrillers are very similar, even though written and executed well, it's always pretty much the same - trying to find out who's the killer, plot twist, possibly catching the killer (who's most likely a serial killer). Plots like this ar often very interesting to watch, but despite this fact, they don't leave a big impression. ''Trap'', however, felt very refreshing. It is definitely something unique and unforgettable.

I am a big fan of psychological thrillers and out of everything I've watched so far, I think ''Trap'' did the best job when it comes to mixing these two favourite genres of mine. We have a very complex character(s) and extremely shocking and quite unpredictable storyline. I must say that I had a feeling about the plot twist since the first episode, but honestly, the whole truth was so freaking drepressing. The drama explores the darkest side of humankind to the point that it actually became a torture to watch. It just felt so uncomfortable to watch a person having no single feeling with such twisted mind... It was just horrible. I can't describe the feeling, it was just dark.

Now, I won't talk about the main lead at all, but I'll mention how AMAZING job Lee Seo Jin did at portraying him! I've seen him in variaty shows and he has such a cool personality and watching him acting was completely new to me, but he is such a great actor! I'm totally impressed with him. Of course, Sung Dong Il was good, too (he has been playing this type of character since forever lol).

As I see and completely understand, the ending disappointed a lot of people, incuding myself. I think they could have given a better closure to the story, the final episode felt too rushed and some things were left unexplained. I guess there's a possibility of a second season? I'm not sure about that though.

, I recommend ''Trap'' to everyone who likes thrillers, especially psychological thrillers. I believe ''Trap'' is an amazing show that just deserved a better ending. But yeah, it will be very hard for me to forget what happened in the drama, it left such a bittersweet taste in my mouth and I feel like the name Kang Woo Hyun will haunt me forever lol.

P.S: I really love the title of the drama! That was one hell of a trap!
Read More",트랩
3,"What was with that sappy and crappy ending? Lol seriously it was all over the place. Not all shows have to end this predictable! Anyway, ok it started out great I was completely engrossed. Most of the plot twists were good, but it kind of became a bit lack luster after the biggest twist after that it was all just pretty ok. The thing is the show's villains they alluded to hunting people and even cannibalism and rape at one point it should have remained dark. Like who went ok so we were talking about people hunters and chopped up body parts way too long so how about let's get totally cheesy now ^_^ I feel cheated. Anyway, for me it didn't quite have the impact of children of Nobody, Save Me, Circle, etc. But it was entertaining and had some great ideas and all .
Read More",트랩
4,"Clever Bait !!
Lee Seo-jin oppa is so scary…especially wen dat dimpled smile of his masks a murderous & ambitious nature. I had enjoyed Trap‘s twists and turns, even though I was a little put off by its outlandish beginning.

Although I suppose Woo-hyun’s final end  being drugged is a fitting ending for him? Woo-hyun with the Hunters Team are too influential and have covered their tracks too well. Exposing them & putting them through the usual motion of the legal system is likely to backfire. But then, killing them in cold blood isn’t what Good Guys do either. So…next best alternative — a taste of their own medicine?

Verdict _ if you can stomach some violence and gore, then this one is for you. A Decent watch !!

https://dramacool.pe/drama-detail/trap
Read More",트랩
