,reviews,title
0,"Good Enough
"" Twenty Twenty "" is an okay drama for its genre. It handled the story smoothly, keeping the pace hectic throughout the length of it. However, even though the drama wasn't boring because of it, it missed a lot of its charm, especially when it came to the love story. The romance on its own was kind of interesting, but felt undeveloped and rushed. The chemistry wasn't built and the love triangle was also half baked.

The family drama, however, was pretty entertaining. The male lead's was overlooked at times, but the main one, between the mother and the daughter, was spot on. The second lead's story was disappointingly left unconcluded.

Finally, the performances were okay. Wooseok did a nice job, but the character he was portraying, for me, was contradicted by his image. The leading lady was just there in the first part of the series, but she nailed her dramatic scenes. The side characters were delightful to watch.

So, overall, six and a half out of ten.
Read More",트웬티트웬티
1,"This the best drama among all uncountable dramas I have watched. Well done! Keep it up. Congrats for selecting great actors and actresses. They perform very well and the storyline is so interesting, sweet and romantic. Look forward to Twenty Twenty Season  with the same casts especially Hyunjin (Kim Woo Seok) and Dahee (Han Sung Min). The main roles are warmth. To be honest, I keep chasing and repeating the episodes since I get to know this drama through YouTube. It’s just that the pace of uploading the new episodes should be faster. Anyway, thank you to the Producer and all contributors! Great. Better if the episode duration extended also.
Read More",트웬티트웬티
2,"On the journey to discover who I am admist all the chaos
Twenty-Twenty entails the story of  main university students. We first have Da Hee, who lives with her single mother. Her mother tries her best to lead Da Hee into a better life, but Da Hee has other intentions of finding her own identity and independence amidst it all. Hyun Jin is a composer and musician. He lives by himself and does not have a good relationship with his parents either, but after one abrupt visit from his mother after three years out of contact, she wants to make things right with him again. And lastly, Ha Jun. He comes from a wealthy background and is known as the 'perfect' student at his university. However, things start crashing down for him when he suddenly crosses paths with someone from high school, making him grabbing onto whatever control he has in order for him to not re-live his traumatic past. This drama focuses on the bad relationships that Da Hee and Hyun Jin have with their parents and the journey of self-discovery of the cast as well. It touches on topics, such as bullying, friendships, suicide, uptight parental relationships, and romance as well as the importance of honesty, freedom, and independence.

What enticed me into this drama is the resonation between myself and Da Hee's situation to some extent, which makes this drama somewhat more special to me. This drama tells the story of normal, everyday lives of  year-olds which is always refreshing to watch as it's something closer to our lives and also, since I am also , I thought it would be interesting to watch to learn something from this, just like their A-teen series.

The relationship that goes on between the two characters is a bit bland, but at the same time slightly cute as well. Maybe it's just how the two characters are as individuals being new into a relationship, but I wouldn't be too critical of it.

I think the selection of the cast was a great fit for a drama like this. The acting was satisfactory in my opinion, but focussing on Wooseok, he did well for his first lead role in a popular drama. Everyone from this drama really has the potential to do future roles and I'm glad they got this opportunity to do so with this drama.

The OST's are out of this world and fit the vibe of the drama

, this story is a bit slow and there are a few things that have been left unsolved; I hope that when it comes to making a second season if there is going to be one, that they will touch upon those parts. It isn't the most original nor creative story ever, more so on the realistic side, but I enjoyed it anyway as a current -year-old.
If you're a K-Pop fan and would like to get to know more about Chan and Wooseok, this is a good place to start
Read More",트웬티트웬티
3,"/
I have no idea why they decided to call this drama . The best title for it is definitely . Why? First of all, one episode is approximately  minutes long. Out of those  minutes, at least  is spent on intro, outro, and flashbacks. Another  minutes is for the main girl standing, sitting, looking down, and doing practically nothing. Another two minutes should be allocated to crying. It is mostly done by the LF, sometimes by other characters. All the action happens in the remaining  seconds.

So, what is this drama about? Basically, it's about imaginary teenagers living their imaginary lives in imaginary dreamland. So not much is happening. I bet this is the cheapest drama to produce. % of all budget was spent on the LF lipstick, which was provided by the company that used the product placement to its advantage.

The next thing is their acting skills.
The LM doesn't need any because he is LITERALLY playing himself. I don't think he can play any other role.
As for the LF .... It's hard for me to describe it but for % of the time, she is just present with a completely stupefied look on her face as if she is a victim of Stockholm syndrome or was abused for a number of years. It cannot be called acting.

If you are looking for eye candy, you won't find it there, Just saying.

On the positive side, this drama is watchable. There are some dramas that are simply unwatchable, but this one is just slow and boring. However, you would be compelled to watch it till the very end.

If you are into teen dramas, watch Love Revolution. It's better.
Read More",트웬티트웬티
4,"I don't know if it's really that good...
This web drama is quite typical to any other kdrama scenarios. It tells a story about people with deepened childhood (and teenagehood) traumas who found comfort in each other's company (similar to ""What's wrong with secretary Kim?""). And, of course, love triangle (although i wouldn't call it like that, since the second ML haven't really showed the affection towards FL). As i understood it completely, this drama supposed to be about youth and self-growth. The drama between the controlling mother and her daughter was pretty good. Maybe it was the only part, which was properly fulfilled. But what I really lacked in this kdrama, is good acting and decent storyline. Well, story in its own wasn't that bad tbh, but it really wasn't developed rightly. The romance between FL and ML was not it - it felt kind of fake, maybe rushed, unnecessary. Also, their conversations were really dry, which i tend to not like. Absolutely haven't enjoyed the acting of the FL - in my sense, she was expressionless, kind of passive. Could have been better if she tried to show some kind of emotions rather than looking at the ground with those blank eyes. Also, what is that ending??? I really wanted to know more about Ha Jun's situation at school, why he felt this way. At very beginning, i didn't like his character at all, but as the show progressed, i really wanted to know more about tge things he experienced and reasons behind his behaviour. Also, i don't think that he loved Da hee, maybe he just wanted to hold her back since he looked pretty lonely, hiding in his own bubble. Now about the pluses. I liked the conversations between the boys, that one with redish hair (i think it's Bo Hyun) looked really fun, quirky and overall a nice guy. Also, the friend of Da hee (cute girl with short black hair), i really liked her too. The way she almost always was concerned about Da Hee's problems and just so caring. Was kind of sad to not see Da Hee doing the same to that girl, since they were friends. In conclusion, the drama was not that good, as others say. It really lacked so much,l (except the visuals), even though it had the potential to be a good show. My rating would be /.
Read More",트웬티트웬티
5,"Fantastic web-drama!
So I started watching this to support Chan in his acting but stuck around because I loved watching the story unfold and the characters grow as the drama went on. There was a lot of character development going on with the backstories gradually getting revealed as the drama progressed which I really enjoyed. I didn't like the FL's character too much at the start but she really grew on me as she started gaining more confidence and came out her shell a bit more. My favourite characters for this drama were Yeeun and Bohyun, both separetely and together!

I personally like short dramas like this as I can watch them on my lunch break at work and they tend to be a little faster paced as well. I've seen some comments about product placement but it's a drama, they all have product placement. I think you'd be hard pressed to find a drama which didn't have any at all, it's where they get a lot of their budget afterall. I didn't think Twenty Twenty was too in your face about it apart from maybe the perfume shop but even then it was woven into the story well imo.

I'm a bit biased because I support A.C.E with my whole heart and soul but I feel that Chan did such an amazing job with Bohyun. He embodied the character and became Bohyun so was really fun to watch. I loved the random scenes with Jun as well, it was so funny seeing them act together.

For a group of new actors, I think they all did really well! I'm really optimistic for their futures and I look forward to watching their future dramas as well! I hope for a spin off series or a season two of this because I really enjoyed it. It's also got some of my friends into dramas because of Chan so I now get to introduce them to more dramas >:D
Read More",트웬티트웬티
6,"Wow. That was frustrating.
I normally like web series teen shows and I wanted to like this one. I kept trying, all the way to episode , but I just didn't. I didn't like the main couple at all, and they never grew on me, especially the girl. I felt bad for their family lives, but a lot of people are damaged without being socially awkward, impulsive. vapid, rude, and ungrateful. If they were real, I genuinely wouldn't hang out with them or care if they got together.

The friends and enemies were all more interesting to watch than the leads and a few of the show's lines were good.

That's all I can say about this because it's not really worth more words than that.
Read More",트웬티트웬티
7,"AMAZING
I love it
You will love it
Just watch it

................................................................................................................................................................................................................................................................................................................................................................................................................................................................................................................................................................................................................................................................................................................................................................................................................................................................................................................................................................................................................................................................................................................................................................................................................................................................................................................................................................................................
Read More",트웬티트웬티
8,"This is a solid watch
This drama is so good the main leads chemistry is so good they felt like they were actually dating and Han sung minds acting is top-notch in this drama her crying scenes with her mother were so well scripted I actually felt sad and woo seoks acting was ok since this was literally like his first drama the only thing I would say bad about this is that its too short and I wanted more progression in the leads relationships like I wish woo seok met sung mins mom in the drama to see whats her reaction about him honestly they could add so much more into this story so I'm hopeful for season 
Read More",트웬티트웬티
9,"This show never gets old.
The reason this show gets a / from me may be a little biased because I fell in love with the aesthetic, but I feel like it’s safe to say that it did not disappoint.
I’m the type of person who never really has any negative comments about a show or movie, I just seem to take my opinion in as a part of the movie and what it was meant to be so, my review may not be accurate according to the impeccable standards of some of the critics (who btw are really good at what they do) but it is the viewpoint of a fellow ordinary viewer.

First off, like I mentioned I really liked the aesthetic and the overall theme of the show’s costume and makeup, it was definitely what drew me in in the beginning. I feel like they did a really good job in portraying the character’s personality and growth (in Da Hee’s case) through the costumes.

Second, I am a sucker for Korean youth dramas because they not only portray optimism but also are real in the midst of the ethereality and show characters having some normal negative emotions without exaggerating them and making them villains for having those emotions. This show did a really good job at this in the case of Ha Jun giving him a chance at redemption, being true to the Korean drama tropes when it comes to a character like him.

, I really enjoyed the casting as Han Sung MIn and Kim Woo Seok seemed to be able to portray a perfect sombre relationship while giving each other space to face their demons. Kang Yu Chan as Son Bo Hyun was extremely refreshing as I feel like he himself embodies the character and I also really loved Woo Seok, Chan and Jin Ho Eun’s comedic chemistry. My favourite casting however, has to be Chae Won Bin as Baek Ye Eun, a character I absolutely loved for being able to notice the hidden toxicity between Da Hee and Ha Jun and later also self realise that she might have not seen Ha Jun for who he is due to past prejudices. Also I really like Chae Won Bin in general.

In the end, Twenty-Twenty is a light web drama with a soft moving story line, the BGMs and OSTs went really well with the show in my opinion and I feel like it definitely has a high rewatch value.
Read More",트웬티트웬티
10,"Another favorite web-drama
I just like everything. I like the story, acting and visual. At first i just watch it because of A-Teen but now i just trap and fall for this drama. The more I watch, the more interesting the story is. I like the actors and actress. I love the braveness of the lead actress in this drama. I think i just become wooseok fans. The actors are amazingly handsome. I am surprise that Chan (A.C.E) can acted so well. So proud of him. I also could not believe that, why I do not become wooseok fans sooner after watching this drama. Wishing a Bright futures ahead to the all actors and actresses. Could not wait for the next episode. Hoping for season two.
Read More",트웬티트웬티
11,"One of the best webdramas
Disclaimer I haven't finished watching this but it's so good. I love all of the cast they done so good at acting specially the mum she made me really hate her, that means she plays that character well. The main cast are like opposite but are so good together, they have similar situations which makes them have a stronger bond. The drama has a strong message that you should be yourselves and not let anyone stop you, I understand were the mum is coming from she doesn't want her daughter to do bad in life, but if she really loved her she would've supported her journey of growth. I feel as this drama portrays loads of people situation were they can't be themselves because of their family. Yous should definitely check it out you won't regret. Obviously I really liked the ost, every kdrama/web have great ost. Remember this is only my opinion. Fyi you should watch this on vlive since they have more ep there.
Read More",트웬티트웬티
12,"We're becoming who we are
This drama was great. Really. I enjoyed that a lot, I spend my time with this drama for three long months and I wasn’t tired of it. It is nothing hard for thinking, it’s actually complete opposite.

The story of Twenty-Twenty takes you to teenager’s lives – they are totally ordinary. That’s why it is great to watch something which is close to our lives (at least for me it was like that). Romance in here is only a cherry on cake, because all scenes are beautiful and they have a lot to offer. Plus we have here Chan from A.C.E (and he is just a cutie pie a I love his character so much) and Wooseok (who I admire so much too) in main roles. And I totally love the main actress, Han Sung Min, maybe her acting skills aren’t good for someone but I liked her acting really much. The same goes for Wooseok who maybe plays himself but in the whole drama it looks good and that's important. And Chan is just too natural that it is probably not even possible.

For me Twenty-Twenty was perfect. Although the story hasn’t the most original idea, final form of drama is really good. It is funny, nice and it is a comfortable change because these days I watched action dramas a lot so this one was my escape from them (although I love action dramas the most). This was in short and simply nice, natural, just a story from life. And it had nice though about to become yourself.
Read More",트웬티트웬티
13,"Well I'm new to watching web dramas so it was the first time I was hooked on one. And mainly with a long one (yes, I know it has a prequel but I haven't seen it yet).

The actors, although they are newbies, acted very well. I mean, I see a great promising future for everyone.

The story is very good, although it seems simple. I mean, it's about guys in their s and their problems. Which sometimes, I portray the reality of some young people very well.

The family drama was great, and I think that was the focal point of the plot. My only complaint would be that they left a lot of loose cavities. For example, we knew that the protagonist had problems with his family but there was not really a resolution of it; more than he discovered the truth. The protagonist's friend was the one who left the most unknowns. His family seemed weird but none of that is ever described. They also left open their past with bullying and their friend. I think I suppose that this will be explained in the second season (since it is left open to that possibility)

Regarding the romance: I am not complaining about how rushed it was because after all it is a webdrama so things usually go fast lol but it is true that sometimes the chemistry seemed a bit uncomfortable. More than anything its silences.

Although there were many things under the inkwell, I liked it and it entertained me. And I look forward to a second season so I can see that they give a proper closure to all the characters.
Read More",트웬티트웬티
14,"Should i watch it ??? Song name is Twenty twenty by pentagon.
I have seen this drama and oh my godd im impressed the story line is just perfect its about a girl called chae da hee who doesent like getting controlled by her mom so in highschool she was in her worst times but she meets a friend who talks her through and he becomes close to her but he also has a very complicated past as chae da hee enters college her mom still controls her but that made her very upset so she meets someone named lee hyun jin who also went to the same highschool as her and she kisses him and starts falling in love with him but its a secret that no one can know but the next day photos get leaked of her kiss and rumours start and her childhood friend pretends nothing had happened but as she keeps on getting close to lee hyun jin her childhood friend keeps on getting jealous as chae da hee gets caught with lee hyun jin her mother gets super angry and takes away her phone. Chae da hee stays in bed and misses school but soon after her mom gets emotional and tells her she needs to go so chae da hee goes back to school she does exactly what her mom says but dyes her hair and changes her attitude and gets. stronger her mom gets angry when she looks at her hair but chae da hee speaks back for the first time and starts to rebel. I wont spoil anymore because alot of stuff happens after i hope you enjoyed this review love you all xxx.
Read More",트웬티트웬티
15,"A Good Show
Firstly, I want to address the story between the main female with her mother. It was uncomfortable for me to watch, because that's pretty similiar to the relationship I have with my own mother. The years of mental, emotional and physical abuse and her not really listening to what I have to say, when I finally stood up for myself against her. It was so frustrating to watch, but I understood it. I understood what she had felt. Of course, it wasn't the whole ""be better than everyone else"" ""you have to focus on your studies"". However, I won't keep rambling about it and get too personal. But it really touched me, from the acting and just the story.

Secondly, I hope to see every cast in future shows. They're acting is not the greatest but it was definitely satisfactory in my opinion. They all do have potential and this is just only the beginning for some of them. Especially with Kim Wooseok, debuting in this show to be an actor. He'll definitely be pretty busy if he gets more roles in the future, since he is a solo artist. I am certainly a fan after listening to a couple of his songs. Being a  year old married woman and getting all squealy when the kiss scenes with Wooseok and (I forgot the female actress name forgive me) the male gal of the show, my husband eye rolled so hard.

For me personally, I genuinely enjoyed this show. Everyone did a brilliant job. Let us not forget the people behind the scenes as well, the staffs. It's never a easy job. From writing to filming a show.
Read More",트웬티트웬티
16,"no
This drama is actually very boring, if I was one of those people who drop everything boring, I would've dropped it a long time ago. The main girl is honestly the worst from this drama, didn't like her one bit. The visuals are good, I guess.< if you watch k-dramas only for visuals, you'll want to see this one. The story line is the most basic thing I've read. The drama is complete nonsense and confusing. Two boys want her.? why? Why did Hajun like the girl? The other boy was way better. The only person I liked was the friends and the other main boy. I absolutely don't recommend this drama. Why are people even saying its good?

(girly should've picked the other boy)
Read More",트웬티트웬티
17,"Honestly started watching this for Kim Wooseok, and finished it for Kim Wooseok. Although I usually love playlist dramas I felt like this one fell short, especially on the plot. The flashbacks that took up half the episodes were kind of getting annoying and I hated how the next episode almost never started with how the last one ended.

Also, Hajun’s behavior made me very uncomfortable and it was really weird that Dahee kept trying to justify it. It was also never touched upon and his storyline was pretty much shoved in there without a proper ending.

Pluspoints for the a.c.e songs that were playing in almost every store.
Read More",트웬티트웬티
18,"Not bad but not good
First of all, I liked what they were addressing in this drama about controlling parents, and not supportive parents. I got hooked in the first  episodes but that's it. It went downhill for me. It became slow and overstretched, I feel like they could wrap it all up in  episodes even though one episode is  minutes.

I'm an X fan that's how I got into this drama but it's so obvious that this was Wooseok's first acting role. I'm not sure if he can play a different role. Chan's character was irritating for me, he had a lot of unnecessary scenes. He was supposed to be the funny one in the drama but his energy was all over the place (It's just me I guess, a lot of people liked his character).

I usually like the OST of dramas I watch but not for this one. , it was okay.
Read More",트웬티트웬티
19,"They thought they could ride the A-teen formula but they messed up bad.
I didn't watch the whole web series cause it was so boring.Idk which episode it was it was in like  or  where the couple Kiss and boy do they blow it out of proportion. For a kiss they acted like some  year old who saw someone kissing for the first time and these guys are supposed to be University students. Anyways the camerawork,music are good and acting is descent(they did their best for what they where given) but the story is bad af. I mean A-teen was a cliche but it was a good cliche this was taken from the success of A-teen to produce this mess.You can't keep using the same formula mate you gotta change a little.
Read More",트웬티트웬티
20,"Must watch drama
Literally this is the best drama to watch. I am totally in love with it and can't wait to see all the  episodes. I hope it has more resources to watch from. Literally all the characters are good-looking. The male lead is a solo artist. Everyone is competing for the best look. The drama plotline is different from other dramas and I am happy the episodes are more than  minutes long. Which is longer compared to the other web dramas. I am totally in love with it, Even though all of them don't have much acting experience, They acted pretty well. It is my first review to write in MyDramaList. Thank you for giving me the opportunity to write about this wonderful drama. I hope they get more roles in the near future.
Read More",트웬티트웬티
