,reviews,title
0,"I'm gonna say it write up, this drama was so much fun. It can be quite funny and that's what I really liked about this drama. It was a perfect way to cool down after work. I can't say I loved every bit of it and it wasn't perfect, but the humor and cast really kept this show going for me and I didn't get bored watching it.

 ():
So yeah, I have an issue where I constantly drop dramas if they get the slightest bit boring or do something I don't like. But I came back to this one religiously and watched it every day a new episode came out. I know it's not perfect, but it was just good enough and fun enough I can't fault its faults (if that makes any sense).
Primary issues for me are in this section of rating (the story) but I won't spoil anything (hopefully) so read on.

First off, don't worry; fat shaming isn't really an issue in this drama. The first episode might feel a bit wonky, but things get better and it's essential to the whole rest of the plot. This story has got comedic romance, potential love triangles, hidden identities, and crazy exes. It's got the whole gambit, but it seems to take most of them and add its own spin on them so they don't feel crazy. Case in point the main storyline ""hidden identity"". Sure it's not the first of its kind, but it certainly didn't feel like an overused trope (plus hidden identity tag is one of my favorites).

I think the flaws that detract from the story for me are mostly some underwhelming resolution (mostly in character developments) and throughout there were a few character actions that didn't feel inline with the characters. Also, the number of times the main character faints or is somehow in terrible danger might be a record...

 ():
Let me just say that this drama wouldn't be the same without Shin Sung Rok. There are few other actors I can imagine playing this role. He's hilarious and literally the best part of the drama.
At first I was hesitant about Go Won Hee but she showed me wrong and this pairing was a lot of fun to watch.
I can't point at a bad actor in this drama really. I'll never look at Jo Han Chul the same (I didn't think he had it in him to be that crazy), and was pleasantly surprised with Kim Jin Kyung (as the daughter).
Oh, and you can't forget about Kim Min Kyu. Literal puppy dog. That's the only way I can describe him.

 ():
Lots of fun tracks in this one and some might go onto some of my playlists. That perfume melody will always cause me to listen for thunder lol.

 ():
Never a fan of rewatching much, I've already rewatched parts of this drama. Lots of fun to be had.

 ():
While I can't say it was groundbreaking, a top favorite, or something I'll remember nostalgically, Perfume will be one of those dramas I remember as generating a lot of laughs watching and one that didn't give me much of a headache or worry that it would go horribly wrong. Perfect drama to sit back and relax to.
Read More",퍼퓸
1,"Take a chance, and you might be surprised
When this drama first started, there was a lot of talk about fat shaming and how larger body sizes were negatively represented in the show. I have to admit in the first few episodes of this drama it will really seem like that, and it will definitely turn some viewers off into dropping the show but I say give it a chance and you might find yourself with quite a funny and beautiful drama on your hands. The drama quickly matures and revolves around how a woman is able to grow to find the self-agency to act on her own and personal confidence, not by being skinny but by support and love from others.

This is not to say this is a super nuanced story and deserves endless critical acclaim. At certain times the story can get a little absurd, whether it be the mythology of the magical perfume or the ""love triangle"". Also if you're looking for some Sismance, you will definitely not find it here lol. However, I went along with the ride and was entertained throughout the series from start to end.

Shin Sung Rok is really the star of this drama, and it would definitely would not be the same without him. I've heard of him before but this was the first thing I've ever seen him in, now I fully understand all the love for him and he's become one of my new favourites. He can range from being cute, enraged, heartfelt, to distraught. Go Won Hee was just as good, and I was impressed how despite her age she was able to perfectly embody a woman who is in her s. Between the two leads, I really felt the connection and emotions between the two. Ha Jae Sook who plays the real Jae Hee also does a nice job. In the beginning, I wasn't really feeling Kim Min Kyu but he definitely won me over.

If you're considering this drama but are concerned about the low ratings from others or the fat shaming controversy, then I say take a chance with the first few episodes to judge for yourself. You might be find yourself enjoying this drama as much as I did.
Read More",퍼퓸
2,"REVIEW:Perfume ()

This seems like fun. Miss Fatty has turned into Miss Hottie, even her husband doesn’t recognise her. Anyway he’s a psycho and a pathetic, unfaithful, failure as husband and father. So after  hours of slim and gorgeous back to Miss Fatty. Miss Fatty is suicidal and lacks confidence but her hero gave her the special perfume. So for  hours she’s a completely different person. What a makeover! I want some of dat.
This is sad and funny at the same time. It is a bit cringy with its continuous fat shaming but if you look into the deeper story there is another message it trying to portray. So overcome your abhorrence of the writers unclear foci and embrace the story of a woman trying to find love and hope in her deepest desires. Embrace your own hope of a better you. Yes its played for laughs. Just take everything with a grain of salt. Its not about you personally.

I feel sorry for the guy who allergies and phobias are the focal point of his life. He is such a petty, arrogant, indifferent person who’s centre of interest is himself. So selfish and unfeeling to the difficulties of others. He needs to change himself and his ideas. Just because he is a talent designer he doesn’t have to lord it over his minions. He forgot all his illness and phobias when he realised she had fallen over a cliff. I wondered how long that would last. No long, soon as she is home he’s back to his normal obsessive and cruel self. How can two adults have a food fight? So funny!

Quote: Someone you meet and love will make you shine so bright like no other

Her reunion dinner with her daughter was so touching and her reunion with her husband was fiery as she wacked him with her bag and attacked him as the big girl after she had changed back from the model. He was chasing after her as the model and didn’t know it was still her as she had changed over. He now know its her and he wants her back now she is back to her young self, young, skinny and beautiful. He even ignoring his mistress who want to marry him. She might change her mind when she find out he’s just a womaniser

Shin Sung Rok/Seo Yi Do(the designer) and Kim Min Kyu/Yun Min Suk(the celebrity and singer) are brothers now both saying that they love Go Won Hee/Min Ye Rin / Min Jae Hee (the model). That a turn up for the book because its episode  and we have just found out. Then their is her husband the womaniser would has recognised that the new fabulously beautiful model is none other than his fat wife and he wants her back. She has asked for a divorce.

Go Won Hee/Min Ye Rin / Min Jae Hee she is married (Jo Han Chul/Kim Tae Joon [Jae Hee's husband] and got a boyfriend (Kim Min Kyu/Yun Min Suk) but she is kissing (Shin Sung Rok/Seo Yi Do). Its all got a bit strange. What troubles is this going to stir up.

This is getting crazier and crazier with both her husband, boss and a boyfriend all getting involved in her life of change.


We definitely need some of that Perfume.


Miraculous story about the perfume and why it only worked on her

I loved this drama it so crazy that it works. It will make you laugh. It will make you cry. You won’t be able to stop watching as you sympathise with the woman who wants to live her dream. For all of us bigger women with a skinny woman living inside us.
Read More",퍼퓸
3,"This drama was so much more than I was expecting.

It was lovely and quirky and a much deeper story than the first episode led me to believe. I'm so glad I stayed with it. It's hard to discuss this drama without spoilers, but I'll just say that I cried at the end because they included something I have never seen in a Korean drama before. When you get to that point, you will know, I promise. That representation is so beautiful, because everyone deserves love. You don't have to earn it by young or beautiful or fit.

There were so many messages in this drama, and most of them were on point and fairly nuanced, especially for a romantic comedic fantasy. I am so glad I watched this.

I can't say enough good things about the stars: Shin Sung Rok, Go Ye Won, and Ha Jae Sook. They were magnificent. Sidenote: PLEASE give me more Shin Sung Rok as the romantic lead. His character was adorable and quirky and has landed in my top fave K-drama heroes of all time. I would also like to see Ha Jae Sook as the lead in more dramas, not just as the ""before' woman, but someone confident and fabulous.

If you want a funny, heartwarming, and unexpectedly profound watch, give this one a try. I absolutely loved it. The episodes only got better and better and it was SO PURE.
Read More",퍼퓸
4,"Will never regret watching it. I. L.O.V.E.D. I.T (it is soo underated)
First things FIRSTTTT, this drama was SOOOO funny, the humor was just beyond every ten minutes there was something ridiculous popping up. It is a good drama to watch after finishing something heavy. I personally didn't like how Min Hae was his childhood love. I think the story would be much better if they completely never knew each other at all, this would give the main lead a chance to change and for him to try loving her as her true self. The OST wasn't bad tbh, it was fun to hear in the background. HEAVILLY recomended.
Was this review helpful to you? Yes No",퍼퓸
5,"This drama IS a tad over the top. Its characters are very expressive and comedic, with a story line that was farfetched. However, it cracked me up AND made me feel for the characters at the same time. Shin Sung Rok was great as the male lead. I’ve only seen him play villians, so this was a nice departure for him. Plus Ha Jae Sook finally got to take a (semi) lead role as the plus sized love interest, which was refreshing. Now here’s for the some what controversy nature of the story… She’s plus sized but uses this perfume to magically transform into not only a thinner version of herself, but a younger version of herself. So unfortunately it plays on the fat tropes and ageist aspects of Korean society that many of us in Western society don’t exactly appreciate in this politically correct society. But I did note that for a Korean drama, they weren’t as bad with the fat jokes as I thought they would be. Don’t get me wrong, there were fat jokes. But I think it’s the way that they handled them within the story and with the character, while still maintaining her dignity as a person and the respect that the love interest still had for her despite her weight. In fact, besides physically noticing a difference in her weight when he was lifting her, it seems like her being plus sized was not really ever an issue for him as far as loving or respecting her went. His biggest problem was feeling torn that he thought he loved “two “ people, the skinny version of her and the older fat version of her. Because apparently weight gain and  years will make you look that radically different in the face that people don’t recognize you're the same person. Again there was a bit of unbelievability in the plotline.  I was satisfied with the drama though, the comedy aspects and the romance aspects. Even the ending was satisfying because she stayed real to who she was and didn’t magically revert back to a younger thinner version of herself. I liked the character growth and the fact that he loved her truly for herself, which would be the her now not the her from the past. It’s definitely worth watching, I probably won’t watch it again. But it wasn’t a waste of time and I would recommend it
Read More",퍼퓸
6,"Watching this drama, there was never a dull moment. The characters were very entertaining that every episode was just too funny to miss, especially Seo E Do. Although it was not the ending that I expected, it was still heartwarming. I must say that the drama was able to deliver itself well from start to finish. The writers were also able to perfectly convey the messages and lessons in the drama while maintaining its rom-com theme, which I must say is a job well done.

As for the actors, Shin Sung Rok is just the perfect guy to play Seo E Do, he was able to perfectly depict the character of an eccentric, funny, sweet, and adorable guy all at the same time. He is the very reason why I continued on watching the show in the first place! Without him I don't think this drama will be able to be as interesting as it is. Go Won Hee playing the character of Min Ye Rin, she's just as funny as he is! Playing an old ahjumma in a young woman's body, and bickering the whole time reminds me of her in Eulachacha Waikiki! The both of them have good chemistry too! I had my doubts with the pairing at first because of the age gap and like the height but they just proved me wrong!!

The OSTs were nice and sweet. It perfectly blends during the funny and sweet scenes, but nothing much too memorable for me.

, the drama is as weird as its characters and it will make you question a lot of things but if you let it take you and just enjoy you'll find yourself loving it for its funny, light and meaningful nature.

Read More",퍼퓸
7,"I did not expect a good and coherent story with this premise, but this was below my already low expectations.
The drama The Beauty Inside was an attempt to replicate the success of the fantastic Another Oh Haeyong and Perfume seems like an attempt to make another Beauty Inside (which was quite entertaining still), the story is very similar, but the drop in quality is just too much. Lee Minky is not a good actor, he can only play one thing, which is essentially himself, but that character was a good fit in This is My first Life & The Beauty Inside as well. Now in Perfume Shin Sung Rok was trying to be Lee Minky essentially, even though it was not terrible, but it wasn't really enough. For reference this actor played the main villain from the classic drama My Lover From the Star, which was actually a great fit for him.. I was already kind of a fan of Go Won Hee, after seeing Welcome to Waikiki , but I think she shouldn't have been cast for this. Make no mistake she did pretty well, I just think that this role was miles outside of her comfort zone. A  something woman, who wanted to commit suicide, because of all the atrocities life has given her gets to opportunity to become young and beautiful again, sure fine, but the end result shouldn't have been a perky, go lucky Go Woon Hee, I don't think.
Now about the story, it's pretty typical in some ways. We have the dumb puppy second lead type, who just keeps pushing, pushing & pushing. Basically the writers just added the most typical classic kdrama triangle possible. Some common tropes were blatantly copied from famous dramas, for example they've taken the mysterious liquid thing from The Secret Garden (even the set and the music are super similar for those perfume related scenes), then there is the love triangle cohabitation from Jealousy Incarnate and some others.. Also I don't believe that the abusive (ex)husband character needed so much screen time in a romcom like this.

Had the show been really funny I could have ignored most of the above, however it wasn't. The physical gags involving the ajumma form's obesity were almost offensive. I'm fine with watching fat/obese ppl on screen really, but this path of trying to make fun of them isn't very nice, though I do understand that in Korea fat women are shunned quite a bit more than in the west.  there were very few really funny moments, which is such a shame with an actress like this, who is basically a comedy goddess, or something along those lines.

Had the romance been good I could still have enjoyed this quite a bit, but the chemistry between the leads was at best average. There are also major problems with how their relationship progressed, or rather regressed at times. There is just so much push pulling. From ""I have decided that I love you, even though you are not Her"" we go to ""I just realized it was Her all along whom I've loved"" then rinse and repeat. For those that watched the episodes as they aired this might not have been as annoying, but I watched the entire thing over the course of  days.

TLDR: I don't exactly regret watching the drama, but I don't feel that I've had quality entertainment, will never consider rewatching.
Read More",퍼퓸
8,"Love yourself than expecting others to love us
FIRST IMPRESSION
This drama is a hidden underrated gem with a good casting and amazing story. While it's named PERFUME, I was really curious to know what is this magical perfume because it just makes a fat woman, younger and pretty. we only get to see the fashion industry, full of beautiful clothes and models. But the mystery of PERFUME is solved in the last episode and it is absolute spot on, that's why it worked only on FL, where this came from, and its magical power.

PLOT VIEW
The story is nothing new but still feels fresh for the writing is extraordinary. Bingeing this felt a roller coaster ride full of romance, comedy, and magic. The continuous body changes into fat and calling her the monster was really awful. The FL quickly picks up her dream which she forgot when she got married. It shows how a woman is deprived of her rights just because of looks. we all know this does happen sometimes knowing/unknowingly people react that way to fat peeps.
The ML having so many phobias seemed unnatural but people do have those and SSR played it exceptionally well. He overcomes them with the sheer struggle which is outstanding.
Kim Tae Joon was a manic. He was a jerk cheater husband, a bad father, and everything. When he slaps his daughter, I felt like reporting him to the police. The daughter was excellent and did well in the final episode.

ACTING
The cast and acting are amazing like everyone is spot on.
Shin Sung Rok who had shown only his villain side, is such a surprise. He is rude, bratty yet fragile. He definitely has a vast closet of expressions, I know theatre artists have an excellent aura and he is one of them. SSR's cranky smile for the jealousy is just fab. His wait for true love was actually interesting and it didn’t change for any reason was commendable.
Mi Ye Rin/Min Jae Hee was amazing she did amazingly well as a fat and slim person. She figured out quickly that she need to fulfill her dream than waste her given extra time.
Yun Min Suk was adorable as an idol who makes one burst into laughter whenever he is onscreen. His bickering with SSR is an absolute delight to watch.
Kim Jin Kyung was an absolute model, after reading her biography I get that why. She( in her personal life) had worked hard to be a model a that shows in the drama character too.

MUSIC
 was clear and pretty soothing, the OST , “To Reach” fits well in all the runway sequences. I didn’t get bored listening to it but rather added it to my playlist.

AFTERTHOUGHT
once there is true love it doesn’t matter if they are fat/slim/pretty/ugly. And suicide is not a solution to any problem. Stop feeling guilty and pity for your own body. Rather just appreciate it. If we won't love ourselves nobody else is going to love us.
Read More",퍼퓸
9,"Perfume. You were an easy marathon binge. We get to see a different story that is also very similar to the regular cliches.

The acting at times was a tad over the top. It was realistic except where it obviously goes against reality. The characters were a joy to watch. Every character was fleshed out excellently. The soundtrack was always great at matching the situation. There were laugh out loud moments, and moments that yanked your heart from your chest. Many life lessons were demonstrated in this drama. I watched it for the story, but also to see the main lead Shin Sung Rok playing a different character than usual. As well as Kim Min Kyu. That man has a smile that can melt chocolate. Now the production was overall well kept together. The plot was written very well.  it showed motives, both positive and negative. Obsession was thoroughly depicted throughout the drama. In a underlying fashion and blunt right in your face. Also there is a great amount of supporting characters that just make this production even greater.

It is worth watching hands down. Give it a good try people. Yes the trope is known. Yes, but the way it is depicted is truly interesting to watch. Hopefully you like it!

Sara Rojas APRIL  
Read More",퍼퓸
10,"Personally, I felt this drama started well, as it portrayed the ways in which a person's self esteem can be destroyed; verbal abuse is mental cruelty.
What I loved: the cast were all excellent and I so enjoyed Shin Sung Rok's portrayal of the churlish, phobia and allergy ridden lead male! He played it really well and shone at the times when he was acting shy, awkward and at odds with himself. He comes across as younger than his actual years.
The message I took from this drama was a positive one; that one doesn't need to be slim or beautiful to be loved. Self belief, self respect, self love all need to come first, as this provides self confidence. It's also how we make others feel about themselves that can affect their feelings toward us.
There was comedy and sadness, with some touching moments.
What I didn't like: the story became too drawn out and I felt like the writer lost their direction. Too many scenes were repeated and some scenarios were ridiculous, even for a fantasy.
Whilst a lot of it was good, the music was all over the place and veered too quickly from moment to moment. (One song that stood out for me though, was Queen's 'Lily of the Valley', a  B-side single that I never expected to hear in a K-drama!)
I loved watching Sung Rok, but this isn't a drama I'd revisit.
Read More",퍼퓸
11,"This drama starts out as if it's a wish-fulfillment fantasy, ie an older woman who's gained weight and whose husband has lost interest in her gets a magic perfume to turn her back into her younger self.
We've all of us had this fantasy, admit it. All those crying 'fat shaming' etc must either be too young to understand or not being honest with ourselves. In fact, it's not our heroine being fat so much as being  and out of shape - her dream was to be a runway model, and she's too OLD, no matter what shape she's in! The fashion industry does fat-shame to the point it wants anorexic androgynous young models - for real. I do believe there's a movement on to change this to a point, but we ain't there yet.
That aside, this turns out NOT to be fixated on this fantasy. In fact, it's more about dissecting said fantasy, and seeing how it works out in (semi) reality. The drama does flashbacks that show that in HIS youth our hero had the self-image problems, in fact.
The drama deals with other issues as well. Fan/saesang behavior, and toxic netizens, come under fire, as well as the dichotomy between the image of celebrities versus the actual persons.
All this sounds heavy, but in fact this drama had me laughing every single episode LOL Shin Se Rok has a comedic talent and his expressions and body language are spot-on. Everybody else in the cast acted as his straight man at some point or other :D I personally loved the interations with his half-brother LOL
The biggest amazement for me was the two lead actresses. I love Ha Jae Sook - and she had a leading role here :D Her younger self, Go Won Hee, totally impressed me. I still can't believe she's only  - there was a gravitas to her acting in this role that was definitely not there in the other dramas I've seen her in - I totally, completely believed she was a  year old rejuvenated because of her acting! Her facial expressions, body language, tone of voice, all of it convinced me. She's only a year older than the girl playing the daughter, but at NO point did I feel that the two were the same age at all.
The message in this drama ultimately - your appearance and age do NOT dictate who you are nor your innate loveability. THIS is something that South Korean society as a whole doesn't really embrace yet, and so this drama really emphasizes an area needing improvement :D
Read More",퍼퓸
12,"Perfume had an interesting story, not that the main plot was something we haven't watch before.

There was a main hole in the story when it came to the leading lady. Although both actresses were really good and they played the same character perfectly, there were some parts of her story that just didn't feel ""real"" like she really was going to react like that?

In any case, the love story was good and they had nice chemistry. The love triangle was okay too. However, the ending was just too cliche. At least, character vice, it was interesting.

So, six out of ten.
Read More",퍼퓸
13,"Smells Fantastic, But Might Leave a Slight Tickle
Let's be completely honest right off the bat: you're probably curious about this drama entirely because of the novelty of seeing Shin Sung Rok as a romantic first male lead. If that describes you, stop reading this and just start watching Perfume now. I promise, you will enjoy it well enough for SSR alone. If you don't know who Shin Sung Rok is, or don't care (in which case, what is the matter with you??), then please keep reading.

Perfume in a nutshell is this: relentlessly silly, often low-brow and slapstick, but with a heaping dose of that usual kdrama warmth and heart that is the hallmark of Korean rom-coms. It is truly, often hysterically, funny, and the lead characters, as well as the villain, are all good to great. It is also a fantasy drama that has huge potential for allegory, but almost thoroughly fails to realize it.

STORY (/)
I have to say, Perfume is rock solid in this area, even if it is too uneven to truly shine. The plot wisely focuses on the characters, their struggles, their growth, their successes and failures. This is a good thing, and the beginning of all good storytelling. The only problem is that Perfume's foundational concepts easily lend themselves to telling daring, allegorical stories that shine a light on relatable, real-world issues, especially ones currently plaguing South Korea. Although that is not the kind of drama Perfume sets out to be, at least attempting to address some of the very obvious issues brought to mind by this drama (namely: toxic beauty standards, depression/suicide, problematic modeling industry standards, teen model issues, etc) would have been a no-brainer writing choice and lent easy weight to the scenarios and the characters' actions.
Instead, Perfume largely avoids all of those topics as if they didn't exist, despite their obviousness. The resulting mental dissonance can be distracting, even disappointing.
But overall, there's so much sweet fluffiness to enjoy in Perfume's plot that you'll find yourself consistently clicking 'Next Episode' over and over. Its major theme of Devotion vs. Selfishness will absolutely pack a satisfying emotional punch at all the right moments, minus a few pacing-related hiccups and one or two out-of-character writing faux pas.
The biggest story obstacle to both enjoyment and completion here is a bit too much Torture The Male Lead. At times, it is bad enough to make you angry and is written far too transparently to feel authentic to the characters. But minus this one true obstacle, everything else is very easy to like, making Perfume an easy finish.

ACTING/CAST (/)
Perfume gives you basically nothing to complain about here, with Shin Sung Rok in particular achieving transcendent levels at times. A significant majority of both laughter and ""feels"" are achieved from him alone. However, he's not alone in bringing one of his best performances: Go Won Hee, Ha Jae Sok, and Jo Han Chul all skillfully meet the high standard that SSR sets. The other members of the cast are all adequate to good, with the only noticeably weaker performance being from Kim Jin Kyung (who somehow struggles to believably play a model despite being an actual model in real life).
One of the most important things for a romcom to get right in casting is the chemistry between first leads, and let me tell you, Sung Rok and Won Hee have some seriously palpable physical chemistry here that really makes you want to see more and more of them. My wife and I agreed by the end that, although Perfume does a good job of keeping the focus on the two of them, we still felt like we didn't get enough of them together by the end.

MUSIC (/)
Perfume brings some seriously, seriously good OSTs here, although its incidental/non-vocal music is mostly flat. As usual, explaining music in text is stupid, so go listen for yourself. Start with these tracks:
""Starlight"" by 소향
""키스미"" (Kiss Me) by 앤씨아 (NC.A)
""Tick-Tock"" by 신지훈
All of this is easily found on Youtube (although the actual video content will contain some spoilers, so be careful). Go Won Hee also croons a classic ballad in English for an episode here and it's just fantastic. Her pronunciation is predictably choppy, but still charming.

REWATCH VALUE (/)
I'm generally not big on rewatching anything, but there's so much cute and hilarious goodness here that a rewatch would be easy. And in fact, Wife and I plan to rewatch it rather soon with some family members, because this drama deserves to be seen. The score here would be at least a , but a major drawback to the score is some of the uneven pacing mentioned earlier, as well as way too many ""transformation scenes"" that are painful enough to watch once and are frustratingly overdone by the end.

OVERALL: /
Perfume is a rock solid rom-com with an interesting fantasy hook, solid character-centric plot progression, and absolutely great chemistry between the leads. It's relentlessly fun and, minus some mid-drama hiccups, a breeze to get through. However, I do recommend going into it without expecting much in the way of big messages or radically novel depictions of romance and beauty. If all you want is Shin Sung Rok being adorable and hilarious, then again: why are you still reading this stupidly-long review when you could be watching Perfume?
Read More",퍼퓸
14,", this was a nice, uplifting story. Shin Sung Rok has very strong features and plays a bad guy well. This is the first time I've seen him as the main lead getting the girl. He's not your typical male ""exuding handsomeness"" lead or ""flower boy"" lead but he showed his funny and softer side. I didn't like his hairstyle here since it made him look odd but I guess it fits the role of an eccentric and genius fashion designer. The main female leads Go Won Hee and Ha Jae Sook did very well too. Cha Ye Ryun is still gorgeous and svelte after having a baby. Her shine didn't diminish at all. Also, don't get me started about Kim Min Kyu since he's cute and deserves to be the main lead in another new drama. Enough said. :)

As a side note, thinking that a plus size woman doesn't deserve respect and love, shows how shameful our society has become. People are obsessed with what beauty should look like, depending on which country they lived. In Asia where I was born, milky white skin is considered beautiful because of our darker color. Whitening soaps and whitening lotions abound everywhere. You can even have your skin ""bleached"" if you can afford it. In contrast, when I moved to the U.S., darker skin was viewed to be more beautiful and people try to get a tan or apply tanning lotions to get that ""golden"" look. It's the same with bodies, mostly everyone is obsessed with being skinny. It's partly endorsed by our media.

Although this drama shows the difference between a slim and a plus size woman, that's not what the main story is all about. You'll actually get lessons on what's really important in life. It's not the looks that really matters but how we carry and value ourselves. It also shows someone who loves a woman beyond her appearance and embracing all she is.
Read More",퍼퓸
15,"It could have been great if they split it into two different stories
I gave a  because the drama does have strong points. It has a great cast and the romantic and comedic parts are done well.
The strongest point is Shin Sung Rok who is simply brilliant as the male lead, a quirky fashion designer. Hilarious and endearing despite his pompous personality. I liked the female lead(s) as well. Both Min Ye Rin and Min Jae Hee. Kim Min Kyu and Jo Han Chul too do a great job here, the former one as a charming and impossible not to like Hallyu star and the latter one as a despicable husband of the fl.
The weakest point is that the script tries to mix two potentially good stories into one and fails miserably at that.
The first story is mostly told in episodes from  to . I enjoyed it a lot. It is about a genius and eccentric fashion designer and a rookie model who becomes his muse and the love of his life. Despite being depicted with a lot of humor and hilarious scenes the story is quite poetic and sensual. I like the pairing of Shin Sung Rok and Go Won Hee, they look great together and there are a few steamy scenes.
Now the second story is about a woman whose life is a burden for her because of health issues and a very toxic marriage. The story is how she fights against her own insecurities and her unfaithful husband to become happy. Here too I like the pairing of Ha Jae Sook and Jo Han Chul. They are believable as a married couple in a very problematic marriage.
The issue with the script is that the heroine in both of the stories is one and the same woman. However they not only look different they seem to be two different people. Furthermore the both plots are cut short just to make way for an extremely farfetched main arc story about the first love that conquers it all. That one story is rather lame and unnecessary.
After the good first half the drama looses direction and all its charm completely. I struggled through episodes from  up to the very end. But for Shin Sung Rok I would have been hardly able to finish.
The OST is beautiful and dreamy.
I doubt I'll ever rewatch it. Maybe if only some parts of it.

Read More",퍼퓸
16,"One tip if you will watch this drama, watch this carefully especially in the first few episodes because many things already happened in the first  episodes. This drama is amazing and refreshing. Not your typical and cliche Korean drama. All the actors and actresses are good and they really fit all the characters they portray. I like all of their OST's too, the songs will stay in your mind. I still don't know why no one talks about this kdrama that much. The story and plot of this is nice.

I'll give this drama an /. I didn't give it a full  because some scenes are boring for me but overall this drama is good and won't waste your time. I'll recommend it for you to watch.
Read More",퍼퓸
17,"DO NOT PUT YOUR GLASSES LENS-DOWN ON THE PAVEMENT YOU MONSTERS!
TBH, I skipped over this one many many times before I decided to watch it. The plot sounded weird and I wasn't sure what sort of drama it would be. After having watched it...the plot is definitely weird and sparse and it probably would have been a really bad drama, but the actors and the director for sure took this thin weak plot and turned it into something entertaining. The dialog is written pretty well at various points, so that helped. The music was well timed and themed to the drama's events, which is always nice.

By far, the best written and acted role was Yi Do's secretary (played by Kim Ki Doo). That little dude, I liked him so much. He was never judgy or overbearing, he listened when he needed to listen and always asked the right questions or made the right comments with genuine concern. Usually these side roles in dramas end up being overbearing and annoying because they are designed to keep the leads from accomplishing their goals to create...well...drama. But that little dude was % of the time the friend all of us wish we had. He didn't get much of his own character development or back story, but somehow every scene he was in was outstanding.

The other actors/actresses were good as well. They did a great job with their emotional responses and chemistry with each other. The villain was appropriately evil, that dude always plays a great villain. He's got a sort of wobble in his voice that just makes him sound so greedy and spiteful and mean. Most of the fashion in the show was decent as well...except...why the literal crap did they keep dressing the main lead like he was the child of Herman Munster?? Like...ok, dude has massive cheekbones and always looks a little gaunt anyhow, and he's beastly massive, so your plan is to dress him in obscenely oversized clothes with chin to waist ruffles?? TWICE...he wore that god awful ruffle shirt TWICE. Or harsh lined weird full box box clothes?? When he wasn't cosplaying as an Amazon box painted black, he was cosplaying as a vampire from the s. It was SUCH a weird choice. Like...imagine a cute anime goth boy with an oversized hoodie that has arms so long they drag the floor...but then stick that outfit on an  foot living gargoyle...that's what his outfits were like. Dude is super hot, it's like they went out of their way to make him look freakish.

The film effects were a little weird. Like intentional shaking and unsteady camera at times that seemed a little extreme for the scene, or these massive screen spreading lens flares. Initially I thought, oh the weird diffused light and lens flares are comedy for whenever the idol dude comes on the screen, and so I was fine with them. Like lol it's the hot guy again. But then they started doing them all the time and it got a little painful to watch. Not like painful-ugly but like actually physically painful from having bright lights glaring at you while you're trying to watch the actors speak.

Aside from those few small complaints, the one thing that really rubbed me the wrong way in this drama...like made me cringe and want to just shut the whole thing off... was the scene that played a few times where the child version of the lead dude falls onto the ground, takes his glasses of, PUTS THEM LENS DOWN ON THE FLIPPING CEMENT, and cries. Look. I'ma be honest with you here. I've been wearing glasses my whole life, and at no point in my life ever have I not cringed when accidentally setting them lens down. The pure unbridled rage I feel watching those lenses, which are for sure scratched to hell now, being set roughly onto pavement almost ruined the entire drama for me. Mr. Director, do you have ANY idea how ANNOYING it is to look through scratched lenses? People who wear glasses take GREAT CARE, even while having a tantrum on the ground, to not scratch their MF GD lenses. That alone should have put this drama in the horror category.

I should also say, I thought they did a decent job dealing with the whole fat person vs thin person social issues. Sure, they could have done better, but they could have done a lot worse too. Mostly they came out on the winning side of the equation though. They handled things respectfully but realistically without trying to stuff social justice down your throat or fat shaming the characters.

All in all, it was a much better drama than I anticipated. I wouldn't watch it again because it's a one-and-done sort of drama, but I do not regret watching it.

Read More",퍼퓸
18,"It's not all about fat shaming. Give it a try!
This drama is a little deceptive, in that it starts out seeming that it’s going to just be a funny romp, but turns into an emotional ride with a lot going on. At the beginning it was a little too slapstick for me, and I pondered giving it up, but decided to stick with it, and I’m glad I did. I went from possibly quitting to “just let me watch one more episode before I go to bed”.
The writing: the writers did a good job with the comedy, but really shone with the emotional scenes. You really get a feel for what each of the characters is going through. This didn’t seem so much about fat shaming, but more about the consequences of the person that gets shamed for being fat. It also speaks a lot to living your dreams and not letting anyone stand in your way. I’ll tackle the actors/characters to address this more fully.
Actors: I felt that all of the actors were good in their parts. I’m only going to address the ones that stood out to me. Shin Sung Rok as Seo Yi Do was brilliant in this part. Here is a man that has the world at his feet, who made his dreams come true because of his first love; however, he was a complete mess. He had a list of phobias and allergies longer than your arm. He was arrogant, cocky, immature, rude and completely emotionally closed off. It doesn’t take long for the viewer to see slow but sure changes in his behavior. The first time he attempts a smile, it looks like he’s afraid his face will crack. As he begins to develop feelings for Ye Rin, Sung Rok does an excellent job of showing that wall around him starting to crack. Sung Rok is gifted with the ability to do physical comedy, and that comes in a lot in this show. But I was really impressed with the emotional scenes. My heart just about broke watching that one tear fall from the corner of his eye. Go Won Hee as Min Ye Rin was very good. She was terrific at acting like a -year-old, giving advice to her juniors (which always confused them!). Some of the things she did and said didn’t quite make sense sometimes, until you remember that she’s supposed to be  years old. In some ways, it was watching a caterpillar turn into a butterfly – her self-esteem was so non-existent and she just wanted to be invisible. Her body language was good in that respect. STANDOUT PERFORMANCE for me was Ha Jae Sook as Min Jae Hee. She played this part perfectly. Even in the scenes that were supposed to be funny, she was able to convey her overwhelming heartache, just with her facial expressions. The character of Jae Hee was one that was totally beaten down by life – cheated on by her husband, emotional abuse, giving up all her dreams, mean daughter, just to name a few of her issues. My heart went out to her in any scene that she was in – her feelings of defeat and her vulnerability were almost palpable. A brief shout out to Kim Ki Doo, who played Yi Do’s secretary – he normally plays kind of goofy characters. In this he was very likeable and I really appreciated the way the writers wrote his character and how he got the inside track on what was happening before everyone else. Another shout out to Jo Han Chul, who played Jae Hee’s husband – this is another actor that normally played kind of loud, quirky characters. In this show he was chilling. He progressed from just a self-absorbed man to a psycho. It was scary to watch.
The OST was lovely and the music really lended itself to increasing the emotional impact of the scenes.
Chemistry between the leads was lovely and there were a few really nice kisses.
I have to admit I was a little confused by the ending, and disappointed that it was so abrupt, but watching Yi Do living his life in faith, believing that he’d see Jae Hee again, was lovely.
Read More",퍼퓸
19,"Amazing
Omg, this drama was amazing!
The story was so good and like hgjhskgdsejbg
At first I thought this drama was going to be like Oh My Venus where they literally just insulted people who were bigger but I'm so glad I gave this a chance!
I'm so glad that they didn't make her change herself in the end and that she learned to love herself. I wish she continued to be a model tho, or maybe I missed that part?


The cast was amazing and I like how the actresses could portray the same character similarly.

The music was good too.

I don't think I'll rewatch this as I rarely rewatch light hearted dramas.

 I loved this drama and I'm surprised at how I actually liked this as it has little to no action. I kinda felt better about my self due to this drama as I'm a little bigger in size so that's one of the reasons I like this so much.
This was a hilarious and cute drama and I recommend it!
Read More",퍼퓸
20,"This drama is one of a kind - it takes the entirety of Korean society's standards of beauty and social norms and completely stomps all over them in a fragrant, pink fashion. I had many predictions for how this drama would end when I started watching it, and this drama went against all of them and presented the audience with something so incredibly empowering for women who may not fit a society's harsh standards of beauty or lack confidence in themselves. While the message of this drama was a lot more wholesome than other similar dramas, the storytelling was a bit clumsy, which is why it didn't receive a very high rating for me in the end. While the overall story was quite entertaining,  episodes were just too much for a simple story like this. The last few episodes of the drama were filled with Min Jae Hee going back and forth between wanting to be with Seo E Do and not feeling confident enough to proudly date him, resulting in her hurting his feelings as two separate people over and over again. There's no trope I hate more than the ""pretending like I hate your guts so you start hating me and our separation is less painful for you because I don't deserve you/ I'm trying to protect you"" trope. Kdrama writers, I beg you, please STOP. It's not cute. It's just annoying and a cheap tactic to increase the episode count of your show. All in all, this drama has a cute message and was full of really wholesome and extremely funny moments, however, I'd recommend to anyone watching it to be very liberal with the speed-up/fast forward button(s) in the latter half of the drama unless you enjoy driving yourself mad with endless, pointless conflict.
Read More",퍼퓸
21,"Not a perfect drama but is still good nonetheless
It is the type of drama you would watch for relaxation or after a day of pure tiredness, the comedy is not over the top like how some other dramas are and actually lifted my mood up. They realistically highlighted how easily our self-esteem can be damaged by the current standardised beauty expectations in the media and how it is not a piece of cake to just learn to love yourself. I love the actors and actresses in this drama, especially Shin Sung-rok with the way he portrayed a shy yet straightforward man that had a bunch of phobias. The character is iconic and is a whole mood. I really don't know how else I would expect a character like that to be portrayed in the drama, and there was not really a cast member that dragged the drama behind in terms of acting skills. There are some times where I cringed at Min Kyu's parts but I don't know if it's because of his character or acting, I'll need to watch more of his projects to know. The wholesome chemistry between the ml and fl (before and after transformation. this is how well the actresses presented their character) kept me watching this drama and I would love to continue following their future projects!
Read More",퍼퓸
22,"I think this is one of the underrated kdramas. It was actually very interesting and entertaining. The story was well-written. It is a fantasy, but I never found it corny or boring - really no boring episodes.

It is a great idea that Shin Sung-rok would play this kind of role. He is really a great actor - either a villain or a comedian. I think it was in ""The Last Empress"" kdrama where I realized that he can also be a comedian, and it's great that months after the end of ""The Last Empress"", this drama was released. And it was really good.

Kim Min-kyu is so cute and funny. I find him very entertaining. Also, I love how he and Shin Sung-rok fight over Go Won Hee.

The story is really great, and very mature. I love how things ended.

#perfumekdrama
#perfume
#kdrama
#mustwatchkdrama
#mustwatchkdrama
#funnykdrama
#shinsungrok
#kdramahookedbylady

Read More",퍼퓸
23,"“Perfume” is an excellent production! The drama, although not perfect, is fun, heart wrenching, heartwarming, innovative, surprising, and a real treat to all the senses. The cast was phenomenal bringing their characters to life. Even though Go Won Hee performed very well as Min Ye Rin, the character that rounded the drama and gave depth to the story is really Min Jae Hee, portrayed by the amazing Ha Jae Sook, which is a very talented actress and she gave a stellar performance. Last but not least, Shin Sung Rok. His portrayal of Seo Yi Do as a quirky, sometimes childish and other times a profound and intense man brought the drama to a full circle. The drama is not about fat shaming but it shows the pain and frustration that can potentially leads a person to his/her doom when the people that you love is ashamed of you simply because you’re overweight, and also the inner struggles of this particular person about not been able to come out of the shell that she created for herself to escape the harsh reality of been shunned by your love ones and society. The drama is really romantic but it lacks passion among Seo Yi Do and Min Ye Rin on their romantic scenes. It is all much better when Seo Yi Deo is with Min Jae Hee; there is a sparkle on his eyes and so much tenderness, if only they would have share a kiss, the drama would’ve been perfectly finished showing the real love between Seo Yi Do and Min Jae Hee. Still, a great drama, enjoy it!
Read More",퍼퓸
24,"I really liked the concept of this kdrama but felt like it was gonna be another one of those shows where the 'fat' girl was ugly and unhappy with her life, and once she'd become thin and beautiful she would be happy and get the guy. I'm happy that later on in the show you find out the guy actually loves her regardless of her appearance all along. So while this show definitely isn't perfect, it does show improvement in the way people precieve beauty and love. Since the show isn't over yet I don't know how it will end, but I hope they'll be together with Jae Hee being herself and not Ye Rin.
Read More",퍼퓸
25,"the main character in the beginning seems off putting but once I really got to know the character I began to love. her ability to encourage other when its hard to do that to herself is admirable. also how much she loves her daughter is amazing too. she is also independent which is rare with rom-com girl protagonists. the love interest is hilarious. his acting is spot-on. for me I really enjoy this sort of plot-line, so I can't say everyone will love it as much as I do. the sound track is really good. fits well with the theme. the pacing is also really good. this is my first review so thats all I have to say, but give it a try. who knows, you may like it.
Read More",퍼퓸
26,"A beautiful heart warming story, tangible love and great music. The drama is realistic such that fantasy is not overwhelming. It carries a beautiful message.
A drama that still has the comforting essence and of k-dramas from back then.
A very lovely drama as lovely as the poster.
Go Won Hee was so lovely and Shin Sung Rok as Seo Yi Do was such a tough looking sweetheart.
.........................................................................................................................................................
Was this review helpful to you? Yes No",퍼퓸
27,"This drama was really funny and it’s addictive. It centres around a woman who was given a second chance in life to fulfill her dream of her youth and how she encounters people through that finding love and healing. Main roles were Ko Won Hee who starred in Welcome to Waikiki very funny in this drama as well and Shin Song Ok as the main lead. My first time seeing both on a bigger screen as main leads and they didn’t disappoint. I would recommend watching this Because the storyline was so interesting. A lot was there to interest me and I loved the concept of fashion and modeling with the love hardships and hard work being put into that industry it’s fresh and new.

I really loved how they focused on the aspect of what weight and what body types meant in the society in and away from the fashion industry and how they translated that would have been more impactful but none the less it was to be applauded for. One thing I disagree with Is the way the main role behaved towards her daughter, it was kind of selfish to be honest and some decisions made were really out of context.

The main leads did their best, and made this drama really really funny. I would love to see them on screen again cause their chemistry was great. Love the storyline and the way it was approached would have been with a little care and the ending shocked me too. if you’re into a romcom kind of self finding and healing genre. WATCH IT!
Read More",퍼퓸
