,reviews,title
0,"Not hyena, TIGRESS!!!
It is a truth universally acknowledged, that a single man in possession of a good fortune must fall in love at some point in his life. At least this is what happens in every single drama and I have no problem with that. Hey, when it comes to my choice of dramas - the cheesier, the better. Pile on more cheese, 'cause it's never enough.

What I do have a problem with is how women and relationships are portrayed in dramas. According to the South Korean entertainment industry, women are clumsy, dumb, awkward, needy, clingy, hysterical, hormonal, and overly emotional. One would think that most female characters live in a constant state of PMS, and only come to ovulation when it gets to episode , when they suddenly realize that guys do have needs, and those needs go a little further than just kisses.

An average Kdrama heroine is a typical damsel in distress who needs help /. And if there is, god forbid, no handsome dude who is ready, willing, and able to catch her when she falls from a step ladder, turn her away from a passing motorcycle, or even save her from an upcoming white truck of doom on a completely empty pedestrian crossing, then it won't be a Kdrama. Every single drama is a variation of Pride and Prejudice. The only difference is that all those Elizabeth Bennets suffer from ""peel my orange"" syndrome and cannot do much without a guy. Behind every awkward female, there is a rich and handsome guy, ready to help, pay, save, and give a piggy-back ride, when needed.

This drama is different, however. The leading female is definitely smarter than the rest of the guys. Not only she is smarter, but she is also stronger, more focused, less emotional and - who would have known - she has guts. Yes, she has what it takes. If she had a fake penis, just like all female hyenas do, it would be a big one. And some viewers might have a problem with that.

On a personal note, I never watch courtroom dramas, it's just not my genre. I find them boring even when there is romance and the guy is handsome. I absolutely LOVE Hyena. It does not even feel like a courtroom drama, more like a story of a strong and powerful woman in action. Maybe it's not the best drama out there, and most likely it is not for everyone, but it is a very solid drama with an amazing plot that keeps you glued to the screen. It certainly keeps my interest up and I have dropped quite a few dramas lately. An interesting observation: an episode rarely ends with a cliffhanger. It has more of the ""end of a chapter"" feel.

This drama is not for:

. Young girls. This drama is like aged wine, you can only taste the difference if you are the same age or older than the main character. Watch some web dramas instead.
. Male chauvinists and misogynists. Yes, some women are smart and powerful, and they can outsmart and outpower a lot of guys. Get over it.
. Overly naive people. C'mon, everybody lies. Just turn on the TV. If you don't see that somebody is lying this very moment, it means you cannot read people.

 out of ? Maybe not. But definitely .
Read More",하이애나
1,"Awesome show with badass fl & sweetheart ml!
I just wanna say that till now ( i. e th April ) / is the highest rating I have given for a show and this is the only show I have given that rating to! This show is that awesome! :)

If you don't mind grey characters (Everyone's grey here, including ML & FL) and love to watch a really good romance between a badass FL and a smart ML set in a shady legal world, then this drama is for you! :)

This drama had everything I ever hope for in a show:

) Fast pacing of the scenes, no dragging or filler scenes whatsoever! I am just sad it wasn’t extended for few more episodes...

) Strong FL (not just physically strong but most importantly, emotionally strong!). Jgj has entered into my list of all time fav heroines!

) Smart ML who is willing to adapt to new ideas and is super witty on top of it! Did I mention he's super loyal too? < :) He makes you go ""awwww"" so many times that you will lose count! ;)

) Smart opponents! Because the game will be boring if your opponents are complete pushovers...

) Awesome BGM/ost that actually suit the narrative instead of hindering the flow of the scenes.

) Beautiful set designs and cinematography for that added visual appeal.

) Awesome set of actors, right from both the fantastic lead actors (I have become a fan of them both after this) to the equally entertaining supporting actors. It was a fab cast! Spl mention for the quirky secretary of our FL in the supporting cast, the show wouldn't have been the same without her! :)

) Entertaining story. I wouldn't say that the story was something out of this world or anything, but it surely had a bit of everything for everyone... It had a good dose of romance and comedy with a decent amount of legal /investigation drama. It also had a generous peppering of feel good scenes between all the team members. And on top of it all, it has a really really satisfying ending too! :)

Plus it gave me the same feels I used to get while watching 'Castle', an US drama series. Especially the leads romance gave me CasKett feels! < So basically, highly recommended! :D
Read More",하이애나
2,"This is my first time writing a review and this is the only drama that pushed me to write a review along my -year history of kdrama watching. DEFINITELY ONE OF THE BEST.

If you love dramas which will keep you on the edge and thinking, keep you laughing and let you find yourself smiling at the couple's antics, you should watch this drama. Also, if you love strong female characters and law dramas then definitely, decision to watch this drama is a no-brainer. Binge.

What I liked:
. It involves law and it is not dragging, perhaps exciting and will most likely have you to binge watch.

I personally like dramas about law like Lawless lawyer because they seldom lag because of different cases encountered along with the main case which is the case for Hyena. There is just a different excitement in courtroom.

. No skipping scenes.

This one has a very good story line. cases are packed, well-written and will keep you looking forward to the next episode. I have watched  dramas ever since the corona virus quarantine started with Hyena being the th. I used to have a habit of skipping scenes a lot especially scenes without dialogues. However, Hyena was different. You get to enjoy the cinematography which is good and I rarely skip scenes in Hyena which is rare for me. Whenever I would think of skipping scenes, I would stop myself then I would enjoy every bit of scenes. Each episode is an hour-length but I find other -min. length dramas longer. It is that filled. Also, although each episode is packed, the story didn't get messed up.

.The characters. I can't emphasize more on this.

I have known Joo Ji Hoon from other dramas and even had him as my Ipad wallpaper before. He never failed to give justice to a character in different genres. As for Kim Hye Soo, although she has other dramas, this is the first time that I saw her. Song Hye Kyo was offered the character but she turned it down and I'm so glad she turned it down. Don't get me wrong, I also love Song Hye Kyo but there is something different with Kim Hye Soo. Whenever I picture Song Hye Kyo being Geum Ja, it's just not that right now that I've watched Hye Soo. Hye Kyo is very beautiful and a very good actress but Hye Soo has the aura and charisma that could match Ji Hoon's charisma, or even overpower him. If Hye Kyo has beauty and charm, Hye Soo has beauty and charisma and she did so much justice on Geum Ja's character. , the characters, not only the main, were so good. They make you feel the journey and the emotions. They make you feel involved especially how mature Geum Ja and Hee Jae handles their relationship.

. The kisses and laughs.

The supporting roles definitely played the major role for comedy that's why no character is wasted.
The romance. Oh the romance. I often find myself smiling in front of the screen, feeling the butterflies in my stomach and that is rare for me. The chemistry of Ji Hoon and Hye Soo is so so so so good. They are both mature and really fit characters so good. And speaking of mature, the kisses! Although there's like at most three to five kissing scenes they were real kisses! Like not just lips steadily touching for three seconds but french! They're smoking hot that my face still turn red with a grin and makes me crave for more but... (I won't write any spoilers. GO AND WATCH).

.  to dance for and to feel for
Hyena by Yeoeun, On the road by Baekhyun, Hyena by Giriboy are some of the OST that got me hooked especially Hyena by Giriboy. They really fit as ost. GO AND LISTEN.

What I didn't like:

. That it finished

. The ending could have been written better. I don't know if there would be so much casualties if they were to add one more episode but seriously, one more episode is needed to say that this drama is perfect. Because of that I was a little disappointed. If the story and the characters didn't grow on me, I would not be disappointed but they did and as a writer myself, there could be a better ending. Maybe, just maybe, they could not permit another episode which explains the ending. However, although I was wishing for a better ending, the way they ended it considering the airtime only allotted for the drama, it was a clean finish. My love for the drama was still greater.

In summary:
DO NOT THINK ABOUT IT. WATCH IT. RIGHT NOW.


Read More",하이애나
3,"The possibilities for this show were endless. A semi interesting story about two lawyers who represent the top  percent aka the rich, famous, and well off. The story's bones were there, I will say. I was compelled to watch it not because it peaked my interest wholeheartedly, but I desired to see how they would tie it together.

Our female protagonist is a colorful character to put it lightly. She is dressed like a 's rapper: tacky, flashy, over the top, all with matching pimp rings to tie it together. While I had no problem with this (even though her hair looked like a hat most of the time), I did have an issue with how she dominated everything when she could have been easily discarded. Let's be honest the female lead should have been disbarred the first or second episode. From blackmail to illegally obtaining documentation/information, our main lead has no issues with getting down and dirty(even if it is far-fetched) .

The story begins to step into hella-far-fetched territory during EP . The writers poorly try to keep the two leads together by giving them cases to somehow connect them. It drags, and the punches become expected after EP . You sit back and say ""here he/she(main leads) come."" Predictability isn't a bad thing, but when the story relies on intellect and twist it becomes boring. The main male lead always fumbling when he encounters her took away from his character. He should have been ruthless, hard, not easily shaken, and witty. But since he wasn't during those forced encounters, he became weak as an overall lead.  I finished..... But like a $ buffet with mediocre food, I got my moneys worth eating all I could, why not I am already here. But I wouldn't go back for a second time even if i was offered the chance.
Read More",하이애나
4,""" Hyena "" was a legal drama with two intense characters.

Actually, the two main characters were the heart and soul of the whole drama. Especially the leading lady, who, more often than not, dominated her scenes and overshadowed her partner. However, she did got a bit endearing after a while. The subtle romance with the male lead was messy and probably should have been avoided, as they have better chemistry as partners rather than lovers. The theme about lawyers representing the elite was kind of refreshing, as most legal dramas tend to go for the more emotional, underdog stories. However, soon it was obvious that the cases were more about one family in particular rather than a series of cases. And it got a bit boring too.

So, overall, six and a half out of ten.
Read More",하이애나
5,"This drama was the most refreshing drama I've watched in  so far. At first, when it was announced I wasn't even interested. But somehow, when it started airing I thought ""Why not?"", and gave it a go. The drama did not disappoint.

One of the tightly written plots I've seen in a long time, no filler episodes. Flawed but interesting characters. This is my first time watching a law drama that deals with the shady and business-minded side of law rather than the usual ""Justice will be served"" court dramas. But I have to say what kept me hooked was the unusual romance between Hee Jae and Geum Ja. Those two were cute beyond measure and I enjoyed every moment they were together on screen.

Recommended for those who are watching out for strong female characters, uncommon romantic relationship dynamics, and a fast-paced plot.
Read More",하이애나
6,"How far could one go for his dreams to come true?
I hope my time becomes yours...one of the catchy lines from this drama. Even the first episode had me reeled-in, big time!
How far could one go for his dreams to come true? Can you sacrifice principles over survival?

Watching this drama brought out the feminist side of me. In this modern-day and age, women still need to work ten times harder than men. I know that society has changed a lot compared to what was. For women, success and competition are always cutthroat, no matter what profession and industry that maybe.

Nevertheless, a woman can sometimes change the world. I have to agree with this statement that even nations rage war over a woman. Man can be fierce at work. But when his woman comes calling, even the toughest guy can turn into mush!

I am proud to be one and will always will.

Keynotes I have learned from this drama.
Mistakes don’t happen by chance.
Reputation and status can be all there is for some. We live in a world where a single post can ruin friendships, relationships, and even companies.
In general, I like how the story came to be and how everything played out. Our male and female leads acting were superb that Yoon He Jae and Jung Geum Ja had me believe as real people instead of their characters/persona in the drama. Joo Ji Joon always throws that funny face! His charm had me bewitched! He is the main reason why I watched this drama in the first place. But then I saw the first episode. Bait and hooked! Three days later, I finished the drama.

The romance in this drama is not the average rom-com. It is more of the adult kind of romance befitting of the more adult viewers.

And while this has the lawyer-prosecutor setting, being lost with all the jargon is common. Hyena, however, all terms were explained and very much straightforward simple. I highly recommend this drama. It is one of the best drama-world moments of .
Read More",하이애나
7,"BEST DRAMA OF ??????????
YES
are you stuck at home in quarantine with nothing to watch?
Hyena is a fast-paced drama filled with betrayal, death, and passion. You won't regret it once you start it.

This drama has a very interesting plot filled with twist and turns but the two main lead caught my heart.
I was more interested every time they interact. They fight like kids and pretend to hate each other but their passion for each other cannot be deny. These two main leads has the best chemistry that I've ever witness. It felt so real and raw.

Please do yourself a favor and watch Hyena. It's worth every minute of your time.
Read More",하이애나
8,"DAPPER JU JI HOON IS DAEBAKK!!!!
As you can tell from the headline I might be a little bit bias toward our ML here since he’s the reason I really started watching this. Been infatuated with him since  ya know typical fan girl stuff ;)

Okay so first of all, I love how dapper JJH looks here! I mean it’s hard not to fall in love with him. He has the looks, the wits, the intelligence, and the personality (well this one is up for debate but you do you boo). What I really loved about him here is that despite the seriousness of the topics they discuss throughout the series he is still able to make us laugh. May it be thru his witty comments, his stern personality, or his random dances (love those!!! And his facial expressions too!!!!). Actually it’s not just him, all the cast here really did an outstanding performance and this drama deserved all the praises it got and maybe even more.

The only thing I think that was somewhat off in this drama is the love story. That’s the only reason I didn’t really give this one a perfect . I’m not sure if it’s the age gap or what, but something felt off. Even as when I was watching the ending, when both of our leads were standing in front of the building Jung Geum Ja wanted to buy and they started walking with their arms around each other’s shoulders, it looked like they were just BFFs and not lovers. And honestly, I prefer it that way. Personally, they look like brother and sister. I was actually rooting for Atty Yoon and Atty Boo to be together. They looked better as a couple for me tbh.

But this doesn’t necessarily mean that I’m not happy with our FL. In fact, it’s hard to imagine any other actress playing the role (excluding love line). Her character was a strong one. And I know initially this role was proposed to Song Hye Kyo but she declined (thank goodness). SHK is a great actress but I don’t think she can pull this character as much as KHS did.

, it was a fun watch. Learned things along the way also that might be useful in life. Will definitely recommend this to someone who is looking for a witty legal drama that is not too far from reality.
Read More",하이애나
9,"YES MA`AM!
First of all, I want to thank the writers of this show for giving us a strong female lead whose only trait is NOT that she`s strong and/or fueled by something overly moral and heroic. She just wants to make money to buy a building which she considers as her root. She`s cunning, savvy, not overly empathetic, fun, sarcastic and smart all the way through. And best of all, she`s morally GRAY!I cannot give enough praise to producers who decide to make their leads like this, whether they are male or female. We all make wrong decisions and are tempted by greed, pride or whatever. No one is exempt from this, yet dramas and entertainment seem to insist on convincing us that main characters are always either PERFECT in their beliefs and cannot waver for anything OR are cartoonishly evil, but they can change!!

That isn`t to say that our main lead doesn't go through a transformation of her own. She does, and though I wish that transformation was done a little bit more subtly, I`m grateful that her prideful stance doesn`t change at all and stays the backbone of her character throughout. There were moments when I caught myself rooting for her despite the fact that what she was doing wasn`t morally sound in my eyes. But I like that. I like questioning my own standards and ways and it`s great when a drama can get me to do that. You won`t always agree with Geum Ja, in fact you might outright hate her sometimes(mainly at the start of the show), but I love being challenged and faced with different molds of characters which I can analyze.
This isn`t to say that the male lead isn`t great too and his development comes in due time and it is every bit as beautiful as female lead`s. In fact I would say that his change went even smoother. Hee Jae was, like Geum Ja would call him, a rich brat who got where he is on the back of his family. And this is true at the start. He WAS that twerp running errands for corrupt rich without question, but what is more important, he felt entitled to impose his moral compass on someone who doesn't accept it. She more like flips that thing and destroys it, which is why he loses to her. Still, Hee Jae doesn`t feel like a bad guy. He`s more morally sound than Geum Ja but has the same objectives as her, which is why their change wouldn't be possible without each other and if that isn't the best kind of adult love, them I don`t know what is. He becomes patient, understanding and threads lightly, which after everything they`ve been through, is the best way.

Other characters are a delight as well and although he was a touch cartoonish, Song Pil-Joong was a good villain. Like, I was genuinely happy when Geum Ja erased that stupid smirk off his face.

Now, I do need to nitpick for a bit. I wish we saw just a bit more of an interaction between Geum Ja and Hee Jae. Like  minutes more would`ve been perfect since their comradeship and chemistry is very believable and it would`ve also cemented their relationship as something that`s gonna last. I do also have to complain about some missteps the writers made in regards to how Geum Ja distributes the vital information she receives as sometimes that`s exactly what gets them in trouble in the first place. I wish they didn`t make such a highly intelligent character go to the big bad wolf directly to spell out her plan so that he could, of course, stop her for plot convenience sake. Otherwise, the writing is quite clever in places, such as when Geum Ja tells her client:""Do you know why hyenas shit out white poop?Because they eat the bones of their pray, no matter if dead or alive. So watch me how I eat your mother.""I loved it. She`s unapologetically savage and not what a badass female today should look like at all, by Hollywood`s standards. She`s older, dresses differently, curses and is overall the opposite of ruined bad woman ideal. And I love, love it.
Read More",하이애나
10,"KIM HYE SOO IS THE MF BOMB DOT COM
I don't even know where to begin with this. I only started to watch this from scratch since I was bored during the quarantine period. I also know that Song Hye Kyo was the original fl. And boii I was sooo glad that she turned this down because I don't think that anyone can deliver or portray Geum Ja like Kim Hye Soo did. Okay for starters, the acting... Everyone was soooo daamn good from the leads to the supporting casts. Ju ji Hoon was magnificent here. And then Kim Hye Soo... Oh my god Kim Hye Soo she is literally the queen of range... She really delivered a one-of-a-kind performance here. Istg the chemistry between the leads are off the charts. I mean, the sexual tension is just *chefs kiss* %. The OSTs in hyena are to dieeee for i mean they are just so damn good. If y'all haven't watched hyena, watch it right now. I swear you wont regret it.
Read More",하이애나
11,"This is a solid drama: it is exactly what it sets out to be and does not pretend to be something else (I don't know if that makes sense :) )

Strong points:
- the main characters were outstanding
- the romance was great
- the cases were realistic

Weak points:
- all the other characters were generic
- the cases were not exciting: it's good that we had realistic storylines but unfortunately, the director and writers failed to make them interesting for the viewers
- the antagonists were too flat, too predictable

The strongest point of this drama are the main characters. They are amazing. This is the first time that I genuinely liked and empathized with the rich, arrogant male lead from the get-go. This is all because of the first episode. We get to see different sides of his character. He is flawed for sure but what makes him different from the typical rich and the arrogant male lead is his honesty. This man was so honest about his feelings, I literally had goosebumps.

The female lead was incredible. She was not generic. She was a determined woman with a clear purpose. She had her strength and weaknesses. She is flawed for sure and I disliked her after the st episode, which is a great thing. How many female leads have enough personality to be disliked from the st episode? I enjoyed watching her grow throughout the episode.

The romance was mature and solid. The characters knew what they wanted and tried their best to get it.
The leads really balanced each other and that was refreshing to see.

But outside of the main characters and their romance. Everything was either meh or okay. The cases were okay but not memorable. The second leads were so useless. Honestly, what was the point of that second lead couple?
Most of the other characters were just part of the background.

It's a good drama but it does break some stereotypical tropes. But don't expect anything amazing
Read More",하이애나
12,"Hyenas eat the bones of their preys whether they're alive or dead.
My knowledge of law and how courtrooms operate is incredibly limited, so this review will not comment on how realistically they portrayed lawyers and attorneys, because not only I don't know, but it's also not the reason why I watched this drama in the first place.

This drama begins quite differently than any other I've ever seen: the main couple starts dating very quickly on the first episode, there are kisses, hugs, affection, she goes to his house-- the whole deal. And by the end of the episode, we learn that she's not just a woman our male lead had a meet cute with: she's actually the lawyer he has to face in court. This isn't shocking considering that one rule of kdramas is that if the couple starts dating early, they will absolutely break up soon. The shock of seeing her is what ultimately makes him lose a case that was supposed to be an easy win, and it's a very hard blow on his ego, as well as his emotional wellbeing. After all, he had actually fallen for her.

Something that I absolutely loved about this drama is that their romance and feelings for each other seem to be the driving force of the plot one way or the other, but in a way that does not seem forced or annoying. He's everywhere in her life, and she's everywhere in his. I want to say that he fell for her way harder than she did for him because I think it's true, but I also feel like because of the nature of our female lead's personality you can never fully know how she truly feels about someone and to what extent she cares about them. She definitely fell for him without wanting to (and who wouldn't, honestly).

That being said, even though the sexual tension is off the charts, the actual physical contact is quite limited with the exception of the first episode. However, there's a kiss around the middle of the drama that's so intense it's worth like ten kisses instead, so I can't really say I minded the lack of physical contact/affection in this one. Also, the lack of it made sense in the context of the show, so it's not like you find yourself feeling like they should've kissed at certain moments when they didn't. There aren't really moments that warrant a kiss or a hug or whatever it may be-- except maybe at the end. I definitely could've used a kiss at the end.

One thing to know going in, is that our two main characters are not pure and sweet angels, they are two smart people who can be gigantic assholes when they want to be, both to each other and to other people. A lot of people have categorized this drama as ""mature"", and I suppose it is fitting-- especially because our leads are two grown adults. It's very different from many other popular dramas, and even though at times it may seem that the romance between the leads is not the main theme, it's so intricately weaved into the storylines that, like I said before, their feelings for each other always end up seeming to be the driving force of the drama.

I don't usually watch law dramas because it's not what I'm interested in, but Hyena completely stole my heart. A great story that pulls you in from start to finish, with a solid beginning, great middle and a very satisfying ending.
Read More",하이애나
13,"When I first started watching the drama, I wasn’t hoping for too much comedy. I thought this would be more of the serious law type of drama with a bit of romance in it. I was so WRONG. This drama has not only make me laugh non stop, but also make me feel the tension like I was actually experiencing it live. I’ve never supported casts with big age gap, but this drama cast is just perfect! Kim Hye Soo and Ju Ji Hoon are the perfect match, and they’re just WOWED ME EVERY EPISODE.

The story might be a bit predictable, but I’m sure no one would feel bored watching this. Not even slightly. The comedy was excellent, the romance isn’t too much and just perfect. The only thing missing is just the fact that Jang Geum Ja and Yoon Hee Jae didn’t get the chance to perform together at the court for the last time!! I was hoping for one, but the last scenes were enough though!! BEST COMEDY LAW DRAMA I’VE EVER SEEN. TOTALLY A MUCH WATCH. / ⭐️
Read More",하이애나
14,"The titular Hyena of this drama is exactly what you'd expect from someone with that title. She's vicious, ruthless, quick-thinking and consistently outmanoeuvres everyone else on screen from the first minute til the last.
If you love a woman who knows what she wants in life and refuses to let anyone tell her any different: you'll love this drama.

Her only match is the slick, smart and just as ruthless hotshot lawyer whose the typical well-brought up male lead. Except, not? He clearly wears his heart on his sleeve and I don't think it's much of a spoiler that he pines over the FL the entire run, but he isn't portrayed as any less vicious or clever because of it.

I think if you're more used to run of the mill type dramas where the leads are very straight-cut, unproblematic hero types, this one isn't for you. The cast has wonky morals and aren't very nice, but they still have a whole lot of heart too. If you don't mind your main leads coming with a bit of spice - I recommend! Not the most perfect of shows maybe, but definitely up there.

(and as a side note: has a surprisingly unexpected feminist thread lowkey running throughout about the way women in positions of power are dismissed, disrespected or cast aside in favour of their male counterparts just because they're women.)
Read More",하이애나
15,"I came for the chemistry and stayed for the Female Lead!
I was looking for a drama featuring great chemistry and Hyena came highly recommended. I wasn't excited by the rival lawyers synopsis, which I thought would be boring, but Kim Hye Soo as Jung Geum Ja is so dynamic that I was never bored. This is the epitome of a strong female lead drama. She's a grown woman and she does whatever she wants! It's refreshing to see it, even when her methods are super sketchy. It took a few episodes for me to really get into the story but once I did I was hooked. Yes, this is a romance with great chemistry too, but it's mainly about Jung Geum Ja being unapologetically bad@ss and unconventionally sexy. Almost Sexy-""Signal"" lol

""Hyena"" doesn't quite reinvent the wheel and follows the usual cliché of rivals turning into teammates and more but it does have a unique beginning. Their initial scenes together truthfully didn't seem all that interesting, but soon it all comes together in a way I didn't expect, so I won't spoil it. Sure, some moments are a little corny, but it was fun watching the leads play off of each other. Geum Ja is ambitious, ruthless, and rulesless and is matched with Joo Ji Hoon as Yoon Hee Jae an arrogant and blunt high-end lawyer who is not used to losing. I loved that he also has a clear sensitive/petty side as well, which made him feel less like a stereotypical character. They are definitely well matched, and both characters I wanted to root for, even when on opposing sides.

Another plus this drama has is that the entire ensemble is great! There are many memorable supporting cast members that I liked, even with much smaller parts, especially as they learned to work together as a team. Some of the clients and rival lawyers were less interesting, but once Jung Geum Ja was involved no scene was ever boring. I definitely have to shout out Oh Kyung Hwa as he secretary Lee Ji Eun who was my favorite of the supporting cast, and a great side kick/ride or die character. I loved her subtle reactions from the sidelines too.

If you are not the biggest fan of courtroom dramas or business corruption dramas, like me, don't worry too much since most of this story is character driven there's an even balance. It's not just about the cases and clients and is often more about how the main characters rise to each challenge. It did help that their cases involved the same related characters, so there's no overload of unnecessary new storylines. There are some scenes that I didn't care as much for but they were never long enough to make the story drag. I do wish Geum Ja's personal story got a little more attention, but what they did show was still enough to understand her. The pacing of the episodes are really good and actually get better as the story progresses, building up to a satisfying ending.

Would I watch this again? Maybe. The banter between the leads and Geum Ja's antics are good for a second viewing, but I would be tempted to skip too many scenes without them since I know how it all turns out. There aren't many specific rewatch worthy scenes either . However, I would definitely be interested in this writer creating a new strong female lead drama. We need more!

Final verdict? This drama met my chemistry expectations and surprised me with a character I won't soon forget. I didn't love it enough to add it to my favorites list but I would definitely recommend it as worth watching. This is a grown up drama for people who like to root for a flawed anti-heroine. It has some suspense elements but it's still mainly a rom-com as much as it's a court drama. I didn't mean to binge watch this so fast but I could not stop watching! Did I care about who worked where, and who owned/lead what business? Not even a little bit. Neither did the Geum Ja though... which was fun to watch. She cared about winning, and win this drama does.
Read More",하이애나
16,"Fiery Hot Chemistry with Love and Care!
I watched Hyena with a frenzy, I didn't stop and I didn't sleep. My eyes were glued to the screen episode after episode and all I can say is WOW!

I could tell you about the high quality cinematography, or the fantastic soundtrack and the thrilling storyline, but I won't. Instead I'll review the Fiery-Hot and passionate romance between our two main leads.

Jung Geum Ja (Kim Hye Soo) and Yoon Hee Jae (Ju Ji Hoon).
Firstly, these actors know how to act. I have been following Kim Hye Soo and Ju Ji Hoon/Joo Ji Hoon for a while and these two seriously know hot to pull of a role. Throughout the entire drama I was completely convinced by their characters. I felt their complicated feelings for one another. I felt their competitive spirits reaching out to me through the screen.

The director seriously did a good job casting Hye Soo and Ji Hoon because their chemistry is off the charts. From the beginning you could feel how well they fit each other. Just instant electrity. I have never been more convinced by a kdrama couple. An absolute match.

Despite their initial setbacks and especially the harsh actions of Geum Ja, I love how Hee Jae always respects her in the drama.

This drama portrays perfectly how a female lead can be strong, intelligent and fierce and how the male lead respects that. And how they both can be strong and witty and most of all EQUALS!!!!

This is how female characters should be written, this is what feminism looks like!!!! TAKE NOTES HOLLYWOOD!

An equal power dynamic in the relationship, they're constantly in a power battle with each other, yet they still care for one another and they have this perfect synergy.

They didn't need a lot of kissing scenes, romantic music, or cutsie couple shots for you to feel the tension and passion between them. Even when they were at loggerheads with each other it was just so thrilling.

They work well together not only romantically but technically, in the plot, in the story and in the action and law/court scenes.
Honestly if they hadn't had such chemistry this drama wouldn't have been so good. Their thrilling, passionate yet caring relationship is what pulls this whole thing through.

What I like most of all about the power couple in Hyena is that they are a POWER COUPLE!
They kick ass individually but they destroy it together. Honestly I ship them so hard.

What more can I say, bravo. They were fantastic and I hope to see Kim Hye Soo and Ju Ji Hoon together on more projects. Their chemistry was just too hot.

Read More",하이애나
17,"Not the average Legal drama
What a strong leading female character. Wow. Here's a woman who is smart, sassy, self made, knows what she wants and lives by her own rules. Arrogant to snobs, but underneath the money-grabbing facade beats a good heart.
Her nemesis is in turn rich, corporate, from a good family, suave, unscrupulous, competitive, arrogant and blindly loyal.
When these two meet, sparks will fly and a few servings of humble pie will be consumed.
For a legal based drama this is so good. Full of high powered wheeling and dealing, with some very unsavoury characters totally lacking in morals.
It's clever, witty, grown up and only once was there a clichéd scene (I really thought I'd be spared someone dropping to their knees this time, but sadly no).
If you don't like the odd [realistic] swear word, an older strong female lead who puts most men that need to be, in their place and has no problem sleeping with a guy if she wants to; then you'll hate this.
If, like me, all the above appeal, you'll probably enjoy it as much as I did!
Joo Ji-hoon and Kim Hye-soo were perfectly cast and worked so well together.
Read More",하이애나
18,"Well worth watching, and watching again!
I'm reviewing this now only because I've just re-watched it and enjoyed it as much as the first time. I VERY SELDOM rewatch KDramas.
But don't get me wrong. The first time I tried it, I abandoned it, because I hated the male lead - I found him deeply unattractive both physically, with a face always set in a sneer, and as a person - unwaveringly arrogant and dismissive of everyone except his senior in his firm.
I have no idea what made me return to it, but at my second run up to it I allowed him more time. It became clear that he was not what he seemed at all, simply hurt and still struggling with his feelings for the FL.
That said, other reviews here have noted just about everything I want to say. The ML and FL are unconventional, but adorable - once you et beyond her aggressive pursuit of success and money, and his apparent arrogance both in the courtroom and outside. They each have warm relationships with colleagues, but apparently no real life outside of work. Both are more generous than they seem, and more supportive than you might expect. And loyal - and loyalty and betrayal are recurring themes.
Other characters are engaging - one reviewer felt they are not well developed, but - while I agree to an extent - this did not work against the drama for me. In most cases, every character is shown as multi-dimensional, even the incredibly annoying ""old friend"" of the ML redeems herself when she tells her boyfriend to choose loyalty over betraying his friend for his career. I found them all, even quite minor characters, engaging
There is a strong thread of feminism and domestic abuse running through this drama. If you dislike the idea of that, this is not for you. There is some violence, but none of it gratuitous or graphic.
Similarly, if you want a conventional pretty FL, this is not for you. Kim Hee Su, who plays FL, was  when she made this -  years older than her ML. She doesn't look it, is absolutely beautiful. However, her role has a weird personality, both flirtatious and sexually assertive, but also very daunting at times. She is also incredibly brave, and refuses to be intimidated by authority or physical threat.
I felt throughout the drama that the story as really all about her, and the ML eventually comes to accept her for what she is, and to respect her sometimes ""underhanded"" (but are they?) tactics. They break some of the ethical rules for lawyers, but cut through lots of constraints that actually protect wrong-doers or those in authority, and are effective in getting her clients what they want. But sometimes she is well over the line - though increasingly as the series goes on, this is rare.
It interesting - given the feminist content f the drama - that the ML heads the cast list. Why, for goodness sake? His character is great, but the story would be nothing if Kim Hee Su as Jung GeumJa were not there. She is the real star.
Read More",하이애나
19,"WHAT A SHOW. I loved the satisfying ending.
Ju Ji Hoon, what a sweetheart, he was so amazing at portraying the sexiest ace attorney EVER at a prestigious law firm. His charming aura, his manly fashion, his calm and collected dialogue delivery, his steadfast acting, it all was so GORGEOUS to watch. He really truly was in love with the female lead, without ever stifling her, or trying to change her, he truly only wanted two things from her, an apology, and then a relationship, which I hated to watch (bc FL was kind of a bitch) but it was ALWAYS heart-fluttering instead of cringy. JJH has this way of making literally ANYTHING look good.
I was so hurt on his behalf after episode , because I really wanted to punish the despicable girl who broke his heart, THAT'S how good he was at showing how taken he was with the girl.

The FL used people and left them for dead, like a hyena, and that's the show! And she stays exactly the same all the way to the very end. In that sense, she was brilliant. She never swayed an inch no matter who cursed at her for her background, for her lack of education, for he lack of class, she just marched on. She really said 'Fuck me if you can' and walked away with victories in her arms. I loved that, truly I did.
BUT her actions never had ANY consequences, which I HATED, and also how every male was completely enamoured with her for no reason at all, which was just annoying to watch.

The background characters in the show had just the right amount of screen-time, they were so good, and were there exactly when they were needed, no more no less.
The story was paced well, and the villain got a good end, exactly what he deserved. All the featured cases in the show were interesting to watch and decipher, and the arc with JJH's father was really intriguing to watch.

Easy /. Highly Recommended!
Read More",하이애나
20,"Flashy legal drama with sizzling chemisty between the leads
Likes
. Explosive chemistry between the two leads. I loved their petty fights, legal battles when they were fighting againat each other and when they finally learned to work together, those moments when they became personal and emotional and opened up to eo. They may not have ended up together but the finale was still perfect because they are now partners in their own firm.
. I believe that Geum Ja will get to buy her own building with Hee Jae's help and Law Firm Choong will be bigger than S&K.
. Their team, the old smart guy, the funny talkative best friend, Geum Ja's secretary, Ms Boo, newbie lawyer and the detective. Each one has their own strengths and skills that they bring to the table.
. Reminds me a lot of Suits with the flashy office,  representative lawyers fighting over the law firm, annoying lawyer at odds with Hee Jae, the witty lines and the amazing ost.
. The cases were fun, a lit bit intriguing, well developed that you see the connection in the later episodes. At first i was team Song but ugh! So bad to betray Hee Jae. I still didnt like Kim though.

Dislikes:
. That  episodes went by too fast. I want season  please!!

Rating: /
Read More",하이애나
21,"""Hyena"" is the story of a struggle between two good lawyers - a woman who is able to cross any border to achieve her goal, and a man from a legal family who still has a conscience.

These two work well together, not just at work. I felt the chemistry between the characters. I think it was mainly thanks to actress Kim Hye-Soo, who played fantastically. Her brave look and outstretched neck gave the impression of a proud, brave and fighting woman.

In such dramas the themes of murder and corruption are very often discussed - there is no shortage of them either. I have to admit that despite the lack of originality in the approach to the subject, the series was very well watched.

There was no shortage of funny scenes, obviously related to the relationship between the main characters. I liked that Jung Geum-Ja was not ashamed of herself, she knew that she was a good lawyer and that she was able to overcome the male dominated system.
Read More",하이애나
22,"OH-MY-GAAAAAD!! This isn’t an ordinary drama I expected to be
You know, after watching this drama, I kinda regret WHY.ON.EARTH.I.ONLY.HAVE.THE.GUT.TO.FINISH.THIS.

But it now I also realized. It’s good to don’t go on trend for just watching dramas. For me, this is the perfect timing to discover this hidden gem HYENA.

I just found myself FELL INLOVE WITH BOTH LEADS AND CHOONG LAWERS. Omyghaddd!!!

At first I was actually hesitant if I would be able to finish this and if this worth watching. But guess what, it totally exceeded my expectations!!!

Tbh I was actually expecting romantic ending between leads but well to tell you know, you’d find yourself enjoying it more than that.

I just love how the overall story goes, especially how they executed the political/law + romance + comedy in a single drama!

It amazes me to witness the well planned and written story. Plus the OST!! It hype me whenever I hear if esp in the exciting part of the drama.

Now, I am expecting for PART !!!!!! Does anyone is also with me?!

Well, I felt like it ended pretty fast. Can we just have a part two! I wanna witness how the both lead’s relationship will go, the trial pil sung and if ever the FL bought the building….
Read More",하이애나
23,"This is the greatest Kdrama I have ever watched and I know this because it has made me make an account on this website so I could tell everyone what I thought about this.

The Kdrama is so good that if you rewatch it, you might get too addicted too it, that’s the only reason I haven’t gave it a / score.

Everything from the twist and turns, casting, acting, music etc. Everyone needs to watch this Kdrama!

I’m just honestly hoping this isn’t the end of this amazing Kdrama, I could watch  seasons of this Kdrama if it continues this greatness, I’m honestly begging for another series asap please, that’s how good hyena is! You will love it!
Read More",하이애나
24,"I decided to watch this drama because one of the protagonists is Joo Ji Hoon, whom I got to know and love as an actor in ""Kingdom"". The plot being quite different from what I usually go for in a drama, I wasn't expecting too much. However, I was very pleasantly surprised by how hooked I got on the show and how I came to value different elements of it from those I usually do in other dramas.

The story follows the two main characters, Yoon Hee Jae and Jung Geum Ja, who are lawyers striving to make a name for themeselves in a very competitive field of work, each having different backgrounds, ethics and aspirations.

What I loved most about this drama is its characters. Each and every one was a complete, distinctive persona and there was also natural and well-paced character development as the story progressed. After completing all episodes, I can definitely say that the director and the screenwriter wanted to make a drama that features strong, independent women with realistic behaviour and that is something I have to respect, really. There is no unnecessary drama, no women-pitting-against-women-for-no-logical-reason plot additions and nearly all the female characters are just as you would see them in the real world: striving for personal and professional success, while not being slaves to their feelings.

What was also incredibly fun to watch was the interactions between the two main characters, Yoon Hee Jae and Jung Geum Ja. Through this drama, you get to see what happens when two strong, competitive and self-centric personalities enter each others' worlds. It is mostly chaos, but the underlying passionate attraction between them makes for a very interesting relationship. The actors had amazing chemistry, but that is to be expected since they are both renowned and experienced professionals.

I have to also give a shout-out to the OST which was incredible. Giriboy's ""Hyena"" is now one of the most replayed songs in my playlist. The drama featured many tracks that are different from the classic drama ballads that you usually get, which was a refreshing change.

All in all, this was a very fun drama to watch, quite different from those I have watched lately, and one of the few out there that features female roles worthy of respect and admiration. I definitely recommend it!
Read More",하이애나
25,"I rarely rate and give a review but this needs to be said. Hyena is such an underrated drama. I truly enjoyed this more than The King Eternal Monarch showing right now. The main leads have explosive chemistry that emanates from the scren. Every micro-expression of their characters is done flawlessly!

I love that this is an empowered female lead who takes no bull and needs no man to save her. Add to that a seemingly typical cocky and overconfident male lead that actually shatters toxic masculinity as he isn’t afraid to show his emotional and tender side often. I love this dynamic. The second lead woman who forms the love triangle appears like a typical bitchy, smart popular girl who will start a fight but shatters that appearance too.

Gosh this was such a badass series that I binged it unknowingly (and I dont do that anymore!). Praying it gets another chance and continues to a second season.
Read More",하이애나
26,"I think that this is a must-watch for everyone tired of the usual storyline, which is based on the love story only or if you are tired of the typical dumb woman that needs a man.

. STORY
The story is fresh, and that's one of the reasons why I was able to finish this drama. Although the political issues used in the story can be found in many politics-based dramas, I believe that they have done a good job of making the story enjoyable enough with the different characters and messed up relationships. These kept the story going as there are several plot twists here and there, leaving you in awe and also encourage you to watch more. The background story of the protagonists was well built because, thanks to that, we were allowed to get a character development that we often don't see. At least, I don't. Another reason why I continued to watch this title it's how they tackled the story by also keeping a bit of romance here in there without overdoing it and sway away from the real story.

There are several things that I would have liked to see, and that's why I didn't give this title a .
) I would have liked to see more of the ending on the relationship between our female protagonist and her father. I think that the indifferent playing was nicely played, but I believe that they could have added something more in the end.
) The protagonists were able to get until the end after all the mess that they got in, but somehow they didn't show us the scene in court or anything like that, it was disappointing...
) I wanted more scenes between our hero and the father, as I feel that was one of the most essential things for clear character development in our hero.

. CHARACTERS
I loved all of them. They were all well made, and they also gave them character development, so I was delighted with them. However, as I said above, they could have added some more scenes to make the changes more evident as in both the character's personality and the relationship between them.
My favorite characters were the protagonists - our hyenas. The heroine was strong and not the usual weak and dumb girl that gets swayed away by all the guys she meets. She knows what she wants and doesn't want, and she keeps consistent with it throughout the whole story. If you are tired of the typical drama heroine, then this drama will make you pleased for once. The hero seemed strong, but it was just a way not to show weakness and escape from his name to show that he is capable of achieving results. Again, this is not the usual male character that you find in dramas, where the male protagonist is good at everything and just has a lousy personality. Here we get something new and different. I loved their love-hate relationship because you can see that no matter what, they still care about each other.

SUMMARIZATION OF REVIEW
The story is different and fresh, with also new characters that you often won't find. Although the main story is quite similar to many political dramas, Hyena was able to tackle them in a different way, which didn't make it too heavy to watch. There are also exciting plot twists and cases in the story that were enjoyable.

Should you watch it? I would highly recommend it to you if you are not searching for the usual romance drama. I would recommend it if you are into mystery and detective type of dramas. I would recommend it if you don't mind having more friendship than romance.
If you want some innocent and fluffy romance, then this drama isn't for you. If you aren't into investigatory dramas, then this isn't for you.
Read More",하이애나
27,"I didn't really have high expectation on this drama, I wasn't so excited to watch this either. But it kept showing up as one suggested drama to watch in my netflix and so I watched it. And just within mins I am hooked! I love the FL, she is so cunning and smart and a real badass.

I love the ML lead too, he is just as smart as the FL. They really have good chemistry.
The story line is refreshing, it kept me wanting to watch each episode without skipping any scenes.

This is unexpectedly excellent drama. If anything, I would prefer it to have more romantic scenes, the chemistry between the ML and FL just sizzles!!
Read More",하이애나
28,"i love it!!!
i lovee the storyline!!!! ive been looking for a law-related kdrama and came across this one and im so glad i did!!! firstly, i find that the storyline is so interesting and i like how the conflicts is introduced very smoothly. and even as the conflict rises, it doesnt add any unnecessary confusion like introduction of new characters whatsoever. like, there were new characters in the middle, but it was not introduced in the middle of a crisis or conflict so, i can easily remember the character hahahahahah also, i can understand everything and the cases really keeps me going, surprisingly hahah also, i was also not expecting the funny scenes/characters and so i reallyyy enjoyed ittt. the interactions between the characters, especially the two main leads were also very interesting and they had really good chemistry!! at first, i didnt really like the heroines character, but it kinda just grew on me and i turned out to really love her character hahah

i think maybe some of the downsides of this drama is just sometimes it can be slow at times, but its not like the cases discussed in the drama were dragging but the side stories sometimes are a bit slow or maybe like when they talk, they talk very slowly??? hahahahhah but im okay with that. and also the last episode was hmm kinda rushed idkla but hmmm okay je kottt

overall, best!!!! both main leads were so cool!!
Read More",하이애나
29,"This is not your ususal Law Thriller, definitrly a worth watch!!
At first i wasn't really sure of watching this drama.
cuz i thought it will be your usual law thriller but it wasn't. Just after watching the first episode i was totally hooked up.
i really liked the OST and the leading characters especially our leading actress cuz she is one hell of a tough lady and i really enjoyed her being so rough and tough.
Obviously, a typical heroine lawyer will try to fight for the weak. While Geum-ja does head in the opposite direction, we can’t help but realise that she’s working within the parameters of reality.

Yoon Hee-Jae and Jung Geum-Ja both did fabulous acting with Jung Geum-Ja being a strong female lead .
It's worth a try!!
Read More",하이애나
30,"powerful, explosive, unexpected drama
flipping through netflix one day, i suddenly stumbled upon this drama. i was not really invested after reading the synopsis but i decided to give it a go anyways and my god was i shocked. from the very first episode i was invested. my jaw hit the floor after the first episode, totally unexpected. this drama definitely empowers women in some sort of way mainly showing you that women can trample over anyone who comes in their way and emerge as strong goddesses. the best thing about the drama for me was the chemistry and the dynamic the two main characters had. with the constant squabbling and fights they would have to them being there for each other. the male lead is fine as hell and he really fits the part of the main character. the female lead is on a whole other level, i truly did admire her persistence in this drama. she is one hell of a woman. the cases are somewhat interesting, but they should have introduced other cases as well, there were maybe around - cases and they spun that around for all the episodes. Hyena is the perfect title for the show as these lawyers tear they're competitors apart from limb to limb. i thoroughly enjoyed this drama. if you're looking for the romance element, this drama does not really have much, its present in specks but not really very evident. in a nutshell, its a fantastic drama to watch, its fun, its fast-paced and very enjoyable. if you're looking for something out of the ordinary compared to other dramas, then this drama is a must watch.
Read More",하이애나
31,"Horrendous sideburns aside, this drama was INTENSE in the best possible ways.
NGL, I skipped over this drama soooo many times because the female lead's hairstyle just looked so ugly with those weird chunky sideburns. I know that's a stupid reason to skip a drama...but dudes, they are like a toupee for her ears. It grew on me though, after awhile...or at the very least it stopped bothering me. Once I did finally start watching this drama I was floored by how great the acting and chemistry between the two leads is. The story is also super engaging and entertaining, especially in the first several episodes where the leads are essentially enemies. Their interactions were intense and clever and so so funny. They both have exceptional facial expressions and know how to use their eyes to deftly convey messages without words. The female lead, especially, dude she shoots harpoons from her eye holes...not daggers, literal harpoons. She's SO intense. Although, with all that badass intensity it was pretty hilarious to see her walking around with a grandma level phone chain.

The side characters were also all extremely well done, each had a very distinct presence and well defined reactions. The acting in this drama is impressively coordinated. I mean...not to play favorites too much but any comedy with Jun Suk Ho and/or Hwang Bo Ra is going to be hilarious as a given, those two are stellar at supporting character comedy. But really, all the comedic side characters were so well performed down to the lowest screen time thug. Whoever cast this drama did an amazing job.

I will say...there were several points where I wasn't sure if the male lead was maybe having seizures. Like most of his body comedy is really funny, but every once in awhile he'll do something that seems...well...like he's got Tourette's. Like episode  at about :. What is he EVEN doing with his face there. I was % sure he was having a stroke (at this point in my review I popped out and googled him a little to make sure he wasn't actually having a stroke cause it would be pretty mean for me to poke fun at that right). I just cannot figure it out at all...like I guess if it's not a ""oops I have brain damage"" plot twist, then he must have been trying to express annoyance or...hold in his anger? IDK. It was SUPER strange though. Like if he were actually having a medical issue they would have refilmed or cut that segment right? So it must have been intentional? IRL if you see someone do that...idk wouldn't you ask him if he's ok? Like she just doesn't even seem to notice his face is spazzing out in the middle of delivering a serious line. I'm still astonished tbh.

The OST was also really well done, however I was super confused when I looked up the OST online because it felt like the songs listed weren't the songs I was hearing. The OST you'll find online is all filled with lovey dovey slow songs, but the actual music in the drama has so many upbeat and badass lyrical songs. This is the first drama where I haven't been able to find all of the soundtrack songs on Spotify/Youtube/etc. I'm a huge fan of dramas that use the OST to amplify the story being told, and this drama did it so so well.

I would % watch this drama again just to see the great character development and the intense interaction of the exceptional lead actors. ...maybe it was gagging? Based on his dialogue at that moment, he says she disgusts him right after he makes that face...maybe he was like...idk trying to gag? Like to show how disgusted he was? If that's the case, dude needs to seriously eat or smell something disgusting in front of a mirror so he can understand what disgust actually looks like...to prevent himself from having seizures on screen in the future XD
Read More",하이애나
32,"A GREY DRAMA FOR GREY PEOPLE!
If you're looking for righteous, heroic protagonists and evil, filthy antagonists, then this drama is""not for you""!
A strong FL who remains""strong until the end"" is a trope very hard to find in Kdramas. A hot yet adorable cinnamon roll kind of male lead is also rare to find right? This drama assures you this.
The antagonist characters were also very well written, they were calm yet manipulative, you will hate them yet pity them.
The side characters were not just there for fillers but had a good role in the plot.
Many people didn't like the FL and I just want to say one thing for them, that they were not open-minded enough to watch this show. She was not playing foul with innocent, middle-class people, she was being ruthless with dirty, rich people and there is nothing wrong with that. And none other than Kim Hye soo could have played this role, she nailed it!
The chemistry between the leads was a bomb, like literal fire, so good that I don't think I can see Joo Ji hoon with a younger FL in the future (just my opinion.)
Not even one minute of an episode was boring at all, when the episode was completed there were many things shown. I never wanted this drama to end. I was so in love with it, that I learned much more than they wanted to preach.
In short in the drama, no one is ""holier-than-thou"" everyone is grey and that is what makes the drama relatable, raw, and unique.
You will love it if you accept and learn from it!
Read More",하이애나
33,"I like Legal Dramas - just did not find this one interesting
/ is my rating. This is a  South Korean drama with ,  minute episodes.

Jung Geum-ja (Kim Geun-ja) is a lawyer who, like a Hyena, has no issue with scavenging off other‘s weakness to win a case. She crosses paths with Yoon Hee-jae (Ju Ji-hoon) who works for a distinguished law firm that caters to the wealthiest of the wealthy. Yoon Hee-jae is confident in his ability and has risen through the ranks of his law firm at an accelerated rate due to his exceptional legal skill that is until he goes against Geum-ja. Their first encounter is on a divorce case and Geum-ja seduces Hee-Jae in order to get close enough to him to steal information that is critical to winning the case.

In general I did not find the cases they worked on very compelling. It was mostly corporate level cases or rich chaebol and that type of law was not very interesting to me. I did not feel a lot of chemistry between the leads. I also did not like Geum-ja's underhanded way of doing law. It was okay a lot of times for the criminals she was pursuing but tricking someone by pretending to love them then stealing information to win a case was cruel and it made it so I did not like her very much. She is supposed to be very attractive but her short hair did not make her look very attractive to me. I have been watching this for many weeks and I usually watch things quickly but I find it very slow.

It took me a long time to finish this drama. I did not hate it but I certainly did not love it. Spoiler Alert* I found the way Geum-ja treated Hee-Jae in the beginning reprehensible. She seduced him to steal information to win a case. Hee-jae was a nice guy so I could not excuse the way she treated him as just being competitive or breaking some rules for a good outcome. If he had been a jerk then maybe I could have gotten past that but he was nice and what she damaged his career. I also did not find the cases they were working on very interesting. Corporate intrigue is just not much my thing. Since I was not pulling for the romance between the leads, I was not super invested in them getting together. It was also very slow in some parts. If you are someone who really likes legal drama, particularly corporate law, or likes one of these actors a lot - you might find it worth the watch. In general I would say there are far better legal dramas to watch and I would pass this one over.
Read More",하이애나
34,"Best KD Drama so far
I started watching KD Dramas last year (Pandemic is to blame!) and have been watching pretty much non-stop (I have a lot to catch up on!!). Watched all Genres from Medical, Action, Historical, Zombie, School/Teenage, Coming of Age, Comedy, Melodrama... everything...
If there is one Drama that really stood out it's Hyena. I enjoyed this Drama so much! The female lead, you just gotta love her (especially the women will love her, not sure how she goes down with men), she is so tough, cool, clever and totally got it together. No simpering heroine in this drama that's for sure! The interactions between her and the male lead (he was in Kingdom... which was my first KD Drama!) was just brilliant. I loved the way they tried to outdo each other and his childish glee when he thought he got one over on her.
This is the first drama where I rewatched certain scenes over and over (gosh that one when he meets her in the courtroom as herself the first time... dang.. its just so good!! ).
Like all KD Dramas it was a bit drawn out at the end (it sometimes feels they have to have  Episodes in a Series even if the story has been told and there is just wrap up in the last episode) but apart from that this show was fab.


Read More",하이애나
35,"A breath of fresh air
While many might dislike female lead' characteristic, I have a soft spot for her.
Actually she is independent, clever, and practical. And I feel that she and male lead are a perfect match.
As for YHJ I love him (not in a romantical way) but because he is so damn attractive, his sexiness just ooze everytime I see him.
And I love the title of the drama, the scene when they leave the K&J law firm along with their gangs. Man that was some cool shiat.
All of the cast were great. I binged watch this in just  day on Netlflix. I like its pace, however the directing was a bit...The music it was so so feel like there could be more soundtracks to add flavor to some scenes. Baekhyun's voice was beautiful tho.
On the whole this drama is really worth the watch
I can watch it again and again because every character is enjoyable and interesting.



.
Read More",하이애나
36,"Delightful cast creates a wonderful viewing experience
Kim Hye Soo is stunning on screen, both visually and as an actress and I loved every bit of her turn as the driven Jung Geum Ja who has a somewhat selective but still very strong ethical morality about things and a unique way of accomplishing them. Yoon Hee Jae is the character you'd generally mark as the dashing and suave occasionally amoral male lead but who instead turns out to be a softer and a lot more fun interactive partner for Jung Geum Ja's complex and intense personality and isn't just a generic rich jerk with deeply hidden heart of gold you have to tolerate for % of the show, but is instead trying to find his own footing in life and with the woman he loves. I loved that there were multiple female characters interacting with each other, all with their own personalities so no one female character had to be the sole Strong one and it wasn't just a sausage fest. The plot was interesting but was more of a vehicle for the characters and I enjoyed it thoroughly.
Read More",하이애나
37,"Maybe the best law drama so far on how the drama plotting each scenes to make it more detailed and logical. The entire drama of  episodes should not be boring as it will get you into world class investigation that will make you thinking on how to solve it in every ways you could think. The romantic modes also included in the drama as to make it more funny and exciting. The ending not really bad actually, satisfied with what have been done after. In overall, its worth to watch it if you like the law drama as well. Thank you.
Was this review helpful to you? Yes No",하이애나
38,"at first prior to watching it, I expected it to be like any other normal lawyer dramas. and it is. but, the unique part of this drama especially in the first half is the rivalry between  different lawyers. like different different. the whole cases and how these two solves it is very interesting and does makes me focus to watch it. except for the fact that I was busy and that my passion for dramas left me at that time and I couldn’t finish it fast yet it was still fun everytime I watch it. the rivalry was really interesting i couldn't choose a side and ends up supporting both of them. chemistry? amazingg. there are lots of fun and funny events making the drama feels like it’s not too boring and heavy. there are parts where I was like uhh fasterrrr pleasee ~ but it was still bearable. their characters are very cute as well hihi love it :)

Read More",하이애나
39,"The female lead in this is not your normal fragile, lead you will find your self swearing at her. That Bi**ch, you will say. But you will understand her and you shall love her just like the male lead. She gets under people's skin. To be frank I would recommend this drama just because it is refreshing
When you are told you do not belong, simply insert yourself and fit in you shall. That is the lesson in this drama probably. The drama has a lot of other mottos so to say. Life is not fair, Justice is wielded by connections and the best lawyer. Everyone in this drama is greedy (Worry not this is not a Makjang). What can I gain from you was the qn in this drama. At some point, I stopped rooting for anybody and I just watched, users and usees


Meh!

Acting and 
The Female lead's vexing nature was on point, she said everything like she meant it. Probably the most convincing crazy lawyer I have ever seen. The male lead was brilliant as well, especially his character development.
As for the plot. It's odd to describe without spoilers but, let's just say you will not doze out of boredom
Read More",하이애나
40,"The cast are beautifully put together and I love how the women in this drama are strong, independent and don't sit back when they want something. They aren't just here because they look pleasing, even though they are indeed beautiful. I love the main leads' relationship. It can be immature and light, but as soon as the doors close, man can it get a bit hot. Their relationship reflects that of adults; mature, sexy, and most of all, equal. Strongly recommended.

AND SPOILER:

I melted at the end of episode . The way that the male lead told the female lead to use him as she pleases and the preceding make out? I was gushing because I know that they're probably be more of these in the future and they're actual kisses, not a peck on the lips or an ""Oops, I accidentally kissed you"" kind of thing). I'm so in love with how honest the male lead is about his feelings.
Read More",하이애나
41,"I must say that after watching six of the episodes, I am convinced that each episode ends with a clever twist or some miniature bombshell. I like that about this series. It is a bit upbeat and really does have a intense vibe. You can never really guess what’s going to happen. So if you’re into legal drama with a hint of relationships, you may like this one.
What I did not like about the series is really a personal preference thing. I honestly do not any show that is built on a foundation of lies. Although the series did not drag on with a major lie, I did not like that it started out somewhat deceitful. I know that the synopsis gave us a look into each person’s character but I really couldn’t get past the initial manipulation and how the female lead toyed with him for her own gain. I know I know it is a drama and a little surprise or shock and all is good but for me after that I could honestly no longer like the female lead and it didn’t get any better after  episodes.

I have watched many legal dramas in the past but this one I must admit is quite different from the rest. It’s not awful. I read many comments about their chemistry but episode  through  lacks it unless you consider insults as chemistry. I don’t think I’ll continue watching.
Read More",하이애나
42,"I have a new favorite actor in joo ji hoon. He is seriously attractive in this role haha! I love the characters, their acting and interaction! Each episode test their acting abilities to the max, never a dull moment. I thought episode  was very short but it was just me wanting more :).


Looking forward to more bickering, twists and most of all the momentary glimpses of tenderness. It is a balanced drama. So far, so goooood!
........................................................................................................................................
Read More",하이애나
43,"This is one of the best fast paced action packed dramas, with such a perfect cast. A lot of scenes made you hate them, and love them at the same time. Every cast member played a stunning role, and acted really amazing. The acting of the cast alone is enough to make you want to watch it again. The story line maintains a steady pace, with % shock value. None of the scenes leave major question marks, and overall the story line does a good job of maintaining the theme, as well as action, and romance scenes. An exciting drama to watch indeed, and amazing directing for sure. The music goes perfectly well, and adds a lot of excitement to the scenes, especially towards the end of the series.
Read More",하이애나
44,"Ths show has no heart. Lead has wide-ranging plot powers, diminishing any impact of the other characters, who are there to prop up the lead. To make things worse, there is the ""no morality"" gimmick, allowing the lead to shit all over the rest of the characters, justified by the ""no morality "" gimmick. The lead seems to be a sociopath, showing no compassion towards the other characters while demanding the viewers' sympathy for her own circumstances.
I understand that the writers were going for a 'grey area' approach, as opposed to most other kdramas, which are usually overly emotional, with strongly defined 'good and 'bad', but this effort comes across as misguided. Maybe they should read some more literature, before attempting something like this. It requires nuance and a delicate touch, which is usually not seen in korean tv shows.
Huge letdown, since there was potential but its completely squandered.
Read More",하이애나
45,"What is a strong woman ?
I started watching this drama because of JJH the male lead. The strong points ? The performances are quality, both leads being excellent actors. The pace of the drama and cinematography, as well as the fashion sense of both characters. Love it when women can switch it up from being tomboyish to extremely girly. Highly appreciated.

The bad ? Well I’m not gonna list everything. I’ll just talk about one thing : I started losing respect for the female lead the moment she did everything to lure an emotionally broken woman back into an abusive relationship, in the name of money and competition. My question now is, what is a strong woman ? A highly deceitful one, who lacks so much empathy that she’ll use fear to trap a fellow woman in the arms of a drunkard and addict, when said client has enough money to move abroad ? Or should we start with the fact that her love story with the male lead began with her completely manipulating him for data ? How would that be received had it been the other way around, and in the end the deceived girl STILL tried to figure it out and asked the guy « did you at least love me a little » ? And manipulative guy found himself everywhere deceived girl was ? Yeah I can hear it. Jerk. Loser. Crazy STALKER. Etc. But this Jung Eumja chick is a bad @zz right ? Not to me guys, not to me.

As pro-woman as I am, I can’t get over the fact that this show is not helping us. All I saw was a weak woman so desperate for recognition and money, that she had zero work ethics. Um, no. I’ll gladly pass this one.
Read More",하이애나
46,"No one to like
I can't finish this one cause I don't like either of the main leads. And not surprising because while they're on opposite ends of the social ladder they're equally rotten inside and I can't root for either to win.
The first episode was nice from the perspective of a magic show, but once the reveal was there and you figured out how it was done, subsequent episodes don't have the same suspense. In fact, we're bombarded with more rotten temperaments.
It's definitely novel for a KDrama, hence the  points, but novelty only gets you so far. For reference I gave up on this mid episode .
Read More",하이애나
47,"This is my st time writing a review, xD i signed up just for this xD Even i saw eps until now but here is my thoughts xD. (i watched the nd ep then the st one I was a confused until i rewatch xD ) i can't imagine any actress besides kim hye soo in this role, she is a badass like always XD she literally Killing it xD at first i thought oh! another boring law kdrama, rich guy, poor girl thing. but :v i found it different from other law dramas smart lawyers with crazy acting, i hope to see more comedy xD :) . ok so the plot is great the cast is great the image is masterpieces i love the colors... And the poster is stunning.. what i can say ? You won't regret watching it !!! :D
Read More",하이애나
