,reviews,title
0,"""You're not dead until you die""; an ode to death and demise.
""The fear of death follows from the fear of life. Someone who lives fully is prepared to die at any time."" The quote from Mark Twin might be too philosophical for some but it is equally meaningful. This also reminds me a quote from Harry Potter that says that death is like an adventure for the well-organised mind. On that context, death only ends a life, not the relationships, so knowing that you're gonna die soon is more hurtful when you think about the ones who'll be left behind.

Every single day of life is moving forward towards your death and the drama beautifully brings out the essence of one's life, no matter they're on the verge of death or have a long to live. Death might be an enemy for the living but embracing it with grace when there's a call for you to bid goodbye, is considered an act of wise, thereby making their lives meaningful.

Produced by KeyEast and broadcasted on JTBC, ""The One and Only"" is written by Moon Jung Min and directed by Oh Hyun Jong. The production had to halt filming thrice because of staff members testing covid positive at different times, but they could wrap up well despite the delay.

""The One and Only"" is a story about a woman in her late twenties getting admitted to a hospice for receiving care after being diagnosed with a terminal illnesses, having only few months to live. There, she shares the room with two other, with contrasting natures. Their lives get entangled with a contract serial killer who ends up falling for the first woman and the story is all about the investigative murder case, the individual lives of the three women and at their days at the hospice as they await death.

Pyo In Sook (Ahn Eun Ji) who has been brought up by her grandma, works as a scrubber and is mostly expressionless. At a young age she turns terminally ill and chooses to stay at a hospice. There she meets Kang Se Yeon (Kang Se Won), an ordinary housewife who has never lived for herself and Sung Mi Do (JOY), a social media influencer, deprived of love and a lonely young girl. All three on an usual day encounter Min Woo Chan (Kim Kyung Nam), a hitman, following which these  people get intertwined with a mysterious serial killing incident. All these people delivered amazing performances in their respective roles.

Yook Sung Ja (Go Doo Shim) and Pyo Kang Sun (Jang Hyun Sung) are experienced actors who played In Sook's Grandma and Father respectively. The Regional Investigation Unit comprises of team leader Hwang Ma Jin (Lee Bo Ryun), lieutenant Cho Shi Young (Do Sang Woo) and Detective Oh Jin Gyu (Jang In Sub). Gu Ji Pyo (Han Gyu Won) played Mido's boyfriend and LE group's hier.

Other familiar faces are So Hee Jung, Sung Byung Suk, Han Kyu Won, Ahn Chang Hwan, Choi Young Woo, Lee So Mi, Yoon Bora, Lee Hang Na and Joo In Young. The  child actress Seo Yoon Woo and Kim Soo Hyung were good too.

About plot development... I've mixed feelings about this and this is the only thing to complain about this drama. The overall story reminded me about ""You are my Spring"" and ""When the Camellia Blooms""; obviously the vibes are different but the overall story felt similar: a feel good romance with plenty of slice of life elements accompanied with a murder mystery plot. Well, the difference is that this drama indulges a coherent investigative plot, unlike the other two where there were lots of other things; the entire script works around one single murder leading to others. Personally, I loved the progression for most of the parts (-th); the introductory episodes were perfectly impressive, though it might take some time to get acquainted to the mood. The furtherance was nice.

The life at hospice of people awaiting death was a beautifully emotional journey. It also includes scenes of Insook halmieone and her povs as a family to someone who is fighting death, and I would give a plus point for that. About the investigation plot, it started off really really good but somewhere around th, they started dragging it which became plainly visible from the th episode. The murder mystery thingy didn't have any pothole but it could have been wrapped up very easily way before than the finale. And the rest of the drama could have been about the hospice and other beautiful elements that made the drama unique (just saying if the case was that they thought the script will have nothing interesting left bcs everything other than that were better, i loved them). It was stretched till the finale week to an extent and I can't ignore it.

Despite all that, I ended up loving the ending sequence. The drama wasn't supposed to be realistic to being with even though it's a slice of life genre for most of its parts, but there were few things I didn't like or thought could've been better not done. The ending was full of life, agony, misery and sadness; I found myself crying and choking multiple times. Even so the script ran out of substance, making the script draggy for a while, it was a matter of relief getting back to track in the finale week. The intended messages were perfectly delivered.

Oh Hyun Jong PD is quite experienced having some hugely acclaimed dramas im his resume and it was reflected in this drama as well. The pacing of the drama, in my opinion, was very apt; the drama is basically slice of life genre and warm pure romance and hence needed the pacing to be slow and steady. The screenplay management and execution is up to par. The cinematography with the pale hue and yellow pallettes were very beautiful.

Moon Jung Min PDnim is quite a rookie and has had  qualitatively flop scripts before this drama but I see a great jump in her skills here which made me satisfied. I can't say it's something great but judging from her previous dramas, she's improved more than expected. The screenwriting is incorporated with many essence of life, death and struggle for survival, making it very meaningful. The mystery thriller plot which is equally emphasized had a very good basic outline though the execution of it went a lil draggy, but I think it was not that bad, in fact manageable. The character dynamics are well painted with some potential of improvement for few like Min Woo Chan and Ko Ji Pyo, which I think could have been better. The narrative and messages the story wanted to deliver has been accomplished, totally!

Composed by Lee Joon Suk, the OST album has total  number of tracks all aptly suiting the mood and vibes of the drama. There was no need of extensive background editing, neither with OSTs nor with different scores; it was a wise choice. ""STAY"" by SLAY & Avin is my most favorite among all which is about possibilities in life. ""Happy Ending"" by Yangpa is a song with beautifully written lyrics about cessation of pain and beginning afresh. ""The One and Only"" by msftz and ""Your Name"" by JOY (ReVe) are other  tracks.

The pacing felt perfect to me given the narrative and method of storytelling. The flux of conversations and shift in moods were aesthetically pretty. The way the characters were learning to love what they were becoming, was a pleasurable treat. It wasn't exaggerated at least.

There are numerous povs (about ?) to look forward to. Although the story mostly revolves around the major characters as usual, the writer has tried to subsume perspectives of seemingly minor characters at parts of the story, thereby helping the viewers to relate on a larger range and understand their feelings in a deeper sense.

The trio friendship of Insook, Seyeon and Mido is another thing to anticipate about in the drama. They came from different backgrounds and had difference in their mindsets, yet the way they blended with each other and consolidated their friendship on a robust base, was an overwhelming watch.

The long conversations were my most favourite thing about this drama and let me tell you, you'd encounter that quite a lot in here. The simple yet very important topics discussed were heartening enough to jerk tears. The way the characters express their emotions was wholesomely gratifying.

The bucketful romance is surely satisfying if not something very new and has some cliché tropes. I am sure warm pure romance is not everyone's cup of tea but I wish people become fond of it. In Sook and Woo Chan as couples were both adorable and fierce; their chemistry was up to par though not very extensively portrayed, and I think it was intentional and also feel it was of appropriate amount.

Final Remarks... ""The One and Only"" is a drama of unique mood. It's hugely a story for those who are admirer of quiddity lf life, slow pacing, long conversations and warm romance. I absolutely loved it but given that I can't ignore the technical aspects I would have to reflect the shortcomings in my ratings too. I would definitely recommend you to give it a try.
Read More",한사람만
1,"Great acting meets somewhat weak writing
This show had a fantastic start. As I begun watching it I was certain it would be one of my favorites of the year, a certainty that slowly waned over time. Now it's solidified as a wonderful drama, I will probably never revisit again. The first half was really strong, but it was after the  episode mark, (when one of the supporting actors, who in my opinion shined brighter then all the others, left the show) when the writing became repetitive and boring. It was however rescued by a powerful ending that left me in tears.

The premise of the drama was what drew me to it. I was led to believe it was about terminally ill patiens who goes on a killing spree to rid the world of evil before they die. This is not quite what we got. Am I disappointed? Only slightly.
I personally love moral dilemmas, and watching dramas that make you question what's right and wrong. This one wasn't as morally grey as I'd hoped, but the wonderful acting and heartwarming story more than made up for it.

The strongest point this drama has going for it, is the representation of female friendship. It delivers it with lots of tears and laughter. The women of this drama carried it on their back since the beginning. Their ride or die friendship more than made up for some of the boring parts of this drama. I loved how with Seyeon and Mido's help, Insook found the will to live for the first time in her life. Not just survive. Too bad it happened on her death-bed.

If you are like me, and hate dramas where the police are bumbling idiot, leaving the main characters to deal with everything, then you won't be disappointed with this drama. The police are intelligent (aside from a select few), and work hard to sove the case. They were in my opinion a delight to watch (especially you Cho Shiyoung, I fucking love you). The sad trade-off is that the main characters lack a bit in the brains department. I blame Insook's brain-cancer. It messed a bit with her critical thinking skills.

The acting was what in my opinion made this show worth watching. Everyone was believable in their role, to the point I cried when they cried, and laughed when they laughed.

But I would like to finish of by giving special appreciation to Do Sangwoo who played Detective Cho Shiyoung. This is the first drama I've seen him in, and I've truly found another actor to look out for. For many of the episodes I found his scenes to be the most interesting, and I was sad to see him go a little more than halfway through.

All in all, a good enough drama that I'll recommend to everyone who likes this genre.
Read More",한사람만
2,"Make sure the viewing platform has a ""Skip Ahead"" feature
Part slice/end of life drama, part murder mystery thriller and part odd-couple bff comedy, “The One and Only” attempts to bridge multiple genres. Unfortunately, it is successful only in proving that a fairly strong cast with a skeleton of an intriguing scenario is no match for a tag team of inconsistent writing and awful directing. Whatever promise this production might have had in its first few episodes comes crashing down in an unrelenting avalanche of tediously circular story arcs and terrible production decisions.

Ahn Eun Jin is the main character, In Sook, a terminally ill young woman that scrapes by working in a sauna who lives with her grandmother after she’d been abandoned by her father. Red Velvet’s Joy is Mi Do, a social media influencer with lung cancer and little to count on as far as friends and family go. Kang Ye Won is Se Yeon, another terminally ill woman who is a housewife who is left with caring for her mother-in-law with her questionable mental state.

The marketing for “The One and Only” gave the impression that the friendship between these three was the focus of the show. Perhaps the title should have given it away, however, as it is firstly a show focusing on In Sook’s discovery of her first love, Kim Kyung Nam’s Woo Cheon. As far as romances go, it’s lackluster at best. There’s little question that the two are going to wind up with each other. Once they are together, the two on screen alternate between rehashing typical drama fare or doing nothing much at all. What makes this even more dreadful is that In Sook’s most entertaining moments are when she is unleashing a lifetime of pent-up bitterness on whoever happens to appear before her at the wrong time. That this is her peak belies how unsatisfying In Sook is as a lead character. But once the relationship between In Sook and Woo Cheon takes hold, her anger is defanged and essentially so is she.

For Woo Cheon, he is initially best described as a Korean version of Jean Reno’s reclusive assassin from “Leon: The Professional”. He’s a misfit. He has only a single friend who feeds him his jobs. He likes dogs. But as the show progresses and he awakens, he only becomes more withdrawn but now with In Sook. So rather than opening up emotionally, he becomes more akin to Marvin the depressed robot from “Hitchhiker’s Guide to the Galaxy”. It’s as if the director was constantly yelling at him “LESS PERSONALITY! NO INFLECTION! NO EXPRESSION!” And this is the character with the second most prominent role [eyeroll].

Somehow, the crew finds an even less likable character for the cast member with the third most amount of time on screen - Go Doo Shim’s Seong Ja, In Sook’s grandmother. While the cranky and colorful grandmother is a stock character, most have some charm and warmth as part of the role. Here, sadly, it’s all obnoxious and annoying and irrational. Why the relationship between In Sook and her grandmother is so prominently featured when it’s unnecessary narratively is massively confounding.

As for the remainder of the roster of characters, it’s a mixed bag. Joy’s Mi Do is the figure who ultimately is the most intriguing as she faces a legitimate dilemma. Joy as an actress is not on the same level as an entertainer as she is a singer and dancer. She’s fine though and probably would have done better if the script hadn’t essentially skipped over when she finally confronts her dilemma. Instead, the plot shows an ample collection of evidence of why she must make a decision and then teleports to what happens after she’s elected which path to take.

Se Yeon is listed as a main character but is probably, at best, the tenth most relevant character. Like Mi Do, she has an intriguing subplot and it gets a bit of run in the middle episodes of the show, but it gets only perfunctory screen time after a certain point. There’s some more simply bizarre editorial decisions that are made with Se Yeon, but no discussion of them is possible without explicit spoilers. But it’s bad. Really bad.

Lee Bong Ryun is a police team leader that is a badly needed bright spot. It’s not a dynamic role, but she’s a solid casting selection and it’s not a typical police detective. Yoon Bora is a ray of sunshine as a nun at the hospice which is the primary location. She eventually takes a shine to Jang In Sub’s mixed bag of a detective. Kim Soo Young plays the daughter of another hospice patient and shows immense potential as an actor. Someone should make a show simply where she can play a younger version of Park So Dam with whom she bears an incredible resemblance.

There’s a bit of success with the OST but it’s not a prominent feature here. The photography has some nice outdoor shots.

That’s the comprehensive list of positive qualities in the two prior paragraphs. As for negatives, in addition to what’s already listed here, there’s…
-some terrible editing
-Han Gyu Won is brutally over his head in trying to play chaebol heir and Mi Do’s boyfriend Ji Pyo
-the lead investigator and relatively strong character is written off and vanishes
-a character is declared dead but turns out not to be and no adequate explanation is given
-Woo Cheon’s dog, a gorgeous animal, appears early on and then never again. Meanwhile, Woo Cheon is supposed to be an animal lover but seems to have nary a care at all about what has happened with his once beloved man’s best friend
-Great pains are given to demonstrate that In Sook has a severe loss of hearing in the first few episodes. Like Woo Cheon’s dog, it ceases to exist for no apparent reason.
-other than the mother of Kim Soo Young’s character, none of the residents of the hospice seem to have any ailments at all, at least if one were to view their outward appearance.
-Jang Hyun Sung plays In Sook’s father for the sole purpose of to show up every so often in a bout of planet-sized self-pity and to advance the storyline not a single iota.

It’s really a travesty because Ahn Eun Jin is an actor with every necessary quality in copious amounts to be the centerpiece of a blockbuster hit show. Hopefully this quagmire of awfulness won’t preclude that possibility in the future.

Not recommended.
Read More",한사람만
3,"Loved the Concept, Kind of Poor Execution
, ""The One and Only"" was a good drama! I think the crime portion made a mess of the show in the later half which is unfortunate but it was good and I'm glad I watched it :)

- It's about  terminally ill women moving to a hospice where they get entangled in a murder case and a hitman. I understand why the writer added something else because a drama about people dying is depressing (the show is sad but also has lighter moments. It has a balance of some sort, hard to explain), but the crime took over which I didn't find the greatest. It overtook all of the personal stories of the hospice patients and the bond between the  mains. I wish less time would have been spent on the crime and more on the personal stories. The crime case was dragged out and became repetitive so it didn't need the amount of screen time it had. Episodes - felt like fillers so it slowed the story down as well. Finally, I also thought In Sook and Woo Cheon's moments became repetitive but they were still endearing <

- Everyone did a really great job!! The show stopper for me was definitely Ahn Eun Jin, she was amazinggggg!!! I will say I wasn't a fan of Mi Do but I think that didn't have much to do with Joy, more the way the character was written. It's a shame because she had a much deeper story that wasn't really given enough time.

- It was good, nothing in particular stood out but it fit the show :)

- I don't rewatch shows but if I did I wouldn't rewatch this one. It was good but it's more of a one time watch.

I'm sad the show didn't have good ratings because it wasn't bad at all! I would recommend trying if you're looking for a sad show or love Ahn Eun Jin!
Read More",한사람만
4,"Tissues Needed At The End
I knew going in that this would be sad, and I was right. The last  episodes were especially sad. The story takes place in a Hospice, so you should know what to expect from that. It is especially hard to watch when you’ve had someone close to you die. It kind of brings back those feelings, of what it feels like when they are just a memory. The plot and acting were excellent, with a good sprinkle of revenge thrown in. Basic story was about  lost souls that found each other and fell in love. This changed them in ways that they didn’t expect. It had a lot of unexpected twists to it, and a good mixture of friendship, uplifting events, sad events, love, revenge, murder, family devotion, family regret, etc. It had pretty much everything. If you don’t like sad heart wrenching dramas, don’t watch it. There are plenty of others to choose from.
Read More",한사람만
5,"This drama breaks my heart and i love that.
Don't be fooled by the low ratings of this drama. It has a really original, quality script. I think it is the first lead role of the actor and actress, but both lead roles played very well. This drama really hurts my heart. Yes, it is a drama that literally breaks my heart. You know the ending won't be happy, but you can't leave it either. All I want is for them to make each other feel love for at least this short time.

I watched Ahn Eun Jin on Hospital Playlist and she is an actress that I really like. She really does its job well. I think she has proven that with this drama. It's my first time watching Kim Kyung Nam in the lead role and I loved it. His eyes, his gaze... Really impressive. Even watching his character makes me want to cry. It was the first time I saw Joy in the lead role. Many people criticized her acting, but I think she acted very well in this role. The drama is beautiful with everything. If you are undecided, start now.
Read More",한사람만
6,"A sauna scrubber with brain cancer, an influencer with lung cancer and a middle aged housewife with another type of cancer that I cannot recall right now all walk into a bar…. er.. hospice… Let’s be honest, on a good day I wouldn’t have willingly watched a drama that I know would make me sad, umm but I haven’t been having good days. The best way to describe this drama would be to say that it was a slippery slope to sadness, but in the end the morals is what stood out the most.

This drama is a shit show when it comes to actual plot and development. I struggled to get through the last five episodes or so because well, I did not give two shits about this murder mystery. In actuality, I am quite pissed because it wasn’t what I was promised. How much cooler would the story of three serial killers be verses this whole whodunit nonsense that very clearly points to who did it. I have always had a hard time with dramas that show how much power and money influences the ability to have justice get its proper diligence especially when this is not what I went into it to see. All that aside, what this drama strived with is showing the dynamics of a friendship forged over a circumstance. The best part of this show was when it focused on the hospice and their life stories. I didn’t enjoy the writing in terms of plot, but I LOVE LOVE the truisms and dialogue in this drama surrounding life and death.

Our trio of women were a sight to behold. Ahn Eun Jin, the woman you are. The ACTRESS you are! Pyo In Sook was certainly my favorite character of the brunch with a character development that was lovely to watch. I immediately enjoyed her from the very first frame of her in the sauna down to the last one. She was the type of character that even when she was doing something foolish, you knew it was not because of her selfishness. On the opposite spectrum, we had Mi Do played by Red Velvet’s Joy, who was a lot harder to root for consistently. There were deep deep moments of annoyance and frustration, but at her core, you saw the broken girl who didn’t love herself and was afraid to be alone. To my gay queen, Se Yeon, I just wanna hold you. I felt for her almost all this show. I also enjoyed our male lead because he is a puppy and I really don’t care that he killed people. Sorry to you all.

Speaking of Woo Cheon, I LOVED THEIR LOVE STORY. I am sorry it really was so beautiful. This is what I want from a drama that has heavy romance and has the romance as the foundation for the shenanigans. I want to be rooting for these characters and their happiness. For the first time in a long time, I didn’t find the childhood love connection to be a bit much. I truly believed in this love story which is a testament to the actors chemistry because even though it wasn’t jumping off your screen and in your face chemistry, it was so sweet and held the reverence of a first love that I was in it. ALL THE WAY IN IT.

, the good outweighs the bad with this story all things considered. There are a bunch of glaring plot holes, but if I view this drama as just a story about finding yourself, friendships and love while navigating terminal illness then it leaves me feeling better. Very low rewatch value on this one.
Read More",한사람만
7,"""I am an Seong Mi Do, the Influencer!"" What? ""Influenza"" !!!
It has been a long time since I truly enjoyed the pilot episode. I absolutely loved the first episode of The One and Only.

It is indeed not a washed up plot. Also it felt new, raw and broken at the same time. It does not give you introduction of its characters and pushes you right away in the middle of a story, where its characters are already at the end of their lives, even though it just beginning of their story.

I could not find a single filler scene in first episode, may be because it is the first episode, but I highly doubt it is going be any less than its first episode in quality. The tone, the setting and and the pain of its characters is a reflection of what is heading towards the rest of the story.

I am a fan of AEJ, I have liked her since I first saw her. even though she in the industry for over  years, but not until  she truly entered television medium. She is a theater actress and on that a musical one, so you can guess her range of emotions and ability to showcase a huge spectrum of roles and characters - she is not only a versatile actress but possesses an ability to channel her emotions through her characters to a great length to give them life. She did not disappoint here as well. A job well done, not less, no more, hits you hard sometime. What I had expected, she delivered and I am very very much satisfied. I have no doubt in Kim Kyung Nam that he wouldn't do justice to his character. After watching the episodes, I was right, he is too on a path to glory of his capability of doing something different. I hope this series brings him a good fortune.

I am so loving the other characters, and can't wait how ravel stories will be unraveled and how people of Ahumiti will come to heal each other before exiting this life. I never thought Pyo In Sook first day would be this eventful, and she would have soulmates so early on. But I guess they don't have time to know each other to gel well, jumping right into it is the only solution and I like that, sometimes introduction and pace is not important.

Her grandmother scenes are heartbreaking, why always it is like that when parents are shitty, it is grandma that has to take responsibility for their child crimes. This show is going to show a lot of blood boiling stories, but at the same will show how the people at the center of those stories living their last.

The trio and the one, is going to come together to heal each other and in the middle of dying a desire of living will take place. I just hope they stick to the story, and what shouldn't happen, must not happen. Otherwise the story will lose its meaning.

I fell in love with this series, I am sure you will too. Give it a chance, it is going to be roller coaster ride of tears and happiness, of course marinated with death.
Read More",한사람만
